candidate_id,requisition_id,first_name,last_name,experience_years,status
CAND00001,REQ02164,Susan,Price,3.5,Rejected
CAND00002,REQ11185,Donald,Brown,0.1,Interviewing
CAND00003,REQ20685,Jennifer,Moore,2.4,Rejected
CAND00004,REQ19417,Jason,Hayden,9.4,Rejected
CAND00005,REQ24404,Dana,Ingram,2.4,Rejected
CAND00006,REQ03176,Hannah,Williams,0.2,Rejected
CAND00007,REQ02973,Alan,Perez,19.6,Rejected
CAND00008,REQ19498,Felicia,Griffin,17.8,Rejected
CAND00009,REQ05231,Renee,Wright,14.6,Rejected
CAND00010,REQ02751,Jonathan,Riley,12.6,Rejected
CAND00011,REQ17975,John,Payne,15.4,Rejected
CAND00012,REQ17728,Tammy,Mcmahon,14.9,Rejected
CAND00013,REQ06894,Kyle,Smith,17.6,Rejected
CAND00014,REQ07469,Janice,Morse,7.9,Rejected
CAND00015,REQ07541,Amanda,Rocha,11.0,Rejected
CAND00016,REQ22814,Megan,Cooper,1.7,Rejected
CAND00017,REQ01084,Alexis,Brown,14.4,Rejected
CAND00018,REQ15176,Melissa,Arroyo,19.5,Rejected
CAND00019,REQ24379,Sharon,Brewer,13.9,Rejected
CAND00020,REQ13816,Bethany,Cunningham,12.5,Rejected
CAND00021,REQ11881,James,Hall,11.9,Hired
CAND00022,REQ24223,Karen,Kirby,2.3,Rejected
CAND00023,REQ00701,Brett,Morgan,9.8,Rejected
CAND00024,REQ11453,Karen,Johnston,14.6,Rejected
CAND00025,REQ05864,Molly,Pugh,4.8,Hired
CAND00026,REQ13390,Whitney,Wilkinson,0.3,Rejected
CAND00027,REQ14923,Jasmin,Williamson,8.4,Rejected
CAND00028,REQ20995,Amanda,Rodriguez,0.2,Rejected
CAND00029,REQ19602,Jessica,Stevens,5.2,Rejected
CAND00030,REQ08372,Amanda,Riddle,6.8,Rejected
CAND00031,REQ14332,Michael,Perez,3.3,Rejected
CAND00032,REQ14563,John,Brown,12.8,Rejected
CAND00033,REQ21853,Benjamin,Miller,5.8,Rejected
CAND00034,REQ11303,Jennifer,Johnson,12.6,Interviewing
CAND00035,REQ14366,Sabrina,Jackson,5.7,Hired
CAND00036,REQ04943,Marisa,Mccormick,2.6,Rejected
CAND00037,REQ16315,Lisa,Kent,19.9,Rejected
CAND00038,REQ14658,Carmen,Cohen,0.7,Rejected
CAND00039,REQ01967,Pedro,Nunez,18.5,Rejected
CAND00040,REQ15749,Aaron,Sellers,8.7,Rejected
CAND00041,REQ04845,Andrea,Perez,8.7,Rejected
CAND00042,REQ17014,Jason,Jones,9.1,Interviewing
CAND00043,REQ22594,Veronica,Martinez,1.6,Rejected
CAND00044,REQ04705,Debra,Vaughn,15.7,Rejected
CAND00045,REQ20767,Bradley,Martin,9.2,Interviewing
CAND00046,REQ11770,Matthew,Gillespie,8.0,Rejected
CAND00047,REQ18511,Michael,Reynolds,9.9,Interviewing
CAND00048,REQ13062,Nicholas,Gonzalez,1.0,Rejected
CAND00049,REQ20066,Charles,May,15.0,Rejected
CAND00050,REQ04114,William,Johnson,13.6,Rejected
CAND00051,REQ13939,Paul,Miller,10.1,Rejected
CAND00052,REQ18325,Jenna,Lee,3.2,Rejected
CAND00053,REQ09394,Beth,Hayes,9.1,Rejected
CAND00054,REQ09453,Patrick,Lopez,13.8,Rejected
CAND00055,REQ12083,Kelly,Salas,14.3,Offer Extended
CAND00056,REQ17918,Melanie,Lucas,3.2,Rejected
CAND00057,REQ19053,Charles,Atkinson,15.7,Rejected
CAND00058,REQ04739,Christina,Edwards,16.9,Hired
CAND00059,REQ17904,Justin,Hernandez,16.7,Rejected
CAND00060,REQ16385,Theresa,Burnett,4.1,Rejected
CAND00061,REQ09032,Kathleen,Chandler,2.9,Rejected
CAND00062,REQ01603,Ashley,Taylor,2.8,Interviewing
CAND00063,REQ05038,Kenneth,Turner,16.8,Rejected
CAND00064,REQ16820,Jonathon,Hall,0.7,Rejected
CAND00065,REQ24954,Frank,Johnson,2.5,Interviewing
CAND00066,REQ12661,Andrew,Summers,14.5,Rejected
CAND00067,REQ13054,Paige,Lewis,6.6,Rejected
CAND00068,REQ04295,Stephanie,Lambert,6.1,Rejected
CAND00069,REQ20217,Nicholas,Jackson,12.3,Rejected
CAND00070,REQ14345,Anthony,Miller,7.0,Rejected
CAND00071,REQ22846,Tammy,Turner,11.4,Rejected
CAND00072,REQ11321,Brent,Lowe,6.3,Hired
CAND00073,REQ19478,Ana,Phillips,17.5,Rejected
CAND00074,REQ05335,Susan,Heath,9.0,Rejected
CAND00075,REQ20294,Kathryn,Miles,16.7,Rejected
CAND00076,REQ03900,Susan,Sanders,1.2,Rejected
CAND00077,REQ19842,Brenda,Pierce,5.9,Rejected
CAND00078,REQ00622,Kaitlyn,Smith,15.4,Rejected
CAND00079,REQ19746,Thomas,West,12.6,Rejected
CAND00080,REQ19039,Elizabeth,Hanson,15.6,Rejected
CAND00081,REQ15623,Linda,Green,4.8,Hired
CAND00082,REQ01864,Jacqueline,Walker,9.1,Rejected
CAND00083,REQ06108,Robert,Gonzalez,14.6,Rejected
CAND00084,REQ18227,Natasha,Perry,5.9,Rejected
CAND00085,REQ19471,Brandon,Mayo,19.2,Hired
CAND00086,REQ14950,Emily,Peterson,3.4,Rejected
CAND00087,REQ06172,Tanya,Vincent,12.5,Rejected
CAND00088,REQ08400,Jennifer,Underwood,3.0,Rejected
CAND00089,REQ23273,Franklin,Ortiz,18.7,Rejected
CAND00090,REQ23105,Jonathan,Bryant,6.7,Rejected
CAND00091,REQ01116,Angela,Anderson,18.5,Rejected
CAND00092,REQ15077,Charles,Rose,1.4,Rejected
CAND00093,REQ08379,John,Martinez,10.0,Hired
CAND00094,REQ01815,Christina,Stewart,15.2,Hired
CAND00095,REQ02624,Christina,Murillo,15.8,Rejected
CAND00096,REQ12457,Michael,Ortiz,8.5,Hired
CAND00097,REQ07169,Adam,Gomez,5.7,Rejected
CAND00098,REQ17789,Diane,Martinez,16.4,Interviewing
CAND00099,REQ16688,Mark,Jenkins,5.9,Offer Extended
CAND00100,REQ24789,Melissa,Morales,16.6,Rejected
CAND00101,REQ06901,Joshua,Briggs,16.0,Rejected
CAND00102,REQ13208,Dawn,Johnson,11.0,Interviewing
CAND00103,REQ08708,Robert,Marsh,16.3,Rejected
CAND00104,REQ07268,David,Johnson,18.8,Offer Extended
CAND00105,REQ02694,Brittany,Thomas,4.0,Rejected
CAND00106,REQ09636,Christopher,Smith,17.3,Rejected
CAND00107,REQ06568,Haley,Rice,7.3,Rejected
CAND00108,REQ01521,Brenda,Arellano,15.3,Interviewing
CAND00109,REQ07076,Monique,Alexander,7.4,Rejected
CAND00110,REQ11944,Christopher,Hunt,14.7,Rejected
CAND00111,REQ20555,Heather,Keller,14.4,Interviewing
CAND00112,REQ00814,Heather,Cooper,6.6,Hired
CAND00113,REQ00369,Robert,Ritter,9.2,Rejected
CAND00114,REQ21612,Jenna,Perez,18.4,Rejected
CAND00115,REQ21295,Lisa,Torres,17.2,Rejected
CAND00116,REQ21028,Veronica,Lopez,1.9,Hired
CAND00117,REQ18981,Ashlee,Schmidt,9.9,Interviewing
CAND00118,REQ07801,Jennifer,Rodriguez,15.3,Rejected
CAND00119,REQ08754,Susan,Cook,18.9,Offer Extended
CAND00120,REQ16284,Samantha,Jackson,17.1,Rejected
CAND00121,REQ04675,Matthew,Johnson,5.7,Interviewing
CAND00122,REQ05284,Travis,Robinson,18.2,Hired
CAND00123,REQ00565,Calvin,Buck,1.1,Hired
CAND00124,REQ23850,Nathan,Herrera,14.8,Rejected
CAND00125,REQ16603,Ann,Diaz,5.7,Rejected
CAND00126,REQ03293,Billy,Ellis,6.2,Rejected
CAND00127,REQ19493,Anthony,Hayes,10.6,Interviewing
CAND00128,REQ05865,Jay,Barry,11.1,Rejected
CAND00129,REQ00090,David,Tucker,19.6,Rejected
CAND00130,REQ20771,Brandon,Butler,19.4,Rejected
CAND00131,REQ08895,Cody,Simpson,19.1,Rejected
CAND00132,REQ19654,Lorraine,Murphy,9.1,Hired
CAND00133,REQ18185,Jacob,Bright,0.7,Rejected
CAND00134,REQ15323,Brittany,Lawson,0.9,Rejected
CAND00135,REQ15143,Bradley,Sims,14.7,Rejected
CAND00136,REQ18832,Crystal,Robinson,8.3,Rejected
CAND00137,REQ17860,James,Clark,13.3,Rejected
CAND00138,REQ21409,Craig,Cline,3.8,Rejected
CAND00139,REQ20429,Sarah,Davis,11.1,Offer Extended
CAND00140,REQ07956,Anita,Terry,3.4,Hired
CAND00141,REQ23307,Michael,Yu,7.0,Rejected
CAND00142,REQ02071,Anthony,Gonzalez,8.9,Rejected
CAND00143,REQ17353,Pamela,Valencia,12.2,Rejected
CAND00144,REQ07422,Jeffrey,Bentley,6.0,Rejected
CAND00145,REQ02449,Holly,Martinez,3.7,Rejected
CAND00146,REQ01656,Kim,Davidson,18.7,Rejected
CAND00147,REQ17009,Dawn,Durham,19.6,Hired
CAND00148,REQ17149,Amy,Barron,1.2,Rejected
CAND00149,REQ11565,Richard,Taylor,17.8,Rejected
CAND00150,REQ02462,Janice,Wood,12.2,Rejected
CAND00151,REQ11433,Melody,Hernandez,9.3,Rejected
CAND00152,REQ03591,Mary,Moore,11.0,Hired
CAND00153,REQ00651,Holly,Hill,1.1,Interviewing
CAND00154,REQ08708,Brianna,Wilson,0.7,Interviewing
CAND00155,REQ15880,Helen,Mcdonald,15.3,Rejected
CAND00156,REQ06534,Wendy,Johnson,7.6,Hired
CAND00157,REQ21737,Erica,Williams,13.4,Rejected
CAND00158,REQ18631,Cristian,Campbell,11.6,Rejected
CAND00159,REQ23480,Shannon,Meyer,10.2,Rejected
CAND00160,REQ11340,David,Gay,15.3,Rejected
CAND00161,REQ19268,Brandon,Phillips,18.9,Rejected
CAND00162,REQ06556,William,Solomon,14.8,Rejected
CAND00163,REQ15162,Kathy,Daniels,3.1,Offer Extended
CAND00164,REQ04839,Matthew,Anderson,17.4,Hired
CAND00165,REQ05903,Kimberly,Snow,8.4,Rejected
CAND00166,REQ22447,William,Robinson,5.2,Rejected
CAND00167,REQ21501,Nicole,Hendrix,13.5,Hired
CAND00168,REQ10588,Lauren,Smith,0.4,Rejected
CAND00169,REQ08891,Angela,Green,15.0,Rejected
CAND00170,REQ07321,Dawn,Brown,0.1,Interviewing
CAND00171,REQ00969,Evan,Schultz,18.3,Hired
CAND00172,REQ11223,John,Hines,0.5,Rejected
CAND00173,REQ22843,Paul,Goodman,4.5,Hired
CAND00174,REQ03151,John,Farley,19.4,Hired
CAND00175,REQ11204,Tammy,Griffin,4.6,Hired
CAND00176,REQ17742,Tracy,Patterson,12.2,Rejected
CAND00177,REQ20395,Jamie,Graham,9.1,Rejected
CAND00178,REQ07032,Jeffrey,Cooke,19.2,Rejected
CAND00179,REQ07333,Sherri,Dixon,7.3,Rejected
CAND00180,REQ05318,Lauren,English,15.5,Interviewing
CAND00181,REQ05888,Autumn,Foster,17.8,Interviewing
CAND00182,REQ03870,Jessica,Pierce,17.9,Interviewing
CAND00183,REQ16773,Sharon,Blankenship,5.0,Offer Extended
CAND00184,REQ20953,Shaun,Mitchell,2.9,Interviewing
CAND00185,REQ17007,Heather,Johnson,4.2,Rejected
CAND00186,REQ22390,Kenneth,Christian,17.0,Offer Extended
CAND00187,REQ10882,Katherine,Martinez,4.7,Rejected
CAND00188,REQ08023,Jasmine,Hoffman,9.6,Hired
CAND00189,REQ01806,Amy,Jones,19.5,Rejected
CAND00190,REQ08771,Debra,Ho,14.5,Rejected
CAND00191,REQ18428,Tammy,Joseph,4.3,Rejected
CAND00192,REQ04182,Vickie,Sanchez,4.3,Rejected
CAND00193,REQ12509,Nicholas,Brown,0.8,Rejected
CAND00194,REQ11165,Lisa,Richardson,11.6,Rejected
CAND00195,REQ23999,Ryan,Fernandez,4.6,Rejected
CAND00196,REQ04376,Emily,Wyatt,0.9,Rejected
CAND00197,REQ10187,Susan,Martin,0.2,Rejected
CAND00198,REQ17391,Kevin,Gallagher,1.5,Rejected
CAND00199,REQ23387,Fred,Singleton,3.1,Hired
CAND00200,REQ14626,Raymond,Dorsey,19.4,Rejected
CAND00201,REQ24652,Glenn,Owens,1.7,Rejected
CAND00202,REQ05601,Shannon,Baker,9.3,Rejected
CAND00203,REQ11674,Isaac,Ellis,14.7,Rejected
CAND00204,REQ11603,Peter,Schultz,11.8,Offer Extended
CAND00205,REQ00425,Anne,French,6.8,Offer Extended
CAND00206,REQ22479,Tiffany,Fuller,17.9,Rejected
CAND00207,REQ12211,Cassidy,Schmidt,13.4,Interviewing
CAND00208,REQ14303,Elizabeth,Ramirez,18.8,Rejected
CAND00209,REQ10047,Tricia,Wagner,4.3,Offer Extended
CAND00210,REQ00758,Joan,Carlson,2.2,Rejected
CAND00211,REQ10008,Joshua,Moore,7.0,Rejected
CAND00212,REQ11183,Andrea,Delacruz,15.6,Rejected
CAND00213,REQ19486,David,Hess,6.6,Rejected
CAND00214,REQ18755,Tonya,Hudson,18.9,Rejected
CAND00215,REQ18059,Suzanne,Powers,15.6,Interviewing
CAND00216,REQ06348,Brian,Bryant,2.2,Rejected
CAND00217,REQ00236,Marcus,Douglas,17.8,Rejected
CAND00218,REQ17139,Charles,Lucas,16.5,Rejected
CAND00219,REQ05448,Suzanne,Medina,10.5,Rejected
CAND00220,REQ06082,Alexander,Beasley,14.1,Rejected
CAND00221,REQ18712,Frank,Freeman,14.8,Rejected
CAND00222,REQ12855,Jenna,Palmer,2.8,Rejected
CAND00223,REQ18301,Sheri,Gomez,7.0,Rejected
CAND00224,REQ17040,Christopher,Roberts,2.7,Rejected
CAND00225,REQ02571,Christina,Alvarado,0.5,Rejected
CAND00226,REQ00703,Kimberly,King,2.1,Rejected
CAND00227,REQ16992,Paula,Andrade,8.1,Rejected
CAND00228,REQ00917,Monica,Brennan,6.0,Interviewing
CAND00229,REQ18567,Hannah,Johnson,17.8,Rejected
CAND00230,REQ21431,Timothy,Russo,16.4,Hired
CAND00231,REQ04637,Shelia,Graham,13.1,Rejected
CAND00232,REQ08923,Robert,Johnson,16.6,Hired
CAND00233,REQ07663,Anthony,Wise,13.4,Rejected
CAND00234,REQ02959,Sean,Mosley,3.7,Interviewing
CAND00235,REQ10075,Nicholas,Schwartz,6.3,Interviewing
CAND00236,REQ14184,Jennifer,Myers,14.5,Rejected
CAND00237,REQ00887,Kristen,White,2.6,Rejected
CAND00238,REQ18437,Sandra,Peters,12.5,Rejected
CAND00239,REQ23343,Michelle,Morris,14.4,Rejected
CAND00240,REQ24823,Penny,Dixon,13.2,Interviewing
CAND00241,REQ16375,Robert,Armstrong,10.6,Rejected
CAND00242,REQ01005,Brian,Brown,7.6,Interviewing
CAND00243,REQ19760,Ashley,Clayton,16.6,Rejected
CAND00244,REQ09536,Gina,Rivas,19.7,Interviewing
CAND00245,REQ12392,Ann,Thomas,9.6,Rejected
CAND00246,REQ24767,Vanessa,Reid,12.8,Rejected
CAND00247,REQ19889,Jennifer,Price,19.9,Rejected
CAND00248,REQ01529,Nicholas,Smith,7.0,Rejected
CAND00249,REQ14653,Steven,Hebert,13.1,Rejected
CAND00250,REQ00442,Jessica,Lindsey,9.0,Rejected
CAND00251,REQ00779,Crystal,Bradley,2.0,Rejected
CAND00252,REQ05866,Colleen,Marquez,19.4,Interviewing
CAND00253,REQ20601,Chelsea,Pham,4.8,Rejected
CAND00254,REQ01580,Hector,Warren,19.8,Rejected
CAND00255,REQ20994,Kathleen,Carroll,9.2,Rejected
CAND00256,REQ03892,Shaun,Cochran,17.7,Rejected
CAND00257,REQ03613,Jose,White,19.5,Rejected
CAND00258,REQ11674,Johnny,Green,12.6,Rejected
CAND00259,REQ22998,Theresa,Middleton,13.0,Rejected
CAND00260,REQ19655,Michael,Conley,2.3,Rejected
CAND00261,REQ08132,Bryan,Myers,6.1,Rejected
CAND00262,REQ17546,Tonya,Sullivan,0.7,Interviewing
CAND00263,REQ04720,Marie,Rice,10.6,Rejected
CAND00264,REQ16026,Ricky,Roberts,19.9,Rejected
CAND00265,REQ19289,Luke,Foley,15.8,Rejected
CAND00266,REQ05466,Angie,Chung,2.3,Interviewing
CAND00267,REQ08930,Elizabeth,Jones,14.1,Hired
CAND00268,REQ01783,Antonio,Buchanan,14.5,Rejected
CAND00269,REQ07377,Jeff,Turner,6.6,Rejected
CAND00270,REQ10918,Sandra,Gibson,16.7,Interviewing
CAND00271,REQ11133,Regina,Ellis,12.0,Rejected
CAND00272,REQ01397,Amy,Pena,13.3,Rejected
CAND00273,REQ04670,Jennifer,Allen,14.7,Interviewing
CAND00274,REQ23797,Rebecca,Smith,6.6,Rejected
CAND00275,REQ01610,Mary,Garcia,8.1,Rejected
CAND00276,REQ01536,Eric,Brown,18.8,Rejected
CAND00277,REQ19323,Jason,Rice,15.2,Rejected
CAND00278,REQ14023,Kelly,Beasley,13.1,Hired
CAND00279,REQ11525,Hannah,Flores,0.5,Interviewing
CAND00280,REQ08681,Patrick,Harvey,15.9,Rejected
CAND00281,REQ19994,Jon,Chavez,1.7,Interviewing
CAND00282,REQ17743,Olivia,Turner,12.1,Rejected
CAND00283,REQ09647,Richard,Nixon,2.5,Rejected
CAND00284,REQ02652,Jennifer,Moon,14.9,Interviewing
CAND00285,REQ20065,Arthur,Taylor,1.2,Hired
CAND00286,REQ07508,Erin,Phillips,15.4,Offer Extended
CAND00287,REQ22802,Michael,White,6.5,Rejected
CAND00288,REQ21656,John,Morrison,7.3,Hired
CAND00289,REQ03724,Cindy,Bates,2.8,Rejected
CAND00290,REQ13964,Amanda,Davis,4.4,Rejected
CAND00291,REQ16170,Kara,Suarez,17.9,Interviewing
CAND00292,REQ04382,Christy,Anthony,13.9,Rejected
CAND00293,REQ18697,Paul,Stone,17.8,Hired
CAND00294,REQ22037,Todd,Phillips,4.5,Rejected
CAND00295,REQ05313,Holly,Ford,8.6,Rejected
CAND00296,REQ23195,Don,Johnson,5.0,Offer Extended
CAND00297,REQ11964,Jenny,Ross,12.2,Rejected
CAND00298,REQ14314,Timothy,Liu,5.7,Hired
CAND00299,REQ16121,Jason,Gillespie,0.6,Rejected
CAND00300,REQ22002,Matthew,Stevens,6.5,Rejected
CAND00301,REQ19349,Crystal,Gaines,18.4,Rejected
CAND00302,REQ12748,Heather,Banks,16.2,Rejected
CAND00303,REQ04159,William,Washington,16.3,Offer Extended
CAND00304,REQ23954,Angelica,Gilbert,13.8,Rejected
CAND00305,REQ04932,Mary,Perez,13.9,Interviewing
CAND00306,REQ04049,Victoria,Kennedy,5.7,Interviewing
CAND00307,REQ02309,George,Navarro,1.7,Rejected
CAND00308,REQ08160,Karen,Shepherd,13.8,Rejected
CAND00309,REQ22024,Gail,Cross,19.8,Rejected
CAND00310,REQ18371,Grace,Strickland,4.3,Hired
CAND00311,REQ06069,Kimberly,Mathews,19.9,Rejected
CAND00312,REQ23632,Carla,Douglas,9.8,Rejected
CAND00313,REQ09942,Jacob,Hicks,19.3,Rejected
CAND00314,REQ22422,Frank,Wells,13.9,Interviewing
CAND00315,REQ16070,Margaret,Williamson,2.2,Rejected
CAND00316,REQ10461,Jesse,Smith,14.3,Rejected
CAND00317,REQ10844,Madison,Lopez,8.2,Rejected
CAND00318,REQ15027,Ariel,Massey,2.7,Rejected
CAND00319,REQ21096,Manuel,Sutton,1.3,Interviewing
CAND00320,REQ04968,Caroline,Roberts,9.9,Hired
CAND00321,REQ22861,Thomas,Moore,7.6,Rejected
CAND00322,REQ02935,Gina,Wade,0.8,Interviewing
CAND00323,REQ13787,Marissa,Harper,3.5,Rejected
CAND00324,REQ12308,Adrian,Nixon,3.2,Rejected
CAND00325,REQ23604,Dawn,Sullivan,17.8,Hired
CAND00326,REQ21021,Kyle,Pierce,15.5,Hired
CAND00327,REQ02829,Jacob,Smith,9.1,Rejected
CAND00328,REQ12135,Stephanie,Foley,2.3,Rejected
CAND00329,REQ20507,Ellen,Alvarez,2.9,Rejected
CAND00330,REQ22157,Michael,Chung,16.8,Interviewing
CAND00331,REQ21104,Sandra,Kennedy,1.9,Rejected
CAND00332,REQ12949,Kenneth,Morales,13.2,Rejected
CAND00333,REQ12379,Kathryn,Ferrell,3.5,Rejected
CAND00334,REQ10211,Erica,Torres,14.6,Offer Extended
CAND00335,REQ18156,David,Garcia,19.2,Rejected
CAND00336,REQ20495,Daniel,Ibarra,2.2,Rejected
CAND00337,REQ04708,Russell,Day,2.2,Rejected
CAND00338,REQ21054,Nicholas,Martinez,18.3,Hired
CAND00339,REQ22544,Christopher,Ortega,18.3,Rejected
CAND00340,REQ05804,Michael,Gregory,2.4,Rejected
CAND00341,REQ18043,Sean,Ford,11.4,Rejected
CAND00342,REQ17476,Raymond,Myers,18.2,Interviewing
CAND00343,REQ17914,Samantha,Brown,7.2,Rejected
CAND00344,REQ09215,Kevin,Sweeney,2.9,Interviewing
CAND00345,REQ10908,Robert,Skinner,10.7,Rejected
CAND00346,REQ13299,Lisa,Barton,11.5,Rejected
CAND00347,REQ02595,Theodore,Dunn,4.6,Rejected
CAND00348,REQ23298,James,Bell,10.8,Rejected
CAND00349,REQ11914,Melissa,Martinez,16.0,Offer Extended
CAND00350,REQ06731,Victoria,Cook,1.9,Offer Extended
CAND00351,REQ09871,Tanya,Ball,15.8,Rejected
CAND00352,REQ13428,Sarah,Ray,8.7,Rejected
CAND00353,REQ05622,Denise,Garcia,18.5,Rejected
CAND00354,REQ02093,Mariah,Reyes,19.6,Hired
CAND00355,REQ21883,Alicia,Ramirez,13.3,Rejected
CAND00356,REQ13250,Austin,Smith,3.7,Rejected
CAND00357,REQ08219,Lindsay,Johnson,10.2,Rejected
CAND00358,REQ20402,Renee,Chavez,12.9,Rejected
CAND00359,REQ06074,Christina,Shelton,11.0,Rejected
CAND00360,REQ23479,Catherine,Russell,9.5,Hired
CAND00361,REQ20984,Daniel,Schroeder,10.6,Rejected
CAND00362,REQ23031,Anne,Luna,13.3,Rejected
CAND00363,REQ16949,Margaret,Jones,2.8,Rejected
CAND00364,REQ14918,James,Porter,9.5,Rejected
CAND00365,REQ20898,Nicholas,Jackson,16.4,Interviewing
CAND00366,REQ00245,Alexa,Cook,9.6,Rejected
CAND00367,REQ22281,Ashley,Lopez,5.7,Rejected
CAND00368,REQ12233,Theresa,Weber,8.0,Rejected
CAND00369,REQ15647,David,Parks,14.9,Rejected
CAND00370,REQ08011,Rodney,Gonzalez,2.1,Rejected
CAND00371,REQ02861,Tami,Williams,9.9,Rejected
CAND00372,REQ03053,James,Foster,19.1,Hired
CAND00373,REQ07122,Dylan,Harris,2.1,Interviewing
CAND00374,REQ09727,John,Sanchez,13.0,Rejected
CAND00375,REQ22678,Shannon,Barron,2.3,Rejected
CAND00376,REQ13184,Anne,Smith,13.7,Rejected
CAND00377,REQ00537,Regina,Spencer,4.4,Rejected
CAND00378,REQ11096,John,Lawrence,19.1,Interviewing
CAND00379,REQ20817,Steven,Brown,0.4,Rejected
CAND00380,REQ18836,Holly,Garcia,7.2,Offer Extended
CAND00381,REQ12963,Jon,Dunn,7.0,Rejected
CAND00382,REQ19693,Scott,Barber,11.8,Rejected
CAND00383,REQ21922,Andre,Kline,13.5,Rejected
CAND00384,REQ18938,Rebecca,Lee,7.7,Rejected
CAND00385,REQ18320,Erica,Nunez,6.3,Rejected
CAND00386,REQ00428,Diana,Murphy,3.0,Rejected
CAND00387,REQ22289,Kara,Kim,14.9,Rejected
CAND00388,REQ24050,Jamie,Dunn,1.1,Rejected
CAND00389,REQ13331,Bryan,Jones,18.0,Rejected
CAND00390,REQ02416,Margaret,Roberts,16.6,Hired
CAND00391,REQ14886,Andrew,Griffin,19.6,Rejected
CAND00392,REQ08752,Susan,Collins,17.0,Rejected
CAND00393,REQ20840,Nicole,Oneal,1.8,Rejected
CAND00394,REQ14094,Kim,Bell,12.2,Rejected
CAND00395,REQ10233,Lauren,Peters,15.2,Rejected
CAND00396,REQ24262,Joseph,Gonzalez,8.5,Rejected
CAND00397,REQ02035,Jacqueline,Sutton,0.7,Rejected
CAND00398,REQ02489,Nancy,Lee,8.7,Rejected
CAND00399,REQ19393,Douglas,Whitehead,10.0,Rejected
CAND00400,REQ13367,Brianna,White,6.0,Interviewing
CAND00401,REQ06678,Phillip,Rogers,7.1,Hired
CAND00402,REQ00079,Cody,Herrera,17.5,Rejected
CAND00403,REQ02832,Bradley,Ruiz,0.7,Rejected
CAND00404,REQ01642,Joshua,Lopez,6.9,Rejected
CAND00405,REQ10040,Judy,Thomas,1.9,Rejected
CAND00406,REQ05126,Jonathan,Davis,6.4,Rejected
CAND00407,REQ15503,Daniel,Wood,0.9,Rejected
CAND00408,REQ10113,Rachel,Castaneda,1.8,Rejected
CAND00409,REQ15290,Michelle,Ingram,16.5,Rejected
CAND00410,REQ01234,Lynn,Stout,11.8,Rejected
CAND00411,REQ10454,Kristen,Jackson,3.1,Interviewing
CAND00412,REQ23255,Laurie,Crawford,2.9,Interviewing
CAND00413,REQ12564,Diana,Kennedy,10.7,Rejected
CAND00414,REQ04391,Michael,Thomas,19.7,Rejected
CAND00415,REQ15296,Dennis,Peters,5.8,Rejected
CAND00416,REQ11191,Bryan,Martin,0.8,Rejected
CAND00417,REQ10574,Brian,Allen,16.6,Hired
CAND00418,REQ09571,Susan,Sellers,4.7,Rejected
CAND00419,REQ07408,Carol,Nelson,3.1,Rejected
CAND00420,REQ10680,Brenda,Webb,0.9,Interviewing
CAND00421,REQ03975,Joshua,Taylor,9.2,Offer Extended
CAND00422,REQ01661,Kristen,Fernandez,16.0,Rejected
CAND00423,REQ05190,Jason,Smith,15.9,Rejected
CAND00424,REQ16573,Kenneth,Zavala,3.7,Rejected
CAND00425,REQ03111,Theresa,Waters,5.5,Rejected
CAND00426,REQ24163,Tim,Cook,15.3,Rejected
CAND00427,REQ10684,Teresa,Fernandez,11.3,Rejected
CAND00428,REQ00535,Christopher,Morris,11.9,Interviewing
CAND00429,REQ14207,Brandon,Morrison,4.2,Hired
CAND00430,REQ23471,Clinton,Hampton,13.1,Rejected
CAND00431,REQ11501,Nancy,Jensen,15.8,Rejected
CAND00432,REQ06134,Jeffrey,Cantu,15.0,Rejected
CAND00433,REQ06347,Emily,Lane,11.1,Rejected
CAND00434,REQ24862,Michael,Carter,13.4,Rejected
CAND00435,REQ13822,Maurice,Wilson,15.2,Interviewing
CAND00436,REQ06952,Mark,Strickland,4.3,Interviewing
CAND00437,REQ01400,Jeremy,Santos,14.6,Hired
CAND00438,REQ06213,Kevin,Griffin,13.2,Rejected
CAND00439,REQ17379,Hayden,Curtis,11.4,Interviewing
CAND00440,REQ24472,Austin,Flynn,13.2,Rejected
CAND00441,REQ21536,Julie,Green,3.9,Rejected
CAND00442,REQ02124,Antonio,Martin,19.7,Hired
CAND00443,REQ13737,Jason,Hubbard,9.9,Rejected
CAND00444,REQ07130,Michelle,Martinez,6.5,Rejected
CAND00445,REQ10143,Martin,Williams,18.7,Rejected
CAND00446,REQ15678,Jose,Nolan,7.1,Rejected
CAND00447,REQ10269,Peter,Flores,6.9,Rejected
CAND00448,REQ22524,Marc,White,19.1,Rejected
CAND00449,REQ15519,James,Adams,10.9,Rejected
CAND00450,REQ08289,Randall,Rodriguez,5.2,Interviewing
CAND00451,REQ15071,Joshua,Reed,9.5,Interviewing
CAND00452,REQ07924,Jacob,Martin,15.6,Offer Extended
CAND00453,REQ00083,Blake,King,14.5,Rejected
CAND00454,REQ10609,Barbara,Kramer,17.8,Rejected
CAND00455,REQ18596,Jordan,Wilkins,19.6,Interviewing
CAND00456,REQ19110,Kevin,Ewing,16.4,Rejected
CAND00457,REQ02725,Richard,Harris,10.6,Rejected
CAND00458,REQ17773,Brittney,Anderson,19.8,Offer Extended
CAND00459,REQ12971,Pamela,Jenkins,5.1,Rejected
CAND00460,REQ03626,Laura,Perez,8.3,Rejected
CAND00461,REQ16376,Jeffrey,Morales,5.4,Rejected
CAND00462,REQ18881,George,Cole,12.0,Hired
CAND00463,REQ05210,Jose,Stout,17.8,Rejected
CAND00464,REQ10474,Brian,Leach,4.3,Interviewing
CAND00465,REQ18237,Lance,Williams,14.4,Offer Extended
CAND00466,REQ14401,Nathan,Willis,3.2,Rejected
CAND00467,REQ20872,Logan,Tanner,11.1,Hired
CAND00468,REQ10411,William,Richards,19.5,Interviewing
CAND00469,REQ05158,Mary,Anderson,19.9,Rejected
CAND00470,REQ06776,Krystal,Wells,15.0,Rejected
CAND00471,REQ22759,Jeffrey,Travis,4.8,Rejected
CAND00472,REQ03642,Richard,Sanchez,12.5,Rejected
CAND00473,REQ17192,Mark,Charles,10.2,Rejected
CAND00474,REQ14616,Katherine,Ponce,8.0,Interviewing
CAND00475,REQ12265,Randy,White,1.9,Hired
CAND00476,REQ24410,Ricky,Davis,9.9,Rejected
CAND00477,REQ05489,Lauren,Armstrong,19.3,Rejected
CAND00478,REQ15701,Richard,Jackson,8.4,Rejected
CAND00479,REQ10932,Rhonda,Carlson,19.6,Interviewing
CAND00480,REQ04963,Andrea,Smith,2.6,Rejected
CAND00481,REQ02951,Kelly,Morse,6.0,Rejected
CAND00482,REQ05650,Michael,Mcgrath,16.1,Interviewing
CAND00483,REQ02486,Anthony,Estrada,12.2,Interviewing
CAND00484,REQ22359,Dawn,Fisher,4.8,Rejected
CAND00485,REQ01112,Steven,Hoffman,4.9,Rejected
CAND00486,REQ19783,Amy,Hays,6.6,Offer Extended
CAND00487,REQ15590,Jason,Buckley,3.9,Rejected
CAND00488,REQ17168,Kayla,Cooper,6.6,Interviewing
CAND00489,REQ01978,Caroline,Schneider,5.5,Rejected
CAND00490,REQ21934,Rachel,Martin,2.8,Rejected
CAND00491,REQ18979,Michael,Bennett,1.4,Interviewing
CAND00492,REQ01865,Kelly,Roberts,3.6,Rejected
CAND00493,REQ20240,Cody,Acosta,19.8,Rejected
CAND00494,REQ12531,Derek,Young,18.6,Rejected
CAND00495,REQ05372,David,Garner,12.5,Rejected
CAND00496,REQ13844,Michael,Dodson,5.0,Rejected
CAND00497,REQ00400,Christopher,Young,13.0,Rejected
CAND00498,REQ09534,Thomas,Good,7.4,Rejected
CAND00499,REQ13455,Shane,Williams,18.3,Rejected
CAND00500,REQ21521,John,Garcia,11.1,Rejected
CAND00501,REQ06653,Kyle,Wilson,14.7,Interviewing
CAND00502,REQ00589,Manuel,Harvey,10.6,Hired
CAND00503,REQ01429,Joseph,Robles,2.1,Interviewing
CAND00504,REQ00977,Ashley,Mitchell,5.5,Rejected
CAND00505,REQ07427,Tyler,Olsen,6.0,Rejected
CAND00506,REQ00525,Brenda,Ward,18.7,Rejected
CAND00507,REQ14945,Walter,Wells,12.0,Rejected
CAND00508,REQ05161,Jessica,Dixon,19.7,Interviewing
CAND00509,REQ21086,Sean,Smith,9.3,Rejected
CAND00510,REQ08102,Bethany,Campbell,0.1,Rejected
CAND00511,REQ02301,Brett,Leon,2.5,Rejected
CAND00512,REQ03199,Alyssa,Jones,3.5,Rejected
CAND00513,REQ09618,John,Drake,17.9,Rejected
CAND00514,REQ08243,Charles,Davis,3.4,Hired
CAND00515,REQ00465,Rhonda,Price,10.8,Rejected
CAND00516,REQ18457,Christopher,Lawson,3.5,Rejected
CAND00517,REQ02140,Mitchell,King,15.0,Rejected
CAND00518,REQ03501,Julie,Smith,7.4,Rejected
CAND00519,REQ22671,Charles,Waters,3.6,Rejected
CAND00520,REQ20768,Reginald,Espinoza,0.7,Offer Extended
CAND00521,REQ16068,Brooke,Kim,3.2,Rejected
CAND00522,REQ09009,Wesley,Kennedy,11.9,Rejected
CAND00523,REQ14369,Michelle,Stewart,2.6,Rejected
CAND00524,REQ15214,Anna,Brennan,10.4,Rejected
CAND00525,REQ18908,Deanna,Cowan,4.9,Rejected
CAND00526,REQ07337,Evan,Gentry,6.5,Rejected
CAND00527,REQ18331,George,Watts,16.2,Interviewing
CAND00528,REQ24734,Brian,Jackson,4.3,Interviewing
CAND00529,REQ08339,Manuel,Lowe,10.9,Offer Extended
CAND00530,REQ02788,Sergio,Moore,14.1,Rejected
CAND00531,REQ20124,Tammy,Faulkner,8.4,Rejected
CAND00532,REQ05918,William,Gross,8.8,Rejected
CAND00533,REQ00175,Brett,Duran,9.7,Interviewing
CAND00534,REQ24601,Renee,Jones,19.1,Rejected
CAND00535,REQ17749,Matthew,Thompson,2.8,Rejected
CAND00536,REQ06998,Crystal,Mitchell,19.1,Rejected
CAND00537,REQ18791,Chelsea,Miller,12.3,Interviewing
CAND00538,REQ12673,Ralph,Williams,11.8,Interviewing
CAND00539,REQ18772,Clinton,Smith,2.9,Interviewing
CAND00540,REQ04699,Ariel,Jones,0.5,Interviewing
CAND00541,REQ19216,Anna,Perez,15.1,Rejected
CAND00542,REQ15996,James,Williams,2.0,Interviewing
CAND00543,REQ04040,Ronald,Jenkins,0.2,Rejected
CAND00544,REQ21334,Derek,Spears,4.3,Rejected
CAND00545,REQ13218,Anthony,Anderson,7.0,Rejected
CAND00546,REQ17652,Julia,Turner,17.6,Rejected
CAND00547,REQ10653,Kenneth,Aguirre,14.3,Interviewing
CAND00548,REQ13969,Karen,Miller,4.4,Rejected
CAND00549,REQ01800,Sarah,Bailey,17.9,Rejected
CAND00550,REQ17987,Jeffrey,Williams,8.7,Rejected
CAND00551,REQ15147,Joshua,Oconnor,4.9,Rejected
CAND00552,REQ12405,Marie,Leonard,2.1,Rejected
CAND00553,REQ17370,Bridget,Robles,12.4,Rejected
CAND00554,REQ21419,Christopher,Jones,18.0,Rejected
CAND00555,REQ05168,Jack,Burke,1.4,Hired
CAND00556,REQ19450,James,Bolton,4.3,Interviewing
CAND00557,REQ14137,Candace,Moyer,1.2,Rejected
CAND00558,REQ05844,Joshua,Carrillo,16.8,Rejected
CAND00559,REQ17318,Pamela,Herring,13.3,Rejected
CAND00560,REQ17590,Brian,Rose,15.1,Interviewing
CAND00561,REQ08237,Robert,Ramirez,12.8,Offer Extended
CAND00562,REQ08421,Tara,Anderson,2.6,Offer Extended
CAND00563,REQ08757,Andre,Ray,16.2,Rejected
CAND00564,REQ13506,Jared,Pace,2.2,Interviewing
CAND00565,REQ08698,Amanda,Sullivan,10.6,Rejected
CAND00566,REQ15087,John,Sanchez,5.0,Rejected
CAND00567,REQ13113,Kimberly,Wilson,17.0,Rejected
CAND00568,REQ19600,Jerry,Marshall,18.0,Rejected
CAND00569,REQ10585,Tracy,Ward,13.7,Rejected
CAND00570,REQ10109,Christopher,Velazquez,13.0,Interviewing
CAND00571,REQ17399,Danielle,Chavez,9.0,Rejected
CAND00572,REQ02361,John,Vasquez,4.1,Rejected
CAND00573,REQ11051,Amanda,Russell,15.5,Rejected
CAND00574,REQ11708,Jamie,Johnson,6.3,Hired
CAND00575,REQ13354,Michael,Williams,5.6,Rejected
CAND00576,REQ09270,Ronald,Becker,0.1,Rejected
CAND00577,REQ06736,Melissa,Smith,6.9,Rejected
CAND00578,REQ20970,Beth,Pratt,20.0,Offer Extended
CAND00579,REQ16092,Joseph,Camacho,6.3,Rejected
CAND00580,REQ21241,Justin,Pineda,5.7,Rejected
CAND00581,REQ17516,Danielle,Stewart,12.4,Interviewing
CAND00582,REQ13793,Brandon,Richard,1.4,Rejected
CAND00583,REQ07100,Megan,Trujillo,16.4,Rejected
CAND00584,REQ23628,Arthur,Nunez,13.9,Rejected
CAND00585,REQ02860,Matthew,Todd,11.7,Rejected
CAND00586,REQ18023,Lynn,Hall,17.4,Rejected
CAND00587,REQ08537,Taylor,Thomas,14.6,Interviewing
CAND00588,REQ08447,Brandi,Davis,5.9,Interviewing
CAND00589,REQ21843,Haley,Oconnor,3.5,Rejected
CAND00590,REQ08842,Victor,Montes,1.8,Rejected
CAND00591,REQ10029,Travis,Adams,19.7,Rejected
CAND00592,REQ14235,Nicholas,White,5.0,Rejected
CAND00593,REQ09947,Joseph,Riggs,13.4,Rejected
CAND00594,REQ13707,Danny,Jones,3.4,Rejected
CAND00595,REQ11904,Troy,Collins,15.2,Rejected
CAND00596,REQ20447,Chelsea,Ford,3.4,Offer Extended
CAND00597,REQ05899,John,Gallegos,19.8,Hired
CAND00598,REQ10794,Olivia,Lee,15.4,Rejected
CAND00599,REQ16755,Shaun,Harris,2.1,Offer Extended
CAND00600,REQ02440,Jenna,Munoz,15.7,Offer Extended
CAND00601,REQ04497,Cynthia,Morrison,15.9,Offer Extended
CAND00602,REQ11401,Kendra,Williams,16.6,Interviewing
CAND00603,REQ07304,David,Murphy,7.8,Rejected
CAND00604,REQ09363,Anthony,Stevens,11.7,Rejected
CAND00605,REQ24277,Henry,Williams,12.9,Interviewing
CAND00606,REQ04466,Matthew,Davis,18.4,Rejected
CAND00607,REQ23876,Timothy,Leonard,2.7,Offer Extended
CAND00608,REQ13191,Ernest,Stephens,19.3,Hired
CAND00609,REQ23533,Tanner,Roth,4.3,Rejected
CAND00610,REQ20597,Kyle,Francis,1.4,Offer Extended
CAND00611,REQ12168,Michael,Murphy,9.2,Rejected
CAND00612,REQ24020,Mark,Lara,18.6,Rejected
CAND00613,REQ23759,Ryan,Morris,9.6,Rejected
CAND00614,REQ12123,David,Keller,13.8,Hired
CAND00615,REQ02133,Stephen,Gonzalez,7.6,Rejected
CAND00616,REQ14233,Kevin,Cruz,11.8,Rejected
CAND00617,REQ00942,Heidi,Rodriguez,7.9,Rejected
CAND00618,REQ22827,Aaron,Nelson,17.4,Rejected
CAND00619,REQ20732,Richard,Barnes,12.9,Rejected
CAND00620,REQ21132,Dylan,Lewis,17.1,Rejected
CAND00621,REQ22781,Lisa,Martinez,6.6,Rejected
CAND00622,REQ10721,Kaitlin,Smith,8.2,Rejected
CAND00623,REQ13598,Nicholas,Gross,17.0,Interviewing
CAND00624,REQ16827,Jared,Johnson,10.7,Rejected
CAND00625,REQ12880,Matthew,Lee,7.8,Interviewing
CAND00626,REQ13767,Ariana,Woods,13.8,Rejected
CAND00627,REQ22858,Paula,Davis,18.2,Rejected
CAND00628,REQ23450,Bobby,Morrison,13.8,Hired
CAND00629,REQ16029,Jeremy,Martin,13.3,Rejected
CAND00630,REQ15881,Brooke,Ramirez,11.2,Rejected
CAND00631,REQ06313,Alyssa,Reynolds,13.0,Interviewing
CAND00632,REQ06984,Cynthia,Lowery,16.4,Rejected
CAND00633,REQ21464,Christopher,Gomez,5.9,Rejected
CAND00634,REQ14862,Jeremy,Smith,19.6,Hired
CAND00635,REQ14976,Jamie,Ross,2.2,Rejected
CAND00636,REQ05219,Walter,Meyer,19.8,Rejected
CAND00637,REQ12674,Cynthia,Fernandez,0.8,Rejected
CAND00638,REQ10203,Caleb,Harris,10.0,Interviewing
CAND00639,REQ18917,Joshua,Delgado,15.4,Rejected
CAND00640,REQ08253,Daniel,Wright,7.6,Rejected
CAND00641,REQ07807,Douglas,Gonzalez,4.5,Rejected
CAND00642,REQ22124,Sharon,Trujillo,18.3,Offer Extended
CAND00643,REQ24140,John,Knapp,1.3,Hired
CAND00644,REQ22775,Paige,Levy,12.2,Hired
CAND00645,REQ22305,Mark,Mason,19.6,Rejected
CAND00646,REQ18161,Gregory,Gardner,0.5,Rejected
CAND00647,REQ06065,Julia,Martin,12.9,Interviewing
CAND00648,REQ23286,Todd,Smith,4.8,Rejected
CAND00649,REQ19779,Tina,Macdonald,8.1,Rejected
CAND00650,REQ04522,Molly,Campbell,9.0,Hired
CAND00651,REQ11074,James,Norton,16.9,Rejected
CAND00652,REQ06034,Joseph,Smith,12.1,Hired
CAND00653,REQ00081,Alexis,Rogers,16.5,Rejected
CAND00654,REQ14099,John,Jimenez,10.5,Rejected
CAND00655,REQ00269,Carolyn,Escobar,15.4,Rejected
CAND00656,REQ15762,Ronald,Kelly,4.3,Offer Extended
CAND00657,REQ21535,Jeremiah,Gonzales,1.2,Rejected
CAND00658,REQ07625,Thomas,Daniels,6.2,Rejected
CAND00659,REQ13807,David,Baldwin,12.6,Rejected
CAND00660,REQ08560,Scott,Carroll,7.0,Interviewing
CAND00661,REQ21333,Lori,Williams,12.4,Rejected
CAND00662,REQ05518,Jason,Navarro,5.1,Rejected
CAND00663,REQ22411,Steven,Morris,16.8,Rejected
CAND00664,REQ24516,Erica,Becker,11.7,Rejected
CAND00665,REQ03254,Kevin,Houston,14.4,Rejected
CAND00666,REQ06908,David,Woods,15.0,Offer Extended
CAND00667,REQ11595,Brandon,Lane,7.2,Rejected
CAND00668,REQ18927,John,Sellers,14.3,Rejected
CAND00669,REQ14954,Alexandria,Eaton,14.7,Rejected
CAND00670,REQ08038,Kelsey,Perkins,3.9,Interviewing
CAND00671,REQ12967,Brandi,Grant,12.8,Rejected
CAND00672,REQ14117,Heidi,Roberts,1.5,Rejected
CAND00673,REQ08975,Jenna,Knight,15.7,Interviewing
CAND00674,REQ03043,Blake,Washington,5.1,Rejected
CAND00675,REQ05516,William,Reid,3.9,Rejected
CAND00676,REQ02628,Jacob,Silva,4.8,Interviewing
CAND00677,REQ10714,Kathleen,Wilson,16.9,Rejected
CAND00678,REQ23095,Donald,Ortega,15.4,Rejected
CAND00679,REQ02537,Matthew,Smith,15.1,Offer Extended
CAND00680,REQ24567,Jacob,Harding,7.4,Interviewing
CAND00681,REQ16118,Sharon,Davis,4.4,Rejected
CAND00682,REQ00287,James,Porter,6.5,Rejected
CAND00683,REQ24669,Heather,Marsh,14.5,Rejected
CAND00684,REQ18169,Melissa,Gilmore,1.7,Rejected
CAND00685,REQ12775,Brian,Robinson,3.8,Rejected
CAND00686,REQ11958,Kevin,Ross,3.1,Rejected
CAND00687,REQ20384,Leslie,Mann,4.9,Interviewing
CAND00688,REQ05043,Danielle,Young,13.5,Rejected
CAND00689,REQ17585,Carol,Dodson,13.6,Rejected
CAND00690,REQ11987,Rebecca,Robinson,3.9,Rejected
CAND00691,REQ12320,Sara,Nicholson,14.3,Rejected
CAND00692,REQ20894,Angela,Martinez,6.4,Rejected
CAND00693,REQ24428,Kenneth,Adams,2.2,Interviewing
CAND00694,REQ19232,Elizabeth,Robinson,3.0,Rejected
CAND00695,REQ21876,Darrell,Villegas,19.0,Rejected
CAND00696,REQ19676,Kathy,Medina,2.6,Hired
CAND00697,REQ16762,Kevin,Perez,17.8,Offer Extended
CAND00698,REQ18490,Heather,Cooper,3.3,Rejected
CAND00699,REQ04140,Jeffrey,Johnson,1.0,Rejected
CAND00700,REQ14605,Autumn,Ramirez,13.5,Rejected
CAND00701,REQ04539,Bryan,Dunn,12.9,Rejected
CAND00702,REQ03550,Benjamin,Wheeler,17.5,Rejected
CAND00703,REQ22531,James,Alexander,2.4,Rejected
CAND00704,REQ21336,Heather,Hall,8.2,Rejected
CAND00705,REQ01528,Christian,Lowe,6.0,Hired
CAND00706,REQ23733,Daniel,Johnson,15.4,Rejected
CAND00707,REQ02360,Diane,Flowers,15.4,Rejected
CAND00708,REQ03237,David,Duffy,9.9,Rejected
CAND00709,REQ22870,Lori,Jones,9.8,Rejected
CAND00710,REQ06566,Meredith,Cooper,15.7,Rejected
CAND00711,REQ24942,Johnny,Garrison,6.1,Hired
CAND00712,REQ21469,Gloria,James,7.0,Rejected
CAND00713,REQ16085,Emily,Cherry,18.3,Rejected
CAND00714,REQ10414,Michelle,Turner,5.1,Rejected
CAND00715,REQ07872,Ian,King,2.1,Rejected
CAND00716,REQ09026,Leah,Taylor,2.5,Rejected
CAND00717,REQ07255,Richard,Smith,3.0,Rejected
CAND00718,REQ05896,Jack,Howard,16.5,Rejected
CAND00719,REQ11572,Mark,Cunningham,5.1,Rejected
CAND00720,REQ00875,Amanda,Cox,3.6,Rejected
CAND00721,REQ11486,Clifford,Brown,6.9,Interviewing
CAND00722,REQ08831,Michael,Taylor,7.5,Hired
CAND00723,REQ08312,Daniel,Beltran,2.8,Hired
CAND00724,REQ10963,Michael,Gonzales,10.8,Rejected
CAND00725,REQ13374,Brian,Moore,12.2,Hired
CAND00726,REQ12264,Derek,Ramos,12.8,Rejected
CAND00727,REQ03467,Rachel,King,1.9,Rejected
CAND00728,REQ03219,Lawrence,Mcneil,2.5,Hired
CAND00729,REQ03514,Theresa,Johnson,19.6,Hired
CAND00730,REQ18679,Donna,Adams,18.7,Interviewing
CAND00731,REQ12717,Maria,Thompson,0.6,Rejected
CAND00732,REQ14623,David,Simmons,1.7,Rejected
CAND00733,REQ13200,Melissa,Rodriguez,9.7,Rejected
CAND00734,REQ06498,Amber,Cooke,18.7,Interviewing
CAND00735,REQ02134,Michael,Cordova,13.0,Rejected
CAND00736,REQ09468,Steven,Brown,8.1,Rejected
CAND00737,REQ24441,Danielle,Hurst,19.6,Rejected
CAND00738,REQ23968,David,Cruz,18.0,Rejected
CAND00739,REQ14812,Blake,Lopez,8.1,Hired
CAND00740,REQ00296,Larry,Young,9.3,Hired
CAND00741,REQ22996,Kristy,King,5.6,Rejected
CAND00742,REQ07000,Kimberly,Little,13.6,Rejected
CAND00743,REQ01623,Kyle,Wiggins,10.9,Rejected
CAND00744,REQ11552,Tamara,Holt,16.0,Rejected
CAND00745,REQ16352,April,Sanchez,19.5,Hired
CAND00746,REQ22443,Ian,Mason,7.5,Rejected
CAND00747,REQ13447,Michelle,Krueger,16.1,Rejected
CAND00748,REQ18324,Donald,Durham,15.1,Rejected
CAND00749,REQ23810,Matthew,Peters,11.2,Rejected
CAND00750,REQ08031,Michael,Morris,7.3,Rejected
CAND00751,REQ11531,Rachel,Thomas,18.3,Rejected
CAND00752,REQ20259,Karen,Scott,5.0,Hired
CAND00753,REQ17189,Justin,Whitney,14.0,Interviewing
CAND00754,REQ06100,Nina,Patterson,1.3,Hired
CAND00755,REQ02974,Pamela,Hammond,7.3,Rejected
CAND00756,REQ07118,Dylan,Williams,14.0,Rejected
CAND00757,REQ15543,Michelle,Ruiz,3.6,Hired
CAND00758,REQ14790,Laura,Mitchell,7.8,Rejected
CAND00759,REQ11050,Ashley,Collier,15.2,Rejected
CAND00760,REQ02944,Erica,Harvey,0.3,Rejected
CAND00761,REQ16342,Amanda,Johnson,8.1,Interviewing
CAND00762,REQ04486,Kathleen,Smith,11.5,Rejected
CAND00763,REQ13766,Ryan,Williams,3.6,Rejected
CAND00764,REQ20424,Kevin,Villa,3.8,Interviewing
CAND00765,REQ07955,Yolanda,Osborne,18.2,Rejected
CAND00766,REQ01630,Lawrence,Tucker,17.7,Interviewing
CAND00767,REQ19202,Wayne,Scott,18.6,Rejected
CAND00768,REQ09318,Amanda,Gonzalez,13.3,Interviewing
CAND00769,REQ01013,Amanda,Knight,7.8,Hired
CAND00770,REQ17835,Lisa,Mason,4.1,Rejected
CAND00771,REQ21859,Katrina,Salazar,1.2,Hired
CAND00772,REQ06791,Erin,Ryan,14.7,Rejected
CAND00773,REQ16148,Cathy,Romero,8.1,Rejected
CAND00774,REQ01113,Tiffany,Lam,1.7,Rejected
CAND00775,REQ17226,Ryan,Guerra,3.0,Rejected
CAND00776,REQ18723,Kristy,Williams,11.8,Rejected
CAND00777,REQ02952,Scott,Jones,15.6,Rejected
CAND00778,REQ01465,Stephanie,Alexander,9.9,Rejected
CAND00779,REQ10296,Aaron,Garza,19.6,Rejected
CAND00780,REQ15580,Tara,Alvarado,14.0,Interviewing
CAND00781,REQ07389,Dennis,Wheeler,12.1,Interviewing
CAND00782,REQ10670,Benjamin,Bennett,4.3,Interviewing
CAND00783,REQ02041,Bruce,Smith,9.3,Rejected
CAND00784,REQ05494,Michelle,Jones,13.5,Rejected
CAND00785,REQ16230,Sarah,Anderson,5.4,Rejected
CAND00786,REQ22272,Mary,Vazquez,7.6,Rejected
CAND00787,REQ09837,Charles,Shaw,1.6,Interviewing
CAND00788,REQ14916,John,Gomez,4.8,Rejected
CAND00789,REQ20388,Richard,Ross,4.7,Hired
CAND00790,REQ20959,Daniel,Lewis,3.6,Rejected
CAND00791,REQ21818,Chad,Vance,6.5,Rejected
CAND00792,REQ04780,Kayla,Gonzalez,17.2,Rejected
CAND00793,REQ24477,Amber,Adkins,4.8,Interviewing
CAND00794,REQ19115,Marie,Peterson,0.1,Rejected
CAND00795,REQ02857,Jennifer,Webb,8.3,Rejected
CAND00796,REQ13305,Kimberly,Ross,5.9,Rejected
CAND00797,REQ06029,Brandon,Armstrong,15.5,Hired
CAND00798,REQ14737,Jacob,Lewis,2.4,Rejected
CAND00799,REQ07332,Michael,Clark,9.1,Rejected
CAND00800,REQ22196,Terri,Shannon,17.7,Offer Extended
CAND00801,REQ20501,Brian,Smith,17.4,Interviewing
CAND00802,REQ24809,Jody,Snyder,19.4,Rejected
CAND00803,REQ24270,Oscar,Hunt,8.9,Hired
CAND00804,REQ18635,Marissa,Henderson,17.8,Rejected
CAND00805,REQ20911,Lisa,Day,8.4,Rejected
CAND00806,REQ01446,Mary,Campbell,5.3,Rejected
CAND00807,REQ06886,Ralph,Petersen,11.5,Offer Extended
CAND00808,REQ03083,Bradley,Guerra,3.2,Rejected
CAND00809,REQ17632,Donna,Pace,5.9,Rejected
CAND00810,REQ12872,Theresa,Hernandez,16.0,Rejected
CAND00811,REQ23886,Manuel,Anderson,14.8,Rejected
CAND00812,REQ07702,Daniel,Mcdowell,3.2,Rejected
CAND00813,REQ12362,Patrick,Jones,0.7,Interviewing
CAND00814,REQ03640,Patrick,Dudley,18.0,Rejected
CAND00815,REQ16815,Alicia,Diaz,16.3,Rejected
CAND00816,REQ01449,Thomas,Turner,3.1,Rejected
CAND00817,REQ04889,Maria,Gonzalez,11.7,Rejected
CAND00818,REQ17802,Michael,Delgado,7.2,Hired
CAND00819,REQ23642,Donna,King,1.7,Rejected
CAND00820,REQ24358,Charles,Simmons,5.8,Rejected
CAND00821,REQ02884,Hannah,Boyer,10.3,Rejected
CAND00822,REQ16478,Michele,Washington,3.9,Rejected
CAND00823,REQ06326,Heather,Calhoun,11.3,Hired
CAND00824,REQ07159,Michelle,Rubio,13.2,Rejected
CAND00825,REQ23739,Joshua,Johnson,10.6,Interviewing
CAND00826,REQ05358,Jon,Martinez,4.4,Rejected
CAND00827,REQ17726,Megan,Riley,4.2,Hired
CAND00828,REQ13379,Curtis,White,10.7,Hired
CAND00829,REQ13728,Donald,Jones,11.7,Rejected
CAND00830,REQ15634,Christopher,Morgan,12.8,Rejected
CAND00831,REQ23927,Amber,Ford,0.4,Rejected
CAND00832,REQ21421,Lisa,Chavez,17.4,Hired
CAND00833,REQ06721,Christopher,Allen,2.8,Rejected
CAND00834,REQ06198,Jennifer,Warren,19.0,Hired
CAND00835,REQ14159,William,Allen,3.5,Rejected
CAND00836,REQ02570,Mary,Rodriguez,14.4,Rejected
CAND00837,REQ17812,Amanda,Winters,12.4,Rejected
CAND00838,REQ19865,Kara,Keith,12.9,Interviewing
CAND00839,REQ10497,Alexander,Walker,0.1,Rejected
CAND00840,REQ04134,Kelsey,Allen,5.0,Interviewing
CAND00841,REQ18729,Ashley,Craig,8.1,Rejected
CAND00842,REQ14596,Virginia,Reyes,6.5,Rejected
CAND00843,REQ00613,John,Knapp,8.7,Offer Extended
CAND00844,REQ18480,Jade,Ray,11.8,Rejected
CAND00845,REQ19862,William,Kent,3.2,Rejected
CAND00846,REQ20203,Nancy,Hicks,19.0,Rejected
CAND00847,REQ08274,Jimmy,Dawson,2.9,Rejected
CAND00848,REQ19692,Rebecca,Brown,0.5,Rejected
CAND00849,REQ13412,Melanie,Brewer,3.1,Rejected
CAND00850,REQ07673,Bethany,Gray,2.5,Rejected
CAND00851,REQ18655,Andrew,Rodriguez,2.6,Rejected
CAND00852,REQ18399,Paul,Bell,7.9,Rejected
CAND00853,REQ00588,Tracy,Kirk,11.4,Rejected
CAND00854,REQ19785,Matthew,Lee,13.3,Rejected
CAND00855,REQ11418,Andrea,Smith,19.3,Rejected
CAND00856,REQ16059,Amanda,Hawkins,5.7,Rejected
CAND00857,REQ21071,Lisa,Carson,8.2,Interviewing
CAND00858,REQ03818,John,Hull,17.7,Hired
CAND00859,REQ01681,Jeffrey,Carter,7.0,Rejected
CAND00860,REQ08830,Bradley,Wells,8.2,Interviewing
CAND00861,REQ06736,Kevin,Nguyen,10.5,Rejected
CAND00862,REQ10857,Jasmine,Franklin,6.0,Rejected
CAND00863,REQ13484,Robert,Hubbard,13.4,Interviewing
CAND00864,REQ06769,Theresa,Brandt,17.7,Rejected
CAND00865,REQ12650,Kurt,Waters,14.8,Rejected
CAND00866,REQ24498,Emily,Mendoza,4.7,Rejected
CAND00867,REQ23166,Robert,Nguyen,16.4,Rejected
CAND00868,REQ15337,Alan,Gillespie,1.4,Rejected
CAND00869,REQ17037,Gerald,Chen,16.5,Rejected
CAND00870,REQ10896,Ashley,Martin,7.0,Offer Extended
CAND00871,REQ12852,Brian,Russell,3.9,Rejected
CAND00872,REQ15867,Jackie,Oliver,11.5,Rejected
CAND00873,REQ01914,Michael,Miller,6.5,Offer Extended
CAND00874,REQ23118,Vanessa,Matthews,14.3,Hired
CAND00875,REQ14418,Angela,Stevens,12.2,Interviewing
CAND00876,REQ13738,Kristina,Price,9.5,Rejected
CAND00877,REQ01899,Matthew,Brown,6.6,Rejected
CAND00878,REQ11768,Rebecca,Bush,8.0,Rejected
CAND00879,REQ16487,Christopher,Mercer,9.7,Rejected
CAND00880,REQ19675,Kimberly,Austin,17.6,Rejected
CAND00881,REQ05891,Becky,Sosa,12.6,Rejected
CAND00882,REQ05393,Tyler,Ibarra,18.8,Rejected
CAND00883,REQ11672,Terry,Martin,9.8,Interviewing
CAND00884,REQ04886,Paul,Chambers,6.3,Rejected
CAND00885,REQ21067,Larry,Carlson,3.6,Rejected
CAND00886,REQ03998,Nicholas,Kerr,2.5,Interviewing
CAND00887,REQ24058,Ryan,Allison,11.9,Interviewing
CAND00888,REQ12978,Christopher,Lee,4.5,Interviewing
CAND00889,REQ05961,Judy,Wright,3.3,Rejected
CAND00890,REQ14884,Tara,Montgomery,8.2,Rejected
CAND00891,REQ23141,Tracy,Adams,5.3,Rejected
CAND00892,REQ16655,Amanda,Smith,0.8,Interviewing
CAND00893,REQ02387,Paige,Harris,17.0,Rejected
CAND00894,REQ13009,Christopher,French,3.8,Rejected
CAND00895,REQ15055,Robert,Bennett,1.3,Interviewing
CAND00896,REQ13828,Debra,Sanchez,6.5,Rejected
CAND00897,REQ22165,Amanda,Barber,0.5,Rejected
CAND00898,REQ06335,Jasmine,Garcia,3.6,Interviewing
CAND00899,REQ05415,Amanda,Holmes,17.0,Rejected
CAND00900,REQ21585,Erik,Miller,2.1,Hired
CAND00901,REQ10702,John,Hill,3.4,Interviewing
CAND00902,REQ10976,Taylor,Cannon,12.9,Rejected
CAND00903,REQ10968,Whitney,Bishop,1.5,Rejected
CAND00904,REQ23572,Tamara,Sullivan,10.5,Rejected
CAND00905,REQ00829,Amy,Phillips,4.4,Rejected
CAND00906,REQ09426,Amy,Richardson,11.6,Rejected
CAND00907,REQ24536,Willie,Tate,7.6,Hired
CAND00908,REQ12023,Kimberly,Edwards,11.9,Rejected
CAND00909,REQ16431,Miranda,Ferrell,14.7,Rejected
CAND00910,REQ16587,Franklin,White,19.5,Rejected
CAND00911,REQ01822,Christopher,Martin,20.0,Rejected
CAND00912,REQ02777,Brittany,Little,0.6,Rejected
CAND00913,REQ18358,Raymond,Rogers,3.0,Rejected
CAND00914,REQ11312,Joseph,Cervantes,6.1,Rejected
CAND00915,REQ01701,Kevin,Patterson,18.8,Interviewing
CAND00916,REQ10419,William,Hill,10.8,Rejected
CAND00917,REQ12665,Abigail,Moore,13.5,Offer Extended
CAND00918,REQ04753,Theodore,Martin,16.5,Rejected
CAND00919,REQ11513,Lynn,Ramirez,12.0,Rejected
CAND00920,REQ23434,Christopher,Williams,17.3,Interviewing
CAND00921,REQ08387,Troy,Keller,9.9,Rejected
CAND00922,REQ12909,David,Bowman,7.4,Rejected
CAND00923,REQ04175,Christopher,Roberson,15.4,Rejected
CAND00924,REQ24756,Jeremy,Mitchell,18.8,Rejected
CAND00925,REQ09290,Thomas,Anderson,4.0,Rejected
CAND00926,REQ23277,Michelle,Stephens,15.6,Rejected
CAND00927,REQ12427,Tammy,Wright,9.8,Rejected
CAND00928,REQ12747,Teresa,Jenkins,10.6,Rejected
CAND00929,REQ23054,Donald,Nunez,3.6,Rejected
CAND00930,REQ01130,William,Singleton,5.9,Offer Extended
CAND00931,REQ23031,Debra,Schmidt,0.6,Rejected
CAND00932,REQ03284,Jeff,Kerr,11.3,Interviewing
CAND00933,REQ03349,Kenneth,Sandoval,18.5,Interviewing
CAND00934,REQ15202,Adrian,White,17.8,Rejected
CAND00935,REQ04684,Kurt,Johnson,6.1,Rejected
CAND00936,REQ23221,Chloe,Melton,14.2,Rejected
CAND00937,REQ05317,Robin,Shepard,16.8,Rejected
CAND00938,REQ13162,Maria,Simon,1.2,Rejected
CAND00939,REQ18557,Zoe,Parks,18.9,Interviewing
CAND00940,REQ08987,Rachel,Paul,18.8,Rejected
CAND00941,REQ12114,Anita,Huber,10.9,Interviewing
CAND00942,REQ20682,Shannon,Murray,7.5,Hired
CAND00943,REQ10650,Timothy,Ballard,18.8,Rejected
CAND00944,REQ12084,Christopher,Cox,15.0,Rejected
CAND00945,REQ24189,Bryan,Zuniga,17.8,Hired
CAND00946,REQ15929,Caleb,Harper,3.6,Rejected
CAND00947,REQ16896,Marco,Anderson,15.5,Rejected
CAND00948,REQ02448,Derek,Moran,3.4,Rejected
CAND00949,REQ11073,Ryan,Gregory,1.8,Interviewing
CAND00950,REQ16630,Daniel,Olsen,19.0,Rejected
CAND00951,REQ14950,Mitchell,Brooks,0.8,Rejected
CAND00952,REQ05452,Tyler,Simmons,17.9,Interviewing
CAND00953,REQ13652,Sheila,Hunt,14.5,Rejected
CAND00954,REQ10222,Troy,Brewer,1.0,Rejected
CAND00955,REQ15670,Melody,Bailey,3.7,Interviewing
CAND00956,REQ06937,Nathan,Fisher,13.0,Hired
CAND00957,REQ06154,Richard,Houston,7.5,Rejected
CAND00958,REQ22891,Kevin,Gonzales,15.8,Interviewing
CAND00959,REQ17270,James,Campbell,14.4,Rejected
CAND00960,REQ23816,Matthew,Davis,11.7,Hired
CAND00961,REQ10938,Benjamin,Rodriguez,15.1,Hired
CAND00962,REQ18582,Brian,Allen,12.3,Hired
CAND00963,REQ06763,Nicholas,Booth,16.7,Rejected
CAND00964,REQ24372,David,Fox,4.1,Hired
CAND00965,REQ07634,Marc,Levy,7.9,Interviewing
CAND00966,REQ18490,Joanna,Pierce,19.5,Rejected
CAND00967,REQ08088,Lucas,Hernandez,11.3,Interviewing
CAND00968,REQ19312,Joseph,Green,2.4,Rejected
CAND00969,REQ15059,Michael,Bell,2.9,Rejected
CAND00970,REQ02790,Elizabeth,House,6.2,Hired
CAND00971,REQ10034,Dillon,Reynolds,14.2,Interviewing
CAND00972,REQ05311,Christopher,Waters,12.2,Rejected
CAND00973,REQ12882,Rhonda,Lang,12.6,Interviewing
CAND00974,REQ10391,Matthew,Perez,11.7,Hired
CAND00975,REQ10928,Sheila,Davis,0.8,Offer Extended
CAND00976,REQ01214,Kenneth,Erickson,16.7,Interviewing
CAND00977,REQ07598,Amber,Crawford,19.0,Rejected
CAND00978,REQ08202,Carolyn,Stark,9.1,Hired
CAND00979,REQ23808,Adam,Lara,1.2,Rejected
CAND00980,REQ17041,Timothy,Taylor,10.4,Rejected
CAND00981,REQ03649,Tanya,Johnson,19.2,Rejected
CAND00982,REQ13554,Robert,Frazier,9.2,Rejected
CAND00983,REQ09558,Tyler,Hodge,14.6,Hired
CAND00984,REQ06347,Teresa,Nguyen,1.3,Interviewing
CAND00985,REQ15703,Mary,Young,10.9,Rejected
CAND00986,REQ17546,Miguel,Murillo,10.4,Rejected
CAND00987,REQ02700,Stephen,Tucker,3.3,Hired
CAND00988,REQ03274,Leonard,Chaney,4.1,Rejected
CAND00989,REQ14866,Kari,Reyes,0.8,Rejected
CAND00990,REQ18750,Lori,Jones,18.9,Interviewing
CAND00991,REQ02138,Jason,Lucero,17.5,Rejected
CAND00992,REQ15159,Brett,Martin,11.4,Rejected
CAND00993,REQ21025,Luis,Alvarez,9.7,Rejected
CAND00994,REQ01134,Lisa,Collins,16.0,Rejected
CAND00995,REQ04217,Sherri,James,10.6,Rejected
CAND00996,REQ06942,Erika,Russell,12.8,Rejected
CAND00997,REQ12053,Christine,Zuniga,14.9,Rejected
CAND00998,REQ07259,Sara,Bird,11.4,Rejected
CAND00999,REQ07105,Jacqueline,Oliver,20.0,Rejected
CAND01000,REQ23831,Brandon,White,9.2,Hired
CAND01001,REQ24265,Jonathan,Hudson,4.7,Rejected
CAND01002,REQ03785,Cynthia,Cook,6.0,Rejected
CAND01003,REQ12632,Tracy,Boyd,9.9,Hired
CAND01004,REQ24574,Jasmine,Fowler,17.9,Rejected
CAND01005,REQ12526,Tyler,Parker,1.3,Rejected
CAND01006,REQ14665,Rachel,Nelson,17.3,Rejected
CAND01007,REQ02195,Erica,Morgan,15.8,Rejected
CAND01008,REQ14181,Jessica,Bailey,12.3,Rejected
CAND01009,REQ15199,Gina,Gaines,13.8,Rejected
CAND01010,REQ22654,Ann,King,0.2,Rejected
CAND01011,REQ17901,Evan,Johnson,13.2,Rejected
CAND01012,REQ07511,Barbara,Krause,4.5,Rejected
CAND01013,REQ09655,Ronald,Mason,11.6,Rejected
CAND01014,REQ16987,Michelle,Sherman,13.0,Hired
CAND01015,REQ14915,Jessica,Ramirez,14.8,Interviewing
CAND01016,REQ05598,Karen,Boyd,8.3,Interviewing
CAND01017,REQ00406,Joshua,Rivas,0.7,Rejected
CAND01018,REQ12667,Madeline,Freeman,2.4,Rejected
CAND01019,REQ08527,Sandra,Andrade,15.9,Rejected
CAND01020,REQ13544,Juan,Price,16.0,Rejected
CAND01021,REQ14043,David,Henry,12.7,Rejected
CAND01022,REQ18696,Victor,Kelly,7.2,Interviewing
CAND01023,REQ06279,Justin,Orozco,9.7,Rejected
CAND01024,REQ19207,Robert,Moore,5.4,Rejected
CAND01025,REQ02702,Megan,Love,10.0,Rejected
CAND01026,REQ07891,Susan,Aguilar,3.4,Rejected
CAND01027,REQ22696,Howard,Harrison,1.7,Rejected
CAND01028,REQ05989,Sara,Casey,17.9,Rejected
CAND01029,REQ16036,Carlos,Garrison,0.6,Rejected
CAND01030,REQ20313,Larry,Obrien,7.1,Rejected
CAND01031,REQ00661,Henry,Riley,16.5,Interviewing
CAND01032,REQ12731,Shane,Townsend,9.1,Hired
CAND01033,REQ23627,Ryan,Brewer,7.0,Rejected
CAND01034,REQ01227,Patrick,James,8.0,Hired
CAND01035,REQ10444,John,Mccullough,7.8,Hired
CAND01036,REQ15164,Laura,Lynch,0.2,Rejected
CAND01037,REQ11391,Heather,Ramirez,2.6,Rejected
CAND01038,REQ06105,Nicholas,Roberts,13.3,Rejected
CAND01039,REQ24938,Ann,Fowler,0.6,Interviewing
CAND01040,REQ18009,Anna,Quinn,6.1,Rejected
CAND01041,REQ22093,Amber,Ferguson,3.5,Rejected
CAND01042,REQ19814,Lisa,Holland,10.3,Rejected
CAND01043,REQ20043,Amy,Davis,5.4,Interviewing
CAND01044,REQ21647,Kevin,Barnes,11.9,Rejected
CAND01045,REQ24224,Aimee,Owens,15.7,Rejected
CAND01046,REQ17525,Glenn,Stewart,0.9,Rejected
CAND01047,REQ07297,Annette,Meyer,4.8,Rejected
CAND01048,REQ02718,Kim,Vargas,12.6,Hired
CAND01049,REQ18972,Michael,Horne,6.6,Rejected
CAND01050,REQ02093,Francis,Owens,8.0,Rejected
CAND01051,REQ19648,Samantha,Porter,19.3,Interviewing
CAND01052,REQ00087,Ann,Hunt,10.8,Rejected
CAND01053,REQ02377,Matthew,King,16.5,Interviewing
CAND01054,REQ19055,Breanna,Bryan,4.5,Rejected
CAND01055,REQ07286,Michael,Boyd,2.2,Rejected
CAND01056,REQ18103,Robyn,Rivers,14.6,Rejected
CAND01057,REQ19876,Patricia,Gaines,17.2,Interviewing
CAND01058,REQ12634,Jacob,Stevens,4.0,Rejected
CAND01059,REQ16586,Melissa,Fitzpatrick,12.9,Rejected
CAND01060,REQ20332,Kathryn,Gonzalez,16.2,Rejected
CAND01061,REQ03345,Karen,King,10.6,Hired
CAND01062,REQ04819,Brian,Thomas,6.4,Interviewing
CAND01063,REQ09398,Amy,Vargas,16.7,Interviewing
CAND01064,REQ06886,Timothy,Lutz,15.0,Interviewing
CAND01065,REQ01300,Michael,Herrera,5.5,Rejected
CAND01066,REQ12807,Jennifer,Crosby,7.2,Rejected
CAND01067,REQ11826,Daniel,Buck,13.0,Rejected
CAND01068,REQ18434,Ryan,Fitzgerald,15.7,Rejected
CAND01069,REQ02720,Timothy,Welch,16.1,Offer Extended
CAND01070,REQ19695,Timothy,Howard,4.7,Rejected
CAND01071,REQ00960,Jennifer,Campbell,3.3,Rejected
CAND01072,REQ21314,Gary,Tucker,18.1,Hired
CAND01073,REQ15091,Emily,Williams,0.3,Offer Extended
CAND01074,REQ05051,Samantha,Thomas,13.1,Hired
CAND01075,REQ23987,Laura,Henderson,7.0,Offer Extended
CAND01076,REQ05909,Vanessa,Hernandez,5.8,Interviewing
CAND01077,REQ22250,Vanessa,Hernandez,19.0,Rejected
CAND01078,REQ10325,Elizabeth,Faulkner,1.1,Rejected
CAND01079,REQ17624,Kristin,Berger,16.6,Rejected
CAND01080,REQ22245,Patricia,Robinson,15.7,Rejected
CAND01081,REQ06735,Brandon,Cantu,3.7,Rejected
CAND01082,REQ11683,Brent,Smith,15.7,Rejected
CAND01083,REQ07091,Philip,Nguyen,11.1,Interviewing
CAND01084,REQ08120,Kayla,Powers,5.1,Interviewing
CAND01085,REQ13072,James,Fields,13.2,Interviewing
CAND01086,REQ04604,William,Nichols,18.3,Rejected
CAND01087,REQ13779,Rachel,Johnson,15.2,Rejected
CAND01088,REQ08577,Michael,Smith,4.4,Rejected
CAND01089,REQ08582,Krista,Gross,14.8,Hired
CAND01090,REQ08269,Brandy,Stokes,0.6,Rejected
CAND01091,REQ19648,Craig,Adkins,15.0,Rejected
CAND01092,REQ22310,Jane,Barnes,1.9,Rejected
CAND01093,REQ10214,Johnny,Brooks,17.9,Rejected
CAND01094,REQ19553,Gail,Reid,9.4,Hired
CAND01095,REQ10922,Lisa,Giles,6.0,Rejected
CAND01096,REQ24555,Melissa,Barrett,5.0,Interviewing
CAND01097,REQ08564,Pamela,Norman,14.4,Hired
CAND01098,REQ05170,Nicole,Herrera,17.2,Rejected
CAND01099,REQ03480,Stephanie,Lowe,13.8,Rejected
CAND01100,REQ21799,Jill,Patterson,9.1,Rejected
CAND01101,REQ03164,Cory,Williams,5.2,Interviewing
CAND01102,REQ19708,Elizabeth,James,12.0,Interviewing
CAND01103,REQ15652,Mary,Hayes,3.9,Hired
CAND01104,REQ18340,David,Watkins,12.3,Interviewing
CAND01105,REQ09638,Daniel,Ross,3.7,Interviewing
CAND01106,REQ23215,Richard,Williams,12.2,Rejected
CAND01107,REQ07745,Anthony,Hopkins,10.6,Rejected
CAND01108,REQ15133,Brittany,Contreras,2.5,Rejected
CAND01109,REQ12491,James,Kelley,5.8,Rejected
CAND01110,REQ09130,Joseph,Lawson,19.2,Rejected
CAND01111,REQ15765,Amy,Long,7.4,Rejected
CAND01112,REQ06599,Candace,Hampton,12.9,Rejected
CAND01113,REQ03562,Chad,Stone,8.7,Rejected
CAND01114,REQ05905,Natalie,Li,18.7,Rejected
CAND01115,REQ22204,Shelly,Jones,12.0,Rejected
CAND01116,REQ03629,Jill,Martin,2.3,Rejected
CAND01117,REQ03422,John,Wilkinson,11.0,Rejected
CAND01118,REQ02594,Joanne,Hill,13.2,Interviewing
CAND01119,REQ06218,Jennifer,Hansen,0.5,Rejected
CAND01120,REQ09411,Taylor,Parrish,12.4,Rejected
CAND01121,REQ13844,Melanie,Wright,8.0,Interviewing
CAND01122,REQ14218,Andre,Malone,18.1,Hired
CAND01123,REQ15521,Lucas,Griffin,5.0,Rejected
CAND01124,REQ21914,Adrian,Johnson,5.4,Rejected
CAND01125,REQ24523,Patricia,Gutierrez,16.3,Rejected
CAND01126,REQ24825,Kelsey,Martinez,4.6,Rejected
CAND01127,REQ12027,David,Potts,11.1,Rejected
CAND01128,REQ22466,Kelli,Parker,3.8,Rejected
CAND01129,REQ12671,Matthew,Guzman,16.0,Hired
CAND01130,REQ22260,Christy,Johnson,11.4,Rejected
CAND01131,REQ10088,Olivia,Torres,12.7,Offer Extended
CAND01132,REQ11073,Sean,Martin,7.6,Interviewing
CAND01133,REQ05213,Christopher,Clarke,5.3,Rejected
CAND01134,REQ09423,Maurice,Ramirez,19.5,Rejected
CAND01135,REQ18907,Courtney,Russell,2.2,Rejected
CAND01136,REQ08247,Paul,Hicks,7.6,Rejected
CAND01137,REQ21297,Lisa,Thomas,5.5,Rejected
CAND01138,REQ20833,Nicholas,Davis,3.6,Interviewing
CAND01139,REQ21141,Michelle,Davidson,16.0,Rejected
CAND01140,REQ20249,Erica,Schroeder,19.3,Interviewing
CAND01141,REQ09311,Luis,White,6.5,Interviewing
CAND01142,REQ18136,Tracey,Chang,3.6,Interviewing
CAND01143,REQ11274,Alexandria,Burton,10.7,Rejected
CAND01144,REQ00825,John,Guzman,17.4,Rejected
CAND01145,REQ10658,Leslie,Baker,16.1,Rejected
CAND01146,REQ07762,Samuel,Ramirez,4.4,Rejected
CAND01147,REQ07455,Lisa,Smith,18.4,Rejected
CAND01148,REQ02728,Daniel,Nguyen,12.6,Rejected
CAND01149,REQ16291,Mark,Thomas,4.9,Hired
CAND01150,REQ17053,Michelle,Valencia,13.7,Interviewing
CAND01151,REQ08838,Thomas,Koch,1.9,Rejected
CAND01152,REQ02173,Matthew,Erickson,16.2,Interviewing
CAND01153,REQ01488,Robert,Miller,7.1,Rejected
CAND01154,REQ12788,Alex,Snyder,8.9,Rejected
CAND01155,REQ02869,Brian,Rodriguez,17.1,Rejected
CAND01156,REQ03488,Catherine,Robbins,13.8,Rejected
CAND01157,REQ06682,Hunter,Wilkinson,14.2,Rejected
CAND01158,REQ15844,Michael,Saunders,12.7,Interviewing
CAND01159,REQ20117,Pamela,Young,0.9,Interviewing
CAND01160,REQ18153,Andrew,Norton,1.3,Rejected
CAND01161,REQ01760,Leslie,Gonzalez,3.9,Rejected
CAND01162,REQ05837,Roberto,Martin,8.1,Interviewing
CAND01163,REQ09868,Rhonda,Campos,11.7,Rejected
CAND01164,REQ23916,Ashley,Brandt,1.0,Interviewing
CAND01165,REQ06375,Matthew,King,2.7,Interviewing
CAND01166,REQ15259,Charles,Roberts,15.0,Hired
CAND01167,REQ10742,Anthony,Moran,7.8,Rejected
CAND01168,REQ21004,Barbara,Brown,7.3,Hired
CAND01169,REQ07410,Heather,Schmidt,16.5,Rejected
CAND01170,REQ09613,Patricia,Harris,1.9,Rejected
CAND01171,REQ17570,Sara,Bright,1.5,Hired
CAND01172,REQ04115,Hannah,Moore,12.6,Rejected
CAND01173,REQ23730,Desiree,Cuevas,1.6,Rejected
CAND01174,REQ07663,Ronnie,Logan,0.1,Interviewing
CAND01175,REQ05886,Jessica,Erickson,3.7,Rejected
CAND01176,REQ08351,Brad,Ross,15.6,Hired
CAND01177,REQ05953,Aaron,Jackson,14.2,Rejected
CAND01178,REQ15698,Erik,Miller,9.5,Hired
CAND01179,REQ20206,Sandra,Ruiz,12.1,Rejected
CAND01180,REQ05040,Samantha,Carter,6.4,Rejected
CAND01181,REQ08394,Luke,Miles,17.4,Rejected
CAND01182,REQ04603,Jennifer,Medina,13.5,Rejected
CAND01183,REQ03901,Angela,Richardson,4.9,Rejected
CAND01184,REQ12016,Tracy,Steele,9.2,Interviewing
CAND01185,REQ04274,Laura,Hansen,7.4,Rejected
CAND01186,REQ04394,Jeremy,Townsend,15.8,Hired
CAND01187,REQ21619,Jason,Frazier,14.7,Rejected
CAND01188,REQ24314,Nicole,Gross,10.5,Interviewing
CAND01189,REQ19077,Jeremy,Carrillo,2.9,Rejected
CAND01190,REQ21320,Brett,Kim,19.6,Rejected
CAND01191,REQ06426,Jamie,Robinson,9.2,Rejected
CAND01192,REQ03576,Chris,Marshall,12.2,Offer Extended
CAND01193,REQ08262,Angela,Cohen,14.9,Rejected
CAND01194,REQ17165,David,Walker,18.4,Rejected
CAND01195,REQ01801,Patricia,Kim,14.8,Interviewing
CAND01196,REQ04619,Stephanie,Hayden,3.4,Rejected
CAND01197,REQ22810,Paul,Brown,12.1,Interviewing
CAND01198,REQ07786,Thomas,Campos,17.4,Rejected
CAND01199,REQ11084,Penny,Yates,8.8,Rejected
CAND01200,REQ11121,Brandon,Baker,4.5,Interviewing
CAND01201,REQ20645,Robert,Gregory,9.3,Interviewing
CAND01202,REQ15794,Monica,Goodman,9.3,Interviewing
CAND01203,REQ16696,Anthony,Hamilton,19.7,Rejected
CAND01204,REQ05995,Andrea,Rollins,15.9,Rejected
CAND01205,REQ10997,Kathryn,Roberts,15.2,Rejected
CAND01206,REQ16396,Matthew,Thomas,2.5,Rejected
CAND01207,REQ09097,Ashley,Dixon,14.3,Hired
CAND01208,REQ10280,David,Clements,10.0,Rejected
CAND01209,REQ13778,Regina,Wilson,8.0,Hired
CAND01210,REQ13408,Ethan,Sanchez,0.5,Rejected
CAND01211,REQ00289,Deanna,Smith,10.1,Rejected
CAND01212,REQ08704,Richard,Cardenas,6.0,Hired
CAND01213,REQ08453,Susan,Green,10.3,Interviewing
CAND01214,REQ09298,Perry,Garcia,16.7,Interviewing
CAND01215,REQ16499,Daniel,Dalton,18.8,Rejected
CAND01216,REQ11871,Christopher,Campbell,5.5,Rejected
CAND01217,REQ18276,Christopher,Stein,7.1,Rejected
CAND01218,REQ08693,Karen,Miles,0.4,Rejected
CAND01219,REQ08109,Donna,Sellers,14.6,Rejected
CAND01220,REQ11715,Michele,Rojas,6.8,Interviewing
CAND01221,REQ12487,Matthew,Hernandez,11.1,Interviewing
CAND01222,REQ11333,Carol,Howard,1.7,Interviewing
CAND01223,REQ08858,Gregory,Garrett,13.4,Rejected
CAND01224,REQ14873,Christian,Hayes,18.7,Rejected
CAND01225,REQ22616,Elizabeth,Allen,17.7,Rejected
CAND01226,REQ10780,Cynthia,Hines,2.0,Interviewing
CAND01227,REQ08360,Tammy,Anderson,8.7,Interviewing
CAND01228,REQ08500,Todd,Johnson,18.8,Rejected
CAND01229,REQ12670,Dawn,Simpson,2.5,Rejected
CAND01230,REQ09001,Mary,Love,2.5,Rejected
CAND01231,REQ11675,Willie,Leonard,16.0,Interviewing
CAND01232,REQ08342,Gloria,Little,11.2,Rejected
CAND01233,REQ08717,Stacy,Joseph,10.1,Hired
CAND01234,REQ11019,Nicole,Wong,0.3,Interviewing
CAND01235,REQ06226,James,Clark,9.2,Interviewing
CAND01236,REQ13519,Linda,Lewis,19.7,Hired
CAND01237,REQ16480,Sara,Duffy,5.6,Rejected
CAND01238,REQ20085,Blake,Jackson,2.4,Rejected
CAND01239,REQ17746,Patrick,Williams,7.3,Rejected
CAND01240,REQ02575,Katelyn,Spencer,11.2,Rejected
CAND01241,REQ23388,Andrew,Bush,4.6,Rejected
CAND01242,REQ04996,Kaitlyn,Irwin,9.5,Rejected
CAND01243,REQ01474,Vanessa,Duran,0.8,Offer Extended
CAND01244,REQ19030,Paul,Wells,12.4,Interviewing
CAND01245,REQ08425,Andrew,Henry,6.6,Rejected
CAND01246,REQ15694,Rachel,Dawson,1.6,Rejected
CAND01247,REQ16598,Diana,Zamora,18.4,Rejected
CAND01248,REQ18951,Joseph,Johnson,14.0,Rejected
CAND01249,REQ15771,David,Morris,9.6,Rejected
CAND01250,REQ05905,Rebecca,Mitchell,13.3,Rejected
CAND01251,REQ06696,Shane,Steele,16.8,Rejected
CAND01252,REQ20820,Suzanne,Scott,12.4,Rejected
CAND01253,REQ05722,Jesse,Evans,11.8,Hired
CAND01254,REQ09836,Jeffrey,Dougherty,1.3,Hired
CAND01255,REQ22675,Jacob,Lewis,6.3,Rejected
CAND01256,REQ04448,Jennifer,Murray,1.3,Rejected
CAND01257,REQ17895,Rhonda,Patterson,4.4,Rejected
CAND01258,REQ24631,Amy,Young,13.7,Interviewing
CAND01259,REQ16352,Patricia,Miller,6.7,Rejected
CAND01260,REQ19446,Lisa,Zimmerman,6.1,Rejected
CAND01261,REQ17933,Steven,Fuller,16.9,Interviewing
CAND01262,REQ13306,Stacie,Alvarez,11.7,Rejected
CAND01263,REQ13800,Suzanne,Tucker,1.1,Hired
CAND01264,REQ09752,Philip,Graham,7.7,Rejected
CAND01265,REQ07771,James,Willis,13.0,Rejected
CAND01266,REQ22644,William,Wright,7.1,Rejected
CAND01267,REQ04297,Michael,Frost,14.8,Rejected
CAND01268,REQ10863,Steven,Campbell,17.6,Interviewing
CAND01269,REQ17054,Ashley,Gilbert,5.3,Rejected
CAND01270,REQ04385,Allison,Quinn,13.2,Rejected
CAND01271,REQ24044,Kenneth,White,10.1,Rejected
CAND01272,REQ23963,Danny,Arnold,8.5,Rejected
CAND01273,REQ15888,Dale,Clark,5.3,Interviewing
CAND01274,REQ01348,Lindsay,Phillips,15.7,Rejected
CAND01275,REQ13282,Philip,Sloan,0.6,Offer Extended
CAND01276,REQ16473,Thomas,Barnes,9.2,Rejected
CAND01277,REQ09025,Cassandra,Brooks,15.2,Rejected
CAND01278,REQ15580,Ethan,Pace,12.2,Hired
CAND01279,REQ23132,Sergio,Hartman,18.4,Rejected
CAND01280,REQ23339,Candice,Myers,1.3,Rejected
CAND01281,REQ00708,Brooke,Stone,7.0,Interviewing
CAND01282,REQ07643,Kenneth,Knight,8.8,Rejected
CAND01283,REQ04454,Jane,Williams,16.3,Rejected
CAND01284,REQ16946,Michelle,Edwards,8.3,Hired
CAND01285,REQ21469,Lisa,Ayers,16.6,Interviewing
CAND01286,REQ02521,Jeffrey,Arnold,1.4,Offer Extended
CAND01287,REQ21277,Amanda,Carroll,1.1,Rejected
CAND01288,REQ12788,Melissa,Schmidt,11.9,Rejected
CAND01289,REQ06844,Jaime,Bruce,6.8,Interviewing
CAND01290,REQ09841,Amy,Sanders,4.7,Rejected
CAND01291,REQ02885,Rita,Brown,19.6,Rejected
CAND01292,REQ01598,Billy,Harrison,16.3,Rejected
CAND01293,REQ15987,Haley,Williams,16.0,Hired
CAND01294,REQ07947,Carlos,Hall,15.2,Interviewing
CAND01295,REQ14018,Kathleen,Thomas,0.5,Interviewing
CAND01296,REQ06248,Clinton,Rose,3.7,Rejected
CAND01297,REQ15436,Jeremy,Rodriguez,13.0,Rejected
CAND01298,REQ07001,Justin,Ortiz,1.4,Rejected
CAND01299,REQ00401,Michele,Thomas,3.3,Rejected
CAND01300,REQ14272,Gabriel,Montgomery,15.2,Rejected
CAND01301,REQ01606,Troy,Lee,1.4,Rejected
CAND01302,REQ12919,Mark,Baker,11.6,Interviewing
CAND01303,REQ17385,Laura,Wells,7.6,Rejected
CAND01304,REQ20106,Brittany,Richardson,6.2,Rejected
CAND01305,REQ22725,Jennifer,Smith,0.9,Interviewing
CAND01306,REQ03715,Gerald,Miller,10.9,Interviewing
CAND01307,REQ04292,Norma,White,13.9,Rejected
CAND01308,REQ11951,Leah,Keller,6.3,Interviewing
CAND01309,REQ11267,Michael,Buckley,17.9,Rejected
CAND01310,REQ16220,Ryan,Patel,19.7,Interviewing
CAND01311,REQ05328,Sandra,Floyd,15.9,Hired
CAND01312,REQ07885,Monique,Cline,8.5,Offer Extended
CAND01313,REQ13076,Carol,Norris,13.8,Rejected
CAND01314,REQ17232,Kelly,Shaw,6.6,Rejected
CAND01315,REQ21135,Daniel,Chaney,15.2,Rejected
CAND01316,REQ10453,Christopher,Turner,16.1,Rejected
CAND01317,REQ14469,Joseph,Clark,4.5,Rejected
CAND01318,REQ17398,Jose,Roberts,19.6,Rejected
CAND01319,REQ05158,Bruce,Wagner,2.8,Rejected
CAND01320,REQ14653,Steven,Aguilar,6.5,Interviewing
CAND01321,REQ17756,Brian,Elliott,3.3,Rejected
CAND01322,REQ17481,Timothy,Williams,4.2,Rejected
CAND01323,REQ00294,Crystal,Banks,12.0,Interviewing
CAND01324,REQ20409,Sierra,Olson,2.2,Rejected
CAND01325,REQ24453,Cathy,Humphrey,9.0,Rejected
CAND01326,REQ22688,Amy,Walker,13.3,Hired
CAND01327,REQ08869,Valerie,Brown,5.8,Interviewing
CAND01328,REQ17710,Brandon,Peterson,8.0,Rejected
CAND01329,REQ20715,Karen,Walters,17.1,Rejected
CAND01330,REQ03541,Deborah,Mccoy,9.4,Rejected
CAND01331,REQ09645,Christopher,Clayton,9.9,Offer Extended
CAND01332,REQ15598,Katherine,Dawson,11.8,Rejected
CAND01333,REQ24972,Kelly,Martin,18.6,Rejected
CAND01334,REQ02464,Robert,Pena,13.6,Rejected
CAND01335,REQ20907,Regina,Warren,14.5,Interviewing
CAND01336,REQ23618,Daniel,Bowers,10.3,Rejected
CAND01337,REQ20663,Spencer,Brown,5.9,Rejected
CAND01338,REQ03326,Samantha,Smith,7.3,Interviewing
CAND01339,REQ19292,Karen,Guerra,13.2,Interviewing
CAND01340,REQ18865,Elizabeth,Miles,10.7,Rejected
CAND01341,REQ09786,Madison,Johnson,11.0,Rejected
CAND01342,REQ14628,Sandra,Munoz,2.5,Rejected
CAND01343,REQ18860,Hannah,Blankenship,12.3,Hired
CAND01344,REQ05212,Leslie,Wang,9.8,Hired
CAND01345,REQ23646,Nathan,Davis,8.5,Rejected
CAND01346,REQ09380,David,Williams,13.9,Hired
CAND01347,REQ11237,Richard,Anderson,9.6,Rejected
CAND01348,REQ17665,Sean,Robertson,13.5,Rejected
CAND01349,REQ21705,Crystal,Johnson,9.4,Rejected
CAND01350,REQ24070,Nicole,Lynch,9.6,Rejected
CAND01351,REQ01598,Jessica,Nash,10.8,Rejected
CAND01352,REQ19509,Denise,Bradford,11.1,Rejected
CAND01353,REQ12852,Madison,Ramos,17.5,Rejected
CAND01354,REQ11278,James,Logan,11.9,Rejected
CAND01355,REQ21801,Robert,Yates,13.0,Rejected
CAND01356,REQ23149,John,Jones,6.5,Rejected
CAND01357,REQ01545,Elizabeth,Moore,3.1,Hired
CAND01358,REQ04274,Barbara,Bryant,6.9,Rejected
CAND01359,REQ24635,Allison,Price,5.4,Hired
CAND01360,REQ03399,Adam,Brown,18.1,Offer Extended
CAND01361,REQ10191,David,Roberts,5.5,Rejected
CAND01362,REQ04311,Kelly,Miller,17.3,Hired
CAND01363,REQ00743,Ashley,Young,6.1,Rejected
CAND01364,REQ08467,Jennifer,Chandler,13.9,Rejected
CAND01365,REQ15982,William,Ware,12.7,Rejected
CAND01366,REQ09047,Richard,Blevins,10.9,Rejected
CAND01367,REQ03418,Jonathon,Hernandez,11.0,Rejected
CAND01368,REQ24853,Kathryn,Bowman,3.9,Interviewing
CAND01369,REQ08495,Anthony,Gonzalez,19.2,Interviewing
CAND01370,REQ05688,Caitlyn,Smith,12.7,Offer Extended
CAND01371,REQ15714,Stacey,Brown,4.1,Hired
CAND01372,REQ00270,Jeffrey,Arnold,1.1,Rejected
CAND01373,REQ06894,Megan,Knapp,17.9,Rejected
CAND01374,REQ21937,James,Hanna,18.7,Rejected
CAND01375,REQ08636,Donald,Fields,14.0,Rejected
CAND01376,REQ05547,Sara,Smith,2.7,Rejected
CAND01377,REQ07864,Susan,Nichols,7.3,Hired
CAND01378,REQ10851,Brandi,Holland,6.8,Rejected
CAND01379,REQ06717,Kathleen,Turner,17.6,Offer Extended
CAND01380,REQ13651,Christopher,Torres,13.8,Rejected
CAND01381,REQ13641,Gregory,Reyes,18.0,Offer Extended
CAND01382,REQ21243,Jon,Baker,14.8,Interviewing
CAND01383,REQ19515,Aaron,Huff,16.0,Rejected
CAND01384,REQ21912,Julie,Benton,2.3,Rejected
CAND01385,REQ13927,Lawrence,Walker,1.5,Interviewing
CAND01386,REQ12564,Steven,Miller,19.4,Rejected
CAND01387,REQ04803,Steven,Levy,9.1,Rejected
CAND01388,REQ24028,Timothy,Barrett,16.3,Rejected
CAND01389,REQ06908,Julie,Williams,13.9,Hired
CAND01390,REQ22274,Makayla,Wheeler,14.4,Rejected
CAND01391,REQ19626,Brandon,Steele,10.1,Rejected
CAND01392,REQ17846,Troy,Bell,0.5,Rejected
CAND01393,REQ07947,Jeremiah,Rodriguez,1.7,Rejected
CAND01394,REQ24163,Drew,Shaffer,11.6,Rejected
CAND01395,REQ23366,Nicholas,White,11.4,Hired
CAND01396,REQ02517,Thomas,Hill,7.3,Interviewing
CAND01397,REQ11165,Laura,Diaz,13.7,Rejected
CAND01398,REQ12572,Nathaniel,White,0.6,Hired
CAND01399,REQ06179,Justin,Cohen,15.4,Rejected
CAND01400,REQ22187,Linda,Manning,19.8,Rejected
CAND01401,REQ22373,Robin,Kennedy,10.2,Interviewing
CAND01402,REQ10001,Seth,Andrews,6.5,Interviewing
CAND01403,REQ10550,Andrea,Taylor,15.1,Interviewing
CAND01404,REQ24645,Kenneth,Collins,15.3,Interviewing
CAND01405,REQ15507,Christine,Curry,4.8,Rejected
CAND01406,REQ03890,Kayla,Marquez,18.9,Rejected
CAND01407,REQ04580,Joseph,Holder,8.7,Rejected
CAND01408,REQ24978,Emily,Fisher,4.1,Hired
CAND01409,REQ15656,Jill,Conner,0.1,Rejected
CAND01410,REQ09935,David,Olson,0.1,Interviewing
CAND01411,REQ03216,Gregory,West,7.6,Interviewing
CAND01412,REQ14983,David,Sullivan,18.8,Rejected
CAND01413,REQ00872,Luke,Keith,19.1,Interviewing
CAND01414,REQ17152,Kathleen,Pham,7.3,Rejected
CAND01415,REQ23812,Dennis,Jones,2.6,Rejected
CAND01416,REQ01083,Nicholas,Anderson,12.9,Rejected
CAND01417,REQ11705,Christopher,King,8.0,Rejected
CAND01418,REQ17654,Daniel,Rice,16.7,Rejected
CAND01419,REQ20677,Gregory,Cox,16.7,Rejected
CAND01420,REQ02223,Peter,Fleming,15.3,Rejected
CAND01421,REQ04314,Timothy,Gray,9.9,Rejected
CAND01422,REQ23836,Darrell,Butler,14.9,Hired
CAND01423,REQ11352,Jeremy,Dunn,15.8,Rejected
CAND01424,REQ21397,Traci,Grant,18.2,Interviewing
CAND01425,REQ19053,Matthew,Hernandez,19.2,Rejected
CAND01426,REQ10787,Christy,Anderson,16.1,Rejected
CAND01427,REQ13704,Patrick,Diaz,18.9,Hired
CAND01428,REQ12511,Monica,Harper,7.0,Interviewing
CAND01429,REQ24263,Kathryn,White,2.4,Rejected
CAND01430,REQ14404,Elizabeth,Calderon,19.4,Interviewing
CAND01431,REQ14315,John,Moore,1.3,Rejected
CAND01432,REQ17312,Sarah,Smith,4.7,Hired
CAND01433,REQ05577,Kyle,Deleon,16.2,Rejected
CAND01434,REQ21030,Timothy,Robinson,0.1,Rejected
CAND01435,REQ07016,Brian,Joseph,13.8,Rejected
CAND01436,REQ21969,Anthony,Stone,6.4,Rejected
CAND01437,REQ18746,Justin,Perez,13.0,Rejected
CAND01438,REQ16303,Randy,Byrd,15.4,Rejected
CAND01439,REQ15931,Andrew,Vasquez,16.1,Interviewing
CAND01440,REQ11700,Wesley,Ramirez,10.2,Offer Extended
CAND01441,REQ14069,Evelyn,Robinson,5.0,Interviewing
CAND01442,REQ06900,Donna,Evans,13.0,Offer Extended
CAND01443,REQ22849,Brandon,Adams,3.6,Rejected
CAND01444,REQ11675,Joseph,Robinson,5.9,Rejected
CAND01445,REQ24282,Deborah,Harris,8.6,Rejected
CAND01446,REQ00637,Laura,Rodriguez,1.1,Rejected
CAND01447,REQ23051,Brendan,Daniels,3.0,Rejected
CAND01448,REQ24419,Tracy,White,14.7,Interviewing
CAND01449,REQ10363,Marilyn,Campos,15.1,Rejected
CAND01450,REQ09099,Steven,Heath,7.4,Rejected
CAND01451,REQ13853,Joshua,Powell,14.2,Offer Extended
CAND01452,REQ13473,Destiny,Peterson,10.3,Rejected
CAND01453,REQ06027,Jason,Taylor,4.1,Rejected
CAND01454,REQ03388,Katherine,Wright,10.1,Rejected
CAND01455,REQ01710,Roger,Jennings,15.5,Rejected
CAND01456,REQ03240,Laura,Craig,3.5,Rejected
CAND01457,REQ20526,Megan,Mosley,3.9,Offer Extended
CAND01458,REQ19543,Kim,Soto,8.8,Interviewing
CAND01459,REQ16668,Anne,Thompson,10.9,Rejected
CAND01460,REQ02912,Travis,Watson,10.2,Rejected
CAND01461,REQ20568,Dawn,Potts,18.1,Rejected
CAND01462,REQ00178,Charlene,Oliver,10.8,Rejected
CAND01463,REQ05374,Cindy,Munoz,10.5,Rejected
CAND01464,REQ12740,Melissa,Howard,19.7,Rejected
CAND01465,REQ24674,Peter,Rogers,1.2,Rejected
CAND01466,REQ17142,Nicholas,Ingram,5.4,Rejected
CAND01467,REQ02017,Daniel,Gill,3.7,Rejected
CAND01468,REQ21396,Natalie,Miranda,18.7,Rejected
CAND01469,REQ18528,Derek,Stewart,14.1,Interviewing
CAND01470,REQ21684,David,Casey,3.5,Rejected
CAND01471,REQ10592,Paul,Woods,9.6,Hired
CAND01472,REQ12349,David,Brennan,10.4,Rejected
CAND01473,REQ19793,Laurie,Garcia,13.0,Interviewing
CAND01474,REQ03252,Lynn,Jones,3.0,Rejected
CAND01475,REQ16969,William,Fritz,18.1,Offer Extended
CAND01476,REQ07431,Sara,James,16.9,Rejected
CAND01477,REQ22620,Wyatt,Alvarez,19.8,Rejected
CAND01478,REQ22097,Robert,Herrera,7.5,Rejected
CAND01479,REQ23298,Sheila,Garcia,4.1,Interviewing
CAND01480,REQ20274,Ryan,Paul,19.1,Rejected
CAND01481,REQ21480,Carol,Conner,10.6,Hired
CAND01482,REQ06971,Natasha,Padilla,14.4,Hired
CAND01483,REQ22518,Kevin,Gonzales,4.0,Rejected
CAND01484,REQ23246,John,Burnett,7.3,Rejected
CAND01485,REQ10495,Connie,Kelly,4.6,Hired
CAND01486,REQ07750,Nicole,Young,14.6,Rejected
CAND01487,REQ01228,Shawn,Murphy,13.4,Rejected
CAND01488,REQ06929,Haley,Vasquez,19.0,Rejected
CAND01489,REQ16124,Tiffany,Miller,6.1,Rejected
CAND01490,REQ15369,Dawn,Johnson,6.6,Rejected
CAND01491,REQ18726,Ivan,Daniels,11.0,Rejected
CAND01492,REQ10968,Scott,Young,19.3,Rejected
CAND01493,REQ15050,Robert,Phelps,14.3,Interviewing
CAND01494,REQ13285,David,Curtis,19.7,Rejected
CAND01495,REQ02210,Emily,Mcdonald,10.0,Interviewing
CAND01496,REQ11799,Jennifer,Mendoza,3.2,Rejected
CAND01497,REQ07551,Ethan,Stuart,10.5,Rejected
CAND01498,REQ18121,Adrian,Collins,6.9,Hired
CAND01499,REQ12140,Karen,Dillon,9.7,Rejected
CAND01500,REQ13464,Aaron,Williams,14.7,Rejected
CAND01501,REQ05799,Beverly,Mack,13.8,Rejected
CAND01502,REQ00834,Rebecca,Levine,19.4,Rejected
CAND01503,REQ02480,Kristen,White,18.6,Interviewing
CAND01504,REQ16699,Kevin,Perkins,6.2,Rejected
CAND01505,REQ10549,Russell,Burns,14.2,Rejected
CAND01506,REQ12628,Mary,Scott,5.2,Rejected
CAND01507,REQ23054,Christina,White,0.3,Rejected
CAND01508,REQ20066,Robert,Rios,4.0,Interviewing
CAND01509,REQ20450,Christina,Harrison,10.6,Rejected
CAND01510,REQ06911,Tracy,Kim,8.0,Rejected
CAND01511,REQ15046,Amanda,Wagner,18.3,Rejected
CAND01512,REQ19034,Christina,Wilson,12.6,Interviewing
CAND01513,REQ08515,Shawn,Wright,17.1,Rejected
CAND01514,REQ21683,Susan,Miller,1.6,Interviewing
CAND01515,REQ06049,Jeffrey,Carlson,3.2,Rejected
CAND01516,REQ20370,Jennifer,Sanders,6.8,Rejected
CAND01517,REQ06656,Craig,Beard,15.1,Rejected
CAND01518,REQ20379,Jeffrey,Jones,18.7,Rejected
CAND01519,REQ02134,Chelsea,Rodriguez,9.2,Rejected
CAND01520,REQ03041,Edward,Norris,16.3,Rejected
CAND01521,REQ02540,David,Nicholson,15.8,Hired
CAND01522,REQ17415,Victor,Fleming,17.0,Offer Extended
CAND01523,REQ12497,Julie,Carr,16.0,Rejected
CAND01524,REQ10856,Austin,Allen,9.9,Hired
CAND01525,REQ15384,Keith,Houston,17.5,Hired
CAND01526,REQ07143,Madison,Adkins,2.6,Rejected
CAND01527,REQ15895,Guy,Martin,2.1,Rejected
CAND01528,REQ11977,Teresa,Eaton,16.8,Rejected
CAND01529,REQ16068,Donald,Gomez,19.9,Hired
CAND01530,REQ07214,Gabriel,Leon,9.9,Hired
CAND01531,REQ19548,Nathan,Sims,17.8,Rejected
CAND01532,REQ00114,Christy,Cummings,0.4,Rejected
CAND01533,REQ00761,Maria,Ellis,2.8,Rejected
CAND01534,REQ04964,Stephen,Villanueva,15.7,Rejected
CAND01535,REQ00813,Michael,Cherry,14.9,Rejected
CAND01536,REQ05522,Ashley,Martin,4.1,Rejected
CAND01537,REQ24648,Laurie,Wolfe,16.5,Interviewing
CAND01538,REQ10943,Andrew,Hampton,5.0,Rejected
CAND01539,REQ09796,Elizabeth,Patton,1.3,Rejected
CAND01540,REQ23745,Lisa,Bautista,13.9,Rejected
CAND01541,REQ08482,John,Smith,9.1,Rejected
CAND01542,REQ02926,Brittany,Brock,11.1,Rejected
CAND01543,REQ24462,Kelly,Davies,7.9,Rejected
CAND01544,REQ22368,Roger,Hobbs,5.4,Rejected
CAND01545,REQ23679,Jose,Johnson,13.8,Hired
CAND01546,REQ07752,Olivia,Walker,17.8,Offer Extended
CAND01547,REQ03278,Karen,Ramos,9.1,Rejected
CAND01548,REQ09589,Charles,Roberts,3.3,Interviewing
CAND01549,REQ16650,Aaron,Robinson,4.1,Interviewing
CAND01550,REQ21095,Adam,Clark,8.7,Rejected
CAND01551,REQ07017,Michael,Anderson,4.8,Rejected
CAND01552,REQ01172,John,Sellers,19.1,Interviewing
CAND01553,REQ06445,Kim,Robinson,18.0,Hired
CAND01554,REQ03854,Daniel,Mcdaniel,7.2,Rejected
CAND01555,REQ02192,Mary,Smith,19.4,Hired
CAND01556,REQ05179,Natalie,Small,19.5,Rejected
CAND01557,REQ17917,Jason,Santiago,16.6,Rejected
CAND01558,REQ01830,Joshua,Jones,13.5,Rejected
CAND01559,REQ11232,Vincent,Gonzalez,0.4,Rejected
CAND01560,REQ18255,Sherry,Howard,5.4,Interviewing
CAND01561,REQ04378,Daniel,Wilson,9.9,Rejected
CAND01562,REQ17446,James,Bridges,13.2,Rejected
CAND01563,REQ13145,Peter,Miller,17.0,Rejected
CAND01564,REQ21226,Sherri,Santiago,16.4,Interviewing
CAND01565,REQ00266,David,Robinson,18.5,Interviewing
CAND01566,REQ20294,Dillon,Hawkins,17.9,Rejected
CAND01567,REQ18302,Christopher,Robinson,15.2,Rejected
CAND01568,REQ17128,Robin,Barber,5.5,Rejected
CAND01569,REQ03031,Erica,Brown,12.8,Rejected
CAND01570,REQ20755,Daniel,Daniels,11.0,Hired
CAND01571,REQ13659,Ryan,Cuevas,18.6,Interviewing
CAND01572,REQ20633,Brenda,Arnold,16.2,Rejected
CAND01573,REQ01923,Patricia,Cooley,0.8,Hired
CAND01574,REQ00271,Lori,Williams,13.4,Rejected
CAND01575,REQ15465,Jennifer,Wright,2.4,Rejected
CAND01576,REQ19280,Miguel,Clark,2.1,Rejected
CAND01577,REQ21576,Guy,Flores,12.6,Offer Extended
CAND01578,REQ09664,Juan,Allen,4.8,Rejected
CAND01579,REQ18826,Ryan,Allen,17.1,Rejected
CAND01580,REQ09128,Lisa,Gonzalez,13.0,Interviewing
CAND01581,REQ03481,Katrina,Duke,19.1,Rejected
CAND01582,REQ24689,Denise,Cook,9.5,Rejected
CAND01583,REQ24199,Jennifer,Merritt,12.8,Interviewing
CAND01584,REQ12846,William,Perkins,17.5,Offer Extended
CAND01585,REQ19203,Rodney,Trujillo,3.1,Rejected
CAND01586,REQ01169,Paula,Brown,1.3,Rejected
CAND01587,REQ07887,Aaron,Hodges,6.3,Rejected
CAND01588,REQ22229,Andrea,Gomez,17.3,Rejected
CAND01589,REQ13098,Lisa,Wells,14.7,Rejected
CAND01590,REQ19490,Ross,Smith,9.5,Rejected
CAND01591,REQ06794,Matthew,Davis,9.0,Rejected
CAND01592,REQ20387,Mitchell,Mcneil,15.7,Rejected
CAND01593,REQ02443,Joseph,Moon,0.4,Rejected
CAND01594,REQ19590,Veronica,Scott,0.8,Hired
CAND01595,REQ17319,Robert,Sanchez,13.9,Rejected
CAND01596,REQ03104,Margaret,Garner,10.2,Interviewing
CAND01597,REQ01377,Anne,Obrien,1.1,Offer Extended
CAND01598,REQ22625,Amy,Miller,16.4,Rejected
CAND01599,REQ20878,Sarah,Rodriguez,11.7,Interviewing
CAND01600,REQ24365,Michael,Ingram,2.8,Interviewing
CAND01601,REQ02749,Kathy,Strong,8.4,Rejected
CAND01602,REQ05155,Frank,Petersen,12.3,Rejected
CAND01603,REQ22100,Anna,Hurley,15.8,Rejected
CAND01604,REQ10801,Jason,Gomez,4.0,Hired
CAND01605,REQ02552,Julie,Waters,1.1,Hired
CAND01606,REQ04931,Jacob,Crosby,0.3,Hired
CAND01607,REQ23208,Lucas,Sweeney,7.8,Rejected
CAND01608,REQ09075,Heather,Dominguez,15.2,Rejected
CAND01609,REQ10971,Theresa,Brady,7.4,Rejected
CAND01610,REQ12850,Jason,White,12.6,Interviewing
CAND01611,REQ08390,Shawn,Fisher,8.7,Rejected
CAND01612,REQ21511,Kristine,Schneider,10.7,Rejected
CAND01613,REQ05496,Jesse,Morgan,16.9,Offer Extended
CAND01614,REQ17618,Stephanie,Garcia,17.4,Rejected
CAND01615,REQ03939,Jared,Aguirre,17.1,Hired
CAND01616,REQ19746,Joseph,Fuller,15.4,Interviewing
CAND01617,REQ11647,Patrick,Anderson,9.2,Interviewing
CAND01618,REQ10066,Angie,Ruiz,19.4,Rejected
CAND01619,REQ22631,Melissa,Scott,3.0,Interviewing
CAND01620,REQ01309,Michael,Thomas,7.7,Rejected
CAND01621,REQ06349,Johnathan,Morales,10.0,Rejected
CAND01622,REQ03496,Allen,Holden,17.8,Rejected
CAND01623,REQ22829,Erin,Martinez,3.2,Interviewing
CAND01624,REQ01187,Jonathan,Davidson,11.3,Rejected
CAND01625,REQ17566,Cindy,Rice,0.5,Rejected
CAND01626,REQ08712,Evan,Williams,8.6,Rejected
CAND01627,REQ12788,Nicholas,Combs,19.1,Interviewing
CAND01628,REQ03890,Gary,Johnson,2.4,Interviewing
CAND01629,REQ11669,Marisa,Schmidt,9.3,Hired
CAND01630,REQ11563,Kristen,Graham,18.5,Rejected
CAND01631,REQ08502,William,Lewis,0.8,Rejected
CAND01632,REQ17267,Hunter,Kelly,6.4,Rejected
CAND01633,REQ09610,Andrea,Bailey,16.6,Rejected
CAND01634,REQ00012,Kristin,Morales,19.1,Hired
CAND01635,REQ14435,Sandra,Guzman,14.6,Rejected
CAND01636,REQ07222,Jared,Hudson,10.4,Rejected
CAND01637,REQ17763,Ashley,Huff,14.2,Rejected
CAND01638,REQ01345,Kenneth,Thompson,12.0,Rejected
CAND01639,REQ07762,Erin,Moore,8.4,Rejected
CAND01640,REQ10876,Mary,Bryan,1.3,Rejected
CAND01641,REQ02965,Colleen,Ramos,19.3,Offer Extended
CAND01642,REQ13856,Madison,Jones,10.0,Rejected
CAND01643,REQ24359,Wendy,Yates,7.3,Hired
CAND01644,REQ05404,Maria,Brown,7.1,Rejected
CAND01645,REQ02989,Ryan,Hartman,1.4,Rejected
CAND01646,REQ08986,Jessica,Trevino,13.8,Interviewing
CAND01647,REQ17746,Joel,Dunlap,17.1,Rejected
CAND01648,REQ08419,Audrey,Price,9.4,Interviewing
CAND01649,REQ16280,David,Walters,19.9,Rejected
CAND01650,REQ18283,Crystal,Jones,2.5,Interviewing
CAND01651,REQ00979,Tiffany,Evans,18.9,Rejected
CAND01652,REQ16012,Lisa,Wilkerson,6.5,Rejected
CAND01653,REQ03943,Debra,Allen,1.5,Hired
CAND01654,REQ16644,Megan,Martinez,17.4,Rejected
CAND01655,REQ13851,Tiffany,Harris,17.2,Rejected
CAND01656,REQ12096,Steve,Hernandez,12.1,Rejected
CAND01657,REQ07829,Chris,Martinez,9.7,Rejected
CAND01658,REQ05452,Lisa,Fox,13.7,Rejected
CAND01659,REQ17340,Natalie,Daniels,9.7,Offer Extended
CAND01660,REQ06750,Mary,Irwin,8.2,Rejected
CAND01661,REQ21754,Lacey,Brown,14.7,Rejected
CAND01662,REQ19818,Carol,Anderson,6.6,Interviewing
CAND01663,REQ04896,Mary,Stephens,6.0,Rejected
CAND01664,REQ23480,Ralph,Barnes,0.5,Rejected
CAND01665,REQ16255,Michael,Morrow,17.8,Rejected
CAND01666,REQ17311,Jeffrey,Hopkins,10.5,Rejected
CAND01667,REQ10193,Joel,Santana,16.3,Offer Extended
CAND01668,REQ03010,Abigail,Francis,19.9,Rejected
CAND01669,REQ07852,Dana,Garcia,14.5,Interviewing
CAND01670,REQ00434,Brian,Graves,8.4,Rejected
CAND01671,REQ09820,Chelsey,Adams,7.6,Interviewing
CAND01672,REQ22355,Jessica,Castillo,15.2,Hired
CAND01673,REQ21559,Eric,Clark,16.0,Hired
CAND01674,REQ02518,Valerie,Odom,2.4,Rejected
CAND01675,REQ10157,Peggy,Martin,13.6,Rejected
CAND01676,REQ02602,Jose,Young,10.4,Interviewing
CAND01677,REQ15426,Michele,Perry,19.7,Interviewing
CAND01678,REQ10535,Pam,Ellis,16.5,Rejected
CAND01679,REQ18345,Jill,Frederick,5.2,Rejected
CAND01680,REQ24161,Jonathan,Smith,2.4,Rejected
CAND01681,REQ13519,Michael,Stout,12.1,Hired
CAND01682,REQ01606,Anita,Alvarez,15.4,Rejected
CAND01683,REQ21309,Jasmine,Smith,17.7,Rejected
CAND01684,REQ21153,Brian,Perkins,19.7,Interviewing
CAND01685,REQ01232,Ann,Kennedy,15.6,Interviewing
CAND01686,REQ14768,Kyle,Clayton,13.3,Offer Extended
CAND01687,REQ12561,John,Stone,12.0,Interviewing
CAND01688,REQ11473,Tim,Henderson,13.7,Rejected
CAND01689,REQ01852,Susan,Frye,5.9,Rejected
CAND01690,REQ23272,Jill,Rios,18.2,Rejected
CAND01691,REQ18824,Christina,King,12.5,Rejected
CAND01692,REQ10035,Walter,Kelly,17.5,Hired
CAND01693,REQ16902,Taylor,Church,12.1,Rejected
CAND01694,REQ04671,Julie,Sutton,6.6,Rejected
CAND01695,REQ09818,Caitlin,Gallagher,12.9,Hired
CAND01696,REQ04433,Robert,King,19.7,Rejected
CAND01697,REQ19408,Nicole,Mitchell,10.4,Rejected
CAND01698,REQ22115,Virginia,Briggs,5.5,Rejected
CAND01699,REQ08080,Alyssa,Montoya,13.4,Rejected
CAND01700,REQ14113,Justin,Peters,2.1,Interviewing
CAND01701,REQ07898,Kimberly,Mejia,14.8,Rejected
CAND01702,REQ02031,Jessica,Palmer,4.7,Rejected
CAND01703,REQ21822,Jose,Conway,6.9,Rejected
CAND01704,REQ16716,Patrick,Phillips,17.6,Rejected
CAND01705,REQ13044,Andrew,Mora,10.1,Rejected
CAND01706,REQ21281,Willie,Bennett,3.1,Rejected
CAND01707,REQ19489,Heather,Andrews,18.1,Interviewing
CAND01708,REQ16331,Lauren,Rojas,0.6,Rejected
CAND01709,REQ03217,William,Hamilton,3.6,Hired
CAND01710,REQ02166,William,Harmon,7.4,Rejected
CAND01711,REQ03500,Christopher,Hardy,13.2,Offer Extended
CAND01712,REQ05943,James,Cunningham,3.1,Rejected
CAND01713,REQ07267,Mary,Peterson,7.0,Interviewing
CAND01714,REQ00462,Brian,Brown,19.1,Rejected
CAND01715,REQ07931,Connie,Knight,17.1,Hired
CAND01716,REQ08614,Crystal,Miller,5.2,Interviewing
CAND01717,REQ11801,Tracy,Jones,18.1,Rejected
CAND01718,REQ09517,Roberta,Nguyen,13.6,Offer Extended
CAND01719,REQ06222,Haley,Baker,19.8,Rejected
CAND01720,REQ15627,Savannah,Chavez,17.6,Interviewing
CAND01721,REQ23422,Diana,Bartlett,0.2,Rejected
CAND01722,REQ00946,Charles,Meza,14.0,Offer Extended
CAND01723,REQ02322,Steven,Vargas,19.9,Rejected
CAND01724,REQ02241,Stephanie,Cox,8.2,Rejected
CAND01725,REQ08911,Mary,Ewing,18.4,Rejected
CAND01726,REQ15163,Kevin,Lawrence,1.8,Rejected
CAND01727,REQ16831,Amanda,Porter,11.1,Hired
CAND01728,REQ17846,David,Avila,19.1,Rejected
CAND01729,REQ20502,Christopher,Newman,13.7,Rejected
CAND01730,REQ23152,Sean,Peterson,12.2,Rejected
CAND01731,REQ14016,Andrew,Hernandez,11.7,Rejected
CAND01732,REQ17184,Ross,Arnold,18.9,Rejected
CAND01733,REQ02119,Patricia,Clarke,14.2,Interviewing
CAND01734,REQ04449,Kristopher,Munoz,12.8,Rejected
CAND01735,REQ02706,Karen,Perez,17.5,Rejected
CAND01736,REQ01290,Nicole,Rose,6.2,Rejected
CAND01737,REQ00857,Gary,Ortiz,5.8,Interviewing
CAND01738,REQ13269,Tracie,Davis,17.6,Rejected
CAND01739,REQ12983,Alyssa,Farley,0.2,Rejected
CAND01740,REQ22047,Deanna,Ballard,3.8,Rejected
CAND01741,REQ02470,Amy,Lee,14.9,Hired
CAND01742,REQ16546,Amber,Lewis,5.7,Rejected
CAND01743,REQ02329,Tammy,Ho,2.4,Rejected
CAND01744,REQ19199,Sarah,Larson,11.1,Rejected
CAND01745,REQ13331,Christina,Smith,6.2,Hired
CAND01746,REQ22986,Jennifer,Rose,9.0,Hired
CAND01747,REQ19618,Jeff,Moore,7.5,Rejected
CAND01748,REQ02237,Morgan,Morales,5.3,Offer Extended
CAND01749,REQ17575,Alice,Moreno,1.8,Rejected
CAND01750,REQ08314,Anthony,Fletcher,7.2,Rejected
CAND01751,REQ21653,Susan,George,15.1,Interviewing
CAND01752,REQ10950,Natalie,Martin,17.9,Rejected
CAND01753,REQ06764,Bonnie,Kirby,10.0,Rejected
CAND01754,REQ09075,Carla,Perez,17.9,Interviewing
CAND01755,REQ17547,Jesse,Bennett,8.3,Rejected
CAND01756,REQ18146,Benjamin,Brown,9.7,Rejected
CAND01757,REQ19773,Angela,Berry,19.6,Rejected
CAND01758,REQ05334,Erin,Hall,1.5,Rejected
CAND01759,REQ08386,Kimberly,Diaz,8.4,Hired
CAND01760,REQ13018,Michael,Herrera,18.1,Hired
CAND01761,REQ01424,Michael,Walker,17.4,Rejected
CAND01762,REQ17701,Connie,Evans,17.2,Offer Extended
CAND01763,REQ06347,Jessica,Davis,18.1,Hired
CAND01764,REQ06106,Tammy,Clark,15.0,Rejected
CAND01765,REQ01654,Anthony,Cooper,10.5,Rejected
CAND01766,REQ01264,Dustin,Graham,13.1,Rejected
CAND01767,REQ11248,Steve,Fritz,0.6,Rejected
CAND01768,REQ21885,Carolyn,Moss,5.8,Rejected
CAND01769,REQ00439,Edward,Lucas,11.3,Rejected
CAND01770,REQ19323,Bianca,Martinez,9.1,Rejected
CAND01771,REQ17820,Michael,Schneider,12.5,Rejected
CAND01772,REQ18823,Dana,Gillespie,19.7,Rejected
CAND01773,REQ04029,Whitney,Alexander,9.9,Rejected
CAND01774,REQ02116,Christine,Perez,3.5,Rejected
CAND01775,REQ08641,Matthew,Smith,14.6,Rejected
CAND01776,REQ07966,Christopher,Johns,16.8,Rejected
CAND01777,REQ10103,Erica,Boyer,10.0,Rejected
CAND01778,REQ23266,Ashley,Edwards,15.7,Rejected
CAND01779,REQ22629,Aaron,Jones,13.2,Rejected
CAND01780,REQ24671,Jill,Payne,0.1,Rejected
CAND01781,REQ20831,Joshua,Roberson,7.0,Rejected
CAND01782,REQ21812,Melody,Brown,10.0,Rejected
CAND01783,REQ07467,James,Bennett,13.1,Rejected
CAND01784,REQ09877,Ryan,Lawson,8.7,Rejected
CAND01785,REQ20754,Sandra,Perry,16.3,Interviewing
CAND01786,REQ01031,Mark,Brown,17.9,Offer Extended
CAND01787,REQ13759,Alicia,Tyler,9.8,Rejected
CAND01788,REQ01254,James,Sanchez,7.4,Rejected
CAND01789,REQ18218,Katherine,Martinez,7.9,Interviewing
CAND01790,REQ03005,Erik,Patterson,19.8,Rejected
CAND01791,REQ16774,Diana,Ward,12.0,Rejected
CAND01792,REQ21219,William,Williams,2.9,Rejected
CAND01793,REQ05981,Dennis,Allison,19.9,Rejected
CAND01794,REQ23711,Kimberly,Wallace,19.0,Rejected
CAND01795,REQ15761,Ruben,Roberts,15.9,Rejected
CAND01796,REQ02767,Alicia,Clark,11.7,Rejected
CAND01797,REQ23601,Robert,Carter,6.1,Rejected
CAND01798,REQ11485,Jeffrey,Bishop,8.7,Rejected
CAND01799,REQ24305,Jillian,Phillips,12.8,Rejected
CAND01800,REQ14273,Randy,Edwards,3.0,Rejected
CAND01801,REQ02071,Daniel,Donovan,11.9,Rejected
CAND01802,REQ03438,Glenn,Young,18.8,Rejected
CAND01803,REQ16806,Levi,Lewis,7.8,Rejected
CAND01804,REQ11236,Patrick,Hunt,15.1,Hired
CAND01805,REQ09829,Scott,Pratt,0.5,Rejected
CAND01806,REQ13531,Tiffany,King,10.9,Rejected
CAND01807,REQ07387,Jennifer,Malone,17.6,Rejected
CAND01808,REQ22751,James,Watson,6.1,Rejected
CAND01809,REQ21166,Michele,Zavala,10.1,Rejected
CAND01810,REQ22696,Claudia,Stein,6.2,Rejected
CAND01811,REQ07875,Janet,Weaver,10.7,Rejected
CAND01812,REQ11842,Diana,Johnson,9.2,Rejected
CAND01813,REQ12657,Denise,Newman,0.7,Rejected
CAND01814,REQ05693,Yolanda,Castro,13.8,Rejected
CAND01815,REQ20600,Kristy,Rodriguez,8.1,Rejected
CAND01816,REQ14743,Erika,Wood,1.6,Rejected
CAND01817,REQ11798,Breanna,Brown,1.8,Rejected
CAND01818,REQ17133,Gail,Dominguez,7.3,Rejected
CAND01819,REQ17568,Thomas,Anderson,18.9,Rejected
CAND01820,REQ16797,Bryan,Shepherd,6.1,Rejected
CAND01821,REQ00993,Connie,Edwards,2.1,Rejected
CAND01822,REQ17854,Anthony,Sanchez,5.9,Rejected
CAND01823,REQ12573,Veronica,Miller,2.4,Rejected
CAND01824,REQ05854,John,Green,8.0,Rejected
CAND01825,REQ20459,Katherine,Rice,2.8,Interviewing
CAND01826,REQ04641,Jonathan,Cooper,1.8,Rejected
CAND01827,REQ13907,Anna,Jennings,1.8,Rejected
CAND01828,REQ06257,Jonathon,Harris,1.0,Rejected
CAND01829,REQ04831,Monica,Powell,18.2,Rejected
CAND01830,REQ20464,Brandy,Richardson,7.3,Rejected
CAND01831,REQ17391,Robert,Hernandez,19.1,Rejected
CAND01832,REQ02938,Elizabeth,Vaughn,18.8,Rejected
CAND01833,REQ15084,David,Giles,7.4,Rejected
CAND01834,REQ02665,Kenneth,Thompson,2.8,Offer Extended
CAND01835,REQ24019,Thomas,White,19.9,Rejected
CAND01836,REQ02036,Lee,Gonzalez,18.7,Rejected
CAND01837,REQ17712,James,Hall,11.5,Rejected
CAND01838,REQ23566,Christian,Kelly,7.6,Rejected
CAND01839,REQ15832,Tammy,Cole,1.8,Rejected
CAND01840,REQ11122,Jeffrey,Meyer,9.6,Rejected
CAND01841,REQ19828,Sarah,Wright,0.3,Rejected
CAND01842,REQ06352,Larry,Todd,17.3,Interviewing
CAND01843,REQ17149,Timothy,Torres,16.8,Rejected
CAND01844,REQ18350,Lisa,Andrews,7.1,Rejected
CAND01845,REQ03469,Sarah,Espinoza,19.1,Rejected
CAND01846,REQ03162,Gwendolyn,Cox,14.9,Rejected
CAND01847,REQ19142,Ryan,Jones,13.5,Rejected
CAND01848,REQ20587,Kathy,Schmidt,14.6,Rejected
CAND01849,REQ04479,Kevin,Cole,10.0,Rejected
CAND01850,REQ18461,Joel,Brown,6.7,Offer Extended
CAND01851,REQ18519,Cheryl,Glass,11.5,Rejected
CAND01852,REQ01735,Christopher,Robinson,8.8,Interviewing
CAND01853,REQ00729,Kevin,Blackburn,2.0,Rejected
CAND01854,REQ20082,Debra,Wolf,2.4,Rejected
CAND01855,REQ16337,Terri,Carlson,16.2,Rejected
CAND01856,REQ02959,William,White,3.4,Rejected
CAND01857,REQ19718,Cody,Blackwell,12.7,Hired
CAND01858,REQ00336,Sarah,Khan,5.1,Rejected
CAND01859,REQ01985,Jessica,Rodriguez,0.5,Interviewing
CAND01860,REQ01449,Terry,Miller,0.9,Interviewing
CAND01861,REQ13371,Matthew,Paul,19.6,Rejected
CAND01862,REQ22970,Michele,Ortega,3.9,Rejected
CAND01863,REQ01106,Anthony,Taylor,15.4,Rejected
CAND01864,REQ02945,Brittany,Turner,10.1,Hired
CAND01865,REQ04592,Patrick,Williamson,4.1,Rejected
CAND01866,REQ24713,James,Jones,11.8,Rejected
CAND01867,REQ04028,Scott,Martinez,2.8,Offer Extended
CAND01868,REQ07733,Edgar,Herring,19.3,Rejected
CAND01869,REQ23837,William,Lynch,19.1,Rejected
CAND01870,REQ15238,Joel,Smith,11.9,Rejected
CAND01871,REQ03824,Diane,Day,8.8,Rejected
CAND01872,REQ05624,Jessica,Munoz,15.7,Rejected
CAND01873,REQ03783,Dwayne,Perez,19.9,Rejected
CAND01874,REQ10607,Bruce,Smith,14.5,Rejected
CAND01875,REQ13729,Kiara,Young,13.8,Rejected
CAND01876,REQ14458,Robert,Rogers,15.8,Rejected
CAND01877,REQ10564,Daniel,Wilson,2.2,Rejected
CAND01878,REQ18513,Derek,Hines,3.7,Rejected
CAND01879,REQ02569,Veronica,Powell,2.1,Interviewing
CAND01880,REQ18216,Martin,Dixon,5.9,Rejected
CAND01881,REQ12768,Scott,Campbell,4.7,Hired
CAND01882,REQ17059,Ryan,Nolan,18.8,Rejected
CAND01883,REQ18288,Peter,Bowman,15.5,Rejected
CAND01884,REQ24987,Bruce,Taylor,12.9,Rejected
CAND01885,REQ22285,Jennifer,Medina,3.1,Rejected
CAND01886,REQ23632,Michele,Ward,8.8,Rejected
CAND01887,REQ24445,Thomas,Ramirez,11.3,Rejected
CAND01888,REQ13601,James,Little,2.9,Interviewing
CAND01889,REQ18767,Sara,Haynes,10.1,Rejected
CAND01890,REQ04974,Carla,Smith,11.5,Rejected
CAND01891,REQ21967,Lori,Quinn,1.4,Hired
CAND01892,REQ02061,Kevin,Robinson,2.1,Rejected
CAND01893,REQ03016,Gary,Howe,4.5,Interviewing
CAND01894,REQ21262,Nathan,Robinson,17.6,Rejected
CAND01895,REQ17749,Edward,Frank,18.8,Rejected
CAND01896,REQ05080,Walter,Dixon,11.7,Rejected
CAND01897,REQ23940,Patricia,Robinson,0.7,Interviewing
CAND01898,REQ10077,Calvin,Evans,12.7,Rejected
CAND01899,REQ22726,Travis,Sherman,14.3,Offer Extended
CAND01900,REQ01475,Heidi,Pittman,6.8,Rejected
CAND01901,REQ16551,Jeffrey,Ingram,1.4,Rejected
CAND01902,REQ09170,Brandon,Navarro,8.1,Rejected
CAND01903,REQ20600,Lindsey,Evans,14.8,Hired
CAND01904,REQ05183,Ashley,Mcdaniel,8.8,Rejected
CAND01905,REQ14544,Cody,Wheeler,2.8,Rejected
CAND01906,REQ19247,Joseph,Jenkins,2.8,Interviewing
CAND01907,REQ02059,John,Livingston,11.9,Hired
CAND01908,REQ09866,Brian,Lewis,13.0,Interviewing
CAND01909,REQ15840,Jennifer,Little,15.7,Rejected
CAND01910,REQ04378,Andrea,Long,17.8,Rejected
CAND01911,REQ03208,Matthew,Patel,19.4,Interviewing
CAND01912,REQ18971,Kevin,Miller,2.7,Interviewing
CAND01913,REQ11651,Amy,Gibson,2.4,Rejected
CAND01914,REQ22841,Tiffany,Christensen,16.3,Rejected
CAND01915,REQ18593,Alan,Glenn,5.0,Rejected
CAND01916,REQ19529,Robert,Tyler,13.4,Rejected
CAND01917,REQ10276,Brenda,Combs,19.6,Rejected
CAND01918,REQ24073,Daniel,Johnson,10.6,Rejected
CAND01919,REQ17608,Christine,Miller,16.2,Rejected
CAND01920,REQ13142,Jennifer,Michael,5.0,Rejected
CAND01921,REQ13500,Katrina,Graves,18.7,Rejected
CAND01922,REQ17904,Gary,Snow,19.4,Rejected
CAND01923,REQ22955,Samantha,Mendez,12.4,Interviewing
CAND01924,REQ13133,Amanda,Nielsen,8.2,Offer Extended
CAND01925,REQ03779,Dennis,Rollins,4.2,Rejected
CAND01926,REQ07533,Thomas,Adams,0.3,Rejected
CAND01927,REQ00576,Charlotte,Navarro,19.7,Rejected
CAND01928,REQ10578,Bradley,Flores,0.1,Rejected
CAND01929,REQ09294,Jonathan,Johnson,16.6,Interviewing
CAND01930,REQ17598,Christopher,Wallace,14.0,Rejected
CAND01931,REQ04804,Anthony,Smith,9.9,Rejected
CAND01932,REQ23482,Garrett,Peterson,9.5,Interviewing
CAND01933,REQ23377,Michael,Williams,4.5,Hired
CAND01934,REQ21667,Anthony,Watson,13.4,Rejected
CAND01935,REQ16380,Michael,Collins,12.8,Rejected
CAND01936,REQ15727,Larry,Humphrey,15.5,Interviewing
CAND01937,REQ09390,Rachel,Smith,2.0,Interviewing
CAND01938,REQ04767,Rachel,Turner,4.6,Rejected
CAND01939,REQ22097,Matthew,Robinson,15.9,Rejected
CAND01940,REQ01698,Rebecca,Hobbs,4.2,Rejected
CAND01941,REQ17487,Mary,Schneider,19.5,Rejected
CAND01942,REQ23798,Heidi,Fuller,17.3,Rejected
CAND01943,REQ04892,Tiffany,Scott,1.8,Rejected
CAND01944,REQ06476,Jillian,Smith,5.4,Rejected
CAND01945,REQ14039,William,Moore,16.2,Rejected
CAND01946,REQ15405,Jessica,Hunter,17.3,Hired
CAND01947,REQ04542,Austin,Taylor,19.4,Rejected
CAND01948,REQ12906,Nicholas,Long,0.9,Rejected
CAND01949,REQ22589,Christopher,Martin,5.0,Interviewing
CAND01950,REQ18331,Sylvia,Gray,14.3,Rejected
CAND01951,REQ14241,Ashley,Miller,11.0,Interviewing
CAND01952,REQ12969,Juan,Hopkins,3.4,Rejected
CAND01953,REQ07436,Kristin,Jones,9.8,Offer Extended
CAND01954,REQ21339,Laura,Vega,17.0,Hired
CAND01955,REQ22273,Jon,Baker,17.5,Rejected
CAND01956,REQ05744,Xavier,Gomez,10.9,Rejected
CAND01957,REQ04583,Lori,Johnson,8.0,Rejected
CAND01958,REQ22840,Andrew,Clark,11.3,Rejected
CAND01959,REQ08321,Michael,Terry,2.5,Offer Extended
CAND01960,REQ15043,Suzanne,Ruiz,1.9,Interviewing
CAND01961,REQ05456,Michael,Bryant,5.4,Rejected
CAND01962,REQ02624,Jonathan,Brown,4.3,Rejected
CAND01963,REQ01208,Joseph,Price,13.8,Rejected
CAND01964,REQ16101,Brian,Dickerson,6.9,Rejected
CAND01965,REQ02147,Melissa,Phillips,9.0,Rejected
CAND01966,REQ01084,Jennifer,Sosa,7.6,Rejected
CAND01967,REQ18155,Michael,Atkinson,8.2,Interviewing
CAND01968,REQ08979,Laura,Lambert,16.6,Rejected
CAND01969,REQ20613,Cristian,Farrell,5.6,Interviewing
CAND01970,REQ16404,Brian,Garcia,16.9,Rejected
CAND01971,REQ17917,Nathan,Haas,1.2,Hired
CAND01972,REQ21521,Dustin,Quinn,17.1,Rejected
CAND01973,REQ20378,Connor,Ross,18.8,Rejected
CAND01974,REQ19844,Anthony,Robertson,1.5,Interviewing
CAND01975,REQ14849,Carolyn,Martinez,5.2,Hired
CAND01976,REQ07523,Antonio,Henderson,18.7,Rejected
CAND01977,REQ06699,Kristy,Crawford,11.0,Rejected
CAND01978,REQ16348,Jamie,Davis,11.6,Offer Extended
CAND01979,REQ11493,Kimberly,Castro,14.6,Rejected
CAND01980,REQ24537,Jesse,Hudson,6.2,Hired
CAND01981,REQ19154,Krystal,Lee,3.4,Rejected
CAND01982,REQ01805,Mary,Booth,4.4,Interviewing
CAND01983,REQ15670,Robin,Berry,7.9,Rejected
CAND01984,REQ20049,Renee,Lewis,12.8,Interviewing
CAND01985,REQ04733,Edward,Delgado,6.7,Rejected
CAND01986,REQ19748,Julia,Harris,15.7,Hired
CAND01987,REQ21149,Stephanie,Johnson,19.0,Rejected
CAND01988,REQ15734,Robert,Dunn,11.6,Hired
CAND01989,REQ13390,Nicole,Fernandez,12.5,Rejected
CAND01990,REQ01698,David,Davis,19.8,Rejected
CAND01991,REQ05471,Allen,Green,6.5,Hired
CAND01992,REQ02414,Ronald,Zavala,14.9,Rejected
CAND01993,REQ24594,Shelly,Long,3.4,Rejected
CAND01994,REQ20956,Michael,Clayton,13.5,Rejected
CAND01995,REQ04529,Timothy,Spencer,19.6,Rejected
CAND01996,REQ07039,Christine,Romero,6.8,Hired
CAND01997,REQ16194,Robert,Noble,16.5,Interviewing
CAND01998,REQ10785,Steven,Smith,13.3,Interviewing
CAND01999,REQ14637,Jacob,Davidson,10.0,Interviewing
CAND02000,REQ08437,Andrew,Rice,19.5,Interviewing
CAND02001,REQ02057,Diana,Davila,7.7,Rejected
CAND02002,REQ00687,Jessica,Simmons,0.0,Rejected
CAND02003,REQ11622,Hunter,Kennedy,7.3,Rejected
CAND02004,REQ00479,Robert,Anderson,8.7,Rejected
CAND02005,REQ23640,Julie,Butler,8.2,Interviewing
CAND02006,REQ05926,Micheal,Dixon,0.1,Rejected
CAND02007,REQ20348,Sarah,Adkins,6.4,Offer Extended
CAND02008,REQ17559,Lawrence,Campbell,15.4,Rejected
CAND02009,REQ09079,Randy,Campbell,16.4,Rejected
CAND02010,REQ21828,Lisa,Williams,9.1,Rejected
CAND02011,REQ00007,Mary,Parker,1.3,Rejected
CAND02012,REQ13894,Erin,Harrison,3.5,Rejected
CAND02013,REQ15480,Marissa,Kim,13.5,Rejected
CAND02014,REQ06056,Monica,Rodriguez,6.8,Hired
CAND02015,REQ02368,Terri,Baker,11.8,Interviewing
CAND02016,REQ08963,Ashley,Brooks,8.5,Rejected
CAND02017,REQ03153,Heather,Stephenson,0.6,Rejected
CAND02018,REQ13215,Tammy,Evans,3.9,Rejected
CAND02019,REQ05000,Michelle,Miller,0.6,Rejected
CAND02020,REQ17774,Robert,Wilson,3.9,Rejected
CAND02021,REQ19861,David,Cabrera,0.9,Rejected
CAND02022,REQ06144,Kelly,Harmon,12.6,Rejected
CAND02023,REQ08567,Samantha,Sandoval,11.5,Interviewing
CAND02024,REQ06484,Alex,Garcia,15.8,Rejected
CAND02025,REQ21191,Anna,Miller,1.8,Rejected
CAND02026,REQ19707,Jeffrey,Moore,5.7,Rejected
CAND02027,REQ07844,Christina,Jones,9.9,Rejected
CAND02028,REQ20927,Kevin,Hill,4.7,Rejected
CAND02029,REQ20587,Amanda,Hogan,16.5,Rejected
CAND02030,REQ15926,Tammy,Jones,8.5,Rejected
CAND02031,REQ01473,Krystal,Webster,16.3,Offer Extended
CAND02032,REQ00868,Craig,Price,5.1,Rejected
CAND02033,REQ15089,Taylor,Miller,0.5,Offer Extended
CAND02034,REQ14027,Ryan,Holland,13.0,Rejected
CAND02035,REQ02798,Joe,Lee,12.5,Rejected
CAND02036,REQ01128,Ashley,Dorsey,9.2,Rejected
CAND02037,REQ23666,Nicholas,Stewart,9.4,Interviewing
CAND02038,REQ09419,Austin,Zimmerman,4.8,Hired
CAND02039,REQ17387,Andrea,Mendoza,17.6,Interviewing
CAND02040,REQ00798,Christina,Todd,8.9,Rejected
CAND02041,REQ23501,Christine,Lewis,14.6,Interviewing
CAND02042,REQ20191,William,Jones,15.9,Hired
CAND02043,REQ14743,Joanna,Johnson,17.2,Rejected
CAND02044,REQ05392,Kim,Gonzalez,16.3,Rejected
CAND02045,REQ07020,Gina,English,0.5,Rejected
CAND02046,REQ18821,Anna,Frazier,6.7,Rejected
CAND02047,REQ06056,Angela,Jenkins,4.2,Interviewing
CAND02048,REQ04342,Kristen,Fisher,18.6,Interviewing
CAND02049,REQ03186,Donna,Taylor,14.8,Rejected
CAND02050,REQ04726,James,Dominguez,16.9,Rejected
CAND02051,REQ02675,Sean,Clark,11.2,Rejected
CAND02052,REQ22850,Kimberly,Medina,17.1,Rejected
CAND02053,REQ11193,Lauren,Jackson,19.5,Rejected
CAND02054,REQ15462,Jennifer,Davis,0.7,Rejected
CAND02055,REQ10767,Jason,Nguyen,7.8,Hired
CAND02056,REQ17387,Sandra,Fowler,3.1,Hired
CAND02057,REQ15105,Janet,Carter,13.2,Rejected
CAND02058,REQ19653,James,Crawford,2.0,Rejected
CAND02059,REQ14337,Gabriella,Hahn,16.1,Rejected
CAND02060,REQ01898,Christine,Hartman,6.9,Rejected
CAND02061,REQ03104,Bryan,Rosales,16.1,Hired
CAND02062,REQ10747,Jennifer,Summers,13.9,Hired
CAND02063,REQ10252,Jasmine,Valencia,12.4,Interviewing
CAND02064,REQ14197,Heidi,Wright,2.8,Rejected
CAND02065,REQ18991,William,Johnson,16.4,Rejected
CAND02066,REQ21982,Lori,Whitaker,1.4,Rejected
CAND02067,REQ05867,James,Conley,10.7,Rejected
CAND02068,REQ01840,Erica,Freeman,3.0,Rejected
CAND02069,REQ03577,John,Payne,6.3,Rejected
CAND02070,REQ22928,James,Burnett,9.2,Interviewing
CAND02071,REQ23398,Jordan,Lee,14.5,Offer Extended
CAND02072,REQ20429,John,Oneal,7.6,Interviewing
CAND02073,REQ23223,Mandy,Gardner,9.5,Rejected
CAND02074,REQ07866,Denise,Lewis,19.0,Rejected
CAND02075,REQ14732,Angela,Curtis,14.7,Rejected
CAND02076,REQ07728,Timothy,Gonzales,5.6,Rejected
CAND02077,REQ21843,Richard,Ryan,12.5,Rejected
CAND02078,REQ12886,Christina,Richards,1.2,Rejected
CAND02079,REQ11797,Katelyn,Bruce,12.2,Rejected
CAND02080,REQ21045,Laura,Proctor,8.4,Hired
CAND02081,REQ23027,Amanda,Brown,15.5,Rejected
CAND02082,REQ21212,Rachel,Robinson,0.3,Rejected
CAND02083,REQ04916,Adam,Hopkins,3.7,Rejected
CAND02084,REQ03263,Alison,Carroll,14.3,Rejected
CAND02085,REQ05050,Karen,Johnson,12.1,Rejected
CAND02086,REQ05177,Angela,Schultz,2.3,Rejected
CAND02087,REQ05171,Roy,Bryant,16.4,Rejected
CAND02088,REQ01803,Michael,Williams,4.5,Rejected
CAND02089,REQ08570,Ashley,Williams,2.2,Rejected
CAND02090,REQ17460,Tanya,Knight,3.9,Rejected
CAND02091,REQ24465,Jonathan,Fowler,2.2,Interviewing
CAND02092,REQ17357,William,Vasquez,17.8,Rejected
CAND02093,REQ07818,Morgan,Martinez,13.5,Rejected
CAND02094,REQ10901,Kathleen,Riley,6.7,Rejected
CAND02095,REQ19433,Jim,Yu,2.3,Interviewing
CAND02096,REQ17717,Kelly,Pierce,10.4,Rejected
CAND02097,REQ16503,Jay,Wells,16.9,Rejected
CAND02098,REQ11624,Kevin,Bates,10.4,Rejected
CAND02099,REQ00984,Kristen,Williams,10.6,Rejected
CAND02100,REQ22723,Eric,Torres,19.4,Offer Extended
CAND02101,REQ21830,James,Golden,0.3,Interviewing
CAND02102,REQ12968,Travis,Harvey,6.9,Rejected
CAND02103,REQ04993,Matthew,Moore,16.2,Rejected
CAND02104,REQ10361,Krista,Harris,3.1,Hired
CAND02105,REQ18262,Katrina,Smith,14.4,Rejected
CAND02106,REQ19693,Tiffany,Oconnor,12.0,Hired
CAND02107,REQ20006,Joanna,Wright,4.5,Interviewing
CAND02108,REQ15917,Juan,Rodgers,10.8,Rejected
CAND02109,REQ14499,Gregory,Simon,10.7,Rejected
CAND02110,REQ12919,Anne,Ayers,7.3,Rejected
CAND02111,REQ09703,Kathryn,Perkins,0.9,Rejected
CAND02112,REQ10556,Nicholas,Parker,18.4,Rejected
CAND02113,REQ12281,Tony,Acosta,12.5,Rejected
CAND02114,REQ13193,Michelle,Fox,3.2,Rejected
CAND02115,REQ08081,Elijah,Lewis,12.3,Rejected
CAND02116,REQ19894,Jason,Gordon,19.7,Rejected
CAND02117,REQ09240,Lisa,Cook,10.1,Rejected
CAND02118,REQ07672,Pedro,Frye,7.4,Rejected
CAND02119,REQ10862,Susan,Douglas,8.9,Interviewing
CAND02120,REQ14538,Tamara,Price,14.4,Rejected
CAND02121,REQ19103,Erica,Moore,14.8,Rejected
CAND02122,REQ11590,Holly,Campos,2.5,Rejected
CAND02123,REQ00122,Miguel,Morris,11.2,Rejected
CAND02124,REQ04346,Alison,Brown,8.6,Interviewing
CAND02125,REQ16283,Ronald,Clark,4.1,Rejected
CAND02126,REQ03817,Maureen,Frederick,14.5,Rejected
CAND02127,REQ01372,David,Mccormick,4.9,Rejected
CAND02128,REQ20836,Rachel,Shelton,13.6,Rejected
CAND02129,REQ10785,Collin,Ross,18.2,Rejected
CAND02130,REQ12037,Diane,Mullen,7.5,Offer Extended
CAND02131,REQ21551,Joseph,Castro,7.1,Interviewing
CAND02132,REQ01767,Paul,Smith,6.4,Rejected
CAND02133,REQ08176,Curtis,Wells,17.8,Hired
CAND02134,REQ18728,Justin,Gibson,4.7,Interviewing
CAND02135,REQ15949,James,Quinn,0.5,Interviewing
CAND02136,REQ07291,Andrew,Conley,16.1,Rejected
CAND02137,REQ02109,Jeffrey,Wong,1.8,Rejected
CAND02138,REQ19080,Eddie,Fuentes,18.7,Hired
CAND02139,REQ02005,Jennifer,Edwards,14.6,Interviewing
CAND02140,REQ16432,Charles,Robinson,0.8,Rejected
CAND02141,REQ06638,Alex,Green,19.5,Rejected
CAND02142,REQ22455,Timothy,Campbell,5.4,Offer Extended
CAND02143,REQ09233,Sydney,Harper,5.6,Interviewing
CAND02144,REQ04054,Jonathan,Stuart,13.3,Interviewing
CAND02145,REQ15456,Jerome,Tran,13.2,Rejected
CAND02146,REQ08879,Justin,Taylor,17.2,Rejected
CAND02147,REQ07398,Meghan,Macias,12.6,Hired
CAND02148,REQ23350,Kristine,Garcia,19.7,Rejected
CAND02149,REQ16592,William,Morris,15.1,Interviewing
CAND02150,REQ14384,John,Tucker,14.1,Rejected
CAND02151,REQ19718,Jamie,Rogers,5.6,Hired
CAND02152,REQ23059,Collin,Edwards,16.7,Hired
CAND02153,REQ08988,Shawn,Moreno,13.3,Rejected
CAND02154,REQ02522,John,Brown,19.3,Rejected
CAND02155,REQ08457,Kenneth,Johnson,11.3,Rejected
CAND02156,REQ12729,Joseph,Myers,2.0,Interviewing
CAND02157,REQ05905,Christopher,Perkins,16.6,Rejected
CAND02158,REQ06862,Daniel,Potter,6.6,Rejected
CAND02159,REQ02975,Stephen,Wagner,10.7,Hired
CAND02160,REQ23842,Vincent,Lutz,4.3,Rejected
CAND02161,REQ21309,Lisa,Rangel,7.7,Rejected
CAND02162,REQ10786,Mary,Johnson,14.1,Rejected
CAND02163,REQ17214,Katherine,Bartlett,17.1,Rejected
CAND02164,REQ06248,Laura,Mcdonald,11.0,Rejected
CAND02165,REQ22053,Antonio,Brooks,6.7,Hired
CAND02166,REQ02876,Barbara,Wilson,1.3,Hired
CAND02167,REQ13878,Sharon,Turner,11.0,Hired
CAND02168,REQ00172,Tracey,Austin,19.1,Rejected
CAND02169,REQ08209,Michael,Harris,13.5,Rejected
CAND02170,REQ23781,Keith,Ingram,9.0,Hired
CAND02171,REQ03926,Jeffrey,Martinez,11.8,Rejected
CAND02172,REQ03893,Katie,Sanchez,8.9,Rejected
CAND02173,REQ11087,Erica,Larsen,0.6,Rejected
CAND02174,REQ07872,Richard,Irwin,4.9,Rejected
CAND02175,REQ11432,Kevin,Foley,0.1,Rejected
CAND02176,REQ23879,Jonathan,Reed,5.8,Rejected
CAND02177,REQ04319,Jeanette,Thompson,9.9,Rejected
CAND02178,REQ12306,Jonathan,Mcdonald,2.1,Hired
CAND02179,REQ00426,Zoe,Jones,16.5,Rejected
CAND02180,REQ16542,Elizabeth,Ballard,0.5,Rejected
CAND02181,REQ18086,Debra,Myers,14.1,Offer Extended
CAND02182,REQ16429,Heidi,Smith,19.8,Interviewing
CAND02183,REQ01125,Mary,Kane,14.6,Offer Extended
CAND02184,REQ14798,Kenneth,Sullivan,2.9,Interviewing
CAND02185,REQ23748,Samantha,Allen,17.4,Rejected
CAND02186,REQ02390,Nancy,Hines,10.4,Rejected
CAND02187,REQ15273,Cristina,Gonzalez,19.8,Rejected
CAND02188,REQ12230,Kimberly,Rodriguez,17.6,Rejected
CAND02189,REQ13728,Rebekah,King,4.5,Rejected
CAND02190,REQ06326,Julie,Woods,7.9,Rejected
CAND02191,REQ20083,Adrian,Weeks,1.9,Interviewing
CAND02192,REQ24258,Charles,Thomas,1.5,Rejected
CAND02193,REQ23700,Jonathan,Sanchez,15.0,Rejected
CAND02194,REQ22593,Michael,Mahoney,6.6,Rejected
CAND02195,REQ13995,Alan,Werner,17.8,Rejected
CAND02196,REQ00878,Whitney,Wade,9.5,Rejected
CAND02197,REQ16853,Loretta,Coleman,17.1,Rejected
CAND02198,REQ06568,Travis,Thompson,15.9,Rejected
CAND02199,REQ10241,Derek,Elliott,19.0,Rejected
CAND02200,REQ21766,Holly,Yates,6.4,Interviewing
CAND02201,REQ14523,Teresa,Guzman,10.3,Rejected
CAND02202,REQ12505,Tom,Christensen,9.1,Rejected
CAND02203,REQ07222,Anna,Watson,1.2,Offer Extended
CAND02204,REQ02445,Olivia,Martinez,1.7,Hired
CAND02205,REQ04953,Christopher,Weeks,4.9,Rejected
CAND02206,REQ01791,Elizabeth,Thompson,8.7,Rejected
CAND02207,REQ20186,William,Velez,7.3,Rejected
CAND02208,REQ08109,John,Kennedy,7.5,Rejected
CAND02209,REQ17170,Brian,Terrell,19.4,Offer Extended
CAND02210,REQ20637,Johnny,Valencia,0.3,Hired
CAND02211,REQ09256,Daisy,White,13.4,Rejected
CAND02212,REQ20267,Charles,Morales,8.8,Offer Extended
CAND02213,REQ06188,Christopher,Chen,11.4,Rejected
CAND02214,REQ08516,Mark,Miller,11.5,Rejected
CAND02215,REQ24717,James,Stewart,4.7,Rejected
CAND02216,REQ13149,Mark,Brown,16.4,Hired
CAND02217,REQ02499,Charles,Baker,12.7,Rejected
CAND02218,REQ09518,Latoya,Arnold,18.8,Interviewing
CAND02219,REQ00373,Sheila,Aguilar,17.0,Rejected
CAND02220,REQ22878,Christopher,Krueger,19.3,Rejected
CAND02221,REQ10604,Joel,Carney,16.6,Offer Extended
CAND02222,REQ16074,Michael,Trujillo,11.5,Rejected
CAND02223,REQ19025,Christian,Mcmillan,17.7,Rejected
CAND02224,REQ16488,Cory,Berry,11.0,Offer Extended
CAND02225,REQ23542,Stephen,Young,12.3,Interviewing
CAND02226,REQ22569,Joe,Green,9.8,Rejected
CAND02227,REQ23946,Donald,Perez,15.1,Rejected
CAND02228,REQ13758,Michael,Thomas,15.5,Rejected
CAND02229,REQ07650,Luis,Lopez,10.5,Rejected
CAND02230,REQ04472,Daniel,Ellis,7.1,Rejected
CAND02231,REQ15988,Melanie,Rogers,13.9,Rejected
CAND02232,REQ03870,Tina,Jones,1.7,Rejected
CAND02233,REQ22003,Destiny,Morales,14.4,Rejected
CAND02234,REQ19531,Grace,Rodriguez,1.0,Rejected
CAND02235,REQ06012,Olivia,Martinez,14.3,Rejected
CAND02236,REQ12825,Denise,James,19.2,Hired
CAND02237,REQ11716,Kelly,Cobb,14.8,Hired
CAND02238,REQ10939,Breanna,White,11.7,Rejected
CAND02239,REQ24730,Amy,Smith,15.5,Hired
CAND02240,REQ23963,Lauren,Kelly,12.6,Rejected
CAND02241,REQ10119,Paula,Valencia,17.7,Rejected
CAND02242,REQ06028,Mary,Hudson,13.8,Rejected
CAND02243,REQ07362,Michael,Fernandez,18.7,Rejected
CAND02244,REQ16523,Sherri,Harris,18.1,Rejected
CAND02245,REQ09101,Michael,Rios,14.9,Rejected
CAND02246,REQ04688,Casey,Middleton,5.1,Rejected
CAND02247,REQ06141,Michael,Romero,16.0,Rejected
CAND02248,REQ03512,Matthew,Robles,7.2,Rejected
CAND02249,REQ10442,Gina,Palmer,12.6,Interviewing
CAND02250,REQ12106,Justin,Smith,1.1,Rejected
CAND02251,REQ10376,Kimberly,Mccormick,17.5,Rejected
CAND02252,REQ18215,Larry,Medina,18.4,Rejected
CAND02253,REQ16548,Crystal,Russell,3.1,Interviewing
CAND02254,REQ04670,Lauren,Kerr,15.7,Offer Extended
CAND02255,REQ06727,Melissa,Stephens,5.8,Interviewing
CAND02256,REQ07191,Alexandria,Rodriguez,7.1,Rejected
CAND02257,REQ17874,Eric,Reynolds,14.4,Rejected
CAND02258,REQ02398,Kristen,Franco,9.7,Rejected
CAND02259,REQ23207,Philip,Cameron,4.6,Rejected
CAND02260,REQ15923,Angela,Marshall,19.2,Hired
CAND02261,REQ09371,Sarah,Alexander,10.1,Rejected
CAND02262,REQ01166,Catherine,Collins,6.7,Rejected
CAND02263,REQ22276,Kimberly,Stout,11.1,Rejected
CAND02264,REQ03914,Robert,Lopez,17.6,Offer Extended
CAND02265,REQ16321,Raymond,Russell,16.1,Rejected
CAND02266,REQ15171,Andrea,Haney,0.8,Hired
CAND02267,REQ23161,Bradley,Garrison,0.7,Rejected
CAND02268,REQ04025,Brittany,Duke,6.2,Rejected
CAND02269,REQ11805,Daniel,Bautista,17.6,Rejected
CAND02270,REQ22593,Laura,Stephens,14.2,Rejected
CAND02271,REQ11532,Daniel,Nash,1.2,Rejected
CAND02272,REQ20920,Robert,Ray,12.6,Interviewing
CAND02273,REQ00572,Bryan,Walker,16.9,Rejected
CAND02274,REQ04952,Lisa,Howard,16.5,Interviewing
CAND02275,REQ24224,Melissa,Wallace,13.2,Rejected
CAND02276,REQ19909,Kimberly,Smith,8.9,Rejected
CAND02277,REQ01933,Elizabeth,Rowe,11.1,Hired
CAND02278,REQ11727,Michael,Lopez,4.4,Rejected
CAND02279,REQ14489,Allison,Hood,11.5,Rejected
CAND02280,REQ09820,Courtney,Collins,2.0,Rejected
CAND02281,REQ10828,Deanna,Williams,6.5,Interviewing
CAND02282,REQ22387,Daniel,Garcia,19.8,Hired
CAND02283,REQ12323,Monica,Smith,0.4,Rejected
CAND02284,REQ09811,Steven,Ramos,17.4,Rejected
CAND02285,REQ17004,Michael,Wheeler,1.2,Rejected
CAND02286,REQ19464,Brooke,Perkins,8.5,Rejected
CAND02287,REQ04253,Monica,Blake,15.5,Rejected
CAND02288,REQ12577,Kathleen,Cook,4.2,Offer Extended
CAND02289,REQ21778,Benjamin,Klein,1.8,Interviewing
CAND02290,REQ15834,Michael,Hughes,14.6,Interviewing
CAND02291,REQ03174,Mary,Miller,2.8,Rejected
CAND02292,REQ23689,Carlos,Smith,14.2,Rejected
CAND02293,REQ22648,Erica,Houston,3.1,Interviewing
CAND02294,REQ11300,Morgan,Shaw,13.9,Interviewing
CAND02295,REQ08008,Alan,White,17.6,Rejected
CAND02296,REQ03440,Denise,Jimenez,4.8,Hired
CAND02297,REQ06210,Christine,Perez,5.8,Rejected
CAND02298,REQ10333,Matthew,Jackson,5.0,Rejected
CAND02299,REQ14184,Donald,Gonzalez,10.2,Rejected
CAND02300,REQ07824,Jared,Orozco,19.3,Rejected
CAND02301,REQ14098,Sandra,Welch,1.5,Interviewing
CAND02302,REQ12682,Brittany,Reed,10.0,Rejected
CAND02303,REQ13103,Katrina,Rosales,12.5,Rejected
CAND02304,REQ09523,Clayton,Cole,18.2,Interviewing
CAND02305,REQ17353,Mark,King,11.3,Rejected
CAND02306,REQ02816,Roy,Flores,19.1,Offer Extended
CAND02307,REQ02650,Christine,Carpenter,3.6,Rejected
CAND02308,REQ12222,Gina,Montgomery,11.9,Interviewing
CAND02309,REQ24765,Valerie,Hardy,9.0,Interviewing
CAND02310,REQ16380,Joshua,Wilson,4.5,Rejected
CAND02311,REQ00350,Kimberly,Howard,3.9,Rejected
CAND02312,REQ09968,Whitney,Hawkins,11.7,Rejected
CAND02313,REQ09258,Jennifer,Lindsey,5.9,Rejected
CAND02314,REQ16292,Gina,Burns,7.7,Rejected
CAND02315,REQ10276,John,Garcia,7.9,Interviewing
CAND02316,REQ00024,Holly,Solomon,12.7,Rejected
CAND02317,REQ04018,Michelle,Garcia,12.7,Rejected
CAND02318,REQ02196,Catherine,Harrison,13.7,Rejected
CAND02319,REQ23750,Christopher,Moon,12.3,Rejected
CAND02320,REQ09845,Angela,Dean,3.7,Interviewing
CAND02321,REQ13095,Dustin,Ortega,1.2,Interviewing
CAND02322,REQ22035,Jessica,Kelley,15.6,Rejected
CAND02323,REQ19317,Michael,Lee,4.7,Rejected
CAND02324,REQ07087,Brian,Williams,19.5,Hired
CAND02325,REQ18530,Katherine,Glover,15.9,Rejected
CAND02326,REQ08979,Theresa,Smith,8.6,Rejected
CAND02327,REQ23668,Alyssa,Combs,3.4,Rejected
CAND02328,REQ05527,Whitney,Morris,15.4,Hired
CAND02329,REQ12530,Deanna,Brown,5.1,Rejected
CAND02330,REQ05846,Jessica,Mann,10.2,Rejected
CAND02331,REQ14784,Tanya,Romero,9.8,Rejected
CAND02332,REQ13286,Jacob,Sanchez,2.3,Interviewing
CAND02333,REQ19896,Rachel,Graham,3.6,Rejected
CAND02334,REQ01874,Thomas,Oliver,7.2,Interviewing
CAND02335,REQ06427,Cynthia,Sexton,2.5,Rejected
CAND02336,REQ20296,Amanda,Collins,15.2,Hired
CAND02337,REQ09243,Matthew,Lee,11.5,Interviewing
CAND02338,REQ15862,Rodney,Jackson,0.7,Rejected
CAND02339,REQ08664,Jared,Collins,17.8,Interviewing
CAND02340,REQ09553,Renee,Schultz,8.0,Rejected
CAND02341,REQ20734,Kevin,Moore,16.6,Rejected
CAND02342,REQ18901,Andrea,Gibbs,11.0,Hired
CAND02343,REQ17297,Dustin,Schneider,18.5,Rejected
CAND02344,REQ02077,Shawn,Hall,6.9,Rejected
CAND02345,REQ04632,Connie,Craig,19.6,Rejected
CAND02346,REQ20455,Elizabeth,Bond,5.1,Interviewing
CAND02347,REQ17808,Hannah,Hunt,16.8,Rejected
CAND02348,REQ00302,Amanda,Moran,9.4,Hired
CAND02349,REQ05038,Kevin,Tran,2.3,Rejected
CAND02350,REQ02398,Catherine,Martin,2.4,Rejected
CAND02351,REQ16459,Jermaine,Schultz,7.0,Rejected
CAND02352,REQ04144,Daniel,Fleming,2.9,Rejected
CAND02353,REQ04508,Christine,Hill,11.3,Rejected
CAND02354,REQ04714,Nathan,Rodriguez,0.5,Interviewing
CAND02355,REQ07491,Michelle,Jones,7.7,Rejected
CAND02356,REQ18051,Gail,Martinez,4.1,Rejected
CAND02357,REQ07133,Gregory,Marsh,5.9,Hired
CAND02358,REQ22912,Jennifer,Lyons,7.3,Rejected
CAND02359,REQ14522,Caleb,Flowers,18.7,Hired
CAND02360,REQ05013,Krista,Wright,10.3,Rejected
CAND02361,REQ18449,Eric,York,9.9,Rejected
CAND02362,REQ18995,Erik,Vang,9.1,Interviewing
CAND02363,REQ01720,Jeffrey,Henderson,16.1,Rejected
CAND02364,REQ04755,Jesse,Hall,9.2,Hired
CAND02365,REQ17971,Maurice,Lee,18.6,Hired
CAND02366,REQ02381,Robert,Nguyen,7.1,Rejected
CAND02367,REQ13730,Brian,Cooper,0.9,Rejected
CAND02368,REQ10166,Anthony,Peters,0.6,Rejected
CAND02369,REQ09444,Charles,Carr,2.4,Rejected
CAND02370,REQ14631,James,Greene,3.1,Rejected
CAND02371,REQ00386,Joan,Coleman,10.7,Rejected
CAND02372,REQ20691,Jessica,Wheeler,14.2,Offer Extended
CAND02373,REQ13836,Alexander,Zavala,16.7,Interviewing
CAND02374,REQ17141,Thomas,Atkinson,15.5,Hired
CAND02375,REQ16590,David,Morton,9.2,Rejected
CAND02376,REQ13245,Stacey,Gregory,8.5,Rejected
CAND02377,REQ06246,Wendy,Hill,8.2,Rejected
CAND02378,REQ05530,Jackie,King,5.8,Rejected
CAND02379,REQ16685,Suzanne,Smith,17.2,Rejected
CAND02380,REQ15226,Janet,Hartman,6.1,Rejected
CAND02381,REQ06355,David,Washington,2.0,Hired
CAND02382,REQ06635,Bethany,Beard,10.9,Rejected
CAND02383,REQ15641,Nicole,Anderson,16.3,Interviewing
CAND02384,REQ13573,Mary,Moore,6.4,Rejected
CAND02385,REQ16231,Valerie,Tucker,11.1,Hired
CAND02386,REQ22940,Amy,Nunez,16.3,Rejected
CAND02387,REQ06168,James,Cervantes,1.9,Rejected
CAND02388,REQ18973,Susan,Nelson,14.3,Rejected
CAND02389,REQ21139,Mary,Brown,17.7,Rejected
CAND02390,REQ00325,John,Martinez,12.1,Hired
CAND02391,REQ07077,Donald,Lopez,17.1,Rejected
CAND02392,REQ18165,Larry,Young,1.0,Rejected
CAND02393,REQ00732,Scott,Ellis,3.2,Rejected
CAND02394,REQ07031,Melissa,Rivas,15.5,Interviewing
CAND02395,REQ15713,Darrell,Wallace,1.7,Rejected
CAND02396,REQ18720,Patrick,Floyd,8.2,Interviewing
CAND02397,REQ10759,Denise,Powell,16.2,Rejected
CAND02398,REQ12604,George,Martinez,13.7,Interviewing
CAND02399,REQ04270,Raymond,Martin,12.4,Rejected
CAND02400,REQ09132,Anthony,James,11.9,Offer Extended
CAND02401,REQ01558,Eugene,Rivera,15.8,Hired
CAND02402,REQ23222,Jennifer,Lee,14.9,Rejected
CAND02403,REQ04137,Linda,Tran,19.9,Rejected
CAND02404,REQ01492,Ryan,Thomas,19.4,Rejected
CAND02405,REQ22279,Jared,Richards,18.9,Hired
CAND02406,REQ22505,Shannon,Harrison,16.5,Rejected
CAND02407,REQ19167,Aaron,Smith,12.7,Rejected
CAND02408,REQ10830,Daniel,Martinez,2.4,Rejected
CAND02409,REQ21016,Jillian,Blevins,10.4,Rejected
CAND02410,REQ04246,Julie,Mitchell,0.2,Rejected
CAND02411,REQ24964,James,Shelton,15.9,Rejected
CAND02412,REQ24044,John,Berry,19.0,Rejected
CAND02413,REQ13001,Julie,Reed,13.7,Rejected
CAND02414,REQ12426,Courtney,Hernandez,17.0,Interviewing
CAND02415,REQ21221,Dale,Porter,17.7,Rejected
CAND02416,REQ14992,Kathryn,Frazier,7.2,Offer Extended
CAND02417,REQ13787,John,Maddox,12.5,Hired
CAND02418,REQ10084,Traci,Mcbride,14.2,Rejected
CAND02419,REQ16469,Monica,Davis,18.3,Rejected
CAND02420,REQ14391,Ann,Gordon,6.8,Rejected
CAND02421,REQ08185,Lance,Daniels,18.2,Hired
CAND02422,REQ10545,Stacy,Bishop,18.7,Rejected
CAND02423,REQ07227,Daniel,Gregory,17.2,Rejected
CAND02424,REQ04493,Monica,Wong,19.7,Interviewing
CAND02425,REQ19823,Brandy,Lee,12.3,Rejected
CAND02426,REQ24063,Jenna,Mcclure,6.2,Rejected
CAND02427,REQ24094,John,Mccormick,13.6,Rejected
CAND02428,REQ08390,Michaela,Hayden,14.6,Rejected
CAND02429,REQ10585,David,Rogers,12.2,Rejected
CAND02430,REQ06637,Gregory,Thomas,6.9,Rejected
CAND02431,REQ19922,Christopher,Harris,15.8,Rejected
CAND02432,REQ03998,Nicole,Burton,19.5,Rejected
CAND02433,REQ16168,Megan,Todd,14.6,Rejected
CAND02434,REQ24040,Amber,Griffith,7.3,Interviewing
CAND02435,REQ07057,Whitney,Lee,6.3,Rejected
CAND02436,REQ20930,Joy,Cline,19.7,Rejected
CAND02437,REQ23351,Terri,Harris,13.9,Rejected
CAND02438,REQ04932,Andrea,Huerta,5.9,Rejected
CAND02439,REQ22433,Karen,Hughes,16.4,Rejected
CAND02440,REQ07658,Wesley,Bruce,14.9,Rejected
CAND02441,REQ16451,Jason,Torres,4.3,Rejected
CAND02442,REQ09856,Kelly,Paul,8.4,Rejected
CAND02443,REQ18227,Michelle,Dickson,11.9,Rejected
CAND02444,REQ07647,Stephanie,Day,9.5,Rejected
CAND02445,REQ12701,Thomas,Crawford,8.5,Rejected
CAND02446,REQ19966,Deanna,Ellis,13.2,Interviewing
CAND02447,REQ20601,Maureen,Luna,5.7,Rejected
CAND02448,REQ17780,William,Romero,17.8,Rejected
CAND02449,REQ11712,Lorraine,Thomas,16.7,Interviewing
CAND02450,REQ21184,Kathryn,Jackson,6.7,Rejected
CAND02451,REQ19604,Brooke,Moon,1.2,Rejected
CAND02452,REQ17054,Scott,Herrera,18.5,Rejected
CAND02453,REQ00449,Michael,Butler,15.7,Rejected
CAND02454,REQ10877,Trevor,Welch,4.7,Rejected
CAND02455,REQ02763,Luis,Lin,17.7,Rejected
CAND02456,REQ01424,Carrie,Hogan,14.8,Interviewing
CAND02457,REQ15913,Kimberly,Hawkins,4.4,Hired
CAND02458,REQ12589,Brendan,Fowler,8.2,Interviewing
CAND02459,REQ05391,Jeremy,Owen,6.4,Hired
CAND02460,REQ14484,Karen,Ryan,19.9,Rejected
CAND02461,REQ03547,Amanda,Garcia,16.4,Rejected
CAND02462,REQ06605,Shannon,Ruiz,9.0,Rejected
CAND02463,REQ15662,Jacqueline,Travis,5.0,Rejected
CAND02464,REQ19813,Richard,Garza,14.4,Rejected
CAND02465,REQ19877,Robin,Cox,6.9,Rejected
CAND02466,REQ06463,Charles,Grimes,10.8,Rejected
CAND02467,REQ16568,Stephen,Erickson,7.1,Rejected
CAND02468,REQ09244,Kelly,Tate,10.3,Interviewing
CAND02469,REQ19041,Tina,Mueller,7.1,Interviewing
CAND02470,REQ02872,Tamara,Williams,19.8,Interviewing
CAND02471,REQ22186,Scott,Jackson,13.4,Rejected
CAND02472,REQ00335,Tara,Ellis,11.7,Rejected
CAND02473,REQ06729,Kevin,Chavez,11.5,Offer Extended
CAND02474,REQ18629,Jessica,Powell,16.3,Rejected
CAND02475,REQ05619,Mark,Ramos,18.2,Rejected
CAND02476,REQ02670,Andre,Elliott,6.3,Rejected
CAND02477,REQ06916,Jesse,Scott,17.8,Rejected
CAND02478,REQ11915,Edgar,Thomas,19.8,Interviewing
CAND02479,REQ00301,Angela,Williams,1.0,Hired
CAND02480,REQ23113,Jaclyn,Tucker,9.0,Rejected
CAND02481,REQ23053,William,Evans,14.7,Rejected
CAND02482,REQ06712,Katherine,Becker,7.3,Rejected
CAND02483,REQ20467,Nicole,Nguyen,14.8,Rejected
CAND02484,REQ21074,Kristina,Gordon,17.8,Rejected
CAND02485,REQ05207,Jennifer,Phillips,17.5,Rejected
CAND02486,REQ24252,Tara,Wright,0.3,Rejected
CAND02487,REQ23542,Elizabeth,Morales,10.9,Rejected
CAND02488,REQ16921,James,Pineda,18.1,Rejected
CAND02489,REQ17096,Kevin,Williams,12.2,Rejected
CAND02490,REQ05915,Corey,Gordon,2.3,Rejected
CAND02491,REQ15372,Travis,Barry,13.0,Hired
CAND02492,REQ11357,Dawn,Figueroa,9.0,Rejected
CAND02493,REQ04674,Dylan,Torres,0.3,Offer Extended
CAND02494,REQ08952,Oscar,Pruitt,6.4,Hired
CAND02495,REQ14152,Alyssa,Meyer,7.4,Interviewing
CAND02496,REQ24543,Brian,Mitchell,16.4,Hired
CAND02497,REQ17622,Ashley,Morgan,2.5,Rejected
CAND02498,REQ12439,Thomas,Moreno,0.4,Interviewing
CAND02499,REQ09926,Charles,Brooks,14.6,Hired
CAND02500,REQ17562,Willie,Russo,5.6,Rejected
CAND02501,REQ24249,Maurice,Johnson,19.5,Rejected
CAND02502,REQ06273,Stephen,Snyder,3.8,Rejected
CAND02503,REQ03551,Sarah,Oliver,6.2,Rejected
CAND02504,REQ22902,Anthony,Monroe,5.4,Rejected
CAND02505,REQ02283,David,Ewing,13.7,Rejected
CAND02506,REQ24636,Gina,Hernandez,7.1,Interviewing
CAND02507,REQ22084,David,Martin,10.3,Rejected
CAND02508,REQ03523,Tricia,Pittman,9.2,Rejected
CAND02509,REQ23659,Tiffany,Barron,7.4,Rejected
CAND02510,REQ18106,Jack,Martin,10.0,Interviewing
CAND02511,REQ10295,Hannah,Mendoza,13.4,Rejected
CAND02512,REQ12907,Corey,Howard,16.8,Rejected
CAND02513,REQ00122,Brandon,Brennan,11.1,Interviewing
CAND02514,REQ01946,Katrina,Morton,14.7,Rejected
CAND02515,REQ03360,Timothy,Harris,2.2,Rejected
CAND02516,REQ03047,Sonya,Ortiz,4.2,Rejected
CAND02517,REQ12435,Kyle,Nunez,2.5,Interviewing
CAND02518,REQ09745,Felicia,Rodriguez,15.9,Offer Extended
CAND02519,REQ19547,Veronica,Everett,20.0,Rejected
CAND02520,REQ11575,Jennifer,Reynolds,19.5,Rejected
CAND02521,REQ03729,Christopher,Moore,20.0,Rejected
CAND02522,REQ18738,Frank,Johnson,15.8,Hired
CAND02523,REQ20280,Kristen,Holder,15.4,Rejected
CAND02524,REQ15603,Lauren,Sampson,3.9,Rejected
CAND02525,REQ21570,Preston,Peters,16.6,Interviewing
CAND02526,REQ24599,Beverly,Lynch,4.5,Interviewing
CAND02527,REQ19671,Jessica,Wilkinson,6.6,Rejected
CAND02528,REQ13078,Brandon,Grant,7.5,Rejected
CAND02529,REQ18818,Trevor,Robertson,17.0,Rejected
CAND02530,REQ10642,Joshua,Joyce,15.6,Rejected
CAND02531,REQ14890,Kristi,Mays,3.4,Rejected
CAND02532,REQ11224,Joel,Roberts,1.8,Rejected
CAND02533,REQ10976,Susan,Davis,19.3,Rejected
CAND02534,REQ03513,Tammy,Fisher,19.0,Rejected
CAND02535,REQ16536,Joseph,Nelson,8.4,Rejected
CAND02536,REQ11686,Timothy,Hood,18.8,Rejected
CAND02537,REQ20423,Douglas,Bailey,17.0,Hired
CAND02538,REQ15262,Michele,Anthony,13.9,Rejected
CAND02539,REQ10400,Lindsey,Garcia,15.9,Rejected
CAND02540,REQ12430,Jacqueline,Cruz,6.0,Hired
CAND02541,REQ16785,Cheryl,Walker,6.4,Rejected
CAND02542,REQ00385,Lori,Mccormick,13.5,Rejected
CAND02543,REQ20728,Kyle,Diaz,2.6,Interviewing
CAND02544,REQ22008,Patricia,Jenkins,14.1,Offer Extended
CAND02545,REQ13127,Barbara,Johnson,5.3,Rejected
CAND02546,REQ14499,Jamie,Maldonado,15.8,Rejected
CAND02547,REQ00549,Christy,Patterson,18.0,Rejected
CAND02548,REQ05322,Jillian,Reynolds,13.1,Rejected
CAND02549,REQ09338,Hannah,Myers,4.3,Rejected
CAND02550,REQ06002,Kent,Miller,7.4,Rejected
CAND02551,REQ04693,Joseph,Pearson,7.1,Offer Extended
CAND02552,REQ10403,Gina,Smith,8.0,Rejected
CAND02553,REQ07940,Tracy,Lane,12.7,Rejected
CAND02554,REQ15576,Kristen,Glenn,18.9,Rejected
CAND02555,REQ07327,Anthony,Scott,2.9,Rejected
CAND02556,REQ15423,Tammy,Todd,11.9,Interviewing
CAND02557,REQ17236,Eric,Park,2.5,Rejected
CAND02558,REQ20404,Anthony,Young,18.0,Hired
CAND02559,REQ09799,Brandon,Barnes,19.5,Hired
CAND02560,REQ14167,Alexander,Greene,3.4,Rejected
CAND02561,REQ02985,James,Irwin,8.1,Offer Extended
CAND02562,REQ14777,Jessica,Wheeler,6.3,Offer Extended
CAND02563,REQ19524,Victor,Lee,3.5,Rejected
CAND02564,REQ13491,Samantha,Barron,4.5,Rejected
CAND02565,REQ08770,Corey,Moore,3.0,Interviewing
CAND02566,REQ04299,Scott,Castillo,11.0,Rejected
CAND02567,REQ05759,Andrew,Mack,16.0,Rejected
CAND02568,REQ16015,Kerry,Oliver,12.4,Rejected
CAND02569,REQ17441,Donald,Brandt,11.1,Rejected
CAND02570,REQ07528,Joseph,Smith,0.7,Rejected
CAND02571,REQ10152,Daniel,Rodriguez,7.3,Rejected
CAND02572,REQ07379,Joshua,Stewart,4.1,Hired
CAND02573,REQ11019,Caroline,Hayes,15.4,Rejected
CAND02574,REQ05290,Patricia,Williams,6.1,Hired
CAND02575,REQ03026,John,Jones,4.4,Rejected
CAND02576,REQ19170,Thomas,Cunningham,6.4,Interviewing
CAND02577,REQ15318,Logan,Tanner,17.9,Rejected
CAND02578,REQ20264,Bonnie,Glover,6.3,Rejected
CAND02579,REQ22007,Heather,Long,13.6,Rejected
CAND02580,REQ17143,Jessica,Benson,19.5,Offer Extended
CAND02581,REQ16831,Michael,Brooks,14.2,Hired
CAND02582,REQ18595,Miranda,Morrow,3.7,Rejected
CAND02583,REQ02614,John,Ward,12.3,Rejected
CAND02584,REQ15337,Morgan,Spears,7.5,Rejected
CAND02585,REQ20779,Elijah,Diaz,2.9,Rejected
CAND02586,REQ15231,Paula,Ramos,16.6,Hired
CAND02587,REQ05522,Parker,Lawrence,18.6,Rejected
CAND02588,REQ18064,Michael,Hernandez,3.6,Rejected
CAND02589,REQ05944,Zachary,Ibarra,16.4,Hired
CAND02590,REQ20652,Seth,Gilbert,17.3,Interviewing
CAND02591,REQ08776,Chelsea,Cox,5.8,Rejected
CAND02592,REQ14101,Brent,Fields,6.1,Rejected
CAND02593,REQ01117,Renee,Gill,6.8,Rejected
CAND02594,REQ13769,Ian,Bullock,5.9,Rejected
CAND02595,REQ17197,Kyle,Rodriguez,10.1,Rejected
CAND02596,REQ01729,Maria,Tucker,12.2,Hired
CAND02597,REQ05053,Margaret,York,1.3,Rejected
CAND02598,REQ23173,Kayla,Cain,12.4,Offer Extended
CAND02599,REQ20355,Carol,Bridges,11.9,Rejected
CAND02600,REQ03017,Alan,Nelson,8.6,Hired
CAND02601,REQ07096,Alfred,Bush,6.8,Rejected
CAND02602,REQ21557,Andrea,Torres,10.6,Rejected
CAND02603,REQ00295,Molly,Leach,7.9,Interviewing
CAND02604,REQ18269,David,Barton,3.1,Rejected
CAND02605,REQ20894,Patricia,Phelps,6.4,Rejected
CAND02606,REQ04138,Angela,Garcia,13.6,Rejected
CAND02607,REQ08874,Erica,Mathews,16.4,Rejected
CAND02608,REQ19022,Beth,Jensen,15.6,Rejected
CAND02609,REQ15216,Donna,Dominguez,12.2,Rejected
CAND02610,REQ16301,Lori,Herrera,18.7,Rejected
CAND02611,REQ01147,Christopher,Santos,15.3,Offer Extended
CAND02612,REQ15051,Jason,Mccarty,4.4,Interviewing
CAND02613,REQ14753,Mason,Wilson,9.8,Rejected
CAND02614,REQ03659,Matthew,Stark,14.5,Rejected
CAND02615,REQ20660,Jerome,Cunningham,16.2,Rejected
CAND02616,REQ14707,Jessica,Rivera,16.7,Interviewing
CAND02617,REQ07031,Perry,Wilson,12.8,Offer Extended
CAND02618,REQ21381,Mike,Long,3.8,Rejected
CAND02619,REQ18182,Derrick,Thomas,15.3,Rejected
CAND02620,REQ05802,Christine,Mcdonald,15.7,Rejected
CAND02621,REQ20308,Kayla,Kelly,2.1,Rejected
CAND02622,REQ02098,Kurt,Becker,3.7,Rejected
CAND02623,REQ22395,Stephanie,Glenn,19.7,Rejected
CAND02624,REQ18722,Theresa,Salas,7.5,Hired
CAND02625,REQ05890,John,Graves,18.1,Rejected
CAND02626,REQ08227,Michelle,Miller,8.4,Rejected
CAND02627,REQ04096,Anna,Koch,11.9,Hired
CAND02628,REQ15771,Caleb,Lawson,7.4,Rejected
CAND02629,REQ19565,Sarah,Lloyd,13.3,Rejected
CAND02630,REQ16134,Michael,Martin,3.3,Rejected
CAND02631,REQ15034,Ronald,Adams,4.5,Rejected
CAND02632,REQ14075,Patrick,Gonzalez,10.4,Rejected
CAND02633,REQ10050,Daniel,White,14.7,Hired
CAND02634,REQ03182,Jennifer,Burke,3.2,Interviewing
CAND02635,REQ12557,Melissa,Houston,12.5,Rejected
CAND02636,REQ24395,Kim,Hernandez,18.4,Rejected
CAND02637,REQ04772,Jonathan,Nelson,15.7,Offer Extended
CAND02638,REQ23871,Cory,Brooks,7.0,Hired
CAND02639,REQ11338,Paul,Galloway,10.1,Rejected
CAND02640,REQ04023,Hannah,Gill,9.5,Rejected
CAND02641,REQ13265,Courtney,Parker,11.8,Rejected
CAND02642,REQ22871,Nicole,Thompson,4.7,Interviewing
CAND02643,REQ19966,Shawn,Jones,12.9,Rejected
CAND02644,REQ06397,Brandon,Briggs,2.0,Rejected
CAND02645,REQ17213,Michelle,Weber,13.4,Interviewing
CAND02646,REQ10765,Angela,Taylor,10.3,Rejected
CAND02647,REQ15678,Katherine,Kennedy,12.3,Rejected
CAND02648,REQ13603,Kyle,Freeman,19.9,Rejected
CAND02649,REQ22240,Patrick,Ewing,11.4,Hired
CAND02650,REQ22582,Jennifer,Roberts,18.4,Interviewing
CAND02651,REQ14707,James,Wolfe,5.3,Rejected
CAND02652,REQ07346,Brett,Davis,9.3,Rejected
CAND02653,REQ12161,Faith,Ortega,4.3,Rejected
CAND02654,REQ20410,Elizabeth,Williams,7.0,Rejected
CAND02655,REQ05507,Lisa,Welch,12.5,Offer Extended
CAND02656,REQ04879,Marilyn,Cox,10.3,Rejected
CAND02657,REQ22438,Kristi,Lucas,4.8,Rejected
CAND02658,REQ04365,Linda,Knox,8.0,Rejected
CAND02659,REQ14948,Justin,Fitzgerald,9.2,Interviewing
CAND02660,REQ10103,Edward,Delgado,7.4,Offer Extended
CAND02661,REQ19662,Kathleen,Bass,19.3,Interviewing
CAND02662,REQ02471,Cassandra,Simpson,5.9,Interviewing
CAND02663,REQ04306,Jason,Patton,5.3,Rejected
CAND02664,REQ08931,Amanda,Torres,14.3,Rejected
CAND02665,REQ10315,Kelly,White,10.6,Rejected
CAND02666,REQ19662,Julie,Smith,5.3,Rejected
CAND02667,REQ13790,John,Gordon,11.8,Rejected
CAND02668,REQ21836,Heather,Neal,16.8,Interviewing
CAND02669,REQ18883,Angela,Williams,12.9,Rejected
CAND02670,REQ14932,Kathleen,Rodriguez,11.5,Rejected
CAND02671,REQ24476,Tracie,Johnson,7.3,Interviewing
CAND02672,REQ07447,Samuel,Carlson,14.6,Rejected
CAND02673,REQ02957,Dawn,Johnson,2.7,Interviewing
CAND02674,REQ17595,Michelle,Sellers,9.0,Rejected
CAND02675,REQ18915,Michael,Ross,6.0,Rejected
CAND02676,REQ11612,Haley,Evans,12.9,Hired
CAND02677,REQ08097,Anthony,Valentine,7.8,Rejected
CAND02678,REQ22732,Latasha,Wallace,2.2,Rejected
CAND02679,REQ03197,Christopher,Velasquez,12.3,Rejected
CAND02680,REQ03306,Mark,Lawson,14.5,Hired
CAND02681,REQ19422,Mark,Johns,6.4,Rejected
CAND02682,REQ20895,Elijah,Wright,0.4,Rejected
CAND02683,REQ12058,Meghan,Gomez,10.0,Rejected
CAND02684,REQ11420,Brittany,Serrano,3.2,Rejected
CAND02685,REQ11566,Amber,Graham,0.5,Rejected
CAND02686,REQ18136,Samuel,Jones,19.2,Rejected
CAND02687,REQ14227,Anna,Potter,16.6,Rejected
CAND02688,REQ22120,Jacob,Whitehead,9.5,Hired
CAND02689,REQ06837,Tanya,Brown,6.9,Interviewing
CAND02690,REQ04635,Stacey,Santiago,13.7,Interviewing
CAND02691,REQ06906,Luis,Martin,10.9,Interviewing
CAND02692,REQ18255,Teresa,Gomez,7.5,Rejected
CAND02693,REQ10053,James,Allen,13.4,Rejected
CAND02694,REQ02385,Lindsey,Gutierrez,16.8,Rejected
CAND02695,REQ08952,Joseph,Smith,18.1,Rejected
CAND02696,REQ10952,Aaron,Harris,7.8,Rejected
CAND02697,REQ12436,Timothy,Thomas,6.8,Rejected
CAND02698,REQ04403,Carrie,Wilson,18.8,Rejected
CAND02699,REQ21014,Andrew,Cohen,17.5,Rejected
CAND02700,REQ08190,Laura,Brown,12.1,Rejected
CAND02701,REQ14406,Cassandra,Stephenson,5.9,Rejected
CAND02702,REQ00734,Eric,Raymond,2.1,Rejected
CAND02703,REQ24818,Elizabeth,Escobar,2.9,Rejected
CAND02704,REQ04722,Kevin,Moss,4.4,Rejected
CAND02705,REQ12432,Trevor,Oconnor,16.1,Rejected
CAND02706,REQ21735,Brooke,Swanson,19.5,Rejected
CAND02707,REQ05648,Amber,Graham,5.0,Offer Extended
CAND02708,REQ01772,Shawn,Henson,16.6,Rejected
CAND02709,REQ08391,Justin,Wilson,7.2,Rejected
CAND02710,REQ04299,Michael,Pitts,19.7,Rejected
CAND02711,REQ12677,Stephanie,Murillo,6.7,Hired
CAND02712,REQ09480,Derek,Hill,19.1,Rejected
CAND02713,REQ15093,Andrew,Woods,11.2,Hired
CAND02714,REQ11844,Kenneth,Rush,7.1,Interviewing
CAND02715,REQ02843,Heather,Lang,3.4,Rejected
CAND02716,REQ06145,Sarah,Carroll,19.5,Rejected
CAND02717,REQ07794,Kenneth,Young,0.9,Hired
CAND02718,REQ19957,Barry,Harrison,18.3,Rejected
CAND02719,REQ07442,Stephanie,Summers,10.7,Rejected
CAND02720,REQ01137,James,Schmitt,9.2,Hired
CAND02721,REQ04981,James,King,3.6,Hired
CAND02722,REQ04606,Rebecca,Carter,14.2,Rejected
CAND02723,REQ13729,Ryan,Smith,10.1,Interviewing
CAND02724,REQ19540,Sabrina,Hobbs,14.2,Rejected
CAND02725,REQ23680,Sean,Martinez,0.5,Rejected
CAND02726,REQ04440,Terri,Schwartz,11.0,Offer Extended
CAND02727,REQ00037,Ashley,Jones,6.7,Interviewing
CAND02728,REQ17045,Douglas,Barron,19.4,Interviewing
CAND02729,REQ12568,Gregory,Hoffman,6.1,Rejected
CAND02730,REQ11441,Dakota,Taylor,0.1,Interviewing
CAND02731,REQ14376,Andrew,Miles,19.3,Rejected
CAND02732,REQ16713,Stephen,Gonzalez,14.2,Interviewing
CAND02733,REQ08400,Julie,Chambers,0.9,Hired
CAND02734,REQ15286,Angela,Peterson,2.5,Hired
CAND02735,REQ00184,James,Baker,12.5,Interviewing
CAND02736,REQ18421,Robert,Welch,19.3,Rejected
CAND02737,REQ11106,Pedro,Villarreal,14.0,Rejected
CAND02738,REQ06639,Jason,Skinner,0.7,Rejected
CAND02739,REQ14801,Heather,Baxter,3.2,Rejected
CAND02740,REQ12368,Steven,Gonzalez,11.6,Rejected
CAND02741,REQ06573,Walter,Goodwin,0.1,Rejected
CAND02742,REQ06480,Megan,Powell,18.9,Rejected
CAND02743,REQ22924,Allison,Henderson,12.5,Rejected
CAND02744,REQ00102,Bryan,Graham,16.4,Rejected
CAND02745,REQ20744,Thomas,Stuart,10.7,Rejected
CAND02746,REQ03847,Wanda,Jennings,15.0,Hired
CAND02747,REQ11584,Stephen,Pearson,5.7,Rejected
CAND02748,REQ15791,Robert,Everett,7.3,Rejected
CAND02749,REQ21181,Michelle,Thornton,11.8,Rejected
CAND02750,REQ19616,Stephanie,Hernandez,5.9,Rejected
CAND02751,REQ16758,Brenda,Acosta,14.2,Hired
CAND02752,REQ12881,Mary,Matthews,16.2,Rejected
CAND02753,REQ08322,Heather,Alvarado,4.1,Hired
CAND02754,REQ12519,Robert,Middleton,13.7,Rejected
CAND02755,REQ21614,Tyler,Byrd,7.8,Rejected
CAND02756,REQ19816,Ronald,Martin,6.1,Rejected
CAND02757,REQ09579,Yvonne,Ward,7.1,Rejected
CAND02758,REQ02831,Mathew,Barrera,11.7,Offer Extended
CAND02759,REQ24427,Amber,Joseph,11.8,Rejected
CAND02760,REQ18198,Jessica,Medina,19.7,Rejected
CAND02761,REQ01970,Michael,Wilson,13.9,Rejected
CAND02762,REQ16355,Julie,Taylor,15.3,Rejected
CAND02763,REQ06557,Jennifer,Macias,12.9,Rejected
CAND02764,REQ14996,Thomas,Todd,8.7,Rejected
CAND02765,REQ14175,Hannah,Delgado,14.7,Interviewing
CAND02766,REQ17816,Erik,Jones,11.3,Rejected
CAND02767,REQ08959,Donald,Brooks,19.8,Rejected
CAND02768,REQ11244,Erica,Davis,5.5,Rejected
CAND02769,REQ13996,Jill,Ellis,9.2,Rejected
CAND02770,REQ11644,Rhonda,Morales,16.2,Interviewing
CAND02771,REQ20599,Michelle,King,2.5,Rejected
CAND02772,REQ04816,Joseph,Morris,5.1,Interviewing
CAND02773,REQ07696,Nicholas,Foley,6.6,Rejected
CAND02774,REQ16092,Eric,Shaw,12.1,Rejected
CAND02775,REQ16674,Alexis,Best,7.0,Interviewing
CAND02776,REQ14877,William,Smith,13.0,Hired
CAND02777,REQ11979,Danielle,Carr,18.4,Rejected
CAND02778,REQ16631,Debbie,Davis,10.5,Hired
CAND02779,REQ05613,Lauren,Stewart,2.1,Rejected
CAND02780,REQ03669,David,Thompson,18.1,Rejected
CAND02781,REQ00767,Matthew,Peterson,1.7,Interviewing
CAND02782,REQ07380,Kevin,Green,14.2,Rejected
CAND02783,REQ06752,Jonathan,Nelson,12.6,Rejected
CAND02784,REQ19281,Jennifer,Walsh,16.6,Rejected
CAND02785,REQ17920,Crystal,Berger,7.5,Hired
CAND02786,REQ19060,Jose,Mullen,13.7,Rejected
CAND02787,REQ20360,Kayla,Jones,15.7,Rejected
CAND02788,REQ24346,Nancy,Nguyen,16.0,Hired
CAND02789,REQ12855,Elizabeth,Juarez,19.8,Rejected
CAND02790,REQ08711,Richard,White,13.2,Interviewing
CAND02791,REQ16732,Joshua,Monroe,10.1,Rejected
CAND02792,REQ13830,Amy,Jacobs,2.8,Rejected
CAND02793,REQ17445,Michael,Herrera,6.1,Rejected
CAND02794,REQ21469,Scott,Caldwell,13.9,Rejected
CAND02795,REQ20767,Alexandra,Howell,13.8,Offer Extended
CAND02796,REQ17416,Felicia,Larson,17.3,Interviewing
CAND02797,REQ19961,Cameron,Wong,1.3,Rejected
CAND02798,REQ02898,Maria,Graham,18.5,Rejected
CAND02799,REQ05338,Sarah,Jones,0.8,Rejected
CAND02800,REQ01158,Robin,Chen,0.2,Hired
CAND02801,REQ07226,Robin,Johnson,16.5,Rejected
CAND02802,REQ16826,Richard,Williams,17.2,Rejected
CAND02803,REQ22155,Heather,Richardson,5.4,Rejected
CAND02804,REQ11993,Kristin,Price,1.3,Rejected
CAND02805,REQ00898,Adrienne,Peterson,1.9,Rejected
CAND02806,REQ10407,Greg,Green,10.8,Rejected
CAND02807,REQ00745,Joseph,Hughes,3.0,Rejected
CAND02808,REQ18281,Joshua,Jones,6.6,Interviewing
CAND02809,REQ15626,Ann,Reed,14.5,Interviewing
CAND02810,REQ21811,Brian,Jacobson,7.7,Rejected
CAND02811,REQ01857,Debra,Harris,8.0,Rejected
CAND02812,REQ15303,Carlos,Hicks,7.5,Offer Extended
CAND02813,REQ14037,Ashley,Weaver,5.3,Rejected
CAND02814,REQ08027,Cheyenne,Jones,5.4,Rejected
CAND02815,REQ18136,Donald,Carpenter,11.9,Interviewing
CAND02816,REQ18606,Jared,Saunders,5.5,Rejected
CAND02817,REQ14739,Bradley,Williams,18.8,Interviewing
CAND02818,REQ12681,Matthew,Simmons,16.3,Rejected
CAND02819,REQ02899,Angela,Gutierrez,6.2,Rejected
CAND02820,REQ14942,Monica,Mills,11.8,Rejected
CAND02821,REQ14418,Matthew,Allen,11.2,Offer Extended
CAND02822,REQ06809,Jessica,Patterson,7.0,Rejected
CAND02823,REQ08479,Colleen,Wells,0.4,Interviewing
CAND02824,REQ18747,Tammy,Ellison,5.6,Rejected
CAND02825,REQ21169,Joshua,Martin,5.2,Interviewing
CAND02826,REQ22920,Scott,Jenkins,7.8,Rejected
CAND02827,REQ19273,Kayla,Baldwin,19.7,Hired
CAND02828,REQ04376,Ashley,Richardson,3.6,Rejected
CAND02829,REQ09921,Roger,Harris,1.2,Rejected
CAND02830,REQ17450,Gregory,Wallace,17.4,Rejected
CAND02831,REQ09959,Valerie,Ward,0.4,Hired
CAND02832,REQ13555,Gregg,Thompson,11.0,Rejected
CAND02833,REQ03498,Craig,Williams,7.3,Rejected
CAND02834,REQ17527,Michael,Reyes,10.8,Rejected
CAND02835,REQ04425,Kathleen,Logan,19.2,Rejected
CAND02836,REQ14582,Christopher,Johns,10.1,Hired
CAND02837,REQ13258,Linda,Nelson,1.6,Rejected
CAND02838,REQ11477,Patricia,Jones,2.6,Interviewing
CAND02839,REQ24245,Jeffrey,Smith,2.2,Rejected
CAND02840,REQ24661,Jackie,Simmons,0.9,Rejected
CAND02841,REQ17285,Matthew,Phillips,12.9,Hired
CAND02842,REQ13250,Autumn,Cisneros,2.2,Rejected
CAND02843,REQ00347,Zoe,King,17.7,Rejected
CAND02844,REQ00761,Jimmy,Hudson,0.8,Interviewing
CAND02845,REQ16317,Barbara,Sutton,18.0,Rejected
CAND02846,REQ24006,James,Anderson,0.2,Hired
CAND02847,REQ19504,Ryan,Thomas,18.7,Rejected
CAND02848,REQ03102,Stacy,Fernandez,8.4,Rejected
CAND02849,REQ12805,Isabella,Ross,0.1,Interviewing
CAND02850,REQ12074,Tina,Myers,6.6,Rejected
CAND02851,REQ02691,Nicole,Ramirez,7.6,Rejected
CAND02852,REQ00568,Joseph,Anderson,17.1,Rejected
CAND02853,REQ08662,Robert,Hicks,15.8,Interviewing
CAND02854,REQ12732,Margaret,Young,3.5,Rejected
CAND02855,REQ23496,Robert,Lam,14.0,Rejected
CAND02856,REQ16617,Laura,Munoz,17.6,Rejected
CAND02857,REQ22630,Deanna,Davis,9.0,Rejected
CAND02858,REQ19740,William,Beard,3.8,Hired
CAND02859,REQ18708,Michael,Garrison,11.9,Rejected
CAND02860,REQ20956,Jason,Kelley,7.0,Rejected
CAND02861,REQ13802,Shirley,Herrera,9.8,Offer Extended
CAND02862,REQ05662,Joseph,Hopkins,3.9,Hired
CAND02863,REQ02238,Michael,Klein,17.2,Rejected
CAND02864,REQ09815,Denise,Stanley,13.2,Rejected
CAND02865,REQ00410,Billy,Evans,10.6,Interviewing
CAND02866,REQ10006,James,Smith,18.7,Rejected
CAND02867,REQ20650,Marissa,Harris,16.9,Rejected
CAND02868,REQ11565,Stacy,Price,15.1,Rejected
CAND02869,REQ01388,Gabrielle,Schmidt,9.2,Interviewing
CAND02870,REQ10306,Ralph,Golden,6.1,Rejected
CAND02871,REQ09556,Amy,Beard,17.8,Rejected
CAND02872,REQ17933,Emily,Webb,10.5,Rejected
CAND02873,REQ10465,Tiffany,James,11.7,Rejected
CAND02874,REQ03919,James,Murphy,8.5,Rejected
CAND02875,REQ04877,Kathy,Jones,18.8,Rejected
CAND02876,REQ11433,Thomas,Moore,6.2,Rejected
CAND02877,REQ01829,Jessica,Rogers,10.5,Rejected
CAND02878,REQ00843,Walter,Dean,13.4,Rejected
CAND02879,REQ19144,Kelly,Brown,13.7,Interviewing
CAND02880,REQ01342,Joe,Lawson,13.2,Rejected
CAND02881,REQ21790,Katherine,Shepherd,13.1,Rejected
CAND02882,REQ03506,Crystal,Swanson,15.9,Rejected
CAND02883,REQ16207,Michelle,Wood,3.7,Rejected
CAND02884,REQ21947,Deborah,Lopez,2.9,Rejected
CAND02885,REQ03304,Angela,Baker,11.8,Interviewing
CAND02886,REQ21889,Danielle,Solis,18.4,Rejected
CAND02887,REQ15750,Heather,Anderson,17.3,Rejected
CAND02888,REQ22053,Sara,Neal,17.0,Rejected
CAND02889,REQ00739,Madison,Tyler,2.7,Rejected
CAND02890,REQ22007,Devin,Frazier,11.3,Rejected
CAND02891,REQ02442,Travis,Mckenzie,10.0,Rejected
CAND02892,REQ08755,Nicholas,Walsh,12.5,Rejected
CAND02893,REQ23473,Laurie,Baker,4.1,Offer Extended
CAND02894,REQ18287,Elizabeth,Jones,0.5,Rejected
CAND02895,REQ15920,Anita,Powell,11.4,Rejected
CAND02896,REQ14886,Jason,Reese,2.9,Rejected
CAND02897,REQ01490,John,Morris,13.0,Hired
CAND02898,REQ10957,Bonnie,Flores,18.7,Rejected
CAND02899,REQ22505,Debra,Armstrong,10.6,Rejected
CAND02900,REQ17611,Frederick,Page,9.9,Rejected
CAND02901,REQ09058,Natasha,Huff,3.6,Rejected
CAND02902,REQ21160,Eddie,Turner,6.6,Rejected
CAND02903,REQ08564,Christopher,Vargas,11.8,Rejected
CAND02904,REQ21557,Michael,Duran,12.1,Offer Extended
CAND02905,REQ11603,Eric,Rivera,4.3,Rejected
CAND02906,REQ06811,Sarah,Campbell,13.2,Hired
CAND02907,REQ04123,Brian,Olson,18.0,Rejected
CAND02908,REQ05454,Kimberly,Thomas,12.7,Hired
CAND02909,REQ07544,Chelsea,Rodriguez,2.8,Rejected
CAND02910,REQ08609,Heather,Moore,18.8,Rejected
CAND02911,REQ03579,Jill,Hurst,5.2,Interviewing
CAND02912,REQ24292,Todd,Anderson,0.3,Rejected
CAND02913,REQ08928,David,White,2.9,Rejected
CAND02914,REQ10468,Dylan,Todd,0.4,Rejected
CAND02915,REQ09463,Walter,Cooley,14.8,Rejected
CAND02916,REQ23122,Sandra,Johnson,18.3,Rejected
CAND02917,REQ08251,Valerie,Davis,7.5,Hired
CAND02918,REQ02103,Amanda,Jordan,4.3,Interviewing
CAND02919,REQ01980,Eric,Wells,4.5,Rejected
CAND02920,REQ06277,Joshua,Kane,11.9,Rejected
CAND02921,REQ02271,Darlene,Berry,15.2,Rejected
CAND02922,REQ23570,Steven,Gardner,17.7,Rejected
CAND02923,REQ14877,David,Knight,11.2,Rejected
CAND02924,REQ13245,Corey,Shepard,7.5,Rejected
CAND02925,REQ14275,Timothy,Smith,12.8,Rejected
CAND02926,REQ17532,Justin,Hansen,1.4,Hired
CAND02927,REQ06606,William,Smith,3.8,Rejected
CAND02928,REQ15121,Tonya,Brooks,16.4,Interviewing
CAND02929,REQ24385,Michael,Morales,2.5,Interviewing
CAND02930,REQ01420,Thomas,Ball,8.0,Rejected
CAND02931,REQ05644,Barbara,Trujillo,4.0,Rejected
CAND02932,REQ04868,Bonnie,Anderson,2.4,Interviewing
CAND02933,REQ11413,Scott,Wood,3.7,Offer Extended
CAND02934,REQ13598,Melissa,Wilson,1.5,Rejected
CAND02935,REQ12773,Tami,Murray,5.7,Rejected
CAND02936,REQ08157,Frederick,Leblanc,5.2,Rejected
CAND02937,REQ19504,Natalie,Oliver,7.0,Rejected
CAND02938,REQ18572,Jessica,Harris,10.4,Rejected
CAND02939,REQ05567,Anna,Miller,16.2,Rejected
CAND02940,REQ07329,Brian,Robinson,7.8,Interviewing
CAND02941,REQ01928,Vanessa,Lyons,5.1,Rejected
CAND02942,REQ20488,Brenda,Stanley,1.8,Rejected
CAND02943,REQ02842,Roger,Ponce,3.3,Rejected
CAND02944,REQ18056,Maria,Chavez,8.4,Offer Extended
CAND02945,REQ18320,Daniel,Sanders,0.3,Rejected
CAND02946,REQ10003,Michael,Myers,17.7,Rejected
CAND02947,REQ06648,John,Hopkins,10.8,Rejected
CAND02948,REQ17621,Nancy,Barrera,11.2,Rejected
CAND02949,REQ20890,Kimberly,Proctor,2.4,Interviewing
CAND02950,REQ21379,Veronica,Wright,15.8,Interviewing
CAND02951,REQ08006,Kimberly,Harris,19.1,Rejected
CAND02952,REQ06178,Amanda,Brandt,7.0,Hired
CAND02953,REQ21854,Charles,Hudson,12.2,Rejected
CAND02954,REQ17833,Victoria,Sandoval,8.0,Rejected
CAND02955,REQ15200,Clarence,Moore,3.1,Rejected
CAND02956,REQ10474,Susan,Howard,11.3,Rejected
CAND02957,REQ04456,Lisa,Flynn,13.2,Rejected
CAND02958,REQ17356,Meghan,Fox,6.8,Offer Extended
CAND02959,REQ15117,William,White,8.4,Rejected
CAND02960,REQ04997,Steven,Brown,9.2,Rejected
CAND02961,REQ22888,Brianna,Espinoza,4.9,Hired
CAND02962,REQ01456,Edward,Brown,4.2,Interviewing
CAND02963,REQ07520,Brad,Martinez,1.6,Interviewing
CAND02964,REQ17967,Lauren,Torres,10.7,Rejected
CAND02965,REQ02040,Jerry,Powell,11.4,Hired
CAND02966,REQ14907,Jeffery,Fuentes,15.1,Rejected
CAND02967,REQ09510,Jeffrey,Pierce,14.2,Interviewing
CAND02968,REQ10632,Scott,Steele,9.1,Rejected
CAND02969,REQ17863,David,Reyes,15.4,Rejected
CAND02970,REQ17170,Scott,Jensen,12.7,Rejected
CAND02971,REQ07454,Brittany,Rivas,10.7,Rejected
CAND02972,REQ02624,Theresa,Smith,8.1,Rejected
CAND02973,REQ14302,Tyrone,Davidson,15.7,Rejected
CAND02974,REQ05399,Laura,Johnson,9.3,Rejected
CAND02975,REQ21754,Valerie,Santiago,15.5,Interviewing
CAND02976,REQ13544,Sarah,Moore,11.8,Rejected
CAND02977,REQ09780,Frank,Smith,11.3,Offer Extended
CAND02978,REQ23323,Ernest,Webster,8.2,Interviewing
CAND02979,REQ04297,Jacqueline,Santiago,14.9,Rejected
CAND02980,REQ20876,Amanda,Porter,19.8,Rejected
CAND02981,REQ04343,Colleen,Thompson,0.8,Hired
CAND02982,REQ15852,Sue,Anderson,19.5,Rejected
CAND02983,REQ06322,Ronald,Richmond,6.1,Offer Extended
CAND02984,REQ07318,Holly,West,3.1,Rejected
CAND02985,REQ14227,Benjamin,Sims,8.4,Rejected
CAND02986,REQ13626,Robert,Daniels,15.4,Interviewing
CAND02987,REQ15104,Joseph,Estrada,19.5,Rejected
CAND02988,REQ09329,Meredith,Black,0.6,Rejected
CAND02989,REQ04493,Stephen,Griffith,11.8,Rejected
CAND02990,REQ19481,Juan,Santana,1.6,Rejected
CAND02991,REQ18012,Jessica,Baldwin,10.4,Rejected
CAND02992,REQ17522,Patrick,Williams,10.1,Hired
CAND02993,REQ17015,John,Jackson,16.8,Interviewing
CAND02994,REQ07731,Stephanie,Martinez,15.5,Rejected
CAND02995,REQ23007,Jesus,Beard,17.4,Rejected
CAND02996,REQ15172,Curtis,Fleming,9.5,Rejected
CAND02997,REQ13319,Edward,Christian,11.3,Rejected
CAND02998,REQ12767,Cheyenne,Simpson,16.5,Interviewing
CAND02999,REQ20353,Julie,Moore,13.6,Rejected
CAND03000,REQ20083,Jodi,Mcbride,1.4,Rejected
CAND03001,REQ12763,Amber,Mckee,13.9,Hired
CAND03002,REQ13704,Troy,Sullivan,4.2,Rejected
CAND03003,REQ09132,Angelica,Martinez,10.0,Rejected
CAND03004,REQ09760,Lisa,Chan,4.4,Rejected
CAND03005,REQ00202,John,Simon,16.4,Rejected
CAND03006,REQ13771,William,Harrison,7.6,Interviewing
CAND03007,REQ23833,Laura,Briggs,0.6,Rejected
CAND03008,REQ02079,Charles,Rodriguez,3.1,Rejected
CAND03009,REQ01694,Cindy,Melton,10.0,Interviewing
CAND03010,REQ07015,William,Davis,16.0,Rejected
CAND03011,REQ13781,Paul,Rodriguez,14.9,Interviewing
CAND03012,REQ13345,Shannon,Hopkins,13.8,Rejected
CAND03013,REQ22260,Natasha,Welch,6.0,Rejected
CAND03014,REQ07129,Christopher,King,11.8,Hired
CAND03015,REQ17324,Mark,Gonzalez,8.3,Rejected
CAND03016,REQ23771,Robert,Bryan,0.8,Interviewing
CAND03017,REQ03589,Matthew,Martin,19.3,Hired
CAND03018,REQ19037,Ashley,Fletcher,5.7,Rejected
CAND03019,REQ24414,Zachary,Li,10.6,Hired
CAND03020,REQ17717,Mary,Wallace,15.7,Rejected
CAND03021,REQ20552,Timothy,Martinez,13.5,Rejected
CAND03022,REQ12793,James,Duran,11.1,Rejected
CAND03023,REQ15536,Crystal,Black,2.8,Rejected
CAND03024,REQ19472,Christine,Huber,15.7,Rejected
CAND03025,REQ23629,Austin,Manning,0.6,Interviewing
CAND03026,REQ07254,Heather,Bradford,19.8,Rejected
CAND03027,REQ20110,Michelle,Martin,7.1,Rejected
CAND03028,REQ08738,Joshua,Valdez,9.3,Rejected
CAND03029,REQ15927,Latoya,Phillips,7.5,Rejected
CAND03030,REQ13574,Katherine,Wright,1.4,Rejected
CAND03031,REQ04206,Jason,Vincent,11.4,Rejected
CAND03032,REQ08809,Deborah,Martinez,16.0,Rejected
CAND03033,REQ11793,Samantha,Gonzalez,4.2,Rejected
CAND03034,REQ12837,Mitchell,Navarro,0.9,Interviewing
CAND03035,REQ00616,Darren,Cruz,9.0,Rejected
CAND03036,REQ23273,Richard,Wright,10.1,Rejected
CAND03037,REQ10451,Joseph,Delgado,2.4,Rejected
CAND03038,REQ17037,Jonathan,Ortiz,1.4,Rejected
CAND03039,REQ06651,Mitchell,Dunlap,6.2,Interviewing
CAND03040,REQ12545,Anthony,Norman,12.7,Interviewing
CAND03041,REQ11527,Cheryl,Rodriguez,19.7,Rejected
CAND03042,REQ18371,Steven,Carr,18.2,Interviewing
CAND03043,REQ10294,Katie,Washington,0.1,Rejected
CAND03044,REQ10224,Tanner,Dixon,1.3,Hired
CAND03045,REQ10072,Nicole,Griffin,2.4,Rejected
CAND03046,REQ16510,Anthony,Pruitt,7.4,Offer Extended
CAND03047,REQ12775,Jennifer,Hudson,14.9,Interviewing
CAND03048,REQ09141,Carolyn,Smith,14.2,Rejected
CAND03049,REQ16155,Stephanie,Bell,18.4,Rejected
CAND03050,REQ19169,Randy,Wiley,12.5,Rejected
CAND03051,REQ01544,Philip,Mcdonald,0.8,Rejected
CAND03052,REQ12697,Fred,Copeland,19.4,Rejected
CAND03053,REQ20562,Kimberly,Graham,11.8,Interviewing
CAND03054,REQ07745,Ronald,Burton,3.4,Hired
CAND03055,REQ22714,Jeanne,Mercer,8.4,Rejected
CAND03056,REQ10279,William,Brown,6.8,Hired
CAND03057,REQ02752,Kathleen,Frazier,12.7,Rejected
CAND03058,REQ10487,Vanessa,Herrera,18.4,Hired
CAND03059,REQ03294,Jennifer,Murray,12.2,Interviewing
CAND03060,REQ14955,Michelle,Harris,4.0,Offer Extended
CAND03061,REQ10583,Ryan,Gonzalez,9.1,Interviewing
CAND03062,REQ05694,Yolanda,Alvarado,14.8,Rejected
CAND03063,REQ22064,Kathryn,Hull,4.1,Rejected
CAND03064,REQ20697,Darryl,Hoffman,11.0,Rejected
CAND03065,REQ16072,Steven,Garrett,13.9,Interviewing
CAND03066,REQ22019,Sharon,Roman,2.6,Rejected
CAND03067,REQ12363,Larry,Washington,19.4,Hired
CAND03068,REQ07835,Bryan,Marshall,9.5,Interviewing
CAND03069,REQ14396,Kristin,Young,11.7,Rejected
CAND03070,REQ09935,William,Moore,2.1,Rejected
CAND03071,REQ17074,John,Robinson,18.8,Rejected
CAND03072,REQ15378,Nicole,Jones,15.3,Interviewing
CAND03073,REQ07101,Matthew,Hays,11.3,Interviewing
CAND03074,REQ20311,Samantha,Maldonado,11.0,Rejected
CAND03075,REQ13691,Jennifer,White,0.8,Rejected
CAND03076,REQ17319,Kimberly,Bishop,12.3,Rejected
CAND03077,REQ14854,Joel,Martinez,13.8,Rejected
CAND03078,REQ03627,April,Jones,11.9,Rejected
CAND03079,REQ04058,Dustin,Perez,2.5,Rejected
CAND03080,REQ01261,Maria,Collins,18.9,Rejected
CAND03081,REQ12908,Tyler,Moore,12.5,Hired
CAND03082,REQ13405,Joshua,Robinson,14.6,Rejected
CAND03083,REQ22504,Kevin,Smith,13.8,Rejected
CAND03084,REQ24316,Christina,Carlson,15.1,Rejected
CAND03085,REQ22093,Robert,Morris,13.1,Interviewing
CAND03086,REQ13472,Joyce,Owens,0.6,Offer Extended
CAND03087,REQ17231,Debra,Krueger,2.2,Rejected
CAND03088,REQ12185,Lisa,Rodriguez,0.5,Rejected
CAND03089,REQ12689,Steven,Morrow,14.7,Rejected
CAND03090,REQ22187,Jasmine,Robinson,4.8,Rejected
CAND03091,REQ18763,Carlos,Shields,10.4,Offer Extended
CAND03092,REQ18532,Dominique,George,3.6,Rejected
CAND03093,REQ15277,Matthew,Henry,10.1,Hired
CAND03094,REQ23201,Jennifer,Valdez,4.2,Rejected
CAND03095,REQ10466,Teresa,Wolfe,11.7,Rejected
CAND03096,REQ23451,Kimberly,Lyons,0.6,Hired
CAND03097,REQ11954,Juan,Crane,17.2,Interviewing
CAND03098,REQ20156,Melanie,Hawkins,4.3,Rejected
CAND03099,REQ01843,Emily,Dalton,16.7,Rejected
CAND03100,REQ07489,Doris,Walker,19.3,Rejected
CAND03101,REQ14952,Shawna,Parrish,3.4,Rejected
CAND03102,REQ16404,Jenna,Wilson,2.4,Rejected
CAND03103,REQ05258,Ronnie,Tucker,6.3,Offer Extended
CAND03104,REQ00263,Malik,Stone,16.9,Rejected
CAND03105,REQ09463,David,Blake,18.2,Hired
CAND03106,REQ16330,Brittany,Ponce,19.0,Rejected
CAND03107,REQ11166,Carol,Grant,14.9,Rejected
CAND03108,REQ16614,Caleb,Whitaker,5.9,Rejected
CAND03109,REQ06083,Debbie,Phillips,2.3,Rejected
CAND03110,REQ04193,Aaron,King,4.0,Hired
CAND03111,REQ15951,Christopher,Cunningham,10.1,Offer Extended
CAND03112,REQ14209,Kelly,Paul,12.8,Rejected
CAND03113,REQ18677,Sarah,Wright,7.3,Interviewing
CAND03114,REQ16959,Jeremiah,Coleman,0.2,Rejected
CAND03115,REQ06685,Anna,Hawkins,11.0,Interviewing
CAND03116,REQ17894,Dustin,Lang,4.4,Rejected
CAND03117,REQ13744,Justin,Hoffman,19.1,Rejected
CAND03118,REQ13652,William,Lopez,16.5,Rejected
CAND03119,REQ19594,Beth,Jackson,17.8,Rejected
CAND03120,REQ12906,Jillian,Woodward,19.7,Rejected
CAND03121,REQ18877,Jeffrey,Hamilton,10.3,Rejected
CAND03122,REQ08268,Timothy,Brown,8.8,Rejected
CAND03123,REQ01238,Joshua,Vaughn,3.2,Interviewing
CAND03124,REQ11755,Tracy,Zamora,6.3,Rejected
CAND03125,REQ14743,Sandra,Ramos,3.3,Interviewing
CAND03126,REQ10838,Melanie,Larson,15.1,Interviewing
CAND03127,REQ22427,Victoria,Murray,8.5,Rejected
CAND03128,REQ17138,Lisa,Webb,5.8,Rejected
CAND03129,REQ12876,Michael,Newton,0.1,Hired
CAND03130,REQ03743,Christina,Bell,18.0,Rejected
CAND03131,REQ23901,Michelle,Berry,11.2,Rejected
CAND03132,REQ23609,Tara,Murphy,18.7,Interviewing
CAND03133,REQ22372,Matthew,Elliott,10.1,Rejected
CAND03134,REQ02270,Ross,Sanders,15.8,Hired
CAND03135,REQ01049,Jeffrey,Ward,16.0,Rejected
CAND03136,REQ16300,Crystal,Mercado,19.9,Interviewing
CAND03137,REQ00195,David,Sutton,9.3,Rejected
CAND03138,REQ17819,Peter,Fletcher,0.5,Rejected
CAND03139,REQ16164,Mark,Kerr,11.3,Rejected
CAND03140,REQ16730,Joe,Jones,0.1,Rejected
CAND03141,REQ14374,Nathan,Allen,16.6,Rejected
CAND03142,REQ24561,Allison,Barnett,11.7,Rejected
CAND03143,REQ13996,Erin,Mcgee,4.0,Hired
CAND03144,REQ07073,Juan,Clark,19.7,Interviewing
CAND03145,REQ10348,Thomas,Franklin,12.5,Offer Extended
CAND03146,REQ18011,Susan,Lee,18.4,Rejected
CAND03147,REQ15071,Mary,Rose,6.9,Rejected
CAND03148,REQ18299,Michael,Carter,13.4,Hired
CAND03149,REQ15908,Jose,Robinson,12.9,Interviewing
CAND03150,REQ15013,Roy,Williams,15.2,Rejected
CAND03151,REQ24998,Sean,Rodriguez,14.2,Rejected
CAND03152,REQ03934,Danielle,Cox,8.3,Rejected
CAND03153,REQ14418,Robert,Salazar,15.7,Rejected
CAND03154,REQ04933,Laura,Williams,17.7,Interviewing
CAND03155,REQ03908,Travis,Collins,11.6,Offer Extended
CAND03156,REQ03279,Virginia,Johnson,5.7,Rejected
CAND03157,REQ24568,Ann,Cole,7.3,Interviewing
CAND03158,REQ19166,Brandon,Wall,3.7,Rejected
CAND03159,REQ10471,John,Newman,7.7,Rejected
CAND03160,REQ17012,Anthony,Jimenez,10.5,Hired
CAND03161,REQ21185,Jessica,Dyer,16.8,Rejected
CAND03162,REQ24905,Shirley,Griffin,17.7,Interviewing
CAND03163,REQ10427,Nicholas,Williams,12.1,Rejected
CAND03164,REQ24584,Alex,Moss,15.0,Rejected
CAND03165,REQ02100,Jacob,Hartman,5.5,Hired
CAND03166,REQ20974,Brian,Ferguson,2.0,Rejected
CAND03167,REQ07503,Christian,Chen,16.2,Rejected
CAND03168,REQ16700,Austin,Cox,6.5,Hired
CAND03169,REQ04724,William,Becker,0.8,Interviewing
CAND03170,REQ09861,Michael,Fleming,19.5,Rejected
CAND03171,REQ19857,Raymond,Barrett,19.9,Rejected
CAND03172,REQ12178,Michelle,Green,19.0,Hired
CAND03173,REQ24760,Brittany,Johnson,1.0,Interviewing
CAND03174,REQ04250,Nathaniel,Russell,3.1,Rejected
CAND03175,REQ19720,Robert,Carter,15.4,Interviewing
CAND03176,REQ23160,Marcus,Hudson,11.0,Rejected
CAND03177,REQ24781,Tracy,Morrison,1.5,Rejected
CAND03178,REQ15968,Patrick,Bennett,12.7,Hired
CAND03179,REQ02767,Morgan,Trujillo,1.9,Rejected
CAND03180,REQ19388,Emily,Hicks,8.8,Rejected
CAND03181,REQ13485,Jimmy,Schmitt,18.5,Rejected
CAND03182,REQ18891,Tiffany,Matthews,11.6,Rejected
CAND03183,REQ10241,Stephen,Ortiz,2.4,Hired
CAND03184,REQ12140,Tina,Mcdonald,10.4,Rejected
CAND03185,REQ18640,Andrew,Rodriguez,16.5,Hired
CAND03186,REQ09670,Janet,Herrera,12.1,Rejected
CAND03187,REQ14437,Tina,Parker,3.3,Interviewing
CAND03188,REQ02072,Daniel,Mcintosh,9.2,Rejected
CAND03189,REQ04792,Michelle,Hughes,12.5,Rejected
CAND03190,REQ03411,Melissa,Gonzalez,16.5,Rejected
CAND03191,REQ02672,Jonathan,Garner,18.0,Rejected
CAND03192,REQ15897,Bethany,Henson,14.5,Hired
CAND03193,REQ20208,Abigail,Knight,17.4,Rejected
CAND03194,REQ14991,Jade,Kim,4.7,Hired
CAND03195,REQ03731,Philip,Lewis,5.6,Rejected
CAND03196,REQ17393,Devin,Stein,3.1,Rejected
CAND03197,REQ14549,Andrea,Buck,4.7,Hired
CAND03198,REQ20878,Victoria,Hernandez,10.3,Rejected
CAND03199,REQ17327,Dennis,Young,6.8,Rejected
CAND03200,REQ01317,Donald,Wilson,3.3,Rejected
CAND03201,REQ03128,Donna,Ross,17.5,Interviewing
CAND03202,REQ23182,Jack,Carroll,5.0,Rejected
CAND03203,REQ20175,Ian,Mccoy,1.0,Interviewing
CAND03204,REQ23889,Jacqueline,Moreno,17.1,Rejected
CAND03205,REQ09239,Timothy,Stevens,18.2,Rejected
CAND03206,REQ15507,Matthew,Brown,19.5,Rejected
CAND03207,REQ15229,Scott,Flores,13.8,Interviewing
CAND03208,REQ17747,Sharon,Frazier,7.2,Rejected
CAND03209,REQ08680,Lisa,Mckee,16.5,Rejected
CAND03210,REQ08770,Ariel,Smith,16.7,Interviewing
CAND03211,REQ14633,Daniel,Sanchez,1.6,Rejected
CAND03212,REQ07158,Leah,Hanson,9.3,Rejected
CAND03213,REQ04278,Rebecca,Smith,18.1,Interviewing
CAND03214,REQ06915,April,Hill,9.7,Hired
CAND03215,REQ19899,Megan,Horton,12.6,Rejected
CAND03216,REQ21545,Rebecca,Alexander,11.4,Rejected
CAND03217,REQ15506,Lisa,Mcmillan,6.2,Hired
CAND03218,REQ21585,Trevor,Friedman,5.7,Interviewing
CAND03219,REQ09668,Rhonda,James,4.5,Interviewing
CAND03220,REQ00908,Allison,Martin,16.5,Rejected
CAND03221,REQ02821,Kyle,Reed,3.2,Rejected
CAND03222,REQ09541,James,Rodgers,14.8,Rejected
CAND03223,REQ20616,Amanda,Harvey,13.7,Interviewing
CAND03224,REQ14152,Elijah,Rollins,5.1,Interviewing
CAND03225,REQ05830,Nicholas,Fritz,2.8,Rejected
CAND03226,REQ11986,Jesse,Drake,4.1,Rejected
CAND03227,REQ21822,Ryan,Torres,3.2,Rejected
CAND03228,REQ11087,Michael,Roberts,8.0,Rejected
CAND03229,REQ04684,Ryan,Fisher,6.1,Rejected
CAND03230,REQ08446,Cameron,Howard,2.5,Rejected
CAND03231,REQ04677,Keith,King,9.5,Rejected
CAND03232,REQ16139,Angela,Blackwell,0.9,Rejected
CAND03233,REQ02946,Bonnie,Moore,14.6,Interviewing
CAND03234,REQ11327,Nathan,Mcfarland,14.6,Rejected
CAND03235,REQ06249,Patrick,Callahan,11.5,Rejected
CAND03236,REQ23129,Steven,Peterson,19.6,Rejected
CAND03237,REQ01171,Dustin,Rivas,18.4,Rejected
CAND03238,REQ13645,Alejandro,Bishop,4.8,Rejected
CAND03239,REQ14995,Martha,Garcia,11.1,Rejected
CAND03240,REQ09847,Michael,James,18.1,Rejected
CAND03241,REQ22282,Carl,Hammond,12.8,Rejected
CAND03242,REQ03018,Patricia,Perry,11.5,Rejected
CAND03243,REQ22715,Ashley,Tanner,7.8,Rejected
CAND03244,REQ01357,Ryan,Burton,6.2,Rejected
CAND03245,REQ20174,Pamela,Graham,15.7,Rejected
CAND03246,REQ16133,Joseph,Cortez,15.7,Interviewing
CAND03247,REQ18950,Lacey,Anderson,16.0,Interviewing
CAND03248,REQ22514,Eileen,Wall,10.9,Rejected
CAND03249,REQ21172,Kevin,Schwartz,17.0,Rejected
CAND03250,REQ19537,Andrew,Pacheco,6.4,Rejected
CAND03251,REQ11743,Kevin,Walker,13.5,Rejected
CAND03252,REQ05575,Steven,Ingram,19.6,Offer Extended
CAND03253,REQ07534,Lori,Barnes,9.2,Rejected
CAND03254,REQ10661,Robin,Hoffman,0.6,Rejected
CAND03255,REQ19970,Steve,Odonnell,9.5,Rejected
CAND03256,REQ14110,Brandon,Harrington,12.8,Rejected
CAND03257,REQ18820,Brooke,Ford,7.1,Rejected
CAND03258,REQ24820,John,Parker,14.2,Rejected
CAND03259,REQ19249,Jacob,Lewis,2.9,Interviewing
CAND03260,REQ02426,Christopher,Hicks,16.8,Interviewing
CAND03261,REQ14378,Keith,Mathis,9.9,Hired
CAND03262,REQ15645,Jeremy,Newman,14.7,Rejected
CAND03263,REQ20029,Anthony,Roberts,17.9,Interviewing
CAND03264,REQ09264,Pamela,Graves,0.6,Rejected
CAND03265,REQ05060,Cameron,Wilson,7.5,Rejected
CAND03266,REQ05916,Stephanie,Pierce,2.9,Rejected
CAND03267,REQ23253,Jessica,Davis,18.8,Rejected
CAND03268,REQ03155,Timothy,Bright,2.3,Hired
CAND03269,REQ16160,Rebecca,Gill,1.7,Rejected
CAND03270,REQ08346,Daniel,Cummings,10.0,Rejected
CAND03271,REQ19844,Christopher,Murphy,17.6,Rejected
CAND03272,REQ00601,Diane,Zamora,16.1,Rejected
CAND03273,REQ11460,Christopher,Edwards,9.0,Rejected
CAND03274,REQ10486,Jeffrey,Montes,17.8,Rejected
CAND03275,REQ16022,Patricia,White,13.4,Rejected
CAND03276,REQ11903,Daniel,Middleton,12.2,Interviewing
CAND03277,REQ04413,Andrew,Smith,6.1,Offer Extended
CAND03278,REQ17054,Rebecca,Pierce,17.6,Rejected
CAND03279,REQ07555,Donald,Brown,3.7,Hired
CAND03280,REQ24292,Michelle,Jackson,15.1,Rejected
CAND03281,REQ18510,Lindsey,Richardson,13.7,Rejected
CAND03282,REQ20340,Matthew,Gregory,9.2,Rejected
CAND03283,REQ24040,Julie,Anderson,19.2,Rejected
CAND03284,REQ24204,Robert,Johnson,1.8,Rejected
CAND03285,REQ22916,Frank,Brown,8.5,Rejected
CAND03286,REQ14805,Janice,Webb,17.1,Rejected
CAND03287,REQ14353,Bradley,Burton,12.3,Hired
CAND03288,REQ20938,Michael,Osborne,15.5,Rejected
CAND03289,REQ08866,Heather,Maldonado,8.0,Rejected
CAND03290,REQ09593,Samantha,Henderson,5.2,Rejected
CAND03291,REQ24825,Cheryl,Sanchez,2.6,Rejected
CAND03292,REQ01296,Misty,Quinn,3.3,Rejected
CAND03293,REQ00545,Victoria,Rodriguez,4.9,Hired
CAND03294,REQ00673,Michael,Shepard,1.9,Interviewing
CAND03295,REQ13472,Eric,Haynes,9.1,Rejected
CAND03296,REQ07726,Robert,Smith,16.1,Rejected
CAND03297,REQ01607,Jeffrey,Rogers,1.3,Rejected
CAND03298,REQ19757,Dale,Cruz,7.5,Rejected
CAND03299,REQ02557,Doris,Cruz,9.0,Rejected
CAND03300,REQ06149,Abigail,Michael,8.4,Rejected
CAND03301,REQ12960,Dana,Clarke,17.4,Rejected
CAND03302,REQ13010,Kara,Jenkins,1.5,Rejected
CAND03303,REQ07017,Sarah,Singleton,1.2,Hired
CAND03304,REQ04574,Michael,Smith,11.9,Rejected
CAND03305,REQ10588,Samuel,Williams,9.8,Rejected
CAND03306,REQ07718,Sandra,Robinson,6.7,Hired
CAND03307,REQ03200,Derek,Nichols,14.0,Rejected
CAND03308,REQ08615,Holly,Johnson,4.3,Rejected
CAND03309,REQ05051,Karen,Mclean,9.5,Hired
CAND03310,REQ14539,Anthony,Giles,0.4,Rejected
CAND03311,REQ19531,James,Owens,19.3,Rejected
CAND03312,REQ24847,Charles,Patterson,14.4,Rejected
CAND03313,REQ24141,Laura,Mckenzie,3.5,Hired
CAND03314,REQ23222,Carrie,Sanchez,13.2,Rejected
CAND03315,REQ24354,Trevor,Davis,14.5,Rejected
CAND03316,REQ18419,Kelsey,Martin,1.2,Rejected
CAND03317,REQ04639,William,Cohen,9.0,Offer Extended
CAND03318,REQ13130,Tara,Bates,8.2,Rejected
CAND03319,REQ17122,Adam,Kennedy,4.7,Rejected
CAND03320,REQ13700,Lindsey,Wall,18.5,Hired
CAND03321,REQ24976,John,Brennan,9.3,Interviewing
CAND03322,REQ05809,Nancy,Haley,13.7,Interviewing
CAND03323,REQ06144,Melanie,Porter,19.2,Rejected
CAND03324,REQ22752,Jessica,Williams,15.2,Interviewing
CAND03325,REQ16920,Amanda,Griffin,8.6,Rejected
CAND03326,REQ14932,Amy,Conner,4.8,Rejected
CAND03327,REQ18619,Cynthia,Stephens,17.5,Interviewing
CAND03328,REQ12236,Brian,Neal,13.0,Rejected
CAND03329,REQ16440,Patricia,Mcdaniel,0.7,Rejected
CAND03330,REQ16228,Sarah,Steele,10.5,Hired
CAND03331,REQ09475,Juan,Schultz,19.1,Rejected
CAND03332,REQ06165,Thomas,Sanchez,5.2,Hired
CAND03333,REQ01660,Evan,Davidson,4.7,Interviewing
CAND03334,REQ18468,William,Orozco,16.5,Rejected
CAND03335,REQ24929,Darren,Johnson,11.3,Rejected
CAND03336,REQ06511,Phillip,Stevenson,16.8,Rejected
CAND03337,REQ10861,Joseph,Lin,14.2,Rejected
CAND03338,REQ04839,Erin,Lewis,12.1,Rejected
CAND03339,REQ18141,Felicia,Santos,16.9,Rejected
CAND03340,REQ17550,Mitchell,Frazier,13.4,Rejected
CAND03341,REQ04752,David,Lopez,8.3,Rejected
CAND03342,REQ13939,Danielle,Silva,15.8,Offer Extended
CAND03343,REQ08252,Robert,Cooper,8.4,Rejected
CAND03344,REQ18708,Lori,King,18.6,Offer Extended
CAND03345,REQ21783,Kevin,Mcdonald,4.0,Interviewing
CAND03346,REQ16038,David,Price,4.3,Offer Extended
CAND03347,REQ13951,Cory,Gilbert,17.3,Rejected
CAND03348,REQ13106,Alexandra,Torres,10.3,Rejected
CAND03349,REQ10888,Mark,Malone,17.4,Offer Extended
CAND03350,REQ14460,Andrew,Lang,5.2,Rejected
CAND03351,REQ09997,Michael,Kelly,6.8,Interviewing
CAND03352,REQ20495,Timothy,Pierce,1.1,Rejected
CAND03353,REQ10155,Phyllis,Rodriguez,18.2,Rejected
CAND03354,REQ24247,Laura,Holt,8.0,Rejected
CAND03355,REQ19529,Shawn,Sosa,7.0,Rejected
CAND03356,REQ01795,Scott,Roberts,6.4,Rejected
CAND03357,REQ13802,Michael,Yang,15.3,Hired
CAND03358,REQ06425,Shawn,Alvarado,7.0,Rejected
CAND03359,REQ18802,Michael,Mayer,9.3,Rejected
CAND03360,REQ01894,Angela,Johnson,2.6,Rejected
CAND03361,REQ20888,Dawn,Taylor,6.1,Hired
CAND03362,REQ24303,Glen,Hull,5.7,Offer Extended
CAND03363,REQ03588,Sarah,Reynolds,10.4,Hired
CAND03364,REQ09585,Lacey,Williams,4.8,Rejected
CAND03365,REQ13646,Katherine,Carson,1.9,Hired
CAND03366,REQ01894,Tyler,Chambers,8.8,Interviewing
CAND03367,REQ06812,Jennifer,Romero,15.5,Rejected
CAND03368,REQ17585,Jennifer,Harper,8.6,Interviewing
CAND03369,REQ14973,Laura,Walker,11.7,Rejected
CAND03370,REQ01776,Marissa,Martinez,19.3,Rejected
CAND03371,REQ15901,Jacqueline,Lawrence,13.5,Hired
CAND03372,REQ03015,Patricia,Martinez,13.5,Rejected
CAND03373,REQ21802,Michelle,Price,4.6,Rejected
CAND03374,REQ05215,Anthony,Roberts,13.4,Rejected
CAND03375,REQ02419,Brandon,Walton,11.4,Interviewing
CAND03376,REQ24996,Stephanie,Montoya,13.6,Rejected
CAND03377,REQ06689,David,Fox,10.9,Rejected
CAND03378,REQ04596,Angela,Watson,15.9,Rejected
CAND03379,REQ06057,Gregory,Buchanan,6.3,Rejected
CAND03380,REQ17740,Denise,Black,16.4,Interviewing
CAND03381,REQ13977,Amy,Olson,17.9,Rejected
CAND03382,REQ18516,Meagan,West,5.7,Rejected
CAND03383,REQ20484,Rhonda,Hogan,0.7,Rejected
CAND03384,REQ22392,Cindy,Williams,17.5,Rejected
CAND03385,REQ09503,Garrett,Goodman,2.5,Rejected
CAND03386,REQ16031,Lucas,Graham,12.8,Rejected
CAND03387,REQ23615,Ebony,Kennedy,16.8,Rejected
CAND03388,REQ05963,Dillon,Zimmerman,16.8,Rejected
CAND03389,REQ06906,Gregory,Scott,15.0,Interviewing
CAND03390,REQ04219,Jimmy,Nelson,10.7,Offer Extended
CAND03391,REQ18736,Jennifer,West,6.0,Interviewing
CAND03392,REQ08541,Justin,Villanueva,12.7,Rejected
CAND03393,REQ07796,Jesse,Blevins,9.3,Interviewing
CAND03394,REQ16992,Robin,Johnson,14.3,Rejected
CAND03395,REQ17600,Christopher,Swanson,5.0,Rejected
CAND03396,REQ10734,Christopher,Jordan,12.9,Rejected
CAND03397,REQ21247,Christine,Kane,0.6,Rejected
CAND03398,REQ22294,Desiree,Murray,18.8,Rejected
CAND03399,REQ13231,Kimberly,Vaughn,1.3,Hired
CAND03400,REQ00147,Heidi,Benitez,7.9,Rejected
CAND03401,REQ11044,Mark,Cannon,12.2,Rejected
CAND03402,REQ06053,Kristin,Thompson,15.0,Rejected
CAND03403,REQ19627,Kimberly,Johnson,2.5,Rejected
CAND03404,REQ24569,Joshua,Burgess,15.2,Hired
CAND03405,REQ22702,Brian,Welch,5.1,Rejected
CAND03406,REQ19384,Martin,Estrada,15.3,Interviewing
CAND03407,REQ00512,David,Christian,8.9,Rejected
CAND03408,REQ09490,Kenneth,Rivera,12.0,Interviewing
CAND03409,REQ08505,Jeffrey,Mejia,4.1,Rejected
CAND03410,REQ20154,Matthew,Mathis,8.4,Rejected
CAND03411,REQ22959,Bryan,Barnes,4.6,Rejected
CAND03412,REQ07205,Dana,Barrera,5.3,Interviewing
CAND03413,REQ23776,Gina,Le,7.5,Offer Extended
CAND03414,REQ11271,Joel,Wells,8.6,Rejected
CAND03415,REQ17965,Vickie,Adams,18.8,Rejected
CAND03416,REQ06583,Bryan,Ramirez,15.9,Interviewing
CAND03417,REQ20440,James,Campbell,7.7,Rejected
CAND03418,REQ16478,Kim,Wells,15.8,Rejected
CAND03419,REQ09270,Michele,Cook,9.2,Interviewing
CAND03420,REQ05671,Willie,White,1.0,Interviewing
CAND03421,REQ12404,Stacy,Young,9.7,Rejected
CAND03422,REQ07240,Mary,Santiago,1.3,Rejected
CAND03423,REQ06382,James,Martin,3.1,Rejected
CAND03424,REQ20362,Crystal,Allen,16.8,Rejected
CAND03425,REQ08595,John,Case,2.4,Rejected
CAND03426,REQ03232,Dawn,Vasquez,10.6,Hired
CAND03427,REQ18660,Tina,Smith,7.7,Rejected
CAND03428,REQ04195,Dawn,Tucker,7.1,Rejected
CAND03429,REQ11047,Oscar,Lewis,8.0,Rejected
CAND03430,REQ17094,Joshua,Weber,13.1,Rejected
CAND03431,REQ22415,Jasmine,Kaufman,9.9,Interviewing
CAND03432,REQ20530,Mary,Oneal,8.2,Rejected
CAND03433,REQ24011,Tyrone,Martin,2.6,Interviewing
CAND03434,REQ09402,Dominique,Allen,19.0,Rejected
CAND03435,REQ09641,Bryan,Jennings,13.5,Rejected
CAND03436,REQ07708,David,Hutchinson,11.0,Rejected
CAND03437,REQ17609,Patrick,Reynolds,10.7,Rejected
CAND03438,REQ13767,Christopher,Martinez,8.9,Rejected
CAND03439,REQ14105,Erica,Singh,8.9,Offer Extended
CAND03440,REQ01455,Robert,Carroll,16.7,Interviewing
CAND03441,REQ07748,William,Wood,19.2,Rejected
CAND03442,REQ22159,Kyle,Chambers,17.3,Rejected
CAND03443,REQ00548,Michael,Doyle,4.9,Hired
CAND03444,REQ19300,Lisa,Gardner,11.1,Rejected
CAND03445,REQ05941,Miguel,Norton,0.2,Rejected
CAND03446,REQ14895,Kellie,Brown,5.0,Rejected
CAND03447,REQ17061,Michelle,Mcclain,6.9,Rejected
CAND03448,REQ17415,Anthony,Copeland,19.3,Rejected
CAND03449,REQ08381,Shannon,Burton,0.3,Rejected
CAND03450,REQ18027,Stephen,Rodriguez,19.0,Hired
CAND03451,REQ18033,Joseph,Berry,16.8,Rejected
CAND03452,REQ10659,Sarah,Taylor,12.2,Rejected
CAND03453,REQ24729,Emily,Rice,6.0,Interviewing
CAND03454,REQ11488,Anthony,Fox,18.4,Rejected
CAND03455,REQ14359,Jeremy,Wise,18.4,Rejected
CAND03456,REQ23429,Raymond,Myers,13.9,Rejected
CAND03457,REQ22412,Madison,Adkins,7.6,Rejected
CAND03458,REQ07750,Michael,Peterson,11.1,Interviewing
CAND03459,REQ23905,Jasmine,Hess,10.1,Offer Extended
CAND03460,REQ04773,Robert,Black,10.2,Interviewing
CAND03461,REQ13670,Chase,Edwards,10.2,Rejected
CAND03462,REQ20490,Amanda,Lambert,7.5,Rejected
CAND03463,REQ05921,Guy,Miller,12.9,Rejected
CAND03464,REQ22196,Heather,Anderson,13.0,Rejected
CAND03465,REQ03181,Mark,Wilson,13.2,Interviewing
CAND03466,REQ07595,Grace,Willis,19.8,Rejected
CAND03467,REQ20579,Rodney,Decker,9.2,Rejected
CAND03468,REQ17279,Anne,Lang,18.6,Hired
CAND03469,REQ11069,Keith,Pittman,14.9,Interviewing
CAND03470,REQ16937,Robert,Morgan,13.2,Rejected
CAND03471,REQ23184,Gabriel,Jackson,12.2,Interviewing
CAND03472,REQ20015,Sean,Roberts,15.0,Rejected
CAND03473,REQ14138,Joseph,Estrada,5.7,Rejected
CAND03474,REQ02726,Lindsay,Serrano,19.0,Rejected
CAND03475,REQ00237,Evelyn,Johnson,12.4,Hired
CAND03476,REQ02244,Brian,Morris,17.8,Rejected
CAND03477,REQ06268,Christopher,Barber,19.0,Rejected
CAND03478,REQ04779,Matthew,Graham,8.1,Rejected
CAND03479,REQ00506,Charles,Cline,7.5,Rejected
CAND03480,REQ00598,Elizabeth,Thomas,3.2,Hired
CAND03481,REQ21964,Mark,Fernandez,6.4,Rejected
CAND03482,REQ16928,Brian,Crawford,2.2,Hired
CAND03483,REQ13299,Carol,Shannon,9.1,Rejected
CAND03484,REQ06978,Julie,Williams,1.9,Rejected
CAND03485,REQ06855,Joy,Nichols,10.8,Hired
CAND03486,REQ22964,Sarah,Richards,16.2,Hired
CAND03487,REQ11688,Emily,Gaines,7.1,Rejected
CAND03488,REQ23303,Brenda,Davidson,17.7,Hired
CAND03489,REQ04860,Christian,Nichols,3.6,Rejected
CAND03490,REQ16391,Lisa,Hogan,1.5,Rejected
CAND03491,REQ11238,Lisa,Oconnell,15.0,Hired
CAND03492,REQ22884,Alexander,Mcgee,12.2,Rejected
CAND03493,REQ06897,Sharon,Green,0.5,Hired
CAND03494,REQ19387,Susan,Wu,17.2,Offer Extended
CAND03495,REQ13738,Michelle,Ashley,19.8,Rejected
CAND03496,REQ13844,Andre,Howard,15.9,Rejected
CAND03497,REQ00886,Ashley,Hernandez,4.2,Rejected
CAND03498,REQ02988,Nathan,Bryant,15.7,Rejected
CAND03499,REQ05652,Dana,Larsen,15.5,Rejected
CAND03500,REQ11473,Christopher,Hurst,11.0,Rejected
CAND03501,REQ22772,Catherine,Williams,17.8,Interviewing
CAND03502,REQ18308,Debra,Walker,1.2,Rejected
CAND03503,REQ19486,Alicia,Frank,3.2,Rejected
CAND03504,REQ04361,Meredith,Knox,12.9,Rejected
CAND03505,REQ19023,Leslie,Banks,16.1,Rejected
CAND03506,REQ19446,Larry,Willis,5.6,Interviewing
CAND03507,REQ15593,Carla,Johnson,8.3,Rejected
CAND03508,REQ21543,Sabrina,Shelton,17.8,Rejected
CAND03509,REQ11589,Maria,Mcbride,12.6,Hired
CAND03510,REQ05402,Adam,Mckee,4.7,Rejected
CAND03511,REQ07162,Debra,Graham,6.5,Rejected
CAND03512,REQ23528,Tonya,Anderson,10.9,Interviewing
CAND03513,REQ16138,Katie,Richards,18.1,Offer Extended
CAND03514,REQ10845,Barbara,Doyle,9.2,Hired
CAND03515,REQ11697,Margaret,Salas,4.1,Rejected
CAND03516,REQ11666,Alicia,Martin,11.2,Rejected
CAND03517,REQ05113,Tyler,Miller,2.3,Rejected
CAND03518,REQ01488,Edward,Love,0.2,Rejected
CAND03519,REQ11646,Jennifer,Wilkins,10.1,Rejected
CAND03520,REQ23694,Matthew,Green,18.5,Hired
CAND03521,REQ23308,Morgan,Hernandez,10.5,Rejected
CAND03522,REQ15347,Kathleen,Flynn,16.0,Rejected
CAND03523,REQ20662,William,Miller,18.2,Rejected
CAND03524,REQ09552,Kaitlyn,Navarro,1.6,Rejected
CAND03525,REQ15620,Chad,Sanford,8.2,Rejected
CAND03526,REQ19017,Elijah,Mendoza,1.5,Rejected
CAND03527,REQ05541,Nicholas,Jimenez,6.6,Rejected
CAND03528,REQ01008,Robert,Robinson,9.5,Offer Extended
CAND03529,REQ19466,Albert,Briggs,15.1,Rejected
CAND03530,REQ07230,Matthew,Moore,1.3,Rejected
CAND03531,REQ23894,Daniel,Powell,18.3,Interviewing
CAND03532,REQ03032,Jon,Cortez,11.3,Offer Extended
CAND03533,REQ21439,Nicole,Bautista,6.1,Hired
CAND03534,REQ13158,Samantha,Wilson,9.7,Rejected
CAND03535,REQ07133,Charles,Atkinson,10.8,Rejected
CAND03536,REQ14236,Amber,Garcia,14.6,Rejected
CAND03537,REQ12773,Lisa,Carey,7.3,Rejected
CAND03538,REQ01440,Tammy,Newton,10.7,Hired
CAND03539,REQ13745,Lisa,Jefferson,13.7,Rejected
CAND03540,REQ20857,Angela,Tran,0.0,Rejected
CAND03541,REQ02568,Holly,Fitzgerald,5.5,Hired
CAND03542,REQ00026,Patricia,Miller,9.3,Hired
CAND03543,REQ13857,Emma,Le,12.6,Rejected
CAND03544,REQ02264,Brenda,Cortez,9.1,Rejected
CAND03545,REQ07054,Tammy,Wilson,18.9,Hired
CAND03546,REQ09824,Ryan,Vaughn,0.2,Rejected
CAND03547,REQ10961,Michael,Griffin,7.3,Offer Extended
CAND03548,REQ22351,Brian,Mathis,10.8,Rejected
CAND03549,REQ02316,Charles,Wilson,11.4,Interviewing
CAND03550,REQ13298,Kenneth,Richardson,7.6,Rejected
CAND03551,REQ05775,Sarah,Ferguson,15.4,Interviewing
CAND03552,REQ01862,Dawn,Brown,19.1,Rejected
CAND03553,REQ10698,Matthew,Phillips,3.5,Rejected
CAND03554,REQ07511,Christopher,Bailey,18.5,Rejected
CAND03555,REQ23174,Doris,Lopez,5.5,Rejected
CAND03556,REQ07355,Lindsay,Hughes,4.9,Rejected
CAND03557,REQ00252,Pamela,Anderson,19.4,Interviewing
CAND03558,REQ23489,Kenneth,Cruz,18.4,Rejected
CAND03559,REQ18845,Brandy,Ward,2.4,Rejected
CAND03560,REQ14121,Tiffany,Gill,16.9,Rejected
CAND03561,REQ18755,Stephen,Anderson,5.5,Rejected
CAND03562,REQ20813,Lindsey,Newman,0.5,Hired
CAND03563,REQ09809,Christopher,Navarro,16.8,Rejected
CAND03564,REQ07946,Katie,Anderson,14.4,Rejected
CAND03565,REQ18533,Dennis,Anderson,13.2,Rejected
CAND03566,REQ12181,Martin,Price,2.4,Rejected
CAND03567,REQ03095,Rebecca,Roberts,0.9,Rejected
CAND03568,REQ19165,Elizabeth,Davis,8.1,Rejected
CAND03569,REQ19407,Vincent,Reed,10.3,Rejected
CAND03570,REQ21946,Anthony,Martinez,6.8,Rejected
CAND03571,REQ24094,Robert,Shea,16.4,Rejected
CAND03572,REQ19153,Dustin,Williams,9.7,Offer Extended
CAND03573,REQ21179,Michael,Reyes,7.9,Rejected
CAND03574,REQ16125,Scott,Miller,4.9,Interviewing
CAND03575,REQ17907,Olivia,Warner,4.0,Rejected
CAND03576,REQ01908,David,Bailey,11.6,Rejected
CAND03577,REQ03084,Jason,Curry,6.8,Rejected
CAND03578,REQ19538,Rachel,Bullock,1.6,Offer Extended
CAND03579,REQ21685,Michael,Matthews,14.7,Rejected
CAND03580,REQ19977,Christopher,Aguirre,8.0,Rejected
CAND03581,REQ11837,Kenneth,Thomas,2.6,Interviewing
CAND03582,REQ00348,Michael,Phillips,2.9,Rejected
CAND03583,REQ14114,Brooke,Bird,3.4,Interviewing
CAND03584,REQ00374,Valerie,Vincent,11.7,Rejected
CAND03585,REQ18821,Andrea,Gonzales,10.6,Rejected
CAND03586,REQ03689,Ryan,Myers,12.1,Interviewing
CAND03587,REQ15465,Todd,Hicks,9.1,Rejected
CAND03588,REQ24377,John,Johnson,10.5,Rejected
CAND03589,REQ11998,Daniel,Adams,7.9,Rejected
CAND03590,REQ23920,Zachary,Schmidt,19.4,Rejected
CAND03591,REQ13391,Michael,Glover,6.5,Rejected
CAND03592,REQ04275,Darlene,Castro,13.5,Rejected
CAND03593,REQ21528,Benjamin,Lewis,6.2,Rejected
CAND03594,REQ09700,Gabriella,Watts,0.9,Interviewing
CAND03595,REQ05890,Calvin,Jackson,16.8,Rejected
CAND03596,REQ07696,Michelle,Jordan,13.1,Hired
CAND03597,REQ12554,Scott,Bush,6.5,Interviewing
CAND03598,REQ14222,Joshua,Hahn,14.6,Hired
CAND03599,REQ18499,Haley,Brown,3.1,Interviewing
CAND03600,REQ18746,Melissa,Diaz,13.4,Rejected
CAND03601,REQ22178,Robin,Harris,10.5,Rejected
CAND03602,REQ13293,Adrian,Dixon,13.2,Rejected
CAND03603,REQ12947,Sandra,Watts,16.3,Interviewing
CAND03604,REQ05365,Ryan,Fuller,2.6,Rejected
CAND03605,REQ04587,Rachel,Jackson,8.6,Rejected
CAND03606,REQ17409,Donald,Hall,15.5,Rejected
CAND03607,REQ03573,Melissa,Johnson,18.1,Interviewing
CAND03608,REQ08138,Anthony,Keller,4.1,Rejected
CAND03609,REQ24045,Bonnie,Krause,12.6,Rejected
CAND03610,REQ08089,Stephanie,Savage,4.9,Offer Extended
CAND03611,REQ14639,David,Sims,9.7,Hired
CAND03612,REQ20697,Leslie,Patton,10.0,Interviewing
CAND03613,REQ14409,Brianna,West,7.5,Rejected
CAND03614,REQ02728,Jennifer,Hamilton,14.3,Rejected
CAND03615,REQ10441,Darren,White,12.9,Hired
CAND03616,REQ06548,Stephanie,Harris,16.3,Rejected
CAND03617,REQ00454,Heather,Wheeler,3.9,Hired
CAND03618,REQ12831,Christina,Lopez,2.5,Rejected
CAND03619,REQ21658,Sarah,Villa,13.0,Interviewing
CAND03620,REQ15631,Barbara,Moore,17.8,Rejected
CAND03621,REQ12884,Stephanie,Miller,15.6,Rejected
CAND03622,REQ01863,Eugene,Ramsey,4.3,Hired
CAND03623,REQ02948,Jerome,Murray,9.1,Hired
CAND03624,REQ18051,Sally,Barrera,3.7,Rejected
CAND03625,REQ07163,Jared,Perez,13.5,Rejected
CAND03626,REQ19512,Zachary,King,11.3,Rejected
CAND03627,REQ09000,Michael,Collins,8.1,Hired
CAND03628,REQ21609,Savannah,Williams,18.2,Rejected
CAND03629,REQ14038,Ian,Sparks,13.2,Rejected
CAND03630,REQ05608,Roger,Newman,6.9,Rejected
CAND03631,REQ17342,Anthony,Brown,0.5,Rejected
CAND03632,REQ16635,Stacy,Peters,18.8,Rejected
CAND03633,REQ03259,Rhonda,Wright,15.0,Rejected
CAND03634,REQ00536,Crystal,Castro,8.7,Hired
CAND03635,REQ17189,Ronald,Tate,18.2,Hired
CAND03636,REQ16779,Mary,Gibson,18.7,Rejected
CAND03637,REQ23631,Teresa,Buchanan,3.9,Rejected
CAND03638,REQ04603,Heather,Cooke,3.1,Rejected
CAND03639,REQ04765,James,Deleon,6.1,Hired
CAND03640,REQ15384,Christopher,Hoover,15.7,Rejected
CAND03641,REQ05211,Timothy,Russell,7.1,Interviewing
CAND03642,REQ19639,Kristen,Roberts,0.0,Rejected
CAND03643,REQ01566,Ross,Smith,14.9,Rejected
CAND03644,REQ10312,Robert,Hampton,1.9,Rejected
CAND03645,REQ22660,Laura,Wilcox,13.0,Hired
CAND03646,REQ18543,Sheila,Owens,20.0,Interviewing
CAND03647,REQ11973,Stephanie,Griffin,3.3,Offer Extended
CAND03648,REQ04735,Eric,Brown,2.9,Rejected
CAND03649,REQ19170,Jose,Christensen,19.9,Hired
CAND03650,REQ08924,Jacqueline,Miller,11.5,Rejected
CAND03651,REQ10506,Jenna,Hunt,5.1,Interviewing
CAND03652,REQ15211,Daniel,Bell,1.1,Offer Extended
CAND03653,REQ19086,David,Perez,16.0,Rejected
CAND03654,REQ17745,Thomas,Santos,15.5,Rejected
CAND03655,REQ17171,Steven,Tyler,6.7,Rejected
CAND03656,REQ07898,Philip,Stevenson,9.9,Interviewing
CAND03657,REQ00817,Jeffery,Snyder,17.2,Interviewing
CAND03658,REQ04754,Jeanette,Medina,11.0,Rejected
CAND03659,REQ08403,Lisa,Hamilton,3.1,Rejected
CAND03660,REQ01013,Whitney,Kelly,10.1,Rejected
CAND03661,REQ15189,Donald,Wagner,20.0,Rejected
CAND03662,REQ21527,Matthew,Bell,15.9,Rejected
CAND03663,REQ04029,Alexa,Bentley,18.3,Rejected
CAND03664,REQ00552,Timothy,Miller,2.0,Hired
CAND03665,REQ10645,Chris,Kim,13.3,Interviewing
CAND03666,REQ03790,Natalie,Gonzales,4.5,Rejected
CAND03667,REQ05739,Grant,Dawson,4.8,Rejected
CAND03668,REQ15177,Edward,Morton,1.7,Interviewing
CAND03669,REQ19226,Albert,Baker,15.5,Offer Extended
CAND03670,REQ18931,Andrea,Chavez,14.0,Rejected
CAND03671,REQ04008,Sherry,Santos,3.8,Rejected
CAND03672,REQ07264,Michael,Lewis,2.6,Interviewing
CAND03673,REQ02205,Maria,Davis,1.8,Rejected
CAND03674,REQ04523,Kristi,Jones,5.3,Rejected
CAND03675,REQ12963,Kaylee,Alvarado,4.9,Rejected
CAND03676,REQ20996,Sarah,Patel,12.1,Rejected
CAND03677,REQ15605,John,Ellis,0.4,Rejected
CAND03678,REQ16703,Jennifer,Fischer,11.3,Rejected
CAND03679,REQ00211,Hannah,Cooper,8.8,Hired
CAND03680,REQ00147,Glenda,Villa,19.4,Interviewing
CAND03681,REQ21268,Brandy,Jordan,2.1,Offer Extended
CAND03682,REQ24422,John,Prince,12.3,Interviewing
CAND03683,REQ14135,Pamela,Burgess,11.3,Rejected
CAND03684,REQ04109,Michael,Miller,16.7,Rejected
CAND03685,REQ07743,Brooke,Barr,17.7,Rejected
CAND03686,REQ19496,Jennifer,Brown,14.9,Rejected
CAND03687,REQ00741,Lauren,Carter,12.9,Rejected
CAND03688,REQ00510,Roger,Burns,2.4,Rejected
CAND03689,REQ20895,Christopher,Wilkinson,7.1,Interviewing
CAND03690,REQ04226,Jacob,Wood,19.9,Rejected
CAND03691,REQ18827,Ryan,Wilson,10.5,Hired
CAND03692,REQ10157,Christina,Schwartz,12.1,Rejected
CAND03693,REQ14150,Kristen,Carson,16.5,Rejected
CAND03694,REQ11868,Kristin,Torres,11.3,Rejected
CAND03695,REQ08004,Norma,Richardson,15.2,Offer Extended
CAND03696,REQ05523,Shawn,Hanson,8.4,Rejected
CAND03697,REQ17818,Nicole,Herrera,7.0,Interviewing
CAND03698,REQ14332,Julia,Meyer,2.1,Rejected
CAND03699,REQ03206,Andrea,Scott,10.3,Rejected
CAND03700,REQ15752,Robin,Walsh,16.7,Rejected
CAND03701,REQ02479,Leslie,Beasley,1.5,Interviewing
CAND03702,REQ15974,Jessica,Jones,20.0,Rejected
CAND03703,REQ01440,Benjamin,Mathews,14.1,Hired
CAND03704,REQ05988,Erik,Sanchez,2.2,Rejected
CAND03705,REQ06878,Emma,Silva,7.7,Rejected
CAND03706,REQ00109,Lawrence,Keller,2.4,Rejected
CAND03707,REQ20720,Catherine,Hernandez,13.5,Offer Extended
CAND03708,REQ00794,Elizabeth,Espinoza,12.4,Offer Extended
CAND03709,REQ10442,Robert,Jennings,12.2,Rejected
CAND03710,REQ11313,Jill,Walker,8.2,Hired
CAND03711,REQ15257,Mark,Higgins,16.3,Rejected
CAND03712,REQ12289,Christie,Smith,6.6,Rejected
CAND03713,REQ13034,Daniel,Richardson,16.0,Rejected
CAND03714,REQ24313,Jason,Reilly,13.6,Rejected
CAND03715,REQ05289,Rose,Hill,14.6,Rejected
CAND03716,REQ00116,Anthony,Santos,0.2,Rejected
CAND03717,REQ05597,Christine,Adams,12.1,Rejected
CAND03718,REQ02779,Deanna,Davis,15.1,Rejected
CAND03719,REQ01587,Heather,Mack,0.0,Rejected
CAND03720,REQ14820,David,Porter,12.4,Rejected
CAND03721,REQ06815,Trevor,Webb,17.0,Rejected
CAND03722,REQ11183,Leslie,Hodges,2.0,Rejected
CAND03723,REQ16010,Jeffery,Barker,7.3,Rejected
CAND03724,REQ15269,Jennifer,Farrell,10.3,Rejected
CAND03725,REQ21889,William,Willis,0.3,Hired
CAND03726,REQ12347,John,Green,7.2,Hired
CAND03727,REQ22486,William,Wilson,18.3,Rejected
CAND03728,REQ22510,Cheyenne,Bennett,3.5,Interviewing
CAND03729,REQ16151,Tiffany,Cook,5.7,Rejected
CAND03730,REQ06136,Jamie,Herrera,4.6,Hired
CAND03731,REQ19726,Thomas,Richardson,17.0,Rejected
CAND03732,REQ20648,Kathryn,Morrison,17.7,Hired
CAND03733,REQ20282,April,Hammond,1.3,Rejected
CAND03734,REQ14643,Michael,Parker,8.2,Rejected
CAND03735,REQ16347,David,Murphy,19.6,Interviewing
CAND03736,REQ02298,Ricky,Murphy,14.1,Interviewing
CAND03737,REQ17660,Ashley,Miller,9.6,Rejected
CAND03738,REQ05216,Isaiah,Cortez,0.6,Interviewing
CAND03739,REQ08926,Lisa,Bentley,9.0,Rejected
CAND03740,REQ04657,Jennifer,Joseph,16.2,Hired
CAND03741,REQ12682,Jeffrey,Campbell,9.9,Rejected
CAND03742,REQ10631,Cynthia,Johnson,14.0,Rejected
CAND03743,REQ10176,Jeffery,Barnes,19.9,Rejected
CAND03744,REQ19727,Lisa,Payne,9.5,Rejected
CAND03745,REQ09267,James,Anderson,12.0,Rejected
CAND03746,REQ01659,Cathy,Harrell,6.7,Rejected
CAND03747,REQ14114,Nicholas,Cantu,16.6,Rejected
CAND03748,REQ00857,Brad,Mills,3.0,Offer Extended
CAND03749,REQ08569,Robert,Baker,18.4,Rejected
CAND03750,REQ08467,Marissa,Christian,1.8,Interviewing
CAND03751,REQ13398,Megan,Williams,17.4,Rejected
CAND03752,REQ24101,Jeremiah,Rodriguez,15.2,Rejected
CAND03753,REQ02381,Matthew,Wilson,1.5,Interviewing
CAND03754,REQ15124,Nicholas,Williamson,8.6,Interviewing
CAND03755,REQ23742,Jasmine,Perez,15.5,Rejected
CAND03756,REQ23978,David,Medina,6.8,Rejected
CAND03757,REQ05056,Tiffany,Parks,17.8,Rejected
CAND03758,REQ03982,Brandon,Lee,16.1,Rejected
CAND03759,REQ01759,Donald,Diaz,18.6,Rejected
CAND03760,REQ19985,Marc,Davis,17.5,Rejected
CAND03761,REQ08766,Heidi,Sanchez,1.8,Hired
CAND03762,REQ20830,Michael,Miller,10.1,Rejected
CAND03763,REQ15356,Shelia,Jackson,0.9,Rejected
CAND03764,REQ05996,Ana,Cook,10.6,Rejected
CAND03765,REQ08233,Travis,Alexander,0.3,Rejected
CAND03766,REQ09295,David,Davis,15.4,Offer Extended
CAND03767,REQ09268,Jasmine,Freeman,7.4,Rejected
CAND03768,REQ08259,Karen,Swanson,15.7,Rejected
CAND03769,REQ05863,Ricky,Andrews,3.2,Rejected
CAND03770,REQ22397,Jerry,Jones,1.7,Rejected
CAND03771,REQ09504,Brandi,Thomas,5.6,Rejected
CAND03772,REQ16025,Bonnie,Brady,9.6,Rejected
CAND03773,REQ20566,Julia,Bailey,17.4,Interviewing
CAND03774,REQ07952,Lynn,Mcpherson,1.5,Rejected
CAND03775,REQ17065,Kevin,Schmidt,10.3,Rejected
CAND03776,REQ05969,Joseph,Mcdonald,2.7,Rejected
CAND03777,REQ04501,Jeffery,Ochoa,12.7,Rejected
CAND03778,REQ07331,Daniel,King,18.9,Rejected
CAND03779,REQ10860,Alice,Shelton,9.9,Hired
CAND03780,REQ09518,Amy,Rice,19.1,Rejected
CAND03781,REQ05472,Shelby,Silva,11.9,Rejected
CAND03782,REQ05989,Jeffery,Murillo,3.0,Rejected
CAND03783,REQ15242,Brooke,Payne,12.7,Interviewing
CAND03784,REQ20238,Christopher,Townsend,5.2,Rejected
CAND03785,REQ22701,Kenneth,Bush,16.7,Rejected
CAND03786,REQ08668,Jennifer,Allen,4.1,Rejected
CAND03787,REQ09060,Mary,Smith,5.1,Rejected
CAND03788,REQ17942,Tina,Moore,14.8,Interviewing
CAND03789,REQ16696,Brian,Allen,8.0,Rejected
CAND03790,REQ20401,Craig,Perez,11.0,Hired
CAND03791,REQ17454,Cheryl,Benson,15.6,Rejected
CAND03792,REQ24175,Bailey,Gray,9.8,Rejected
CAND03793,REQ02053,Albert,Townsend,7.8,Rejected
CAND03794,REQ10881,Angel,Mcneil,11.5,Rejected
CAND03795,REQ09281,Brenda,Baker,1.7,Interviewing
CAND03796,REQ23138,Jack,Cunningham,3.2,Interviewing
CAND03797,REQ19101,Jason,Salas,18.0,Rejected
CAND03798,REQ20250,Vincent,Vasquez,8.8,Rejected
CAND03799,REQ01263,Scott,Rivers,2.2,Hired
CAND03800,REQ17999,Michael,Edwards,9.4,Hired
CAND03801,REQ16027,David,Wiggins,18.2,Hired
CAND03802,REQ11398,Heather,Williams,4.4,Rejected
CAND03803,REQ08734,Stephanie,Harris,14.7,Offer Extended
CAND03804,REQ13028,Jenna,Moyer,6.8,Rejected
CAND03805,REQ13607,Patrick,Powell,0.9,Interviewing
CAND03806,REQ15071,Morgan,Dixon,13.3,Rejected
CAND03807,REQ10408,Christopher,Patterson,12.8,Interviewing
CAND03808,REQ00283,Zachary,Hicks,3.1,Hired
CAND03809,REQ12762,Jessica,Hernandez,1.2,Rejected
CAND03810,REQ21773,Christopher,Flores,0.5,Rejected
CAND03811,REQ03630,Carrie,Pierce,17.0,Rejected
CAND03812,REQ09301,Sara,Molina,18.9,Rejected
CAND03813,REQ16685,Anthony,Jones,6.7,Offer Extended
CAND03814,REQ07997,Cheryl,Campbell,8.5,Rejected
CAND03815,REQ07853,Tammy,Wright,5.3,Rejected
CAND03816,REQ11095,Rebecca,Riley,18.7,Rejected
CAND03817,REQ23848,Pamela,Foster,5.6,Rejected
CAND03818,REQ16719,Victoria,Waters,4.1,Rejected
CAND03819,REQ21424,Andrew,Lopez,5.5,Rejected
CAND03820,REQ20145,Connie,Hogan,14.8,Rejected
CAND03821,REQ00037,Jennifer,Conrad,2.4,Rejected
CAND03822,REQ21862,Joseph,Henry,3.6,Rejected
CAND03823,REQ01348,Stacey,Poole,8.2,Rejected
CAND03824,REQ22169,Mark,Suarez,12.9,Rejected
CAND03825,REQ02504,Jennifer,Larsen,12.7,Rejected
CAND03826,REQ09393,Joshua,Austin,19.5,Interviewing
CAND03827,REQ16516,Brian,Dillon,16.2,Interviewing
CAND03828,REQ18001,Anthony,Bradley,9.4,Rejected
CAND03829,REQ17877,John,Thomas,14.9,Offer Extended
CAND03830,REQ23796,Adriana,Rivera,10.6,Hired
CAND03831,REQ12186,Samuel,Morris,0.4,Hired
CAND03832,REQ12218,Terri,Armstrong,12.4,Hired
CAND03833,REQ11537,Sharon,Leonard,17.1,Rejected
CAND03834,REQ23460,John,Parks,13.5,Rejected
CAND03835,REQ13720,Lisa,Coleman,19.2,Rejected
CAND03836,REQ18355,Whitney,Browning,18.9,Interviewing
CAND03837,REQ20927,Micheal,Smith,7.2,Hired
CAND03838,REQ13911,Laurie,Wallace,11.4,Interviewing
CAND03839,REQ24675,Zachary,Murray,1.8,Interviewing
CAND03840,REQ12582,Lindsey,Greene,2.4,Hired
CAND03841,REQ17643,Yolanda,Jones,10.3,Rejected
CAND03842,REQ09010,Crystal,Bradley,11.9,Rejected
CAND03843,REQ10070,Nicholas,Holden,9.3,Rejected
CAND03844,REQ13753,Martha,Ward,3.8,Rejected
CAND03845,REQ18339,Nancy,Gillespie,9.9,Rejected
CAND03846,REQ17822,Tammy,Simmons,13.3,Rejected
CAND03847,REQ19374,Jessica,Travis,1.9,Rejected
CAND03848,REQ21451,Terrance,Serrano,3.7,Rejected
CAND03849,REQ10509,Luke,Johnson,9.7,Hired
CAND03850,REQ06316,Rodney,Winters,6.4,Interviewing
CAND03851,REQ13958,Cheryl,Sanchez,18.4,Rejected
CAND03852,REQ12759,Haley,Davenport,15.7,Rejected
CAND03853,REQ14421,Joshua,Anderson,6.3,Rejected
CAND03854,REQ15452,Steven,Matthews,0.9,Offer Extended
CAND03855,REQ22214,Alec,Williams,6.2,Rejected
CAND03856,REQ13800,Crystal,Ewing,6.6,Rejected
CAND03857,REQ20345,Amanda,Fuller,10.2,Rejected
CAND03858,REQ03935,James,Rivera,7.8,Rejected
CAND03859,REQ07251,Kevin,Marshall,12.8,Rejected
CAND03860,REQ15770,Tara,Nelson,12.8,Rejected
CAND03861,REQ24747,Sonya,Weber,15.9,Rejected
CAND03862,REQ22684,Bobby,Williams,17.7,Hired
CAND03863,REQ21507,Teresa,Nguyen,18.1,Rejected
CAND03864,REQ06356,James,Manning,3.9,Rejected
CAND03865,REQ02175,Teresa,Harding,19.5,Hired
CAND03866,REQ06554,Rebekah,Shelton,11.0,Rejected
CAND03867,REQ15786,Paul,Blanchard,17.3,Rejected
CAND03868,REQ01437,Kyle,Hale,9.9,Interviewing
CAND03869,REQ06673,Andrew,Fisher,5.3,Rejected
CAND03870,REQ24186,Robert,Berger,11.0,Rejected
CAND03871,REQ04591,Heather,Rodriguez,10.8,Rejected
CAND03872,REQ11720,Renee,Williams,6.0,Rejected
CAND03873,REQ08313,Emma,Rush,18.2,Rejected
CAND03874,REQ13254,Renee,Campbell,15.6,Interviewing
CAND03875,REQ05022,Cindy,Stewart,17.1,Hired
CAND03876,REQ19033,Samantha,Weber,13.1,Hired
CAND03877,REQ22910,Laura,Norris,13.7,Interviewing
CAND03878,REQ17765,Gabrielle,Kennedy,2.4,Rejected
CAND03879,REQ05338,Jerry,Reed,0.9,Offer Extended
CAND03880,REQ18640,Antonio,Vega,11.3,Rejected
CAND03881,REQ08850,Mary,Sullivan,12.7,Rejected
CAND03882,REQ14024,Karen,Stewart,18.1,Interviewing
CAND03883,REQ10360,Calvin,Dudley,6.5,Interviewing
CAND03884,REQ03165,Peter,Perez,11.0,Hired
CAND03885,REQ14091,Melinda,Rodriguez,9.3,Rejected
CAND03886,REQ05790,Kristin,Nelson,3.4,Rejected
CAND03887,REQ19648,Claudia,Gaines,15.5,Rejected
CAND03888,REQ17521,Elizabeth,Acosta,3.9,Rejected
CAND03889,REQ16354,Diane,Parker,14.2,Rejected
CAND03890,REQ07391,Nathaniel,Martinez,9.4,Rejected
CAND03891,REQ02639,Clinton,Brown,1.2,Hired
CAND03892,REQ10640,Aaron,Salinas,16.2,Rejected
CAND03893,REQ14149,Sharon,Lopez,7.1,Offer Extended
CAND03894,REQ10920,Cody,Sanchez,1.0,Rejected
CAND03895,REQ09755,Christina,Lopez,6.8,Rejected
CAND03896,REQ03425,Melissa,Robinson,2.9,Rejected
CAND03897,REQ15525,Heather,Strickland,6.4,Interviewing
CAND03898,REQ00594,Caitlyn,Hall,13.0,Rejected
CAND03899,REQ18694,Jeffrey,Todd,13.9,Hired
CAND03900,REQ18900,James,Thompson,13.7,Rejected
CAND03901,REQ24649,Andrew,Powell,2.8,Interviewing
CAND03902,REQ19588,Michael,Ramirez,18.4,Rejected
CAND03903,REQ13031,Andrew,Coleman,12.1,Rejected
CAND03904,REQ17672,Joseph,Cole,1.9,Rejected
CAND03905,REQ21536,Veronica,Hall,8.0,Rejected
CAND03906,REQ22077,John,Sherman,13.3,Interviewing
CAND03907,REQ16549,Amy,Martinez,0.9,Rejected
CAND03908,REQ06797,Andrew,Baker,15.6,Rejected
CAND03909,REQ00427,Caitlin,Morales,3.7,Rejected
CAND03910,REQ08921,Keith,Hanna,14.3,Hired
CAND03911,REQ21465,Tracy,Ibarra,19.8,Offer Extended
CAND03912,REQ05148,John,Fletcher,2.0,Rejected
CAND03913,REQ19601,Sonya,Hale,6.9,Rejected
CAND03914,REQ14446,Kristina,Cannon,10.6,Rejected
CAND03915,REQ13136,Jason,Oneill,11.8,Rejected
CAND03916,REQ21258,Austin,Carter,11.0,Rejected
CAND03917,REQ05089,Michael,Graham,17.5,Rejected
CAND03918,REQ15027,Benjamin,Ferguson,17.8,Interviewing
CAND03919,REQ16213,Martha,Ware,15.9,Hired
CAND03920,REQ13842,Dorothy,Davis,0.7,Offer Extended
CAND03921,REQ22990,Alyssa,Vargas,2.8,Rejected
CAND03922,REQ11322,Maria,Ramsey,15.9,Rejected
CAND03923,REQ19003,Jeanne,Patel,14.4,Interviewing
CAND03924,REQ23021,Joe,Bell,7.6,Rejected
CAND03925,REQ13461,Deborah,Woodard,0.7,Rejected
CAND03926,REQ12080,Patrick,Kent,14.2,Rejected
CAND03927,REQ15988,Dustin,Alexander,6.2,Rejected
CAND03928,REQ07763,Michael,Perry,17.7,Hired
CAND03929,REQ01591,Joseph,Ho,8.7,Rejected
CAND03930,REQ10156,Charles,Clark,0.0,Rejected
CAND03931,REQ04210,Mark,Vincent,4.3,Rejected
CAND03932,REQ10498,Eric,Rich,5.5,Rejected
CAND03933,REQ07090,Daniel,Adams,8.2,Rejected
CAND03934,REQ17098,Melanie,Hernandez,0.4,Interviewing
CAND03935,REQ10044,Daniel,Atkinson,13.8,Rejected
CAND03936,REQ06905,Frank,Hanson,9.7,Hired
CAND03937,REQ18763,Douglas,Small,1.3,Interviewing
CAND03938,REQ01610,Susan,Hernandez,18.5,Rejected
CAND03939,REQ12324,Michael,Turner,12.5,Interviewing
CAND03940,REQ10643,Kimberly,Smith,12.8,Interviewing
CAND03941,REQ12766,Jerry,Murray,16.9,Rejected
CAND03942,REQ16478,Richard,Nixon,4.9,Rejected
CAND03943,REQ10254,Christine,Lee,10.1,Rejected
CAND03944,REQ24533,Frank,Smith,2.1,Rejected
CAND03945,REQ11812,Stephanie,Ray,13.7,Rejected
CAND03946,REQ09293,Jennifer,Mills,6.8,Rejected
CAND03947,REQ20874,Katie,Hernandez,18.4,Rejected
CAND03948,REQ22816,Jennifer,Shaffer,12.0,Rejected
CAND03949,REQ06065,Ashley,Blair,2.3,Interviewing
CAND03950,REQ18782,Cheryl,Gonzalez,12.9,Interviewing
CAND03951,REQ02857,Donald,Campbell,12.2,Rejected
CAND03952,REQ16532,Katelyn,Fisher,5.1,Hired
CAND03953,REQ22484,Barbara,Collier,3.1,Rejected
CAND03954,REQ02375,Jill,Smith,13.0,Rejected
CAND03955,REQ19538,Andrea,Brooks,8.5,Rejected
CAND03956,REQ05337,Mark,Allen,19.5,Interviewing
CAND03957,REQ19554,Dominic,Flores,18.8,Interviewing
CAND03958,REQ14942,Cody,Osborne,13.4,Rejected
CAND03959,REQ07499,Brett,Horn,19.6,Rejected
CAND03960,REQ20178,Michael,Graham,13.9,Rejected
CAND03961,REQ03692,Carlos,Lee,0.5,Interviewing
CAND03962,REQ02834,Donald,Mahoney,6.6,Rejected
CAND03963,REQ21402,Marvin,Roberts,8.7,Interviewing
CAND03964,REQ01375,Samantha,Whitehead,0.2,Interviewing
CAND03965,REQ23968,Scott,Francis,19.1,Rejected
CAND03966,REQ24749,Elizabeth,Harris,16.3,Rejected
CAND03967,REQ22168,Rachel,Lee,14.3,Rejected
CAND03968,REQ23469,Breanna,Gardner,0.0,Hired
CAND03969,REQ05030,Felicia,Glenn,13.7,Rejected
CAND03970,REQ24153,Andrew,Bell,5.6,Rejected
CAND03971,REQ14385,David,Harris,16.1,Rejected
CAND03972,REQ18721,Kendra,Hart,8.9,Rejected
CAND03973,REQ13663,Amy,York,6.3,Rejected
CAND03974,REQ10032,Bradley,Martinez,12.9,Rejected
CAND03975,REQ17948,Joseph,Williams,12.1,Rejected
CAND03976,REQ15548,Kelly,Banks,5.8,Rejected
CAND03977,REQ06933,Jennifer,Lewis,7.1,Rejected
CAND03978,REQ11735,Earl,Sanchez,12.4,Rejected
CAND03979,REQ20800,April,Thomas,5.3,Rejected
CAND03980,REQ03998,Krystal,Hopkins,9.0,Rejected
CAND03981,REQ05054,Derek,Sanchez,9.8,Rejected
CAND03982,REQ15701,Anthony,Johns,14.0,Rejected
CAND03983,REQ14086,Stephen,Medina,17.4,Interviewing
CAND03984,REQ14928,Alicia,Smith,7.1,Hired
CAND03985,REQ03047,Heather,Shaffer,5.8,Rejected
CAND03986,REQ19255,Deanna,Evans,16.4,Rejected
CAND03987,REQ05066,Nicole,Kelly,6.8,Rejected
CAND03988,REQ06742,Shannon,Herrera,17.2,Rejected
CAND03989,REQ13120,Dakota,Estrada,4.8,Hired
CAND03990,REQ00142,Jessica,Chase,6.7,Rejected
CAND03991,REQ21019,Michael,Aguilar,10.5,Rejected
CAND03992,REQ19370,Casey,Cohen,10.5,Interviewing
CAND03993,REQ02879,Kelly,Lopez,0.4,Hired
CAND03994,REQ10626,Kristopher,Bradley,11.0,Rejected
CAND03995,REQ16424,Michael,Conway,10.7,Hired
CAND03996,REQ06886,Nathan,Martinez,5.4,Rejected
CAND03997,REQ23426,Tara,Savage,13.7,Interviewing
CAND03998,REQ10206,Joseph,Cooper,14.0,Rejected
CAND03999,REQ15146,Jennifer,Carroll,6.7,Rejected
CAND04000,REQ01993,Jennifer,Miles,3.2,Offer Extended
CAND04001,REQ03476,Lisa,Rivera,2.2,Offer Extended
CAND04002,REQ23375,Rebecca,Good,9.9,Rejected
CAND04003,REQ24510,Jonathan,Vasquez,8.4,Offer Extended
CAND04004,REQ24340,David,Harmon,6.5,Offer Extended
CAND04005,REQ03196,Norman,Price,1.7,Rejected
CAND04006,REQ01847,Amber,Silva,13.8,Offer Extended
CAND04007,REQ19140,Donald,Fritz,18.3,Rejected
CAND04008,REQ16561,Cheryl,Hull,15.8,Rejected
CAND04009,REQ12453,Megan,Freeman,17.9,Interviewing
CAND04010,REQ05431,Nicholas,Brown,9.3,Rejected
CAND04011,REQ12130,Amber,Martin,5.8,Rejected
CAND04012,REQ21160,Cory,Lowe,1.6,Interviewing
CAND04013,REQ23581,Joseph,Martinez,0.5,Hired
CAND04014,REQ07864,Jimmy,Thompson,4.2,Rejected
CAND04015,REQ04958,Jesse,Smith,10.3,Rejected
CAND04016,REQ19124,Carlos,Nash,12.8,Rejected
CAND04017,REQ07638,Brendan,Glover,7.4,Rejected
CAND04018,REQ24771,Megan,Elliott,18.9,Interviewing
CAND04019,REQ05214,Russell,Long,18.5,Rejected
CAND04020,REQ24715,Kelly,Strickland,11.9,Rejected
CAND04021,REQ01032,Logan,Juarez,0.1,Rejected
CAND04022,REQ08842,Makayla,Campos,15.6,Rejected
CAND04023,REQ08181,Randy,Woods,17.9,Offer Extended
CAND04024,REQ08372,Amber,Hardin,1.4,Rejected
CAND04025,REQ19569,Sonya,Brandt,7.1,Rejected
CAND04026,REQ08923,Bradley,Salazar,0.9,Rejected
CAND04027,REQ09524,Andrea,Williams,3.4,Hired
CAND04028,REQ22745,Katherine,Fisher,2.8,Rejected
CAND04029,REQ17053,Lawrence,Nguyen,18.3,Interviewing
CAND04030,REQ01917,Lisa,Clark,2.4,Interviewing
CAND04031,REQ24020,Amy,Fitzpatrick,14.0,Rejected
CAND04032,REQ10964,Monique,Gomez,15.1,Rejected
CAND04033,REQ05604,John,Ward,10.5,Rejected
CAND04034,REQ20655,Jacqueline,Farley,12.6,Rejected
CAND04035,REQ12721,Amy,Velez,10.5,Rejected
CAND04036,REQ22445,David,Hill,19.0,Rejected
CAND04037,REQ14474,Barbara,Nelson,10.5,Interviewing
CAND04038,REQ13484,Barbara,Martinez,6.0,Rejected
CAND04039,REQ01902,Miranda,Hood,19.1,Interviewing
CAND04040,REQ19240,Hannah,Reese,3.4,Rejected
CAND04041,REQ14913,Brittany,Mendoza,14.1,Rejected
CAND04042,REQ23073,Daniel,Anderson,4.0,Rejected
CAND04043,REQ03708,Christopher,Jenkins,13.8,Rejected
CAND04044,REQ24444,Michael,Fox,14.3,Rejected
CAND04045,REQ03525,Dustin,Dawson,12.8,Interviewing
CAND04046,REQ02676,Frederick,Santiago,10.2,Rejected
CAND04047,REQ01808,Karen,Moore,18.1,Rejected
CAND04048,REQ15913,Matthew,Bentley,10.2,Interviewing
CAND04049,REQ17081,Zoe,Farmer,8.5,Rejected
CAND04050,REQ05511,Sarah,Harris,18.6,Rejected
CAND04051,REQ07649,Keith,Valdez,15.4,Rejected
CAND04052,REQ24988,Elizabeth,Tucker,9.1,Interviewing
CAND04053,REQ03112,Matthew,Ramirez,8.4,Rejected
CAND04054,REQ05702,Sean,Young,2.9,Rejected
CAND04055,REQ01211,Jared,Blake,10.2,Rejected
CAND04056,REQ04102,Jason,Tanner,15.6,Rejected
CAND04057,REQ21654,Diana,Brooks,8.2,Rejected
CAND04058,REQ13322,Ryan,Hernandez,2.2,Rejected
CAND04059,REQ20298,Eric,Frank,11.9,Rejected
CAND04060,REQ15094,Dawn,Young,3.6,Rejected
CAND04061,REQ18021,Julie,Juarez,18.3,Hired
CAND04062,REQ23566,Jessica,Lopez,12.3,Rejected
CAND04063,REQ12885,Natalie,Maldonado,15.4,Interviewing
CAND04064,REQ06139,Jennifer,Ellis,0.9,Offer Extended
CAND04065,REQ09715,Tracy,Rodriguez,0.2,Rejected
CAND04066,REQ17825,Brian,Blair,12.0,Hired
CAND04067,REQ21969,Angela,Mccoy,11.7,Rejected
CAND04068,REQ00976,Christopher,Simon,19.2,Rejected
CAND04069,REQ21438,Bruce,Alvarado,9.5,Interviewing
CAND04070,REQ18015,Aaron,Vaughan,15.4,Rejected
CAND04071,REQ11959,Rodney,Lee,7.1,Rejected
CAND04072,REQ12702,Scott,Martinez,14.4,Rejected
CAND04073,REQ21807,Gabriel,Smith,10.4,Rejected
CAND04074,REQ00744,Shelby,Daniel,0.5,Rejected
CAND04075,REQ08333,Jenna,Booker,8.5,Interviewing
CAND04076,REQ04773,Jeff,Adams,7.7,Interviewing
CAND04077,REQ19536,Adam,Collins,13.7,Rejected
CAND04078,REQ04808,Alexander,Miller,19.9,Rejected
CAND04079,REQ22932,Donna,Mendez,0.2,Rejected
CAND04080,REQ20540,Ashley,Frazier,8.5,Rejected
CAND04081,REQ19304,Bonnie,Price,4.0,Rejected
CAND04082,REQ09467,Alexis,Kelly,9.7,Rejected
CAND04083,REQ07635,Andrew,Sims,5.1,Interviewing
CAND04084,REQ01138,Betty,Ramirez,11.4,Interviewing
CAND04085,REQ08247,Taylor,Moreno,14.5,Rejected
CAND04086,REQ22069,Allison,Parsons,17.4,Rejected
CAND04087,REQ05269,Alexander,Chavez,5.3,Rejected
CAND04088,REQ06493,Stephanie,Frank,14.6,Rejected
CAND04089,REQ05046,Aimee,Foster,13.4,Rejected
CAND04090,REQ12695,David,Kent,15.0,Rejected
CAND04091,REQ02669,Nathaniel,Boyle,12.8,Rejected
CAND04092,REQ23436,Kenneth,Booth,5.5,Rejected
CAND04093,REQ10669,Brandon,Johnson,17.2,Rejected
CAND04094,REQ01159,Michael,Garcia,8.2,Hired
CAND04095,REQ15163,Laura,Ochoa,12.0,Rejected
CAND04096,REQ15323,Dominic,Franco,10.8,Rejected
CAND04097,REQ12754,Riley,Phillips,2.0,Rejected
CAND04098,REQ10143,Kevin,Perez,2.7,Rejected
CAND04099,REQ07682,Mark,Cunningham,1.7,Rejected
CAND04100,REQ17773,Amy,Robinson,8.8,Rejected
CAND04101,REQ01465,Shawn,Chapman,12.2,Interviewing
CAND04102,REQ23678,Jay,Huber,8.3,Rejected
CAND04103,REQ15085,Victoria,Robinson,5.7,Rejected
CAND04104,REQ06236,Anthony,Anderson,10.6,Rejected
CAND04105,REQ17118,Caitlin,Moreno,2.4,Rejected
CAND04106,REQ14493,Nancy,Liu,3.8,Rejected
CAND04107,REQ19727,Dennis,Mathews,5.8,Rejected
CAND04108,REQ23714,William,Bates,0.1,Interviewing
CAND04109,REQ14302,Elizabeth,Carroll,2.2,Rejected
CAND04110,REQ02167,Gerald,Marquez,7.9,Rejected
CAND04111,REQ19047,Rachel,Berry,7.9,Rejected
CAND04112,REQ20874,Heather,Ortega,12.3,Rejected
CAND04113,REQ18852,Julia,Thompson,9.0,Rejected
CAND04114,REQ24333,Rodney,Klein,10.4,Rejected
CAND04115,REQ22600,Matthew,Hartman,17.1,Rejected
CAND04116,REQ06605,Gina,Dean,16.4,Offer Extended
CAND04117,REQ11599,Jessica,Coleman,19.5,Interviewing
CAND04118,REQ04464,Maureen,Gallagher,16.9,Interviewing
CAND04119,REQ03068,Stacey,Hall,3.0,Hired
CAND04120,REQ00448,Mark,Soto,18.7,Rejected
CAND04121,REQ17596,Pamela,Cox,4.7,Rejected
CAND04122,REQ04908,Thomas,Anderson,19.9,Interviewing
CAND04123,REQ03877,Kayla,Graham,5.3,Rejected
CAND04124,REQ17660,Charles,Phillips,16.7,Rejected
CAND04125,REQ21914,Andrew,Curry,13.3,Hired
CAND04126,REQ21992,Timothy,Kemp,8.0,Hired
CAND04127,REQ18829,Tyler,Ballard,15.9,Rejected
CAND04128,REQ02926,Elizabeth,Ritter,7.4,Rejected
CAND04129,REQ07465,David,Hamilton,18.8,Rejected
CAND04130,REQ14398,Helen,Gonzales,17.3,Rejected
CAND04131,REQ00652,Jose,Robles,12.6,Hired
CAND04132,REQ18714,Tyler,Perkins,13.2,Rejected
CAND04133,REQ05266,Shelby,Beard,13.5,Hired
CAND04134,REQ08247,Elizabeth,Clark,7.8,Rejected
CAND04135,REQ06000,Shannon,Austin,18.2,Rejected
CAND04136,REQ17511,Kristen,Chung,19.2,Interviewing
CAND04137,REQ09312,Jose,Martin,2.0,Rejected
CAND04138,REQ15489,Betty,Wagner,18.3,Interviewing
CAND04139,REQ05541,Debra,James,13.6,Rejected
CAND04140,REQ12568,Jeremy,Lewis,1.6,Rejected
CAND04141,REQ23664,Russell,Walker,6.6,Rejected
CAND04142,REQ04055,Jeffrey,Jones,8.3,Interviewing
CAND04143,REQ19428,John,Lee,12.5,Rejected
CAND04144,REQ09689,Regina,Rodriguez,5.0,Rejected
CAND04145,REQ23319,Alexander,Clark,15.5,Hired
CAND04146,REQ11804,Lisa,Smith,6.0,Interviewing
CAND04147,REQ09439,James,Riley,16.9,Hired
CAND04148,REQ16530,Joseph,Harris,13.4,Rejected
CAND04149,REQ21510,Meghan,Blair,11.2,Rejected
CAND04150,REQ20771,Steven,Lin,10.1,Rejected
CAND04151,REQ08964,Sean,Parker,7.1,Rejected
CAND04152,REQ24593,Eric,Harris,18.9,Rejected
CAND04153,REQ15311,Arthur,Baker,3.5,Offer Extended
CAND04154,REQ22672,Jeremy,Higgins,0.4,Rejected
CAND04155,REQ01482,Kristen,Cruz,15.0,Rejected
CAND04156,REQ02622,Charles,Villegas,18.1,Rejected
CAND04157,REQ14650,Laura,Sherman,5.6,Rejected
CAND04158,REQ19153,Alejandro,Gonzalez,16.1,Rejected
CAND04159,REQ24470,Curtis,Reed,14.1,Hired
CAND04160,REQ19319,Joseph,Clark,16.9,Rejected
CAND04161,REQ23186,Daniel,Holmes,19.7,Rejected
CAND04162,REQ19328,Steven,Lewis,7.1,Hired
CAND04163,REQ21850,Richard,Gonzales,9.1,Rejected
CAND04164,REQ12613,Brenda,Morton,4.3,Rejected
CAND04165,REQ02276,Alexis,Erickson,9.1,Offer Extended
CAND04166,REQ14354,Diana,Smith,13.1,Rejected
CAND04167,REQ22587,Rebecca,Jensen,8.6,Rejected
CAND04168,REQ14454,Shane,Wood,7.4,Rejected
CAND04169,REQ05102,Desiree,Lopez,3.0,Hired
CAND04170,REQ18216,Dalton,Harris,2.2,Rejected
CAND04171,REQ09569,Jacob,Johnson,11.7,Rejected
CAND04172,REQ10659,Jeremy,Murphy,8.5,Rejected
CAND04173,REQ01144,John,Young,0.3,Rejected
CAND04174,REQ22672,Richard,Martinez,11.4,Interviewing
CAND04175,REQ09459,Tanya,Jenkins,7.7,Hired
CAND04176,REQ14399,Daniel,Dixon,7.6,Rejected
CAND04177,REQ22921,Joseph,Moore,4.4,Interviewing
CAND04178,REQ07913,Sarah,Harris,12.5,Rejected
CAND04179,REQ12207,Steven,Mcpherson,10.5,Offer Extended
CAND04180,REQ21620,Jody,Wallace,10.7,Rejected
CAND04181,REQ05836,William,Howell,14.5,Interviewing
CAND04182,REQ18957,Jennifer,Morrison,17.3,Rejected
CAND04183,REQ06102,Christine,Anderson,17.5,Rejected
CAND04184,REQ19432,Aaron,Bishop,8.5,Interviewing
CAND04185,REQ24037,Kristin,Goodwin,4.6,Rejected
CAND04186,REQ05163,Paul,Matthews,8.7,Rejected
CAND04187,REQ03345,Carolyn,Green,10.5,Rejected
CAND04188,REQ24580,Paul,Stewart,3.7,Rejected
CAND04189,REQ16261,Sheila,Garcia,17.3,Hired
CAND04190,REQ19685,Roberto,Johnson,6.4,Hired
CAND04191,REQ13284,James,Brown,16.5,Rejected
CAND04192,REQ04143,Andrea,Valentine,14.1,Rejected
CAND04193,REQ07931,Donna,Cooper,1.8,Rejected
CAND04194,REQ22899,Paul,Fisher,18.6,Rejected
CAND04195,REQ08106,Diane,Johnson,10.5,Rejected
CAND04196,REQ09857,Teresa,Miles,19.7,Rejected
CAND04197,REQ12385,Tiffany,Wilson,9.1,Rejected
CAND04198,REQ13855,Rhonda,Osborne,2.6,Rejected
CAND04199,REQ03622,Kevin,Martin,7.6,Rejected
CAND04200,REQ07011,Maureen,Knight,17.0,Rejected
CAND04201,REQ20861,Shelia,Snyder,0.2,Rejected
CAND04202,REQ21399,Kristy,Weiss,14.5,Interviewing
CAND04203,REQ07012,James,Jackson,15.0,Rejected
CAND04204,REQ19812,Danny,Hayes,11.7,Rejected
CAND04205,REQ15807,Melissa,Fisher,19.5,Rejected
CAND04206,REQ03187,Anna,Garcia,4.7,Interviewing
CAND04207,REQ08210,Kenneth,Lopez,2.3,Rejected
CAND04208,REQ19017,Amy,Mcknight,14.2,Hired
CAND04209,REQ10509,Brittany,Cole,15.0,Rejected
CAND04210,REQ07025,Brenda,Schultz,1.1,Rejected
CAND04211,REQ23513,Laura,Rowland,18.0,Rejected
CAND04212,REQ08476,Kyle,Glass,7.2,Rejected
CAND04213,REQ13611,Timothy,Flores,7.7,Rejected
CAND04214,REQ15659,Hannah,Moreno,19.0,Rejected
CAND04215,REQ16756,Jessica,Wu,19.1,Rejected
CAND04216,REQ16635,Lauren,Wells,12.5,Rejected
CAND04217,REQ07906,Gregory,Tucker,6.2,Rejected
CAND04218,REQ20391,Kimberly,Sanchez,3.0,Rejected
CAND04219,REQ22938,Jonathan,Dennis,4.5,Rejected
CAND04220,REQ03593,Bruce,Phillips,2.0,Rejected
CAND04221,REQ19241,Pamela,Williams,13.0,Rejected
CAND04222,REQ13091,John,Martinez,14.3,Rejected
CAND04223,REQ15705,Brandon,Boyd,12.3,Interviewing
CAND04224,REQ05131,Bruce,Owen,9.8,Rejected
CAND04225,REQ12072,Ronald,Baker,7.5,Rejected
CAND04226,REQ16042,Dana,Newton,19.0,Rejected
CAND04227,REQ17196,Jessica,Miles,17.9,Rejected
CAND04228,REQ09954,James,Davis,17.2,Interviewing
CAND04229,REQ09885,Henry,White,18.7,Rejected
CAND04230,REQ24240,Brittany,Ward,0.5,Rejected
CAND04231,REQ11475,Catherine,Combs,15.4,Hired
CAND04232,REQ08108,Curtis,Davidson,6.0,Rejected
CAND04233,REQ14992,Wendy,Murray,10.8,Rejected
CAND04234,REQ24902,Angela,Rodriguez,13.0,Rejected
CAND04235,REQ16712,Derrick,Obrien,9.3,Hired
CAND04236,REQ11176,Denise,Martinez,8.8,Hired
CAND04237,REQ24891,Joseph,Cruz,6.0,Rejected
CAND04238,REQ00327,Laura,Brady,0.6,Rejected
CAND04239,REQ11177,Sydney,Brown,16.4,Interviewing
CAND04240,REQ07074,Lawrence,Gill,18.1,Rejected
CAND04241,REQ10326,Dennis,Gardner,18.3,Rejected
CAND04242,REQ01952,Margaret,Green,0.7,Rejected
CAND04243,REQ18562,Amanda,Garcia,0.3,Interviewing
CAND04244,REQ21021,Joseph,Weaver,13.2,Rejected
CAND04245,REQ10541,John,Saunders,7.4,Hired
CAND04246,REQ04662,Jason,White,1.9,Rejected
CAND04247,REQ12197,Michele,Grant,16.1,Rejected
CAND04248,REQ03593,Anthony,Smith,4.7,Offer Extended
CAND04249,REQ17454,Trevor,Logan,19.3,Rejected
CAND04250,REQ19771,Adrian,Thomas,19.8,Rejected
CAND04251,REQ24213,Ronald,Velez,14.1,Rejected
CAND04252,REQ13783,Stephanie,Sawyer,10.0,Rejected
CAND04253,REQ09307,Scott,Cox,3.7,Rejected
CAND04254,REQ08988,Robin,Watts,17.5,Rejected
CAND04255,REQ20450,Cindy,Lara,19.8,Rejected
CAND04256,REQ12640,Richard,Warren,12.1,Rejected
CAND04257,REQ19362,Thomas,Moore,5.5,Rejected
CAND04258,REQ00466,Mark,Walker,12.9,Rejected
CAND04259,REQ02144,Jacqueline,Jackson,16.5,Rejected
CAND04260,REQ24654,Christian,Castro,14.5,Interviewing
CAND04261,REQ06724,Melvin,Banks,9.3,Rejected
CAND04262,REQ18929,Maria,James,9.0,Hired
CAND04263,REQ09597,Amy,Ramirez,10.3,Rejected
CAND04264,REQ13291,Jennifer,Larson,4.4,Rejected
CAND04265,REQ07926,Kimberly,White,5.6,Interviewing
CAND04266,REQ03814,Steven,Harris,1.1,Rejected
CAND04267,REQ14115,Catherine,King,16.8,Interviewing
CAND04268,REQ24805,Anthony,Davis,3.7,Interviewing
CAND04269,REQ15696,Robert,Scott,16.0,Rejected
CAND04270,REQ17348,Claire,Simpson,11.8,Interviewing
CAND04271,REQ09427,Jacob,Wheeler,6.3,Interviewing
CAND04272,REQ04124,Brandon,Lopez,10.0,Interviewing
CAND04273,REQ15835,Larry,Wilson,5.5,Rejected
CAND04274,REQ15566,Paula,Williams,15.2,Rejected
CAND04275,REQ21561,Lorraine,Nunez,16.1,Rejected
CAND04276,REQ11359,Heather,Wilson,2.1,Rejected
CAND04277,REQ09990,Brian,Bauer,0.9,Offer Extended
CAND04278,REQ23563,Aaron,Kelly,6.8,Rejected
CAND04279,REQ24618,Meredith,Williams,2.6,Rejected
CAND04280,REQ21355,Kristen,Jefferson,11.1,Rejected
CAND04281,REQ05549,Rachel,Cole,4.2,Rejected
CAND04282,REQ08812,Jennifer,Farmer,18.0,Rejected
CAND04283,REQ24162,Amber,Smith,8.1,Interviewing
CAND04284,REQ21087,Amanda,Perkins,18.4,Interviewing
CAND04285,REQ16027,Laura,Burton,19.6,Rejected
CAND04286,REQ04741,Robert,Castro,13.4,Interviewing
CAND04287,REQ20372,April,Moon,10.5,Rejected
CAND04288,REQ06547,Jessica,Wilson,11.4,Hired
CAND04289,REQ13153,Angela,Hensley,7.7,Rejected
CAND04290,REQ17890,Steven,Bates,17.1,Rejected
CAND04291,REQ17015,Ryan,Singh,5.8,Rejected
CAND04292,REQ11046,Chad,Wolf,4.9,Rejected
CAND04293,REQ10064,Steven,Castro,14.1,Rejected
CAND04294,REQ24572,Jonathon,Griffin,0.3,Hired
CAND04295,REQ22440,Lisa,King,16.7,Rejected
CAND04296,REQ24555,Terri,Hodges,1.3,Rejected
CAND04297,REQ06577,Becky,Evans,1.1,Rejected
CAND04298,REQ08276,Erica,Romero,5.3,Rejected
CAND04299,REQ07081,Olivia,Howard,5.8,Hired
CAND04300,REQ19841,Sherry,Pope,15.7,Hired
CAND04301,REQ22014,Amy,Diaz,6.1,Rejected
CAND04302,REQ22529,Matthew,Rush,13.8,Interviewing
CAND04303,REQ03826,Kevin,Hays,2.7,Rejected
CAND04304,REQ21688,Michael,Campbell,2.3,Rejected
CAND04305,REQ12939,James,Young,2.0,Interviewing
CAND04306,REQ22895,Sheila,Watson,0.4,Rejected
CAND04307,REQ22260,Philip,Torres,8.2,Rejected
CAND04308,REQ09335,Carolyn,Morales,1.2,Rejected
CAND04309,REQ02879,Mary,Lopez,2.4,Interviewing
CAND04310,REQ15619,Nicole,Anderson,6.3,Rejected
CAND04311,REQ03557,Charles,Jarvis,18.1,Rejected
CAND04312,REQ16739,James,Ho,2.4,Hired
CAND04313,REQ01767,Karen,Pugh,15.0,Hired
CAND04314,REQ09947,Valerie,Boyer,15.4,Interviewing
CAND04315,REQ07671,Lisa,Robinson,7.0,Rejected
CAND04316,REQ17667,James,Schmidt,16.8,Rejected
CAND04317,REQ12952,Benjamin,Jones,8.0,Rejected
CAND04318,REQ19240,Anthony,Miranda,6.0,Rejected
CAND04319,REQ00844,Allison,Reed,13.5,Hired
CAND04320,REQ14343,Jennifer,Meadows,3.9,Rejected
CAND04321,REQ16126,Sara,Park,17.6,Rejected
CAND04322,REQ00362,Ashley,Carlson,9.5,Rejected
CAND04323,REQ02365,Michael,Burke,16.8,Rejected
CAND04324,REQ07083,Daniel,Campbell,13.1,Rejected
CAND04325,REQ24368,Kristen,Alvarez,2.7,Rejected
CAND04326,REQ13566,David,Griffin,0.9,Rejected
CAND04327,REQ11248,Samantha,Harris,7.3,Rejected
CAND04328,REQ12736,Ashley,Lawson,6.4,Rejected
CAND04329,REQ08445,Crystal,Mcclure,3.8,Rejected
CAND04330,REQ21166,Annette,Wilson,15.2,Rejected
CAND04331,REQ12186,Amy,Gibson,12.1,Rejected
CAND04332,REQ23583,Jennifer,Frank,18.9,Rejected
CAND04333,REQ24630,Felicia,Lamb,5.0,Rejected
CAND04334,REQ17929,Logan,Parrish,5.9,Rejected
CAND04335,REQ24148,Wendy,White,2.2,Interviewing
CAND04336,REQ24815,Morgan,Roberts,15.1,Rejected
CAND04337,REQ10189,Yvonne,Mitchell,1.8,Rejected
CAND04338,REQ23910,Alexander,Singleton,3.6,Rejected
CAND04339,REQ22604,Kayla,Baker,18.6,Rejected
CAND04340,REQ19652,Robert,Hoffman,14.5,Rejected
CAND04341,REQ03924,Christine,Rose,18.5,Rejected
CAND04342,REQ23879,Susan,Cooper,12.3,Rejected
CAND04343,REQ08790,Nicholas,Garza,16.2,Rejected
CAND04344,REQ23209,Wyatt,Davila,14.6,Rejected
CAND04345,REQ13343,Sara,Jones,14.0,Hired
CAND04346,REQ20079,Stephanie,Mitchell,1.8,Rejected
CAND04347,REQ11458,Christy,Blair,18.7,Rejected
CAND04348,REQ16246,Rodney,Gardner,19.0,Interviewing
CAND04349,REQ21187,Olivia,Phillips,16.0,Rejected
CAND04350,REQ21411,Kaitlin,Allison,2.7,Rejected
CAND04351,REQ02178,Luis,Cruz,18.3,Interviewing
CAND04352,REQ04784,Jonathan,Hoover,14.1,Rejected
CAND04353,REQ19658,Timothy,Cox,2.1,Hired
CAND04354,REQ19116,Vincent,Ruiz,18.5,Rejected
CAND04355,REQ07269,Ashley,Rodriguez,18.3,Rejected
CAND04356,REQ03493,Allison,Williams,9.7,Hired
CAND04357,REQ18298,Autumn,Smith,8.6,Rejected
CAND04358,REQ01455,Rebecca,Ellis,2.6,Rejected
CAND04359,REQ19237,Fernando,Briggs,8.3,Interviewing
CAND04360,REQ15895,Amanda,Ferrell,4.4,Rejected
CAND04361,REQ23251,Matthew,Tran,8.2,Rejected
CAND04362,REQ06293,Teresa,Price,17.6,Rejected
CAND04363,REQ04346,Joshua,Howard,7.1,Interviewing
CAND04364,REQ11799,Amber,Ferguson,9.2,Offer Extended
CAND04365,REQ18350,Michael,Beard,12.5,Interviewing
CAND04366,REQ08946,David,West,9.3,Interviewing
CAND04367,REQ15602,Jennifer,Hull,9.2,Rejected
CAND04368,REQ16550,Lisa,Lloyd,2.9,Offer Extended
CAND04369,REQ10160,Jessica,Cobb,5.4,Rejected
CAND04370,REQ09143,Tony,Mitchell,9.5,Offer Extended
CAND04371,REQ09494,Matthew,Patrick,19.3,Rejected
CAND04372,REQ14331,Timothy,Cruz,10.6,Rejected
CAND04373,REQ14230,Sarah,Lee,2.6,Rejected
CAND04374,REQ11323,Cynthia,Costa,2.7,Rejected
CAND04375,REQ17205,Noah,Cannon,3.1,Rejected
CAND04376,REQ10038,Whitney,Olsen,15.1,Interviewing
CAND04377,REQ01116,Stephen,Shah,11.3,Rejected
CAND04378,REQ12962,Paul,Cunningham,13.2,Rejected
CAND04379,REQ11017,John,Calderon,7.3,Rejected
CAND04380,REQ09128,Joseph,Colon,13.2,Rejected
CAND04381,REQ21373,Dawn,Sullivan,7.7,Rejected
CAND04382,REQ18781,George,Escobar,0.1,Rejected
CAND04383,REQ17971,Crystal,Garner,6.4,Rejected
CAND04384,REQ18755,Brandon,Russell,11.4,Rejected
CAND04385,REQ08499,Jackie,Howard,18.5,Rejected
CAND04386,REQ14427,Nicole,Wong,7.6,Rejected
CAND04387,REQ16118,Gregory,Johnson,3.1,Hired
CAND04388,REQ03782,Ryan,Prince,14.4,Rejected
CAND04389,REQ12077,Nicholas,Johnson,7.4,Rejected
CAND04390,REQ24813,John,Atkinson,13.7,Rejected
CAND04391,REQ03482,Shelby,Miller,16.0,Rejected
CAND04392,REQ15076,Sarah,Smith,16.3,Rejected
CAND04393,REQ17964,Erik,Martin,9.6,Hired
CAND04394,REQ24813,Marcia,Gonzales,11.6,Rejected
CAND04395,REQ23557,Danielle,West,16.7,Rejected
CAND04396,REQ17361,Douglas,Carter,10.1,Rejected
CAND04397,REQ01270,Corey,Garner,9.6,Interviewing
CAND04398,REQ11882,Anna,Jackson,16.6,Rejected
CAND04399,REQ14816,Kelly,Martin,20.0,Rejected
CAND04400,REQ10719,Donna,Figueroa,10.4,Rejected
CAND04401,REQ21126,Wendy,Phillips,1.5,Rejected
CAND04402,REQ04565,Kenneth,Smith,3.3,Rejected
CAND04403,REQ06785,Mary,Hudson,11.2,Rejected
CAND04404,REQ20907,Brandi,Foster,5.2,Rejected
CAND04405,REQ03547,Patricia,Porter,2.6,Rejected
CAND04406,REQ01673,Shawna,Baker,12.7,Interviewing
CAND04407,REQ22358,Harry,Warren,18.0,Hired
CAND04408,REQ23984,Ronald,Fuller,2.0,Rejected
CAND04409,REQ02056,Amy,Richardson,1.5,Hired
CAND04410,REQ16029,Rebecca,Perez,19.6,Rejected
CAND04411,REQ19067,Paula,Williams,15.3,Rejected
CAND04412,REQ18959,Desiree,Frederick,8.1,Interviewing
CAND04413,REQ20409,Brian,Howell,6.1,Rejected
CAND04414,REQ16433,Robert,Williams,18.6,Interviewing
CAND04415,REQ20831,David,Sanders,7.4,Rejected
CAND04416,REQ04686,Jared,Carroll,5.5,Rejected
CAND04417,REQ15425,Rachel,Riley,13.9,Rejected
CAND04418,REQ07744,Jeffrey,Gordon,1.7,Rejected
CAND04419,REQ17938,Breanna,Montgomery,6.6,Interviewing
CAND04420,REQ17964,Shelly,Valdez,4.5,Rejected
CAND04421,REQ16043,Stephanie,Murphy,7.7,Rejected
CAND04422,REQ06598,Rebecca,Harris,18.4,Rejected
CAND04423,REQ12091,Aaron,Shaw,3.9,Rejected
CAND04424,REQ00862,Gloria,Morgan,8.1,Rejected
CAND04425,REQ10516,Kevin,Davis,3.8,Interviewing
CAND04426,REQ07804,William,Reynolds,16.4,Rejected
CAND04427,REQ21699,Andrew,Wilkins,14.4,Rejected
CAND04428,REQ13081,Chelsea,Rivera,8.2,Rejected
CAND04429,REQ14426,Chelsea,Palmer,15.8,Rejected
CAND04430,REQ04392,Nicholas,Mccormick,17.9,Rejected
CAND04431,REQ14591,Kara,Campbell,3.1,Rejected
CAND04432,REQ22755,Adam,Jacobs,6.3,Rejected
CAND04433,REQ01007,David,Middleton,10.4,Hired
CAND04434,REQ20318,Margaret,Kane,4.6,Rejected
CAND04435,REQ15612,Michelle,Burns,18.6,Rejected
CAND04436,REQ11300,Devin,Chambers,4.8,Rejected
CAND04437,REQ20736,Valerie,Fletcher,6.9,Interviewing
CAND04438,REQ05191,Scott,Foster,2.0,Interviewing
CAND04439,REQ13648,Michael,Davis,9.0,Interviewing
CAND04440,REQ01719,Douglas,Chambers,16.2,Rejected
CAND04441,REQ00943,Toni,Ross,1.7,Rejected
CAND04442,REQ08328,Jeremy,Sharp,8.6,Rejected
CAND04443,REQ19233,Brian,Knight,19.3,Rejected
CAND04444,REQ00749,James,Casey,0.8,Rejected
CAND04445,REQ15187,Kevin,White,1.5,Rejected
CAND04446,REQ10871,Christopher,Nelson,15.1,Rejected
CAND04447,REQ22465,Lauren,Christensen,9.9,Rejected
CAND04448,REQ12429,Isabel,Lawrence,19.7,Rejected
CAND04449,REQ01403,Barbara,Mckay,11.5,Hired
CAND04450,REQ12497,Steven,Graves,14.3,Rejected
CAND04451,REQ18862,James,Ward,13.1,Rejected
CAND04452,REQ22340,Gabriella,Gallegos,8.0,Interviewing
CAND04453,REQ14162,Jason,Flores,18.6,Rejected
CAND04454,REQ10050,Nicholas,Pierce,18.5,Interviewing
CAND04455,REQ24231,Maria,Kane,9.0,Interviewing
CAND04456,REQ06650,Kelly,Alexander,5.3,Interviewing
CAND04457,REQ19084,Linda,Bush,14.4,Rejected
CAND04458,REQ15526,Matthew,Hernandez,5.5,Hired
CAND04459,REQ18704,Kelly,King,10.2,Rejected
CAND04460,REQ00621,Christy,Carroll,12.0,Interviewing
CAND04461,REQ10709,Linda,Collins,9.2,Rejected
CAND04462,REQ07929,Kristopher,Burnett,13.8,Interviewing
CAND04463,REQ05737,Kayla,Garcia,18.8,Interviewing
CAND04464,REQ14350,Noah,White,6.8,Rejected
CAND04465,REQ05763,William,Thomas,12.2,Rejected
CAND04466,REQ22984,Jason,Ferguson,12.0,Rejected
CAND04467,REQ17318,Spencer,Lowe,1.2,Offer Extended
CAND04468,REQ01747,Jon,Krueger,17.1,Rejected
CAND04469,REQ07161,Caleb,Knapp,9.4,Rejected
CAND04470,REQ21715,Brian,Parker,5.8,Rejected
CAND04471,REQ12824,Brenda,Ball,4.7,Offer Extended
CAND04472,REQ04225,Karl,White,3.7,Hired
CAND04473,REQ01803,Jackson,Harris,6.6,Rejected
CAND04474,REQ06813,Joseph,Wilson,14.9,Rejected
CAND04475,REQ15681,Evan,Blackwell,8.1,Rejected
CAND04476,REQ12041,Andrew,Hamilton,15.0,Rejected
CAND04477,REQ15655,Kevin,Thomas,17.7,Interviewing
CAND04478,REQ11442,Leonard,Blankenship,16.0,Rejected
CAND04479,REQ16413,Melinda,Wolfe,16.1,Rejected
CAND04480,REQ14413,Robert,Garza,5.0,Rejected
CAND04481,REQ00943,Jordan,Mercer,7.2,Interviewing
CAND04482,REQ22815,John,Armstrong,17.0,Rejected
CAND04483,REQ11486,Ronald,Rodriguez,15.4,Rejected
CAND04484,REQ04226,Bryan,Knight,15.2,Rejected
CAND04485,REQ14490,Mark,Taylor,7.9,Rejected
CAND04486,REQ15878,Brian,Gomez,2.6,Rejected
CAND04487,REQ04396,Cheryl,Wilson,14.4,Rejected
CAND04488,REQ07278,Jasmine,Strong,18.6,Interviewing
CAND04489,REQ00237,Keith,Lopez,13.6,Hired
CAND04490,REQ18340,Vicki,Johnson,1.1,Interviewing
CAND04491,REQ03706,Leonard,Hill,11.9,Rejected
CAND04492,REQ14744,Christina,Larson,4.3,Rejected
CAND04493,REQ18540,Julie,Willis,11.5,Rejected
CAND04494,REQ18666,Ronald,Gibson,5.9,Rejected
CAND04495,REQ04587,Jennifer,Schwartz,16.8,Rejected
CAND04496,REQ19161,Diana,Hampton,19.7,Rejected
CAND04497,REQ01884,Gabriela,Faulkner,0.7,Rejected
CAND04498,REQ18042,Jason,Williams,9.1,Hired
CAND04499,REQ12596,Daniel,Williams,13.0,Rejected
CAND04500,REQ17210,Amanda,Carey,0.5,Rejected
CAND04501,REQ14012,Pamela,West,13.7,Rejected
CAND04502,REQ09455,Judy,Sanchez,1.5,Rejected
CAND04503,REQ12808,Rodney,Perez,16.9,Rejected
CAND04504,REQ05627,Sandra,Walker,2.9,Rejected
CAND04505,REQ00696,Melissa,Bishop,2.1,Rejected
CAND04506,REQ14237,Angela,Brown,3.6,Rejected
CAND04507,REQ07693,Anne,Lawson,19.0,Rejected
CAND04508,REQ11841,Angela,Flowers,7.0,Rejected
CAND04509,REQ10026,Paul,Austin,8.9,Hired
CAND04510,REQ09024,Sarah,Huynh,12.6,Rejected
CAND04511,REQ03656,Dawn,Waters,10.6,Interviewing
CAND04512,REQ16358,Kayla,Silva,16.6,Rejected
CAND04513,REQ19497,Deborah,Watson,14.0,Rejected
CAND04514,REQ10503,Susan,Payne,12.3,Rejected
CAND04515,REQ08685,Bryan,White,11.8,Rejected
CAND04516,REQ11137,Robert,Farmer,17.2,Interviewing
CAND04517,REQ00833,Joshua,Hickman,2.5,Rejected
CAND04518,REQ04229,Jessica,Lucas,11.8,Rejected
CAND04519,REQ17226,Shawn,Haynes,13.1,Rejected
CAND04520,REQ02261,Travis,Cortez,18.6,Offer Extended
CAND04521,REQ11199,Hailey,Smith,6.3,Rejected
CAND04522,REQ17333,Matthew,Taylor,6.1,Rejected
CAND04523,REQ22683,Veronica,Williams,19.3,Rejected
CAND04524,REQ04044,Michael,Miller,4.7,Rejected
CAND04525,REQ09750,Timothy,Davis,7.4,Rejected
CAND04526,REQ13856,Dylan,Davis,18.5,Hired
CAND04527,REQ09821,Collin,Black,11.6,Interviewing
CAND04528,REQ13640,Ashley,Foster,9.4,Rejected
CAND04529,REQ12250,David,Martinez,4.1,Rejected
CAND04530,REQ13873,Monica,Gutierrez,8.8,Rejected
CAND04531,REQ08748,Paige,Little,14.0,Rejected
CAND04532,REQ12744,Amanda,Hughes,2.4,Rejected
CAND04533,REQ06912,Cody,Boyd,5.4,Rejected
CAND04534,REQ18241,Patricia,Rios,14.3,Rejected
CAND04535,REQ19134,Kenneth,Myers,15.7,Interviewing
CAND04536,REQ01293,Amanda,Mason,6.6,Rejected
CAND04537,REQ23398,Katrina,Chase,16.3,Rejected
CAND04538,REQ24582,Eric,Willis,2.6,Rejected
CAND04539,REQ03053,Samuel,Yates,12.6,Rejected
CAND04540,REQ24958,Barbara,Parrish,2.0,Rejected
CAND04541,REQ23848,Katherine,Green,4.4,Rejected
CAND04542,REQ16588,Wendy,Holt,0.0,Rejected
CAND04543,REQ19319,Jeffrey,Guzman,11.4,Hired
CAND04544,REQ17557,Jay,Smith,16.5,Rejected
CAND04545,REQ19351,Timothy,Gomez,2.0,Interviewing
CAND04546,REQ02148,Audrey,Henry,1.2,Rejected
CAND04547,REQ09273,David,Wilson,19.0,Rejected
CAND04548,REQ07183,John,Bartlett,17.8,Hired
CAND04549,REQ23614,Heather,Baker,10.4,Rejected
CAND04550,REQ09526,Heather,Chan,6.3,Hired
CAND04551,REQ13451,Jonathan,Moore,2.6,Rejected
CAND04552,REQ01540,Jose,Waller,17.3,Rejected
CAND04553,REQ05658,Molly,Hill,0.6,Rejected
CAND04554,REQ17959,Jennifer,Martin,13.6,Offer Extended
CAND04555,REQ17366,Veronica,Warren,9.9,Rejected
CAND04556,REQ24164,Brandon,Griffin,12.1,Interviewing
CAND04557,REQ11259,Michelle,Bowers,2.9,Hired
CAND04558,REQ06246,Andrew,Green,12.3,Interviewing
CAND04559,REQ05610,William,Mcdonald,15.0,Rejected
CAND04560,REQ12449,Justin,Dixon,15.1,Rejected
CAND04561,REQ05787,Nathaniel,Kelly,11.2,Interviewing
CAND04562,REQ15886,Melanie,Scott,14.4,Rejected
CAND04563,REQ12731,Christina,Shaw,15.2,Rejected
CAND04564,REQ12799,Joseph,Mendoza,4.9,Hired
CAND04565,REQ01447,Kelly,Cruz,4.2,Rejected
CAND04566,REQ16547,Rachel,Mueller,13.4,Rejected
CAND04567,REQ01762,Susan,Walker,8.6,Rejected
CAND04568,REQ00139,James,Clay,12.5,Rejected
CAND04569,REQ10758,Nancy,Evans,16.2,Rejected
CAND04570,REQ19489,Theresa,Carroll,4.6,Rejected
CAND04571,REQ15985,Michael,Wise,10.9,Rejected
CAND04572,REQ04434,Anna,Edwards,16.4,Interviewing
CAND04573,REQ13989,Lisa,Brown,6.5,Interviewing
CAND04574,REQ16034,Matthew,Stone,16.7,Rejected
CAND04575,REQ00412,Thomas,King,11.9,Hired
CAND04576,REQ01547,Kirsten,Keith,6.3,Rejected
CAND04577,REQ06713,Barbara,Daniels,5.4,Rejected
CAND04578,REQ07739,Jessica,Griffin,11.6,Rejected
CAND04579,REQ10241,Jorge,Dunn,7.1,Rejected
CAND04580,REQ15602,Helen,Mccullough,4.4,Offer Extended
CAND04581,REQ01116,Melissa,Tran,1.4,Rejected
CAND04582,REQ04638,Mark,Schroeder,15.1,Rejected
CAND04583,REQ15632,Stacey,Torres,1.0,Rejected
CAND04584,REQ11174,Nicole,Johnson,1.9,Hired
CAND04585,REQ01860,Michael,Gonzalez,5.6,Rejected
CAND04586,REQ20084,Peter,Garcia,6.6,Rejected
CAND04587,REQ00029,Andrea,Pratt,19.9,Hired
CAND04588,REQ23263,Donna,Reeves,18.4,Rejected
CAND04589,REQ06384,Diane,Smith,19.9,Interviewing
CAND04590,REQ12111,Sean,Banks,16.9,Interviewing
CAND04591,REQ09686,Makayla,Mendez,18.0,Rejected
CAND04592,REQ00874,Katherine,Williams,14.0,Rejected
CAND04593,REQ14714,John,Zimmerman,12.9,Rejected
CAND04594,REQ21495,John,Williams,6.0,Hired
CAND04595,REQ17200,Shelly,Russell,1.0,Offer Extended
CAND04596,REQ00441,Shannon,Evans,4.4,Rejected
CAND04597,REQ18408,Michael,Snyder,10.3,Rejected
CAND04598,REQ21786,Allen,Smith,12.1,Rejected
CAND04599,REQ11460,Keith,Hill,9.6,Interviewing
CAND04600,REQ16847,Adam,Bell,5.1,Rejected
CAND04601,REQ08885,Raymond,Cox,17.4,Rejected
CAND04602,REQ08624,James,Martin,5.3,Interviewing
CAND04603,REQ01468,Michelle,Ramsey,12.1,Rejected
CAND04604,REQ04495,Lauren,Abbott,9.4,Rejected
CAND04605,REQ21628,Samantha,Glover,0.7,Rejected
CAND04606,REQ20933,Robert,Smith,1.5,Interviewing
CAND04607,REQ09022,Brian,Rojas,2.0,Rejected
CAND04608,REQ03661,Deanna,Lopez,10.8,Rejected
CAND04609,REQ09500,Beverly,Alvarez,14.0,Rejected
CAND04610,REQ22180,Barbara,Wallace,8.9,Rejected
CAND04611,REQ01320,Tamara,Daugherty,3.7,Rejected
CAND04612,REQ23866,Thomas,Hamilton,14.9,Rejected
CAND04613,REQ11275,Ashley,Wilson,11.5,Rejected
CAND04614,REQ08825,Michael,Cain,15.1,Interviewing
CAND04615,REQ18915,Jerome,Brown,13.9,Rejected
CAND04616,REQ24724,Sarah,Figueroa,16.5,Rejected
CAND04617,REQ05081,Anthony,Miranda,3.7,Rejected
CAND04618,REQ22713,Michael,Hensley,17.4,Rejected
CAND04619,REQ05710,Walter,Guzman,11.4,Interviewing
CAND04620,REQ13932,Alison,Kaufman,0.1,Rejected
CAND04621,REQ16405,Christine,Lara,11.3,Rejected
CAND04622,REQ23575,Jacob,Beasley,1.1,Rejected
CAND04623,REQ09742,Raymond,Ortiz,8.9,Rejected
CAND04624,REQ17743,Andrea,Wilson,4.9,Rejected
CAND04625,REQ18987,Jennifer,Kramer,13.2,Rejected
CAND04626,REQ05305,Luis,Rogers,12.3,Interviewing
CAND04627,REQ00368,Jared,Collins,8.5,Interviewing
CAND04628,REQ11590,Jessica,Hill,10.9,Rejected
CAND04629,REQ19258,Kelly,Lee,13.3,Interviewing
CAND04630,REQ24539,Kenneth,Kelley,5.8,Hired
CAND04631,REQ03158,David,Reynolds,14.8,Rejected
CAND04632,REQ00097,Caitlin,Holloway,3.8,Hired
CAND04633,REQ16409,Bridget,Lawson,1.8,Hired
CAND04634,REQ19919,Kathryn,Chandler,13.9,Interviewing
CAND04635,REQ02355,Kimberly,Bryan,5.6,Rejected
CAND04636,REQ12339,Antonio,Poole,16.7,Hired
CAND04637,REQ18595,Mark,Kim,3.0,Rejected
CAND04638,REQ24228,Adam,Gray,1.4,Offer Extended
CAND04639,REQ00324,Ian,Thomas,19.1,Rejected
CAND04640,REQ23686,Jared,Medina,11.5,Hired
CAND04641,REQ02855,Kristin,Frost,18.2,Interviewing
CAND04642,REQ09887,Jonathan,Briggs,8.2,Offer Extended
CAND04643,REQ02054,Veronica,King,10.2,Rejected
CAND04644,REQ17313,Joseph,Mitchell,14.2,Hired
CAND04645,REQ20612,Sean,Kane,16.5,Rejected
CAND04646,REQ18593,Stephen,Evans,10.7,Rejected
CAND04647,REQ23043,Robert,Spencer,13.4,Rejected
CAND04648,REQ15447,Vanessa,Brown,14.5,Rejected
CAND04649,REQ06673,Tamara,Walter,18.2,Offer Extended
CAND04650,REQ02823,Catherine,Johnson,16.1,Interviewing
CAND04651,REQ13325,Samantha,Patrick,9.0,Rejected
CAND04652,REQ24332,George,Clark,1.3,Rejected
CAND04653,REQ19197,Brandon,Elliott,8.4,Rejected
CAND04654,REQ21484,Alan,Jacobs,6.8,Rejected
CAND04655,REQ15300,Tanya,Dodson,18.8,Rejected
CAND04656,REQ03584,Lori,Anderson,8.8,Interviewing
CAND04657,REQ04875,Amanda,Lutz,0.1,Rejected
CAND04658,REQ04838,Christopher,Kelley,18.1,Rejected
CAND04659,REQ06693,Paul,Garcia,13.0,Rejected
CAND04660,REQ23385,Hannah,Williams,15.0,Rejected
CAND04661,REQ16377,Calvin,Adams,4.3,Rejected
CAND04662,REQ03342,Jennifer,Michael,8.4,Rejected
CAND04663,REQ21868,Ryan,Smith,2.4,Rejected
CAND04664,REQ20745,Marc,Tate,2.2,Offer Extended
CAND04665,REQ20953,Jay,Moses,6.1,Interviewing
CAND04666,REQ11022,Daniel,Nielsen,4.9,Rejected
CAND04667,REQ10183,Paula,Smith,14.0,Rejected
CAND04668,REQ24244,Raymond,Campbell,18.8,Rejected
CAND04669,REQ16120,Dawn,Pierce,1.7,Rejected
CAND04670,REQ22254,Jessica,Dyer,15.1,Rejected
CAND04671,REQ00720,Sheila,Hodges,15.5,Rejected
CAND04672,REQ07472,Tim,Burton,3.8,Interviewing
CAND04673,REQ13616,Christopher,Higgins,16.5,Hired
CAND04674,REQ21292,Richard,Rowe,4.1,Rejected
CAND04675,REQ01764,Teresa,Bennett,2.5,Rejected
CAND04676,REQ16950,Deanna,Bell,10.5,Rejected
CAND04677,REQ11386,John,Wood,15.9,Rejected
CAND04678,REQ12994,Carol,Butler,11.1,Rejected
CAND04679,REQ07318,Daniel,Owens,13.9,Rejected
CAND04680,REQ05309,Cynthia,Stout,9.9,Rejected
CAND04681,REQ17613,Kristopher,Chambers,11.0,Offer Extended
CAND04682,REQ13706,Jonathon,Brown,2.3,Rejected
CAND04683,REQ15792,Kathryn,Terry,15.3,Rejected
CAND04684,REQ10265,Kimberly,Smith,1.2,Rejected
CAND04685,REQ23874,Tommy,Berry,1.7,Rejected
CAND04686,REQ12791,Robert,Bailey,14.5,Interviewing
CAND04687,REQ03364,Lisa,Pierce,18.5,Rejected
CAND04688,REQ19809,Corey,Lopez,11.3,Rejected
CAND04689,REQ15600,Eddie,Rojas,19.9,Offer Extended
CAND04690,REQ07556,Anthony,Cervantes,10.5,Rejected
CAND04691,REQ09764,Elizabeth,Randolph,0.4,Rejected
CAND04692,REQ08063,Stefanie,Rodgers,13.9,Hired
CAND04693,REQ18020,Stephen,Greene,19.5,Rejected
CAND04694,REQ15040,Randy,Haynes,7.4,Hired
CAND04695,REQ21856,Beth,Lozano,0.6,Hired
CAND04696,REQ05660,Laurie,Lawrence,7.7,Hired
CAND04697,REQ06593,Justin,King,0.9,Rejected
CAND04698,REQ18097,Monique,Dennis,3.8,Hired
CAND04699,REQ15972,Victoria,Robertson,6.5,Hired
CAND04700,REQ19082,Lucas,Holmes,0.8,Interviewing
CAND04701,REQ00419,John,Mueller,15.5,Rejected
CAND04702,REQ05533,Jake,Wright,8.9,Interviewing
CAND04703,REQ04563,James,Collins,17.8,Rejected
CAND04704,REQ17139,Jason,Wilson,1.6,Hired
CAND04705,REQ19567,David,Evans,18.7,Rejected
CAND04706,REQ00846,Kristina,Lewis,20.0,Hired
CAND04707,REQ08841,Jason,Burke,3.2,Interviewing
CAND04708,REQ06251,Jenna,Becker,2.1,Rejected
CAND04709,REQ16340,Daniel,Thomas,6.8,Rejected
CAND04710,REQ06528,Crystal,Larsen,7.9,Rejected
CAND04711,REQ06440,Garrett,Lopez,3.3,Hired
CAND04712,REQ18642,Michael,Lee,18.1,Rejected
CAND04713,REQ10777,Cody,Lynch,15.6,Rejected
CAND04714,REQ07510,Joshua,Smith,12.4,Interviewing
CAND04715,REQ16508,Rachel,Brown,14.5,Interviewing
CAND04716,REQ24995,Amy,Jordan,11.9,Rejected
CAND04717,REQ12773,Gina,Murphy,7.1,Rejected
CAND04718,REQ09304,Jason,Crawford,13.3,Hired
CAND04719,REQ07495,Kara,Nunez,3.5,Interviewing
CAND04720,REQ06930,Lisa,Sparks,2.3,Rejected
CAND04721,REQ15508,Derek,Clark,11.7,Rejected
CAND04722,REQ00415,Jonathan,Wood,15.4,Rejected
CAND04723,REQ13659,Caitlyn,Lopez,10.2,Rejected
CAND04724,REQ07735,Janet,Francis,15.5,Rejected
CAND04725,REQ09770,Samuel,Maynard,13.0,Rejected
CAND04726,REQ00708,Amy,Thompson,15.2,Hired
CAND04727,REQ04909,Joseph,Chapman,11.8,Rejected
CAND04728,REQ04203,David,Wallace,3.1,Rejected
CAND04729,REQ24117,Elizabeth,Brown,15.4,Rejected
CAND04730,REQ05132,Joel,Allen,2.2,Rejected
CAND04731,REQ24697,David,Bean,18.3,Interviewing
CAND04732,REQ17766,Tyler,Clark,17.7,Interviewing
CAND04733,REQ19752,Jessica,Gardner,6.4,Rejected
CAND04734,REQ24467,Troy,Freeman,5.0,Rejected
CAND04735,REQ00503,Cynthia,Wilson,13.2,Rejected
CAND04736,REQ24825,Austin,Randolph,17.5,Rejected
CAND04737,REQ10330,Rhonda,Lee,1.0,Rejected
CAND04738,REQ20528,Judy,Brooks,15.6,Interviewing
CAND04739,REQ06316,Jessica,Miller,0.6,Rejected
CAND04740,REQ20947,Kimberly,Barber,10.8,Hired
CAND04741,REQ22922,Patricia,Harris,2.7,Rejected
CAND04742,REQ08007,Sarah,Gilmore,2.8,Offer Extended
CAND04743,REQ08651,Katrina,Hudson,19.3,Rejected
CAND04744,REQ11391,Patrick,Roberts,6.7,Interviewing
CAND04745,REQ08185,Cristian,Nelson,0.5,Interviewing
CAND04746,REQ11625,Michelle,Stokes,4.8,Interviewing
CAND04747,REQ03533,Jeremy,Roman,20.0,Rejected
CAND04748,REQ07312,Angela,Morrow,15.7,Interviewing
CAND04749,REQ01174,Hector,Davis,16.0,Rejected
CAND04750,REQ07829,Michelle,Mendez,7.3,Hired
CAND04751,REQ24774,Stephen,Pugh,9.2,Rejected
CAND04752,REQ10699,Alexandra,Roman,12.1,Hired
CAND04753,REQ01663,James,Lewis,15.8,Interviewing
CAND04754,REQ20897,Neil,Lee,13.5,Rejected
CAND04755,REQ11878,Jessica,Taylor,1.1,Rejected
CAND04756,REQ15559,Kevin,Brown,16.4,Rejected
CAND04757,REQ11582,Mitchell,Ball,11.2,Interviewing
CAND04758,REQ09160,Kevin,Mcdonald,10.5,Interviewing
CAND04759,REQ23413,Kim,Fleming,1.7,Interviewing
CAND04760,REQ00026,Mark,Davis,10.0,Rejected
CAND04761,REQ21253,Jennifer,Horn,19.0,Rejected
CAND04762,REQ12227,Donald,Rodriguez,12.9,Rejected
CAND04763,REQ19740,Caitlyn,Caldwell,1.7,Interviewing
CAND04764,REQ12401,Robert,Crawford,3.6,Rejected
CAND04765,REQ14413,Victoria,Wallace,2.4,Rejected
CAND04766,REQ06451,Steven,Dixon,14.1,Hired
CAND04767,REQ07831,Regina,Davis,7.1,Rejected
CAND04768,REQ23975,John,Williamson,0.5,Rejected
CAND04769,REQ14113,Kathy,Chan,15.2,Offer Extended
CAND04770,REQ02667,Christopher,Gentry,1.3,Rejected
CAND04771,REQ08420,Megan,Gomez,1.1,Interviewing
CAND04772,REQ01407,Shane,Green,16.8,Hired
CAND04773,REQ11773,Amanda,Elliott,5.6,Hired
CAND04774,REQ09253,Ronnie,Lewis,6.5,Rejected
CAND04775,REQ19151,Aaron,Gay,13.3,Rejected
CAND04776,REQ13049,Yolanda,Walsh,18.4,Rejected
CAND04777,REQ23019,Brandi,Evans,7.2,Interviewing
CAND04778,REQ16878,David,Wallace,3.1,Rejected
CAND04779,REQ12226,Michael,Anthony,10.9,Rejected
CAND04780,REQ24947,Crystal,Kane,6.2,Rejected
CAND04781,REQ03305,Danny,Rogers,8.0,Rejected
CAND04782,REQ22111,Mackenzie,Hammond,15.2,Rejected
CAND04783,REQ24190,Julie,Parsons,15.3,Interviewing
CAND04784,REQ00025,Cheryl,Cruz,7.7,Rejected
CAND04785,REQ12270,Jacob,Watson,7.3,Rejected
CAND04786,REQ05314,Tanya,Delacruz,13.8,Hired
CAND04787,REQ11588,Rhonda,Sanchez,14.6,Rejected
CAND04788,REQ20677,Karen,Bowman,14.1,Rejected
CAND04789,REQ17431,Jason,Palmer,4.7,Interviewing
CAND04790,REQ20290,Matthew,Lynn,8.2,Rejected
CAND04791,REQ15986,Joseph,Thompson,12.2,Rejected
CAND04792,REQ16483,Daniel,Wyatt,3.0,Rejected
CAND04793,REQ07765,Samantha,Martin,3.0,Rejected
CAND04794,REQ12162,James,Harris,13.0,Rejected
CAND04795,REQ23439,Jason,Hoffman,18.0,Rejected
CAND04796,REQ19195,Scott,Mccann,1.0,Interviewing
CAND04797,REQ00883,Eric,Duke,6.5,Hired
CAND04798,REQ04385,George,Murray,13.4,Rejected
CAND04799,REQ03364,Mary,Phillips,6.2,Rejected
CAND04800,REQ12569,Terry,Hendrix,18.0,Rejected
CAND04801,REQ19039,Heather,Randolph,9.3,Rejected
CAND04802,REQ11512,Joe,Reyes,10.4,Rejected
CAND04803,REQ11669,John,Gonzales,11.7,Hired
CAND04804,REQ16850,Scott,Owens,7.6,Rejected
CAND04805,REQ10885,Danielle,Reyes,19.4,Hired
CAND04806,REQ21517,Savannah,Vargas,9.8,Rejected
CAND04807,REQ05505,Stephanie,Perez,9.1,Rejected
CAND04808,REQ02737,Kathleen,Mcneil,12.1,Interviewing
CAND04809,REQ01803,Kim,Diaz,1.9,Rejected
CAND04810,REQ09835,James,Jones,6.9,Interviewing
CAND04811,REQ00467,Catherine,Marquez,2.3,Interviewing
CAND04812,REQ14724,Joseph,Howard,19.9,Offer Extended
CAND04813,REQ11764,Brandon,Foster,2.3,Rejected
CAND04814,REQ24227,Diana,Spencer,5.5,Rejected
CAND04815,REQ00929,Jonathan,Phillips,14.5,Rejected
CAND04816,REQ01734,Joy,Riggs,2.1,Rejected
CAND04817,REQ07642,Jesus,Fletcher,2.3,Rejected
CAND04818,REQ15715,Robert,Rice,16.8,Rejected
CAND04819,REQ16388,Sharon,Doyle,2.1,Rejected
CAND04820,REQ01281,Ross,Sullivan,16.1,Interviewing
CAND04821,REQ04184,Brent,Robinson,1.9,Offer Extended
CAND04822,REQ04551,Tony,Schwartz,11.5,Rejected
CAND04823,REQ13164,Erin,Taylor,9.8,Rejected
CAND04824,REQ11774,Kenneth,Acevedo,4.8,Rejected
CAND04825,REQ00170,Brian,Williams,15.5,Rejected
CAND04826,REQ08713,Angela,Gibson,13.8,Hired
CAND04827,REQ17451,Lauren,Bell,9.8,Rejected
CAND04828,REQ09970,Dana,Patton,18.2,Rejected
CAND04829,REQ08359,Michael,Chung,11.4,Interviewing
CAND04830,REQ15113,Andrew,Bray,14.1,Rejected
CAND04831,REQ04900,Misty,Burgess,1.1,Rejected
CAND04832,REQ16420,Daniel,Smith,6.6,Rejected
CAND04833,REQ00739,Abigail,Jones,13.3,Rejected
CAND04834,REQ10880,Erin,Silva,2.4,Rejected
CAND04835,REQ19112,Richard,Cox,15.7,Rejected
CAND04836,REQ18362,Tonya,Acevedo,6.7,Rejected
CAND04837,REQ21470,Gail,Travis,16.2,Rejected
CAND04838,REQ23357,Diana,Bailey,15.6,Hired
CAND04839,REQ13907,Tony,Villarreal,6.3,Interviewing
CAND04840,REQ05171,Jamie,Wise,7.5,Rejected
CAND04841,REQ18760,Benjamin,Graham,13.1,Rejected
CAND04842,REQ01168,Jeremy,Jenkins,17.1,Rejected
CAND04843,REQ07637,Lisa,Casey,1.1,Rejected
CAND04844,REQ20317,Michael,Andrews,8.9,Rejected
CAND04845,REQ24517,Joanna,Lee,5.8,Rejected
CAND04846,REQ22984,Xavier,Martin,8.1,Rejected
CAND04847,REQ02875,Amanda,Frost,18.6,Interviewing
CAND04848,REQ10039,Sherry,Campbell,0.8,Rejected
CAND04849,REQ11169,Devin,Salas,7.4,Offer Extended
CAND04850,REQ21238,James,Joseph,19.2,Rejected
CAND04851,REQ16361,James,Flowers,13.0,Rejected
CAND04852,REQ18689,Jesse,Pierce,3.4,Offer Extended
CAND04853,REQ16785,Nicholas,Schultz,4.3,Rejected
CAND04854,REQ11786,Aaron,Moore,9.4,Rejected
CAND04855,REQ18287,Michelle,Stewart,8.3,Interviewing
CAND04856,REQ01852,Jeremy,Keller,3.6,Rejected
CAND04857,REQ11236,Amber,Marshall,5.5,Hired
CAND04858,REQ24660,Jeffrey,Chase,15.2,Rejected
CAND04859,REQ12602,Howard,Smith,16.6,Hired
CAND04860,REQ02286,Tiffany,Sanders,6.3,Rejected
CAND04861,REQ18242,Patricia,Perkins,6.2,Rejected
CAND04862,REQ09966,Robert,Osborne,8.5,Rejected
CAND04863,REQ03480,Joshua,Hall,0.6,Rejected
CAND04864,REQ04116,David,Wells,18.1,Rejected
CAND04865,REQ05781,Sherry,Chandler,1.0,Interviewing
CAND04866,REQ17966,Karen,Brooks,2.5,Rejected
CAND04867,REQ00863,Holly,Scott,14.5,Interviewing
CAND04868,REQ12134,Kelsey,Wood,18.6,Rejected
CAND04869,REQ02120,Jonathan,Gentry,13.7,Interviewing
CAND04870,REQ00914,Mary,Spencer,4.1,Rejected
CAND04871,REQ19536,Autumn,Smith,17.8,Rejected
CAND04872,REQ09884,Nicole,Paul,14.2,Rejected
CAND04873,REQ03831,Steven,Johnson,3.8,Rejected
CAND04874,REQ09364,Luke,Jordan,19.7,Rejected
CAND04875,REQ08151,Molly,Aguilar,12.9,Hired
CAND04876,REQ24851,William,Small,13.5,Rejected
CAND04877,REQ22982,Scott,Carr,18.3,Rejected
CAND04878,REQ05955,Jennifer,Navarro,12.0,Rejected
CAND04879,REQ17996,Geoffrey,Henderson,16.3,Rejected
CAND04880,REQ14611,Cassandra,Mendoza,0.1,Rejected
CAND04881,REQ20875,Robert,Mitchell,18.8,Rejected
CAND04882,REQ21366,William,Tucker,1.0,Rejected
CAND04883,REQ20221,Jaime,Arnold,1.8,Rejected
CAND04884,REQ03298,Michael,Jackson,8.0,Rejected
CAND04885,REQ10775,Jason,Chen,10.0,Rejected
CAND04886,REQ18163,Bonnie,Johnson,4.8,Rejected
CAND04887,REQ14138,Brian,Griffith,12.7,Rejected
CAND04888,REQ20358,Samantha,Alexander,16.5,Rejected
CAND04889,REQ09549,George,Patrick,11.0,Interviewing
CAND04890,REQ20786,Kathryn,Strong,14.1,Rejected
CAND04891,REQ23002,Stephanie,Shaw,9.6,Rejected
CAND04892,REQ09914,Bryan,Marshall,0.2,Rejected
CAND04893,REQ09948,Kimberly,Cohen,16.4,Rejected
CAND04894,REQ21231,Ellen,Rose,7.9,Rejected
CAND04895,REQ09744,Stephanie,Gardner,19.1,Rejected
CAND04896,REQ03426,Destiny,Rogers,15.2,Rejected
CAND04897,REQ09550,Traci,Cruz,7.9,Rejected
CAND04898,REQ14716,Barbara,Allen,19.9,Rejected
CAND04899,REQ16002,Mary,Gallagher,3.7,Rejected
CAND04900,REQ05831,Lisa,White,0.4,Interviewing
CAND04901,REQ12265,Alicia,Moore,0.4,Rejected
CAND04902,REQ05861,Joel,Murphy,14.3,Rejected
CAND04903,REQ15808,Frederick,Smith,13.6,Rejected
CAND04904,REQ22926,Sara,Evans,6.1,Hired
CAND04905,REQ04696,Mark,West,2.0,Rejected
CAND04906,REQ09576,Samuel,Rodriguez,19.2,Offer Extended
CAND04907,REQ00206,Lisa,Brown,2.8,Rejected
CAND04908,REQ04428,Shannon,Richmond,9.7,Rejected
CAND04909,REQ22671,Patricia,Lawson,19.8,Rejected
CAND04910,REQ11993,Oscar,Murphy,1.5,Rejected
CAND04911,REQ12295,Rachel,Browning,11.0,Hired
CAND04912,REQ00613,Daniel,Cole,19.3,Interviewing
CAND04913,REQ20882,Christopher,Guzman,9.6,Rejected
CAND04914,REQ20061,Jean,Murphy,12.4,Rejected
CAND04915,REQ05642,Sally,Edwards,7.9,Offer Extended
CAND04916,REQ05237,Nicole,Mason,14.8,Rejected
CAND04917,REQ07018,Anthony,Nelson,11.7,Hired
CAND04918,REQ01127,Bradley,Boone,5.7,Rejected
CAND04919,REQ07522,Joanna,Barr,18.7,Rejected
CAND04920,REQ13032,Sarah,Phillips,14.0,Rejected
CAND04921,REQ15628,Darren,Herring,12.7,Interviewing
CAND04922,REQ10584,Harold,Willis,6.6,Rejected
CAND04923,REQ12683,Brian,Carson,4.5,Rejected
CAND04924,REQ10733,Jennifer,Griffith,16.8,Rejected
CAND04925,REQ24469,Joseph,Clayton,12.7,Hired
CAND04926,REQ18956,Neil,Klein,5.0,Rejected
CAND04927,REQ16505,Heather,Brown,3.8,Hired
CAND04928,REQ09848,Martha,Stewart,17.7,Hired
CAND04929,REQ14995,Sean,Taylor,15.6,Rejected
CAND04930,REQ02750,Manuel,Harris,19.9,Interviewing
CAND04931,REQ07846,Olivia,Delgado,10.8,Hired
CAND04932,REQ13095,Teresa,Martin,3.7,Hired
CAND04933,REQ24678,Seth,Solomon,4.0,Rejected
CAND04934,REQ06035,Lori,Blankenship,9.4,Interviewing
CAND04935,REQ01551,Mark,Houston,11.8,Rejected
CAND04936,REQ20289,Sarah,Hunt,15.3,Rejected
CAND04937,REQ02040,Roberto,Yoder,11.4,Offer Extended
CAND04938,REQ19747,Ashley,Taylor,4.5,Hired
CAND04939,REQ05596,Rhonda,Torres,12.7,Interviewing
CAND04940,REQ01289,Brenda,Payne,3.9,Rejected
CAND04941,REQ17323,Keith,Grant,9.3,Rejected
CAND04942,REQ24532,Heather,Hale,17.4,Rejected
CAND04943,REQ18772,Jeffrey,King,13.4,Rejected
CAND04944,REQ01729,Ashlee,Brown,14.3,Hired
CAND04945,REQ14416,Debra,Diaz,1.2,Hired
CAND04946,REQ04937,Paul,Stephens,8.2,Interviewing
CAND04947,REQ11684,Steven,Griffith,16.1,Rejected
CAND04948,REQ13311,Donna,Kim,19.2,Rejected
CAND04949,REQ15154,Kristin,Jackson,1.3,Rejected
CAND04950,REQ04728,Nathan,Jones,2.0,Rejected
CAND04951,REQ14895,Lisa,Jordan,16.1,Hired
CAND04952,REQ02894,Elizabeth,Perez,4.9,Rejected
CAND04953,REQ05955,Andre,Dalton,14.8,Rejected
CAND04954,REQ12658,James,Vance,2.5,Rejected
CAND04955,REQ02624,Richard,Le,6.2,Rejected
CAND04956,REQ19501,Theresa,Schwartz,18.8,Rejected
CAND04957,REQ05886,Robert,Murphy,16.7,Rejected
CAND04958,REQ21986,Nancy,Gordon,9.5,Interviewing
CAND04959,REQ24028,Cynthia,Allen,5.7,Hired
CAND04960,REQ11945,Barbara,Martin,0.4,Rejected
CAND04961,REQ01493,Aaron,Macdonald,17.2,Hired
CAND04962,REQ10337,Jennifer,Martinez,16.8,Offer Extended
CAND04963,REQ01883,Caitlin,Osborne,8.5,Interviewing
CAND04964,REQ09911,Sheila,Cox,10.1,Rejected
CAND04965,REQ11120,Geoffrey,Burton,4.5,Rejected
CAND04966,REQ08165,Michele,Joyce,7.1,Rejected
CAND04967,REQ14577,Katrina,Andrade,0.8,Rejected
CAND04968,REQ23099,Lisa,Charles,13.8,Rejected
CAND04969,REQ18094,Gina,Bowers,2.1,Rejected
CAND04970,REQ24353,Robert,Hunt,16.7,Interviewing
CAND04971,REQ02138,Jesse,Abbott,4.2,Interviewing
CAND04972,REQ17492,Michelle,Vasquez,11.8,Rejected
CAND04973,REQ01173,Jo,Decker,16.3,Rejected
CAND04974,REQ09780,Kimberly,Boone,7.9,Hired
CAND04975,REQ06720,Sean,Olsen,7.1,Rejected
CAND04976,REQ18105,Amy,Elliott,0.7,Interviewing
CAND04977,REQ23880,Christopher,Steele,10.0,Rejected
CAND04978,REQ04146,Matthew,Perez,9.1,Rejected
CAND04979,REQ00078,Justin,Blake,5.6,Rejected
CAND04980,REQ09013,Derek,Townsend,6.6,Interviewing
CAND04981,REQ21103,James,Humphrey,19.3,Rejected
CAND04982,REQ06427,April,Tucker,19.5,Rejected
CAND04983,REQ06921,Mitchell,Morrison,4.2,Rejected
CAND04984,REQ19124,Gavin,Donaldson,7.6,Rejected
CAND04985,REQ21062,Kellie,Lawrence,5.4,Rejected
CAND04986,REQ11161,Victor,Rodriguez,6.8,Interviewing
CAND04987,REQ13685,Mary,Aguilar,13.7,Hired
CAND04988,REQ14234,Andrew,Stewart,5.8,Rejected
CAND04989,REQ03168,Sarah,Adkins,0.4,Rejected
CAND04990,REQ09133,Lauren,Hicks,2.3,Interviewing
CAND04991,REQ17694,Alexander,Swanson,7.8,Rejected
CAND04992,REQ02691,Diane,Barrera,15.7,Rejected
CAND04993,REQ04288,Kelsey,Hall,7.0,Rejected
CAND04994,REQ19750,Samantha,Diaz,8.8,Rejected
CAND04995,REQ17469,Tina,Lowe,17.9,Hired
CAND04996,REQ14065,Daniel,Brown,5.5,Rejected
CAND04997,REQ04610,Laurie,Hunter,4.5,Hired
CAND04998,REQ16244,Devin,Ferguson,16.2,Rejected
CAND04999,REQ17579,Jonathan,Martin,19.1,Rejected
CAND05000,REQ00481,Andrea,Long,4.4,Rejected
CAND05001,REQ22084,Theresa,Mccormick,1.9,Interviewing
CAND05002,REQ23108,Travis,Lester,19.7,Hired
CAND05003,REQ17740,Ashley,Garcia,4.0,Rejected
CAND05004,REQ16495,Diane,Fowler,1.1,Rejected
CAND05005,REQ14075,Christian,Smith,5.1,Offer Extended
CAND05006,REQ23631,Nancy,Anderson,15.6,Rejected
CAND05007,REQ17058,Veronica,Miller,17.7,Interviewing
CAND05008,REQ00374,Jennifer,Mccoy,18.7,Rejected
CAND05009,REQ02990,Julie,Diaz,11.2,Rejected
CAND05010,REQ12403,Kyle,Bond,8.5,Interviewing
CAND05011,REQ12660,James,Murphy,17.8,Rejected
CAND05012,REQ12449,Michael,Taylor,1.7,Rejected
CAND05013,REQ17442,Russell,Banks,4.9,Offer Extended
CAND05014,REQ12293,David,Anderson,0.1,Rejected
CAND05015,REQ13197,Katrina,Weeks,17.2,Rejected
CAND05016,REQ16124,Joseph,Gill,11.2,Rejected
CAND05017,REQ20750,Katherine,Larson,0.1,Interviewing
CAND05018,REQ21621,Jackson,Gamble,5.5,Rejected
CAND05019,REQ07873,Heather,Austin,18.9,Interviewing
CAND05020,REQ07213,Michael,Daniels,4.9,Rejected
CAND05021,REQ22843,Michael,Roach,15.7,Hired
CAND05022,REQ07388,Jeffrey,Miller,5.2,Rejected
CAND05023,REQ03899,William,Koch,11.9,Rejected
CAND05024,REQ24288,Allison,Green,18.6,Interviewing
CAND05025,REQ15406,Autumn,Sanders,12.2,Rejected
CAND05026,REQ24583,Tonya,Jackson,15.3,Offer Extended
CAND05027,REQ02622,Ryan,Suarez,18.8,Interviewing
CAND05028,REQ24782,Matthew,Tyler,8.0,Hired
CAND05029,REQ05000,Diane,Brewer,14.4,Interviewing
CAND05030,REQ12598,Brian,Peterson,10.7,Hired
CAND05031,REQ13923,Sarah,Aguilar,4.3,Interviewing
CAND05032,REQ01484,Tamara,Nelson,16.5,Rejected
CAND05033,REQ18872,Christopher,Brown,4.9,Interviewing
CAND05034,REQ17668,Tiffany,Hill,18.1,Rejected
CAND05035,REQ10562,Kari,Boyd,19.5,Rejected
CAND05036,REQ12468,Zachary,Smith,3.5,Rejected
CAND05037,REQ10956,Jennifer,Anderson,11.1,Hired
CAND05038,REQ18392,Roger,Chen,7.5,Rejected
CAND05039,REQ04929,Rebecca,Woods,12.3,Rejected
CAND05040,REQ13756,Derek,Jimenez,15.9,Interviewing
CAND05041,REQ00450,Janet,Peterson,1.0,Rejected
CAND05042,REQ01482,Debbie,Tucker,15.8,Interviewing
CAND05043,REQ17684,Christina,Delgado,1.8,Rejected
CAND05044,REQ02340,Jill,Hart,16.3,Rejected
CAND05045,REQ08456,Scott,Allen,8.6,Rejected
CAND05046,REQ06797,Patrick,Pham,4.6,Rejected
CAND05047,REQ05579,Timothy,Stewart,0.1,Rejected
CAND05048,REQ09872,Megan,Davis,9.2,Interviewing
CAND05049,REQ21058,Scott,Stone,18.7,Rejected
CAND05050,REQ10787,Morgan,Daniel,2.6,Rejected
CAND05051,REQ21936,David,Torres,4.0,Rejected
CAND05052,REQ21373,Joshua,Davis,10.3,Hired
CAND05053,REQ21707,Curtis,Reilly,5.8,Rejected
CAND05054,REQ21425,Javier,Wright,8.9,Rejected
CAND05055,REQ08839,Michelle,Barber,2.1,Rejected
CAND05056,REQ14203,Jessica,Rogers,11.9,Rejected
CAND05057,REQ04551,Cindy,Lopez,3.8,Rejected
CAND05058,REQ10142,Ann,Robinson,19.8,Hired
CAND05059,REQ13756,Thomas,Jenkins,16.8,Rejected
CAND05060,REQ02211,Michael,Wilson,18.3,Rejected
CAND05061,REQ19791,Jamie,Myers,15.0,Interviewing
CAND05062,REQ09951,Stephen,Brown,4.9,Rejected
CAND05063,REQ05187,Sarah,Jackson,13.9,Rejected
CAND05064,REQ00716,Carlos,Wilson,11.3,Rejected
CAND05065,REQ08130,Latasha,Palmer,13.1,Offer Extended
CAND05066,REQ22651,Sean,Bowen,8.8,Interviewing
CAND05067,REQ09090,Brandy,Flores,7.8,Rejected
CAND05068,REQ19171,Olivia,Johnson,0.2,Rejected
CAND05069,REQ00751,Ashley,Estes,2.2,Rejected
CAND05070,REQ01868,Kimberly,Williams,11.6,Rejected
CAND05071,REQ17382,Brian,Salazar,6.1,Rejected
CAND05072,REQ20391,Corey,Figueroa,4.4,Hired
CAND05073,REQ12832,Robert,Huerta,5.3,Rejected
CAND05074,REQ08932,David,Fleming,17.5,Rejected
CAND05075,REQ23497,Carolyn,Jackson,4.4,Rejected
CAND05076,REQ14611,Craig,Anderson,16.2,Interviewing
CAND05077,REQ20706,James,Love,7.8,Rejected
CAND05078,REQ12926,Alyssa,Smith,4.7,Rejected
CAND05079,REQ16932,Allison,Blair,16.9,Rejected
CAND05080,REQ16637,Amy,Moore,7.4,Rejected
CAND05081,REQ07858,Brian,Burns,7.8,Rejected
CAND05082,REQ08060,Mark,Mills,1.8,Rejected
CAND05083,REQ01647,Scott,Scott,11.2,Interviewing
CAND05084,REQ04644,Robert,Morgan,5.8,Rejected
CAND05085,REQ02543,Tyler,Farmer,5.7,Rejected
CAND05086,REQ02174,Brett,Johnson,8.9,Rejected
CAND05087,REQ19047,Bonnie,Garner,0.6,Rejected
CAND05088,REQ23117,Brittany,Smith,2.2,Rejected
CAND05089,REQ15142,James,Campbell,12.0,Rejected
CAND05090,REQ05116,Michael,Lewis,4.4,Rejected
CAND05091,REQ17712,Brandy,Simpson,19.5,Hired
CAND05092,REQ18335,Bradley,Turner,4.8,Rejected
CAND05093,REQ14049,Brittany,Davis,9.2,Rejected
CAND05094,REQ10406,Katrina,Moreno,9.6,Interviewing
CAND05095,REQ18074,Wendy,Ramos,7.1,Rejected
CAND05096,REQ03933,David,Gillespie,5.3,Rejected
CAND05097,REQ19460,Mary,Riggs,8.8,Rejected
CAND05098,REQ21758,John,Lloyd,18.9,Interviewing
CAND05099,REQ21427,Lori,Mcguire,15.4,Rejected
CAND05100,REQ19823,Denise,May,18.4,Rejected
CAND05101,REQ14829,Anna,Lawrence,13.7,Hired
CAND05102,REQ07713,Leonard,Cross,6.7,Rejected
CAND05103,REQ02262,Taylor,Griffin,7.9,Offer Extended
CAND05104,REQ20365,Gina,Myers,8.7,Hired
CAND05105,REQ01964,Marcus,Walker,15.7,Rejected
CAND05106,REQ15379,Jennifer,Edwards,14.8,Rejected
CAND05107,REQ00134,Antonio,Delgado,19.5,Rejected
CAND05108,REQ13429,Reginald,Rojas,3.0,Rejected
CAND05109,REQ21153,Karl,Hurst,14.9,Rejected
CAND05110,REQ08407,Rebecca,Lewis,3.8,Rejected
CAND05111,REQ12189,Shawn,Francis,1.4,Rejected
CAND05112,REQ05638,Lisa,Collins,17.8,Rejected
CAND05113,REQ19747,Pamela,Taylor,1.3,Rejected
CAND05114,REQ06119,Joseph,Garcia,1.8,Rejected
CAND05115,REQ12018,Ronald,Green,17.8,Rejected
CAND05116,REQ24820,Jaclyn,Anderson,19.6,Interviewing
CAND05117,REQ06375,Dylan,Brewer,11.0,Hired
CAND05118,REQ15036,Kyle,Costa,2.2,Hired
CAND05119,REQ04825,Ryan,Cruz,17.5,Interviewing
CAND05120,REQ21895,Daniel,Carpenter,20.0,Rejected
CAND05121,REQ02687,April,Carter,15.3,Rejected
CAND05122,REQ07366,Anthony,Schwartz,10.3,Interviewing
CAND05123,REQ09835,Jon,Atkins,11.0,Rejected
CAND05124,REQ14070,Kevin,Johnston,13.7,Rejected
CAND05125,REQ03308,Timothy,Stewart,13.8,Offer Extended
CAND05126,REQ16601,Timothy,Chen,13.4,Rejected
CAND05127,REQ21647,Jane,Matthews,8.0,Interviewing
CAND05128,REQ08822,Steven,Wood,14.8,Rejected
CAND05129,REQ11835,Victoria,Hooper,8.0,Offer Extended
CAND05130,REQ21427,Michael,Porter,3.3,Rejected
CAND05131,REQ22939,Donald,Romero,18.5,Rejected
CAND05132,REQ07510,Autumn,Cook,4.3,Rejected
CAND05133,REQ19001,Emily,Morales,5.8,Rejected
CAND05134,REQ00407,Lauren,Fuller,8.1,Rejected
CAND05135,REQ22169,Susan,Shaw,9.5,Rejected
CAND05136,REQ13379,Linda,Wall,12.2,Rejected
CAND05137,REQ17746,Jennifer,Humphrey,3.2,Rejected
CAND05138,REQ23060,Mark,West,19.0,Hired
CAND05139,REQ20086,Lori,Galloway,15.6,Rejected
CAND05140,REQ17062,Tyrone,Wilson,12.0,Rejected
CAND05141,REQ07227,Kevin,Campbell,11.9,Hired
CAND05142,REQ03381,Carlos,Simpson,7.8,Hired
CAND05143,REQ22605,Paul,Burton,8.3,Rejected
CAND05144,REQ01581,Christopher,Ortiz,2.8,Offer Extended
CAND05145,REQ21259,Brianna,Washington,2.3,Interviewing
CAND05146,REQ21671,Brent,Anderson,19.8,Rejected
CAND05147,REQ05924,Tara,Peterson,17.6,Hired
CAND05148,REQ16290,Rodney,Smith,5.2,Rejected
CAND05149,REQ13843,Daniel,Farmer,14.3,Rejected
CAND05150,REQ15912,Andrea,Allen,7.5,Interviewing
CAND05151,REQ03717,Phillip,Wilson,18.4,Rejected
CAND05152,REQ06306,George,Oneal,14.1,Rejected
CAND05153,REQ13972,Brian,Graves,8.6,Rejected
CAND05154,REQ24977,Ashley,Oconnor,13.6,Rejected
CAND05155,REQ05277,Kathryn,Garcia,9.3,Rejected
CAND05156,REQ19334,Tiffany,Martinez,7.3,Interviewing
CAND05157,REQ15918,Desiree,Fisher,4.1,Interviewing
CAND05158,REQ08395,Sarah,Figueroa,16.7,Rejected
CAND05159,REQ20729,Rachael,Thompson,7.9,Rejected
CAND05160,REQ06319,John,Mccormick,10.7,Interviewing
CAND05161,REQ11574,Lisa,Flores,5.8,Rejected
CAND05162,REQ15439,Deborah,Smith,9.8,Rejected
CAND05163,REQ18281,Joseph,Castro,18.0,Offer Extended
CAND05164,REQ20448,Todd,Lewis,13.5,Rejected
CAND05165,REQ23934,Philip,Barnes,5.3,Interviewing
CAND05166,REQ03792,Ashley,Nolan,2.0,Rejected
CAND05167,REQ22510,John,Hancock,2.3,Rejected
CAND05168,REQ20427,Corey,Fernandez,18.8,Rejected
CAND05169,REQ17510,Richard,White,12.4,Hired
CAND05170,REQ10017,Angela,Arnold,7.0,Rejected
CAND05171,REQ21086,Kelly,Smith,8.1,Rejected
CAND05172,REQ00993,Mark,Burnett,18.7,Rejected
CAND05173,REQ20540,Emma,Poole,7.6,Rejected
CAND05174,REQ24356,Sarah,Bird,11.7,Rejected
CAND05175,REQ03104,David,Young,0.4,Rejected
CAND05176,REQ16739,Kelsey,Frank,0.8,Offer Extended
CAND05177,REQ11895,Richard,Tucker,5.7,Rejected
CAND05178,REQ14989,Craig,Floyd,1.3,Rejected
CAND05179,REQ08522,Kimberly,Williams,8.8,Rejected
CAND05180,REQ21240,Jessica,Brooks,6.9,Rejected
CAND05181,REQ24652,Andrew,Johnson,7.5,Rejected
CAND05182,REQ04643,Dustin,Faulkner,6.9,Rejected
CAND05183,REQ01510,Julia,Walters,4.4,Rejected
CAND05184,REQ03406,Angela,Miller,9.2,Hired
CAND05185,REQ21864,Sarah,Mccarthy,8.9,Rejected
CAND05186,REQ04130,Aaron,Hernandez,18.8,Rejected
CAND05187,REQ07078,Latoya,Thomas,10.5,Hired
CAND05188,REQ08964,Zoe,Hernandez,13.0,Hired
CAND05189,REQ22871,Regina,Wells,7.2,Rejected
CAND05190,REQ11488,Vincent,Bryant,12.8,Rejected
CAND05191,REQ00507,Renee,Orr,15.0,Rejected
CAND05192,REQ15768,Brian,Adams,4.5,Rejected
CAND05193,REQ01545,Maria,Cohen,2.2,Rejected
CAND05194,REQ05801,Joanne,Jackson,9.1,Rejected
CAND05195,REQ06194,April,Ellis,2.4,Rejected
CAND05196,REQ00195,Marisa,Bradshaw,17.9,Rejected
CAND05197,REQ24432,Tracy,Stewart,19.5,Hired
CAND05198,REQ01616,Sharon,Johnson,16.6,Rejected
CAND05199,REQ18969,Heather,Scott,1.6,Rejected
CAND05200,REQ16774,Joshua,Mendoza,14.9,Rejected
CAND05201,REQ00073,Michele,Brooks,6.6,Rejected
CAND05202,REQ13359,Brandon,Nguyen,6.0,Hired
CAND05203,REQ07525,Lisa,Cooper,9.9,Rejected
CAND05204,REQ01903,Ronald,Phelps,17.4,Offer Extended
CAND05205,REQ16851,Justin,Murray,19.3,Rejected
CAND05206,REQ24245,Frank,Sharp,15.2,Rejected
CAND05207,REQ02050,Stacey,Johnson,11.3,Rejected
CAND05208,REQ18081,Christopher,Hall,10.7,Interviewing
CAND05209,REQ19253,Juan,Ferguson,2.1,Rejected
CAND05210,REQ21389,James,Powell,2.3,Rejected
CAND05211,REQ23857,Tina,Walker,15.4,Hired
CAND05212,REQ14755,Michael,Keller,3.1,Offer Extended
CAND05213,REQ23544,Isabella,Mcintyre,4.7,Rejected
CAND05214,REQ15029,Jay,Barber,6.6,Hired
CAND05215,REQ09646,Kelly,Prince,12.6,Rejected
CAND05216,REQ10876,Alexa,Mccullough,12.0,Rejected
CAND05217,REQ14152,Elizabeth,Ross,1.9,Interviewing
CAND05218,REQ23521,Holly,Oconnor,5.2,Rejected
CAND05219,REQ21125,Danielle,Turner,1.3,Rejected
CAND05220,REQ23195,Brent,Marshall,0.8,Rejected
CAND05221,REQ08818,Tony,Pierce,5.0,Rejected
CAND05222,REQ13900,James,Park,17.5,Rejected
CAND05223,REQ19351,Heather,Mills,9.9,Rejected
CAND05224,REQ11559,David,Hall,7.4,Rejected
CAND05225,REQ16489,James,Franklin,10.6,Rejected
CAND05226,REQ23079,James,Coleman,14.5,Rejected
CAND05227,REQ02222,Brian,Jackson,18.6,Rejected
CAND05228,REQ17242,Roberto,Bright,13.7,Rejected
CAND05229,REQ08817,David,Rose,14.9,Rejected
CAND05230,REQ07139,Denise,Daniels,3.1,Interviewing
CAND05231,REQ00144,Melissa,Bell,16.4,Rejected
CAND05232,REQ07606,Eugene,Morgan,9.7,Rejected
CAND05233,REQ19966,Frank,Moore,4.4,Rejected
CAND05234,REQ11966,Evan,Wheeler,16.2,Rejected
CAND05235,REQ10436,Megan,Brown,16.1,Rejected
CAND05236,REQ18434,Melissa,Meyer,6.1,Interviewing
CAND05237,REQ06918,Chad,Smith,6.6,Interviewing
CAND05238,REQ12443,Tim,Cummings,10.7,Rejected
CAND05239,REQ09031,John,Davis,6.9,Offer Extended
CAND05240,REQ17780,Kathleen,Alexander,14.6,Rejected
CAND05241,REQ20205,Allen,Jones,1.5,Hired
CAND05242,REQ24232,Dominique,Bond,2.6,Interviewing
CAND05243,REQ18214,Kathryn,Williams,2.3,Rejected
CAND05244,REQ12285,Jeffrey,Perkins,3.3,Rejected
CAND05245,REQ17557,Elizabeth,Ross,14.1,Rejected
CAND05246,REQ03386,Joshua,Martinez,3.2,Rejected
CAND05247,REQ04051,Kimberly,Moran,11.5,Rejected
CAND05248,REQ13141,Linda,Gross,1.7,Rejected
CAND05249,REQ22731,Kelsey,Porter,16.1,Rejected
CAND05250,REQ01113,Miguel,Buckley,8.3,Rejected
CAND05251,REQ12852,Patricia,Sparks,6.5,Rejected
CAND05252,REQ07131,Robert,Carpenter,7.5,Rejected
CAND05253,REQ08867,Jessica,Brown,9.2,Rejected
CAND05254,REQ04781,Olivia,Russell,14.4,Offer Extended
CAND05255,REQ24316,John,Kelley,3.8,Rejected
CAND05256,REQ18584,Jerome,Hoffman,6.8,Interviewing
CAND05257,REQ13745,Brittany,Murphy,16.9,Interviewing
CAND05258,REQ13094,Lisa,Alvarez,18.0,Offer Extended
CAND05259,REQ01813,Julian,Shepherd,9.3,Rejected
CAND05260,REQ24010,Kathryn,Smith,0.0,Interviewing
CAND05261,REQ16997,Allison,Patton,19.8,Rejected
CAND05262,REQ22774,Lisa,Becker,1.5,Rejected
CAND05263,REQ22583,Brian,Townsend,0.9,Interviewing
CAND05264,REQ12391,Chad,Wiggins,4.3,Interviewing
CAND05265,REQ13663,Megan,Sanchez,18.8,Interviewing
CAND05266,REQ08373,Zachary,Cherry,17.0,Rejected
CAND05267,REQ06042,Sarah,Williamson,7.4,Rejected
CAND05268,REQ07399,Alexander,Beasley,17.1,Rejected
CAND05269,REQ09446,Jeanette,Gutierrez,1.3,Rejected
CAND05270,REQ12401,Elizabeth,Bailey,13.9,Rejected
CAND05271,REQ00538,Gina,Cole,6.1,Rejected
CAND05272,REQ12789,Emily,Wallace,6.1,Rejected
CAND05273,REQ09135,Pamela,Ramos,3.6,Interviewing
CAND05274,REQ01950,David,Ruiz,0.4,Rejected
CAND05275,REQ15291,Katrina,Day,7.4,Rejected
CAND05276,REQ15847,Julia,Alexander,17.1,Rejected
CAND05277,REQ21065,Jake,Maynard,3.2,Rejected
CAND05278,REQ18131,Rebecca,Cross,5.0,Interviewing
CAND05279,REQ04884,Paul,Garcia,4.3,Interviewing
CAND05280,REQ08914,Melinda,Gomez,11.1,Rejected
CAND05281,REQ14752,Jody,Potter,4.1,Interviewing
CAND05282,REQ06881,Kristen,Davis,19.6,Hired
CAND05283,REQ11457,Steven,Flynn,8.9,Rejected
CAND05284,REQ15346,Brian,Russell,7.5,Offer Extended
CAND05285,REQ00600,Dana,Salazar,11.1,Rejected
CAND05286,REQ23507,Kenneth,King,11.4,Hired
CAND05287,REQ03574,Melissa,Gutierrez,18.3,Interviewing
CAND05288,REQ19885,Carolyn,Morris,9.1,Interviewing
CAND05289,REQ19726,Jonathan,Johnson,18.8,Rejected
CAND05290,REQ06618,Tammy,Hernandez,5.1,Rejected
CAND05291,REQ01291,Amy,Elliott,7.3,Hired
CAND05292,REQ19478,Melissa,Guerra,19.9,Rejected
CAND05293,REQ22058,Joanna,Mitchell,13.1,Rejected
CAND05294,REQ16441,Tonya,Lewis,10.8,Rejected
CAND05295,REQ12282,Melissa,Clark,8.1,Interviewing
CAND05296,REQ24519,Robert,Atkins,0.2,Rejected
CAND05297,REQ07785,Laurie,Vega,2.7,Interviewing
CAND05298,REQ20694,Jonathan,Smith,18.8,Rejected
CAND05299,REQ14033,Melissa,Perez,16.5,Rejected
CAND05300,REQ10357,Leah,Small,10.4,Rejected
CAND05301,REQ19102,William,Jackson,8.1,Hired
CAND05302,REQ24037,Katherine,Brooks,16.4,Rejected
CAND05303,REQ09708,Larry,Lopez,9.6,Interviewing
CAND05304,REQ10871,Linda,Duran,19.5,Rejected
CAND05305,REQ19708,Alyssa,Le,18.1,Rejected
CAND05306,REQ18009,Annette,Garza,19.6,Hired
CAND05307,REQ04336,Douglas,Singh,16.3,Hired
CAND05308,REQ11512,Michelle,Boyle,1.2,Rejected
CAND05309,REQ17608,Maria,Duran,3.3,Rejected
CAND05310,REQ09199,Teresa,Fowler,10.5,Hired
CAND05311,REQ24854,Brandon,Hurley,10.3,Interviewing
CAND05312,REQ03818,Laura,Hall,16.4,Rejected
CAND05313,REQ16659,Pamela,Terry,6.0,Rejected
CAND05314,REQ17742,Brianna,Johnson,0.8,Rejected
CAND05315,REQ11739,Mitchell,Bridges,4.9,Hired
CAND05316,REQ11905,Stacy,Simpson,14.3,Rejected
CAND05317,REQ18329,Karen,Martin,11.8,Offer Extended
CAND05318,REQ08857,Suzanne,Shaw,3.4,Rejected
CAND05319,REQ20189,Jeremy,Gregory,19.9,Interviewing
CAND05320,REQ12188,Nicole,Mills,5.1,Interviewing
CAND05321,REQ07841,Lauren,Weaver,12.4,Hired
CAND05322,REQ24254,Jon,Smith,9.6,Interviewing
CAND05323,REQ14790,Henry,Navarro,3.5,Interviewing
CAND05324,REQ03861,Patricia,Jones,19.1,Offer Extended
CAND05325,REQ12318,Jessica,Cruz,2.0,Rejected
CAND05326,REQ20087,Emily,Davis,13.6,Rejected
CAND05327,REQ13038,Meghan,Lewis,16.6,Offer Extended
CAND05328,REQ01315,Richard,Figueroa,16.3,Rejected
CAND05329,REQ15111,Ashley,Edwards,3.8,Rejected
CAND05330,REQ08407,Juan,Reynolds,19.1,Rejected
CAND05331,REQ08165,Christopher,Smith,2.5,Rejected
CAND05332,REQ10234,Mark,Fuentes,12.3,Interviewing
CAND05333,REQ13457,Paul,Holden,1.3,Rejected
CAND05334,REQ03565,Matthew,Jimenez,9.3,Rejected
CAND05335,REQ10240,Charles,Mclaughlin,12.5,Rejected
CAND05336,REQ07600,Micheal,Marsh,0.6,Rejected
CAND05337,REQ23960,Anthony,Murray,2.8,Rejected
CAND05338,REQ04650,Kevin,Robinson,5.7,Rejected
CAND05339,REQ00477,Jim,Mason,5.8,Hired
CAND05340,REQ10269,Susan,Marquez,3.5,Rejected
CAND05341,REQ10916,Kevin,Mann,8.1,Offer Extended
CAND05342,REQ19613,Michael,Schneider,9.4,Rejected
CAND05343,REQ16273,Jason,Hernandez,1.7,Rejected
CAND05344,REQ15083,Bryan,Rodriguez,9.5,Rejected
CAND05345,REQ19747,Carla,Martinez,6.0,Rejected
CAND05346,REQ09323,Richard,Butler,6.0,Rejected
CAND05347,REQ14493,Bobby,Roberts,19.9,Interviewing
CAND05348,REQ10603,Rhonda,Summers,15.2,Rejected
CAND05349,REQ11060,Frank,Jackson,2.7,Rejected
CAND05350,REQ11695,Rose,Ramirez,16.5,Rejected
CAND05351,REQ14926,Laura,Lewis,14.6,Hired
CAND05352,REQ16497,Eric,Parks,6.8,Rejected
CAND05353,REQ15926,Michelle,Jones,2.4,Hired
CAND05354,REQ13225,Angela,Harris,15.1,Rejected
CAND05355,REQ19383,Jackson,Gibbs,2.5,Hired
CAND05356,REQ05766,Adriana,Holt,19.1,Hired
CAND05357,REQ18215,Yolanda,Dixon,6.4,Rejected
CAND05358,REQ22264,Jerry,Johnson,11.8,Interviewing
CAND05359,REQ10351,Kenneth,Harris,5.0,Interviewing
CAND05360,REQ06299,Nicole,Banks,19.8,Rejected
CAND05361,REQ08632,Matthew,Allen,19.5,Rejected
CAND05362,REQ22708,Lauren,Wolfe,4.8,Offer Extended
CAND05363,REQ00261,Elaine,Gilbert,19.4,Rejected
CAND05364,REQ12930,Diana,Yoder,18.5,Rejected
CAND05365,REQ20958,Nicole,Paul,7.4,Rejected
CAND05366,REQ05209,Ana,Thornton,3.6,Rejected
CAND05367,REQ14061,Kristine,Young,2.2,Rejected
CAND05368,REQ05459,Ruth,Craig,1.1,Rejected
CAND05369,REQ24850,Cameron,King,18.3,Rejected
CAND05370,REQ02714,Dylan,Johnson,0.5,Rejected
CAND05371,REQ19809,Amber,Pena,12.1,Rejected
CAND05372,REQ05618,Terri,Butler,6.6,Rejected
CAND05373,REQ00609,Richard,Melton,9.8,Interviewing
CAND05374,REQ12456,Danny,Brown,2.0,Rejected
CAND05375,REQ17458,Albert,Delgado,4.9,Interviewing
CAND05376,REQ04863,Latoya,Cisneros,7.4,Rejected
CAND05377,REQ01316,Becky,Colon,12.6,Hired
CAND05378,REQ11098,Veronica,Smith,17.7,Rejected
CAND05379,REQ07178,James,Foster,16.8,Rejected
CAND05380,REQ14374,Julian,Harrington,19.7,Rejected
CAND05381,REQ09649,David,Lutz,14.5,Rejected
CAND05382,REQ05604,Tiffany,Hill,1.2,Rejected
CAND05383,REQ02783,Jessica,Reed,15.4,Interviewing
CAND05384,REQ14368,Kristin,Mullen,13.2,Rejected
CAND05385,REQ19621,Jessica,Gaines,16.9,Rejected
CAND05386,REQ12677,Austin,Mcclure,9.6,Hired
CAND05387,REQ21516,Joy,Terrell,4.4,Rejected
CAND05388,REQ06190,Eric,West,5.5,Hired
CAND05389,REQ24213,Gregory,Haynes,12.7,Interviewing
CAND05390,REQ22450,Chad,Hunt,8.0,Interviewing
CAND05391,REQ05676,Sean,Hull,2.4,Rejected
CAND05392,REQ03823,Spencer,Hernandez,12.8,Rejected
CAND05393,REQ21330,Richard,Cox,14.4,Rejected
CAND05394,REQ24608,Tyler,Long,13.3,Offer Extended
CAND05395,REQ05151,Ryan,May,12.8,Rejected
CAND05396,REQ11345,Franklin,Roberts,16.3,Rejected
CAND05397,REQ18221,Jacqueline,Peterson,13.2,Rejected
CAND05398,REQ24760,Sharon,Rasmussen,12.3,Hired
CAND05399,REQ05386,Zachary,Shaffer,0.5,Rejected
CAND05400,REQ00123,Sarah,Michael,19.0,Rejected
CAND05401,REQ14978,James,Murphy,5.6,Rejected
CAND05402,REQ05357,Craig,Garrison,10.8,Interviewing
CAND05403,REQ22243,Kristi,Ramos,14.7,Rejected
CAND05404,REQ24085,Debbie,Trevino,0.0,Rejected
CAND05405,REQ14576,Monica,Becker,7.9,Interviewing
CAND05406,REQ17416,Mark,Krause,13.4,Rejected
CAND05407,REQ00921,Jamie,Merritt,10.9,Rejected
CAND05408,REQ24430,Daniel,Juarez,7.2,Rejected
CAND05409,REQ22385,Gloria,Rogers,5.1,Rejected
CAND05410,REQ08433,Dean,Garner,8.7,Rejected
CAND05411,REQ19504,Kathy,Barrett,10.0,Interviewing
CAND05412,REQ09196,Tracy,Gilbert,18.9,Rejected
CAND05413,REQ19406,Audrey,Wilson,0.3,Interviewing
CAND05414,REQ21380,Angela,Lee,7.5,Rejected
CAND05415,REQ03949,Tiffany,Ross,18.4,Rejected
CAND05416,REQ15937,Gabriela,Bryant,3.0,Interviewing
CAND05417,REQ02392,Elizabeth,Gonzalez,7.8,Rejected
CAND05418,REQ07424,Ebony,Hernandez,15.0,Rejected
CAND05419,REQ00584,Ashley,Lopez,1.2,Rejected
CAND05420,REQ16843,Phillip,Montgomery,14.3,Rejected
CAND05421,REQ05437,Alison,Murphy,12.1,Rejected
CAND05422,REQ01909,Paul,Oconnell,1.0,Rejected
CAND05423,REQ10768,Julian,Page,3.6,Interviewing
CAND05424,REQ24401,Daniel,Lane,4.7,Interviewing
CAND05425,REQ16653,Heather,Velez,16.4,Rejected
CAND05426,REQ04840,Erika,Klein,10.8,Rejected
CAND05427,REQ15634,Dillon,Meyers,4.0,Hired
CAND05428,REQ04758,Joseph,Bird,12.0,Rejected
CAND05429,REQ22829,Christopher,Wright,1.1,Rejected
CAND05430,REQ13281,Jennifer,Haynes,19.5,Rejected
CAND05431,REQ00179,William,Nguyen,2.3,Rejected
CAND05432,REQ14884,Nicole,Shelton,19.8,Rejected
CAND05433,REQ21569,Christopher,Brown,2.6,Hired
CAND05434,REQ12850,Dominique,Snyder,6.1,Hired
CAND05435,REQ13807,David,Macias,19.8,Rejected
CAND05436,REQ03478,Kristen,Kelley,15.4,Hired
CAND05437,REQ06374,Lori,Martinez,7.9,Rejected
CAND05438,REQ15289,Natalie,Rich,19.3,Rejected
CAND05439,REQ10829,Ashlee,Young,9.3,Rejected
CAND05440,REQ20846,Wanda,Allen,12.4,Rejected
CAND05441,REQ10129,Richard,Hartman,11.9,Rejected
CAND05442,REQ06919,Carla,Little,5.3,Rejected
CAND05443,REQ23718,Tyrone,Ho,10.8,Rejected
CAND05444,REQ01326,Ronald,Bolton,19.7,Interviewing
CAND05445,REQ21350,Wyatt,Henderson,10.3,Rejected
CAND05446,REQ11023,John,Cervantes,12.0,Hired
CAND05447,REQ04599,Jeremiah,Mccarthy,16.1,Rejected
CAND05448,REQ15397,Jeremy,Schmidt,17.3,Interviewing
CAND05449,REQ05292,Maria,Ayala,17.9,Hired
CAND05450,REQ15118,Nathaniel,Thompson,18.7,Rejected
CAND05451,REQ17319,John,Reid,4.9,Rejected
CAND05452,REQ18196,Henry,Wilson,16.1,Rejected
CAND05453,REQ20562,Joel,Johnson,3.7,Rejected
CAND05454,REQ08620,Courtney,Fisher,12.7,Rejected
CAND05455,REQ19701,Leslie,Gaines,17.0,Offer Extended
CAND05456,REQ17162,Jamie,Tucker,14.1,Rejected
CAND05457,REQ05385,Michael,Hudson,15.4,Interviewing
CAND05458,REQ20565,Noah,Aguirre,18.3,Rejected
CAND05459,REQ12292,Leah,Fisher,3.8,Hired
CAND05460,REQ04182,Brian,Ryan,15.7,Hired
CAND05461,REQ13616,Richard,Stuart,7.3,Rejected
CAND05462,REQ07703,Joseph,Maxwell,6.9,Rejected
CAND05463,REQ11062,Samuel,Snow,5.3,Offer Extended
CAND05464,REQ18854,Miranda,Russell,6.2,Rejected
CAND05465,REQ06832,Damon,Dean,12.9,Rejected
CAND05466,REQ20479,Haley,Cummings,12.9,Rejected
CAND05467,REQ06615,Adam,Brock,9.0,Interviewing
CAND05468,REQ00747,Tiffany,Solis,6.3,Interviewing
CAND05469,REQ04859,Austin,Welch,18.8,Rejected
CAND05470,REQ09316,Anita,Lee,11.1,Interviewing
CAND05471,REQ14079,Cindy,Frye,2.8,Rejected
CAND05472,REQ06749,Samantha,Wolfe,5.7,Rejected
CAND05473,REQ07963,Kevin,Porter,4.1,Rejected
CAND05474,REQ07824,Andres,Wells,7.9,Rejected
CAND05475,REQ16024,Susan,Reed,4.2,Rejected
CAND05476,REQ21802,Rebecca,Perkins,4.1,Rejected
CAND05477,REQ00643,Christine,Blair,3.3,Rejected
CAND05478,REQ01437,Brandy,Hawkins,15.6,Rejected
CAND05479,REQ03333,Emily,Norton,3.7,Rejected
CAND05480,REQ09403,Brandon,Scott,4.5,Rejected
CAND05481,REQ03929,William,Riggs,19.9,Interviewing
CAND05482,REQ11675,Rebecca,Bernard,16.1,Rejected
CAND05483,REQ08474,Patrick,Casey,3.2,Interviewing
CAND05484,REQ02149,Daniel,Williams,19.6,Hired
CAND05485,REQ11272,Spencer,Serrano,5.9,Rejected
CAND05486,REQ11697,Daniel,Peters,19.5,Rejected
CAND05487,REQ05156,Ernest,Frazier,18.2,Rejected
CAND05488,REQ16439,Joshua,Jones,19.1,Rejected
CAND05489,REQ00426,Carolyn,Bennett,5.2,Hired
CAND05490,REQ04508,Andrea,Cruz,0.6,Rejected
CAND05491,REQ03682,Scott,Davis,5.2,Interviewing
CAND05492,REQ07655,Ricky,Ayala,6.9,Interviewing
CAND05493,REQ17857,Sonya,Martin,9.0,Hired
CAND05494,REQ17283,Brenda,Doyle,6.4,Offer Extended
CAND05495,REQ17756,Anna,Burns,1.8,Rejected
CAND05496,REQ11818,Michelle,Sanders,16.1,Rejected
CAND05497,REQ24970,Jonathan,Logan,6.3,Rejected
CAND05498,REQ06542,David,Sosa,3.5,Rejected
CAND05499,REQ03384,Jessica,Anderson,19.3,Offer Extended
CAND05500,REQ14274,Karen,Cooper,15.5,Rejected
CAND05501,REQ02576,Amanda,Bowman,5.2,Interviewing
CAND05502,REQ08376,Ernest,Drake,12.3,Interviewing
CAND05503,REQ14054,Timothy,Miles,7.6,Rejected
CAND05504,REQ10307,Nicole,Chavez,1.8,Rejected
CAND05505,REQ19305,Victoria,Frost,17.5,Rejected
CAND05506,REQ23415,Patrick,Mora,13.4,Offer Extended
CAND05507,REQ11061,Jennifer,Wade,3.2,Rejected
CAND05508,REQ22922,Crystal,Taylor,8.6,Rejected
CAND05509,REQ21071,Tyler,Wagner,6.1,Rejected
CAND05510,REQ16894,Joanna,Aguilar,9.3,Rejected
CAND05511,REQ11267,Laurie,Vaughn,12.8,Rejected
CAND05512,REQ18482,Jessica,Smith,14.8,Interviewing
CAND05513,REQ20220,Samuel,Kelley,3.8,Rejected
CAND05514,REQ00226,Deborah,Johnson,5.3,Rejected
CAND05515,REQ05913,Mariah,Casey,11.0,Rejected
CAND05516,REQ19306,Aaron,Fox,19.0,Rejected
CAND05517,REQ07395,Brooke,Lee,8.6,Rejected
CAND05518,REQ22063,Manuel,Love,19.3,Hired
CAND05519,REQ00258,Sydney,Murphy,18.0,Offer Extended
CAND05520,REQ23600,Brian,Benson,15.2,Rejected
CAND05521,REQ01647,Troy,Hickman,13.8,Rejected
CAND05522,REQ09839,Kevin,Fisher,3.2,Rejected
CAND05523,REQ11655,Brianna,Hoover,7.3,Rejected
CAND05524,REQ06283,Jeffrey,Rivera,9.7,Rejected
CAND05525,REQ20109,Casey,Watts,13.0,Rejected
CAND05526,REQ09584,Jennifer,Hickman,1.8,Rejected
CAND05527,REQ10931,Mallory,Carpenter,11.0,Rejected
CAND05528,REQ13357,Angela,Perez,10.7,Rejected
CAND05529,REQ17958,Jasmine,Marshall,5.5,Rejected
CAND05530,REQ10785,Jesus,Johnson,3.7,Rejected
CAND05531,REQ00641,Tammy,Johnson,11.5,Rejected
CAND05532,REQ12389,Thomas,Greer,10.5,Rejected
CAND05533,REQ07142,Patricia,Bishop,16.4,Rejected
CAND05534,REQ04410,Jeffrey,Cortez,5.1,Offer Extended
CAND05535,REQ09716,Micheal,Mathews,16.7,Interviewing
CAND05536,REQ11118,Michael,Johnson,5.4,Rejected
CAND05537,REQ05476,Sarah,Campbell,5.4,Rejected
CAND05538,REQ17549,Chelsea,Newton,7.0,Rejected
CAND05539,REQ09643,Adam,Williams,3.1,Interviewing
CAND05540,REQ00249,Nancy,Young,3.4,Rejected
CAND05541,REQ15684,John,Jones,18.8,Rejected
CAND05542,REQ03668,Brianna,Flynn,10.2,Rejected
CAND05543,REQ13595,Gregory,Gomez,2.8,Rejected
CAND05544,REQ09054,Frank,Kim,2.3,Rejected
CAND05545,REQ23200,Megan,Lee,10.1,Rejected
CAND05546,REQ09509,Dana,Simon,10.4,Hired
CAND05547,REQ13779,Marcus,Myers,15.8,Rejected
CAND05548,REQ15185,David,Cook,6.6,Rejected
CAND05549,REQ19987,Joseph,Cox,18.9,Interviewing
CAND05550,REQ11015,Carla,Durham,5.6,Rejected
CAND05551,REQ15818,Brandon,Gibson,7.4,Hired
CAND05552,REQ24374,Matthew,Stark,4.3,Interviewing
CAND05553,REQ17399,Heather,Norman,14.6,Rejected
CAND05554,REQ23845,Mike,Obrien,14.9,Rejected
CAND05555,REQ12600,Terri,Medina,9.3,Interviewing
CAND05556,REQ17264,Keith,White,11.5,Offer Extended
CAND05557,REQ05347,Tabitha,Norris,11.0,Interviewing
CAND05558,REQ23908,Peter,Buchanan,16.5,Interviewing
CAND05559,REQ10379,Alvin,Aguilar,7.5,Rejected
CAND05560,REQ20025,Angela,Guzman,6.1,Interviewing
CAND05561,REQ13598,Chelsey,Rose,16.7,Hired
CAND05562,REQ12492,Dorothy,Tran,11.7,Rejected
CAND05563,REQ14957,Timothy,Macias,17.4,Interviewing
CAND05564,REQ14884,Matthew,Walker,3.7,Rejected
CAND05565,REQ20281,Michele,Gardner,3.6,Rejected
CAND05566,REQ01055,Paul,Owens,0.8,Rejected
CAND05567,REQ07487,Jessica,Williams,5.1,Hired
CAND05568,REQ09759,Denise,Singleton,13.7,Offer Extended
CAND05569,REQ24446,Mary,Stone,8.4,Rejected
CAND05570,REQ22733,Andrew,Clark,5.2,Hired
CAND05571,REQ16841,Nichole,Thompson,9.6,Rejected
CAND05572,REQ24992,Stephanie,Best,9.6,Rejected
CAND05573,REQ24534,Michelle,Alvarado,17.0,Rejected
CAND05574,REQ12653,Kevin,Schneider,6.1,Rejected
CAND05575,REQ16730,Matthew,Gardner,1.6,Interviewing
CAND05576,REQ13352,Amanda,Miller,1.2,Rejected
CAND05577,REQ13232,Angela,Ryan,3.4,Rejected
CAND05578,REQ12691,Frederick,Brown,19.4,Hired
CAND05579,REQ22305,Brooke,Johnson,7.4,Rejected
CAND05580,REQ09367,Mike,Velez,12.3,Rejected
CAND05581,REQ21354,David,Cardenas,1.7,Rejected
CAND05582,REQ16700,Paula,Costa,9.3,Rejected
CAND05583,REQ14718,Amy,Gonzalez,17.1,Rejected
CAND05584,REQ22324,Kristina,Ramirez,13.5,Rejected
CAND05585,REQ10838,Dean,Morgan,1.1,Rejected
CAND05586,REQ09826,Timothy,Dyer,19.6,Interviewing
CAND05587,REQ01656,Pamela,Chavez,8.5,Hired
CAND05588,REQ13907,Stephen,King,4.2,Interviewing
CAND05589,REQ22944,Julian,Hernandez,3.3,Rejected
CAND05590,REQ00512,Brooke,Harmon,11.6,Rejected
CAND05591,REQ20134,Andrew,Glass,13.3,Rejected
CAND05592,REQ20850,Maria,Wilson,19.9,Rejected
CAND05593,REQ15224,Phillip,Gould,11.3,Rejected
CAND05594,REQ05673,Bobby,Higgins,8.0,Rejected
CAND05595,REQ16494,Jenna,Patrick,13.3,Hired
CAND05596,REQ21130,Samantha,Key,1.8,Interviewing
CAND05597,REQ17051,Christian,Murray,1.4,Rejected
CAND05598,REQ16760,Haley,Fuller,1.6,Rejected
CAND05599,REQ17288,Lisa,Webb,3.5,Rejected
CAND05600,REQ08362,Justin,Kelly,4.6,Interviewing
CAND05601,REQ11429,Martin,Wilson,3.1,Interviewing
CAND05602,REQ24244,Zachary,Walker,5.6,Rejected
CAND05603,REQ14390,Alexander,Patterson,9.9,Rejected
CAND05604,REQ22162,Kimberly,Miller,18.4,Rejected
CAND05605,REQ22504,Evelyn,Phillips,19.7,Rejected
CAND05606,REQ02192,Thomas,Jackson,14.5,Rejected
CAND05607,REQ08576,Joshua,Sparks,15.8,Rejected
CAND05608,REQ20509,Derek,Sanders,12.7,Rejected
CAND05609,REQ18937,Michael,Harris,15.0,Rejected
CAND05610,REQ12864,Kimberly,Jacobson,10.9,Rejected
CAND05611,REQ11546,Kyle,Thompson,5.0,Interviewing
CAND05612,REQ11722,Paula,Walls,7.7,Rejected
CAND05613,REQ02770,Javier,Espinoza,12.4,Rejected
CAND05614,REQ05579,Calvin,Knight,8.9,Hired
CAND05615,REQ21234,David,Williams,15.1,Rejected
CAND05616,REQ05790,Natalie,Martinez,14.1,Interviewing
CAND05617,REQ22422,Timothy,Hill,19.5,Rejected
CAND05618,REQ19193,Steven,Torres,9.9,Rejected
CAND05619,REQ20874,Brian,Rocha,1.8,Offer Extended
CAND05620,REQ12738,Gabriel,Daniel,7.4,Rejected
CAND05621,REQ12966,Jeremy,Mullins,1.4,Rejected
CAND05622,REQ20085,Bonnie,Mann,11.7,Interviewing
CAND05623,REQ09179,Deanna,Wade,3.1,Rejected
CAND05624,REQ07799,Hannah,Morgan,16.4,Interviewing
CAND05625,REQ24680,Stacy,Reynolds,12.4,Rejected
CAND05626,REQ01805,Eric,Vasquez,9.3,Offer Extended
CAND05627,REQ18658,John,Smith,3.1,Rejected
CAND05628,REQ14384,Tracy,Rodriguez,15.9,Interviewing
CAND05629,REQ05533,Steven,Williams,1.6,Rejected
CAND05630,REQ06039,Sherry,Carter,7.9,Rejected
CAND05631,REQ16819,Cathy,Arnold,7.3,Rejected
CAND05632,REQ00188,Rachel,Newman,8.1,Hired
CAND05633,REQ21843,Katherine,Carroll,10.9,Rejected
CAND05634,REQ07582,Sydney,Smith,11.2,Rejected
CAND05635,REQ18725,Bonnie,Thomas,3.3,Rejected
CAND05636,REQ04373,Debbie,Cherry,9.7,Interviewing
CAND05637,REQ21867,William,Gomez,1.0,Interviewing
CAND05638,REQ12122,Susan,Osborne,6.5,Interviewing
CAND05639,REQ08502,Nathan,Hayes,2.7,Rejected
CAND05640,REQ05816,Michael,Daniel,11.3,Rejected
CAND05641,REQ14918,Thomas,Mitchell,13.5,Rejected
CAND05642,REQ14141,Michael,Walsh,13.4,Rejected
CAND05643,REQ13030,Antonio,Hicks,5.0,Interviewing
CAND05644,REQ06849,Timothy,Nguyen,12.1,Rejected
CAND05645,REQ23634,Luke,Proctor,7.7,Rejected
CAND05646,REQ21864,Lawrence,Brown,16.8,Rejected
CAND05647,REQ10623,Larry,Gonzalez,13.1,Rejected
CAND05648,REQ01517,Jamie,Douglas,0.1,Rejected
CAND05649,REQ21090,Justin,Monroe,12.8,Rejected
CAND05650,REQ09428,Justin,Chapman,14.2,Hired
CAND05651,REQ12062,Michael,Smith,7.9,Rejected
CAND05652,REQ21404,Tara,Graves,14.8,Offer Extended
CAND05653,REQ11876,Matthew,Williams,19.8,Rejected
CAND05654,REQ00442,Robert,Wilkins,3.9,Offer Extended
CAND05655,REQ05495,Jason,Martinez,7.2,Rejected
CAND05656,REQ22139,Mark,Bentley,6.1,Rejected
CAND05657,REQ11046,Donna,Nelson,5.3,Interviewing
CAND05658,REQ03762,Sarah,Collins,7.2,Rejected
CAND05659,REQ07011,Travis,Austin,1.9,Rejected
CAND05660,REQ10982,Jamie,Shah,10.6,Interviewing
CAND05661,REQ20035,James,Reyes,8.1,Rejected
CAND05662,REQ13380,Jacob,Crawford,1.3,Rejected
CAND05663,REQ01599,Thomas,Patterson,1.4,Rejected
CAND05664,REQ16372,John,Quinn,9.5,Hired
CAND05665,REQ17005,Christopher,Rodriguez,4.0,Rejected
CAND05666,REQ04171,Gloria,Cochran,5.5,Hired
CAND05667,REQ15481,Amy,Williams,5.1,Rejected
CAND05668,REQ05645,Sarah,Davidson,8.0,Rejected
CAND05669,REQ24547,John,Rojas,15.9,Rejected
CAND05670,REQ18550,Nicole,Marquez,9.3,Rejected
CAND05671,REQ22932,David,Howell,17.0,Hired
CAND05672,REQ14134,Anthony,Ryan,19.3,Hired
CAND05673,REQ18670,Megan,Rivera,0.1,Rejected
CAND05674,REQ19492,Gary,Casey,16.3,Rejected
CAND05675,REQ12435,Melissa,Proctor,4.3,Hired
CAND05676,REQ09266,Michael,Parker,8.6,Rejected
CAND05677,REQ13610,James,Goodwin,15.4,Interviewing
CAND05678,REQ13028,Marilyn,White,19.0,Rejected
CAND05679,REQ19014,Donald,Wilson,7.1,Rejected
CAND05680,REQ03788,Laura,Armstrong,17.7,Rejected
CAND05681,REQ02012,Michael,Brown,18.4,Rejected
CAND05682,REQ22140,Christopher,Delgado,8.4,Rejected
CAND05683,REQ09062,Sean,Lawson,2.9,Rejected
CAND05684,REQ07785,Jeremy,Nolan,3.6,Rejected
CAND05685,REQ19944,Thomas,Yates,1.9,Hired
CAND05686,REQ05515,Jessica,Lewis,10.7,Rejected
CAND05687,REQ13885,James,Carroll,2.9,Rejected
CAND05688,REQ16489,Megan,Anderson,7.4,Hired
CAND05689,REQ07121,Victoria,Rios,2.4,Hired
CAND05690,REQ13417,Tracy,Robinson,12.1,Rejected
CAND05691,REQ03536,Victor,Gordon,1.9,Rejected
CAND05692,REQ07521,Patricia,Mcintyre,1.2,Rejected
CAND05693,REQ14513,Paul,Welch,3.4,Rejected
CAND05694,REQ12157,Patricia,Fitzgerald,13.0,Rejected
CAND05695,REQ21312,Steven,Bryant,19.3,Interviewing
CAND05696,REQ08540,Robert,Sanchez,12.8,Rejected
CAND05697,REQ11456,Sara,Pope,11.0,Rejected
CAND05698,REQ14073,Dennis,Watson,0.1,Rejected
CAND05699,REQ02298,Sheila,Chan,1.8,Rejected
CAND05700,REQ20765,Julie,Marsh,15.7,Rejected
CAND05701,REQ05790,Kelsey,Davidson,14.4,Offer Extended
CAND05702,REQ15002,Paul,Johnson,0.5,Hired
CAND05703,REQ01340,Anthony,Cox,2.9,Rejected
CAND05704,REQ02907,Shane,Jones,10.3,Rejected
CAND05705,REQ12287,Carol,Bailey,3.0,Rejected
CAND05706,REQ22488,Bethany,Brown,17.0,Interviewing
CAND05707,REQ09504,Justin,Pena,9.0,Rejected
CAND05708,REQ08976,Jody,Johnson,19.4,Rejected
CAND05709,REQ21310,Robert,Lewis,18.4,Rejected
CAND05710,REQ18659,Kyle,Simon,6.0,Rejected
CAND05711,REQ15326,Carmen,Coleman,11.3,Rejected
CAND05712,REQ06965,Yolanda,Thomas,5.5,Rejected
CAND05713,REQ09917,Virginia,Hicks,3.8,Rejected
CAND05714,REQ08148,Jonathan,Morrison,5.3,Hired
CAND05715,REQ02936,Lisa,Martin,17.4,Rejected
CAND05716,REQ18195,John,Bennett,12.7,Rejected
CAND05717,REQ01030,Heather,Harmon,10.4,Hired
CAND05718,REQ12161,Trevor,Williams,10.0,Rejected
CAND05719,REQ02208,Brenda,Davis,14.7,Interviewing
CAND05720,REQ22931,Jonathan,Davidson,6.4,Hired
CAND05721,REQ01088,Stanley,Wilson,15.6,Rejected
CAND05722,REQ02026,Kristina,Carter,10.5,Rejected
CAND05723,REQ05654,Anthony,Graves,3.4,Rejected
CAND05724,REQ01128,Amanda,Pena,5.7,Rejected
CAND05725,REQ22786,Gabriel,Hall,18.4,Rejected
CAND05726,REQ03920,Paul,Davis,3.1,Rejected
CAND05727,REQ24854,Adam,Smith,16.4,Rejected
CAND05728,REQ11076,Debbie,Williams,2.2,Hired
CAND05729,REQ06050,Stephanie,White,11.0,Offer Extended
CAND05730,REQ04398,Daniel,Smith,3.5,Rejected
CAND05731,REQ13967,James,Thomas,2.0,Rejected
CAND05732,REQ15660,Michael,Russell,11.9,Hired
CAND05733,REQ06681,Mark,Alvarado,12.5,Rejected
CAND05734,REQ24723,John,Robinson,0.7,Rejected
CAND05735,REQ00599,Carly,Herrera,13.1,Rejected
CAND05736,REQ22616,John,Harvey,13.9,Rejected
CAND05737,REQ05235,Jessica,Webb,17.4,Rejected
CAND05738,REQ06580,Misty,Christensen,14.8,Interviewing
CAND05739,REQ06822,Kathryn,Velasquez,3.1,Rejected
CAND05740,REQ21479,Laura,Underwood,2.5,Offer Extended
CAND05741,REQ11351,Patricia,Larsen,16.1,Interviewing
CAND05742,REQ10380,Deanna,Marshall,4.7,Rejected
CAND05743,REQ17772,Antonio,Moran,13.6,Interviewing
CAND05744,REQ05018,Matthew,Lewis,15.1,Interviewing
CAND05745,REQ05314,Jeremy,Ho,15.6,Offer Extended
CAND05746,REQ24346,Tara,Koch,11.5,Interviewing
CAND05747,REQ10167,John,Carter,16.2,Rejected
CAND05748,REQ02074,Justin,Rose,1.1,Interviewing
CAND05749,REQ04268,Jason,Baker,2.2,Interviewing
CAND05750,REQ01929,Gregory,Bass,16.9,Interviewing
CAND05751,REQ00265,Wendy,Butler,5.6,Rejected
CAND05752,REQ20327,Donald,Daniels,10.6,Hired
CAND05753,REQ16807,Thomas,Oconnor,9.6,Rejected
CAND05754,REQ18654,Kristie,Ryan,19.1,Rejected
CAND05755,REQ09943,Elizabeth,Lam,1.9,Hired
CAND05756,REQ19305,Rickey,Fernandez,8.8,Rejected
CAND05757,REQ23826,Alex,Kelly,1.1,Offer Extended
CAND05758,REQ08049,Carlos,Rios,15.9,Rejected
CAND05759,REQ16292,Roger,Bailey,1.7,Rejected
CAND05760,REQ03651,Joshua,Cabrera,10.2,Rejected
CAND05761,REQ24283,Jeffrey,Gonzalez,19.1,Rejected
CAND05762,REQ07125,Tracy,Warren,15.5,Rejected
CAND05763,REQ15907,Michael,Martinez,18.3,Rejected
CAND05764,REQ16614,Corey,Hill,12.9,Rejected
CAND05765,REQ01372,Samantha,Huber,6.1,Rejected
CAND05766,REQ09753,David,Saunders,3.6,Offer Extended
CAND05767,REQ00780,Sherri,Ford,18.9,Rejected
CAND05768,REQ24738,Joanna,Manning,7.7,Rejected
CAND05769,REQ23796,Mary,Jensen,17.4,Rejected
CAND05770,REQ14102,Gabrielle,Watkins,1.5,Interviewing
CAND05771,REQ10454,Paul,Santiago,8.0,Rejected
CAND05772,REQ17207,Antonio,Gomez,15.5,Hired
CAND05773,REQ20412,Jaime,Campos,3.2,Offer Extended
CAND05774,REQ06774,Dawn,Ramos,13.9,Rejected
CAND05775,REQ10952,Robert,Murray,5.0,Rejected
CAND05776,REQ11759,Ronnie,Mills,18.3,Interviewing
CAND05777,REQ23647,Linda,Owens,15.3,Hired
CAND05778,REQ23643,Sandra,Miller,4.0,Rejected
CAND05779,REQ13126,Terry,Giles,9.8,Rejected
CAND05780,REQ14673,Gregory,King,0.5,Rejected
CAND05781,REQ20892,Jennifer,Thompson,13.7,Rejected
CAND05782,REQ20206,Megan,Merritt,19.0,Hired
CAND05783,REQ21441,Susan,Johnson,6.0,Hired
CAND05784,REQ07954,Jeffrey,Stone,11.8,Hired
CAND05785,REQ19142,Christopher,Robinson,15.7,Rejected
CAND05786,REQ14985,Michelle,White,9.6,Rejected
CAND05787,REQ13285,Robert,Garcia,16.1,Rejected
CAND05788,REQ12870,Mark,Herrera,8.0,Rejected
CAND05789,REQ19778,Janet,Taylor,4.9,Rejected
CAND05790,REQ07728,Shawn,Grant,6.7,Offer Extended
CAND05791,REQ19314,Alexander,George,18.5,Rejected
CAND05792,REQ06829,Kenneth,Sherman,9.6,Hired
CAND05793,REQ07581,Amy,Rogers,9.0,Rejected
CAND05794,REQ03413,James,Bartlett,2.3,Rejected
CAND05795,REQ00626,Chelsea,King,2.8,Rejected
CAND05796,REQ18619,Matthew,Larson,14.5,Rejected
CAND05797,REQ05585,Tonya,Mccullough,13.6,Hired
CAND05798,REQ21396,Nicholas,Young,0.3,Rejected
CAND05799,REQ19285,Karen,Long,11.4,Hired
CAND05800,REQ04591,Jessica,Santos,0.4,Rejected
CAND05801,REQ07329,Leslie,Ruiz,6.3,Rejected
CAND05802,REQ24244,Jason,Green,11.4,Rejected
CAND05803,REQ06638,Cody,Chandler,3.7,Rejected
CAND05804,REQ06931,Phillip,Fisher,2.5,Rejected
CAND05805,REQ18695,Elizabeth,Thompson,2.2,Interviewing
CAND05806,REQ11484,Renee,Barber,18.1,Hired
CAND05807,REQ02721,Denise,Kelley,0.1,Rejected
CAND05808,REQ22181,Jennifer,Rivera,15.0,Interviewing
CAND05809,REQ08080,Michael,Adams,14.2,Rejected
CAND05810,REQ03716,Melinda,Simmons,10.8,Rejected
CAND05811,REQ24911,Joshua,Anderson,10.9,Rejected
CAND05812,REQ13421,Abigail,Weber,17.4,Rejected
CAND05813,REQ09657,Scott,Vance,11.4,Rejected
CAND05814,REQ02625,Randy,Anderson,5.8,Rejected
CAND05815,REQ20895,Robert,Evans,0.1,Interviewing
CAND05816,REQ20632,Jeffrey,Baldwin,0.1,Hired
CAND05817,REQ19646,Christian,Cervantes,0.4,Rejected
CAND05818,REQ07573,Sara,Smith,4.8,Rejected
CAND05819,REQ02282,Angela,Davis,16.4,Rejected
CAND05820,REQ03539,Richard,Jones,16.4,Rejected
CAND05821,REQ22564,Troy,Fox,16.6,Interviewing
CAND05822,REQ23974,Elizabeth,Larson,6.4,Hired
CAND05823,REQ16418,Lorraine,Spencer,14.1,Rejected
CAND05824,REQ24754,Tina,Hanna,2.4,Rejected
CAND05825,REQ13964,Cody,Oliver,19.7,Rejected
CAND05826,REQ12031,Christopher,Mayer,15.6,Rejected
CAND05827,REQ17642,Theodore,Charles,1.8,Rejected
CAND05828,REQ19923,Cristina,Flores,18.4,Hired
CAND05829,REQ02008,Jenna,Munoz,4.3,Hired
CAND05830,REQ13439,Ashley,Turner,14.2,Rejected
CAND05831,REQ05036,Brandy,Campbell,4.9,Rejected
CAND05832,REQ10909,Kathleen,Morrow,1.0,Hired
CAND05833,REQ17607,Jennifer,Lowe,19.3,Rejected
CAND05834,REQ17764,Gregory,Brown,6.3,Interviewing
CAND05835,REQ19213,Aaron,Farmer,16.5,Rejected
CAND05836,REQ17165,Joanna,Lewis,12.7,Rejected
CAND05837,REQ19053,Pamela,Lee,4.0,Rejected
CAND05838,REQ05961,Madeline,Vargas,15.6,Rejected
CAND05839,REQ08747,Jeffery,Church,12.0,Rejected
CAND05840,REQ23053,Katherine,Sherman,16.7,Interviewing
CAND05841,REQ09954,Elizabeth,Gray,12.8,Rejected
CAND05842,REQ14083,Kristi,Robles,5.5,Rejected
CAND05843,REQ02219,Donald,Perez,17.4,Hired
CAND05844,REQ19221,Michael,Johnson,16.9,Rejected
CAND05845,REQ00883,Erica,Manning,3.7,Interviewing
CAND05846,REQ14355,Kevin,Diaz,9.7,Rejected
CAND05847,REQ22104,Jonathan,Hunter,17.8,Rejected
CAND05848,REQ05470,Laura,Foster,11.5,Rejected
CAND05849,REQ19341,Diana,Allen,19.6,Offer Extended
CAND05850,REQ16086,Timothy,Clark,2.6,Rejected
CAND05851,REQ20587,Jeffrey,Brown,12.0,Rejected
CAND05852,REQ01332,Samantha,Mcdonald,1.9,Rejected
CAND05853,REQ19462,Alexis,Shepherd,14.8,Hired
CAND05854,REQ20127,Adrienne,Vazquez,1.5,Hired
CAND05855,REQ14052,Debra,Nguyen,1.9,Interviewing
CAND05856,REQ03389,Mark,Rodriguez,9.3,Rejected
CAND05857,REQ12588,William,Hoffman,5.0,Rejected
CAND05858,REQ03075,Robert,Clements,11.4,Rejected
CAND05859,REQ19068,Susan,Marks,14.6,Interviewing
CAND05860,REQ08946,Amy,Benson,17.5,Interviewing
CAND05861,REQ22722,James,Olson,12.6,Rejected
CAND05862,REQ05289,Rebecca,Hill,2.8,Rejected
CAND05863,REQ23998,Bryan,Lopez,19.1,Rejected
CAND05864,REQ10862,Garrett,Reynolds,16.1,Rejected
CAND05865,REQ13126,Erik,Arnold,12.0,Rejected
CAND05866,REQ20501,Jill,Burnett,2.4,Rejected
CAND05867,REQ19550,Albert,Swanson,15.7,Hired
CAND05868,REQ06575,Caroline,Choi,1.5,Rejected
CAND05869,REQ23162,Jay,Ward,3.6,Rejected
CAND05870,REQ20040,Warren,Ramos,5.6,Rejected
CAND05871,REQ01041,Kristin,Elliott,6.2,Rejected
CAND05872,REQ08702,Virginia,Wright,1.8,Rejected
CAND05873,REQ05370,Bradley,Williams,2.9,Rejected
CAND05874,REQ03795,Ryan,Guerrero,13.0,Interviewing
CAND05875,REQ23952,Ashley,Mitchell,3.0,Rejected
CAND05876,REQ06771,John,Johnson,2.8,Hired
CAND05877,REQ00132,Justin,Brown,10.6,Offer Extended
CAND05878,REQ16932,Christopher,Morrison,16.5,Rejected
CAND05879,REQ07878,Marissa,Martinez,1.9,Rejected
CAND05880,REQ18339,Joseph,Perkins,13.4,Rejected
CAND05881,REQ14776,Kelly,Perez,8.4,Rejected
CAND05882,REQ09652,Sydney,Ramirez,11.1,Rejected
CAND05883,REQ21293,Ashley,Rodriguez,17.8,Rejected
CAND05884,REQ22600,Judy,Smith,3.2,Rejected
CAND05885,REQ01656,Corey,Russell,17.4,Rejected
CAND05886,REQ23361,Melissa,Morgan,15.5,Rejected
CAND05887,REQ24620,Carol,Hanson,0.2,Rejected
CAND05888,REQ16661,Grant,Turner,11.3,Rejected
CAND05889,REQ08480,Barbara,Nguyen,2.0,Rejected
CAND05890,REQ09938,Lori,Martin,2.1,Hired
CAND05891,REQ18876,Karla,Adams,3.5,Hired
CAND05892,REQ01549,Isaac,Jenkins,15.1,Rejected
CAND05893,REQ10382,Julia,Banks,5.0,Interviewing
CAND05894,REQ16410,Christine,Jennings,7.7,Rejected
CAND05895,REQ20615,Michael,Kaufman,5.2,Hired
CAND05896,REQ15077,Vicki,Mack,7.8,Rejected
CAND05897,REQ24365,Rhonda,Williams,4.6,Rejected
CAND05898,REQ24486,Jacqueline,Ramirez,7.1,Offer Extended
CAND05899,REQ22600,James,Macdonald,17.1,Rejected
CAND05900,REQ08907,Erica,Castro,9.2,Rejected
CAND05901,REQ03188,Ian,Ellis,15.5,Rejected
CAND05902,REQ23418,Hannah,Evans,15.0,Rejected
CAND05903,REQ06834,Kevin,Lawrence,4.4,Rejected
CAND05904,REQ15288,Corey,Martin,16.7,Rejected
CAND05905,REQ10566,Amy,Johnson,15.4,Interviewing
CAND05906,REQ02993,Jeffrey,Sullivan,1.7,Interviewing
CAND05907,REQ22725,Erik,Jenkins,7.2,Rejected
CAND05908,REQ03440,Alex,Howe,6.5,Interviewing
CAND05909,REQ10677,Jeff,Parker,1.2,Rejected
CAND05910,REQ01814,Jorge,Romero,11.2,Hired
CAND05911,REQ05917,Adrian,Cook,13.0,Rejected
CAND05912,REQ11369,Amy,Hall,7.5,Rejected
CAND05913,REQ00522,Ryan,Williams,3.5,Hired
CAND05914,REQ09539,Christy,Smith,18.0,Rejected
CAND05915,REQ01332,Jessica,Miller,0.5,Rejected
CAND05916,REQ02523,Courtney,Lambert,16.3,Rejected
CAND05917,REQ16566,Jeanette,Roman,16.5,Rejected
CAND05918,REQ21272,Daniel,Benton,16.1,Rejected
CAND05919,REQ09888,Robin,Turner,16.9,Rejected
CAND05920,REQ06947,Melissa,Grant,12.6,Rejected
CAND05921,REQ06016,Diane,Dominguez,10.3,Rejected
CAND05922,REQ17585,Susan,Robinson,19.3,Hired
CAND05923,REQ11618,Joe,Ross,3.3,Rejected
CAND05924,REQ06610,Maureen,Gill,16.5,Rejected
CAND05925,REQ08362,Veronica,Johnson,15.4,Rejected
CAND05926,REQ05219,Mary,Nielsen,7.0,Rejected
CAND05927,REQ08066,Nicole,Phillips,12.5,Rejected
CAND05928,REQ02655,Kimberly,Gordon,4.3,Rejected
CAND05929,REQ12964,Angela,Mitchell,16.4,Rejected
CAND05930,REQ22672,Breanna,Rowe,16.5,Rejected
CAND05931,REQ01627,Tara,Mitchell,2.6,Rejected
CAND05932,REQ03010,Stephanie,Jones,10.2,Rejected
CAND05933,REQ17779,Meredith,Thomas,17.6,Hired
CAND05934,REQ15261,Diane,Ruiz,12.4,Rejected
CAND05935,REQ10748,Jason,Russell,7.3,Rejected
CAND05936,REQ02113,Tammy,Sloan,19.8,Rejected
CAND05937,REQ11928,Tony,Mcintyre,9.9,Rejected
CAND05938,REQ23147,Bradley,Freeman,10.9,Offer Extended
CAND05939,REQ19677,Brandon,Knight,19.0,Rejected
CAND05940,REQ08433,Timothy,Giles,19.2,Rejected
CAND05941,REQ19347,John,Mitchell,18.9,Hired
CAND05942,REQ20302,Alexander,Farrell,1.7,Rejected
CAND05943,REQ07243,Jesse,Callahan,4.1,Hired
CAND05944,REQ12200,Derek,Smith,8.0,Rejected
CAND05945,REQ22056,Charles,Adams,5.2,Rejected
CAND05946,REQ16192,Russell,King,16.3,Rejected
CAND05947,REQ24377,Kenneth,Martin,16.0,Hired
CAND05948,REQ08882,Debbie,Patton,0.6,Hired
CAND05949,REQ24973,Thomas,Griffin,16.7,Rejected
CAND05950,REQ20519,Christina,Harris,10.0,Rejected
CAND05951,REQ07236,Stephanie,Shaw,13.0,Rejected
CAND05952,REQ24677,Tara,Brown,11.2,Rejected
CAND05953,REQ22430,James,Banks,15.1,Rejected
CAND05954,REQ13972,Mary,Gamble,2.0,Rejected
CAND05955,REQ17538,Tara,May,9.5,Rejected
CAND05956,REQ02990,Jasmin,Henderson,0.4,Hired
CAND05957,REQ16362,Sandra,Perez,9.1,Interviewing
CAND05958,REQ03820,Michael,Fowler,2.1,Rejected
CAND05959,REQ01401,Ashley,Thompson,13.1,Rejected
CAND05960,REQ06941,Charles,Lee,8.3,Hired
CAND05961,REQ07787,Robert,Miller,3.7,Rejected
CAND05962,REQ00929,Daniel,Tucker,12.3,Rejected
CAND05963,REQ22629,April,Kemp,15.8,Interviewing
CAND05964,REQ19973,Eric,Campbell,15.3,Rejected
CAND05965,REQ05073,Justin,Hodges,14.4,Interviewing
CAND05966,REQ11143,Austin,Thomas,15.9,Interviewing
CAND05967,REQ00831,Lisa,Hernandez,16.1,Rejected
CAND05968,REQ18876,Ronald,Washington,12.9,Rejected
CAND05969,REQ24920,Charles,Rodriguez,10.2,Rejected
CAND05970,REQ03372,Erika,Snyder,9.8,Rejected
CAND05971,REQ17188,Peter,Hammond,9.2,Rejected
CAND05972,REQ05219,Sheila,Anderson,6.8,Rejected
CAND05973,REQ18043,Kenneth,Schmidt,3.2,Interviewing
CAND05974,REQ17916,Dean,Mosley,6.4,Interviewing
CAND05975,REQ18346,Noah,Sims,1.9,Rejected
CAND05976,REQ06067,Paige,Wong,15.4,Hired
CAND05977,REQ02251,Samantha,Shepherd,11.5,Rejected
CAND05978,REQ21646,Christopher,Dyer,7.8,Rejected
CAND05979,REQ07710,Karen,Holland,10.6,Rejected
CAND05980,REQ17345,Cindy,Cole,4.5,Rejected
CAND05981,REQ18523,Edgar,Richards,0.2,Rejected
CAND05982,REQ01138,Samantha,Sullivan,18.3,Rejected
CAND05983,REQ07364,Julie,Robbins,8.0,Rejected
CAND05984,REQ11882,William,Bowman,4.7,Rejected
CAND05985,REQ17511,Amanda,Ellison,7.5,Rejected
CAND05986,REQ15293,Gregory,Gonzalez,17.1,Rejected
CAND05987,REQ21503,Ashley,Hall,12.2,Rejected
CAND05988,REQ21138,Charles,Whitehead,8.4,Rejected
CAND05989,REQ10000,David,Mcbride,16.2,Rejected
CAND05990,REQ09472,Elizabeth,Adams,13.8,Rejected
CAND05991,REQ08582,Kathryn,Castaneda,19.5,Interviewing
CAND05992,REQ01466,Carlos,Cross,4.9,Rejected
CAND05993,REQ15268,Daniel,Garza,12.5,Rejected
CAND05994,REQ24037,Pamela,Gillespie,2.2,Rejected
CAND05995,REQ19487,Joshua,Brown,6.1,Rejected
CAND05996,REQ14518,Michele,King,15.7,Offer Extended
CAND05997,REQ15489,Christopher,Owens,6.2,Rejected
CAND05998,REQ22510,Elizabeth,Gomez,1.3,Rejected
CAND05999,REQ05339,Rhonda,Lowe,2.1,Rejected
CAND06000,REQ12666,Larry,Matthews,12.2,Rejected
CAND06001,REQ16549,Ryan,Gray,14.5,Offer Extended
CAND06002,REQ03704,Tina,Scott,2.6,Rejected
CAND06003,REQ19810,James,Cooper,6.5,Interviewing
CAND06004,REQ06517,Richard,Manning,0.2,Rejected
CAND06005,REQ06204,Bryan,Brown,19.1,Rejected
CAND06006,REQ01390,Blake,Garcia,11.9,Interviewing
CAND06007,REQ23059,Charles,Contreras,8.1,Rejected
CAND06008,REQ22447,Paul,Jones,19.9,Interviewing
CAND06009,REQ06439,Christopher,Lindsey,18.7,Rejected
CAND06010,REQ14520,Brenda,Collins,12.3,Rejected
CAND06011,REQ17320,Lauren,Rodriguez,15.6,Rejected
CAND06012,REQ14971,David,Carr,5.3,Rejected
CAND06013,REQ04003,Jessica,Byrd,14.5,Hired
CAND06014,REQ02344,Brett,Huynh,3.5,Hired
CAND06015,REQ21108,Nicole,Gutierrez,18.3,Rejected
CAND06016,REQ00738,Amber,Ramirez,6.7,Rejected
CAND06017,REQ24673,Nancy,Miles,10.8,Rejected
CAND06018,REQ13151,Jesse,Vega,10.5,Rejected
CAND06019,REQ11144,Jonathan,Bryant,0.9,Rejected
CAND06020,REQ17984,Amanda,Castro,11.5,Rejected
CAND06021,REQ15363,April,Richards,18.0,Offer Extended
CAND06022,REQ24022,Corey,Levine,11.5,Rejected
CAND06023,REQ06843,Christina,Johnson,16.1,Rejected
CAND06024,REQ07750,Karina,Young,10.5,Rejected
CAND06025,REQ13965,Jason,Martinez,16.6,Rejected
CAND06026,REQ14033,Jamie,Turner,4.0,Rejected
CAND06027,REQ09635,Nancy,Hernandez,19.9,Rejected
CAND06028,REQ07812,Joshua,Clarke,4.0,Rejected
CAND06029,REQ06351,Sarah,Munoz,17.9,Rejected
CAND06030,REQ00495,Marc,Fletcher,17.5,Rejected
CAND06031,REQ07486,Joseph,Bird,8.2,Rejected
CAND06032,REQ20278,Gary,Mendez,2.8,Rejected
CAND06033,REQ03297,Dennis,Hendrix,7.8,Rejected
CAND06034,REQ18191,Donna,Lewis,9.9,Rejected
CAND06035,REQ04830,Jordan,Rodriguez,4.8,Interviewing
CAND06036,REQ16862,Antonio,Hall,4.6,Rejected
CAND06037,REQ16073,Steven,Lee,19.3,Rejected
CAND06038,REQ04888,Julia,Jones,18.4,Offer Extended
CAND06039,REQ14992,Carrie,Henry,19.6,Rejected
CAND06040,REQ08040,Samantha,Osborne,14.0,Rejected
CAND06041,REQ15143,Felicia,Finley,16.5,Rejected
CAND06042,REQ20065,Barry,Davis,1.3,Rejected
CAND06043,REQ15985,Kimberly,Watson,0.7,Offer Extended
CAND06044,REQ19522,Susan,Dominguez,2.8,Rejected
CAND06045,REQ10751,Kathleen,Keith,11.8,Hired
CAND06046,REQ22721,Benjamin,Ball,18.2,Rejected
CAND06047,REQ18806,Joy,Brown,3.0,Rejected
CAND06048,REQ00031,Ryan,Daniels,19.9,Interviewing
CAND06049,REQ15053,Katie,Brown,1.5,Rejected
CAND06050,REQ19844,Holly,Crane,0.7,Interviewing
CAND06051,REQ04937,April,Alexander,5.9,Rejected
CAND06052,REQ16509,John,Bruce,18.7,Rejected
CAND06053,REQ20992,Andrew,Powell,2.3,Rejected
CAND06054,REQ21753,Billy,Hill,7.0,Rejected
CAND06055,REQ15326,Thomas,Turner,7.7,Interviewing
CAND06056,REQ12537,Jeremy,Cole,0.5,Interviewing
CAND06057,REQ14179,Ana,Caldwell,9.1,Rejected
CAND06058,REQ11631,Martin,Morgan,4.1,Rejected
CAND06059,REQ13929,David,Gonzales,3.5,Rejected
CAND06060,REQ20974,Judith,Pena,8.3,Rejected
CAND06061,REQ14558,Jaclyn,Davis,11.0,Rejected
CAND06062,REQ20735,Debbie,Howard,13.4,Interviewing
CAND06063,REQ23029,Pamela,Dawson,1.7,Rejected
CAND06064,REQ10767,Heather,Chung,16.1,Rejected
CAND06065,REQ19650,Olivia,Mitchell,16.7,Rejected
CAND06066,REQ14381,Zachary,Reed,0.0,Interviewing
CAND06067,REQ05057,Amanda,Sanders,12.0,Hired
CAND06068,REQ24862,Patrick,Farley,11.0,Rejected
CAND06069,REQ24095,Shawn,Gray,2.4,Rejected
CAND06070,REQ13339,Annette,Clayton,16.9,Rejected
CAND06071,REQ04649,Roberta,Adams,13.5,Rejected
CAND06072,REQ03684,Christine,Johnson,7.0,Rejected
CAND06073,REQ17483,Tamara,Phillips,16.8,Rejected
CAND06074,REQ12387,Craig,Bruce,5.9,Rejected
CAND06075,REQ21077,Monica,Edwards,0.0,Rejected
CAND06076,REQ17939,Kevin,Burns,15.1,Offer Extended
CAND06077,REQ04630,Chad,Irwin,12.3,Interviewing
CAND06078,REQ03926,Patrick,Turner,3.0,Rejected
CAND06079,REQ19859,Alyssa,Rivera,8.7,Rejected
CAND06080,REQ06502,Luis,Morales,15.0,Rejected
CAND06081,REQ13382,Krista,Dudley,11.2,Interviewing
CAND06082,REQ05184,Cody,Sweeney,5.2,Rejected
CAND06083,REQ16934,Erica,Johnson,16.6,Rejected
CAND06084,REQ06970,Christina,Oconnor,9.7,Rejected
CAND06085,REQ12802,Michael,Barrett,11.7,Rejected
CAND06086,REQ18805,Dawn,Hernandez,10.0,Rejected
CAND06087,REQ16516,Allison,Parker,3.7,Rejected
CAND06088,REQ22896,James,Gray,3.5,Rejected
CAND06089,REQ11149,Susan,Proctor,12.4,Rejected
CAND06090,REQ00014,Jessica,Nguyen,14.9,Rejected
CAND06091,REQ03610,Lisa,Mitchell,9.7,Hired
CAND06092,REQ08478,Melissa,Lee,19.7,Rejected
CAND06093,REQ17139,Sharon,Jones,0.5,Rejected
CAND06094,REQ18406,Amy,Guzman,4.5,Hired
CAND06095,REQ24772,Katherine,Floyd,4.1,Offer Extended
CAND06096,REQ02151,Antonio,Nunez,10.8,Rejected
CAND06097,REQ10277,Christopher,Roth,3.4,Interviewing
CAND06098,REQ17224,David,Bender,12.3,Rejected
CAND06099,REQ08738,Jacqueline,Davis,1.1,Rejected
CAND06100,REQ24786,Mary,Villarreal,12.1,Rejected
CAND06101,REQ20393,Randy,Hernandez,11.7,Interviewing
CAND06102,REQ23859,Carol,Jones,5.2,Rejected
CAND06103,REQ00039,Roberto,Kirk,3.0,Rejected
CAND06104,REQ22755,James,Kelley,13.7,Offer Extended
CAND06105,REQ18988,Kimberly,Johnson,6.9,Rejected
CAND06106,REQ23793,Brett,Ross,5.9,Hired
CAND06107,REQ19931,George,Hall,17.2,Rejected
CAND06108,REQ13078,Jacob,Glass,3.4,Offer Extended
CAND06109,REQ12232,Karen,Cohen,12.6,Rejected
CAND06110,REQ05119,Anthony,Weaver,16.0,Rejected
CAND06111,REQ06293,Aaron,Vang,1.9,Rejected
CAND06112,REQ17473,Heidi,Keith,12.4,Rejected
CAND06113,REQ22989,Paula,Moore,5.9,Rejected
CAND06114,REQ17046,Katelyn,Boone,0.8,Interviewing
CAND06115,REQ12090,James,Alexander,0.5,Hired
CAND06116,REQ20905,Christopher,Hernandez,12.6,Rejected
CAND06117,REQ14397,Susan,Dawson,14.8,Hired
CAND06118,REQ02126,Eric,Jones,7.8,Rejected
CAND06119,REQ24404,Jane,Harrison,17.6,Rejected
CAND06120,REQ10276,Joshua,Molina,12.5,Rejected
CAND06121,REQ00664,Kathleen,Bell,7.5,Rejected
CAND06122,REQ11410,Thomas,Ray,1.5,Rejected
CAND06123,REQ17717,Felicia,Nguyen,4.6,Rejected
CAND06124,REQ20190,Mikayla,Cook,12.6,Rejected
CAND06125,REQ00304,Katrina,Yang,1.5,Interviewing
CAND06126,REQ21248,Jacob,Mercer,11.5,Rejected
CAND06127,REQ21622,Phillip,Mclean,18.9,Rejected
CAND06128,REQ10090,Sabrina,Gaines,18.0,Hired
CAND06129,REQ20878,Victor,Edwards,1.2,Interviewing
CAND06130,REQ01932,Thomas,Flores,11.0,Hired
CAND06131,REQ16015,Jared,Dalton,12.8,Rejected
CAND06132,REQ05137,Jeffrey,Nelson,14.9,Hired
CAND06133,REQ06671,Kyle,Cole,4.9,Rejected
CAND06134,REQ18890,Alexandra,Rice,15.1,Rejected
CAND06135,REQ17321,Nicole,Newton,11.4,Rejected
CAND06136,REQ08313,Jason,Smith,18.6,Rejected
CAND06137,REQ10510,James,Silva,16.0,Rejected
CAND06138,REQ10308,Erin,Daniels,12.0,Rejected
CAND06139,REQ22745,Ryan,Bell,16.6,Rejected
CAND06140,REQ06867,Chelsea,Lowe,13.1,Hired
CAND06141,REQ16506,Yolanda,Garcia,5.7,Rejected
CAND06142,REQ08848,Jonathan,Wallace,11.6,Rejected
CAND06143,REQ10452,John,Barnes,1.1,Offer Extended
CAND06144,REQ16287,Allison,Holloway,6.0,Rejected
CAND06145,REQ04434,Kenneth,Murray,18.8,Offer Extended
CAND06146,REQ16201,Jeanne,Davis,6.8,Offer Extended
CAND06147,REQ07201,Austin,Johnson,0.6,Rejected
CAND06148,REQ05159,Anthony,Powell,15.9,Rejected
CAND06149,REQ20909,Amy,Cook,11.9,Rejected
CAND06150,REQ11985,Stephen,Jones,17.9,Rejected
CAND06151,REQ12042,James,Farrell,15.2,Rejected
CAND06152,REQ22387,Amber,Gordon,7.8,Rejected
CAND06153,REQ18540,Alisha,Dougherty,9.0,Interviewing
CAND06154,REQ19174,Barry,Greene,18.7,Rejected
CAND06155,REQ07297,David,Newman,13.5,Rejected
CAND06156,REQ03060,Amber,Mcmillan,4.7,Rejected
CAND06157,REQ10829,Jennifer,Allen,13.4,Rejected
CAND06158,REQ17117,Keith,King,14.9,Rejected
CAND06159,REQ02414,Danielle,Sullivan,9.6,Hired
CAND06160,REQ19117,Megan,Shea,0.2,Interviewing
CAND06161,REQ20915,Charles,Houston,9.9,Rejected
CAND06162,REQ13072,Brandon,Mitchell,8.4,Rejected
CAND06163,REQ19283,Michael,Brown,3.2,Rejected
CAND06164,REQ22555,Joshua,Payne,12.8,Rejected
CAND06165,REQ00317,Pamela,Mcgee,11.2,Rejected
CAND06166,REQ00686,Joshua,Tanner,8.9,Rejected
CAND06167,REQ06970,Tammy,Clark,5.4,Rejected
CAND06168,REQ24699,Laura,Rollins,16.8,Rejected
CAND06169,REQ05195,Charles,Rose,1.0,Rejected
CAND06170,REQ11564,Mark,Fitzpatrick,9.4,Rejected
CAND06171,REQ12311,Melissa,Burns,9.4,Rejected
CAND06172,REQ18446,Cody,Davila,3.8,Rejected
CAND06173,REQ19271,Raymond,Preston,8.5,Rejected
CAND06174,REQ01611,Aimee,Mason,9.2,Rejected
CAND06175,REQ05426,Mary,Bennett,18.5,Interviewing
CAND06176,REQ24004,Jennifer,Lawrence,17.6,Rejected
CAND06177,REQ09126,Brandy,Sullivan,7.7,Rejected
CAND06178,REQ20743,Brian,Salazar,11.2,Rejected
CAND06179,REQ07912,Darren,Garcia,16.3,Rejected
CAND06180,REQ19904,Steven,Green,16.1,Offer Extended
CAND06181,REQ10397,Sarah,Howard,0.1,Hired
CAND06182,REQ00424,Michael,Ortiz,10.4,Rejected
CAND06183,REQ15192,Stephanie,Anderson,12.7,Rejected
CAND06184,REQ03289,Matthew,Robinson,12.9,Rejected
CAND06185,REQ23220,Michelle,Peck,1.0,Rejected
CAND06186,REQ06873,Terri,Bridges,0.6,Rejected
CAND06187,REQ06463,Lisa,Jones,11.4,Interviewing
CAND06188,REQ10028,Marc,Davis,14.6,Interviewing
CAND06189,REQ07707,Derrick,Jennings,5.4,Interviewing
CAND06190,REQ24783,Brandon,Griffith,10.6,Rejected
CAND06191,REQ09067,William,Moore,19.6,Rejected
CAND06192,REQ17686,Randy,Steele,18.0,Offer Extended
CAND06193,REQ12716,Lauren,Cox,17.4,Offer Extended
CAND06194,REQ16210,Karen,Smith,9.4,Interviewing
CAND06195,REQ01473,Steven,Hooper,8.7,Rejected
CAND06196,REQ23921,Danielle,Lopez,10.4,Rejected
CAND06197,REQ05722,Gregory,Salinas,8.1,Rejected
CAND06198,REQ09607,Gina,Fisher,15.8,Offer Extended
CAND06199,REQ21441,Aaron,Howe,7.0,Offer Extended
CAND06200,REQ15602,Kristen,Dominguez,0.2,Rejected
CAND06201,REQ06958,Daniel,Holt,6.5,Rejected
CAND06202,REQ23415,Monica,Hoover,9.6,Rejected
CAND06203,REQ10614,James,Christensen,4.9,Hired
CAND06204,REQ16609,Robert,Stevenson,8.8,Offer Extended
CAND06205,REQ05338,Cory,Davis,2.7,Rejected
CAND06206,REQ14684,Justin,Zhang,1.5,Rejected
CAND06207,REQ16945,Teresa,Tucker,17.2,Offer Extended
CAND06208,REQ23579,George,Hardy,1.1,Interviewing
CAND06209,REQ11751,Terry,Barrett,7.6,Rejected
CAND06210,REQ21063,Christopher,Glass,12.8,Rejected
CAND06211,REQ06843,Taylor,Reid,12.2,Rejected
CAND06212,REQ00543,Erin,Barker,16.0,Rejected
CAND06213,REQ10190,Michael,Lewis,20.0,Rejected
CAND06214,REQ11573,Leonard,Miller,3.6,Interviewing
CAND06215,REQ04754,Martha,Hill,3.5,Rejected
CAND06216,REQ09516,Jackie,Scott,19.9,Rejected
CAND06217,REQ11155,Laurie,Stanley,8.6,Rejected
CAND06218,REQ07407,Kevin,Downs,14.7,Interviewing
CAND06219,REQ23136,Linda,Davies,14.3,Rejected
CAND06220,REQ06815,Michael,White,0.3,Offer Extended
CAND06221,REQ23651,Francis,Johnson,6.3,Offer Extended
CAND06222,REQ17813,Amanda,Luna,1.8,Rejected
CAND06223,REQ03453,Jessica,Hall,17.7,Rejected
CAND06224,REQ04080,Laura,Perez,7.8,Interviewing
CAND06225,REQ05231,David,Jackson,3.1,Interviewing
CAND06226,REQ09471,Dillon,Grant,10.7,Rejected
CAND06227,REQ07434,Shane,Lawson,3.5,Rejected
CAND06228,REQ06609,Kevin,Ruiz,11.0,Rejected
CAND06229,REQ21037,Paul,Ballard,17.9,Rejected
CAND06230,REQ18761,Rebecca,Ramos,5.2,Hired
CAND06231,REQ16007,Audrey,Woods,14.1,Interviewing
CAND06232,REQ12735,Wanda,Hill,10.5,Rejected
CAND06233,REQ10533,Harry,Huerta,13.5,Rejected
CAND06234,REQ11975,Makayla,Powers,13.4,Rejected
CAND06235,REQ23202,Devin,Moreno,9.3,Interviewing
CAND06236,REQ14755,Connor,Yu,10.2,Interviewing
CAND06237,REQ09422,Alexandria,Barrett,9.3,Interviewing
CAND06238,REQ20876,Amy,Reed,19.4,Rejected
CAND06239,REQ02540,Rebecca,Johnson,14.7,Rejected
CAND06240,REQ18010,Mark,Vargas,14.8,Interviewing
CAND06241,REQ20176,Laura,Black,10.6,Rejected
CAND06242,REQ10977,John,Hall,19.8,Rejected
CAND06243,REQ06814,Anthony,Bell,7.8,Rejected
CAND06244,REQ14693,Kyle,Padilla,13.1,Hired
CAND06245,REQ22272,Tracey,Aguilar,2.3,Rejected
CAND06246,REQ24398,Matthew,Cline,16.1,Rejected
CAND06247,REQ00015,Kristin,Moreno,10.1,Rejected
CAND06248,REQ16428,Cheryl,Blake,1.4,Interviewing
CAND06249,REQ24808,Arthur,Davis,5.9,Rejected
CAND06250,REQ17461,Samuel,Hernandez,5.8,Rejected
CAND06251,REQ02566,Joseph,Smith,6.5,Rejected
CAND06252,REQ04479,Arthur,Lee,11.1,Rejected
CAND06253,REQ23011,Jeffrey,Robles,8.6,Rejected
CAND06254,REQ16923,Joseph,Espinoza,12.9,Rejected
CAND06255,REQ21567,Robert,Young,13.3,Rejected
CAND06256,REQ20993,Stephen,Guzman,1.7,Rejected
CAND06257,REQ22052,Joshua,Riley,2.4,Rejected
CAND06258,REQ07161,Melissa,Richardson,10.7,Rejected
CAND06259,REQ20861,Bryan,Holt,6.4,Rejected
CAND06260,REQ10977,Amber,Hutchinson,12.7,Hired
CAND06261,REQ23146,Tommy,Odom,8.8,Offer Extended
CAND06262,REQ11037,John,Williams,14.0,Rejected
CAND06263,REQ22807,Michelle,Ramirez,18.9,Rejected
CAND06264,REQ10077,Sophia,Ingram,17.4,Rejected
CAND06265,REQ18695,Monica,Turner,2.1,Interviewing
CAND06266,REQ17890,Randy,Singleton,3.2,Rejected
CAND06267,REQ02804,Jason,Rogers,8.8,Rejected
CAND06268,REQ15262,Robin,Doyle,7.2,Interviewing
CAND06269,REQ04289,Daniel,Montgomery,3.0,Interviewing
CAND06270,REQ22196,James,Davenport,18.6,Interviewing
CAND06271,REQ15835,Crystal,Riley,6.2,Rejected
CAND06272,REQ12385,Amanda,Lopez,18.4,Rejected
CAND06273,REQ18257,Vanessa,Johnson,15.7,Rejected
CAND06274,REQ01689,Belinda,Harris,17.8,Rejected
CAND06275,REQ06109,Carrie,Silva,15.5,Hired
CAND06276,REQ00826,Eugene,Maldonado,13.9,Rejected
CAND06277,REQ06515,Kimberly,Morrison,8.4,Rejected
CAND06278,REQ20615,Chad,Mcintyre,14.6,Interviewing
CAND06279,REQ16029,Lori,Flores,4.0,Rejected
CAND06280,REQ23205,Amy,Williams,0.6,Rejected
CAND06281,REQ00462,Patricia,Watts,9.4,Interviewing
CAND06282,REQ20904,Mathew,Wilson,16.6,Rejected
CAND06283,REQ19918,Suzanne,Howard,12.9,Rejected
CAND06284,REQ12319,Michael,Mason,4.2,Rejected
CAND06285,REQ21982,Heather,Ramsey,6.4,Rejected
CAND06286,REQ03042,Michael,Smith,14.0,Interviewing
CAND06287,REQ05195,Elizabeth,Smith,5.2,Rejected
CAND06288,REQ17419,Amber,Williams,5.5,Interviewing
CAND06289,REQ18319,Benjamin,Spears,4.9,Hired
CAND06290,REQ14385,Larry,Brown,18.1,Rejected
CAND06291,REQ06852,Amanda,Thomas,2.4,Rejected
CAND06292,REQ24098,Tina,Fox,8.2,Interviewing
CAND06293,REQ08483,Megan,Williams,14.4,Hired
CAND06294,REQ15260,Jason,Schmidt,11.8,Rejected
CAND06295,REQ01845,William,Simpson,3.0,Rejected
CAND06296,REQ02300,Daniel,Roberts,15.8,Rejected
CAND06297,REQ11977,Hector,Ward,17.5,Rejected
CAND06298,REQ08779,Charles,Taylor,9.5,Rejected
CAND06299,REQ04853,Rachel,Anderson,4.0,Hired
CAND06300,REQ14818,Heather,Brown,0.5,Rejected
CAND06301,REQ01609,Samuel,Higgins,17.5,Rejected
CAND06302,REQ00714,Stephen,Palmer,16.4,Offer Extended
CAND06303,REQ00468,Brandon,Stark,3.3,Hired
CAND06304,REQ06899,Kyle,Case,1.6,Hired
CAND06305,REQ19297,Desiree,Martinez,19.6,Hired
CAND06306,REQ15595,Andrew,Middleton,14.6,Rejected
CAND06307,REQ21850,Tammy,Cook,2.6,Interviewing
CAND06308,REQ04545,Rebecca,Thomas,17.9,Rejected
CAND06309,REQ14095,Frances,French,14.1,Interviewing
CAND06310,REQ19857,Jasmine,Walker,2.9,Rejected
CAND06311,REQ03270,Charles,Jordan,14.9,Rejected
CAND06312,REQ10063,Scott,Herman,6.2,Rejected
CAND06313,REQ17700,Paul,Ochoa,1.3,Hired
CAND06314,REQ01535,Mary,Marshall,13.6,Rejected
CAND06315,REQ06291,Brent,Giles,19.8,Rejected
CAND06316,REQ18845,Clifford,Herring,11.9,Rejected
CAND06317,REQ23376,Brian,Barron,10.6,Interviewing
CAND06318,REQ10346,Amanda,Doyle,13.1,Rejected
CAND06319,REQ06940,Jamie,Torres,15.5,Rejected
CAND06320,REQ15784,Nicole,Reed,12.6,Rejected
CAND06321,REQ09924,John,Cervantes,13.4,Interviewing
CAND06322,REQ18998,Keith,Huynh,15.1,Rejected
CAND06323,REQ18026,Bethany,Copeland,14.3,Interviewing
CAND06324,REQ12456,Kristen,Baker,17.2,Hired
CAND06325,REQ22449,Reginald,Gray,18.5,Rejected
CAND06326,REQ16759,Raymond,Riley,8.8,Interviewing
CAND06327,REQ14533,Nicole,Henderson,12.1,Interviewing
CAND06328,REQ24542,Kristine,Chapman,13.7,Rejected
CAND06329,REQ06553,Dominic,Brown,11.4,Rejected
CAND06330,REQ18651,John,Fernandez,18.8,Hired
CAND06331,REQ18063,Laurie,Wilson,13.3,Interviewing
CAND06332,REQ10895,William,Pratt,12.6,Rejected
CAND06333,REQ19569,Kristina,Farmer,7.4,Interviewing
CAND06334,REQ20330,Janice,Morrison,3.0,Rejected
CAND06335,REQ21223,Timothy,Bailey,11.3,Rejected
CAND06336,REQ11284,Todd,Carter,11.3,Offer Extended
CAND06337,REQ03679,Joseph,Thompson,10.4,Offer Extended
CAND06338,REQ04049,Christopher,Brown,16.7,Interviewing
CAND06339,REQ21405,William,Hawkins,14.7,Rejected
CAND06340,REQ13959,Troy,Scott,17.8,Hired
CAND06341,REQ11457,Laura,Bell,18.5,Rejected
CAND06342,REQ16005,Michelle,Arellano,6.9,Rejected
CAND06343,REQ11147,Brian,Hudson,4.1,Rejected
CAND06344,REQ20613,Heather,Wilkerson,1.2,Hired
CAND06345,REQ09492,Steven,Mooney,7.4,Rejected
CAND06346,REQ21214,Brenda,Walker,17.5,Rejected
CAND06347,REQ23578,Stephen,Bell,13.3,Interviewing
CAND06348,REQ02004,Julie,Dunn,18.7,Rejected
CAND06349,REQ11026,Kelsey,Holmes,16.2,Rejected
CAND06350,REQ11187,Jennifer,Mitchell,12.8,Rejected
CAND06351,REQ24519,Travis,Mccoy,19.7,Interviewing
CAND06352,REQ04524,Kimberly,Cobb,7.5,Interviewing
CAND06353,REQ15479,Tammy,Shaw,9.8,Rejected
CAND06354,REQ23925,Kelly,Mitchell,17.9,Rejected
CAND06355,REQ08074,Crystal,Washington,17.9,Rejected
CAND06356,REQ10357,Douglas,Levine,17.3,Rejected
CAND06357,REQ22394,William,Smith,8.9,Hired
CAND06358,REQ18582,Brenda,Wagner,7.7,Offer Extended
CAND06359,REQ21371,Victoria,Proctor,1.0,Rejected
CAND06360,REQ02056,Jeffrey,Wade,11.3,Rejected
CAND06361,REQ17041,Kevin,Finley,8.1,Rejected
CAND06362,REQ20568,Daniel,Hartman,1.2,Rejected
CAND06363,REQ04956,Alan,King,13.2,Rejected
CAND06364,REQ18741,Travis,Hall,16.9,Rejected
CAND06365,REQ00324,Adrian,Johnson,16.9,Rejected
CAND06366,REQ02883,Jeanne,Miller,17.4,Rejected
CAND06367,REQ22863,Brianna,Smith,14.6,Rejected
CAND06368,REQ10755,Danielle,Hunt,14.1,Offer Extended
CAND06369,REQ21370,Mariah,Hernandez,3.2,Rejected
CAND06370,REQ15933,Alice,Flores,14.7,Interviewing
CAND06371,REQ09915,Jessica,Blackburn,11.7,Interviewing
CAND06372,REQ05219,Diana,Graham,17.9,Hired
CAND06373,REQ04166,Dan,Holmes,11.6,Offer Extended
CAND06374,REQ20173,Shawn,Crane,9.2,Hired
CAND06375,REQ17153,Cindy,Fernandez,8.6,Rejected
CAND06376,REQ20031,Mark,Ross,11.5,Rejected
CAND06377,REQ20776,Kimberly,Freeman,15.8,Rejected
CAND06378,REQ20831,Stephen,Wilson,15.8,Rejected
CAND06379,REQ17694,Cassandra,Montgomery,10.8,Rejected
CAND06380,REQ12047,Amanda,Martin,0.7,Rejected
CAND06381,REQ04491,Robert,Knox,12.2,Rejected
CAND06382,REQ10011,Michael,Carroll,15.5,Rejected
CAND06383,REQ20425,Frank,Carter,3.0,Interviewing
CAND06384,REQ04900,Eddie,Schultz,3.0,Rejected
CAND06385,REQ23477,Nichole,Price,5.5,Rejected
CAND06386,REQ15493,Austin,Mcguire,4.1,Hired
CAND06387,REQ17009,Maria,Ward,12.2,Rejected
CAND06388,REQ01821,Ricky,Nguyen,11.7,Rejected
CAND06389,REQ09667,Tristan,Delacruz,7.2,Rejected
CAND06390,REQ02775,Michele,Davila,9.7,Rejected
CAND06391,REQ06079,Brenda,Ortiz,4.7,Rejected
CAND06392,REQ14281,Cynthia,Thornton,14.8,Rejected
CAND06393,REQ01421,Michael,Mccormick,10.2,Rejected
CAND06394,REQ05914,Justin,Shannon,13.0,Rejected
CAND06395,REQ12384,Thomas,Mendez,15.3,Interviewing
CAND06396,REQ18507,Alexander,Hill,3.0,Hired
CAND06397,REQ21936,Susan,Boone,3.3,Rejected
CAND06398,REQ08000,Michael,Hopkins,8.4,Interviewing
CAND06399,REQ04115,Shawn,Powell,0.5,Rejected
CAND06400,REQ15310,Sean,Burns,7.9,Rejected
CAND06401,REQ11178,Glenn,Guzman,3.4,Rejected
CAND06402,REQ05856,Erin,Morris,2.5,Rejected
CAND06403,REQ21318,Alexis,Hanson,13.7,Hired
CAND06404,REQ12720,Sabrina,George,18.2,Rejected
CAND06405,REQ23026,Cory,Klein,2.5,Rejected
CAND06406,REQ24635,Eric,Gonzalez,2.0,Rejected
CAND06407,REQ08729,Melissa,Carter,16.9,Rejected
CAND06408,REQ19825,Timothy,Hamilton,9.7,Rejected
CAND06409,REQ02229,Kurt,Cain,13.1,Rejected
CAND06410,REQ23960,Brandi,Alvarez,19.0,Rejected
CAND06411,REQ16089,Jill,Lee,7.6,Rejected
CAND06412,REQ11626,Steven,Harris,5.9,Rejected
CAND06413,REQ09894,Joseph,Reilly,5.9,Rejected
CAND06414,REQ18504,Debbie,Patterson,18.6,Rejected
CAND06415,REQ20631,Jennifer,Norton,1.3,Rejected
CAND06416,REQ02861,Kenneth,Reid,0.7,Interviewing
CAND06417,REQ06303,Timothy,Dominguez,4.4,Rejected
CAND06418,REQ03763,Lisa,Gardner,12.6,Interviewing
CAND06419,REQ07713,Alyssa,Hall,8.1,Rejected
CAND06420,REQ15047,Aaron,Stout,0.6,Rejected
CAND06421,REQ20230,Wayne,Fernandez,8.1,Rejected
CAND06422,REQ23687,Stephanie,Mendez,16.2,Interviewing
CAND06423,REQ06969,Wendy,Garcia,6.0,Rejected
CAND06424,REQ18098,Thomas,Thomas,13.2,Rejected
CAND06425,REQ15244,Jamie,Rivera,16.3,Hired
CAND06426,REQ10765,Michael,Sanders,11.0,Rejected
CAND06427,REQ11923,Dawn,Hamilton,8.7,Rejected
CAND06428,REQ03401,Darrell,Brown,18.8,Rejected
CAND06429,REQ22105,Michael,Curry,3.8,Rejected
CAND06430,REQ17238,Angela,Taylor,6.8,Rejected
CAND06431,REQ10096,Denise,Mcfarland,5.7,Rejected
CAND06432,REQ08299,Megan,Wright,16.5,Rejected
CAND06433,REQ15695,Amber,Mann,7.4,Rejected
CAND06434,REQ03713,Steven,Nixon,2.0,Rejected
CAND06435,REQ17854,Ashley,Morgan,10.7,Rejected
CAND06436,REQ08554,Natasha,Torres,7.0,Offer Extended
CAND06437,REQ06960,Kevin,Cunningham,7.5,Rejected
CAND06438,REQ18342,Mike,Bradley,4.8,Hired
CAND06439,REQ17791,Shane,Barker,14.3,Rejected
CAND06440,REQ23895,Amy,Miller,8.9,Rejected
CAND06441,REQ11921,Beverly,Lopez,17.5,Rejected
CAND06442,REQ15793,Lucas,Key,8.4,Hired
CAND06443,REQ19073,Elizabeth,Salas,11.6,Rejected
CAND06444,REQ19109,Justin,Thomas,14.3,Rejected
CAND06445,REQ10840,Kim,Fields,18.5,Rejected
CAND06446,REQ12410,Tammie,Johnson,6.9,Rejected
CAND06447,REQ17809,Victoria,Gamble,10.8,Rejected
CAND06448,REQ19516,Randy,Hill,0.2,Rejected
CAND06449,REQ19476,Robert,Cline,0.4,Hired
CAND06450,REQ01617,Jessica,Price,4.8,Interviewing
CAND06451,REQ17731,Brian,Mejia,3.0,Rejected
CAND06452,REQ03778,Linda,Adams,5.3,Rejected
CAND06453,REQ17575,Krista,Lee,11.7,Offer Extended
CAND06454,REQ17823,Raymond,Phillips,6.6,Rejected
CAND06455,REQ22449,Carrie,Lee,9.5,Rejected
CAND06456,REQ07141,Thomas,Bennett,12.8,Interviewing
CAND06457,REQ24787,Janice,Payne,17.0,Interviewing
CAND06458,REQ16878,Jeremiah,Patton,17.3,Interviewing
CAND06459,REQ23424,Becky,Lamb,14.8,Rejected
CAND06460,REQ01041,David,Key,8.5,Rejected
CAND06461,REQ15200,Jessica,Reed,12.7,Hired
CAND06462,REQ12798,Elizabeth,Watkins,0.4,Rejected
CAND06463,REQ23864,Robert,Ferrell,8.8,Rejected
CAND06464,REQ14633,James,Cook,7.5,Rejected
CAND06465,REQ09746,Tara,Baker,12.7,Interviewing
CAND06466,REQ00632,John,Cooley,11.5,Rejected
CAND06467,REQ10662,Jaime,Holmes,17.8,Rejected
CAND06468,REQ10891,Janice,Payne,10.4,Rejected
CAND06469,REQ14368,Marissa,Woods,4.2,Rejected
CAND06470,REQ12879,Amber,Gray,0.4,Rejected
CAND06471,REQ12933,Cathy,Mccoy,11.6,Rejected
CAND06472,REQ21011,Christian,Madden,7.5,Rejected
CAND06473,REQ18378,Lauren,Vaughn,9.5,Hired
CAND06474,REQ23530,Ryan,Mason,3.9,Rejected
CAND06475,REQ11979,Wesley,Peterson,13.4,Hired
CAND06476,REQ07282,Matthew,Martin,12.5,Offer Extended
CAND06477,REQ21837,Heather,Ray,15.0,Interviewing
CAND06478,REQ03087,Logan,Smith,3.4,Rejected
CAND06479,REQ16621,Michael,Fisher,9.8,Interviewing
CAND06480,REQ13568,Martin,Morrison,11.6,Interviewing
CAND06481,REQ01637,Robert,Benton,16.8,Rejected
CAND06482,REQ21313,Samantha,Burns,2.8,Interviewing
CAND06483,REQ02708,Lauren,Martin,8.8,Rejected
CAND06484,REQ21343,Dana,Wright,20.0,Rejected
CAND06485,REQ13236,Christian,Anderson,10.4,Offer Extended
CAND06486,REQ19094,Amanda,Murphy,11.5,Rejected
CAND06487,REQ14027,Sally,Stephenson,7.5,Offer Extended
CAND06488,REQ18478,James,Allen,5.1,Rejected
CAND06489,REQ16041,Joseph,Hull,10.6,Rejected
CAND06490,REQ04915,Terry,Oliver,3.0,Rejected
CAND06491,REQ14371,Justin,Guerrero,0.8,Hired
CAND06492,REQ01562,Paul,Bryant,16.1,Rejected
CAND06493,REQ16127,Phyllis,Brown,19.2,Rejected
CAND06494,REQ19532,Bradley,Kelley,0.4,Hired
CAND06495,REQ17070,Stephanie,Davis,3.4,Rejected
CAND06496,REQ19619,Jeff,Gonzales,12.6,Rejected
CAND06497,REQ15769,Deborah,Hart,9.5,Rejected
CAND06498,REQ02961,Matthew,Walsh,13.3,Rejected
CAND06499,REQ02371,Andrew,Holmes,13.3,Rejected
CAND06500,REQ23757,Hannah,Johnson,1.2,Rejected
CAND06501,REQ22957,Derrick,Clark,11.5,Interviewing
CAND06502,REQ09984,Nicole,Mccarthy,18.8,Rejected
CAND06503,REQ03243,Mariah,Holloway,13.4,Interviewing
CAND06504,REQ08788,Kyle,Romero,0.4,Rejected
CAND06505,REQ10052,Ian,Morales,18.0,Interviewing
CAND06506,REQ10269,Hailey,Mills,15.6,Interviewing
CAND06507,REQ16517,Sarah,Sullivan,0.2,Rejected
CAND06508,REQ15156,Heather,Smith,5.3,Rejected
CAND06509,REQ06815,Jonathan,Reyes,3.4,Rejected
CAND06510,REQ05813,Lance,Taylor,10.7,Rejected
CAND06511,REQ21312,Alexandria,Wright,3.2,Interviewing
CAND06512,REQ21475,Carolyn,Grant,1.0,Interviewing
CAND06513,REQ14075,Christine,Tapia,3.7,Rejected
CAND06514,REQ16508,Monica,Vaughn,3.9,Rejected
CAND06515,REQ16280,Tammy,Morris,14.7,Rejected
CAND06516,REQ19043,Robert,Cherry,11.9,Rejected
CAND06517,REQ24829,Anne,Brown,18.2,Hired
CAND06518,REQ11522,Julie,Boone,8.3,Rejected
CAND06519,REQ23392,Kristen,Sharp,17.4,Interviewing
CAND06520,REQ15857,Debra,Maynard,6.0,Rejected
CAND06521,REQ21801,Robin,Gutierrez,16.2,Hired
CAND06522,REQ11138,Christine,Nichols,16.6,Interviewing
CAND06523,REQ00518,Tiffany,Park,14.4,Rejected
CAND06524,REQ13707,Ann,Wells,7.2,Rejected
CAND06525,REQ00324,Richard,Flores,18.2,Hired
CAND06526,REQ06224,Kyle,Shields,4.8,Interviewing
CAND06527,REQ24060,Nicholas,Phillips,4.8,Rejected
CAND06528,REQ13239,Jeanette,Shannon,5.9,Rejected
CAND06529,REQ11386,Charles,York,13.3,Rejected
CAND06530,REQ24270,Catherine,Villegas,2.9,Interviewing
CAND06531,REQ13602,Jordan,Clark,16.6,Rejected
CAND06532,REQ13961,David,Gray,10.8,Rejected
CAND06533,REQ21728,Daniel,Hammond,10.2,Rejected
CAND06534,REQ15142,Curtis,Smith,8.8,Rejected
CAND06535,REQ03065,Lisa,Porter,3.3,Rejected
CAND06536,REQ10905,Michael,Jones,0.8,Interviewing
CAND06537,REQ10200,Lee,West,6.6,Rejected
CAND06538,REQ16787,Alex,Taylor,2.8,Rejected
CAND06539,REQ11748,Kylie,Silva,19.1,Rejected
CAND06540,REQ14983,Makayla,Grant,0.5,Rejected
CAND06541,REQ22180,Shannon,Clark,0.9,Rejected
CAND06542,REQ23336,Charles,Ford,9.6,Rejected
CAND06543,REQ20232,Elizabeth,Hernandez,3.6,Rejected
CAND06544,REQ00011,Robert,Mccann,12.5,Rejected
CAND06545,REQ02043,Stephanie,Holt,11.1,Rejected
CAND06546,REQ23585,Kim,Johnson,6.1,Rejected
CAND06547,REQ04169,Terri,Hart,2.6,Hired
CAND06548,REQ19294,Bobby,Zimmerman,10.6,Rejected
CAND06549,REQ00380,Gerald,Dunlap,14.3,Hired
CAND06550,REQ17041,Jacob,Maddox,16.2,Offer Extended
CAND06551,REQ09393,Hannah,Combs,4.2,Hired
CAND06552,REQ00589,Mary,Harris,4.8,Rejected
CAND06553,REQ03190,Tina,Love,15.5,Rejected
CAND06554,REQ16776,Ross,Davenport,16.5,Offer Extended
CAND06555,REQ12185,Sabrina,Mathews,13.8,Rejected
CAND06556,REQ15401,Cindy,Thompson,2.3,Rejected
CAND06557,REQ24697,Wendy,Hall,3.2,Rejected
CAND06558,REQ02709,Matthew,Hebert,2.4,Rejected
CAND06559,REQ09761,Katherine,Roth,12.6,Rejected
CAND06560,REQ03490,Phillip,Copeland,8.8,Hired
CAND06561,REQ16743,Timothy,Peterson,3.7,Rejected
CAND06562,REQ04831,Melissa,Vazquez,6.4,Rejected
CAND06563,REQ15493,David,Mitchell,4.9,Rejected
CAND06564,REQ24505,Michael,Garcia,16.2,Rejected
CAND06565,REQ07632,Alicia,Rojas,19.5,Rejected
CAND06566,REQ19121,Renee,Barnes,18.0,Interviewing
CAND06567,REQ07066,Olivia,Gray,13.2,Hired
CAND06568,REQ03092,Robert,Whitaker,10.0,Interviewing
CAND06569,REQ18171,Beth,Henry,4.7,Rejected
CAND06570,REQ18570,Gabriel,Williams,16.7,Rejected
CAND06571,REQ04176,James,Garcia,14.3,Rejected
CAND06572,REQ23880,Blake,Lopez,8.8,Rejected
CAND06573,REQ00469,Shawn,Garcia,12.1,Rejected
CAND06574,REQ14772,Alexander,Rosario,1.0,Rejected
CAND06575,REQ05420,Jacqueline,Warren,18.4,Rejected
CAND06576,REQ10890,Christopher,Garcia,12.1,Hired
CAND06577,REQ20269,Michelle,Carroll,15.1,Rejected
CAND06578,REQ22903,Sherri,Miller,13.4,Rejected
CAND06579,REQ06720,Mike,Gibson,19.9,Interviewing
CAND06580,REQ00728,Jeffrey,Ballard,1.1,Rejected
CAND06581,REQ15251,Mark,Alvarez,4.4,Hired
CAND06582,REQ07375,Steven,Hogan,8.0,Rejected
CAND06583,REQ17303,Tamara,Barnes,20.0,Rejected
CAND06584,REQ23166,Jason,Wall,4.1,Rejected
CAND06585,REQ18801,James,Garcia,17.1,Hired
CAND06586,REQ13806,Anna,Tanner,19.3,Interviewing
CAND06587,REQ08636,Christina,Mills,3.0,Rejected
CAND06588,REQ03464,Gloria,Lopez,0.2,Rejected
CAND06589,REQ17940,Brian,Smith,13.2,Offer Extended
CAND06590,REQ13447,Sarah,Brooks,13.5,Rejected
CAND06591,REQ23921,Kurt,Wells,4.1,Rejected
CAND06592,REQ18671,Ashley,Jones,12.1,Rejected
CAND06593,REQ15548,Kevin,Wood,12.4,Rejected
CAND06594,REQ19233,Randy,Cox,19.5,Interviewing
CAND06595,REQ10818,Jimmy,Brown,7.6,Rejected
CAND06596,REQ04548,Timothy,Young,11.4,Rejected
CAND06597,REQ10791,Matthew,George,17.7,Rejected
CAND06598,REQ14107,Colleen,Brown,8.5,Interviewing
CAND06599,REQ15403,Julie,Howard,2.7,Rejected
CAND06600,REQ16756,Rebecca,Johnson,13.1,Rejected
CAND06601,REQ10322,Donald,Good,1.9,Rejected
CAND06602,REQ20814,Scott,Moore,15.1,Rejected
CAND06603,REQ12069,Sarah,Rodgers,0.7,Interviewing
CAND06604,REQ21842,Tina,Drake,10.7,Rejected
CAND06605,REQ09579,David,Brown,10.0,Rejected
CAND06606,REQ13933,Cheryl,Hernandez,18.1,Rejected
CAND06607,REQ23536,Audrey,Cobb,5.9,Rejected
CAND06608,REQ10302,Jenna,Patrick,10.9,Interviewing
CAND06609,REQ00360,Darin,Lucero,1.3,Rejected
CAND06610,REQ18692,Jason,Powell,4.5,Interviewing
CAND06611,REQ09059,Steven,Cordova,5.5,Rejected
CAND06612,REQ13359,Jessica,Black,16.4,Rejected
CAND06613,REQ17596,Matthew,Vasquez,18.0,Interviewing
CAND06614,REQ12554,Deanna,Chavez,13.4,Rejected
CAND06615,REQ05252,Lindsey,Gray,3.5,Interviewing
CAND06616,REQ24888,Anne,Ramirez,5.7,Rejected
CAND06617,REQ08228,Noah,Moore,16.1,Rejected
CAND06618,REQ05446,Tiffany,Reese,3.4,Rejected
CAND06619,REQ03796,Hannah,Bennett,3.8,Rejected
CAND06620,REQ06062,Desiree,Fisher,7.2,Rejected
CAND06621,REQ18854,Samantha,Weaver,7.9,Rejected
CAND06622,REQ21135,Brian,Nicholson,1.4,Rejected
CAND06623,REQ02269,Vickie,Le,12.8,Rejected
CAND06624,REQ11202,Donna,Klein,19.7,Rejected
CAND06625,REQ16417,Kendra,Rodriguez,7.7,Rejected
CAND06626,REQ11039,Lauren,Hawkins,8.0,Rejected
CAND06627,REQ16952,Scott,Carter,8.1,Rejected
CAND06628,REQ04065,Kenneth,Weaver,7.1,Rejected
CAND06629,REQ08410,Brandon,Cannon,6.3,Rejected
CAND06630,REQ16860,Norman,Garcia,16.3,Rejected
CAND06631,REQ20658,Kimberly,Hutchinson,4.1,Rejected
CAND06632,REQ22934,Rebecca,Long,19.1,Rejected
CAND06633,REQ00975,Carlos,Solis,8.7,Interviewing
CAND06634,REQ23170,Emma,Williams,2.3,Hired
CAND06635,REQ11696,Bryan,Murphy,11.8,Rejected
CAND06636,REQ10894,Matthew,Guzman,8.8,Rejected
CAND06637,REQ23638,Carrie,Wolf,16.7,Rejected
CAND06638,REQ09441,Taylor,Brown,10.7,Rejected
CAND06639,REQ19974,Dylan,Hamilton,11.7,Rejected
CAND06640,REQ04766,Benjamin,Henderson,19.2,Hired
CAND06641,REQ05909,Rodney,Taylor,5.5,Interviewing
CAND06642,REQ22241,Mallory,Norman,13.1,Hired
CAND06643,REQ13283,Samuel,Day,17.4,Rejected
CAND06644,REQ00983,Kara,Rogers,17.9,Rejected
CAND06645,REQ20569,Kristy,Harris,18.6,Hired
CAND06646,REQ02147,David,Young,14.7,Rejected
CAND06647,REQ14716,Nicholas,Flores,8.1,Rejected
CAND06648,REQ09732,Kevin,Lawson,15.1,Rejected
CAND06649,REQ19627,John,Erickson,16.5,Interviewing
CAND06650,REQ09803,Brandon,Long,13.2,Hired
CAND06651,REQ22542,Robert,Flores,15.1,Rejected
CAND06652,REQ22585,Jessica,Green,8.3,Interviewing
CAND06653,REQ07701,James,Parker,0.7,Rejected
CAND06654,REQ06204,Lindsey,Short,12.4,Hired
CAND06655,REQ21959,Nicholas,Atkins,0.1,Rejected
CAND06656,REQ14849,Mark,Cook,18.2,Rejected
CAND06657,REQ01128,Michael,Baxter,13.8,Hired
CAND06658,REQ24540,David,Mccann,14.5,Offer Extended
CAND06659,REQ17923,Melissa,Fritz,4.8,Rejected
CAND06660,REQ24746,William,Mathews,5.2,Offer Extended
CAND06661,REQ10955,Derek,Harper,4.0,Rejected
CAND06662,REQ06656,Richard,Harrison,1.5,Rejected
CAND06663,REQ14854,William,Porter,17.3,Hired
CAND06664,REQ09399,Emily,Jones,13.6,Rejected
CAND06665,REQ02104,Amanda,Smith,7.4,Hired
CAND06666,REQ02505,Jose,Butler,15.4,Rejected
CAND06667,REQ15742,Marie,Nash,8.3,Interviewing
CAND06668,REQ11172,Maria,White,5.5,Rejected
CAND06669,REQ12294,Joe,Bird,13.9,Rejected
CAND06670,REQ03019,Anthony,Andrews,14.4,Rejected
CAND06671,REQ15832,Kevin,Campbell,7.5,Rejected
CAND06672,REQ08942,Teresa,Harris,13.2,Offer Extended
CAND06673,REQ19742,Christopher,Garner,9.6,Rejected
CAND06674,REQ13362,Darryl,Huff,18.1,Rejected
CAND06675,REQ06704,Jonathan,Brown,0.3,Rejected
CAND06676,REQ09064,Daniel,Hoffman,16.3,Rejected
CAND06677,REQ24638,David,Buchanan,19.9,Rejected
CAND06678,REQ22582,Joseph,Elliott,9.4,Hired
CAND06679,REQ07155,Lindsay,Hebert,17.5,Rejected
CAND06680,REQ00123,Steven,Thompson,17.7,Hired
CAND06681,REQ22994,Colton,Rogers,18.5,Rejected
CAND06682,REQ20874,Kyle,Hamilton,0.9,Rejected
CAND06683,REQ17168,Victor,Holder,13.2,Rejected
CAND06684,REQ22257,Sara,Jones,16.9,Interviewing
CAND06685,REQ05106,Robin,Holmes,2.8,Rejected
CAND06686,REQ02525,Todd,Moreno,4.4,Rejected
CAND06687,REQ12974,Brandy,Rogers,2.7,Rejected
CAND06688,REQ12659,Kelly,Pearson,18.5,Rejected
CAND06689,REQ19800,Courtney,Wyatt,18.9,Interviewing
CAND06690,REQ22998,Andrew,Walker,15.9,Rejected
CAND06691,REQ16522,Judith,Smith,18.7,Rejected
CAND06692,REQ13249,Joshua,Hall,17.0,Rejected
CAND06693,REQ06010,Lisa,Freeman,18.6,Rejected
CAND06694,REQ09915,Shannon,Deleon,12.1,Rejected
CAND06695,REQ23602,Benjamin,Lopez,7.4,Rejected
CAND06696,REQ17065,Molly,Larson,19.2,Interviewing
CAND06697,REQ04662,Megan,Miles,16.3,Rejected
CAND06698,REQ04824,Brenda,Moses,19.3,Rejected
CAND06699,REQ10326,Jennifer,Small,14.9,Rejected
CAND06700,REQ10532,Christopher,White,16.5,Rejected
CAND06701,REQ18484,Sean,Holland,11.2,Rejected
CAND06702,REQ21211,Justin,Stein,14.1,Rejected
CAND06703,REQ01952,Pamela,Smith,5.6,Rejected
CAND06704,REQ07154,Tyler,Osborne,13.8,Hired
CAND06705,REQ02169,Jared,Edwards,1.8,Interviewing
CAND06706,REQ12488,Samantha,Ritter,11.0,Rejected
CAND06707,REQ05966,Mackenzie,Klein,13.3,Interviewing
CAND06708,REQ08987,Alec,Mcmahon,7.5,Rejected
CAND06709,REQ06561,Rachel,Bell,11.7,Rejected
CAND06710,REQ04068,Corey,Valentine,1.3,Rejected
CAND06711,REQ17606,Isaiah,Black,12.5,Rejected
CAND06712,REQ01156,Eric,Jones,6.4,Offer Extended
CAND06713,REQ17270,Jaime,Tyler,1.7,Rejected
CAND06714,REQ19055,Randy,Garcia,4.3,Hired
CAND06715,REQ14183,Danielle,Frye,8.2,Rejected
CAND06716,REQ17201,Cassandra,White,11.5,Rejected
CAND06717,REQ18018,Valerie,Willis,16.7,Rejected
CAND06718,REQ04580,Norman,Taylor,9.1,Rejected
CAND06719,REQ08988,Sarah,Phillips,18.6,Rejected
CAND06720,REQ13010,Laura,Olsen,10.0,Rejected
CAND06721,REQ18499,Christina,Villarreal,6.3,Rejected
CAND06722,REQ09282,James,Bartlett,15.6,Rejected
CAND06723,REQ06562,Andrew,Mcmahon,0.6,Interviewing
CAND06724,REQ22312,Connie,Parker,0.8,Interviewing
CAND06725,REQ16762,Lori,Hunt,0.2,Rejected
CAND06726,REQ02098,Patrick,Davis,13.8,Interviewing
CAND06727,REQ16496,Kyle,Richardson,18.0,Interviewing
CAND06728,REQ19820,Eric,Waller,15.9,Hired
CAND06729,REQ24566,Carol,Morris,14.4,Rejected
CAND06730,REQ09791,John,Malone,16.9,Rejected
CAND06731,REQ20701,Tonya,Lewis,5.3,Interviewing
CAND06732,REQ13352,Rodney,Tate,1.5,Rejected
CAND06733,REQ04021,Dawn,Weber,17.3,Rejected
CAND06734,REQ05504,John,Livingston,12.6,Rejected
CAND06735,REQ00448,Adrian,Powell,18.1,Rejected
CAND06736,REQ06057,Katie,Gibbs,10.3,Rejected
CAND06737,REQ18811,Samantha,Thompson,10.4,Rejected
CAND06738,REQ17366,Jennifer,Ballard,15.0,Rejected
CAND06739,REQ03826,Traci,Maldonado,12.5,Rejected
CAND06740,REQ17399,Victor,Howard,3.7,Rejected
CAND06741,REQ24971,Martin,Ware,15.8,Rejected
CAND06742,REQ19918,Ian,Cunningham,12.5,Interviewing
CAND06743,REQ16976,Jason,Miller,4.6,Rejected
CAND06744,REQ20789,Victoria,Miller,12.6,Rejected
CAND06745,REQ03636,William,Murphy,19.5,Rejected
CAND06746,REQ14138,Shaun,Guerra,12.9,Rejected
CAND06747,REQ17320,Shannon,Rogers,6.9,Interviewing
CAND06748,REQ13755,Spencer,Dyer,4.5,Interviewing
CAND06749,REQ14292,Philip,Martin,16.2,Rejected
CAND06750,REQ06166,Jacob,Roberts,6.7,Rejected
CAND06751,REQ14258,Michelle,Jones,18.2,Offer Extended
CAND06752,REQ04082,Tonya,Delgado,3.1,Rejected
CAND06753,REQ21373,Kimberly,Gray,11.5,Rejected
CAND06754,REQ12140,Derrick,Taylor,8.0,Rejected
CAND06755,REQ02105,Melissa,King,1.0,Rejected
CAND06756,REQ24936,Ashley,Flores,7.2,Rejected
CAND06757,REQ11710,Chad,Logan,19.7,Rejected
CAND06758,REQ18275,Todd,Cruz,16.7,Rejected
CAND06759,REQ23889,Amanda,Parrish,17.8,Rejected
CAND06760,REQ09398,John,King,5.9,Rejected
CAND06761,REQ07837,Jennifer,Jones,2.1,Rejected
CAND06762,REQ08512,Jennifer,Giles,19.9,Rejected
CAND06763,REQ20660,Edward,Johnson,17.8,Rejected
CAND06764,REQ18717,Megan,White,11.2,Rejected
CAND06765,REQ18497,Stephen,Lewis,16.7,Rejected
CAND06766,REQ22722,Amanda,Bird,19.3,Hired
CAND06767,REQ09132,James,Hall,18.3,Rejected
CAND06768,REQ15665,Rachel,Williams,17.9,Rejected
CAND06769,REQ18862,Jesse,Bates,12.8,Rejected
CAND06770,REQ20192,Keith,Stewart,2.4,Hired
CAND06771,REQ22141,Steven,Campbell,16.0,Offer Extended
CAND06772,REQ10908,Miguel,Garcia,11.6,Rejected
CAND06773,REQ10613,Tom,Sanchez,2.8,Rejected
CAND06774,REQ23041,Sherry,Harris,3.5,Interviewing
CAND06775,REQ16612,David,Stevenson,11.7,Rejected
CAND06776,REQ08403,Alejandro,Ramos,19.2,Rejected
CAND06777,REQ06292,Haley,Sanchez,10.5,Hired
CAND06778,REQ15670,Jessica,Copeland,11.4,Rejected
CAND06779,REQ13443,Lisa,Gould,1.7,Rejected
CAND06780,REQ21920,Christopher,Jordan,0.9,Rejected
CAND06781,REQ22304,Robert,Rojas,11.2,Hired
CAND06782,REQ24117,Samantha,Vazquez,9.1,Rejected
CAND06783,REQ18036,Justin,Gibson,4.1,Rejected
CAND06784,REQ10076,Jason,Wright,10.5,Rejected
CAND06785,REQ08381,Rebecca,Moreno,5.2,Rejected
CAND06786,REQ03843,Jennifer,Wilson,1.6,Rejected
CAND06787,REQ10227,Oscar,Shields,9.7,Rejected
CAND06788,REQ03510,Daniel,Allen,0.8,Rejected
CAND06789,REQ09116,Ronald,Scott,10.6,Interviewing
CAND06790,REQ13113,Adam,Vincent,5.3,Rejected
CAND06791,REQ13109,Melissa,Williams,9.2,Rejected
CAND06792,REQ04862,Timothy,Parker,11.3,Hired
CAND06793,REQ03453,Tony,Ryan,5.9,Rejected
CAND06794,REQ21811,Lisa,Phillips,6.8,Rejected
CAND06795,REQ10907,Jerry,Jones,14.0,Interviewing
CAND06796,REQ22791,Jon,Esparza,16.1,Interviewing
CAND06797,REQ09850,Jesus,Mosley,2.7,Rejected
CAND06798,REQ15136,John,Campbell,4.4,Rejected
CAND06799,REQ24535,Matthew,Smith,5.8,Rejected
CAND06800,REQ11080,Jonathan,Smith,17.6,Rejected
CAND06801,REQ03664,Ronald,Nelson,11.9,Interviewing
CAND06802,REQ04620,David,Thomas,14.9,Rejected
CAND06803,REQ04423,Sarah,Gay,18.7,Rejected
CAND06804,REQ09951,Joseph,Garcia,2.1,Rejected
CAND06805,REQ16449,Sarah,Anderson,6.2,Interviewing
CAND06806,REQ03873,Melissa,Morris,1.7,Interviewing
CAND06807,REQ00309,Todd,Rodriguez,8.2,Interviewing
CAND06808,REQ00418,Maria,Thomas,4.1,Rejected
CAND06809,REQ20324,Ashley,Wells,5.3,Hired
CAND06810,REQ05839,Brandon,Santiago,16.9,Rejected
CAND06811,REQ06544,Sarah,Vincent,1.1,Rejected
CAND06812,REQ08692,Michael,Thompson,18.4,Hired
CAND06813,REQ05584,Jennifer,Lambert,4.1,Interviewing
CAND06814,REQ02354,Natalie,Gonzalez,0.0,Rejected
CAND06815,REQ17580,Sara,Gordon,7.2,Rejected
CAND06816,REQ04815,Charles,Perez,12.6,Rejected
CAND06817,REQ23076,Laura,Calderon,8.8,Rejected
CAND06818,REQ10466,Lori,Martinez,13.8,Rejected
CAND06819,REQ12623,Sierra,Willis,19.1,Rejected
CAND06820,REQ09378,Andrew,Nichols,5.7,Rejected
CAND06821,REQ04917,Nicholas,Wiggins,11.3,Rejected
CAND06822,REQ04694,Glenn,Walton,15.9,Interviewing
CAND06823,REQ05881,Rhonda,Fleming,16.3,Rejected
CAND06824,REQ03440,Autumn,Jackson,17.3,Rejected
CAND06825,REQ03299,Darlene,Coleman,5.7,Interviewing
CAND06826,REQ10092,Michael,Scott,5.3,Interviewing
CAND06827,REQ06231,Amanda,Foster,9.6,Rejected
CAND06828,REQ18950,Nathaniel,Rivera,7.8,Rejected
CAND06829,REQ06532,Patrick,Hess,16.7,Rejected
CAND06830,REQ21013,Phillip,Carrillo,9.1,Rejected
CAND06831,REQ08601,Nathaniel,Rich,13.6,Rejected
CAND06832,REQ08911,Daniel,Clark,6.6,Rejected
CAND06833,REQ23464,Laurie,Scott,9.4,Rejected
CAND06834,REQ03404,Mary,Vaughn,9.2,Offer Extended
CAND06835,REQ09713,Cathy,Davis,6.9,Rejected
CAND06836,REQ17000,Amber,Myers,12.9,Rejected
CAND06837,REQ00698,Anthony,Santos,19.5,Rejected
CAND06838,REQ00523,Hannah,Harris,11.1,Rejected
CAND06839,REQ06160,Karen,Lee,16.6,Rejected
CAND06840,REQ17923,Mark,Davis,16.8,Interviewing
CAND06841,REQ17801,Justin,Zimmerman,1.4,Rejected
CAND06842,REQ22835,Jessica,James,15.5,Rejected
CAND06843,REQ07977,Anna,Harris,12.0,Rejected
CAND06844,REQ16376,Michael,Reid,7.9,Rejected
CAND06845,REQ02153,Margaret,Hardy,18.3,Hired
CAND06846,REQ05057,Cheryl,Lara,6.4,Rejected
CAND06847,REQ02348,Ashley,Morgan,0.0,Rejected
CAND06848,REQ00046,Scott,Morgan,2.0,Rejected
CAND06849,REQ05575,Tammy,Ferguson,2.9,Rejected
CAND06850,REQ18825,Jennifer,Phillips,8.4,Rejected
CAND06851,REQ14103,Kylie,Stone,7.3,Rejected
CAND06852,REQ18488,Lisa,Thompson,2.3,Hired
CAND06853,REQ24372,Latasha,Hensley,12.0,Offer Extended
CAND06854,REQ00319,Jeremiah,Reese,12.7,Rejected
CAND06855,REQ10509,Ryan,Hale,16.3,Rejected
CAND06856,REQ03349,Luis,Fuller,6.8,Interviewing
CAND06857,REQ09190,Melissa,Atkins,5.1,Rejected
CAND06858,REQ01097,Jennifer,Mcgee,18.5,Rejected
CAND06859,REQ15176,John,Thompson,16.0,Rejected
CAND06860,REQ13726,Sarah,Johnson,17.5,Rejected
CAND06861,REQ07742,Nancy,Moore,1.5,Rejected
CAND06862,REQ18453,Lynn,Flowers,14.9,Rejected
CAND06863,REQ07123,Michael,Mahoney,13.8,Rejected
CAND06864,REQ23641,Gregory,Scott,17.4,Rejected
CAND06865,REQ02644,Kathryn,Lewis,6.2,Rejected
CAND06866,REQ04292,David,Shaw,9.0,Interviewing
CAND06867,REQ03373,Sonya,Chase,11.6,Interviewing
CAND06868,REQ14075,Stephen,Adams,16.5,Rejected
CAND06869,REQ08746,Colin,Sherman,12.4,Rejected
CAND06870,REQ19776,Elaine,Turner,8.4,Interviewing
CAND06871,REQ13888,Vanessa,Singh,13.0,Rejected
CAND06872,REQ19106,Whitney,Baldwin,4.3,Rejected
CAND06873,REQ18267,Kristi,Campbell,15.3,Rejected
CAND06874,REQ17701,Charles,Dickerson,16.3,Hired
CAND06875,REQ15767,James,Sims,5.6,Rejected
CAND06876,REQ09729,Lisa,Robles,10.8,Interviewing
CAND06877,REQ05433,Whitney,Acevedo,9.1,Interviewing
CAND06878,REQ05646,Matthew,Bullock,5.5,Rejected
CAND06879,REQ15597,Dwayne,Massey,5.3,Rejected
CAND06880,REQ08173,Joe,Vega,17.1,Offer Extended
CAND06881,REQ18865,Lawrence,Austin,17.5,Rejected
CAND06882,REQ05730,Willie,Lee,6.9,Rejected
CAND06883,REQ05589,Eric,Walker,16.4,Rejected
CAND06884,REQ10641,Danielle,Dixon,2.5,Offer Extended
CAND06885,REQ21928,Rachel,Hebert,5.0,Rejected
CAND06886,REQ20438,Sherry,Smith,7.5,Interviewing
CAND06887,REQ00481,Christopher,Ramirez,2.7,Hired
CAND06888,REQ01961,Jessica,Vincent,4.7,Interviewing
CAND06889,REQ17344,John,Glover,0.1,Rejected
CAND06890,REQ13370,Robert,Hancock,7.5,Interviewing
CAND06891,REQ16642,Olivia,Frey,6.6,Rejected
CAND06892,REQ24134,Stephanie,Thomas,1.2,Rejected
CAND06893,REQ08095,Samantha,Cole,15.9,Interviewing
CAND06894,REQ15113,Kathryn,Clark,8.0,Rejected
CAND06895,REQ24641,Frank,Simpson,5.4,Rejected
CAND06896,REQ23541,Chad,Drake,0.3,Rejected
CAND06897,REQ19248,Edwin,Jensen,13.3,Rejected
CAND06898,REQ10676,Elizabeth,Ashley,9.5,Rejected
CAND06899,REQ18785,Carlos,Reed,6.9,Rejected
CAND06900,REQ08878,Andrea,Day,11.7,Interviewing
CAND06901,REQ15049,Luis,Lester,18.7,Rejected
CAND06902,REQ17731,Tracy,Austin,14.3,Rejected
CAND06903,REQ18095,Julie,Greene,7.1,Rejected
CAND06904,REQ01116,Amanda,Cox,5.4,Rejected
CAND06905,REQ24382,Bradley,Wright,1.1,Rejected
CAND06906,REQ19918,Lori,Thomas,10.8,Rejected
CAND06907,REQ15743,Laura,Davis,2.6,Hired
CAND06908,REQ06038,Michael,Neal,12.7,Interviewing
CAND06909,REQ15109,Lori,Taylor,7.2,Rejected
CAND06910,REQ00820,Timothy,Poole,19.0,Rejected
CAND06911,REQ20696,Claire,Hamilton,18.8,Rejected
CAND06912,REQ12690,Julia,Williams,2.5,Rejected
CAND06913,REQ14790,Jason,Hunt,13.1,Interviewing
CAND06914,REQ08510,Tracy,Brooks,6.4,Offer Extended
CAND06915,REQ16850,Debra,Holland,11.6,Offer Extended
CAND06916,REQ21994,Tasha,Arellano,10.9,Interviewing
CAND06917,REQ14626,Ashley,Nguyen,12.2,Rejected
CAND06918,REQ07657,Mark,Miller,19.8,Rejected
CAND06919,REQ00523,Angelica,Cook,17.0,Rejected
CAND06920,REQ12996,Sarah,Burns,16.9,Rejected
CAND06921,REQ12723,Tammy,Reed,4.3,Rejected
CAND06922,REQ23393,Angela,Davis,5.0,Offer Extended
CAND06923,REQ08927,Crystal,Hogan,2.7,Rejected
CAND06924,REQ18606,Amanda,Lambert,1.5,Rejected
CAND06925,REQ17898,Anita,Perez,6.6,Rejected
CAND06926,REQ18078,Erica,Johnson,11.5,Rejected
CAND06927,REQ07485,Tiffany,Wall,14.5,Rejected
CAND06928,REQ06143,Patrick,Warren,18.8,Offer Extended
CAND06929,REQ05494,Michael,Smith,13.3,Interviewing
CAND06930,REQ21611,Allison,Williams,0.7,Rejected
CAND06931,REQ13959,Victor,Ramirez,7.2,Rejected
CAND06932,REQ10033,Jennifer,Graham,7.7,Interviewing
CAND06933,REQ06863,Travis,Gonzalez,7.1,Interviewing
CAND06934,REQ22896,Janice,Stokes,16.4,Rejected
CAND06935,REQ01732,Benjamin,Thompson,19.8,Rejected
CAND06936,REQ14864,Caroline,Lopez,16.8,Offer Extended
CAND06937,REQ15445,Robert,Taylor,4.5,Rejected
CAND06938,REQ11499,Brenda,Singleton,8.0,Interviewing
CAND06939,REQ01706,Andrea,Gonzalez,1.5,Rejected
CAND06940,REQ04667,Stephen,Meyer,2.6,Rejected
CAND06941,REQ20968,Carolyn,Johnson,3.1,Rejected
CAND06942,REQ03655,Richard,Duran,3.5,Interviewing
CAND06943,REQ14243,Ashley,Payne,12.2,Interviewing
CAND06944,REQ12702,Joyce,Carpenter,1.8,Rejected
CAND06945,REQ08161,Derek,Flores,0.2,Rejected
CAND06946,REQ17291,Francis,Barnes,17.4,Hired
CAND06947,REQ06427,Travis,Bryant,3.0,Offer Extended
CAND06948,REQ13253,Karen,Gonzalez,16.1,Rejected
CAND06949,REQ13364,Michele,Rojas,0.1,Interviewing
CAND06950,REQ12981,Colleen,Marquez,3.4,Interviewing
CAND06951,REQ17127,Melissa,Jackson,13.5,Rejected
CAND06952,REQ20963,Nicole,Nelson,4.4,Offer Extended
CAND06953,REQ06969,Jeremy,Rosario,8.7,Interviewing
CAND06954,REQ10173,Samantha,Young,13.7,Rejected
CAND06955,REQ03864,Nathan,Burke,3.4,Rejected
CAND06956,REQ04716,Michael,Johnson,12.8,Interviewing
CAND06957,REQ13198,Tamara,Davis,2.4,Rejected
CAND06958,REQ06948,Kimberly,Miller,3.6,Interviewing
CAND06959,REQ12653,Daniel,Jordan,0.2,Rejected
CAND06960,REQ11704,Brenda,Smith,12.2,Rejected
CAND06961,REQ15984,Catherine,Wilkerson,6.9,Rejected
CAND06962,REQ07398,Robert,Hill,11.1,Rejected
CAND06963,REQ01980,Rebecca,Greer,10.1,Hired
CAND06964,REQ14565,Amanda,Mack,17.2,Interviewing
CAND06965,REQ07963,Jose,Taylor,13.3,Rejected
CAND06966,REQ17127,Matthew,Blake,17.2,Rejected
CAND06967,REQ05986,Emily,Cook,19.7,Interviewing
CAND06968,REQ17174,Elizabeth,Adams,1.5,Hired
CAND06969,REQ18102,Pamela,Smith,8.8,Rejected
CAND06970,REQ12979,Shaun,Miller,13.8,Rejected
CAND06971,REQ12297,Amber,Sullivan,17.2,Hired
CAND06972,REQ15128,Robert,Collins,1.8,Rejected
CAND06973,REQ04850,Omar,Ibarra,18.3,Hired
CAND06974,REQ23842,Brandon,Hamilton,3.4,Rejected
CAND06975,REQ04962,Jason,Vargas,4.9,Rejected
CAND06976,REQ09073,Steven,Patterson,15.0,Rejected
CAND06977,REQ18395,David,Smith,18.1,Rejected
CAND06978,REQ17187,Timothy,Martinez,9.1,Interviewing
CAND06979,REQ21877,Allison,Harris,7.8,Rejected
CAND06980,REQ18091,Emily,Williams,17.3,Rejected
CAND06981,REQ02340,Tamara,Davis,14.5,Interviewing
CAND06982,REQ05614,Caitlin,Shannon,15.6,Rejected
CAND06983,REQ09917,Donna,Reyes,15.3,Rejected
CAND06984,REQ03114,Cheryl,Wilson,7.9,Hired
CAND06985,REQ19766,Samuel,Jones,19.3,Interviewing
CAND06986,REQ13366,Abigail,Anderson,5.5,Rejected
CAND06987,REQ04310,Laura,Ellison,1.3,Rejected
CAND06988,REQ22123,Lori,Garner,13.2,Rejected
CAND06989,REQ03860,Raven,Rodriguez,10.6,Interviewing
CAND06990,REQ15440,Robert,Hayden,8.4,Offer Extended
CAND06991,REQ07273,Mary,Shelton,1.6,Interviewing
CAND06992,REQ23824,Cassandra,Gardner,4.5,Rejected
CAND06993,REQ05578,Tyler,Cruz,4.1,Interviewing
CAND06994,REQ02966,Mario,Ross,11.6,Hired
CAND06995,REQ17366,Connie,Smith,8.0,Rejected
CAND06996,REQ22006,James,Butler,18.9,Hired
CAND06997,REQ19390,Raymond,Mccullough,4.3,Rejected
CAND06998,REQ24467,Erin,Boyd,15.2,Offer Extended
CAND06999,REQ11225,William,Jackson,19.8,Interviewing
CAND07000,REQ01609,Kevin,Wheeler,16.6,Interviewing
CAND07001,REQ02668,Karen,Gilbert,3.7,Rejected
CAND07002,REQ11362,Michelle,Martin,11.1,Rejected
CAND07003,REQ20945,Carrie,Young,1.2,Rejected
CAND07004,REQ04603,Stephanie,Walker,4.8,Rejected
CAND07005,REQ01683,Diana,Ramirez,12.4,Rejected
CAND07006,REQ22238,Taylor,Harper,13.5,Rejected
CAND07007,REQ22193,Yesenia,Weiss,0.2,Rejected
CAND07008,REQ24892,Mark,Levine,15.2,Interviewing
CAND07009,REQ01420,Jessica,Wall,4.9,Interviewing
CAND07010,REQ22080,Mary,Jones,16.5,Rejected
CAND07011,REQ03250,Glenda,Hicks,14.8,Rejected
CAND07012,REQ15707,Paul,Gutierrez,14.8,Rejected
CAND07013,REQ24313,Holly,Graves,4.6,Rejected
CAND07014,REQ17255,Sara,Armstrong,6.8,Rejected
CAND07015,REQ13343,Carla,Larsen,3.0,Rejected
CAND07016,REQ02756,Sandra,Rivera,9.4,Rejected
CAND07017,REQ24412,Christopher,Smith,5.6,Rejected
CAND07018,REQ09912,Joseph,Wilson,6.7,Hired
CAND07019,REQ12385,Christopher,Rice,6.1,Rejected
CAND07020,REQ23908,Misty,Wilson,19.5,Rejected
CAND07021,REQ24994,Destiny,Hammond,8.2,Rejected
CAND07022,REQ07263,Kevin,Gibson,1.8,Rejected
CAND07023,REQ01376,Donald,Hill,3.8,Rejected
CAND07024,REQ24053,Christine,Watkins,3.6,Rejected
CAND07025,REQ20541,Karen,Pierce,3.9,Interviewing
CAND07026,REQ03341,Lori,Nelson,5.4,Rejected
CAND07027,REQ01215,David,Moyer,7.6,Rejected
CAND07028,REQ16544,Eric,Berry,11.8,Rejected
CAND07029,REQ03286,Russell,Johnson,2.0,Rejected
CAND07030,REQ21003,Kimberly,Coleman,2.8,Rejected
CAND07031,REQ01980,Christina,Wagner,19.9,Rejected
CAND07032,REQ15346,Ryan,Howard,14.7,Rejected
CAND07033,REQ05140,Alexander,Griffith,16.2,Interviewing
CAND07034,REQ08751,Nicholas,Buchanan,2.3,Rejected
CAND07035,REQ19919,Joanna,Arnold,6.3,Rejected
CAND07036,REQ23352,Dennis,Wright,11.9,Offer Extended
CAND07037,REQ00148,Jesus,Sullivan,17.8,Interviewing
CAND07038,REQ21807,Jeffery,Brooks,3.3,Rejected
CAND07039,REQ21521,John,Smith,6.9,Rejected
CAND07040,REQ18991,Kevin,Ramos,11.8,Interviewing
CAND07041,REQ17765,Brenda,Norton,14.0,Rejected
CAND07042,REQ17514,Selena,Carey,13.3,Rejected
CAND07043,REQ21748,Dalton,Farrell,16.3,Rejected
CAND07044,REQ24500,Monique,Watkins,7.4,Rejected
CAND07045,REQ01910,Seth,Wolf,20.0,Offer Extended
CAND07046,REQ09187,Sara,Jensen,16.8,Hired
CAND07047,REQ02322,Stephanie,Austin,11.3,Hired
CAND07048,REQ14453,John,Williams,4.6,Interviewing
CAND07049,REQ09614,Jeremiah,Lee,16.4,Rejected
CAND07050,REQ16247,Dorothy,Brown,6.9,Rejected
CAND07051,REQ00089,Spencer,Gillespie,14.1,Interviewing
CAND07052,REQ07995,Diane,Taylor,1.5,Hired
CAND07053,REQ19314,Katelyn,Kennedy,12.8,Rejected
CAND07054,REQ09957,Samantha,Key,13.0,Rejected
CAND07055,REQ08845,Marcus,Decker,18.1,Rejected
CAND07056,REQ06078,Todd,Beck,13.0,Hired
CAND07057,REQ15737,Allen,Peters,4.9,Offer Extended
CAND07058,REQ14945,Eric,Ball,5.1,Rejected
CAND07059,REQ16039,Angela,Costa,18.9,Rejected
CAND07060,REQ01824,Cynthia,Brown,0.4,Rejected
CAND07061,REQ12538,Christina,Watts,11.9,Rejected
CAND07062,REQ06849,Adrienne,Martinez,18.6,Interviewing
CAND07063,REQ02577,Elizabeth,Cobb,1.6,Interviewing
CAND07064,REQ01098,Bryan,Huerta,20.0,Offer Extended
CAND07065,REQ04883,Christina,Hammond,12.4,Rejected
CAND07066,REQ24297,Lauren,Miller,19.0,Rejected
CAND07067,REQ12649,Lisa,Smith,12.4,Rejected
CAND07068,REQ06248,Adam,Calderon,11.9,Offer Extended
CAND07069,REQ09776,Cody,Elliott,13.9,Rejected
CAND07070,REQ18530,Donna,Turner,4.2,Rejected
CAND07071,REQ03110,Matthew,Jensen,11.9,Rejected
CAND07072,REQ03949,Troy,Thomas,18.6,Rejected
CAND07073,REQ05540,Cathy,Haynes,12.7,Rejected
CAND07074,REQ04263,Kyle,Abbott,14.1,Rejected
CAND07075,REQ00713,Gregory,Woodward,11.3,Interviewing
CAND07076,REQ18716,Chad,Schaefer,5.3,Rejected
CAND07077,REQ17143,Diana,Reed,5.1,Rejected
CAND07078,REQ16283,Joshua,Burns,18.1,Rejected
CAND07079,REQ19772,Jonathon,Burke,8.3,Rejected
CAND07080,REQ03123,Michelle,Mitchell,4.0,Hired
CAND07081,REQ09959,James,Byrd,3.6,Interviewing
CAND07082,REQ02730,Mary,Sims,2.0,Interviewing
CAND07083,REQ14211,Vicki,Sawyer,18.3,Rejected
CAND07084,REQ02122,Tanya,Cooper,13.7,Rejected
CAND07085,REQ05071,Dillon,Kelly,7.5,Interviewing
CAND07086,REQ12053,Darlene,Perez,19.4,Interviewing
CAND07087,REQ19853,Rose,Bolton,18.1,Rejected
CAND07088,REQ22297,Amanda,Schroeder,14.7,Rejected
CAND07089,REQ23765,Daniel,Johnson,4.0,Rejected
CAND07090,REQ01237,Jose,Carter,11.4,Hired
CAND07091,REQ04081,Jeremy,Bridges,13.6,Rejected
CAND07092,REQ17061,John,Ross,10.8,Rejected
CAND07093,REQ03848,Brian,Barnes,19.0,Rejected
CAND07094,REQ08356,Diana,Humphrey,4.2,Rejected
CAND07095,REQ05745,Jason,Hawkins,0.0,Rejected
CAND07096,REQ02469,Stacy,Summers,1.2,Rejected
CAND07097,REQ12741,Maurice,Foster,9.3,Rejected
CAND07098,REQ24589,Angela,Spencer,13.0,Rejected
CAND07099,REQ16530,James,Mills,2.7,Rejected
CAND07100,REQ05618,Michelle,King,2.0,Interviewing
CAND07101,REQ24201,Margaret,Stokes,16.3,Rejected
CAND07102,REQ06314,Megan,Simmons,9.5,Rejected
CAND07103,REQ21914,Christine,Evans,16.7,Rejected
CAND07104,REQ24120,Tonya,Shepherd,16.1,Rejected
CAND07105,REQ01023,Becky,Hampton,2.0,Rejected
CAND07106,REQ18200,Jessica,Miller,10.1,Rejected
CAND07107,REQ24476,Donna,Johnson,17.5,Rejected
CAND07108,REQ05644,Julie,Morales,14.3,Rejected
CAND07109,REQ20631,John,Mccormick,8.5,Rejected
CAND07110,REQ06102,Sharon,Mendoza,16.3,Hired
CAND07111,REQ02004,Rodney,Avery,13.0,Rejected
CAND07112,REQ09531,Katherine,Huang,7.2,Rejected
CAND07113,REQ14504,Kevin,Hampton,9.2,Rejected
CAND07114,REQ08439,Michael,Bridges,19.8,Rejected
CAND07115,REQ11176,John,Horton,10.9,Rejected
CAND07116,REQ09348,Tracy,Olson,11.6,Rejected
CAND07117,REQ04779,Kimberly,Oliver,5.5,Rejected
CAND07118,REQ16154,April,Hall,18.7,Rejected
CAND07119,REQ22605,Lisa,Walters,13.8,Interviewing
CAND07120,REQ15572,Laurie,Allen,16.6,Interviewing
CAND07121,REQ21915,Laura,Anderson,11.1,Offer Extended
CAND07122,REQ23708,Jessica,Norris,8.6,Rejected
CAND07123,REQ21735,Michael,Cruz,2.3,Rejected
CAND07124,REQ10576,Kirsten,Osborne,15.0,Interviewing
CAND07125,REQ05645,Kelly,Dawson,16.9,Rejected
CAND07126,REQ18518,Kimberly,Erickson,3.8,Rejected
CAND07127,REQ24828,Logan,Reyes,16.8,Rejected
CAND07128,REQ13200,Chelsey,Harris,7.9,Rejected
CAND07129,REQ04769,Richard,Gray,18.5,Interviewing
CAND07130,REQ09262,Richard,Stephens,13.5,Rejected
CAND07131,REQ19802,Elizabeth,Fletcher,2.3,Rejected
CAND07132,REQ10976,Sarah,Hill,3.7,Hired
CAND07133,REQ03263,Amanda,Vaughn,10.2,Rejected
CAND07134,REQ16808,Jenna,Baker,15.6,Rejected
CAND07135,REQ20138,David,Haas,8.8,Interviewing
CAND07136,REQ20310,Victor,Johnson,9.2,Rejected
CAND07137,REQ22705,Wendy,Hester,12.4,Rejected
CAND07138,REQ12159,Ryan,Swanson,17.0,Rejected
CAND07139,REQ21412,Emily,Taylor,1.8,Rejected
CAND07140,REQ11017,Erik,Sloan,2.7,Offer Extended
CAND07141,REQ00040,Courtney,Johnson,4.6,Rejected
CAND07142,REQ22416,Andrea,Flores,11.3,Interviewing
CAND07143,REQ08375,Thomas,Lin,19.7,Hired
CAND07144,REQ03633,Victor,Mcgee,18.7,Rejected
CAND07145,REQ24035,Nathaniel,Castillo,17.6,Rejected
CAND07146,REQ20305,Michael,White,5.3,Hired
CAND07147,REQ10434,Bruce,Zimmerman,4.1,Hired
CAND07148,REQ23372,Steven,Morgan,5.1,Rejected
CAND07149,REQ05641,Tina,Ford,1.2,Rejected
CAND07150,REQ24609,Krista,Williams,17.2,Rejected
CAND07151,REQ22655,Danielle,Howell,9.7,Rejected
CAND07152,REQ16760,Julia,Wallace,9.4,Rejected
CAND07153,REQ07814,Mallory,Moore,14.9,Rejected
CAND07154,REQ23206,Seth,Harrell,14.3,Rejected
CAND07155,REQ22301,Stephanie,Mitchell,5.5,Rejected
CAND07156,REQ02197,Jennifer,Holland,9.6,Hired
CAND07157,REQ05406,Connie,Sosa,19.1,Rejected
CAND07158,REQ11577,Julie,Richards,12.7,Rejected
CAND07159,REQ07344,Monique,Thompson,13.8,Rejected
CAND07160,REQ00087,Danielle,Moss,9.1,Interviewing
CAND07161,REQ14299,Steven,Flores,1.3,Rejected
CAND07162,REQ21831,Sheena,Hernandez,18.6,Rejected
CAND07163,REQ02471,Lisa,Patterson,2.3,Rejected
CAND07164,REQ08153,Alison,Swanson,4.9,Interviewing
CAND07165,REQ06373,Amy,Alvarez,11.6,Rejected
CAND07166,REQ03683,Cristina,Mason,15.4,Rejected
CAND07167,REQ14226,Tracey,Wilcox,14.6,Rejected
CAND07168,REQ08258,Heather,Thomas,6.9,Hired
CAND07169,REQ05021,Ashley,Barker,1.6,Rejected
CAND07170,REQ08708,Felicia,Haas,14.6,Rejected
CAND07171,REQ23662,Roberto,Cuevas,4.8,Rejected
CAND07172,REQ07428,Amanda,French,5.3,Rejected
CAND07173,REQ19839,Adam,Gill,10.1,Rejected
CAND07174,REQ16631,Andrew,Snyder,3.3,Rejected
CAND07175,REQ16280,Brett,Hicks,16.2,Rejected
CAND07176,REQ17557,Charles,Powell,19.8,Offer Extended
CAND07177,REQ23989,Stephanie,Washington,7.3,Rejected
CAND07178,REQ04777,Keith,Richardson,9.9,Rejected
CAND07179,REQ19531,Zachary,Bradford,14.9,Offer Extended
CAND07180,REQ03107,David,Fisher,12.2,Rejected
CAND07181,REQ23812,Thomas,Morrow,17.2,Interviewing
CAND07182,REQ10822,Rebecca,Campbell,2.1,Rejected
CAND07183,REQ01651,Ashley,Schroeder,3.1,Rejected
CAND07184,REQ20861,Ashley,Bauer,2.9,Rejected
CAND07185,REQ16630,Amanda,Martinez,2.1,Rejected
CAND07186,REQ02469,Leah,Conley,7.4,Interviewing
CAND07187,REQ19244,Michael,Jenkins,3.2,Interviewing
CAND07188,REQ03543,Michael,Aguilar,0.5,Rejected
CAND07189,REQ24753,Jesus,Wood,18.5,Rejected
CAND07190,REQ05648,James,Wilcox,1.8,Rejected
CAND07191,REQ05876,Tina,Garrison,15.6,Rejected
CAND07192,REQ19647,Nicholas,White,13.4,Rejected
CAND07193,REQ19639,Jeffrey,Parker,0.5,Rejected
CAND07194,REQ14113,Kenneth,Moore,6.9,Rejected
CAND07195,REQ13253,Lori,Elliott,3.5,Rejected
CAND07196,REQ14890,Christopher,Taylor,10.6,Rejected
CAND07197,REQ15225,Angela,Henry,16.1,Rejected
CAND07198,REQ04344,Rodney,Lewis,13.4,Rejected
CAND07199,REQ23654,Christina,Figueroa,1.3,Rejected
CAND07200,REQ23793,Karen,Norton,9.4,Rejected
CAND07201,REQ05761,Patrick,Wolfe,11.7,Hired
CAND07202,REQ10108,Christian,Patterson,9.5,Rejected
CAND07203,REQ15472,Kimberly,Reynolds,2.5,Rejected
CAND07204,REQ12041,Albert,Hunt,5.2,Rejected
CAND07205,REQ01811,Jordan,Chase,4.4,Offer Extended
CAND07206,REQ22385,William,Lutz,0.8,Hired
CAND07207,REQ04934,Rebecca,Moore,10.8,Interviewing
CAND07208,REQ14098,Phillip,Smith,14.5,Rejected
CAND07209,REQ19967,David,Morris,4.2,Rejected
CAND07210,REQ01562,Teresa,Sullivan,13.3,Rejected
CAND07211,REQ02610,Russell,Patel,3.5,Rejected
CAND07212,REQ08864,David,Ferguson,3.2,Rejected
CAND07213,REQ04898,John,Morgan,10.4,Interviewing
CAND07214,REQ10264,Patrick,Johnston,17.5,Interviewing
CAND07215,REQ20056,Daniel,Morris,10.5,Hired
CAND07216,REQ22182,Deborah,Garza,15.6,Hired
CAND07217,REQ04787,David,Oconnor,9.8,Offer Extended
CAND07218,REQ19984,Cathy,Cruz,16.8,Rejected
CAND07219,REQ09654,Adriana,Bennett,9.9,Interviewing
CAND07220,REQ24628,Mark,Bennett,4.4,Rejected
CAND07221,REQ22662,Paul,Pope,15.2,Interviewing
CAND07222,REQ23015,Virginia,Anderson,2.6,Rejected
CAND07223,REQ24038,Jennifer,Mercado,10.6,Hired
CAND07224,REQ15759,Nicholas,Hale,12.7,Rejected
CAND07225,REQ00957,Trevor,Townsend,5.9,Hired
CAND07226,REQ12389,Matthew,Garcia,19.3,Rejected
CAND07227,REQ16248,Kyle,Patterson,9.8,Offer Extended
CAND07228,REQ07234,Heather,Grant,3.0,Rejected
CAND07229,REQ08938,Kelly,Morris,16.8,Rejected
CAND07230,REQ13543,Kristin,Combs,4.6,Interviewing
CAND07231,REQ13344,Gina,Ortiz,1.4,Rejected
CAND07232,REQ07548,Jeffrey,Welch,16.1,Rejected
CAND07233,REQ00215,Christopher,Thompson,9.8,Rejected
CAND07234,REQ07950,Diana,Smith,5.0,Rejected
CAND07235,REQ21270,Rebekah,Marsh,9.9,Rejected
CAND07236,REQ22113,Jennifer,Richards,17.7,Rejected
CAND07237,REQ15983,Melanie,Griffin,3.2,Hired
CAND07238,REQ08891,Thomas,Malone,18.0,Interviewing
CAND07239,REQ03468,Carl,Huff,8.4,Interviewing
CAND07240,REQ11249,David,Owen,9.4,Rejected
CAND07241,REQ08002,Anthony,Lowery,9.5,Rejected
CAND07242,REQ07992,Robert,Ramos,2.0,Rejected
CAND07243,REQ21555,Robert,Rodriguez,18.3,Rejected
CAND07244,REQ19782,Carla,Powers,9.7,Interviewing
CAND07245,REQ22534,Kristine,Carey,19.1,Rejected
CAND07246,REQ17989,Jonathan,Greene,1.8,Rejected
CAND07247,REQ18102,Keith,Fitzgerald,15.3,Rejected
CAND07248,REQ04780,Joseph,Smith,15.1,Rejected
CAND07249,REQ23160,Danielle,Archer,16.8,Rejected
CAND07250,REQ22694,Jennifer,Reyes,18.7,Hired
CAND07251,REQ21980,Danielle,Bowman,2.3,Rejected
CAND07252,REQ10240,Suzanne,Barton,11.4,Rejected
CAND07253,REQ24830,Jenny,Zimmerman,7.7,Interviewing
CAND07254,REQ08712,Anthony,Parker,1.6,Rejected
CAND07255,REQ11208,Bryan,Coleman,13.8,Interviewing
CAND07256,REQ15018,Laurie,Davis,3.0,Rejected
CAND07257,REQ11492,Jack,Kelly,15.4,Rejected
CAND07258,REQ00524,Alexandra,Warner,0.4,Rejected
CAND07259,REQ10773,Brandon,Russell,18.7,Rejected
CAND07260,REQ02647,David,Sims,15.0,Rejected
CAND07261,REQ11272,Sheila,Sanchez,19.9,Rejected
CAND07262,REQ05915,Christian,Guzman,11.7,Rejected
CAND07263,REQ06989,Taylor,Carlson,14.5,Rejected
CAND07264,REQ02659,Monica,Dixon,1.8,Rejected
CAND07265,REQ19986,Melissa,Ochoa,13.8,Rejected
CAND07266,REQ02437,Joshua,Warner,2.0,Rejected
CAND07267,REQ11464,David,Sanchez,6.9,Hired
CAND07268,REQ15684,Christopher,Simon,7.2,Rejected
CAND07269,REQ10909,Mark,Allen,13.0,Rejected
CAND07270,REQ19791,Debbie,Bradley,14.6,Rejected
CAND07271,REQ03459,Paul,Johnson,16.9,Hired
CAND07272,REQ14791,Heather,Valdez,4.5,Rejected
CAND07273,REQ02305,Thomas,Johnson,5.8,Rejected
CAND07274,REQ04084,Travis,Mcclain,5.9,Interviewing
CAND07275,REQ24999,Glenn,Kennedy,3.1,Interviewing
CAND07276,REQ23213,Carl,Hill,14.3,Rejected
CAND07277,REQ06598,Shawn,Miller,12.9,Hired
CAND07278,REQ17608,Selena,Le,3.6,Interviewing
CAND07279,REQ09244,Brian,Collins,17.9,Interviewing
CAND07280,REQ01758,Robyn,Baker,9.0,Rejected
CAND07281,REQ15636,Brian,Barker,17.3,Rejected
CAND07282,REQ21146,Susan,Curtis,5.8,Rejected
CAND07283,REQ01826,Jerry,Mcmahon,6.2,Rejected
CAND07284,REQ18519,Nicholas,Rose,14.5,Rejected
CAND07285,REQ08420,Stephanie,Harris,14.9,Rejected
CAND07286,REQ20451,Kevin,Doyle,18.0,Rejected
CAND07287,REQ22680,Daniel,Walker,16.2,Rejected
CAND07288,REQ01039,Kevin,Gonzalez,18.7,Rejected
CAND07289,REQ23778,Chad,Jordan,6.1,Rejected
CAND07290,REQ13224,Roy,Barrett,17.2,Rejected
CAND07291,REQ04940,Michael,Mcintyre,7.1,Interviewing
CAND07292,REQ13583,Meredith,Curtis,12.3,Rejected
CAND07293,REQ18847,Scott,Smith,7.5,Rejected
CAND07294,REQ15106,Crystal,Brady,16.8,Rejected
CAND07295,REQ19926,Matthew,Martinez,5.2,Interviewing
CAND07296,REQ07809,David,Wilkerson,8.2,Interviewing
CAND07297,REQ05886,Gloria,Taylor,11.2,Rejected
CAND07298,REQ03492,Jordan,Kelley,5.1,Interviewing
CAND07299,REQ16344,Tracey,Rodriguez,18.8,Rejected
CAND07300,REQ12004,Jonathan,Parker,17.0,Rejected
CAND07301,REQ15893,George,Hess,16.3,Rejected
CAND07302,REQ05619,James,Sanchez,8.1,Rejected
CAND07303,REQ14172,Travis,Meyers,18.9,Rejected
CAND07304,REQ13133,Jennifer,Kim,11.7,Hired
CAND07305,REQ05887,Katie,Vincent,14.2,Rejected
CAND07306,REQ07599,Catherine,Gordon,8.5,Interviewing
CAND07307,REQ01802,Kimberly,Schmidt,6.7,Rejected
CAND07308,REQ00052,Kenneth,Bailey,16.6,Offer Extended
CAND07309,REQ01821,Micheal,Jones,15.6,Rejected
CAND07310,REQ21100,Nicholas,Reilly,7.8,Rejected
CAND07311,REQ10056,Thomas,Perez,9.7,Rejected
CAND07312,REQ21327,Sarah,Castro,9.0,Rejected
CAND07313,REQ05845,Miguel,Johnson,8.6,Rejected
CAND07314,REQ05132,William,Adams,9.4,Rejected
CAND07315,REQ04094,Kristen,Fernandez,3.2,Offer Extended
CAND07316,REQ03809,Michael,Navarro,6.2,Rejected
CAND07317,REQ09364,Sarah,Davis,13.6,Rejected
CAND07318,REQ05660,Jeanette,Cain,0.2,Rejected
CAND07319,REQ00721,Patricia,Butler,9.2,Rejected
CAND07320,REQ20537,Anthony,Green,12.6,Rejected
CAND07321,REQ09741,Bruce,Brown,7.9,Rejected
CAND07322,REQ05389,Jacqueline,Jacobs,7.9,Rejected
CAND07323,REQ08351,Laura,Martin,14.8,Rejected
CAND07324,REQ21888,Angela,Curry,4.9,Rejected
CAND07325,REQ04224,Lisa,Baker,8.2,Rejected
CAND07326,REQ03986,Jesse,Suarez,18.7,Interviewing
CAND07327,REQ13852,Mathew,Summers,9.6,Interviewing
CAND07328,REQ01846,Mark,Chambers,3.8,Offer Extended
CAND07329,REQ04919,Jessica,Haynes,10.5,Rejected
CAND07330,REQ11249,Monica,Galvan,12.6,Rejected
CAND07331,REQ12933,Timothy,Smith,17.7,Rejected
CAND07332,REQ03460,Leah,Jackson,16.5,Rejected
CAND07333,REQ07586,Denise,Jones,1.3,Rejected
CAND07334,REQ16709,Lauren,Hopkins,13.5,Rejected
CAND07335,REQ21443,Larry,Powell,12.3,Rejected
CAND07336,REQ19800,Aaron,Gomez,5.7,Rejected
CAND07337,REQ16823,Crystal,Gilbert,6.2,Rejected
CAND07338,REQ18641,Kathleen,Peterson,11.6,Rejected
CAND07339,REQ23524,Carrie,Jordan,8.7,Interviewing
CAND07340,REQ00467,Anna,Kemp,6.7,Rejected
CAND07341,REQ14692,David,Huff,9.0,Interviewing
CAND07342,REQ24784,Kevin,Smith,14.0,Hired
CAND07343,REQ12928,Patrick,Wallace,16.6,Rejected
CAND07344,REQ13743,Kelly,Rodriguez,16.7,Rejected
CAND07345,REQ15311,Nicole,Phillips,9.8,Rejected
CAND07346,REQ05005,Samuel,Mcknight,5.0,Rejected
CAND07347,REQ19992,Melissa,Webb,7.9,Rejected
CAND07348,REQ08623,Robert,Jensen,17.3,Interviewing
CAND07349,REQ23504,Jerry,Schwartz,3.2,Rejected
CAND07350,REQ04581,Andre,Robinson,3.3,Rejected
CAND07351,REQ22322,Jason,Flynn,6.4,Hired
CAND07352,REQ14755,Richard,Gross,12.4,Rejected
CAND07353,REQ13142,Stephanie,Thomas,17.9,Rejected
CAND07354,REQ19552,Scott,Wells,3.4,Rejected
CAND07355,REQ02931,Richard,Smith,13.3,Rejected
CAND07356,REQ09015,Shelby,Higgins,14.7,Rejected
CAND07357,REQ06592,Collin,Barrera,10.0,Rejected
CAND07358,REQ15426,Rachel,Snyder,9.3,Rejected
CAND07359,REQ09432,Christina,Horton,8.8,Rejected
CAND07360,REQ14451,Leah,Bird,3.3,Rejected
CAND07361,REQ00984,Darlene,Ewing,6.6,Rejected
CAND07362,REQ14604,Shannon,Sanders,10.7,Hired
CAND07363,REQ13724,Brooke,Hill,7.0,Rejected
CAND07364,REQ10540,Travis,Boyer,12.6,Rejected
CAND07365,REQ09164,Jennifer,Aguilar,16.3,Rejected
CAND07366,REQ08700,Donna,Moody,18.7,Interviewing
CAND07367,REQ05139,Denise,Rodriguez,17.4,Rejected
CAND07368,REQ01103,Diana,Schwartz,10.4,Rejected
CAND07369,REQ09597,Jennifer,Smith,14.6,Rejected
CAND07370,REQ19461,Anthony,Thomas,5.5,Interviewing
CAND07371,REQ21384,Derek,Ellison,17.8,Interviewing
CAND07372,REQ19995,Jason,Ortiz,6.0,Interviewing
CAND07373,REQ19066,Michelle,Dougherty,6.2,Rejected
CAND07374,REQ24566,Nathan,Shields,17.5,Rejected
CAND07375,REQ16450,Shane,Black,11.7,Interviewing
CAND07376,REQ22869,Daniel,Leonard,17.7,Hired
CAND07377,REQ07281,Kathy,Collins,4.1,Interviewing
CAND07378,REQ18509,Walter,Frey,8.9,Rejected
CAND07379,REQ00836,Scott,Anderson,3.4,Rejected
CAND07380,REQ14495,Amy,Knight,10.0,Rejected
CAND07381,REQ10384,Douglas,Hammond,3.5,Rejected
CAND07382,REQ17857,Jennifer,Hull,9.1,Rejected
CAND07383,REQ01988,John,Bates,0.1,Rejected
CAND07384,REQ06900,Danielle,Brady,8.4,Rejected
CAND07385,REQ13008,Michelle,Elliott,6.1,Rejected
CAND07386,REQ13122,John,Malone,12.6,Hired
CAND07387,REQ14605,Marvin,Rogers,14.1,Rejected
CAND07388,REQ13571,Timothy,Ward,7.6,Rejected
CAND07389,REQ05590,Martin,Estrada,1.9,Rejected
CAND07390,REQ20679,Heidi,Kennedy,5.0,Rejected
CAND07391,REQ13309,John,Davis,18.6,Rejected
CAND07392,REQ16158,David,Hawkins,12.1,Rejected
CAND07393,REQ00516,Bonnie,Wright,19.5,Rejected
CAND07394,REQ09778,Kristin,Brady,17.0,Rejected
CAND07395,REQ16271,William,Smith,0.3,Rejected
CAND07396,REQ03267,Joseph,King,4.7,Hired
CAND07397,REQ07462,Joshua,Rice,9.8,Rejected
CAND07398,REQ05036,Tony,Rowe,3.9,Interviewing
CAND07399,REQ02582,Miranda,Ritter,11.3,Rejected
CAND07400,REQ17551,Daniel,Brooks,13.5,Interviewing
CAND07401,REQ22574,Sarah,Perry,13.6,Rejected
CAND07402,REQ05695,Ethan,Peck,6.7,Rejected
CAND07403,REQ22441,Brian,Thompson,14.9,Hired
CAND07404,REQ01482,Patricia,Norris,5.7,Hired
CAND07405,REQ23939,Gregory,Nelson,2.0,Interviewing
CAND07406,REQ21208,Austin,Curry,1.4,Rejected
CAND07407,REQ15785,Kenneth,Ramsey,19.9,Rejected
CAND07408,REQ04699,John,Evans,8.4,Interviewing
CAND07409,REQ12983,Brian,Bryant,16.9,Rejected
CAND07410,REQ11712,Nicole,Sims,6.2,Rejected
CAND07411,REQ15715,Jaclyn,Hess,2.7,Interviewing
CAND07412,REQ15118,Jason,Stephens,6.5,Rejected
CAND07413,REQ03700,Tabitha,Young,17.4,Rejected
CAND07414,REQ13932,James,Palmer,7.4,Rejected
CAND07415,REQ10371,Jennifer,Carter,13.2,Hired
CAND07416,REQ20327,Frances,King,5.6,Rejected
CAND07417,REQ04108,Daniel,Robinson,4.0,Offer Extended
CAND07418,REQ18109,Edwin,Davis,9.9,Interviewing
CAND07419,REQ09419,Laura,Camacho,15.7,Interviewing
CAND07420,REQ07156,Edward,Gates,4.0,Rejected
CAND07421,REQ00848,Pamela,Lindsey,17.4,Hired
CAND07422,REQ20700,Kathryn,Morris,4.3,Rejected
CAND07423,REQ05898,Taylor,Grant,18.7,Rejected
CAND07424,REQ18660,Peter,Allen,16.8,Hired
CAND07425,REQ01616,Patricia,Johnson,17.5,Rejected
CAND07426,REQ22943,Jasmin,Fernandez,7.1,Interviewing
CAND07427,REQ15170,Joanna,Thomas,4.9,Rejected
CAND07428,REQ09454,Garrett,Bonilla,2.2,Rejected
CAND07429,REQ17078,Jesse,Jones,1.4,Rejected
CAND07430,REQ13579,Anita,Stevenson,10.7,Rejected
CAND07431,REQ11305,Luke,Smith,6.0,Hired
CAND07432,REQ22263,Benjamin,Santos,8.7,Rejected
CAND07433,REQ02048,William,Figueroa,14.0,Rejected
CAND07434,REQ04573,Michael,Reyes,15.1,Offer Extended
CAND07435,REQ21906,Andrew,Turner,19.0,Rejected
CAND07436,REQ15356,Erika,Carter,17.0,Interviewing
CAND07437,REQ03898,Omar,Graham,14.6,Rejected
CAND07438,REQ05358,Paige,Koch,2.4,Rejected
CAND07439,REQ10393,Renee,White,3.9,Rejected
CAND07440,REQ04924,Tiffany,Hernandez,9.2,Rejected
CAND07441,REQ13414,Richard,Sandoval,14.0,Rejected
CAND07442,REQ06935,Steven,Russell,6.9,Rejected
CAND07443,REQ09230,Anthony,Alvarez,17.2,Rejected
CAND07444,REQ00474,Jason,Williams,13.6,Rejected
CAND07445,REQ22652,Aaron,Aguirre,12.1,Rejected
CAND07446,REQ22613,Lori,Jackson,5.9,Hired
CAND07447,REQ17261,Audrey,White,12.9,Hired
CAND07448,REQ02833,Richard,Jones,9.7,Interviewing
CAND07449,REQ11443,Ricardo,Green,17.7,Hired
CAND07450,REQ15842,Jody,Martin,19.1,Rejected
CAND07451,REQ15882,Katherine,Cain,9.1,Rejected
CAND07452,REQ00536,Meghan,Davis,10.8,Rejected
CAND07453,REQ18387,James,Cook,18.8,Interviewing
CAND07454,REQ21799,Melinda,Bryant,4.6,Hired
CAND07455,REQ19427,Jennifer,Nelson,9.7,Rejected
CAND07456,REQ14805,Alexander,Ferrell,12.8,Rejected
CAND07457,REQ04279,Tammy,Park,6.0,Rejected
CAND07458,REQ12763,Catherine,Carpenter,11.3,Rejected
CAND07459,REQ13049,Karen,Jones,16.8,Rejected
CAND07460,REQ19249,Edward,Barnes,15.6,Rejected
CAND07461,REQ13860,Hannah,Gibson,6.9,Interviewing
CAND07462,REQ13720,Cody,Williams,14.5,Rejected
CAND07463,REQ15419,Michael,Cole,9.4,Rejected
CAND07464,REQ04037,Angela,Smith,11.4,Hired
CAND07465,REQ24669,Jamie,Ashley,7.7,Hired
CAND07466,REQ21921,Tina,Hall,4.4,Rejected
CAND07467,REQ05883,Shawn,Mullen,10.0,Interviewing
CAND07468,REQ12947,Andrew,Smith,7.3,Rejected
CAND07469,REQ17701,Jodi,Glover,1.4,Offer Extended
CAND07470,REQ05445,Jamie,Bell,1.1,Rejected
CAND07471,REQ16599,David,Jones,16.9,Rejected
CAND07472,REQ24256,Brandon,Watson,0.2,Rejected
CAND07473,REQ22901,Robert,Parker,9.4,Rejected
CAND07474,REQ12357,Jay,Hoffman,1.1,Rejected
CAND07475,REQ23084,Trevor,Vaughn,19.7,Rejected
CAND07476,REQ19033,Jennifer,Lewis,3.9,Rejected
CAND07477,REQ24061,Robert,Mueller,16.9,Rejected
CAND07478,REQ03150,Deborah,Beck,6.7,Rejected
CAND07479,REQ12537,Jacob,Carson,20.0,Rejected
CAND07480,REQ13798,William,Morse,5.8,Rejected
CAND07481,REQ22050,Michael,Gross,11.6,Interviewing
CAND07482,REQ23889,James,Adkins,15.3,Rejected
CAND07483,REQ10560,Justin,Wright,12.0,Rejected
CAND07484,REQ07535,Lori,Gamble,13.6,Rejected
CAND07485,REQ22278,Alan,Clark,3.8,Hired
CAND07486,REQ21121,Lisa,Lane,15.6,Hired
CAND07487,REQ22700,Aaron,Taylor,16.5,Interviewing
CAND07488,REQ17195,Timothy,Ray,1.2,Rejected
CAND07489,REQ14898,Christopher,Rogers,11.8,Rejected
CAND07490,REQ01139,Lisa,Garcia,11.6,Hired
CAND07491,REQ11968,Julia,Brown,0.3,Rejected
CAND07492,REQ01385,Robert,Delacruz,17.6,Rejected
CAND07493,REQ23873,Ronald,Cook,19.5,Rejected
CAND07494,REQ22294,Julie,James,16.1,Offer Extended
CAND07495,REQ05926,Jesse,Carlson,2.1,Rejected
CAND07496,REQ14209,Matthew,Barnett,2.8,Interviewing
CAND07497,REQ15776,David,Grimes,6.0,Rejected
CAND07498,REQ11989,Michelle,Byrd,7.9,Interviewing
CAND07499,REQ19155,Jennifer,Jones,3.5,Rejected
CAND07500,REQ05882,John,Cox,8.0,Rejected
CAND07501,REQ20786,Kenneth,Douglas,16.8,Rejected
CAND07502,REQ06289,Andrew,Shaffer,10.4,Offer Extended
CAND07503,REQ11316,Melissa,Schwartz,0.8,Rejected
CAND07504,REQ16985,Rachael,Garcia,18.8,Rejected
CAND07505,REQ20893,Emily,Nicholson,12.8,Rejected
CAND07506,REQ00646,Anne,Dunn,4.1,Interviewing
CAND07507,REQ22431,Nicholas,Larson,15.2,Rejected
CAND07508,REQ12140,Linda,Miller,17.6,Interviewing
CAND07509,REQ22857,Alejandro,Avila,14.7,Hired
CAND07510,REQ01202,Alexandra,Howard,2.0,Rejected
CAND07511,REQ00052,Michael,Spence,1.6,Interviewing
CAND07512,REQ14941,Michael,Allen,1.5,Offer Extended
CAND07513,REQ14273,Travis,Jones,16.1,Hired
CAND07514,REQ01045,Jose,Phillips,2.3,Hired
CAND07515,REQ15917,Barbara,Farmer,1.8,Interviewing
CAND07516,REQ09849,Vicki,Gonzalez,6.1,Rejected
CAND07517,REQ19878,Charles,Lane,18.7,Rejected
CAND07518,REQ17760,Rebecca,Good,15.4,Hired
CAND07519,REQ03393,Jamie,Jones,6.3,Hired
CAND07520,REQ15395,Alex,Burton,5.2,Rejected
CAND07521,REQ20473,Steven,Herrera,5.0,Rejected
CAND07522,REQ20302,Sabrina,Garrett,1.0,Rejected
CAND07523,REQ00115,Lisa,Johnson,2.2,Rejected
CAND07524,REQ09948,Lisa,Knight,14.5,Rejected
CAND07525,REQ10897,Connie,Sherman,14.8,Interviewing
CAND07526,REQ08470,Jeremiah,Rios,17.6,Rejected
CAND07527,REQ02276,Scott,Jones,0.5,Offer Extended
CAND07528,REQ11181,Jason,Torres,18.4,Rejected
CAND07529,REQ05491,Emily,Ellis,12.9,Interviewing
CAND07530,REQ05520,Lori,Juarez,14.4,Rejected
CAND07531,REQ11587,Bryan,Wright,1.3,Interviewing
CAND07532,REQ15112,Michelle,Gonzalez,5.1,Rejected
CAND07533,REQ16043,Jennifer,Mason,11.1,Rejected
CAND07534,REQ01363,Mark,Cruz,11.2,Rejected
CAND07535,REQ17899,Jeremy,Murphy,7.9,Hired
CAND07536,REQ09398,Corey,Adams,6.4,Rejected
CAND07537,REQ14448,Mary,Harvey,19.9,Offer Extended
CAND07538,REQ04602,Elizabeth,Mann,10.8,Hired
CAND07539,REQ19148,Matthew,Welch,14.3,Rejected
CAND07540,REQ23052,Bryan,Lee,14.0,Rejected
CAND07541,REQ09865,Troy,Wilson,15.4,Rejected
CAND07542,REQ03975,Debra,Roberson,19.9,Rejected
CAND07543,REQ23768,Holly,Silva,18.4,Rejected
CAND07544,REQ21847,Susan,Castillo,19.5,Rejected
CAND07545,REQ04861,Amanda,Adams,16.6,Hired
CAND07546,REQ09138,Rachel,Smith,9.9,Interviewing
CAND07547,REQ17238,Paula,Boyle,4.9,Rejected
CAND07548,REQ18597,Mikayla,Brown,16.2,Rejected
CAND07549,REQ21518,Michelle,Bauer,16.0,Rejected
CAND07550,REQ07248,Hannah,Stephenson,3.6,Rejected
CAND07551,REQ08140,Stacy,Welch,4.8,Rejected
CAND07552,REQ24680,David,Thomas,2.7,Rejected
CAND07553,REQ23077,Antonio,Hess,4.0,Rejected
CAND07554,REQ10333,Lauren,Brown,2.7,Rejected
CAND07555,REQ09888,Kenneth,Murphy,9.4,Rejected
CAND07556,REQ13592,Jennifer,Lucas,16.6,Rejected
CAND07557,REQ12540,David,Burns,16.7,Hired
CAND07558,REQ15622,Samantha,Irwin,17.4,Rejected
CAND07559,REQ21056,Catherine,Petty,17.8,Rejected
CAND07560,REQ23283,Nicole,Mason,13.2,Rejected
CAND07561,REQ24800,Nicole,Bailey,10.6,Rejected
CAND07562,REQ16619,Sabrina,Johnson,17.6,Rejected
CAND07563,REQ22909,Alexander,Anderson,2.1,Rejected
CAND07564,REQ05006,Angela,Durham,12.3,Rejected
CAND07565,REQ19222,Julia,Nguyen,1.5,Rejected
CAND07566,REQ15582,John,Fuller,10.4,Rejected
CAND07567,REQ05401,Erica,Jimenez,11.8,Rejected
CAND07568,REQ09334,Laura,Escobar,1.4,Rejected
CAND07569,REQ06064,Michael,Webb,3.1,Rejected
CAND07570,REQ03658,Stephen,Rose,4.1,Rejected
CAND07571,REQ13204,Deborah,Adams,11.8,Hired
CAND07572,REQ05322,Andrew,Clark,2.7,Rejected
CAND07573,REQ15935,Erin,Gordon,1.3,Rejected
CAND07574,REQ06503,Michelle,Reyes,8.2,Offer Extended
CAND07575,REQ03809,Karl,Terry,15.2,Rejected
CAND07576,REQ05945,Larry,Barnes,3.0,Interviewing
CAND07577,REQ03182,William,Hall,14.7,Rejected
CAND07578,REQ09318,Jeffrey,Erickson,11.1,Interviewing
CAND07579,REQ02652,Stacy,Brooks,15.8,Rejected
CAND07580,REQ22073,Latoya,Carlson,18.5,Rejected
CAND07581,REQ00590,Alan,Lopez,2.0,Rejected
CAND07582,REQ08316,Ashley,Thomas,6.6,Rejected
CAND07583,REQ16879,Brian,Lee,15.1,Rejected
CAND07584,REQ11057,Ryan,Floyd,7.5,Interviewing
CAND07585,REQ10781,Debbie,Anderson,7.5,Rejected
CAND07586,REQ14949,Karen,Larsen,18.5,Rejected
CAND07587,REQ13211,Jennifer,Collins,1.8,Rejected
CAND07588,REQ16586,Jacob,Hutchinson,16.8,Interviewing
CAND07589,REQ23336,David,Smith,5.7,Rejected
CAND07590,REQ13428,Alyssa,Owens,5.0,Hired
CAND07591,REQ03890,Nicole,Macdonald,15.8,Rejected
CAND07592,REQ20734,Philip,Bowers,5.0,Rejected
CAND07593,REQ22229,Gabriel,Welch,2.0,Hired
CAND07594,REQ20562,Cheryl,Miller,6.5,Offer Extended
CAND07595,REQ16172,Robert,Carter,15.1,Rejected
CAND07596,REQ12808,Anthony,Ponce,6.0,Rejected
CAND07597,REQ22469,Anthony,Smith,16.7,Rejected
CAND07598,REQ21602,Alex,Ritter,12.3,Rejected
CAND07599,REQ11238,Aaron,Sanders,17.9,Hired
CAND07600,REQ21430,Tara,Burton,4.5,Rejected
CAND07601,REQ08434,Martin,Montes,12.6,Rejected
CAND07602,REQ02752,Shannon,Mitchell,19.1,Interviewing
CAND07603,REQ17522,Henry,Michael,1.2,Interviewing
CAND07604,REQ19149,Emily,Edwards,5.9,Rejected
CAND07605,REQ00806,Micheal,Freeman,4.1,Interviewing
CAND07606,REQ04286,Sarah,Neal,0.8,Offer Extended
CAND07607,REQ01612,Courtney,Mora,2.0,Rejected
CAND07608,REQ00241,Lauren,May,8.7,Interviewing
CAND07609,REQ24381,Melissa,Thomas,3.0,Rejected
CAND07610,REQ07622,Sergio,Mueller,0.2,Rejected
CAND07611,REQ18160,James,Burke,3.2,Rejected
CAND07612,REQ00250,Amanda,Phillips,7.5,Rejected
CAND07613,REQ24632,Jacqueline,Edwards,14.3,Rejected
CAND07614,REQ24299,Patricia,Simmons,8.7,Hired
CAND07615,REQ23504,Barbara,Schmidt,0.7,Offer Extended
CAND07616,REQ07799,Billy,Cline,15.4,Rejected
CAND07617,REQ11290,Spencer,Woods,11.6,Rejected
CAND07618,REQ11018,Jonathan,Ramirez,8.3,Interviewing
CAND07619,REQ21808,Heather,Ramirez,3.4,Rejected
CAND07620,REQ08209,Michael,Jackson,17.8,Rejected
CAND07621,REQ16800,Daniel,Macdonald,0.8,Rejected
CAND07622,REQ23136,Mercedes,Moore,16.1,Offer Extended
CAND07623,REQ24084,Dustin,Jones,10.6,Rejected
CAND07624,REQ10626,Chase,Garrett,4.9,Rejected
CAND07625,REQ06668,Mary,Sherman,18.1,Rejected
CAND07626,REQ12306,Kristine,Brown,6.5,Rejected
CAND07627,REQ01188,William,Blackburn,11.0,Rejected
CAND07628,REQ19979,Edward,Bennett,12.2,Rejected
CAND07629,REQ08656,Megan,Carter,18.3,Rejected
CAND07630,REQ00353,Richard,Hamilton,9.6,Rejected
CAND07631,REQ13912,David,Norris,8.1,Hired
CAND07632,REQ22266,Brandon,Acosta,0.6,Hired
CAND07633,REQ15005,Jasmine,Ibarra,13.3,Rejected
CAND07634,REQ09976,Norma,Bright,9.3,Rejected
CAND07635,REQ00250,Monica,Vega,6.4,Rejected
CAND07636,REQ03953,Melanie,Fletcher,16.2,Rejected
CAND07637,REQ22187,Judy,Johnson,6.8,Rejected
CAND07638,REQ08149,Charles,Parks,1.9,Rejected
CAND07639,REQ08711,Erica,Glenn,19.0,Rejected
CAND07640,REQ12019,Lisa,Sandoval,12.6,Rejected
CAND07641,REQ10770,Jason,Gill,0.0,Rejected
CAND07642,REQ17324,Luke,Perez,0.9,Hired
CAND07643,REQ04707,Chelsea,Hall,12.1,Rejected
CAND07644,REQ04495,Michelle,Liu,9.4,Rejected
CAND07645,REQ03000,Tim,Phillips,7.5,Rejected
CAND07646,REQ21476,Stephanie,Mcbride,11.1,Rejected
CAND07647,REQ08303,Elizabeth,Bell,17.5,Rejected
CAND07648,REQ11697,Jaime,Malone,7.4,Rejected
CAND07649,REQ18057,Rebecca,Hernandez,10.5,Rejected
CAND07650,REQ03228,Sarah,Hernandez,18.8,Hired
CAND07651,REQ01440,Chelsea,Drake,9.8,Rejected
CAND07652,REQ21508,Walter,Allison,5.4,Rejected
CAND07653,REQ19396,Justin,Thompson,11.2,Interviewing
CAND07654,REQ06818,Michael,Gutierrez,1.0,Rejected
CAND07655,REQ09111,Alexis,Weber,12.7,Rejected
CAND07656,REQ15745,Andrew,Meyers,1.7,Rejected
CAND07657,REQ23191,Connie,Reed,7.9,Rejected
CAND07658,REQ15912,Julie,Johnson,6.8,Rejected
CAND07659,REQ10844,Sharon,Wilson,12.0,Rejected
CAND07660,REQ13702,James,Pitts,15.3,Hired
CAND07661,REQ00121,Christopher,Gregory,13.5,Rejected
CAND07662,REQ11839,Teresa,Kim,0.4,Interviewing
CAND07663,REQ24636,Cindy,Garcia,17.4,Rejected
CAND07664,REQ20592,Michael,Smith,3.0,Rejected
CAND07665,REQ13657,Michael,Clark,10.4,Interviewing
CAND07666,REQ17697,Daniel,Hurley,14.8,Rejected
CAND07667,REQ15571,Sara,Hayes,7.4,Interviewing
CAND07668,REQ17557,John,Pena,3.6,Rejected
CAND07669,REQ17683,Andrew,Hall,3.3,Rejected
CAND07670,REQ19748,Trevor,Gray,8.6,Rejected
CAND07671,REQ19983,Ashley,Allen,16.3,Rejected
CAND07672,REQ18098,Jeffrey,Armstrong,17.6,Rejected
CAND07673,REQ22188,Jamie,Munoz,18.5,Rejected
CAND07674,REQ13664,Matthew,Delacruz,11.7,Rejected
CAND07675,REQ01971,Christopher,Reyes,18.2,Rejected
CAND07676,REQ18078,Kimberly,Smith,4.3,Rejected
CAND07677,REQ08671,Heather,Gutierrez,12.6,Interviewing
CAND07678,REQ16440,Christina,Allen,6.6,Rejected
CAND07679,REQ00864,Robert,Hubbard,3.3,Rejected
CAND07680,REQ16010,Benjamin,Bishop,11.0,Rejected
CAND07681,REQ12385,Shannon,Webster,8.6,Rejected
CAND07682,REQ07851,Emily,Evans,18.7,Rejected
CAND07683,REQ16780,Cathy,Garcia,16.5,Rejected
CAND07684,REQ04989,Donna,Jones,18.8,Rejected
CAND07685,REQ20451,Vanessa,Strickland,3.2,Rejected
CAND07686,REQ24762,Elaine,Stout,13.1,Rejected
CAND07687,REQ14673,David,Burke,4.1,Rejected
CAND07688,REQ00734,Sandra,Mejia,15.2,Rejected
CAND07689,REQ18761,David,Harris,15.7,Rejected
CAND07690,REQ00838,Michael,Gonzales,12.6,Hired
CAND07691,REQ24508,Judy,Payne,18.1,Offer Extended
CAND07692,REQ21961,Jose,Nguyen,2.7,Rejected
CAND07693,REQ06561,Samuel,Fernandez,17.4,Rejected
CAND07694,REQ04611,Matthew,Mitchell,10.6,Rejected
CAND07695,REQ04701,Kyle,Chapman,15.3,Rejected
CAND07696,REQ00768,Jeffrey,Strickland,14.1,Rejected
CAND07697,REQ00424,Erin,Nelson,15.1,Offer Extended
CAND07698,REQ11183,Tommy,Hughes,9.4,Offer Extended
CAND07699,REQ06200,Heather,Daniels,11.9,Rejected
CAND07700,REQ00178,Sandra,Santos,18.5,Rejected
CAND07701,REQ00692,Richard,Franklin,8.8,Rejected
CAND07702,REQ18806,Kelly,Baker,12.5,Rejected
CAND07703,REQ23820,Stephen,Casey,18.9,Rejected
CAND07704,REQ06036,Mary,Boone,1.7,Rejected
CAND07705,REQ05881,Stephanie,Oliver,10.8,Rejected
CAND07706,REQ14397,Nicholas,Bell,13.2,Hired
CAND07707,REQ17812,Janet,Mills,11.7,Hired
CAND07708,REQ00332,Deborah,Valencia,3.4,Rejected
CAND07709,REQ19007,Bailey,Perry,12.8,Rejected
CAND07710,REQ16219,Sheila,Davis,15.1,Rejected
CAND07711,REQ15614,Virginia,Graves,7.9,Rejected
CAND07712,REQ13091,Jennifer,Roy,7.6,Interviewing
CAND07713,REQ02877,Caitlin,Garcia,1.3,Interviewing
CAND07714,REQ04896,Morgan,Wood,1.0,Rejected
CAND07715,REQ20626,Kimberly,Lutz,2.1,Rejected
CAND07716,REQ00848,Ellen,Brown,6.3,Rejected
CAND07717,REQ10713,Eric,Lester,13.5,Rejected
CAND07718,REQ02181,Jennifer,Soto,0.5,Rejected
CAND07719,REQ04527,John,Williams,4.8,Interviewing
CAND07720,REQ22098,Kelly,Hall,7.0,Interviewing
CAND07721,REQ17058,Amber,Wilson,8.7,Rejected
CAND07722,REQ21429,Laurie,Williamson,2.9,Rejected
CAND07723,REQ09182,Brent,Giles,3.9,Rejected
CAND07724,REQ05842,Timothy,Banks,12.7,Rejected
CAND07725,REQ09894,Christian,Rodriguez,9.5,Rejected
CAND07726,REQ24905,Shannon,Clarke,18.0,Rejected
CAND07727,REQ15880,Russell,Mcclain,12.9,Offer Extended
CAND07728,REQ01221,Brianna,Ross,7.4,Interviewing
CAND07729,REQ15265,Hector,Terry,10.7,Rejected
CAND07730,REQ01431,Stephen,Hernandez,3.5,Rejected
CAND07731,REQ19956,Daniel,Santos,18.0,Rejected
CAND07732,REQ04755,David,Lewis,15.7,Rejected
CAND07733,REQ02778,Shelley,Adams,4.0,Rejected
CAND07734,REQ07557,Eric,Pierce,16.8,Interviewing
CAND07735,REQ16248,Kristin,Vasquez,18.4,Rejected
CAND07736,REQ02507,Sarah,Craig,16.8,Rejected
CAND07737,REQ06944,Madeline,Andersen,4.8,Rejected
CAND07738,REQ04764,John,White,13.5,Rejected
CAND07739,REQ10556,Andrea,Hernandez,12.2,Rejected
CAND07740,REQ19974,Christopher,Walton,5.5,Rejected
CAND07741,REQ04813,William,Jones,2.7,Rejected
CAND07742,REQ18637,Laura,Moore,2.6,Rejected
CAND07743,REQ08785,Amber,Jordan,18.2,Rejected
CAND07744,REQ04187,Timothy,White,13.9,Rejected
CAND07745,REQ21210,Joshua,Garrison,13.6,Interviewing
CAND07746,REQ01231,William,Osborne,16.5,Rejected
CAND07747,REQ02557,Kaitlyn,Fox,14.7,Interviewing
CAND07748,REQ04911,John,Fleming,14.8,Rejected
CAND07749,REQ10691,Sandra,Robbins,19.0,Rejected
CAND07750,REQ12020,Rebecca,Bruce,7.5,Rejected
CAND07751,REQ04332,Nancy,Hunt,6.7,Rejected
CAND07752,REQ12075,George,Scott,19.2,Rejected
CAND07753,REQ24197,Tina,Klein,17.2,Rejected
CAND07754,REQ10655,Cassandra,Bernard,10.9,Rejected
CAND07755,REQ09143,Shirley,Yates,9.3,Interviewing
CAND07756,REQ06480,Debra,Preston,14.5,Interviewing
CAND07757,REQ10741,Nicole,Austin,4.7,Rejected
CAND07758,REQ16836,Clinton,Roth,7.9,Hired
CAND07759,REQ15953,Ashley,Aguilar,18.8,Rejected
CAND07760,REQ11134,Hannah,Holmes,4.9,Rejected
CAND07761,REQ13933,John,Hughes,0.5,Rejected
CAND07762,REQ06948,Rita,Hicks,16.9,Offer Extended
CAND07763,REQ20380,Antonio,Lowe,14.7,Rejected
CAND07764,REQ09463,Hunter,Graham,3.3,Rejected
CAND07765,REQ08107,Betty,Dalton,15.4,Interviewing
CAND07766,REQ20109,Kimberly,Baird,4.8,Hired
CAND07767,REQ10877,Brian,Patton,12.6,Rejected
CAND07768,REQ18157,John,Allen,1.1,Rejected
CAND07769,REQ13454,Kimberly,Harris,13.4,Rejected
CAND07770,REQ09196,Joseph,Moore,13.1,Rejected
CAND07771,REQ20285,Arthur,Wright,18.2,Rejected
CAND07772,REQ03176,Zachary,Short,7.9,Rejected
CAND07773,REQ23887,Erica,Hammond,3.7,Rejected
CAND07774,REQ00977,Michael,David,7.5,Rejected
CAND07775,REQ14889,Richard,White,12.1,Rejected
CAND07776,REQ17958,Shawn,Lee,5.0,Rejected
CAND07777,REQ19399,Michael,Greer,6.1,Hired
CAND07778,REQ19130,Kelli,Morris,5.4,Rejected
CAND07779,REQ18321,Gina,Flores,2.9,Rejected
CAND07780,REQ20352,Danielle,Ramsey,4.0,Rejected
CAND07781,REQ24557,Robert,Rodriguez,13.0,Rejected
CAND07782,REQ16355,Steven,Nichols,14.2,Rejected
CAND07783,REQ21977,Ashley,Higgins,17.1,Rejected
CAND07784,REQ03087,Christian,Ruiz,16.0,Rejected
CAND07785,REQ16082,John,Walters,4.9,Rejected
CAND07786,REQ21357,Edward,Flores,10.5,Rejected
CAND07787,REQ07271,Jeanette,Nguyen,0.6,Rejected
CAND07788,REQ17637,George,Smith,0.8,Rejected
CAND07789,REQ24573,Lisa,Buck,12.2,Rejected
CAND07790,REQ19647,James,Flores,7.7,Rejected
CAND07791,REQ20467,Kevin,Holland,6.4,Offer Extended
CAND07792,REQ03600,Mark,Manning,15.6,Rejected
CAND07793,REQ10180,Michael,Martin,19.8,Rejected
CAND07794,REQ18421,Amanda,Sutton,6.1,Interviewing
CAND07795,REQ16602,Monica,Huffman,15.5,Rejected
CAND07796,REQ23068,John,Mcgee,9.3,Rejected
CAND07797,REQ01086,John,Wilson,3.8,Offer Extended
CAND07798,REQ16434,Nicholas,Kelley,15.5,Rejected
CAND07799,REQ14611,Angela,Montgomery,13.8,Rejected
CAND07800,REQ01466,Tracy,Frye,7.7,Interviewing
CAND07801,REQ22921,Kenneth,Williams,19.2,Interviewing
CAND07802,REQ15972,Angela,Lutz,19.2,Hired
CAND07803,REQ24486,Bradley,Walsh,8.1,Rejected
CAND07804,REQ00777,Carolyn,Rosario,4.4,Hired
CAND07805,REQ10898,Jennifer,Willis,14.9,Rejected
CAND07806,REQ21424,Victoria,Thomas,13.1,Rejected
CAND07807,REQ03332,Ricky,Burke,2.3,Offer Extended
CAND07808,REQ00218,Corey,Dyer,19.7,Interviewing
CAND07809,REQ20362,Michelle,Stevenson,4.0,Rejected
CAND07810,REQ08732,Jasmine,Brown,10.9,Rejected
CAND07811,REQ24794,Kristen,Huynh,17.1,Rejected
CAND07812,REQ04254,Tony,Watts,6.1,Rejected
CAND07813,REQ16100,Ashley,Barton,1.2,Interviewing
CAND07814,REQ17231,Tanya,Allison,15.4,Rejected
CAND07815,REQ14560,Brittany,Griffin,13.0,Rejected
CAND07816,REQ15084,Kyle,Mcclure,2.6,Rejected
CAND07817,REQ04329,Andrew,Silva,14.0,Rejected
CAND07818,REQ09243,Julian,Lopez,1.3,Rejected
CAND07819,REQ00470,Gregory,Hodges,0.2,Rejected
CAND07820,REQ04521,Jennifer,Scott,3.3,Hired
CAND07821,REQ02681,Valerie,Hamilton,15.7,Rejected
CAND07822,REQ01803,Kayla,Garrett,18.0,Rejected
CAND07823,REQ23107,William,Mclean,11.8,Rejected
CAND07824,REQ07342,Kelly,Davis,17.5,Hired
CAND07825,REQ14527,Mark,Johnson,7.6,Rejected
CAND07826,REQ19972,Debbie,Washington,1.1,Interviewing
CAND07827,REQ14559,Barbara,Maldonado,7.1,Rejected
CAND07828,REQ02179,Brittany,Cordova,19.3,Interviewing
CAND07829,REQ03110,Krystal,Horne,17.4,Rejected
CAND07830,REQ16949,Margaret,Taylor,4.2,Rejected
CAND07831,REQ10849,Charles,Hinton,15.7,Offer Extended
CAND07832,REQ08399,Nicholas,Massey,14.6,Interviewing
CAND07833,REQ16042,Ashley,Garcia,12.0,Rejected
CAND07834,REQ02201,Jason,Jones,6.9,Rejected
CAND07835,REQ12859,Timothy,Boyle,16.7,Rejected
CAND07836,REQ00908,Nancy,Myers,2.4,Rejected
CAND07837,REQ05637,Tara,Myers,17.1,Rejected
CAND07838,REQ15088,Jacob,Wagner,12.3,Offer Extended
CAND07839,REQ20922,Michael,Hill,15.6,Rejected
CAND07840,REQ01277,Kimberly,Macias,17.9,Rejected
CAND07841,REQ19378,George,Phillips,10.4,Rejected
CAND07842,REQ02046,Marc,Roberts,16.9,Hired
CAND07843,REQ15651,Kathy,Martin,15.9,Rejected
CAND07844,REQ07560,Richard,Sullivan,2.8,Rejected
CAND07845,REQ23810,Leroy,Vaughn,11.2,Interviewing
CAND07846,REQ02893,Sabrina,Miller,11.6,Rejected
CAND07847,REQ00517,Victoria,Nelson,13.5,Rejected
CAND07848,REQ03245,Alejandra,Baxter,17.3,Hired
CAND07849,REQ09981,Felicia,Walsh,11.4,Rejected
CAND07850,REQ05272,Christian,Jones,9.9,Rejected
CAND07851,REQ14782,William,Buckley,6.4,Hired
CAND07852,REQ18262,Kenneth,Weber,3.3,Interviewing
CAND07853,REQ03456,Kaitlyn,Russell,10.3,Interviewing
CAND07854,REQ16625,Holly,Hall,17.3,Rejected
CAND07855,REQ24375,Brittany,Boone,9.6,Rejected
CAND07856,REQ18991,Sarah,Leach,13.9,Rejected
CAND07857,REQ10332,Antonio,Wong,15.3,Rejected
CAND07858,REQ06803,Jeffrey,Dunn,14.4,Rejected
CAND07859,REQ08780,Robert,Obrien,2.0,Rejected
CAND07860,REQ18693,Christopher,Baker,7.3,Interviewing
CAND07861,REQ21165,Debra,Wyatt,19.5,Rejected
CAND07862,REQ14222,Jeffrey,May,1.8,Interviewing
CAND07863,REQ20781,Richard,Johnson,7.5,Rejected
CAND07864,REQ12303,James,Meyer,11.3,Rejected
CAND07865,REQ18087,Kara,Williams,10.9,Rejected
CAND07866,REQ10462,Nathaniel,Smith,5.3,Rejected
CAND07867,REQ24371,Anthony,Le,18.7,Rejected
CAND07868,REQ22328,Austin,Cuevas,17.1,Rejected
CAND07869,REQ07246,Stephanie,Collier,1.5,Rejected
CAND07870,REQ17079,David,Suarez,15.0,Rejected
CAND07871,REQ00483,Wendy,Foley,3.3,Rejected
CAND07872,REQ13404,Frank,Brown,6.0,Rejected
CAND07873,REQ05242,Rick,Jones,17.9,Rejected
CAND07874,REQ01456,Elizabeth,Chavez,9.3,Rejected
CAND07875,REQ23488,Jessica,Shannon,16.8,Offer Extended
CAND07876,REQ09426,Kelly,Marquez,7.0,Rejected
CAND07877,REQ17679,Loretta,Norman,14.3,Rejected
CAND07878,REQ14138,Daniel,Werner,1.1,Rejected
CAND07879,REQ19669,Gregory,Jones,15.7,Rejected
CAND07880,REQ19722,Isaac,Clayton,4.9,Rejected
CAND07881,REQ02182,David,Perry,10.0,Rejected
CAND07882,REQ10976,Amanda,Jones,15.7,Rejected
CAND07883,REQ14055,John,Zamora,12.7,Rejected
CAND07884,REQ21310,Laura,Tucker,3.5,Rejected
CAND07885,REQ06635,Haley,Campbell,18.1,Rejected
CAND07886,REQ08094,Stacey,Martinez,0.3,Rejected
CAND07887,REQ20008,Natasha,Boyd,10.1,Rejected
CAND07888,REQ13004,Matthew,Santiago,17.6,Hired
CAND07889,REQ22742,Cathy,Brooks,2.8,Interviewing
CAND07890,REQ07105,Tabitha,Copeland,4.2,Rejected
CAND07891,REQ04260,Deborah,Rodriguez,8.2,Rejected
CAND07892,REQ07834,Jessica,Henderson,1.2,Rejected
CAND07893,REQ21237,Angela,Bass,17.9,Rejected
CAND07894,REQ00701,Nathan,Thomas,7.9,Rejected
CAND07895,REQ12149,Katherine,Woodard,6.4,Rejected
CAND07896,REQ15872,Brenda,Long,14.1,Interviewing
CAND07897,REQ17727,Leah,Durham,18.2,Rejected
CAND07898,REQ02284,Jenna,Taylor,18.0,Rejected
CAND07899,REQ10159,Rebecca,Jones,19.5,Offer Extended
CAND07900,REQ11846,Christopher,Roy,4.8,Rejected
CAND07901,REQ16627,John,Garcia,17.3,Rejected
CAND07902,REQ17730,Krista,Oneill,12.2,Rejected
CAND07903,REQ24061,Sandy,Juarez,3.3,Hired
CAND07904,REQ23348,Lori,Miller,17.9,Hired
CAND07905,REQ00534,Frank,Rivers,9.0,Rejected
CAND07906,REQ16796,Emily,Barajas,1.9,Rejected
CAND07907,REQ21565,Micheal,Hall,10.0,Interviewing
CAND07908,REQ03102,Isaac,Buckley,7.9,Rejected
CAND07909,REQ23165,Oscar,Roth,9.1,Rejected
CAND07910,REQ17744,Jason,Pearson,12.2,Rejected
CAND07911,REQ15019,Gregory,Pena,1.8,Rejected
CAND07912,REQ21461,Sarah,Santiago,15.8,Rejected
CAND07913,REQ04441,Kevin,Chase,9.6,Rejected
CAND07914,REQ00928,Bobby,Barnes,16.9,Rejected
CAND07915,REQ14059,Craig,Torres,1.8,Rejected
CAND07916,REQ14334,Jacqueline,Frazier,19.0,Rejected
CAND07917,REQ08634,Savannah,Hanson,14.6,Rejected
CAND07918,REQ04107,Jodi,Sutton,5.0,Rejected
CAND07919,REQ20927,Debbie,Beard,14.6,Rejected
CAND07920,REQ05110,Felicia,Cain,12.5,Rejected
CAND07921,REQ20189,Robert,Stewart,14.5,Interviewing
CAND07922,REQ01617,Kelly,Maldonado,8.7,Interviewing
CAND07923,REQ03395,Christopher,Jones,14.6,Interviewing
CAND07924,REQ22070,Richard,Zavala,5.1,Rejected
CAND07925,REQ01768,Toni,Cohen,2.4,Rejected
CAND07926,REQ20476,Mike,Clarke,17.1,Rejected
CAND07927,REQ17095,Spencer,Smith,5.3,Hired
CAND07928,REQ16698,Louis,Watson,17.3,Rejected
CAND07929,REQ18196,Jodi,Gibson,11.7,Rejected
CAND07930,REQ03083,Kelly,Coffey,18.3,Rejected
CAND07931,REQ23762,Lawrence,Montgomery,14.0,Interviewing
CAND07932,REQ22809,Juan,Fernandez,17.4,Offer Extended
CAND07933,REQ01417,Erika,Wells,12.4,Rejected
CAND07934,REQ07775,Heather,Sanders,2.7,Rejected
CAND07935,REQ08892,Ian,Mckinney,3.3,Rejected
CAND07936,REQ10001,Dalton,Lewis,9.9,Rejected
CAND07937,REQ02333,Shawn,Thomas,10.7,Rejected
CAND07938,REQ06045,Brianna,Hickman,2.2,Rejected
CAND07939,REQ18325,Lisa,Davenport,9.7,Rejected
CAND07940,REQ23163,Amanda,Adams,7.0,Rejected
CAND07941,REQ22622,Patrick,Miller,5.5,Rejected
CAND07942,REQ16996,Joyce,Young,4.9,Rejected
CAND07943,REQ23874,Kimberly,Smith,15.6,Rejected
CAND07944,REQ09033,Donald,Perez,17.7,Rejected
CAND07945,REQ21175,Olivia,Castillo,4.7,Rejected
CAND07946,REQ16934,Jennifer,Bush,3.9,Rejected
CAND07947,REQ01862,Steven,Jenkins,18.8,Rejected
CAND07948,REQ04046,Brittney,Brown,18.0,Hired
CAND07949,REQ19137,Anita,Wilson,5.1,Rejected
CAND07950,REQ01051,Jonathan,Howell,18.3,Rejected
CAND07951,REQ09003,Joseph,Fox,9.8,Rejected
CAND07952,REQ15473,Erica,Mercado,17.5,Rejected
CAND07953,REQ15817,Scott,Sheppard,4.2,Rejected
CAND07954,REQ02857,Ralph,Walters,0.4,Rejected
CAND07955,REQ17153,Kayla,Shelton,1.7,Interviewing
CAND07956,REQ18154,Kristen,Fox,13.6,Rejected
CAND07957,REQ19349,Melvin,Owens,5.7,Hired
CAND07958,REQ21230,Dana,Riley,12.8,Hired
CAND07959,REQ10390,Ashley,Martin,11.8,Rejected
CAND07960,REQ20523,Michele,Watson,15.9,Rejected
CAND07961,REQ12367,Timothy,Davis,6.8,Rejected
CAND07962,REQ10713,Karen,Terry,14.8,Hired
CAND07963,REQ05379,Patricia,Bautista,15.1,Offer Extended
CAND07964,REQ11916,Kevin,Cunningham,18.5,Hired
CAND07965,REQ06638,Michael,Gray,10.5,Rejected
CAND07966,REQ23953,Connie,Gonzalez,6.0,Rejected
CAND07967,REQ14679,Daniel,Miller,10.6,Rejected
CAND07968,REQ18269,Heidi,Pugh,5.5,Rejected
CAND07969,REQ07933,Michael,Novak,1.9,Rejected
CAND07970,REQ23010,Deanna,Franklin,11.1,Interviewing
CAND07971,REQ01138,Brandon,Roberts,15.7,Rejected
CAND07972,REQ19798,Doris,Maynard,4.7,Rejected
CAND07973,REQ13024,Ashley,Jackson,6.7,Rejected
CAND07974,REQ06828,Gerald,Patel,11.5,Rejected
CAND07975,REQ04853,Susan,Wells,4.4,Rejected
CAND07976,REQ13162,Jordan,Jones,8.6,Interviewing
CAND07977,REQ12077,Susan,Dunn,5.5,Rejected
CAND07978,REQ05735,Nicole,Huynh,0.4,Interviewing
CAND07979,REQ17202,David,Williams,16.4,Rejected
CAND07980,REQ22629,Steven,Gonzalez,8.5,Interviewing
CAND07981,REQ21795,Billy,Hamilton,10.2,Hired
CAND07982,REQ02114,Monica,Huber,13.6,Rejected
CAND07983,REQ16356,Wanda,Hudson,19.9,Hired
CAND07984,REQ03335,Lauren,David,14.0,Rejected
CAND07985,REQ15104,Michelle,Gillespie,1.2,Rejected
CAND07986,REQ21974,Amy,Hurley,5.8,Hired
CAND07987,REQ04976,Danielle,Norman,4.1,Rejected
CAND07988,REQ14851,Brian,Thompson,13.3,Rejected
CAND07989,REQ04237,Henry,Brown,2.9,Hired
CAND07990,REQ00145,Kristin,Gibson,11.9,Offer Extended
CAND07991,REQ24410,April,Robertson,10.2,Interviewing
CAND07992,REQ04830,Samuel,Spencer,11.7,Rejected
CAND07993,REQ02735,Stephanie,Woodard,9.2,Interviewing
CAND07994,REQ23365,Samuel,Williams,7.0,Rejected
CAND07995,REQ08262,Richard,Bryan,0.4,Hired
CAND07996,REQ06572,Stacey,Thomas,5.5,Rejected
CAND07997,REQ09529,Johnathan,Johnson,2.4,Rejected
CAND07998,REQ00699,Randy,Orr,7.0,Rejected
CAND07999,REQ24282,Wendy,Adams,8.2,Rejected
CAND08000,REQ04003,Jennifer,Arnold,4.8,Rejected
CAND08001,REQ15689,Victoria,Krueger,2.1,Rejected
CAND08002,REQ02620,Charles,Foster,17.9,Rejected
CAND08003,REQ11721,Albert,Santos,7.0,Rejected
CAND08004,REQ20225,Breanna,Owens,9.6,Interviewing
CAND08005,REQ09925,Sandra,Page,14.0,Rejected
CAND08006,REQ23720,John,Castaneda,18.2,Rejected
CAND08007,REQ07743,Garrett,Clark,1.6,Interviewing
CAND08008,REQ09620,Angela,Jordan,5.7,Rejected
CAND08009,REQ07915,Michael,Cannon,10.6,Rejected
CAND08010,REQ08549,Angela,Scott,17.5,Rejected
CAND08011,REQ12765,Beverly,Newman,9.7,Interviewing
CAND08012,REQ21510,Lauren,Jones,16.9,Rejected
CAND08013,REQ10660,Claudia,Velasquez,15.3,Rejected
CAND08014,REQ09214,Steve,Thompson,12.4,Rejected
CAND08015,REQ12623,Lisa,Barker,14.3,Rejected
CAND08016,REQ17430,Mary,Hood,12.2,Rejected
CAND08017,REQ00345,Alexa,Koch,12.4,Rejected
CAND08018,REQ00113,Michael,Warren,15.1,Rejected
CAND08019,REQ16040,Virginia,Lee,1.6,Rejected
CAND08020,REQ22545,Sheila,Dominguez,4.7,Rejected
CAND08021,REQ17362,James,Dillon,19.0,Rejected
CAND08022,REQ02278,Amber,Ballard,4.8,Hired
CAND08023,REQ03806,Kerri,Braun,7.6,Rejected
CAND08024,REQ09849,Lori,Curtis,15.0,Rejected
CAND08025,REQ19428,Stephen,Duncan,14.4,Rejected
CAND08026,REQ15982,Beverly,Gay,13.5,Rejected
CAND08027,REQ23324,Adrian,Cunningham,10.0,Interviewing
CAND08028,REQ17653,Leslie,Farmer,11.5,Rejected
CAND08029,REQ05179,Claire,Parker,19.0,Rejected
CAND08030,REQ20625,Kara,Hartman,8.3,Rejected
CAND08031,REQ02635,Christina,Mcguire,7.6,Hired
CAND08032,REQ15227,Matthew,Hudson,9.0,Rejected
CAND08033,REQ09989,Dylan,Moore,19.2,Rejected
CAND08034,REQ18634,Richard,Whitaker,11.7,Rejected
CAND08035,REQ14651,Eugene,Huff,15.9,Rejected
CAND08036,REQ04136,Joshua,Wise,7.8,Rejected
CAND08037,REQ19998,Jamie,Hebert,12.7,Rejected
CAND08038,REQ12470,Dustin,Monroe,17.1,Offer Extended
CAND08039,REQ23481,Tiffany,Webb,5.5,Rejected
CAND08040,REQ15325,Aaron,Stevenson,5.0,Rejected
CAND08041,REQ06836,Helen,Harrison,0.1,Rejected
CAND08042,REQ12368,Roy,Suarez,4.6,Hired
CAND08043,REQ07175,Elizabeth,Robbins,12.0,Rejected
CAND08044,REQ03554,Alan,White,17.3,Hired
CAND08045,REQ11086,Tara,Whitney,14.9,Rejected
CAND08046,REQ21140,Franklin,Davis,19.5,Rejected
CAND08047,REQ08177,Allison,Webb,9.1,Rejected
CAND08048,REQ19236,Danielle,Long,6.5,Rejected
CAND08049,REQ03577,Veronica,Graham,16.6,Rejected
CAND08050,REQ02618,Lauren,Mills,10.5,Rejected
CAND08051,REQ09637,Melissa,Whitaker,12.9,Rejected
CAND08052,REQ20457,Zachary,Davis,6.2,Offer Extended
CAND08053,REQ01404,Sara,Spencer,3.1,Rejected
CAND08054,REQ00743,Kelli,Morgan,18.6,Rejected
CAND08055,REQ03786,Angela,Peters,16.1,Hired
CAND08056,REQ07530,Andrew,Foster,2.5,Rejected
CAND08057,REQ02910,Vanessa,Cooley,0.2,Rejected
CAND08058,REQ20028,Julie,Frye,8.5,Rejected
CAND08059,REQ06775,David,Howard,0.0,Rejected
CAND08060,REQ24349,Daniel,Rojas,14.6,Hired
CAND08061,REQ23311,Teresa,Valdez,9.9,Rejected
CAND08062,REQ00577,Andrew,Chen,0.7,Rejected
CAND08063,REQ17817,Joel,Jackson,10.5,Rejected
CAND08064,REQ05622,Sara,Mendez,14.7,Rejected
CAND08065,REQ05068,Krista,Nichols,18.3,Rejected
CAND08066,REQ04634,Theresa,Walsh,4.8,Interviewing
CAND08067,REQ02913,Richard,Hayes,10.3,Rejected
CAND08068,REQ14999,Julie,Hanson,19.4,Rejected
CAND08069,REQ11786,Michael,Castro,17.5,Hired
CAND08070,REQ04746,Allen,Fernandez,7.7,Rejected
CAND08071,REQ03719,Joseph,Hopkins,8.0,Rejected
CAND08072,REQ19310,April,Macias,6.3,Rejected
CAND08073,REQ06830,Megan,Moore,7.0,Rejected
CAND08074,REQ04906,Monica,Leon,2.3,Rejected
CAND08075,REQ21569,Jennifer,Rodriguez,5.3,Rejected
CAND08076,REQ14248,Thomas,Atkinson,1.3,Interviewing
CAND08077,REQ18300,Victoria,Contreras,15.1,Rejected
CAND08078,REQ10754,Stephen,Mcgee,10.3,Rejected
CAND08079,REQ12576,Heather,Watts,15.0,Interviewing
CAND08080,REQ17644,Sarah,Wiggins,3.7,Rejected
CAND08081,REQ15130,Sarah,Freeman,2.6,Rejected
CAND08082,REQ03883,Charles,Garcia,1.8,Rejected
CAND08083,REQ08434,Joanne,Burton,2.6,Rejected
CAND08084,REQ03143,Kelly,Haley,14.5,Rejected
CAND08085,REQ19371,Cheyenne,Nguyen,16.9,Rejected
CAND08086,REQ22828,Jeffrey,Green,17.3,Hired
CAND08087,REQ01029,Kimberly,Clark,1.3,Rejected
CAND08088,REQ11073,Mary,Duncan,18.4,Rejected
CAND08089,REQ18555,Benjamin,Fields,8.4,Rejected
CAND08090,REQ15972,Sara,Wells,4.2,Rejected
CAND08091,REQ13252,Dennis,Ferguson,19.6,Rejected
CAND08092,REQ22245,Amanda,Wyatt,1.4,Rejected
CAND08093,REQ12428,Bruce,Garcia,9.0,Offer Extended
CAND08094,REQ05107,Jimmy,Fitzgerald,13.6,Rejected
CAND08095,REQ21112,Kaylee,Moore,18.2,Offer Extended
CAND08096,REQ00429,Maurice,Hill,5.2,Rejected
CAND08097,REQ11631,Todd,Whitney,18.8,Interviewing
CAND08098,REQ03628,David,Santana,18.4,Interviewing
CAND08099,REQ17626,Miranda,Flynn,10.3,Interviewing
CAND08100,REQ16565,Bradley,Cox,0.6,Interviewing
CAND08101,REQ11375,Katrina,Sullivan,14.4,Rejected
CAND08102,REQ06921,Sylvia,Jones,3.9,Rejected
CAND08103,REQ10537,John,Cox,14.7,Rejected
CAND08104,REQ09103,Robin,Hendricks,1.0,Interviewing
CAND08105,REQ07702,Edward,Davis,12.0,Rejected
CAND08106,REQ12365,Brian,Castro,5.3,Hired
CAND08107,REQ14944,Jeffrey,Drake,18.3,Rejected
CAND08108,REQ04409,Monique,Carter,13.6,Rejected
CAND08109,REQ22035,Alexandra,Sullivan,18.7,Rejected
CAND08110,REQ18340,Curtis,Berger,3.4,Rejected
CAND08111,REQ19622,Kenneth,Bruce,0.5,Rejected
CAND08112,REQ23564,Lisa,Williams,1.6,Rejected
CAND08113,REQ09042,Aaron,Flores,5.4,Hired
CAND08114,REQ02891,Angela,Reed,12.1,Rejected
CAND08115,REQ04750,John,Vargas,14.3,Rejected
CAND08116,REQ05113,Tonya,Ware,2.5,Interviewing
CAND08117,REQ00837,Thomas,Guerra,16.0,Rejected
CAND08118,REQ10923,Stacey,Blackwell,19.7,Rejected
CAND08119,REQ23697,Kara,Marquez,14.9,Rejected
CAND08120,REQ23921,Robert,Smith,12.6,Rejected
CAND08121,REQ09796,Matthew,Sandoval,10.7,Rejected
CAND08122,REQ00529,Michael,Myers,19.2,Rejected
CAND08123,REQ15815,Brooke,Sampson,9.7,Interviewing
CAND08124,REQ05143,Julia,Berry,17.2,Interviewing
CAND08125,REQ16821,Victoria,Riddle,16.4,Rejected
CAND08126,REQ16224,Evelyn,Pennington,2.9,Rejected
CAND08127,REQ21277,Jay,Blankenship,1.8,Hired
CAND08128,REQ17754,Jennifer,Frank,4.6,Rejected
CAND08129,REQ12927,John,Reed,12.1,Rejected
CAND08130,REQ14783,Scott,Thomas,3.3,Rejected
CAND08131,REQ09495,Diane,Wilson,6.7,Rejected
CAND08132,REQ18270,Keith,Hernandez,18.0,Interviewing
CAND08133,REQ04100,Christopher,Taylor,14.7,Interviewing
CAND08134,REQ00114,Denise,Rogers,1.2,Rejected
CAND08135,REQ19855,Patrick,Baird,8.7,Interviewing
CAND08136,REQ14382,Jennifer,Clark,6.8,Rejected
CAND08137,REQ23352,Madison,Buck,11.3,Rejected
CAND08138,REQ19718,John,Kirk,5.9,Rejected
CAND08139,REQ01847,Melanie,Davis,2.2,Interviewing
CAND08140,REQ10718,Terry,Smith,8.2,Rejected
CAND08141,REQ08826,Madeline,Gibson,19.7,Rejected
CAND08142,REQ00833,Donald,Simmons,13.1,Rejected
CAND08143,REQ17306,Michael,Moore,17.1,Rejected
CAND08144,REQ14973,Garrett,Salas,11.0,Rejected
CAND08145,REQ03352,Diana,Foley,7.9,Rejected
CAND08146,REQ06898,Sean,Gomez,17.6,Rejected
CAND08147,REQ18127,Kelly,Garcia,4.5,Interviewing
CAND08148,REQ08053,Trevor,Howard,0.5,Rejected
CAND08149,REQ22898,John,Hines,2.7,Rejected
CAND08150,REQ18391,Dylan,Stark,10.4,Interviewing
CAND08151,REQ05800,Robert,Brewer,2.6,Rejected
CAND08152,REQ17969,Tiffany,Calderon,3.7,Rejected
CAND08153,REQ08019,Dean,Martin,18.3,Rejected
CAND08154,REQ06675,Timothy,Williams,19.5,Rejected
CAND08155,REQ08378,Mariah,Clements,3.1,Rejected
CAND08156,REQ02915,Jeremy,Alexander,5.8,Rejected
CAND08157,REQ08273,Kristin,Williams,15.7,Rejected
CAND08158,REQ18031,Zoe,Williams,9.7,Rejected
CAND08159,REQ04088,Alexis,Ferrell,7.3,Rejected
CAND08160,REQ21585,Nathaniel,Ramirez,8.7,Interviewing
CAND08161,REQ09902,Michele,Graham,2.5,Interviewing
CAND08162,REQ01892,Ashley,Brady,17.0,Rejected
CAND08163,REQ04030,Jason,Barnes,14.2,Offer Extended
CAND08164,REQ14401,Jacqueline,Hill,7.2,Rejected
CAND08165,REQ00304,Samuel,Taylor,10.4,Rejected
CAND08166,REQ13633,Timothy,Owens,17.2,Interviewing
CAND08167,REQ06704,Sean,Anderson,7.6,Rejected
CAND08168,REQ23873,William,Wright,6.9,Rejected
CAND08169,REQ07877,Anthony,Fields,12.3,Offer Extended
CAND08170,REQ24659,Zachary,Roman,19.6,Rejected
CAND08171,REQ17353,Caitlin,Lowe,7.5,Interviewing
CAND08172,REQ02123,Rebecca,Dodson,11.0,Rejected
CAND08173,REQ23944,Sean,Steele,14.9,Rejected
CAND08174,REQ11733,Jennifer,Beltran,14.6,Rejected
CAND08175,REQ24606,Jamie,Logan,8.3,Offer Extended
CAND08176,REQ00180,Kimberly,Oconnor,16.7,Rejected
CAND08177,REQ21381,Micheal,Turner,13.7,Hired
CAND08178,REQ12949,Maria,Vaughn,18.0,Hired
CAND08179,REQ22950,Michael,Miller,0.7,Rejected
CAND08180,REQ24009,Ashley,Arnold,1.9,Offer Extended
CAND08181,REQ06072,Sherri,Patel,18.0,Rejected
CAND08182,REQ14561,Robin,Anderson,9.4,Hired
CAND08183,REQ16815,Amy,Thomas,8.6,Rejected
CAND08184,REQ12537,Lisa,Campbell,12.2,Interviewing
CAND08185,REQ12013,Cory,Petersen,4.8,Rejected
CAND08186,REQ17618,Morgan,Howard,3.2,Rejected
CAND08187,REQ02254,April,Nichols,13.3,Rejected
CAND08188,REQ05902,Glen,Jones,11.0,Rejected
CAND08189,REQ22920,Gabriel,Miller,12.4,Rejected
CAND08190,REQ15067,Michelle,Clark,6.0,Rejected
CAND08191,REQ04411,Kathy,Duran,4.1,Rejected
CAND08192,REQ19742,Daniel,Carter,10.2,Rejected
CAND08193,REQ15404,Ryan,Maddox,16.2,Rejected
CAND08194,REQ11435,Kristine,Phillips,10.0,Rejected
CAND08195,REQ09916,Suzanne,Morales,14.1,Rejected
CAND08196,REQ08030,Amanda,Willis,13.6,Rejected
CAND08197,REQ00962,Christine,Anderson,12.1,Rejected
CAND08198,REQ16360,Michael,Yang,8.9,Rejected
CAND08199,REQ01311,James,Lopez,8.8,Rejected
CAND08200,REQ20145,Robert,Guerra,3.7,Rejected
CAND08201,REQ05465,Gregory,Wong,9.7,Rejected
CAND08202,REQ05254,Kevin,Hoover,8.1,Rejected
CAND08203,REQ21241,Jennifer,Molina,0.8,Rejected
CAND08204,REQ21913,Maurice,Downs,6.6,Interviewing
CAND08205,REQ03206,Michael,Foley,9.2,Interviewing
CAND08206,REQ07202,Ronald,Vaughan,5.5,Hired
CAND08207,REQ05695,Christopher,Bright,3.6,Interviewing
CAND08208,REQ00267,Jenna,Brown,11.6,Rejected
CAND08209,REQ17324,James,Allen,11.5,Rejected
CAND08210,REQ08679,Julie,Hogan,19.9,Interviewing
CAND08211,REQ12553,Denise,Carroll,0.8,Hired
CAND08212,REQ22295,Mark,Waller,6.0,Rejected
CAND08213,REQ05890,Daniel,Powers,17.9,Hired
CAND08214,REQ02703,Timothy,Hernandez,14.4,Interviewing
CAND08215,REQ02590,Cathy,Holden,7.4,Interviewing
CAND08216,REQ05087,Catherine,Hernandez,8.8,Rejected
CAND08217,REQ24927,Glenn,Brown,11.1,Rejected
CAND08218,REQ14613,Mitchell,Henderson,10.0,Rejected
CAND08219,REQ01945,David,Schmidt,6.1,Rejected
CAND08220,REQ13281,Sabrina,Horne,15.2,Rejected
CAND08221,REQ18020,Michael,Crane,14.3,Rejected
CAND08222,REQ00968,Rebecca,Phillips,6.4,Rejected
CAND08223,REQ20097,Rachel,Leon,1.6,Rejected
CAND08224,REQ10482,Bonnie,Lawrence,10.9,Rejected
CAND08225,REQ23412,Brian,Phillips,1.5,Hired
CAND08226,REQ04551,Stephen,Davis,10.5,Hired
CAND08227,REQ02306,Philip,Roman,12.5,Rejected
CAND08228,REQ16379,Emily,Smith,1.0,Rejected
CAND08229,REQ01744,Michelle,Johnson,19.2,Rejected
CAND08230,REQ08491,Aaron,Pierce,14.9,Rejected
CAND08231,REQ18645,Erin,Rose,7.6,Rejected
CAND08232,REQ14165,Tara,Davidson,4.3,Rejected
CAND08233,REQ08954,Sharon,Griffin,18.4,Rejected
CAND08234,REQ12022,Stefanie,Holland,4.6,Rejected
CAND08235,REQ09475,Samuel,Cook,16.0,Interviewing
CAND08236,REQ04013,Jacob,Miller,4.9,Rejected
CAND08237,REQ10627,Daniel,Griffin,7.7,Rejected
CAND08238,REQ24115,Robert,Walker,10.9,Hired
CAND08239,REQ18319,Andrew,Lucero,7.9,Rejected
CAND08240,REQ08503,Larry,Montgomery,9.9,Interviewing
CAND08241,REQ14499,Tamara,Harris,2.7,Rejected
CAND08242,REQ08225,John,Hensley,1.0,Rejected
CAND08243,REQ10533,Jonathan,Mitchell,3.7,Rejected
CAND08244,REQ08118,April,Wolfe,17.2,Rejected
CAND08245,REQ09457,Thomas,Gibson,1.5,Rejected
CAND08246,REQ03564,Laura,Chambers,1.6,Rejected
CAND08247,REQ08979,Robert,Davis,10.8,Rejected
CAND08248,REQ11516,Brandon,Benson,1.4,Hired
CAND08249,REQ22492,Daniel,Kirk,5.4,Offer Extended
CAND08250,REQ09399,Jennifer,Greer,10.3,Rejected
CAND08251,REQ06802,Victor,Morrison,6.7,Interviewing
CAND08252,REQ10874,Raymond,Guzman,16.2,Rejected
CAND08253,REQ23349,Lauren,Holloway,12.5,Interviewing
CAND08254,REQ22068,Julian,Williams,2.3,Rejected
CAND08255,REQ15484,Danielle,Aguilar,7.3,Rejected
CAND08256,REQ20493,Jennifer,Combs,16.4,Rejected
CAND08257,REQ14778,Gary,Perez,4.3,Rejected
CAND08258,REQ05611,Carmen,Austin,6.9,Offer Extended
CAND08259,REQ13684,Kayla,Johnson,9.8,Rejected
CAND08260,REQ08837,Christopher,Gonzalez,2.2,Hired
CAND08261,REQ16392,Lance,Mccarthy,7.0,Rejected
CAND08262,REQ00288,Nicole,Taylor,11.4,Rejected
CAND08263,REQ24637,Jason,Miller,13.6,Rejected
CAND08264,REQ04317,Cynthia,Blair,9.6,Rejected
CAND08265,REQ19368,Jesse,Gordon,8.8,Hired
CAND08266,REQ00356,Tanya,Simpson,7.8,Offer Extended
CAND08267,REQ10681,Lisa,Campbell,19.4,Rejected
CAND08268,REQ06954,Melissa,Adams,7.0,Hired
CAND08269,REQ18046,Amanda,Benjamin,8.8,Rejected
CAND08270,REQ00729,Elizabeth,Jones,7.3,Rejected
CAND08271,REQ23135,Lauren,Robinson,12.8,Interviewing
CAND08272,REQ01050,Nicholas,Clark,4.1,Interviewing
CAND08273,REQ03209,Jason,Bridges,4.4,Rejected
CAND08274,REQ05802,Katie,Newman,0.8,Interviewing
CAND08275,REQ23600,Sara,Alexander,14.9,Hired
CAND08276,REQ20201,Tyler,Reese,5.9,Interviewing
CAND08277,REQ11596,Charlotte,Mccormick,6.3,Rejected
CAND08278,REQ08599,Shannon,Davenport,1.7,Hired
CAND08279,REQ23326,Matthew,Jacobs,2.7,Rejected
CAND08280,REQ06597,Stephen,Bright,4.3,Rejected
CAND08281,REQ06410,Dawn,Patrick,5.3,Rejected
CAND08282,REQ09744,Lisa,Gordon,4.1,Rejected
CAND08283,REQ04442,Noah,Jarvis,8.7,Rejected
CAND08284,REQ06291,Jasmin,Boyle,1.1,Rejected
CAND08285,REQ04962,Bradley,Marsh,16.9,Hired
CAND08286,REQ21604,Melissa,Travis,11.8,Rejected
CAND08287,REQ08917,Richard,Wilson,11.0,Rejected
CAND08288,REQ01332,Jason,Boyd,2.5,Interviewing
CAND08289,REQ21134,Denise,Young,3.3,Rejected
CAND08290,REQ17918,Kathleen,Shields,0.3,Rejected
CAND08291,REQ14939,Kimberly,Estrada,11.2,Hired
CAND08292,REQ16828,Rebekah,Parks,7.8,Rejected
CAND08293,REQ21065,Daniel,Swanson,3.3,Rejected
CAND08294,REQ17573,David,Mills,11.5,Rejected
CAND08295,REQ04956,Bradley,Fitzpatrick,8.5,Hired
CAND08296,REQ22542,Patrick,Robinson,18.5,Interviewing
CAND08297,REQ04729,Meredith,Bailey,16.3,Interviewing
CAND08298,REQ10854,Melissa,Cox,10.4,Rejected
CAND08299,REQ17841,Ian,Lowery,9.7,Rejected
CAND08300,REQ08382,Edward,Colon,2.6,Rejected
CAND08301,REQ07596,Alan,Fuller,16.3,Rejected
CAND08302,REQ03496,Stephen,Munoz,4.6,Rejected
CAND08303,REQ22687,James,Thomas,8.4,Rejected
CAND08304,REQ12597,James,Carroll,4.0,Rejected
CAND08305,REQ24015,Sheena,Thomas,19.6,Hired
CAND08306,REQ18705,Patricia,Medina,10.2,Hired
CAND08307,REQ22129,Christopher,Lawrence,2.5,Rejected
CAND08308,REQ17819,Vanessa,Flores,0.7,Hired
CAND08309,REQ23092,Tiffany,Phelps,15.7,Rejected
CAND08310,REQ21395,Jeffrey,Lopez,15.6,Interviewing
CAND08311,REQ07364,Roy,Stewart,13.5,Rejected
CAND08312,REQ21752,Michael,Hogan,8.6,Offer Extended
CAND08313,REQ03353,Jeffrey,Macdonald,10.3,Rejected
CAND08314,REQ22151,Cody,Kaufman,7.1,Offer Extended
CAND08315,REQ24283,Sheila,Davis,8.1,Rejected
CAND08316,REQ04492,Jeffrey,Mccoy,18.2,Rejected
CAND08317,REQ14338,Michael,Lane,12.1,Rejected
CAND08318,REQ14533,Albert,Rosales,3.3,Rejected
CAND08319,REQ08157,Samantha,Spears,13.7,Rejected
CAND08320,REQ09393,Erica,Bright,16.6,Interviewing
CAND08321,REQ00425,Jessica,Johnson,16.6,Interviewing
CAND08322,REQ14883,James,White,3.1,Rejected
CAND08323,REQ21568,Holly,Becker,5.6,Hired
CAND08324,REQ06923,David,Gonzalez,0.8,Rejected
CAND08325,REQ17284,Gregory,Rodriguez,16.8,Interviewing
CAND08326,REQ18240,Allen,Crosby,11.2,Rejected
CAND08327,REQ07962,David,Manning,3.2,Rejected
CAND08328,REQ05322,Tiffany,Brennan,0.7,Rejected
CAND08329,REQ19364,Joel,Cooper,6.5,Rejected
CAND08330,REQ11314,Robin,Powell,0.8,Rejected
CAND08331,REQ20819,Eileen,Woods,18.4,Interviewing
CAND08332,REQ06455,Kimberly,Buchanan,7.2,Rejected
CAND08333,REQ21688,Tiffany,Daniels,18.4,Rejected
CAND08334,REQ21955,Suzanne,Lewis,19.7,Rejected
CAND08335,REQ06405,Michael,Arias,17.8,Rejected
CAND08336,REQ21002,Calvin,Anderson,17.6,Rejected
CAND08337,REQ17996,Charlene,Martinez,13.2,Rejected
CAND08338,REQ15689,James,Ellis,17.1,Offer Extended
CAND08339,REQ19650,Kathy,Nicholson,16.8,Rejected
CAND08340,REQ11834,Joseph,Bryant,16.5,Interviewing
CAND08341,REQ06371,Alice,Garcia,11.3,Rejected
CAND08342,REQ05226,Jennifer,Griffin,5.8,Rejected
CAND08343,REQ16903,Brett,Gallegos,11.8,Rejected
CAND08344,REQ09775,Patricia,Stewart,0.7,Interviewing
CAND08345,REQ00811,Andrea,Chung,3.8,Interviewing
CAND08346,REQ19087,Sara,Lopez,8.6,Offer Extended
CAND08347,REQ04382,Sean,Adams,7.5,Hired
CAND08348,REQ06341,Isaac,Ramirez,6.1,Rejected
CAND08349,REQ13829,Nicole,Williams,18.4,Rejected
CAND08350,REQ21745,Christian,Miranda,10.5,Rejected
CAND08351,REQ06594,Donna,Simpson,16.9,Offer Extended
CAND08352,REQ03887,Michael,Anderson,7.8,Rejected
CAND08353,REQ14072,Alexis,Ross,8.8,Rejected
CAND08354,REQ12359,Amanda,Evans,4.4,Interviewing
CAND08355,REQ03119,Luis,Gonzalez,2.2,Hired
CAND08356,REQ12393,Linda,Fitzgerald,19.1,Rejected
CAND08357,REQ01492,Heather,Little,7.9,Offer Extended
CAND08358,REQ24019,Robert,Miller,12.9,Interviewing
CAND08359,REQ01866,Brent,Garcia,8.7,Rejected
CAND08360,REQ03701,Elijah,Coleman,9.5,Rejected
CAND08361,REQ14110,Gregory,Gonzalez,15.7,Interviewing
CAND08362,REQ03064,Stacie,Russell,8.5,Hired
CAND08363,REQ11124,Brian,Brown,18.3,Rejected
CAND08364,REQ17590,Jesse,Anderson,15.1,Rejected
CAND08365,REQ03753,Elizabeth,Olson,7.8,Rejected
CAND08366,REQ15556,Jamie,Harris,14.5,Offer Extended
CAND08367,REQ02997,Ashley,Douglas,6.7,Rejected
CAND08368,REQ16366,Dylan,Haynes,8.7,Hired
CAND08369,REQ20814,Joyce,Frye,9.5,Offer Extended
CAND08370,REQ18774,Sandra,Higgins,7.8,Rejected
CAND08371,REQ16043,Laura,Cross,14.5,Hired
CAND08372,REQ24441,Nicholas,Miller,6.5,Hired
CAND08373,REQ21361,Jennifer,Anthony,10.4,Rejected
CAND08374,REQ04946,Heidi,Jones,17.9,Offer Extended
CAND08375,REQ23050,David,Ward,16.6,Rejected
CAND08376,REQ17060,Bryce,Miller,4.1,Rejected
CAND08377,REQ02458,Phillip,Bond,19.0,Rejected
CAND08378,REQ14383,Sara,Gray,11.8,Interviewing
CAND08379,REQ00171,David,White,11.2,Rejected
CAND08380,REQ23145,Cameron,Pitts,12.1,Rejected
CAND08381,REQ00369,Arthur,Juarez,15.4,Interviewing
CAND08382,REQ09334,Joyce,Weaver,2.8,Rejected
CAND08383,REQ01560,Jordan,Phillips,15.6,Rejected
CAND08384,REQ22330,David,Andrews,17.0,Rejected
CAND08385,REQ15354,Paula,Williams,4.3,Rejected
CAND08386,REQ01061,Margaret,Richardson,4.6,Interviewing
CAND08387,REQ22076,Denise,Guzman,0.9,Offer Extended
CAND08388,REQ18198,Christopher,Calhoun,5.8,Interviewing
CAND08389,REQ23496,Amy,Brown,1.7,Rejected
CAND08390,REQ20311,Craig,Pace,3.8,Rejected
CAND08391,REQ17335,Melissa,Burke,8.4,Rejected
CAND08392,REQ09437,Daniel,Rowe,8.3,Rejected
CAND08393,REQ03867,Erika,White,17.9,Hired
CAND08394,REQ20387,Danielle,Jones,15.5,Rejected
CAND08395,REQ18184,Christopher,Williams,13.9,Rejected
CAND08396,REQ11790,Misty,Bridges,18.2,Rejected
CAND08397,REQ01175,Chad,Walker,8.8,Rejected
CAND08398,REQ23424,Elizabeth,Baker,3.4,Rejected
CAND08399,REQ21313,Wesley,Young,0.1,Rejected
CAND08400,REQ14985,Gloria,Anderson,13.1,Rejected
CAND08401,REQ22880,Tanner,Martinez,10.3,Hired
CAND08402,REQ17842,Lori,Cook,16.1,Rejected
CAND08403,REQ09238,Kimberly,Barnett,7.4,Rejected
CAND08404,REQ11920,Jackie,White,19.9,Rejected
CAND08405,REQ04485,Justin,Mcdonald,7.8,Hired
CAND08406,REQ18302,Andrew,Combs,10.8,Offer Extended
CAND08407,REQ01589,Garrett,Hammond,0.5,Rejected
CAND08408,REQ09271,Jessica,Banks,13.3,Rejected
CAND08409,REQ24524,Jeffrey,Little,4.8,Rejected
CAND08410,REQ03923,Desiree,Green,16.6,Rejected
CAND08411,REQ13136,Michael,Herrera,8.9,Rejected
CAND08412,REQ24356,Karen,Shea,11.9,Interviewing
CAND08413,REQ18721,Gary,Graves,11.9,Hired
CAND08414,REQ18520,Beverly,Baldwin,10.4,Rejected
CAND08415,REQ09811,Laura,Gray,4.7,Rejected
CAND08416,REQ14870,Daniel,Lawrence,18.9,Offer Extended
CAND08417,REQ20576,Michael,Flores,8.3,Rejected
CAND08418,REQ23691,Benjamin,Mccoy,15.1,Rejected
CAND08419,REQ16989,John,Bridges,1.6,Interviewing
CAND08420,REQ16306,Maurice,Carter,15.8,Hired
CAND08421,REQ11038,Gerald,May,14.7,Interviewing
CAND08422,REQ17002,Andrew,Vargas,15.8,Rejected
CAND08423,REQ22284,Mark,Myers,0.8,Rejected
CAND08424,REQ20083,Elizabeth,Leach,7.7,Interviewing
CAND08425,REQ05641,Mandy,Peterson,0.2,Rejected
CAND08426,REQ12857,Douglas,Porter,5.7,Rejected
CAND08427,REQ10928,Hailey,Young,12.8,Rejected
CAND08428,REQ08101,Danielle,Case,12.3,Rejected
CAND08429,REQ05556,Adam,Burns,12.4,Interviewing
CAND08430,REQ21323,Natalie,Perez,16.4,Hired
CAND08431,REQ19975,Nicholas,Stephenson,6.6,Interviewing
CAND08432,REQ02781,Tiffany,Johns,1.8,Rejected
CAND08433,REQ09029,Debra,Barker,7.3,Rejected
CAND08434,REQ04853,Roger,Fletcher,2.9,Rejected
CAND08435,REQ04416,Scott,Willis,11.7,Rejected
CAND08436,REQ05353,Andrew,Parker,18.2,Rejected
CAND08437,REQ00372,John,Woodward,10.4,Interviewing
CAND08438,REQ24022,William,Mason,5.3,Hired
CAND08439,REQ03989,Laura,Gates,1.1,Rejected
CAND08440,REQ06917,Stephen,Bowman,17.4,Rejected
CAND08441,REQ21351,Henry,Solis,9.0,Rejected
CAND08442,REQ18506,Taylor,Reyes,0.5,Rejected
CAND08443,REQ15252,Denise,Perry,6.7,Rejected
CAND08444,REQ16840,Lisa,Flores,5.6,Rejected
CAND08445,REQ21610,Thomas,Bowman,6.1,Interviewing
CAND08446,REQ20436,Timothy,Davis,19.3,Hired
CAND08447,REQ19445,Ashley,Jackson,19.6,Hired
CAND08448,REQ14738,Randy,Anderson,14.1,Interviewing
CAND08449,REQ05250,Kirk,Sanchez,18.4,Interviewing
CAND08450,REQ11756,Amy,Morgan,19.8,Hired
CAND08451,REQ00400,Makayla,Riley,4.5,Interviewing
CAND08452,REQ05599,Brian,Santana,10.5,Interviewing
CAND08453,REQ08935,Emily,Young,0.3,Rejected
CAND08454,REQ10830,Stephanie,Villegas,15.1,Rejected
CAND08455,REQ13797,Ashley,Taylor,12.2,Rejected
CAND08456,REQ23924,Sarah,Morris,9.5,Rejected
CAND08457,REQ05464,Linda,Jones,18.6,Rejected
CAND08458,REQ12853,Jay,Lyons,18.5,Rejected
CAND08459,REQ22265,Charles,Hutchinson,15.3,Rejected
CAND08460,REQ16517,Alisha,Adams,1.5,Offer Extended
CAND08461,REQ24304,Mark,Duarte,14.2,Offer Extended
CAND08462,REQ06915,Laura,Bond,5.4,Hired
CAND08463,REQ13732,Michael,Smith,3.3,Rejected
CAND08464,REQ14351,Jeff,Bauer,8.3,Rejected
CAND08465,REQ17638,Debra,Cummings,0.8,Rejected
CAND08466,REQ14946,Dana,Johnson,14.6,Interviewing
CAND08467,REQ23858,Thomas,Moore,16.0,Rejected
CAND08468,REQ06233,Emma,Ortiz,19.8,Rejected
CAND08469,REQ14291,Courtney,Hudson,19.2,Rejected
CAND08470,REQ19297,James,Wagner,6.2,Rejected
CAND08471,REQ07077,Sarah,Hopkins,2.4,Offer Extended
CAND08472,REQ09576,Noah,Finley,2.2,Rejected
CAND08473,REQ23605,Ricky,Williams,11.7,Rejected
CAND08474,REQ01493,Jeff,Vargas,18.3,Rejected
CAND08475,REQ03820,Shelby,Hayes,10.3,Rejected
CAND08476,REQ13931,Thomas,Mitchell,16.6,Rejected
CAND08477,REQ08643,Denise,Gregory,0.9,Interviewing
CAND08478,REQ01342,Laura,Gonzalez,9.8,Rejected
CAND08479,REQ10060,Catherine,Martinez,17.3,Interviewing
CAND08480,REQ02723,John,Thompson,18.5,Interviewing
CAND08481,REQ04409,Crystal,Beck,12.0,Interviewing
CAND08482,REQ24838,Manuel,Patrick,14.9,Hired
CAND08483,REQ24225,Jeffrey,Thomas,12.1,Rejected
CAND08484,REQ24123,Daniel,Allen,16.3,Rejected
CAND08485,REQ01829,Matthew,Burns,14.6,Rejected
CAND08486,REQ21274,Cheryl,Phillips,5.7,Interviewing
CAND08487,REQ03917,Charles,Petty,9.5,Rejected
CAND08488,REQ10961,Jessica,Bell,4.6,Rejected
CAND08489,REQ02068,Steven,Mercado,9.8,Rejected
CAND08490,REQ06349,Claire,Stewart,14.1,Interviewing
CAND08491,REQ03812,Emily,Roberts,17.4,Rejected
CAND08492,REQ00586,Stephen,Daniels,17.1,Rejected
CAND08493,REQ18932,Peter,Mercado,10.3,Interviewing
CAND08494,REQ00334,Amy,Ramos,3.5,Interviewing
CAND08495,REQ08569,Jessica,Klein,16.9,Rejected
CAND08496,REQ11454,Eric,Wang,15.0,Interviewing
CAND08497,REQ21719,Mark,Williams,5.3,Interviewing
CAND08498,REQ22530,Raymond,French,10.8,Rejected
CAND08499,REQ24551,Tonya,Conley,16.2,Rejected
CAND08500,REQ21063,Patricia,Brown,0.5,Rejected
CAND08501,REQ01379,Harold,Phelps,9.0,Rejected
CAND08502,REQ21018,Kristine,Waters,7.9,Rejected
CAND08503,REQ10453,Kaitlin,Sanchez,10.9,Rejected
CAND08504,REQ17557,Benjamin,Stewart,6.4,Offer Extended
CAND08505,REQ03848,Connor,Nunez,15.7,Rejected
CAND08506,REQ05771,Amy,Parker,0.6,Rejected
CAND08507,REQ07407,Eric,Ramos,10.3,Rejected
CAND08508,REQ18771,Hayden,Jones,17.7,Rejected
CAND08509,REQ11097,Kathryn,Wells,2.9,Rejected
CAND08510,REQ22543,Michelle,Harris,0.2,Hired
CAND08511,REQ17802,Katherine,Williams,16.1,Hired
CAND08512,REQ05183,Dawn,Fowler,9.7,Interviewing
CAND08513,REQ02298,Wesley,Atkinson,19.8,Interviewing
CAND08514,REQ20636,Ashley,Allen,14.8,Rejected
CAND08515,REQ07230,Brenda,Evans,19.4,Rejected
CAND08516,REQ20497,Michael,Anderson,3.3,Rejected
CAND08517,REQ19794,Barbara,Bray,1.9,Interviewing
CAND08518,REQ08856,Isaiah,Dillon,1.4,Interviewing
CAND08519,REQ12736,Erin,Roberts,8.1,Interviewing
CAND08520,REQ18261,Erik,Mills,11.3,Rejected
CAND08521,REQ02350,Daniel,Roberts,8.4,Rejected
CAND08522,REQ12928,Jason,Terry,2.6,Rejected
CAND08523,REQ13425,Thomas,Good,7.0,Interviewing
CAND08524,REQ21325,Miranda,Stanton,19.6,Rejected
CAND08525,REQ18047,Mary,Poole,13.3,Rejected
CAND08526,REQ13346,Curtis,Beard,11.8,Rejected
CAND08527,REQ15252,Wanda,Gonzalez,1.9,Rejected
CAND08528,REQ01080,Andrew,Anderson,4.7,Rejected
CAND08529,REQ14350,Felicia,Brown,13.2,Rejected
CAND08530,REQ13873,Shawn,Owens,2.1,Rejected
CAND08531,REQ23609,Michael,Eaton,14.7,Rejected
CAND08532,REQ22319,Rebecca,Boone,17.4,Rejected
CAND08533,REQ16723,Katrina,Washington,17.5,Rejected
CAND08534,REQ18276,Holly,Harmon,18.5,Rejected
CAND08535,REQ04716,Cheryl,Brewer,15.2,Interviewing
CAND08536,REQ21706,Raven,Baldwin,12.7,Rejected
CAND08537,REQ21752,Matthew,Cabrera,9.0,Rejected
CAND08538,REQ11775,Amy,Thornton,8.3,Interviewing
CAND08539,REQ05171,Stephen,Knapp,4.3,Rejected
CAND08540,REQ19628,Dylan,Wyatt,6.7,Rejected
CAND08541,REQ22573,Traci,Miller,9.9,Interviewing
CAND08542,REQ17368,Stephanie,Jackson,11.9,Interviewing
CAND08543,REQ13448,Rachel,Sanders,10.8,Rejected
CAND08544,REQ05333,Paige,Conner,13.1,Hired
CAND08545,REQ13639,Michael,Morgan,4.5,Rejected
CAND08546,REQ04211,Sylvia,Murphy,14.7,Rejected
CAND08547,REQ11639,Regina,Watkins,0.0,Rejected
CAND08548,REQ15904,Steve,Villanueva,11.5,Hired
CAND08549,REQ11187,Wendy,Chavez,16.6,Rejected
CAND08550,REQ08312,Jacob,Ramos,10.5,Rejected
CAND08551,REQ02103,Lori,Shields,12.8,Rejected
CAND08552,REQ03087,Catherine,Page,5.3,Hired
CAND08553,REQ22961,Rebecca,Alexander,17.1,Rejected
CAND08554,REQ10396,Alyssa,Flores,8.6,Rejected
CAND08555,REQ17697,Jordan,Wagner,10.7,Interviewing
CAND08556,REQ10804,Dalton,Shaffer,4.9,Rejected
CAND08557,REQ24122,Hector,Wolf,6.5,Rejected
CAND08558,REQ13346,Randall,Johnson,7.4,Rejected
CAND08559,REQ04098,Kathy,Floyd,11.9,Rejected
CAND08560,REQ10419,Tiffany,Banks,7.8,Rejected
CAND08561,REQ16623,Lori,Atkinson,15.7,Rejected
CAND08562,REQ16333,Kathy,Harper,4.5,Rejected
CAND08563,REQ21728,Melissa,King,9.3,Offer Extended
CAND08564,REQ08866,Kristie,Rodriguez,16.6,Rejected
CAND08565,REQ18517,Elizabeth,Nelson,16.7,Rejected
CAND08566,REQ14983,Keith,Allen,4.7,Rejected
CAND08567,REQ21019,William,Ward,8.1,Hired
CAND08568,REQ00010,John,Bailey,7.6,Rejected
CAND08569,REQ04886,Amanda,Mitchell,1.7,Rejected
CAND08570,REQ13296,Tricia,Rivera,15.0,Rejected
CAND08571,REQ07487,Sean,Ross,15.4,Rejected
CAND08572,REQ08370,Tiffany,Rodriguez,13.9,Offer Extended
CAND08573,REQ09283,Hannah,Mckinney,9.2,Rejected
CAND08574,REQ10840,Janice,Farley,17.6,Rejected
CAND08575,REQ11470,Margaret,Figueroa,14.0,Rejected
CAND08576,REQ11065,Jamie,Lewis,14.9,Rejected
CAND08577,REQ05430,Danielle,Jones,14.9,Hired
CAND08578,REQ06306,Rebekah,Fitzgerald,11.4,Rejected
CAND08579,REQ17581,Brandon,Patel,4.0,Rejected
CAND08580,REQ18521,Gina,Juarez,10.6,Interviewing
CAND08581,REQ12813,Barry,Davidson,7.1,Rejected
CAND08582,REQ18902,Dylan,Rodriguez,3.2,Rejected
CAND08583,REQ13274,Natasha,Dominguez,1.8,Interviewing
CAND08584,REQ13658,Alexis,Bush,18.4,Rejected
CAND08585,REQ04424,Michelle,Murray,13.2,Interviewing
CAND08586,REQ11774,Derek,Smith,3.5,Rejected
CAND08587,REQ17751,Laura,Harvey,8.8,Interviewing
CAND08588,REQ04477,Teresa,Holland,19.2,Rejected
CAND08589,REQ15276,Jonathan,Farmer,14.9,Hired
CAND08590,REQ15037,Laura,Parsons,11.2,Interviewing
CAND08591,REQ02918,Kirk,Ford,17.5,Rejected
CAND08592,REQ22980,Jennifer,Gomez,9.5,Interviewing
CAND08593,REQ21513,Ellen,Wolfe,9.2,Rejected
CAND08594,REQ16588,Jeremy,Neal,5.6,Rejected
CAND08595,REQ24614,Valerie,Ingram,17.6,Rejected
CAND08596,REQ05289,Jamie,Hernandez,9.8,Rejected
CAND08597,REQ03331,Robin,Parker,14.6,Rejected
CAND08598,REQ01493,Jason,Jackson,1.3,Rejected
CAND08599,REQ13663,Robert,Walker,2.8,Rejected
CAND08600,REQ03021,Michael,Wiley,14.7,Rejected
CAND08601,REQ01540,Robert,Allen,19.1,Rejected
CAND08602,REQ02565,Sabrina,Mitchell,1.5,Rejected
CAND08603,REQ13101,Jonathan,Thomas,14.1,Hired
CAND08604,REQ18035,Adam,Russell,1.2,Rejected
CAND08605,REQ05184,Carmen,Morales,14.3,Offer Extended
CAND08606,REQ10331,Pamela,Snyder,10.4,Rejected
CAND08607,REQ24536,Michelle,Parker,15.5,Rejected
CAND08608,REQ01221,Emma,Shepherd,17.4,Rejected
CAND08609,REQ18962,Stephen,Diaz,13.9,Interviewing
CAND08610,REQ16714,Holly,Moses,13.4,Hired
CAND08611,REQ10240,James,Smith,4.4,Rejected
CAND08612,REQ02421,Lisa,Smith,1.3,Rejected
CAND08613,REQ00761,Pamela,Castro,7.4,Rejected
CAND08614,REQ04663,Maria,Morris,8.6,Rejected
CAND08615,REQ00654,Mark,Lopez,9.5,Rejected
CAND08616,REQ07290,April,Miller,17.4,Rejected
CAND08617,REQ06008,Michael,Alvarez,13.9,Hired
CAND08618,REQ13212,Rebecca,Smith,4.7,Offer Extended
CAND08619,REQ17894,Henry,Ross,8.2,Interviewing
CAND08620,REQ01136,Jonathan,Hess,0.8,Rejected
CAND08621,REQ04344,Kevin,Padilla,6.0,Hired
CAND08622,REQ17356,Jason,Erickson,8.4,Rejected
CAND08623,REQ21349,Michael,Powell,3.1,Rejected
CAND08624,REQ01746,Brianna,Stewart,8.9,Interviewing
CAND08625,REQ01202,Michael,Barton,13.1,Interviewing
CAND08626,REQ19177,Ryan,Davis,17.2,Rejected
CAND08627,REQ19443,Austin,Keith,17.5,Rejected
CAND08628,REQ18468,Alex,Brown,7.3,Hired
CAND08629,REQ05761,Jessica,Valencia,9.1,Rejected
CAND08630,REQ14228,Jenna,Ford,1.5,Rejected
CAND08631,REQ17411,Jennifer,Jones,0.2,Hired
CAND08632,REQ10148,Kimberly,Bell,18.9,Rejected
CAND08633,REQ02107,Amanda,Oneal,18.2,Rejected
CAND08634,REQ24917,Patrick,Yang,2.2,Rejected
CAND08635,REQ15809,David,Davis,9.3,Rejected
CAND08636,REQ04821,Chelsea,Jones,9.7,Rejected
CAND08637,REQ18010,Larry,Rhodes,6.9,Rejected
CAND08638,REQ16878,Kristi,Snow,19.8,Rejected
CAND08639,REQ14288,Nicholas,Barnes,15.9,Hired
CAND08640,REQ12831,Colleen,Lawrence,19.0,Rejected
CAND08641,REQ17837,Mitchell,Steele,15.0,Rejected
CAND08642,REQ06448,Andrew,Rose,15.0,Offer Extended
CAND08643,REQ15934,Matthew,Mckenzie,1.7,Interviewing
CAND08644,REQ11584,Maurice,Dunlap,16.4,Rejected
CAND08645,REQ09883,Jacob,Pena,16.5,Offer Extended
CAND08646,REQ16297,Daniel,Guzman,2.4,Rejected
CAND08647,REQ20933,Matthew,Parker,2.4,Rejected
CAND08648,REQ14571,Crystal,Gill,18.4,Interviewing
CAND08649,REQ01121,Charles,Brown,16.4,Hired
CAND08650,REQ03256,Amber,Mendoza,2.3,Rejected
CAND08651,REQ21704,Kenneth,Brooks,10.3,Rejected
CAND08652,REQ22088,Stephen,Green,13.6,Rejected
CAND08653,REQ10365,Roy,Blair,17.3,Rejected
CAND08654,REQ08766,Kevin,Castaneda,13.7,Rejected
CAND08655,REQ16288,Mark,Gonzales,18.7,Hired
CAND08656,REQ01040,Richard,Garcia,19.9,Rejected
CAND08657,REQ24275,David,Davis,11.8,Rejected
CAND08658,REQ12364,Timothy,Perez,8.7,Rejected
CAND08659,REQ12464,Joshua,Branch,11.3,Hired
CAND08660,REQ07375,Clarence,Walker,2.0,Rejected
CAND08661,REQ05254,Stacey,Harris,4.7,Rejected
CAND08662,REQ02368,Erin,Grimes,20.0,Rejected
CAND08663,REQ11338,Valerie,Miller,3.1,Interviewing
CAND08664,REQ23323,Curtis,Farmer,16.9,Interviewing
CAND08665,REQ17184,Joseph,Trujillo,2.6,Interviewing
CAND08666,REQ11387,Donna,Morris,5.3,Rejected
CAND08667,REQ20405,Amy,Davis,14.0,Rejected
CAND08668,REQ02868,Brian,Moore,15.3,Rejected
CAND08669,REQ24621,Dennis,Mcfarland,2.2,Rejected
CAND08670,REQ01600,Justin,Brown,14.3,Offer Extended
CAND08671,REQ09234,Charles,Garner,13.8,Rejected
CAND08672,REQ22575,Justin,Wilson,12.6,Rejected
CAND08673,REQ07524,Erik,Hill,3.2,Interviewing
CAND08674,REQ06270,Jaclyn,Taylor,12.2,Rejected
CAND08675,REQ10823,Frederick,Solis,19.6,Offer Extended
CAND08676,REQ21408,Karen,Vaughan,9.3,Rejected
CAND08677,REQ12369,Sarah,Allen,13.7,Rejected
CAND08678,REQ22854,Kenneth,Flowers,3.1,Rejected
CAND08679,REQ05257,Stephen,Giles,16.8,Rejected
CAND08680,REQ12483,Mark,Aguilar,2.9,Hired
CAND08681,REQ10946,Randy,Reese,0.7,Rejected
CAND08682,REQ10404,Willie,Faulkner,15.6,Rejected
CAND08683,REQ18556,James,Greene,7.9,Hired
CAND08684,REQ15303,Nicole,Nash,0.2,Rejected
CAND08685,REQ22153,Emily,Horn,5.1,Rejected
CAND08686,REQ05698,Amber,Colon,19.1,Rejected
CAND08687,REQ02360,Randall,Lewis,9.9,Rejected
CAND08688,REQ01496,Steven,Smith,9.4,Offer Extended
CAND08689,REQ11024,Connie,Lopez,1.7,Interviewing
CAND08690,REQ01464,Roberto,Nelson,16.8,Rejected
CAND08691,REQ12702,Daniel,Nicholson,11.6,Offer Extended
CAND08692,REQ00799,Michael,King,11.4,Rejected
CAND08693,REQ23304,Holly,Fox,16.8,Rejected
CAND08694,REQ01776,Tabitha,Baker,16.4,Interviewing
CAND08695,REQ08690,Jamie,Calhoun,2.1,Rejected
CAND08696,REQ21315,Lauren,Smith,8.2,Rejected
CAND08697,REQ19304,Nichole,Allen,1.6,Hired
CAND08698,REQ24333,John,Massey,4.2,Rejected
CAND08699,REQ10113,Kenneth,Avila,13.6,Offer Extended
CAND08700,REQ08328,Heather,Berg,7.8,Hired
CAND08701,REQ02792,Hannah,Bailey,7.4,Interviewing
CAND08702,REQ06514,Daniel,Mcmillan,6.5,Rejected
CAND08703,REQ13094,Corey,Baker,16.0,Rejected
CAND08704,REQ02450,Melissa,Simmons,13.6,Hired
CAND08705,REQ17775,Andrew,Simmons,13.8,Rejected
CAND08706,REQ03440,Christopher,Woods,10.4,Rejected
CAND08707,REQ08306,William,Short,5.5,Rejected
CAND08708,REQ06148,Jeffrey,Clark,11.5,Offer Extended
CAND08709,REQ00090,Kristin,Miller,18.5,Rejected
CAND08710,REQ19504,Christopher,Miller,4.8,Hired
CAND08711,REQ09139,Linda,Johnson,10.1,Rejected
CAND08712,REQ23395,Nathan,Mendoza,11.3,Rejected
CAND08713,REQ06823,Karen,Ramirez,11.8,Rejected
CAND08714,REQ05404,Richard,Graves,15.2,Rejected
CAND08715,REQ10619,Cameron,Key,16.0,Rejected
CAND08716,REQ06711,Annette,Clarke,4.3,Rejected
CAND08717,REQ13400,Kristina,Padilla,13.7,Rejected
CAND08718,REQ14623,Chelsey,Robinson,6.7,Rejected
CAND08719,REQ07484,Christopher,Phillips,11.8,Rejected
CAND08720,REQ15949,Linda,Hurst,1.2,Rejected
CAND08721,REQ20901,Sean,Nicholson,6.1,Hired
CAND08722,REQ06595,Lisa,Cooper,16.3,Rejected
CAND08723,REQ05403,Daniel,Gross,8.6,Interviewing
CAND08724,REQ20924,Alex,Johnson,0.6,Rejected
CAND08725,REQ15688,Lisa,Barnes,10.3,Interviewing
CAND08726,REQ10014,Dylan,Douglas,11.3,Rejected
CAND08727,REQ24894,Laura,Thomas,9.4,Offer Extended
CAND08728,REQ16313,Nicholas,Lewis,10.7,Rejected
CAND08729,REQ20567,Terry,Everett,5.6,Interviewing
CAND08730,REQ11269,Daniel,Fox,12.2,Rejected
CAND08731,REQ06964,Brenda,Hernandez,2.6,Rejected
CAND08732,REQ02202,Alyssa,Johnson,7.4,Rejected
CAND08733,REQ06220,Kevin,Chaney,12.4,Rejected
CAND08734,REQ08787,Lori,Poole,16.2,Rejected
CAND08735,REQ17654,Bryce,Romero,16.8,Rejected
CAND08736,REQ21624,Jennifer,Calderon,12.0,Hired
CAND08737,REQ12561,Stephanie,Clarke,19.1,Rejected
CAND08738,REQ03180,Nicholas,Hoover,13.1,Rejected
CAND08739,REQ17876,Christopher,Carr,4.3,Rejected
CAND08740,REQ21164,Zachary,Henderson,20.0,Hired
CAND08741,REQ18642,Mary,Sawyer,8.8,Rejected
CAND08742,REQ23442,Robert,Jordan,9.9,Interviewing
CAND08743,REQ12047,Amanda,Saunders,11.0,Rejected
CAND08744,REQ03320,Nicholas,Freeman,10.5,Rejected
CAND08745,REQ11698,David,Pacheco,5.6,Rejected
CAND08746,REQ02169,Deborah,Weiss,17.5,Interviewing
CAND08747,REQ16265,Hannah,Robinson,13.0,Interviewing
CAND08748,REQ14934,Kimberly,Ewing,19.4,Rejected
CAND08749,REQ24784,Pamela,Fernandez,14.4,Rejected
CAND08750,REQ14425,Cole,Buckley,7.1,Rejected
CAND08751,REQ17122,Stanley,Smith,6.1,Interviewing
CAND08752,REQ23261,Elizabeth,Hines,4.2,Rejected
CAND08753,REQ17650,Michele,Kennedy,2.7,Rejected
CAND08754,REQ20062,Brandon,Curry,9.2,Rejected
CAND08755,REQ06635,Lawrence,Calderon,3.9,Rejected
CAND08756,REQ22722,Carrie,Wilson,5.9,Rejected
CAND08757,REQ09403,Jessica,Morgan,11.0,Rejected
CAND08758,REQ05400,Janet,Dillon,19.8,Rejected
CAND08759,REQ14907,Kevin,Sosa,10.2,Rejected
CAND08760,REQ12408,Michael,Garcia,3.4,Rejected
CAND08761,REQ19239,James,Ford,4.9,Rejected
CAND08762,REQ01225,Jessica,Simpson,1.2,Rejected
CAND08763,REQ01652,Tara,Garcia,9.7,Rejected
CAND08764,REQ19594,Debbie,Mckinney,4.9,Rejected
CAND08765,REQ22992,Billy,Brown,10.6,Hired
CAND08766,REQ23448,Vanessa,Sanchez,5.7,Rejected
CAND08767,REQ11150,Ashley,Hudson,14.5,Interviewing
CAND08768,REQ22542,Jeremy,Medina,4.6,Rejected
CAND08769,REQ19874,Paula,Brown,4.9,Offer Extended
CAND08770,REQ15174,Shannon,Strickland,12.1,Hired
CAND08771,REQ09423,Ashley,Serrano,14.9,Rejected
CAND08772,REQ11181,Todd,Scott,18.2,Interviewing
CAND08773,REQ01398,Stacy,Parks,10.6,Interviewing
CAND08774,REQ18374,Willie,Parks,0.3,Rejected
CAND08775,REQ12009,Adam,Yu,17.4,Rejected
CAND08776,REQ04297,Michael,Wallace,13.7,Hired
CAND08777,REQ09586,Alexandra,Vang,13.4,Interviewing
CAND08778,REQ08596,David,Shepard,14.3,Rejected
CAND08779,REQ13022,Stacey,Kerr,6.3,Offer Extended
CAND08780,REQ03361,Sean,Fischer,0.1,Rejected
CAND08781,REQ15786,Kenneth,Oneal,18.2,Rejected
CAND08782,REQ03762,Lisa,Lopez,10.0,Rejected
CAND08783,REQ08497,Stephen,Stevenson,13.7,Rejected
CAND08784,REQ23284,David,Garcia,7.8,Rejected
CAND08785,REQ22159,Antonio,Smith,11.1,Interviewing
CAND08786,REQ13447,Michael,Gibbs,3.2,Offer Extended
CAND08787,REQ01842,Juan,Wagner,15.2,Rejected
CAND08788,REQ16483,Steven,Hall,4.3,Hired
CAND08789,REQ06395,Katherine,Kaiser,19.6,Rejected
CAND08790,REQ03956,Paige,Cook,16.9,Rejected
CAND08791,REQ06532,Eric,Mendoza,0.6,Interviewing
CAND08792,REQ18794,David,Moore,7.2,Rejected
CAND08793,REQ17528,Leon,Flowers,3.8,Rejected
CAND08794,REQ17406,Roberta,Graham,1.4,Rejected
CAND08795,REQ14669,Jonathan,Harding,14.1,Rejected
CAND08796,REQ18088,Jasmine,Davis,4.0,Rejected
CAND08797,REQ10919,Kenneth,Gibbs,15.0,Rejected
CAND08798,REQ21555,Ryan,Whitney,19.3,Rejected
CAND08799,REQ09241,Joel,Sloan,19.2,Rejected
CAND08800,REQ05386,John,Cox,15.2,Rejected
CAND08801,REQ16270,Margaret,Fernandez,15.5,Interviewing
CAND08802,REQ18226,Lisa,Kelley,13.8,Offer Extended
CAND08803,REQ10460,Randy,Reed,18.5,Rejected
CAND08804,REQ20666,Renee,Murphy,8.5,Rejected
CAND08805,REQ08597,Ricky,Mitchell,1.8,Rejected
CAND08806,REQ05369,Crystal,Blankenship,8.7,Rejected
CAND08807,REQ04699,Marcus,Stewart,9.1,Hired
CAND08808,REQ18778,Gerald,Moore,10.3,Rejected
CAND08809,REQ11897,Tyler,Maxwell,18.4,Rejected
CAND08810,REQ06436,Karen,Guerra,15.0,Rejected
CAND08811,REQ21527,Samantha,Torres,19.2,Hired
CAND08812,REQ15772,Blake,Turner,8.4,Rejected
CAND08813,REQ18527,Jamie,Gilmore,8.5,Interviewing
CAND08814,REQ10173,Shane,Lane,11.8,Rejected
CAND08815,REQ22557,Caroline,Herrera,9.3,Rejected
CAND08816,REQ13849,Joan,Horton,12.9,Rejected
CAND08817,REQ19929,Fred,Gomez,0.8,Rejected
CAND08818,REQ00821,Patrick,Stephens,18.6,Rejected
CAND08819,REQ14790,Nicole,Woods,16.5,Rejected
CAND08820,REQ23663,Donna,Barnes,2.0,Rejected
CAND08821,REQ22059,Mary,Gonzalez,17.6,Rejected
CAND08822,REQ09077,Michael,Wood,12.3,Interviewing
CAND08823,REQ06027,Wendy,Powell,5.5,Interviewing
CAND08824,REQ01121,Christopher,Campbell,3.6,Rejected
CAND08825,REQ00038,Pamela,Gray,5.1,Rejected
CAND08826,REQ02957,Jennifer,Williams,8.1,Interviewing
CAND08827,REQ14693,Jill,Stanton,16.2,Offer Extended
CAND08828,REQ20008,Anna,Moore,18.3,Rejected
CAND08829,REQ14521,Robert,Park,4.4,Rejected
CAND08830,REQ17407,Tanya,Garcia,1.8,Rejected
CAND08831,REQ01521,Michael,Cohen,16.9,Rejected
CAND08832,REQ08361,Lisa,Robertson,15.6,Rejected
CAND08833,REQ06722,Richard,Perez,4.8,Hired
CAND08834,REQ05408,Emily,Knight,1.9,Rejected
CAND08835,REQ00430,Joseph,West,2.5,Rejected
CAND08836,REQ08784,Richard,Jordan,4.0,Rejected
CAND08837,REQ06299,Raymond,Peterson,4.6,Rejected
CAND08838,REQ16493,Jordan,Garcia,7.4,Rejected
CAND08839,REQ24418,April,Gutierrez,1.1,Rejected
CAND08840,REQ08124,Jeffrey,King,3.0,Interviewing
CAND08841,REQ04718,Jessica,Jones,17.8,Rejected
CAND08842,REQ15014,Todd,Thornton,6.3,Interviewing
CAND08843,REQ16777,Kimberly,Patterson,0.6,Rejected
CAND08844,REQ12551,Ryan,Knight,15.7,Interviewing
CAND08845,REQ18176,Dana,Kim,12.8,Rejected
CAND08846,REQ18880,Matthew,Sandoval,11.6,Offer Extended
CAND08847,REQ10953,Victor,Davis,7.0,Rejected
CAND08848,REQ20644,Jennifer,Johnson,17.1,Rejected
CAND08849,REQ01662,Brendan,Boyd,7.8,Hired
CAND08850,REQ23029,Victoria,Munoz,9.6,Rejected
CAND08851,REQ14242,Sara,Kennedy,15.1,Rejected
CAND08852,REQ06689,Gina,Medina,1.9,Rejected
CAND08853,REQ09180,Lawrence,Goodman,12.0,Offer Extended
CAND08854,REQ19155,Thomas,Aguirre,12.8,Rejected
CAND08855,REQ23824,John,Johnson,17.8,Offer Extended
CAND08856,REQ10761,Heather,Armstrong,3.3,Hired
CAND08857,REQ24710,Vanessa,Brown,11.4,Hired
CAND08858,REQ18979,Kirsten,Fernandez,9.3,Rejected
CAND08859,REQ19161,Colin,Yoder,15.7,Rejected
CAND08860,REQ11875,Carlos,Maddox,6.2,Rejected
CAND08861,REQ02001,Daniel,Taylor,19.8,Rejected
CAND08862,REQ23191,Dana,Brown,15.0,Rejected
CAND08863,REQ17108,Darren,Richardson,18.6,Offer Extended
CAND08864,REQ11226,Lauren,Howell,17.2,Rejected
CAND08865,REQ13864,Christopher,Martin,2.8,Rejected
CAND08866,REQ03572,Christina,Vazquez,6.4,Rejected
CAND08867,REQ03683,Joseph,Hardin,18.8,Rejected
CAND08868,REQ10352,Cassandra,Jones,14.8,Rejected
CAND08869,REQ12118,John,Vang,0.7,Rejected
CAND08870,REQ08544,Sean,Smith,6.0,Rejected
CAND08871,REQ07056,Wesley,Hill,0.8,Rejected
CAND08872,REQ17912,Anthony,Moore,6.5,Interviewing
CAND08873,REQ12129,Natalie,Chan,16.1,Rejected
CAND08874,REQ06719,Diane,Garcia,9.0,Rejected
CAND08875,REQ21909,John,Reed,7.2,Rejected
CAND08876,REQ19618,Jason,Becker,13.8,Rejected
CAND08877,REQ15923,Jeremiah,Richardson,12.3,Rejected
CAND08878,REQ23262,Lacey,Heath,8.9,Rejected
CAND08879,REQ16655,Richard,Jacobs,16.9,Rejected
CAND08880,REQ07426,John,West,7.9,Hired
CAND08881,REQ11267,Chad,Lee,4.5,Rejected
CAND08882,REQ08537,Anthony,Bowman,13.8,Rejected
CAND08883,REQ22363,David,Bennett,15.7,Hired
CAND08884,REQ04644,Ashley,King,9.4,Hired
CAND08885,REQ04876,Anthony,Newton,4.1,Rejected
CAND08886,REQ21414,Joseph,Washington,16.3,Rejected
CAND08887,REQ06620,Michelle,Rodriguez,1.1,Hired
CAND08888,REQ13531,Pamela,Newman,5.1,Rejected
CAND08889,REQ04631,Jennifer,Cruz,11.3,Rejected
CAND08890,REQ10623,Adam,Gregory,6.2,Rejected
CAND08891,REQ22055,Catherine,Wood,0.5,Hired
CAND08892,REQ24671,Kevin,Hardy,11.0,Rejected
CAND08893,REQ18589,Charles,Sanders,3.4,Rejected
CAND08894,REQ08257,Jessica,Wang,5.3,Rejected
CAND08895,REQ00965,Michael,Martin,4.2,Interviewing
CAND08896,REQ24241,Samantha,Harris,13.8,Rejected
CAND08897,REQ23238,Victoria,Rivera,6.8,Rejected
CAND08898,REQ14514,Lisa,Stevens,17.9,Rejected
CAND08899,REQ18654,Robert,Colon,4.8,Rejected
CAND08900,REQ00487,Joseph,Young,15.7,Rejected
CAND08901,REQ21551,Daniel,Edwards,18.7,Hired
CAND08902,REQ24964,Karen,Fisher,14.3,Rejected
CAND08903,REQ02915,Shelby,Wise,16.7,Rejected
CAND08904,REQ08197,Richard,Williams,3.5,Hired
CAND08905,REQ09819,Stephanie,Perkins,15.5,Rejected
CAND08906,REQ04930,Kaylee,Wagner,9.8,Hired
CAND08907,REQ17418,Terrance,Campos,0.7,Interviewing
CAND08908,REQ03056,Randall,Vang,18.2,Rejected
CAND08909,REQ06832,Nancy,Rodriguez,9.5,Rejected
CAND08910,REQ14794,John,Blake,18.4,Hired
CAND08911,REQ00822,Beth,Dawson,2.2,Rejected
CAND08912,REQ19769,Brian,Bell,7.9,Rejected
CAND08913,REQ17385,Clifford,Macias,10.6,Rejected
CAND08914,REQ03970,James,Green,17.3,Hired
CAND08915,REQ18064,Ronald,Booth,3.9,Rejected
CAND08916,REQ21891,Shelly,Steele,16.2,Rejected
CAND08917,REQ12092,Kerri,Hobbs,18.6,Interviewing
CAND08918,REQ08293,Joel,Freeman,8.7,Rejected
CAND08919,REQ18392,Kyle,Ortiz,3.8,Rejected
CAND08920,REQ13823,Rachel,Welch,6.1,Rejected
CAND08921,REQ04423,Brian,Murphy,2.5,Hired
CAND08922,REQ13967,Anita,Aguirre,12.4,Rejected
CAND08923,REQ17218,Ryan,Miller,3.1,Rejected
CAND08924,REQ11571,Paul,Gordon,16.0,Rejected
CAND08925,REQ09071,Lance,Maxwell,13.5,Offer Extended
CAND08926,REQ13037,Michelle,Davis,8.3,Rejected
CAND08927,REQ09716,Sarah,Williams,1.4,Rejected
CAND08928,REQ11240,Anthony,Daniel,17.2,Rejected
CAND08929,REQ17121,Michael,Jenkins,13.1,Rejected
CAND08930,REQ11276,Whitney,Bolton,8.8,Rejected
CAND08931,REQ19016,Keith,Dudley,16.5,Rejected
CAND08932,REQ20775,Michael,Hanna,3.7,Rejected
CAND08933,REQ01326,Carrie,Lee,11.5,Rejected
CAND08934,REQ07949,Sherri,Newton,9.4,Rejected
CAND08935,REQ14874,Ashley,Russo,19.9,Interviewing
CAND08936,REQ24970,Shane,Davis,0.9,Interviewing
CAND08937,REQ05099,Kim,Miller,5.3,Rejected
CAND08938,REQ04220,Daniel,Scott,5.9,Rejected
CAND08939,REQ16322,Robert,Reeves,12.5,Hired
CAND08940,REQ03694,Anthony,Rhodes,10.4,Hired
CAND08941,REQ17028,Pam,Bailey,12.8,Interviewing
CAND08942,REQ08999,Autumn,Finley,3.3,Rejected
CAND08943,REQ03361,Jesse,Simpson,12.9,Rejected
CAND08944,REQ15810,Benjamin,Lee,14.5,Rejected
CAND08945,REQ21784,Charles,Gonzalez,12.2,Rejected
CAND08946,REQ18554,Christina,Young,15.0,Rejected
CAND08947,REQ11691,Andrew,Jensen,19.9,Rejected
CAND08948,REQ03188,Dawn,Martin,4.9,Rejected
CAND08949,REQ09945,Brian,Jones,2.2,Rejected
CAND08950,REQ10222,Paula,Guerrero,20.0,Interviewing
CAND08951,REQ16924,Hayden,Flores,4.1,Rejected
CAND08952,REQ14269,David,Chapman,17.0,Interviewing
CAND08953,REQ04470,William,Manning,4.9,Rejected
CAND08954,REQ11764,Jose,Thomas,11.4,Rejected
CAND08955,REQ21613,Joshua,Walker,16.1,Rejected
CAND08956,REQ12292,Adam,Patel,18.7,Interviewing
CAND08957,REQ17352,Amanda,Smith,4.3,Interviewing
CAND08958,REQ01660,Brent,Clark,14.9,Interviewing
CAND08959,REQ21877,Scott,Salinas,0.8,Rejected
CAND08960,REQ13260,Kristin,Graves,17.3,Offer Extended
CAND08961,REQ03412,Melinda,Young,9.2,Rejected
CAND08962,REQ14218,Marvin,Tucker,11.2,Hired
CAND08963,REQ22320,Nancy,Gilbert,14.9,Interviewing
CAND08964,REQ03825,Amanda,Perry,1.8,Interviewing
CAND08965,REQ20401,Lee,Rodriguez,6.8,Rejected
CAND08966,REQ23341,Michael,Young,16.9,Rejected
CAND08967,REQ10296,Kathleen,Christensen,16.3,Rejected
CAND08968,REQ04361,Peter,James,9.1,Rejected
CAND08969,REQ04171,Monica,Davis,19.0,Rejected
CAND08970,REQ10843,Matthew,Holloway,8.8,Rejected
CAND08971,REQ16933,Gregory,Ferguson,2.7,Rejected
CAND08972,REQ04626,Joseph,Gray,1.6,Hired
CAND08973,REQ07078,Andrea,Aguilar,2.3,Rejected
CAND08974,REQ24560,Carlos,Lam,1.7,Rejected
CAND08975,REQ11667,Deborah,Pena,20.0,Rejected
CAND08976,REQ00211,Nicole,Vang,5.5,Rejected
CAND08977,REQ05791,Thomas,Rose,9.3,Hired
CAND08978,REQ12262,Brian,Mitchell,10.9,Interviewing
CAND08979,REQ00930,Darren,Bowers,14.7,Rejected
CAND08980,REQ13870,Joan,Olson,12.1,Rejected
CAND08981,REQ14272,Ronald,Hood,10.7,Rejected
CAND08982,REQ24865,Shelia,Rodriguez,3.4,Rejected
CAND08983,REQ20905,Kristina,Lee,3.1,Rejected
CAND08984,REQ02236,Frances,Lucas,14.3,Rejected
CAND08985,REQ16723,William,Macdonald,20.0,Hired
CAND08986,REQ16243,Kendra,Navarro,10.5,Rejected
CAND08987,REQ23694,Sandra,Murray,9.0,Interviewing
CAND08988,REQ10385,Jason,Wilson,13.8,Rejected
CAND08989,REQ19381,Sonya,Arnold,9.3,Rejected
CAND08990,REQ11073,Deborah,Andrews,16.0,Offer Extended
CAND08991,REQ23036,Shannon,Rogers,11.5,Rejected
CAND08992,REQ00174,Heidi,Sweeney,16.2,Rejected
CAND08993,REQ19652,Robert,Ortiz,14.1,Rejected
CAND08994,REQ23631,Carrie,Campbell,9.3,Offer Extended
CAND08995,REQ15008,Kimberly,Smith,9.3,Rejected
CAND08996,REQ13811,Erika,Lopez,1.3,Rejected
CAND08997,REQ18130,Kenneth,Wilson,6.5,Rejected
CAND08998,REQ06450,Brandi,Wells,8.7,Offer Extended
CAND08999,REQ16690,Kenneth,Hobbs,1.4,Rejected
CAND09000,REQ22839,Makayla,Parker,9.0,Rejected
CAND09001,REQ20452,Charles,Ortiz,17.6,Hired
CAND09002,REQ09982,Megan,Mcmillan,2.6,Rejected
CAND09003,REQ03018,Justin,White,7.1,Rejected
CAND09004,REQ05228,Anthony,Miller,19.7,Rejected
CAND09005,REQ10183,Jason,Ellison,13.0,Rejected
CAND09006,REQ16875,Audrey,Frederick,13.2,Rejected
CAND09007,REQ11517,Ethan,Greene,1.9,Rejected
CAND09008,REQ00525,Eric,James,6.8,Hired
CAND09009,REQ13917,Alyssa,Parsons,1.8,Rejected
CAND09010,REQ13258,Bryan,Cooper,7.8,Rejected
CAND09011,REQ01184,Zachary,Smith,8.0,Rejected
CAND09012,REQ23089,Christopher,Smith,9.6,Rejected
CAND09013,REQ02930,Dana,Daniel,6.1,Interviewing
CAND09014,REQ10742,Dakota,Flores,4.4,Rejected
CAND09015,REQ06651,Matthew,Cox,6.2,Rejected
CAND09016,REQ20607,Jessica,Weber,15.1,Hired
CAND09017,REQ20802,Caroline,Foley,11.9,Rejected
CAND09018,REQ22690,Robert,Manning,18.6,Rejected
CAND09019,REQ06047,Lisa,Garcia,15.4,Rejected
CAND09020,REQ06954,Alexis,Smith,16.9,Rejected
CAND09021,REQ16551,Marcia,West,17.4,Rejected
CAND09022,REQ04560,Paul,Browning,11.2,Offer Extended
CAND09023,REQ02434,Shelly,Fleming,15.9,Rejected
CAND09024,REQ12725,Daniel,Simpson,13.1,Rejected
CAND09025,REQ09974,Todd,Wilson,8.3,Rejected
CAND09026,REQ13963,James,Santos,9.2,Rejected
CAND09027,REQ05051,Bradley,Freeman,10.5,Rejected
CAND09028,REQ11824,Ryan,Carson,5.2,Rejected
CAND09029,REQ23083,Jorge,Phillips,1.5,Rejected
CAND09030,REQ01892,Calvin,Howell,14.3,Interviewing
CAND09031,REQ24286,Julie,Bell,9.9,Rejected
CAND09032,REQ23967,Kelly,Odom,19.6,Offer Extended
CAND09033,REQ18635,Roberto,Edwards,8.8,Rejected
CAND09034,REQ20963,Timothy,Walton,7.0,Rejected
CAND09035,REQ17542,Jennifer,Wright,4.8,Rejected
CAND09036,REQ06112,Kathy,Miller,4.5,Rejected
CAND09037,REQ22183,Joshua,Castro,1.3,Hired
CAND09038,REQ07455,Charlene,Allen,5.6,Rejected
CAND09039,REQ11674,Donald,Tapia,16.4,Interviewing
CAND09040,REQ12049,Anthony,Fowler,1.0,Rejected
CAND09041,REQ20726,Heidi,Avery,15.0,Interviewing
CAND09042,REQ18738,Robert,Phillips,17.4,Rejected
CAND09043,REQ20989,Todd,Velazquez,11.9,Interviewing
CAND09044,REQ17099,Samantha,Robinson,14.0,Rejected
CAND09045,REQ23793,Matthew,Miller,8.5,Rejected
CAND09046,REQ22656,John,Kelley,18.9,Rejected
CAND09047,REQ17097,Regina,Harris,9.3,Rejected
CAND09048,REQ13444,Deborah,Davis,1.3,Rejected
CAND09049,REQ04886,Robert,Williamson,2.0,Hired
CAND09050,REQ01254,Lisa,Powell,0.3,Interviewing
CAND09051,REQ10921,Christopher,Reynolds,18.4,Rejected
CAND09052,REQ18421,Michelle,Mcintyre,19.4,Rejected
CAND09053,REQ04974,Phillip,Hamilton,19.8,Interviewing
CAND09054,REQ11155,David,Fry,6.8,Rejected
CAND09055,REQ17583,Deanna,Merritt,0.4,Offer Extended
CAND09056,REQ24838,Seth,Brown,8.7,Interviewing
CAND09057,REQ13378,Jennifer,Williams,6.4,Rejected
CAND09058,REQ13355,Robert,Thornton,3.4,Hired
CAND09059,REQ12515,John,Walter,9.7,Interviewing
CAND09060,REQ02618,Barbara,Matthews,10.6,Interviewing
CAND09061,REQ14760,Jacqueline,Miller,0.5,Rejected
CAND09062,REQ12737,Megan,Singleton,4.3,Rejected
CAND09063,REQ01627,Shane,Woodard,6.9,Offer Extended
CAND09064,REQ04253,Arthur,Turner,17.7,Interviewing
CAND09065,REQ15743,John,Kaufman,8.2,Rejected
CAND09066,REQ20343,Janice,Jordan,3.6,Hired
CAND09067,REQ21165,Ariana,Turner,12.9,Offer Extended
CAND09068,REQ23042,Rebecca,Schroeder,15.3,Rejected
CAND09069,REQ03754,Robert,Riley,10.3,Hired
CAND09070,REQ21617,Karen,Campbell,7.8,Rejected
CAND09071,REQ24535,Ronnie,Conrad,0.5,Rejected
CAND09072,REQ04877,Cindy,Parks,16.8,Rejected
CAND09073,REQ08671,Daniel,Price,1.7,Rejected
CAND09074,REQ02035,Alfred,Dougherty,0.4,Rejected
CAND09075,REQ10119,Tara,Richard,9.9,Rejected
CAND09076,REQ21915,Nathaniel,Barajas,7.7,Hired
CAND09077,REQ12691,Teresa,Stewart,5.0,Rejected
CAND09078,REQ00635,Jordan,Patton,4.8,Rejected
CAND09079,REQ10980,Brett,Cox,17.1,Rejected
CAND09080,REQ04792,Sarah,Stewart,4.5,Offer Extended
CAND09081,REQ09453,Helen,Short,1.1,Rejected
CAND09082,REQ24255,Amy,Cruz,1.8,Rejected
CAND09083,REQ19421,Jeffery,Henry,17.1,Hired
CAND09084,REQ06560,Ricky,Davis,14.0,Rejected
CAND09085,REQ07768,Lindsay,Glass,6.6,Interviewing
CAND09086,REQ19941,Megan,Harvey,0.4,Rejected
CAND09087,REQ19059,Stephanie,Watson,18.4,Hired
CAND09088,REQ01883,Heather,Khan,2.7,Rejected
CAND09089,REQ15540,John,Robinson,18.0,Hired
CAND09090,REQ08631,Aaron,Miller,7.3,Rejected
CAND09091,REQ20801,Cole,Moreno,15.1,Rejected
CAND09092,REQ09128,Kimberly,Cantu,9.4,Rejected
CAND09093,REQ22779,Joseph,Weeks,3.1,Hired
CAND09094,REQ19278,Nicole,Cline,5.9,Rejected
CAND09095,REQ14985,Kristen,Cowan,7.7,Interviewing
CAND09096,REQ08546,John,Becker,9.9,Interviewing
CAND09097,REQ13933,Thomas,Jordan,5.6,Hired
CAND09098,REQ24055,Jason,Morgan,4.1,Interviewing
CAND09099,REQ09458,Emily,Taylor,15.5,Rejected
CAND09100,REQ05407,Shawna,Crawford,6.6,Rejected
CAND09101,REQ19305,Stephen,Cox,11.0,Rejected
CAND09102,REQ19564,Kevin,Wilson,17.8,Interviewing
CAND09103,REQ07324,Jessica,Gonzalez,15.3,Rejected
CAND09104,REQ14648,Kyle,Jimenez,0.4,Rejected
CAND09105,REQ13712,Steven,Maldonado,11.1,Rejected
CAND09106,REQ13530,Edward,Mcintyre,8.3,Rejected
CAND09107,REQ14149,David,Moreno,6.7,Interviewing
CAND09108,REQ17457,Clayton,Hodges,4.1,Rejected
CAND09109,REQ13313,Gary,Lawson,10.4,Rejected
CAND09110,REQ16109,Jill,Garcia,15.8,Rejected
CAND09111,REQ14154,Paul,Sanders,1.9,Rejected
CAND09112,REQ03112,Allison,Ballard,2.4,Rejected
CAND09113,REQ10178,Joseph,Smith,17.7,Hired
CAND09114,REQ03279,Melissa,Peterson,9.7,Interviewing
CAND09115,REQ21015,Mckenzie,Brown,18.8,Rejected
CAND09116,REQ22442,David,Sanchez,9.6,Rejected
CAND09117,REQ20228,Francisco,Hill,3.1,Interviewing
CAND09118,REQ18232,Charles,Wilson,19.0,Interviewing
CAND09119,REQ22166,Andrew,Hansen,19.0,Rejected
CAND09120,REQ19875,Vickie,Williams,3.6,Rejected
CAND09121,REQ14928,Kristen,Thompson,8.7,Rejected
CAND09122,REQ15976,Erin,Mcmillan,13.4,Rejected
CAND09123,REQ18790,Michelle,Fox,13.4,Rejected
CAND09124,REQ14538,Catherine,Thomas,16.4,Rejected
CAND09125,REQ11153,Stacey,Smith,3.5,Interviewing
CAND09126,REQ06412,Dawn,Smith,5.0,Rejected
CAND09127,REQ15184,James,Simpson,8.1,Interviewing
CAND09128,REQ16221,Tiffany,Gutierrez,18.4,Rejected
CAND09129,REQ05735,Lauren,Rush,2.7,Rejected
CAND09130,REQ03816,Sarah,Butler,0.6,Interviewing
CAND09131,REQ03078,Daniel,Atkins,13.6,Rejected
CAND09132,REQ21308,Raven,Burns,17.4,Rejected
CAND09133,REQ01257,William,Stevenson,12.7,Rejected
CAND09134,REQ18739,Kari,Graham,4.3,Rejected
CAND09135,REQ22215,Kristina,Haley,18.0,Interviewing
CAND09136,REQ05987,Kyle,Herrera,19.7,Rejected
CAND09137,REQ23960,Donald,Wyatt,2.8,Rejected
CAND09138,REQ17765,Mark,Jackson,2.5,Rejected
CAND09139,REQ13151,Michael,Martin,13.7,Offer Extended
CAND09140,REQ09287,Vanessa,Brown,2.0,Rejected
CAND09141,REQ11318,Jennifer,Lopez,16.8,Rejected
CAND09142,REQ00522,Meredith,Calderon,4.7,Rejected
CAND09143,REQ03295,Pamela,Velasquez,11.2,Rejected
CAND09144,REQ04901,Mary,Miller,14.7,Rejected
CAND09145,REQ18338,Michael,Jones,9.5,Rejected
CAND09146,REQ06455,Nicole,Johnson,18.4,Interviewing
CAND09147,REQ16340,Desiree,Hill,7.8,Rejected
CAND09148,REQ12594,Toni,Myers,18.5,Rejected
CAND09149,REQ14285,Courtney,Walker,5.7,Interviewing
CAND09150,REQ22066,Paula,Snow,11.4,Rejected
CAND09151,REQ15143,Walter,Watson,1.9,Rejected
CAND09152,REQ07438,Michael,Chang,16.1,Hired
CAND09153,REQ02878,Mary,Hess,11.7,Hired
CAND09154,REQ08514,John,Marsh,6.5,Rejected
CAND09155,REQ20948,Darrell,Taylor,14.0,Interviewing
CAND09156,REQ11757,Caroline,Hudson,3.2,Interviewing
CAND09157,REQ00084,Glenn,Hansen,3.0,Rejected
CAND09158,REQ15286,Jose,Mcconnell,2.1,Rejected
CAND09159,REQ14818,Edgar,Hutchinson,11.6,Rejected
CAND09160,REQ00616,Sean,Peters,14.9,Rejected
CAND09161,REQ17768,Paula,Munoz,19.7,Rejected
CAND09162,REQ02847,Kelly,Curry,11.9,Rejected
CAND09163,REQ20294,William,Rivera,7.3,Hired
CAND09164,REQ05262,Hunter,Patterson,14.2,Rejected
CAND09165,REQ14179,Kenneth,Miller,15.9,Rejected
CAND09166,REQ05692,Misty,Price,15.3,Rejected
CAND09167,REQ10387,Austin,Barrera,13.5,Interviewing
CAND09168,REQ11774,Cynthia,Weiss,14.6,Rejected
CAND09169,REQ06484,Kyle,Weaver,18.2,Rejected
CAND09170,REQ04328,Christopher,Dickerson,3.1,Rejected
CAND09171,REQ07520,Curtis,Silva,16.9,Rejected
CAND09172,REQ01624,Michele,Houston,10.5,Rejected
CAND09173,REQ01275,Lauren,Cruz,7.9,Rejected
CAND09174,REQ01990,Nicholas,Jordan,0.1,Interviewing
CAND09175,REQ14472,Robyn,Reed,5.4,Rejected
CAND09176,REQ06618,Jamie,Arellano,7.2,Interviewing
CAND09177,REQ13835,Thomas,Rodriguez,2.1,Rejected
CAND09178,REQ09094,Johnny,Scott,4.2,Rejected
CAND09179,REQ07712,Amanda,Morris,12.3,Rejected
CAND09180,REQ21963,Thomas,Brown,5.1,Interviewing
CAND09181,REQ24964,Rebekah,Gillespie,13.8,Offer Extended
CAND09182,REQ00986,Deborah,Rogers,17.1,Interviewing
CAND09183,REQ07333,Timothy,Mendoza,9.1,Rejected
CAND09184,REQ11330,Andrea,Thomas,16.3,Rejected
CAND09185,REQ16350,Jeffrey,Donovan,16.3,Rejected
CAND09186,REQ07735,Ryan,Parker,7.7,Hired
CAND09187,REQ10543,Nicole,Spencer,19.0,Hired
CAND09188,REQ10096,Ashley,Robinson,0.7,Rejected
CAND09189,REQ01556,Christopher,Johnson,10.7,Rejected
CAND09190,REQ12577,Deborah,Chaney,18.6,Rejected
CAND09191,REQ00373,David,Mcdonald,8.8,Interviewing
CAND09192,REQ12115,Beverly,Young,8.5,Interviewing
CAND09193,REQ13839,James,Brown,15.5,Rejected
CAND09194,REQ08700,Jamie,Fitzgerald,5.2,Rejected
CAND09195,REQ04653,Michael,Peterson,1.5,Rejected
CAND09196,REQ21199,Jack,Miller,18.3,Interviewing
CAND09197,REQ12664,Adam,Beard,5.8,Rejected
CAND09198,REQ16369,Rebecca,Grant,6.7,Rejected
CAND09199,REQ11379,Michelle,Cook,12.1,Rejected
CAND09200,REQ24249,Sharon,Solis,14.1,Hired
CAND09201,REQ20540,Allison,Bell,3.5,Rejected
CAND09202,REQ00027,Deanna,Gonzalez,18.5,Rejected
CAND09203,REQ15862,Paul,Simpson,11.2,Rejected
CAND09204,REQ04764,Michael,Poole,1.2,Rejected
CAND09205,REQ19714,Amy,Dickson,17.4,Rejected
CAND09206,REQ20170,Craig,Flynn,0.2,Rejected
CAND09207,REQ24121,Anthony,Levy,4.3,Rejected
CAND09208,REQ19495,Sara,Delgado,10.6,Hired
CAND09209,REQ09159,James,Martinez,2.7,Rejected
CAND09210,REQ22664,Brenda,Lee,7.0,Hired
CAND09211,REQ06286,Daniel,Diaz,19.7,Rejected
CAND09212,REQ12158,Christopher,Nicholson,12.7,Rejected
CAND09213,REQ18486,Margaret,Sharp,18.3,Offer Extended
CAND09214,REQ17095,Kim,Richards,14.9,Rejected
CAND09215,REQ24115,Heather,Kim,17.8,Interviewing
CAND09216,REQ00605,Ann,Robinson,14.8,Rejected
CAND09217,REQ22303,Kimberly,Clay,14.2,Offer Extended
CAND09218,REQ03697,Brian,Herrera,9.2,Rejected
CAND09219,REQ15150,Frederick,Suarez,8.1,Rejected
CAND09220,REQ07806,Christopher,Collier,14.9,Interviewing
CAND09221,REQ19179,Jonathan,Fisher,17.6,Hired
CAND09222,REQ21735,Mary,Hamilton,8.1,Rejected
CAND09223,REQ00441,Carly,Schmidt,18.7,Rejected
CAND09224,REQ17103,Heidi,Thompson,11.0,Hired
CAND09225,REQ02362,Victoria,Martinez,16.7,Rejected
CAND09226,REQ15687,Brittany,Brown,10.7,Interviewing
CAND09227,REQ13590,Brandon,Miller,17.5,Rejected
CAND09228,REQ08006,Leslie,Mathews,3.5,Interviewing
CAND09229,REQ24766,Debra,Anderson,6.5,Rejected
CAND09230,REQ20378,Victoria,Terry,16.6,Hired
CAND09231,REQ17356,Andrew,Torres,14.0,Rejected
CAND09232,REQ24330,April,Baker,13.4,Interviewing
CAND09233,REQ03270,Molly,Taylor,0.8,Rejected
CAND09234,REQ01002,Donna,Goodman,7.7,Rejected
CAND09235,REQ12860,Rebecca,Gonzales,18.7,Rejected
CAND09236,REQ15616,Rebecca,Hamilton,9.1,Rejected
CAND09237,REQ03252,Beth,Sullivan,11.8,Rejected
CAND09238,REQ20823,Tony,Dickerson,19.1,Interviewing
CAND09239,REQ08151,Matthew,Delacruz,6.4,Interviewing
CAND09240,REQ00175,Randy,Miller,11.6,Rejected
CAND09241,REQ00700,Paul,Gates,5.6,Rejected
CAND09242,REQ22458,Jeffrey,Mitchell,14.9,Rejected
CAND09243,REQ05616,Kevin,Rivas,4.5,Rejected
CAND09244,REQ22633,Jessica,Washington,6.2,Rejected
CAND09245,REQ24039,Matthew,Sawyer,18.3,Rejected
CAND09246,REQ22526,Gabriel,Myers,11.6,Rejected
CAND09247,REQ17524,Jerome,Scott,17.1,Hired
CAND09248,REQ20314,Harry,Kim,16.3,Hired
CAND09249,REQ20122,Vincent,Cook,16.9,Rejected
CAND09250,REQ14675,Bryce,Dennis,16.6,Hired
CAND09251,REQ11290,Michael,Johns,12.1,Rejected
CAND09252,REQ02207,Norma,Macias,14.4,Rejected
CAND09253,REQ02961,Erica,Jenkins,11.6,Rejected
CAND09254,REQ08505,Julia,Mills,9.9,Offer Extended
CAND09255,REQ16154,Deborah,Combs,1.6,Hired
CAND09256,REQ21940,Peter,Peterson,8.1,Interviewing
CAND09257,REQ11906,Marcus,Knight,11.1,Rejected
CAND09258,REQ05840,Sharon,Welch,18.2,Interviewing
CAND09259,REQ06829,Kristina,Carney,6.8,Rejected
CAND09260,REQ16606,Gregory,Thomas,3.0,Hired
CAND09261,REQ24406,Steven,Harrison,4.7,Hired
CAND09262,REQ10220,Kristen,Owen,9.4,Rejected
CAND09263,REQ18465,Jasmine,Barton,19.6,Rejected
CAND09264,REQ22404,Lindsey,Ramos,12.4,Rejected
CAND09265,REQ18280,Emily,Munoz,7.3,Interviewing
CAND09266,REQ11749,Thomas,Perkins,1.4,Interviewing
CAND09267,REQ16175,Alexander,Wise,5.5,Rejected
CAND09268,REQ01400,Andrew,Hancock,5.7,Interviewing
CAND09269,REQ13019,Anthony,Jimenez,13.8,Rejected
CAND09270,REQ16090,Timothy,Medina,16.7,Interviewing
CAND09271,REQ08917,Marissa,Evans,17.2,Rejected
CAND09272,REQ02102,Mia,Ortiz,1.5,Hired
CAND09273,REQ12403,Lindsay,Russell,10.0,Rejected
CAND09274,REQ14898,Jenny,Lutz,7.2,Rejected
CAND09275,REQ07911,Cody,Chase,9.9,Rejected
CAND09276,REQ22090,Mark,York,15.6,Offer Extended
CAND09277,REQ08070,Tiffany,Ramos,7.9,Rejected
CAND09278,REQ23663,Kendra,Davidson,15.7,Rejected
CAND09279,REQ18152,Juan,Perez,13.6,Rejected
CAND09280,REQ21319,Steven,Haynes,3.4,Interviewing
CAND09281,REQ01846,Dawn,Stephens,4.6,Rejected
CAND09282,REQ10160,Angelica,Pierce,7.9,Interviewing
CAND09283,REQ21015,Wanda,Hoover,2.0,Rejected
CAND09284,REQ01964,Brandon,Bauer,14.0,Rejected
CAND09285,REQ19211,Renee,Underwood,6.1,Interviewing
CAND09286,REQ16911,Michael,Johnson,17.4,Interviewing
CAND09287,REQ06454,Elizabeth,Thomas,5.0,Rejected
CAND09288,REQ04805,Miguel,Brown,10.6,Rejected
CAND09289,REQ06048,Brendan,Berry,10.9,Rejected
CAND09290,REQ19771,Tricia,Stephens,5.0,Rejected
CAND09291,REQ17689,Xavier,Ramirez,4.2,Rejected
CAND09292,REQ01559,Darryl,Hernandez,19.3,Rejected
CAND09293,REQ13309,Steven,Thomas,1.0,Rejected
CAND09294,REQ23902,Laura,Parsons,5.3,Interviewing
CAND09295,REQ24385,Sheryl,Harrison,12.7,Interviewing
CAND09296,REQ08671,Jason,Harrison,18.6,Offer Extended
CAND09297,REQ21283,Christopher,Herrera,8.2,Interviewing
CAND09298,REQ00965,Paul,Pace,7.0,Rejected
CAND09299,REQ02076,Charles,Vargas,9.9,Rejected
CAND09300,REQ21165,Alexander,Evans,8.3,Rejected
CAND09301,REQ07354,Rebecca,Wu,18.7,Interviewing
CAND09302,REQ16784,Eric,Simmons,8.8,Rejected
CAND09303,REQ24453,Michael,Terry,15.7,Rejected
CAND09304,REQ08086,William,Hodges,2.8,Rejected
CAND09305,REQ07839,Alicia,Morales,12.2,Rejected
CAND09306,REQ18569,Bill,Stevens,14.3,Rejected
CAND09307,REQ12662,Amber,Wilcox,10.6,Rejected
CAND09308,REQ12390,Kara,Ross,0.3,Rejected
CAND09309,REQ08671,Allison,Mcdowell,9.7,Rejected
CAND09310,REQ22423,Beverly,Roberts,2.8,Interviewing
CAND09311,REQ13445,Doris,Smith,17.9,Rejected
CAND09312,REQ14779,Erik,Meza,11.6,Rejected
CAND09313,REQ04713,Bruce,Evans,7.6,Interviewing
CAND09314,REQ02071,Daniel,Butler,6.0,Rejected
CAND09315,REQ13282,Steven,Washington,5.4,Rejected
CAND09316,REQ12608,Cindy,Cruz,3.3,Interviewing
CAND09317,REQ24512,Katherine,Hammond,19.6,Rejected
CAND09318,REQ04754,Alan,Mendoza,9.9,Rejected
CAND09319,REQ14743,Darren,Shaffer,13.0,Rejected
CAND09320,REQ01179,Lisa,Kelly,4.6,Rejected
CAND09321,REQ23164,Sean,Monroe,16.4,Rejected
CAND09322,REQ05683,Scott,Warren,9.9,Rejected
CAND09323,REQ06026,Kylie,Dillon,7.6,Rejected
CAND09324,REQ10201,Valerie,Patel,18.1,Hired
CAND09325,REQ10717,Susan,Allison,11.7,Rejected
CAND09326,REQ19754,Susan,Thomas,0.6,Rejected
CAND09327,REQ02290,Barbara,Wilson,2.0,Rejected
CAND09328,REQ07443,Justin,Salinas,11.5,Rejected
CAND09329,REQ12747,Brian,Walsh,18.6,Interviewing
CAND09330,REQ17998,Meghan,Wang,19.1,Rejected
CAND09331,REQ09896,Anthony,Morgan,8.0,Interviewing
CAND09332,REQ19255,Rebecca,Baker,11.4,Rejected
CAND09333,REQ04961,Brian,Robinson,9.7,Interviewing
CAND09334,REQ15837,Kenneth,Ewing,11.9,Rejected
CAND09335,REQ00359,Brianna,Peterson,18.4,Rejected
CAND09336,REQ19779,Wesley,Jordan,17.9,Rejected
CAND09337,REQ18603,Jessica,Cortez,17.4,Interviewing
CAND09338,REQ19680,Samantha,Nelson,15.1,Hired
CAND09339,REQ14346,Kimberly,Johnson,14.0,Hired
CAND09340,REQ12294,Renee,Ramos,19.1,Rejected
CAND09341,REQ03864,Anthony,Bishop,9.3,Interviewing
CAND09342,REQ08105,Nathan,Sexton,19.5,Rejected
CAND09343,REQ07160,Robin,Rodriguez,19.9,Rejected
CAND09344,REQ08046,Damon,Watkins,4.0,Rejected
CAND09345,REQ04154,Nicholas,Colon,5.6,Rejected
CAND09346,REQ03894,Kenneth,Simpson,5.7,Interviewing
CAND09347,REQ16259,Nicholas,Holloway,11.7,Interviewing
CAND09348,REQ19401,Joan,Wells,14.3,Rejected
CAND09349,REQ10170,Colin,Saunders,8.1,Rejected
CAND09350,REQ02167,Kimberly,Taylor,13.7,Rejected
CAND09351,REQ12443,Robert,Fields,9.5,Rejected
CAND09352,REQ20256,Shannon,Li,16.2,Rejected
CAND09353,REQ11359,Wesley,Holmes,3.9,Rejected
CAND09354,REQ06417,Angelica,Neal,14.1,Rejected
CAND09355,REQ05539,David,Clarke,11.7,Rejected
CAND09356,REQ12272,Angela,Little,1.7,Interviewing
CAND09357,REQ14884,Martin,Williams,11.6,Hired
CAND09358,REQ16523,Joanne,Williams,7.7,Rejected
CAND09359,REQ05016,Renee,Thompson,11.6,Hired
CAND09360,REQ08003,Jerry,Hunter,3.6,Rejected
CAND09361,REQ16592,Steven,Sullivan,7.0,Rejected
CAND09362,REQ12499,Margaret,Scott,19.5,Offer Extended
CAND09363,REQ19336,Felicia,Hodges,18.0,Rejected
CAND09364,REQ16607,James,Ibarra,13.3,Hired
CAND09365,REQ10729,Jennifer,Allen,2.5,Rejected
CAND09366,REQ12396,Jennifer,Powers,15.6,Rejected
CAND09367,REQ07250,Peter,King,0.7,Rejected
CAND09368,REQ06064,Frederick,Wilson,18.2,Rejected
CAND09369,REQ14980,Regina,Trujillo,2.5,Rejected
CAND09370,REQ07065,Kevin,Mercer,14.4,Rejected
CAND09371,REQ21391,Victoria,Orr,16.5,Rejected
CAND09372,REQ09521,Samantha,Orr,1.6,Rejected
CAND09373,REQ04443,Natalie,Aguilar,18.9,Hired
CAND09374,REQ05387,John,Caldwell,13.0,Interviewing
CAND09375,REQ14097,Scott,Bowen,8.1,Rejected
CAND09376,REQ08927,Tina,Davis,14.7,Interviewing
CAND09377,REQ24634,Isaac,Rose,1.6,Interviewing
CAND09378,REQ04624,Lindsey,Frost,0.6,Rejected
CAND09379,REQ09935,Margaret,Parker,19.5,Rejected
CAND09380,REQ22586,Gregory,Hart,14.0,Interviewing
CAND09381,REQ18733,Christina,Alvarado,1.8,Offer Extended
CAND09382,REQ12426,Aaron,Wright,11.2,Rejected
CAND09383,REQ12023,Kenneth,Booker,7.1,Interviewing
CAND09384,REQ08766,Kimberly,Nunez,13.6,Rejected
CAND09385,REQ20575,Christopher,Marshall,1.1,Rejected
CAND09386,REQ01862,Robin,Curry,5.1,Rejected
CAND09387,REQ16696,Emily,Martinez,2.2,Offer Extended
CAND09388,REQ24151,David,Nelson,14.4,Hired
CAND09389,REQ01686,Stacey,Thompson,9.2,Offer Extended
CAND09390,REQ10719,April,Peterson,8.5,Rejected
CAND09391,REQ05707,Stephanie,Brown,5.3,Interviewing
CAND09392,REQ20408,Angela,Kramer,6.4,Rejected
CAND09393,REQ24658,Karen,Zimmerman,14.5,Rejected
CAND09394,REQ21426,Steven,Martin,17.5,Rejected
CAND09395,REQ20734,Cynthia,Johnson,3.7,Rejected
CAND09396,REQ16652,Daniel,Gonzales,15.1,Rejected
CAND09397,REQ03598,Nicole,Smith,4.6,Rejected
CAND09398,REQ22914,Brian,Mitchell,7.4,Rejected
CAND09399,REQ21893,Destiny,Brady,2.8,Rejected
CAND09400,REQ05916,Lisa,Rojas,6.7,Rejected
CAND09401,REQ22500,Benjamin,Johnson,11.8,Rejected
CAND09402,REQ08091,William,Sutton,0.8,Interviewing
CAND09403,REQ16826,Denise,Espinoza,11.2,Rejected
CAND09404,REQ06781,Alicia,Zavala,2.7,Rejected
CAND09405,REQ14384,Melissa,Sullivan,7.0,Rejected
CAND09406,REQ03318,Ian,Gould,16.0,Offer Extended
CAND09407,REQ21067,Richard,Butler,16.6,Rejected
CAND09408,REQ02181,Nathan,Garcia,8.7,Rejected
CAND09409,REQ02657,Amy,Barton,19.1,Rejected
CAND09410,REQ04796,Kristin,Sanders,14.7,Rejected
CAND09411,REQ09807,Alice,Jones,9.3,Rejected
CAND09412,REQ14619,Brooke,Manning,18.0,Offer Extended
CAND09413,REQ05469,Steven,Soto,19.6,Interviewing
CAND09414,REQ11003,Darlene,Garcia,4.8,Hired
CAND09415,REQ00541,Brett,Ingram,12.6,Rejected
CAND09416,REQ02140,Amanda,Willis,6.4,Interviewing
CAND09417,REQ21912,Rachel,Simmons,16.2,Rejected
CAND09418,REQ14815,Jeremiah,Morgan,3.8,Rejected
CAND09419,REQ11421,Elizabeth,Boyd,5.2,Rejected
CAND09420,REQ02042,James,Lucero,15.5,Rejected
CAND09421,REQ18651,April,Chapman,7.0,Interviewing
CAND09422,REQ22869,Juan,Ward,19.4,Rejected
CAND09423,REQ10065,Beth,Nguyen,7.7,Hired
CAND09424,REQ00652,James,Walsh,18.9,Rejected
CAND09425,REQ07620,Dakota,Ford,16.5,Rejected
CAND09426,REQ02095,Cody,Bryant,17.1,Rejected
CAND09427,REQ05370,Kelly,Chapman,18.0,Interviewing
CAND09428,REQ11543,Ashley,Frazier,16.3,Offer Extended
CAND09429,REQ00266,Darren,Lawson,7.2,Rejected
CAND09430,REQ06179,Zachary,Gray,0.7,Rejected
CAND09431,REQ08145,William,Keller,19.1,Rejected
CAND09432,REQ13613,Heidi,Graham,16.4,Interviewing
CAND09433,REQ11217,Jennifer,Nunez,15.7,Hired
CAND09434,REQ04757,Jared,Hansen,15.1,Interviewing
CAND09435,REQ19161,Derek,Chavez,13.7,Rejected
CAND09436,REQ06401,Lauren,Peters,4.2,Rejected
CAND09437,REQ16654,Anne,Smith,13.7,Hired
CAND09438,REQ01379,Gregg,Jackson,11.7,Rejected
CAND09439,REQ17035,Andrew,Ayala,3.6,Rejected
CAND09440,REQ24431,Sarah,Meyer,4.5,Rejected
CAND09441,REQ05228,Robert,Smith,3.6,Rejected
CAND09442,REQ16947,Jared,Watkins,6.6,Rejected
CAND09443,REQ05597,Patrick,Lee,16.4,Rejected
CAND09444,REQ07752,Alyssa,Harris,13.9,Rejected
CAND09445,REQ03215,Tony,Lewis,2.0,Rejected
CAND09446,REQ18640,Steven,Wright,3.0,Rejected
CAND09447,REQ06103,Allison,Webb,3.8,Rejected
CAND09448,REQ12785,Dana,Salazar,2.0,Rejected
CAND09449,REQ24765,Walter,Chapman,4.1,Offer Extended
CAND09450,REQ06829,Jessica,Johnston,13.4,Rejected
CAND09451,REQ04031,Brian,Howard,14.2,Interviewing
CAND09452,REQ21022,Ashley,Gray,2.0,Rejected
CAND09453,REQ24271,Jon,Jordan,0.9,Rejected
CAND09454,REQ00577,Edwin,Newman,7.5,Rejected
CAND09455,REQ16628,Kenneth,Ramirez,14.2,Rejected
CAND09456,REQ16596,Evan,Smith,5.5,Hired
CAND09457,REQ06323,Angela,Garcia,11.1,Rejected
CAND09458,REQ13129,Bradley,Nelson,13.3,Rejected
CAND09459,REQ09742,Jeremy,Bonilla,19.8,Rejected
CAND09460,REQ14559,Sheila,Williams,9.1,Rejected
CAND09461,REQ19775,Jillian,Garcia,12.5,Hired
CAND09462,REQ01496,Seth,Smith,3.0,Interviewing
CAND09463,REQ02067,Kenneth,Holloway,7.8,Interviewing
CAND09464,REQ04139,William,Lambert,11.7,Rejected
CAND09465,REQ04053,Timothy,Burton,1.7,Interviewing
CAND09466,REQ10685,Valerie,King,9.9,Rejected
CAND09467,REQ17544,Rebecca,Mcdaniel,1.1,Rejected
CAND09468,REQ14280,Angelica,Hill,12.4,Rejected
CAND09469,REQ05382,Melvin,Cox,6.3,Interviewing
CAND09470,REQ13632,Samantha,Evans,17.1,Interviewing
CAND09471,REQ23296,Joseph,Dalton,13.6,Hired
CAND09472,REQ16858,Pedro,Jones,1.1,Rejected
CAND09473,REQ19186,Christopher,Watkins,9.9,Rejected
CAND09474,REQ07205,Lisa,Fuller,13.6,Rejected
CAND09475,REQ14589,Janet,Rivas,11.7,Rejected
CAND09476,REQ00845,Maria,Frazier,2.6,Interviewing
CAND09477,REQ01472,Kenneth,Koch,5.3,Rejected
CAND09478,REQ20041,Joshua,Figueroa,19.2,Rejected
CAND09479,REQ23338,Angela,Wagner,19.8,Interviewing
CAND09480,REQ07599,Mark,Neal,5.8,Rejected
CAND09481,REQ02205,Margaret,Schwartz,10.0,Rejected
CAND09482,REQ04037,Charles,Odonnell,7.7,Interviewing
CAND09483,REQ11126,Kimberly,Peters,13.5,Rejected
CAND09484,REQ23123,Marie,Bender,17.4,Rejected
CAND09485,REQ04332,Tommy,Drake,6.2,Rejected
CAND09486,REQ14576,Robert,Banks,6.8,Rejected
CAND09487,REQ09844,Matthew,Taylor,1.2,Rejected
CAND09488,REQ06100,Kara,Jackson,0.6,Rejected
CAND09489,REQ09620,Jeffery,Mcgee,1.9,Rejected
CAND09490,REQ09066,Mary,Torres,14.0,Rejected
CAND09491,REQ22193,Larry,Hughes,2.4,Rejected
CAND09492,REQ24182,April,Barrett,3.0,Rejected
CAND09493,REQ00070,Rita,Harris,0.7,Rejected
CAND09494,REQ00441,Deborah,Burns,8.2,Rejected
CAND09495,REQ23840,William,Smith,3.8,Rejected
CAND09496,REQ04598,Andrea,Boyer,1.0,Rejected
CAND09497,REQ22437,Patrick,Rivera,5.8,Rejected
CAND09498,REQ22052,Jessica,Cruz,9.6,Rejected
CAND09499,REQ08501,Andrew,Pearson,4.3,Rejected
CAND09500,REQ20182,Thomas,Mcgee,1.5,Rejected
CAND09501,REQ05234,David,Lamb,14.3,Hired
CAND09502,REQ08999,Michelle,Miller,18.8,Rejected
CAND09503,REQ05460,Ricardo,Tucker,1.2,Rejected
CAND09504,REQ15743,Randy,Hubbard,17.8,Rejected
CAND09505,REQ14179,Melissa,Gamble,7.0,Rejected
CAND09506,REQ10064,David,Odonnell,12.2,Rejected
CAND09507,REQ15155,Lisa,Williams,19.1,Interviewing
CAND09508,REQ15067,Debra,Shaw,3.0,Rejected
CAND09509,REQ08672,Kimberly,Carter,19.9,Interviewing
CAND09510,REQ16042,Shannon,Warren,6.6,Rejected
CAND09511,REQ23506,Victor,Hawkins,12.2,Interviewing
CAND09512,REQ00874,Shawn,Brandt,15.0,Rejected
CAND09513,REQ09954,Kevin,Jackson,6.0,Rejected
CAND09514,REQ05571,Kimberly,Brown,16.7,Offer Extended
CAND09515,REQ08807,Kathy,Campbell,12.5,Rejected
CAND09516,REQ00203,Ashley,Conway,11.8,Offer Extended
CAND09517,REQ03393,Carmen,Pittman,15.6,Rejected
CAND09518,REQ07667,Michael,Barajas,10.7,Rejected
CAND09519,REQ00891,Anthony,Brown,4.7,Rejected
CAND09520,REQ00622,Stacy,Sellers,4.5,Hired
CAND09521,REQ01154,Dennis,Castillo,14.9,Rejected
CAND09522,REQ09233,Sharon,Green,10.2,Rejected
CAND09523,REQ07693,Nancy,Jackson,11.4,Rejected
CAND09524,REQ23418,Richard,Harris,19.4,Rejected
CAND09525,REQ07627,Michael,Leonard,7.6,Interviewing
CAND09526,REQ24960,Karen,Zimmerman,19.5,Hired
CAND09527,REQ24852,Andrew,Davis,13.4,Rejected
CAND09528,REQ21805,Donna,Mclaughlin,13.8,Rejected
CAND09529,REQ11360,Michael,Jackson,0.8,Hired
CAND09530,REQ23082,Jennifer,Martin,14.3,Rejected
CAND09531,REQ14010,Heather,Jones,14.6,Rejected
CAND09532,REQ12241,Larry,Anderson,8.2,Rejected
CAND09533,REQ14457,Robert,Cameron,19.8,Rejected
CAND09534,REQ13410,Michael,Campbell,18.7,Rejected
CAND09535,REQ16724,Christopher,Weeks,12.5,Rejected
CAND09536,REQ01405,Sandra,Frazier,0.2,Interviewing
CAND09537,REQ04108,Frances,Snyder,2.5,Rejected
CAND09538,REQ13898,Angela,Baldwin,6.5,Rejected
CAND09539,REQ13984,Brendan,Buckley,19.4,Rejected
CAND09540,REQ02184,Micheal,White,13.1,Rejected
CAND09541,REQ07435,Nathan,Howe,16.9,Offer Extended
CAND09542,REQ18865,Mackenzie,Mcdonald,9.7,Interviewing
CAND09543,REQ21118,John,Rose,4.1,Rejected
CAND09544,REQ20970,Stephanie,Brown,16.2,Rejected
CAND09545,REQ21791,David,Mathews,15.8,Rejected
CAND09546,REQ16502,Stacey,Fox,11.4,Interviewing
CAND09547,REQ24340,Michael,Moreno,19.4,Interviewing
CAND09548,REQ04107,Gregory,Cruz,3.5,Offer Extended
CAND09549,REQ21342,Jason,Smith,8.5,Rejected
CAND09550,REQ04470,Christopher,Cantrell,4.4,Rejected
CAND09551,REQ01056,William,Combs,4.2,Hired
CAND09552,REQ10133,Andrew,Dawson,10.0,Rejected
CAND09553,REQ23040,Joseph,Nelson,4.9,Interviewing
CAND09554,REQ11831,Grant,Ramirez,14.4,Rejected
CAND09555,REQ13358,Mark,Huang,18.1,Interviewing
CAND09556,REQ19622,Julian,Martin,2.6,Interviewing
CAND09557,REQ21034,James,Hale,2.0,Rejected
CAND09558,REQ00225,Randall,Hall,6.6,Rejected
CAND09559,REQ00607,Harold,Davies,1.9,Rejected
CAND09560,REQ12846,John,Barnes,16.1,Rejected
CAND09561,REQ24699,Sandra,Johnson,0.2,Hired
CAND09562,REQ20424,Catherine,Reed,10.2,Rejected
CAND09563,REQ16789,Jamie,Young,8.5,Rejected
CAND09564,REQ22174,Heather,Hall,0.3,Rejected
CAND09565,REQ12513,Nicole,Sanchez,10.8,Interviewing
CAND09566,REQ09151,Wayne,Richards,3.2,Offer Extended
CAND09567,REQ18521,Scott,Daniels,10.2,Rejected
CAND09568,REQ01645,Mary,Miller,14.6,Interviewing
CAND09569,REQ11206,Kelly,Sawyer,20.0,Rejected
CAND09570,REQ08028,Derek,Martin,9.8,Rejected
CAND09571,REQ19626,Tiffany,Rogers,9.3,Interviewing
CAND09572,REQ00703,Robin,Lin,18.3,Rejected
CAND09573,REQ11186,Collin,Rhodes,18.6,Interviewing
CAND09574,REQ17592,Ana,Brown,2.8,Rejected
CAND09575,REQ23490,Erica,Escobar,12.1,Rejected
CAND09576,REQ07449,Julie,Butler,18.4,Rejected
CAND09577,REQ15066,Alexander,Adams,18.9,Rejected
CAND09578,REQ03997,Martin,Lee,3.0,Rejected
CAND09579,REQ01054,Miguel,Blake,4.1,Rejected
CAND09580,REQ13663,Paul,Hunter,8.7,Rejected
CAND09581,REQ07101,Tammy,Taylor,17.0,Rejected
CAND09582,REQ02738,Catherine,Johnson,7.8,Interviewing
CAND09583,REQ07022,Zachary,White,1.5,Rejected
CAND09584,REQ23301,Heather,Morgan,3.8,Interviewing
CAND09585,REQ18864,David,Young,15.1,Rejected
CAND09586,REQ09158,Kenneth,Smith,13.4,Offer Extended
CAND09587,REQ20334,Kathleen,Simon,16.4,Interviewing
CAND09588,REQ08812,Erika,Parsons,19.3,Interviewing
CAND09589,REQ11661,Rachel,Reid,16.5,Interviewing
CAND09590,REQ02159,Daniel,Martinez,6.9,Rejected
CAND09591,REQ14260,Kristi,Johnson,1.3,Interviewing
CAND09592,REQ22044,Gabriel,Morris,19.1,Rejected
CAND09593,REQ10119,Jimmy,York,9.0,Rejected
CAND09594,REQ04645,Nancy,Reeves,1.1,Interviewing
CAND09595,REQ07675,Mark,Huber,13.7,Interviewing
CAND09596,REQ19117,Luis,English,2.9,Rejected
CAND09597,REQ21701,Robert,Greene,13.6,Rejected
CAND09598,REQ00682,Timothy,Mendoza,19.5,Rejected
CAND09599,REQ11599,Tiffany,Moore,3.6,Rejected
CAND09600,REQ15185,Patricia,Cabrera,0.0,Hired
CAND09601,REQ16989,Melinda,Delacruz,6.0,Rejected
CAND09602,REQ17524,Mario,Gray,10.2,Hired
CAND09603,REQ21305,Terry,Walsh,8.3,Rejected
CAND09604,REQ18105,Cindy,Robinson,4.0,Rejected
CAND09605,REQ01739,Crystal,Scott,6.9,Rejected
CAND09606,REQ19200,Ethan,Miller,9.1,Rejected
CAND09607,REQ14007,Mark,Benson,13.8,Rejected
CAND09608,REQ01532,Aaron,Williams,0.2,Rejected
CAND09609,REQ09856,Carolyn,Castaneda,11.7,Rejected
CAND09610,REQ23192,Thomas,Smith,11.8,Interviewing
CAND09611,REQ22661,Tyler,Galvan,2.3,Hired
CAND09612,REQ18045,Bryan,Kerr,2.7,Hired
CAND09613,REQ16959,Jose,Le,7.9,Rejected
CAND09614,REQ18549,John,Gallagher,18.4,Rejected
CAND09615,REQ24789,Melinda,Martin,11.0,Rejected
CAND09616,REQ13147,Sierra,Clark,18.0,Rejected
CAND09617,REQ02520,Andrew,Brown,12.5,Rejected
CAND09618,REQ24362,Candice,Nguyen,15.1,Interviewing
CAND09619,REQ04722,Leroy,Clark,13.8,Rejected
CAND09620,REQ12834,Zachary,Cole,1.5,Hired
CAND09621,REQ15402,Erik,Baker,7.6,Interviewing
CAND09622,REQ00231,Barry,Mcclain,1.6,Rejected
CAND09623,REQ05299,Briana,Allen,10.8,Rejected
CAND09624,REQ08636,Ruben,Whitney,7.1,Interviewing
CAND09625,REQ08888,Connor,Miller,6.9,Interviewing
CAND09626,REQ03017,Colton,Irwin,3.1,Rejected
CAND09627,REQ23096,Veronica,Perez,17.1,Rejected
CAND09628,REQ05602,Nicholas,Coleman,18.0,Rejected
CAND09629,REQ23181,Brian,Ray,19.6,Rejected
CAND09630,REQ08748,John,Carter,19.9,Rejected
CAND09631,REQ10930,Michael,Evans,15.3,Interviewing
CAND09632,REQ18302,Patrick,Medina,17.6,Hired
CAND09633,REQ03366,Kristin,Burns,6.1,Rejected
CAND09634,REQ00394,Lisa,Tapia,10.1,Rejected
CAND09635,REQ10645,Marissa,Castro,8.0,Hired
CAND09636,REQ10189,Johnny,Erickson,1.6,Rejected
CAND09637,REQ24762,Sarah,Moore,6.7,Rejected
CAND09638,REQ06545,John,Ray,17.7,Rejected
CAND09639,REQ16294,Anna,Faulkner,19.1,Offer Extended
CAND09640,REQ15716,Jason,Mendez,19.6,Rejected
CAND09641,REQ15782,Carlos,Campbell,15.8,Rejected
CAND09642,REQ09752,Nicole,Owens,9.0,Interviewing
CAND09643,REQ10478,Stephanie,Gregory,8.6,Hired
CAND09644,REQ10008,Kayla,Williams,2.5,Rejected
CAND09645,REQ08823,Andrew,Hardin,7.6,Rejected
CAND09646,REQ21655,Ashley,Santos,8.8,Rejected
CAND09647,REQ03130,John,Davis,18.1,Hired
CAND09648,REQ02753,Glenda,Brooks,19.0,Interviewing
CAND09649,REQ06198,Kathy,Jordan,8.7,Rejected
CAND09650,REQ16477,Frederick,Wright,14.2,Rejected
CAND09651,REQ13760,Lawrence,Rogers,8.1,Rejected
CAND09652,REQ16311,Michael,Byrd,6.2,Hired
CAND09653,REQ17957,Steven,Ramos,7.1,Rejected
CAND09654,REQ01354,Brett,Townsend,15.7,Hired
CAND09655,REQ14396,Lawrence,Barker,1.8,Rejected
CAND09656,REQ22643,Joseph,Graves,14.0,Rejected
CAND09657,REQ16685,Joel,Owens,9.1,Hired
CAND09658,REQ09579,Lauren,Smith,14.8,Rejected
CAND09659,REQ18290,Austin,Jackson,17.8,Rejected
CAND09660,REQ19615,William,Johnson,11.3,Rejected
CAND09661,REQ22080,Dean,Hart,14.6,Rejected
CAND09662,REQ05905,Diana,Mahoney,5.4,Rejected
CAND09663,REQ05818,Lisa,Bass,18.1,Rejected
CAND09664,REQ02291,Samantha,Martinez,3.7,Rejected
CAND09665,REQ18099,Kimberly,Smith,8.3,Rejected
CAND09666,REQ03886,Shannon,Hoffman,2.8,Rejected
CAND09667,REQ24341,Danielle,Jordan,6.0,Rejected
CAND09668,REQ01470,Brenda,Riggs,12.3,Rejected
CAND09669,REQ22219,Rebecca,Reed,0.8,Interviewing
CAND09670,REQ03393,Derek,Holmes,11.0,Interviewing
CAND09671,REQ24836,Christopher,Glover,16.3,Interviewing
CAND09672,REQ24078,Jacqueline,Wright,17.0,Rejected
CAND09673,REQ18536,Scott,Everett,2.7,Rejected
CAND09674,REQ24614,John,Arnold,6.2,Rejected
CAND09675,REQ19981,Shirley,Greene,3.8,Rejected
CAND09676,REQ19788,Christina,Ingram,14.6,Rejected
CAND09677,REQ21014,Sean,Freeman,9.6,Hired
CAND09678,REQ14048,Tiffany,Moss,12.3,Rejected
CAND09679,REQ11215,Amber,Thompson,8.6,Rejected
CAND09680,REQ21621,Michele,Gates,11.9,Rejected
CAND09681,REQ00542,William,Rodriguez,9.7,Hired
CAND09682,REQ14046,Michael,Rodriguez,9.0,Offer Extended
CAND09683,REQ18927,Jennifer,Kerr,1.0,Hired
CAND09684,REQ08767,Howard,Cooper,10.0,Rejected
CAND09685,REQ21509,Sharon,Aguilar,0.6,Hired
CAND09686,REQ02987,Sierra,Willis,6.7,Rejected
CAND09687,REQ21664,Elizabeth,Stewart,18.8,Interviewing
CAND09688,REQ17071,Ann,Poole,12.3,Rejected
CAND09689,REQ19154,Karen,Flores,7.7,Rejected
CAND09690,REQ02335,Christopher,Chapman,11.6,Rejected
CAND09691,REQ11224,Rachel,Vargas,14.4,Rejected
CAND09692,REQ21242,Keith,Boyle,5.2,Interviewing
CAND09693,REQ12848,Heather,Barker,1.8,Rejected
CAND09694,REQ04897,Eugene,Silva,14.7,Rejected
CAND09695,REQ12384,Jaime,Patton,10.5,Rejected
CAND09696,REQ00441,Matthew,Neal,16.9,Rejected
CAND09697,REQ19063,Brenda,Stokes,3.8,Interviewing
CAND09698,REQ06023,Mary,Schwartz,16.6,Rejected
CAND09699,REQ14448,Elizabeth,Richmond,15.9,Rejected
CAND09700,REQ12615,Steve,Davis,13.2,Rejected
CAND09701,REQ21223,Linda,Reed,19.0,Hired
CAND09702,REQ05623,Anne,Rodriguez,9.6,Rejected
CAND09703,REQ02381,Kimberly,Adams,2.9,Rejected
CAND09704,REQ05871,Heather,Lopez,11.4,Rejected
CAND09705,REQ07199,Debra,Wilcox,19.1,Rejected
CAND09706,REQ08975,Kelly,James,0.5,Rejected
CAND09707,REQ02345,Matthew,Briggs,11.9,Interviewing
CAND09708,REQ10618,Kathryn,Bush,8.4,Rejected
CAND09709,REQ21993,Leslie,Campos,0.1,Rejected
CAND09710,REQ03697,Brittany,Jennings,17.5,Interviewing
CAND09711,REQ19716,Matthew,Woods,13.0,Interviewing
CAND09712,REQ07134,Paul,Wang,3.0,Hired
CAND09713,REQ14534,James,Garner,5.1,Rejected
CAND09714,REQ14861,Jamie,Obrien,13.6,Interviewing
CAND09715,REQ11834,Keith,Wilson,5.2,Rejected
CAND09716,REQ16724,Brandon,Schaefer,2.2,Rejected
CAND09717,REQ00206,Susan,Hoffman,12.1,Rejected
CAND09718,REQ10087,Samuel,Kim,4.9,Rejected
CAND09719,REQ01254,Joshua,Watson,10.5,Rejected
CAND09720,REQ15831,Tiffany,Duncan,4.9,Rejected
CAND09721,REQ07825,Scott,Lee,3.9,Rejected
CAND09722,REQ19886,Mario,Johnson,13.8,Rejected
CAND09723,REQ21616,Connie,Brown,19.9,Offer Extended
CAND09724,REQ24769,Johnny,Davis,13.8,Offer Extended
CAND09725,REQ24901,Amanda,Williams,13.4,Rejected
CAND09726,REQ18836,Michael,Davis,11.2,Rejected
CAND09727,REQ21361,Richard,Scott,16.7,Hired
CAND09728,REQ17270,Felicia,Greer,7.2,Offer Extended
CAND09729,REQ12556,Allen,Pope,14.0,Offer Extended
CAND09730,REQ15332,Michael,Turner,6.1,Rejected
CAND09731,REQ17499,Mitchell,Cervantes,5.4,Offer Extended
CAND09732,REQ14420,Luis,Johnson,12.1,Rejected
CAND09733,REQ10748,Robert,Ward,7.3,Rejected
CAND09734,REQ23402,Paula,Hebert,1.8,Interviewing
CAND09735,REQ19087,Margaret,Sweeney,10.9,Hired
CAND09736,REQ23915,Jacqueline,Duran,7.1,Interviewing
CAND09737,REQ01956,Robert,Bennett,3.6,Rejected
CAND09738,REQ17907,Jessica,Hurley,8.6,Rejected
CAND09739,REQ12821,Jennifer,Stevens,6.2,Rejected
CAND09740,REQ13683,Dan,Price,2.4,Rejected
CAND09741,REQ14014,Michael,Torres,6.9,Rejected
CAND09742,REQ01384,Chad,Duran,16.5,Rejected
CAND09743,REQ17713,Tracie,Jones,18.2,Rejected
CAND09744,REQ06845,Caleb,Mcneil,16.0,Hired
CAND09745,REQ10586,Sean,Phillips,18.4,Rejected
CAND09746,REQ07800,Jimmy,Joseph,9.3,Rejected
CAND09747,REQ16777,Christina,Edwards,2.8,Rejected
CAND09748,REQ23292,Rodney,Berg,0.1,Rejected
CAND09749,REQ21712,Sarah,Stein,18.6,Offer Extended
CAND09750,REQ17476,Valerie,Williams,5.3,Offer Extended
CAND09751,REQ20101,James,Pearson,0.4,Rejected
CAND09752,REQ01692,John,Kelley,18.5,Offer Extended
CAND09753,REQ08020,Gina,Johnson,19.9,Interviewing
CAND09754,REQ22718,Peter,Miranda,15.5,Interviewing
CAND09755,REQ12033,Lacey,Hines,3.8,Rejected
CAND09756,REQ12170,Cody,Patton,4.6,Offer Extended
CAND09757,REQ02692,Diane,Nguyen,9.4,Hired
CAND09758,REQ02362,Christopher,Hoover,12.3,Rejected
CAND09759,REQ08156,Nina,Lambert,14.6,Rejected
CAND09760,REQ21655,Michelle,Yu,4.6,Offer Extended
CAND09761,REQ00900,Jennifer,Taylor,11.5,Rejected
CAND09762,REQ16520,Debra,Gonzalez,4.5,Rejected
CAND09763,REQ16089,Heidi,Smith,4.8,Rejected
CAND09764,REQ06129,Crystal,Perez,19.8,Rejected
CAND09765,REQ08128,Kayla,Gregory,17.7,Offer Extended
CAND09766,REQ13128,Steven,Copeland,4.0,Rejected
CAND09767,REQ08706,Steven,Smith,8.2,Rejected
CAND09768,REQ17678,Larry,Bailey,13.1,Rejected
CAND09769,REQ07902,Paul,Massey,13.2,Rejected
CAND09770,REQ03396,Miguel,Hill,18.9,Interviewing
CAND09771,REQ20889,Andrea,Jones,0.3,Rejected
CAND09772,REQ01527,Sabrina,Murray,17.2,Rejected
CAND09773,REQ20895,John,Jones,6.8,Rejected
CAND09774,REQ01513,David,Ward,3.4,Hired
CAND09775,REQ01175,Marcus,Jimenez,16.0,Rejected
CAND09776,REQ20233,Stacey,Arroyo,0.0,Interviewing
CAND09777,REQ12259,Bryan,Williams,16.5,Rejected
CAND09778,REQ10702,Michelle,Green,9.3,Rejected
CAND09779,REQ18933,Kimberly,Cook,10.6,Rejected
CAND09780,REQ18542,Rebecca,Stewart,11.6,Rejected
CAND09781,REQ13163,Kerry,Stanley,10.3,Rejected
CAND09782,REQ04767,Sarah,Lynn,7.5,Rejected
CAND09783,REQ18723,Keith,Hicks,9.6,Rejected
CAND09784,REQ22384,Susan,Clay,6.1,Rejected
CAND09785,REQ09206,David,Walker,4.6,Offer Extended
CAND09786,REQ14765,Sandra,Parker,7.6,Rejected
CAND09787,REQ16561,Michael,Robbins,5.7,Rejected
CAND09788,REQ16163,Danielle,Pope,13.8,Rejected
CAND09789,REQ05851,Ricky,Mckenzie,7.7,Rejected
CAND09790,REQ08904,Michael,Cunningham,0.4,Rejected
CAND09791,REQ02460,Peter,Thompson,0.4,Interviewing
CAND09792,REQ06264,Lacey,Garcia,5.0,Rejected
CAND09793,REQ21536,Kevin,Phelps,2.5,Rejected
CAND09794,REQ04509,Carl,Campbell,13.4,Rejected
CAND09795,REQ20719,Norma,Young,4.8,Offer Extended
CAND09796,REQ11987,Rachel,Eaton,10.4,Rejected
CAND09797,REQ01739,Brooke,Moreno,15.8,Interviewing
CAND09798,REQ21754,Kathleen,Phillips,8.1,Rejected
CAND09799,REQ13007,Dennis,Meyers,12.4,Rejected
CAND09800,REQ21898,Jerry,Brown,9.7,Hired
CAND09801,REQ06779,Daniel,Sweeney,7.0,Rejected
CAND09802,REQ17451,Marco,Lawson,14.7,Hired
CAND09803,REQ11796,Terrance,Berger,3.7,Rejected
CAND09804,REQ23617,Sharon,Knox,4.5,Hired
CAND09805,REQ02486,Michael,Morris,5.0,Hired
CAND09806,REQ22807,Michael,Richard,13.2,Rejected
CAND09807,REQ03227,Deanna,Gutierrez,6.1,Rejected
CAND09808,REQ16417,Pamela,Munoz,16.7,Rejected
CAND09809,REQ17759,Samantha,Lopez,16.3,Rejected
CAND09810,REQ05516,Stephen,Coffey,9.0,Rejected
CAND09811,REQ23794,Matthew,Wade,19.8,Rejected
CAND09812,REQ06616,Natalie,Anderson,17.5,Rejected
CAND09813,REQ16916,Gary,Fisher,11.0,Interviewing
CAND09814,REQ06142,Nicole,Warren,19.7,Rejected
CAND09815,REQ21387,Omar,Guzman,13.6,Rejected
CAND09816,REQ08744,Mark,Harvey,10.1,Rejected
CAND09817,REQ12427,Sarah,Baker,1.4,Rejected
CAND09818,REQ07592,Christina,Sullivan,17.4,Rejected
CAND09819,REQ03808,Nicholas,Simpson,11.4,Rejected
CAND09820,REQ09487,Amanda,Daugherty,7.2,Rejected
CAND09821,REQ07187,Kayla,Howell,8.2,Offer Extended
CAND09822,REQ19036,Erin,Collins,8.8,Rejected
CAND09823,REQ22996,Miguel,Lyons,10.9,Rejected
CAND09824,REQ01308,Jennifer,Greene,5.4,Rejected
CAND09825,REQ05887,Natalie,Patterson,13.7,Rejected
CAND09826,REQ18734,Nathan,Smith,16.1,Rejected
CAND09827,REQ05211,Crystal,Small,19.5,Rejected
CAND09828,REQ19132,Ryan,Adkins,10.0,Rejected
CAND09829,REQ17769,Daniel,Jackson,0.9,Interviewing
CAND09830,REQ19044,Stephen,Pugh,12.2,Offer Extended
CAND09831,REQ05449,Olivia,Mitchell,12.7,Offer Extended
CAND09832,REQ08853,Justin,Reyes,4.4,Offer Extended
CAND09833,REQ11775,Joshua,Hansen,14.0,Rejected
CAND09834,REQ12852,Marissa,Bruce,15.0,Offer Extended
CAND09835,REQ09998,Jennifer,Adams,5.9,Interviewing
CAND09836,REQ21005,Renee,Rivera,11.3,Rejected
CAND09837,REQ06851,Michele,Banks,8.3,Rejected
CAND09838,REQ07772,Bradley,King,17.8,Rejected
CAND09839,REQ18743,Michael,Robinson,14.0,Rejected
CAND09840,REQ20105,Kathleen,Ferguson,11.2,Interviewing
CAND09841,REQ02193,David,Gardner,19.4,Rejected
CAND09842,REQ08754,Brandon,Martinez,5.7,Rejected
CAND09843,REQ13539,Arthur,Johnson,17.5,Rejected
CAND09844,REQ22713,Dustin,Barnett,11.6,Rejected
CAND09845,REQ00363,Gregory,Cooper,9.6,Offer Extended
CAND09846,REQ01841,Elizabeth,Bradford,13.9,Rejected
CAND09847,REQ00532,Kelly,Henderson,5.1,Rejected
CAND09848,REQ19915,Justin,Callahan,2.6,Interviewing
CAND09849,REQ02091,Brandy,Diaz,9.2,Rejected
CAND09850,REQ24629,Andrew,Ortiz,3.8,Rejected
CAND09851,REQ16373,Cynthia,Gonzalez,2.0,Rejected
CAND09852,REQ23865,Katherine,Pearson,1.6,Hired
CAND09853,REQ11716,Jonathan,Bender,3.8,Rejected
CAND09854,REQ03303,Julie,Hess,13.6,Rejected
CAND09855,REQ14785,Robert,Marquez,3.5,Offer Extended
CAND09856,REQ05361,David,Conner,16.0,Rejected
CAND09857,REQ14781,Heather,Sanford,5.5,Hired
CAND09858,REQ04099,Christian,Stone,14.3,Rejected
CAND09859,REQ21245,Susan,Ford,7.5,Interviewing
CAND09860,REQ15029,Mary,Ramos,14.6,Rejected
CAND09861,REQ22810,Megan,Farmer,5.4,Interviewing
CAND09862,REQ15750,Matthew,Mason,12.6,Interviewing
CAND09863,REQ24247,Shelly,Diaz,4.7,Rejected
CAND09864,REQ08976,Carol,Fisher,11.0,Rejected
CAND09865,REQ17872,David,Rowe,1.1,Rejected
CAND09866,REQ03324,Rachel,Thompson,19.9,Hired
CAND09867,REQ18574,Alexander,Frazier,7.7,Rejected
CAND09868,REQ13338,Vanessa,Mejia,18.7,Rejected
CAND09869,REQ05927,Sarah,Smith,15.9,Interviewing
CAND09870,REQ12820,Anthony,Carroll,19.5,Rejected
CAND09871,REQ02692,Jeffrey,Harris,3.0,Interviewing
CAND09872,REQ00312,Jose,Hunter,5.9,Interviewing
CAND09873,REQ13487,Meghan,Harrison,8.4,Rejected
CAND09874,REQ09149,Lisa,Anderson,14.3,Rejected
CAND09875,REQ24337,Allison,Hensley,13.4,Hired
CAND09876,REQ22359,Tyler,Cooley,11.9,Rejected
CAND09877,REQ08085,Arthur,Ramirez,11.0,Rejected
CAND09878,REQ03089,Joshua,Townsend,10.8,Rejected
CAND09879,REQ24564,Rick,Mcgee,1.1,Rejected
CAND09880,REQ13442,Jeffrey,Smith,16.0,Hired
CAND09881,REQ22746,Dennis,Nelson,14.5,Rejected
CAND09882,REQ10800,Jorge,Clark,15.8,Rejected
CAND09883,REQ19297,David,Stanley,18.7,Rejected
CAND09884,REQ15044,Matthew,Mooney,6.8,Rejected
CAND09885,REQ07549,Christopher,Phillips,18.7,Rejected
CAND09886,REQ12546,Caitlin,Robinson,7.3,Rejected
CAND09887,REQ04413,Karen,Foster,6.9,Offer Extended
CAND09888,REQ06870,Thomas,Hughes,12.6,Rejected
CAND09889,REQ08261,Nicholas,Shaffer,6.1,Rejected
CAND09890,REQ17729,Laurie,Sparks,1.8,Rejected
CAND09891,REQ20643,Michael,Vargas,12.4,Rejected
CAND09892,REQ09752,Sally,Greer,15.3,Hired
CAND09893,REQ17240,James,Graham,19.7,Rejected
CAND09894,REQ19436,Megan,Johnston,8.6,Rejected
CAND09895,REQ16193,Jacqueline,Olson,7.1,Interviewing
CAND09896,REQ19503,Jeff,Walsh,7.8,Rejected
CAND09897,REQ24209,Steven,Knight,3.8,Rejected
CAND09898,REQ10608,David,Burton,0.3,Hired
CAND09899,REQ19941,Matthew,Hall,14.1,Rejected
CAND09900,REQ15437,Lauren,Wilkinson,2.5,Rejected
CAND09901,REQ16773,Dawn,Davis,9.9,Rejected
CAND09902,REQ01178,Jason,Rodriguez,13.2,Rejected
CAND09903,REQ14476,Amanda,Becker,9.3,Interviewing
CAND09904,REQ16801,Matthew,Hamilton,13.3,Rejected
CAND09905,REQ04418,Kevin,Young,10.1,Rejected
CAND09906,REQ16618,Daryl,Harvey,15.5,Hired
CAND09907,REQ21473,Jasmine,Page,16.1,Rejected
CAND09908,REQ18715,Linda,Bean,6.9,Hired
CAND09909,REQ17535,Sarah,Peters,13.7,Interviewing
CAND09910,REQ01428,Bonnie,Peterson,11.0,Hired
CAND09911,REQ21559,Monica,Gonzalez,18.4,Rejected
CAND09912,REQ23972,Jennifer,Thompson,10.6,Rejected
CAND09913,REQ16555,Brian,Rosales,5.6,Rejected
CAND09914,REQ19486,Billy,Torres,19.4,Rejected
CAND09915,REQ18743,Sean,Franklin,17.4,Rejected
CAND09916,REQ23023,Spencer,Huff,5.7,Rejected
CAND09917,REQ06907,Robert,Miller,18.3,Rejected
CAND09918,REQ09708,Megan,Diaz,13.0,Rejected
CAND09919,REQ00700,Jonathan,Holmes,8.3,Hired
CAND09920,REQ13532,Shelley,Miller,19.7,Rejected
CAND09921,REQ07945,John,Morrison,4.3,Hired
CAND09922,REQ22294,Kristen,Arnold,11.3,Hired
CAND09923,REQ23753,Colleen,Alvarez,5.2,Rejected
CAND09924,REQ00943,Austin,Smith,5.4,Hired
CAND09925,REQ07439,Paul,Ortiz,15.8,Rejected
CAND09926,REQ12478,Samantha,Jarvis,0.5,Rejected
CAND09927,REQ10487,Reginald,Strong,8.9,Hired
CAND09928,REQ00160,Alexander,Maxwell,9.4,Rejected
CAND09929,REQ10013,Roberta,Guzman,5.8,Interviewing
CAND09930,REQ12406,Michael,Wood,8.9,Rejected
CAND09931,REQ23813,Steven,Bradley,2.8,Rejected
CAND09932,REQ13450,Matthew,Johnston,6.3,Rejected
CAND09933,REQ24597,Scott,Downs,7.1,Rejected
CAND09934,REQ09603,Charles,Price,10.1,Rejected
CAND09935,REQ24528,Amanda,Rogers,16.8,Rejected
CAND09936,REQ15842,James,Wilson,9.4,Rejected
CAND09937,REQ02585,Linda,Campbell,1.0,Rejected
CAND09938,REQ04368,Eric,Matthews,0.5,Rejected
CAND09939,REQ14842,Erik,Smith,12.2,Hired
CAND09940,REQ09356,Mark,Ramirez,13.4,Rejected
CAND09941,REQ04654,Randall,Thompson,2.1,Rejected
CAND09942,REQ15923,Hannah,Wallace,1.5,Interviewing
CAND09943,REQ07377,Joanna,Brown,13.8,Rejected
CAND09944,REQ14062,Megan,Payne,3.0,Rejected
CAND09945,REQ09004,Jeremy,Sexton,11.5,Interviewing
CAND09946,REQ11263,Richard,Larson,7.2,Interviewing
CAND09947,REQ24088,Jeffrey,Johnson,9.2,Rejected
CAND09948,REQ11313,Kim,Smith,9.3,Rejected
CAND09949,REQ04047,Pamela,Cervantes,5.9,Interviewing
CAND09950,REQ21698,Traci,Thomas,6.4,Rejected
CAND09951,REQ17480,Shannon,Rivera,3.5,Interviewing
CAND09952,REQ13728,Melanie,Lucas,15.1,Rejected
CAND09953,REQ18530,Richard,Krueger,18.8,Rejected
CAND09954,REQ02435,Phillip,Camacho,3.8,Rejected
CAND09955,REQ22217,Tonya,Barr,9.0,Rejected
CAND09956,REQ03000,Veronica,Carpenter,8.5,Rejected
CAND09957,REQ08547,Holly,Lee,15.0,Rejected
CAND09958,REQ23254,Katrina,Gilbert,10.0,Rejected
CAND09959,REQ08898,Loretta,Norman,0.1,Rejected
CAND09960,REQ23073,Brian,Davidson,7.9,Rejected
CAND09961,REQ01968,Wendy,Murphy,17.3,Hired
CAND09962,REQ00609,Jeffery,Rodgers,1.4,Rejected
CAND09963,REQ00430,Susan,Reid,2.7,Rejected
CAND09964,REQ18711,Dustin,Molina,15.0,Rejected
CAND09965,REQ12897,Anna,Alexander,4.6,Rejected
CAND09966,REQ21863,Brian,Howard,13.8,Rejected
CAND09967,REQ16155,Tiffany,Torres,17.4,Rejected
CAND09968,REQ06278,Scott,Cortez,7.2,Rejected
CAND09969,REQ11984,Benjamin,Romero,16.6,Rejected
CAND09970,REQ13820,Juan,Jackson,6.6,Rejected
CAND09971,REQ08404,Ariel,Flores,2.6,Rejected
CAND09972,REQ19355,Richard,Rodriguez,16.0,Interviewing
CAND09973,REQ23161,Jacob,Williams,10.0,Interviewing
CAND09974,REQ18872,Christopher,Morrison,5.8,Interviewing
CAND09975,REQ01767,Robert,Bennett,8.9,Rejected
CAND09976,REQ03549,Cynthia,Schultz,18.7,Rejected
CAND09977,REQ18285,Frank,Lang,18.1,Rejected
CAND09978,REQ19982,John,Cisneros,7.9,Rejected
CAND09979,REQ20293,Derrick,Salazar,6.2,Rejected
CAND09980,REQ10438,Alison,Pace,16.3,Rejected
CAND09981,REQ18221,Theodore,Zavala,6.9,Rejected
CAND09982,REQ18993,Kenneth,Carey,10.8,Rejected
CAND09983,REQ09787,Ebony,Davis,12.8,Rejected
CAND09984,REQ06359,Steven,Kline,11.1,Rejected
CAND09985,REQ24294,Heather,Gonzalez,4.0,Rejected
CAND09986,REQ04465,Joseph,Lynch,15.2,Rejected
CAND09987,REQ19138,Valerie,Ellison,1.1,Hired
CAND09988,REQ19824,Tara,Lopez,2.5,Rejected
CAND09989,REQ13988,David,Harrell,8.8,Rejected
CAND09990,REQ02958,Robin,Kemp,14.3,Rejected
CAND09991,REQ21909,Rebecca,Becker,14.1,Rejected
CAND09992,REQ01770,Brandi,Li,14.0,Offer Extended
CAND09993,REQ13199,Rebecca,Ramos,18.9,Hired
CAND09994,REQ01954,John,Robinson,4.6,Rejected
CAND09995,REQ10149,Nathaniel,Vargas,12.6,Rejected
CAND09996,REQ10929,Jessica,Williams,6.2,Hired
CAND09997,REQ10968,Kara,Hammond,8.4,Rejected
CAND09998,REQ10186,John,Valdez,9.5,Rejected
CAND09999,REQ17935,Parker,Thomas,1.1,Rejected
CAND10000,REQ23993,Charles,Fischer,4.8,Rejected
CAND10001,REQ01096,Jim,Brown,10.7,Rejected
CAND10002,REQ17307,Paul,Stevens,10.4,Rejected
CAND10003,REQ08603,Richard,Fisher,9.9,Interviewing
CAND10004,REQ15363,Charlene,Palmer,19.2,Rejected
CAND10005,REQ08287,Daniel,Hudson,12.9,Rejected
CAND10006,REQ02177,Kevin,Vasquez,3.5,Rejected
CAND10007,REQ04965,Ashley,Lee,6.1,Rejected
CAND10008,REQ03416,Cathy,Johnson,3.1,Interviewing
CAND10009,REQ01594,Gary,Jones,6.0,Rejected
CAND10010,REQ09497,Erin,Carroll,10.9,Interviewing
CAND10011,REQ24975,Dennis,Krause,13.3,Rejected
CAND10012,REQ16823,Jeffrey,Chan,2.2,Interviewing
CAND10013,REQ12526,Jerry,Hensley,8.7,Rejected
CAND10014,REQ13517,Jeremiah,Taylor,8.2,Interviewing
CAND10015,REQ11630,Stephanie,Thompson,16.4,Interviewing
CAND10016,REQ00497,Larry,Wallace,17.7,Rejected
CAND10017,REQ15356,Jeremy,Evans,14.9,Hired
CAND10018,REQ21370,Ana,Williams,5.3,Rejected
CAND10019,REQ22149,Laura,Davis,17.2,Hired
CAND10020,REQ20057,Jasmine,Mcclain,5.1,Rejected
CAND10021,REQ03183,Sean,Romero,5.3,Rejected
CAND10022,REQ03776,Daniel,Mullins,10.7,Rejected
CAND10023,REQ18280,Deborah,Cohen,4.7,Rejected
CAND10024,REQ11695,Michael,Lee,5.3,Rejected
CAND10025,REQ22737,Zachary,Rosario,2.4,Rejected
CAND10026,REQ08333,David,Krause,12.2,Rejected
CAND10027,REQ24343,Scott,Payne,2.0,Rejected
CAND10028,REQ02479,Angela,Bell,1.3,Rejected
CAND10029,REQ04461,Edward,Brown,2.3,Interviewing
CAND10030,REQ19630,Victor,Reed,1.4,Interviewing
CAND10031,REQ14628,Natalie,Schwartz,11.4,Rejected
CAND10032,REQ04751,Aaron,Johnson,2.2,Rejected
CAND10033,REQ19574,Rebecca,Smith,4.9,Rejected
CAND10034,REQ01106,Christine,Burton,1.5,Hired
CAND10035,REQ11264,Rebecca,Gibson,14.2,Rejected
CAND10036,REQ12171,Frank,Koch,15.7,Rejected
CAND10037,REQ05317,Travis,Martinez,18.3,Interviewing
CAND10038,REQ06246,Timothy,Gonzalez,5.1,Rejected
CAND10039,REQ02311,Gilbert,Poole,11.7,Rejected
CAND10040,REQ22529,Bradley,Davis,12.3,Rejected
CAND10041,REQ22980,Daniel,Barber,2.0,Rejected
CAND10042,REQ23514,Jorge,Barry,1.8,Hired
CAND10043,REQ17544,Whitney,Gonzales,7.6,Offer Extended
CAND10044,REQ03585,Larry,Stewart,15.5,Interviewing
CAND10045,REQ03195,Jonathan,Lopez,16.7,Rejected
CAND10046,REQ21847,Nathaniel,Small,0.4,Rejected
CAND10047,REQ18369,Corey,Powers,15.0,Rejected
CAND10048,REQ22735,Kayla,Espinoza,12.2,Interviewing
CAND10049,REQ15230,Christopher,Avery,19.3,Rejected
CAND10050,REQ10628,Jenny,Wilson,3.0,Rejected
CAND10051,REQ16088,Richard,Jacobson,12.3,Interviewing
CAND10052,REQ01462,Heather,Sanchez,10.9,Rejected
CAND10053,REQ08707,Katherine,Sexton,3.4,Rejected
CAND10054,REQ19775,Ryan,Mcmahon,6.4,Rejected
CAND10055,REQ19974,Tiffany,Dunlap,7.9,Rejected
CAND10056,REQ11089,Kristen,Jones,19.5,Interviewing
CAND10057,REQ04076,Kristin,Wood,6.4,Rejected
CAND10058,REQ00381,Jennifer,Kelly,6.7,Rejected
CAND10059,REQ07030,Mary,Tanner,6.3,Rejected
CAND10060,REQ21987,Crystal,Ingram,1.6,Rejected
CAND10061,REQ23855,Brittany,Ryan,15.2,Rejected
CAND10062,REQ14475,Alison,Villanueva,16.0,Rejected
CAND10063,REQ19415,Madeline,Morgan,16.5,Hired
CAND10064,REQ14370,Meagan,Simpson,7.4,Hired
CAND10065,REQ04470,Brett,Hernandez,9.6,Rejected
CAND10066,REQ23489,Sarah,Bullock,3.2,Rejected
CAND10067,REQ05053,Brian,Jones,13.8,Rejected
CAND10068,REQ19230,Jade,King,15.8,Rejected
CAND10069,REQ01118,David,Hall,6.0,Rejected
CAND10070,REQ07467,Randy,Smith,10.5,Rejected
CAND10071,REQ20647,Brandon,Wilson,18.9,Rejected
CAND10072,REQ23522,Kimberly,Jones,4.5,Rejected
CAND10073,REQ08140,Maria,Lucas,8.5,Interviewing
CAND10074,REQ06594,Douglas,Summers,7.7,Rejected
CAND10075,REQ21477,Brandy,Soto,15.8,Hired
CAND10076,REQ13806,Daniel,Arellano,5.7,Rejected
CAND10077,REQ21653,Stephanie,Hamilton,16.1,Rejected
CAND10078,REQ24546,Lee,Huber,5.3,Rejected
CAND10079,REQ02183,Rachel,Patrick,9.0,Hired
CAND10080,REQ16642,Joshua,Collins,11.0,Interviewing
CAND10081,REQ22629,Ronald,Murray,0.1,Rejected
CAND10082,REQ22654,Bryce,Figueroa,15.8,Hired
CAND10083,REQ23510,Jared,Austin,4.9,Interviewing
CAND10084,REQ17524,Brian,Harris,10.2,Interviewing
CAND10085,REQ19666,Kelly,Snyder,8.4,Rejected
CAND10086,REQ03736,Samuel,Williams,1.6,Rejected
CAND10087,REQ05234,Jean,Haynes,1.3,Rejected
CAND10088,REQ05790,Bruce,Morgan,19.0,Rejected
CAND10089,REQ02465,Richard,Gross,17.1,Rejected
CAND10090,REQ09529,Johnathan,Cunningham,14.4,Rejected
CAND10091,REQ08178,Jonathan,Montgomery,6.4,Rejected
CAND10092,REQ19537,Andrew,Watts,3.1,Rejected
CAND10093,REQ07637,Barbara,Gray,18.6,Rejected
CAND10094,REQ09491,Daniel,Garrett,11.8,Rejected
CAND10095,REQ21609,Stephanie,Smith,3.7,Rejected
CAND10096,REQ18036,Victoria,Allen,7.1,Rejected
CAND10097,REQ01254,Travis,Burgess,14.3,Rejected
CAND10098,REQ20315,Hannah,Anderson,11.2,Interviewing
CAND10099,REQ01369,Kenneth,Brown,7.4,Rejected
CAND10100,REQ22976,Casey,Heath,19.2,Rejected
CAND10101,REQ00853,Keith,Martinez,4.1,Rejected
CAND10102,REQ10028,Shannon,Hernandez,13.0,Rejected
CAND10103,REQ04695,Bryan,Cline,10.0,Rejected
CAND10104,REQ10798,Patricia,Short,14.9,Interviewing
CAND10105,REQ10638,Andrew,Keith,6.9,Hired
CAND10106,REQ21677,Jonathon,Buckley,8.2,Rejected
CAND10107,REQ24154,Joseph,Sellers,16.3,Rejected
CAND10108,REQ17138,John,Hill,13.8,Rejected
CAND10109,REQ16284,William,Evans,14.8,Rejected
CAND10110,REQ10002,Robert,Wheeler,14.1,Interviewing
CAND10111,REQ14002,Zachary,Walker,4.5,Rejected
CAND10112,REQ22456,Nicholas,Hayes,5.0,Rejected
CAND10113,REQ17553,Brittany,Mann,3.3,Interviewing
CAND10114,REQ22037,Cheryl,Rodgers,11.5,Rejected
CAND10115,REQ17143,Jennifer,Ruiz,11.3,Hired
CAND10116,REQ01886,Alexander,West,4.7,Rejected
CAND10117,REQ11019,Kimberly,Walker,17.0,Interviewing
CAND10118,REQ02433,Brian,Bowen,13.0,Rejected
CAND10119,REQ23751,Ana,Henry,12.7,Hired
CAND10120,REQ14021,Michelle,Armstrong,11.2,Rejected
CAND10121,REQ04657,Savannah,Smith,2.0,Offer Extended
CAND10122,REQ10029,Nicole,Young,4.8,Rejected
CAND10123,REQ06975,Heather,Lee,16.9,Rejected
CAND10124,REQ07795,Jose,Garcia,2.1,Rejected
CAND10125,REQ04290,Kristina,Rowe,12.9,Rejected
CAND10126,REQ00069,Michael,Bennett,6.1,Hired
CAND10127,REQ07226,Dawn,Knight,12.1,Rejected
CAND10128,REQ14068,Kyle,Campbell,14.6,Rejected
CAND10129,REQ08444,Jeffery,Allen,13.0,Rejected
CAND10130,REQ13706,Amy,Hunter,9.0,Interviewing
CAND10131,REQ07637,Frederick,Bates,0.2,Rejected
CAND10132,REQ01116,Joseph,Phillips,2.6,Rejected
CAND10133,REQ20411,Erin,Carter,14.1,Rejected
CAND10134,REQ09881,Stephanie,Dyer,9.1,Rejected
CAND10135,REQ04932,Bethany,Carlson,2.8,Rejected
CAND10136,REQ17661,Derek,Smith,7.0,Rejected
CAND10137,REQ13335,Jerry,Erickson,18.0,Rejected
CAND10138,REQ15167,Melissa,Berg,15.3,Rejected
CAND10139,REQ23358,Tony,Manning,16.7,Rejected
CAND10140,REQ07460,Sarah,Griffith,16.0,Rejected
CAND10141,REQ15227,Heather,Hall,11.8,Rejected
CAND10142,REQ15354,Sydney,Hayes,4.8,Rejected
CAND10143,REQ01197,Brian,Gomez,0.7,Rejected
CAND10144,REQ11298,Margaret,Harvey,7.1,Rejected
CAND10145,REQ18477,Thomas,Walker,16.7,Rejected
CAND10146,REQ03947,Jennifer,Herrera,17.7,Rejected
CAND10147,REQ10224,Jay,Vasquez,14.4,Hired
CAND10148,REQ15671,Daniel,Alvarado,12.4,Rejected
CAND10149,REQ13913,Evelyn,Smith,5.2,Rejected
CAND10150,REQ08176,Austin,Banks,2.2,Hired
CAND10151,REQ22624,Lindsey,Foster,18.5,Rejected
CAND10152,REQ02980,Daniel,Osborne,5.5,Rejected
CAND10153,REQ16055,James,Mccarthy,13.3,Interviewing
CAND10154,REQ04690,Joseph,Johnson,17.9,Rejected
CAND10155,REQ01196,Matthew,Pierce,5.6,Rejected
CAND10156,REQ21426,Kimberly,Schultz,9.2,Rejected
CAND10157,REQ10257,Emily,Vargas,0.7,Rejected
CAND10158,REQ16022,John,Martin,6.1,Rejected
CAND10159,REQ03581,Kathy,Gray,3.2,Rejected
CAND10160,REQ14348,Christopher,Daniels,19.6,Offer Extended
CAND10161,REQ13636,Joseph,Brown,5.1,Interviewing
CAND10162,REQ09314,Kyle,Rhodes,13.1,Rejected
CAND10163,REQ13959,Leslie,Gonzales,1.4,Interviewing
CAND10164,REQ24914,Samantha,Campbell,7.9,Rejected
CAND10165,REQ00658,William,White,5.7,Rejected
CAND10166,REQ24347,Colleen,Berg,17.6,Hired
CAND10167,REQ09883,Jaime,Lee,9.6,Rejected
CAND10168,REQ13843,Gabriella,Pittman,9.0,Interviewing
CAND10169,REQ04995,James,Lyons,0.0,Rejected
CAND10170,REQ03809,Nicole,Jimenez,4.9,Rejected
CAND10171,REQ09767,Jennifer,Jones,9.9,Rejected
CAND10172,REQ20478,Anthony,Robertson,2.8,Rejected
CAND10173,REQ17519,Michael,Vang,15.9,Hired
CAND10174,REQ08502,Brian,Adkins,12.9,Rejected
CAND10175,REQ12357,Erika,Peters,9.6,Rejected
CAND10176,REQ11960,Sara,Bauer,6.7,Rejected
CAND10177,REQ13197,Christopher,Trevino,7.3,Interviewing
CAND10178,REQ11863,Raymond,Cruz,17.9,Interviewing
CAND10179,REQ23831,Lisa,Roman,15.6,Rejected
CAND10180,REQ00076,Bonnie,Perry,7.8,Interviewing
CAND10181,REQ01471,Oscar,Schultz,9.5,Rejected
CAND10182,REQ14754,Ashley,Sullivan,17.4,Hired
CAND10183,REQ12532,Samantha,Chapman,5.9,Interviewing
CAND10184,REQ09557,Robert,Cox,2.0,Rejected
CAND10185,REQ16018,Kristen,Chandler,5.2,Interviewing
CAND10186,REQ06106,Michelle,Williamson,13.0,Hired
CAND10187,REQ10966,Kristin,Phillips,10.2,Rejected
CAND10188,REQ21998,Thomas,Vance,15.0,Rejected
CAND10189,REQ00154,Alexis,Fuller,6.0,Rejected
CAND10190,REQ03544,Craig,Carter,11.5,Interviewing
CAND10191,REQ01564,Ashley,Bennett,9.2,Rejected
CAND10192,REQ07594,Alexander,Blackburn,1.0,Rejected
CAND10193,REQ00033,Nathan,Schmitt,12.4,Offer Extended
CAND10194,REQ21007,Jamie,Little,16.6,Rejected
CAND10195,REQ14472,Amanda,Johnson,14.6,Hired
CAND10196,REQ01041,Katherine,Burns,19.1,Rejected
CAND10197,REQ12466,Julie,Thomas,2.6,Interviewing
CAND10198,REQ15832,Katrina,Foster,0.8,Rejected
CAND10199,REQ03963,John,Lewis,18.7,Rejected
CAND10200,REQ01873,Joseph,Sanford,15.5,Offer Extended
CAND10201,REQ21370,Maria,Greene,13.8,Rejected
CAND10202,REQ16518,Adam,Arellano,17.2,Rejected
CAND10203,REQ01637,Rodney,Bailey,5.9,Rejected
CAND10204,REQ09641,Kelly,Thomas,14.8,Rejected
CAND10205,REQ20804,Michael,Morales,9.3,Rejected
CAND10206,REQ05224,Joseph,Rodgers,18.3,Rejected
CAND10207,REQ24267,Daniel,Perez,13.7,Rejected
CAND10208,REQ10936,Edwin,Jones,14.2,Rejected
CAND10209,REQ14130,Francisco,Barnett,11.4,Rejected
CAND10210,REQ05897,John,Armstrong,3.1,Rejected
CAND10211,REQ06873,Ryan,Dominguez,6.0,Rejected
CAND10212,REQ03905,Blake,Tran,1.4,Hired
CAND10213,REQ09506,Harry,Eaton,12.5,Rejected
CAND10214,REQ24038,Omar,West,18.6,Rejected
CAND10215,REQ04798,John,Day,8.2,Rejected
CAND10216,REQ09756,Jason,Anderson,11.4,Rejected
CAND10217,REQ13743,Manuel,Obrien,13.4,Interviewing
CAND10218,REQ23984,Karen,Harrison,18.3,Rejected
CAND10219,REQ18614,Patrick,Sullivan,0.2,Interviewing
CAND10220,REQ13014,Karen,Smith,17.3,Rejected
CAND10221,REQ11338,David,Coffey,13.4,Rejected
CAND10222,REQ21120,Erica,Trevino,9.0,Interviewing
CAND10223,REQ00480,James,Stevenson,16.4,Offer Extended
CAND10224,REQ17728,Virginia,Howard,11.2,Hired
CAND10225,REQ03394,Michael,Pacheco,3.6,Interviewing
CAND10226,REQ03129,Mary,Johnson,18.4,Interviewing
CAND10227,REQ23808,Robert,Stokes,12.3,Rejected
CAND10228,REQ20793,Destiny,White,7.5,Rejected
CAND10229,REQ20076,David,Stephens,10.3,Interviewing
CAND10230,REQ08793,Tommy,Henry,17.2,Rejected
CAND10231,REQ09735,Emily,Rose,5.7,Rejected
CAND10232,REQ23367,Lauren,Franklin,3.0,Rejected
CAND10233,REQ13287,Charles,Friedman,11.3,Interviewing
CAND10234,REQ09004,Aaron,Johnson,3.1,Hired
CAND10235,REQ17832,Cynthia,Warner,3.3,Rejected
CAND10236,REQ08010,John,Gonzalez,18.3,Rejected
CAND10237,REQ17814,Shannon,Brown,12.7,Hired
CAND10238,REQ12061,Joseph,Vargas,10.1,Hired
CAND10239,REQ12947,Sylvia,Rubio,12.5,Interviewing
CAND10240,REQ01748,Christina,Miller,2.0,Hired
CAND10241,REQ08441,Kevin,Brown,3.4,Offer Extended
CAND10242,REQ16734,Michael,Weaver,11.1,Rejected
CAND10243,REQ18999,John,Hickman,17.7,Rejected
CAND10244,REQ13478,Elizabeth,Davis,11.1,Rejected
CAND10245,REQ12973,Emma,Hogan,6.4,Rejected
CAND10246,REQ17019,Yolanda,Chan,11.7,Hired
CAND10247,REQ05702,Jimmy,Davis,1.0,Rejected
CAND10248,REQ16457,Samantha,Bradshaw,15.5,Rejected
CAND10249,REQ08375,Holly,Hernandez,4.7,Rejected
CAND10250,REQ12919,Tracy,Harrison,5.7,Rejected
CAND10251,REQ19194,Samantha,Wilkinson,11.8,Offer Extended
CAND10252,REQ18276,Cody,Potter,5.5,Rejected
CAND10253,REQ21768,Karen,Mcdonald,18.5,Rejected
CAND10254,REQ23544,Roberto,Jackson,4.0,Rejected
CAND10255,REQ10279,Sandra,Thompson,7.9,Rejected
CAND10256,REQ00200,Julie,Foster,9.9,Offer Extended
CAND10257,REQ04567,Robert,Lopez,16.1,Rejected
CAND10258,REQ11191,Bethany,Alvarez,4.4,Rejected
CAND10259,REQ17610,Douglas,Hurley,9.2,Hired
CAND10260,REQ07989,Kristi,Hall,10.2,Rejected
CAND10261,REQ01786,Kayla,Torres,18.5,Rejected
CAND10262,REQ22452,James,Glover,5.3,Rejected
CAND10263,REQ19392,Connor,Shelton,9.6,Rejected
CAND10264,REQ24515,Laura,Hughes,16.3,Rejected
CAND10265,REQ05531,Terri,Martinez,19.3,Interviewing
CAND10266,REQ05866,Susan,Sawyer,7.1,Rejected
CAND10267,REQ05270,Angel,Castillo,13.6,Hired
CAND10268,REQ04535,Dawn,Harrington,4.8,Interviewing
CAND10269,REQ16380,Timothy,Davis,8.9,Rejected
CAND10270,REQ01432,Sara,Lara,5.5,Offer Extended
CAND10271,REQ20712,Willie,Hunt,2.9,Rejected
CAND10272,REQ11947,Cory,Moreno,8.6,Rejected
CAND10273,REQ03190,Mitchell,Lara,12.7,Rejected
CAND10274,REQ01370,Timothy,Moore,6.7,Rejected
CAND10275,REQ03496,Amanda,Fleming,15.5,Rejected
CAND10276,REQ14325,Sandra,Kline,14.3,Rejected
CAND10277,REQ10937,Paige,Cole,8.9,Interviewing
CAND10278,REQ16991,Megan,Valentine,8.2,Rejected
CAND10279,REQ07803,Rebekah,Taylor,15.4,Rejected
CAND10280,REQ24155,James,White,15.3,Rejected
CAND10281,REQ11993,Jonathan,Fischer,19.8,Rejected
CAND10282,REQ03494,Eddie,Hernandez,7.4,Hired
CAND10283,REQ23353,Heather,Williams,15.3,Rejected
CAND10284,REQ19532,Juan,Allen,0.7,Offer Extended
CAND10285,REQ01200,Lori,Perez,2.9,Rejected
CAND10286,REQ24329,Crystal,Ferguson,2.7,Rejected
CAND10287,REQ19012,Monica,Zamora,7.7,Rejected
CAND10288,REQ21749,Ashley,Proctor,17.7,Rejected
CAND10289,REQ00818,Nicholas,Farrell,3.3,Rejected
CAND10290,REQ23558,Carol,Long,9.7,Hired
CAND10291,REQ18977,Emily,Robertson,11.6,Rejected
CAND10292,REQ10834,Matthew,Blake,18.5,Rejected
CAND10293,REQ11565,Norman,Carroll,15.2,Rejected
CAND10294,REQ22533,Alexander,Howard,10.8,Interviewing
CAND10295,REQ10755,Jeremy,Salazar,12.0,Rejected
CAND10296,REQ15911,Brandy,Thompson,13.2,Rejected
CAND10297,REQ05682,Jerry,Mcclure,5.9,Rejected
CAND10298,REQ10062,Rachel,Galvan,15.2,Rejected
CAND10299,REQ15944,Christopher,Jones,15.1,Rejected
CAND10300,REQ03895,Hannah,Walker,13.9,Rejected
CAND10301,REQ22370,Heather,Garcia,15.2,Rejected
CAND10302,REQ11118,Kelly,Summers,19.7,Rejected
CAND10303,REQ16441,Diana,Barajas,1.9,Rejected
CAND10304,REQ04062,Richard,Alvarado,2.4,Rejected
CAND10305,REQ24497,Emily,Chandler,11.4,Rejected
CAND10306,REQ09182,Laura,Smith,16.4,Rejected
CAND10307,REQ16578,Erica,Williams,17.2,Rejected
CAND10308,REQ18690,Michael,Phillips,10.8,Rejected
CAND10309,REQ12250,David,Jenkins,14.2,Rejected
CAND10310,REQ11854,Sharon,Marshall,12.2,Rejected
CAND10311,REQ11104,Amanda,Franklin,17.4,Rejected
CAND10312,REQ01069,Alexandra,Flores,10.7,Hired
CAND10313,REQ22095,Alexander,Stuart,5.7,Rejected
CAND10314,REQ16426,Bryce,Macias,19.8,Interviewing
CAND10315,REQ02051,Angela,Aguilar,11.9,Rejected
CAND10316,REQ02997,Elizabeth,Pena,0.4,Interviewing
CAND10317,REQ06626,Tiffany,Kelley,1.4,Rejected
CAND10318,REQ17859,Kyle,Houston,1.2,Rejected
CAND10319,REQ12317,Kim,Ewing,5.9,Rejected
CAND10320,REQ13238,Kathryn,Jones,13.3,Rejected
CAND10321,REQ21902,Casey,Pearson,14.3,Rejected
CAND10322,REQ03324,Angelica,Bass,19.2,Rejected
CAND10323,REQ01426,Daryl,Walker,19.1,Hired
CAND10324,REQ12727,Dawn,Torres,5.1,Rejected
CAND10325,REQ17582,Carolyn,Stanley,15.1,Hired
CAND10326,REQ10672,Ivan,Smith,3.8,Hired
CAND10327,REQ11583,Kristen,Salazar,15.1,Rejected
CAND10328,REQ03910,Daniel,Bell,8.7,Interviewing
CAND10329,REQ14160,Tina,Lee,9.8,Rejected
CAND10330,REQ13954,James,Campbell,18.5,Offer Extended
CAND10331,REQ10834,Bob,Jones,15.6,Hired
CAND10332,REQ01177,Alexis,Whitney,6.0,Rejected
CAND10333,REQ22544,Daniel,Mathis,5.1,Rejected
CAND10334,REQ09838,Christina,Stewart,5.0,Hired
CAND10335,REQ00030,Dana,Horton,8.6,Rejected
CAND10336,REQ05948,Nina,Cooley,12.3,Rejected
CAND10337,REQ15531,Kristopher,Henson,11.3,Rejected
CAND10338,REQ17296,Juan,Webb,3.1,Offer Extended
CAND10339,REQ10546,Ashley,Park,1.6,Rejected
CAND10340,REQ13882,Barry,Simon,6.6,Offer Extended
CAND10341,REQ12528,Erin,Santiago,16.3,Rejected
CAND10342,REQ07829,William,Mccarthy,4.6,Hired
CAND10343,REQ01764,Marie,Sanchez,19.0,Rejected
CAND10344,REQ22463,Megan,Johnson,5.8,Rejected
CAND10345,REQ08659,Victoria,Knapp,13.3,Rejected
CAND10346,REQ05318,Roger,Thornton,17.6,Interviewing
CAND10347,REQ18038,Anthony,Jackson,1.0,Rejected
CAND10348,REQ23770,William,Williams,19.2,Offer Extended
CAND10349,REQ21603,Scott,Lawson,6.2,Hired
CAND10350,REQ06404,Gwendolyn,Salas,9.0,Interviewing
CAND10351,REQ24351,Susan,Hernandez,6.0,Rejected
CAND10352,REQ13112,Bradley,Nelson,18.3,Rejected
CAND10353,REQ16179,Michael,Henderson,2.1,Hired
CAND10354,REQ17312,Kathleen,Sanders,3.4,Rejected
CAND10355,REQ02920,Mary,Mcclain,14.4,Rejected
CAND10356,REQ17411,Jose,Castro,12.6,Rejected
CAND10357,REQ02328,Michael,Simmons,18.2,Rejected
CAND10358,REQ07827,Austin,Smith,10.1,Rejected
CAND10359,REQ16603,Tanya,Tucker,13.9,Rejected
CAND10360,REQ14891,Mary,Gonzalez,8.5,Rejected
CAND10361,REQ05148,Brandon,Wolf,16.9,Rejected
CAND10362,REQ07999,Madison,Lopez,16.5,Rejected
CAND10363,REQ24251,Thomas,Vargas,13.8,Rejected
CAND10364,REQ22861,Thomas,Welch,0.7,Rejected
CAND10365,REQ06365,Daniel,Dixon,12.6,Rejected
CAND10366,REQ15509,Ann,Smith,7.5,Rejected
CAND10367,REQ02257,Michael,Banks,14.7,Rejected
CAND10368,REQ03961,Lauren,Atkinson,9.8,Rejected
CAND10369,REQ19118,Donna,Ramirez,10.3,Rejected
CAND10370,REQ12064,Susan,Gonzalez,11.3,Interviewing
CAND10371,REQ07712,Lisa,Nielsen,4.1,Rejected
CAND10372,REQ15203,Lisa,Gonzales,4.5,Rejected
CAND10373,REQ09342,Suzanne,Sanchez,14.6,Rejected
CAND10374,REQ16148,Kimberly,Wolf,17.4,Rejected
CAND10375,REQ10170,Peter,Douglas,11.4,Rejected
CAND10376,REQ15071,Emily,Reed,13.8,Rejected
CAND10377,REQ14543,Michael,Morton,9.2,Hired
CAND10378,REQ01267,Debbie,King,19.4,Rejected
CAND10379,REQ16710,Robert,Phillips,8.8,Rejected
CAND10380,REQ14794,Andrea,Perry,18.8,Rejected
CAND10381,REQ13040,Jacob,Cox,12.9,Rejected
CAND10382,REQ17164,James,Nguyen,3.2,Interviewing
CAND10383,REQ04907,Holly,Johnson,4.2,Hired
CAND10384,REQ01861,Mary,Perez,3.1,Interviewing
CAND10385,REQ23071,Anthony,Horne,16.4,Rejected
CAND10386,REQ16784,Jeffrey,Booker,0.2,Rejected
CAND10387,REQ06209,Rebecca,Kemp,13.3,Hired
CAND10388,REQ23733,Miguel,Jennings,4.1,Rejected
CAND10389,REQ19985,John,Carter,4.2,Rejected
CAND10390,REQ14439,Matthew,Adams,10.7,Rejected
CAND10391,REQ19344,Miguel,Johnson,1.0,Rejected
CAND10392,REQ21339,Tina,Stewart,14.1,Rejected
CAND10393,REQ21483,Veronica,Hughes,15.0,Rejected
CAND10394,REQ18380,Megan,Smith,7.7,Rejected
CAND10395,REQ18743,Gwendolyn,Allen,4.9,Rejected
CAND10396,REQ00188,Robert,Martinez,7.7,Rejected
CAND10397,REQ07957,Damon,Wilson,19.1,Rejected
CAND10398,REQ17213,Samuel,White,12.8,Rejected
CAND10399,REQ08071,Laurie,Farley,6.4,Rejected
CAND10400,REQ09362,Susan,Coleman,10.7,Rejected
CAND10401,REQ11272,Shawn,Martin,18.2,Rejected
CAND10402,REQ20622,Mason,Hicks,13.0,Rejected
CAND10403,REQ23695,Emily,Mckee,16.8,Rejected
CAND10404,REQ22977,Kaylee,Jones,3.1,Rejected
CAND10405,REQ03091,Dylan,Terrell,5.7,Rejected
CAND10406,REQ22766,Lee,Robbins,3.0,Rejected
CAND10407,REQ17409,Morgan,Ramirez,7.6,Hired
CAND10408,REQ17445,Crystal,Evans,17.7,Rejected
CAND10409,REQ09932,Bill,Turner,18.9,Rejected
CAND10410,REQ24614,Melissa,Joseph,6.1,Hired
CAND10411,REQ08067,Jeffery,Bautista,14.5,Rejected
CAND10412,REQ23381,Heather,Moore,11.8,Rejected
CAND10413,REQ18972,Margaret,Lutz,9.5,Rejected
CAND10414,REQ07516,Robert,Cohen,12.5,Interviewing
CAND10415,REQ17964,Brandon,Johnson,14.0,Rejected
CAND10416,REQ05373,Monica,Welch,18.9,Rejected
CAND10417,REQ23878,Richard,Bentley,6.6,Interviewing
CAND10418,REQ00351,Laura,Davis,17.6,Hired
CAND10419,REQ08551,Patricia,Martinez,12.0,Rejected
CAND10420,REQ09650,Sean,Larson,4.0,Interviewing
CAND10421,REQ06599,Barbara,Martinez,1.7,Rejected
CAND10422,REQ13793,Keith,Gutierrez,10.8,Rejected
CAND10423,REQ01321,William,Hart,0.8,Rejected
CAND10424,REQ09966,Nicole,Cruz,13.6,Rejected
CAND10425,REQ13264,Elizabeth,Collins,11.6,Rejected
CAND10426,REQ04388,Latoya,Morales,17.3,Rejected
CAND10427,REQ03462,Trevor,Warner,9.8,Rejected
CAND10428,REQ24069,Jacqueline,Stark,17.8,Rejected
CAND10429,REQ10500,Kimberly,Tate,10.6,Hired
CAND10430,REQ06102,Linda,Harris,18.5,Interviewing
CAND10431,REQ11512,Travis,Perez,11.6,Interviewing
CAND10432,REQ21245,Tracey,Jones,4.4,Rejected
CAND10433,REQ22334,Adam,Phillips,10.9,Rejected
CAND10434,REQ12126,Jennifer,Scott,13.1,Rejected
CAND10435,REQ08891,Chad,Martinez,8.8,Rejected
CAND10436,REQ12514,Brett,Gonzalez,17.7,Offer Extended
CAND10437,REQ01917,Jennifer,Foster,1.3,Rejected
CAND10438,REQ24135,Eric,Blackwell,12.0,Rejected
CAND10439,REQ04583,Joseph,Hayes,5.3,Hired
CAND10440,REQ13123,Sandra,Sanchez,9.2,Rejected
CAND10441,REQ02611,Christina,Larson,8.1,Hired
CAND10442,REQ11042,Karen,Estrada,0.6,Hired
CAND10443,REQ03255,Vicki,Spencer,5.9,Rejected
CAND10444,REQ01467,Linda,Smith,2.5,Rejected
CAND10445,REQ21256,Keith,Williams,1.9,Rejected
CAND10446,REQ06657,Joyce,Medina,15.6,Rejected
CAND10447,REQ23719,Kayla,Charles,7.3,Rejected
CAND10448,REQ08943,Christopher,Young,18.9,Offer Extended
CAND10449,REQ06955,Edward,Smith,16.2,Rejected
CAND10450,REQ19665,Mary,Wilson,6.6,Offer Extended
CAND10451,REQ15737,Melissa,Parker,13.7,Rejected
CAND10452,REQ23605,Ann,Richardson,8.0,Rejected
CAND10453,REQ22853,Crystal,Anderson,13.0,Rejected
CAND10454,REQ11417,Justin,Erickson,14.4,Rejected
CAND10455,REQ19749,Tara,Roy,7.9,Hired
CAND10456,REQ23437,Dana,Berry,4.6,Rejected
CAND10457,REQ03637,Jennifer,Smith,14.2,Rejected
CAND10458,REQ01107,Richard,Johnson,7.6,Rejected
CAND10459,REQ07582,Terrance,Brown,17.2,Rejected
CAND10460,REQ08231,Cynthia,Robinson,5.4,Rejected
CAND10461,REQ13841,Jessica,Franco,1.2,Interviewing
CAND10462,REQ16357,Ryan,Brock,14.3,Rejected
CAND10463,REQ17514,Michael,Welch,15.2,Rejected
CAND10464,REQ07602,Melissa,Day,10.7,Rejected
CAND10465,REQ20487,Adam,Mcconnell,7.2,Interviewing
CAND10466,REQ10993,Joy,Martin,0.1,Rejected
CAND10467,REQ19589,Todd,Ross,19.0,Rejected
CAND10468,REQ08660,Kimberly,Maxwell,11.7,Rejected
CAND10469,REQ17561,Jack,Short,13.3,Rejected
CAND10470,REQ17007,Jennifer,Payne,7.8,Offer Extended
CAND10471,REQ16456,Sherry,Wright,15.0,Rejected
CAND10472,REQ24597,Patricia,Perez,0.3,Interviewing
CAND10473,REQ20439,Doris,Williams,17.6,Rejected
CAND10474,REQ13944,Craig,Smith,17.1,Rejected
CAND10475,REQ16439,Brian,Huffman,2.8,Rejected
CAND10476,REQ19948,Todd,Gentry,14.9,Rejected
CAND10477,REQ01569,Barry,Bruce,9.1,Rejected
CAND10478,REQ13949,Donald,Hull,5.1,Rejected
CAND10479,REQ13180,Jennifer,Gamble,14.4,Interviewing
CAND10480,REQ23032,Megan,Wilson,16.8,Interviewing
CAND10481,REQ07558,Christina,Park,6.4,Rejected
CAND10482,REQ10274,Jeffrey,Freeman,6.0,Interviewing
CAND10483,REQ20034,Cody,Morrow,10.1,Rejected
CAND10484,REQ02997,Jessica,Rivas,0.0,Rejected
CAND10485,REQ20519,Michael,Wilson,6.6,Rejected
CAND10486,REQ06441,Timothy,Clay,4.1,Rejected
CAND10487,REQ05710,Kelly,Gibbs,0.1,Rejected
CAND10488,REQ09300,Max,Anderson,2.0,Rejected
CAND10489,REQ01465,Andrea,Lane,17.3,Rejected
CAND10490,REQ15338,Alison,Shaw,13.0,Rejected
CAND10491,REQ01609,Michelle,Lutz,11.5,Rejected
CAND10492,REQ10915,Yolanda,Craig,2.2,Rejected
CAND10493,REQ20285,Samuel,Perkins,15.3,Rejected
CAND10494,REQ16627,Michael,Smith,18.6,Rejected
CAND10495,REQ01831,Geoffrey,Tate,6.0,Rejected
CAND10496,REQ17842,Morgan,Anderson,3.1,Rejected
CAND10497,REQ11694,Robert,Rich,0.9,Rejected
CAND10498,REQ21665,Tami,Ray,2.9,Rejected
CAND10499,REQ06892,Christopher,Scott,1.1,Rejected
CAND10500,REQ24946,Vanessa,Warren,16.7,Rejected
CAND10501,REQ20386,Samantha,Reed,8.6,Hired
CAND10502,REQ11608,Kelli,Munoz,13.0,Interviewing
CAND10503,REQ17772,Robert,Johnson,12.4,Rejected
CAND10504,REQ19308,Lori,Stevens,9.6,Hired
CAND10505,REQ18809,Gary,Edwards,6.5,Hired
CAND10506,REQ18197,Luis,Nguyen,10.2,Rejected
CAND10507,REQ17313,Michael,Graves,13.6,Rejected
CAND10508,REQ07061,Maria,Cook,5.0,Rejected
CAND10509,REQ00078,Jeffrey,Duran,0.3,Rejected
CAND10510,REQ20946,Todd,White,12.1,Rejected
CAND10511,REQ17321,Carrie,Brown,3.0,Hired
CAND10512,REQ07852,Dave,Cordova,7.1,Rejected
CAND10513,REQ06285,Trevor,Stephenson,4.1,Rejected
CAND10514,REQ19541,Karen,Dunn,1.4,Interviewing
CAND10515,REQ22862,Thomas,Thornton,5.7,Rejected
CAND10516,REQ16741,Debbie,Murray,7.3,Rejected
CAND10517,REQ16136,Theresa,Owen,0.1,Rejected
CAND10518,REQ24114,Sandra,Fisher,5.2,Interviewing
CAND10519,REQ10618,Ricky,Lopez,6.2,Interviewing
CAND10520,REQ20788,Courtney,Cruz,2.1,Rejected
CAND10521,REQ13715,Ashley,Delacruz,10.2,Rejected
CAND10522,REQ09323,Julie,Robinson,16.6,Rejected
CAND10523,REQ15672,Martha,Mendoza,6.2,Rejected
CAND10524,REQ12627,Daniel,Chavez,13.2,Rejected
CAND10525,REQ05818,Mckenzie,Neal,13.3,Rejected
CAND10526,REQ22520,Joseph,Scott,0.4,Rejected
CAND10527,REQ07024,Timothy,Baldwin,13.9,Rejected
CAND10528,REQ17506,Kelly,Prince,2.8,Interviewing
CAND10529,REQ08084,John,Shepard,18.0,Rejected
CAND10530,REQ04660,Timothy,Hurley,2.5,Rejected
CAND10531,REQ01693,Joshua,Williams,2.4,Offer Extended
CAND10532,REQ04288,James,Stark,0.3,Rejected
CAND10533,REQ14223,Kelly,White,9.7,Rejected
CAND10534,REQ06230,Roger,Foster,14.0,Rejected
CAND10535,REQ21920,Mary,Boyd,0.6,Rejected
CAND10536,REQ10377,Jason,Riggs,10.4,Rejected
CAND10537,REQ04539,Caleb,Fritz,11.8,Offer Extended
CAND10538,REQ21990,Cory,Ryan,16.5,Rejected
CAND10539,REQ01846,Ian,Rhodes,12.4,Rejected
CAND10540,REQ15183,Paul,Perkins,13.2,Rejected
CAND10541,REQ05174,Erin,Hoffman,12.9,Hired
CAND10542,REQ05106,Courtney,Ryan,15.1,Hired
CAND10543,REQ05346,Ronald,Rich,14.8,Rejected
CAND10544,REQ09795,Tracy,Rhodes,4.9,Rejected
CAND10545,REQ20483,Brandy,Patton,9.5,Rejected
CAND10546,REQ21463,Brandon,Kerr,15.7,Rejected
CAND10547,REQ01183,Lori,Torres,1.2,Rejected
CAND10548,REQ08910,Cynthia,Myers,6.5,Rejected
CAND10549,REQ10622,Marco,Hall,7.2,Rejected
CAND10550,REQ24260,Lance,Taylor,13.9,Hired
CAND10551,REQ22205,Rebekah,Hall,11.7,Rejected
CAND10552,REQ15217,David,Wilson,16.7,Rejected
CAND10553,REQ15870,Lisa,Robinson,13.4,Interviewing
CAND10554,REQ03821,Rachel,Smith,5.8,Rejected
CAND10555,REQ21510,Andrew,Carr,13.2,Rejected
CAND10556,REQ11340,Heather,Sanchez,2.7,Rejected
CAND10557,REQ00447,Ruben,Jimenez,8.5,Interviewing
CAND10558,REQ00857,Darren,Flores,1.7,Hired
CAND10559,REQ19594,Mary,Martinez,18.5,Rejected
CAND10560,REQ05829,Joshua,Hill,20.0,Interviewing
CAND10561,REQ21013,Angela,Nash,19.1,Rejected
CAND10562,REQ08766,Shelby,Johnson,16.7,Offer Extended
CAND10563,REQ14301,Ariel,Moore,16.0,Rejected
CAND10564,REQ19957,Curtis,Sheppard,3.6,Interviewing
CAND10565,REQ19207,Nancy,King,4.3,Rejected
CAND10566,REQ16884,Matthew,Thompson,2.5,Rejected
CAND10567,REQ22132,Michael,Jones,9.5,Rejected
CAND10568,REQ12454,Roger,Mclean,16.0,Rejected
CAND10569,REQ09027,Adam,Lopez,15.3,Rejected
CAND10570,REQ10147,Veronica,Ray,10.1,Hired
CAND10571,REQ21559,Micheal,Graham,18.5,Rejected
CAND10572,REQ04137,Ronald,Blackwell,15.8,Rejected
CAND10573,REQ01367,Jennifer,Ellis,11.0,Rejected
CAND10574,REQ11557,Michael,Burton,0.7,Rejected
CAND10575,REQ14743,Theresa,Campos,0.9,Interviewing
CAND10576,REQ02864,Nicholas,Lynch,13.9,Rejected
CAND10577,REQ00965,Michael,Curtis,12.7,Rejected
CAND10578,REQ00866,Daniel,Webb,2.6,Interviewing
CAND10579,REQ10672,David,Washington,6.2,Hired
CAND10580,REQ02367,Pamela,Murphy,18.3,Rejected
CAND10581,REQ22223,Roger,Bullock,19.1,Rejected
CAND10582,REQ04176,Nicole,Gonzalez,15.8,Offer Extended
CAND10583,REQ13504,Gabriela,Johnson,14.5,Rejected
CAND10584,REQ24597,Monica,Hall,16.3,Rejected
CAND10585,REQ16322,Mary,Aguilar,13.1,Rejected
CAND10586,REQ18681,Katherine,Vargas,10.2,Rejected
CAND10587,REQ24436,Charles,Miles,5.6,Rejected
CAND10588,REQ12941,Michelle,Carson,4.2,Hired
CAND10589,REQ07475,Eileen,Foley,3.6,Rejected
CAND10590,REQ19781,Nancy,Allen,9.1,Rejected
CAND10591,REQ03981,Diane,Joseph,15.9,Interviewing
CAND10592,REQ16314,Travis,Smith,19.6,Rejected
CAND10593,REQ06524,Kevin,Brown,8.7,Rejected
CAND10594,REQ10916,Deborah,Watts,17.7,Rejected
CAND10595,REQ09531,Marcus,Christensen,19.8,Rejected
CAND10596,REQ22727,Michaela,Martinez,6.3,Rejected
CAND10597,REQ07077,Jamie,Bailey,9.8,Rejected
CAND10598,REQ05284,Lisa,Curry,12.0,Rejected
CAND10599,REQ21527,Darrell,Knox,2.0,Interviewing
CAND10600,REQ22833,Julie,Garcia,5.6,Interviewing
CAND10601,REQ06491,Stephanie,Sanders,2.2,Rejected
CAND10602,REQ13758,Richard,Fuller,11.7,Rejected
CAND10603,REQ15295,Charles,Allen,8.7,Rejected
CAND10604,REQ23902,Jessica,Cisneros,5.8,Interviewing
CAND10605,REQ05097,Cynthia,Lopez,4.9,Rejected
CAND10606,REQ00245,Stacy,Castaneda,3.7,Rejected
CAND10607,REQ19893,Arthur,Figueroa,5.1,Rejected
CAND10608,REQ00468,Crystal,Boyd,10.5,Rejected
CAND10609,REQ22693,Dennis,George,15.6,Rejected
CAND10610,REQ05215,Brian,Horn,10.2,Rejected
CAND10611,REQ23693,Paul,Lee,1.8,Interviewing
CAND10612,REQ08777,Louis,Delacruz,16.0,Rejected
CAND10613,REQ20320,Jackson,Jones,12.7,Offer Extended
CAND10614,REQ08663,Becky,Vargas,4.6,Rejected
CAND10615,REQ18519,Joshua,Parsons,18.9,Hired
CAND10616,REQ18646,Victor,Booth,1.4,Rejected
CAND10617,REQ06663,Jennifer,Sanchez,19.1,Rejected
CAND10618,REQ08909,Stephanie,Mendoza,1.4,Rejected
CAND10619,REQ02374,Ariana,Thompson,2.5,Rejected
CAND10620,REQ02110,Evelyn,Brown,19.9,Rejected
CAND10621,REQ14278,Doris,Reynolds,8.5,Interviewing
CAND10622,REQ15528,Stephen,Ford,17.9,Offer Extended
CAND10623,REQ17347,Clifford,Rodriguez,4.7,Rejected
CAND10624,REQ14072,Thomas,Rodriguez,6.2,Rejected
CAND10625,REQ24851,Patrick,Daniel,20.0,Rejected
CAND10626,REQ05566,Brian,Clements,5.3,Rejected
CAND10627,REQ02502,Clinton,Tyler,5.0,Rejected
CAND10628,REQ00251,Amber,Wright,4.3,Interviewing
CAND10629,REQ20569,Martin,Glover,15.3,Rejected
CAND10630,REQ07050,Dennis,Ewing,0.5,Rejected
CAND10631,REQ10107,William,Jones,5.3,Rejected
CAND10632,REQ07465,Lisa,Perez,9.1,Rejected
CAND10633,REQ12276,Jonathon,Johnson,11.8,Offer Extended
CAND10634,REQ20935,Kimberly,Woodward,19.2,Rejected
CAND10635,REQ01010,Sandra,Larson,5.1,Rejected
CAND10636,REQ04729,Jennifer,Brown,16.5,Rejected
CAND10637,REQ22496,Thomas,Serrano,11.4,Rejected
CAND10638,REQ17825,Lauren,Perez,4.6,Rejected
CAND10639,REQ14787,David,Newman,13.2,Rejected
CAND10640,REQ04464,Teresa,Castillo,14.9,Rejected
CAND10641,REQ13820,Anne,Brown,4.7,Interviewing
CAND10642,REQ21376,Daniel,Fisher,14.9,Offer Extended
CAND10643,REQ16736,Brandon,Crawford,13.6,Hired
CAND10644,REQ12377,Brandi,Garrett,18.4,Rejected
CAND10645,REQ11856,Kim,Leblanc,0.1,Hired
CAND10646,REQ03404,Jessica,Schroeder,3.9,Interviewing
CAND10647,REQ05042,Stephanie,Glenn,15.1,Rejected
CAND10648,REQ07164,Harry,Zimmerman,19.6,Rejected
CAND10649,REQ13130,Eric,White,19.7,Rejected
CAND10650,REQ01820,Isabel,Moreno,13.8,Rejected
CAND10651,REQ19516,Daisy,Montgomery,13.1,Rejected
CAND10652,REQ04673,Christy,Brown,6.2,Rejected
CAND10653,REQ13644,Amanda,Simon,12.6,Rejected
CAND10654,REQ19663,Heather,Munoz,11.3,Interviewing
CAND10655,REQ19863,Eric,Tucker,1.9,Rejected
CAND10656,REQ14559,Tyler,Taylor,19.0,Rejected
CAND10657,REQ01120,Jeffrey,White,18.3,Hired
CAND10658,REQ19044,Shane,Smith,14.2,Rejected
CAND10659,REQ13485,Bethany,Mccarthy,17.6,Interviewing
CAND10660,REQ23324,Richard,Williams,8.6,Hired
CAND10661,REQ08281,Alejandro,Peterson,9.8,Hired
CAND10662,REQ16169,Tyler,Payne,10.8,Rejected
CAND10663,REQ22894,Patricia,Gonzalez,15.2,Rejected
CAND10664,REQ00649,Brian,Chang,17.7,Interviewing
CAND10665,REQ10116,Richard,Johnson,19.3,Hired
CAND10666,REQ22707,Danielle,Griffin,11.3,Hired
CAND10667,REQ19295,Debra,Johnson,12.5,Rejected
CAND10668,REQ24659,Heather,Velasquez,10.3,Rejected
CAND10669,REQ20846,Taylor,Evans,11.6,Interviewing
CAND10670,REQ18858,Crystal,Randall,12.2,Interviewing
CAND10671,REQ08436,Jessica,Barnett,0.7,Rejected
CAND10672,REQ12315,Amanda,Miller,16.5,Rejected
CAND10673,REQ18549,William,Green,10.0,Rejected
CAND10674,REQ20791,Melinda,Church,15.6,Rejected
CAND10675,REQ07483,Jose,Walker,10.1,Rejected
CAND10676,REQ19178,Michelle,Neal,6.5,Rejected
CAND10677,REQ13863,Erica,Larson,7.8,Rejected
CAND10678,REQ19819,Adam,Waters,18.4,Rejected
CAND10679,REQ08618,Jorge,Hodges,14.3,Hired
CAND10680,REQ18978,Austin,Smith,15.6,Rejected
CAND10681,REQ05446,Diana,Davis,4.7,Interviewing
CAND10682,REQ21660,Bruce,Hill,12.4,Rejected
CAND10683,REQ15948,Summer,Price,10.9,Rejected
CAND10684,REQ06660,Harold,Guerra,13.4,Rejected
CAND10685,REQ07752,Wesley,Sanders,6.6,Offer Extended
CAND10686,REQ01817,Sarah,Sullivan,17.8,Interviewing
CAND10687,REQ21406,Mark,Davis,15.9,Interviewing
CAND10688,REQ07439,Tiffany,Diaz,13.5,Interviewing
CAND10689,REQ10998,Paul,Nixon,11.6,Rejected
CAND10690,REQ10107,Martha,Decker,13.4,Rejected
CAND10691,REQ08415,Pamela,Thomas,18.6,Rejected
CAND10692,REQ03779,Matthew,Young,15.6,Rejected
CAND10693,REQ11414,Steven,Anderson,9.0,Hired
CAND10694,REQ08999,Michelle,Martin,2.7,Rejected
CAND10695,REQ07045,Victoria,Smith,12.8,Rejected
CAND10696,REQ15327,Pamela,Harper,11.6,Rejected
CAND10697,REQ17868,Lisa,Wood,14.4,Rejected
CAND10698,REQ20800,Dawn,Anderson,0.9,Rejected
CAND10699,REQ06344,Cassandra,Powell,7.5,Hired
CAND10700,REQ13308,Lauren,Allison,3.3,Rejected
CAND10701,REQ20714,Paige,Larson,7.2,Hired
CAND10702,REQ10219,Jared,Watson,9.6,Rejected
CAND10703,REQ02873,Amanda,Shah,12.0,Rejected
CAND10704,REQ03764,Raymond,Riddle,2.7,Interviewing
CAND10705,REQ02903,Sara,Long,7.0,Interviewing
CAND10706,REQ13721,Tina,Moore,16.9,Rejected
CAND10707,REQ00980,Ashley,Johnson,1.8,Rejected
CAND10708,REQ13650,Joshua,Weeks,19.3,Rejected
CAND10709,REQ20469,David,Hicks,16.3,Rejected
CAND10710,REQ04428,Elizabeth,Welch,16.2,Rejected
CAND10711,REQ16247,Kevin,Baker,11.6,Offer Extended
CAND10712,REQ18089,Sherry,Henson,0.9,Interviewing
CAND10713,REQ17317,Eric,Lopez,5.3,Rejected
CAND10714,REQ01513,Jennifer,Roberts,10.2,Hired
CAND10715,REQ16908,Christopher,Ramirez,4.4,Rejected
CAND10716,REQ02112,Adam,Ramirez,3.4,Rejected
CAND10717,REQ24719,Cindy,Oneal,7.7,Rejected
CAND10718,REQ01379,Emma,Casey,5.2,Rejected
CAND10719,REQ19568,Julie,Parker,10.4,Rejected
CAND10720,REQ19570,Corey,Thomas,18.1,Interviewing
CAND10721,REQ11469,Brittany,Garcia,12.8,Rejected
CAND10722,REQ07205,Jennifer,Montoya,19.5,Rejected
CAND10723,REQ04768,Scott,Walker,19.8,Interviewing
CAND10724,REQ05855,Sara,Shepard,12.2,Hired
CAND10725,REQ08266,Mark,Nelson,14.1,Rejected
CAND10726,REQ17824,Teresa,Reed,17.7,Hired
CAND10727,REQ15698,Anthony,Schneider,12.9,Rejected
CAND10728,REQ19405,Michael,Wilson,13.7,Rejected
CAND10729,REQ04757,Aaron,Vaughn,17.1,Rejected
CAND10730,REQ18103,Dylan,Mathis,9.4,Rejected
CAND10731,REQ11912,Ashlee,Carson,19.8,Rejected
CAND10732,REQ20073,Anna,Johnson,3.1,Hired
CAND10733,REQ08439,Douglas,Blake,9.2,Rejected
CAND10734,REQ08562,Eric,Collins,19.0,Rejected
CAND10735,REQ12720,Brandon,Tate,2.0,Offer Extended
CAND10736,REQ21769,Charles,Flowers,9.4,Hired
CAND10737,REQ03510,Tracey,Gray,9.0,Rejected
CAND10738,REQ12619,William,Walker,7.6,Rejected
CAND10739,REQ00012,Ashley,Ramirez,2.2,Rejected
CAND10740,REQ17925,Dylan,Vance,6.8,Rejected
CAND10741,REQ11226,Aaron,Simmons,11.5,Rejected
CAND10742,REQ14951,Bryan,George,3.7,Interviewing
CAND10743,REQ17731,James,Ward,1.0,Rejected
CAND10744,REQ06321,Ryan,Hoover,2.5,Rejected
CAND10745,REQ08112,Philip,Quinn,3.4,Rejected
CAND10746,REQ18242,Sarah,Smith,2.1,Interviewing
CAND10747,REQ21048,Cindy,Meyer,19.4,Rejected
CAND10748,REQ07148,Raymond,Boyer,14.9,Rejected
CAND10749,REQ19194,Amy,Oconnor,6.3,Rejected
CAND10750,REQ24079,Henry,Brown,2.9,Rejected
CAND10751,REQ04340,Bethany,Garcia,6.9,Rejected
CAND10752,REQ22822,Hector,Serrano,19.5,Interviewing
CAND10753,REQ10201,Samantha,Hansen,13.0,Rejected
CAND10754,REQ13354,Angela,Rogers,9.3,Rejected
CAND10755,REQ01363,Emily,Galvan,12.0,Rejected
CAND10756,REQ14946,Diana,Miller,0.1,Interviewing
CAND10757,REQ24960,Tyler,Rangel,1.0,Rejected
CAND10758,REQ07376,Steven,Black,2.2,Rejected
CAND10759,REQ19858,Sherry,Davis,11.7,Hired
CAND10760,REQ20784,Robert,Valencia,6.0,Rejected
CAND10761,REQ20757,Jonathan,Flores,8.9,Rejected
CAND10762,REQ12745,Leah,Miller,13.9,Rejected
CAND10763,REQ17509,Alexandra,Quinn,9.2,Interviewing
CAND10764,REQ03542,Leah,Rich,18.7,Rejected
CAND10765,REQ15980,Anthony,Collins,19.8,Rejected
CAND10766,REQ21311,Christopher,Snow,11.6,Rejected
CAND10767,REQ23558,Kristine,Harrington,19.7,Hired
CAND10768,REQ07996,Dorothy,Rush,0.1,Rejected
CAND10769,REQ13547,James,Sanchez,3.5,Rejected
CAND10770,REQ16323,Jennifer,Edwards,0.6,Rejected
CAND10771,REQ17050,William,Bailey,3.0,Rejected
CAND10772,REQ01952,Debbie,Mcintosh,15.5,Rejected
CAND10773,REQ19568,Cynthia,Mason,12.8,Rejected
CAND10774,REQ20300,Alexander,Mercado,18.2,Interviewing
CAND10775,REQ00065,Kristina,Rogers,6.0,Rejected
CAND10776,REQ21148,Lisa,Little,5.3,Interviewing
CAND10777,REQ20074,Melissa,Holmes,17.8,Rejected
CAND10778,REQ06385,Rachel,Torres,9.6,Interviewing
CAND10779,REQ18120,Jerry,Jones,19.1,Hired
CAND10780,REQ13004,Marco,Gonzales,7.4,Interviewing
CAND10781,REQ15712,Megan,Meyers,0.6,Rejected
CAND10782,REQ20905,Robert,Waller,10.3,Rejected
CAND10783,REQ20272,James,Park,16.2,Offer Extended
CAND10784,REQ01570,Joseph,Carter,19.8,Hired
CAND10785,REQ12831,Katie,Archer,10.6,Rejected
CAND10786,REQ04842,Haley,Pacheco,17.1,Rejected
CAND10787,REQ21959,Kenneth,Jones,13.7,Rejected
CAND10788,REQ14815,Joyce,Carlson,13.5,Rejected
CAND10789,REQ06290,Lee,Bentley,17.9,Rejected
CAND10790,REQ06355,Emily,Lee,8.5,Offer Extended
CAND10791,REQ15129,Mary,Johnson,19.3,Hired
CAND10792,REQ17367,Samantha,Cooper,4.5,Rejected
CAND10793,REQ02950,Daniel,Cowan,14.0,Interviewing
CAND10794,REQ24553,John,Payne,10.4,Interviewing
CAND10795,REQ12794,Robert,White,11.4,Offer Extended
CAND10796,REQ12484,Brandon,Shields,8.0,Rejected
CAND10797,REQ18007,Edward,Jones,12.8,Offer Extended
CAND10798,REQ06513,David,Parker,16.1,Rejected
CAND10799,REQ01123,Marissa,Evans,0.9,Hired
CAND10800,REQ19575,Elizabeth,Williams,15.1,Interviewing
CAND10801,REQ14040,Bradley,Lang,19.6,Rejected
CAND10802,REQ16948,Patrick,Nelson,8.9,Rejected
CAND10803,REQ00347,Paul,Williams,10.9,Rejected
CAND10804,REQ24305,Adrian,Hayes,18.7,Interviewing
CAND10805,REQ00778,Jonathan,Shaw,12.9,Rejected
CAND10806,REQ00579,William,Wade,5.4,Rejected
CAND10807,REQ08699,Gary,Lambert,4.4,Interviewing
CAND10808,REQ05924,Kayla,Day,8.9,Rejected
CAND10809,REQ16980,Cameron,Harper,13.4,Rejected
CAND10810,REQ01155,Todd,Pace,9.1,Rejected
CAND10811,REQ05489,Kevin,Sims,7.2,Rejected
CAND10812,REQ20671,Darius,Sweeney,0.5,Rejected
CAND10813,REQ23972,Christopher,Woods,6.7,Interviewing
CAND10814,REQ01236,Dustin,Baker,4.5,Rejected
CAND10815,REQ20465,Jennifer,Wilson,3.3,Rejected
CAND10816,REQ10687,Cheryl,Cruz,1.2,Rejected
CAND10817,REQ15759,Robert,Carter,6.2,Rejected
CAND10818,REQ18916,Alicia,Ellis,17.0,Rejected
CAND10819,REQ23529,Mary,Johnson,3.2,Rejected
CAND10820,REQ03888,Brittany,Curry,15.7,Rejected
CAND10821,REQ12927,Logan,Mitchell,16.9,Offer Extended
CAND10822,REQ18264,Craig,Smith,15.9,Rejected
CAND10823,REQ03943,Hannah,Watson,1.6,Rejected
CAND10824,REQ10915,Gloria,Smith,4.5,Rejected
CAND10825,REQ12990,Sarah,Hester,8.0,Interviewing
CAND10826,REQ07395,Jasmine,Hill,12.0,Rejected
CAND10827,REQ22510,Amy,Parker,8.9,Rejected
CAND10828,REQ15856,Daniel,Montgomery,14.8,Rejected
CAND10829,REQ17227,Robert,Roth,6.8,Hired
CAND10830,REQ22842,John,Holland,16.5,Hired
CAND10831,REQ02424,Kathryn,Scott,15.4,Offer Extended
CAND10832,REQ05294,Juan,Webb,14.7,Interviewing
CAND10833,REQ13708,Eric,Benitez,1.6,Rejected
CAND10834,REQ15847,David,Chan,15.0,Rejected
CAND10835,REQ01810,David,Palmer,9.6,Rejected
CAND10836,REQ19237,Tracy,Bradshaw,19.0,Rejected
CAND10837,REQ00692,Joseph,Thompson,3.4,Rejected
CAND10838,REQ04989,Courtney,Smith,14.8,Rejected
CAND10839,REQ00503,Melissa,Ward,3.1,Rejected
CAND10840,REQ24973,Breanna,Hubbard,15.3,Rejected
CAND10841,REQ19086,Marc,Brown,14.7,Rejected
CAND10842,REQ15888,Barry,Burns,19.1,Rejected
CAND10843,REQ08187,Diana,Williams,15.2,Rejected
CAND10844,REQ15260,Alexis,Jones,0.2,Rejected
CAND10845,REQ02787,Kathleen,Davis,8.9,Rejected
CAND10846,REQ05189,Christopher,Jones,6.3,Rejected
CAND10847,REQ10816,Adam,Bryant,3.8,Interviewing
CAND10848,REQ07530,Karen,Bowen,19.7,Rejected
CAND10849,REQ17634,Tiffany,Carey,13.3,Offer Extended
CAND10850,REQ06334,John,Collins,0.5,Rejected
CAND10851,REQ10365,Crystal,Mathis,10.8,Hired
CAND10852,REQ00516,Courtney,Simmons,10.4,Rejected
CAND10853,REQ09643,Molly,Bonilla,11.4,Rejected
CAND10854,REQ15132,Christopher,Jefferson,0.8,Hired
CAND10855,REQ00311,April,Martinez,8.1,Rejected
CAND10856,REQ24177,Miguel,Manning,5.9,Rejected
CAND10857,REQ12601,Becky,Wells,16.8,Rejected
CAND10858,REQ06150,Kathryn,Roy,8.7,Interviewing
CAND10859,REQ14157,William,Ramirez,12.0,Rejected
CAND10860,REQ12116,Danielle,Mata,5.6,Rejected
CAND10861,REQ19908,Destiny,Miller,0.0,Rejected
CAND10862,REQ16338,Jeanne,Price,11.9,Interviewing
CAND10863,REQ04595,Michelle,Bowman,19.3,Rejected
CAND10864,REQ09147,Tracey,Macias,7.0,Rejected
CAND10865,REQ08928,Angela,Coleman,16.1,Rejected
CAND10866,REQ08471,Aaron,Castillo,11.9,Interviewing
CAND10867,REQ01761,Sheena,Brown,17.8,Offer Extended
CAND10868,REQ04816,Krista,Buchanan,10.5,Rejected
CAND10869,REQ08922,Cheryl,Jackson,9.4,Rejected
CAND10870,REQ11766,Chad,Wallace,8.3,Rejected
CAND10871,REQ17116,Penny,Smith,5.4,Interviewing
CAND10872,REQ16117,Nicole,Knight,14.5,Rejected
CAND10873,REQ00458,Justin,Williams,9.5,Rejected
CAND10874,REQ21379,Valerie,Hardy,9.2,Hired
CAND10875,REQ16312,Dominic,Ruiz,6.4,Rejected
CAND10876,REQ00986,Jeffrey,Gomez,19.9,Interviewing
CAND10877,REQ07194,William,Chapman,17.2,Rejected
CAND10878,REQ03386,Margaret,Johnston,19.7,Hired
CAND10879,REQ17215,Carol,Rivera,5.3,Rejected
CAND10880,REQ06760,Carl,Long,19.0,Rejected
CAND10881,REQ14654,Amanda,Costa,19.9,Rejected
CAND10882,REQ22274,Christopher,Walter,12.6,Rejected
CAND10883,REQ07777,David,Robertson,11.8,Hired
CAND10884,REQ03279,Jared,Park,8.5,Rejected
CAND10885,REQ10644,Crystal,Clark,7.5,Interviewing
CAND10886,REQ00714,Robert,Mcdaniel,8.9,Rejected
CAND10887,REQ18510,Susan,Gutierrez,13.7,Rejected
CAND10888,REQ17724,Sarah,Davis,11.0,Rejected
CAND10889,REQ13103,Amanda,Santana,8.5,Hired
CAND10890,REQ20420,Nicole,Stewart,6.7,Rejected
CAND10891,REQ05326,Jessica,Hanson,4.8,Hired
CAND10892,REQ04734,Jorge,Lee,2.1,Interviewing
CAND10893,REQ06823,Lauren,Scott,16.8,Interviewing
CAND10894,REQ24911,Linda,Washington,8.2,Rejected
CAND10895,REQ03507,Michelle,Robertson,4.5,Rejected
CAND10896,REQ08392,Luis,King,12.4,Rejected
CAND10897,REQ02546,Sharon,Garcia,6.5,Interviewing
CAND10898,REQ23507,Melanie,Jacobs,12.6,Rejected
CAND10899,REQ05977,Morgan,Frey,13.8,Hired
CAND10900,REQ00681,David,Freeman,1.9,Hired
CAND10901,REQ11624,Stacey,Miller,14.7,Rejected
CAND10902,REQ14510,Shawn,Brown,1.0,Rejected
CAND10903,REQ18385,Douglas,Lee,7.6,Interviewing
CAND10904,REQ07572,Sarah,Ortiz,1.5,Hired
CAND10905,REQ19390,Paul,Sanchez,7.7,Rejected
CAND10906,REQ05715,Patrick,Banks,15.2,Rejected
CAND10907,REQ08263,Charles,Watson,1.0,Rejected
CAND10908,REQ22455,Hannah,Hurst,4.7,Hired
CAND10909,REQ15324,George,Simmons,6.2,Interviewing
CAND10910,REQ19333,Cynthia,Hendrix,18.8,Rejected
CAND10911,REQ14404,Michael,Bush,18.0,Rejected
CAND10912,REQ21418,Justin,Cox,16.5,Rejected
CAND10913,REQ11599,Tracy,Clark,3.0,Rejected
CAND10914,REQ23688,Michele,Diaz,2.4,Rejected
CAND10915,REQ04610,Alexandra,Lee,0.6,Rejected
CAND10916,REQ20960,Michael,Johnson,5.3,Interviewing
CAND10917,REQ10707,Alexander,Wilkerson,14.0,Hired
CAND10918,REQ21636,Alexandra,Walters,5.3,Interviewing
CAND10919,REQ00555,Jason,Friedman,8.7,Rejected
CAND10920,REQ08796,Michael,Barton,14.4,Rejected
CAND10921,REQ21037,Ashley,Hayes,6.6,Interviewing
CAND10922,REQ20213,Christian,Thomas,10.7,Hired
CAND10923,REQ10286,Grace,Lane,18.3,Rejected
CAND10924,REQ24229,Rick,Garcia,12.3,Offer Extended
CAND10925,REQ05585,Melissa,Blair,16.4,Rejected
CAND10926,REQ21666,Heather,Freeman,10.3,Offer Extended
CAND10927,REQ12134,William,Stevens,2.3,Rejected
CAND10928,REQ10182,Sarah,Novak,13.2,Interviewing
CAND10929,REQ04686,Jonathon,Donovan,1.9,Rejected
CAND10930,REQ02456,Stacie,Goodman,19.0,Rejected
CAND10931,REQ16061,Christopher,Perez,18.2,Rejected
CAND10932,REQ11873,John,Santos,3.6,Rejected
CAND10933,REQ08361,Michelle,Ho,1.1,Rejected
CAND10934,REQ20616,David,Daniels,15.6,Hired
CAND10935,REQ18401,Ashley,Anderson,8.1,Rejected
CAND10936,REQ17906,Matthew,Jackson,4.1,Rejected
CAND10937,REQ20806,Amanda,Smith,19.9,Interviewing
CAND10938,REQ21811,Kathleen,Harmon,18.2,Rejected
CAND10939,REQ17378,Brandon,Jones,15.0,Rejected
CAND10940,REQ17580,Christina,Lamb,12.7,Rejected
CAND10941,REQ15388,Lisa,Gibbs,7.4,Interviewing
CAND10942,REQ20438,Christian,Mullen,18.0,Rejected
CAND10943,REQ00729,Timothy,Thompson,16.1,Rejected
CAND10944,REQ02709,Amber,Morris,15.4,Offer Extended
CAND10945,REQ06015,Catherine,Edwards,14.9,Rejected
CAND10946,REQ06555,Stephen,Russell,8.4,Rejected
CAND10947,REQ11652,William,Williamson,10.8,Rejected
CAND10948,REQ15431,Craig,Ellis,3.6,Rejected
CAND10949,REQ09403,Audrey,Thomas,2.9,Hired
CAND10950,REQ20241,Daniel,Diaz,13.5,Interviewing
CAND10951,REQ21114,Kathryn,Rivas,18.9,Rejected
CAND10952,REQ20155,Troy,Lane,4.4,Rejected
CAND10953,REQ00318,Stephanie,Kent,6.1,Hired
CAND10954,REQ12899,Erin,Huang,14.7,Interviewing
CAND10955,REQ07180,Andrew,Sawyer,12.1,Rejected
CAND10956,REQ11325,Jeffrey,Williams,19.5,Hired
CAND10957,REQ15651,Mark,Dalton,1.6,Rejected
CAND10958,REQ08081,Seth,Tucker,0.2,Rejected
CAND10959,REQ00437,Amanda,Miller,10.7,Rejected
CAND10960,REQ15685,Jonathan,Kent,12.0,Rejected
CAND10961,REQ01588,Joseph,Sullivan,8.1,Rejected
CAND10962,REQ15801,Bradley,Bowen,17.7,Interviewing
CAND10963,REQ00385,Lynn,Gomez,14.5,Interviewing
CAND10964,REQ08694,Eric,Santana,10.9,Rejected
CAND10965,REQ02160,Joy,Patel,18.0,Hired
CAND10966,REQ02335,Daniel,Daniels,0.8,Hired
CAND10967,REQ15831,Samantha,Thomas,18.4,Rejected
CAND10968,REQ23248,Dakota,Murray,9.8,Rejected
CAND10969,REQ00599,Matthew,Kirk,7.8,Hired
CAND10970,REQ16562,Kim,Rogers,19.0,Rejected
CAND10971,REQ12225,Richard,Walsh,10.8,Rejected
CAND10972,REQ01875,Crystal,Brooks,2.3,Hired
CAND10973,REQ00248,Elizabeth,Woods,19.4,Rejected
CAND10974,REQ17567,Julie,Compton,18.7,Rejected
CAND10975,REQ11938,Tammy,Beltran,6.4,Hired
CAND10976,REQ12123,Mary,Butler,11.1,Rejected
CAND10977,REQ19855,Dylan,Adams,15.2,Rejected
CAND10978,REQ20262,Brian,Wilson,16.9,Rejected
CAND10979,REQ09968,Sean,Solomon,18.1,Hired
CAND10980,REQ22208,Howard,Ward,10.4,Rejected
CAND10981,REQ11278,Andrew,Bowers,10.3,Hired
CAND10982,REQ23456,Katherine,Thomas,3.6,Rejected
CAND10983,REQ05032,Randall,Collins,18.8,Interviewing
CAND10984,REQ23993,Autumn,Wang,3.7,Interviewing
CAND10985,REQ17744,Crystal,Bradley,0.9,Rejected
CAND10986,REQ04798,Michelle,Brown,6.6,Interviewing
CAND10987,REQ07201,Deanna,Hudson,14.3,Hired
CAND10988,REQ12822,Rachael,Dunn,16.7,Rejected
CAND10989,REQ18787,Anna,Crawford,5.8,Interviewing
CAND10990,REQ24201,Mary,Heath,11.9,Hired
CAND10991,REQ17752,Wesley,Miller,17.0,Interviewing
CAND10992,REQ15411,Randy,Martinez,2.7,Rejected
CAND10993,REQ22329,William,Rodriguez,9.5,Rejected
CAND10994,REQ08967,Benjamin,Cruz,7.3,Rejected
CAND10995,REQ00793,Michelle,Thompson,10.7,Rejected
CAND10996,REQ12212,Melissa,Casey,8.4,Rejected
CAND10997,REQ13246,Nathan,Morris,9.4,Hired
CAND10998,REQ07138,Heather,Diaz,11.6,Rejected
CAND10999,REQ05115,Robin,Higgins,13.0,Rejected
CAND11000,REQ18484,William,Elliott,14.7,Rejected
CAND11001,REQ10080,Brittany,Lopez,10.2,Interviewing
CAND11002,REQ10873,Lisa,Miller,8.8,Offer Extended
CAND11003,REQ23129,Amy,Taylor,11.4,Rejected
CAND11004,REQ09135,Colleen,Aguirre,3.8,Rejected
CAND11005,REQ08319,Johnathan,Fleming,4.0,Interviewing
CAND11006,REQ14678,Tanya,Lara,4.4,Interviewing
CAND11007,REQ19890,Victoria,Boyer,11.8,Rejected
CAND11008,REQ02080,Jennifer,Dyer,0.3,Rejected
CAND11009,REQ09451,Suzanne,Bautista,13.2,Rejected
CAND11010,REQ03923,Timothy,Gamble,18.1,Rejected
CAND11011,REQ00121,Alexander,Jones,1.7,Rejected
CAND11012,REQ10822,Jennifer,Martin,19.6,Rejected
CAND11013,REQ10774,Samantha,Thomas,10.7,Interviewing
CAND11014,REQ02089,Audrey,Valenzuela,0.1,Interviewing
CAND11015,REQ21834,Lisa,Thomas,13.0,Hired
CAND11016,REQ07924,Tara,Parker,9.4,Rejected
CAND11017,REQ12679,James,Mullins,15.3,Hired
CAND11018,REQ12103,Nathaniel,Smith,2.3,Rejected
CAND11019,REQ20051,Andrew,Malone,12.4,Rejected
CAND11020,REQ06820,Arthur,Schroeder,17.7,Offer Extended
CAND11021,REQ04365,Rachel,Johnson,9.7,Rejected
CAND11022,REQ15432,Sabrina,Griffin,0.8,Rejected
CAND11023,REQ20542,Kirk,Marshall,15.5,Rejected
CAND11024,REQ19116,Alexander,Collins,9.0,Interviewing
CAND11025,REQ13221,Michael,Parker,13.6,Rejected
CAND11026,REQ02949,Joshua,Hughes,10.5,Rejected
CAND11027,REQ12694,Ronald,Rodgers,4.9,Interviewing
CAND11028,REQ06754,Eric,Whitehead,18.4,Hired
CAND11029,REQ13445,Roy,Knight,1.6,Interviewing
CAND11030,REQ12259,Emma,Davis,6.5,Rejected
CAND11031,REQ14810,Luke,Kelley,1.4,Offer Extended
CAND11032,REQ14766,Jessica,White,16.3,Rejected
CAND11033,REQ14335,Daniel,Malone,10.2,Interviewing
CAND11034,REQ15894,David,Juarez,17.1,Interviewing
CAND11035,REQ23223,Jay,Mccall,6.9,Rejected
CAND11036,REQ09848,Sara,Glass,0.6,Rejected
CAND11037,REQ17568,Evan,Fletcher,5.1,Rejected
CAND11038,REQ13091,Bryan,Moore,1.0,Rejected
CAND11039,REQ23697,David,Stafford,5.9,Interviewing
CAND11040,REQ09669,Katherine,Green,7.2,Rejected
CAND11041,REQ14641,Angela,Jones,1.8,Rejected
CAND11042,REQ24428,James,Valentine,17.9,Rejected
CAND11043,REQ13018,Scott,Hess,17.9,Rejected
CAND11044,REQ07784,Alicia,Ford,2.6,Interviewing
CAND11045,REQ01113,Joanna,Johnson,16.4,Hired
CAND11046,REQ09528,Jamie,Tucker,3.2,Rejected
CAND11047,REQ10732,Martha,Jones,7.6,Rejected
CAND11048,REQ20785,Kelsey,Brown,10.3,Hired
CAND11049,REQ02544,Patricia,Combs,1.4,Rejected
CAND11050,REQ07346,Benjamin,Holt,3.6,Rejected
CAND11051,REQ12984,Daniel,Wright,6.3,Interviewing
CAND11052,REQ22777,Robert,Gates,12.2,Rejected
CAND11053,REQ14554,Leah,Ewing,6.8,Rejected
CAND11054,REQ00584,Madison,Rhodes,19.0,Rejected
CAND11055,REQ14751,Rachel,Gillespie,14.7,Interviewing
CAND11056,REQ20962,Krystal,Lloyd,15.2,Rejected
CAND11057,REQ05823,Robert,Perkins,14.0,Offer Extended
CAND11058,REQ00380,David,Anderson,4.3,Rejected
CAND11059,REQ11864,Kevin,Mcbride,8.1,Rejected
CAND11060,REQ23123,Jennifer,Patel,8.5,Rejected
CAND11061,REQ05556,Christopher,Fox,2.9,Rejected
CAND11062,REQ10725,Ryan,Lester,9.0,Interviewing
CAND11063,REQ00310,Kenneth,Martinez,6.8,Rejected
CAND11064,REQ11379,Alicia,Hebert,8.4,Interviewing
CAND11065,REQ18159,Kristin,Phillips,0.4,Rejected
CAND11066,REQ09201,Deborah,Butler,5.9,Interviewing
CAND11067,REQ23425,James,Lynch,3.3,Interviewing
CAND11068,REQ15484,Stephanie,Peterson,7.3,Rejected
CAND11069,REQ10086,Emily,Santana,7.9,Hired
CAND11070,REQ13404,John,Little,12.1,Rejected
CAND11071,REQ01420,Kiara,Gibbs,0.7,Interviewing
CAND11072,REQ09388,Leslie,Anderson,3.4,Rejected
CAND11073,REQ03973,Joseph,Hughes,11.9,Offer Extended
CAND11074,REQ07590,Martin,Lee,12.4,Hired
CAND11075,REQ16039,Troy,Perez,3.4,Hired
CAND11076,REQ18856,Vanessa,Ward,10.2,Interviewing
CAND11077,REQ19174,Victor,Cowan,19.9,Rejected
CAND11078,REQ00307,Amy,Goodwin,3.6,Rejected
CAND11079,REQ18669,Christina,Baker,4.6,Rejected
CAND11080,REQ10112,Kelly,Coffey,13.5,Rejected
CAND11081,REQ19003,Gina,Davis,2.8,Hired
CAND11082,REQ05112,Allen,Hoffman,1.1,Rejected
CAND11083,REQ07692,Michael,Hernandez,10.8,Interviewing
CAND11084,REQ23494,Lisa,Miller,0.8,Rejected
CAND11085,REQ10400,Tonya,Kelly,13.4,Rejected
CAND11086,REQ22920,Drew,Harvey,6.9,Rejected
CAND11087,REQ13871,Christy,Huynh,14.6,Rejected
CAND11088,REQ04712,Matthew,Hinton,10.9,Interviewing
CAND11089,REQ18199,Randy,Blake,13.5,Rejected
CAND11090,REQ07270,Gregory,Bailey,4.2,Rejected
CAND11091,REQ21949,Sarah,Lopez,4.0,Rejected
CAND11092,REQ03528,Chad,Rivas,16.2,Rejected
CAND11093,REQ01430,Laura,Moore,5.2,Rejected
CAND11094,REQ10927,Angela,Beck,14.8,Offer Extended
CAND11095,REQ13418,Chad,Hernandez,15.8,Rejected
CAND11096,REQ12610,Larry,Shaw,4.0,Interviewing
CAND11097,REQ09243,Timothy,Bryan,14.7,Rejected
CAND11098,REQ17170,Michelle,Hammond,16.4,Hired
CAND11099,REQ13449,Steven,Lee,14.4,Rejected
CAND11100,REQ18123,Sarah,Johnson,18.0,Offer Extended
CAND11101,REQ07522,Theresa,Ray,9.3,Rejected
CAND11102,REQ12913,Alexandra,Miller,12.4,Rejected
CAND11103,REQ06163,Holly,Williams,15.1,Rejected
CAND11104,REQ03887,Gregory,Estrada,14.3,Rejected
CAND11105,REQ23520,Amber,Johnson,7.6,Rejected
CAND11106,REQ15719,Robert,Kelley,10.6,Rejected
CAND11107,REQ15646,Kathleen,Perez,13.0,Rejected
CAND11108,REQ18160,Stephanie,Allen,15.2,Interviewing
CAND11109,REQ00375,David,Hernandez,1.1,Rejected
CAND11110,REQ07756,Bradley,Griffin,5.3,Rejected
CAND11111,REQ24078,Ashley,Rodriguez,12.7,Rejected
CAND11112,REQ11303,Jennifer,Powers,3.8,Interviewing
CAND11113,REQ12335,Shawn,Wilson,17.2,Rejected
CAND11114,REQ11958,Amanda,Mason,0.7,Rejected
CAND11115,REQ13774,Rachel,Duncan,2.4,Rejected
CAND11116,REQ10578,Brandon,Rubio,18.5,Rejected
CAND11117,REQ18743,Madeline,Stephens,10.9,Offer Extended
CAND11118,REQ11797,Hayley,Edwards,18.8,Rejected
CAND11119,REQ04164,Karen,Evans,10.0,Rejected
CAND11120,REQ22000,Robert,Gonzalez,6.0,Rejected
CAND11121,REQ23183,Andrea,Schneider,16.1,Hired
CAND11122,REQ13420,Charles,Tate,6.2,Rejected
CAND11123,REQ24319,Robert,Skinner,0.2,Interviewing
CAND11124,REQ02299,Christina,Johnson,13.5,Rejected
CAND11125,REQ03483,Tiffany,Scott,13.7,Interviewing
CAND11126,REQ12705,Erin,Williams,9.1,Rejected
CAND11127,REQ09541,Dawn,Miller,4.8,Rejected
CAND11128,REQ04473,James,Brown,5.1,Rejected
CAND11129,REQ06840,Thomas,Travis,2.0,Rejected
CAND11130,REQ17646,Laura,Horn,4.3,Hired
CAND11131,REQ10435,Jason,Harvey,16.7,Interviewing
CAND11132,REQ11885,Tiffany,Gamble,17.7,Rejected
CAND11133,REQ20035,Evan,Hall,13.0,Rejected
CAND11134,REQ18236,Olivia,Henderson,11.3,Rejected
CAND11135,REQ08873,Lindsay,Hahn,7.7,Hired
CAND11136,REQ06318,Lisa,Murray,9.0,Rejected
CAND11137,REQ07727,Tracy,Smith,9.0,Rejected
CAND11138,REQ02882,April,Schultz,3.8,Offer Extended
CAND11139,REQ13758,Kelly,Barrera,6.4,Rejected
CAND11140,REQ23928,Amy,Henson,9.2,Interviewing
CAND11141,REQ17813,Amy,Blair,15.2,Rejected
CAND11142,REQ24588,Diana,Cruz,6.9,Rejected
CAND11143,REQ22613,Christina,Lawson,0.4,Rejected
CAND11144,REQ05655,Heather,Merritt,11.7,Offer Extended
CAND11145,REQ01681,Jack,Cox,15.0,Rejected
CAND11146,REQ04455,Tracy,Ho,1.6,Hired
CAND11147,REQ22065,Timothy,Williams,10.6,Rejected
CAND11148,REQ22604,John,Diaz,7.4,Hired
CAND11149,REQ10106,Isaac,Brown,6.1,Rejected
CAND11150,REQ11092,Chad,Barnett,15.8,Rejected
CAND11151,REQ23088,Brandy,Stevens,7.5,Rejected
CAND11152,REQ19051,Angela,Anderson,14.2,Offer Extended
CAND11153,REQ23704,Sarah,Dyer,12.8,Rejected
CAND11154,REQ15367,Timothy,Fuentes,14.3,Interviewing
CAND11155,REQ17883,Daniel,Lopez,6.6,Rejected
CAND11156,REQ01618,John,Brown,5.1,Interviewing
CAND11157,REQ08470,Jennifer,Frey,11.2,Hired
CAND11158,REQ20939,Donna,Sosa,0.3,Rejected
CAND11159,REQ16422,Mike,Jimenez,9.7,Rejected
CAND11160,REQ12941,Jacqueline,Miller,18.4,Rejected
CAND11161,REQ00494,Daniel,Anderson,8.9,Rejected
CAND11162,REQ10467,Maria,Stark,9.1,Rejected
CAND11163,REQ14939,Molly,Keller,4.2,Interviewing
CAND11164,REQ14994,Karen,Robbins,11.8,Interviewing
CAND11165,REQ19601,Lisa,Murphy,11.9,Offer Extended
CAND11166,REQ18084,Roy,Chen,19.7,Rejected
CAND11167,REQ04691,Joan,Mcconnell,1.8,Rejected
CAND11168,REQ07535,Lindsay,Orr,10.4,Rejected
CAND11169,REQ05941,Brian,Vang,2.2,Hired
CAND11170,REQ06795,Robert,Curtis,0.7,Rejected
CAND11171,REQ21263,Crystal,Johnson,4.4,Rejected
CAND11172,REQ02769,Michelle,Morris,15.2,Rejected
CAND11173,REQ03786,Shawn,Mcintosh,9.4,Offer Extended
CAND11174,REQ16504,Rachel,Ryan,1.8,Rejected
CAND11175,REQ24366,Eric,Meyers,15.4,Rejected
CAND11176,REQ17683,Stephen,Salinas,1.5,Rejected
CAND11177,REQ22982,Ian,Bell,18.6,Rejected
CAND11178,REQ03708,Michelle,Stafford,1.4,Rejected
CAND11179,REQ24015,Christina,Shea,12.8,Rejected
CAND11180,REQ04062,James,Scott,15.3,Rejected
CAND11181,REQ18331,Gabriella,Warner,12.9,Hired
CAND11182,REQ07883,Joseph,Ramos,5.7,Interviewing
CAND11183,REQ18570,Lori,Boone,7.2,Rejected
CAND11184,REQ19926,Benjamin,Figueroa,7.2,Rejected
CAND11185,REQ09296,Andrea,Johnson,12.2,Hired
CAND11186,REQ18992,Patricia,Banks,4.8,Interviewing
CAND11187,REQ03465,Eric,Barnes,13.5,Rejected
CAND11188,REQ04397,Jordan,Mitchell,13.5,Rejected
CAND11189,REQ01401,Michael,Stewart,7.4,Rejected
CAND11190,REQ20936,Dale,Irwin,4.8,Interviewing
CAND11191,REQ03613,Lisa,Edwards,4.4,Interviewing
CAND11192,REQ15410,Kathryn,Schmidt,5.3,Rejected
CAND11193,REQ00863,Allison,Mills,12.7,Rejected
CAND11194,REQ15268,Mark,Figueroa,7.7,Rejected
CAND11195,REQ20475,Melissa,Price,8.6,Rejected
CAND11196,REQ23713,Katherine,Russell,0.2,Rejected
CAND11197,REQ08995,Cassandra,Rivera,12.1,Interviewing
CAND11198,REQ22758,Angelica,Miller,16.7,Rejected
CAND11199,REQ16693,Henry,Howell,11.0,Rejected
CAND11200,REQ02701,Wendy,Johnson,6.2,Hired
CAND11201,REQ20020,Timothy,Hamilton,2.7,Interviewing
CAND11202,REQ24563,Marissa,Mcguire,8.5,Interviewing
CAND11203,REQ08014,Shelly,Norris,6.4,Rejected
CAND11204,REQ03547,Misty,Lawrence,14.4,Rejected
CAND11205,REQ06484,Stephanie,Howard,15.2,Interviewing
CAND11206,REQ20283,Marie,Blackwell,18.5,Rejected
CAND11207,REQ08949,Travis,Bolton,16.3,Rejected
CAND11208,REQ01450,Heather,Vargas,13.3,Rejected
CAND11209,REQ13325,Rebecca,Ortega,3.2,Offer Extended
CAND11210,REQ05696,Corey,Roth,8.7,Rejected
CAND11211,REQ04515,Corey,Mcconnell,9.8,Rejected
CAND11212,REQ24406,Patricia,Holland,11.7,Hired
CAND11213,REQ14190,Chad,Francis,1.7,Interviewing
CAND11214,REQ22688,Russell,Miller,11.2,Rejected
CAND11215,REQ02680,Kristie,Mcdonald,8.8,Interviewing
CAND11216,REQ11731,David,Medina,11.0,Interviewing
CAND11217,REQ15868,Richard,Sosa,11.3,Rejected
CAND11218,REQ00563,Michelle,Garcia,13.4,Rejected
CAND11219,REQ05404,Stephanie,Ruiz,8.3,Interviewing
CAND11220,REQ10544,Jeffrey,Morgan,3.7,Interviewing
CAND11221,REQ12641,Frank,Mata,7.8,Rejected
CAND11222,REQ04687,Joseph,Gonzales,17.7,Rejected
CAND11223,REQ15006,Jessica,Reid,20.0,Rejected
CAND11224,REQ21133,Trevor,Cook,19.9,Rejected
CAND11225,REQ05865,Timothy,White,1.8,Rejected
CAND11226,REQ16584,David,Dodson,18.6,Rejected
CAND11227,REQ16398,Amy,Davis,6.5,Rejected
CAND11228,REQ08352,Nicole,Smith,19.1,Rejected
CAND11229,REQ22287,Nicholas,Waller,13.1,Rejected
CAND11230,REQ04160,Susan,Stanley,19.1,Rejected
CAND11231,REQ03167,Tracy,Bauer,5.8,Interviewing
CAND11232,REQ01415,Peter,Guerrero,18.3,Rejected
CAND11233,REQ11080,Jessica,Baker,11.4,Rejected
CAND11234,REQ12908,Lisa,Cook,1.4,Rejected
CAND11235,REQ23502,Derek,Hubbard,15.7,Rejected
CAND11236,REQ00140,Jacob,Davis,14.6,Offer Extended
CAND11237,REQ24443,Charles,Gentry,7.7,Rejected
CAND11238,REQ22531,Corey,Gross,6.0,Offer Extended
CAND11239,REQ04488,James,Scott,19.6,Interviewing
CAND11240,REQ04787,William,Rodriguez,13.2,Rejected
CAND11241,REQ05678,Crystal,Bates,7.7,Rejected
CAND11242,REQ17110,Karen,Williams,8.8,Rejected
CAND11243,REQ09710,Jerry,Liu,5.2,Rejected
CAND11244,REQ10134,Paul,Leonard,8.9,Rejected
CAND11245,REQ06536,Susan,Mathews,19.7,Hired
CAND11246,REQ02242,Michael,Cabrera,11.4,Interviewing
CAND11247,REQ07918,Robert,Mathews,4.7,Interviewing
CAND11248,REQ24821,Justin,Hendricks,19.3,Rejected
CAND11249,REQ18140,Kimberly,Alvarez,6.8,Rejected
CAND11250,REQ11045,William,Kelly,4.0,Hired
CAND11251,REQ24404,Nancy,Reyes,16.5,Rejected
CAND11252,REQ08457,Robert,Barajas,3.6,Rejected
CAND11253,REQ19877,Paul,Phillips,9.2,Hired
CAND11254,REQ19652,Carolyn,Reed,14.1,Rejected
CAND11255,REQ10307,Mark,Gilmore,3.2,Rejected
CAND11256,REQ02194,Krystal,Compton,3.1,Rejected
CAND11257,REQ24814,Dawn,Norris,19.1,Interviewing
CAND11258,REQ04011,Wesley,Smith,4.4,Rejected
CAND11259,REQ00775,Cindy,Rollins,5.9,Offer Extended
CAND11260,REQ01527,Stacy,Barber,0.5,Hired
CAND11261,REQ10335,James,Myers,16.8,Rejected
CAND11262,REQ01215,Annette,Le,8.9,Interviewing
CAND11263,REQ21559,Brittany,Rodriguez,8.2,Hired
CAND11264,REQ20852,Anna,Beck,9.0,Interviewing
CAND11265,REQ03704,Julia,Bauer,2.1,Rejected
CAND11266,REQ10116,Bobby,Martinez,2.2,Interviewing
CAND11267,REQ02831,Christopher,Brooks,15.5,Interviewing
CAND11268,REQ17968,Joshua,Morgan,14.6,Hired
CAND11269,REQ04436,Jasmine,Webb,9.4,Interviewing
CAND11270,REQ00105,Haley,Hammond,10.5,Rejected
CAND11271,REQ10157,Adam,Myers,16.5,Rejected
CAND11272,REQ08803,Nicole,Miranda,13.8,Hired
CAND11273,REQ06777,Jessica,Adkins,15.4,Rejected
CAND11274,REQ10832,Anna,Winters,11.9,Rejected
CAND11275,REQ16104,Caitlin,Campbell,14.0,Hired
CAND11276,REQ15105,Catherine,Trevino,8.6,Hired
CAND11277,REQ10002,Paul,White,16.1,Interviewing
CAND11278,REQ14814,Molly,Clay,7.3,Rejected
CAND11279,REQ00682,Heidi,Powell,11.6,Interviewing
CAND11280,REQ17305,Alexa,Hubbard,8.6,Hired
CAND11281,REQ19463,Barbara,Anderson,7.9,Rejected
CAND11282,REQ06587,William,Brooks,8.2,Rejected
CAND11283,REQ19365,Jessica,Thompson,10.7,Rejected
CAND11284,REQ22559,Robert,Parker,8.7,Rejected
CAND11285,REQ00631,Leslie,Hicks,18.8,Interviewing
CAND11286,REQ07540,David,Peterson,10.4,Interviewing
CAND11287,REQ11857,Cassandra,Graham,9.9,Rejected
CAND11288,REQ08724,John,Ferguson,8.9,Interviewing
CAND11289,REQ24724,Mark,Good,10.1,Rejected
CAND11290,REQ11139,Kelly,Rivera,1.4,Rejected
CAND11291,REQ07084,Amy,Howard,11.9,Hired
CAND11292,REQ02979,Erin,Gray,12.2,Rejected
CAND11293,REQ00728,Kelly,Houston,0.1,Rejected
CAND11294,REQ06341,Kelly,Shepard,6.1,Rejected
CAND11295,REQ16354,Angela,Nguyen,15.8,Rejected
CAND11296,REQ16547,Edward,Savage,13.3,Interviewing
CAND11297,REQ21984,Mike,Fernandez,17.9,Interviewing
CAND11298,REQ22735,Tina,Harper,0.6,Rejected
CAND11299,REQ00253,Dawn,Walsh,15.3,Rejected
CAND11300,REQ20855,Cody,Hartman,18.9,Rejected
CAND11301,REQ24549,Michael,Maldonado,1.7,Rejected
CAND11302,REQ18177,Deborah,Barker,16.7,Rejected
CAND11303,REQ14614,Lisa,Mccarty,15.0,Interviewing
CAND11304,REQ07736,Larry,Page,11.2,Rejected
CAND11305,REQ06897,Angela,Ramirez,19.6,Hired
CAND11306,REQ17189,Denise,Adams,3.0,Rejected
CAND11307,REQ23838,Katherine,Mata,16.8,Interviewing
CAND11308,REQ09269,Mitchell,Rivera,16.1,Rejected
CAND11309,REQ21616,Stephanie,Thompson,13.1,Rejected
CAND11310,REQ11933,Leah,Johnson,7.0,Rejected
CAND11311,REQ17442,Daniel,Smith,5.8,Rejected
CAND11312,REQ07057,Kenneth,Vargas,4.7,Rejected
CAND11313,REQ12802,Brandon,Browning,15.0,Hired
CAND11314,REQ13695,Jessica,Wilson,15.1,Rejected
CAND11315,REQ07329,Jermaine,Benson,2.4,Rejected
CAND11316,REQ20798,Jaime,Knight,2.7,Rejected
CAND11317,REQ21523,Andrew,Khan,5.1,Rejected
CAND11318,REQ11461,Tammie,Alexander,3.0,Rejected
CAND11319,REQ24479,Samantha,Davis,5.3,Rejected
CAND11320,REQ02804,Joshua,Mccarthy,9.4,Rejected
CAND11321,REQ06890,Brad,Krause,10.1,Interviewing
CAND11322,REQ21440,Kimberly,Thompson,3.2,Hired
CAND11323,REQ20254,Anne,Guerrero,19.7,Rejected
CAND11324,REQ19238,Andrea,Matthews,18.7,Interviewing
CAND11325,REQ05818,Monica,Walker,12.2,Rejected
CAND11326,REQ03147,James,Maxwell,18.1,Rejected
CAND11327,REQ17744,Adam,Wright,5.6,Hired
CAND11328,REQ13828,Anthony,Malone,8.4,Rejected
CAND11329,REQ08418,Ronald,Bell,4.4,Rejected
CAND11330,REQ01846,Sarah,Patterson,19.9,Interviewing
CAND11331,REQ18472,Shaun,Clark,11.5,Interviewing
CAND11332,REQ00205,Chloe,Hunter,6.5,Rejected
CAND11333,REQ09806,Rachel,Nash,11.9,Rejected
CAND11334,REQ23885,Patrick,Sanders,0.3,Rejected
CAND11335,REQ05603,Benjamin,Jackson,7.7,Rejected
CAND11336,REQ09604,Ariana,Wang,13.2,Rejected
CAND11337,REQ24295,Johnny,Jackson,11.0,Rejected
CAND11338,REQ14141,Jessica,Maxwell,6.7,Rejected
CAND11339,REQ05416,Kelli,Keller,6.2,Rejected
CAND11340,REQ00912,Jonathan,Mathews,9.8,Rejected
CAND11341,REQ01623,Ronnie,Ross,16.0,Rejected
CAND11342,REQ12487,Daniel,Wells,15.9,Rejected
CAND11343,REQ21109,Elizabeth,Barker,9.8,Hired
CAND11344,REQ11502,Holly,Strong,18.4,Interviewing
CAND11345,REQ08482,Jeanne,Olson,4.4,Rejected
CAND11346,REQ07507,Sarah,Guzman,2.4,Rejected
CAND11347,REQ08101,John,Ramos,5.2,Rejected
CAND11348,REQ10423,Darin,Hanson,9.5,Rejected
CAND11349,REQ19757,Benjamin,Torres,13.9,Rejected
CAND11350,REQ20895,Jeffrey,Richards,9.9,Rejected
CAND11351,REQ16872,Edward,Mckinney,5.9,Rejected
CAND11352,REQ06262,Danielle,Bowman,11.8,Rejected
CAND11353,REQ05378,Juan,Brown,0.2,Offer Extended
CAND11354,REQ23121,Eddie,Farrell,18.6,Rejected
CAND11355,REQ12509,Whitney,Brock,17.6,Interviewing
CAND11356,REQ00737,Justin,Rivera,18.1,Interviewing
CAND11357,REQ19566,Michelle,Brown,11.7,Rejected
CAND11358,REQ18234,Latoya,Johnson,5.7,Rejected
CAND11359,REQ22056,Douglas,Duffy,0.6,Rejected
CAND11360,REQ18132,Melanie,Bartlett,17.9,Rejected
CAND11361,REQ05587,Linda,Waters,5.2,Rejected
CAND11362,REQ00207,Sherry,Barnett,15.6,Rejected
CAND11363,REQ04914,Jason,Myers,11.7,Rejected
CAND11364,REQ24464,Nicholas,Chaney,19.4,Rejected
CAND11365,REQ14570,Tara,Hunt,0.1,Interviewing
CAND11366,REQ09679,Cheryl,Rice,16.0,Hired
CAND11367,REQ05198,Lori,Watson,0.1,Interviewing
CAND11368,REQ00604,Jessica,Cook,16.4,Rejected
CAND11369,REQ10606,Timothy,Jimenez,13.6,Rejected
CAND11370,REQ02364,Gregory,Holloway,6.8,Rejected
CAND11371,REQ00304,Connor,Jones,13.4,Rejected
CAND11372,REQ17759,Donald,White,6.4,Interviewing
CAND11373,REQ14486,Megan,Edwards,18.1,Rejected
CAND11374,REQ16322,Courtney,Hall,15.9,Interviewing
CAND11375,REQ14094,Andrea,Lewis,5.6,Rejected
CAND11376,REQ12562,Melissa,Johnson,18.9,Rejected
CAND11377,REQ03392,Stephen,Fowler,3.3,Rejected
CAND11378,REQ09217,Mark,Rodriguez,3.6,Interviewing
CAND11379,REQ19357,Kyle,Young,13.3,Rejected
CAND11380,REQ10673,Adam,Cross,0.7,Rejected
CAND11381,REQ13794,Brian,Gamble,18.0,Rejected
CAND11382,REQ12466,Karen,Hamilton,5.9,Hired
CAND11383,REQ12030,Donna,Bates,6.1,Rejected
CAND11384,REQ09930,Oscar,Williams,18.8,Interviewing
CAND11385,REQ19073,Lisa,Williams,10.6,Rejected
CAND11386,REQ17135,Keith,Moore,7.8,Interviewing
CAND11387,REQ07254,Cassie,Stuart,14.9,Offer Extended
CAND11388,REQ17025,Wendy,Olsen,4.7,Rejected
CAND11389,REQ05044,Haley,Jacobson,18.0,Rejected
CAND11390,REQ05905,Penny,Schmitt,16.9,Hired
CAND11391,REQ23098,Edward,Sullivan,19.8,Offer Extended
CAND11392,REQ02744,Joshua,Mclaughlin,1.9,Rejected
CAND11393,REQ02915,Kelsey,Kaufman,12.9,Offer Extended
CAND11394,REQ10193,Michael,Moore,9.2,Hired
CAND11395,REQ06562,Darrell,Moore,3.2,Interviewing
CAND11396,REQ01228,Benjamin,Thornton,2.1,Rejected
CAND11397,REQ11944,Jane,Gamble,19.3,Interviewing
CAND11398,REQ16634,William,Anderson,11.9,Interviewing
CAND11399,REQ18161,Timothy,Horton,0.1,Rejected
CAND11400,REQ15268,James,Green,6.8,Hired
CAND11401,REQ14247,Tammie,Delacruz,2.5,Rejected
CAND11402,REQ18761,Helen,Johnson,9.4,Rejected
CAND11403,REQ09284,Melissa,Wells,12.3,Hired
CAND11404,REQ00802,Nicole,Blevins,10.9,Rejected
CAND11405,REQ24176,Roy,Davis,1.4,Rejected
CAND11406,REQ12420,Diane,Lopez,12.1,Rejected
CAND11407,REQ09656,James,Jackson,16.8,Rejected
CAND11408,REQ19112,Kristin,Dean,7.7,Rejected
CAND11409,REQ06397,Cameron,Morales,16.9,Rejected
CAND11410,REQ11490,Barbara,Alexander,19.6,Interviewing
CAND11411,REQ12214,Charlene,Flores,14.1,Interviewing
CAND11412,REQ23406,Melissa,Curtis,2.5,Rejected
CAND11413,REQ00945,Jeremiah,Schmidt,4.6,Rejected
CAND11414,REQ24039,Cynthia,Parker,0.3,Rejected
CAND11415,REQ16319,Logan,Brown,18.8,Rejected
CAND11416,REQ09160,Molly,Fletcher,7.6,Interviewing
CAND11417,REQ12073,Gina,Oneill,12.3,Hired
CAND11418,REQ05737,Sarah,Meyers,16.5,Rejected
CAND11419,REQ15512,Alexander,Fletcher,19.0,Interviewing
CAND11420,REQ19879,David,Kennedy,0.9,Rejected
CAND11421,REQ18077,Amanda,Morrison,5.9,Rejected
CAND11422,REQ23207,Chad,Cobb,2.0,Interviewing
CAND11423,REQ04687,Andrea,Rhodes,12.6,Rejected
CAND11424,REQ12876,James,Holland,6.2,Hired
CAND11425,REQ14375,Sara,Davis,4.5,Hired
CAND11426,REQ00455,Craig,Phelps,14.9,Rejected
CAND11427,REQ10567,Jacob,Nelson,13.9,Interviewing
CAND11428,REQ01627,Victoria,Reyes,2.1,Offer Extended
CAND11429,REQ07039,Tyler,Hicks,6.8,Rejected
CAND11430,REQ00090,Edward,Lowery,15.1,Rejected
CAND11431,REQ17260,James,Rogers,14.2,Interviewing
CAND11432,REQ09093,Nicholas,Rodriguez,5.8,Interviewing
CAND11433,REQ09066,Linda,Cross,18.0,Hired
CAND11434,REQ15657,Alexander,Carey,1.0,Rejected
CAND11435,REQ04105,Timothy,Garner,10.9,Rejected
CAND11436,REQ06992,Katherine,Norton,19.7,Rejected
CAND11437,REQ13456,Joshua,Wheeler,1.7,Rejected
CAND11438,REQ16074,Charles,Sanchez,18.7,Rejected
CAND11439,REQ02306,Barbara,Gomez,7.8,Rejected
CAND11440,REQ24122,Christina,Anderson,17.1,Rejected
CAND11441,REQ11025,Cody,Arnold,15.3,Rejected
CAND11442,REQ16424,Paige,Bray,2.5,Hired
CAND11443,REQ11966,Lynn,Espinoza,9.1,Rejected
CAND11444,REQ04549,Mark,Harrell,15.2,Rejected
CAND11445,REQ12307,Randall,Martinez,10.2,Rejected
CAND11446,REQ12958,Sarah,Richardson,17.1,Rejected
CAND11447,REQ21009,Becky,Sanders,12.6,Rejected
CAND11448,REQ21263,Adrienne,Cobb,12.4,Rejected
CAND11449,REQ21876,Jessica,Sutton,8.7,Rejected
CAND11450,REQ22003,Becky,Trujillo,16.6,Rejected
CAND11451,REQ04464,Jason,King,6.3,Rejected
CAND11452,REQ23543,Charles,Lee,14.4,Interviewing
CAND11453,REQ02012,Kelly,Perez,13.7,Rejected
CAND11454,REQ24221,Brian,Hurst,16.2,Rejected
CAND11455,REQ22725,Cristina,Holloway,6.2,Rejected
CAND11456,REQ20685,Jessica,Davis,19.8,Hired
CAND11457,REQ16496,Julie,Walls,2.9,Rejected
CAND11458,REQ01655,Craig,Reyes,17.3,Rejected
CAND11459,REQ18870,Larry,Lawrence,8.0,Rejected
CAND11460,REQ23812,Brittney,Cline,8.8,Interviewing
CAND11461,REQ06000,Mark,Bailey,2.3,Hired
CAND11462,REQ17602,Laura,Soto,14.4,Rejected
CAND11463,REQ13935,Mary,Flores,17.1,Rejected
CAND11464,REQ13213,Martha,Smith,13.8,Rejected
CAND11465,REQ24322,Michael,Rice,7.5,Interviewing
CAND11466,REQ01399,Raymond,Brennan,6.9,Rejected
CAND11467,REQ12821,Nicolas,Matthews,18.8,Rejected
CAND11468,REQ06648,Michael,Simmons,8.1,Rejected
CAND11469,REQ15409,Daniel,Cook,7.6,Rejected
CAND11470,REQ02977,Samuel,Pierce,19.1,Hired
CAND11471,REQ12971,Alexandria,Hernandez,6.2,Hired
CAND11472,REQ12924,Jonathan,Martin,11.1,Interviewing
CAND11473,REQ23926,Patricia,Patton,5.4,Rejected
CAND11474,REQ21699,Helen,Myers,2.5,Rejected
CAND11475,REQ01752,Kimberly,Ford,3.4,Rejected
CAND11476,REQ04268,John,White,4.4,Hired
CAND11477,REQ22060,Lisa,Davis,19.5,Rejected
CAND11478,REQ20175,Jordan,Reese,14.6,Hired
CAND11479,REQ16657,Wesley,Adkins,15.9,Rejected
CAND11480,REQ20720,Jonathan,Hogan,14.6,Rejected
CAND11481,REQ04286,Karen,Brown,14.6,Rejected
CAND11482,REQ14433,Elizabeth,Douglas,0.3,Rejected
CAND11483,REQ23294,Angel,Mason,13.7,Rejected
CAND11484,REQ21465,Kimberly,Deleon,19.9,Hired
CAND11485,REQ07884,Evan,Harris,11.9,Rejected
CAND11486,REQ06024,David,Ramos,17.4,Rejected
CAND11487,REQ20328,Sarah,Branch,0.4,Rejected
CAND11488,REQ17845,Christopher,Mckee,5.8,Interviewing
CAND11489,REQ14349,Rachel,Bradley,2.6,Offer Extended
CAND11490,REQ00312,Brian,Walsh,9.8,Hired
CAND11491,REQ07493,Cesar,Evans,19.7,Rejected
CAND11492,REQ00004,John,James,16.0,Rejected
CAND11493,REQ00950,Christopher,Howell,2.2,Hired
CAND11494,REQ23645,Kevin,Kennedy,10.7,Rejected
CAND11495,REQ14113,Anthony,Ingram,0.1,Rejected
CAND11496,REQ00424,Ruth,Adams,13.2,Interviewing
CAND11497,REQ02255,David,Bennett,0.4,Rejected
CAND11498,REQ06828,George,Armstrong,6.6,Rejected
CAND11499,REQ24617,Rebecca,Gomez,5.2,Rejected
CAND11500,REQ12977,Andrea,Fisher,9.2,Rejected
CAND11501,REQ24909,Amanda,Miller,5.7,Interviewing
CAND11502,REQ05503,Pamela,Garcia,16.0,Interviewing
CAND11503,REQ04007,Michelle,Goodman,15.5,Rejected
CAND11504,REQ04743,Matthew,Taylor,3.8,Rejected
CAND11505,REQ05543,Jessica,Kaiser,16.4,Interviewing
CAND11506,REQ18772,Amy,Scott,12.7,Interviewing
CAND11507,REQ22139,Michelle,Jones,19.2,Interviewing
CAND11508,REQ05082,Heidi,Fisher,9.3,Hired
CAND11509,REQ12059,Lauren,Sanchez,3.4,Hired
CAND11510,REQ19604,Cheryl,Miles,6.4,Rejected
CAND11511,REQ01197,Rebecca,Johnson,0.5,Interviewing
CAND11512,REQ22427,Thomas,Francis,13.1,Rejected
CAND11513,REQ17633,Michael,Gregory,4.6,Hired
CAND11514,REQ21662,Lauren,Kirby,2.9,Hired
CAND11515,REQ15835,Robyn,Dixon,5.2,Rejected
CAND11516,REQ17796,Susan,Peterson,3.6,Rejected
CAND11517,REQ04123,Jerome,Hicks,13.6,Rejected
CAND11518,REQ13924,Samantha,Patterson,12.1,Rejected
CAND11519,REQ02243,Bradley,Moore,9.8,Rejected
CAND11520,REQ13174,Jesus,Anderson,19.9,Rejected
CAND11521,REQ01870,Thomas,Singh,4.8,Rejected
CAND11522,REQ24447,Veronica,Day,17.2,Rejected
CAND11523,REQ09480,Randy,Parker,14.0,Rejected
CAND11524,REQ02186,Carrie,Allen,19.6,Rejected
CAND11525,REQ18969,Brandon,Davis,4.4,Rejected
CAND11526,REQ20704,Jason,Peters,3.4,Hired
CAND11527,REQ04934,Leslie,Gould,7.5,Rejected
CAND11528,REQ24934,Mark,Nelson,16.3,Rejected
CAND11529,REQ14175,Nicholas,Rubio,1.9,Rejected
CAND11530,REQ18904,Madeline,Bennett,3.8,Offer Extended
CAND11531,REQ15684,Stephanie,Campbell,18.8,Rejected
CAND11532,REQ04330,Joseph,Spears,19.6,Rejected
CAND11533,REQ09602,Megan,Watson,6.3,Rejected
CAND11534,REQ15960,Andrew,Reyes,0.0,Rejected
CAND11535,REQ15729,John,Perez,13.3,Interviewing
CAND11536,REQ21620,Jesus,Alvarado,15.6,Rejected
CAND11537,REQ04162,Kimberly,Greer,1.8,Rejected
CAND11538,REQ17090,Joseph,Cisneros,11.8,Hired
CAND11539,REQ13529,Jessica,George,10.7,Interviewing
CAND11540,REQ06935,Michael,Williams,0.7,Interviewing
CAND11541,REQ06493,Jack,Rodriguez,12.4,Interviewing
CAND11542,REQ11979,Andrew,Barry,20.0,Rejected
CAND11543,REQ10083,Lori,Rogers,9.0,Interviewing
CAND11544,REQ20934,Jaclyn,Gutierrez,1.5,Interviewing
CAND11545,REQ15510,Julie,Cooper,9.7,Rejected
CAND11546,REQ22912,Daniel,Wood,15.7,Rejected
CAND11547,REQ02174,Jennifer,Young,1.3,Rejected
CAND11548,REQ18226,Ashley,Salas,0.4,Rejected
CAND11549,REQ17919,Zachary,Johnson,3.2,Rejected
CAND11550,REQ19981,Kayla,Jefferson,7.5,Hired
CAND11551,REQ22781,Mark,Collins,8.8,Interviewing
CAND11552,REQ06208,Leslie,Rowland,13.2,Rejected
CAND11553,REQ14178,Jesse,Miller,0.3,Rejected
CAND11554,REQ12702,Patricia,Evans,11.1,Rejected
CAND11555,REQ18660,Tanner,Martin,7.7,Hired
CAND11556,REQ22795,Linda,Bishop,15.6,Rejected
CAND11557,REQ14856,Mark,Fritz,9.3,Rejected
CAND11558,REQ17174,Jorge,Sheppard,10.9,Hired
CAND11559,REQ18045,Jeffrey,Nelson,1.0,Rejected
CAND11560,REQ01299,James,Burns,4.1,Interviewing
CAND11561,REQ19072,Howard,Good,4.7,Rejected
CAND11562,REQ08115,Karen,Moody,17.8,Rejected
CAND11563,REQ12818,Kathryn,Fitzpatrick,18.0,Rejected
CAND11564,REQ19363,Gerald,Perez,18.9,Interviewing
CAND11565,REQ08534,James,Hansen,12.6,Rejected
CAND11566,REQ23607,Laura,Thompson,14.7,Rejected
CAND11567,REQ20936,Melissa,Willis,0.3,Rejected
CAND11568,REQ20458,Kenneth,Garner,3.7,Rejected
CAND11569,REQ04414,Timothy,Meyers,3.2,Rejected
CAND11570,REQ02422,Brian,Wilson,18.6,Interviewing
CAND11571,REQ11288,Erica,Thomas,4.6,Interviewing
CAND11572,REQ02173,Danielle,Anderson,14.8,Rejected
CAND11573,REQ19429,Chris,Brandt,3.3,Interviewing
CAND11574,REQ20969,Glenn,Holland,7.1,Rejected
CAND11575,REQ16832,Sean,Thomas,6.8,Offer Extended
CAND11576,REQ04161,Brandy,Jones,2.9,Offer Extended
CAND11577,REQ04609,Stephanie,Williams,17.2,Rejected
CAND11578,REQ18568,Jennifer,Byrd,5.8,Hired
CAND11579,REQ15254,Allison,Jackson,19.2,Interviewing
CAND11580,REQ08262,Melanie,Williams,16.7,Rejected
CAND11581,REQ21393,Christopher,Higgins,0.1,Rejected
CAND11582,REQ09082,Brianna,Jones,18.3,Interviewing
CAND11583,REQ16077,Michelle,Mitchell,0.3,Hired
CAND11584,REQ04286,James,Morris,8.8,Rejected
CAND11585,REQ02286,Joseph,Clark,14.7,Interviewing
CAND11586,REQ16393,James,Vincent,3.4,Rejected
CAND11587,REQ04109,Sarah,Parks,15.4,Rejected
CAND11588,REQ17049,Amanda,Clark,16.6,Rejected
CAND11589,REQ20195,Dawn,Bush,16.6,Rejected
CAND11590,REQ21256,Jennifer,Wilkerson,14.6,Hired
CAND11591,REQ14326,Daniel,Owens,5.4,Rejected
CAND11592,REQ08871,Valerie,Gomez,9.6,Hired
CAND11593,REQ10150,William,Frazier,1.1,Rejected
CAND11594,REQ13749,Elizabeth,Ryan,10.5,Rejected
CAND11595,REQ14414,Jennifer,Dawson,15.4,Interviewing
CAND11596,REQ19299,Zachary,Lee,7.8,Rejected
CAND11597,REQ09899,Richard,Chapman,1.2,Rejected
CAND11598,REQ16691,Michael,Sanchez,17.1,Rejected
CAND11599,REQ11039,Michael,Jefferson,12.4,Rejected
CAND11600,REQ22262,Bobby,Hicks,17.9,Rejected
CAND11601,REQ21611,Darren,Park,12.5,Rejected
CAND11602,REQ07458,Daniel,Kane,5.1,Rejected
CAND11603,REQ16318,Christina,Obrien,1.8,Rejected
CAND11604,REQ05444,Abigail,Sellers,18.0,Offer Extended
CAND11605,REQ19318,Erin,Taylor,11.0,Offer Extended
CAND11606,REQ04562,Devon,Morris,12.1,Rejected
CAND11607,REQ09654,Audrey,Brock,18.3,Interviewing
CAND11608,REQ19535,Cheryl,Fischer,1.1,Interviewing
CAND11609,REQ22321,Donald,Martin,17.6,Rejected
CAND11610,REQ06793,Danny,Patterson,17.8,Rejected
CAND11611,REQ24087,Ashley,Kelley,7.5,Rejected
CAND11612,REQ19806,Matthew,Collins,9.0,Rejected
CAND11613,REQ10430,Heather,Mccormick,12.8,Rejected
CAND11614,REQ16346,Amy,Miller,19.5,Rejected
CAND11615,REQ14959,Sarah,Bennett,14.4,Rejected
CAND11616,REQ07071,Sarah,Harris,17.9,Offer Extended
CAND11617,REQ03953,Suzanne,Ford,4.6,Rejected
CAND11618,REQ21255,Edward,Mathews,6.2,Rejected
CAND11619,REQ03264,Christopher,Bowers,8.5,Rejected
CAND11620,REQ08666,Donald,Webb,3.7,Hired
CAND11621,REQ21355,Jill,Scott,12.5,Interviewing
CAND11622,REQ21517,Sheryl,Cruz,18.2,Rejected
CAND11623,REQ17968,Nicholas,Perry,7.6,Rejected
CAND11624,REQ12451,Heather,Freeman,8.2,Rejected
CAND11625,REQ07796,Sheena,Gallegos,6.9,Rejected
CAND11626,REQ12970,Rodney,Turner,9.3,Interviewing
CAND11627,REQ16368,Bobby,Gilmore,11.7,Rejected
CAND11628,REQ22936,Cody,Sheppard,16.9,Rejected
CAND11629,REQ14449,Jessica,Miller,16.9,Interviewing
CAND11630,REQ18339,Ryan,White,17.6,Rejected
CAND11631,REQ11764,Brenda,Hamilton,11.1,Rejected
CAND11632,REQ13438,Anna,Manning,0.6,Rejected
CAND11633,REQ23686,Lee,Thompson,1.0,Rejected
CAND11634,REQ12964,Daniel,Wilson,1.1,Rejected
CAND11635,REQ16916,Susan,West,9.8,Rejected
CAND11636,REQ07747,Jacob,Allen,7.1,Hired
CAND11637,REQ02223,Christina,Smith,2.3,Interviewing
CAND11638,REQ13340,Gregory,Jordan,13.0,Interviewing
CAND11639,REQ22206,Raymond,Lee,7.2,Interviewing
CAND11640,REQ17527,Rachel,Matthews,8.2,Rejected
CAND11641,REQ18904,Jessica,Walters,16.0,Rejected
CAND11642,REQ08349,Daniel,Smith,7.7,Interviewing
CAND11643,REQ02045,Bryan,Russell,6.6,Rejected
CAND11644,REQ16552,Andrew,Garcia,5.8,Interviewing
CAND11645,REQ20641,Patricia,Buck,15.5,Rejected
CAND11646,REQ08698,Alicia,Hopkins,19.2,Rejected
CAND11647,REQ03757,Donna,Murphy,10.8,Rejected
CAND11648,REQ22245,Anthony,Jenkins,5.5,Rejected
CAND11649,REQ21607,Kevin,Ryan,12.9,Rejected
CAND11650,REQ07992,Jacob,Mercado,13.6,Offer Extended
CAND11651,REQ14369,Laura,Cortez,15.8,Rejected
CAND11652,REQ15226,Carol,Curtis,15.2,Rejected
CAND11653,REQ11111,Wendy,Thomas,8.8,Rejected
CAND11654,REQ17318,Jennifer,Weber,8.8,Hired
CAND11655,REQ20900,Monica,Davis,17.7,Interviewing
CAND11656,REQ01756,Caitlyn,Dean,6.6,Rejected
CAND11657,REQ00242,Peter,Trevino,8.0,Offer Extended
CAND11658,REQ08208,Amy,Juarez,9.1,Rejected
CAND11659,REQ08321,Briana,Jenkins,0.0,Rejected
CAND11660,REQ08460,Matthew,Callahan,17.3,Rejected
CAND11661,REQ24602,Andrew,Rivera,13.7,Interviewing
CAND11662,REQ12468,Crystal,Fowler,17.9,Rejected
CAND11663,REQ04099,Tiffany,Ortega,16.6,Rejected
CAND11664,REQ24386,Todd,Allen,3.0,Rejected
CAND11665,REQ05387,Connor,Franklin,0.7,Rejected
CAND11666,REQ03693,Tyrone,Powers,14.9,Rejected
CAND11667,REQ15282,Thomas,Watson,16.1,Rejected
CAND11668,REQ16320,Lauren,Hickman,15.8,Rejected
CAND11669,REQ24159,Roberta,Frost,6.5,Rejected
CAND11670,REQ01949,Justin,Davis,19.2,Hired
CAND11671,REQ04895,Gina,Harper,2.6,Rejected
CAND11672,REQ23045,Charles,Jordan,1.5,Rejected
CAND11673,REQ16131,Sean,Nash,2.7,Rejected
CAND11674,REQ16474,Traci,Mcknight,17.3,Interviewing
CAND11675,REQ12570,Steve,Wilson,15.2,Rejected
CAND11676,REQ03042,Stacy,Phelps,12.0,Rejected
CAND11677,REQ13986,Richard,Moss,3.1,Rejected
CAND11678,REQ06021,Peter,Galvan,8.3,Rejected
CAND11679,REQ05316,Daisy,Gonzales,19.0,Interviewing
CAND11680,REQ15751,Kevin,Johnson,3.2,Rejected
CAND11681,REQ19899,Gregory,Hamilton,10.9,Rejected
CAND11682,REQ12162,Maria,Colon,15.0,Interviewing
CAND11683,REQ08815,Kaitlyn,Thomas,10.8,Rejected
CAND11684,REQ03328,Brad,Alvarez,15.5,Hired
CAND11685,REQ01741,Joseph,Smith,7.8,Rejected
CAND11686,REQ23069,Cynthia,Hernandez,1.7,Rejected
CAND11687,REQ20053,Kendra,Phillips,16.1,Rejected
CAND11688,REQ21133,Scott,Velez,5.1,Rejected
CAND11689,REQ06793,Rachel,Booker,3.9,Rejected
CAND11690,REQ19854,Joseph,Kaiser,1.3,Hired
CAND11691,REQ13382,Kathleen,Anderson,2.9,Rejected
CAND11692,REQ13064,Maria,Marsh,10.0,Interviewing
CAND11693,REQ03667,Tony,Pratt,4.8,Hired
CAND11694,REQ18743,Chase,Jenkins,16.5,Interviewing
CAND11695,REQ04344,Peter,Smith,14.4,Rejected
CAND11696,REQ22898,Timothy,Jones,18.7,Rejected
CAND11697,REQ16883,Kevin,Rivas,18.9,Rejected
CAND11698,REQ12176,Crystal,Lewis,13.5,Rejected
CAND11699,REQ09304,Jeffrey,Graham,7.2,Rejected
CAND11700,REQ02205,Austin,Evans,13.5,Interviewing
CAND11701,REQ24515,Travis,Jones,19.4,Interviewing
CAND11702,REQ18527,Sarah,Perkins,8.0,Rejected
CAND11703,REQ17547,Alicia,Miller,9.6,Interviewing
CAND11704,REQ02331,Hannah,Hays,10.7,Rejected
CAND11705,REQ03050,Johnny,Clark,15.7,Interviewing
CAND11706,REQ12205,Richard,Ortiz,1.6,Interviewing
CAND11707,REQ15371,Alexander,Flowers,12.1,Rejected
CAND11708,REQ03247,Scott,Brown,11.6,Hired
CAND11709,REQ19421,John,Yoder,7.6,Rejected
CAND11710,REQ02654,Stephanie,Hunter,8.3,Offer Extended
CAND11711,REQ04919,Linda,Mendoza,2.9,Rejected
CAND11712,REQ19488,Matthew,Henderson,7.9,Offer Extended
CAND11713,REQ12778,Sylvia,Taylor,6.0,Rejected
CAND11714,REQ16435,Brandon,Richardson,6.3,Rejected
CAND11715,REQ07242,David,Ray,2.6,Hired
CAND11716,REQ19140,Mandy,French,14.8,Hired
CAND11717,REQ08925,Dominique,Freeman,8.9,Interviewing
CAND11718,REQ21614,Mark,Ramos,10.8,Rejected
CAND11719,REQ13925,Nicholas,Johnson,10.0,Rejected
CAND11720,REQ21251,Brian,Ray,18.7,Hired
CAND11721,REQ18485,Connie,Calhoun,12.6,Rejected
CAND11722,REQ14127,Kenneth,George,18.3,Rejected
CAND11723,REQ22753,Jacob,Leon,14.1,Rejected
CAND11724,REQ02565,Amy,Cross,11.3,Rejected
CAND11725,REQ19940,Tammy,Williams,5.1,Rejected
CAND11726,REQ00628,Matthew,Richard,15.7,Rejected
CAND11727,REQ13185,Jessica,Duffy,8.7,Rejected
CAND11728,REQ02081,Joshua,Lewis,0.3,Offer Extended
CAND11729,REQ14675,Matthew,Mccormick,13.7,Rejected
CAND11730,REQ24422,Julie,Williams,13.4,Rejected
CAND11731,REQ19812,Brian,Bray,4.6,Rejected
CAND11732,REQ16015,Ashley,Roberson,13.2,Rejected
CAND11733,REQ15500,Richard,Black,7.1,Interviewing
CAND11734,REQ02339,Paul,Murphy,10.8,Rejected
CAND11735,REQ05960,Jill,Schroeder,7.1,Rejected
CAND11736,REQ12495,Daniel,Sutton,8.1,Rejected
CAND11737,REQ09495,Alexa,Perry,19.4,Offer Extended
CAND11738,REQ15016,Neil,Freeman,9.4,Interviewing
CAND11739,REQ00514,Heather,Wood,0.7,Rejected
CAND11740,REQ01912,Rachel,Thornton,16.4,Rejected
CAND11741,REQ07847,Timothy,Lewis,0.6,Offer Extended
CAND11742,REQ09457,Eugene,Griffin,7.3,Rejected
CAND11743,REQ16649,Katrina,Carter,8.7,Hired
CAND11744,REQ18494,Gabriel,Williams,11.4,Rejected
CAND11745,REQ16980,Robert,Long,6.7,Rejected
CAND11746,REQ22398,Christopher,Jackson,16.6,Hired
CAND11747,REQ17504,Danielle,Weaver,14.5,Rejected
CAND11748,REQ19318,Bryan,Cantu,3.6,Rejected
CAND11749,REQ10275,Jennifer,Nunez,18.3,Hired
CAND11750,REQ21639,Veronica,Burke,16.0,Rejected
CAND11751,REQ22260,Sara,Robles,10.3,Hired
CAND11752,REQ18674,Tara,Ingram,6.8,Rejected
CAND11753,REQ19929,Jeremy,Bowman,2.1,Rejected
CAND11754,REQ18165,Christopher,Huff,7.0,Rejected
CAND11755,REQ01084,Kevin,Lozano,13.8,Rejected
CAND11756,REQ03089,Samantha,Phillips,10.4,Rejected
CAND11757,REQ19213,Christina,Herrera,13.8,Interviewing
CAND11758,REQ12817,Daniel,Rodriguez,8.7,Rejected
CAND11759,REQ22962,Alexandra,Lee,12.9,Rejected
CAND11760,REQ14895,Debra,West,7.9,Rejected
CAND11761,REQ21391,Kenneth,Vazquez,11.4,Interviewing
CAND11762,REQ04385,Stacy,Trevino,12.2,Interviewing
CAND11763,REQ23284,Ashley,Rocha,6.7,Rejected
CAND11764,REQ10637,Danielle,Smith,9.2,Rejected
CAND11765,REQ16091,Shane,Clarke,15.1,Interviewing
CAND11766,REQ17869,Ashlee,Taylor,12.7,Offer Extended
CAND11767,REQ01436,Bradley,Summers,7.9,Rejected
CAND11768,REQ07869,Victoria,Obrien,10.4,Rejected
CAND11769,REQ20963,Robert,Lindsey,7.8,Interviewing
CAND11770,REQ17552,Todd,Owen,0.9,Hired
CAND11771,REQ24774,Mary,White,8.8,Rejected
CAND11772,REQ15475,April,Reynolds,11.2,Rejected
CAND11773,REQ18909,Thomas,Hicks,10.6,Rejected
CAND11774,REQ06873,Christina,Moreno,7.2,Rejected
CAND11775,REQ05655,Mary,Hopkins,19.9,Rejected
CAND11776,REQ09173,Justin,Caldwell,12.6,Rejected
CAND11777,REQ18757,Vanessa,Cantu,2.4,Rejected
CAND11778,REQ18415,Jessica,Clark,14.0,Rejected
CAND11779,REQ02718,Carol,Snyder,1.7,Rejected
CAND11780,REQ07558,Benjamin,Andrade,2.4,Hired
CAND11781,REQ23680,Paul,Wright,11.7,Rejected
CAND11782,REQ03930,Hannah,Edwards,0.1,Rejected
CAND11783,REQ15567,Benjamin,Contreras,18.0,Rejected
CAND11784,REQ12949,Juan,Chavez,17.4,Rejected
CAND11785,REQ04851,Michael,Ramos,0.9,Rejected
CAND11786,REQ22417,Shelby,Silva,9.3,Hired
CAND11787,REQ20545,Kristen,Parsons,9.7,Rejected
CAND11788,REQ16753,Veronica,Schultz,9.0,Rejected
CAND11789,REQ05916,Nicholas,Richards,9.5,Rejected
CAND11790,REQ15718,Benjamin,Alexander,7.5,Hired
CAND11791,REQ22966,Robin,Reilly,13.0,Rejected
CAND11792,REQ04903,Patricia,Erickson,2.8,Hired
CAND11793,REQ12960,Pamela,Burns,3.7,Rejected
CAND11794,REQ10632,Haley,Dalton,3.3,Rejected
CAND11795,REQ06815,Virginia,Riley,16.5,Interviewing
CAND11796,REQ07892,Isabella,Hill,1.0,Rejected
CAND11797,REQ12342,Emily,Thomas,20.0,Offer Extended
CAND11798,REQ14875,April,Garcia,11.5,Interviewing
CAND11799,REQ07576,Matthew,Meyer,1.0,Rejected
CAND11800,REQ07801,Katherine,Graham,4.3,Rejected
CAND11801,REQ02145,Andre,Roberts,18.8,Rejected
CAND11802,REQ00818,Jennifer,Morrow,10.7,Rejected
CAND11803,REQ01286,Jessica,Tanner,2.5,Interviewing
CAND11804,REQ19303,David,Smith,3.3,Rejected
CAND11805,REQ10391,Ashley,Nelson,8.0,Rejected
CAND11806,REQ08160,Stephanie,Spencer,18.0,Rejected
CAND11807,REQ22928,Antonio,Mora,2.7,Rejected
CAND11808,REQ02837,Larry,Sanders,8.1,Rejected
CAND11809,REQ10621,Michelle,Smith,6.7,Offer Extended
CAND11810,REQ05800,Brian,Harper,15.5,Rejected
CAND11811,REQ09992,Scott,Kelly,12.0,Rejected
CAND11812,REQ20669,Donald,Chen,13.7,Offer Extended
CAND11813,REQ11036,Dylan,Brown,16.8,Rejected
CAND11814,REQ08040,Joseph,Nguyen,12.9,Rejected
CAND11815,REQ02781,Sarah,Ruiz,15.9,Offer Extended
CAND11816,REQ20806,Rachel,Stewart,6.6,Rejected
CAND11817,REQ22535,Nicole,Snyder,3.3,Interviewing
CAND11818,REQ22635,Keith,Roberts,0.6,Rejected
CAND11819,REQ21990,Jeffrey,Ramirez,6.7,Interviewing
CAND11820,REQ17289,Timothy,Hopkins,3.9,Rejected
CAND11821,REQ00478,Robert,Johnson,6.5,Interviewing
CAND11822,REQ11180,Brent,Nichols,15.4,Hired
CAND11823,REQ20081,Lisa,Smith,10.1,Rejected
CAND11824,REQ14457,Francisco,Harmon,13.1,Rejected
CAND11825,REQ12952,Samantha,Anthony,15.3,Rejected
CAND11826,REQ18161,Anthony,Williamson,8.7,Hired
CAND11827,REQ22197,Richard,Weiss,2.6,Rejected
CAND11828,REQ10475,Samuel,Tyler,16.8,Interviewing
CAND11829,REQ16597,Ashley,Fowler,1.5,Interviewing
CAND11830,REQ00136,Matthew,Vasquez,13.8,Offer Extended
CAND11831,REQ10808,Frank,Morris,12.6,Rejected
CAND11832,REQ17659,Sarah,Solis,5.5,Rejected
CAND11833,REQ17568,Tracy,Myers,2.9,Interviewing
CAND11834,REQ00152,Jonathan,Arnold,12.7,Rejected
CAND11835,REQ23695,William,Moore,4.6,Rejected
CAND11836,REQ22594,Joshua,Beck,13.2,Hired
CAND11837,REQ18084,Susan,Jones,12.8,Interviewing
CAND11838,REQ16603,Lindsey,Marsh,14.5,Interviewing
CAND11839,REQ24656,Jeanne,Baker,14.5,Rejected
CAND11840,REQ14401,Rachel,Williams,19.0,Offer Extended
CAND11841,REQ09189,Judith,Cook,18.6,Rejected
CAND11842,REQ20614,Tracey,Johnson,10.4,Rejected
CAND11843,REQ17875,Christopher,Liu,4.6,Rejected
CAND11844,REQ13220,Patrick,Johnston,16.0,Rejected
CAND11845,REQ16517,Cindy,Flores,16.7,Rejected
CAND11846,REQ19249,Xavier,Perry,17.7,Offer Extended
CAND11847,REQ21342,Elizabeth,Davis,16.6,Rejected
CAND11848,REQ13838,Sean,Moon,10.3,Rejected
CAND11849,REQ07984,Dana,Williams,13.8,Rejected
CAND11850,REQ09014,Kimberly,Noble,7.2,Rejected
CAND11851,REQ10165,Linda,Smith,12.6,Interviewing
CAND11852,REQ08438,Dennis,Lambert,16.1,Rejected
CAND11853,REQ04631,James,Downs,19.0,Rejected
CAND11854,REQ06305,Gina,Valencia,1.1,Rejected
CAND11855,REQ14317,Keith,Pierce,2.6,Rejected
CAND11856,REQ04375,Christopher,Holt,8.5,Hired
CAND11857,REQ13789,James,Johnston,5.5,Rejected
CAND11858,REQ05376,Cassandra,Stephens,17.4,Rejected
CAND11859,REQ09544,Gloria,Olson,5.4,Rejected
CAND11860,REQ22284,Anna,Mclaughlin,13.2,Rejected
CAND11861,REQ10192,John,Hudson,11.9,Interviewing
CAND11862,REQ08459,Joseph,Miller,1.6,Rejected
CAND11863,REQ06499,Shane,Estrada,5.6,Offer Extended
CAND11864,REQ20906,Ronald,Robertson,4.8,Rejected
CAND11865,REQ06999,Jason,Melendez,15.7,Rejected
CAND11866,REQ04764,Sarah,Torres,1.8,Hired
CAND11867,REQ03136,Ryan,Pierce,8.7,Rejected
CAND11868,REQ24434,Casey,Simpson,9.3,Rejected
CAND11869,REQ11342,David,Fry,12.6,Rejected
CAND11870,REQ12751,Kelly,Peterson,8.8,Rejected
CAND11871,REQ08082,Victor,Smith,11.9,Rejected
CAND11872,REQ19579,Joel,Thompson,6.6,Interviewing
CAND11873,REQ12467,Kevin,Perkins,3.7,Interviewing
CAND11874,REQ00269,Joan,Dunn,1.1,Rejected
CAND11875,REQ20694,Jeffrey,Smith,18.3,Hired
CAND11876,REQ20277,Priscilla,Stevens,5.4,Rejected
CAND11877,REQ17313,Brandon,Stewart,11.0,Rejected
CAND11878,REQ01141,Christopher,Jackson,2.3,Rejected
CAND11879,REQ20359,Robert,Smith,9.3,Rejected
CAND11880,REQ17810,Sue,Jones,17.9,Rejected
CAND11881,REQ23671,Corey,Mendez,15.8,Rejected
CAND11882,REQ03931,Alicia,Brennan,3.6,Rejected
CAND11883,REQ24669,Michael,Padilla,5.4,Rejected
CAND11884,REQ05012,Sydney,Harris,1.9,Interviewing
CAND11885,REQ08903,Gary,Quinn,5.1,Rejected
CAND11886,REQ23219,James,Lucas,13.2,Rejected
CAND11887,REQ23258,Beth,Williamson,6.0,Rejected
CAND11888,REQ10668,Amy,Campbell,5.8,Rejected
CAND11889,REQ19408,Penny,Terrell,18.0,Rejected
CAND11890,REQ13246,Pamela,Snow,10.7,Rejected
CAND11891,REQ04327,Jennifer,Adams,13.3,Rejected
CAND11892,REQ11398,Robert,Jones,6.3,Rejected
CAND11893,REQ15571,Kelsey,Massey,4.4,Rejected
CAND11894,REQ08826,Michael,Flores,16.3,Rejected
CAND11895,REQ19788,Shannon,Murray,16.5,Rejected
CAND11896,REQ03642,Diana,Williams,16.3,Hired
CAND11897,REQ02507,Amanda,Moyer,0.6,Rejected
CAND11898,REQ14620,Holly,Smith,7.2,Offer Extended
CAND11899,REQ09967,Kimberly,Johnson,19.1,Rejected
CAND11900,REQ14910,Alison,Hardy,17.4,Hired
CAND11901,REQ12570,Jason,Sosa,6.3,Interviewing
CAND11902,REQ04825,Jacqueline,Williams,3.8,Rejected
CAND11903,REQ06686,Donna,Cook,15.3,Hired
CAND11904,REQ18570,Clinton,Watson,14.4,Rejected
CAND11905,REQ20105,Tyler,Huang,2.1,Rejected
CAND11906,REQ23752,Tyler,Turner,14.4,Rejected
CAND11907,REQ09644,Jennifer,Johnson,20.0,Rejected
CAND11908,REQ22702,Christina,Miller,10.7,Rejected
CAND11909,REQ01531,Matthew,Mayer,3.0,Rejected
CAND11910,REQ18795,Lisa,Reyes,13.9,Rejected
CAND11911,REQ07236,Samuel,Preston,12.9,Rejected
CAND11912,REQ06908,Mark,Fuller,18.5,Rejected
CAND11913,REQ03342,Jonathan,Scott,12.6,Rejected
CAND11914,REQ10038,Amy,Hopkins,14.3,Rejected
CAND11915,REQ00397,Melissa,Flores,8.3,Rejected
CAND11916,REQ06621,Dwayne,Serrano,18.1,Rejected
CAND11917,REQ10405,Samuel,Lloyd,2.9,Offer Extended
CAND11918,REQ09388,Miguel,Combs,6.5,Rejected
CAND11919,REQ21076,Victor,Jackson,10.8,Rejected
CAND11920,REQ13687,Rachel,Berry,11.2,Rejected
CAND11921,REQ09926,David,White,10.0,Rejected
CAND11922,REQ10604,Jeffrey,Haynes,7.7,Rejected
CAND11923,REQ11294,Leroy,Cole,10.6,Rejected
CAND11924,REQ08010,Robert,Rosario,10.0,Rejected
CAND11925,REQ03493,Kurt,Gallagher,5.4,Rejected
CAND11926,REQ02970,Michelle,Thompson,1.7,Rejected
CAND11927,REQ23082,Monica,Fitzpatrick,6.8,Hired
CAND11928,REQ12105,Noah,Fields,9.6,Rejected
CAND11929,REQ19425,Carol,Jimenez,12.6,Interviewing
CAND11930,REQ22038,Erin,Austin,0.6,Rejected
CAND11931,REQ08812,Lisa,Brown,15.4,Hired
CAND11932,REQ09086,Carl,Burton,18.9,Rejected
CAND11933,REQ14254,Bruce,Bowen,12.3,Interviewing
CAND11934,REQ04455,Kelly,Hood,18.6,Interviewing
CAND11935,REQ07438,David,Brooks,16.3,Interviewing
CAND11936,REQ04215,Amanda,Mitchell,2.7,Rejected
CAND11937,REQ14426,Andrea,Sandoval,18.5,Interviewing
CAND11938,REQ03028,Micheal,Reed,1.0,Hired
CAND11939,REQ15212,Janet,Gonzalez,8.0,Hired
CAND11940,REQ08857,Bonnie,Mcdonald,11.2,Rejected
CAND11941,REQ16757,Sharon,Davis,18.8,Rejected
CAND11942,REQ24745,Kenneth,Johnson,6.3,Rejected
CAND11943,REQ11228,George,Sanchez,6.7,Rejected
CAND11944,REQ13553,Tracy,Harris,12.1,Rejected
CAND11945,REQ11098,Tara,Johnson,11.9,Rejected
CAND11946,REQ09018,Heidi,Torres,15.5,Rejected
CAND11947,REQ02343,Larry,Moore,4.6,Rejected
CAND11948,REQ10560,Kristi,Jackson,3.5,Rejected
CAND11949,REQ05986,Alan,Maldonado,8.2,Rejected
CAND11950,REQ07990,Lauren,Sanchez,7.7,Offer Extended
CAND11951,REQ24590,Dawn,Scott,9.5,Rejected
CAND11952,REQ01409,Stephanie,Dixon,14.9,Rejected
CAND11953,REQ00067,John,Moody,18.8,Rejected
CAND11954,REQ17241,Ian,Lam,2.0,Hired
CAND11955,REQ07808,Laura,Smith,14.9,Rejected
CAND11956,REQ06826,Russell,Dennis,2.6,Interviewing
CAND11957,REQ04563,Matthew,Doyle,18.1,Interviewing
CAND11958,REQ10666,Crystal,Walker,0.7,Rejected
CAND11959,REQ06187,Teresa,Sherman,17.7,Rejected
CAND11960,REQ23502,Jeffrey,Jones,2.2,Rejected
CAND11961,REQ10813,Brandon,Jackson,14.4,Rejected
CAND11962,REQ22779,Edward,Alvarado,8.4,Rejected
CAND11963,REQ05241,Cory,Garcia,8.0,Offer Extended
CAND11964,REQ14778,Kim,Hall,9.5,Rejected
CAND11965,REQ15894,Jennifer,Davis,17.0,Hired
CAND11966,REQ13406,Martin,Smith,8.4,Rejected
CAND11967,REQ17657,Ryan,Davis,4.2,Interviewing
CAND11968,REQ19800,Hannah,Johnson,7.6,Rejected
CAND11969,REQ01212,David,Newton,12.5,Rejected
CAND11970,REQ11087,Elizabeth,Garcia,3.6,Rejected
CAND11971,REQ01921,Debra,Pratt,16.8,Interviewing
CAND11972,REQ23740,Michael,White,13.4,Rejected
CAND11973,REQ05548,Timothy,Johnson,10.6,Rejected
CAND11974,REQ17983,Teresa,Wagner,6.8,Hired
CAND11975,REQ11295,Margaret,Johnson,1.6,Rejected
CAND11976,REQ09632,Lisa,Hall,11.1,Rejected
CAND11977,REQ23182,Nicole,Perkins,4.9,Rejected
CAND11978,REQ21517,Judith,Williams,19.3,Rejected
CAND11979,REQ18526,Andrea,Perez,3.1,Hired
CAND11980,REQ06197,Michelle,Parker,2.7,Rejected
CAND11981,REQ08346,Thomas,Watkins,16.8,Rejected
CAND11982,REQ22311,Robert,Green,6.5,Hired
CAND11983,REQ00303,Carrie,Norris,2.3,Rejected
CAND11984,REQ08573,Daisy,Charles,10.8,Rejected
CAND11985,REQ22393,Anthony,Schwartz,10.2,Rejected
CAND11986,REQ08694,Timothy,Shaw,5.8,Rejected
CAND11987,REQ23238,Samantha,Wilson,17.7,Rejected
CAND11988,REQ18228,Megan,Griffin,12.5,Rejected
CAND11989,REQ02161,Scott,Whitaker,15.9,Rejected
CAND11990,REQ19041,George,Mcdonald,18.7,Rejected
CAND11991,REQ01804,Jason,Reyes,16.9,Hired
CAND11992,REQ14198,Jimmy,Shaffer,6.3,Rejected
CAND11993,REQ07972,Kenneth,Pham,19.3,Rejected
CAND11994,REQ19110,Kimberly,Knapp,13.2,Hired
CAND11995,REQ11094,Steve,Taylor,3.8,Interviewing
CAND11996,REQ02828,Tara,Jackson,11.0,Rejected
CAND11997,REQ21834,Trevor,Jones,10.2,Rejected
CAND11998,REQ08964,Ashley,Marsh,5.0,Interviewing
CAND11999,REQ12993,David,Friedman,9.4,Hired
CAND12000,REQ12621,Adrian,Shaw,17.4,Rejected
CAND12001,REQ11047,Heather,Smith,5.3,Rejected
CAND12002,REQ16859,Claudia,Fowler,19.3,Rejected
CAND12003,REQ03684,Justin,Fischer,11.9,Rejected
CAND12004,REQ06650,Dominique,West,10.9,Interviewing
CAND12005,REQ13527,Leroy,Jimenez,12.3,Hired
CAND12006,REQ09466,Anna,Singh,6.3,Offer Extended
CAND12007,REQ11341,Michael,Fuller,17.1,Rejected
CAND12008,REQ05049,Samuel,Pena,10.0,Rejected
CAND12009,REQ14684,Michael,Flores,6.8,Rejected
CAND12010,REQ23289,Alice,Jacobs,11.5,Rejected
CAND12011,REQ17499,Amanda,Rubio,15.7,Rejected
CAND12012,REQ23823,Theresa,Brown,19.5,Interviewing
CAND12013,REQ15802,Andrew,Leach,4.0,Rejected
CAND12014,REQ04732,Alan,Flores,6.6,Rejected
CAND12015,REQ23432,Timothy,Heath,12.5,Rejected
CAND12016,REQ11336,Isaac,King,3.2,Rejected
CAND12017,REQ05669,Nicole,Flores,13.8,Rejected
CAND12018,REQ22915,Laura,Hart,14.5,Rejected
CAND12019,REQ14564,Mary,Williams,2.1,Rejected
CAND12020,REQ14173,Lori,Evans,10.5,Interviewing
CAND12021,REQ22381,Eric,Davis,7.2,Rejected
CAND12022,REQ19757,Dustin,Dawson,17.1,Interviewing
CAND12023,REQ18466,Kim,Sloan,18.8,Hired
CAND12024,REQ09492,Joel,Kelley,19.8,Rejected
CAND12025,REQ12843,Sarah,Lindsey,10.5,Rejected
CAND12026,REQ10188,Jessica,Martin,2.7,Rejected
CAND12027,REQ09125,Christopher,Howard,10.2,Rejected
CAND12028,REQ06732,Jennifer,Hines,0.3,Rejected
CAND12029,REQ23776,Autumn,Savage,9.0,Rejected
CAND12030,REQ13422,Susan,Hernandez,2.5,Rejected
CAND12031,REQ23545,Jeremy,Williams,10.8,Interviewing
CAND12032,REQ15802,Chelsea,Lang,13.1,Interviewing
CAND12033,REQ07618,Michael,Johnston,9.2,Hired
CAND12034,REQ23774,Allison,Arnold,3.4,Rejected
CAND12035,REQ18879,Lucas,Edwards,17.2,Hired
CAND12036,REQ00371,Martha,Bennett,5.4,Rejected
CAND12037,REQ15949,Robin,Jordan,1.0,Rejected
CAND12038,REQ07948,Annette,Watson,11.7,Rejected
CAND12039,REQ15496,Jamie,Taylor,0.3,Rejected
CAND12040,REQ12407,Jason,Morris,2.1,Rejected
CAND12041,REQ18598,Ashley,Dean,6.8,Rejected
CAND12042,REQ15130,Jackie,Harris,14.5,Rejected
CAND12043,REQ19757,Andrew,Pollard,9.9,Rejected
CAND12044,REQ22791,Anthony,Stephens,2.5,Hired
CAND12045,REQ02327,Robert,Schroeder,14.0,Rejected
CAND12046,REQ11111,Jonathan,Howard,2.1,Rejected
CAND12047,REQ06422,David,Campbell,4.6,Rejected
CAND12048,REQ08343,Eric,Hopkins,1.9,Rejected
CAND12049,REQ12597,Steven,Stanley,15.7,Rejected
CAND12050,REQ13269,Michael,Love,13.4,Rejected
CAND12051,REQ20447,Philip,Walker,8.8,Offer Extended
CAND12052,REQ02024,Evan,Knight,2.7,Rejected
CAND12053,REQ08730,Christopher,Smith,8.2,Rejected
CAND12054,REQ13592,Karen,Clarke,0.4,Rejected
CAND12055,REQ00550,Troy,Taylor,8.6,Interviewing
CAND12056,REQ03821,Jessica,Griffin,17.3,Rejected
CAND12057,REQ12061,Jeffrey,Green,15.8,Rejected
CAND12058,REQ06467,David,Carlson,17.5,Rejected
CAND12059,REQ17172,Eric,Evans,6.7,Rejected
CAND12060,REQ10414,Denise,Dickerson,18.8,Rejected
CAND12061,REQ05364,Bradley,Hardy,4.3,Rejected
CAND12062,REQ06215,Morgan,Wood,5.4,Rejected
CAND12063,REQ21268,Jason,Bradley,10.8,Rejected
CAND12064,REQ04954,Patrick,Wheeler,17.6,Rejected
CAND12065,REQ22954,Eric,Garcia,12.0,Hired
CAND12066,REQ09585,Michele,Harrison,18.4,Rejected
CAND12067,REQ09766,David,Massey,10.4,Rejected
CAND12068,REQ06984,Jeffrey,Davis,17.4,Rejected
CAND12069,REQ20665,Danny,Hall,16.0,Interviewing
CAND12070,REQ22862,Rachael,Fitzpatrick,14.0,Rejected
CAND12071,REQ11600,Craig,Griffin,8.3,Interviewing
CAND12072,REQ09925,Edward,Durham,15.4,Rejected
CAND12073,REQ17826,Theresa,Marsh,18.1,Hired
CAND12074,REQ21793,Casey,Jacobs,18.1,Rejected
CAND12075,REQ13774,Katherine,Sanders,3.6,Rejected
CAND12076,REQ16715,Willie,Romero,10.0,Interviewing
CAND12077,REQ23566,Thomas,Campbell,7.5,Rejected
CAND12078,REQ03725,Andrew,Holloway,5.4,Rejected
CAND12079,REQ02407,Rick,Perez,4.7,Rejected
CAND12080,REQ22404,Erin,Schroeder,13.8,Rejected
CAND12081,REQ14028,Elizabeth,Brandt,7.5,Rejected
CAND12082,REQ05510,Kristen,Bowman,3.6,Rejected
CAND12083,REQ13791,Allen,Hopkins,14.8,Rejected
CAND12084,REQ19371,Andre,Gallegos,1.0,Rejected
CAND12085,REQ10211,Cassandra,Perry,9.2,Rejected
CAND12086,REQ18484,Ashley,Montgomery,0.9,Rejected
CAND12087,REQ16779,Patricia,Williams,15.5,Rejected
CAND12088,REQ19485,Stacy,Parker,6.3,Rejected
CAND12089,REQ11758,Connie,Ramos,4.2,Rejected
CAND12090,REQ00918,Travis,Quinn,12.9,Rejected
CAND12091,REQ12194,Autumn,Adams,13.0,Interviewing
CAND12092,REQ19660,Nicholas,Turner,7.5,Rejected
CAND12093,REQ05584,Kristopher,Jones,11.4,Rejected
CAND12094,REQ13480,Jason,Buckley,19.9,Rejected
CAND12095,REQ22845,James,Taylor,8.3,Rejected
CAND12096,REQ24080,Brian,Salas,1.4,Rejected
CAND12097,REQ22898,Patrick,Thomas,3.5,Hired
CAND12098,REQ21967,Jacob,Kirk,11.8,Rejected
CAND12099,REQ09557,Maria,Anderson,19.1,Rejected
CAND12100,REQ23679,Stephanie,Gray,5.8,Offer Extended
CAND12101,REQ07372,Nicholas,Phillips,14.9,Rejected
CAND12102,REQ20592,Larry,Vance,11.4,Rejected
CAND12103,REQ19844,Daniel,Sims,18.1,Rejected
CAND12104,REQ08397,Michelle,Baker,2.5,Rejected
CAND12105,REQ03030,Keith,Brooks,11.6,Rejected
CAND12106,REQ19907,Christopher,Davis,5.6,Interviewing
CAND12107,REQ24154,Adrian,Richardson,18.3,Interviewing
CAND12108,REQ11648,Lindsay,Blackwell,3.8,Hired
CAND12109,REQ08657,Kelly,Ward,3.1,Interviewing
CAND12110,REQ23256,Robert,Vasquez,13.2,Rejected
CAND12111,REQ12899,Robert,Pena,12.2,Rejected
CAND12112,REQ15140,Melanie,Wilson,5.0,Interviewing
CAND12113,REQ23965,Kyle,Butler,16.3,Offer Extended
CAND12114,REQ10071,Tonya,Ruiz,7.6,Interviewing
CAND12115,REQ04525,Tammy,Morgan,9.4,Rejected
CAND12116,REQ13056,Doris,Perez,7.5,Rejected
CAND12117,REQ17519,Bryan,Hogan,15.4,Hired
CAND12118,REQ10937,Shelley,Mcguire,11.8,Interviewing
CAND12119,REQ14286,Caitlin,Johnson,6.1,Rejected
CAND12120,REQ24735,Michelle,Williams,13.2,Rejected
CAND12121,REQ17738,Tina,Murphy,9.4,Rejected
CAND12122,REQ14994,Patricia,Ramos,6.9,Interviewing
CAND12123,REQ08560,Lisa,Brewer,10.9,Rejected
CAND12124,REQ23809,Michelle,Sullivan,11.6,Rejected
CAND12125,REQ24110,Caroline,Brown,5.8,Rejected
CAND12126,REQ08340,Dwayne,Munoz,5.4,Rejected
CAND12127,REQ04306,Frank,Gilmore,4.9,Rejected
CAND12128,REQ19072,Lance,Bell,5.1,Hired
CAND12129,REQ10826,Tamara,Thompson,9.3,Rejected
CAND12130,REQ12989,Steven,Berger,9.4,Hired
CAND12131,REQ06132,Heather,Miller,12.1,Rejected
CAND12132,REQ19165,Joseph,Campbell,13.8,Rejected
CAND12133,REQ14806,Andrew,Rodriguez,18.8,Rejected
CAND12134,REQ04867,Nicholas,Boyle,4.6,Interviewing
CAND12135,REQ00236,Cynthia,Torres,6.4,Interviewing
CAND12136,REQ00932,Stephanie,Watson,19.1,Interviewing
CAND12137,REQ09642,Mark,Lowe,7.3,Rejected
CAND12138,REQ12852,Dennis,Mcgee,17.6,Hired
CAND12139,REQ14075,Amy,Beck,15.4,Rejected
CAND12140,REQ02580,Ray,Patton,18.4,Rejected
CAND12141,REQ22722,Jose,Miller,0.8,Rejected
CAND12142,REQ21501,Anthony,Jackson,15.3,Hired
CAND12143,REQ23520,Richard,Dixon,15.9,Rejected
CAND12144,REQ02170,Kelsey,Martinez,12.4,Rejected
CAND12145,REQ21774,Charles,Taylor,11.5,Rejected
CAND12146,REQ05882,Lacey,Wagner,4.3,Rejected
CAND12147,REQ20457,James,Murray,10.6,Rejected
CAND12148,REQ10008,Nancy,Klein,19.0,Rejected
CAND12149,REQ12978,Megan,Davis,8.3,Rejected
CAND12150,REQ16899,Jesse,Wilson,12.9,Rejected
CAND12151,REQ18855,Steven,Richardson,9.6,Rejected
CAND12152,REQ23105,Laurie,Campbell,1.4,Rejected
CAND12153,REQ02561,Michael,Garcia,3.0,Interviewing
CAND12154,REQ19756,Darlene,Strickland,0.2,Rejected
CAND12155,REQ21491,Andrea,Buchanan,13.5,Rejected
CAND12156,REQ14758,Kimberly,Castillo,9.6,Interviewing
CAND12157,REQ20207,Marcus,Price,9.5,Rejected
CAND12158,REQ21927,Jessica,Miller,12.6,Rejected
CAND12159,REQ15779,Michael,Kirk,10.4,Rejected
CAND12160,REQ16566,Roger,Watson,17.4,Interviewing
CAND12161,REQ15695,Cynthia,Richards,13.0,Hired
CAND12162,REQ02725,James,Everett,11.6,Rejected
CAND12163,REQ05279,Tanya,Andrews,3.3,Rejected
CAND12164,REQ07375,Antonio,Bradford,7.4,Rejected
CAND12165,REQ08933,Elizabeth,Gomez,17.0,Rejected
CAND12166,REQ15445,Marilyn,Clark,4.2,Rejected
CAND12167,REQ12947,Michael,Davis,7.1,Rejected
CAND12168,REQ17873,Christopher,Khan,4.0,Hired
CAND12169,REQ14658,Danny,Pittman,13.2,Rejected
CAND12170,REQ11876,David,Kaufman,11.7,Rejected
CAND12171,REQ00065,Todd,Hill,1.1,Rejected
CAND12172,REQ01763,Douglas,Tran,8.7,Rejected
CAND12173,REQ15538,Janet,Byrd,5.9,Rejected
CAND12174,REQ08506,Christine,Evans,15.7,Rejected
CAND12175,REQ23396,Noah,Maxwell,4.4,Hired
CAND12176,REQ01292,Kaylee,Sweeney,15.7,Interviewing
CAND12177,REQ15192,Ian,Wolfe,16.7,Hired
CAND12178,REQ12439,James,Rose,12.4,Rejected
CAND12179,REQ14401,Nicole,Knox,5.5,Hired
CAND12180,REQ24655,Kevin,White,10.7,Rejected
CAND12181,REQ18515,Julie,Ross,3.3,Rejected
CAND12182,REQ22937,Alyssa,Willis,4.7,Offer Extended
CAND12183,REQ11260,Brian,Luna,19.4,Interviewing
CAND12184,REQ04885,Adam,Hernandez,0.1,Rejected
CAND12185,REQ20369,James,Brown,12.0,Rejected
CAND12186,REQ05557,Brenda,Barry,18.7,Rejected
CAND12187,REQ15011,Kenneth,Stewart,11.6,Hired
CAND12188,REQ21911,Cody,Flowers,10.5,Interviewing
CAND12189,REQ15942,Stephanie,Green,16.1,Rejected
CAND12190,REQ17626,Paul,Harper,7.8,Interviewing
CAND12191,REQ24974,Thomas,Martinez,9.0,Rejected
CAND12192,REQ02707,Francisco,Nelson,13.8,Offer Extended
CAND12193,REQ18529,Carl,Woods,16.5,Interviewing
CAND12194,REQ07163,Kristina,Jones,10.1,Hired
CAND12195,REQ08347,Mary,Arnold,15.2,Rejected
CAND12196,REQ00536,Stacey,Steele,8.0,Interviewing
CAND12197,REQ05410,Jamie,Ryan,18.8,Interviewing
CAND12198,REQ11324,Felicia,Diaz,12.8,Rejected
CAND12199,REQ03620,Brian,Martin,15.7,Interviewing
CAND12200,REQ02906,Elizabeth,Cruz,14.7,Offer Extended
CAND12201,REQ15250,Jessica,Oconnor,19.3,Interviewing
CAND12202,REQ14552,Ruth,Kaufman,10.9,Rejected
CAND12203,REQ07704,Charles,Aguirre,5.9,Rejected
CAND12204,REQ10990,Stephanie,Simmons,9.9,Hired
CAND12205,REQ02386,Michele,Boyd,16.1,Rejected
CAND12206,REQ12858,Sarah,Clark,3.2,Rejected
CAND12207,REQ12721,Andrew,Daniel,15.8,Rejected
CAND12208,REQ21519,Timothy,Decker,1.9,Rejected
CAND12209,REQ02119,Kevin,Vargas,17.5,Rejected
CAND12210,REQ18190,Lisa,Patterson,14.7,Rejected
CAND12211,REQ04176,Duane,Mathis,7.6,Offer Extended
CAND12212,REQ11590,Amanda,Murray,0.0,Rejected
CAND12213,REQ09320,Michael,Montes,7.9,Rejected
CAND12214,REQ11066,Mitchell,Graves,15.0,Rejected
CAND12215,REQ05537,Robert,White,2.0,Rejected
CAND12216,REQ10921,Sabrina,Romero,7.2,Rejected
CAND12217,REQ09023,Allison,Scott,7.7,Rejected
CAND12218,REQ17508,Kyle,Spears,4.5,Rejected
CAND12219,REQ08547,Parker,Sutton,2.0,Hired
CAND12220,REQ22091,Kenneth,Stephens,5.8,Rejected
CAND12221,REQ17494,Denise,Dunn,16.4,Hired
CAND12222,REQ11044,Michael,Evans,13.2,Hired
CAND12223,REQ20255,Maureen,Gregory,9.8,Rejected
CAND12224,REQ13038,Grace,Anderson,14.6,Rejected
CAND12225,REQ22030,Austin,Nichols,14.9,Rejected
CAND12226,REQ23683,Alicia,Harper,12.9,Rejected
CAND12227,REQ07230,Angela,Lawson,6.4,Rejected
CAND12228,REQ12993,Deborah,Barnett,5.2,Rejected
CAND12229,REQ13916,Amanda,Reyes,2.2,Interviewing
CAND12230,REQ19711,Robert,Beck,5.1,Rejected
CAND12231,REQ05651,Danielle,Miller,2.8,Rejected
CAND12232,REQ24802,Gregory,Garza,16.0,Rejected
CAND12233,REQ07875,Katherine,James,7.6,Rejected
CAND12234,REQ19394,Raymond,Wright,4.4,Rejected
CAND12235,REQ08598,Kimberly,Wilson,7.2,Rejected
CAND12236,REQ04039,Michael,Jones,19.8,Rejected
CAND12237,REQ06867,Kari,Green,16.7,Interviewing
CAND12238,REQ15770,Madison,Acosta,2.9,Rejected
CAND12239,REQ14167,Anne,Thomas,1.3,Interviewing
CAND12240,REQ08035,Laura,Parker,3.3,Interviewing
CAND12241,REQ01973,John,Calhoun,4.6,Interviewing
CAND12242,REQ19460,Shirley,Hall,10.4,Hired
CAND12243,REQ02076,Christopher,Collins,16.3,Interviewing
CAND12244,REQ01961,Jose,Green,4.8,Interviewing
CAND12245,REQ21151,Juan,Bolton,1.3,Rejected
CAND12246,REQ23126,Rickey,Welch,12.0,Rejected
CAND12247,REQ17142,Mitchell,Wheeler,11.3,Rejected
CAND12248,REQ03574,Samantha,Morales,16.8,Interviewing
CAND12249,REQ19106,Brandon,Byrd,19.0,Rejected
CAND12250,REQ17527,Emma,Bennett,19.9,Rejected
CAND12251,REQ01562,Erika,Contreras,15.9,Rejected
CAND12252,REQ08926,Zachary,Leon,9.2,Rejected
CAND12253,REQ18188,Barbara,House,19.0,Rejected
CAND12254,REQ05208,Christopher,Stewart,19.5,Rejected
CAND12255,REQ17732,Haley,Macdonald,17.5,Rejected
CAND12256,REQ12983,David,Roberson,11.8,Rejected
CAND12257,REQ20280,Luke,Potter,16.2,Hired
CAND12258,REQ07146,Lindsey,Kelley,5.4,Rejected
CAND12259,REQ05125,Brenda,Moreno,7.5,Rejected
CAND12260,REQ13563,Mark,Nixon,0.5,Rejected
CAND12261,REQ21550,Edward,Boone,14.4,Rejected
CAND12262,REQ05608,Angie,Roth,11.3,Rejected
CAND12263,REQ07990,Whitney,Rocha,9.2,Rejected
CAND12264,REQ23129,Brandi,Estrada,2.0,Rejected
CAND12265,REQ10108,Robert,Holmes,7.3,Rejected
CAND12266,REQ00929,Kelly,Green,9.8,Hired
CAND12267,REQ20688,Joshua,Richardson,17.4,Interviewing
CAND12268,REQ15861,Derek,Edwards,18.4,Offer Extended
CAND12269,REQ03206,Robert,Steele,7.9,Rejected
CAND12270,REQ19895,Juan,Jennings,4.0,Rejected
CAND12271,REQ22133,Steven,Watkins,12.8,Offer Extended
CAND12272,REQ24823,Steven,Lynch,5.6,Rejected
CAND12273,REQ01046,Holly,Weber,16.8,Rejected
CAND12274,REQ23765,Deborah,Robinson,5.1,Interviewing
CAND12275,REQ23342,Patty,Bishop,14.4,Rejected
CAND12276,REQ02264,Elizabeth,Cole,5.3,Rejected
CAND12277,REQ18176,Christopher,Miller,9.0,Rejected
CAND12278,REQ15033,Walter,Pierce,14.3,Interviewing
CAND12279,REQ04833,Debbie,Gonzales,1.8,Hired
CAND12280,REQ06847,Tina,Flores,18.1,Rejected
CAND12281,REQ01435,Yvette,Chavez,7.7,Hired
CAND12282,REQ06272,Connor,Bailey,5.6,Hired
CAND12283,REQ04457,Bonnie,Alexander,17.5,Interviewing
CAND12284,REQ07337,Jennifer,Davis,4.7,Rejected
CAND12285,REQ11245,Sandra,Johnson,9.7,Rejected
CAND12286,REQ23698,Tammy,Mcgee,6.9,Rejected
CAND12287,REQ01803,Chase,Austin,2.1,Rejected
CAND12288,REQ19651,Caroline,Pacheco,12.9,Hired
CAND12289,REQ06177,Jessica,Sosa,7.1,Rejected
CAND12290,REQ05931,Phillip,Yu,14.2,Rejected
CAND12291,REQ07847,Kayla,Booker,6.2,Rejected
CAND12292,REQ15942,David,Glover,0.7,Offer Extended
CAND12293,REQ20616,Emily,Vega,8.5,Rejected
CAND12294,REQ02406,James,Mcbride,15.8,Rejected
CAND12295,REQ07665,Michael,Duncan,12.5,Interviewing
CAND12296,REQ11787,Kristine,Brown,9.1,Rejected
CAND12297,REQ08020,Sylvia,Morris,11.3,Rejected
CAND12298,REQ11192,Daniel,Riggs,0.0,Rejected
CAND12299,REQ16111,Theodore,Pruitt,18.2,Interviewing
CAND12300,REQ10481,Ruth,Johnson,10.5,Rejected
CAND12301,REQ09300,Lisa,Johnson,9.1,Rejected
CAND12302,REQ11583,Emily,Stephens,8.3,Interviewing
CAND12303,REQ06244,Brandon,Gutierrez,5.7,Rejected
CAND12304,REQ10755,Connie,Abbott,1.9,Hired
CAND12305,REQ02920,Laura,Simpson,3.9,Hired
CAND12306,REQ08213,Timothy,Robertson,2.8,Interviewing
CAND12307,REQ04554,Jeffrey,Allen,11.3,Rejected
CAND12308,REQ03902,Matthew,Brown,14.1,Rejected
CAND12309,REQ13531,Timothy,Martin,4.5,Offer Extended
CAND12310,REQ15593,Jason,Gilbert,8.3,Rejected
CAND12311,REQ22763,Justin,Jones,3.6,Rejected
CAND12312,REQ20015,Terrence,Friedman,9.2,Rejected
CAND12313,REQ06001,Brandon,Blankenship,16.5,Rejected
CAND12314,REQ16367,Shelia,Jones,0.6,Interviewing
CAND12315,REQ19608,Michelle,Pratt,10.2,Rejected
CAND12316,REQ01976,Emily,Mcdaniel,3.9,Rejected
CAND12317,REQ03793,Whitney,Williams,6.3,Rejected
CAND12318,REQ18318,Kayla,Fox,5.8,Rejected
CAND12319,REQ11426,Rebecca,Bennett,1.2,Interviewing
CAND12320,REQ16089,Autumn,Turner,5.3,Interviewing
CAND12321,REQ16221,Corey,Hamilton,10.9,Rejected
CAND12322,REQ14801,Stephanie,Frank,2.6,Rejected
CAND12323,REQ22736,Jacob,Gross,1.2,Rejected
CAND12324,REQ20324,Jacob,Jennings,12.7,Rejected
CAND12325,REQ20248,Jose,Jimenez,18.5,Rejected
CAND12326,REQ11638,Shane,Foster,7.5,Rejected
CAND12327,REQ07948,Amanda,Mueller,19.8,Rejected
CAND12328,REQ17529,Bonnie,Grant,11.6,Hired
CAND12329,REQ11531,Paula,West,7.3,Interviewing
CAND12330,REQ07761,William,Harrison,13.6,Rejected
CAND12331,REQ22327,Denise,Mcknight,6.0,Rejected
CAND12332,REQ00743,Michael,Stone,4.4,Rejected
CAND12333,REQ05006,Spencer,Rojas,6.3,Rejected
CAND12334,REQ16652,Ashley,Johnson,1.1,Hired
CAND12335,REQ09628,Amy,Donovan,17.6,Rejected
CAND12336,REQ10130,Mark,Petty,18.4,Hired
CAND12337,REQ23236,Zachary,Collier,4.7,Rejected
CAND12338,REQ16019,Breanna,Rodriguez,3.1,Rejected
CAND12339,REQ07430,Bethany,Farrell,15.6,Offer Extended
CAND12340,REQ00037,Christine,Miles,10.7,Rejected
CAND12341,REQ16467,Scott,Howard,4.9,Rejected
CAND12342,REQ21088,Philip,Thomas,0.9,Hired
CAND12343,REQ02185,Angelica,Barrett,2.8,Rejected
CAND12344,REQ12067,Brittany,Price,18.4,Rejected
CAND12345,REQ16275,Pamela,Mercer,17.4,Rejected
CAND12346,REQ12994,Glenn,Torres,16.8,Offer Extended
CAND12347,REQ08702,Amanda,Mack,16.8,Rejected
CAND12348,REQ18992,Joshua,Stevens,11.8,Rejected
CAND12349,REQ01752,Robert,Smith,19.8,Rejected
CAND12350,REQ21054,Robert,Berry,9.9,Rejected
CAND12351,REQ03099,Aaron,Grant,6.2,Rejected
CAND12352,REQ04314,Erik,Franklin,9.2,Rejected
CAND12353,REQ17381,Scott,Marsh,4.6,Rejected
CAND12354,REQ06546,William,Brooks,17.4,Hired
CAND12355,REQ06425,Bethany,Shelton,18.8,Rejected
CAND12356,REQ19162,Jamie,Benson,10.3,Hired
CAND12357,REQ06072,Joshua,Elliott,4.6,Offer Extended
CAND12358,REQ08423,Maria,Stewart,15.0,Rejected
CAND12359,REQ19148,Jocelyn,Ferguson,15.8,Hired
CAND12360,REQ08198,Theresa,Green,2.5,Offer Extended
CAND12361,REQ05194,Ricardo,Carter,18.9,Rejected
CAND12362,REQ01864,Michael,Martin,19.3,Rejected
CAND12363,REQ17091,Larry,Fuentes,4.6,Offer Extended
CAND12364,REQ14298,Tiffany,Andrews,17.2,Hired
CAND12365,REQ14229,Chelsey,White,7.0,Rejected
CAND12366,REQ23641,Raymond,Thornton,20.0,Rejected
CAND12367,REQ13111,Laura,Moore,19.7,Rejected
CAND12368,REQ03782,Sarah,Gallegos,2.3,Rejected
CAND12369,REQ13333,Ashley,Stewart,2.0,Rejected
CAND12370,REQ06032,Stephanie,Hatfield,19.0,Rejected
CAND12371,REQ02289,Rebekah,George,7.0,Interviewing
CAND12372,REQ18733,Meredith,Price,9.8,Rejected
CAND12373,REQ23488,Nicolas,Thomas,17.3,Rejected
CAND12374,REQ10931,Lance,Sellers,18.6,Interviewing
CAND12375,REQ10224,Briana,King,8.4,Interviewing
CAND12376,REQ10426,Jacqueline,Gomez,12.4,Rejected
CAND12377,REQ06487,Diana,Herring,5.0,Rejected
CAND12378,REQ17886,Valerie,Obrien,16.8,Rejected
CAND12379,REQ14769,Kaitlin,Fisher,4.4,Interviewing
CAND12380,REQ00974,Susan,Love,14.0,Rejected
CAND12381,REQ06768,Jacob,Dennis,18.8,Interviewing
CAND12382,REQ00089,James,Lam,8.2,Offer Extended
CAND12383,REQ02787,Joseph,Jones,12.2,Rejected
CAND12384,REQ20236,Jonathan,Whitehead,14.3,Interviewing
CAND12385,REQ03400,Larry,Solis,11.2,Interviewing
CAND12386,REQ13015,Ashley,Calderon,0.6,Interviewing
CAND12387,REQ15926,Michael,Johnson,6.3,Hired
CAND12388,REQ11773,Justin,Hill,8.2,Interviewing
CAND12389,REQ14639,Maria,Stein,2.7,Rejected
CAND12390,REQ00751,Adam,Rowe,11.4,Hired
CAND12391,REQ12049,Jeffrey,Flynn,15.2,Hired
CAND12392,REQ04549,George,Peterson,16.8,Hired
CAND12393,REQ06399,Alexandra,Adkins,7.4,Rejected
CAND12394,REQ23075,Charles,Perez,16.0,Rejected
CAND12395,REQ06378,Zachary,Brown,7.0,Rejected
CAND12396,REQ14867,Summer,Stafford,18.7,Rejected
CAND12397,REQ10473,Christine,Jones,17.3,Rejected
CAND12398,REQ00293,Darlene,Ross,8.5,Rejected
CAND12399,REQ01278,Jonathan,Shaw,14.1,Rejected
CAND12400,REQ12081,Nathaniel,Craig,9.4,Rejected
CAND12401,REQ06453,Kristin,Boone,7.7,Rejected
CAND12402,REQ14364,Robert,Wilson,10.6,Interviewing
CAND12403,REQ11651,David,Villegas,2.6,Hired
CAND12404,REQ21366,Donna,Ramirez,10.1,Rejected
CAND12405,REQ21922,Claudia,Thompson,3.8,Rejected
CAND12406,REQ18901,Ruben,Lucas,17.7,Rejected
CAND12407,REQ19798,Daniel,Walker,16.9,Rejected
CAND12408,REQ21886,Amy,Ruiz,7.8,Rejected
CAND12409,REQ12891,Jonathan,Franklin,17.0,Hired
CAND12410,REQ18341,William,Pugh,3.2,Interviewing
CAND12411,REQ14305,Maria,Smith,1.8,Hired
CAND12412,REQ13958,Emily,Nixon,12.7,Rejected
CAND12413,REQ10011,Keith,Meza,15.5,Rejected
CAND12414,REQ06097,Brian,Barrett,19.7,Rejected
CAND12415,REQ15439,Samuel,Morrow,0.9,Rejected
CAND12416,REQ16151,Lisa,Acevedo,13.9,Rejected
CAND12417,REQ11386,Stephanie,Smith,0.6,Rejected
CAND12418,REQ21028,Christy,Sanders,0.5,Hired
CAND12419,REQ19460,Jennifer,Mckinney,2.6,Rejected
CAND12420,REQ19031,Joshua,Anderson,17.4,Rejected
CAND12421,REQ08722,Angela,Gomez,4.1,Hired
CAND12422,REQ23064,Rose,Webb,13.8,Hired
CAND12423,REQ18729,Carla,Sanford,5.8,Rejected
CAND12424,REQ00507,Adam,Ray,17.3,Hired
CAND12425,REQ24539,Jennifer,Pena,3.2,Rejected
CAND12426,REQ17500,Joshua,Carpenter,5.2,Rejected
CAND12427,REQ15059,Stacie,Dickerson,15.0,Rejected
CAND12428,REQ15241,Janet,Price,13.0,Rejected
CAND12429,REQ19942,Joshua,Thomas,11.2,Interviewing
CAND12430,REQ02798,Karen,Zimmerman,12.5,Offer Extended
CAND12431,REQ09599,Joseph,Spears,17.7,Rejected
CAND12432,REQ00092,Elizabeth,Moore,13.2,Rejected
CAND12433,REQ02657,David,Holmes,1.6,Rejected
CAND12434,REQ08545,Jonathon,Owens,11.6,Rejected
CAND12435,REQ04283,Rachel,Johnson,10.1,Rejected
CAND12436,REQ06510,Judy,Mercado,6.6,Rejected
CAND12437,REQ03787,Gwendolyn,Werner,7.8,Hired
CAND12438,REQ19987,Colleen,Reynolds,16.0,Interviewing
CAND12439,REQ21980,Latasha,Pace,6.4,Rejected
CAND12440,REQ05162,Felicia,Jones,15.5,Interviewing
CAND12441,REQ09964,Melissa,Mercer,2.5,Hired
CAND12442,REQ06296,Rebecca,Thomas,11.0,Rejected
CAND12443,REQ16479,Derek,Kline,15.6,Rejected
CAND12444,REQ00620,Connie,Johnson,10.8,Rejected
CAND12445,REQ11326,Robert,Evans,6.7,Rejected
CAND12446,REQ02599,Elizabeth,Stevens,16.2,Rejected
CAND12447,REQ06696,William,Cabrera,12.9,Hired
CAND12448,REQ17517,Kyle,Smith,10.2,Rejected
CAND12449,REQ05956,Brianna,Malone,1.5,Rejected
CAND12450,REQ11822,Heather,Harris,5.1,Rejected
CAND12451,REQ12375,Robert,Delgado,10.0,Interviewing
CAND12452,REQ19036,Michelle,Miller,3.3,Rejected
CAND12453,REQ12663,Rachael,Nichols,14.9,Hired
CAND12454,REQ19009,Amanda,Anderson,14.1,Interviewing
CAND12455,REQ09764,Kristen,Riley,14.4,Offer Extended
CAND12456,REQ09521,Frederick,Rodriguez,17.9,Offer Extended
CAND12457,REQ02123,Nancy,Bass,18.7,Rejected
CAND12458,REQ22813,Erin,Jones,1.5,Rejected
CAND12459,REQ21512,Frank,Morris,1.9,Rejected
CAND12460,REQ08145,Shelley,Howard,18.1,Interviewing
CAND12461,REQ01541,Corey,Barnes,19.4,Interviewing
CAND12462,REQ16487,Ashley,Roberson,17.6,Rejected
CAND12463,REQ02978,Carl,Hickman,19.5,Rejected
CAND12464,REQ09970,Virginia,Williamson,7.9,Rejected
CAND12465,REQ21559,David,Ellison,12.4,Rejected
CAND12466,REQ00277,Pamela,Arnold,18.9,Rejected
CAND12467,REQ01021,Donald,Adams,13.7,Interviewing
CAND12468,REQ11040,Elizabeth,Wilkins,12.7,Interviewing
CAND12469,REQ23445,Sara,Wilson,10.1,Rejected
CAND12470,REQ13909,James,Davis,13.5,Rejected
CAND12471,REQ12218,Mandy,Lopez,5.6,Hired
CAND12472,REQ18005,Denise,Garcia,17.4,Rejected
CAND12473,REQ23241,Kimberly,Benson,2.4,Hired
CAND12474,REQ19041,Christopher,Ross,14.6,Rejected
CAND12475,REQ07239,Nicole,Long,6.7,Rejected
CAND12476,REQ18613,Troy,Aguirre,0.6,Interviewing
CAND12477,REQ02997,Karen,Gilbert,11.4,Rejected
CAND12478,REQ10111,David,Garrett,16.6,Rejected
CAND12479,REQ14198,Corey,Rodriguez,16.3,Rejected
CAND12480,REQ06090,Alfred,Salazar,0.6,Rejected
CAND12481,REQ07717,Steven,Cooke,14.6,Rejected
CAND12482,REQ09746,Brenda,Mccullough,15.0,Rejected
CAND12483,REQ14306,John,Clark,16.7,Rejected
CAND12484,REQ03209,Danny,Edwards,19.1,Rejected
CAND12485,REQ02467,Ryan,Collins,5.5,Rejected
CAND12486,REQ10639,Michael,Blevins,4.9,Hired
CAND12487,REQ23743,Kenneth,Smith,10.0,Interviewing
CAND12488,REQ04070,Tracy,Keller,10.4,Rejected
CAND12489,REQ05036,Samantha,Reed,19.3,Rejected
CAND12490,REQ14374,Ricky,Sloan,6.0,Rejected
CAND12491,REQ18378,Holly,Carter,1.2,Offer Extended
CAND12492,REQ16026,Lisa,Torres,19.4,Rejected
CAND12493,REQ09935,Susan,Garrett,6.3,Interviewing
CAND12494,REQ11047,Alyssa,Moreno,13.3,Rejected
CAND12495,REQ04288,Mary,Terry,2.5,Interviewing
CAND12496,REQ09878,Brianna,Hughes,2.9,Rejected
CAND12497,REQ12070,Charlotte,Lane,19.5,Rejected
CAND12498,REQ03903,Shelley,Ballard,11.5,Rejected
CAND12499,REQ00218,Karen,Gregory,5.5,Rejected
CAND12500,REQ22437,Jeremy,Gillespie,5.5,Offer Extended
CAND12501,REQ18233,Austin,Acosta,5.2,Rejected
CAND12502,REQ17602,Joshua,Sweeney,15.0,Rejected
CAND12503,REQ23168,Scott,Howard,14.5,Rejected
CAND12504,REQ09288,Melissa,Deleon,3.5,Rejected
CAND12505,REQ04056,Tristan,Reeves,2.5,Hired
CAND12506,REQ09170,Derek,Lawrence,15.1,Hired
CAND12507,REQ03491,Patrick,Anthony,9.9,Rejected
CAND12508,REQ09577,Andrea,Johnson,14.2,Rejected
CAND12509,REQ16749,Jacqueline,Hall,12.3,Rejected
CAND12510,REQ02848,Jesse,Myers,1.4,Rejected
CAND12511,REQ07747,Sherry,Paul,11.0,Rejected
CAND12512,REQ13031,Julia,Jones,7.4,Rejected
CAND12513,REQ24939,Charles,Quinn,5.2,Rejected
CAND12514,REQ01398,Jennifer,Jones,8.4,Rejected
CAND12515,REQ21245,Kristen,Moore,16.8,Hired
CAND12516,REQ13434,Blake,Chen,10.9,Interviewing
CAND12517,REQ01741,James,Allen,8.6,Rejected
CAND12518,REQ04800,Tammy,Sanders,11.4,Hired
CAND12519,REQ22742,Laura,Anderson,18.7,Offer Extended
CAND12520,REQ11125,Alexandria,Kane,6.1,Rejected
CAND12521,REQ09725,Alexandra,Freeman,0.5,Interviewing
CAND12522,REQ20922,Michael,Vang,12.7,Rejected
CAND12523,REQ23415,Michael,Evans,19.7,Rejected
CAND12524,REQ19871,Edward,Johnson,12.3,Rejected
CAND12525,REQ24618,Rebecca,Chase,12.4,Rejected
CAND12526,REQ16183,Nichole,Davis,10.6,Interviewing
CAND12527,REQ15803,Melissa,Fernandez,18.7,Rejected
CAND12528,REQ18885,Robert,Roy,3.3,Rejected
CAND12529,REQ07048,Robert,Ortega,6.2,Rejected
CAND12530,REQ08916,Sherry,Massey,15.9,Rejected
CAND12531,REQ03997,Neil,Alexander,9.4,Rejected
CAND12532,REQ19619,Katelyn,Miller,12.9,Offer Extended
CAND12533,REQ04688,Candice,Matthews,14.8,Interviewing
CAND12534,REQ21033,Joshua,Adams,19.1,Rejected
CAND12535,REQ06789,Anthony,Sloan,6.6,Hired
CAND12536,REQ07422,Jessica,Townsend,17.9,Rejected
CAND12537,REQ23654,Amy,Moore,4.6,Rejected
CAND12538,REQ22930,Pamela,Castillo,14.1,Interviewing
CAND12539,REQ11642,Sylvia,Diaz,17.5,Rejected
CAND12540,REQ11629,Charles,Thompson,17.0,Rejected
CAND12541,REQ24684,Kelly,Martin,5.8,Rejected
CAND12542,REQ23046,Phillip,Hodges,2.9,Rejected
CAND12543,REQ05837,Krista,Rowe,10.1,Rejected
CAND12544,REQ02013,Kyle,Pineda,17.8,Rejected
CAND12545,REQ20904,Andre,Garcia,18.9,Interviewing
CAND12546,REQ12797,Veronica,Johnson,5.9,Interviewing
CAND12547,REQ17224,Kenneth,Brewer,10.1,Rejected
CAND12548,REQ10157,Kimberly,Graham,7.6,Rejected
CAND12549,REQ10613,William,Pineda,7.1,Rejected
CAND12550,REQ15583,Erika,Myers,13.8,Rejected
CAND12551,REQ01905,Michael,Guerra,12.4,Rejected
CAND12552,REQ13642,John,Patterson,9.5,Rejected
CAND12553,REQ21367,Joanna,Martin,18.4,Rejected
CAND12554,REQ24573,Evan,Thomas,10.3,Rejected
CAND12555,REQ16886,Allison,Hurley,16.1,Rejected
CAND12556,REQ06022,Benjamin,Hogan,17.2,Rejected
CAND12557,REQ10095,Lisa,Smith,11.3,Rejected
CAND12558,REQ24503,Veronica,Kirk,8.9,Rejected
CAND12559,REQ09640,Christian,Briggs,16.4,Rejected
CAND12560,REQ17659,Richard,House,14.9,Rejected
CAND12561,REQ23371,Charles,Perez,10.9,Rejected
CAND12562,REQ16743,Kathleen,Fischer,13.9,Rejected
CAND12563,REQ19485,Rachel,Foster,18.0,Interviewing
CAND12564,REQ10714,Luis,Curtis,3.2,Interviewing
CAND12565,REQ00437,Ricky,Harris,16.0,Rejected
CAND12566,REQ08630,Stephen,Campbell,4.5,Rejected
CAND12567,REQ10224,Renee,Wong,0.4,Rejected
CAND12568,REQ02816,Kelly,Porter,3.2,Hired
CAND12569,REQ03817,Omar,Campbell,19.5,Interviewing
CAND12570,REQ05039,Beth,Morrison,2.6,Hired
CAND12571,REQ23815,Barbara,Hernandez,12.4,Interviewing
CAND12572,REQ06716,Kimberly,Byrd,15.4,Rejected
CAND12573,REQ06736,Sydney,Dorsey,15.1,Rejected
CAND12574,REQ16849,Justin,Mcdaniel,5.2,Interviewing
CAND12575,REQ15477,Ryan,Carlson,6.3,Rejected
CAND12576,REQ10956,Tina,Sloan,1.1,Rejected
CAND12577,REQ06553,Kaitlyn,Williams,18.9,Rejected
CAND12578,REQ21073,Joseph,Berry,8.8,Rejected
CAND12579,REQ23155,Joshua,Mendoza,14.3,Rejected
CAND12580,REQ11797,Morgan,Oliver,10.1,Rejected
CAND12581,REQ16978,Dustin,Calhoun,9.6,Rejected
CAND12582,REQ06942,Cassandra,Coleman,3.4,Rejected
CAND12583,REQ05808,Ann,Walker,5.0,Interviewing
CAND12584,REQ24048,Jennifer,Stewart,8.9,Rejected
CAND12585,REQ06226,Sarah,Lee,8.3,Rejected
CAND12586,REQ04228,Debra,Carrillo,5.4,Rejected
CAND12587,REQ03553,Angela,Keith,10.6,Rejected
CAND12588,REQ14449,Megan,Blake,11.4,Rejected
CAND12589,REQ05941,Erin,Gonzalez,19.7,Rejected
CAND12590,REQ24915,Jake,Morris,15.2,Rejected
CAND12591,REQ14901,Chad,Li,15.3,Rejected
CAND12592,REQ23135,Robin,Hansen,18.5,Rejected
CAND12593,REQ06221,Donald,King,4.2,Rejected
CAND12594,REQ07460,Tonya,Williams,16.0,Rejected
CAND12595,REQ15204,Kyle,Holder,1.9,Interviewing
CAND12596,REQ07915,William,Morgan,16.4,Rejected
CAND12597,REQ13353,Peter,Carter,13.8,Interviewing
CAND12598,REQ12057,Mary,Hernandez,9.0,Rejected
CAND12599,REQ21564,Jake,Rodriguez,9.2,Rejected
CAND12600,REQ10585,Dalton,Rice,5.9,Interviewing
CAND12601,REQ15360,Anthony,Johnson,10.5,Rejected
CAND12602,REQ11385,Maureen,Brown,8.6,Hired
CAND12603,REQ14757,Stacy,Ross,9.7,Rejected
CAND12604,REQ03866,Timothy,Johnson,18.1,Rejected
CAND12605,REQ12230,Andrew,Roberts,10.7,Rejected
CAND12606,REQ03368,Bruce,Sims,2.4,Rejected
CAND12607,REQ10748,Robin,Travis,14.8,Rejected
CAND12608,REQ21528,Joseph,Green,0.0,Offer Extended
CAND12609,REQ15241,Margaret,Thornton,10.1,Interviewing
CAND12610,REQ14178,Melissa,Young,13.0,Rejected
CAND12611,REQ20787,Randall,Hoffman,13.3,Interviewing
CAND12612,REQ11544,Samantha,Taylor,2.8,Rejected
CAND12613,REQ10417,Melissa,Coleman,16.7,Hired
CAND12614,REQ14427,Samuel,Jones,7.0,Offer Extended
CAND12615,REQ06359,Erin,Williams,19.7,Rejected
CAND12616,REQ21566,Kevin,Brown,15.0,Rejected
CAND12617,REQ14415,Paul,Powell,3.2,Rejected
CAND12618,REQ09194,Ryan,Jones,6.9,Rejected
CAND12619,REQ18873,Brittney,Oneal,5.4,Rejected
CAND12620,REQ00142,Charles,Gardner,0.1,Interviewing
CAND12621,REQ03079,Joshua,Norris,15.9,Rejected
CAND12622,REQ22961,Heidi,Anderson,18.7,Rejected
CAND12623,REQ00006,Pamela,Hardy,17.9,Rejected
CAND12624,REQ04027,Clayton,Cooper,10.3,Rejected
CAND12625,REQ05826,Joy,Davis,15.1,Rejected
CAND12626,REQ19211,John,Barton,4.5,Rejected
CAND12627,REQ10076,Joy,Lawson,12.8,Interviewing
CAND12628,REQ18375,Andrew,Snow,12.1,Rejected
CAND12629,REQ17005,Brad,Hall,13.5,Rejected
CAND12630,REQ02303,Douglas,Douglas,6.1,Offer Extended
CAND12631,REQ15893,Jacob,Fitzpatrick,16.3,Rejected
CAND12632,REQ02719,Dorothy,Rivera,0.1,Rejected
CAND12633,REQ15756,Jennifer,Thomas,13.6,Rejected
CAND12634,REQ17706,Angela,Mccarthy,3.6,Rejected
CAND12635,REQ08613,Donna,Williams,0.6,Rejected
CAND12636,REQ09094,Carolyn,Bruce,12.0,Rejected
CAND12637,REQ10948,Arthur,Whitaker,8.2,Offer Extended
CAND12638,REQ21109,Walter,Donovan,3.9,Rejected
CAND12639,REQ02997,Kathryn,Beard,1.9,Rejected
CAND12640,REQ21949,Luis,Johnson,12.7,Offer Extended
CAND12641,REQ00164,Emily,Orr,13.6,Rejected
CAND12642,REQ01195,Chelsea,Collins,12.2,Rejected
CAND12643,REQ16817,Linda,Gamble,8.6,Rejected
CAND12644,REQ23451,Daniel,Thompson,2.6,Rejected
CAND12645,REQ09391,Charles,Molina,17.6,Interviewing
CAND12646,REQ24789,Alan,Reid,3.9,Interviewing
CAND12647,REQ20159,Colleen,Watts,3.9,Rejected
CAND12648,REQ16318,Laura,Gonzales,9.5,Rejected
CAND12649,REQ13928,Cynthia,Diaz,19.2,Rejected
CAND12650,REQ24420,William,Coleman,15.6,Rejected
CAND12651,REQ14253,Cassandra,Hopkins,10.1,Rejected
CAND12652,REQ12445,Brandon,Ward,18.0,Rejected
CAND12653,REQ05149,Vanessa,Boyd,15.7,Rejected
CAND12654,REQ01726,Thomas,Lynch,10.6,Rejected
CAND12655,REQ12082,Brandon,Garcia,14.6,Rejected
CAND12656,REQ12968,Tracy,Russell,10.3,Rejected
CAND12657,REQ19678,Jesus,Gray,15.6,Rejected
CAND12658,REQ24475,Gregory,Williams,1.2,Rejected
CAND12659,REQ06083,Melissa,Lopez,19.6,Rejected
CAND12660,REQ06692,Erica,Gonzalez,13.5,Rejected
CAND12661,REQ10429,Carlos,Wiley,1.7,Rejected
CAND12662,REQ05997,Janet,Torres,5.3,Rejected
CAND12663,REQ14401,Matthew,Gallagher,4.0,Rejected
CAND12664,REQ14540,Brian,Jones,9.5,Rejected
CAND12665,REQ17112,Stephanie,Fisher,16.2,Interviewing
CAND12666,REQ09261,Nathan,Scott,10.4,Rejected
CAND12667,REQ20206,Christopher,Miller,1.7,Rejected
CAND12668,REQ05700,Jennifer,Hayden,17.7,Rejected
CAND12669,REQ09488,Erika,Harris,8.6,Rejected
CAND12670,REQ12268,Michael,Morrison,13.3,Rejected
CAND12671,REQ22470,Courtney,Burnett,7.0,Rejected
CAND12672,REQ03085,Meredith,Hammond,2.5,Rejected
CAND12673,REQ07694,Christopher,Nelson,3.3,Interviewing
CAND12674,REQ15568,Marie,Ward,2.1,Rejected
CAND12675,REQ06241,Kayla,Mccormick,14.8,Offer Extended
CAND12676,REQ02795,Brittany,Key,8.9,Rejected
CAND12677,REQ21736,Amanda,Jackson,4.1,Rejected
CAND12678,REQ20873,Scott,Graham,17.5,Rejected
CAND12679,REQ05359,Miranda,Richardson,11.2,Rejected
CAND12680,REQ12512,James,Cunningham,18.1,Rejected
CAND12681,REQ11270,Jonathan,Wilson,3.3,Rejected
CAND12682,REQ11673,David,Campbell,15.9,Interviewing
CAND12683,REQ01102,Adrienne,Lee,9.2,Rejected
CAND12684,REQ16267,Austin,Williamson,4.3,Rejected
CAND12685,REQ09314,Troy,Hutchinson,18.9,Rejected
CAND12686,REQ03549,Mariah,Whitehead,19.7,Rejected
CAND12687,REQ01215,Sandra,Johnson,13.7,Rejected
CAND12688,REQ05866,Alice,Pierce,11.8,Rejected
CAND12689,REQ19545,Wanda,Hunter,12.3,Interviewing
CAND12690,REQ05366,Jennifer,Cooper,15.5,Rejected
CAND12691,REQ17658,Jeremy,Wright,3.1,Rejected
CAND12692,REQ05691,Jessica,Garcia,4.6,Rejected
CAND12693,REQ16829,Yolanda,Briggs,1.6,Interviewing
CAND12694,REQ17362,Paul,Ruiz,16.2,Rejected
CAND12695,REQ08736,Jeffrey,Reed,10.6,Rejected
CAND12696,REQ07841,April,Walker,18.9,Rejected
CAND12697,REQ16264,Jeff,Marks,12.3,Rejected
CAND12698,REQ05212,Christopher,Young,16.9,Rejected
CAND12699,REQ07950,Jonathan,Knight,13.8,Rejected
CAND12700,REQ14637,Ronald,Mason,10.1,Rejected
CAND12701,REQ01744,Kimberly,Johnston,7.4,Rejected
CAND12702,REQ24279,Crystal,Vasquez,4.3,Rejected
CAND12703,REQ01075,Gloria,Hunter,15.7,Offer Extended
CAND12704,REQ02739,Susan,Young,7.1,Rejected
CAND12705,REQ10578,Corey,Summers,8.8,Offer Extended
CAND12706,REQ03043,Tammy,Francis,2.3,Rejected
CAND12707,REQ10787,John,Hernandez,19.7,Interviewing
CAND12708,REQ02807,Linda,Nguyen,1.4,Rejected
CAND12709,REQ09527,Benjamin,White,11.9,Rejected
CAND12710,REQ01268,Laura,Daniel,9.0,Rejected
CAND12711,REQ23222,Jaime,Hebert,12.6,Rejected
CAND12712,REQ16314,Joseph,Perez,7.9,Rejected
CAND12713,REQ03332,Gilbert,James,4.8,Rejected
CAND12714,REQ15956,Aaron,Edwards,1.2,Rejected
CAND12715,REQ13178,Jill,Young,19.8,Rejected
CAND12716,REQ03339,Amy,Roberson,9.0,Rejected
CAND12717,REQ10397,Nicole,Smith,15.2,Rejected
CAND12718,REQ14573,Barry,Navarro,7.1,Rejected
CAND12719,REQ21540,Charles,Cook,16.6,Hired
CAND12720,REQ16979,Chad,Rodriguez,15.1,Rejected
CAND12721,REQ23208,Kendra,Ware,15.4,Rejected
CAND12722,REQ11849,Ryan,Ali,6.2,Rejected
CAND12723,REQ10311,Benjamin,Fitzpatrick,1.3,Interviewing
CAND12724,REQ19553,Elizabeth,Martin,0.5,Rejected
CAND12725,REQ02660,Michael,Brown,5.8,Interviewing
CAND12726,REQ11650,James,Cox,3.1,Hired
CAND12727,REQ17779,Andrea,Romero,11.7,Rejected
CAND12728,REQ23564,Mark,Flowers,10.0,Rejected
CAND12729,REQ12015,Linda,Short,19.2,Rejected
CAND12730,REQ05401,Charles,Crosby,3.1,Rejected
CAND12731,REQ24394,Leslie,Jackson,7.5,Rejected
CAND12732,REQ20102,John,Pena,10.6,Rejected
CAND12733,REQ08879,Dana,Willis,16.0,Interviewing
CAND12734,REQ17405,Elizabeth,Parker,17.2,Interviewing
CAND12735,REQ19324,Misty,Reese,3.4,Offer Extended
CAND12736,REQ18066,Barbara,Miller,14.5,Rejected
CAND12737,REQ09323,Glen,Spence,4.4,Rejected
CAND12738,REQ21408,Benjamin,Edwards,19.6,Rejected
CAND12739,REQ00691,Melissa,Hardy,13.2,Rejected
CAND12740,REQ11791,Megan,Mitchell,1.0,Rejected
CAND12741,REQ14901,Carly,Clark,10.1,Rejected
CAND12742,REQ05521,Joseph,Anthony,0.7,Rejected
CAND12743,REQ05998,Jodi,Elliott,12.1,Rejected
CAND12744,REQ23895,David,Gould,19.0,Rejected
CAND12745,REQ21418,Julie,Reese,5.0,Rejected
CAND12746,REQ09823,Paula,Evans,17.1,Rejected
CAND12747,REQ18799,Sharon,Wells,11.4,Rejected
CAND12748,REQ12695,Robert,Cox,3.7,Rejected
CAND12749,REQ06051,Jennifer,Moore,3.4,Rejected
CAND12750,REQ16811,Danny,Gonzales,16.7,Hired
CAND12751,REQ18909,Luis,Dawson,19.7,Rejected
CAND12752,REQ03731,Mitchell,Wade,16.1,Interviewing
CAND12753,REQ03404,Anthony,Chapman,10.9,Rejected
CAND12754,REQ23035,Eric,Taylor,15.5,Rejected
CAND12755,REQ22562,Brian,Burton,17.1,Rejected
CAND12756,REQ13430,Amanda,Lam,17.8,Interviewing
CAND12757,REQ23164,Heather,Brown,17.2,Rejected
CAND12758,REQ21992,Michael,Fields,2.0,Rejected
CAND12759,REQ24374,Joseph,Maxwell,12.4,Rejected
CAND12760,REQ07161,Emily,Wright,3.2,Interviewing
CAND12761,REQ14361,Christopher,Jackson,18.0,Rejected
CAND12762,REQ24168,Shannon,Mullins,2.5,Interviewing
CAND12763,REQ01944,Lauren,Leblanc,0.6,Offer Extended
CAND12764,REQ19213,Brett,Barker,18.5,Rejected
CAND12765,REQ19833,Kurt,Burch,5.6,Hired
CAND12766,REQ09779,Robert,Brown,18.9,Rejected
CAND12767,REQ19205,William,Mann,17.3,Rejected
CAND12768,REQ01253,Christopher,Dean,11.6,Rejected
CAND12769,REQ23744,Charles,Contreras,3.3,Rejected
CAND12770,REQ05452,Isabella,Mills,0.6,Interviewing
CAND12771,REQ09008,Angelica,Warren,10.7,Interviewing
CAND12772,REQ21261,Haley,Long,5.5,Interviewing
CAND12773,REQ03543,Melanie,Brewer,20.0,Interviewing
CAND12774,REQ11290,Benjamin,Howard,0.9,Interviewing
CAND12775,REQ00507,Jeffrey,Barnes,2.9,Rejected
CAND12776,REQ04021,Thomas,Pittman,12.1,Interviewing
CAND12777,REQ22096,Sarah,Carson,3.6,Rejected
CAND12778,REQ13169,Carlos,Boyd,15.9,Offer Extended
CAND12779,REQ07089,John,Lewis,15.8,Offer Extended
CAND12780,REQ03239,Crystal,Becker,13.5,Rejected
CAND12781,REQ08054,Susan,White,11.8,Rejected
CAND12782,REQ04322,Aaron,Mccann,20.0,Rejected
CAND12783,REQ13627,Adam,Horton,16.5,Rejected
CAND12784,REQ22474,Eric,Thomas,12.6,Rejected
CAND12785,REQ16885,Brenda,Burch,0.7,Hired
CAND12786,REQ06875,Seth,Coleman,4.7,Rejected
CAND12787,REQ02071,Chad,Tyler,15.6,Rejected
CAND12788,REQ21941,Ryan,White,2.3,Rejected
CAND12789,REQ15428,Kenneth,Thomas,11.8,Interviewing
CAND12790,REQ17952,Daniel,Nelson,12.8,Rejected
CAND12791,REQ09364,Hayden,Patel,19.3,Rejected
CAND12792,REQ23901,Russell,Foley,16.0,Rejected
CAND12793,REQ13348,Jill,Shannon,12.5,Rejected
CAND12794,REQ14216,Matthew,Glover,16.5,Hired
CAND12795,REQ10977,Christopher,Stephenson,13.4,Rejected
CAND12796,REQ12823,Jennifer,Stein,5.0,Offer Extended
CAND12797,REQ06376,Amanda,Green,11.7,Rejected
CAND12798,REQ06713,Christina,Collins,8.0,Rejected
CAND12799,REQ13588,Jonathan,Smith,7.6,Rejected
CAND12800,REQ19667,Heather,Williams,6.3,Rejected
CAND12801,REQ01624,Alex,Durham,17.1,Rejected
CAND12802,REQ07397,Cheryl,Wyatt,9.8,Interviewing
CAND12803,REQ18950,Melinda,Zamora,8.3,Rejected
CAND12804,REQ24143,Tiffany,Rowe,16.9,Rejected
CAND12805,REQ09551,Shannon,Acosta,19.9,Offer Extended
CAND12806,REQ01024,Linda,Oneal,9.1,Interviewing
CAND12807,REQ13572,Michelle,Silva,7.6,Rejected
CAND12808,REQ18509,Theresa,Mendez,0.7,Interviewing
CAND12809,REQ06838,Scott,Carpenter,13.4,Hired
CAND12810,REQ03634,Taylor,Rivera,4.6,Interviewing
CAND12811,REQ24133,Jeffrey,Jones,17.6,Rejected
CAND12812,REQ20288,Mason,Leach,15.6,Rejected
CAND12813,REQ11168,Sarah,Brown,11.6,Hired
CAND12814,REQ20007,Matthew,Gonzales,12.5,Rejected
CAND12815,REQ13096,Lisa,Washington,5.1,Interviewing
CAND12816,REQ04563,Tyler,Powers,14.1,Rejected
CAND12817,REQ19152,Brandon,Williams,11.5,Hired
CAND12818,REQ15931,Lori,Moore,8.0,Hired
CAND12819,REQ24805,Brian,West,1.6,Interviewing
CAND12820,REQ02423,Brandon,Wiggins,0.6,Rejected
CAND12821,REQ14153,Jill,Parks,4.8,Interviewing
CAND12822,REQ24056,Austin,Wu,11.4,Rejected
CAND12823,REQ08824,Sarah,Berry,12.1,Interviewing
CAND12824,REQ20767,Denise,Robinson,18.7,Rejected
CAND12825,REQ23157,Troy,Lee,8.2,Hired
CAND12826,REQ14364,Linda,Palmer,15.4,Rejected
CAND12827,REQ07320,Kevin,Nichols,5.2,Rejected
CAND12828,REQ21053,Kent,Mcmahon,14.3,Interviewing
CAND12829,REQ22065,Rachel,Hopkins,9.9,Rejected
CAND12830,REQ10646,Mark,Wiley,13.4,Rejected
CAND12831,REQ24327,Donna,Stout,18.8,Rejected
CAND12832,REQ20002,Andrea,Davila,1.6,Rejected
CAND12833,REQ10578,Autumn,Curtis,2.9,Hired
CAND12834,REQ03500,Jennifer,Brown,7.8,Offer Extended
CAND12835,REQ18138,Lisa,Shaw,2.3,Rejected
CAND12836,REQ14894,Tammy,Waters,14.7,Rejected
CAND12837,REQ24434,Lauren,Allen,12.1,Rejected
CAND12838,REQ08170,Tonya,Harding,12.3,Rejected
CAND12839,REQ09233,Jennifer,Herrera,6.8,Rejected
CAND12840,REQ15421,Christy,Harris,1.4,Rejected
CAND12841,REQ20093,Eric,Morris,3.5,Interviewing
CAND12842,REQ01522,Sheri,Randolph,5.0,Interviewing
CAND12843,REQ12913,Cody,Adkins,17.1,Rejected
CAND12844,REQ10705,John,Anderson,1.9,Offer Extended
CAND12845,REQ17672,Kathryn,Bailey,13.2,Offer Extended
CAND12846,REQ18398,Rick,Barrett,4.5,Rejected
CAND12847,REQ03988,Tracy,Fernandez,15.3,Hired
CAND12848,REQ11256,Lisa,Schmidt,19.2,Rejected
CAND12849,REQ12993,Philip,Gardner,14.6,Interviewing
CAND12850,REQ22494,Margaret,Smith,3.0,Hired
CAND12851,REQ16602,William,Baker,9.3,Rejected
CAND12852,REQ14819,Zachary,Davis,17.3,Hired
CAND12853,REQ15778,Jeremy,Mcdonald,13.8,Rejected
CAND12854,REQ02683,Selena,Martinez,10.6,Rejected
CAND12855,REQ03001,Crystal,Edwards,8.1,Rejected
CAND12856,REQ05337,Charles,Davis,7.1,Rejected
CAND12857,REQ14070,Kathleen,Rodriguez,10.2,Rejected
CAND12858,REQ24966,Patricia,Lee,18.8,Hired
CAND12859,REQ22699,Christopher,Gallegos,12.8,Rejected
CAND12860,REQ17038,Maureen,Stephens,2.4,Rejected
CAND12861,REQ00094,Emily,Baker,13.4,Rejected
CAND12862,REQ10967,Michael,Shaw,14.4,Rejected
CAND12863,REQ19808,Michelle,Robinson,8.1,Rejected
CAND12864,REQ03842,Joseph,Aguirre,5.4,Rejected
CAND12865,REQ21245,Lynn,Wilson,15.9,Rejected
CAND12866,REQ06372,Jeffrey,Walker,15.2,Rejected
CAND12867,REQ11302,Douglas,Shaw,16.3,Hired
CAND12868,REQ12905,Andrea,Church,4.5,Rejected
CAND12869,REQ19118,Ronald,Coleman,3.4,Rejected
CAND12870,REQ05979,Melanie,Goodman,12.3,Rejected
CAND12871,REQ17691,Rebecca,Rodriguez,19.5,Rejected
CAND12872,REQ24129,Jenna,Allen,6.9,Rejected
CAND12873,REQ00475,Anthony,Brown,6.2,Rejected
CAND12874,REQ10113,Samantha,Roberts,0.6,Interviewing
CAND12875,REQ11732,Ashley,Ross,13.6,Rejected
CAND12876,REQ09912,Mark,Wright,11.3,Rejected
CAND12877,REQ19821,Timothy,Bates,16.6,Interviewing
CAND12878,REQ23773,Erica,Williams,13.8,Interviewing
CAND12879,REQ23120,Charles,Hoover,9.8,Rejected
CAND12880,REQ19829,Derrick,Preston,0.1,Hired
CAND12881,REQ14136,Tara,Payne,6.9,Rejected
CAND12882,REQ20278,Reginald,Meyer,11.4,Hired
CAND12883,REQ00802,Jean,Savage,6.8,Offer Extended
CAND12884,REQ11831,Lisa,Moore,14.4,Rejected
CAND12885,REQ15076,Amanda,Singleton,17.6,Rejected
CAND12886,REQ23125,Andrew,Griffin,0.6,Rejected
CAND12887,REQ04618,Patrick,Hardin,9.2,Rejected
CAND12888,REQ12064,Katherine,Mcdonald,14.4,Rejected
CAND12889,REQ02176,Ricky,Stanley,16.6,Interviewing
CAND12890,REQ19084,Jessica,Hines,10.3,Rejected
CAND12891,REQ17945,Brooke,Jones,15.9,Rejected
CAND12892,REQ13252,Erin,Zimmerman,16.1,Rejected
CAND12893,REQ21055,Julie,Le,7.4,Rejected
CAND12894,REQ07593,Christina,Singh,18.2,Rejected
CAND12895,REQ00916,Jessica,Contreras,9.6,Hired
CAND12896,REQ17908,Michael,Baker,14.0,Rejected
CAND12897,REQ09919,Jason,Grimes,15.7,Hired
CAND12898,REQ24496,Melanie,Thomas,19.8,Interviewing
CAND12899,REQ23755,Jennifer,Ali,18.9,Rejected
CAND12900,REQ17369,Joshua,Williams,11.4,Interviewing
CAND12901,REQ12510,Kristin,Frost,5.9,Interviewing
CAND12902,REQ19956,Brad,Barnett,4.7,Rejected
CAND12903,REQ07911,Kelly,Bates,4.6,Rejected
CAND12904,REQ05540,Kimberly,Adams,5.1,Rejected
CAND12905,REQ18959,Ryan,Johnson,4.8,Rejected
CAND12906,REQ02302,Cheryl,Austin,16.7,Hired
CAND12907,REQ02927,Monique,Mccall,2.0,Interviewing
CAND12908,REQ05108,Natasha,Robles,1.8,Rejected
CAND12909,REQ09736,Ryan,Johnson,15.3,Interviewing
CAND12910,REQ23645,Edward,Buck,2.4,Rejected
CAND12911,REQ08841,Teresa,Davis,11.6,Rejected
CAND12912,REQ04997,Tiffany,Smith,6.1,Rejected
CAND12913,REQ16197,Nicole,Edwards,6.8,Rejected
CAND12914,REQ14499,Craig,Doyle,19.7,Rejected
CAND12915,REQ12771,Charles,Johnson,19.5,Interviewing
CAND12916,REQ18885,Rebecca,Rojas,7.9,Rejected
CAND12917,REQ09773,Joseph,Hill,13.4,Rejected
CAND12918,REQ06466,Leah,Rangel,3.0,Hired
CAND12919,REQ11095,Thomas,Terrell,3.6,Offer Extended
CAND12920,REQ18104,Kimberly,Moore,0.3,Hired
CAND12921,REQ01376,Johnathan,King,1.1,Rejected
CAND12922,REQ03067,Joanne,Wilson,5.6,Rejected
CAND12923,REQ08981,Matthew,Bowers,16.5,Rejected
CAND12924,REQ23238,Ross,Stewart,0.2,Rejected
CAND12925,REQ04633,Jennifer,Merritt,18.0,Hired
CAND12926,REQ07749,Margaret,Mejia,9.1,Hired
CAND12927,REQ23877,Rebecca,Wyatt,9.3,Rejected
CAND12928,REQ03102,Ryan,Russo,4.2,Offer Extended
CAND12929,REQ00054,Lisa,Hall,5.5,Rejected
CAND12930,REQ03539,Kenneth,Parker,16.4,Rejected
CAND12931,REQ09822,Carla,Horn,17.9,Rejected
CAND12932,REQ03661,William,Dennis,16.7,Rejected
CAND12933,REQ06096,James,Johnson,17.0,Rejected
CAND12934,REQ01270,Maria,Burnett,12.4,Rejected
CAND12935,REQ21401,Christopher,Brown,2.1,Rejected
CAND12936,REQ00813,Jeffrey,Kim,7.0,Interviewing
CAND12937,REQ24022,Joshua,Roberts,0.1,Interviewing
CAND12938,REQ02313,Andrew,Douglas,13.5,Rejected
CAND12939,REQ00891,Jessica,Watson,15.3,Rejected
CAND12940,REQ24153,Marcia,Reyes,20.0,Rejected
CAND12941,REQ22754,Stephanie,Smith,11.0,Rejected
CAND12942,REQ14190,Amber,Smith,19.2,Rejected
CAND12943,REQ01889,Erica,Mcintyre,9.3,Rejected
CAND12944,REQ17433,Dennis,Lynn,11.2,Offer Extended
CAND12945,REQ02439,David,Villarreal,17.4,Rejected
CAND12946,REQ23813,Steven,Watkins,13.3,Rejected
CAND12947,REQ10148,Chris,Rogers,18.6,Hired
CAND12948,REQ21265,Leonard,Best,1.2,Rejected
CAND12949,REQ24376,Joseph,Page,16.5,Rejected
CAND12950,REQ10841,Tyler,Lane,6.2,Rejected
CAND12951,REQ08579,Debra,Smith,3.8,Rejected
CAND12952,REQ23192,Jason,Graham,7.5,Rejected
CAND12953,REQ24462,Robert,Richardson,10.2,Rejected
CAND12954,REQ21798,Jeffrey,Martinez,4.9,Hired
CAND12955,REQ11759,Dustin,Cole,0.9,Rejected
CAND12956,REQ19723,Carrie,Saunders,12.0,Hired
CAND12957,REQ24183,Barbara,King,19.8,Interviewing
CAND12958,REQ01397,Kelly,Kim,8.9,Rejected
CAND12959,REQ08723,Sheila,Ashley,13.6,Rejected
CAND12960,REQ13872,Sarah,Turner,2.1,Rejected
CAND12961,REQ15467,Melissa,Martinez,10.4,Hired
CAND12962,REQ24857,Sydney,Hunt,10.5,Rejected
CAND12963,REQ15566,Craig,Williams,17.9,Interviewing
CAND12964,REQ19859,Dillon,Gordon,15.9,Interviewing
CAND12965,REQ19283,John,Foster,4.1,Interviewing
CAND12966,REQ11359,Edgar,Munoz,15.1,Hired
CAND12967,REQ03025,Emily,Vasquez,19.1,Rejected
CAND12968,REQ09640,Kendra,Lee,8.7,Rejected
CAND12969,REQ13520,Mark,Webster,11.7,Rejected
CAND12970,REQ23266,Alexander,Hall,10.2,Offer Extended
CAND12971,REQ05161,Michele,Grant,7.3,Interviewing
CAND12972,REQ03933,Patrick,Smith,15.3,Rejected
CAND12973,REQ04109,Matthew,Myers,3.8,Rejected
CAND12974,REQ23808,Juan,Serrano,16.2,Rejected
CAND12975,REQ03885,Vanessa,Foster,13.5,Rejected
CAND12976,REQ09230,Tina,Vasquez,14.3,Rejected
CAND12977,REQ10309,Kevin,Barker,15.3,Offer Extended
CAND12978,REQ13460,Christopher,Johnson,6.2,Rejected
CAND12979,REQ20036,Cheryl,Foster,2.9,Rejected
CAND12980,REQ24399,Shelley,Higgins,19.5,Rejected
CAND12981,REQ17172,Emily,Pugh,0.9,Hired
CAND12982,REQ11098,Sierra,Smith,11.5,Interviewing
CAND12983,REQ06959,Nathan,Williams,13.9,Hired
CAND12984,REQ09116,Amanda,Jones,11.6,Interviewing
CAND12985,REQ17731,Beth,Porter,15.2,Rejected
CAND12986,REQ16127,Jenna,Moore,0.3,Rejected
CAND12987,REQ10931,Joseph,Lewis,11.8,Hired
CAND12988,REQ12075,Joseph,Miles,11.8,Rejected
CAND12989,REQ03291,Duane,Harrington,2.8,Rejected
CAND12990,REQ17248,Aaron,Fisher,8.5,Rejected
CAND12991,REQ04750,Wanda,Manning,3.0,Interviewing
CAND12992,REQ17512,Lawrence,Ferguson,19.4,Rejected
CAND12993,REQ05389,Gabriela,Reed,11.0,Rejected
CAND12994,REQ08584,Matthew,Carroll,12.6,Rejected
CAND12995,REQ13295,Jeremiah,Ferguson,13.7,Rejected
CAND12996,REQ13828,Paul,Ashley,19.8,Hired
CAND12997,REQ04177,Michael,Torres,12.5,Rejected
CAND12998,REQ01268,Allison,Bean,16.5,Rejected
CAND12999,REQ02832,Rachel,Shah,14.2,Rejected
CAND13000,REQ19209,Thomas,Cooper,13.8,Rejected
CAND13001,REQ05137,Jennifer,Morales,11.2,Offer Extended
CAND13002,REQ09177,Whitney,Sanchez,13.8,Interviewing
CAND13003,REQ05242,Danielle,Farmer,1.4,Rejected
CAND13004,REQ24551,Cassandra,Robinson,12.5,Rejected
CAND13005,REQ16810,Colleen,Mckenzie,5.0,Rejected
CAND13006,REQ12697,Hannah,Gray,8.6,Rejected
CAND13007,REQ21671,Patricia,Torres,15.7,Interviewing
CAND13008,REQ24088,Stephanie,Brown,19.5,Rejected
CAND13009,REQ12009,Matthew,Ford,2.0,Rejected
CAND13010,REQ07365,Stacey,Warren,2.7,Interviewing
CAND13011,REQ12344,Victor,Hall,7.4,Rejected
CAND13012,REQ02555,Loretta,Taylor,13.5,Rejected
CAND13013,REQ21900,Dean,Martin,13.6,Rejected
CAND13014,REQ24002,Nicole,Brown,3.9,Interviewing
CAND13015,REQ14647,Deborah,Carter,9.0,Hired
CAND13016,REQ22441,Kelly,Serrano,14.0,Rejected
CAND13017,REQ02823,Ryan,Reid,1.3,Rejected
CAND13018,REQ08616,Sarah,Christensen,12.7,Rejected
CAND13019,REQ07263,Lisa,Cruz,16.5,Rejected
CAND13020,REQ18927,Tracy,Donovan,2.7,Rejected
CAND13021,REQ05193,Jessica,Gilmore,12.0,Rejected
CAND13022,REQ09511,Laurie,Patterson,13.7,Rejected
CAND13023,REQ06868,Terrence,Cortez,8.4,Hired
CAND13024,REQ19468,Elizabeth,Santos,18.4,Rejected
CAND13025,REQ20329,Pamela,Adams,11.9,Rejected
CAND13026,REQ16744,Brian,Houston,15.0,Rejected
CAND13027,REQ07624,Michael,Diaz,16.9,Rejected
CAND13028,REQ19936,Anthony,Levy,3.5,Hired
CAND13029,REQ11242,Sharon,Estrada,15.5,Rejected
CAND13030,REQ06705,Karen,Travis,16.8,Rejected
CAND13031,REQ14359,Kimberly,Wolf,16.3,Rejected
CAND13032,REQ16133,Cory,Arroyo,14.7,Rejected
CAND13033,REQ14200,Harry,Figueroa,3.4,Rejected
CAND13034,REQ04969,Elizabeth,Sullivan,8.7,Interviewing
CAND13035,REQ09977,Amanda,Reed,12.3,Rejected
CAND13036,REQ06355,Cassandra,Hinton,6.7,Rejected
CAND13037,REQ06864,Nathaniel,Smith,3.3,Rejected
CAND13038,REQ08851,Jeffrey,Singleton,1.4,Rejected
CAND13039,REQ09547,Debra,Elliott,15.1,Rejected
CAND13040,REQ16438,Michelle,Jefferson,14.3,Rejected
CAND13041,REQ12745,Shawn,Barker,6.4,Hired
CAND13042,REQ19338,John,Warren,8.6,Rejected
CAND13043,REQ13082,Ronald,Vega,3.1,Rejected
CAND13044,REQ22844,Larry,Serrano,18.6,Rejected
CAND13045,REQ11061,Curtis,Pena,18.1,Hired
CAND13046,REQ00119,William,Baker,2.8,Rejected
CAND13047,REQ05423,Melissa,Reynolds,3.5,Rejected
CAND13048,REQ08469,Monica,Walton,9.9,Rejected
CAND13049,REQ18803,Bethany,Hubbard,1.9,Rejected
CAND13050,REQ23545,April,Jensen,19.9,Interviewing
CAND13051,REQ20672,Sarah,Ingram,9.7,Rejected
CAND13052,REQ22591,Renee,Burns,2.6,Hired
CAND13053,REQ01872,William,Miller,12.5,Offer Extended
CAND13054,REQ01459,Robert,Mooney,12.2,Rejected
CAND13055,REQ12899,Logan,Gonzales,15.2,Hired
CAND13056,REQ03482,Eric,Andrews,15.2,Rejected
CAND13057,REQ12631,Michael,Reynolds,0.8,Rejected
CAND13058,REQ23954,Jessica,Fuller,15.0,Rejected
CAND13059,REQ03027,Ashley,Burns,19.5,Offer Extended
CAND13060,REQ01015,Rhonda,Simmons,18.8,Rejected
CAND13061,REQ03853,Sherry,Roberts,17.0,Rejected
CAND13062,REQ05888,Edward,Schroeder,1.2,Rejected
CAND13063,REQ08843,Nicholas,West,17.4,Offer Extended
CAND13064,REQ24633,Darrell,Hall,17.0,Rejected
CAND13065,REQ06232,Zachary,Dunn,14.2,Hired
CAND13066,REQ15319,Lee,Lowe,12.3,Interviewing
CAND13067,REQ03832,Ronald,Edwards,7.7,Interviewing
CAND13068,REQ06850,Michael,Acosta,11.4,Rejected
CAND13069,REQ24172,Roberto,Ferguson,14.0,Rejected
CAND13070,REQ14950,Kimberly,House,12.2,Rejected
CAND13071,REQ01543,Yesenia,Tanner,1.0,Rejected
CAND13072,REQ16335,Gabriella,Fletcher,19.7,Interviewing
CAND13073,REQ04508,Veronica,Parrish,6.8,Offer Extended
CAND13074,REQ23804,Michael,Johnson,12.8,Rejected
CAND13075,REQ21985,Bryan,Christensen,17.8,Rejected
CAND13076,REQ02612,Lisa,Casey,18.1,Rejected
CAND13077,REQ20018,Krystal,Melendez,15.4,Rejected
CAND13078,REQ01385,Danny,Brown,2.7,Rejected
CAND13079,REQ06036,Donald,Horton,17.8,Rejected
CAND13080,REQ04637,Lynn,Hays,16.6,Offer Extended
CAND13081,REQ16230,Kevin,Thompson,10.8,Rejected
CAND13082,REQ09434,Amanda,Santos,7.9,Rejected
CAND13083,REQ15738,Cassidy,Holmes,8.5,Rejected
CAND13084,REQ03615,Peter,Daniels,7.2,Rejected
CAND13085,REQ04550,Dana,Hayden,5.7,Interviewing
CAND13086,REQ02160,Emma,Lopez,10.9,Interviewing
CAND13087,REQ09875,Jeremiah,Montgomery,12.4,Hired
CAND13088,REQ02344,Scott,Trujillo,13.1,Rejected
CAND13089,REQ10205,Andrew,Williams,1.0,Interviewing
CAND13090,REQ08214,Robin,Martinez,3.7,Interviewing
CAND13091,REQ15440,Robert,Perry,17.6,Rejected
CAND13092,REQ17849,Bryan,Martin,13.9,Interviewing
CAND13093,REQ06512,Gerald,Robinson,6.7,Interviewing
CAND13094,REQ23906,Joshua,Ayala,11.1,Rejected
CAND13095,REQ20625,Ashley,Williams,2.6,Rejected
CAND13096,REQ13394,Rachel,Jones,9.9,Rejected
CAND13097,REQ02491,Elizabeth,Daniels,4.1,Rejected
CAND13098,REQ19484,Melinda,Murphy,5.6,Rejected
CAND13099,REQ05650,William,Briggs,8.4,Rejected
CAND13100,REQ18264,Vanessa,Martin,6.9,Rejected
CAND13101,REQ00621,Nicole,Wood,7.0,Rejected
CAND13102,REQ16689,Kathy,Phillips,5.5,Hired
CAND13103,REQ03314,Robert,Scott,7.6,Interviewing
CAND13104,REQ16743,Lacey,Palmer,10.0,Rejected
CAND13105,REQ20667,Sandra,Smith,12.2,Rejected
CAND13106,REQ09160,Audrey,Bryant,12.7,Offer Extended
CAND13107,REQ13784,Karen,Smith,16.1,Rejected
CAND13108,REQ06482,Christopher,Burke,18.1,Rejected
CAND13109,REQ05541,Sean,Perkins,9.2,Rejected
CAND13110,REQ21046,Allen,Johnson,4.9,Rejected
CAND13111,REQ00391,Jody,Romero,5.7,Rejected
CAND13112,REQ10864,Mary,Peck,17.7,Rejected
CAND13113,REQ20094,Robert,Lane,7.3,Rejected
CAND13114,REQ20574,Maureen,Myers,8.0,Offer Extended
CAND13115,REQ14876,William,Cook,12.8,Interviewing
CAND13116,REQ10564,Sheila,Ward,10.8,Rejected
CAND13117,REQ00326,Jennifer,Foster,19.9,Hired
CAND13118,REQ20323,Steven,Hill,12.6,Rejected
CAND13119,REQ13923,Julie,Holloway,18.9,Rejected
CAND13120,REQ24658,Alexandria,Klein,6.1,Offer Extended
CAND13121,REQ18155,Joshua,Henson,3.5,Interviewing
CAND13122,REQ15040,Heidi,Gonzalez,3.1,Interviewing
CAND13123,REQ19697,Brenda,Powell,4.4,Rejected
CAND13124,REQ06395,Kayla,Trujillo,0.1,Offer Extended
CAND13125,REQ06220,Margaret,Glenn,5.2,Rejected
CAND13126,REQ11614,Kristin,Hartman,13.9,Hired
CAND13127,REQ09276,Samuel,Nelson,13.3,Rejected
CAND13128,REQ08875,Kelly,Terry,14.6,Rejected
CAND13129,REQ21393,Eric,Watson,3.6,Rejected
CAND13130,REQ13052,Tracy,Lyons,8.8,Rejected
CAND13131,REQ09257,Maxwell,Duran,9.2,Rejected
CAND13132,REQ05053,Chloe,Turner,16.0,Rejected
CAND13133,REQ13726,Jennifer,Young,7.1,Rejected
CAND13134,REQ08138,Patricia,Burke,10.7,Interviewing
CAND13135,REQ18827,Stephanie,Schwartz,14.3,Rejected
CAND13136,REQ15539,Phillip,Graham,10.0,Rejected
CAND13137,REQ19957,Audrey,Lopez,18.3,Interviewing
CAND13138,REQ12073,Peter,Lopez,19.8,Rejected
CAND13139,REQ03459,Jason,Martinez,8.4,Rejected
CAND13140,REQ24446,Rachel,Herrera,12.6,Rejected
CAND13141,REQ06038,Laura,Robbins,7.7,Rejected
CAND13142,REQ19428,Carlos,Gomez,18.4,Rejected
CAND13143,REQ10539,Vicki,Stokes,17.5,Rejected
CAND13144,REQ20754,Amy,Atkinson,15.5,Rejected
CAND13145,REQ01710,Kimberly,Villarreal,3.0,Rejected
CAND13146,REQ04791,Caroline,Barrett,7.7,Rejected
CAND13147,REQ17129,Ronald,Coleman,5.3,Interviewing
CAND13148,REQ16718,Benjamin,Reed,5.3,Rejected
CAND13149,REQ17812,Elizabeth,York,5.9,Interviewing
CAND13150,REQ23609,Amy,Frazier,1.8,Rejected
CAND13151,REQ20700,Jeffrey,Berry,4.6,Rejected
CAND13152,REQ11417,Stephanie,Rivera,7.1,Interviewing
CAND13153,REQ16641,James,Perkins,17.9,Interviewing
CAND13154,REQ10523,Stephen,Johnson,15.7,Rejected
CAND13155,REQ15591,Victoria,Murillo,0.9,Rejected
CAND13156,REQ12215,Samuel,Green,13.5,Hired
CAND13157,REQ23960,Andrew,Collins,11.0,Rejected
CAND13158,REQ20441,Robert,Taylor,9.9,Rejected
CAND13159,REQ07860,Michael,Bradford,5.6,Rejected
CAND13160,REQ06630,Danielle,Wade,14.3,Rejected
CAND13161,REQ01016,Tara,Moore,1.0,Rejected
CAND13162,REQ16441,Laura,Hill,2.1,Rejected
CAND13163,REQ09443,Charles,Mejia,1.8,Rejected
CAND13164,REQ13506,Christy,Giles,4.7,Rejected
CAND13165,REQ19819,Danielle,Beltran,15.4,Rejected
CAND13166,REQ17226,Brad,Shaw,5.8,Rejected
CAND13167,REQ15132,Joseph,Sullivan,19.5,Rejected
CAND13168,REQ18025,Lori,Johnson,3.0,Rejected
CAND13169,REQ01397,Pamela,Torres,17.8,Interviewing
CAND13170,REQ04733,Heather,Garcia,3.3,Interviewing
CAND13171,REQ01867,Sean,Kaufman,1.1,Rejected
CAND13172,REQ02312,Alexandra,Welch,10.8,Rejected
CAND13173,REQ23729,John,Gonzales,5.5,Rejected
CAND13174,REQ12524,Kendra,Gonzales,13.1,Rejected
CAND13175,REQ06970,Mathew,Diaz,16.7,Rejected
CAND13176,REQ17244,John,Wolf,2.5,Rejected
CAND13177,REQ04895,Curtis,Hamilton,15.4,Interviewing
CAND13178,REQ18608,Angela,Leach,10.9,Rejected
CAND13179,REQ01002,Stephanie,Jackson,0.8,Interviewing
CAND13180,REQ03461,Jenna,Nelson,11.3,Hired
CAND13181,REQ02158,Beth,Brown,7.0,Rejected
CAND13182,REQ17328,Jared,Rojas,12.6,Offer Extended
CAND13183,REQ02272,Nicole,Moreno,8.0,Rejected
CAND13184,REQ13062,Jocelyn,Fletcher,16.9,Rejected
CAND13185,REQ05917,Frank,Williams,4.2,Interviewing
CAND13186,REQ23207,Kevin,Cardenas,13.2,Rejected
CAND13187,REQ11990,Heather,Chan,9.4,Rejected
CAND13188,REQ00626,Omar,Smith,9.7,Rejected
CAND13189,REQ11539,Kevin,Carroll,8.1,Rejected
CAND13190,REQ14692,Stephen,Kennedy,18.5,Rejected
CAND13191,REQ22071,Daniel,Carr,14.3,Rejected
CAND13192,REQ05676,Kelly,Cochran,6.0,Rejected
CAND13193,REQ24104,Louis,Liu,13.0,Rejected
CAND13194,REQ17266,Kendra,Murphy,10.5,Rejected
CAND13195,REQ19991,Cristina,Lewis,3.5,Rejected
CAND13196,REQ13473,April,Webb,10.9,Rejected
CAND13197,REQ10815,Grace,Valencia,6.4,Rejected
CAND13198,REQ24671,Courtney,Torres,0.7,Rejected
CAND13199,REQ03193,Douglas,Johnson,2.4,Offer Extended
CAND13200,REQ14211,Devin,Walker,10.4,Rejected
CAND13201,REQ01599,Chase,Ray,9.3,Rejected
CAND13202,REQ00877,Amy,Wilson,13.9,Offer Extended
CAND13203,REQ20189,Natasha,Molina,14.2,Rejected
CAND13204,REQ23802,Christopher,Vance,0.2,Rejected
CAND13205,REQ24066,Sylvia,Haynes,4.7,Rejected
CAND13206,REQ14330,Monica,Bishop,8.6,Rejected
CAND13207,REQ10094,Stacey,Horne,2.6,Rejected
CAND13208,REQ15705,Erica,Kane,18.1,Rejected
CAND13209,REQ22939,Kendra,Vasquez,9.2,Interviewing
CAND13210,REQ24405,Kevin,Santos,12.2,Rejected
CAND13211,REQ05691,Michael,Maddox,16.1,Interviewing
CAND13212,REQ09376,Jessica,Sparks,16.9,Offer Extended
CAND13213,REQ09129,Carla,Lee,12.7,Hired
CAND13214,REQ24872,John,Ellis,8.0,Hired
CAND13215,REQ06379,Sean,Wilson,19.9,Rejected
CAND13216,REQ03029,Jermaine,Estrada,7.4,Rejected
CAND13217,REQ23354,Christina,Singleton,16.8,Rejected
CAND13218,REQ13926,Jenna,Lopez,9.3,Rejected
CAND13219,REQ17492,Bryan,Maxwell,4.6,Rejected
CAND13220,REQ08716,Julie,Chandler,0.6,Rejected
CAND13221,REQ13471,Stephen,Mckenzie,6.2,Hired
CAND13222,REQ16201,Brian,Blair,3.3,Rejected
CAND13223,REQ12353,Frank,Morgan,7.3,Interviewing
CAND13224,REQ13536,Tracey,Zuniga,7.4,Rejected
CAND13225,REQ07285,Keith,Mcdonald,3.4,Rejected
CAND13226,REQ23683,Samantha,Arnold,5.2,Rejected
CAND13227,REQ18265,Tony,Riddle,12.8,Interviewing
CAND13228,REQ11764,Amber,Zimmerman,16.4,Rejected
CAND13229,REQ10482,Tyler,Freeman,2.8,Rejected
CAND13230,REQ23019,Erik,Harmon,9.6,Hired
CAND13231,REQ01500,Nicole,King,17.1,Interviewing
CAND13232,REQ08963,Marcus,Gonzales,5.1,Rejected
CAND13233,REQ22730,Michael,Carter,6.0,Rejected
CAND13234,REQ04789,Tyler,Brandt,6.8,Rejected
CAND13235,REQ10531,Eugene,Phillips,11.1,Rejected
CAND13236,REQ10908,John,Oliver,16.5,Rejected
CAND13237,REQ12607,Tracy,Scott,13.7,Rejected
CAND13238,REQ21696,Heather,Bruce,5.3,Rejected
CAND13239,REQ17421,Cindy,Jones,2.9,Rejected
CAND13240,REQ03499,Sandra,Rose,0.9,Interviewing
CAND13241,REQ14943,Jennifer,Collins,14.0,Rejected
CAND13242,REQ09345,Travis,Lane,18.3,Offer Extended
CAND13243,REQ20062,Raymond,Warner,14.7,Hired
CAND13244,REQ14229,Rebecca,Wilson,9.0,Rejected
CAND13245,REQ04200,Zachary,Powers,2.0,Rejected
CAND13246,REQ13902,Dylan,Mcdonald,19.3,Hired
CAND13247,REQ12160,Nathan,Phillips,19.2,Hired
CAND13248,REQ11469,Kenneth,Trujillo,4.9,Rejected
CAND13249,REQ14905,Timothy,Adams,14.8,Rejected
CAND13250,REQ14884,Alexandra,Strickland,18.3,Rejected
CAND13251,REQ11678,Elizabeth,Cordova,17.3,Rejected
CAND13252,REQ01422,Robert,Webb,2.6,Rejected
CAND13253,REQ19986,Rebecca,Evans,1.1,Rejected
CAND13254,REQ01111,Brandon,Banks,15.2,Rejected
CAND13255,REQ23749,Joshua,Wade,1.7,Rejected
CAND13256,REQ19502,Leslie,Hatfield,4.8,Rejected
CAND13257,REQ10038,Scott,Smith,12.7,Rejected
CAND13258,REQ05672,Robert,Lewis,9.3,Hired
CAND13259,REQ06364,Zoe,Barker,5.3,Offer Extended
CAND13260,REQ07384,Brian,Beard,0.7,Interviewing
CAND13261,REQ19991,Kyle,Hickman,4.1,Interviewing
CAND13262,REQ01552,Brian,Long,2.8,Rejected
CAND13263,REQ16091,Andrea,Coffey,6.6,Hired
CAND13264,REQ22821,Lindsay,Hernandez,18.7,Rejected
CAND13265,REQ12031,Mary,Mercado,9.3,Interviewing
CAND13266,REQ21191,Chris,Sutton,5.3,Rejected
CAND13267,REQ19381,Randy,Cooper,19.6,Rejected
CAND13268,REQ08368,Andrew,Wright,9.1,Rejected
CAND13269,REQ15875,Elizabeth,Kelly,16.4,Hired
CAND13270,REQ10854,James,Mitchell,6.7,Interviewing
CAND13271,REQ19101,Scott,Barrera,3.2,Rejected
CAND13272,REQ05085,Theresa,Black,11.4,Rejected
CAND13273,REQ02258,Tammy,Murphy,8.1,Rejected
CAND13274,REQ23970,Sarah,Gibson,17.6,Rejected
CAND13275,REQ08574,Matthew,Valencia,5.0,Interviewing
CAND13276,REQ10550,Lisa,West,5.7,Rejected
CAND13277,REQ22149,Judith,Murphy,11.1,Rejected
CAND13278,REQ20894,Caitlin,Miranda,13.6,Rejected
CAND13279,REQ19892,Alicia,Miles,18.9,Rejected
CAND13280,REQ11036,Samuel,Hebert,19.7,Rejected
CAND13281,REQ20989,David,Hensley,1.3,Rejected
CAND13282,REQ23766,Bryan,Moody,6.8,Offer Extended
CAND13283,REQ15349,Barry,Palmer,3.0,Rejected
CAND13284,REQ23904,Cynthia,Ponce,9.0,Rejected
CAND13285,REQ09681,Jonathan,Ward,3.3,Hired
CAND13286,REQ24996,Brian,Griffith,1.0,Rejected
CAND13287,REQ16327,Kaitlyn,Wood,13.3,Rejected
CAND13288,REQ02997,James,Wells,16.0,Interviewing
CAND13289,REQ10249,Emily,Silva,18.7,Rejected
CAND13290,REQ05998,Gabriel,Mills,9.8,Rejected
CAND13291,REQ18983,Justin,Anthony,1.9,Rejected
CAND13292,REQ03439,Danny,Martin,11.9,Rejected
CAND13293,REQ12998,Manuel,Miranda,3.6,Rejected
CAND13294,REQ06805,Thomas,Kirk,0.6,Rejected
CAND13295,REQ10796,Daniel,Douglas,3.1,Hired
CAND13296,REQ09092,Luis,Stewart,10.9,Rejected
CAND13297,REQ19085,Daniel,Browning,17.1,Rejected
CAND13298,REQ21906,Kevin,Irwin,14.8,Interviewing
CAND13299,REQ22033,Ashley,Davis,6.5,Offer Extended
CAND13300,REQ17332,Christie,Harris,10.5,Rejected
CAND13301,REQ21958,Kathy,Cross,8.6,Offer Extended
CAND13302,REQ09265,Jason,Baird,3.6,Hired
CAND13303,REQ08142,Stephanie,Hardy,13.4,Interviewing
CAND13304,REQ20831,Alicia,Walter,7.1,Rejected
CAND13305,REQ19039,Randall,Wells,11.4,Rejected
CAND13306,REQ11281,Stephanie,Lee,1.8,Rejected
CAND13307,REQ22713,Jeffery,Weiss,13.3,Rejected
CAND13308,REQ08638,Nicole,Freeman,4.9,Rejected
CAND13309,REQ13506,Mitchell,Vasquez,2.8,Rejected
CAND13310,REQ04799,Tara,Johnson,10.0,Rejected
CAND13311,REQ10045,Robert,Smith,7.0,Rejected
CAND13312,REQ13594,Anna,Williams,2.1,Hired
CAND13313,REQ13776,Tommy,Macdonald,1.5,Rejected
CAND13314,REQ21813,Nicholas,Wood,16.0,Rejected
CAND13315,REQ18244,Jeremy,Archer,19.3,Interviewing
CAND13316,REQ20344,Jason,Martinez,17.3,Rejected
CAND13317,REQ12192,Julie,Luna,5.2,Interviewing
CAND13318,REQ09779,Michelle,Leblanc,14.7,Rejected
CAND13319,REQ24975,James,Gillespie,9.8,Offer Extended
CAND13320,REQ14283,Kathryn,Forbes,19.1,Rejected
CAND13321,REQ17729,Jason,Boyer,17.2,Rejected
CAND13322,REQ19709,Robert,Carter,17.1,Rejected
CAND13323,REQ09997,Johnathan,Cohen,14.5,Rejected
CAND13324,REQ03288,Sarah,Warner,1.8,Rejected
CAND13325,REQ01815,Adam,Anderson,5.4,Interviewing
CAND13326,REQ15910,Gary,Cantu,19.5,Rejected
CAND13327,REQ08598,Robin,Barnes,7.3,Rejected
CAND13328,REQ02132,David,Flores,19.0,Rejected
CAND13329,REQ15203,Robert,Diaz,9.0,Rejected
CAND13330,REQ13252,Ryan,Patton,14.3,Rejected
CAND13331,REQ02407,Mark,Farmer,13.5,Interviewing
CAND13332,REQ01217,Megan,Sanchez,7.8,Rejected
CAND13333,REQ04156,Katie,Hester,4.6,Rejected
CAND13334,REQ15505,Kimberly,George,19.5,Rejected
CAND13335,REQ08491,Joyce,Kirby,1.7,Hired
CAND13336,REQ18588,Jennifer,Salas,18.2,Rejected
CAND13337,REQ10070,Tammy,Humphrey,7.1,Rejected
CAND13338,REQ07422,Lisa,Harrison,8.5,Rejected
CAND13339,REQ16108,Rodney,Tucker,12.5,Interviewing
CAND13340,REQ05016,Daniel,Rosales,17.2,Rejected
CAND13341,REQ12378,Dennis,Green,11.0,Interviewing
CAND13342,REQ13887,Antonio,Harris,7.8,Rejected
CAND13343,REQ23425,Steven,Clark,16.6,Interviewing
CAND13344,REQ24429,Nicholas,Nguyen,7.5,Hired
CAND13345,REQ11262,Kimberly,Cherry,0.5,Rejected
CAND13346,REQ23377,Debra,Ford,3.1,Rejected
CAND13347,REQ12616,Lauren,Lopez,6.0,Interviewing
CAND13348,REQ11650,Robert,Ryan,17.3,Rejected
CAND13349,REQ08041,Nicole,Fitzgerald,19.6,Rejected
CAND13350,REQ23069,David,Wall,5.8,Rejected
CAND13351,REQ06583,Penny,Bishop,8.9,Rejected
CAND13352,REQ20221,James,Alexander,12.7,Interviewing
CAND13353,REQ03423,Nicholas,Gentry,10.9,Hired
CAND13354,REQ13502,Michael,Preston,12.5,Hired
CAND13355,REQ08440,Dawn,Richardson,5.1,Interviewing
CAND13356,REQ21980,Jacob,Webb,19.3,Rejected
CAND13357,REQ18188,Kathryn,Kaiser,15.3,Interviewing
CAND13358,REQ21022,Amanda,Oliver,15.7,Rejected
CAND13359,REQ07011,Michael,Stout,5.9,Rejected
CAND13360,REQ02681,Lisa,Martin,16.1,Rejected
CAND13361,REQ11845,Christopher,Powell,14.9,Rejected
CAND13362,REQ13828,Kevin,Callahan,0.1,Rejected
CAND13363,REQ22397,Laura,Adams,1.9,Interviewing
CAND13364,REQ05277,Heather,Gallagher,6.2,Interviewing
CAND13365,REQ06913,Michelle,Adams,16.3,Rejected
CAND13366,REQ24979,Kimberly,Cortez,10.3,Rejected
CAND13367,REQ01699,Jessica,Sullivan,7.3,Interviewing
CAND13368,REQ24115,Cynthia,Smith,19.2,Interviewing
CAND13369,REQ10431,Eric,Powell,4.5,Rejected
CAND13370,REQ16363,Alex,Knight,10.1,Rejected
CAND13371,REQ17768,Carlos,Wilson,5.0,Offer Extended
CAND13372,REQ06535,Erica,Burke,2.9,Rejected
CAND13373,REQ11468,Samuel,Tucker,8.3,Rejected
CAND13374,REQ11162,James,Carpenter,16.0,Rejected
CAND13375,REQ15608,David,Williams,15.8,Rejected
CAND13376,REQ06956,Kevin,Mcdowell,15.8,Rejected
CAND13377,REQ21211,Sandra,Noble,5.8,Hired
CAND13378,REQ10173,James,Evans,11.5,Rejected
CAND13379,REQ22479,Catherine,Hall,1.3,Rejected
CAND13380,REQ08539,Amanda,Newton,14.1,Hired
CAND13381,REQ15996,Ronald,Sanders,13.6,Rejected
CAND13382,REQ15026,Jamie,Phelps,15.7,Rejected
CAND13383,REQ12728,Jacob,Villanueva,7.1,Interviewing
CAND13384,REQ05621,Larry,Cohen,13.3,Interviewing
CAND13385,REQ07993,Richard,Stephenson,2.2,Hired
CAND13386,REQ11804,Christine,Hodges,5.8,Rejected
CAND13387,REQ15729,Jay,Scott,1.7,Rejected
CAND13388,REQ11383,Randy,Faulkner,13.8,Rejected
CAND13389,REQ15495,Samuel,Medina,15.2,Rejected
CAND13390,REQ06385,Michael,Hull,11.2,Rejected
CAND13391,REQ15602,Monica,Thompson,16.1,Rejected
CAND13392,REQ22387,John,Sloan,14.3,Rejected
CAND13393,REQ11250,Jason,Copeland,0.9,Rejected
CAND13394,REQ01789,Deanna,Rodriguez,15.4,Rejected
CAND13395,REQ09094,Caleb,Wilson,10.3,Rejected
CAND13396,REQ08381,Megan,Reeves,7.4,Rejected
CAND13397,REQ08833,Lauren,Soto,3.5,Interviewing
CAND13398,REQ07016,Jennifer,Gordon,14.1,Interviewing
CAND13399,REQ00192,Richard,Brown,4.3,Offer Extended
CAND13400,REQ13277,Patricia,Crawford,15.7,Rejected
CAND13401,REQ18271,David,Fitzgerald,18.9,Rejected
CAND13402,REQ12085,Stephen,Johnson,7.5,Rejected
CAND13403,REQ04593,Joanna,Lee,11.3,Rejected
CAND13404,REQ19879,Andrea,Wallace,9.0,Rejected
CAND13405,REQ11591,Sheila,Warren,4.0,Rejected
CAND13406,REQ04057,Andrew,Mitchell,1.3,Interviewing
CAND13407,REQ23457,Katherine,Welch,10.9,Rejected
CAND13408,REQ21740,Emily,Buchanan,5.1,Interviewing
CAND13409,REQ20811,Virginia,Tucker,19.1,Offer Extended
CAND13410,REQ01839,Gary,Kim,9.3,Rejected
CAND13411,REQ16210,David,Hobbs,11.7,Rejected
CAND13412,REQ04430,Ryan,Wagner,0.5,Rejected
CAND13413,REQ04514,Sheryl,Taylor,3.9,Interviewing
CAND13414,REQ08540,Cameron,Mccall,6.6,Rejected
CAND13415,REQ22835,Joe,Carter,6.5,Interviewing
CAND13416,REQ24804,Wendy,Mata,12.2,Rejected
CAND13417,REQ07656,Michelle,Reid,10.1,Rejected
CAND13418,REQ17915,Jennifer,Avila,8.6,Rejected
CAND13419,REQ09141,Bradley,Patel,16.6,Interviewing
CAND13420,REQ16938,Karen,Taylor,12.2,Rejected
CAND13421,REQ19755,Robert,Hill,10.8,Rejected
CAND13422,REQ24909,Peter,Wilson,0.4,Rejected
CAND13423,REQ04433,Samuel,Thomas,19.4,Rejected
CAND13424,REQ01686,Laura,Santiago,4.6,Rejected
CAND13425,REQ23712,Louis,Acosta,2.8,Rejected
CAND13426,REQ06215,David,Watson,1.5,Interviewing
CAND13427,REQ03028,Christine,Murillo,15.2,Offer Extended
CAND13428,REQ07728,James,Landry,19.0,Interviewing
CAND13429,REQ16712,Timothy,Sherman,3.9,Rejected
CAND13430,REQ03370,Randall,Allen,19.9,Interviewing
CAND13431,REQ14497,Amy,Wells,14.0,Rejected
CAND13432,REQ11429,Jaclyn,Sosa,17.0,Rejected
CAND13433,REQ07119,Cody,Ward,19.4,Interviewing
CAND13434,REQ07447,Vanessa,Roberson,18.6,Rejected
CAND13435,REQ00070,Kevin,Larson,4.9,Rejected
CAND13436,REQ03356,Jesus,Melton,4.1,Interviewing
CAND13437,REQ22659,Joshua,Norton,14.7,Rejected
CAND13438,REQ13553,Lisa,Bennett,12.8,Hired
CAND13439,REQ05092,Kristi,Norris,18.2,Rejected
CAND13440,REQ13301,Marie,Burgess,4.4,Rejected
CAND13441,REQ22070,Christina,Barron,16.5,Rejected
CAND13442,REQ23830,Andrew,Hampton,3.5,Rejected
CAND13443,REQ02173,Thomas,Ochoa,9.7,Rejected
CAND13444,REQ04484,Aaron,Vincent,0.3,Interviewing
CAND13445,REQ21098,Lisa,Morales,5.1,Rejected
CAND13446,REQ16516,Andre,Bradley,0.9,Rejected
CAND13447,REQ01393,Brad,Avila,14.2,Rejected
CAND13448,REQ06871,Patricia,Flores,8.2,Interviewing
CAND13449,REQ18140,Jimmy,Rice,3.9,Offer Extended
CAND13450,REQ16581,Louis,Brock,12.6,Rejected
CAND13451,REQ00216,Francisco,Perez,18.7,Interviewing
CAND13452,REQ10663,April,Woodward,9.9,Interviewing
CAND13453,REQ07257,Stephanie,Edwards,16.3,Rejected
CAND13454,REQ20578,Joseph,Gould,13.6,Rejected
CAND13455,REQ15993,Mary,Elliott,4.4,Interviewing
CAND13456,REQ02232,Anthony,Johnson,5.3,Rejected
CAND13457,REQ03342,Monica,Horn,17.9,Rejected
CAND13458,REQ11189,Cindy,Wallace,13.9,Rejected
CAND13459,REQ22113,Zachary,Vargas,8.7,Rejected
CAND13460,REQ22583,Cindy,Knight,14.5,Rejected
CAND13461,REQ19215,Lisa,Miller,8.6,Rejected
CAND13462,REQ10418,Jacqueline,Stewart,9.6,Rejected
CAND13463,REQ03362,Michael,Brown,14.4,Rejected
CAND13464,REQ02747,Annette,Murphy,3.3,Hired
CAND13465,REQ08114,Aaron,Mitchell,15.8,Rejected
CAND13466,REQ04870,Katelyn,Rogers,17.1,Interviewing
CAND13467,REQ21329,Michelle,Rodriguez,4.2,Rejected
CAND13468,REQ14931,James,Larson,16.2,Rejected
CAND13469,REQ09102,Christopher,Ortiz,18.8,Rejected
CAND13470,REQ23922,Jim,Villanueva,13.1,Rejected
CAND13471,REQ13374,Bryce,Roy,3.3,Rejected
CAND13472,REQ12318,Lindsey,Boyd,18.1,Rejected
CAND13473,REQ07056,Tara,Torres,2.4,Rejected
CAND13474,REQ24644,Kristi,Martinez,2.0,Rejected
CAND13475,REQ12525,Elizabeth,James,6.0,Rejected
CAND13476,REQ17651,Darren,Scott,16.5,Rejected
CAND13477,REQ24343,Chase,Woods,13.3,Interviewing
CAND13478,REQ19427,Gina,Richard,16.6,Rejected
CAND13479,REQ16813,Michael,James,7.7,Rejected
CAND13480,REQ05085,Susan,Mann,3.7,Hired
CAND13481,REQ20384,Lori,Mcfarland,10.1,Rejected
CAND13482,REQ14981,Shannon,Skinner,14.8,Rejected
CAND13483,REQ08451,Veronica,Townsend,12.2,Rejected
CAND13484,REQ10500,Kimberly,Ortiz,8.1,Rejected
CAND13485,REQ10503,Courtney,Castro,10.1,Rejected
CAND13486,REQ08963,Ashley,Hall,16.7,Rejected
CAND13487,REQ20194,Yvonne,Mitchell,17.0,Rejected
CAND13488,REQ17946,Justin,Shaw,9.1,Rejected
CAND13489,REQ16269,Carl,Simon,16.0,Rejected
CAND13490,REQ23135,William,Williams,14.9,Rejected
CAND13491,REQ22782,Kenneth,Garcia,0.8,Rejected
CAND13492,REQ07939,Dominique,Robinson,18.2,Rejected
CAND13493,REQ23243,Carla,Houston,12.3,Rejected
CAND13494,REQ00761,Kathryn,Reyes,4.0,Offer Extended
CAND13495,REQ13994,Charlotte,Turner,14.1,Hired
CAND13496,REQ22011,Crystal,Lopez,18.6,Rejected
CAND13497,REQ08280,Candice,Randolph,2.6,Hired
CAND13498,REQ14007,Taylor,Williams,2.6,Rejected
CAND13499,REQ05855,Tamara,Brown,18.3,Interviewing
CAND13500,REQ04642,Linda,Winters,3.0,Rejected
CAND13501,REQ17464,Karen,Barry,12.0,Rejected
CAND13502,REQ22599,Christopher,Francis,7.6,Rejected
CAND13503,REQ19148,Alexis,Bridges,17.6,Rejected
CAND13504,REQ06983,Amy,Rhodes,11.1,Rejected
CAND13505,REQ04452,Jillian,Morales,17.5,Interviewing
CAND13506,REQ04008,Hannah,Russo,0.7,Rejected
CAND13507,REQ24664,Phillip,Lee,18.2,Rejected
CAND13508,REQ17281,Elizabeth,Romero,4.1,Rejected
CAND13509,REQ21610,Katie,Coleman,12.0,Rejected
CAND13510,REQ05350,Kimberly,Hopkins,9.3,Interviewing
CAND13511,REQ03886,Diane,Moore,6.5,Interviewing
CAND13512,REQ09813,Victoria,Wilson,16.4,Interviewing
CAND13513,REQ14049,William,Holmes,4.6,Rejected
CAND13514,REQ21280,William,Anderson,8.0,Rejected
CAND13515,REQ12072,Elizabeth,Salazar,7.9,Rejected
CAND13516,REQ04297,Jason,Hurley,20.0,Rejected
CAND13517,REQ24080,Julie,Marquez,1.2,Rejected
CAND13518,REQ01440,Danielle,White,6.9,Interviewing
CAND13519,REQ12848,Emily,Andrade,4.7,Hired
CAND13520,REQ24831,Jennifer,Proctor,13.1,Rejected
CAND13521,REQ15468,John,Alexander,9.0,Rejected
CAND13522,REQ04593,Kristen,Lopez,4.4,Rejected
CAND13523,REQ16550,Mercedes,Lawson,2.3,Rejected
CAND13524,REQ21138,Kaitlyn,Hodges,11.9,Rejected
CAND13525,REQ12930,Matthew,Miller,8.9,Rejected
CAND13526,REQ01033,Robert,Todd,10.4,Rejected
CAND13527,REQ00765,Mark,Sanchez,9.6,Rejected
CAND13528,REQ15289,Kevin,Bell,19.1,Rejected
CAND13529,REQ00390,Tammy,Ware,12.3,Rejected
CAND13530,REQ15871,Ronnie,White,0.1,Rejected
CAND13531,REQ23475,Robin,Collins,16.8,Rejected
CAND13532,REQ13835,Shannon,Phelps,11.3,Rejected
CAND13533,REQ04062,Gabrielle,Summers,3.4,Rejected
CAND13534,REQ08336,Donna,Baker,2.8,Hired
CAND13535,REQ03158,Cheryl,Sawyer,1.2,Offer Extended
CAND13536,REQ17985,Sandra,Howell,16.9,Interviewing
CAND13537,REQ07078,Jose,Bailey,13.4,Rejected
CAND13538,REQ17942,Evan,Brown,1.6,Hired
CAND13539,REQ12156,Sarah,Owen,4.9,Rejected
CAND13540,REQ01986,Deborah,Yang,10.4,Rejected
CAND13541,REQ07130,Cheryl,Gonzalez,6.8,Rejected
CAND13542,REQ06760,Judith,Wright,12.4,Rejected
CAND13543,REQ04145,Julie,Boyd,9.0,Rejected
CAND13544,REQ02680,Kristina,Fisher,2.3,Rejected
CAND13545,REQ21889,Carlos,Gonzalez,3.2,Rejected
CAND13546,REQ24553,Kevin,Austin,8.0,Rejected
CAND13547,REQ00232,Samuel,Howard,9.6,Rejected
CAND13548,REQ22000,Dominique,Bell,4.4,Rejected
CAND13549,REQ12954,Steven,Cook,2.6,Rejected
CAND13550,REQ07525,Roger,Mills,4.4,Rejected
CAND13551,REQ09168,Priscilla,Little,2.2,Interviewing
CAND13552,REQ20464,Carla,West,1.3,Hired
CAND13553,REQ24627,Mary,Sweeney,4.9,Rejected
CAND13554,REQ24161,Vincent,Reeves,1.5,Rejected
CAND13555,REQ18707,Brianna,Padilla,4.5,Rejected
CAND13556,REQ13547,Chase,Mack,9.9,Rejected
CAND13557,REQ19909,Lucas,Silva,9.0,Rejected
CAND13558,REQ15103,Ana,Wilson,6.1,Rejected
CAND13559,REQ21106,Alec,Ayers,1.5,Rejected
CAND13560,REQ02575,Regina,Hunt,4.1,Rejected
CAND13561,REQ05116,David,Singh,2.3,Rejected
CAND13562,REQ01093,Louis,Olson,0.6,Rejected
CAND13563,REQ11158,Carol,Tucker,17.2,Rejected
CAND13564,REQ08665,George,Jones,8.3,Rejected
CAND13565,REQ11538,Vanessa,Smith,19.4,Rejected
CAND13566,REQ18991,Dave,Shaw,13.9,Interviewing
CAND13567,REQ15288,Michele,Bush,18.0,Interviewing
CAND13568,REQ06468,Tina,Smith,17.5,Interviewing
CAND13569,REQ20876,Crystal,Gamble,17.4,Hired
CAND13570,REQ13303,Andrew,Norman,6.9,Rejected
CAND13571,REQ17900,Melissa,Simmons,12.4,Rejected
CAND13572,REQ14924,Miguel,Walters,14.0,Rejected
CAND13573,REQ16018,Jenna,Perez,12.0,Rejected
CAND13574,REQ24340,Richard,Carter,13.9,Rejected
CAND13575,REQ05216,Tammy,Ramirez,17.8,Rejected
CAND13576,REQ10048,Caleb,Nelson,19.0,Rejected
CAND13577,REQ10898,Matthew,Rush,3.9,Interviewing
CAND13578,REQ19154,Debbie,Johnson,10.0,Interviewing
CAND13579,REQ22582,Karen,Harrison,11.4,Rejected
CAND13580,REQ12716,Kimberly,Williams,14.9,Hired
CAND13581,REQ23382,Victoria,Grant,0.8,Rejected
CAND13582,REQ18074,Scott,Sherman,9.5,Rejected
CAND13583,REQ09660,Katelyn,Fields,9.5,Rejected
CAND13584,REQ24084,Larry,Richard,18.2,Rejected
CAND13585,REQ21641,Juan,Wyatt,5.3,Interviewing
CAND13586,REQ04545,Adam,Jackson,13.9,Hired
CAND13587,REQ16040,Beth,Herring,6.5,Rejected
CAND13588,REQ10273,Diana,Johnson,4.9,Interviewing
CAND13589,REQ22146,Tonya,Oliver,2.3,Rejected
CAND13590,REQ12512,Lori,Macias,19.6,Rejected
CAND13591,REQ24070,Nathaniel,Black,13.6,Rejected
CAND13592,REQ13853,Robert,Clark,5.6,Rejected
CAND13593,REQ06461,Ryan,Adkins,17.0,Hired
CAND13594,REQ10167,Karina,Leon,18.7,Interviewing
CAND13595,REQ02717,Breanna,Oliver,6.8,Rejected
CAND13596,REQ04388,Shawn,Booker,6.2,Interviewing
CAND13597,REQ12833,Alexander,Allen,4.3,Interviewing
CAND13598,REQ05259,Sara,Harrison,10.3,Interviewing
CAND13599,REQ01625,Molly,Norris,10.1,Offer Extended
CAND13600,REQ22313,Sarah,Collins,2.4,Rejected
CAND13601,REQ07679,Diana,Mitchell,11.9,Rejected
CAND13602,REQ01154,Juan,Farrell,10.9,Rejected
CAND13603,REQ15001,Amy,Sanford,18.4,Interviewing
CAND13604,REQ14812,Peter,Erickson,8.7,Rejected
CAND13605,REQ11693,Victor,Thompson,16.0,Rejected
CAND13606,REQ08508,Lynn,Holmes,0.3,Rejected
CAND13607,REQ12488,Tyler,Hall,16.1,Interviewing
CAND13608,REQ12604,Anthony,Curtis,4.6,Rejected
CAND13609,REQ00824,Amber,Smith,11.0,Rejected
CAND13610,REQ01111,William,Edwards,13.9,Rejected
CAND13611,REQ08579,Jeffrey,Craig,7.2,Rejected
CAND13612,REQ21501,Sherry,Johnson,9.3,Rejected
CAND13613,REQ05990,Brianna,Burke,8.4,Rejected
CAND13614,REQ15857,Charles,Wilson,4.0,Rejected
CAND13615,REQ20622,Laura,Wilcox,10.9,Rejected
CAND13616,REQ22295,Jennifer,Landry,0.8,Rejected
CAND13617,REQ03687,Alison,Medina,1.2,Interviewing
CAND13618,REQ11455,Sean,Walker,7.3,Rejected
CAND13619,REQ07298,Steven,Smith,1.9,Hired
CAND13620,REQ00647,Eric,Miller,2.7,Rejected
CAND13621,REQ12664,Amber,Taylor,19.8,Rejected
CAND13622,REQ00358,Charles,Harris,6.2,Rejected
CAND13623,REQ08438,Shelby,Khan,18.7,Rejected
CAND13624,REQ15028,Robert,Lee,16.3,Rejected
CAND13625,REQ17358,Dustin,Dennis,8.6,Rejected
CAND13626,REQ17074,Angela,Cox,15.7,Rejected
CAND13627,REQ15863,Jennifer,Alvarez,11.1,Rejected
CAND13628,REQ19987,Shelby,Powell,15.9,Interviewing
CAND13629,REQ11905,Emily,Park,12.1,Rejected
CAND13630,REQ20294,Michael,Buckley,11.9,Offer Extended
CAND13631,REQ23230,Lindsay,Steele,1.9,Rejected
CAND13632,REQ16859,John,Malone,0.4,Rejected
CAND13633,REQ00857,Kyle,Pruitt,13.7,Rejected
CAND13634,REQ08136,Willie,Smith,18.8,Rejected
CAND13635,REQ03736,Hailey,Carter,0.2,Rejected
CAND13636,REQ20842,Derrick,Huynh,16.1,Rejected
CAND13637,REQ11130,John,Wright,18.7,Hired
CAND13638,REQ09066,Dylan,Ortega,0.8,Rejected
CAND13639,REQ08202,Christine,Hahn,0.1,Interviewing
CAND13640,REQ21217,Benjamin,Walters,6.1,Interviewing
CAND13641,REQ21768,Courtney,Brown,2.3,Interviewing
CAND13642,REQ18050,Michael,Bennett,19.4,Interviewing
CAND13643,REQ01940,Jeff,Mckay,6.2,Interviewing
CAND13644,REQ08348,Michael,George,18.7,Rejected
CAND13645,REQ23644,Shelby,Wood,7.1,Hired
CAND13646,REQ06069,Amanda,Burton,9.9,Rejected
CAND13647,REQ21290,Tyler,Martin,5.0,Rejected
CAND13648,REQ19027,Daniel,Jordan,9.3,Hired
CAND13649,REQ23959,Jacqueline,Jones,4.4,Interviewing
CAND13650,REQ20521,Danielle,Powell,19.0,Rejected
CAND13651,REQ03185,Michael,Hunter,0.5,Rejected
CAND13652,REQ23040,Taylor,Barnes,18.6,Rejected
CAND13653,REQ14427,Adrian,Lyons,8.0,Rejected
CAND13654,REQ05037,Tina,Cooper,4.9,Rejected
CAND13655,REQ21110,Joshua,Phillips,6.4,Rejected
CAND13656,REQ06274,Tyrone,Washington,8.2,Interviewing
CAND13657,REQ08501,David,Mccullough,1.1,Offer Extended
CAND13658,REQ02841,Kelly,Dawson,2.0,Rejected
CAND13659,REQ09018,Paul,Davis,15.1,Rejected
CAND13660,REQ15554,Angela,Hodges,11.1,Rejected
CAND13661,REQ12419,Emily,Brown,13.4,Rejected
CAND13662,REQ00001,Terri,Owen,19.2,Interviewing
CAND13663,REQ18355,David,Obrien,13.5,Rejected
CAND13664,REQ18560,Kylie,Smith,6.4,Interviewing
CAND13665,REQ12014,Lori,Gomez,6.6,Rejected
CAND13666,REQ12776,Eddie,Powell,8.8,Rejected
CAND13667,REQ19252,Robert,Stout,14.4,Rejected
CAND13668,REQ20152,Samuel,Moore,10.9,Rejected
CAND13669,REQ24297,Chad,Bowers,12.8,Rejected
CAND13670,REQ14656,Jessica,Turner,8.7,Rejected
CAND13671,REQ24900,Erica,James,0.6,Rejected
CAND13672,REQ13973,Kim,Hunter,9.5,Interviewing
CAND13673,REQ05765,Tanya,Carter,11.3,Rejected
CAND13674,REQ15587,April,Boyd,14.9,Rejected
CAND13675,REQ23501,Carolyn,Williams,14.4,Interviewing
CAND13676,REQ08275,William,Nelson,3.7,Rejected
CAND13677,REQ04500,Brenda,Li,2.2,Interviewing
CAND13678,REQ22404,Linda,Gilbert,16.4,Rejected
CAND13679,REQ03491,Betty,Hansen,18.2,Interviewing
CAND13680,REQ08551,Denise,Hill,3.2,Rejected
CAND13681,REQ10228,Matthew,Fisher,15.3,Rejected
CAND13682,REQ07658,Stephanie,Jordan,7.5,Rejected
CAND13683,REQ10973,Kaylee,Leon,10.1,Rejected
CAND13684,REQ09757,Justin,Gilbert,13.1,Rejected
CAND13685,REQ17553,Tamara,Peck,5.5,Rejected
CAND13686,REQ23566,Joseph,Golden,3.6,Rejected
CAND13687,REQ21116,Timothy,Smith,17.8,Hired
CAND13688,REQ21731,Brittany,Ball,8.1,Rejected
CAND13689,REQ22851,William,Brewer,17.2,Rejected
CAND13690,REQ21292,Bruce,Alexander,3.5,Hired
CAND13691,REQ20337,Nathaniel,Anderson,2.3,Rejected
CAND13692,REQ23568,Chris,Brown,6.9,Rejected
CAND13693,REQ22286,Jeffrey,Crawford,11.9,Rejected
CAND13694,REQ00438,Marissa,Davidson,0.2,Interviewing
CAND13695,REQ15563,Charles,Barnes,4.9,Rejected
CAND13696,REQ12496,Mary,Cannon,13.3,Rejected
CAND13697,REQ02869,Barbara,Martinez,14.9,Rejected
CAND13698,REQ07593,Allison,Bennett,16.8,Interviewing
CAND13699,REQ19131,Philip,Anthony,10.0,Rejected
CAND13700,REQ01905,Sabrina,Zamora,6.9,Interviewing
CAND13701,REQ15366,Kristi,Kelly,2.8,Interviewing
CAND13702,REQ04566,Brian,Bradley,8.4,Rejected
CAND13703,REQ23011,Derek,Ponce,9.7,Interviewing
CAND13704,REQ10195,Mark,Kline,2.4,Rejected
CAND13705,REQ24588,Carol,Moore,4.0,Rejected
CAND13706,REQ20457,Susan,Davis,18.6,Rejected
CAND13707,REQ00451,Heather,Cline,16.3,Offer Extended
CAND13708,REQ17566,Christopher,Stevens,14.8,Rejected
CAND13709,REQ12099,Samantha,Richmond,1.7,Rejected
CAND13710,REQ20376,Jose,Johnson,18.6,Interviewing
CAND13711,REQ16778,Emily,Boyer,9.1,Rejected
CAND13712,REQ10291,Jodi,Miller,6.0,Rejected
CAND13713,REQ16517,Christine,Gutierrez,10.1,Offer Extended
CAND13714,REQ07739,Alicia,Mathews,14.2,Interviewing
CAND13715,REQ19808,Jennifer,House,14.3,Rejected
CAND13716,REQ13489,Jacob,Turner,13.9,Hired
CAND13717,REQ14265,Chelsea,Morales,11.1,Offer Extended
CAND13718,REQ17238,Johnny,Johnson,10.0,Hired
CAND13719,REQ09083,Jennifer,Warren,15.8,Hired
CAND13720,REQ04374,Amber,Hull,3.4,Interviewing
CAND13721,REQ11340,Marie,Kelly,5.0,Interviewing
CAND13722,REQ23350,Joshua,Browning,18.8,Rejected
CAND13723,REQ23938,Nathan,Carter,0.9,Rejected
CAND13724,REQ18647,Tanner,Wells,17.0,Rejected
CAND13725,REQ14687,Jennifer,Conrad,2.7,Rejected
CAND13726,REQ06965,Sylvia,Owens,13.7,Hired
CAND13727,REQ16551,Monique,Sanchez,16.2,Offer Extended
CAND13728,REQ04718,Sarah,Bishop,13.7,Rejected
CAND13729,REQ21605,Jeffery,Reilly,8.7,Interviewing
CAND13730,REQ14183,Sandra,Lee,17.2,Rejected
CAND13731,REQ19425,Rhonda,Johnson,2.2,Interviewing
CAND13732,REQ11217,Meghan,Hall,11.0,Rejected
CAND13733,REQ13606,Christina,Parker,11.0,Offer Extended
CAND13734,REQ01639,Meagan,Flores,13.0,Rejected
CAND13735,REQ00455,Jeffrey,Miranda,0.4,Offer Extended
CAND13736,REQ00095,Michael,Aguilar,14.9,Rejected
CAND13737,REQ19585,David,Johnson,16.2,Rejected
CAND13738,REQ07312,Shaun,Oconnell,2.3,Interviewing
CAND13739,REQ16364,Harry,Alvarez,11.2,Rejected
CAND13740,REQ14239,Jeffrey,Martinez,11.2,Rejected
CAND13741,REQ04563,James,Rodriguez,11.8,Rejected
CAND13742,REQ10336,Brett,Moore,5.5,Rejected
CAND13743,REQ17298,Lindsay,Grant,7.1,Interviewing
CAND13744,REQ14437,Haley,Hoffman,9.6,Rejected
CAND13745,REQ19987,Sean,Sherman,12.6,Rejected
CAND13746,REQ03767,Kevin,Lopez,6.1,Offer Extended
CAND13747,REQ10286,Jasmin,Jones,17.8,Rejected
CAND13748,REQ14425,Janice,Miller,19.5,Offer Extended
CAND13749,REQ22349,Kenneth,Davis,4.7,Rejected
CAND13750,REQ02485,Lance,Pierce,8.6,Hired
CAND13751,REQ13172,Stephen,Bailey,16.5,Rejected
CAND13752,REQ21540,Lance,Palmer,13.1,Interviewing
CAND13753,REQ24485,Anthony,Lozano,8.5,Interviewing
CAND13754,REQ20454,Ryan,Taylor,5.9,Rejected
CAND13755,REQ11616,John,Davis,6.5,Rejected
CAND13756,REQ19319,Ryan,Thornton,8.4,Rejected
CAND13757,REQ18891,Kenneth,Erickson,1.8,Interviewing
CAND13758,REQ13266,Tara,Douglas,9.6,Rejected
CAND13759,REQ22146,Jason,Dunn,8.6,Rejected
CAND13760,REQ09399,Jane,Johnson,19.1,Rejected
CAND13761,REQ12408,Kevin,Andrade,8.6,Offer Extended
CAND13762,REQ00781,Elizabeth,Mckinney,3.1,Rejected
CAND13763,REQ02247,Kristie,Perez,3.7,Interviewing
CAND13764,REQ09056,Deanna,Morgan,7.0,Rejected
CAND13765,REQ04567,Bob,Medina,8.9,Rejected
CAND13766,REQ00717,Justin,Campbell,6.0,Rejected
CAND13767,REQ07221,Shawn,Weaver,5.6,Hired
CAND13768,REQ12221,Caroline,Boyd,13.0,Interviewing
CAND13769,REQ13863,Kimberly,Ramirez,11.2,Rejected
CAND13770,REQ05491,Jessica,Brown,15.5,Rejected
CAND13771,REQ24807,Carolyn,Phillips,4.5,Rejected
CAND13772,REQ19715,Colton,Black,0.6,Rejected
CAND13773,REQ07512,Lori,Forbes,19.0,Rejected
CAND13774,REQ08473,Diane,Mcdonald,13.5,Rejected
CAND13775,REQ15550,Calvin,Arias,11.0,Rejected
CAND13776,REQ19991,Jennifer,Ward,16.9,Interviewing
CAND13777,REQ03795,Cindy,Coleman,17.0,Rejected
CAND13778,REQ06545,Dawn,Rodriguez,11.6,Rejected
CAND13779,REQ14318,Debra,Green,11.9,Rejected
CAND13780,REQ13942,Mark,Cabrera,15.2,Rejected
CAND13781,REQ01362,Mark,Wood,19.2,Rejected
CAND13782,REQ08697,Jeremy,Larson,13.2,Interviewing
CAND13783,REQ10618,Samuel,Hartman,18.9,Rejected
CAND13784,REQ24886,Andrew,Martin,11.6,Rejected
CAND13785,REQ12760,Carla,Leach,9.8,Rejected
CAND13786,REQ05412,William,Mcgee,8.0,Rejected
CAND13787,REQ16993,Julian,Williams,6.2,Rejected
CAND13788,REQ17335,Amy,Montgomery,9.8,Rejected
CAND13789,REQ03024,Corey,Nelson,14.3,Interviewing
CAND13790,REQ18770,Kim,Lewis,4.3,Hired
CAND13791,REQ06484,Joseph,Beard,5.2,Offer Extended
CAND13792,REQ00279,Ronald,Townsend,8.1,Interviewing
CAND13793,REQ22942,Michael,Cain,16.8,Rejected
CAND13794,REQ06594,Jennifer,Huff,10.9,Interviewing
CAND13795,REQ00999,Vanessa,Harding,14.0,Rejected
CAND13796,REQ00853,Kayla,Wilson,7.4,Hired
CAND13797,REQ11676,Ryan,Weiss,1.6,Rejected
CAND13798,REQ16681,Richard,Thompson,0.4,Rejected
CAND13799,REQ06856,Sharon,Farmer,4.9,Rejected
CAND13800,REQ07596,Kristina,Anderson,5.4,Rejected
CAND13801,REQ10669,Nathan,Sims,1.5,Rejected
CAND13802,REQ18515,Donna,Simpson,13.6,Rejected
CAND13803,REQ20958,James,Sanchez,17.2,Rejected
CAND13804,REQ14829,Daniel,Harrison,17.2,Rejected
CAND13805,REQ19787,Craig,Wolfe,3.2,Rejected
CAND13806,REQ02836,Nicholas,Phillips,14.9,Rejected
CAND13807,REQ21065,Mike,Price,4.5,Rejected
CAND13808,REQ06598,Brittney,Wood,5.1,Rejected
CAND13809,REQ07663,Theresa,Calhoun,8.7,Interviewing
CAND13810,REQ10804,Vanessa,Garcia,3.8,Rejected
CAND13811,REQ04439,Nicholas,Schultz,14.4,Rejected
CAND13812,REQ10979,Rhonda,Hale,6.1,Hired
CAND13813,REQ09863,Troy,Woodward,7.1,Rejected
CAND13814,REQ10090,Mary,Hammond,16.0,Rejected
CAND13815,REQ04403,Luis,Thomas,4.2,Rejected
CAND13816,REQ04566,Justin,Wheeler,4.4,Rejected
CAND13817,REQ05815,Judy,Wolf,3.3,Rejected
CAND13818,REQ10673,Debra,Bailey,12.1,Rejected
CAND13819,REQ24473,Frederick,Taylor,16.3,Rejected
CAND13820,REQ10389,Cheryl,White,8.2,Rejected
CAND13821,REQ19207,Melinda,Landry,10.3,Interviewing
CAND13822,REQ23285,Debra,Perez,12.3,Rejected
CAND13823,REQ17719,Deborah,Rollins,7.1,Interviewing
CAND13824,REQ16119,Allison,Williams,15.1,Rejected
CAND13825,REQ22596,Debra,Henderson,4.8,Rejected
CAND13826,REQ19541,Vanessa,Velasquez,12.4,Rejected
CAND13827,REQ11602,Bobby,Reynolds,0.3,Hired
CAND13828,REQ12506,Marie,Ferguson,19.9,Rejected
CAND13829,REQ11029,Brittany,Peterson,13.1,Rejected
CAND13830,REQ14733,Matthew,Mason,4.6,Interviewing
CAND13831,REQ23311,Lauren,Odonnell,1.7,Hired
CAND13832,REQ09645,Megan,Chan,11.8,Interviewing
CAND13833,REQ22872,Carol,Williams,6.1,Rejected
CAND13834,REQ20750,Christopher,Lewis,2.6,Rejected
CAND13835,REQ00716,Brian,Parker,17.4,Hired
CAND13836,REQ18893,Trevor,Lopez,5.1,Rejected
CAND13837,REQ20163,Brandon,Richard,5.6,Rejected
CAND13838,REQ21291,Stacy,Clark,6.9,Rejected
CAND13839,REQ17656,Mark,Lawson,4.2,Rejected
CAND13840,REQ18266,Tina,Simpson,11.1,Offer Extended
CAND13841,REQ14771,Andrew,Gonzalez,14.4,Rejected
CAND13842,REQ15523,Jeanne,Watson,6.6,Rejected
CAND13843,REQ16794,Anthony,Hughes,15.2,Rejected
CAND13844,REQ10010,Bobby,Pena,8.2,Rejected
CAND13845,REQ18505,Jessica,Jones,5.3,Rejected
CAND13846,REQ04246,Amy,Sandoval,3.5,Rejected
CAND13847,REQ12704,Scott,Barry,10.7,Rejected
CAND13848,REQ23159,Brandon,Walton,17.0,Rejected
CAND13849,REQ20355,Emily,Mcdowell,10.6,Interviewing
CAND13850,REQ14942,Christopher,Patel,18.2,Rejected
CAND13851,REQ21107,Adam,Schneider,4.6,Rejected
CAND13852,REQ20128,John,Ramsey,1.4,Interviewing
CAND13853,REQ15789,George,Browning,17.0,Interviewing
CAND13854,REQ12665,Gary,Murphy,15.5,Rejected
CAND13855,REQ02165,Tamara,Hale,12.2,Rejected
CAND13856,REQ14488,Amy,Martinez,11.2,Interviewing
CAND13857,REQ09068,Jimmy,Hughes,14.6,Rejected
CAND13858,REQ07477,Michael,Lee,13.1,Rejected
CAND13859,REQ20943,Christopher,Fowler,7.4,Hired
CAND13860,REQ15857,David,Matthews,4.8,Rejected
CAND13861,REQ01517,Steven,Baker,15.7,Rejected
CAND13862,REQ01358,Teresa,Maxwell,18.9,Interviewing
CAND13863,REQ24219,David,Hernandez,16.6,Rejected
CAND13864,REQ06270,Justin,Patterson,11.4,Rejected
CAND13865,REQ03003,Jeffrey,Marsh,18.2,Rejected
CAND13866,REQ01107,Marc,Jenkins,15.0,Rejected
CAND13867,REQ01198,Frances,Sosa,2.9,Rejected
CAND13868,REQ12222,Melissa,Odonnell,7.9,Rejected
CAND13869,REQ16392,Heather,Richards,9.7,Rejected
CAND13870,REQ13060,Sarah,Le,14.0,Rejected
CAND13871,REQ07813,Paul,Jackson,13.1,Rejected
CAND13872,REQ10038,Alan,Hawkins,9.5,Hired
CAND13873,REQ24938,Dorothy,Stanley,5.8,Hired
CAND13874,REQ00544,Ricky,Richardson,7.1,Rejected
CAND13875,REQ20496,Brian,James,10.3,Rejected
CAND13876,REQ00916,Dana,Yoder,16.0,Rejected
CAND13877,REQ16324,Nicholas,Peters,10.4,Rejected
CAND13878,REQ07523,Elijah,Butler,16.2,Rejected
CAND13879,REQ11142,John,Wilson,13.5,Hired
CAND13880,REQ15853,Joanne,Cook,16.9,Rejected
CAND13881,REQ18314,Jason,Mullins,19.9,Rejected
CAND13882,REQ19793,Laura,Velez,9.9,Rejected
CAND13883,REQ22867,Jenna,Mendoza,6.1,Rejected
CAND13884,REQ20790,Jacqueline,Ferguson,7.0,Hired
CAND13885,REQ01405,Edwin,Alexander,12.1,Rejected
CAND13886,REQ10136,Susan,Phillips,8.5,Rejected
CAND13887,REQ11215,Renee,Neal,13.0,Hired
CAND13888,REQ11936,Christine,Craig,16.5,Rejected
CAND13889,REQ13993,Joseph,Hines,3.3,Rejected
CAND13890,REQ00952,Ian,Hunt,19.6,Rejected
CAND13891,REQ04226,Jessica,Navarro,6.1,Rejected
CAND13892,REQ04000,Anthony,Carter,10.9,Rejected
CAND13893,REQ24877,Kelly,Brock,12.9,Rejected
CAND13894,REQ16861,Timothy,Carr,11.6,Rejected
CAND13895,REQ08427,Heather,Simmons,8.1,Rejected
CAND13896,REQ18304,Jake,Baker,0.6,Rejected
CAND13897,REQ11201,Rodney,Miller,7.3,Hired
CAND13898,REQ05009,Brandon,Baker,18.6,Rejected
CAND13899,REQ24893,Travis,Mckinney,16.2,Rejected
CAND13900,REQ11215,Alexander,Sanchez,2.7,Hired
CAND13901,REQ12343,Raymond,Robinson,5.8,Interviewing
CAND13902,REQ02515,Rachel,Castillo,17.0,Rejected
CAND13903,REQ12620,Margaret,Nichols,12.9,Rejected
CAND13904,REQ17280,Alexander,Smith,16.7,Interviewing
CAND13905,REQ08931,Angela,Kim,1.5,Hired
CAND13906,REQ13595,Craig,Rich,15.1,Rejected
CAND13907,REQ01222,Michael,Gonzales,14.8,Rejected
CAND13908,REQ20548,Robert,Diaz,14.4,Rejected
CAND13909,REQ23439,Angela,Johnson,5.4,Rejected
CAND13910,REQ05243,Jessica,Garcia,16.0,Rejected
CAND13911,REQ24706,Leslie,Olson,10.6,Rejected
CAND13912,REQ24710,Kelly,Henry,11.0,Rejected
CAND13913,REQ03225,Lindsey,Jacobs,3.3,Rejected
CAND13914,REQ23174,Phillip,Vargas,4.5,Rejected
CAND13915,REQ14084,Jennifer,Rocha,18.0,Interviewing
CAND13916,REQ24189,Mitchell,Scott,12.0,Rejected
CAND13917,REQ17089,Scott,Kelley,16.5,Rejected
CAND13918,REQ04838,Lisa,Allen,7.7,Rejected
CAND13919,REQ19675,Nicole,Escobar,7.7,Interviewing
CAND13920,REQ22176,Shelley,Willis,9.1,Hired
CAND13921,REQ06691,Michael,Schaefer,9.0,Rejected
CAND13922,REQ10089,Emily,Klein,16.5,Rejected
CAND13923,REQ16076,Brenda,Williams,5.2,Rejected
CAND13924,REQ11189,Robert,David,5.5,Offer Extended
CAND13925,REQ00191,Alexandra,Howell,4.1,Rejected
CAND13926,REQ24937,Catherine,King,3.1,Rejected
CAND13927,REQ01123,Derek,Holt,16.1,Hired
CAND13928,REQ08465,Barbara,Nielsen,7.4,Rejected
CAND13929,REQ16257,Randy,Anderson,12.2,Rejected
CAND13930,REQ00761,Teresa,Atkins,1.4,Rejected
CAND13931,REQ24531,Jonathan,Grant,2.3,Offer Extended
CAND13932,REQ20591,Amy,Holland,10.3,Rejected
CAND13933,REQ16638,Victoria,Walker,0.3,Rejected
CAND13934,REQ24030,Rodney,Martinez,5.6,Rejected
CAND13935,REQ24526,David,Moore,3.7,Hired
CAND13936,REQ05943,Justin,Butler,6.8,Rejected
CAND13937,REQ02999,Louis,Gilbert,0.9,Interviewing
CAND13938,REQ08869,Angela,Fischer,8.3,Interviewing
CAND13939,REQ15718,Eric,Hamilton,1.0,Hired
CAND13940,REQ00228,Anna,Ewing,9.2,Rejected
CAND13941,REQ14797,Gregory,Tate,12.1,Rejected
CAND13942,REQ24720,Jessica,Bean,2.8,Rejected
CAND13943,REQ04505,Marcus,Jackson,15.6,Rejected
CAND13944,REQ14095,Justin,Davis,17.8,Rejected
CAND13945,REQ11690,Bailey,Smith,2.0,Rejected
CAND13946,REQ11166,Carlos,Juarez,11.6,Hired
CAND13947,REQ17933,Paul,Williams,18.3,Offer Extended
CAND13948,REQ12917,Justin,Diaz,10.4,Rejected
CAND13949,REQ03510,Brandon,Mueller,4.8,Rejected
CAND13950,REQ22970,Tyler,White,10.9,Rejected
CAND13951,REQ19773,James,Shepard,18.1,Rejected
CAND13952,REQ20959,Samuel,Butler,12.1,Rejected
CAND13953,REQ08341,Kathy,Wright,8.7,Rejected
CAND13954,REQ05163,James,White,16.2,Rejected
CAND13955,REQ15395,Lisa,Washington,16.6,Hired
CAND13956,REQ03656,Suzanne,White,0.5,Rejected
CAND13957,REQ07165,Dillon,Ryan,8.1,Rejected
CAND13958,REQ21674,Amy,Johnston,11.8,Interviewing
CAND13959,REQ10720,Ryan,Morris,20.0,Interviewing
CAND13960,REQ24395,Amy,Vaughn,9.5,Offer Extended
CAND13961,REQ17280,Sarah,Reynolds,19.6,Rejected
CAND13962,REQ07465,Aaron,Duncan,6.3,Rejected
CAND13963,REQ06590,Tyler,Perez,13.8,Rejected
CAND13964,REQ12457,Jennifer,Scott,18.9,Rejected
CAND13965,REQ23637,Brandon,Richardson,10.1,Interviewing
CAND13966,REQ23935,James,Ford,5.6,Interviewing
CAND13967,REQ20774,Gabriel,Guzman,2.4,Interviewing
CAND13968,REQ14699,Amber,Gardner,6.3,Rejected
CAND13969,REQ11799,Justin,Wells,5.2,Rejected
CAND13970,REQ10503,Phillip,Craig,12.1,Interviewing
CAND13971,REQ01523,Lori,Brooks,16.3,Rejected
CAND13972,REQ09058,Laura,Hull,5.0,Offer Extended
CAND13973,REQ03657,Richard,Romero,2.1,Rejected
CAND13974,REQ19631,Timothy,Hill,19.0,Rejected
CAND13975,REQ15569,Victor,Woods,2.3,Interviewing
CAND13976,REQ14646,Sabrina,Bowen,2.8,Interviewing
CAND13977,REQ01393,Susan,Nixon,8.1,Rejected
CAND13978,REQ24956,Timothy,Thompson,3.8,Rejected
CAND13979,REQ17846,Matthew,Pham,2.4,Rejected
CAND13980,REQ07130,Timothy,Vazquez,0.3,Interviewing
CAND13981,REQ24331,Cindy,Martinez,4.0,Interviewing
CAND13982,REQ07162,Kenneth,Moore,13.1,Rejected
CAND13983,REQ01297,Angela,Leonard,15.3,Rejected
CAND13984,REQ14536,Susan,Phillips,2.3,Rejected
CAND13985,REQ17318,Anna,Patrick,4.2,Interviewing
CAND13986,REQ10546,Vanessa,Cole,7.7,Rejected
CAND13987,REQ24058,Robert,Warren,16.1,Rejected
CAND13988,REQ24255,Brandon,Allen,1.5,Rejected
CAND13989,REQ13391,Emma,Taylor,10.1,Rejected
CAND13990,REQ02017,Kelly,Arroyo,1.2,Interviewing
CAND13991,REQ19637,Andrea,Roberts,8.4,Rejected
CAND13992,REQ14590,Mark,Bennett,18.2,Rejected
CAND13993,REQ03255,Melody,Watts,18.5,Offer Extended
CAND13994,REQ06534,Mackenzie,Torres,12.2,Interviewing
CAND13995,REQ14428,Thomas,Alexander,18.1,Rejected
CAND13996,REQ18751,Susan,Martinez,17.9,Rejected
CAND13997,REQ04362,David,Marquez,3.2,Interviewing
CAND13998,REQ06872,Erika,Miller,12.8,Interviewing
CAND13999,REQ15766,Joshua,Mendez,13.0,Rejected
CAND14000,REQ16384,Katrina,Lozano,6.0,Hired
CAND14001,REQ14614,Kevin,Richardson,15.1,Rejected
CAND14002,REQ12715,Stephanie,Ramsey,7.8,Rejected
CAND14003,REQ13499,Mario,Moore,0.2,Interviewing
CAND14004,REQ12715,Kelly,Obrien,19.8,Interviewing
CAND14005,REQ16023,Emily,Nolan,8.0,Rejected
CAND14006,REQ20136,Jay,Price,13.7,Rejected
CAND14007,REQ15768,Nathaniel,Torres,9.3,Rejected
CAND14008,REQ01788,Robert,Martinez,6.1,Rejected
CAND14009,REQ02957,Ashley,Wilson,17.5,Interviewing
CAND14010,REQ19996,Samuel,Reese,4.1,Rejected
CAND14011,REQ12103,Bradley,Jordan,16.6,Rejected
CAND14012,REQ21621,Austin,Weaver,5.9,Interviewing
CAND14013,REQ22205,Jennifer,Soto,19.3,Interviewing
CAND14014,REQ22689,Amber,Gilbert,11.4,Rejected
CAND14015,REQ01425,Katherine,Garcia,14.2,Rejected
CAND14016,REQ05851,Roger,Haney,11.5,Rejected
CAND14017,REQ10432,Danielle,Clark,12.3,Rejected
CAND14018,REQ07710,Andrea,Blair,14.1,Rejected
CAND14019,REQ00221,James,Jacobs,7.1,Rejected
CAND14020,REQ10868,Lisa,Schmidt,19.1,Hired
CAND14021,REQ22055,Megan,Jacobson,4.9,Rejected
CAND14022,REQ21323,Bridget,Walters,4.3,Offer Extended
CAND14023,REQ16968,Jill,Willis,2.4,Interviewing
CAND14024,REQ24332,Colton,Baker,18.7,Rejected
CAND14025,REQ06697,Amanda,Thomas,9.8,Offer Extended
CAND14026,REQ12710,Joshua,Miller,10.5,Interviewing
CAND14027,REQ04562,Joe,Schneider,13.9,Rejected
CAND14028,REQ23725,Nicole,Reyes,17.1,Rejected
CAND14029,REQ04114,Tonya,Oliver,11.7,Rejected
CAND14030,REQ23003,Maria,Jones,8.6,Interviewing
CAND14031,REQ02634,Michael,Lawrence,12.8,Interviewing
CAND14032,REQ10296,Kristina,Nixon,11.1,Rejected
CAND14033,REQ18782,Jonathan,Johnson,6.2,Rejected
CAND14034,REQ22232,Martha,Hull,0.2,Interviewing
CAND14035,REQ18484,Scott,Sawyer,8.8,Interviewing
CAND14036,REQ17916,Beverly,Martin,3.5,Rejected
CAND14037,REQ11948,Joseph,Rice,13.4,Rejected
CAND14038,REQ20838,Ashlee,Hayes,11.4,Rejected
CAND14039,REQ19527,Sarah,Watkins,11.8,Rejected
CAND14040,REQ00189,Kristen,Schmidt,0.9,Rejected
CAND14041,REQ18646,Jean,Romero,10.9,Rejected
CAND14042,REQ18476,Michael,Shepard,7.1,Rejected
CAND14043,REQ17529,Sara,Johns,12.5,Rejected
CAND14044,REQ11969,Michelle,Stewart,7.8,Rejected
CAND14045,REQ02992,Duane,Lewis,5.1,Rejected
CAND14046,REQ05184,Denise,Edwards,6.7,Rejected
CAND14047,REQ23932,Adam,Morton,4.1,Rejected
CAND14048,REQ17130,Adrian,Fuentes,0.4,Rejected
CAND14049,REQ20650,Barry,Bauer,3.6,Interviewing
CAND14050,REQ08351,Ashley,Russell,2.2,Rejected
CAND14051,REQ18508,Jordan,Hayes,9.2,Interviewing
CAND14052,REQ05513,Lauren,Lee,3.7,Rejected
CAND14053,REQ21740,Latoya,West,17.7,Rejected
CAND14054,REQ12077,Jessica,Mcknight,6.3,Hired
CAND14055,REQ06644,Melissa,Carlson,8.1,Rejected
CAND14056,REQ12179,Charles,Velazquez,7.3,Interviewing
CAND14057,REQ04590,Alexandra,Francis,7.4,Hired
CAND14058,REQ18010,Jesus,Morris,3.3,Rejected
CAND14059,REQ24849,Stacie,Jordan,19.6,Offer Extended
CAND14060,REQ01006,Leslie,Wright,6.8,Rejected
CAND14061,REQ17101,Darlene,Marquez,11.4,Hired
CAND14062,REQ19099,Latoya,Lamb,1.3,Rejected
CAND14063,REQ19660,Rachel,Hernandez,7.6,Rejected
CAND14064,REQ20663,Victoria,Daniel,3.9,Rejected
CAND14065,REQ17491,Katie,Baker,3.9,Rejected
CAND14066,REQ02622,Michael,Payne,2.7,Offer Extended
CAND14067,REQ11220,Katherine,Butler,3.0,Rejected
CAND14068,REQ13067,Glenn,Marks,10.5,Interviewing
CAND14069,REQ23547,Molly,Livingston,17.2,Hired
CAND14070,REQ09341,Jason,Lee,4.6,Rejected
CAND14071,REQ20777,Monica,Wood,7.0,Offer Extended
CAND14072,REQ10630,Sarah,Dorsey,14.1,Rejected
CAND14073,REQ06769,Kathleen,Walker,14.7,Rejected
CAND14074,REQ15578,John,Summers,8.8,Rejected
CAND14075,REQ20026,Jeffrey,Craig,6.9,Interviewing
CAND14076,REQ10478,Janet,Miller,10.9,Rejected
CAND14077,REQ19652,Angela,Gordon,11.7,Rejected
CAND14078,REQ23554,Julie,Perez,0.7,Rejected
CAND14079,REQ16239,Jonathan,Turner,15.9,Rejected
CAND14080,REQ22126,Monica,Simpson,5.0,Rejected
CAND14081,REQ00531,Brian,Massey,12.3,Rejected
CAND14082,REQ16358,Lauren,Ritter,9.1,Rejected
CAND14083,REQ06206,Samuel,Wilcox,18.5,Hired
CAND14084,REQ22646,Eric,Morgan,2.4,Rejected
CAND14085,REQ21099,Courtney,Orr,6.3,Rejected
CAND14086,REQ12171,Julie,Sanchez,2.6,Rejected
CAND14087,REQ01648,Matthew,Martinez,4.9,Interviewing
CAND14088,REQ02680,Randy,Wolf,4.6,Offer Extended
CAND14089,REQ08576,Rhonda,Garrett,6.5,Rejected
CAND14090,REQ03882,Jeffery,Bennett,13.9,Hired
CAND14091,REQ02386,Victoria,Flores,3.2,Offer Extended
CAND14092,REQ18408,Eric,Miller,4.7,Rejected
CAND14093,REQ16376,Joshua,Bennett,18.7,Rejected
CAND14094,REQ16822,Lisa,Price,19.3,Rejected
CAND14095,REQ13229,Melissa,Vega,18.6,Rejected
CAND14096,REQ01824,Jon,Lee,0.7,Rejected
CAND14097,REQ20971,Megan,Stewart,9.3,Rejected
CAND14098,REQ16112,Amy,Aguilar,12.1,Rejected
CAND14099,REQ24066,Veronica,Mejia,9.2,Rejected
CAND14100,REQ08385,Timothy,Rosales,9.5,Rejected
CAND14101,REQ06365,Kaitlyn,Powell,8.7,Rejected
CAND14102,REQ06358,Eric,Boyd,16.4,Rejected
CAND14103,REQ13552,Johnny,Lopez,3.6,Rejected
CAND14104,REQ12475,Richard,White,11.7,Rejected
CAND14105,REQ17417,Richard,Sullivan,7.2,Offer Extended
CAND14106,REQ08499,John,Rios,3.7,Interviewing
CAND14107,REQ18401,Brian,Forbes,1.2,Rejected
CAND14108,REQ01543,David,Estes,8.8,Hired
CAND14109,REQ24974,Patricia,Nguyen,13.1,Rejected
CAND14110,REQ09076,Kimberly,Contreras,2.4,Rejected
CAND14111,REQ24564,Shane,Farmer,2.0,Rejected
CAND14112,REQ05995,Misty,Duncan,11.5,Hired
CAND14113,REQ01626,John,Carroll,6.6,Rejected
CAND14114,REQ05361,Kevin,Bennett,8.5,Rejected
CAND14115,REQ23998,Victoria,Williams,15.6,Rejected
CAND14116,REQ13177,Kaylee,Murphy,18.7,Offer Extended
CAND14117,REQ05404,Lisa,Ruiz,4.4,Rejected
CAND14118,REQ00498,Shane,Sanders,17.7,Hired
CAND14119,REQ05113,Roberto,Becker,17.2,Interviewing
CAND14120,REQ15652,Stacie,Barnes,15.6,Offer Extended
CAND14121,REQ01701,William,Rush,12.7,Hired
CAND14122,REQ20004,Kelly,Elliott,3.7,Rejected
CAND14123,REQ20799,Linda,Jennings,1.0,Rejected
CAND14124,REQ21303,Rachel,Galvan,14.8,Offer Extended
CAND14125,REQ04500,Lauren,Roberts,6.8,Rejected
CAND14126,REQ11339,Morgan,Ferguson,17.7,Rejected
CAND14127,REQ10440,Chad,Hardy,6.1,Rejected
CAND14128,REQ04003,Brian,Phillips,14.4,Offer Extended
CAND14129,REQ24555,Jerry,Johnson,17.4,Rejected
CAND14130,REQ16247,Crystal,Anderson,2.2,Rejected
CAND14131,REQ18693,Rebecca,Underwood,13.7,Rejected
CAND14132,REQ22833,Laura,Mullins,4.2,Rejected
CAND14133,REQ12685,Russell,Mccarthy,3.2,Interviewing
CAND14134,REQ22683,Heather,Jefferson,18.0,Rejected
CAND14135,REQ21524,Brandon,Bishop,19.4,Rejected
CAND14136,REQ01369,Julie,Shannon,18.7,Rejected
CAND14137,REQ23369,Brad,Lang,15.7,Rejected
CAND14138,REQ09665,Ashley,Williams,9.6,Interviewing
CAND14139,REQ16631,Carolyn,Oneill,15.7,Rejected
CAND14140,REQ14059,Cassie,Stephens,18.5,Hired
CAND14141,REQ18550,Jason,Wood,0.1,Interviewing
CAND14142,REQ22105,Tristan,Allen,19.3,Rejected
CAND14143,REQ05095,Teresa,Mejia,15.9,Interviewing
CAND14144,REQ12220,Christopher,Thomas,0.8,Rejected
CAND14145,REQ23900,Kylie,Lawrence,4.2,Rejected
CAND14146,REQ20880,Robert,Jackson,17.8,Hired
CAND14147,REQ08129,George,Vaughn,18.1,Interviewing
CAND14148,REQ15047,Matthew,Powers,4.3,Rejected
CAND14149,REQ00683,Wesley,Navarro,6.7,Rejected
CAND14150,REQ15190,Joan,Conner,8.3,Rejected
CAND14151,REQ07516,Michael,Noble,14.2,Rejected
CAND14152,REQ14201,Amanda,Carter,4.5,Interviewing
CAND14153,REQ00179,Alejandra,Bender,10.1,Rejected
CAND14154,REQ16331,Lisa,Lopez,8.6,Rejected
CAND14155,REQ21790,Brittany,Walls,4.0,Rejected
CAND14156,REQ23378,Russell,Rogers,20.0,Rejected
CAND14157,REQ09881,Timothy,Ramirez,3.9,Rejected
CAND14158,REQ04538,Jessica,Norris,18.4,Rejected
CAND14159,REQ13126,Stephanie,Burns,9.4,Rejected
CAND14160,REQ22309,Samantha,Dunn,3.0,Rejected
CAND14161,REQ13487,Kristine,Paul,5.4,Rejected
CAND14162,REQ20096,Rebecca,Lynch,13.3,Rejected
CAND14163,REQ20746,John,Dawson,16.9,Interviewing
CAND14164,REQ15671,Bradley,Lowery,2.6,Interviewing
CAND14165,REQ04674,Michael,Acosta,19.3,Rejected
CAND14166,REQ22107,Erin,Warner,4.9,Rejected
CAND14167,REQ05939,Michael,Henderson,4.9,Rejected
CAND14168,REQ06869,Brenda,Bishop,11.8,Rejected
CAND14169,REQ13136,Ernest,Villa,15.5,Rejected
CAND14170,REQ20720,Michele,Browning,1.3,Interviewing
CAND14171,REQ20191,Joshua,Camacho,14.3,Rejected
CAND14172,REQ15177,Susan,Obrien,13.7,Interviewing
CAND14173,REQ22216,Kathryn,Reed,14.4,Interviewing
CAND14174,REQ05521,Frederick,Lucas,15.0,Rejected
CAND14175,REQ09135,Shelly,Garrison,3.9,Rejected
CAND14176,REQ22914,Kristina,Barker,18.7,Rejected
CAND14177,REQ10319,Jennifer,Hernandez,3.7,Rejected
CAND14178,REQ20118,Krista,Mccoy,0.6,Rejected
CAND14179,REQ05978,John,Chavez,6.8,Rejected
CAND14180,REQ21506,Eric,Thompson,17.9,Rejected
CAND14181,REQ15551,Kelli,Morgan,5.9,Rejected
CAND14182,REQ15910,Robert,Johnson,17.4,Rejected
CAND14183,REQ06890,Joshua,Fernandez,4.7,Rejected
CAND14184,REQ16669,Erika,Smith,5.6,Interviewing
CAND14185,REQ08505,Samantha,Watson,3.2,Rejected
CAND14186,REQ17540,Sarah,Sweeney,6.0,Hired
CAND14187,REQ12346,Raymond,Hammond,11.0,Rejected
CAND14188,REQ21787,Monique,Fox,6.8,Rejected
CAND14189,REQ13661,Donald,Maynard,0.4,Rejected
CAND14190,REQ04601,Michelle,Taylor,18.7,Rejected
CAND14191,REQ14508,Joseph,Yoder,5.3,Interviewing
CAND14192,REQ08544,Matthew,Mills,17.5,Rejected
CAND14193,REQ15739,Mario,Marquez,1.4,Rejected
CAND14194,REQ09574,Christopher,Jordan,5.7,Interviewing
CAND14195,REQ09520,Anna,Bird,11.9,Rejected
CAND14196,REQ16625,Kimberly,Schroeder,1.5,Rejected
CAND14197,REQ05964,Robert,Reynolds,10.5,Rejected
CAND14198,REQ16064,Kelly,Pena,14.1,Rejected
CAND14199,REQ18975,Stephanie,Tucker,17.7,Interviewing
CAND14200,REQ15787,Stacy,Clark,5.3,Rejected
CAND14201,REQ04595,Ricardo,Mccall,18.8,Hired
CAND14202,REQ01168,Benjamin,Lin,7.0,Rejected
CAND14203,REQ16636,Brian,Salazar,12.0,Rejected
CAND14204,REQ18530,Tricia,Miller,14.3,Rejected
CAND14205,REQ14169,Shelly,Norman,15.4,Rejected
CAND14206,REQ01504,Wayne,Wright,4.1,Rejected
CAND14207,REQ12464,Sherry,Powell,1.5,Rejected
CAND14208,REQ04035,Stephanie,Johnson,17.3,Rejected
CAND14209,REQ10200,Debra,Lewis,14.2,Rejected
CAND14210,REQ23436,Jon,Golden,13.3,Interviewing
CAND14211,REQ17935,Daniel,Williams,8.3,Rejected
CAND14212,REQ04462,Molly,Cameron,3.7,Rejected
CAND14213,REQ16453,Christina,Martin,15.4,Rejected
CAND14214,REQ03188,Tina,Potter,17.0,Rejected
CAND14215,REQ23625,Kurt,Brown,16.4,Rejected
CAND14216,REQ15648,Stephen,Murphy,16.6,Rejected
CAND14217,REQ20318,Melissa,Scott,4.3,Offer Extended
CAND14218,REQ13496,William,Clark,9.6,Rejected
CAND14219,REQ09029,Gregory,Saunders,3.2,Rejected
CAND14220,REQ17594,Warren,Day,4.9,Rejected
CAND14221,REQ24438,Jennifer,Jones,1.1,Rejected
CAND14222,REQ19917,Scott,Kelly,10.3,Hired
CAND14223,REQ16312,Taylor,Cooper,11.4,Rejected
CAND14224,REQ01275,David,Jackson,13.4,Rejected
CAND14225,REQ05581,Rachel,Wright,8.6,Offer Extended
CAND14226,REQ21216,Kim,Meadows,0.8,Rejected
CAND14227,REQ11026,Robert,Grimes,5.4,Rejected
CAND14228,REQ22784,Susan,King,17.7,Interviewing
CAND14229,REQ04125,Frederick,Harris,9.9,Rejected
CAND14230,REQ11130,Alicia,Lopez,17.6,Rejected
CAND14231,REQ12261,Daniel,Harrington,15.3,Rejected
CAND14232,REQ00654,Megan,Day,12.6,Hired
CAND14233,REQ19119,Jorge,Rodriguez,11.2,Interviewing
CAND14234,REQ12085,Brenda,White,14.7,Rejected
CAND14235,REQ22021,Christopher,Berry,19.2,Hired
CAND14236,REQ03884,Patrick,French,8.9,Hired
CAND14237,REQ24016,Jacob,Murphy,11.9,Hired
CAND14238,REQ09681,Kathryn,Williams,5.2,Rejected
CAND14239,REQ13021,Holly,Rivera,17.6,Rejected
CAND14240,REQ17719,Danny,Mclaughlin,4.1,Rejected
CAND14241,REQ01970,Megan,Wilson,18.0,Rejected
CAND14242,REQ00262,Sean,Gonzalez,1.9,Rejected
CAND14243,REQ22464,Jesse,Shaw,3.1,Rejected
CAND14244,REQ15155,Wendy,Bailey,14.5,Rejected
CAND14245,REQ13057,Christopher,Lopez,4.6,Rejected
CAND14246,REQ24363,Jeremy,Cohen,10.6,Rejected
CAND14247,REQ05501,Michael,Henry,15.5,Rejected
CAND14248,REQ02569,Cynthia,Thomas,1.7,Rejected
CAND14249,REQ15340,Justin,Gonzalez,17.3,Rejected
CAND14250,REQ08482,Theodore,Barnes,10.8,Rejected
CAND14251,REQ20313,Brett,Beck,2.7,Rejected
CAND14252,REQ12603,Brenda,Clark,19.2,Rejected
CAND14253,REQ21486,Luis,Barber,11.0,Rejected
CAND14254,REQ12595,Jacob,Hickman,17.6,Rejected
CAND14255,REQ18515,John,Hodges,3.8,Interviewing
CAND14256,REQ23491,Alyssa,Harper,16.7,Rejected
CAND14257,REQ16986,Robert,Carrillo,10.4,Interviewing
CAND14258,REQ02841,Michael,Lewis,15.3,Rejected
CAND14259,REQ13973,Lauren,Smith,5.7,Rejected
CAND14260,REQ03294,Chris,Jones,15.8,Rejected
CAND14261,REQ20153,Ashley,Brooks,11.2,Rejected
CAND14262,REQ24861,Ronald,Newton,5.4,Rejected
CAND14263,REQ07344,Nichole,Mathews,11.2,Rejected
CAND14264,REQ14888,James,Vaughn,12.3,Rejected
CAND14265,REQ15088,Austin,Shaw,1.9,Rejected
CAND14266,REQ05066,Joseph,Mcpherson,9.1,Hired
CAND14267,REQ05807,Michael,Alvarez,19.7,Rejected
CAND14268,REQ20112,Kathryn,Aguilar,12.4,Rejected
CAND14269,REQ09030,Heidi,Sherman,16.7,Rejected
CAND14270,REQ10923,Kristi,Miller,11.7,Interviewing
CAND14271,REQ09853,Thomas,Pena,5.1,Interviewing
CAND14272,REQ21481,Michael,Ochoa,1.4,Rejected
CAND14273,REQ13673,James,Herrera,14.2,Rejected
CAND14274,REQ03097,Lawrence,Acosta,14.4,Rejected
CAND14275,REQ03913,Diana,Hall,15.4,Interviewing
CAND14276,REQ00404,Brian,Burton,6.0,Rejected
CAND14277,REQ02926,Laura,Jones,8.0,Rejected
CAND14278,REQ21615,Tina,Smith,3.7,Rejected
CAND14279,REQ07881,Anita,Coleman,17.0,Offer Extended
CAND14280,REQ01070,Michael,Marshall,13.0,Offer Extended
CAND14281,REQ03306,Monique,Hendricks,13.4,Rejected
CAND14282,REQ20863,Eric,Norris,16.2,Interviewing
CAND14283,REQ01694,Mark,Mcmahon,8.5,Rejected
CAND14284,REQ02443,Anthony,Brooks,18.2,Interviewing
CAND14285,REQ03613,Timothy,Huang,18.7,Interviewing
CAND14286,REQ04359,Joshua,Jones,7.6,Interviewing
CAND14287,REQ15711,Donald,Smith,8.6,Interviewing
CAND14288,REQ10699,Mark,Murray,4.6,Interviewing
CAND14289,REQ08967,Christopher,Stephens,18.4,Offer Extended
CAND14290,REQ15127,Lindsay,Davis,6.7,Hired
CAND14291,REQ24423,Rebekah,Patterson,9.0,Rejected
CAND14292,REQ00894,Donald,Leonard,15.0,Interviewing
CAND14293,REQ07783,Ryan,Riley,17.1,Rejected
CAND14294,REQ15598,Kevin,Warren,1.0,Interviewing
CAND14295,REQ15314,Zachary,Turner,16.8,Rejected
CAND14296,REQ19536,Taylor,Raymond,7.9,Rejected
CAND14297,REQ22826,Emily,Hinton,12.8,Rejected
CAND14298,REQ09872,Paul,Myers,12.5,Rejected
CAND14299,REQ00349,Philip,Chavez,12.7,Rejected
CAND14300,REQ13269,Adrian,Kent,12.9,Rejected
CAND14301,REQ04408,Austin,Farmer,14.7,Rejected
CAND14302,REQ20925,Nicholas,Pham,6.7,Rejected
CAND14303,REQ20865,Thomas,Mccoy,1.2,Rejected
CAND14304,REQ11773,Terri,Price,18.2,Rejected
CAND14305,REQ13928,Ryan,Ortiz,7.8,Rejected
CAND14306,REQ01232,Kevin,Walker,15.9,Rejected
CAND14307,REQ00131,Jesus,Berger,7.7,Interviewing
CAND14308,REQ13273,Matthew,Banks,7.6,Hired
CAND14309,REQ08950,Douglas,Peterson,2.6,Rejected
CAND14310,REQ15630,Erica,Ritter,8.8,Hired
CAND14311,REQ16722,Jaime,Johnson,13.7,Rejected
CAND14312,REQ18701,Jill,Larson,19.9,Rejected
CAND14313,REQ10537,Robin,Brady,16.7,Rejected
CAND14314,REQ18332,Eric,Bridges,4.4,Rejected
CAND14315,REQ01804,Jodi,Lindsey,2.2,Interviewing
CAND14316,REQ11036,Evan,Alexander,8.4,Rejected
CAND14317,REQ05223,Ralph,Boyd,10.7,Hired
CAND14318,REQ00442,Donna,Bird,12.9,Rejected
CAND14319,REQ10486,Mary,James,19.4,Interviewing
CAND14320,REQ18511,James,Wilson,5.1,Rejected
CAND14321,REQ06505,Kathy,Moore,9.8,Rejected
CAND14322,REQ10129,Jeffrey,Harris,5.2,Rejected
CAND14323,REQ05021,Nicholas,Brown,8.8,Rejected
CAND14324,REQ16944,Katie,Baker,6.7,Interviewing
CAND14325,REQ04877,Cheryl,Rogers,1.3,Rejected
CAND14326,REQ23913,Derek,Simmons,16.0,Rejected
CAND14327,REQ04734,Daniel,Landry,6.6,Rejected
CAND14328,REQ05250,Robert,Ross,7.3,Rejected
CAND14329,REQ17057,Julie,Gray,7.4,Rejected
CAND14330,REQ17092,Charles,Cruz,13.5,Rejected
CAND14331,REQ05834,Christopher,Martinez,13.3,Rejected
CAND14332,REQ18950,Erica,Parker,9.7,Rejected
CAND14333,REQ15586,Sherry,Scott,11.7,Rejected
CAND14334,REQ21762,Andrew,Jones,19.8,Rejected
CAND14335,REQ05135,Andrew,Welch,1.9,Interviewing
CAND14336,REQ19469,Stacey,Collins,6.1,Rejected
CAND14337,REQ22932,Michael,Hill,17.8,Rejected
CAND14338,REQ19331,Alison,Schmitt,18.3,Rejected
CAND14339,REQ03957,Cory,Anderson,14.1,Rejected
CAND14340,REQ05355,Elizabeth,Kennedy,4.0,Rejected
CAND14341,REQ13756,Michelle,Kaufman,17.8,Offer Extended
CAND14342,REQ03290,Charles,Nelson,4.4,Rejected
CAND14343,REQ09718,Rebekah,Mccormick,10.0,Hired
CAND14344,REQ17594,Melanie,Wright,10.3,Rejected
CAND14345,REQ10932,Mary,Edwards,16.9,Rejected
CAND14346,REQ01056,Mariah,Baldwin,14.3,Interviewing
CAND14347,REQ04931,Seth,Contreras,16.3,Interviewing
CAND14348,REQ19890,Kimberly,Bowen,6.5,Interviewing
CAND14349,REQ13247,Daniel,Mack,15.4,Rejected
CAND14350,REQ19495,Heather,Valencia,9.1,Interviewing
CAND14351,REQ01293,Debra,Patterson,1.0,Rejected
CAND14352,REQ19123,John,Lopez,6.1,Rejected
CAND14353,REQ21200,Shannon,Burns,6.9,Rejected
CAND14354,REQ20925,Ashley,Smith,2.6,Rejected
CAND14355,REQ15145,Michael,Ray,17.6,Rejected
CAND14356,REQ05001,John,Holmes,7.2,Rejected
CAND14357,REQ01588,Gabrielle,Moyer,3.4,Interviewing
CAND14358,REQ07570,Kristina,Benton,11.4,Interviewing
CAND14359,REQ24495,Michele,Delacruz,13.7,Rejected
CAND14360,REQ00562,Devon,Kelly,6.7,Rejected
CAND14361,REQ22340,Corey,Garcia,6.2,Interviewing
CAND14362,REQ12796,Heather,Wagner,3.9,Hired
CAND14363,REQ07247,Sean,Ashley,13.2,Rejected
CAND14364,REQ07091,Laura,Sexton,12.7,Rejected
CAND14365,REQ10353,Heather,Smith,14.5,Rejected
CAND14366,REQ23730,Jodi,Robinson,12.4,Rejected
CAND14367,REQ12824,Jeffrey,Stout,16.0,Offer Extended
CAND14368,REQ07216,Christopher,Tucker,16.1,Rejected
CAND14369,REQ24440,Lucas,Hart,1.2,Rejected
CAND14370,REQ17125,Nicole,Potter,14.8,Rejected
CAND14371,REQ10225,Jessica,Cooper,3.6,Rejected
CAND14372,REQ04579,Tammy,Bates,18.2,Rejected
CAND14373,REQ02801,Margaret,Davis,5.6,Rejected
CAND14374,REQ07856,Kimberly,Francis,15.5,Rejected
CAND14375,REQ15521,Craig,Collins,17.3,Interviewing
CAND14376,REQ20844,Eddie,Smith,9.3,Rejected
CAND14377,REQ15589,James,Larson,17.9,Rejected
CAND14378,REQ06877,Angie,Davis,1.9,Offer Extended
CAND14379,REQ08863,Theodore,Black,6.9,Rejected
CAND14380,REQ24231,Joseph,Fisher,17.7,Rejected
CAND14381,REQ03555,Hannah,Goodwin,5.4,Rejected
CAND14382,REQ05752,Ariana,Key,16.3,Rejected
CAND14383,REQ18423,Lori,Hardy,15.6,Rejected
CAND14384,REQ24323,William,Allen,6.5,Rejected
CAND14385,REQ13510,Lauren,Torres,3.4,Rejected
CAND14386,REQ19549,Jillian,Bond,7.7,Hired
CAND14387,REQ09887,Steve,Stevenson,18.1,Rejected
CAND14388,REQ23904,Jeremy,Jones,16.4,Rejected
CAND14389,REQ09587,Michael,Pitts,18.9,Rejected
CAND14390,REQ06800,Heather,Sullivan,8.8,Rejected
CAND14391,REQ11860,Karen,Cook,9.0,Rejected
CAND14392,REQ23273,Michaela,Walker,6.3,Rejected
CAND14393,REQ17523,Amy,Brooks,15.4,Rejected
CAND14394,REQ17816,James,Miller,5.6,Interviewing
CAND14395,REQ13534,Cody,White,7.5,Rejected
CAND14396,REQ00140,Patricia,Hughes,3.3,Rejected
CAND14397,REQ18841,Brittany,Hobbs,15.4,Rejected
CAND14398,REQ08648,Kenneth,Mosley,19.7,Rejected
CAND14399,REQ17870,Amanda,Garcia,6.4,Interviewing
CAND14400,REQ01680,Douglas,Stanton,6.5,Rejected
CAND14401,REQ24711,Sherri,Miller,9.4,Rejected
CAND14402,REQ09972,Connie,Thompson,15.1,Rejected
CAND14403,REQ22695,Angel,Smith,8.8,Rejected
CAND14404,REQ14627,Jeffery,Martin,14.5,Rejected
CAND14405,REQ11955,Kellie,Dawson,9.4,Rejected
CAND14406,REQ11246,Wayne,Nelson,0.2,Rejected
CAND14407,REQ03073,Hannah,Patterson,16.1,Interviewing
CAND14408,REQ20358,Beth,Ramirez,12.0,Rejected
CAND14409,REQ03071,Philip,Martinez,18.5,Rejected
CAND14410,REQ10555,Corey,Hernandez,3.8,Interviewing
CAND14411,REQ01550,Kristen,Robinson,15.2,Rejected
CAND14412,REQ07454,Joshua,Hanson,16.3,Rejected
CAND14413,REQ22029,Angela,Buckley,12.8,Interviewing
CAND14414,REQ00053,Jennifer,Shepard,9.4,Rejected
CAND14415,REQ09536,Carol,Gill,17.6,Rejected
CAND14416,REQ22426,Paul,Owens,0.0,Rejected
CAND14417,REQ14085,Erika,Sutton,16.6,Rejected
CAND14418,REQ12173,Stephanie,Parker,6.7,Rejected
CAND14419,REQ06838,Melissa,Savage,1.9,Rejected
CAND14420,REQ13940,Andrew,Rodriguez,16.4,Rejected
CAND14421,REQ24504,Kimberly,Massey,5.5,Rejected
CAND14422,REQ07490,Natalie,Sanders,7.5,Rejected
CAND14423,REQ21163,Richard,Nolan,5.8,Rejected
CAND14424,REQ17094,Darren,Shah,16.9,Interviewing
CAND14425,REQ06053,Lori,Perkins,8.0,Rejected
CAND14426,REQ15336,Alicia,Cooper,1.3,Rejected
CAND14427,REQ10884,Jason,Lopez,1.6,Rejected
CAND14428,REQ00623,John,Yang,11.9,Rejected
CAND14429,REQ05580,Bruce,Parker,5.4,Interviewing
CAND14430,REQ14039,Juan,Carrillo,5.6,Interviewing
CAND14431,REQ12954,Wendy,Russell,13.8,Offer Extended
CAND14432,REQ23500,Teresa,Melton,10.9,Rejected
CAND14433,REQ02865,Jacob,Bowers,12.9,Rejected
CAND14434,REQ06235,Melanie,Griffin,8.2,Rejected
CAND14435,REQ01236,Robert,Friedman,17.0,Rejected
CAND14436,REQ18943,Julian,May,12.5,Rejected
CAND14437,REQ17761,Courtney,Thompson,19.1,Rejected
CAND14438,REQ23759,Deborah,Hoover,5.0,Rejected
CAND14439,REQ12049,Mary,Burns,2.4,Rejected
CAND14440,REQ04344,Christopher,Raymond,11.0,Interviewing
CAND14441,REQ03951,Jason,Henderson,19.1,Rejected
CAND14442,REQ18570,John,Guzman,9.9,Rejected
CAND14443,REQ13368,Edward,Pacheco,18.3,Hired
CAND14444,REQ18694,Jeffrey,Simon,12.5,Hired
CAND14445,REQ20145,Joseph,Smith,17.8,Rejected
CAND14446,REQ11243,Kimberly,Dean,18.7,Rejected
CAND14447,REQ08049,Jeremy,Fitzpatrick,9.8,Interviewing
CAND14448,REQ14818,Jennifer,Shields,8.3,Rejected
CAND14449,REQ24698,Elizabeth,Cunningham,11.0,Rejected
CAND14450,REQ23651,Marcus,Stewart,6.1,Rejected
CAND14451,REQ19957,Kenneth,Edwards,1.8,Rejected
CAND14452,REQ04318,Ronnie,Tucker,20.0,Rejected
CAND14453,REQ23573,Susan,Gonzalez,18.7,Offer Extended
CAND14454,REQ17966,Christopher,Gordon,18.9,Rejected
CAND14455,REQ17089,Jill,Lawson,0.2,Rejected
CAND14456,REQ07513,Jordan,Bennett,16.0,Hired
CAND14457,REQ05799,Sherry,Watkins,6.7,Hired
CAND14458,REQ10303,Christine,Hill,0.6,Rejected
CAND14459,REQ08011,Jacob,Johnson,15.3,Rejected
CAND14460,REQ20994,James,Avery,5.5,Rejected
CAND14461,REQ00085,Joel,Roy,8.1,Hired
CAND14462,REQ23308,Bryce,White,13.0,Rejected
CAND14463,REQ24931,Janice,Stevenson,7.6,Rejected
CAND14464,REQ08804,Michelle,Zavala,7.9,Hired
CAND14465,REQ09592,Philip,Thomas,8.1,Rejected
CAND14466,REQ20725,Madeline,Ball,19.9,Hired
CAND14467,REQ12536,Tammy,Mack,0.8,Hired
CAND14468,REQ05720,Gregory,Sanchez,14.2,Rejected
CAND14469,REQ11218,Jared,White,0.1,Rejected
CAND14470,REQ21433,Amy,Rodriguez,9.5,Interviewing
CAND14471,REQ02415,Joseph,Petty,6.3,Rejected
CAND14472,REQ12927,Mark,French,2.6,Rejected
CAND14473,REQ08776,Joshua,Rocha,17.2,Offer Extended
CAND14474,REQ23987,Daniel,Santos,2.4,Rejected
CAND14475,REQ07709,Timothy,Larson,13.8,Rejected
CAND14476,REQ04727,Jason,Ortiz,19.7,Hired
CAND14477,REQ16943,Olivia,Ramos,11.6,Rejected
CAND14478,REQ05200,Angela,Rollins,16.8,Rejected
CAND14479,REQ16049,David,Whitaker,17.4,Rejected
CAND14480,REQ19700,Michael,Phillips,13.9,Rejected
CAND14481,REQ15190,Mary,Taylor,17.2,Interviewing
CAND14482,REQ10649,Kevin,Campbell,0.9,Rejected
CAND14483,REQ03293,Amanda,Gallagher,13.9,Rejected
CAND14484,REQ01551,Michael,Ortiz,2.1,Hired
CAND14485,REQ01304,Susan,Jackson,12.2,Rejected
CAND14486,REQ10290,William,Soto,11.1,Interviewing
CAND14487,REQ18600,Mario,Rodriguez,4.1,Rejected
CAND14488,REQ00353,Arthur,Morgan,18.1,Rejected
CAND14489,REQ09326,Anna,Boyd,13.5,Rejected
CAND14490,REQ24910,Brandon,Fox,2.6,Rejected
CAND14491,REQ22867,Felicia,Zuniga,6.5,Rejected
CAND14492,REQ08343,Mark,Salazar,2.2,Rejected
CAND14493,REQ04765,Andrew,Jenkins,12.1,Rejected
CAND14494,REQ00392,Kristin,Montgomery,11.5,Hired
CAND14495,REQ02610,Bobby,Smith,5.5,Hired
CAND14496,REQ24123,Anthony,Lin,9.6,Offer Extended
CAND14497,REQ16647,Angela,Johnson,19.1,Rejected
CAND14498,REQ17026,Robert,Jones,9.4,Hired
CAND14499,REQ19615,Jacob,Haynes,6.9,Rejected
CAND14500,REQ02137,Craig,Robinson,18.7,Interviewing
CAND14501,REQ18612,Jasmine,Thomas,14.1,Offer Extended
CAND14502,REQ13247,Christy,Daniel,14.8,Rejected
CAND14503,REQ22701,Joseph,Green,7.8,Rejected
CAND14504,REQ21849,Valerie,Camacho,9.9,Rejected
CAND14505,REQ13197,Angela,Pittman,14.0,Rejected
CAND14506,REQ03420,Caleb,Freeman,5.7,Rejected
CAND14507,REQ16518,Selena,Gomez,7.2,Rejected
CAND14508,REQ21070,Christine,Johnson,5.2,Rejected
CAND14509,REQ00062,Kathryn,Nguyen,7.9,Rejected
CAND14510,REQ22793,Kenneth,Jimenez,14.1,Rejected
CAND14511,REQ03665,Jose,Bird,9.2,Interviewing
CAND14512,REQ01229,Joshua,Hill,1.2,Rejected
CAND14513,REQ06609,Cathy,Chang,20.0,Rejected
CAND14514,REQ17317,Judith,Kelly,2.9,Rejected
CAND14515,REQ18217,Robert,Brooks,5.1,Hired
CAND14516,REQ16234,Jacob,Fox,18.1,Rejected
CAND14517,REQ08382,Laurie,Taylor,17.8,Rejected
CAND14518,REQ02255,Donna,Rojas,18.5,Offer Extended
CAND14519,REQ19493,Jennifer,Beard,11.4,Interviewing
CAND14520,REQ02011,Catherine,Whitaker,19.2,Interviewing
CAND14521,REQ04539,Holly,Mckenzie,2.9,Rejected
CAND14522,REQ01636,Derrick,Bryant,10.8,Rejected
CAND14523,REQ23180,Julia,Jennings,5.5,Rejected
CAND14524,REQ07530,Patricia,Stafford,18.1,Interviewing
CAND14525,REQ22139,Janet,Ponce,4.2,Rejected
CAND14526,REQ19973,Nicholas,Miles,4.1,Interviewing
CAND14527,REQ17819,Paula,Morales,10.2,Rejected
CAND14528,REQ12105,Austin,Brandt,2.7,Rejected
CAND14529,REQ22680,Mark,Johnson,16.1,Offer Extended
CAND14530,REQ19364,Steven,Young,4.1,Hired
CAND14531,REQ17028,Jennifer,Oneal,8.4,Rejected
CAND14532,REQ15528,Christine,Freeman,11.1,Hired
CAND14533,REQ10917,Joseph,Taylor,12.5,Rejected
CAND14534,REQ07376,Andrea,Townsend,7.1,Offer Extended
CAND14535,REQ14426,Charles,Turner,10.3,Rejected
CAND14536,REQ06628,Melissa,Garcia,11.3,Rejected
CAND14537,REQ20677,Justin,Arias,15.1,Offer Extended
CAND14538,REQ21565,Brian,Rice,13.1,Interviewing
CAND14539,REQ15664,Thomas,Hamilton,7.5,Rejected
CAND14540,REQ19747,Justin,Tate,14.4,Hired
CAND14541,REQ03796,Claire,Lopez,9.4,Rejected
CAND14542,REQ24504,Gregory,Jensen,11.6,Rejected
CAND14543,REQ01199,Katelyn,Cohen,2.2,Hired
CAND14544,REQ16487,Bruce,Bailey,7.1,Rejected
CAND14545,REQ06311,Michael,Walker,0.6,Rejected
CAND14546,REQ11057,Charles,Sutton,7.9,Rejected
CAND14547,REQ05668,Craig,Martinez,8.8,Rejected
CAND14548,REQ15394,Robert,Castillo,18.0,Rejected
CAND14549,REQ12109,Christopher,Massey,14.1,Rejected
CAND14550,REQ18122,Linda,King,14.3,Interviewing
CAND14551,REQ03449,Shane,Blair,16.3,Rejected
CAND14552,REQ17331,Jennifer,Miller,16.3,Rejected
CAND14553,REQ07476,Allison,Gonzales,2.5,Rejected
CAND14554,REQ23001,Rachel,Mcbride,14.2,Rejected
CAND14555,REQ08527,Scott,Smith,19.5,Offer Extended
CAND14556,REQ01997,Susan,Myers,15.5,Rejected
CAND14557,REQ04721,Daniel,Goodman,5.2,Rejected
CAND14558,REQ15535,Stephanie,Erickson,9.8,Interviewing
CAND14559,REQ21946,Christina,Thomas,16.5,Rejected
CAND14560,REQ24814,Christopher,Moreno,14.6,Hired
CAND14561,REQ05600,Gary,Wall,11.8,Rejected
CAND14562,REQ20676,William,Fleming,5.1,Rejected
CAND14563,REQ24957,Courtney,Brady,3.8,Offer Extended
CAND14564,REQ19576,Tammy,Blake,7.0,Interviewing
CAND14565,REQ16610,Travis,Moore,11.0,Offer Extended
CAND14566,REQ17364,Anthony,Brown,7.0,Rejected
CAND14567,REQ03360,Patrick,Cain,10.9,Rejected
CAND14568,REQ13514,Danielle,Randolph,12.2,Rejected
CAND14569,REQ14373,Katherine,Johnson,18.8,Rejected
CAND14570,REQ02857,Alexander,Edwards,12.1,Offer Extended
CAND14571,REQ17064,Andrew,Patel,6.1,Rejected
CAND14572,REQ09880,Christina,Burton,1.7,Rejected
CAND14573,REQ23468,Lisa,Guerrero,14.2,Rejected
CAND14574,REQ04451,Mary,Escobar,10.7,Rejected
CAND14575,REQ17855,Shannon,Diaz,19.5,Rejected
CAND14576,REQ19065,Jacob,Fleming,15.9,Rejected
CAND14577,REQ07777,Benjamin,Cooke,14.2,Rejected
CAND14578,REQ01560,Nathan,Leblanc,10.7,Interviewing
CAND14579,REQ20214,Tracy,Smith,1.5,Hired
CAND14580,REQ06283,Holly,Robertson,4.4,Rejected
CAND14581,REQ17117,Dale,Wallace,8.6,Interviewing
CAND14582,REQ03537,Dalton,Arellano,9.5,Rejected
CAND14583,REQ00905,Samantha,Morris,19.4,Hired
CAND14584,REQ10250,Sandra,Oliver,10.3,Rejected
CAND14585,REQ12109,Michael,Perez,0.7,Rejected
CAND14586,REQ05758,Matthew,Yu,9.2,Interviewing
CAND14587,REQ09815,Mike,Smith,13.5,Interviewing
CAND14588,REQ06514,Keith,Salazar,12.0,Rejected
CAND14589,REQ06287,Connor,Hurst,10.9,Interviewing
CAND14590,REQ18755,Kathleen,Elliott,1.5,Interviewing
CAND14591,REQ12293,Franklin,Moore,8.6,Rejected
CAND14592,REQ18977,Scott,Sellers,5.2,Hired
CAND14593,REQ13598,Jacqueline,Murphy,7.1,Rejected
CAND14594,REQ00145,Jessica,Buckley,11.0,Interviewing
CAND14595,REQ24808,Jason,Kelly,12.3,Rejected
CAND14596,REQ10255,Thomas,Avery,7.3,Interviewing
CAND14597,REQ00769,Sandra,Nicholson,10.3,Rejected
CAND14598,REQ14835,Emily,Williams,14.2,Rejected
CAND14599,REQ20326,Jennifer,Miller,17.1,Hired
CAND14600,REQ18581,Melanie,Mills,15.4,Rejected
CAND14601,REQ14304,Sarah,Navarro,13.2,Rejected
CAND14602,REQ08403,Michael,Evans,12.2,Hired
CAND14603,REQ00475,Anthony,Watson,15.2,Rejected
CAND14604,REQ24816,Nicole,Garcia,18.2,Rejected
CAND14605,REQ00303,Jermaine,Torres,5.4,Rejected
CAND14606,REQ04433,Christina,Robinson,19.8,Rejected
CAND14607,REQ01220,Debra,Wilson,17.3,Offer Extended
CAND14608,REQ21552,Denise,Hobbs,0.5,Rejected
CAND14609,REQ18874,Laura,Lopez,16.6,Rejected
CAND14610,REQ22771,Ariel,Keller,5.8,Rejected
CAND14611,REQ09787,Melissa,Davis,2.7,Interviewing
CAND14612,REQ09993,Willie,Mccullough,1.3,Hired
CAND14613,REQ03362,Dan,Hall,1.2,Interviewing
CAND14614,REQ18586,Elizabeth,Schaefer,12.7,Rejected
CAND14615,REQ23449,James,Rodriguez,9.0,Rejected
CAND14616,REQ20636,Juan,Robinson,18.2,Rejected
CAND14617,REQ02284,Angela,Flores,17.9,Interviewing
CAND14618,REQ23264,Karina,Pacheco,3.4,Rejected
CAND14619,REQ13553,Michelle,Arias,17.5,Interviewing
CAND14620,REQ13641,Tina,Carson,17.8,Interviewing
CAND14621,REQ06882,Michael,Morales,1.2,Interviewing
CAND14622,REQ20608,Travis,Miller,4.3,Rejected
CAND14623,REQ13766,Alex,Frey,0.4,Rejected
CAND14624,REQ09807,Michelle,Edwards,7.1,Offer Extended
CAND14625,REQ04597,Anna,Cole,0.4,Rejected
CAND14626,REQ02279,John,Hart,11.6,Rejected
CAND14627,REQ16581,Melinda,Elliott,5.2,Rejected
CAND14628,REQ09909,Marissa,Turner,6.4,Rejected
CAND14629,REQ07586,Richard,Sanford,12.6,Rejected
CAND14630,REQ05740,Sara,Stewart,1.3,Hired
CAND14631,REQ12366,Mike,Lawrence,16.6,Rejected
CAND14632,REQ09520,Zachary,Stokes,16.8,Rejected
CAND14633,REQ22531,Jason,Sherman,7.2,Rejected
CAND14634,REQ03602,David,Goodman,6.8,Rejected
CAND14635,REQ05482,Walter,Ferguson,10.4,Rejected
CAND14636,REQ11695,Nicole,Wright,6.1,Rejected
CAND14637,REQ15135,Brenda,Hunter,3.1,Hired
CAND14638,REQ13467,Melinda,Smith,8.2,Rejected
CAND14639,REQ06720,Jennifer,Tyler,2.7,Rejected
CAND14640,REQ19304,David,Allen,17.0,Rejected
CAND14641,REQ23435,Miguel,Duncan,3.1,Interviewing
CAND14642,REQ17679,Charles,Ayers,4.4,Interviewing
CAND14643,REQ13499,Daniel,Hines,18.8,Hired
CAND14644,REQ21576,Justin,Harvey,13.0,Rejected
CAND14645,REQ13354,Sean,Mcknight,11.9,Hired
CAND14646,REQ22389,Eric,Evans,15.2,Rejected
CAND14647,REQ19282,Anthony,Woodward,14.0,Interviewing
CAND14648,REQ16085,Mark,Santiago,2.6,Rejected
CAND14649,REQ14750,William,Ray,7.0,Interviewing
CAND14650,REQ17102,Kristie,Howard,6.3,Rejected
CAND14651,REQ21080,Lacey,Martin,16.6,Hired
CAND14652,REQ20785,Scott,Freeman,4.1,Interviewing
CAND14653,REQ00676,William,Sanders,8.3,Offer Extended
CAND14654,REQ03684,Jessica,Hill,6.8,Interviewing
CAND14655,REQ04636,Jeffrey,Goodwin,5.4,Rejected
CAND14656,REQ23899,Susan,Andrade,12.0,Interviewing
CAND14657,REQ01815,Laura,Sanders,4.0,Rejected
CAND14658,REQ22134,Michael,Molina,18.0,Rejected
CAND14659,REQ00739,Melissa,Wade,11.9,Hired
CAND14660,REQ02657,Gabriel,Moss,5.9,Rejected
CAND14661,REQ08398,Kathleen,Barber,12.0,Rejected
CAND14662,REQ11322,Henry,Blake,3.3,Rejected
CAND14663,REQ13129,Amanda,Edwards,17.1,Rejected
CAND14664,REQ24760,Curtis,Smith,6.5,Rejected
CAND14665,REQ05566,Stephen,Ramos,4.8,Rejected
CAND14666,REQ17239,Michael,Ford,12.3,Rejected
CAND14667,REQ07192,Mark,Powell,5.1,Hired
CAND14668,REQ09799,Sean,Weeks,15.9,Hired
CAND14669,REQ24090,Christine,Jones,15.3,Interviewing
CAND14670,REQ09378,Peter,Hendrix,19.6,Rejected
CAND14671,REQ14970,Sara,Thompson,10.1,Rejected
CAND14672,REQ07132,Sara,Reid,12.7,Rejected
CAND14673,REQ22552,Michael,Morgan,18.3,Rejected
CAND14674,REQ02208,Robert,Long,4.5,Interviewing
CAND14675,REQ22070,John,Patrick,11.0,Rejected
CAND14676,REQ10191,Noah,White,8.3,Rejected
CAND14677,REQ24947,Lisa,Bullock,6.7,Rejected
CAND14678,REQ04833,Melissa,Jackson,1.0,Rejected
CAND14679,REQ01564,Lindsey,Wong,9.6,Interviewing
CAND14680,REQ11900,Steven,Long,12.3,Rejected
CAND14681,REQ18874,Cathy,Hale,1.8,Rejected
CAND14682,REQ15981,Alan,Kennedy,10.3,Offer Extended
CAND14683,REQ24918,David,Copeland,13.5,Interviewing
CAND14684,REQ05030,Eddie,Alexander,5.4,Hired
CAND14685,REQ03974,Christian,Howard,14.9,Interviewing
CAND14686,REQ08425,Scott,Vasquez,12.3,Rejected
CAND14687,REQ11499,Linda,Pacheco,18.0,Hired
CAND14688,REQ23278,Julia,Simpson,7.1,Rejected
CAND14689,REQ21643,Karen,Howard,11.1,Rejected
CAND14690,REQ04460,Tara,Hill,10.6,Rejected
CAND14691,REQ02886,Frederick,Barron,18.4,Rejected
CAND14692,REQ03039,Christopher,Wade,12.8,Offer Extended
CAND14693,REQ13290,Anna,Garcia,4.1,Rejected
CAND14694,REQ19719,Melissa,Gray,7.6,Rejected
CAND14695,REQ07326,Katherine,Lewis,16.5,Rejected
CAND14696,REQ02730,Vanessa,Davis,13.7,Rejected
CAND14697,REQ06089,Janice,Church,7.7,Interviewing
CAND14698,REQ15596,Sandra,Freeman,3.3,Rejected
CAND14699,REQ22014,Richard,Thomas,1.1,Rejected
CAND14700,REQ16656,Tara,Powell,3.2,Rejected
CAND14701,REQ15711,Elizabeth,Copeland,14.7,Rejected
CAND14702,REQ16363,Rachel,Martin,16.7,Rejected
CAND14703,REQ10115,Melvin,Becker,10.2,Interviewing
CAND14704,REQ11656,Jonathan,Parker,1.3,Rejected
CAND14705,REQ05345,Nicole,Brown,19.5,Rejected
CAND14706,REQ19860,Justin,Ellison,9.3,Interviewing
CAND14707,REQ13461,Duane,Miller,8.6,Rejected
CAND14708,REQ05693,Vanessa,Wood,7.0,Hired
CAND14709,REQ16972,Randall,Shaffer,1.9,Hired
CAND14710,REQ18636,Jessica,Taylor,6.0,Rejected
CAND14711,REQ16943,Rachel,Novak,14.5,Interviewing
CAND14712,REQ21789,Spencer,Burns,15.5,Rejected
CAND14713,REQ15566,Diana,Gonzalez,13.1,Rejected
CAND14714,REQ05681,Holly,Smith,13.0,Interviewing
CAND14715,REQ24328,Alexis,Allen,7.3,Rejected
CAND14716,REQ01098,Wesley,Sullivan,8.1,Rejected
CAND14717,REQ22550,Erica,Dixon,16.6,Rejected
CAND14718,REQ19030,Jared,Pham,18.4,Rejected
CAND14719,REQ04335,Michelle,Jones,5.9,Rejected
CAND14720,REQ02583,Joshua,Carlson,16.2,Rejected
CAND14721,REQ24392,Jonathan,Edwards,11.7,Hired
CAND14722,REQ23751,Randy,Page,8.7,Hired
CAND14723,REQ00466,Stephanie,Johnson,2.1,Rejected
CAND14724,REQ18741,Maria,Scott,4.5,Rejected
CAND14725,REQ24839,Timothy,Bradley,10.4,Interviewing
CAND14726,REQ04310,Daniel,Mullins,8.2,Interviewing
CAND14727,REQ20518,Stephanie,Mejia,11.7,Rejected
CAND14728,REQ11053,Joe,Rogers,10.3,Rejected
CAND14729,REQ22271,Michael,Greene,17.5,Rejected
CAND14730,REQ08600,Jeffrey,Rodriguez,1.2,Rejected
CAND14731,REQ07231,Edward,Rodriguez,4.0,Rejected
CAND14732,REQ02935,Kevin,Vaughn,7.4,Rejected
CAND14733,REQ22715,Russell,Kelly,9.3,Rejected
CAND14734,REQ20365,Matthew,King,3.7,Rejected
CAND14735,REQ08350,Peter,Parker,5.9,Rejected
CAND14736,REQ13599,Melissa,Green,16.3,Rejected
CAND14737,REQ23538,Sean,Wilkerson,15.1,Hired
CAND14738,REQ14837,Henry,Adams,7.6,Rejected
CAND14739,REQ05609,Richard,Walsh,0.8,Rejected
CAND14740,REQ01676,Eric,Kim,19.5,Rejected
CAND14741,REQ12256,Clinton,Hicks,18.7,Offer Extended
CAND14742,REQ06620,William,Gallagher,12.5,Rejected
CAND14743,REQ06729,Amber,Cook,9.5,Rejected
CAND14744,REQ10768,Karen,Watkins,16.0,Offer Extended
CAND14745,REQ24859,Deanna,Wood,8.0,Rejected
CAND14746,REQ21826,Jake,Green,12.2,Interviewing
CAND14747,REQ20363,Eugene,Schneider,11.0,Interviewing
CAND14748,REQ07885,Richard,Hamilton,16.8,Rejected
CAND14749,REQ10319,Michael,Edwards,15.6,Rejected
CAND14750,REQ02704,Douglas,Cruz,12.4,Rejected
CAND14751,REQ22357,James,Soto,15.9,Rejected
CAND14752,REQ04728,Anthony,Weeks,11.1,Rejected
CAND14753,REQ09230,Michael,Fischer,7.6,Rejected
CAND14754,REQ03053,Jeffery,Ferrell,9.3,Rejected
CAND14755,REQ12139,Vanessa,Ramirez,2.0,Rejected
CAND14756,REQ12205,Raymond,Mitchell,12.8,Rejected
CAND14757,REQ10337,Rhonda,Wilson,12.7,Hired
CAND14758,REQ13292,Shannon,Haley,1.0,Rejected
CAND14759,REQ02458,Johnny,Massey,19.9,Hired
CAND14760,REQ23263,Jeremy,Robinson,15.5,Rejected
CAND14761,REQ04320,Michael,York,17.5,Rejected
CAND14762,REQ12328,Brandy,Coleman,19.8,Rejected
CAND14763,REQ16292,Raymond,Erickson,4.7,Interviewing
CAND14764,REQ24244,John,Gonzalez,5.3,Rejected
CAND14765,REQ14805,William,Campbell,8.4,Rejected
CAND14766,REQ06041,Randy,Wallace,15.9,Rejected
CAND14767,REQ24481,Nathan,Brown,6.6,Interviewing
CAND14768,REQ07051,Christina,Anthony,10.0,Hired
CAND14769,REQ01406,John,Burton,10.2,Interviewing
CAND14770,REQ18337,Jennifer,Wright,5.3,Rejected
CAND14771,REQ17992,Christian,Hardy,19.8,Hired
CAND14772,REQ04682,Ashley,Guerra,10.4,Rejected
CAND14773,REQ14411,Jocelyn,Weber,6.2,Rejected
CAND14774,REQ16331,Barbara,Potter,13.0,Rejected
CAND14775,REQ21954,Joanna,Garner,9.4,Rejected
CAND14776,REQ00724,Timothy,Russell,17.5,Interviewing
CAND14777,REQ05785,Michelle,Mason,9.7,Rejected
CAND14778,REQ13789,Angela,Shaw,8.2,Rejected
CAND14779,REQ00965,Joel,Graham,14.6,Rejected
CAND14780,REQ15887,Danny,Nicholson,9.0,Rejected
CAND14781,REQ18303,Lauren,Weaver,5.4,Rejected
CAND14782,REQ23638,Melissa,Walters,17.7,Interviewing
CAND14783,REQ02514,Christine,Hunt,4.7,Rejected
CAND14784,REQ06767,Leslie,Blankenship,16.9,Interviewing
CAND14785,REQ02877,Jacob,Glover,16.8,Rejected
CAND14786,REQ03517,Kelli,Gentry,7.6,Rejected
CAND14787,REQ06463,Corey,Perez,17.0,Rejected
CAND14788,REQ03495,Patrick,Hernandez,8.9,Rejected
CAND14789,REQ11831,John,Acevedo,16.0,Rejected
CAND14790,REQ23022,Robert,Espinoza,3.3,Offer Extended
CAND14791,REQ11962,David,Walker,11.2,Hired
CAND14792,REQ05796,Susan,Simon,6.2,Interviewing
CAND14793,REQ19229,Christine,Porter,13.1,Interviewing
CAND14794,REQ03753,Monica,Nelson,9.1,Interviewing
CAND14795,REQ15824,Debra,Lynch,13.9,Rejected
CAND14796,REQ19832,Mary,Lawrence,2.9,Hired
CAND14797,REQ10269,Heidi,Ramsey,10.4,Interviewing
CAND14798,REQ19287,Michelle,Flores,13.3,Hired
CAND14799,REQ02728,Beverly,Copeland,13.8,Interviewing
CAND14800,REQ01404,Alisha,Miller,3.6,Rejected
CAND14801,REQ18591,Katherine,Young,2.5,Rejected
CAND14802,REQ13792,David,Jimenez,2.6,Rejected
CAND14803,REQ03968,Gary,Ward,4.9,Rejected
CAND14804,REQ22653,David,Rice,17.6,Rejected
CAND14805,REQ01261,Charles,Baker,4.7,Hired
CAND14806,REQ08318,Jacob,Terry,0.1,Rejected
CAND14807,REQ12636,Haley,Benson,13.7,Rejected
CAND14808,REQ17590,Kevin,Collins,15.7,Rejected
CAND14809,REQ08246,Kristen,Lawrence,4.5,Rejected
CAND14810,REQ12501,Karen,Graham,15.1,Rejected
CAND14811,REQ12433,Robert,Kemp,14.0,Rejected
CAND14812,REQ07713,James,Ortiz,2.5,Interviewing
CAND14813,REQ03225,Jerome,Arias,14.4,Rejected
CAND14814,REQ08252,Keith,Pitts,4.0,Rejected
CAND14815,REQ23763,Rodney,Porter,13.5,Interviewing
CAND14816,REQ08801,Kristine,Castaneda,16.0,Rejected
CAND14817,REQ04847,Alyssa,Martin,16.7,Rejected
CAND14818,REQ01664,Jeremiah,Johnson,8.6,Interviewing
CAND14819,REQ10680,James,Jacobs,4.4,Rejected
CAND14820,REQ06062,Holly,Davis,11.5,Rejected
CAND14821,REQ18916,Kimberly,Collins,17.6,Offer Extended
CAND14822,REQ01789,Thomas,Ellis,4.3,Rejected
CAND14823,REQ21168,Gregory,Pope,19.6,Rejected
CAND14824,REQ14464,Chase,Carroll,14.6,Hired
CAND14825,REQ00108,Jonathan,Jones,17.1,Rejected
CAND14826,REQ17552,Christine,Perry,17.5,Rejected
CAND14827,REQ07331,Betty,Brown,16.6,Rejected
CAND14828,REQ03868,Courtney,Bright,9.3,Rejected
CAND14829,REQ02480,John,Russo,0.7,Rejected
CAND14830,REQ13281,David,Mcbride,18.3,Offer Extended
CAND14831,REQ16198,John,King,9.7,Rejected
CAND14832,REQ22800,Robert,Porter,16.7,Rejected
CAND14833,REQ20278,Sophia,Duffy,9.4,Offer Extended
CAND14834,REQ01415,Jessica,Esparza,9.6,Rejected
CAND14835,REQ03784,Jonathan,Marshall,5.5,Rejected
CAND14836,REQ12178,Taylor,Rojas,10.1,Hired
CAND14837,REQ21577,Mary,Phillips,11.5,Hired
CAND14838,REQ03834,James,Smith,17.6,Rejected
CAND14839,REQ08812,Tammy,Jones,15.6,Hired
CAND14840,REQ01510,Rebecca,Davis,17.1,Rejected
CAND14841,REQ01672,Wesley,Lee,10.3,Hired
CAND14842,REQ03383,Christopher,Brewer,19.2,Rejected
CAND14843,REQ06980,Nathan,Martinez,12.6,Rejected
CAND14844,REQ16859,Brandon,Smith,0.6,Rejected
CAND14845,REQ10508,Devin,Schmidt,12.2,Interviewing
CAND14846,REQ03805,Ashley,Smith,16.2,Rejected
CAND14847,REQ00058,Tom,Oliver,13.0,Rejected
CAND14848,REQ05520,Katie,Walker,14.2,Interviewing
CAND14849,REQ17097,Rose,Obrien,5.1,Rejected
CAND14850,REQ12031,Stacy,Johnson,7.9,Rejected
CAND14851,REQ06749,Megan,Smith,3.9,Offer Extended
CAND14852,REQ22368,Austin,Lopez,2.3,Rejected
CAND14853,REQ01343,Michael,Marshall,18.1,Interviewing
CAND14854,REQ12251,Yolanda,Goodwin,5.6,Rejected
CAND14855,REQ04231,John,Anderson,8.3,Rejected
CAND14856,REQ22025,Regina,Cole,15.0,Rejected
CAND14857,REQ18952,Joseph,Dalton,17.4,Hired
CAND14858,REQ17842,Dana,Davis,18.4,Rejected
CAND14859,REQ06575,Richard,Coleman,7.6,Rejected
CAND14860,REQ06589,Emily,Walker,9.1,Rejected
CAND14861,REQ13913,Douglas,Avila,2.3,Rejected
CAND14862,REQ05385,Michael,Waters,4.1,Rejected
CAND14863,REQ23204,Brandon,Frazier,2.7,Rejected
CAND14864,REQ06694,Deborah,Farley,17.8,Rejected
CAND14865,REQ21402,Christopher,Fuller,11.9,Hired
CAND14866,REQ10421,George,Brown,15.8,Hired
CAND14867,REQ02784,Julie,Fernandez,2.9,Rejected
CAND14868,REQ12563,Roy,Patel,13.5,Rejected
CAND14869,REQ05266,Olivia,Horton,7.2,Rejected
CAND14870,REQ23078,Andrea,Kim,16.3,Rejected
CAND14871,REQ06435,Juan,Clayton,2.9,Hired
CAND14872,REQ18508,Mark,Martinez,9.1,Rejected
CAND14873,REQ07265,Vincent,Stevens,16.8,Interviewing
CAND14874,REQ00209,Susan,Myers,10.7,Rejected
CAND14875,REQ06573,Larry,Garcia,10.1,Rejected
CAND14876,REQ09966,Abigail,Phillips,3.9,Rejected
CAND14877,REQ14789,Jesse,Perez,17.8,Interviewing
CAND14878,REQ14637,Jason,Dudley,3.9,Offer Extended
CAND14879,REQ16496,Anne,Rodriguez,11.0,Rejected
CAND14880,REQ07099,Shawn,Stewart,4.6,Rejected
CAND14881,REQ05430,Samuel,Lopez,4.1,Interviewing
CAND14882,REQ02429,Sarah,Vance,11.5,Rejected
CAND14883,REQ13546,Kyle,Johnson,14.1,Interviewing
CAND14884,REQ16481,Douglas,Schwartz,11.2,Rejected
CAND14885,REQ21245,Angela,Morris,16.6,Rejected
CAND14886,REQ15963,Hunter,Yoder,5.2,Rejected
CAND14887,REQ08561,Virginia,Bailey,2.1,Rejected
CAND14888,REQ02959,Scott,Skinner,5.5,Rejected
CAND14889,REQ19677,Brittany,Miller,5.4,Hired
CAND14890,REQ11471,Kelly,Walker,2.2,Rejected
CAND14891,REQ23244,Erika,Campbell,10.3,Rejected
CAND14892,REQ23078,Allison,Davis,5.8,Rejected
CAND14893,REQ15529,Adrian,Sanders,6.6,Rejected
CAND14894,REQ22869,Daniel,Gonzalez,3.4,Rejected
CAND14895,REQ21562,James,Russell,18.6,Rejected
CAND14896,REQ16189,Allen,Jimenez,16.6,Hired
CAND14897,REQ00843,Deborah,Davies,4.8,Interviewing
CAND14898,REQ00469,Jonathan,Riley,15.9,Rejected
CAND14899,REQ23274,Brandon,Johnson,8.6,Rejected
CAND14900,REQ05264,David,Huynh,9.8,Rejected
CAND14901,REQ22032,Victoria,Daniel,18.8,Offer Extended
CAND14902,REQ08480,Gregory,Palmer,7.2,Hired
CAND14903,REQ07851,Mark,Bush,15.4,Rejected
CAND14904,REQ24925,Samuel,Brooks,1.0,Interviewing
CAND14905,REQ24407,James,Wagner,5.8,Rejected
CAND14906,REQ19112,Carlos,Compton,3.9,Rejected
CAND14907,REQ15993,Stacy,Jimenez,5.5,Interviewing
CAND14908,REQ06388,Richard,Walker,6.9,Rejected
CAND14909,REQ24208,Jeffrey,Moore,3.9,Rejected
CAND14910,REQ02969,Renee,Meyer,19.1,Rejected
CAND14911,REQ14970,Michael,Medina,6.8,Rejected
CAND14912,REQ01235,Susan,Elliott,18.7,Interviewing
CAND14913,REQ21629,Heather,Miller,8.4,Rejected
CAND14914,REQ01645,Cynthia,Camacho,7.1,Rejected
CAND14915,REQ18644,Brian,Smith,10.7,Interviewing
CAND14916,REQ22285,Brittany,Bailey,4.0,Rejected
CAND14917,REQ23870,Tammy,Patel,14.3,Interviewing
CAND14918,REQ24085,Ashley,Hernandez,15.4,Rejected
CAND14919,REQ06645,Brittany,Thomas,16.0,Offer Extended
CAND14920,REQ24452,Michele,Lang,7.5,Rejected
CAND14921,REQ08623,Bryan,Vasquez,18.5,Rejected
CAND14922,REQ02476,Brandon,Norman,11.3,Rejected
CAND14923,REQ17707,Anna,Rivers,17.7,Rejected
CAND14924,REQ02152,Amy,Hoffman,4.2,Interviewing
CAND14925,REQ14203,Christopher,Hood,12.5,Rejected
CAND14926,REQ16277,Devin,Randolph,7.0,Hired
CAND14927,REQ20627,Jasmine,Williams,14.9,Rejected
CAND14928,REQ19254,Melanie,Watson,4.3,Hired
CAND14929,REQ23076,Christopher,Hansen,3.6,Rejected
CAND14930,REQ05405,Alyssa,Morris,10.6,Rejected
CAND14931,REQ07247,Barbara,Lynn,11.7,Rejected
CAND14932,REQ10417,Megan,Webb,11.2,Rejected
CAND14933,REQ03753,Joseph,Clark,4.3,Rejected
CAND14934,REQ06426,Christopher,Austin,7.0,Hired
CAND14935,REQ09838,Michael,Schultz,6.9,Hired
CAND14936,REQ00363,Dennis,Jones,10.5,Rejected
CAND14937,REQ21502,Tyrone,Hernandez,13.6,Rejected
CAND14938,REQ24720,Brandon,Wilson,12.1,Rejected
CAND14939,REQ06339,Stephanie,Rogers,4.2,Interviewing
CAND14940,REQ17912,Felicia,Mathews,2.7,Rejected
CAND14941,REQ22612,Jane,Hines,11.3,Offer Extended
CAND14942,REQ19996,Jacob,Davis,12.7,Rejected
CAND14943,REQ00535,Thomas,Phillips,17.7,Interviewing
CAND14944,REQ22894,Kim,Blair,17.0,Interviewing
CAND14945,REQ07077,Patricia,Brown,11.5,Interviewing
CAND14946,REQ09569,Dennis,Martinez,14.1,Rejected
CAND14947,REQ21286,Daniel,Ferguson,13.4,Rejected
CAND14948,REQ10416,Timothy,Simpson,16.2,Interviewing
CAND14949,REQ23877,Robert,Chavez,3.8,Rejected
CAND14950,REQ18816,Elizabeth,Dennis,3.3,Interviewing
CAND14951,REQ04289,Hannah,Collier,12.2,Rejected
CAND14952,REQ13451,Julia,Sheppard,18.4,Interviewing
CAND14953,REQ02967,Robert,Williams,14.3,Rejected
CAND14954,REQ01894,John,Brown,4.1,Interviewing
CAND14955,REQ09990,Stephanie,Rice,15.6,Rejected
CAND14956,REQ14145,Robert,Best,5.0,Rejected
CAND14957,REQ06560,Meredith,Arellano,19.0,Rejected
CAND14958,REQ17819,Chelsea,Mendoza,5.0,Interviewing
CAND14959,REQ13387,Desiree,Obrien,17.2,Rejected
CAND14960,REQ12969,Roberta,Williams,2.7,Rejected
CAND14961,REQ04715,Kevin,Simmons,4.6,Rejected
CAND14962,REQ20294,Darrell,Black,14.6,Rejected
CAND14963,REQ06781,Alejandra,Hernandez,5.0,Rejected
CAND14964,REQ11138,Howard,Lopez,4.8,Hired
CAND14965,REQ23457,Seth,Humphrey,12.1,Rejected
CAND14966,REQ04618,Lisa,Allen,18.6,Rejected
CAND14967,REQ00231,Stacey,Lee,2.7,Rejected
CAND14968,REQ11123,Michael,Welch,10.4,Interviewing
CAND14969,REQ02779,Dakota,Velasquez,14.0,Rejected
CAND14970,REQ15002,Marissa,Mcdowell,6.9,Rejected
CAND14971,REQ23508,Anne,Chapman,2.5,Interviewing
CAND14972,REQ02637,Sydney,Miller,5.8,Rejected
CAND14973,REQ19242,Jennifer,Franco,15.2,Rejected
CAND14974,REQ05733,Terry,Johnson,4.7,Rejected
CAND14975,REQ01152,Victoria,Maldonado,1.8,Rejected
CAND14976,REQ14700,Jaime,Hodge,3.7,Rejected
CAND14977,REQ23478,Tyler,Woods,7.0,Hired
CAND14978,REQ23810,Tonya,Ortiz,3.0,Rejected
CAND14979,REQ00122,Daniel,Peters,11.3,Rejected
CAND14980,REQ18089,Joseph,Perez,4.3,Hired
CAND14981,REQ06833,Jessica,Morgan,2.0,Rejected
CAND14982,REQ23040,Danielle,Stephenson,15.4,Rejected
CAND14983,REQ23355,Melissa,Yoder,15.5,Rejected
CAND14984,REQ16488,Donna,Hammond,18.2,Rejected
CAND14985,REQ21858,Michelle,Sanchez,18.4,Rejected
CAND14986,REQ02515,Kimberly,Thompson,13.8,Rejected
CAND14987,REQ19830,Chris,Fisher,12.1,Rejected
CAND14988,REQ09625,Jeffrey,Stephenson,7.0,Interviewing
CAND14989,REQ15788,Barry,Davis,12.8,Hired
CAND14990,REQ12878,Melissa,Rice,19.2,Rejected
CAND14991,REQ21903,Larry,Jones,7.5,Rejected
CAND14992,REQ04310,Adam,Jones,8.8,Interviewing
CAND14993,REQ04622,Catherine,Cummings,12.6,Interviewing
CAND14994,REQ19197,Patrick,Conner,10.5,Hired
CAND14995,REQ16848,Tony,Stevens,11.2,Interviewing
CAND14996,REQ00414,Bianca,Lamb,8.9,Rejected
CAND14997,REQ03316,Evelyn,Clark,4.4,Rejected
CAND14998,REQ05299,Christopher,Mcknight,10.2,Interviewing
CAND14999,REQ10036,Eric,Clark,10.8,Rejected
CAND15000,REQ12908,Michele,Johnson,7.7,Rejected
