candidate_id,skill_id,proficiency
CAND02352,SK0255,4
CAND02929,SK0191,5
CAND13668,SK0090,4
CAND08394,SK0163,2
CAND05841,SK0177,1
CAND07210,SK0060,4
CAND00032,SK0140,2
CAND04271,SK0022,3
CAND10785,SK0289,1
CAND02679,SK0250,2
CAND07935,SK0029,5
CAND06280,SK0191,1
CAND05588,SK0248,2
CAND05097,SK0273,1
CAND12550,SK0215,4
CAND08655,SK0149,4
CAND04476,SK0199,4
CAND11753,SK0116,5
CAND03588,SK0150,5
CAND11117,SK0191,1
CAND06749,SK0264,4
CAND14836,SK0200,5
CAND01426,SK0034,5
CAND08995,SK0083,5
CAND03600,SK0024,1
CAND01869,SK0036,2
CAND07155,SK0004,5
CAND03982,SK0264,3
CAND02393,SK0080,4
CAND04728,SK0260,3
CAND05059,SK0289,2
CAND01819,SK0058,1
CAND01110,SK0210,3
CAND04666,SK0132,5
CAND12132,SK0122,4
CAND06747,SK0186,4
CAND05435,SK0099,5
CAND11819,SK0146,5
CAND14937,SK0037,2
CAND06751,SK0059,1
CAND03626,SK0084,1
CAND02020,SK0135,4
CAND06199,SK0046,1
CAND10687,SK0267,3
CAND07975,SK0286,3
CAND06391,SK0252,1
CAND06815,SK0003,4
CAND04541,SK0278,4
CAND09715,SK0153,2
CAND01083,SK0015,3
CAND03262,SK0018,5
CAND14044,SK0184,2
CAND03671,SK0275,1
CAND12365,SK0300,3
CAND12094,SK0131,3
CAND02477,SK0286,1
CAND00311,SK0111,1
CAND12691,SK0049,3
CAND13885,SK0066,5
CAND13015,SK0208,4
CAND10515,SK0065,2
CAND02798,SK0167,1
CAND00796,SK0170,3
CAND03244,SK0033,5
CAND05468,SK0205,3
CAND13536,SK0164,3
CAND05862,SK0211,4
CAND12538,SK0088,4
CAND00211,SK0227,2
CAND04079,SK0298,2
CAND03171,SK0108,4
CAND09733,SK0172,1
CAND05265,SK0014,3
CAND02808,SK0285,5
CAND09263,SK0163,1
CAND01372,SK0221,2
CAND05957,SK0053,5
CAND12795,SK0116,4
CAND13883,SK0093,1
CAND03471,SK0125,3
CAND00134,SK0133,5
CAND10818,SK0267,5
CAND12496,SK0144,5
CAND06724,SK0114,1
CAND07863,SK0133,5
CAND00710,SK0152,1
CAND03858,SK0002,5
CAND13128,SK0250,4
CAND03971,SK0017,3
CAND02092,SK0078,1
CAND03090,SK0024,2
CAND06535,SK0015,1
CAND01927,SK0163,4
CAND12496,SK0212,4
CAND14995,SK0299,5
CAND10876,SK0106,4
CAND07727,SK0021,2
CAND03024,SK0094,2
CAND12670,SK0080,4
CAND01364,SK0101,2
CAND09712,SK0066,5
CAND10743,SK0280,2
CAND12650,SK0218,5
CAND03186,SK0007,5
CAND14354,SK0024,5
CAND08053,SK0164,5
CAND08869,SK0149,2
CAND14756,SK0174,4
CAND03749,SK0029,5
CAND07894,SK0043,2
CAND06589,SK0144,3
CAND06533,SK0119,5
CAND02498,SK0214,5
CAND10120,SK0256,4
CAND00949,SK0160,4
CAND01687,SK0028,5
CAND01218,SK0071,3
CAND14064,SK0165,4
CAND14920,SK0102,4
CAND07264,SK0137,1
CAND09528,SK0075,3
CAND11143,SK0156,5
CAND12376,SK0151,2
CAND13616,SK0279,1
CAND09161,SK0298,3
CAND13089,SK0008,1
CAND02658,SK0118,1
CAND11350,SK0262,2
CAND06585,SK0155,4
CAND03556,SK0243,2
CAND05094,SK0030,4
CAND06020,SK0075,4
CAND07605,SK0137,4
CAND07107,SK0178,5
CAND01861,SK0117,4
CAND10283,SK0170,3
CAND00220,SK0236,2
CAND01326,SK0075,3
CAND04333,SK0137,2
CAND04603,SK0142,3
CAND12202,SK0290,3
CAND06463,SK0059,4
CAND10480,SK0116,3
CAND08173,SK0076,3
CAND05907,SK0093,5
CAND05181,SK0177,2
CAND07158,SK0123,2
CAND08529,SK0052,1
CAND08118,SK0202,2
CAND14616,SK0163,4
CAND09947,SK0006,2
CAND05017,SK0042,1
CAND12914,SK0265,4
CAND08748,SK0136,2
CAND03666,SK0193,4
CAND01114,SK0094,5
CAND11210,SK0186,4
CAND00450,SK0118,1
CAND13010,SK0081,4
CAND00008,SK0080,1
CAND11969,SK0294,1
CAND08077,SK0263,5
CAND09965,SK0264,4
CAND03418,SK0120,1
CAND02776,SK0110,2
CAND08149,SK0283,1
CAND02698,SK0228,2
CAND05783,SK0031,4
CAND06978,SK0158,4
CAND08996,SK0031,3
CAND13027,SK0063,5
CAND11296,SK0247,2
CAND14356,SK0187,3
CAND05850,SK0031,1
CAND02489,SK0115,4
CAND00732,SK0157,2
CAND13196,SK0002,3
CAND13457,SK0097,4
CAND08342,SK0232,5
CAND13136,SK0077,1
CAND09093,SK0127,1
CAND12643,SK0044,4
CAND13465,SK0048,5
CAND03941,SK0186,4
CAND03283,SK0176,2
CAND04213,SK0085,3
CAND14383,SK0143,3
CAND11758,SK0154,5
CAND01020,SK0023,5
CAND00023,SK0097,5
CAND14438,SK0297,3
CAND14526,SK0166,4
CAND07728,SK0208,1
CAND13844,SK0123,2
CAND11488,SK0212,5
CAND14770,SK0049,1
CAND00796,SK0130,1
CAND02374,SK0124,5
CAND06654,SK0275,5
CAND08880,SK0045,1
CAND14792,SK0063,1
CAND07411,SK0229,4
CAND13706,SK0091,2
CAND00238,SK0068,2
CAND04450,SK0257,5
CAND10782,SK0167,4
CAND10468,SK0060,1
CAND09200,SK0214,3
CAND05426,SK0261,1
CAND09116,SK0273,1
CAND03858,SK0173,1
CAND05636,SK0026,5
CAND11824,SK0151,4
CAND14767,SK0233,2
CAND09162,SK0198,3
CAND04065,SK0043,4
CAND04238,SK0032,4
CAND12832,SK0067,3
CAND14330,SK0118,1
CAND02505,SK0226,2
CAND02551,SK0242,2
CAND07206,SK0264,4
CAND05213,SK0178,1
CAND09559,SK0009,4
CAND06390,SK0141,4
CAND07169,SK0097,2
CAND12461,SK0107,2
CAND07412,SK0260,2
CAND10343,SK0140,1
CAND06974,SK0251,2
CAND03603,SK0107,1
CAND10548,SK0156,4
CAND06554,SK0164,1
CAND08895,SK0150,4
CAND12091,SK0083,1
CAND03801,SK0148,3
CAND02848,SK0092,5
CAND00477,SK0284,4
CAND11377,SK0228,5
CAND14858,SK0063,1
CAND11416,SK0199,1
CAND14639,SK0054,3
CAND05883,SK0196,2
CAND03954,SK0094,1
CAND03775,SK0250,2
CAND00560,SK0238,3
CAND07131,SK0072,5
CAND14402,SK0005,3
CAND14656,SK0009,3
CAND02524,SK0023,4
CAND14923,SK0056,4
CAND00343,SK0127,4
CAND11092,SK0051,2
CAND12317,SK0053,4
CAND12281,SK0084,3
CAND05790,SK0087,2
CAND14599,SK0281,1
CAND07085,SK0071,2
CAND11762,SK0141,1
CAND10912,SK0115,2
CAND08627,SK0060,3
CAND08732,SK0023,1
CAND01868,SK0003,5
CAND02790,SK0214,3
CAND05556,SK0144,3
CAND05876,SK0131,1
CAND00023,SK0246,4
CAND12474,SK0103,1
CAND02115,SK0237,2
CAND00467,SK0013,4
CAND10008,SK0121,4
CAND01332,SK0057,3
CAND10294,SK0292,3
CAND03767,SK0282,1
CAND14007,SK0122,2
CAND01735,SK0183,1
CAND07136,SK0178,2
CAND04663,SK0227,1
CAND11024,SK0235,3
CAND02372,SK0166,1
CAND07902,SK0163,4
CAND01298,SK0028,5
CAND04110,SK0025,5
CAND09137,SK0216,2
CAND06779,SK0055,5
CAND06865,SK0187,3
CAND14836,SK0107,3
CAND10563,SK0193,2
CAND00927,SK0246,2
CAND13370,SK0034,4
CAND14919,SK0099,2
CAND02325,SK0093,2
CAND03870,SK0118,3
CAND04493,SK0154,2
CAND04341,SK0190,4
CAND09801,SK0059,2
CAND14101,SK0006,4
CAND14393,SK0108,4
CAND11988,SK0128,2
CAND00480,SK0156,1
CAND03147,SK0267,1
CAND00616,SK0186,3
CAND08164,SK0063,5
CAND04532,SK0145,2
CAND08984,SK0127,2
CAND14899,SK0187,4
CAND01055,SK0004,2
CAND11374,SK0118,3
CAND10868,SK0248,2
CAND13024,SK0202,2
CAND11871,SK0119,1
CAND13608,SK0117,2
CAND01796,SK0216,3
CAND12361,SK0130,3
CAND13183,SK0296,3
CAND00449,SK0165,2
CAND10501,SK0200,3
CAND03202,SK0209,1
CAND06479,SK0235,5
CAND05347,SK0118,3
CAND14258,SK0072,1
CAND06488,SK0236,5
CAND06548,SK0245,4
CAND12597,SK0098,2
CAND00317,SK0169,1
CAND12132,SK0043,1
CAND09618,SK0160,3
CAND09730,SK0173,5
CAND08886,SK0126,1
CAND04952,SK0153,4
CAND08458,SK0282,5
CAND09292,SK0080,2
CAND13973,SK0070,2
CAND10904,SK0033,4
CAND10645,SK0285,1
CAND05919,SK0300,5
CAND10992,SK0089,1
CAND01052,SK0249,5
CAND07927,SK0013,3
CAND03473,SK0165,2
CAND14612,SK0295,5
CAND02962,SK0210,2
CAND04052,SK0225,1
CAND10412,SK0210,5
CAND13737,SK0181,2
CAND13292,SK0084,4
CAND14666,SK0201,3
CAND04800,SK0278,4
CAND10200,SK0167,1
CAND06348,SK0063,1
CAND07342,SK0112,5
CAND11444,SK0091,3
CAND12583,SK0109,2
CAND02968,SK0210,2
CAND07028,SK0296,3
CAND01265,SK0026,2
CAND11214,SK0044,4
CAND14923,SK0008,5
CAND14433,SK0040,2
CAND13500,SK0072,5
CAND08975,SK0045,3
CAND07557,SK0117,5
CAND11021,SK0199,2
CAND04372,SK0050,2
CAND07073,SK0047,2
CAND05251,SK0299,3
CAND06336,SK0193,2
CAND03604,SK0237,4
CAND01962,SK0298,1
CAND02965,SK0228,4
CAND00064,SK0016,3
CAND09986,SK0060,5
CAND01248,SK0240,2
CAND14206,SK0153,2
CAND12034,SK0167,1
CAND08200,SK0141,2
CAND08985,SK0080,1
CAND00703,SK0253,4
CAND02883,SK0231,5
CAND05246,SK0186,1
CAND06958,SK0198,5
CAND01066,SK0110,1
CAND04221,SK0177,4
CAND14419,SK0006,4
CAND11254,SK0017,4
CAND07573,SK0283,1
CAND00096,SK0068,4
CAND09976,SK0197,4
CAND02211,SK0129,2
CAND10164,SK0169,1
CAND01653,SK0256,5
CAND14147,SK0115,3
CAND04481,SK0117,1
CAND10769,SK0115,5
CAND09002,SK0227,4
CAND02245,SK0010,5
CAND02516,SK0059,5
CAND10887,SK0015,1
CAND08297,SK0146,4
CAND00518,SK0144,1
CAND11434,SK0122,5
CAND12999,SK0023,1
CAND05572,SK0247,5
CAND05654,SK0259,2
CAND00799,SK0111,1
CAND05481,SK0104,1
CAND03712,SK0187,1
CAND02515,SK0152,5
CAND13753,SK0245,1
CAND13186,SK0199,2
CAND08272,SK0280,5
CAND10177,SK0202,5
CAND06837,SK0160,3
CAND12054,SK0245,4
CAND06916,SK0266,4
CAND13458,SK0042,1
CAND03213,SK0083,2
CAND08911,SK0285,4
CAND14106,SK0089,1
CAND02498,SK0140,3
CAND13638,SK0048,2
CAND14123,SK0002,3
CAND04624,SK0177,2
CAND03550,SK0052,3
CAND04302,SK0123,5
CAND01495,SK0083,5
CAND04679,SK0025,4
CAND06711,SK0276,4
CAND05033,SK0063,5
CAND14653,SK0155,2
CAND03679,SK0022,3
CAND04086,SK0078,4
CAND12097,SK0277,5
CAND08918,SK0180,3
CAND13384,SK0272,2
CAND14642,SK0049,2
CAND00949,SK0087,2
CAND08745,SK0241,1
CAND06078,SK0224,2
CAND07627,SK0202,2
CAND09397,SK0184,5
CAND06996,SK0016,3
CAND07574,SK0128,2
CAND13576,SK0141,3
CAND03351,SK0123,2
CAND12010,SK0202,5
CAND00936,SK0222,1
CAND10473,SK0093,1
CAND09796,SK0221,1
CAND05220,SK0088,4
CAND00466,SK0010,5
CAND04923,SK0219,1
CAND04699,SK0071,3
CAND02775,SK0240,4
CAND10401,SK0290,5
CAND01406,SK0147,3
CAND12749,SK0248,1
CAND08431,SK0011,4
CAND06409,SK0098,2
CAND01695,SK0037,5
CAND09531,SK0267,1
CAND12097,SK0237,3
CAND12403,SK0109,3
CAND14048,SK0179,5
CAND07619,SK0271,3
CAND10078,SK0269,5
CAND06374,SK0249,4
CAND11636,SK0262,3
CAND07921,SK0146,5
CAND13567,SK0098,2
CAND02453,SK0167,1
CAND01020,SK0256,4
CAND07557,SK0210,4
CAND07670,SK0108,1
CAND13699,SK0003,2
CAND14232,SK0246,3
CAND10880,SK0202,1
CAND10194,SK0016,3
CAND02979,SK0068,2
CAND06794,SK0196,3
CAND14460,SK0271,2
CAND06776,SK0036,2
CAND14551,SK0049,4
CAND04092,SK0102,3
CAND06062,SK0281,1
CAND11506,SK0206,4
CAND09976,SK0050,2
CAND05126,SK0089,1
CAND03114,SK0224,3
CAND14890,SK0069,3
CAND10235,SK0085,4
CAND02826,SK0298,5
CAND09370,SK0120,2
CAND07401,SK0147,1
CAND13865,SK0102,1
CAND02453,SK0114,4
CAND07986,SK0034,4
CAND08111,SK0132,2
CAND02197,SK0108,4
CAND14244,SK0255,2
CAND04404,SK0017,5
CAND00722,SK0158,1
CAND00111,SK0046,4
CAND03350,SK0140,4
CAND04761,SK0107,5
CAND13724,SK0218,5
CAND04723,SK0227,2
CAND00161,SK0059,2
CAND06290,SK0171,1
CAND09260,SK0250,1
CAND02333,SK0291,5
CAND02456,SK0164,1
CAND00290,SK0174,4
CAND10210,SK0114,3
CAND10300,SK0208,5
CAND00141,SK0234,3
CAND14495,SK0161,3
CAND07886,SK0265,3
CAND08170,SK0103,1
CAND10719,SK0298,3
CAND04621,SK0254,1
CAND02110,SK0281,5
CAND00835,SK0171,4
CAND14908,SK0232,5
CAND10906,SK0059,4
CAND11842,SK0264,2
CAND09275,SK0292,4
CAND03296,SK0082,3
CAND06558,SK0264,3
CAND13475,SK0237,5
CAND07775,SK0138,1
CAND03324,SK0026,5
CAND03828,SK0293,5
CAND00674,SK0223,3
CAND01206,SK0247,1
CAND06705,SK0289,3
CAND06655,SK0032,1
CAND13054,SK0270,1
CAND04887,SK0159,3
CAND09077,SK0087,2
CAND12928,SK0273,3
CAND04192,SK0066,1
CAND01369,SK0129,1
CAND03209,SK0102,2
CAND09995,SK0259,5
CAND12500,SK0082,5
CAND09153,SK0257,2
CAND14319,SK0160,5
CAND14360,SK0117,3
CAND06058,SK0159,1
CAND08979,SK0025,5
CAND00722,SK0201,2
CAND04751,SK0087,1
CAND09422,SK0299,1
CAND06756,SK0092,3
CAND02536,SK0262,3
CAND03875,SK0291,3
CAND06528,SK0258,5
CAND13494,SK0105,2
CAND14203,SK0053,4
CAND09068,SK0190,4
CAND09308,SK0244,4
CAND08802,SK0265,5
CAND05041,SK0243,3
CAND01700,SK0031,4
CAND13375,SK0278,5
CAND09205,SK0242,3
CAND05383,SK0021,3
CAND09919,SK0007,4
CAND05808,SK0157,4
CAND01294,SK0114,5
CAND07963,SK0104,3
CAND02172,SK0127,3
CAND05384,SK0011,1
CAND11155,SK0188,5
CAND08521,SK0045,4
CAND11133,SK0173,3
CAND07233,SK0299,1
CAND03403,SK0032,4
CAND10013,SK0037,2
CAND12536,SK0067,3
CAND09822,SK0120,2
CAND10901,SK0054,4
CAND06366,SK0151,2
CAND02698,SK0114,2
CAND09663,SK0123,2
CAND03100,SK0103,5
CAND08749,SK0080,4
CAND11028,SK0083,4
CAND11000,SK0291,4
CAND02151,SK0100,1
CAND00720,SK0254,5
CAND01377,SK0298,2
CAND10597,SK0034,1
CAND01427,SK0293,4
CAND14509,SK0036,4
CAND09054,SK0283,4
CAND09525,SK0105,1
CAND13375,SK0176,5
CAND05959,SK0114,4
CAND02171,SK0160,4
CAND01118,SK0102,3
CAND04022,SK0119,4
CAND10506,SK0239,1
CAND13385,SK0255,3
CAND14885,SK0269,3
CAND14707,SK0200,2
CAND03278,SK0044,5
CAND01504,SK0241,3
CAND01004,SK0296,1
CAND09045,SK0263,1
CAND13965,SK0174,4
CAND06740,SK0034,4
CAND05678,SK0244,4
CAND10493,SK0193,5
CAND04601,SK0078,3
CAND14325,SK0102,3
CAND13120,SK0054,2
CAND05782,SK0038,4
CAND13575,SK0162,1
CAND01095,SK0098,1
CAND03985,SK0225,1
CAND07071,SK0251,3
CAND12930,SK0259,4
CAND08398,SK0242,1
CAND02909,SK0160,4
CAND02979,SK0015,1
CAND12693,SK0258,5
CAND07519,SK0238,2
CAND03997,SK0055,5
CAND11482,SK0182,2
CAND02925,SK0153,4
CAND05973,SK0084,5
CAND03929,SK0080,4
CAND14099,SK0250,4
CAND02603,SK0104,4
CAND10289,SK0259,5
CAND06615,SK0124,3
CAND06328,SK0276,3
CAND14197,SK0105,5
CAND11891,SK0063,4
CAND05388,SK0200,1
CAND03781,SK0156,3
CAND11872,SK0269,4
CAND09405,SK0261,5
CAND14382,SK0245,5
CAND09028,SK0059,1
CAND02872,SK0119,1
CAND10671,SK0123,1
CAND03715,SK0091,1
CAND00594,SK0007,3
CAND06307,SK0151,1
CAND13093,SK0153,5
CAND00299,SK0152,2
CAND01956,SK0074,4
CAND07674,SK0282,3
CAND09588,SK0017,4
CAND09744,SK0269,5
CAND04393,SK0268,4
CAND07318,SK0157,2
CAND08248,SK0072,5
CAND11709,SK0119,2
CAND08098,SK0059,5
CAND00957,SK0077,3
CAND03737,SK0216,1
CAND04964,SK0220,1
CAND10044,SK0037,2
CAND13831,SK0019,2
CAND08371,SK0063,2
CAND05820,SK0286,3
CAND06293,SK0167,4
CAND03249,SK0139,1
CAND13259,SK0082,3
CAND11875,SK0238,4
CAND05667,SK0230,3
CAND11493,SK0179,3
CAND05218,SK0181,4
CAND09422,SK0295,1
CAND10817,SK0042,5
CAND14729,SK0276,2
CAND05049,SK0084,1
CAND00392,SK0073,2
CAND03028,SK0289,4
CAND09864,SK0228,5
CAND09931,SK0040,1
CAND09160,SK0063,4
CAND14772,SK0100,4
CAND04454,SK0109,1
CAND14040,SK0184,2
CAND03739,SK0104,2
CAND14734,SK0250,1
CAND08657,SK0182,2
CAND08276,SK0137,3
CAND00749,SK0019,1
CAND08947,SK0075,3
CAND03519,SK0047,1
CAND02474,SK0116,4
CAND13388,SK0158,1
CAND00322,SK0092,2
CAND07036,SK0096,4
CAND01765,SK0029,2
CAND10475,SK0023,3
CAND02496,SK0145,1
CAND14160,SK0106,5
CAND05261,SK0263,1
CAND11040,SK0291,3
CAND01628,SK0063,1
CAND02907,SK0111,2
CAND04107,SK0166,1
CAND01099,SK0270,1
CAND05423,SK0048,5
CAND12705,SK0025,5
CAND11516,SK0096,1
CAND11388,SK0073,2
CAND06025,SK0144,4
CAND05007,SK0205,2
CAND03133,SK0039,5
CAND02215,SK0076,3
CAND09961,SK0256,4
CAND03886,SK0045,1
CAND10872,SK0298,3
CAND02065,SK0187,5
CAND03321,SK0124,3
CAND12068,SK0041,4
CAND12533,SK0128,3
CAND05052,SK0294,2
CAND07239,SK0085,2
CAND03535,SK0230,1
CAND05354,SK0186,2
CAND10887,SK0127,2
CAND13522,SK0141,3
CAND14034,SK0081,5
CAND13013,SK0259,3
CAND14694,SK0193,5
CAND09965,SK0297,5
CAND08809,SK0244,5
CAND03277,SK0106,3
CAND01424,SK0157,5
CAND12734,SK0044,5
CAND13633,SK0087,5
CAND07053,SK0043,5
CAND12820,SK0228,2
CAND00460,SK0265,5
CAND02216,SK0128,4
CAND02806,SK0017,5
CAND12135,SK0005,5
CAND01282,SK0055,5
CAND04990,SK0099,3
CAND08841,SK0070,3
CAND10120,SK0292,5
CAND03502,SK0113,3
CAND03272,SK0165,1
CAND09043,SK0064,5
CAND06140,SK0151,5
CAND10862,SK0191,3
CAND09094,SK0150,2
CAND01971,SK0132,3
CAND08467,SK0042,3
CAND14302,SK0001,3
CAND02800,SK0039,4
CAND10366,SK0085,3
CAND07370,SK0228,5
CAND14549,SK0011,1
CAND09789,SK0263,4
CAND05617,SK0239,1
CAND07296,SK0050,2
CAND12774,SK0074,2
CAND05936,SK0288,5
CAND11888,SK0288,1
CAND04412,SK0087,3
CAND02924,SK0294,5
CAND10215,SK0202,2
CAND05232,SK0154,2
CAND04818,SK0283,3
CAND00461,SK0092,1
CAND09991,SK0039,4
CAND02255,SK0288,2
CAND06099,SK0243,4
CAND05975,SK0038,4
CAND06535,SK0071,2
CAND09496,SK0162,4
CAND06289,SK0186,4
CAND05698,SK0176,3
CAND03761,SK0015,2
CAND12110,SK0002,2
CAND08243,SK0223,1
CAND08715,SK0282,4
CAND13042,SK0049,1
CAND02719,SK0288,4
CAND13982,SK0006,5
CAND04535,SK0025,5
CAND03660,SK0025,1
CAND12170,SK0061,3
CAND05618,SK0117,3
CAND05328,SK0085,3
CAND10879,SK0173,3
CAND03150,SK0023,1
CAND02354,SK0259,2
CAND08400,SK0167,5
CAND06784,SK0128,4
CAND02163,SK0015,3
CAND10282,SK0059,5
CAND03258,SK0088,5
CAND00525,SK0214,4
CAND13312,SK0205,4
CAND13689,SK0016,3
CAND05333,SK0062,2
CAND00188,SK0104,3
CAND02067,SK0133,1
CAND07074,SK0051,3
CAND02561,SK0145,3
CAND14784,SK0160,3
CAND05091,SK0200,4
CAND14558,SK0206,4
CAND00306,SK0219,2
CAND03349,SK0138,1
CAND10772,SK0258,5
CAND03205,SK0054,4
CAND05691,SK0142,2
CAND02444,SK0182,1
CAND12927,SK0229,4
CAND12451,SK0067,2
CAND11741,SK0067,1
CAND11393,SK0013,2
CAND05908,SK0124,3
CAND10541,SK0009,3
CAND08480,SK0227,2
CAND11352,SK0002,2
CAND00791,SK0185,2
CAND10146,SK0089,4
CAND06960,SK0298,3
CAND03183,SK0282,1
CAND13586,SK0030,3
CAND07413,SK0036,3
CAND07786,SK0243,3
CAND05738,SK0088,3
CAND10854,SK0194,4
CAND03310,SK0187,1
CAND10877,SK0081,5
CAND07801,SK0031,2
CAND07723,SK0266,5
CAND00601,SK0034,4
CAND13367,SK0269,3
CAND07137,SK0141,1
CAND03683,SK0132,3
CAND12307,SK0165,4
CAND01154,SK0043,3
CAND04186,SK0291,2
CAND06261,SK0012,5
CAND02186,SK0213,1
CAND00193,SK0053,4
CAND05668,SK0143,3
CAND05877,SK0263,5
CAND14933,SK0158,3
CAND00104,SK0133,1
CAND02023,SK0130,3
CAND00248,SK0169,1
CAND02196,SK0099,5
CAND00863,SK0150,5
CAND07963,SK0184,2
CAND01627,SK0034,4
CAND12643,SK0049,1
CAND12678,SK0287,5
CAND03243,SK0010,2
CAND07135,SK0252,2
CAND14721,SK0285,1
CAND12016,SK0130,2
CAND07225,SK0211,5
CAND07259,SK0271,3
CAND05860,SK0033,2
CAND01305,SK0139,5
CAND07155,SK0198,2
CAND02150,SK0296,4
CAND12466,SK0155,1
CAND03141,SK0276,1
CAND01282,SK0009,3
CAND11913,SK0175,2
CAND08073,SK0207,4
CAND12793,SK0167,1
CAND01266,SK0211,4
CAND09326,SK0196,2
CAND06609,SK0166,2
CAND11795,SK0104,3
CAND00407,SK0098,3
CAND03111,SK0223,2
CAND01968,SK0187,2
CAND01191,SK0259,3
CAND03257,SK0068,5
CAND11877,SK0230,3
CAND07599,SK0292,5
CAND04912,SK0123,5
CAND00420,SK0074,4
CAND01506,SK0157,4
CAND06252,SK0190,1
CAND09062,SK0048,4
CAND04545,SK0212,5
CAND11055,SK0050,3
CAND12620,SK0009,1
CAND06390,SK0010,2
CAND01275,SK0013,5
CAND14963,SK0258,1
CAND07416,SK0136,3
CAND07033,SK0262,4
CAND07864,SK0265,4
CAND05784,SK0105,1
CAND14142,SK0097,1
CAND12936,SK0137,1
CAND11120,SK0158,1
CAND14196,SK0226,3
CAND02332,SK0120,1
CAND01786,SK0170,4
CAND03806,SK0001,3
CAND09778,SK0257,2
CAND13228,SK0074,3
CAND08219,SK0140,2
CAND10700,SK0142,2
CAND11580,SK0064,5
CAND03700,SK0113,1
CAND02236,SK0061,2
CAND08657,SK0022,1
CAND12708,SK0135,5
CAND07236,SK0206,3
CAND05959,SK0045,2
CAND04445,SK0175,2
CAND03116,SK0077,3
CAND07578,SK0115,1
CAND06789,SK0217,1
CAND13557,SK0181,4
CAND07352,SK0204,2
CAND06411,SK0165,5
CAND03461,SK0202,4
CAND11216,SK0055,5
CAND09857,SK0042,5
CAND02022,SK0128,5
CAND08922,SK0162,4
CAND05264,SK0050,3
CAND10630,SK0019,4
CAND02261,SK0133,4
CAND14702,SK0113,1
CAND12018,SK0216,4
CAND05069,SK0043,5
CAND09464,SK0193,3
CAND03775,SK0104,1
CAND08065,SK0062,3
CAND02965,SK0006,2
CAND13019,SK0033,1
CAND14859,SK0278,4
CAND03504,SK0272,4
CAND04984,SK0031,3
CAND06600,SK0187,5
CAND10168,SK0011,5
CAND05080,SK0147,5
CAND10830,SK0152,3
CAND10395,SK0267,3
CAND00933,SK0095,4
CAND06632,SK0061,1
CAND02247,SK0045,3
CAND04223,SK0189,5
CAND05798,SK0012,5
CAND08189,SK0182,1
CAND01960,SK0002,1
CAND07378,SK0001,1
CAND11214,SK0159,4
CAND10022,SK0105,4
CAND12649,SK0047,1
CAND04185,SK0246,2
CAND14572,SK0232,1
CAND05029,SK0236,2
CAND09786,SK0009,3
CAND09194,SK0142,4
CAND12712,SK0071,3
CAND09979,SK0149,3
CAND04971,SK0038,4
CAND06101,SK0250,1
CAND05019,SK0297,3
CAND07219,SK0274,4
CAND06533,SK0229,1
CAND14216,SK0143,4
CAND07219,SK0264,4
CAND05546,SK0106,2
CAND01167,SK0199,1
CAND05506,SK0159,1
CAND01665,SK0036,5
CAND14161,SK0088,3
CAND06686,SK0155,2
CAND03556,SK0065,4
CAND05360,SK0229,4
CAND00807,SK0022,2
CAND09003,SK0292,5
CAND10143,SK0088,2
CAND14656,SK0140,3
CAND03862,SK0069,3
CAND06400,SK0248,4
CAND12976,SK0042,4
CAND01396,SK0053,4
CAND11150,SK0149,4
CAND00257,SK0186,3
CAND04487,SK0073,2
CAND00772,SK0215,2
CAND14730,SK0071,5
CAND00279,SK0095,2
CAND12315,SK0215,1
CAND10526,SK0241,1
CAND08038,SK0281,4
CAND07593,SK0179,4
CAND07183,SK0042,2
CAND08144,SK0078,4
CAND06642,SK0187,4
CAND12208,SK0113,3
CAND12656,SK0051,4
CAND11719,SK0143,5
CAND13868,SK0237,2
CAND13425,SK0087,5
CAND14019,SK0183,1
CAND00883,SK0270,5
CAND04172,SK0146,1
CAND08310,SK0254,2
CAND14725,SK0066,5
CAND00525,SK0197,1
CAND09400,SK0033,4
CAND13832,SK0014,2
CAND07304,SK0212,3
CAND14397,SK0085,2
CAND08029,SK0030,5
CAND05905,SK0257,4
CAND07000,SK0119,1
CAND09229,SK0126,1
CAND02314,SK0224,1
CAND10373,SK0028,5
CAND00646,SK0195,5
CAND09841,SK0045,4
CAND13855,SK0200,2
CAND05351,SK0013,2
CAND01177,SK0090,3
CAND02372,SK0245,3
CAND06557,SK0080,5
CAND02765,SK0230,3
CAND03844,SK0223,2
CAND03490,SK0150,2
CAND08990,SK0287,2
CAND04702,SK0073,1
CAND08247,SK0120,1
CAND08533,SK0160,1
CAND14938,SK0288,3
CAND08693,SK0111,5
CAND12373,SK0274,2
CAND10455,SK0277,1
CAND12549,SK0232,3
CAND09682,SK0171,2
CAND03515,SK0205,5
CAND07046,SK0226,1
CAND11304,SK0058,2
CAND02971,SK0028,4
CAND08423,SK0035,5
CAND01837,SK0224,1
CAND12719,SK0056,1
CAND01932,SK0037,5
CAND10343,SK0097,4
CAND11831,SK0200,3
CAND07542,SK0291,1
CAND14862,SK0091,4
CAND11922,SK0291,4
CAND04336,SK0059,1
CAND11306,SK0098,1
CAND01128,SK0223,3
CAND00591,SK0249,5
CAND04933,SK0228,2
CAND09356,SK0092,1
CAND13832,SK0240,4
CAND00523,SK0185,1
CAND08099,SK0145,2
CAND07510,SK0115,2
CAND09482,SK0217,3
CAND11366,SK0049,3
CAND09899,SK0133,3
CAND03774,SK0177,1
CAND05962,SK0095,1
CAND02785,SK0032,3
CAND14178,SK0281,4
CAND10722,SK0144,4
CAND13796,SK0261,5
CAND10173,SK0237,4
CAND03569,SK0081,4
CAND09617,SK0034,1
CAND11031,SK0122,3
CAND07234,SK0179,5
CAND03870,SK0025,2
CAND08260,SK0155,3
CAND02094,SK0091,5
CAND14574,SK0089,5
CAND04368,SK0158,3
CAND11459,SK0062,2
CAND05503,SK0140,5
CAND04233,SK0209,4
CAND07997,SK0224,2
CAND14501,SK0224,1
CAND07291,SK0269,2
CAND03071,SK0116,3
CAND13638,SK0298,3
CAND02963,SK0208,5
CAND11933,SK0188,4
CAND05662,SK0089,2
CAND12978,SK0150,4
CAND11687,SK0236,4
CAND05444,SK0265,2
CAND14523,SK0187,3
CAND02297,SK0136,1
CAND09668,SK0300,4
CAND14790,SK0235,5
CAND05149,SK0094,2
CAND04929,SK0207,4
CAND01582,SK0112,1
CAND04450,SK0284,2
CAND11477,SK0260,4
CAND14548,SK0191,3
CAND02516,SK0075,1
CAND04745,SK0053,3
CAND14720,SK0153,5
CAND00769,SK0118,1
CAND11440,SK0036,4
CAND07353,SK0051,4
CAND12267,SK0012,5
CAND07836,SK0115,5
CAND10348,SK0291,5
CAND08056,SK0258,2
CAND01850,SK0265,5
CAND14398,SK0101,2
CAND09591,SK0256,4
CAND13911,SK0157,2
CAND06843,SK0022,3
CAND08757,SK0068,1
CAND01319,SK0025,3
CAND03251,SK0146,3
CAND10887,SK0072,1
CAND14303,SK0093,4
CAND09339,SK0087,2
CAND03790,SK0186,5
CAND10284,SK0187,1
CAND04312,SK0091,3
CAND12170,SK0016,2
CAND10063,SK0027,5
CAND06456,SK0139,4
CAND05157,SK0148,2
CAND14731,SK0175,5
CAND01900,SK0200,1
CAND12890,SK0242,2
CAND01786,SK0240,1
CAND04560,SK0114,3
CAND09384,SK0012,4
CAND14788,SK0266,1
CAND05148,SK0022,2
CAND06996,SK0196,2
CAND09297,SK0098,5
CAND10750,SK0054,4
CAND00071,SK0076,5
CAND06765,SK0031,5
CAND12007,SK0156,3
CAND13607,SK0231,5
CAND01998,SK0028,3
CAND11108,SK0230,2
CAND13048,SK0067,1
CAND14609,SK0208,4
CAND02250,SK0247,5
CAND08779,SK0211,1
CAND08522,SK0013,2
CAND01416,SK0045,4
CAND10827,SK0170,3
CAND03431,SK0177,1
CAND05723,SK0261,2
CAND07011,SK0016,5
CAND13783,SK0012,3
CAND07322,SK0109,5
CAND07953,SK0288,3
CAND01973,SK0258,1
CAND05412,SK0152,5
CAND05494,SK0065,4
CAND14686,SK0251,3
CAND13786,SK0086,3
CAND10552,SK0201,2
CAND10272,SK0257,4
CAND06466,SK0018,4
CAND12786,SK0262,1
CAND12242,SK0076,1
CAND10124,SK0116,3
CAND05325,SK0100,4
CAND00869,SK0189,4
CAND03280,SK0252,1
CAND13755,SK0127,5
CAND03950,SK0085,3
CAND08318,SK0037,3
CAND07989,SK0141,3
CAND03365,SK0238,2
CAND06956,SK0243,3
CAND01666,SK0235,1
CAND05255,SK0057,2
CAND12913,SK0012,1
CAND07183,SK0253,1
CAND12665,SK0200,4
CAND14085,SK0076,1
CAND10862,SK0022,1
CAND12722,SK0013,4
CAND11044,SK0148,5
CAND06768,SK0177,4
CAND13349,SK0178,5
CAND07488,SK0028,2
CAND12982,SK0263,2
CAND09020,SK0168,5
CAND11084,SK0038,1
CAND00345,SK0171,3
CAND11007,SK0071,4
CAND02294,SK0072,5
CAND02357,SK0069,4
CAND01361,SK0049,1
CAND08517,SK0024,4
CAND00974,SK0224,4
CAND09880,SK0197,4
CAND01032,SK0244,2
CAND03692,SK0178,4
CAND10573,SK0155,5
CAND06838,SK0294,1
CAND03674,SK0118,2
CAND13503,SK0193,4
CAND03176,SK0139,1
CAND06261,SK0079,1
CAND06988,SK0145,3
CAND08867,SK0037,2
CAND07019,SK0240,1
CAND07187,SK0210,4
CAND14608,SK0108,5
CAND05326,SK0203,1
CAND14788,SK0137,5
CAND12760,SK0224,2
CAND05399,SK0149,4
CAND04306,SK0249,2
CAND09321,SK0181,1
CAND11407,SK0074,1
CAND09374,SK0130,3
CAND07341,SK0156,4
CAND11701,SK0215,5
CAND07442,SK0013,1
CAND12310,SK0252,2
CAND09245,SK0002,5
CAND09734,SK0087,2
CAND02013,SK0287,3
CAND13588,SK0234,2
CAND04596,SK0002,2
CAND05626,SK0039,4
CAND10086,SK0143,5
CAND11969,SK0152,1
CAND11499,SK0200,1
CAND01858,SK0053,2
CAND08711,SK0064,2
CAND14402,SK0097,5
CAND07609,SK0177,1
CAND11249,SK0125,4
CAND09264,SK0105,5
CAND03495,SK0255,1
CAND11880,SK0153,1
CAND03743,SK0244,3
CAND04705,SK0042,5
CAND07157,SK0016,1
CAND14533,SK0116,3
CAND06872,SK0261,2
CAND08552,SK0150,1
CAND04732,SK0115,1
CAND02867,SK0028,4
CAND13043,SK0230,4
CAND13688,SK0013,5
CAND10509,SK0054,3
CAND01563,SK0078,1
CAND06742,SK0049,1
CAND14489,SK0230,2
CAND02567,SK0256,3
CAND00630,SK0036,1
CAND03755,SK0266,3
CAND04807,SK0151,1
CAND12332,SK0026,4
CAND14827,SK0064,4
CAND01779,SK0227,4
CAND00992,SK0113,4
CAND07808,SK0089,2
CAND02265,SK0058,3
CAND09393,SK0021,2
CAND12283,SK0233,5
CAND07101,SK0166,1
CAND13230,SK0057,4
CAND08960,SK0217,4
CAND01175,SK0179,3
CAND00604,SK0018,2
CAND11214,SK0095,1
CAND00514,SK0286,5
CAND00130,SK0071,4
CAND13200,SK0051,4
CAND00360,SK0165,4
CAND02632,SK0127,2
CAND09887,SK0263,3
CAND12821,SK0023,5
CAND03773,SK0218,3
CAND09012,SK0050,4
CAND09136,SK0204,1
CAND10023,SK0025,1
CAND05361,SK0159,2
CAND04302,SK0128,1
CAND05204,SK0085,4
CAND08726,SK0148,4
CAND11333,SK0126,1
CAND14516,SK0145,3
CAND11203,SK0149,5
CAND06265,SK0186,3
CAND07027,SK0243,2
CAND07312,SK0174,4
CAND13622,SK0266,2
CAND07253,SK0030,5
CAND10350,SK0225,4
CAND12806,SK0070,5
CAND04216,SK0058,2
CAND03016,SK0108,4
CAND03625,SK0265,2
CAND13462,SK0300,4
CAND14015,SK0032,2
CAND07757,SK0084,2
CAND00866,SK0006,5
CAND11607,SK0280,1
CAND14415,SK0281,1
CAND05682,SK0025,4
CAND05353,SK0004,1
CAND06904,SK0178,5
CAND07524,SK0047,1
CAND08064,SK0069,5
CAND13542,SK0066,1
CAND14823,SK0114,1
CAND03953,SK0058,4
CAND06714,SK0268,4
CAND04568,SK0173,5
CAND12041,SK0105,1
CAND07804,SK0045,2
CAND10687,SK0168,4
CAND12291,SK0295,2
CAND04245,SK0100,5
CAND13686,SK0197,3
CAND07709,SK0206,2
CAND12425,SK0044,4
CAND13394,SK0241,2
CAND05245,SK0073,5
CAND03633,SK0133,3
CAND12803,SK0152,5
CAND05683,SK0025,2
CAND02245,SK0124,4
CAND05463,SK0259,4
CAND01281,SK0074,1
CAND08705,SK0035,4
CAND02706,SK0003,1
CAND12526,SK0179,3
CAND08773,SK0173,2
CAND13554,SK0189,4
CAND10266,SK0246,1
CAND05370,SK0024,4
CAND02961,SK0230,2
CAND13591,SK0019,5
CAND03393,SK0032,2
CAND09692,SK0179,4
CAND12922,SK0024,5
CAND00220,SK0265,1
CAND06337,SK0272,1
CAND14486,SK0010,5
CAND12593,SK0240,4
CAND06522,SK0278,2
CAND11264,SK0177,4
CAND01068,SK0248,5
CAND02676,SK0244,5
CAND14808,SK0184,3
CAND07987,SK0109,4
CAND01996,SK0168,1
CAND14452,SK0122,3
CAND03220,SK0055,4
CAND05721,SK0054,2
CAND07320,SK0112,1
CAND12852,SK0265,3
CAND07249,SK0262,5
CAND09226,SK0209,3
CAND14685,SK0139,1
CAND01625,SK0259,3
CAND03669,SK0254,4
CAND09518,SK0022,5
CAND04400,SK0052,1
CAND07679,SK0248,4
CAND09286,SK0202,4
CAND11883,SK0173,4
CAND10779,SK0266,3
CAND14015,SK0141,5
CAND12125,SK0218,4
CAND04090,SK0268,5
CAND13552,SK0248,2
CAND12515,SK0126,2
CAND03862,SK0020,5
CAND00761,SK0162,2
CAND02297,SK0248,3
CAND04654,SK0151,3
CAND12239,SK0206,2
CAND14831,SK0254,5
CAND11167,SK0014,2
CAND03291,SK0079,5
CAND13758,SK0060,5
CAND09110,SK0137,3
CAND00831,SK0158,2
CAND06546,SK0117,3
CAND11188,SK0263,3
CAND01117,SK0066,5
CAND01352,SK0204,1
CAND11189,SK0100,5
CAND14488,SK0096,2
CAND11569,SK0051,3
CAND14816,SK0193,3
CAND06941,SK0130,3
CAND14451,SK0105,4
CAND07941,SK0182,4
CAND04418,SK0192,5
CAND05887,SK0035,2
CAND01840,SK0046,5
CAND05641,SK0054,3
CAND09771,SK0191,5
CAND12226,SK0261,5
CAND03520,SK0227,1
CAND03023,SK0090,2
CAND13362,SK0106,4
CAND04990,SK0056,2
CAND00984,SK0274,1
CAND13372,SK0276,3
CAND10919,SK0196,3
CAND11193,SK0054,5
CAND04759,SK0089,1
CAND07100,SK0192,1
CAND03491,SK0164,4
CAND08129,SK0041,1
CAND08988,SK0263,3
CAND04577,SK0280,5
CAND09617,SK0290,2
CAND05975,SK0141,2
CAND13953,SK0118,3
CAND09468,SK0112,2
CAND11587,SK0120,2
CAND08304,SK0026,5
CAND11954,SK0188,2
CAND02076,SK0018,3
CAND13887,SK0293,2
CAND04740,SK0091,3
CAND14453,SK0107,5
CAND14647,SK0242,4
CAND08266,SK0156,5
CAND03340,SK0284,2
CAND14057,SK0120,5
CAND03293,SK0284,4
CAND05727,SK0035,1
CAND09116,SK0098,5
CAND10832,SK0175,1
CAND11101,SK0258,1
CAND04355,SK0239,3
CAND14681,SK0004,2
CAND11627,SK0045,1
CAND04436,SK0019,1
CAND04003,SK0206,2
CAND12757,SK0241,4
CAND14673,SK0167,1
CAND05789,SK0019,4
CAND14912,SK0088,1
CAND14623,SK0175,3
CAND10279,SK0210,2
CAND03073,SK0154,3
CAND11282,SK0203,5
CAND09848,SK0280,4
CAND01624,SK0170,4
CAND06713,SK0260,4
CAND12236,SK0065,4
CAND11898,SK0246,3
CAND07893,SK0135,1
CAND06327,SK0215,3
CAND14169,SK0164,2
CAND10320,SK0262,5
CAND13672,SK0140,5
CAND08628,SK0066,5
CAND03886,SK0102,4
CAND05839,SK0240,5
CAND00391,SK0112,5
CAND10880,SK0247,1
CAND02556,SK0207,2
CAND10889,SK0072,3
CAND09674,SK0279,3
CAND00636,SK0010,1
CAND10547,SK0096,1
CAND04760,SK0104,3
CAND06009,SK0205,1
CAND11860,SK0255,3
CAND09222,SK0227,5
CAND05545,SK0203,5
CAND10675,SK0200,4
CAND11720,SK0188,3
CAND08945,SK0106,5
CAND12484,SK0044,2
CAND10966,SK0186,2
CAND02853,SK0211,4
CAND10749,SK0114,2
CAND10486,SK0166,2
CAND04643,SK0119,3
CAND13557,SK0013,3
CAND05555,SK0065,4
CAND11749,SK0223,4
CAND00857,SK0096,2
CAND08410,SK0153,3
CAND13257,SK0146,2
CAND06735,SK0294,1
CAND13811,SK0059,2
CAND13955,SK0058,1
CAND04002,SK0104,5
CAND02426,SK0099,1
CAND00724,SK0032,2
CAND13926,SK0021,2
CAND05868,SK0037,4
CAND09564,SK0288,1
CAND13747,SK0190,5
CAND12330,SK0153,3
CAND04428,SK0178,3
CAND10283,SK0013,4
CAND10657,SK0113,4
CAND04592,SK0109,1
CAND11737,SK0222,4
CAND02701,SK0082,5
CAND02464,SK0140,2
CAND08904,SK0098,5
CAND11323,SK0290,4
CAND09872,SK0300,4
CAND06069,SK0041,3
CAND05727,SK0228,4
CAND04493,SK0146,3
CAND00086,SK0190,4
CAND06429,SK0137,4
CAND07919,SK0210,2
CAND00112,SK0124,1
CAND02485,SK0212,1
CAND13928,SK0167,4
CAND04501,SK0141,1
CAND12149,SK0130,3
CAND08285,SK0038,3
CAND00499,SK0064,1
CAND02994,SK0118,3
CAND04422,SK0278,1
CAND07171,SK0110,4
CAND04995,SK0009,4
CAND07758,SK0055,4
CAND10011,SK0157,4
CAND01077,SK0283,4
CAND14656,SK0098,3
CAND00966,SK0297,4
CAND11757,SK0122,5
CAND06012,SK0212,4
CAND12603,SK0005,5
CAND03099,SK0210,3
CAND00444,SK0272,1
CAND06725,SK0088,3
CAND14815,SK0054,4
CAND14228,SK0236,2
CAND08635,SK0117,5
CAND08025,SK0290,4
CAND01548,SK0098,5
CAND02972,SK0183,2
CAND02884,SK0181,5
CAND07502,SK0203,4
CAND06602,SK0296,3
CAND03039,SK0055,5
CAND09721,SK0082,4
CAND14711,SK0088,2
CAND13177,SK0173,1
CAND05333,SK0045,2
CAND10105,SK0108,1
CAND09958,SK0094,4
CAND11927,SK0022,3
CAND08661,SK0013,5
CAND11311,SK0015,2
CAND07173,SK0192,2
CAND08733,SK0190,5
CAND01698,SK0251,4
CAND03695,SK0244,5
CAND12547,SK0209,5
CAND13060,SK0046,1
CAND08614,SK0192,3
CAND02951,SK0191,2
CAND08695,SK0284,1
CAND04701,SK0152,2
CAND05204,SK0018,1
CAND11860,SK0013,3
CAND02462,SK0215,5
CAND11361,SK0281,3
CAND01548,SK0178,5
CAND12907,SK0032,4
CAND01759,SK0147,2
CAND05611,SK0236,2
CAND03961,SK0290,4
CAND02795,SK0028,1
CAND06561,SK0048,3
CAND14645,SK0025,4
CAND12148,SK0194,2
CAND12333,SK0252,1
CAND13269,SK0050,4
CAND03361,SK0101,1
CAND06168,SK0201,2
CAND05575,SK0082,3
CAND10860,SK0260,2
CAND05375,SK0267,2
CAND12677,SK0245,3
CAND01452,SK0068,2
CAND03313,SK0034,2
CAND10952,SK0268,3
CAND03291,SK0281,4
CAND05749,SK0266,5
CAND01436,SK0178,1
CAND05942,SK0287,2
CAND14866,SK0161,2
CAND14094,SK0269,3
CAND05951,SK0179,2
CAND07270,SK0126,4
CAND02220,SK0177,3
CAND14077,SK0084,1
CAND11073,SK0017,1
CAND13288,SK0085,2
CAND04471,SK0280,1
CAND14225,SK0214,1
CAND04975,SK0261,3
CAND10935,SK0230,2
CAND08539,SK0108,4
CAND05249,SK0295,5
CAND00685,SK0015,5
CAND06522,SK0224,4
CAND02606,SK0249,3
CAND05207,SK0246,5
CAND09573,SK0265,1
CAND11920,SK0220,5
CAND10588,SK0127,4
CAND07384,SK0218,4
CAND14920,SK0251,1
CAND10924,SK0016,2
CAND07745,SK0258,5
CAND02593,SK0028,1
CAND08298,SK0042,3
CAND08607,SK0060,2
CAND02453,SK0093,4
CAND04555,SK0268,3
CAND01268,SK0103,3
CAND05963,SK0155,2
CAND03927,SK0016,5
CAND02967,SK0082,1
CAND02950,SK0293,4
CAND11064,SK0087,1
CAND00277,SK0257,2
CAND13372,SK0209,3
CAND01411,SK0177,3
CAND01626,SK0243,5
CAND12062,SK0136,1
CAND11113,SK0002,2
CAND02907,SK0228,5
CAND08944,SK0156,1
CAND14144,SK0244,5
CAND01657,SK0259,1
CAND09041,SK0221,3
CAND12171,SK0098,1
CAND06711,SK0182,4
CAND08929,SK0274,3
CAND00877,SK0086,1
CAND01708,SK0121,1
CAND09246,SK0266,1
CAND07703,SK0105,4
CAND08730,SK0013,3
CAND11649,SK0258,4
CAND13268,SK0250,3
CAND05678,SK0085,5
CAND13334,SK0207,2
CAND03376,SK0048,2
CAND02414,SK0178,3
CAND05718,SK0162,2
CAND12702,SK0226,5
CAND11226,SK0097,1
CAND08502,SK0137,1
CAND05921,SK0087,5
CAND02296,SK0226,4
CAND13186,SK0026,1
CAND02229,SK0241,5
CAND02680,SK0064,4
CAND08384,SK0295,2
CAND11404,SK0049,3
CAND05578,SK0256,3
CAND05443,SK0039,1
CAND11350,SK0173,2
CAND13326,SK0101,3
CAND02180,SK0209,2
CAND08961,SK0108,2
CAND05791,SK0264,2
CAND12133,SK0183,5
CAND04044,SK0091,2
CAND00367,SK0068,4
CAND07822,SK0193,1
CAND00030,SK0289,2
CAND07891,SK0053,5
CAND12270,SK0099,3
CAND08550,SK0269,1
CAND11714,SK0098,5
CAND10568,SK0276,4
CAND09451,SK0292,3
CAND07540,SK0265,1
CAND09028,SK0119,4
CAND09414,SK0064,5
CAND00235,SK0206,1
CAND14769,SK0143,5
CAND07125,SK0035,3
CAND09347,SK0044,1
CAND12745,SK0159,1
CAND14704,SK0275,1
CAND08165,SK0082,1
CAND07629,SK0095,5
CAND03833,SK0122,1
CAND07200,SK0165,5
CAND09090,SK0253,1
CAND11848,SK0145,1
CAND03648,SK0083,2
CAND09248,SK0015,4
CAND12596,SK0042,1
CAND00616,SK0269,3
CAND03508,SK0171,3
CAND07792,SK0250,3
CAND10002,SK0037,4
CAND09199,SK0046,5
CAND04401,SK0249,5
CAND06363,SK0026,3
CAND02955,SK0171,4
CAND10830,SK0121,4
CAND04737,SK0214,5
CAND07675,SK0159,2
CAND14986,SK0111,5
CAND01136,SK0222,3
CAND00473,SK0141,1
CAND04348,SK0042,1
CAND10851,SK0061,3
CAND09657,SK0201,3
CAND09401,SK0152,4
CAND00752,SK0263,3
CAND07121,SK0121,3
CAND14977,SK0045,4
CAND06642,SK0037,1
CAND06511,SK0099,4
CAND12273,SK0174,5
CAND12593,SK0181,2
CAND08029,SK0181,4
CAND05957,SK0246,4
CAND14540,SK0197,2
CAND01902,SK0069,3
CAND09269,SK0296,5
CAND00351,SK0118,5
CAND00218,SK0291,4
CAND05658,SK0247,4
CAND04090,SK0067,4
CAND12017,SK0072,4
CAND00804,SK0223,5
CAND13186,SK0085,3
CAND02665,SK0262,4
CAND14511,SK0134,5
CAND01371,SK0249,3
CAND02779,SK0002,4
CAND06201,SK0279,1
CAND06652,SK0155,4
CAND13625,SK0023,5
CAND05820,SK0214,2
CAND08175,SK0174,3
CAND04890,SK0227,1
CAND04885,SK0003,2
CAND06760,SK0156,4
CAND03737,SK0185,2
CAND09444,SK0219,4
CAND07520,SK0007,1
CAND09008,SK0230,2
CAND08830,SK0098,4
CAND05233,SK0005,1
CAND02323,SK0251,3
CAND05197,SK0198,1
CAND07103,SK0052,4
CAND01197,SK0050,2
CAND11296,SK0133,3
CAND08645,SK0282,4
CAND02612,SK0064,4
CAND13370,SK0241,3
CAND03202,SK0125,2
CAND01265,SK0037,1
CAND06927,SK0148,5
CAND11639,SK0204,5
CAND12897,SK0067,5
CAND02073,SK0130,1
CAND03208,SK0195,4
CAND12504,SK0152,2
CAND00935,SK0091,1
CAND00655,SK0102,3
CAND00758,SK0100,1
CAND00138,SK0231,4
CAND11328,SK0230,1
CAND11455,SK0190,5
CAND08254,SK0237,5
CAND04075,SK0009,5
CAND07627,SK0205,1
CAND10863,SK0092,3
CAND10179,SK0199,1
CAND04021,SK0186,2
CAND03064,SK0201,2
CAND03767,SK0162,4
CAND04520,SK0288,5
CAND11413,SK0203,2
CAND07557,SK0299,3
CAND13335,SK0138,4
CAND10564,SK0159,2
CAND07674,SK0020,3
CAND01973,SK0254,4
CAND01376,SK0098,4
CAND04448,SK0043,3
CAND03328,SK0298,2
CAND02286,SK0057,4
CAND10857,SK0185,3
CAND09258,SK0050,5
CAND12719,SK0185,1
CAND11399,SK0296,3
CAND05875,SK0194,4
CAND02425,SK0060,3
CAND03956,SK0232,2
CAND01286,SK0116,2
CAND14957,SK0294,3
CAND08222,SK0138,1
CAND10444,SK0159,3
CAND04340,SK0208,3
CAND06587,SK0221,4
CAND01359,SK0150,2
CAND00938,SK0124,5
CAND09142,SK0017,3
CAND12544,SK0180,4
CAND01289,SK0143,5
CAND05638,SK0139,3
CAND00912,SK0232,2
CAND07977,SK0185,2
CAND06170,SK0211,2
CAND01530,SK0140,4
CAND12238,SK0154,3
CAND05543,SK0200,3
CAND00431,SK0205,2
CAND13205,SK0029,5
CAND08784,SK0002,2
CAND01910,SK0127,4
CAND06474,SK0112,5
CAND08911,SK0244,2
CAND14302,SK0181,1
CAND05796,SK0243,4
CAND03599,SK0101,4
CAND03541,SK0109,3
CAND06062,SK0019,2
CAND10712,SK0082,3
CAND09722,SK0155,2
CAND13887,SK0018,5
CAND02067,SK0149,1
CAND06516,SK0053,2
CAND03616,SK0283,5
CAND10944,SK0282,1
CAND11417,SK0239,3
CAND04695,SK0044,1
CAND04723,SK0034,2
CAND06769,SK0218,4
CAND03310,SK0119,5
CAND13086,SK0282,2
CAND09991,SK0102,3
CAND02206,SK0037,1
CAND09523,SK0281,5
CAND00778,SK0280,4
CAND00438,SK0029,1
CAND10935,SK0034,2
CAND11450,SK0113,1
CAND10043,SK0160,1
CAND00353,SK0205,3
CAND01900,SK0058,1
CAND09662,SK0054,1
CAND08543,SK0259,3
CAND08811,SK0100,3
CAND11716,SK0221,4
CAND02759,SK0210,5
CAND05192,SK0068,5
CAND01585,SK0190,3
CAND14674,SK0101,1
CAND03050,SK0237,5
CAND04417,SK0082,1
CAND13379,SK0123,5
CAND06249,SK0244,4
CAND04634,SK0270,3
CAND01273,SK0236,1
CAND00549,SK0118,2
CAND01305,SK0239,1
CAND06080,SK0090,3
CAND11326,SK0006,2
CAND01419,SK0235,5
CAND01238,SK0260,1
CAND02857,SK0153,3
CAND07596,SK0267,1
CAND07734,SK0142,2
CAND14654,SK0248,4
CAND11791,SK0188,4
CAND14466,SK0154,1
CAND04743,SK0294,1
CAND13491,SK0178,3
CAND10265,SK0237,2
CAND06626,SK0214,5
CAND04618,SK0244,1
CAND04178,SK0215,1
CAND12993,SK0127,1
CAND04373,SK0253,5
CAND00670,SK0159,5
CAND02238,SK0115,3
CAND00731,SK0186,2
CAND12969,SK0215,1
CAND02837,SK0001,2
CAND04573,SK0028,4
CAND04848,SK0182,1
CAND03509,SK0058,4
CAND13910,SK0177,5
CAND10709,SK0106,3
CAND00476,SK0129,5
CAND00050,SK0290,5
CAND03565,SK0054,1
CAND06103,SK0175,1
CAND04778,SK0289,4
CAND13923,SK0261,4
CAND04121,SK0079,4
CAND14880,SK0184,2
CAND04374,SK0026,3
CAND06164,SK0150,3
CAND12763,SK0017,1
CAND12597,SK0300,3
CAND10380,SK0183,3
CAND02911,SK0232,4
CAND00259,SK0229,3
CAND02919,SK0168,2
CAND11907,SK0020,4
CAND00293,SK0075,4
CAND05738,SK0023,1
CAND14732,SK0042,1
CAND13750,SK0069,5
CAND11394,SK0230,4
CAND07749,SK0161,4
CAND04643,SK0286,3
CAND04192,SK0298,3
CAND10098,SK0183,1
CAND12503,SK0213,4
CAND04042,SK0289,3
CAND09412,SK0043,1
CAND09851,SK0076,1
CAND04074,SK0256,5
CAND02598,SK0167,1
CAND07935,SK0203,4
CAND10081,SK0117,3
CAND13565,SK0063,2
CAND11244,SK0271,3
CAND04506,SK0267,1
CAND03607,SK0281,4
CAND01376,SK0029,3
CAND04648,SK0221,4
CAND08171,SK0205,4
CAND10732,SK0170,4
CAND00695,SK0246,1
CAND08235,SK0004,1
CAND12774,SK0262,5
CAND00287,SK0259,5
CAND06790,SK0134,2
CAND13966,SK0104,3
CAND01648,SK0074,5
CAND04148,SK0269,3
CAND07071,SK0120,1
CAND09672,SK0056,1
CAND13940,SK0202,5
CAND08679,SK0060,4
CAND08958,SK0058,2
CAND04389,SK0165,4
CAND11030,SK0226,3
CAND04429,SK0043,2
CAND02391,SK0176,2
CAND04033,SK0021,5
CAND05537,SK0037,4
CAND08725,SK0105,2
CAND05782,SK0132,3
CAND09681,SK0280,3
CAND07738,SK0187,5
CAND04529,SK0163,3
CAND02027,SK0224,2
CAND00949,SK0047,3
CAND06310,SK0097,5
CAND05033,SK0233,4
CAND01153,SK0135,2
CAND13533,SK0276,3
CAND14112,SK0232,4
CAND03711,SK0027,2
CAND12611,SK0102,1
CAND08560,SK0213,4
CAND08170,SK0201,5
CAND00208,SK0193,4
CAND10218,SK0112,1
CAND14433,SK0278,2
CAND03952,SK0096,5
CAND11628,SK0077,2
CAND08386,SK0111,1
CAND05800,SK0255,1
CAND04443,SK0128,4
CAND12647,SK0001,2
CAND06014,SK0173,1
CAND10119,SK0248,1
CAND05889,SK0253,5
CAND06424,SK0223,3
CAND06950,SK0023,4
CAND08062,SK0032,4
CAND08965,SK0013,5
CAND11590,SK0237,3
CAND01186,SK0235,1
CAND09228,SK0033,5
CAND12487,SK0224,2
CAND14845,SK0140,1
CAND04038,SK0170,4
CAND04433,SK0099,2
CAND07222,SK0140,5
CAND12012,SK0085,2
CAND14691,SK0125,2
CAND05341,SK0271,3
CAND09550,SK0177,4
CAND14702,SK0058,4
CAND03756,SK0127,4
CAND14914,SK0300,4
CAND11184,SK0236,1
CAND03809,SK0227,5
CAND02354,SK0228,2
CAND08430,SK0169,5
CAND02599,SK0262,4
CAND11836,SK0215,1
CAND07524,SK0132,2
CAND12397,SK0112,2
CAND13334,SK0076,3
CAND00498,SK0191,5
CAND13802,SK0015,3
CAND14121,SK0150,2
CAND10913,SK0253,5
CAND08912,SK0103,4
CAND06568,SK0089,4
CAND11874,SK0059,2
CAND14512,SK0170,3
CAND01133,SK0123,2
CAND11740,SK0023,2
CAND03775,SK0213,3
CAND13828,SK0093,5
CAND00873,SK0124,5
CAND07219,SK0211,2
CAND02942,SK0173,3
CAND05514,SK0150,4
CAND03933,SK0203,4
CAND01781,SK0213,4
CAND12536,SK0201,3
CAND08125,SK0017,2
CAND07891,SK0036,3
CAND12507,SK0075,2
CAND04176,SK0188,5
CAND14322,SK0073,4
CAND10047,SK0063,2
CAND05428,SK0044,2
CAND03062,SK0042,4
CAND13172,SK0091,2
CAND10135,SK0068,2
CAND07581,SK0089,4
CAND07478,SK0008,1
CAND10511,SK0059,1
CAND14706,SK0057,3
CAND08742,SK0075,1
CAND00605,SK0227,2
CAND01990,SK0009,1
CAND05738,SK0234,3
CAND10486,SK0040,2
CAND04536,SK0243,3
CAND13065,SK0115,3
CAND01214,SK0176,5
CAND08928,SK0272,3
CAND08182,SK0035,2
CAND12688,SK0173,1
CAND06419,SK0001,5
CAND02207,SK0237,1
CAND10933,SK0114,1
CAND01511,SK0239,1
CAND09598,SK0060,5
CAND09608,SK0126,3
CAND08644,SK0289,4
CAND12899,SK0162,2
CAND12966,SK0010,3
CAND14343,SK0082,5
CAND06339,SK0163,1
CAND13739,SK0122,1
CAND08295,SK0205,2
CAND11609,SK0007,3
CAND08468,SK0232,1
CAND09050,SK0175,4
CAND13213,SK0211,4
CAND13086,SK0131,1
CAND10000,SK0189,3
CAND09567,SK0279,1
CAND10187,SK0067,5
CAND05029,SK0056,4
CAND04763,SK0168,3
CAND04745,SK0004,1
CAND09434,SK0243,2
CAND10173,SK0233,1
CAND09757,SK0214,3
CAND13112,SK0146,3
CAND08592,SK0028,3
CAND12090,SK0147,4
CAND06398,SK0083,2
CAND14864,SK0007,1
CAND10690,SK0070,5
CAND08199,SK0008,5
CAND05308,SK0256,2
CAND04764,SK0231,5
CAND04508,SK0231,2
CAND13354,SK0041,2
CAND01140,SK0123,5
CAND13865,SK0049,4
CAND14505,SK0294,3
CAND11737,SK0217,2
CAND03994,SK0141,4
CAND11291,SK0169,5
CAND05951,SK0223,5
CAND07514,SK0087,3
CAND04854,SK0291,1
CAND07624,SK0204,2
CAND14326,SK0144,1
CAND09167,SK0062,2
CAND07336,SK0004,1
CAND01972,SK0232,1
CAND01804,SK0106,2
CAND03531,SK0126,4
CAND11018,SK0264,2
CAND04859,SK0068,5
CAND08470,SK0265,5
CAND11340,SK0191,4
CAND07389,SK0217,2
CAND01180,SK0148,4
CAND01561,SK0290,4
CAND08455,SK0201,1
CAND04704,SK0269,2
CAND11555,SK0259,3
CAND01949,SK0187,3
CAND07755,SK0085,3
CAND05731,SK0175,5
CAND02573,SK0164,5
CAND04912,SK0292,5
CAND02520,SK0022,3
CAND14595,SK0218,1
CAND00178,SK0084,5
CAND04879,SK0189,1
CAND09744,SK0205,1
CAND01254,SK0011,1
CAND11342,SK0094,5
CAND09484,SK0115,5
CAND14378,SK0035,5
CAND08455,SK0172,1
CAND01105,SK0051,1
CAND08043,SK0045,3
CAND07428,SK0159,1
CAND08653,SK0169,5
CAND00946,SK0274,5
CAND10162,SK0014,2
CAND12958,SK0203,4
CAND03417,SK0078,2
CAND14843,SK0059,5
CAND08822,SK0100,4
CAND03604,SK0222,4
CAND10469,SK0281,3
CAND10147,SK0300,3
CAND07419,SK0004,2
CAND08353,SK0024,1
CAND14185,SK0250,1
CAND08844,SK0065,3
CAND00841,SK0130,4
CAND01904,SK0255,1
CAND03002,SK0150,3
CAND03463,SK0216,1
CAND14471,SK0164,1
CAND11563,SK0282,2
CAND05720,SK0181,2
CAND09457,SK0194,2
CAND11517,SK0108,1
CAND11454,SK0255,5
CAND01054,SK0007,4
CAND07610,SK0060,3
CAND02796,SK0037,4
CAND09937,SK0140,1
CAND10881,SK0199,3
CAND01393,SK0047,3
CAND14150,SK0227,3
CAND14567,SK0124,4
CAND03059,SK0260,3
CAND13664,SK0014,2
CAND03053,SK0185,4
CAND14795,SK0274,1
CAND10623,SK0086,3
CAND07533,SK0033,4
CAND05710,SK0283,2
CAND03105,SK0032,3
CAND09131,SK0144,5
CAND07437,SK0138,1
CAND12487,SK0245,3
CAND06694,SK0239,1
CAND12208,SK0292,1
CAND02775,SK0045,5
CAND10167,SK0155,2
CAND03968,SK0213,3
CAND09276,SK0070,1
CAND14616,SK0100,4
CAND04230,SK0089,2
CAND11263,SK0080,3
CAND04339,SK0060,5
CAND05332,SK0118,2
CAND09923,SK0167,1
CAND08301,SK0182,3
CAND02689,SK0054,4
CAND02179,SK0266,5
CAND05255,SK0058,5
CAND08519,SK0286,1
CAND10474,SK0108,5
CAND10813,SK0238,2
CAND04176,SK0023,4
CAND13306,SK0228,1
CAND04206,SK0083,1
CAND14610,SK0078,5
CAND07566,SK0043,3
CAND10085,SK0103,5
CAND11677,SK0147,5
CAND07596,SK0217,1
CAND10252,SK0083,1
CAND03253,SK0095,2
CAND05852,SK0002,4
CAND06128,SK0031,4
CAND10153,SK0273,1
CAND04166,SK0128,5
CAND04716,SK0002,3
CAND02941,SK0241,3
CAND14224,SK0073,2
CAND10844,SK0086,1
CAND01061,SK0152,1
CAND13283,SK0064,1
CAND07262,SK0214,5
CAND04690,SK0024,1
CAND05826,SK0073,4
CAND07682,SK0250,2
CAND04993,SK0089,5
CAND13442,SK0064,3
CAND05928,SK0005,2
CAND09431,SK0006,1
CAND10730,SK0005,2
CAND05275,SK0242,3
CAND10236,SK0202,2
CAND02220,SK0294,1
CAND08693,SK0203,5
CAND09638,SK0050,1
CAND13717,SK0181,4
CAND05816,SK0156,3
CAND10166,SK0112,1
CAND00512,SK0071,4
CAND02295,SK0051,4
CAND11753,SK0191,5
CAND09423,SK0064,2
CAND03310,SK0092,5
CAND10558,SK0159,2
CAND07205,SK0280,3
CAND10382,SK0074,3
CAND06695,SK0194,1
CAND06093,SK0019,5
CAND02469,SK0100,4
CAND14588,SK0179,2
CAND01752,SK0165,2
CAND12218,SK0199,3
CAND03527,SK0150,1
CAND06099,SK0122,3
CAND10571,SK0252,2
CAND08845,SK0227,5
CAND12425,SK0084,3
CAND05201,SK0003,3
CAND11403,SK0280,4
CAND03726,SK0299,2
CAND02277,SK0015,1
CAND06351,SK0196,1
CAND11557,SK0222,2
CAND04369,SK0246,3
CAND05146,SK0034,3
CAND05058,SK0029,4
CAND01616,SK0250,5
CAND07039,SK0088,4
CAND04535,SK0168,1
CAND00927,SK0049,4
CAND13203,SK0035,2
CAND12875,SK0133,4
CAND07131,SK0210,1
CAND04229,SK0236,2
CAND08190,SK0250,5
CAND07673,SK0112,3
CAND01297,SK0223,4
CAND02239,SK0292,3
CAND08013,SK0096,5
CAND04309,SK0109,4
CAND08884,SK0190,3
CAND01915,SK0043,5
CAND02590,SK0035,2
CAND00355,SK0008,2
CAND13547,SK0171,4
CAND07459,SK0130,4
CAND12393,SK0294,3
CAND12990,SK0082,1
CAND14914,SK0076,2
CAND14894,SK0012,4
CAND09031,SK0231,1
CAND13491,SK0074,4
CAND07659,SK0250,5
CAND09422,SK0136,1
CAND09786,SK0237,2
CAND02094,SK0165,4
CAND05190,SK0276,4
CAND09978,SK0048,3
CAND12366,SK0256,3
CAND01919,SK0197,5
CAND06441,SK0285,5
CAND02619,SK0297,5
CAND02794,SK0203,3
CAND14637,SK0277,5
CAND07820,SK0253,5
CAND12572,SK0108,5
CAND05536,SK0155,5
CAND04173,SK0133,3
CAND02500,SK0287,1
CAND04666,SK0240,5
CAND02658,SK0017,5
CAND07851,SK0143,3
CAND02917,SK0167,2
CAND05358,SK0002,1
CAND13408,SK0017,2
CAND06007,SK0294,3
CAND08421,SK0061,4
CAND05950,SK0186,4
CAND04973,SK0049,3
CAND10776,SK0191,5
CAND00783,SK0069,5
CAND10087,SK0117,4
CAND10477,SK0213,1
CAND10139,SK0233,4
CAND09508,SK0253,4
CAND14015,SK0010,1
CAND00685,SK0261,4
CAND12204,SK0218,5
CAND11945,SK0275,1
CAND04477,SK0298,4
CAND07223,SK0028,1
CAND14329,SK0213,4
CAND09123,SK0058,5
CAND13551,SK0295,2
CAND05403,SK0047,3
CAND14148,SK0272,1
CAND11153,SK0158,1
CAND14248,SK0075,3
CAND13489,SK0026,3
CAND02603,SK0140,4
CAND11063,SK0232,1
CAND02658,SK0095,2
CAND13972,SK0142,3
CAND00028,SK0109,3
CAND12597,SK0281,5
CAND02149,SK0211,4
CAND07734,SK0203,4
CAND01316,SK0232,4
CAND01296,SK0110,4
CAND08924,SK0281,1
CAND01838,SK0237,5
CAND03496,SK0023,2
CAND01874,SK0065,1
CAND07674,SK0064,5
CAND03049,SK0266,3
CAND01267,SK0052,1
CAND14691,SK0249,5
CAND03227,SK0128,1
CAND01050,SK0130,4
CAND08726,SK0222,4
CAND13150,SK0073,4
CAND05964,SK0073,4
CAND12127,SK0105,1
CAND06635,SK0037,4
CAND04990,SK0252,5
CAND12423,SK0008,1
CAND10083,SK0295,5
CAND09046,SK0057,1
CAND11791,SK0205,3
CAND08679,SK0277,1
CAND07689,SK0131,5
CAND02867,SK0259,3
CAND08299,SK0040,4
CAND14600,SK0183,4
CAND14047,SK0278,5
CAND13593,SK0047,3
CAND08857,SK0110,2
CAND05562,SK0048,5
CAND07469,SK0269,1
CAND01871,SK0166,4
CAND12825,SK0081,1
CAND08297,SK0073,5
CAND02835,SK0044,1
CAND08011,SK0066,5
CAND06887,SK0085,5
CAND03641,SK0039,3
CAND00618,SK0284,1
CAND07632,SK0275,4
CAND05578,SK0045,5
CAND07337,SK0111,3
CAND08666,SK0062,3
CAND11778,SK0263,1
CAND14271,SK0069,3
CAND00455,SK0077,3
CAND13395,SK0046,1
CAND11806,SK0069,3
CAND14021,SK0005,3
CAND10271,SK0082,1
CAND06629,SK0034,5
CAND01671,SK0161,1
CAND01034,SK0298,3
CAND01215,SK0261,3
CAND04967,SK0008,2
CAND08722,SK0264,4
CAND02504,SK0208,2
CAND14624,SK0096,1
CAND03836,SK0037,2
CAND05801,SK0212,1
CAND05123,SK0171,4
CAND03574,SK0271,3
CAND10272,SK0261,3
CAND14985,SK0238,3
CAND03760,SK0115,2
CAND04832,SK0012,3
CAND06206,SK0119,2
CAND06351,SK0103,2
CAND14959,SK0208,4
CAND03128,SK0146,5
CAND11828,SK0092,1
CAND09509,SK0253,4
CAND14224,SK0071,5
CAND09135,SK0169,1
CAND09852,SK0212,3
CAND11982,SK0230,5
CAND00985,SK0224,4
CAND13324,SK0174,3
CAND08589,SK0081,5
CAND01952,SK0152,1
CAND00559,SK0202,2
CAND00044,SK0160,1
CAND13909,SK0165,5
CAND14875,SK0172,5
CAND14773,SK0180,5
CAND10254,SK0065,1
CAND01761,SK0150,3
CAND09242,SK0203,3
CAND03499,SK0104,3
CAND07491,SK0220,2
CAND10929,SK0019,4
CAND03980,SK0121,3
CAND00282,SK0130,5
CAND04658,SK0004,3
CAND04354,SK0123,1
CAND00184,SK0084,1
CAND05211,SK0057,2
CAND02669,SK0098,4
CAND07679,SK0028,5
CAND10568,SK0152,2
CAND01242,SK0206,2
CAND05775,SK0224,4
CAND04896,SK0077,1
CAND10357,SK0293,5
CAND06483,SK0181,5
CAND06411,SK0180,3
CAND03376,SK0280,5
CAND11000,SK0212,3
CAND03937,SK0043,5
CAND05285,SK0031,3
CAND07151,SK0086,4
CAND12273,SK0066,3
CAND01452,SK0256,4
CAND11133,SK0106,2
CAND05663,SK0235,1
CAND05857,SK0134,1
CAND04729,SK0194,5
CAND04356,SK0006,4
CAND13057,SK0129,5
CAND11297,SK0063,2
CAND12295,SK0261,4
CAND01243,SK0010,3
CAND02903,SK0134,2
CAND01298,SK0185,2
CAND01603,SK0177,1
CAND14061,SK0002,3
CAND03597,SK0051,3
CAND10344,SK0192,3
CAND06000,SK0163,4
CAND12237,SK0176,5
CAND10461,SK0272,5
CAND10328,SK0182,1
CAND14890,SK0160,3
CAND14082,SK0260,5
CAND02631,SK0149,5
CAND06024,SK0161,5
CAND08165,SK0151,4
CAND08771,SK0074,4
CAND03833,SK0120,3
CAND04232,SK0016,4
CAND05431,SK0239,4
CAND07540,SK0066,2
CAND05004,SK0202,5
CAND01474,SK0155,1
CAND09081,SK0196,2
CAND09040,SK0074,5
CAND03557,SK0221,3
CAND12695,SK0131,1
CAND04622,SK0283,2
CAND00229,SK0099,4
CAND03585,SK0003,1
CAND01579,SK0036,1
CAND08739,SK0195,2
CAND13440,SK0176,2
CAND10356,SK0016,5
CAND08319,SK0168,5
CAND05681,SK0255,2
CAND01268,SK0241,4
CAND01571,SK0041,1
CAND07029,SK0103,5
CAND03022,SK0017,5
CAND02880,SK0250,5
CAND10930,SK0192,5
CAND07407,SK0132,2
CAND07191,SK0070,5
CAND01620,SK0060,3
CAND01073,SK0210,5
CAND09954,SK0190,3
CAND14492,SK0057,4
CAND00260,SK0059,2
CAND14895,SK0206,5
CAND02320,SK0122,3
CAND04095,SK0036,4
CAND05946,SK0249,1
CAND11323,SK0300,2
CAND08686,SK0133,3
CAND02948,SK0133,4
CAND13336,SK0208,4
CAND10404,SK0224,1
CAND06394,SK0045,4
CAND01853,SK0183,5
CAND00309,SK0266,4
CAND11856,SK0233,3
CAND11110,SK0214,1
CAND14315,SK0063,5
CAND08051,SK0209,5
CAND10144,SK0061,2
CAND05527,SK0215,4
CAND01756,SK0145,2
CAND11070,SK0248,2
CAND03599,SK0007,5
CAND07434,SK0042,4
CAND07777,SK0020,5
CAND03114,SK0299,3
CAND04924,SK0009,2
CAND09135,SK0130,2
CAND09269,SK0275,2
CAND04086,SK0073,2
CAND01604,SK0029,3
CAND13307,SK0177,4
CAND10868,SK0162,3
CAND03008,SK0120,5
CAND02909,SK0190,3
CAND09761,SK0060,2
CAND05719,SK0075,3
CAND13352,SK0098,2
CAND13869,SK0103,1
CAND07488,SK0007,3
CAND03110,SK0129,3
CAND01815,SK0180,5
CAND09534,SK0283,4
CAND04130,SK0281,1
CAND07251,SK0169,1
CAND13412,SK0086,3
CAND14796,SK0136,4
CAND03762,SK0095,3
CAND01804,SK0004,4
CAND14348,SK0009,4
CAND01253,SK0267,2
CAND07449,SK0180,5
CAND04071,SK0065,4
CAND13804,SK0255,3
CAND06821,SK0220,5
CAND08723,SK0147,4
CAND04586,SK0192,1
CAND09097,SK0297,1
CAND14889,SK0198,1
CAND09462,SK0080,1
CAND12083,SK0291,3
CAND01886,SK0134,2
CAND09830,SK0263,1
CAND07152,SK0055,1
CAND03852,SK0287,3
CAND01498,SK0014,2
CAND09045,SK0178,2
CAND09908,SK0262,1
CAND11534,SK0097,3
CAND12471,SK0204,5
CAND08181,SK0245,4
CAND10881,SK0019,2
CAND12204,SK0027,5
CAND01565,SK0175,2
CAND06407,SK0003,2
CAND05694,SK0214,3
CAND02392,SK0014,3
CAND05178,SK0284,1
CAND09317,SK0171,1
CAND00362,SK0209,3
CAND05406,SK0012,3
CAND13779,SK0170,2
CAND04503,SK0053,5
CAND02212,SK0052,5
CAND02433,SK0292,2
CAND07025,SK0061,2
CAND04564,SK0189,2
CAND04844,SK0182,4
CAND02311,SK0109,5
CAND09966,SK0085,1
CAND13095,SK0258,3
CAND01221,SK0031,2
CAND11811,SK0204,3
CAND14633,SK0193,1
CAND11856,SK0183,1
CAND02330,SK0030,1
CAND09870,SK0244,5
CAND01460,SK0107,3
CAND13317,SK0272,4
CAND09739,SK0165,3
CAND07044,SK0088,5
CAND06860,SK0289,1
CAND14474,SK0200,2
CAND12090,SK0136,4
CAND12696,SK0072,2
CAND02727,SK0189,4
CAND10297,SK0002,2
CAND12640,SK0271,5
CAND05472,SK0131,4
CAND03038,SK0258,5
CAND00929,SK0210,2
CAND14170,SK0239,3
CAND07561,SK0196,3
CAND14080,SK0267,1
CAND09532,SK0237,3
CAND12989,SK0277,3
CAND11381,SK0100,1
CAND02881,SK0240,2
CAND03556,SK0043,5
CAND09814,SK0101,4
CAND10359,SK0286,2
CAND12452,SK0215,1
CAND03634,SK0184,3
CAND04736,SK0227,4
CAND03807,SK0100,3
CAND10131,SK0096,1
CAND06662,SK0233,3
CAND00425,SK0094,1
CAND09499,SK0281,3
CAND05883,SK0048,1
CAND05283,SK0142,3
CAND11410,SK0198,4
CAND03165,SK0119,3
CAND05772,SK0052,1
CAND13698,SK0175,1
CAND13469,SK0114,2
CAND09237,SK0238,3
CAND11182,SK0192,4
CAND13698,SK0080,5
CAND10642,SK0085,4
CAND06402,SK0097,1
CAND00416,SK0108,5
CAND11353,SK0063,5
CAND06850,SK0077,3
CAND00351,SK0257,3
CAND10087,SK0200,4
CAND08059,SK0234,2
CAND08551,SK0071,3
CAND03100,SK0116,2
CAND00196,SK0058,4
CAND03592,SK0032,3
CAND07277,SK0229,1
CAND12012,SK0266,5
CAND06315,SK0131,2
CAND05148,SK0223,4
CAND04062,SK0013,4
CAND10654,SK0238,2
CAND08393,SK0214,3
CAND06021,SK0237,3
CAND07250,SK0155,4
CAND11188,SK0192,3
CAND00546,SK0033,4
CAND14227,SK0001,1
CAND04594,SK0296,4
CAND02760,SK0270,1
CAND14350,SK0189,1
CAND01674,SK0093,3
CAND08693,SK0157,1
CAND03548,SK0203,4
CAND03898,SK0098,5
CAND13218,SK0038,4
CAND07429,SK0144,4
CAND04238,SK0163,4
CAND03507,SK0139,2
CAND13975,SK0075,2
CAND13780,SK0152,5
CAND04723,SK0016,4
CAND12366,SK0099,1
CAND09487,SK0044,4
CAND08816,SK0169,4
CAND02668,SK0223,1
CAND04925,SK0193,1
CAND13336,SK0228,2
CAND07204,SK0008,2
CAND11550,SK0023,5
CAND00627,SK0297,2
CAND11782,SK0159,5
CAND13175,SK0119,1
CAND07235,SK0039,5
CAND02467,SK0033,5
CAND02905,SK0248,5
CAND08268,SK0148,2
CAND05616,SK0105,4
CAND08790,SK0158,5
CAND09522,SK0153,2
CAND06820,SK0300,1
CAND06028,SK0081,5
CAND10318,SK0061,4
CAND02913,SK0075,1
CAND13038,SK0258,1
CAND02598,SK0044,2
CAND10668,SK0205,5
CAND03455,SK0129,5
CAND02791,SK0139,4
CAND00657,SK0075,1
CAND01491,SK0273,5
CAND04311,SK0287,3
CAND03173,SK0035,3
CAND04686,SK0072,1
CAND14416,SK0140,4
CAND11139,SK0127,1
CAND12686,SK0154,2
CAND09684,SK0111,1
CAND10267,SK0126,1
CAND11416,SK0183,5
CAND05757,SK0274,1
CAND01292,SK0064,4
CAND07934,SK0103,3
CAND02747,SK0242,5
CAND06326,SK0014,5
CAND00495,SK0241,1
CAND10569,SK0102,1
CAND01704,SK0255,4
CAND13715,SK0197,3
CAND06389,SK0052,5
CAND03744,SK0260,4
CAND09895,SK0173,1
CAND01418,SK0170,2
CAND02889,SK0109,1
CAND00096,SK0109,2
CAND00386,SK0216,1
CAND05908,SK0207,3
CAND08812,SK0215,4
CAND02482,SK0037,3
CAND11778,SK0042,1
CAND04845,SK0194,1
CAND00720,SK0157,3
CAND00803,SK0200,5
CAND11465,SK0164,4
CAND07636,SK0155,3
CAND05489,SK0198,4
CAND13951,SK0180,5
CAND13042,SK0201,1
CAND04210,SK0153,2
CAND07300,SK0216,1
CAND04581,SK0191,4
CAND08762,SK0280,3
CAND12513,SK0152,4
CAND11489,SK0017,2
CAND06721,SK0281,4
CAND03325,SK0066,3
CAND03007,SK0286,1
CAND09546,SK0254,5
CAND11524,SK0224,1
CAND14532,SK0280,3
CAND09487,SK0070,3
CAND07192,SK0232,1
CAND10968,SK0022,5
CAND06956,SK0077,4
CAND01735,SK0289,3
CAND10285,SK0150,5
CAND10867,SK0055,4
CAND08118,SK0087,5
CAND04227,SK0016,4
CAND09678,SK0025,5
CAND01357,SK0251,3
CAND09577,SK0145,5
CAND11311,SK0118,4
CAND14412,SK0242,5
CAND04621,SK0029,5
CAND09218,SK0032,4
CAND01214,SK0145,1
CAND01569,SK0251,3
CAND14974,SK0006,4
CAND05487,SK0213,1
CAND06431,SK0034,3
CAND02126,SK0008,5
CAND13591,SK0042,3
CAND07002,SK0109,2
CAND02809,SK0201,3
CAND07485,SK0023,3
CAND04923,SK0216,1
CAND13994,SK0226,3
CAND12301,SK0235,1
CAND01233,SK0026,5
CAND01188,SK0227,3
CAND13888,SK0118,3
CAND14693,SK0185,1
CAND08194,SK0060,4
CAND06797,SK0255,1
CAND08299,SK0227,3
CAND04785,SK0219,3
CAND09800,SK0004,4
CAND12082,SK0110,2
CAND08158,SK0185,3
CAND00779,SK0103,5
CAND08698,SK0037,5
CAND06893,SK0091,2
CAND11258,SK0052,1
CAND01039,SK0039,5
CAND09759,SK0258,4
CAND07524,SK0181,2
CAND10631,SK0130,4
CAND00591,SK0133,1
CAND02180,SK0013,1
CAND02513,SK0025,5
CAND13459,SK0047,3
CAND05444,SK0119,2
CAND06804,SK0225,1
CAND12978,SK0026,2
CAND06207,SK0123,4
CAND12375,SK0190,4
CAND11077,SK0242,4
CAND01704,SK0170,1
CAND05440,SK0117,1
CAND09228,SK0256,5
CAND04799,SK0244,4
CAND14855,SK0056,1
CAND14440,SK0198,4
CAND09079,SK0275,3
CAND00533,SK0016,2
CAND09532,SK0085,2
CAND11373,SK0044,2
CAND06141,SK0275,3
CAND06188,SK0076,2
CAND02429,SK0179,2
CAND13479,SK0266,3
CAND07994,SK0292,5
CAND11163,SK0080,4
CAND05892,SK0131,5
CAND04607,SK0209,3
CAND07475,SK0161,1
CAND10723,SK0062,3
CAND14018,SK0141,4
CAND02564,SK0236,1
CAND08793,SK0125,4
CAND09832,SK0193,2
CAND05947,SK0141,4
CAND02132,SK0090,4
CAND00216,SK0177,2
CAND13303,SK0219,2
CAND03577,SK0287,3
CAND06747,SK0234,1
CAND08939,SK0018,1
CAND10305,SK0173,3
CAND13383,SK0274,5
CAND11676,SK0105,4
CAND09904,SK0139,4
CAND10274,SK0149,5
CAND05969,SK0194,2
CAND09287,SK0009,5
CAND01806,SK0027,1
CAND01765,SK0100,4
CAND08467,SK0033,1
CAND03815,SK0128,5
CAND14132,SK0086,4
CAND12972,SK0125,4
CAND01241,SK0218,3
CAND13344,SK0005,2
CAND07883,SK0027,2
CAND03919,SK0299,4
CAND09847,SK0030,5
CAND01314,SK0298,1
CAND10664,SK0159,3
CAND06985,SK0142,5
CAND08048,SK0010,2
CAND05487,SK0044,4
CAND12453,SK0044,3
CAND13850,SK0193,3
CAND06862,SK0180,1
CAND06434,SK0070,2
CAND05073,SK0294,3
CAND02582,SK0136,3
CAND06664,SK0275,5
CAND08782,SK0206,5
CAND03426,SK0076,5
CAND05941,SK0111,3
CAND11926,SK0086,1
CAND12652,SK0256,5
CAND09933,SK0290,4
CAND01020,SK0198,4
CAND07290,SK0210,4
CAND01558,SK0083,2
CAND03766,SK0133,1
CAND06257,SK0148,3
CAND10044,SK0102,3
CAND03709,SK0207,2
CAND11798,SK0015,1
CAND00219,SK0037,4
CAND14954,SK0094,2
CAND05904,SK0088,4
CAND07364,SK0279,4
CAND03242,SK0018,4
CAND01070,SK0209,1
CAND01275,SK0004,4
CAND06463,SK0068,4
CAND13263,SK0298,4
CAND06709,SK0066,2
CAND12430,SK0239,3
CAND01148,SK0287,3
CAND01790,SK0102,5
CAND07155,SK0148,5
CAND01326,SK0135,3
CAND03372,SK0051,2
CAND09495,SK0115,3
CAND06494,SK0001,2
CAND02386,SK0261,3
CAND06673,SK0069,2
CAND08526,SK0236,4
CAND01463,SK0042,4
CAND10499,SK0114,1
CAND08906,SK0197,3
CAND14083,SK0088,3
CAND01344,SK0068,1
CAND11834,SK0226,1
CAND11358,SK0037,4
CAND02510,SK0133,3
CAND10329,SK0178,1
CAND07951,SK0141,2
CAND13491,SK0087,3
CAND06596,SK0244,3
CAND10033,SK0127,2
CAND08155,SK0131,1
CAND01512,SK0269,4
CAND10293,SK0013,4
CAND14174,SK0070,4
CAND11711,SK0150,5
CAND01346,SK0102,1
CAND13026,SK0180,3
CAND02004,SK0224,3
CAND13497,SK0008,2
CAND01748,SK0211,4
CAND04323,SK0251,2
CAND14024,SK0053,2
CAND13651,SK0207,4
CAND04242,SK0143,4
CAND00324,SK0186,5
CAND11698,SK0184,3
CAND06909,SK0288,2
CAND09639,SK0293,3
CAND06083,SK0047,2
CAND00310,SK0290,3
CAND04055,SK0219,4
CAND14557,SK0254,3
CAND05152,SK0084,2
CAND13553,SK0111,4
CAND03568,SK0043,3
CAND06550,SK0117,2
CAND06809,SK0078,2
CAND10088,SK0258,5
CAND07722,SK0246,4
CAND05249,SK0285,4
CAND08918,SK0163,4
CAND14814,SK0060,1
CAND06722,SK0003,4
CAND02164,SK0065,4
CAND00356,SK0220,2
CAND11887,SK0286,4
CAND04842,SK0044,1
CAND09931,SK0005,4
CAND06602,SK0199,1
CAND09609,SK0196,4
CAND04882,SK0054,5
CAND10499,SK0050,5
CAND04994,SK0074,4
CAND03142,SK0215,5
CAND03415,SK0210,4
CAND13626,SK0072,1
CAND00285,SK0283,1
CAND02604,SK0270,2
CAND14883,SK0230,2
CAND08205,SK0032,3
CAND06302,SK0188,1
CAND03700,SK0201,5
CAND14542,SK0084,1
CAND07765,SK0271,5
CAND03206,SK0211,4
CAND03721,SK0216,5
CAND01658,SK0175,4
CAND05676,SK0219,4
CAND03639,SK0266,3
CAND13517,SK0217,5
CAND03064,SK0067,4
CAND05337,SK0055,4
CAND12993,SK0104,3
CAND13351,SK0295,5
CAND05971,SK0001,1
CAND02206,SK0228,1
CAND12859,SK0153,4
CAND02402,SK0100,4
CAND07001,SK0176,2
CAND14929,SK0119,1
CAND04038,SK0232,1
CAND12606,SK0187,4
CAND00096,SK0223,2
CAND06722,SK0058,5
CAND02280,SK0157,5
CAND10314,SK0124,2
CAND11423,SK0043,2
CAND10754,SK0164,3
CAND07171,SK0108,4
CAND04789,SK0095,3
CAND01587,SK0030,4
CAND10399,SK0171,3
CAND08110,SK0225,5
CAND03125,SK0138,2
CAND14358,SK0119,2
CAND07721,SK0021,3
CAND09403,SK0054,2
CAND14943,SK0123,3
CAND00060,SK0013,4
CAND04594,SK0216,3
CAND03361,SK0210,1
CAND10271,SK0297,2
CAND05744,SK0141,5
CAND13357,SK0014,5
CAND09861,SK0180,5
CAND04650,SK0257,4
CAND05700,SK0274,4
CAND08414,SK0164,5
CAND03794,SK0120,2
CAND03818,SK0142,4
CAND00822,SK0070,1
CAND11553,SK0135,5
CAND03781,SK0244,2
CAND06507,SK0176,1
CAND10831,SK0012,5
CAND05742,SK0028,3
CAND02454,SK0250,4
CAND03079,SK0138,5
CAND00409,SK0253,1
CAND01902,SK0283,1
CAND11529,SK0117,5
CAND10089,SK0034,4
CAND08302,SK0112,4
CAND10966,SK0175,1
CAND12517,SK0202,3
CAND00707,SK0142,5
CAND00207,SK0120,5
CAND11243,SK0160,4
CAND10164,SK0107,4
CAND08318,SK0188,3
CAND06411,SK0216,5
CAND12205,SK0127,4
CAND08562,SK0076,2
CAND08235,SK0064,2
CAND04087,SK0052,1
CAND00120,SK0070,1
CAND02470,SK0129,5
CAND05494,SK0126,2
CAND07505,SK0033,4
CAND13000,SK0125,3
CAND05013,SK0117,5
CAND01914,SK0053,5
CAND12806,SK0245,3
CAND04037,SK0060,4
CAND13507,SK0024,2
CAND12329,SK0124,2
CAND03200,SK0171,3
CAND07841,SK0130,3
CAND07945,SK0095,1
CAND11928,SK0107,2
CAND09392,SK0274,5
CAND04244,SK0016,3
CAND06563,SK0055,2
CAND11956,SK0028,1
CAND10098,SK0216,5
CAND04239,SK0056,1
CAND04519,SK0036,4
CAND14086,SK0290,4
CAND03332,SK0185,1
CAND12705,SK0228,4
CAND12233,SK0045,1
CAND04188,SK0065,1
CAND04557,SK0208,1
CAND01136,SK0216,1
CAND12022,SK0095,2
CAND09637,SK0080,2
CAND12486,SK0127,4
CAND04107,SK0094,1
CAND14334,SK0183,3
CAND07235,SK0070,5
CAND12963,SK0235,2
CAND03764,SK0050,4
CAND11531,SK0157,2
CAND11850,SK0140,3
CAND11707,SK0296,1
CAND10503,SK0286,5
CAND13420,SK0073,3
CAND05495,SK0062,3
CAND12756,SK0023,3
CAND13400,SK0211,1
CAND04901,SK0292,5
CAND01240,SK0092,4
CAND13688,SK0218,3
CAND01912,SK0187,5
CAND05820,SK0216,2
CAND13274,SK0008,5
CAND09003,SK0034,2
CAND08309,SK0057,2
CAND01212,SK0066,2
CAND13001,SK0028,3
CAND09750,SK0055,4
CAND09859,SK0098,3
CAND00686,SK0131,3
CAND09345,SK0221,4
CAND10434,SK0031,1
CAND01853,SK0093,2
CAND03270,SK0227,2
CAND02743,SK0032,4
CAND14368,SK0175,2
CAND12271,SK0084,5
CAND11422,SK0256,5
CAND06718,SK0075,5
CAND10610,SK0191,4
CAND09416,SK0196,5
CAND13944,SK0060,2
CAND02790,SK0077,4
CAND07980,SK0284,3
CAND08572,SK0263,1
CAND06546,SK0201,1
CAND03738,SK0285,4
CAND14958,SK0177,3
CAND12549,SK0054,2
CAND13134,SK0181,1
CAND01028,SK0213,1
CAND11515,SK0132,2
CAND06893,SK0068,4
CAND03538,SK0198,2
CAND07132,SK0164,5
CAND08772,SK0165,1
CAND13560,SK0161,4
CAND06715,SK0111,5
CAND06395,SK0200,3
CAND03921,SK0209,4
CAND08991,SK0195,4
CAND14361,SK0281,3
CAND11425,SK0277,3
CAND04762,SK0210,3
CAND08554,SK0222,1
CAND13046,SK0084,2
CAND11344,SK0050,3
CAND11404,SK0119,5
CAND14937,SK0140,4
CAND13370,SK0099,2
CAND01217,SK0069,1
CAND12998,SK0064,3
CAND11767,SK0300,1
CAND04126,SK0057,1
CAND00695,SK0249,5
CAND00013,SK0029,5
CAND00506,SK0086,4
CAND02616,SK0015,5
CAND11011,SK0130,2
CAND04282,SK0123,4
CAND00063,SK0036,3
CAND01594,SK0166,5
CAND09604,SK0039,5
CAND12140,SK0240,4
CAND09870,SK0177,4
CAND13721,SK0040,2
CAND00190,SK0068,5
CAND10101,SK0084,4
CAND03230,SK0079,1
CAND00978,SK0064,1
CAND14210,SK0156,4
CAND10347,SK0234,3
CAND10678,SK0022,3
CAND08731,SK0278,3
CAND10464,SK0172,3
CAND12792,SK0276,1
CAND02731,SK0022,2
CAND04893,SK0296,5
CAND09833,SK0001,2
CAND10795,SK0195,3
CAND02536,SK0119,3
CAND01446,SK0127,3
CAND04742,SK0018,5
CAND03943,SK0029,5
CAND03478,SK0013,4
CAND03889,SK0248,1
CAND12177,SK0168,5
CAND03724,SK0146,3
CAND08043,SK0054,3
CAND04741,SK0126,1
CAND04184,SK0060,3
CAND06530,SK0062,5
CAND11215,SK0096,1
CAND09602,SK0182,5
CAND10046,SK0187,5
CAND00173,SK0183,2
CAND14204,SK0120,2
CAND04304,SK0156,4
CAND10140,SK0190,5
CAND14249,SK0185,4
CAND09365,SK0007,5
CAND14385,SK0257,4
CAND12534,SK0085,5
CAND00935,SK0073,5
CAND02908,SK0160,2
CAND11426,SK0221,2
CAND06123,SK0155,3
CAND01705,SK0033,1
CAND10329,SK0296,3
CAND01576,SK0111,1
CAND00855,SK0013,4
CAND12811,SK0255,5
CAND00325,SK0083,3
CAND06906,SK0156,1
CAND09330,SK0114,3
CAND02896,SK0281,3
CAND12441,SK0294,5
CAND02268,SK0214,3
CAND13506,SK0181,5
CAND08665,SK0041,2
CAND05259,SK0091,3
CAND05552,SK0198,1
CAND07381,SK0203,3
CAND04813,SK0270,4
CAND05167,SK0003,2
CAND10490,SK0282,1
CAND01312,SK0295,1
CAND08172,SK0117,4
CAND06195,SK0236,4
CAND11974,SK0192,1
CAND09785,SK0101,1
CAND04582,SK0221,1
CAND06237,SK0154,5
CAND13913,SK0200,3
CAND12324,SK0052,4
CAND07387,SK0200,1
CAND14183,SK0179,2
CAND04779,SK0285,1
CAND02874,SK0008,4
CAND02886,SK0123,5
CAND11233,SK0130,2
CAND02259,SK0298,4
CAND02572,SK0273,1
CAND06386,SK0040,2
CAND13164,SK0180,4
CAND13813,SK0052,5
CAND00323,SK0296,1
CAND10922,SK0240,2
CAND06119,SK0264,1
CAND13829,SK0214,3
CAND03931,SK0117,1
CAND11277,SK0160,3
CAND10553,SK0064,5
CAND06431,SK0112,2
CAND04840,SK0285,2
CAND12543,SK0091,4
CAND12975,SK0102,2
CAND09303,SK0145,2
CAND12084,SK0132,5
CAND11647,SK0177,2
CAND14130,SK0160,4
CAND01950,SK0237,3
CAND04712,SK0258,1
CAND04956,SK0086,3
CAND08088,SK0174,2
CAND03405,SK0022,4
CAND01070,SK0248,4
CAND07334,SK0271,1
CAND14505,SK0133,2
CAND09672,SK0235,5
CAND03803,SK0094,1
CAND08145,SK0150,1
CAND14863,SK0093,3
CAND13497,SK0137,1
CAND02967,SK0008,3
CAND03663,SK0121,2
CAND04680,SK0261,2
CAND10744,SK0232,2
CAND12647,SK0095,4
CAND09267,SK0205,3
CAND01793,SK0241,1
CAND11153,SK0096,2
CAND04150,SK0094,3
CAND13287,SK0077,3
CAND13726,SK0224,3
CAND13266,SK0180,2
CAND10214,SK0201,2
CAND14750,SK0109,2
CAND12416,SK0300,1
CAND12600,SK0193,3
CAND13873,SK0183,1
CAND13348,SK0136,5
CAND03295,SK0114,3
CAND10258,SK0169,3
CAND10645,SK0241,5
CAND00304,SK0178,3
CAND09051,SK0180,2
CAND09925,SK0156,5
CAND01824,SK0204,4
CAND13914,SK0263,5
CAND05892,SK0290,2
CAND05053,SK0129,4
CAND12592,SK0251,3
CAND13740,SK0212,5
CAND05666,SK0054,2
CAND09330,SK0170,4
CAND10095,SK0051,4
CAND03181,SK0279,3
CAND00234,SK0207,5
CAND00172,SK0026,2
CAND03045,SK0261,4
CAND10178,SK0117,4
CAND05622,SK0275,1
CAND02925,SK0275,5
CAND13963,SK0258,1
CAND08172,SK0103,4
CAND04328,SK0232,1
CAND04908,SK0270,2
CAND04413,SK0126,3
CAND06581,SK0208,4
CAND06258,SK0020,5
CAND05816,SK0057,2
CAND07273,SK0058,3
CAND03960,SK0287,2
CAND05899,SK0212,2
CAND05345,SK0271,5
CAND07681,SK0277,4
CAND04228,SK0251,1
CAND09410,SK0132,4
CAND12293,SK0021,5
CAND14417,SK0001,4
CAND07160,SK0228,1
CAND03737,SK0028,3
CAND02752,SK0155,5
CAND08221,SK0082,4
CAND12115,SK0205,3
CAND08873,SK0039,3
CAND02329,SK0219,4
CAND05637,SK0124,3
CAND05009,SK0080,4
CAND03282,SK0244,5
CAND00969,SK0203,1
CAND11573,SK0007,2
CAND14334,SK0175,2
CAND06542,SK0028,2
CAND12682,SK0194,1
CAND14229,SK0090,4
CAND14792,SK0029,2
CAND10967,SK0090,5
CAND00214,SK0238,2
CAND14874,SK0294,5
CAND12262,SK0248,4
CAND08193,SK0024,5
CAND01530,SK0263,2
CAND03404,SK0180,1
CAND11985,SK0270,1
CAND08456,SK0240,1
CAND13366,SK0290,3
CAND06968,SK0298,2
CAND03889,SK0071,1
CAND05613,SK0244,4
CAND09518,SK0100,2
CAND03664,SK0135,3
CAND07062,SK0121,3
CAND03050,SK0107,2
CAND06554,SK0070,4
CAND04736,SK0202,2
CAND01507,SK0089,5
CAND09260,SK0179,3
CAND09177,SK0237,2
CAND13382,SK0126,4
CAND05095,SK0192,3
CAND09900,SK0178,3
CAND04266,SK0183,4
CAND04674,SK0107,3
CAND03191,SK0248,4
CAND12959,SK0016,2
CAND05627,SK0097,3
CAND00599,SK0175,3
CAND08824,SK0211,3
CAND05189,SK0252,1
CAND10478,SK0115,1
CAND06410,SK0138,1
CAND05712,SK0199,5
CAND09196,SK0037,1
CAND03262,SK0212,1
CAND11628,SK0225,1
CAND01070,SK0187,5
CAND06564,SK0099,3
CAND03883,SK0193,1
CAND07329,SK0130,4
CAND13857,SK0201,4
CAND01629,SK0195,3
CAND11220,SK0192,1
CAND10929,SK0022,1
CAND12240,SK0068,1
CAND14485,SK0187,2
CAND14834,SK0185,5
CAND05015,SK0076,2
CAND12915,SK0193,1
CAND13185,SK0245,3
CAND02463,SK0294,1
CAND06574,SK0281,2
CAND14767,SK0251,5
CAND00787,SK0063,3
CAND09483,SK0054,1
CAND03040,SK0152,1
CAND05377,SK0180,4
CAND04523,SK0048,3
CAND03664,SK0209,4
CAND11219,SK0258,1
CAND13806,SK0039,1
CAND10567,SK0266,1
CAND02828,SK0260,3
CAND05979,SK0165,5
CAND12697,SK0045,1
CAND12298,SK0274,2
CAND07106,SK0140,5
CAND11580,SK0093,2
CAND02852,SK0202,4
CAND09543,SK0240,2
CAND00006,SK0267,5
CAND10406,SK0095,1
CAND01998,SK0017,3
CAND10903,SK0263,4
CAND05827,SK0078,4
CAND04712,SK0255,4
CAND11765,SK0038,4
CAND13901,SK0300,4
CAND08390,SK0112,3
CAND00689,SK0222,2
CAND06720,SK0118,3
CAND07548,SK0003,2
CAND03687,SK0051,4
CAND07012,SK0262,4
CAND14501,SK0004,3
CAND11317,SK0012,3
CAND08032,SK0298,1
CAND02236,SK0209,3
CAND10751,SK0022,1
CAND01199,SK0082,1
CAND01957,SK0119,1
CAND09857,SK0069,4
CAND05708,SK0264,2
CAND04993,SK0274,1
CAND03009,SK0068,3
CAND07840,SK0291,5
CAND10217,SK0275,3
CAND00880,SK0154,1
CAND12910,SK0196,2
CAND11876,SK0258,3
CAND12465,SK0035,4
CAND03385,SK0274,5
CAND05954,SK0174,2
CAND01005,SK0152,2
CAND08426,SK0023,4
CAND00094,SK0043,3
CAND12363,SK0203,2
CAND04020,SK0170,5
CAND02080,SK0227,2
CAND13469,SK0166,4
CAND01432,SK0269,5
CAND07829,SK0128,4
CAND03528,SK0100,5
CAND05134,SK0297,1
CAND07363,SK0292,5
CAND14969,SK0090,2
CAND00802,SK0167,5
CAND13334,SK0216,3
CAND01233,SK0276,3
CAND04176,SK0267,4
CAND02603,SK0092,2
CAND02587,SK0051,5
CAND00855,SK0201,5
CAND01136,SK0082,1
CAND12536,SK0079,4
CAND01709,SK0176,4
CAND08714,SK0022,1
CAND09628,SK0264,2
CAND11240,SK0179,3
CAND14706,SK0263,2
CAND12751,SK0011,4
CAND04925,SK0197,1
CAND08702,SK0284,2
CAND04453,SK0186,3
CAND02836,SK0287,3
CAND01115,SK0247,2
CAND06547,SK0137,4
CAND12968,SK0035,2
CAND08654,SK0166,2
CAND09905,SK0126,5
CAND13190,SK0296,3
CAND12798,SK0277,5
CAND04556,SK0259,3
CAND07378,SK0169,2
CAND13199,SK0114,3
CAND06569,SK0014,4
CAND14719,SK0200,3
CAND06348,SK0005,5
CAND01663,SK0050,3
CAND04967,SK0108,5
CAND06731,SK0144,4
CAND09624,SK0043,1
CAND10199,SK0257,2
CAND09095,SK0251,4
CAND04560,SK0026,1
CAND13381,SK0273,1
CAND02217,SK0135,4
CAND02855,SK0039,1
CAND09577,SK0038,3
CAND13506,SK0050,5
CAND08752,SK0025,4
CAND09323,SK0281,5
CAND08321,SK0061,3
CAND07381,SK0207,4
CAND11238,SK0080,2
CAND00015,SK0229,2
CAND05170,SK0128,1
CAND04058,SK0171,3
CAND04754,SK0232,5
CAND12358,SK0286,3
CAND09181,SK0292,4
CAND08170,SK0282,1
CAND11175,SK0192,1
CAND05675,SK0123,5
CAND11563,SK0142,1
CAND01222,SK0078,4
CAND00068,SK0300,1
CAND00168,SK0112,5
CAND12177,SK0060,3
CAND03771,SK0242,4
CAND12580,SK0124,4
CAND13267,SK0093,5
CAND13718,SK0142,3
CAND11836,SK0178,3
CAND07404,SK0175,4
CAND07200,SK0188,4
CAND12905,SK0254,5
CAND07828,SK0125,1
CAND06492,SK0201,2
CAND02880,SK0279,4
CAND08701,SK0243,2
CAND02462,SK0282,5
CAND05338,SK0018,5
CAND05236,SK0271,2
CAND07810,SK0292,3
CAND00544,SK0166,1
CAND12337,SK0230,4
CAND09563,SK0254,1
CAND11344,SK0283,1
CAND14799,SK0153,1
CAND11087,SK0160,2
CAND11852,SK0230,2
CAND02350,SK0036,3
CAND05663,SK0018,3
CAND06205,SK0020,5
CAND07748,SK0262,2
CAND06916,SK0242,1
CAND04356,SK0118,2
CAND11798,SK0198,2
CAND02089,SK0034,4
CAND07546,SK0028,2
CAND01012,SK0211,4
CAND13749,SK0148,3
CAND14788,SK0059,5
CAND05561,SK0211,5
CAND07844,SK0169,1
CAND12608,SK0113,1
CAND09886,SK0141,4
CAND06574,SK0024,3
CAND02341,SK0219,2
CAND14650,SK0166,3
CAND05068,SK0113,2
CAND09246,SK0011,5
CAND01217,SK0266,5
CAND11210,SK0270,3
CAND07523,SK0078,5
CAND14628,SK0102,3
CAND11065,SK0104,1
CAND05722,SK0029,5
CAND01535,SK0287,1
CAND05962,SK0059,1
CAND12534,SK0079,5
CAND12361,SK0180,4
CAND11485,SK0031,4
CAND12090,SK0294,3
CAND14800,SK0160,5
CAND07130,SK0278,1
CAND05701,SK0199,5
CAND12490,SK0114,3
CAND07910,SK0125,1
CAND11323,SK0021,2
CAND02562,SK0294,2
CAND03313,SK0066,5
CAND10373,SK0177,4
CAND07957,SK0001,4
CAND10291,SK0078,1
CAND04495,SK0269,5
CAND02628,SK0057,2
CAND12473,SK0192,2
CAND05152,SK0034,5
CAND10850,SK0290,1
CAND07503,SK0015,4
CAND08802,SK0151,3
CAND07143,SK0148,3
CAND08022,SK0094,2
CAND09017,SK0093,4
CAND13755,SK0285,1
CAND14848,SK0127,4
CAND12119,SK0205,5
CAND09221,SK0041,2
CAND12724,SK0081,4
CAND08789,SK0001,3
CAND05471,SK0037,2
CAND06058,SK0270,2
CAND05467,SK0113,4
CAND01121,SK0053,3
CAND04927,SK0128,2
CAND10906,SK0229,2
CAND03664,SK0040,1
CAND08880,SK0191,2
CAND00875,SK0251,2
CAND09164,SK0114,4
CAND11409,SK0220,3
CAND00266,SK0190,1
CAND08413,SK0292,5
CAND06348,SK0290,3
CAND13730,SK0025,5
CAND05850,SK0182,2
CAND01717,SK0116,1
CAND00952,SK0237,3
CAND08312,SK0071,2
CAND00338,SK0168,4
CAND10767,SK0124,2
CAND10694,SK0233,5
CAND06914,SK0072,4
CAND04432,SK0285,5
CAND07387,SK0131,3
CAND07864,SK0281,3
CAND04498,SK0188,1
CAND13382,SK0298,5
CAND07512,SK0259,5
CAND06171,SK0252,2
CAND13438,SK0081,2
CAND08088,SK0162,3
CAND08300,SK0157,2
CAND12382,SK0265,1
CAND05028,SK0121,1
CAND12896,SK0067,1
CAND05670,SK0126,5
CAND06895,SK0243,3
CAND12616,SK0143,3
CAND13826,SK0142,3
CAND02277,SK0277,5
CAND13662,SK0065,5
CAND14493,SK0109,2
CAND14955,SK0241,1
CAND01950,SK0013,3
CAND09838,SK0040,3
CAND12791,SK0148,2
CAND13918,SK0039,2
CAND05385,SK0253,2
CAND03808,SK0064,4
CAND07351,SK0221,1
CAND12151,SK0007,5
CAND04949,SK0198,5
CAND14430,SK0174,1
CAND14371,SK0071,5
CAND12941,SK0288,4
CAND01395,SK0183,4
CAND10979,SK0100,4
CAND14595,SK0158,2
CAND11172,SK0119,3
CAND07964,SK0257,1
CAND04387,SK0187,3
CAND11641,SK0241,5
CAND08704,SK0298,5
CAND14863,SK0037,1
CAND02063,SK0257,2
CAND10147,SK0086,3
CAND03820,SK0097,5
CAND01121,SK0148,4
CAND13300,SK0234,3
CAND01829,SK0046,2
CAND14787,SK0086,5
CAND00732,SK0175,5
CAND12333,SK0091,2
CAND11417,SK0074,1
CAND14817,SK0253,3
CAND02037,SK0048,2
CAND03647,SK0114,1
CAND11435,SK0245,2
CAND06306,SK0272,3
CAND02675,SK0279,3
CAND11108,SK0003,3
CAND10049,SK0022,2
CAND09959,SK0093,1
CAND03734,SK0286,4
CAND13799,SK0064,5
CAND11695,SK0092,3
CAND14100,SK0128,4
CAND00886,SK0219,2
CAND07403,SK0237,4
CAND13275,SK0241,1
CAND06984,SK0207,3
CAND14329,SK0300,3
CAND08267,SK0182,1
CAND02053,SK0282,4
CAND06462,SK0147,4
CAND00450,SK0149,2
CAND03145,SK0241,2
CAND05885,SK0295,3
CAND05701,SK0018,5
CAND07240,SK0257,5
CAND13119,SK0181,4
CAND02981,SK0153,2
CAND04755,SK0040,3
CAND02095,SK0130,5
CAND07144,SK0234,4
CAND03377,SK0045,4
CAND07664,SK0029,3
CAND05274,SK0117,1
CAND01981,SK0231,2
CAND13196,SK0154,1
CAND04324,SK0163,2
CAND04246,SK0252,5
CAND05870,SK0001,2
CAND09333,SK0070,3
CAND08985,SK0214,2
CAND13288,SK0151,2
CAND06811,SK0098,3
CAND11353,SK0227,3
CAND12208,SK0251,3
CAND11156,SK0126,3
CAND06645,SK0235,2
CAND07554,SK0149,3
CAND06475,SK0262,5
CAND10299,SK0111,5
CAND00489,SK0136,1
CAND07783,SK0219,3
CAND12003,SK0160,5
CAND08048,SK0277,1
CAND05506,SK0211,3
CAND05428,SK0130,3
CAND03165,SK0255,4
CAND05862,SK0201,3
CAND05635,SK0022,4
CAND02250,SK0009,4
CAND06080,SK0179,4
CAND03240,SK0228,1
CAND07151,SK0207,1
CAND03555,SK0060,3
CAND11995,SK0062,5
CAND12146,SK0238,2
CAND12178,SK0138,5
CAND00507,SK0038,4
CAND00061,SK0123,4
CAND06426,SK0014,1
CAND14311,SK0269,3
CAND07389,SK0068,4
CAND06763,SK0052,4
CAND11654,SK0194,4
CAND02970,SK0278,4
CAND11475,SK0131,3
CAND04894,SK0058,4
CAND14761,SK0039,3
CAND07661,SK0251,1
CAND05174,SK0024,5
CAND06256,SK0154,1
CAND04076,SK0176,2
CAND07645,SK0268,5
CAND13392,SK0099,3
CAND10544,SK0276,1
CAND08480,SK0014,2
CAND03170,SK0159,5
CAND13921,SK0046,1
CAND07822,SK0293,1
CAND07615,SK0075,2
CAND13835,SK0149,1
CAND05161,SK0238,2
CAND03643,SK0208,4
CAND09941,SK0025,3
CAND02724,SK0172,2
CAND06382,SK0232,4
CAND00282,SK0126,4
CAND11686,SK0041,2
CAND00301,SK0253,2
CAND10123,SK0016,1
CAND12359,SK0020,5
CAND00572,SK0155,4
CAND00704,SK0285,2
CAND05237,SK0141,1
CAND01800,SK0131,1
CAND00176,SK0134,5
CAND11857,SK0068,2
CAND03771,SK0161,5
CAND06438,SK0153,1
CAND11884,SK0161,2
CAND11530,SK0112,4
CAND08414,SK0019,5
CAND06229,SK0025,1
CAND05598,SK0060,5
CAND09499,SK0100,1
CAND08069,SK0047,1
CAND13779,SK0285,5
CAND11731,SK0060,1
CAND11625,SK0275,1
CAND13279,SK0229,2
CAND11183,SK0019,3
CAND04271,SK0297,3
CAND01412,SK0300,3
CAND11451,SK0281,3
CAND02225,SK0122,4
CAND11315,SK0198,1
CAND00868,SK0178,5
CAND13520,SK0013,2
CAND08651,SK0029,2
CAND09946,SK0023,1
CAND06962,SK0081,2
CAND10921,SK0179,1
CAND09867,SK0269,3
CAND14374,SK0257,5
CAND07570,SK0285,2
CAND00512,SK0025,5
CAND10062,SK0178,2
CAND02526,SK0245,3
CAND11978,SK0290,2
CAND02077,SK0163,3
CAND09299,SK0121,5
CAND05032,SK0276,5
CAND14800,SK0073,3
CAND04483,SK0054,4
CAND09439,SK0293,4
CAND09842,SK0044,3
CAND10029,SK0150,1
CAND13437,SK0278,5
CAND10383,SK0178,4
CAND07952,SK0290,1
CAND12411,SK0188,3
CAND02291,SK0054,2
CAND10474,SK0286,4
CAND09419,SK0195,5
CAND14423,SK0009,1
CAND05668,SK0134,5
CAND14704,SK0115,3
CAND08403,SK0212,4
CAND04502,SK0030,3
CAND01835,SK0005,5
CAND13493,SK0049,3
CAND04431,SK0011,1
CAND09080,SK0130,4
CAND01245,SK0139,2
CAND10661,SK0096,3
CAND09083,SK0125,2
CAND04968,SK0052,3
CAND14176,SK0146,3
CAND07295,SK0005,3
CAND11391,SK0266,3
CAND08341,SK0110,2
CAND04263,SK0005,5
CAND05035,SK0266,4
CAND05097,SK0035,3
CAND08978,SK0069,4
CAND01879,SK0064,5
CAND11188,SK0088,5
CAND00606,SK0087,1
CAND05369,SK0216,4
CAND05321,SK0194,3
CAND11267,SK0285,4
CAND12565,SK0272,3
CAND13954,SK0190,3
CAND03606,SK0050,2
CAND04557,SK0082,3
CAND03182,SK0022,2
CAND00471,SK0194,3
CAND03010,SK0213,3
CAND04045,SK0033,4
CAND00530,SK0278,1
CAND03880,SK0266,2
CAND07338,SK0227,3
CAND06041,SK0083,3
CAND06267,SK0187,2
CAND01125,SK0254,1
CAND11840,SK0069,3
CAND03211,SK0276,3
CAND13778,SK0112,1
CAND03133,SK0021,1
CAND14315,SK0129,5
CAND10505,SK0287,4
CAND07253,SK0237,4
CAND06396,SK0012,3
CAND11120,SK0199,1
CAND14408,SK0150,1
CAND01725,SK0044,5
CAND13058,SK0163,1
CAND10238,SK0088,1
CAND10177,SK0048,4
CAND11905,SK0007,2
CAND14348,SK0239,1
CAND02210,SK0009,5
CAND12466,SK0068,4
CAND09609,SK0156,3
CAND00691,SK0173,3
CAND05986,SK0270,2
CAND05536,SK0064,2
CAND04969,SK0275,5
CAND13140,SK0022,3
CAND12218,SK0123,5
CAND07676,SK0067,2
CAND06570,SK0243,3
CAND07307,SK0148,5
CAND12675,SK0014,3
CAND05229,SK0279,5
CAND03456,SK0010,5
CAND02158,SK0120,1
CAND01419,SK0017,4
CAND09073,SK0199,3
CAND05911,SK0072,1
CAND00507,SK0285,2
CAND02815,SK0233,4
CAND06084,SK0034,3
CAND04487,SK0278,3
CAND12288,SK0181,4
CAND01835,SK0149,3
CAND10105,SK0114,1
CAND11676,SK0280,1
CAND02026,SK0226,5
CAND11073,SK0285,5
CAND03061,SK0097,1
CAND00396,SK0151,4
CAND11583,SK0193,1
CAND09299,SK0271,4
CAND02125,SK0224,2
CAND05855,SK0092,1
CAND05381,SK0216,1
CAND08343,SK0077,4
CAND07271,SK0177,2
CAND00918,SK0085,2
CAND08071,SK0124,2
CAND10450,SK0232,3
CAND02009,SK0137,3
CAND03438,SK0141,5
CAND05429,SK0224,2
CAND03195,SK0227,5
CAND03563,SK0188,5
CAND07719,SK0130,1
CAND13589,SK0111,4
CAND06552,SK0290,3
CAND11361,SK0005,5
CAND04356,SK0194,5
CAND09946,SK0207,4
CAND13698,SK0292,1
CAND12002,SK0094,4
CAND08216,SK0123,1
CAND09475,SK0172,2
CAND12169,SK0108,5
CAND05901,SK0073,3
CAND10225,SK0082,1
CAND06449,SK0246,1
CAND04014,SK0085,3
CAND12716,SK0091,5
CAND08641,SK0031,5
CAND06665,SK0212,4
CAND06234,SK0124,1
CAND14435,SK0230,4
CAND12604,SK0048,2
CAND06638,SK0277,1
CAND02952,SK0115,4
CAND00968,SK0261,1
CAND07920,SK0225,3
CAND02686,SK0105,1
CAND01081,SK0243,3
CAND06853,SK0109,5
CAND04625,SK0282,1
CAND13914,SK0244,3
CAND09896,SK0187,4
CAND03422,SK0272,2
CAND11188,SK0054,2
CAND14311,SK0241,4
CAND06901,SK0228,4
CAND10808,SK0085,4
CAND06037,SK0288,3
CAND10233,SK0179,3
CAND12198,SK0158,1
CAND03882,SK0136,3
CAND04283,SK0053,3
CAND12928,SK0047,2
CAND12348,SK0039,3
CAND08990,SK0267,5
CAND11642,SK0024,4
CAND09615,SK0072,3
CAND07955,SK0065,5
CAND14560,SK0232,4
CAND12094,SK0186,2
CAND01671,SK0243,5
CAND07979,SK0170,5
CAND05574,SK0155,1
CAND12377,SK0132,2
CAND08092,SK0233,3
CAND02176,SK0297,2
CAND05329,SK0154,4
CAND08188,SK0228,2
CAND08304,SK0248,4
CAND05365,SK0158,5
CAND09035,SK0025,2
CAND07193,SK0014,5
CAND11116,SK0086,5
CAND11967,SK0064,2
CAND09480,SK0044,1
CAND09975,SK0031,4
CAND02614,SK0204,1
CAND08177,SK0006,4
CAND00121,SK0131,1
CAND02070,SK0248,4
CAND09144,SK0021,2
CAND08897,SK0039,3
CAND12272,SK0156,2
CAND01628,SK0021,3
CAND06666,SK0170,2
CAND05178,SK0161,2
CAND07629,SK0251,2
CAND00241,SK0249,4
CAND00353,SK0260,1
CAND07290,SK0182,5
CAND01794,SK0286,4
CAND09851,SK0256,3
CAND10947,SK0180,2
CAND03645,SK0255,4
CAND13353,SK0170,4
CAND00385,SK0290,4
CAND00102,SK0111,2
CAND06477,SK0101,4
CAND13730,SK0033,4
CAND09898,SK0072,4
CAND08299,SK0214,4
CAND10557,SK0112,2
CAND12530,SK0082,4
CAND13643,SK0065,5
CAND06224,SK0002,3
CAND14086,SK0265,5
CAND03926,SK0233,5
CAND11463,SK0175,3
CAND04939,SK0034,2
CAND04690,SK0005,4
CAND14527,SK0170,5
CAND13829,SK0231,2
CAND00563,SK0198,2
CAND13965,SK0085,2
CAND06862,SK0103,4
CAND12163,SK0205,2
CAND01918,SK0169,3
CAND12062,SK0168,4
CAND12593,SK0124,3
CAND07068,SK0227,4
CAND08068,SK0002,2
CAND12604,SK0134,5
CAND14084,SK0031,3
CAND06894,SK0223,5
CAND13151,SK0235,1
CAND03397,SK0050,4
CAND07906,SK0040,3
CAND13145,SK0081,5
CAND00145,SK0093,3
CAND10244,SK0170,4
CAND05491,SK0131,3
CAND03659,SK0155,5
CAND10541,SK0211,4
CAND03722,SK0048,2
CAND12026,SK0037,5
CAND14516,SK0121,2
CAND12293,SK0242,2
CAND01401,SK0070,3
CAND12612,SK0282,2
CAND11972,SK0129,2
CAND05828,SK0287,5
CAND09935,SK0002,5
CAND13530,SK0104,2
CAND01966,SK0224,5
CAND06875,SK0057,2
CAND04455,SK0034,4
CAND00710,SK0013,5
CAND06901,SK0051,5
CAND06953,SK0253,5
CAND01243,SK0189,3
CAND09364,SK0118,3
CAND05367,SK0011,2
CAND01564,SK0074,4
CAND08622,SK0169,2
CAND05624,SK0035,1
CAND05764,SK0067,5
CAND04732,SK0006,5
CAND09285,SK0169,3
CAND02411,SK0068,3
CAND03183,SK0032,2
CAND12909,SK0188,1
CAND02951,SK0074,1
CAND13914,SK0263,4
CAND00577,SK0060,5
CAND09029,SK0032,4
CAND13736,SK0276,4
CAND03815,SK0263,1
CAND03734,SK0230,4
CAND03592,SK0266,3
CAND14446,SK0176,5
CAND07632,SK0278,2
CAND02554,SK0131,5
CAND08155,SK0230,1
CAND14469,SK0263,4
CAND12517,SK0181,1
CAND04971,SK0196,3
CAND03693,SK0181,3
CAND09377,SK0038,1
CAND03928,SK0103,2
CAND02477,SK0037,4
CAND11440,SK0253,5
CAND08908,SK0209,4
CAND09179,SK0081,2
CAND01626,SK0279,4
CAND06558,SK0118,1
CAND11823,SK0127,3
CAND13890,SK0103,5
CAND02746,SK0240,5
CAND03987,SK0182,2
CAND08783,SK0171,1
CAND11845,SK0067,1
CAND14656,SK0245,4
CAND08219,SK0059,1
CAND00471,SK0221,5
CAND07230,SK0287,3
CAND11016,SK0187,5
CAND02956,SK0296,2
CAND13668,SK0226,2
CAND01477,SK0196,5
CAND11850,SK0083,3
CAND03886,SK0072,5
CAND04968,SK0288,2
CAND02677,SK0052,5
CAND14504,SK0041,3
CAND03068,SK0010,1
CAND12471,SK0137,4
CAND00109,SK0191,2
CAND03207,SK0208,2
CAND09397,SK0227,1
CAND05662,SK0195,1
CAND01803,SK0069,5
CAND03766,SK0291,4
CAND14000,SK0184,5
CAND12341,SK0144,4
CAND07938,SK0176,1
CAND02998,SK0003,2
CAND06319,SK0192,4
CAND10285,SK0163,5
CAND08542,SK0236,3
CAND07245,SK0202,5
CAND11099,SK0158,2
CAND13082,SK0280,1
CAND06183,SK0191,3
CAND12472,SK0201,3
CAND04971,SK0047,5
CAND09492,SK0214,5
CAND09188,SK0131,4
CAND02322,SK0123,5
CAND04170,SK0008,3
CAND14799,SK0085,3
CAND01925,SK0018,2
CAND09254,SK0232,3
CAND08793,SK0245,4
CAND07232,SK0258,1
CAND12178,SK0205,3
CAND02380,SK0087,3
CAND01016,SK0050,4
CAND02010,SK0146,3
CAND08459,SK0135,3
CAND13195,SK0230,3
CAND06844,SK0001,4
CAND03838,SK0153,4
CAND13174,SK0072,5
CAND10834,SK0224,4
CAND08076,SK0174,2
CAND01473,SK0057,1
CAND11060,SK0196,2
CAND03974,SK0015,3
CAND02577,SK0261,3
CAND04482,SK0251,4
CAND03161,SK0250,2
CAND01559,SK0164,1
CAND11855,SK0116,4
CAND13156,SK0008,1
CAND12830,SK0051,4
CAND01672,SK0066,2
CAND09882,SK0084,4
CAND14908,SK0270,5
CAND10202,SK0167,1
CAND12404,SK0074,1
CAND07234,SK0209,5
CAND02311,SK0060,2
CAND04124,SK0061,4
CAND00322,SK0138,3
CAND10855,SK0146,2
CAND02846,SK0053,4
CAND11436,SK0045,3
CAND04035,SK0258,4
CAND04099,SK0291,3
CAND01338,SK0280,2
CAND09447,SK0047,2
CAND14745,SK0102,5
CAND01754,SK0055,1
CAND05319,SK0247,4
CAND08475,SK0217,3
CAND01357,SK0142,2
CAND03183,SK0266,2
CAND08913,SK0022,2
CAND06826,SK0068,4
CAND03269,SK0091,1
CAND12311,SK0142,3
CAND14511,SK0097,5
CAND08526,SK0195,5
CAND07499,SK0265,5
CAND04357,SK0272,5
CAND01404,SK0054,2
CAND08513,SK0124,1
CAND08860,SK0269,2
CAND13011,SK0226,3
CAND05663,SK0119,3
CAND12812,SK0034,2
CAND12986,SK0234,4
CAND14053,SK0037,4
CAND11154,SK0064,5
CAND03677,SK0277,4
CAND11077,SK0052,5
CAND12335,SK0196,4
CAND11411,SK0192,4
CAND02646,SK0194,2
CAND09902,SK0184,4
CAND13516,SK0253,2
CAND13007,SK0031,4
CAND09162,SK0156,4
CAND14501,SK0137,5
CAND02520,SK0251,3
CAND00213,SK0161,1
CAND01485,SK0058,5
CAND05003,SK0258,1
CAND11123,SK0215,5
CAND12125,SK0068,5
CAND03741,SK0186,5
CAND02663,SK0044,1
CAND13415,SK0128,5
CAND05066,SK0270,2
CAND04414,SK0285,3
CAND08118,SK0140,1
CAND14767,SK0074,4
CAND03183,SK0055,2
CAND04030,SK0091,1
CAND06668,SK0295,1
CAND06705,SK0269,4
CAND04815,SK0082,1
CAND08159,SK0255,3
CAND01532,SK0263,3
CAND05207,SK0268,4
CAND09564,SK0299,5
CAND11296,SK0198,2
CAND14323,SK0227,3
CAND12447,SK0192,1
CAND10475,SK0227,2
CAND07362,SK0215,4
CAND02934,SK0236,2
CAND12049,SK0286,5
CAND00581,SK0236,4
CAND13694,SK0276,5
CAND00243,SK0249,1
CAND09031,SK0223,3
CAND05242,SK0058,3
CAND10592,SK0063,3
CAND09138,SK0252,1
CAND11482,SK0036,2
CAND06495,SK0264,1
CAND14246,SK0091,3
CAND08753,SK0115,3
CAND05974,SK0260,5
CAND01213,SK0106,4
CAND12337,SK0021,1
CAND05982,SK0282,4
CAND04667,SK0231,1
CAND09949,SK0031,2
CAND08206,SK0099,1
CAND05206,SK0068,5
CAND01944,SK0162,4
CAND11280,SK0274,1
CAND01171,SK0265,2
CAND12308,SK0127,4
CAND02050,SK0296,5
CAND10739,SK0145,3
CAND09678,SK0056,5
CAND10732,SK0083,5
CAND14829,SK0218,4
CAND11078,SK0090,3
CAND13768,SK0154,3
CAND07066,SK0259,5
CAND11564,SK0027,1
CAND06246,SK0242,1
CAND02433,SK0249,4
CAND11732,SK0093,4
CAND07852,SK0064,4
CAND03489,SK0085,1
CAND10776,SK0002,3
CAND14298,SK0239,4
CAND10274,SK0200,4
CAND04467,SK0022,3
CAND08324,SK0153,4
CAND02853,SK0034,1
CAND05881,SK0084,1
CAND00138,SK0137,1
CAND01822,SK0100,2
CAND06948,SK0067,2
CAND09483,SK0142,4
CAND08880,SK0127,5
CAND14720,SK0168,1
CAND11211,SK0036,1
CAND11405,SK0194,1
CAND06253,SK0051,4
CAND12528,SK0025,1
CAND04936,SK0103,5
CAND04087,SK0138,3
CAND13222,SK0011,5
CAND08422,SK0059,3
CAND09913,SK0189,5
CAND05836,SK0228,1
CAND01623,SK0006,5
CAND00317,SK0196,2
CAND02017,SK0062,4
CAND13405,SK0092,5
CAND14862,SK0048,2
CAND14232,SK0252,5
CAND05034,SK0204,1
CAND02257,SK0102,5
CAND09711,SK0139,3
CAND12143,SK0299,2
CAND09690,SK0275,3
CAND00553,SK0094,1
CAND06018,SK0020,3
CAND01114,SK0034,5
CAND05529,SK0167,5
CAND12320,SK0087,2
CAND05699,SK0052,4
CAND14988,SK0107,5
CAND00111,SK0156,2
CAND00184,SK0032,2
CAND04607,SK0209,4
CAND04783,SK0177,1
CAND05742,SK0151,2
CAND02904,SK0070,3
CAND04573,SK0103,1
CAND02625,SK0039,5
CAND10279,SK0037,3
CAND10107,SK0281,1
CAND04064,SK0116,3
CAND10472,SK0286,5
CAND12545,SK0191,2
CAND11477,SK0260,3
CAND11684,SK0131,2
CAND08942,SK0161,2
CAND09239,SK0105,5
CAND05385,SK0004,2
CAND01527,SK0043,2
CAND13497,SK0275,1
CAND10685,SK0008,3
CAND14866,SK0001,3
CAND01457,SK0286,3
CAND05360,SK0154,4
CAND13126,SK0006,2
CAND08952,SK0100,3
CAND10556,SK0016,5
CAND13975,SK0197,4
CAND06239,SK0174,1
CAND03112,SK0121,3
CAND07743,SK0283,3
CAND01079,SK0267,1
CAND05357,SK0117,4
CAND00497,SK0197,1
CAND09079,SK0178,4
CAND14224,SK0247,4
CAND00806,SK0032,4
CAND07030,SK0087,3
CAND04495,SK0220,2
CAND01845,SK0042,4
CAND00049,SK0179,1
CAND13366,SK0069,2
CAND02046,SK0183,5
CAND12648,SK0198,2
CAND10875,SK0060,4
CAND12992,SK0067,2
CAND07805,SK0251,5
CAND01407,SK0288,2
CAND10341,SK0146,4
CAND01769,SK0296,5
CAND10294,SK0291,4
CAND01857,SK0127,2
CAND02487,SK0090,2
CAND00851,SK0093,1
CAND03807,SK0024,5
CAND10118,SK0219,4
CAND07207,SK0298,2
CAND13355,SK0079,4
CAND03962,SK0175,1
CAND02986,SK0262,2
CAND14455,SK0015,4
CAND10191,SK0192,1
CAND14333,SK0079,4
CAND05270,SK0157,2
CAND11022,SK0142,5
CAND01251,SK0086,4
CAND14881,SK0134,1
CAND06939,SK0226,5
CAND06750,SK0064,1
CAND00651,SK0074,4
CAND03453,SK0178,5
CAND04931,SK0056,3
CAND05889,SK0036,3
CAND06486,SK0259,4
CAND08501,SK0239,3
CAND04105,SK0147,4
CAND12496,SK0117,1
CAND04500,SK0008,2
CAND05045,SK0006,5
CAND06679,SK0073,3
CAND10313,SK0146,5
CAND04110,SK0115,1
CAND01569,SK0073,1
CAND01881,SK0124,1
CAND09854,SK0157,1
CAND02091,SK0112,5
CAND14053,SK0108,3
CAND01525,SK0165,1
CAND13776,SK0237,4
CAND13780,SK0103,2
CAND00794,SK0097,5
CAND00331,SK0287,1
CAND06563,SK0118,5
CAND00737,SK0071,1
CAND09862,SK0261,2
CAND04179,SK0037,1
CAND04549,SK0083,5
CAND04088,SK0236,5
CAND09244,SK0298,4
CAND03986,SK0282,1
CAND14877,SK0254,4
CAND06686,SK0266,3
CAND13105,SK0185,3
CAND03080,SK0068,1
CAND14610,SK0032,4
CAND06337,SK0056,3
CAND07628,SK0088,2
CAND14988,SK0126,4
CAND13272,SK0281,5
CAND05496,SK0204,5
CAND01228,SK0272,2
CAND09229,SK0204,1
CAND02124,SK0031,4
CAND10277,SK0228,4
CAND07511,SK0122,5
CAND07544,SK0070,5
CAND05833,SK0020,5
CAND12118,SK0263,4
CAND05192,SK0220,5
CAND03380,SK0264,4
CAND08365,SK0181,3
CAND13058,SK0231,5
CAND08655,SK0294,2
CAND11525,SK0108,1
CAND05087,SK0235,3
CAND05846,SK0245,3
CAND00253,SK0268,4
CAND05400,SK0023,4
CAND00708,SK0149,1
CAND10868,SK0150,4
CAND00309,SK0126,3
CAND06744,SK0256,3
CAND02988,SK0288,3
CAND13950,SK0007,4
CAND08454,SK0171,1
CAND02141,SK0147,1
CAND12669,SK0001,5
CAND09167,SK0062,3
CAND05418,SK0259,5
CAND03828,SK0233,4
CAND08454,SK0184,5
CAND10046,SK0115,5
CAND13973,SK0185,5
CAND09753,SK0107,3
CAND05302,SK0236,1
CAND03496,SK0131,3
CAND01668,SK0234,1
CAND04485,SK0199,5
CAND06340,SK0177,3
CAND11083,SK0047,4
CAND00159,SK0005,4
CAND03676,SK0286,1
CAND03874,SK0226,1
CAND01471,SK0255,5
CAND10499,SK0041,2
CAND06474,SK0152,2
CAND14797,SK0193,1
CAND04801,SK0017,4
CAND13050,SK0235,4
CAND13571,SK0287,5
CAND03574,SK0018,4
CAND06326,SK0046,3
CAND06167,SK0173,2
CAND04248,SK0074,5
CAND07234,SK0290,2
CAND07146,SK0014,3
CAND07612,SK0070,5
CAND09708,SK0214,2
CAND08396,SK0106,5
CAND05937,SK0087,1
CAND02667,SK0023,5
CAND05102,SK0100,4
CAND13687,SK0283,5
CAND08259,SK0130,5
CAND07107,SK0198,3
CAND02520,SK0171,3
CAND10358,SK0124,4
CAND02932,SK0017,2
CAND06942,SK0054,3
CAND00455,SK0257,2
CAND07974,SK0103,4
CAND11772,SK0209,2
CAND00655,SK0224,1
CAND08567,SK0292,4
CAND12686,SK0237,3
CAND04375,SK0102,5
CAND11842,SK0159,4
CAND00511,SK0133,4
CAND03183,SK0061,2
CAND06584,SK0073,3
CAND12037,SK0061,2
CAND10188,SK0066,2
CAND00111,SK0294,4
CAND13654,SK0054,2
CAND04618,SK0234,3
CAND12459,SK0031,4
CAND11329,SK0128,2
CAND08195,SK0014,2
CAND01053,SK0269,1
CAND12461,SK0155,3
CAND10935,SK0197,2
CAND08593,SK0166,1
CAND05748,SK0250,1
CAND09387,SK0281,4
CAND02747,SK0260,5
CAND00329,SK0134,5
CAND12212,SK0243,1
CAND03853,SK0043,5
CAND11235,SK0071,3
CAND00988,SK0168,5
CAND10966,SK0020,4
CAND09285,SK0026,3
CAND08870,SK0232,1
CAND11018,SK0175,5
CAND03173,SK0170,3
CAND13284,SK0174,4
CAND10917,SK0050,3
CAND07453,SK0075,1
CAND12639,SK0053,1
CAND14122,SK0270,5
CAND13171,SK0160,5
CAND14873,SK0115,1
CAND10747,SK0207,5
CAND03945,SK0117,1
CAND05654,SK0080,4
CAND09185,SK0119,4
CAND05701,SK0216,5
CAND08938,SK0196,3
CAND03578,SK0170,2
CAND10199,SK0204,4
CAND01218,SK0208,4
CAND08408,SK0116,3
CAND10971,SK0137,2
CAND13388,SK0010,4
CAND09769,SK0245,4
CAND07028,SK0187,4
CAND07431,SK0098,1
CAND02105,SK0275,1
CAND06098,SK0100,5
CAND00046,SK0274,5
CAND13002,SK0070,5
CAND08951,SK0046,5
CAND04532,SK0283,3
CAND12110,SK0127,1
CAND01493,SK0112,3
CAND01738,SK0152,5
CAND08959,SK0137,1
CAND05868,SK0277,4
CAND10216,SK0215,4
CAND13355,SK0213,3
CAND12469,SK0036,1
CAND04295,SK0007,2
CAND06613,SK0132,1
CAND03859,SK0093,2
CAND01262,SK0153,2
CAND09393,SK0069,5
CAND04795,SK0262,4
CAND05621,SK0074,2
CAND11870,SK0298,1
CAND14153,SK0218,4
CAND11665,SK0135,5
CAND08175,SK0167,1
CAND13820,SK0089,1
CAND14191,SK0094,4
CAND10539,SK0216,3
CAND04429,SK0180,4
CAND01553,SK0175,3
CAND01625,SK0022,1
CAND14220,SK0041,4
CAND01048,SK0256,4
CAND10449,SK0058,5
CAND14709,SK0071,1
CAND00597,SK0126,4
CAND12417,SK0225,3
CAND09861,SK0300,5
CAND10057,SK0007,2
CAND03517,SK0029,1
CAND07196,SK0229,3
CAND13491,SK0044,1
CAND09201,SK0261,5
CAND03373,SK0005,3
CAND11689,SK0162,5
CAND12736,SK0068,1
CAND09143,SK0180,2
CAND05012,SK0173,4
CAND07575,SK0081,2
CAND08261,SK0051,3
CAND00882,SK0290,4
CAND07968,SK0125,5
CAND04773,SK0197,4
CAND13580,SK0103,2
CAND09859,SK0246,2
CAND08130,SK0063,5
CAND07756,SK0054,1
CAND03710,SK0088,3
CAND14983,SK0207,3
CAND00420,SK0272,4
CAND01469,SK0099,5
CAND04165,SK0283,1
CAND00921,SK0286,1
CAND08154,SK0163,5
CAND01069,SK0006,5
CAND13237,SK0033,5
CAND02209,SK0025,3
CAND05697,SK0040,2
CAND08751,SK0285,3
CAND05315,SK0008,3
CAND11793,SK0204,1
CAND05670,SK0178,2
CAND08954,SK0075,2
CAND12164,SK0093,1
CAND13478,SK0087,4
CAND11138,SK0278,4
CAND04216,SK0241,5
CAND09679,SK0206,4
CAND10654,SK0276,1
CAND06608,SK0195,4
CAND12066,SK0221,1
CAND12988,SK0017,4
CAND13642,SK0096,2
CAND01577,SK0077,5
CAND00890,SK0165,4
CAND04247,SK0086,4
CAND13007,SK0049,3
CAND14423,SK0233,2
CAND14192,SK0246,3
CAND02676,SK0150,4
CAND12430,SK0200,1
CAND10195,SK0174,1
CAND14320,SK0189,2
CAND00406,SK0163,4
CAND07965,SK0163,5
CAND11613,SK0169,4
CAND08468,SK0253,2
CAND01992,SK0133,4
CAND03667,SK0172,1
CAND05677,SK0156,5
CAND11759,SK0026,2
CAND12893,SK0180,1
CAND03132,SK0140,1
CAND04885,SK0200,2
CAND06529,SK0063,2
CAND08851,SK0263,4
CAND07734,SK0212,4
CAND04302,SK0119,4
CAND09815,SK0213,4
CAND08138,SK0093,5
CAND10261,SK0219,4
CAND09441,SK0263,3
CAND05200,SK0213,2
CAND01090,SK0110,4
CAND14312,SK0189,2
CAND12858,SK0219,5
CAND09181,SK0090,4
CAND03784,SK0020,2
CAND02076,SK0243,3
CAND05831,SK0299,3
CAND05488,SK0129,2
CAND08860,SK0125,5
CAND09345,SK0190,2
CAND01477,SK0089,3
CAND05061,SK0248,5
CAND07250,SK0283,1
CAND13423,SK0248,5
CAND13072,SK0185,1
CAND04400,SK0141,4
CAND11970,SK0162,5
CAND00761,SK0264,2
CAND13596,SK0117,4
CAND09045,SK0136,1
CAND04313,SK0121,1
CAND07203,SK0154,3
CAND04365,SK0297,4
CAND06511,SK0205,2
CAND13472,SK0286,4
CAND05113,SK0281,2
CAND14829,SK0219,5
CAND04422,SK0183,4
CAND04445,SK0186,3
CAND11950,SK0074,2
CAND07834,SK0188,3
CAND13234,SK0056,4
CAND14661,SK0165,3
CAND04083,SK0110,2
CAND08006,SK0131,3
CAND13369,SK0054,3
CAND14922,SK0262,2
CAND04006,SK0169,1
CAND11664,SK0022,2
CAND05277,SK0152,4
CAND11356,SK0289,3
CAND06198,SK0030,2
CAND00886,SK0108,3
CAND04857,SK0287,2
CAND08508,SK0069,2
CAND00630,SK0018,4
CAND07331,SK0180,5
CAND06642,SK0275,2
CAND04315,SK0088,3
CAND09601,SK0050,3
CAND02526,SK0271,3
CAND04482,SK0044,4
CAND07291,SK0056,5
CAND08109,SK0076,3
CAND01730,SK0288,2
CAND08219,SK0008,1
CAND11561,SK0288,5
CAND03593,SK0035,1
CAND00708,SK0289,5
CAND14847,SK0041,3
CAND11221,SK0269,3
CAND03786,SK0065,2
CAND14011,SK0123,2
CAND02213,SK0236,3
CAND12991,SK0031,4
CAND09170,SK0203,3
CAND04410,SK0171,1
CAND14392,SK0125,5
CAND12830,SK0163,4
CAND04764,SK0091,3
CAND07359,SK0197,2
CAND01504,SK0168,4
CAND02609,SK0242,1
CAND04157,SK0151,4
CAND03897,SK0233,2
CAND04361,SK0031,2
CAND12003,SK0215,2
CAND08639,SK0002,2
CAND07262,SK0049,1
CAND04295,SK0188,2
CAND02619,SK0261,1
CAND12101,SK0168,5
CAND01421,SK0211,3
CAND13683,SK0111,3
CAND03340,SK0173,2
CAND09008,SK0013,5
CAND09710,SK0206,5
CAND10429,SK0119,4
CAND13686,SK0261,4
CAND03036,SK0205,4
CAND12974,SK0169,3
CAND06002,SK0031,2
CAND09585,SK0016,4
CAND00904,SK0222,5
CAND04040,SK0093,3
CAND08140,SK0102,2
CAND06309,SK0142,4
CAND00196,SK0214,5
CAND10811,SK0240,4
CAND12261,SK0150,3
CAND11453,SK0159,2
CAND05725,SK0185,1
CAND01428,SK0137,4
CAND01581,SK0213,4
CAND03750,SK0200,2
CAND01087,SK0062,3
CAND03395,SK0005,4
CAND00424,SK0115,2
CAND08636,SK0155,3
CAND05660,SK0104,2
CAND09447,SK0125,4
CAND09435,SK0191,3
CAND00495,SK0062,3
CAND01715,SK0204,5
CAND00938,SK0279,4
CAND00406,SK0097,1
CAND06281,SK0022,3
CAND12971,SK0041,2
CAND10378,SK0236,5
CAND12358,SK0133,5
CAND07216,SK0128,3
CAND00715,SK0051,1
CAND09943,SK0063,4
CAND01688,SK0056,5
CAND10913,SK0193,1
CAND03907,SK0202,1
CAND13518,SK0104,4
CAND10909,SK0122,1
CAND01529,SK0043,4
CAND08458,SK0298,3
CAND12506,SK0182,1
CAND01343,SK0091,4
CAND11142,SK0116,1
CAND08452,SK0168,5
CAND14700,SK0053,1
CAND09042,SK0002,5
CAND14042,SK0159,3
CAND03255,SK0245,3
CAND08640,SK0128,4
CAND12379,SK0073,1
CAND09303,SK0183,4
CAND09057,SK0042,1
CAND03589,SK0020,3
CAND00569,SK0231,2
CAND05970,SK0023,5
CAND11402,SK0277,1
CAND00197,SK0292,2
CAND07789,SK0092,2
CAND07913,SK0260,2
CAND02525,SK0288,2
CAND10961,SK0151,2
CAND07197,SK0284,3
CAND03728,SK0077,5
CAND08314,SK0083,1
CAND07598,SK0008,3
CAND06897,SK0167,4
CAND10861,SK0027,5
CAND01883,SK0201,2
CAND13971,SK0194,2
CAND08408,SK0064,5
CAND09098,SK0137,2
CAND13720,SK0178,5
CAND06164,SK0288,1
CAND12767,SK0127,2
CAND05778,SK0079,1
CAND11504,SK0126,1
CAND10981,SK0252,2
CAND03384,SK0149,2
CAND09366,SK0093,4
CAND04832,SK0139,2
CAND10630,SK0093,4
CAND00844,SK0252,5
CAND13512,SK0204,3
CAND07525,SK0295,3
CAND10241,SK0143,1
CAND14171,SK0204,2
CAND11638,SK0051,2
CAND08185,SK0148,5
CAND12224,SK0129,3
CAND09778,SK0261,5
CAND06669,SK0170,5
CAND10194,SK0285,5
CAND06295,SK0004,1
CAND01272,SK0274,3
CAND06091,SK0239,3
CAND08413,SK0261,1
CAND01742,SK0204,1
CAND01333,SK0216,1
CAND06546,SK0215,2
CAND12625,SK0196,3
CAND14730,SK0285,2
CAND05032,SK0085,5
CAND08446,SK0282,1
CAND13580,SK0166,4
CAND13296,SK0203,4
CAND03409,SK0278,2
CAND08685,SK0164,4
CAND01207,SK0114,2
CAND10001,SK0181,2
CAND02184,SK0037,4
CAND05249,SK0274,1
CAND09563,SK0299,4
CAND02865,SK0155,1
CAND03179,SK0223,2
CAND06583,SK0196,1
CAND02019,SK0203,5
CAND05951,SK0088,4
CAND09457,SK0024,2
CAND09730,SK0110,1
CAND10776,SK0024,2
CAND06732,SK0290,3
CAND10610,SK0102,5
CAND10875,SK0161,5
CAND07643,SK0176,4
CAND12604,SK0246,5
CAND13217,SK0007,5
CAND10332,SK0288,3
CAND11261,SK0072,3
CAND08729,SK0191,3
CAND00541,SK0154,2
CAND05276,SK0167,1
CAND08250,SK0195,1
CAND13880,SK0186,1
CAND04239,SK0276,3
CAND02694,SK0051,2
CAND06631,SK0135,5
CAND01281,SK0167,4
CAND03927,SK0181,1
CAND11394,SK0167,4
CAND06651,SK0262,4
CAND08007,SK0028,5
CAND08585,SK0007,1
CAND03650,SK0186,4
CAND08420,SK0148,5
CAND12885,SK0084,2
CAND00300,SK0125,2
CAND13927,SK0027,2
CAND00343,SK0278,4
CAND05851,SK0241,4
CAND12360,SK0233,1
CAND01673,SK0218,1
CAND00154,SK0181,5
CAND03939,SK0013,2
CAND08430,SK0092,2
CAND08075,SK0081,1
CAND02605,SK0052,5
CAND07907,SK0065,4
CAND14973,SK0264,2
CAND13358,SK0002,5
CAND06017,SK0187,5
CAND00560,SK0176,2
CAND06228,SK0121,3
CAND02210,SK0093,3
CAND09368,SK0169,1
CAND11451,SK0212,5
CAND12996,SK0021,4
CAND08961,SK0293,3
CAND06311,SK0069,5
CAND11802,SK0297,4
CAND09338,SK0172,1
CAND01901,SK0280,2
CAND02764,SK0171,4
CAND02892,SK0064,2
CAND01122,SK0089,2
CAND14304,SK0149,2
CAND00476,SK0105,1
CAND14650,SK0083,2
CAND06383,SK0211,3
CAND02904,SK0015,1
CAND12810,SK0219,3
CAND03739,SK0184,4
CAND07993,SK0003,1
CAND01854,SK0069,4
CAND03130,SK0250,3
CAND05795,SK0092,5
CAND00137,SK0220,4
CAND11531,SK0136,2
CAND11182,SK0047,3
CAND14037,SK0085,1
CAND04256,SK0278,5
CAND10341,SK0117,1
CAND05243,SK0264,4
CAND00528,SK0149,1
CAND09491,SK0166,1
CAND05404,SK0280,1
CAND03746,SK0152,2
CAND04348,SK0153,2
CAND00446,SK0097,1
CAND11422,SK0006,3
CAND12766,SK0123,4
CAND09535,SK0139,2
CAND14891,SK0300,1
CAND00595,SK0278,1
CAND06383,SK0066,2
CAND07854,SK0190,5
CAND11234,SK0155,4
CAND08400,SK0097,4
CAND04738,SK0127,5
CAND11546,SK0219,2
CAND11930,SK0236,3
CAND11716,SK0169,1
CAND01758,SK0023,4
CAND10871,SK0157,3
CAND05764,SK0055,4
CAND09948,SK0273,1
CAND05440,SK0107,4
CAND10410,SK0259,1
CAND03123,SK0106,5
CAND00611,SK0167,5
CAND05729,SK0022,2
CAND00081,SK0194,1
CAND04433,SK0049,1
CAND01875,SK0076,5
CAND14968,SK0192,3
CAND06059,SK0086,2
CAND05732,SK0002,4
CAND04944,SK0261,3
CAND05174,SK0181,5
CAND01230,SK0252,3
CAND03656,SK0197,3
CAND07171,SK0232,2
CAND03753,SK0026,1
CAND08857,SK0081,3
CAND02435,SK0072,4
CAND14206,SK0299,3
CAND07595,SK0136,2
CAND10718,SK0032,1
CAND04805,SK0232,5
CAND01523,SK0250,2
CAND06227,SK0150,4
CAND08013,SK0196,5
CAND02641,SK0018,5
CAND11266,SK0056,2
CAND02619,SK0239,3
CAND12149,SK0267,5
CAND03572,SK0161,2
CAND04993,SK0031,2
CAND00160,SK0124,1
CAND10552,SK0173,4
CAND08149,SK0018,2
CAND13388,SK0168,1
CAND12543,SK0195,1
CAND07000,SK0257,3
CAND04308,SK0300,3
CAND12729,SK0245,3
CAND07640,SK0064,5
CAND13206,SK0054,5
CAND14057,SK0146,4
CAND09011,SK0130,3
CAND01970,SK0179,2
CAND02884,SK0019,1
CAND06271,SK0261,3
CAND05869,SK0110,5
CAND00497,SK0164,3
CAND03071,SK0209,5
CAND09219,SK0007,3
CAND05552,SK0167,2
CAND09697,SK0225,5
CAND02825,SK0160,5
CAND02207,SK0199,2
CAND10814,SK0001,3
CAND12302,SK0195,4
CAND03238,SK0216,5
CAND09630,SK0128,3
CAND03436,SK0255,1
CAND05027,SK0181,5
CAND14565,SK0274,2
CAND06048,SK0137,2
CAND07655,SK0062,1
CAND12628,SK0189,1
CAND12863,SK0211,5
CAND03710,SK0017,2
CAND10531,SK0105,4
CAND13890,SK0131,4
CAND03176,SK0132,1
CAND12841,SK0188,3
CAND10239,SK0147,5
CAND01686,SK0180,4
CAND02938,SK0262,1
CAND14807,SK0083,5
CAND02196,SK0258,3
CAND08625,SK0117,1
CAND09029,SK0153,1
CAND04123,SK0268,4
CAND13720,SK0090,2
CAND02242,SK0171,3
CAND09345,SK0300,5
CAND08960,SK0020,4
CAND00707,SK0271,4
CAND09324,SK0219,2
CAND05800,SK0221,3
CAND02176,SK0181,1
CAND02359,SK0208,1
CAND14164,SK0148,5
CAND03457,SK0060,1
CAND06182,SK0242,2
CAND13836,SK0107,1
CAND12809,SK0234,5
CAND00165,SK0052,5
CAND14129,SK0153,1
CAND02704,SK0069,1
CAND00777,SK0149,5
CAND00819,SK0145,1
CAND03342,SK0001,5
CAND04877,SK0115,3
CAND07851,SK0108,5
CAND12481,SK0104,5
CAND14346,SK0062,1
CAND00036,SK0193,5
CAND07189,SK0059,2
CAND08748,SK0236,1
CAND02321,SK0257,5
CAND02778,SK0300,5
CAND09159,SK0054,5
CAND00503,SK0280,5
CAND07727,SK0265,2
CAND10209,SK0176,5
CAND02138,SK0156,2
CAND13528,SK0149,1
CAND14855,SK0290,1
CAND10945,SK0127,4
CAND09411,SK0128,2
CAND00616,SK0081,2
CAND00301,SK0244,3
CAND08868,SK0241,4
CAND06687,SK0147,5
CAND08710,SK0142,2
CAND01952,SK0201,5
CAND07312,SK0199,3
CAND05153,SK0275,1
CAND02000,SK0018,2
CAND10375,SK0285,2
CAND12415,SK0085,4
CAND01618,SK0253,3
CAND10519,SK0011,4
CAND02534,SK0270,1
CAND11419,SK0159,5
CAND02264,SK0076,4
CAND10003,SK0002,3
CAND05789,SK0157,5
CAND09093,SK0151,4
CAND08419,SK0210,1
CAND05383,SK0180,2
CAND14185,SK0077,4
CAND03670,SK0014,1
CAND13315,SK0178,5
CAND05099,SK0237,5
CAND07158,SK0264,2
CAND07333,SK0130,1
CAND12638,SK0239,4
CAND05744,SK0284,5
CAND14619,SK0233,4
CAND01193,SK0254,3
CAND10820,SK0203,4
CAND08805,SK0037,2
CAND07649,SK0044,3
CAND00313,SK0054,2
CAND08115,SK0108,1
CAND06297,SK0083,4
CAND13573,SK0022,5
CAND10367,SK0101,4
CAND12011,SK0279,3
CAND06742,SK0228,4
CAND07842,SK0042,2
CAND03122,SK0092,3
CAND07542,SK0289,1
CAND06764,SK0272,5
CAND12703,SK0199,3
CAND10784,SK0010,3
CAND07324,SK0080,1
CAND11371,SK0173,4
CAND06921,SK0068,5
CAND04014,SK0214,4
CAND09850,SK0023,1
CAND08546,SK0253,4
CAND08198,SK0155,2
CAND11003,SK0103,1
CAND04444,SK0006,2
CAND00187,SK0266,3
CAND05976,SK0182,5
CAND07336,SK0029,2
CAND11147,SK0091,1
CAND12946,SK0032,2
CAND13456,SK0075,3
CAND08303,SK0184,1
CAND12421,SK0151,3
CAND01690,SK0180,2
CAND01422,SK0213,1
CAND03871,SK0030,1
CAND06428,SK0198,5
CAND12219,SK0175,4
CAND02095,SK0044,3
CAND06054,SK0087,1
CAND09802,SK0022,5
CAND08091,SK0093,2
CAND11803,SK0132,2
CAND06494,SK0063,3
CAND04320,SK0213,4
CAND10173,SK0215,3
CAND08675,SK0258,4
CAND00721,SK0241,5
CAND10436,SK0130,5
CAND03094,SK0095,5
CAND08085,SK0160,2
CAND03245,SK0284,3
CAND00245,SK0225,5
CAND12263,SK0228,2
CAND13333,SK0020,1
CAND01996,SK0123,1
CAND07664,SK0054,4
CAND10113,SK0238,2
CAND14063,SK0265,4
CAND02182,SK0299,4
CAND06863,SK0152,3
CAND11881,SK0234,4
CAND01521,SK0282,1
CAND13721,SK0067,5
CAND13245,SK0146,2
CAND04968,SK0058,5
CAND10414,SK0114,2
CAND12850,SK0107,4
CAND04918,SK0241,1
CAND08647,SK0264,2
CAND11816,SK0296,2
CAND04113,SK0132,2
CAND01025,SK0229,5
CAND12318,SK0025,1
CAND01618,SK0116,1
CAND08785,SK0228,4
CAND03323,SK0089,5
CAND06318,SK0022,5
CAND07676,SK0201,4
CAND10045,SK0108,2
CAND00684,SK0011,3
CAND09471,SK0013,1
CAND05394,SK0211,4
CAND05506,SK0288,1
CAND06136,SK0178,4
CAND00023,SK0006,4
CAND08788,SK0236,1
CAND14905,SK0111,3
CAND05984,SK0035,4
CAND03091,SK0289,1
CAND04013,SK0116,4
CAND10549,SK0269,3
CAND10805,SK0032,3
CAND08364,SK0096,2
CAND13569,SK0209,4
CAND05366,SK0093,5
CAND07701,SK0107,4
CAND12840,SK0128,4
CAND08210,SK0268,3
CAND14636,SK0240,5
CAND14439,SK0229,4
CAND04489,SK0296,1
CAND03856,SK0217,4
CAND09265,SK0157,3
CAND10361,SK0030,1
CAND00310,SK0019,1
CAND00547,SK0250,3
CAND03081,SK0160,4
CAND04589,SK0092,4
CAND04167,SK0262,5
CAND02635,SK0009,4
CAND07861,SK0184,3
CAND10697,SK0058,2
CAND11556,SK0267,5
CAND04726,SK0063,2
CAND00253,SK0006,3
CAND13127,SK0203,2
CAND02601,SK0059,5
CAND04087,SK0292,1
CAND01784,SK0080,4
CAND06344,SK0069,4
CAND07436,SK0220,5
CAND00706,SK0142,4
CAND13530,SK0274,1
CAND12639,SK0062,3
CAND02352,SK0246,4
CAND10311,SK0242,4
CAND13075,SK0016,1
CAND02154,SK0123,1
CAND05943,SK0082,4
CAND05070,SK0016,2
CAND00112,SK0237,1
CAND09362,SK0256,2
CAND11715,SK0130,1
CAND06678,SK0128,3
CAND07259,SK0245,3
CAND00233,SK0175,2
CAND00561,SK0034,5
CAND13043,SK0192,5
CAND01378,SK0028,5
CAND07025,SK0019,4
CAND13142,SK0200,4
CAND12456,SK0243,3
CAND11910,SK0216,4
CAND10502,SK0066,1
CAND14119,SK0076,2
CAND13258,SK0058,4
CAND00581,SK0169,5
CAND07831,SK0155,5
CAND03215,SK0044,5
CAND07907,SK0136,3
CAND01381,SK0078,4
CAND02450,SK0084,2
CAND09840,SK0185,5
CAND12125,SK0131,4
CAND10892,SK0080,4
CAND07607,SK0279,3
CAND01661,SK0218,1
CAND05516,SK0052,3
CAND07995,SK0050,5
CAND01717,SK0297,1
CAND07925,SK0073,3
CAND09422,SK0022,5
CAND00021,SK0160,3
CAND05193,SK0102,5
CAND13270,SK0258,5
CAND06864,SK0032,2
CAND10474,SK0013,2
CAND06635,SK0094,5
CAND13593,SK0160,5
CAND01258,SK0011,1
CAND14913,SK0186,5
CAND04114,SK0150,4
CAND08085,SK0241,3
CAND03871,SK0083,2
CAND07262,SK0055,1
CAND02961,SK0058,2
CAND13609,SK0195,4
CAND11658,SK0131,1
CAND14222,SK0137,2
CAND05928,SK0236,5
CAND01002,SK0012,2
CAND11618,SK0217,5
CAND05406,SK0263,4
CAND06995,SK0219,5
CAND07002,SK0112,1
CAND12764,SK0130,2
CAND14280,SK0154,3
CAND08687,SK0115,4
CAND02138,SK0298,5
CAND12437,SK0235,5
CAND03394,SK0072,4
CAND13733,SK0135,1
CAND02978,SK0099,3
CAND10785,SK0190,2
CAND14994,SK0197,3
CAND12151,SK0202,1
CAND00724,SK0257,1
CAND11306,SK0230,2
CAND06599,SK0250,4
CAND04573,SK0146,4
CAND04572,SK0079,3
CAND03459,SK0239,3
CAND06835,SK0177,4
CAND13553,SK0057,1
CAND02244,SK0079,2
CAND06593,SK0069,5
CAND00391,SK0273,4
CAND10811,SK0055,5
CAND14666,SK0286,1
CAND12855,SK0060,5
CAND08544,SK0251,4
CAND14594,SK0109,5
CAND08732,SK0263,2
CAND08824,SK0155,4
CAND02284,SK0167,4
CAND05292,SK0023,4
CAND06779,SK0063,3
CAND02865,SK0062,5
CAND09682,SK0253,5
CAND12794,SK0072,4
CAND14981,SK0296,5
CAND05136,SK0092,1
CAND13552,SK0042,4
CAND08417,SK0121,2
CAND10377,SK0298,2
CAND10295,SK0086,2
CAND05328,SK0042,3
CAND09303,SK0037,3
CAND05854,SK0253,4
CAND10302,SK0195,3
CAND04527,SK0004,2
CAND03745,SK0099,1
CAND02324,SK0204,2
CAND02172,SK0108,5
CAND00811,SK0006,5
CAND01905,SK0051,3
CAND03764,SK0051,2
CAND14396,SK0214,1
CAND04109,SK0256,4
CAND00225,SK0022,1
CAND06849,SK0190,2
CAND02390,SK0031,3
CAND03744,SK0189,3
CAND06055,SK0017,1
CAND10232,SK0035,3
CAND10696,SK0048,1
CAND00800,SK0072,2
CAND02098,SK0233,5
CAND11006,SK0205,4
CAND13404,SK0029,2
CAND12110,SK0045,4
CAND02642,SK0294,2
CAND05772,SK0118,4
CAND02103,SK0174,3
CAND07016,SK0085,1
CAND10776,SK0228,1
CAND01267,SK0178,5
CAND13548,SK0192,4
CAND04515,SK0008,3
CAND10572,SK0287,2
CAND07271,SK0093,3
CAND12636,SK0245,1
CAND09859,SK0135,1
CAND13772,SK0230,2
CAND10312,SK0284,5
CAND09989,SK0009,2
CAND09837,SK0241,3
CAND02342,SK0093,2
CAND12652,SK0082,3
CAND04793,SK0021,1
CAND08285,SK0099,4
CAND03246,SK0197,2
CAND13019,SK0030,3
CAND08002,SK0291,2
CAND08521,SK0212,2
CAND14362,SK0282,3
CAND03793,SK0090,1
CAND13649,SK0297,4
CAND01394,SK0279,2
CAND02288,SK0200,1
CAND00702,SK0110,5
CAND05010,SK0058,1
CAND08635,SK0260,3
CAND02813,SK0079,4
CAND14390,SK0288,4
CAND05603,SK0096,1
CAND14782,SK0036,5
CAND01786,SK0048,4
CAND04426,SK0237,1
CAND00411,SK0256,4
CAND00342,SK0034,5
CAND06729,SK0045,3
CAND11979,SK0122,1
CAND11990,SK0066,1
CAND03935,SK0059,2
CAND07773,SK0111,1
CAND04934,SK0164,1
CAND07290,SK0124,1
CAND01454,SK0157,5
CAND11825,SK0265,1
CAND10202,SK0240,5
CAND13880,SK0174,1
CAND01494,SK0133,5
CAND13898,SK0006,1
CAND06287,SK0223,1
CAND06852,SK0118,1
CAND03306,SK0130,5
CAND00212,SK0062,2
CAND12835,SK0005,5
CAND14408,SK0014,5
CAND00396,SK0023,3
CAND01134,SK0076,2
CAND04344,SK0252,1
CAND12387,SK0091,5
CAND09917,SK0157,5
CAND06702,SK0295,4
CAND06842,SK0040,1
CAND11691,SK0219,5
CAND06078,SK0121,1
CAND13519,SK0206,2
CAND05720,SK0010,3
CAND10921,SK0044,1
CAND00032,SK0081,1
CAND02783,SK0009,4
CAND10933,SK0179,3
CAND04764,SK0294,1
CAND08397,SK0148,2
CAND05918,SK0226,1
CAND06700,SK0159,3
CAND08870,SK0089,2
CAND13649,SK0252,1
CAND13016,SK0241,5
CAND02738,SK0057,4
CAND12616,SK0172,1
CAND11062,SK0154,5
CAND02016,SK0271,1
CAND12169,SK0259,2
CAND09343,SK0027,2
CAND07687,SK0149,1
CAND00431,SK0216,5
CAND01252,SK0023,5
CAND08414,SK0147,5
CAND11641,SK0167,5
CAND05738,SK0072,2
CAND09346,SK0250,1
CAND06930,SK0113,5
CAND14936,SK0254,3
CAND12524,SK0015,2
CAND09295,SK0231,4
CAND10303,SK0012,1
CAND13354,SK0287,3
CAND05046,SK0079,3
CAND07948,SK0119,3
CAND00665,SK0158,2
CAND05877,SK0251,3
CAND12264,SK0097,1
CAND06284,SK0114,1
CAND03727,SK0072,5
CAND14741,SK0129,4
CAND01740,SK0070,1
CAND06007,SK0209,1
CAND05786,SK0160,5
CAND04529,SK0297,4
CAND13159,SK0054,1
CAND06688,SK0289,5
CAND12342,SK0187,2
CAND14520,SK0042,2
CAND13425,SK0218,3
CAND03620,SK0107,1
CAND00492,SK0203,3
CAND09080,SK0006,4
CAND02888,SK0209,2
CAND10136,SK0212,4
CAND12081,SK0129,5
CAND00227,SK0093,1
CAND09605,SK0281,2
CAND12449,SK0051,5
CAND02523,SK0054,1
CAND08475,SK0095,3
CAND03955,SK0135,4
CAND01704,SK0178,3
CAND10026,SK0279,4
CAND01347,SK0070,3
CAND07670,SK0122,1
CAND07150,SK0195,2
CAND09223,SK0220,5
CAND11296,SK0072,5
CAND05984,SK0257,1
CAND00041,SK0254,4
CAND11891,SK0108,1
CAND13593,SK0059,2
CAND04172,SK0065,2
CAND05578,SK0178,2
CAND12802,SK0213,2
CAND08434,SK0130,3
CAND07098,SK0068,3
CAND08505,SK0275,3
CAND10614,SK0218,3
CAND11477,SK0233,2
CAND07009,SK0231,4
CAND05901,SK0155,5
CAND08236,SK0077,2
CAND08471,SK0004,2
CAND09792,SK0126,4
CAND07302,SK0046,2
CAND10324,SK0149,4
CAND06001,SK0089,1
CAND04181,SK0196,1
CAND02847,SK0135,3
CAND06453,SK0173,1
CAND07979,SK0290,1
CAND04670,SK0225,5
CAND02408,SK0269,2
CAND05886,SK0237,3
CAND11822,SK0218,2
CAND09048,SK0218,5
CAND00225,SK0106,1
CAND07450,SK0287,1
CAND14722,SK0053,3
CAND08985,SK0090,1
CAND00476,SK0041,5
CAND07755,SK0099,5
CAND14212,SK0021,5
CAND10116,SK0155,1
CAND05384,SK0286,4
CAND08157,SK0173,3
CAND03403,SK0277,1
CAND02434,SK0196,4
CAND14904,SK0297,4
CAND07406,SK0139,4
CAND02660,SK0204,2
CAND04688,SK0234,2
CAND11637,SK0199,3
CAND03085,SK0205,3
CAND07333,SK0037,1
CAND07215,SK0182,5
CAND08031,SK0081,1
CAND09485,SK0236,2
CAND02870,SK0059,4
CAND04689,SK0249,4
CAND14616,SK0267,5
CAND13557,SK0218,1
CAND09176,SK0062,4
CAND00715,SK0030,3
CAND05497,SK0096,2
CAND10484,SK0025,4
CAND11636,SK0029,5
CAND09642,SK0065,2
CAND10828,SK0096,4
CAND01766,SK0231,3
CAND05043,SK0214,3
CAND07473,SK0209,2
CAND01452,SK0152,3
CAND11176,SK0230,3
CAND12233,SK0201,4
CAND05394,SK0210,1
CAND14823,SK0003,5
CAND09210,SK0018,5
CAND01976,SK0189,4
CAND11866,SK0148,5
CAND10106,SK0001,4
CAND13155,SK0083,2
CAND08835,SK0230,1
CAND00599,SK0059,5
CAND03895,SK0251,1
CAND03625,SK0211,1
CAND00221,SK0186,3
CAND09181,SK0046,4
CAND10635,SK0164,2
CAND03153,SK0070,2
CAND01784,SK0028,5
CAND13760,SK0048,2
CAND10140,SK0044,5
CAND03604,SK0011,4
CAND14535,SK0228,1
CAND05159,SK0183,1
CAND10498,SK0280,1
CAND01329,SK0170,2
CAND01212,SK0257,3
CAND00422,SK0265,5
CAND03498,SK0035,5
CAND04371,SK0285,2
CAND04826,SK0075,3
CAND02231,SK0201,4
CAND06232,SK0183,1
CAND11737,SK0117,4
CAND01542,SK0284,5
CAND06424,SK0192,1
CAND03631,SK0015,3
CAND08974,SK0074,4
CAND04068,SK0047,5
CAND07688,SK0138,1
CAND08310,SK0153,5
CAND14364,SK0151,3
CAND14674,SK0154,1
CAND01368,SK0054,2
CAND10385,SK0096,3
CAND07279,SK0063,1
CAND02154,SK0208,5
CAND02256,SK0160,3
CAND00341,SK0045,3
CAND01979,SK0141,4
CAND10379,SK0195,2
CAND09442,SK0180,1
CAND14015,SK0061,4
CAND00831,SK0049,5
CAND07899,SK0051,4
CAND03346,SK0061,3
CAND03133,SK0151,1
CAND11873,SK0105,4
CAND07401,SK0121,2
CAND08030,SK0109,4
CAND03650,SK0026,2
CAND14638,SK0079,2
CAND02335,SK0268,2
CAND04767,SK0098,3
CAND01053,SK0153,1
CAND09815,SK0032,5
CAND06857,SK0206,2
CAND13604,SK0255,3
CAND13420,SK0024,4
CAND10588,SK0146,2
CAND14198,SK0068,5
CAND05983,SK0037,4
CAND09743,SK0249,3
CAND05920,SK0211,2
CAND08180,SK0059,2
CAND08908,SK0227,2
CAND13237,SK0036,5
CAND06648,SK0296,3
CAND03591,SK0031,2
CAND13483,SK0190,5
CAND14603,SK0091,1
CAND14658,SK0017,5
CAND05269,SK0038,4
CAND02582,SK0119,3
CAND11711,SK0215,3
CAND12327,SK0145,3
CAND14818,SK0190,2
CAND09485,SK0290,5
CAND09914,SK0243,2
CAND10296,SK0149,4
CAND05717,SK0071,2
CAND09133,SK0216,1
CAND10198,SK0248,4
CAND02266,SK0021,5
CAND03193,SK0015,3
CAND05726,SK0192,5
CAND10553,SK0011,4
CAND04995,SK0120,1
CAND05217,SK0245,3
CAND13732,SK0097,2
CAND01650,SK0066,4
CAND05482,SK0065,2
CAND02338,SK0291,2
CAND07612,SK0118,5
CAND02733,SK0109,2
CAND06526,SK0227,4
CAND13187,SK0038,5
CAND02567,SK0170,3
CAND02303,SK0249,5
CAND13377,SK0145,1
CAND07373,SK0127,3
CAND09880,SK0097,2
CAND09848,SK0041,2
CAND02935,SK0049,2
CAND13089,SK0168,4
CAND03028,SK0068,5
CAND00300,SK0218,4
CAND05313,SK0096,4
CAND09309,SK0182,3
CAND03585,SK0282,1
CAND12355,SK0274,2
CAND02802,SK0185,3
CAND05900,SK0032,3
CAND14424,SK0049,1
CAND05260,SK0212,3
CAND06937,SK0070,5
CAND11611,SK0215,4
CAND14431,SK0040,1
CAND07278,SK0274,4
CAND04940,SK0229,3
CAND11006,SK0184,1
CAND09755,SK0014,2
CAND04425,SK0119,2
CAND01325,SK0085,2
CAND11526,SK0235,5
CAND11227,SK0147,3
CAND13480,SK0159,3
CAND14451,SK0218,4
CAND08473,SK0002,5
CAND03505,SK0259,4
CAND00168,SK0191,3
CAND02982,SK0176,2
CAND01598,SK0127,3
CAND02343,SK0291,4
CAND09129,SK0127,5
CAND12902,SK0084,4
CAND00847,SK0118,5
CAND14626,SK0198,2
CAND07662,SK0043,4
CAND00830,SK0283,4
CAND07540,SK0203,2
CAND00806,SK0190,3
CAND05473,SK0053,4
CAND10768,SK0221,5
CAND01319,SK0040,5
CAND06375,SK0190,5
CAND12429,SK0095,1
CAND08124,SK0206,3
CAND11765,SK0110,1
CAND02014,SK0213,2
CAND07334,SK0197,5
CAND10570,SK0038,5
CAND09354,SK0264,2
CAND07214,SK0004,2
CAND06899,SK0233,5
CAND10209,SK0205,1
CAND12047,SK0172,5
CAND12081,SK0136,1
CAND06313,SK0120,2
CAND05425,SK0243,2
CAND03104,SK0138,4
CAND09530,SK0029,5
CAND01498,SK0169,2
CAND00412,SK0125,1
CAND12977,SK0005,5
CAND12011,SK0177,4
CAND01485,SK0259,5
CAND13877,SK0056,3
CAND04772,SK0182,4
CAND11764,SK0085,3
CAND10252,SK0041,4
CAND12895,SK0169,3
CAND13688,SK0123,3
CAND06406,SK0262,4
CAND06607,SK0287,3
CAND04607,SK0234,3
CAND08888,SK0076,4
CAND09621,SK0120,1
CAND07094,SK0114,3
CAND06969,SK0199,2
CAND06435,SK0031,3
CAND03381,SK0094,5
CAND10272,SK0211,3
CAND11685,SK0259,1
CAND08027,SK0159,2
CAND00266,SK0216,3
CAND04928,SK0190,5
CAND07467,SK0147,2
CAND05226,SK0044,2
CAND11945,SK0113,5
CAND06311,SK0116,4
CAND09601,SK0295,2
CAND03696,SK0058,1
CAND09258,SK0089,5
CAND05520,SK0100,4
CAND13749,SK0146,2
CAND13653,SK0236,4
CAND04443,SK0129,2
CAND10684,SK0287,1
CAND01948,SK0077,2
CAND12608,SK0252,2
CAND10586,SK0006,2
CAND02526,SK0178,1
CAND14181,SK0049,4
CAND07425,SK0128,2
CAND01450,SK0228,2
CAND14505,SK0034,1
CAND14780,SK0218,1
CAND01194,SK0258,2
CAND02373,SK0172,4
CAND07254,SK0004,3
CAND14097,SK0218,5
CAND01214,SK0214,4
CAND04427,SK0073,3
CAND02415,SK0071,5
CAND00954,SK0017,5
CAND01304,SK0179,1
CAND00777,SK0253,4
CAND10971,SK0022,4
CAND14324,SK0162,5
CAND12080,SK0065,3
CAND07793,SK0282,4
CAND14611,SK0012,4
CAND06533,SK0269,2
CAND10443,SK0255,5
CAND09534,SK0114,3
CAND14963,SK0190,2
CAND12839,SK0180,3
CAND10403,SK0169,1
CAND09409,SK0130,3
CAND04171,SK0024,5
CAND09761,SK0104,5
CAND13144,SK0166,3
CAND09997,SK0186,1
CAND02778,SK0142,5
CAND13074,SK0161,1
CAND06645,SK0054,3
CAND06390,SK0291,3
CAND14117,SK0059,3
CAND02274,SK0281,5
CAND04271,SK0158,2
CAND03201,SK0116,3
CAND14018,SK0164,3
CAND14212,SK0109,5
CAND08681,SK0138,5
CAND00833,SK0014,4
CAND06167,SK0082,5
CAND02770,SK0077,3
CAND06789,SK0148,3
CAND12012,SK0068,3
CAND02150,SK0192,1
CAND01625,SK0188,5
CAND02774,SK0206,1
CAND08091,SK0264,1
CAND07688,SK0021,1
CAND07890,SK0278,1
CAND13889,SK0052,5
CAND01759,SK0147,4
CAND11204,SK0091,2
CAND09964,SK0126,3
CAND04584,SK0162,4
CAND12374,SK0249,3
CAND07382,SK0046,1
CAND02971,SK0014,2
CAND02977,SK0093,4
CAND08403,SK0063,3
CAND03145,SK0119,3
CAND05385,SK0008,1
CAND07087,SK0134,3
CAND12205,SK0187,2
CAND12671,SK0246,1
CAND12349,SK0105,1
CAND06939,SK0051,4
CAND02342,SK0142,2
CAND14513,SK0282,3
CAND07110,SK0259,2
CAND04822,SK0150,3
CAND06358,SK0203,2
CAND05357,SK0288,4
CAND08727,SK0216,1
CAND13790,SK0092,5
CAND10475,SK0283,2
CAND14686,SK0255,1
CAND03702,SK0178,4
CAND00424,SK0134,4
CAND00968,SK0010,4
CAND00447,SK0281,5
CAND10286,SK0283,5
CAND10740,SK0197,1
CAND11990,SK0039,1
CAND11847,SK0156,1
CAND10263,SK0191,1
CAND10304,SK0217,4
CAND03862,SK0003,1
CAND06120,SK0007,3
CAND06441,SK0216,4
CAND05963,SK0067,2
CAND03759,SK0066,3
CAND09343,SK0040,4
CAND06191,SK0092,5
CAND11671,SK0135,4
CAND06173,SK0056,5
CAND05991,SK0231,1
CAND04953,SK0238,3
CAND13981,SK0184,3
CAND05472,SK0030,4
CAND07769,SK0246,5
CAND12661,SK0165,2
CAND02220,SK0083,3
CAND04567,SK0294,4
CAND04668,SK0118,4
CAND11267,SK0093,3
CAND04413,SK0133,5
CAND02156,SK0239,4
CAND04057,SK0295,5
CAND09617,SK0007,3
CAND05221,SK0299,4
CAND00963,SK0079,5
CAND07915,SK0232,1
CAND00316,SK0221,3
CAND03878,SK0151,1
CAND10605,SK0197,4
CAND04315,SK0298,5
CAND02271,SK0252,4
CAND04706,SK0086,4
CAND13180,SK0004,2
CAND10187,SK0034,1
CAND07674,SK0237,1
CAND09932,SK0048,1
CAND07812,SK0260,2
CAND13028,SK0218,4
CAND06157,SK0117,5
CAND13461,SK0036,2
CAND05859,SK0167,1
CAND02717,SK0115,2
CAND01219,SK0202,1
CAND11769,SK0291,3
CAND06923,SK0024,4
CAND02289,SK0061,1
CAND14405,SK0261,5
CAND03886,SK0106,5
CAND06315,SK0263,1
CAND14878,SK0149,1
CAND10611,SK0188,5
CAND08533,SK0192,2
CAND10404,SK0053,5
CAND06004,SK0240,2
CAND10102,SK0203,5
CAND09585,SK0127,2
CAND02653,SK0205,5
CAND01003,SK0057,5
CAND08892,SK0001,2
CAND04236,SK0148,4
CAND07649,SK0007,1
CAND10103,SK0265,3
CAND04413,SK0173,3
CAND09245,SK0039,4
CAND02183,SK0235,1
CAND04140,SK0295,3
CAND04867,SK0294,5
CAND14010,SK0256,1
CAND02053,SK0064,2
CAND03395,SK0134,3
CAND11295,SK0124,3
CAND10084,SK0084,4
CAND04434,SK0293,5
CAND03882,SK0051,4
CAND11361,SK0228,4
CAND08383,SK0203,2
CAND04668,SK0211,2
CAND11629,SK0169,4
CAND14486,SK0279,5
CAND14539,SK0233,4
CAND07407,SK0195,4
CAND11928,SK0051,4
CAND12155,SK0067,1
CAND13725,SK0025,5
CAND03541,SK0144,5
CAND10175,SK0047,3
CAND11794,SK0241,5
CAND03775,SK0218,5
CAND07330,SK0002,3
CAND02023,SK0227,5
CAND08548,SK0261,3
CAND08161,SK0280,3
CAND06665,SK0128,3
CAND05825,SK0103,5
CAND00616,SK0178,1
CAND12454,SK0217,4
CAND01707,SK0040,5
CAND07305,SK0054,2
CAND00622,SK0239,5
CAND12669,SK0022,4
CAND06805,SK0005,2
CAND06811,SK0117,5
CAND03578,SK0277,5
CAND08261,SK0116,4
CAND10984,SK0209,5
CAND05425,SK0155,2
CAND06537,SK0027,1
CAND12033,SK0035,2
CAND00336,SK0108,3
CAND02921,SK0067,2
CAND03496,SK0212,4
CAND05381,SK0054,2
CAND13546,SK0047,3
CAND04999,SK0238,2
CAND08061,SK0241,3
CAND10001,SK0015,1
CAND11412,SK0051,1
CAND00978,SK0004,1
CAND05066,SK0261,3
CAND13465,SK0211,2
CAND00340,SK0044,4
CAND11808,SK0165,5
CAND06987,SK0167,2
CAND06597,SK0066,2
CAND02418,SK0104,3
CAND07470,SK0077,1
CAND09913,SK0178,2
CAND08510,SK0144,3
CAND08005,SK0042,4
CAND00569,SK0133,5
CAND01415,SK0286,4
CAND12040,SK0154,4
CAND01927,SK0141,2
CAND14780,SK0077,1
CAND03903,SK0074,1
CAND04823,SK0245,1
CAND06062,SK0100,2
CAND14625,SK0205,4
CAND08909,SK0144,1
CAND01052,SK0269,5
CAND13652,SK0137,4
CAND07133,SK0253,3
CAND03347,SK0288,1
CAND12765,SK0122,1
CAND06319,SK0086,5
CAND03272,SK0104,5
CAND00717,SK0148,5
CAND13560,SK0129,2
CAND12128,SK0147,2
CAND01282,SK0010,2
CAND01623,SK0179,4
CAND13382,SK0232,2
CAND11504,SK0167,1
CAND09549,SK0142,1
CAND04050,SK0106,4
CAND09299,SK0259,1
CAND08898,SK0004,1
CAND11689,SK0185,3
CAND10496,SK0217,5
CAND10822,SK0186,3
CAND05343,SK0158,5
CAND12046,SK0037,2
CAND05518,SK0240,2
CAND12604,SK0133,1
CAND02240,SK0238,1
CAND10749,SK0292,2
CAND10963,SK0050,1
CAND11772,SK0211,3
CAND10890,SK0283,2
CAND13027,SK0016,4
CAND13920,SK0077,4
CAND02074,SK0168,1
CAND09236,SK0266,4
CAND04800,SK0130,1
CAND02521,SK0126,5
CAND08960,SK0189,2
CAND02617,SK0267,4
CAND01010,SK0300,1
CAND07667,SK0016,4
CAND08616,SK0002,1
CAND02450,SK0172,4
CAND13503,SK0018,4
CAND04619,SK0222,1
CAND12384,SK0049,1
CAND00001,SK0088,5
CAND08770,SK0238,4
CAND14453,SK0236,1
CAND06989,SK0066,4
CAND01821,SK0248,4
CAND05235,SK0107,1
CAND07275,SK0197,1
CAND07732,SK0036,1
CAND08997,SK0221,5
CAND05648,SK0112,5
CAND00124,SK0249,2
CAND08781,SK0066,5
CAND08902,SK0255,4
CAND00176,SK0040,4
CAND07359,SK0196,3
CAND04195,SK0064,4
CAND05326,SK0077,3
CAND04941,SK0046,3
CAND06039,SK0289,4
CAND14464,SK0031,1
CAND07341,SK0046,5
CAND06623,SK0046,1
CAND04061,SK0070,4
CAND14912,SK0172,3
CAND04861,SK0066,1
CAND14137,SK0168,3
CAND09377,SK0260,5
CAND05495,SK0228,2
CAND04650,SK0203,1
CAND07252,SK0253,4
CAND01541,SK0080,2
CAND12864,SK0099,5
CAND10594,SK0022,5
CAND09770,SK0288,2
CAND02976,SK0299,3
CAND07782,SK0112,4
CAND03556,SK0196,4
CAND00237,SK0130,3
CAND13381,SK0094,5
CAND05994,SK0241,2
CAND02802,SK0191,3
CAND02434,SK0053,4
CAND01452,SK0164,1
CAND10449,SK0125,5
CAND03578,SK0242,4
CAND09292,SK0154,2
CAND11100,SK0053,3
CAND10375,SK0151,5
CAND12345,SK0008,3
CAND14606,SK0078,3
CAND00900,SK0236,1
CAND03597,SK0048,5
CAND07690,SK0229,4
CAND00666,SK0122,3
CAND00151,SK0130,2
CAND10609,SK0151,3
CAND03685,SK0045,3
CAND12642,SK0221,5
CAND14878,SK0134,5
CAND07586,SK0006,2
CAND09964,SK0179,3
CAND13354,SK0089,3
CAND08823,SK0263,2
CAND05855,SK0050,2
CAND09256,SK0099,1
CAND04965,SK0257,4
CAND13256,SK0019,1
CAND03498,SK0157,1
CAND02703,SK0263,4
CAND06350,SK0202,4
CAND02246,SK0247,1
CAND13653,SK0300,2
CAND04790,SK0081,1
CAND00219,SK0127,5
CAND05639,SK0286,3
CAND14627,SK0095,3
CAND00625,SK0200,2
CAND06182,SK0215,5
CAND11991,SK0104,5
CAND11190,SK0148,3
CAND12481,SK0299,3
CAND03649,SK0256,5
CAND09659,SK0033,1
CAND07152,SK0002,2
CAND12105,SK0055,5
CAND06317,SK0062,5
CAND00973,SK0163,1
CAND14819,SK0204,4
CAND07512,SK0271,2
CAND06392,SK0271,5
CAND06231,SK0297,5
CAND07385,SK0139,1
CAND09507,SK0225,4
CAND04964,SK0157,3
CAND09698,SK0264,4
CAND10040,SK0182,5
CAND03402,SK0110,2
CAND08439,SK0183,4
CAND05574,SK0040,1
CAND06058,SK0165,3
CAND06020,SK0078,1
CAND02139,SK0020,5
CAND09731,SK0281,3
CAND07371,SK0021,3
CAND09147,SK0229,1
CAND09713,SK0038,4
CAND11121,SK0035,3
CAND08548,SK0058,2
CAND04585,SK0105,1
CAND10174,SK0229,4
CAND01107,SK0262,3
CAND03137,SK0113,5
CAND09219,SK0290,3
CAND05672,SK0164,4
CAND06378,SK0194,5
CAND07016,SK0033,4
CAND11050,SK0266,2
CAND06149,SK0089,2
CAND10912,SK0058,2
CAND04827,SK0059,4
CAND03570,SK0038,5
CAND02851,SK0245,4
CAND06776,SK0298,1
CAND10351,SK0040,4
CAND12928,SK0223,3
CAND13680,SK0036,3
CAND14330,SK0187,1
CAND06803,SK0035,1
CAND14971,SK0135,3
CAND01798,SK0163,1
CAND14405,SK0067,4
CAND04036,SK0178,1
CAND06402,SK0257,3
CAND03243,SK0108,5
CAND05027,SK0050,2
CAND05465,SK0153,3
CAND05906,SK0207,5
CAND06567,SK0137,5
CAND03827,SK0105,5
CAND05791,SK0268,2
CAND05669,SK0197,3
CAND10614,SK0043,4
CAND09848,SK0052,3
CAND03017,SK0055,1
CAND14929,SK0296,2
CAND07231,SK0096,5
CAND09221,SK0186,3
CAND02731,SK0288,3
CAND08408,SK0084,2
CAND02344,SK0176,5
CAND01514,SK0277,4
CAND10260,SK0055,1
CAND07103,SK0029,5
CAND10447,SK0286,1
CAND12356,SK0023,2
CAND00998,SK0142,3
CAND10870,SK0152,3
CAND13495,SK0057,2
CAND05819,SK0241,1
CAND11236,SK0082,1
CAND03978,SK0191,1
CAND08789,SK0127,3
CAND10648,SK0166,3
CAND04409,SK0221,2
CAND04633,SK0148,1
CAND09034,SK0267,1
CAND14464,SK0164,2
CAND11803,SK0190,5
CAND12082,SK0223,3
CAND00677,SK0222,3
CAND04001,SK0047,4
CAND00624,SK0112,2
CAND14447,SK0185,5
CAND01030,SK0085,1
CAND11936,SK0297,4
CAND10147,SK0134,3
CAND14019,SK0188,4
CAND03644,SK0059,1
CAND04190,SK0087,2
CAND11806,SK0052,5
CAND04343,SK0167,1
CAND10035,SK0058,3
CAND09136,SK0170,3
CAND02452,SK0054,1
CAND03836,SK0285,3
CAND01644,SK0013,4
CAND11745,SK0149,1
CAND13985,SK0239,3
CAND14064,SK0285,3
CAND07148,SK0289,4
CAND07845,SK0175,2
CAND01854,SK0160,4
CAND12444,SK0195,3
CAND05899,SK0053,1
CAND07277,SK0150,1
CAND02424,SK0159,2
CAND03590,SK0155,2
CAND08591,SK0036,4
CAND05228,SK0028,2
CAND08546,SK0096,2
CAND08116,SK0042,2
CAND14468,SK0199,3
CAND13491,SK0046,3
CAND08783,SK0168,3
CAND11445,SK0084,5
CAND06841,SK0097,1
CAND14103,SK0040,1
CAND14464,SK0118,2
CAND04787,SK0020,5
CAND05107,SK0232,4
CAND06786,SK0099,5
CAND12500,SK0095,2
CAND12096,SK0243,1
CAND11340,SK0198,2
CAND09298,SK0220,1
CAND01818,SK0259,1
CAND03957,SK0183,2
CAND13390,SK0295,5
CAND06514,SK0154,2
CAND07559,SK0281,5
CAND08367,SK0160,1
CAND13200,SK0082,2
CAND04981,SK0289,3
CAND13485,SK0290,3
CAND06530,SK0082,1
CAND06574,SK0128,3
CAND09572,SK0266,2
CAND10980,SK0122,4
CAND10326,SK0091,5
CAND08959,SK0299,2
CAND01521,SK0235,3
CAND02375,SK0219,2
CAND07386,SK0179,5
CAND04885,SK0219,4
CAND10382,SK0290,3
CAND14082,SK0129,2
CAND06302,SK0059,5
CAND11613,SK0232,1
CAND07926,SK0051,3
CAND04482,SK0231,3
CAND06794,SK0177,3
CAND02547,SK0038,4
CAND10588,SK0253,2
CAND09080,SK0032,2
CAND11910,SK0084,4
CAND09148,SK0218,2
CAND13166,SK0049,2
CAND07139,SK0051,1
CAND14886,SK0219,4
CAND14735,SK0201,1
CAND07334,SK0294,2
CAND13579,SK0139,3
CAND10482,SK0079,2
CAND00183,SK0260,3
CAND04762,SK0253,1
CAND09019,SK0252,1
CAND13514,SK0137,4
CAND10262,SK0197,5
CAND10785,SK0127,4
CAND14514,SK0259,5
CAND08323,SK0173,1
CAND04886,SK0136,2
CAND04796,SK0150,1
CAND13549,SK0069,3
CAND14915,SK0048,1
CAND14559,SK0012,4
CAND01241,SK0075,1
CAND10008,SK0292,3
CAND00313,SK0239,2
CAND08046,SK0237,2
CAND06524,SK0147,4
CAND08691,SK0267,3
CAND02848,SK0093,5
CAND13005,SK0158,1
CAND14297,SK0006,2
CAND12086,SK0268,5
CAND02839,SK0168,3
CAND09123,SK0187,5
CAND09188,SK0219,5
CAND01592,SK0007,1
CAND14825,SK0144,2
CAND02377,SK0168,3
CAND03760,SK0289,3
CAND09931,SK0257,2
CAND07066,SK0120,1
CAND02113,SK0247,3
CAND09010,SK0170,1
CAND00768,SK0153,1
CAND07854,SK0210,2
CAND14810,SK0159,3
CAND04566,SK0258,3
CAND10700,SK0019,4
CAND14451,SK0015,1
CAND10535,SK0175,2
CAND06125,SK0235,1
CAND14150,SK0181,5
CAND14547,SK0154,2
CAND01521,SK0089,1
CAND06154,SK0164,4
CAND06038,SK0064,3
CAND07084,SK0114,5
CAND09086,SK0124,3
CAND00607,SK0297,5
CAND04840,SK0154,3
CAND12531,SK0165,1
CAND02726,SK0252,3
CAND11666,SK0210,3
CAND10669,SK0154,2
CAND04885,SK0031,5
CAND00518,SK0220,2
CAND08225,SK0003,2
CAND10686,SK0110,5
CAND09881,SK0234,2
CAND12631,SK0134,1
CAND00602,SK0060,4
CAND13204,SK0262,4
CAND08892,SK0055,4
CAND01221,SK0136,1
CAND05647,SK0282,1
CAND10119,SK0280,4
CAND00848,SK0291,4
CAND11098,SK0018,4
CAND05110,SK0241,5
CAND11025,SK0022,4
CAND09111,SK0148,1
CAND13193,SK0037,3
CAND09946,SK0142,1
CAND13326,SK0011,2
CAND09699,SK0013,5
CAND01039,SK0205,2
CAND02715,SK0066,3
CAND02166,SK0141,1
CAND10517,SK0003,5
CAND01738,SK0082,4
CAND10181,SK0096,4
CAND09577,SK0135,5
CAND11747,SK0034,1
CAND01944,SK0098,1
CAND12083,SK0161,2
CAND07198,SK0069,1
CAND08457,SK0023,1
CAND13421,SK0040,1
CAND10333,SK0093,5
CAND13822,SK0088,3
CAND10230,SK0026,4
CAND13943,SK0020,1
CAND13388,SK0107,1
CAND09076,SK0201,3
CAND06878,SK0138,1
CAND09248,SK0148,5
CAND14571,SK0092,1
CAND06205,SK0102,5
CAND11928,SK0231,4
CAND05471,SK0070,3
CAND06569,SK0005,1
CAND10397,SK0108,1
CAND00427,SK0034,5
CAND07907,SK0086,2
CAND12097,SK0188,4
CAND10226,SK0234,5
CAND08993,SK0174,2
CAND05385,SK0128,1
CAND03550,SK0196,5
CAND10870,SK0021,3
CAND00384,SK0184,3
CAND13628,SK0006,1
CAND05832,SK0252,3
CAND03960,SK0187,1
CAND12803,SK0063,3
CAND01970,SK0164,4
CAND02211,SK0216,3
CAND01331,SK0159,4
CAND03383,SK0019,4
CAND12053,SK0065,4
CAND12409,SK0252,1
CAND02147,SK0196,3
CAND01343,SK0207,3
CAND00502,SK0129,2
CAND04952,SK0203,3
CAND02382,SK0041,4
CAND00654,SK0026,2
CAND08442,SK0062,5
CAND06849,SK0161,4
CAND05656,SK0167,5
CAND08642,SK0095,5
CAND11828,SK0180,4
CAND13545,SK0125,5
CAND05373,SK0261,4
CAND03643,SK0220,4
CAND14944,SK0115,4
CAND00485,SK0135,1
CAND06146,SK0134,3
CAND07066,SK0105,3
CAND05868,SK0194,1
CAND12374,SK0280,3
CAND08534,SK0044,4
CAND03008,SK0204,4
CAND05578,SK0211,5
CAND01240,SK0115,1
CAND09715,SK0178,5
CAND07526,SK0002,3
CAND10647,SK0161,1
CAND13792,SK0162,3
CAND04280,SK0167,4
CAND12255,SK0262,3
CAND03547,SK0245,1
CAND13283,SK0084,2
CAND06188,SK0035,4
CAND03194,SK0005,2
CAND14617,SK0021,1
CAND00704,SK0080,1
CAND14137,SK0230,2
CAND01450,SK0205,3
CAND10241,SK0237,5
CAND12512,SK0118,1
CAND13344,SK0295,5
CAND11067,SK0060,4
CAND08627,SK0249,5
CAND00349,SK0011,5
CAND07409,SK0036,1
CAND03115,SK0123,2
CAND06582,SK0015,4
CAND05731,SK0024,5
CAND01743,SK0299,5
CAND13819,SK0129,4
CAND08938,SK0167,1
CAND07466,SK0096,5
CAND00307,SK0161,4
CAND05544,SK0008,3
CAND04827,SK0247,3
CAND11357,SK0120,2
CAND06847,SK0236,5
CAND01733,SK0281,5
CAND02480,SK0126,4
CAND03490,SK0226,1
CAND14291,SK0033,2
CAND13285,SK0104,1
CAND10755,SK0280,2
CAND00718,SK0237,4
CAND05258,SK0296,1
CAND03838,SK0059,1
CAND01355,SK0188,5
CAND11518,SK0211,2
CAND10256,SK0065,5
CAND02287,SK0082,1
CAND11761,SK0147,2
CAND08421,SK0224,4
CAND14707,SK0001,3
CAND03596,SK0225,3
CAND07973,SK0296,5
CAND12723,SK0157,1
CAND09019,SK0169,4
CAND07306,SK0159,2
CAND08662,SK0077,4
CAND02831,SK0219,5
CAND14831,SK0035,4
CAND11742,SK0289,4
CAND09886,SK0261,2
CAND14215,SK0025,2
CAND07299,SK0008,3
CAND08240,SK0267,2
CAND13171,SK0210,4
CAND09695,SK0063,2
CAND04474,SK0281,2
CAND00292,SK0087,4
CAND03162,SK0221,5
CAND13213,SK0008,1
CAND00050,SK0247,4
CAND04057,SK0297,5
CAND06792,SK0023,5
CAND02455,SK0129,4
CAND13214,SK0096,1
CAND11887,SK0070,4
CAND02041,SK0053,1
CAND04511,SK0202,2
CAND01419,SK0279,2
CAND12442,SK0130,5
CAND14563,SK0009,4
CAND07552,SK0203,1
CAND00984,SK0235,4
CAND01822,SK0230,2
CAND14647,SK0245,1
CAND11045,SK0283,5
CAND08939,SK0107,3
CAND03821,SK0209,1
CAND01462,SK0232,1
CAND05816,SK0281,2
CAND04836,SK0248,1
CAND07090,SK0277,5
CAND12135,SK0148,4
CAND08804,SK0048,5
CAND07006,SK0216,2
CAND07002,SK0083,4
CAND01476,SK0279,5
CAND11879,SK0163,4
CAND09340,SK0228,2
CAND02413,SK0290,1
CAND10423,SK0062,2
CAND04829,SK0260,1
CAND02561,SK0038,5
CAND05829,SK0088,5
CAND12462,SK0220,3
CAND01272,SK0077,3
CAND14679,SK0030,1
CAND09604,SK0206,1
CAND07858,SK0291,5
CAND14762,SK0254,2
CAND10570,SK0212,2
CAND04850,SK0297,1
CAND00712,SK0111,5
CAND10287,SK0189,4
CAND00562,SK0198,4
CAND08014,SK0184,5
CAND11803,SK0265,4
CAND01154,SK0001,3
CAND11153,SK0285,2
CAND14861,SK0087,5
CAND00358,SK0199,4
CAND05301,SK0040,4
CAND00328,SK0165,4
CAND03824,SK0283,1
CAND00440,SK0060,3
CAND08923,SK0008,1
CAND11842,SK0148,1
CAND00388,SK0029,1
CAND06922,SK0209,3
CAND04710,SK0222,2
CAND14597,SK0054,2
CAND00172,SK0033,3
CAND10477,SK0280,1
CAND11776,SK0255,3
CAND02742,SK0221,3
CAND09228,SK0135,1
CAND10817,SK0277,2
CAND10418,SK0226,3
CAND14636,SK0220,4
CAND08001,SK0121,5
CAND05005,SK0022,2
CAND03172,SK0110,5
CAND12803,SK0163,3
CAND08949,SK0297,5
CAND09242,SK0255,1
CAND09707,SK0181,1
CAND03309,SK0045,3
CAND11051,SK0270,5
CAND03440,SK0096,3
CAND10773,SK0049,5
CAND03013,SK0216,5
CAND12128,SK0136,1
CAND02158,SK0233,4
CAND13750,SK0200,2
CAND02304,SK0210,4
CAND00926,SK0284,3
CAND06762,SK0074,3
CAND10209,SK0122,1
CAND11510,SK0262,2
CAND08820,SK0151,4
CAND09816,SK0195,3
CAND03308,SK0216,2
CAND09101,SK0037,2
CAND08619,SK0213,4
CAND03613,SK0012,3
CAND00038,SK0263,5
CAND09875,SK0238,4
CAND08789,SK0177,4
CAND10963,SK0245,4
CAND10694,SK0264,5
CAND03278,SK0041,5
CAND02390,SK0037,4
CAND11771,SK0239,5
CAND13835,SK0050,3
CAND04455,SK0245,4
CAND09909,SK0298,2
CAND00276,SK0071,4
CAND11456,SK0218,4
CAND14719,SK0114,3
CAND01937,SK0176,2
CAND12966,SK0247,4
CAND09303,SK0136,4
CAND12677,SK0209,3
CAND10998,SK0175,5
CAND07276,SK0089,5
CAND10091,SK0099,2
CAND12875,SK0290,5
CAND09764,SK0132,1
CAND12156,SK0170,3
CAND11112,SK0011,3
CAND13549,SK0029,4
CAND09877,SK0291,1
CAND06554,SK0258,1
CAND00562,SK0024,1
CAND07855,SK0231,3
CAND00594,SK0147,2
CAND09925,SK0289,5
CAND07423,SK0097,4
CAND05974,SK0138,5
CAND12624,SK0074,3
CAND03371,SK0170,2
CAND04097,SK0136,4
CAND08443,SK0129,4
CAND14645,SK0146,1
CAND14291,SK0134,3
CAND13104,SK0219,1
CAND06871,SK0082,4
CAND12334,SK0129,2
CAND02603,SK0047,1
CAND06271,SK0055,5
CAND01180,SK0048,4
CAND12038,SK0091,4
CAND07658,SK0224,2
CAND05878,SK0237,3
CAND13731,SK0012,4
CAND14112,SK0083,1
CAND07352,SK0162,4
CAND10309,SK0257,1
CAND03099,SK0296,3
CAND14738,SK0236,1
CAND05422,SK0196,1
CAND06710,SK0210,3
CAND14556,SK0113,1
CAND11886,SK0177,1
CAND00640,SK0002,1
CAND09835,SK0290,1
CAND09187,SK0191,3
CAND05849,SK0130,3
CAND00990,SK0023,2
CAND02739,SK0170,3
CAND05152,SK0034,2
CAND07491,SK0023,3
CAND11856,SK0165,1
CAND00403,SK0274,3
CAND03657,SK0095,2
CAND12921,SK0148,4
CAND04523,SK0260,4
CAND04588,SK0061,2
CAND07073,SK0077,1
CAND03334,SK0078,5
CAND06793,SK0213,3
CAND08777,SK0018,2
CAND01414,SK0289,2
CAND01572,SK0129,3
CAND14106,SK0285,5
CAND14364,SK0261,5
CAND11243,SK0041,5
CAND01845,SK0222,5
CAND11197,SK0215,4
CAND08454,SK0097,1
CAND11630,SK0245,1
CAND09547,SK0119,5
CAND12665,SK0223,5
CAND11529,SK0207,4
CAND01141,SK0110,1
CAND10691,SK0131,4
CAND13397,SK0278,1
CAND10013,SK0066,4
CAND05340,SK0251,1
CAND00063,SK0161,1
CAND14321,SK0140,2
CAND09296,SK0021,5
CAND02127,SK0031,5
CAND03431,SK0223,4
CAND06331,SK0291,1
CAND05876,SK0172,5
CAND00575,SK0073,3
CAND13968,SK0080,3
CAND08823,SK0083,4
CAND09163,SK0044,1
CAND02183,SK0276,4
CAND06016,SK0205,4
CAND11912,SK0201,2
CAND11593,SK0235,1
CAND01651,SK0162,4
CAND06615,SK0215,1
CAND05809,SK0259,2
CAND04648,SK0053,3
CAND08862,SK0069,4
CAND05740,SK0163,4
CAND09759,SK0073,5
CAND12406,SK0275,5
CAND07965,SK0095,4
CAND05541,SK0175,4
CAND13356,SK0020,5
CAND11531,SK0269,2
CAND08393,SK0263,4
CAND02524,SK0229,4
CAND08440,SK0139,1
CAND11955,SK0264,5
CAND06692,SK0300,1
CAND13686,SK0111,5
CAND14912,SK0163,3
CAND14025,SK0228,3
CAND00238,SK0253,4
CAND12363,SK0134,3
CAND13730,SK0299,2
CAND12611,SK0216,5
CAND09609,SK0263,4
CAND05189,SK0170,4
CAND13079,SK0224,3
CAND11100,SK0272,5
CAND01982,SK0106,4
CAND06668,SK0035,5
CAND00938,SK0231,2
CAND14906,SK0161,3
CAND00135,SK0135,3
CAND06277,SK0086,3
CAND09437,SK0266,4
CAND13570,SK0186,5
CAND07281,SK0247,5
CAND07996,SK0281,4
CAND07331,SK0251,2
CAND06748,SK0104,1
CAND04453,SK0250,5
CAND02904,SK0146,3
CAND04029,SK0205,5
CAND06997,SK0097,4
CAND13741,SK0124,4
CAND05779,SK0021,4
CAND03479,SK0020,1
CAND05338,SK0073,1
CAND11053,SK0170,1
CAND01226,SK0165,2
CAND06639,SK0112,5
CAND11556,SK0239,1
CAND14546,SK0095,1
CAND05094,SK0083,4
CAND11801,SK0109,5
CAND06078,SK0026,3
CAND00400,SK0153,5
CAND02269,SK0158,1
CAND00200,SK0285,3
CAND07773,SK0107,1
CAND04539,SK0146,5
CAND00330,SK0266,1
CAND07176,SK0211,4
CAND01138,SK0259,3
CAND09859,SK0028,5
CAND09895,SK0100,5
CAND03857,SK0215,1
CAND12375,SK0081,3
CAND11880,SK0046,3
CAND00875,SK0296,5
CAND08553,SK0055,5
CAND14233,SK0219,5
CAND11581,SK0012,4
CAND02433,SK0270,3
CAND11855,SK0001,5
CAND07072,SK0236,2
CAND04289,SK0019,3
CAND06214,SK0270,3
CAND09839,SK0240,4
CAND11617,SK0105,2
CAND11049,SK0003,5
CAND07332,SK0245,4
CAND11941,SK0254,4
CAND06296,SK0286,4
CAND06404,SK0100,4
CAND01658,SK0009,2
CAND05063,SK0166,5
CAND13207,SK0074,4
CAND06614,SK0095,4
CAND05745,SK0180,3
CAND06278,SK0080,1
CAND10205,SK0166,4
CAND13036,SK0267,4
CAND03627,SK0143,3
CAND03893,SK0101,2
CAND10791,SK0008,1
CAND05304,SK0112,2
CAND04471,SK0194,1
CAND09426,SK0060,1
CAND11213,SK0173,5
CAND05330,SK0191,4
CAND08183,SK0143,4
CAND01914,SK0153,2
CAND01563,SK0169,1
CAND04685,SK0110,5
CAND09937,SK0108,2
CAND04040,SK0113,1
CAND05292,SK0281,5
CAND10340,SK0200,1
CAND11970,SK0197,4
CAND12468,SK0038,5
CAND13076,SK0178,3
CAND04380,SK0296,3
CAND00750,SK0091,4
CAND12083,SK0251,2
CAND02557,SK0110,3
CAND02553,SK0117,5
CAND13417,SK0253,4
CAND09336,SK0014,1
CAND00666,SK0296,2
CAND02607,SK0156,1
CAND09448,SK0260,5
CAND13125,SK0295,1
CAND08623,SK0028,2
CAND14422,SK0287,1
CAND13616,SK0051,4
CAND06041,SK0008,2
CAND08666,SK0015,4
CAND14697,SK0162,2
CAND06812,SK0129,5
CAND13111,SK0114,4
CAND08688,SK0191,4
CAND05693,SK0004,4
CAND12181,SK0015,4
CAND10379,SK0161,1
CAND09849,SK0017,1
CAND01258,SK0037,2
CAND00337,SK0021,5
CAND05213,SK0240,2
CAND04865,SK0002,2
CAND05174,SK0052,2
CAND01217,SK0085,4
CAND06905,SK0180,5
CAND03478,SK0251,1
CAND02204,SK0274,1
CAND06541,SK0209,5
CAND10363,SK0210,3
CAND02288,SK0105,2
CAND04950,SK0110,3
CAND11275,SK0185,2
CAND13670,SK0177,2
CAND06425,SK0253,3
CAND12218,SK0254,4
CAND06367,SK0248,1
CAND05579,SK0021,2
CAND06180,SK0273,1
CAND08098,SK0266,1
CAND06972,SK0166,4
CAND07735,SK0154,5
CAND01689,SK0292,4
CAND14367,SK0173,1
CAND09007,SK0178,3
CAND13563,SK0115,1
CAND08971,SK0076,3
CAND01219,SK0199,4
CAND08941,SK0080,3
CAND05341,SK0141,5
CAND14669,SK0284,5
CAND02494,SK0239,4
CAND12115,SK0099,5
CAND02905,SK0283,3
CAND04204,SK0056,4
CAND05793,SK0224,5
CAND09685,SK0295,4
CAND04497,SK0267,3
CAND04466,SK0254,2
CAND03371,SK0300,5
CAND05651,SK0009,3
CAND10469,SK0137,1
CAND04783,SK0234,2
CAND00911,SK0187,1
CAND02134,SK0269,4
CAND11224,SK0241,2
CAND08254,SK0159,4
CAND10603,SK0015,1
CAND02921,SK0029,4
CAND12928,SK0040,4
CAND07983,SK0261,2
CAND00558,SK0072,3
CAND13876,SK0282,1
CAND10055,SK0159,4
CAND13791,SK0022,3
CAND04055,SK0093,4
CAND03916,SK0073,1
CAND08014,SK0256,3
CAND08483,SK0249,2
CAND04596,SK0269,3
CAND07333,SK0067,2
CAND10243,SK0029,4
CAND01377,SK0120,2
CAND07707,SK0145,5
CAND05994,SK0080,4
CAND09652,SK0188,4
CAND11832,SK0085,2
CAND12273,SK0120,2
CAND11997,SK0154,2
CAND04095,SK0068,5
CAND13679,SK0021,1
CAND00720,SK0155,4
CAND02121,SK0152,3
CAND10811,SK0024,2
CAND06281,SK0091,5
CAND04003,SK0222,2
CAND01019,SK0087,2
CAND07067,SK0033,1
CAND13381,SK0204,5
CAND11929,SK0228,3
CAND09083,SK0148,1
CAND01009,SK0168,4
CAND04947,SK0237,1
CAND00753,SK0182,4
CAND10889,SK0260,3
CAND03493,SK0260,1
CAND06543,SK0165,4
CAND11856,SK0261,4
CAND05192,SK0298,4
CAND08824,SK0241,1
CAND00478,SK0008,4
CAND05143,SK0227,2
CAND02438,SK0114,5
CAND13404,SK0255,4
CAND08023,SK0188,2
CAND13112,SK0059,1
CAND07293,SK0048,2
CAND09012,SK0014,5
CAND12588,SK0055,3
CAND09658,SK0071,4
CAND14867,SK0221,3
CAND02006,SK0270,1
CAND05473,SK0092,5
CAND12636,SK0131,2
CAND07681,SK0172,2
CAND05405,SK0179,3
CAND08768,SK0012,1
CAND03772,SK0134,5
CAND11543,SK0247,3
CAND03759,SK0223,1
CAND03964,SK0061,2
CAND13017,SK0257,2
CAND11786,SK0156,2
CAND09714,SK0240,3
CAND13063,SK0162,3
CAND02643,SK0116,4
CAND05162,SK0219,5
CAND05668,SK0110,1
CAND11628,SK0292,5
CAND14853,SK0206,1
CAND13362,SK0056,1
CAND12567,SK0180,1
CAND04295,SK0291,5
CAND05123,SK0035,3
CAND07385,SK0236,2
CAND03365,SK0189,4
CAND13383,SK0203,4
CAND07128,SK0241,5
CAND12730,SK0015,5
CAND08307,SK0065,1
CAND02092,SK0113,2
CAND02082,SK0060,3
CAND01786,SK0141,3
CAND02898,SK0002,5
CAND01222,SK0264,4
CAND10930,SK0060,3
CAND05784,SK0248,4
CAND00341,SK0063,2
CAND10360,SK0068,4
CAND10114,SK0066,5
CAND00913,SK0275,5
CAND09172,SK0218,1
CAND03678,SK0008,2
CAND07698,SK0293,5
CAND01988,SK0140,3
CAND07241,SK0246,4
CAND06472,SK0137,3
CAND14455,SK0093,2
CAND00685,SK0069,2
CAND00961,SK0008,3
CAND08104,SK0103,4
CAND01220,SK0208,4
CAND13681,SK0048,5
CAND11326,SK0196,2
CAND08429,SK0062,4
CAND05444,SK0016,2
CAND07870,SK0058,1
CAND00301,SK0142,3
CAND05331,SK0204,5
CAND12824,SK0069,3
CAND02547,SK0152,1
CAND03922,SK0183,4
CAND09561,SK0045,2
CAND00687,SK0138,1
CAND00865,SK0259,2
CAND07738,SK0294,2
CAND05805,SK0284,4
CAND12518,SK0037,1
CAND13869,SK0007,5
CAND12263,SK0296,2
CAND01089,SK0032,2
CAND07486,SK0034,2
CAND11186,SK0080,2
CAND09348,SK0168,3
CAND09083,SK0202,1
CAND05777,SK0116,3
CAND01262,SK0300,1
CAND12959,SK0218,3
CAND02684,SK0183,5
CAND09058,SK0077,1
CAND01328,SK0015,3
CAND04141,SK0205,2
CAND00442,SK0135,5
CAND01879,SK0108,1
CAND03600,SK0070,3
CAND11278,SK0196,3
CAND10887,SK0255,4
CAND03746,SK0018,1
CAND09268,SK0037,2
CAND14072,SK0070,2
CAND01288,SK0038,2
CAND12282,SK0232,2
CAND11312,SK0191,4
CAND09459,SK0010,3
CAND07573,SK0043,1
CAND00888,SK0157,2
CAND04147,SK0017,2
CAND08429,SK0253,4
CAND00122,SK0066,2
CAND01374,SK0165,3
CAND04970,SK0068,2
CAND01434,SK0212,3
CAND13234,SK0266,4
CAND08457,SK0259,2
CAND00073,SK0283,4
CAND14224,SK0220,4
CAND13132,SK0119,5
CAND01807,SK0145,3
CAND05204,SK0004,2
CAND08387,SK0219,1
CAND02377,SK0060,4
CAND00337,SK0149,2
CAND07602,SK0160,4
CAND02763,SK0179,1
CAND06154,SK0086,3
CAND13731,SK0187,1
CAND02864,SK0140,3
CAND08048,SK0224,2
CAND00734,SK0142,4
CAND10631,SK0109,3
CAND09880,SK0074,1
CAND11796,SK0259,4
CAND10105,SK0119,4
CAND00514,SK0118,1
CAND11306,SK0275,5
CAND07781,SK0083,1
CAND12732,SK0070,4
CAND07524,SK0063,2
CAND01503,SK0175,1
CAND13979,SK0061,2
CAND10825,SK0128,3
CAND12788,SK0023,5
CAND09077,SK0008,1
CAND14953,SK0218,1
CAND08724,SK0245,4
CAND10027,SK0206,2
CAND03245,SK0051,4
CAND13037,SK0061,5
CAND07791,SK0121,3
CAND06930,SK0100,5
CAND00459,SK0088,4
CAND14626,SK0057,5
CAND07647,SK0081,4
CAND00826,SK0005,4
CAND06109,SK0166,3
CAND08072,SK0282,1
CAND12028,SK0231,1
CAND09386,SK0202,2
CAND01234,SK0182,2
CAND08377,SK0200,2
CAND05534,SK0143,1
CAND09470,SK0208,3
CAND06419,SK0085,4
CAND07305,SK0185,2
CAND09719,SK0062,2
CAND09108,SK0181,5
CAND04624,SK0111,4
CAND12103,SK0041,5
CAND08000,SK0109,1
CAND02255,SK0097,5
CAND02065,SK0159,5
CAND04224,SK0031,4
CAND07198,SK0226,1
CAND11151,SK0128,4
CAND12239,SK0130,5
CAND08638,SK0219,2
CAND02571,SK0085,2
CAND10921,SK0199,3
CAND09691,SK0084,3
CAND05388,SK0236,2
CAND10756,SK0175,5
CAND05746,SK0176,2
CAND06321,SK0103,4
CAND09377,SK0292,5
CAND12671,SK0022,3
CAND13074,SK0025,3
CAND10946,SK0027,4
CAND04602,SK0077,2
CAND08119,SK0273,5
CAND11154,SK0256,4
CAND11332,SK0293,4
CAND09347,SK0095,5
CAND04994,SK0116,3
CAND03811,SK0232,1
CAND01680,SK0115,4
CAND08351,SK0050,4
CAND01814,SK0044,2
CAND08417,SK0092,1
CAND05728,SK0090,1
CAND09645,SK0098,1
CAND01246,SK0101,3
CAND12592,SK0023,4
CAND02014,SK0149,4
CAND10855,SK0200,4
CAND08879,SK0021,2
CAND06238,SK0110,1
CAND05230,SK0025,4
CAND12154,SK0289,2
CAND00955,SK0140,5
CAND12418,SK0297,2
CAND06366,SK0167,2
CAND08994,SK0288,3
CAND00498,SK0299,1
CAND08523,SK0053,5
CAND05530,SK0119,1
CAND04755,SK0286,5
CAND06550,SK0221,5
CAND06701,SK0191,3
CAND00746,SK0110,4
CAND13472,SK0137,5
CAND07184,SK0273,3
CAND00858,SK0030,1
CAND07515,SK0183,4
CAND07734,SK0124,5
CAND00581,SK0092,1
CAND10822,SK0278,5
CAND07623,SK0169,5
CAND03517,SK0149,1
CAND13804,SK0140,4
CAND09778,SK0118,3
CAND14978,SK0080,3
CAND00948,SK0255,5
CAND10365,SK0214,4
CAND04756,SK0085,3
CAND09668,SK0147,1
CAND05536,SK0083,2
CAND14347,SK0286,2
CAND10605,SK0159,5
CAND11934,SK0234,5
CAND09486,SK0021,2
CAND03210,SK0188,2
CAND01855,SK0197,1
CAND06486,SK0215,3
CAND00855,SK0072,4
CAND13035,SK0006,5
CAND09208,SK0237,3
CAND04737,SK0271,2
CAND14373,SK0180,4
CAND14091,SK0294,5
CAND12507,SK0019,4
CAND11289,SK0124,3
CAND05387,SK0005,5
CAND12037,SK0189,3
CAND13089,SK0138,3
CAND03134,SK0113,2
CAND02227,SK0025,5
CAND03239,SK0028,4
CAND13724,SK0255,5
CAND07721,SK0033,3
CAND01820,SK0272,2
CAND04374,SK0153,2
CAND00742,SK0107,4
CAND02548,SK0122,1
CAND14488,SK0297,4
CAND09140,SK0191,3
CAND03623,SK0253,5
CAND02586,SK0181,4
CAND03569,SK0075,1
CAND00831,SK0023,1
CAND00562,SK0025,5
CAND14828,SK0165,5
CAND05041,SK0090,4
CAND09862,SK0117,5
CAND02930,SK0054,1
CAND06354,SK0027,2
CAND06133,SK0003,5
CAND05731,SK0166,3
CAND09732,SK0019,1
CAND03110,SK0298,5
CAND05982,SK0209,5
CAND10400,SK0115,3
CAND03635,SK0117,3
CAND13785,SK0240,4
CAND13975,SK0090,1
CAND01533,SK0194,4
CAND05369,SK0133,1
CAND02121,SK0031,3
CAND09306,SK0270,1
CAND04224,SK0055,2
CAND05820,SK0287,4
CAND02764,SK0173,1
CAND02896,SK0049,1
CAND02230,SK0233,2
CAND07071,SK0103,5
CAND09342,SK0180,1
CAND11240,SK0149,2
CAND13131,SK0149,2
CAND03786,SK0234,1
CAND00274,SK0248,2
CAND08752,SK0087,5
CAND11649,SK0192,3
CAND03991,SK0284,1
CAND04215,SK0211,3
CAND11467,SK0094,5
CAND08101,SK0026,4
CAND14666,SK0176,5
CAND00358,SK0089,2
CAND11769,SK0216,2
CAND02698,SK0067,1
CAND07562,SK0207,4
CAND03469,SK0120,5
CAND06671,SK0161,3
CAND05158,SK0173,1
CAND00188,SK0199,2
CAND00790,SK0269,4
CAND04870,SK0157,2
CAND03415,SK0236,1
CAND11647,SK0092,5
CAND13786,SK0067,1
CAND03219,SK0052,2
CAND10578,SK0094,1
CAND07257,SK0057,4
CAND04640,SK0247,1
CAND07796,SK0039,1
CAND12415,SK0137,1
CAND13497,SK0017,4
CAND12956,SK0074,3
CAND07722,SK0293,5
CAND05223,SK0248,1
CAND07799,SK0021,1
CAND05263,SK0181,4
CAND02050,SK0058,1
CAND00465,SK0207,4
CAND09167,SK0186,5
CAND10659,SK0188,5
CAND09524,SK0284,2
CAND02866,SK0020,1
CAND02345,SK0260,2
CAND08260,SK0005,2
CAND02415,SK0131,2
CAND12525,SK0115,2
CAND06943,SK0051,2
CAND10341,SK0235,5
CAND03859,SK0223,4
CAND07810,SK0279,1
CAND04062,SK0066,1
CAND00117,SK0242,3
CAND14385,SK0129,1
CAND01876,SK0034,2
CAND13273,SK0277,5
CAND05159,SK0026,4
CAND01526,SK0236,4
CAND09699,SK0099,4
CAND09363,SK0205,5
CAND11129,SK0173,3
CAND13469,SK0249,1
CAND02704,SK0001,1
CAND04455,SK0278,5
CAND14396,SK0243,4
CAND09059,SK0162,1
CAND02740,SK0142,2
CAND03533,SK0022,3
CAND03238,SK0202,4
CAND04172,SK0214,4
CAND13529,SK0003,3
CAND09555,SK0005,2
CAND00826,SK0058,1
CAND04695,SK0064,5
CAND04991,SK0216,5
CAND05566,SK0141,5
CAND07983,SK0235,5
CAND00294,SK0055,2
CAND08454,SK0132,5
CAND10942,SK0271,3
CAND00064,SK0069,2
CAND05899,SK0253,3
CAND13761,SK0170,2
CAND07920,SK0089,5
CAND11826,SK0025,1
CAND04185,SK0086,2
CAND00266,SK0167,1
CAND14618,SK0240,3
CAND02196,SK0054,1
CAND12134,SK0137,3
CAND05693,SK0107,2
CAND13454,SK0200,5
CAND05372,SK0062,3
CAND03128,SK0285,4
CAND11236,SK0056,5
CAND06860,SK0259,2
CAND13298,SK0140,5
CAND08979,SK0004,4
CAND02182,SK0262,1
CAND11449,SK0002,4
CAND08603,SK0092,2
CAND13881,SK0158,5
CAND11594,SK0060,1
CAND12073,SK0179,2
CAND04762,SK0111,4
CAND00976,SK0278,4
CAND00308,SK0172,2
CAND06326,SK0047,4
CAND06991,SK0048,1
CAND01010,SK0100,5
CAND10094,SK0160,4
CAND01867,SK0199,5
CAND12475,SK0278,3
CAND13394,SK0259,2
CAND11237,SK0073,2
CAND13829,SK0266,2
CAND08309,SK0151,2
CAND02761,SK0201,1
CAND10491,SK0085,5
CAND09647,SK0294,1
CAND12208,SK0133,5
CAND14628,SK0037,2
CAND05047,SK0247,4
CAND08440,SK0088,2
CAND05946,SK0063,1
CAND12761,SK0114,4
CAND06575,SK0099,1
CAND08553,SK0272,5
CAND11113,SK0196,2
CAND03882,SK0102,4
CAND11506,SK0092,5
CAND10603,SK0053,2
CAND09146,SK0267,3
CAND13056,SK0257,3
CAND02608,SK0239,2
CAND14823,SK0166,4
CAND10031,SK0026,5
CAND06117,SK0228,2
CAND04816,SK0132,5
CAND06846,SK0047,3
CAND05536,SK0014,5
CAND00708,SK0145,3
CAND11963,SK0170,5
CAND07159,SK0168,2
CAND09581,SK0088,4
CAND11696,SK0032,1
CAND08275,SK0145,5
CAND08940,SK0296,2
CAND09444,SK0132,4
CAND06964,SK0127,5
CAND05228,SK0262,2
CAND02647,SK0272,4
CAND03430,SK0280,4
CAND06124,SK0222,2
CAND08800,SK0232,5
CAND11499,SK0227,4
CAND13666,SK0126,4
CAND06882,SK0064,5
CAND12382,SK0057,1
CAND12978,SK0043,3
CAND04842,SK0077,5
CAND06038,SK0107,5
CAND14711,SK0153,5
CAND11541,SK0178,5
CAND14408,SK0143,3
CAND12060,SK0252,2
CAND01169,SK0123,5
CAND13195,SK0074,1
CAND11031,SK0087,5
CAND00040,SK0029,1
CAND08665,SK0260,2
CAND10391,SK0269,3
CAND06962,SK0237,2
CAND03102,SK0096,2
CAND09930,SK0048,2
CAND10815,SK0003,1
CAND13878,SK0032,5
CAND03484,SK0061,1
CAND01433,SK0019,2
CAND10055,SK0180,2
CAND12181,SK0276,1
CAND10637,SK0055,5
CAND06363,SK0171,4
CAND12249,SK0120,1
CAND00412,SK0038,5
CAND12286,SK0258,3
CAND07630,SK0125,5
CAND11293,SK0171,3
CAND09979,SK0210,4
CAND08890,SK0058,3
CAND10538,SK0186,3
CAND09248,SK0148,3
CAND00454,SK0073,3
CAND10010,SK0094,5
CAND03074,SK0218,4
CAND08257,SK0182,3
CAND11636,SK0037,4
CAND04668,SK0231,1
CAND12556,SK0165,2
CAND07469,SK0164,4
CAND02694,SK0239,4
CAND07521,SK0171,3
CAND05972,SK0197,1
CAND12414,SK0139,1
CAND14037,SK0250,3
CAND02834,SK0183,1
CAND07485,SK0055,3
CAND01909,SK0282,1
CAND12515,SK0137,5
CAND00234,SK0111,4
CAND01305,SK0038,4
CAND04625,SK0269,3
CAND02195,SK0060,1
CAND09721,SK0132,1
CAND10202,SK0086,2
CAND05739,SK0101,4
CAND02626,SK0204,5
CAND10812,SK0188,3
CAND11368,SK0023,2
CAND03307,SK0272,5
CAND13757,SK0234,1
CAND13561,SK0064,4
CAND01942,SK0291,1
CAND04371,SK0286,4
CAND07026,SK0172,3
CAND06899,SK0111,4
CAND11517,SK0093,5
CAND14138,SK0272,1
CAND10171,SK0085,4
CAND07337,SK0105,1
CAND12050,SK0076,5
CAND07650,SK0242,4
CAND11075,SK0159,3
CAND10396,SK0276,5
CAND13585,SK0163,2
CAND13342,SK0210,5
CAND01577,SK0267,4
CAND13448,SK0021,3
CAND04549,SK0114,5
CAND11337,SK0100,1
CAND09784,SK0185,1
CAND07677,SK0208,5
CAND04629,SK0024,2
CAND11661,SK0296,4
CAND10061,SK0131,4
CAND05245,SK0271,5
CAND08229,SK0091,1
CAND09182,SK0180,1
CAND11985,SK0261,4
CAND02380,SK0041,5
CAND03966,SK0063,4
CAND06778,SK0220,3
CAND05226,SK0021,4
CAND10714,SK0068,4
CAND05095,SK0050,5
CAND02506,SK0010,4
CAND04460,SK0115,4
CAND07214,SK0112,4
CAND09187,SK0267,1
CAND03428,SK0102,2
CAND01359,SK0076,2
CAND14007,SK0049,3
CAND14128,SK0136,4
CAND03358,SK0020,2
CAND14395,SK0260,1
CAND03918,SK0125,3
CAND08850,SK0175,2
CAND13092,SK0219,4
CAND02140,SK0136,4
CAND10700,SK0227,3
CAND11356,SK0008,5
CAND08599,SK0148,3
CAND01834,SK0237,5
CAND02999,SK0188,5
CAND03885,SK0297,2
CAND02963,SK0156,2
CAND14721,SK0194,3
CAND07905,SK0154,1
CAND11796,SK0140,1
CAND00107,SK0081,2
CAND09841,SK0115,1
CAND05465,SK0296,1
CAND05578,SK0134,4
CAND07472,SK0282,1
CAND13294,SK0002,2
CAND11844,SK0267,4
CAND07993,SK0218,1
CAND06859,SK0049,1
CAND01118,SK0184,5
CAND04789,SK0196,3
CAND12548,SK0184,5
CAND04266,SK0089,4
CAND02443,SK0124,5
CAND13706,SK0111,3
CAND08734,SK0103,1
CAND04179,SK0171,4
CAND12762,SK0140,1
CAND01190,SK0285,2
CAND08133,SK0034,4
CAND14405,SK0122,4
CAND06856,SK0101,1
CAND00691,SK0181,2
CAND08357,SK0224,2
CAND08599,SK0228,4
CAND10741,SK0220,1
CAND05164,SK0047,1
CAND06160,SK0122,2
CAND14528,SK0002,2
CAND00033,SK0298,4
CAND11683,SK0190,5
CAND09437,SK0136,5
CAND13856,SK0041,5
CAND02071,SK0059,5
CAND10272,SK0090,5
CAND01308,SK0102,1
CAND07939,SK0072,3
CAND04865,SK0190,4
CAND01468,SK0019,5
CAND06755,SK0041,4
CAND04922,SK0034,2
CAND13266,SK0245,4
CAND00426,SK0038,2
CAND08043,SK0266,1
CAND02107,SK0105,5
CAND07906,SK0032,5
CAND03692,SK0250,5
CAND05951,SK0166,4
CAND01188,SK0196,4
CAND09459,SK0253,2
CAND00179,SK0055,2
CAND08930,SK0300,1
CAND08976,SK0027,1
CAND00901,SK0168,3
CAND14704,SK0226,4
CAND12376,SK0078,1
CAND08193,SK0256,2
CAND04981,SK0059,2
CAND06498,SK0082,2
CAND00735,SK0082,4
CAND11137,SK0172,3
CAND14830,SK0127,1
CAND09979,SK0118,4
CAND01115,SK0287,5
CAND11344,SK0116,4
CAND02908,SK0250,2
CAND04231,SK0113,4
CAND13563,SK0101,5
CAND02247,SK0277,2
CAND10838,SK0197,3
CAND11616,SK0112,1
CAND14204,SK0122,3
CAND10474,SK0294,1
CAND08390,SK0110,3
CAND00576,SK0035,4
CAND03324,SK0291,2
CAND14752,SK0168,3
CAND03725,SK0100,2
CAND02274,SK0245,5
CAND11621,SK0053,4
CAND14008,SK0214,1
CAND10833,SK0251,2
CAND03731,SK0009,3
CAND03382,SK0085,2
CAND05697,SK0034,2
CAND10693,SK0037,1
CAND14787,SK0057,2
CAND04109,SK0219,5
CAND05105,SK0003,5
CAND06088,SK0081,1
CAND02240,SK0095,4
CAND03884,SK0197,1
CAND10309,SK0069,4
CAND09512,SK0254,4
CAND14803,SK0185,1
CAND08811,SK0218,4
CAND11287,SK0144,2
CAND04988,SK0099,4
CAND14538,SK0285,5
CAND00901,SK0108,2
CAND12840,SK0294,3
CAND06072,SK0051,4
CAND01405,SK0082,1
CAND04631,SK0219,4
CAND13093,SK0141,4
CAND07472,SK0220,5
CAND07948,SK0277,1
CAND14916,SK0184,1
CAND07665,SK0221,2
CAND03422,SK0020,2
CAND13844,SK0203,3
CAND12157,SK0300,4
CAND03998,SK0255,1
CAND02593,SK0146,1
CAND03162,SK0285,3
CAND08629,SK0027,5
CAND06399,SK0082,2
CAND12588,SK0294,4
CAND03044,SK0110,4
CAND06259,SK0271,1
CAND06087,SK0069,2
CAND00548,SK0021,5
CAND02401,SK0001,3
CAND12403,SK0055,3
CAND02930,SK0048,3
CAND10488,SK0130,5
CAND05440,SK0298,4
CAND04811,SK0228,5
CAND10759,SK0223,4
CAND09907,SK0045,5
CAND14053,SK0161,4
CAND03903,SK0071,1
CAND03994,SK0059,3
CAND06883,SK0130,1
CAND07953,SK0049,5
CAND12827,SK0118,4
CAND06368,SK0065,1
CAND09951,SK0271,2
CAND06461,SK0104,2
CAND01209,SK0049,3
CAND01264,SK0291,5
CAND02639,SK0278,1
CAND09263,SK0089,2
CAND02035,SK0206,2
CAND08567,SK0295,1
CAND10807,SK0168,2
CAND07813,SK0047,5
CAND06562,SK0100,2
CAND05825,SK0098,1
CAND06622,SK0064,5
CAND09426,SK0157,3
CAND01836,SK0132,4
CAND04005,SK0068,2
CAND05515,SK0115,4
CAND09044,SK0185,1
CAND01792,SK0056,2
CAND13881,SK0204,1
CAND13606,SK0037,4
CAND09468,SK0228,3
CAND08124,SK0180,2
CAND04033,SK0037,1
CAND12484,SK0169,2
CAND03302,SK0011,2
CAND01525,SK0042,4
CAND06676,SK0198,3
CAND07974,SK0153,3
CAND13187,SK0277,5
CAND14023,SK0043,2
CAND06392,SK0097,4
CAND01524,SK0043,5
CAND03723,SK0037,4
CAND09999,SK0134,4
CAND06343,SK0243,2
CAND02347,SK0020,3
CAND14442,SK0043,1
CAND05899,SK0139,5
CAND06722,SK0120,3
CAND00878,SK0265,4
CAND11457,SK0204,2
CAND02959,SK0060,4
CAND03026,SK0208,5
CAND00952,SK0178,3
CAND03987,SK0059,5
CAND11729,SK0180,2
CAND08436,SK0259,5
CAND13733,SK0074,5
CAND05195,SK0053,4
CAND00021,SK0059,1
CAND03809,SK0293,3
CAND08133,SK0236,4
CAND01507,SK0162,5
CAND02127,SK0234,1
CAND00528,SK0081,1
CAND08140,SK0261,2
CAND13494,SK0085,1
CAND10589,SK0080,4
CAND05995,SK0269,5
CAND05734,SK0053,3
CAND14412,SK0212,2
CAND01257,SK0216,4
CAND08149,SK0025,3
CAND02096,SK0232,4
CAND11087,SK0052,5
CAND14877,SK0049,3
CAND01145,SK0188,2
CAND00571,SK0023,4
CAND05769,SK0120,4
CAND07064,SK0143,5
CAND03268,SK0183,5
CAND08882,SK0183,1
CAND03419,SK0055,1
CAND06844,SK0005,1
CAND01489,SK0003,5
CAND08130,SK0114,3
CAND04773,SK0034,3
CAND13798,SK0286,4
CAND09515,SK0180,2
CAND04543,SK0109,4
CAND08885,SK0254,5
CAND01579,SK0087,1
CAND03320,SK0090,2
CAND05488,SK0109,3
CAND09767,SK0093,5
CAND07315,SK0131,2
CAND02636,SK0101,2
CAND00774,SK0245,4
CAND06610,SK0269,2
CAND11101,SK0008,5
CAND14514,SK0002,3
CAND12003,SK0100,2
CAND11229,SK0282,2
CAND02784,SK0111,3
CAND01855,SK0040,2
CAND09339,SK0067,2
CAND09783,SK0208,5
CAND07734,SK0045,5
CAND12927,SK0072,4
CAND12909,SK0001,2
CAND09641,SK0088,1
CAND12427,SK0105,4
CAND00585,SK0213,1
CAND11279,SK0039,1
CAND03349,SK0235,4
CAND10690,SK0120,5
CAND14746,SK0006,4
CAND00877,SK0298,4
CAND07875,SK0044,1
CAND02029,SK0204,3
CAND10542,SK0072,4
CAND09154,SK0233,3
CAND01765,SK0102,1
CAND14073,SK0007,5
CAND07461,SK0175,1
CAND07963,SK0243,3
CAND08887,SK0273,1
CAND08789,SK0251,1
CAND05000,SK0264,4
CAND13515,SK0148,4
CAND06853,SK0004,1
CAND00932,SK0075,1
CAND00826,SK0010,5
CAND09017,SK0073,4
CAND07526,SK0290,5
CAND11411,SK0066,1
CAND14523,SK0263,1
CAND04482,SK0111,4
CAND04561,SK0138,2
CAND10544,SK0069,1
CAND14122,SK0214,1
CAND10865,SK0172,3
CAND04825,SK0207,2
CAND08035,SK0095,5
CAND11368,SK0088,3
CAND10958,SK0037,1
CAND04717,SK0191,5
CAND05392,SK0064,2
CAND10661,SK0174,4
CAND01549,SK0223,1
CAND00275,SK0287,4
CAND05925,SK0280,1
CAND00449,SK0227,3
CAND09523,SK0062,4
CAND03191,SK0094,1
CAND08982,SK0272,3
CAND09078,SK0191,1
CAND04256,SK0256,1
CAND03441,SK0298,3
CAND05163,SK0076,1
CAND03779,SK0246,1
CAND09482,SK0288,3
CAND12802,SK0005,5
CAND07842,SK0191,4
CAND07650,SK0130,1
CAND10116,SK0078,2
CAND09067,SK0202,5
CAND11379,SK0277,3
CAND04684,SK0210,1
CAND14910,SK0143,4
CAND08324,SK0198,1
CAND14533,SK0120,2
CAND09670,SK0260,3
CAND08581,SK0083,2
CAND00744,SK0022,2
CAND03490,SK0180,4
CAND13552,SK0068,3
CAND01817,SK0066,3
CAND02669,SK0157,1
CAND05614,SK0040,3
CAND12631,SK0122,3
CAND00369,SK0071,3
CAND13630,SK0083,3
CAND00671,SK0009,4
CAND14373,SK0113,2
CAND00498,SK0092,3
CAND12594,SK0100,3
CAND10758,SK0223,3
CAND13687,SK0048,1
CAND13601,SK0202,4
CAND01305,SK0237,4
CAND05779,SK0169,4
CAND01168,SK0248,3
CAND00210,SK0126,1
CAND11791,SK0109,2
CAND09622,SK0232,4
CAND13323,SK0288,1
CAND13532,SK0170,5
CAND13946,SK0222,1
CAND07118,SK0082,1
CAND11514,SK0150,2
CAND13269,SK0184,2
CAND01735,SK0080,1
CAND03981,SK0076,2
CAND12622,SK0078,3
CAND14986,SK0208,4
CAND07962,SK0048,4
CAND05107,SK0173,3
CAND00855,SK0239,4
CAND14565,SK0037,1
CAND00340,SK0172,3
CAND03668,SK0010,5
CAND08295,SK0112,5
CAND09699,SK0024,5
CAND02865,SK0066,5
CAND08839,SK0201,1
CAND00934,SK0150,2
CAND00371,SK0208,2
CAND10143,SK0237,1
CAND11594,SK0256,1
CAND07946,SK0050,1
CAND12759,SK0064,5
CAND12820,SK0114,1
CAND08420,SK0202,4
CAND10314,SK0174,3
CAND04009,SK0016,5
CAND00270,SK0123,4
CAND06472,SK0244,4
CAND13680,SK0039,3
CAND11512,SK0027,4
CAND06797,SK0149,2
CAND11802,SK0123,1
CAND03902,SK0300,1
CAND14687,SK0002,3
CAND07299,SK0162,1
CAND01404,SK0071,2
CAND04636,SK0012,1
CAND05799,SK0169,3
CAND06286,SK0105,4
CAND03331,SK0246,4
CAND06336,SK0019,3
CAND09355,SK0299,3
CAND12167,SK0161,3
CAND05518,SK0180,2
CAND13255,SK0026,1
CAND02246,SK0074,1
CAND13771,SK0244,5
CAND01394,SK0013,3
CAND04444,SK0079,3
CAND09339,SK0285,2
CAND09520,SK0010,4
CAND14714,SK0182,4
CAND14757,SK0134,1
CAND10938,SK0235,2
CAND09907,SK0197,4
CAND12300,SK0036,2
CAND02623,SK0089,3
CAND02393,SK0131,2
CAND13324,SK0279,2
CAND03934,SK0108,5
CAND10617,SK0117,3
CAND14681,SK0253,2
CAND14591,SK0177,2
CAND13150,SK0054,2
CAND02250,SK0256,4
CAND01470,SK0028,2
CAND06525,SK0193,3
CAND11077,SK0242,5
CAND07919,SK0002,3
CAND01709,SK0041,5
CAND07689,SK0153,5
CAND00137,SK0073,2
CAND08476,SK0266,5
CAND02448,SK0202,2
CAND07301,SK0258,2
CAND11151,SK0033,5
CAND05821,SK0216,2
CAND04791,SK0076,1
CAND11537,SK0244,1
CAND08301,SK0110,1
CAND01389,SK0282,1
CAND03349,SK0048,4
CAND03225,SK0148,3
CAND03059,SK0008,2
CAND05732,SK0266,3
CAND10466,SK0051,1
CAND01251,SK0183,4
CAND11302,SK0075,2
CAND11239,SK0300,4
CAND11901,SK0163,3
CAND00666,SK0162,2
CAND05132,SK0179,4
CAND01316,SK0031,1
CAND07922,SK0143,3
CAND06325,SK0106,2
CAND07104,SK0073,1
CAND04199,SK0241,1
CAND03948,SK0294,5
CAND01503,SK0242,1
CAND07764,SK0174,2
CAND10003,SK0057,5
CAND08111,SK0175,5
CAND10571,SK0034,2
CAND10629,SK0083,3
CAND08412,SK0214,3
CAND14095,SK0137,3
CAND09935,SK0090,2
CAND06908,SK0044,2
CAND00718,SK0085,5
CAND11987,SK0088,2
CAND10958,SK0086,5
CAND08025,SK0129,3
CAND03411,SK0207,3
CAND09470,SK0195,2
CAND11938,SK0197,5
CAND05845,SK0241,1
CAND01720,SK0267,1
CAND13199,SK0080,4
CAND03495,SK0077,4
CAND13747,SK0251,5
CAND04883,SK0198,4
CAND13245,SK0262,2
CAND13524,SK0178,4
CAND02708,SK0020,2
CAND14581,SK0074,4
CAND09769,SK0153,2
CAND09573,SK0292,2
CAND00852,SK0006,4
CAND01217,SK0195,3
CAND14075,SK0241,4
CAND10418,SK0123,1
CAND13013,SK0294,4
CAND10299,SK0240,3
CAND00518,SK0210,2
CAND02860,SK0250,1
CAND02674,SK0237,1
CAND03103,SK0155,5
CAND10609,SK0130,5
CAND00081,SK0243,3
CAND05469,SK0149,2
CAND09816,SK0136,5
CAND00418,SK0182,3
CAND00633,SK0239,2
CAND08815,SK0109,4
CAND14636,SK0049,2
CAND03186,SK0005,5
CAND01658,SK0283,5
CAND07849,SK0236,5
CAND14642,SK0008,1
CAND10009,SK0288,4
CAND06086,SK0014,3
CAND09826,SK0060,3
CAND07386,SK0149,5
CAND13427,SK0008,2
CAND07037,SK0121,3
CAND01765,SK0182,5
CAND02999,SK0187,2
CAND09819,SK0259,4
CAND05374,SK0108,5
CAND02119,SK0199,2
CAND14986,SK0108,5
CAND02958,SK0220,2
CAND05781,SK0109,2
CAND07176,SK0233,4
CAND01963,SK0215,1
CAND12660,SK0162,4
CAND09732,SK0158,3
CAND11452,SK0225,1
CAND07632,SK0188,5
CAND04549,SK0122,5
CAND06093,SK0282,5
CAND12280,SK0037,3
CAND12218,SK0156,4
CAND11251,SK0045,4
CAND11668,SK0184,5
CAND02477,SK0021,4
CAND06230,SK0042,4
CAND04968,SK0118,1
CAND00145,SK0108,4
CAND13925,SK0113,3
CAND03101,SK0208,2
CAND03599,SK0086,4
CAND04023,SK0210,1
CAND14536,SK0013,3
CAND07010,SK0026,1
CAND00240,SK0187,1
CAND07479,SK0173,3
CAND10424,SK0243,3
CAND08180,SK0133,1
CAND12769,SK0069,5
CAND12267,SK0133,1
CAND01936,SK0110,4
CAND01011,SK0139,1
CAND11866,SK0217,1
CAND03456,SK0124,3
CAND11878,SK0047,3
CAND03162,SK0039,5
CAND04439,SK0030,3
CAND08291,SK0097,3
CAND01243,SK0042,3
CAND13245,SK0086,2
CAND04800,SK0219,1
CAND05553,SK0090,5
CAND13270,SK0256,4
CAND04773,SK0093,1
CAND09722,SK0053,5
CAND05873,SK0247,4
CAND12571,SK0232,5
CAND06242,SK0225,4
CAND13785,SK0256,5
CAND12935,SK0215,2
CAND04094,SK0267,5
CAND05513,SK0273,4
CAND01319,SK0285,3
CAND04787,SK0229,1
CAND01245,SK0220,2
CAND06417,SK0281,4
CAND14524,SK0174,3
CAND14696,SK0118,1
CAND02578,SK0237,4
CAND08605,SK0063,2
CAND11937,SK0008,2
CAND01779,SK0282,5
CAND08252,SK0247,2
CAND12655,SK0028,2
CAND08452,SK0140,1
CAND08565,SK0167,2
CAND09876,SK0273,2
CAND07903,SK0173,3
CAND11074,SK0094,1
CAND14735,SK0031,2
CAND10127,SK0228,5
CAND12649,SK0219,2
CAND00159,SK0272,3
CAND00479,SK0292,2
CAND09545,SK0154,3
CAND10739,SK0190,5
CAND01281,SK0201,2
CAND14580,SK0258,3
CAND08332,SK0176,2
CAND08704,SK0206,2
CAND12376,SK0025,3
CAND13575,SK0226,4
CAND01820,SK0292,2
CAND00444,SK0048,2
CAND00961,SK0246,3
CAND10898,SK0229,1
CAND09349,SK0116,1
CAND12270,SK0003,3
CAND06779,SK0240,1
CAND06554,SK0066,2
CAND08091,SK0001,1
CAND14000,SK0162,4
CAND07133,SK0161,1
CAND04516,SK0141,2
CAND02435,SK0040,2
CAND06850,SK0146,3
CAND10906,SK0059,3
CAND12953,SK0198,4
CAND10852,SK0242,4
CAND05952,SK0191,2
CAND05174,SK0025,1
CAND04655,SK0067,4
CAND14516,SK0053,4
CAND02642,SK0091,3
CAND10415,SK0219,3
CAND10863,SK0162,3
CAND05281,SK0236,1
CAND09198,SK0161,5
CAND01672,SK0104,1
CAND09979,SK0055,2
CAND04081,SK0181,1
CAND08941,SK0204,3
CAND08036,SK0293,3
CAND06296,SK0161,4
CAND12127,SK0012,1
CAND02265,SK0018,5
CAND05243,SK0268,3
CAND09696,SK0268,3
CAND12144,SK0271,5
CAND05301,SK0095,3
CAND05222,SK0068,1
CAND01890,SK0138,4
CAND11876,SK0213,5
CAND04997,SK0247,5
CAND10108,SK0229,2
CAND12208,SK0047,5
CAND03094,SK0244,5
CAND06362,SK0020,4
CAND06584,SK0022,5
CAND09939,SK0119,3
CAND11363,SK0090,1
CAND06156,SK0220,1
CAND07170,SK0252,3
CAND11508,SK0179,3
CAND05471,SK0079,2
CAND00603,SK0295,2
CAND12542,SK0131,4
CAND11693,SK0107,5
CAND05239,SK0057,1
CAND06643,SK0044,1
CAND01506,SK0280,4
CAND03553,SK0236,5
CAND08021,SK0140,2
CAND13468,SK0020,1
CAND06541,SK0171,2
CAND13588,SK0040,3
CAND05148,SK0248,4
CAND07283,SK0144,2
CAND08358,SK0141,3
CAND11809,SK0267,3
CAND06310,SK0222,1
CAND05986,SK0140,3
CAND07383,SK0291,4
CAND09735,SK0259,1
CAND02998,SK0155,4
CAND12292,SK0062,1
CAND08430,SK0220,2
CAND14778,SK0133,5
CAND07241,SK0151,2
CAND13293,SK0297,2
CAND09433,SK0217,1
CAND09754,SK0031,1
CAND13990,SK0115,4
CAND13898,SK0053,5
CAND13706,SK0173,5
CAND14010,SK0046,4
CAND05467,SK0148,1
CAND05374,SK0265,5
CAND00068,SK0134,1
CAND14407,SK0268,5
CAND11362,SK0274,3
CAND10210,SK0275,5
CAND05069,SK0022,3
CAND01916,SK0030,2
CAND06219,SK0077,1
CAND11462,SK0055,3
CAND06518,SK0036,2
CAND09342,SK0299,3
CAND09481,SK0206,2
CAND07701,SK0117,4
CAND02226,SK0052,1
CAND09102,SK0200,4
CAND03467,SK0278,4
CAND09798,SK0273,5
CAND05272,SK0188,2
CAND12366,SK0124,4
CAND13516,SK0297,1
CAND13554,SK0178,3
CAND14876,SK0117,5
CAND12959,SK0206,1
CAND02512,SK0138,3
CAND07027,SK0028,2
CAND02230,SK0043,3
CAND13229,SK0050,1
CAND07715,SK0219,4
CAND13253,SK0279,5
CAND02659,SK0149,3
CAND10525,SK0068,3
CAND05091,SK0005,2
CAND06883,SK0046,3
CAND00915,SK0286,4
CAND00244,SK0067,2
CAND13651,SK0068,3
CAND13150,SK0263,2
CAND12201,SK0155,4
CAND06710,SK0188,2
CAND02040,SK0228,2
CAND02231,SK0224,5
CAND08328,SK0065,5
CAND01273,SK0270,5
CAND08510,SK0284,4
CAND13900,SK0287,5
CAND05192,SK0007,1
CAND08312,SK0234,1
CAND13075,SK0242,5
CAND13936,SK0217,4
CAND12843,SK0153,3
CAND08477,SK0031,4
CAND10396,SK0071,2
CAND09591,SK0227,4
CAND02791,SK0278,3
CAND03154,SK0211,2
CAND10587,SK0083,2
CAND00933,SK0071,3
CAND13129,SK0084,4
CAND04438,SK0042,5
CAND09918,SK0176,4
CAND11622,SK0133,2
CAND14579,SK0028,3
CAND02030,SK0078,5
CAND05066,SK0106,5
CAND00002,SK0069,5
CAND03959,SK0023,2
CAND00860,SK0181,1
CAND10095,SK0292,2
CAND05706,SK0223,5
CAND13526,SK0013,2
CAND12218,SK0276,1
CAND05930,SK0204,2
CAND09515,SK0299,3
CAND02016,SK0084,3
CAND04077,SK0054,4
CAND09764,SK0273,2
CAND00536,SK0028,3
CAND04608,SK0260,2
CAND09850,SK0065,3
CAND05478,SK0047,5
CAND12124,SK0063,2
CAND08920,SK0104,2
CAND00145,SK0111,2
CAND11401,SK0133,4
CAND08823,SK0295,4
CAND05398,SK0053,1
CAND01938,SK0217,4
CAND00684,SK0164,5
CAND03286,SK0200,4
CAND02729,SK0037,4
CAND09082,SK0048,5
CAND04442,SK0280,1
CAND03182,SK0227,4
CAND14680,SK0143,1
CAND02830,SK0159,5
CAND07759,SK0280,4
CAND03211,SK0278,3
CAND05554,SK0005,5
CAND14384,SK0151,4
CAND14901,SK0284,2
CAND12065,SK0141,3
CAND06917,SK0072,3
CAND03749,SK0292,5
CAND00288,SK0192,2
CAND14903,SK0187,2
CAND00141,SK0137,5
CAND02951,SK0191,4
CAND03945,SK0194,4
CAND05340,SK0074,5
CAND05863,SK0222,2
CAND10097,SK0120,2
CAND09105,SK0035,5
CAND00994,SK0201,1
CAND08745,SK0100,2
CAND12637,SK0178,4
CAND10422,SK0075,2
CAND00981,SK0286,5
CAND01169,SK0126,3
CAND04594,SK0185,1
CAND04071,SK0148,4
CAND03985,SK0088,5
CAND05391,SK0233,5
CAND14631,SK0049,5
CAND03981,SK0093,4
CAND05710,SK0092,5
CAND11267,SK0039,4
CAND11686,SK0132,4
CAND04666,SK0235,5
CAND11907,SK0050,3
CAND14564,SK0204,4
CAND03056,SK0093,1
CAND01543,SK0224,3
CAND01804,SK0227,3
CAND09316,SK0029,3
CAND03037,SK0108,5
CAND10971,SK0114,5
CAND02112,SK0190,3
CAND09292,SK0050,5
CAND14474,SK0085,3
CAND11049,SK0084,5
CAND04204,SK0163,2
CAND14093,SK0018,4
CAND05600,SK0028,5
CAND02926,SK0105,4
CAND14126,SK0131,4
CAND14325,SK0060,4
CAND07475,SK0203,3
CAND05801,SK0124,3
CAND12551,SK0051,1
CAND06830,SK0061,2
CAND00519,SK0133,3
CAND04896,SK0096,1
CAND05198,SK0283,3
CAND03559,SK0128,5
CAND05777,SK0120,1
CAND00804,SK0143,4
CAND11632,SK0110,2
CAND08667,SK0210,4
CAND12720,SK0218,4
CAND02617,SK0120,4
CAND03922,SK0043,2
CAND00756,SK0026,4
CAND11697,SK0151,4
CAND04830,SK0229,1
CAND03679,SK0212,3
CAND04789,SK0123,5
CAND01771,SK0229,1
CAND07577,SK0038,1
CAND09721,SK0211,2
CAND13420,SK0007,5
CAND11865,SK0002,5
CAND11586,SK0066,2
CAND04120,SK0278,4
CAND03007,SK0248,5
CAND09938,SK0239,5
CAND08620,SK0252,2
CAND08077,SK0075,5
CAND04889,SK0104,5
CAND07864,SK0183,2
CAND00095,SK0162,4
CAND11486,SK0057,5
CAND02992,SK0201,5
CAND01014,SK0118,3
CAND00668,SK0047,4
CAND12540,SK0012,5
CAND14154,SK0174,5
CAND14596,SK0196,4
CAND07355,SK0240,2
CAND14830,SK0253,4
CAND08131,SK0174,1
CAND14376,SK0196,5
CAND01015,SK0163,1
CAND13680,SK0230,1
CAND08585,SK0143,2
CAND04177,SK0083,2
CAND10859,SK0022,3
CAND00224,SK0102,3
CAND10268,SK0022,1
CAND05855,SK0223,1
CAND00878,SK0273,3
CAND07908,SK0247,5
CAND07275,SK0038,4
CAND13275,SK0211,1
CAND04223,SK0003,2
CAND07312,SK0259,2
CAND00594,SK0060,4
CAND00332,SK0027,4
CAND08167,SK0023,1
CAND03002,SK0212,5
CAND12796,SK0061,4
CAND00625,SK0239,1
CAND04296,SK0142,2
CAND01589,SK0018,2
CAND03667,SK0006,1
CAND12734,SK0168,2
CAND03921,SK0171,5
CAND13973,SK0225,3
CAND06877,SK0233,5
CAND09108,SK0032,3
CAND10397,SK0281,3
CAND07670,SK0204,2
CAND14827,SK0042,4
CAND10688,SK0244,4
CAND08220,SK0214,4
CAND06594,SK0141,1
CAND09575,SK0300,3
CAND01398,SK0097,1
CAND07285,SK0257,4
CAND09095,SK0119,2
CAND11063,SK0046,4
CAND01854,SK0121,3
CAND07377,SK0067,5
CAND09644,SK0033,2
CAND09214,SK0106,2
CAND06693,SK0116,4
CAND04758,SK0145,1
CAND07657,SK0266,4
CAND12183,SK0009,1
CAND13491,SK0285,1
CAND10922,SK0251,3
CAND07588,SK0254,5
CAND04156,SK0293,2
CAND13067,SK0227,3
CAND08890,SK0265,1
CAND04966,SK0268,2
CAND06133,SK0256,3
CAND12216,SK0114,2
CAND00841,SK0192,5
CAND14353,SK0095,3
CAND11385,SK0171,5
CAND07879,SK0273,5
CAND06944,SK0096,2
CAND02967,SK0226,3
CAND13376,SK0064,2
CAND05201,SK0029,3
CAND01585,SK0169,2
CAND00452,SK0184,5
CAND08002,SK0285,3
CAND12738,SK0161,5
CAND08163,SK0131,2
CAND12826,SK0283,2
CAND06627,SK0221,4
CAND09384,SK0280,5
CAND12911,SK0032,2
CAND04782,SK0075,4
CAND08358,SK0291,2
CAND13849,SK0246,1
CAND00554,SK0215,2
CAND03769,SK0164,1
CAND05116,SK0233,1
CAND12889,SK0037,5
CAND04051,SK0105,4
CAND02817,SK0135,5
CAND00109,SK0021,5
CAND11227,SK0150,2
CAND12672,SK0136,1
CAND14398,SK0170,3
CAND08387,SK0267,4
CAND13883,SK0086,1
CAND04037,SK0128,2
CAND02041,SK0073,1
CAND08952,SK0188,3
CAND03760,SK0267,4
CAND07069,SK0295,4
CAND13464,SK0186,5
CAND07328,SK0099,1
CAND09277,SK0282,4
CAND01740,SK0184,2
CAND09630,SK0257,3
CAND14482,SK0184,5
CAND11847,SK0169,2
CAND10385,SK0245,2
CAND09824,SK0055,1
CAND13637,SK0153,5
CAND02794,SK0242,3
CAND14547,SK0002,1
CAND04169,SK0255,3
CAND12152,SK0119,5
CAND02813,SK0213,1
CAND13324,SK0242,1
CAND08896,SK0007,1
CAND02436,SK0049,3
CAND09998,SK0103,2
CAND12451,SK0090,3
CAND12151,SK0012,3
CAND10398,SK0268,1
CAND09173,SK0251,2
CAND13683,SK0070,2
CAND04581,SK0171,2
CAND14543,SK0274,1
CAND08505,SK0034,3
CAND14036,SK0215,4
CAND06952,SK0147,4
CAND07652,SK0006,5
CAND14322,SK0137,3
CAND14828,SK0285,5
CAND11821,SK0109,4
CAND14022,SK0140,3
CAND13689,SK0270,1
CAND02991,SK0054,3
CAND01551,SK0222,3
CAND01985,SK0294,4
CAND13703,SK0192,5
CAND01004,SK0058,4
CAND07084,SK0083,3
CAND01051,SK0219,1
CAND12166,SK0183,3
CAND13171,SK0040,4
CAND11458,SK0232,5
CAND01767,SK0020,4
CAND00181,SK0172,3
CAND01797,SK0222,2
CAND07486,SK0089,2
CAND07624,SK0246,4
CAND03648,SK0233,5
CAND05050,SK0188,2
CAND05718,SK0166,3
CAND04352,SK0294,1
CAND04630,SK0105,5
CAND12166,SK0023,3
CAND09089,SK0147,4
CAND12999,SK0227,1
CAND00238,SK0171,5
CAND12041,SK0204,1
CAND08023,SK0035,3
CAND06220,SK0082,5
CAND09686,SK0090,4
CAND02194,SK0159,5
CAND04347,SK0125,1
CAND00634,SK0294,5
CAND05840,SK0120,4
CAND10910,SK0218,3
CAND05689,SK0082,2
CAND06625,SK0047,4
CAND11894,SK0281,1
CAND06270,SK0062,4
CAND08206,SK0184,3
CAND00603,SK0214,3
CAND09522,SK0251,4
CAND07052,SK0158,4
CAND05656,SK0025,4
CAND05468,SK0177,1
CAND09485,SK0224,4
CAND03365,SK0276,1
CAND08284,SK0009,3
CAND14280,SK0134,2
CAND12019,SK0207,3
CAND01032,SK0039,3
CAND04753,SK0106,4
CAND01902,SK0181,2
CAND13554,SK0222,2
CAND00059,SK0292,2
CAND08910,SK0097,5
CAND06217,SK0286,2
CAND07632,SK0035,1
CAND05223,SK0231,5
CAND02852,SK0115,3
CAND11080,SK0163,3
CAND08273,SK0232,2
CAND09478,SK0232,2
CAND05258,SK0175,5
CAND05359,SK0243,3
CAND00020,SK0120,1
CAND07116,SK0249,5
CAND08662,SK0013,3
CAND08836,SK0015,3
CAND05102,SK0249,1
CAND06161,SK0195,3
CAND12271,SK0241,1
CAND02666,SK0202,4
CAND08878,SK0194,3
CAND07971,SK0010,5
CAND12059,SK0212,3
CAND11892,SK0112,1
CAND08892,SK0273,3
CAND12323,SK0178,2
CAND13566,SK0013,5
CAND04282,SK0257,2
CAND03252,SK0129,4
CAND08778,SK0273,5
CAND09950,SK0008,4
CAND02046,SK0108,5
CAND00139,SK0299,4
CAND08889,SK0146,3
CAND04843,SK0156,2
CAND14329,SK0021,5
CAND08042,SK0157,4
CAND13875,SK0058,2
CAND09673,SK0202,2
CAND05759,SK0163,1
CAND10635,SK0292,1
CAND06579,SK0065,5
CAND03796,SK0044,5
CAND07972,SK0194,5
CAND09029,SK0014,1
CAND01367,SK0041,1
CAND10561,SK0046,2
CAND05792,SK0042,4
CAND12095,SK0098,1
CAND05934,SK0186,1
CAND06703,SK0177,2
CAND08848,SK0218,5
CAND11353,SK0026,4
CAND06399,SK0040,2
CAND06550,SK0270,1
CAND04152,SK0091,5
CAND12098,SK0202,4
CAND09291,SK0042,4
CAND14683,SK0029,4
CAND11105,SK0185,2
CAND07541,SK0095,1
CAND08063,SK0283,4
CAND13163,SK0079,1
CAND14525,SK0036,3
CAND09830,SK0050,4
CAND01201,SK0041,1
CAND00031,SK0023,5
CAND01400,SK0184,1
CAND10755,SK0248,4
CAND00037,SK0298,1
CAND07359,SK0132,4
CAND00306,SK0106,5
CAND11762,SK0147,4
CAND14374,SK0094,3
CAND00962,SK0254,3
CAND09209,SK0262,5
CAND14250,SK0291,4
CAND13251,SK0155,3
CAND11153,SK0137,2
CAND13437,SK0080,4
CAND09245,SK0232,4
CAND09197,SK0137,3
CAND09389,SK0273,4
CAND03728,SK0055,5
CAND03410,SK0098,1
CAND02276,SK0294,4
CAND03186,SK0120,1
CAND13668,SK0055,3
CAND06424,SK0005,2
CAND03856,SK0274,5
CAND07559,SK0121,5
CAND07181,SK0172,5
CAND01673,SK0023,2
CAND03943,SK0149,5
CAND03057,SK0242,3
CAND03045,SK0241,3
CAND01511,SK0268,4
CAND02767,SK0005,5
CAND10737,SK0133,2
CAND06642,SK0207,5
CAND02210,SK0039,1
CAND04723,SK0262,2
CAND09948,SK0262,3
CAND08223,SK0190,3
CAND08515,SK0282,3
CAND00095,SK0258,2
CAND05493,SK0217,3
CAND03395,SK0025,5
CAND13146,SK0156,2
CAND05398,SK0045,4
CAND11220,SK0128,5
CAND07494,SK0295,5
CAND14565,SK0067,4
CAND05090,SK0167,3
CAND09411,SK0255,5
CAND07293,SK0161,4
CAND02255,SK0180,3
CAND06117,SK0167,4
CAND14003,SK0106,1
CAND01640,SK0188,2
CAND08593,SK0249,5
CAND02890,SK0079,3
CAND10476,SK0126,1
CAND10979,SK0231,3
CAND05506,SK0130,2
CAND11755,SK0150,3
CAND05035,SK0236,5
CAND10222,SK0186,5
CAND08918,SK0245,3
CAND06407,SK0233,2
CAND03901,SK0246,1
CAND02209,SK0224,4
CAND03684,SK0226,3
CAND09583,SK0248,1
CAND08430,SK0300,1
CAND08080,SK0258,2
CAND12974,SK0136,5
CAND06560,SK0011,2
CAND09280,SK0093,2
CAND09733,SK0211,1
CAND06082,SK0256,1
CAND02198,SK0197,2
CAND08581,SK0024,5
CAND08917,SK0104,1
CAND01311,SK0150,3
CAND03304,SK0003,3
CAND06425,SK0177,4
CAND04439,SK0212,5
CAND00102,SK0132,1
CAND07347,SK0281,5
CAND03556,SK0279,4
CAND13813,SK0282,1
CAND06299,SK0020,1
CAND07768,SK0275,5
CAND04523,SK0104,2
CAND11239,SK0174,3
CAND07268,SK0162,2
CAND10805,SK0179,1
CAND05085,SK0211,1
CAND06387,SK0102,3
CAND04889,SK0289,3
CAND10596,SK0068,4
CAND14449,SK0078,3
CAND02495,SK0095,4
CAND06914,SK0076,5
CAND02776,SK0175,3
CAND13873,SK0259,3
CAND11304,SK0199,2
CAND14705,SK0277,2
CAND05873,SK0031,4
CAND10584,SK0178,1
CAND06682,SK0106,5
CAND03489,SK0062,3
CAND06297,SK0028,1
CAND07819,SK0013,4
CAND13231,SK0044,1
CAND09672,SK0135,5
CAND12322,SK0274,4
CAND12681,SK0058,1
CAND13717,SK0004,4
CAND01818,SK0216,2
CAND13193,SK0231,3
CAND05585,SK0299,5
CAND11785,SK0244,2
CAND10163,SK0149,4
CAND05355,SK0069,1
CAND10718,SK0285,2
CAND01414,SK0175,3
CAND11701,SK0202,1
CAND10110,SK0077,3
CAND11092,SK0086,5
CAND06233,SK0031,4
CAND13363,SK0244,2
CAND07490,SK0215,3
CAND02165,SK0264,2
CAND07858,SK0008,2
CAND01267,SK0085,5
CAND04880,SK0079,1
CAND00159,SK0299,3
CAND04608,SK0085,5
CAND12282,SK0066,4
CAND03916,SK0280,5
CAND09819,SK0182,3
CAND06913,SK0285,2
CAND05948,SK0274,1
CAND02471,SK0253,4
CAND05242,SK0124,5
CAND08280,SK0094,3
CAND14440,SK0158,3
CAND02632,SK0002,1
CAND10949,SK0005,3
CAND02477,SK0290,4
CAND14185,SK0077,5
CAND13174,SK0250,2
CAND03740,SK0005,3
CAND13087,SK0232,2
CAND11846,SK0128,1
CAND00870,SK0032,5
CAND13644,SK0214,5
CAND03449,SK0075,4
CAND00960,SK0252,2
CAND12082,SK0294,4
CAND11586,SK0274,5
CAND07812,SK0063,5
CAND10253,SK0242,3
CAND00320,SK0093,2
CAND12030,SK0051,5
CAND14487,SK0049,2
CAND04584,SK0060,4
CAND03963,SK0254,1
CAND00140,SK0128,3
CAND01836,SK0162,3
CAND13489,SK0177,2
CAND08710,SK0189,3
CAND05954,SK0149,3
CAND08533,SK0122,5
CAND14811,SK0195,4
CAND01620,SK0039,2
CAND08563,SK0198,1
CAND08915,SK0106,3
CAND02690,SK0131,4
CAND10552,SK0060,2
CAND08419,SK0287,4
CAND01067,SK0236,1
CAND09880,SK0187,1
CAND14893,SK0059,2
CAND09984,SK0227,3
CAND04478,SK0193,1
CAND05631,SK0044,5
CAND00816,SK0273,5
CAND07354,SK0251,5
CAND13497,SK0281,3
CAND08354,SK0085,1
CAND11625,SK0153,3
CAND05399,SK0113,5
CAND13251,SK0158,4
CAND05541,SK0095,4
CAND14469,SK0184,4
CAND03130,SK0172,5
CAND07660,SK0189,2
CAND14692,SK0251,3
CAND13685,SK0029,2
CAND12423,SK0058,4
CAND06113,SK0110,3
CAND07172,SK0291,2
CAND07528,SK0129,3
CAND00253,SK0127,3
CAND02350,SK0172,2
CAND00248,SK0108,4
CAND11181,SK0154,3
CAND06482,SK0182,3
CAND04672,SK0120,2
CAND01569,SK0031,3
CAND06382,SK0095,5
CAND13219,SK0166,1
CAND11684,SK0036,4
CAND03848,SK0211,2
CAND10898,SK0216,3
CAND09339,SK0169,4
CAND01029,SK0086,3
CAND13244,SK0126,5
CAND03613,SK0213,3
CAND09824,SK0052,1
CAND00891,SK0128,4
CAND08265,SK0188,1
CAND12443,SK0227,2
CAND02620,SK0187,2
CAND01431,SK0075,5
CAND02775,SK0133,5
CAND10304,SK0283,4
CAND00127,SK0289,2
CAND07043,SK0157,1
CAND05742,SK0053,5
CAND12786,SK0123,1
CAND10983,SK0256,3
CAND02729,SK0291,2
CAND14912,SK0005,2
CAND11218,SK0089,2
CAND07556,SK0053,5
CAND07426,SK0181,3
CAND05080,SK0113,3
CAND00116,SK0277,3
CAND05001,SK0231,3
CAND13973,SK0244,5
CAND02465,SK0028,1
CAND13292,SK0063,4
CAND06924,SK0068,5
CAND03751,SK0141,3
CAND06123,SK0089,1
CAND07780,SK0134,4
CAND01933,SK0164,1
CAND04539,SK0258,4
CAND06155,SK0013,4
CAND09556,SK0192,4
CAND12299,SK0299,5
CAND06992,SK0143,3
CAND04118,SK0255,2
CAND00617,SK0277,5
CAND13466,SK0128,1
CAND10889,SK0022,2
CAND00222,SK0154,4
CAND13020,SK0130,5
CAND05761,SK0151,5
CAND02857,SK0278,4
CAND09411,SK0072,1
CAND14147,SK0125,2
CAND00888,SK0175,1
CAND08062,SK0211,1
CAND01002,SK0118,4
CAND01417,SK0002,5
CAND07552,SK0195,2
CAND09224,SK0129,5
CAND07432,SK0029,2
CAND02022,SK0121,2
CAND11845,SK0281,5
CAND02294,SK0215,4
CAND03843,SK0108,1
CAND05158,SK0012,2
CAND11539,SK0209,5
CAND05064,SK0198,1
CAND04895,SK0291,1
CAND12857,SK0245,1
CAND06619,SK0239,5
CAND01784,SK0150,5
CAND06883,SK0007,5
CAND10867,SK0112,1
CAND03079,SK0052,2
CAND02675,SK0289,1
CAND14610,SK0119,2
CAND02315,SK0074,3
CAND02415,SK0257,2
CAND12762,SK0120,5
CAND05154,SK0172,1
CAND09013,SK0066,5
CAND01095,SK0125,1
CAND10513,SK0233,4
CAND01617,SK0069,5
CAND11854,SK0204,3
CAND10432,SK0187,2
CAND03836,SK0057,4
CAND07412,SK0057,4
CAND05888,SK0134,2
CAND05868,SK0011,4
CAND14930,SK0048,1
CAND03761,SK0134,5
CAND04512,SK0050,5
CAND08446,SK0108,5
CAND08560,SK0054,1
CAND06361,SK0080,1
CAND14277,SK0259,2
CAND08910,SK0283,3
CAND02778,SK0169,3
CAND06496,SK0273,1
CAND13734,SK0127,1
CAND12501,SK0098,5
CAND11863,SK0060,5
CAND14068,SK0269,3
CAND09282,SK0278,4
CAND00882,SK0008,5
CAND12138,SK0275,3
CAND08773,SK0253,3
CAND13170,SK0078,2
CAND11252,SK0254,1
CAND01289,SK0250,2
CAND06275,SK0064,5
CAND13331,SK0271,5
CAND05350,SK0280,3
CAND06681,SK0114,4
CAND13744,SK0287,4
CAND08329,SK0029,5
CAND11950,SK0130,4
CAND10209,SK0140,1
CAND10806,SK0298,5
CAND02787,SK0103,2
CAND09893,SK0213,5
CAND10228,SK0283,1
CAND13252,SK0204,5
CAND10821,SK0013,3
CAND11086,SK0055,4
CAND12610,SK0043,2
CAND05647,SK0268,5
CAND04008,SK0256,1
CAND04241,SK0013,1
CAND11896,SK0228,3
CAND10973,SK0189,2
CAND05097,SK0014,3
CAND04332,SK0195,2
CAND08707,SK0150,1
CAND02772,SK0241,4
CAND12567,SK0009,2
CAND09089,SK0151,2
CAND02989,SK0144,4
CAND06701,SK0163,3
CAND13537,SK0020,2
CAND10203,SK0184,2
CAND03622,SK0185,4
CAND04796,SK0208,2
CAND04989,SK0070,3
CAND14313,SK0167,1
CAND13670,SK0167,2
CAND02613,SK0276,4
CAND04136,SK0071,1
CAND10702,SK0194,3
CAND09348,SK0235,2
CAND09140,SK0275,3
CAND05608,SK0191,2
CAND10388,SK0181,1
CAND14474,SK0203,4
CAND10903,SK0289,1
CAND00326,SK0027,3
CAND04370,SK0222,5
CAND11300,SK0030,2
CAND10696,SK0269,3
CAND07428,SK0086,1
CAND02996,SK0084,4
CAND06264,SK0076,4
CAND01058,SK0271,5
CAND05274,SK0231,3
CAND08884,SK0143,5
CAND08622,SK0248,2
CAND04572,SK0003,3
CAND04120,SK0001,2
CAND04993,SK0241,1
CAND11091,SK0121,5
CAND01360,SK0205,3
CAND07996,SK0254,3
CAND09071,SK0235,2
CAND00443,SK0264,2
CAND13439,SK0119,4
CAND03503,SK0003,2
CAND13533,SK0010,3
CAND06258,SK0194,1
CAND14152,SK0147,3
CAND14794,SK0125,1
CAND11897,SK0003,5
CAND00576,SK0221,4
CAND03920,SK0292,5
CAND04784,SK0109,1
CAND09086,SK0024,1
CAND04499,SK0015,4
CAND14668,SK0167,5
CAND00737,SK0105,4
CAND00774,SK0167,2
CAND11618,SK0226,2
CAND02784,SK0093,5
CAND05587,SK0293,5
CAND05075,SK0100,3
CAND10608,SK0163,3
CAND14250,SK0169,5
CAND07861,SK0045,4
CAND06657,SK0265,2
CAND00543,SK0173,1
CAND10402,SK0069,3
CAND14788,SK0124,3
CAND09844,SK0013,4
CAND05881,SK0095,1
CAND12846,SK0273,2
CAND14502,SK0193,5
CAND02218,SK0061,5
CAND05695,SK0266,5
CAND01580,SK0285,2
CAND04803,SK0027,2
CAND04318,SK0240,4
CAND10589,SK0014,3
CAND09621,SK0052,4
CAND10324,SK0052,1
CAND07832,SK0013,4
CAND02906,SK0169,5
CAND02840,SK0185,2
CAND08322,SK0126,5
CAND03245,SK0184,3
CAND08202,SK0003,4
CAND11085,SK0034,5
CAND08392,SK0086,4
CAND12406,SK0076,2
CAND09780,SK0147,5
CAND08765,SK0031,2
CAND10043,SK0276,2
CAND06402,SK0261,4
CAND01681,SK0134,3
CAND10112,SK0077,2
CAND02905,SK0098,4
CAND08460,SK0259,3
CAND03078,SK0137,2
CAND06698,SK0224,5
CAND12697,SK0289,1
CAND10508,SK0046,2
CAND14163,SK0266,4
CAND01821,SK0211,5
CAND08716,SK0054,5
CAND10176,SK0096,5
CAND12970,SK0209,4
CAND02594,SK0053,1
CAND12272,SK0235,3
CAND08207,SK0252,5
CAND01656,SK0023,1
CAND11634,SK0278,1
CAND03493,SK0093,2
CAND13499,SK0262,1
CAND00828,SK0028,3
CAND02198,SK0043,4
CAND10663,SK0270,4
CAND02946,SK0102,5
CAND11677,SK0066,3
CAND04478,SK0271,1
CAND08838,SK0280,4
CAND13482,SK0148,3
CAND08934,SK0162,2
CAND14565,SK0281,5
CAND02868,SK0294,4
CAND03312,SK0168,5
CAND08577,SK0079,5
CAND03954,SK0029,3
CAND01743,SK0034,3
CAND11073,SK0037,3
CAND11922,SK0292,4
CAND10427,SK0095,1
CAND07809,SK0220,2
CAND06451,SK0189,4
CAND05143,SK0003,3
CAND04012,SK0194,4
CAND01001,SK0233,5
CAND01130,SK0186,2
CAND14825,SK0003,3
CAND03586,SK0155,5
CAND13348,SK0249,4
CAND07553,SK0195,5
CAND12594,SK0204,5
CAND05098,SK0172,2
CAND04593,SK0219,5
CAND13763,SK0064,4
CAND11522,SK0176,3
CAND00973,SK0081,3
CAND09355,SK0020,3
CAND04392,SK0260,3
CAND09889,SK0187,1
CAND05103,SK0006,5
CAND08018,SK0139,1
CAND11400,SK0276,5
CAND10480,SK0295,4
CAND03100,SK0284,5
CAND01660,SK0067,2
CAND07969,SK0037,3
CAND09426,SK0078,4
CAND03992,SK0256,5
CAND06242,SK0257,1
CAND07231,SK0157,4
CAND12899,SK0197,1
CAND07316,SK0136,3
CAND00076,SK0231,1
CAND03975,SK0171,2
CAND01225,SK0294,5
CAND02505,SK0055,1
CAND02161,SK0167,3
CAND04021,SK0040,2
CAND01904,SK0127,4
CAND07990,SK0015,5
CAND12553,SK0225,3
CAND02821,SK0083,4
CAND08387,SK0211,2
CAND08037,SK0231,2
CAND07126,SK0079,4
CAND03391,SK0143,3
CAND12000,SK0290,1
CAND09539,SK0001,3
CAND11497,SK0231,4
CAND02527,SK0150,1
CAND03462,SK0034,3
CAND00502,SK0079,1
CAND08804,SK0006,5
CAND13420,SK0053,2
CAND10598,SK0021,1
CAND01676,SK0252,1
CAND01720,SK0123,1
CAND03601,SK0014,1
CAND14452,SK0063,4
CAND13471,SK0021,3
CAND06482,SK0189,3
CAND13687,SK0203,3
CAND05421,SK0115,2
CAND00585,SK0127,3
CAND00894,SK0098,5
CAND07762,SK0204,3
CAND04974,SK0053,3
CAND02878,SK0098,5
CAND02435,SK0278,4
CAND06048,SK0245,5
CAND10464,SK0284,3
CAND10441,SK0255,5
CAND10848,SK0208,5
CAND00059,SK0191,5
CAND11390,SK0095,5
CAND03965,SK0091,3
CAND14092,SK0168,5
CAND02484,SK0152,4
CAND14053,SK0189,4
CAND00503,SK0021,4
CAND07018,SK0197,4
CAND07227,SK0295,3
CAND09480,SK0056,1
CAND10722,SK0090,4
CAND12982,SK0101,3
CAND08979,SK0096,5
CAND05011,SK0292,2
CAND13662,SK0191,3
CAND06562,SK0140,3
CAND04000,SK0127,3
CAND11089,SK0005,1
CAND05705,SK0191,5
CAND04175,SK0118,5
CAND01819,SK0230,2
CAND02729,SK0298,2
CAND13445,SK0213,1
CAND05888,SK0234,3
CAND02355,SK0023,4
CAND06375,SK0163,4
CAND05823,SK0244,3
CAND13268,SK0043,1
CAND07789,SK0103,2
CAND00712,SK0149,3
CAND11777,SK0130,5
CAND07465,SK0132,5
CAND12894,SK0031,5
CAND07342,SK0027,1
CAND07119,SK0093,2
CAND07807,SK0257,3
CAND06686,SK0181,1
CAND00520,SK0204,4
CAND01609,SK0023,1
CAND07065,SK0240,4
CAND03991,SK0154,5
CAND03794,SK0235,5
CAND00864,SK0167,1
CAND02255,SK0065,4
CAND07360,SK0246,3
CAND06573,SK0090,2
CAND04017,SK0086,4
CAND13543,SK0275,2
CAND07571,SK0185,5
CAND03928,SK0174,3
CAND04660,SK0062,1
CAND10897,SK0112,1
CAND12499,SK0270,4
CAND07611,SK0092,3
CAND14316,SK0058,4
CAND04525,SK0094,2
CAND12411,SK0023,4
CAND04593,SK0160,5
CAND08420,SK0091,3
CAND05922,SK0220,1
CAND02892,SK0175,2
CAND02003,SK0124,4
CAND06749,SK0113,2
CAND10837,SK0125,3
CAND03745,SK0050,1
CAND04343,SK0269,1
CAND03953,SK0120,5
CAND03845,SK0292,1
CAND00748,SK0156,3
CAND07608,SK0078,1
CAND12507,SK0063,4
CAND02447,SK0126,2
CAND05905,SK0125,1
CAND03598,SK0169,4
CAND01273,SK0012,2
CAND09090,SK0227,1
CAND08836,SK0150,5
CAND14615,SK0094,3
CAND08828,SK0229,4
CAND11242,SK0148,3
CAND12549,SK0046,4
CAND10868,SK0087,1
CAND03863,SK0109,5
CAND00970,SK0087,2
CAND13616,SK0180,1
CAND00918,SK0238,2
CAND14063,SK0115,3
CAND11287,SK0143,5
CAND05206,SK0228,1
CAND07126,SK0187,5
CAND12429,SK0084,4
CAND12458,SK0210,3
CAND01568,SK0160,2
CAND09961,SK0282,4
CAND09086,SK0244,3
CAND05467,SK0162,2
CAND13346,SK0115,3
CAND04170,SK0113,1
CAND03211,SK0190,4
CAND10852,SK0065,5
CAND02564,SK0248,5
CAND09353,SK0292,1
CAND10871,SK0216,2
CAND01660,SK0219,4
CAND01417,SK0288,5
CAND05374,SK0294,5
CAND02985,SK0189,1
CAND04902,SK0127,1
CAND02323,SK0039,1
CAND00591,SK0179,1
CAND05033,SK0092,2
CAND07373,SK0209,4
CAND12597,SK0243,4
CAND07365,SK0134,3
CAND10469,SK0019,4
CAND14857,SK0153,1
CAND05211,SK0110,3
CAND12401,SK0261,2
CAND06717,SK0019,1
CAND10897,SK0064,1
CAND12234,SK0239,3
CAND11741,SK0032,1
CAND02610,SK0173,3
CAND05079,SK0209,3
CAND13585,SK0119,5
CAND05522,SK0176,2
CAND09003,SK0176,4
CAND11813,SK0076,3
CAND01125,SK0234,1
CAND02053,SK0274,3
CAND02934,SK0223,2
CAND09573,SK0037,1
CAND11482,SK0086,3
CAND07216,SK0176,2
CAND08393,SK0219,3
CAND09173,SK0256,3
CAND10844,SK0249,3
CAND10919,SK0166,2
CAND11922,SK0214,3
CAND06633,SK0053,4
CAND14945,SK0054,1
CAND12110,SK0115,4
CAND13310,SK0185,4
CAND05451,SK0046,2
CAND09450,SK0033,4
CAND03280,SK0098,4
CAND13293,SK0029,1
CAND05155,SK0146,2
CAND12906,SK0172,5
CAND09840,SK0014,5
CAND03803,SK0001,1
CAND04926,SK0181,4
CAND06786,SK0111,2
CAND07223,SK0050,4
CAND04328,SK0084,1
CAND07366,SK0042,2
CAND05600,SK0123,4
CAND11394,SK0049,3
CAND08317,SK0057,4
CAND07667,SK0150,4
CAND00907,SK0132,5
CAND01627,SK0127,3
CAND06136,SK0194,4
CAND01905,SK0197,3
CAND06098,SK0294,3
CAND03021,SK0093,5
CAND03679,SK0196,1
CAND09580,SK0172,2
CAND02016,SK0099,3
CAND04265,SK0136,2
CAND06075,SK0003,5
CAND10418,SK0118,1
CAND07331,SK0044,5
CAND05818,SK0287,3
CAND11472,SK0214,3
CAND01955,SK0178,5
CAND07931,SK0092,2
CAND09414,SK0290,3
CAND07214,SK0199,3
CAND00606,SK0014,4
CAND11749,SK0155,2
CAND04313,SK0258,4
CAND05020,SK0095,1
CAND12177,SK0260,2
CAND07722,SK0269,3
CAND00462,SK0176,3
CAND14608,SK0208,2
CAND03173,SK0027,5
CAND08985,SK0120,5
CAND08172,SK0061,1
CAND07182,SK0117,5
CAND03714,SK0217,3
CAND14547,SK0247,5
CAND04341,SK0210,1
CAND04483,SK0025,4
CAND02395,SK0244,4
CAND01009,SK0202,2
CAND03385,SK0038,2
CAND10213,SK0262,3
CAND13469,SK0213,4
CAND06807,SK0225,5
CAND08013,SK0057,1
CAND06506,SK0078,4
CAND14189,SK0105,2
CAND02423,SK0196,5
CAND08983,SK0180,4
CAND04533,SK0266,4
CAND10954,SK0118,1
CAND06751,SK0169,3
CAND08961,SK0007,3
CAND14222,SK0220,5
CAND14811,SK0290,2
CAND13626,SK0234,4
CAND13173,SK0105,5
CAND03720,SK0082,3
CAND12351,SK0071,4
CAND03145,SK0053,1
CAND02803,SK0105,3
CAND01562,SK0212,1
CAND12716,SK0177,5
CAND10485,SK0289,4
CAND03976,SK0169,3
CAND08955,SK0181,4
CAND14622,SK0068,3
CAND02291,SK0150,5
CAND13026,SK0234,3
CAND01348,SK0137,2
CAND11853,SK0287,3
CAND06229,SK0173,5
CAND14910,SK0001,3
CAND10472,SK0188,1
CAND13228,SK0125,3
CAND11301,SK0272,4
CAND05888,SK0017,4
CAND02144,SK0067,5
CAND07637,SK0181,5
CAND08877,SK0209,1
CAND04266,SK0022,1
CAND13434,SK0258,1
CAND01675,SK0090,1
CAND07847,SK0271,4
CAND08899,SK0129,2
CAND04276,SK0137,2
CAND01368,SK0164,1
CAND07027,SK0209,2
CAND01239,SK0137,2
CAND13335,SK0001,2
CAND06645,SK0161,1
CAND07962,SK0074,1
CAND12382,SK0296,2
CAND12584,SK0126,5
CAND05196,SK0034,3
CAND01006,SK0286,4
CAND11305,SK0210,4
CAND01747,SK0153,4
CAND00094,SK0112,2
CAND01084,SK0057,1
CAND07888,SK0221,1
CAND08827,SK0239,5
CAND08085,SK0263,2
CAND02177,SK0090,5
CAND11936,SK0021,2
CAND05376,SK0028,2
CAND11202,SK0272,4
CAND14999,SK0211,5
CAND10108,SK0220,1
CAND14285,SK0157,2
CAND02801,SK0172,2
CAND01745,SK0059,2
CAND03518,SK0278,2
CAND06460,SK0164,4
CAND10279,SK0094,3
CAND01554,SK0037,1
CAND07103,SK0147,2
CAND09627,SK0035,3
CAND11541,SK0193,2
CAND07544,SK0218,1
CAND08509,SK0255,5
CAND05666,SK0236,3
CAND03976,SK0280,1
CAND04497,SK0093,3
CAND00668,SK0152,5
CAND05208,SK0125,1
CAND14402,SK0278,1
CAND06354,SK0036,5
CAND11612,SK0132,2
CAND12316,SK0014,3
CAND12384,SK0281,3
CAND02943,SK0250,3
CAND05768,SK0013,2
CAND05867,SK0078,5
CAND00060,SK0089,5
CAND01106,SK0250,2
CAND06583,SK0276,4
CAND13332,SK0233,1
CAND03742,SK0156,4
CAND02254,SK0067,4
CAND03480,SK0236,1
CAND13677,SK0132,1
CAND12567,SK0107,4
CAND10076,SK0203,4
CAND08393,SK0281,1
CAND06597,SK0092,3
CAND05703,SK0185,5
CAND12160,SK0213,2
CAND13647,SK0112,2
CAND00924,SK0102,3
CAND06307,SK0016,5
CAND06160,SK0072,1
CAND00950,SK0282,5
CAND11814,SK0048,3
CAND01886,SK0025,2
CAND00496,SK0191,4
CAND13688,SK0233,2
CAND02499,SK0245,1
CAND05854,SK0182,4
CAND01344,SK0289,4
CAND05478,SK0221,3
CAND13297,SK0225,2
CAND05106,SK0218,4
CAND07552,SK0205,4
CAND09882,SK0035,1
CAND12381,SK0006,5
CAND03601,SK0160,4
CAND02482,SK0190,1
CAND05502,SK0037,3
CAND08209,SK0142,4
CAND00415,SK0016,3
CAND13934,SK0016,3
CAND00026,SK0300,5
CAND01188,SK0222,5
CAND09728,SK0256,4
CAND02810,SK0151,3
CAND05845,SK0168,4
CAND13312,SK0258,4
CAND07728,SK0105,3
CAND08093,SK0027,4
CAND07257,SK0050,3
CAND06286,SK0123,4
CAND09724,SK0025,3
CAND09838,SK0064,5
CAND08208,SK0139,4
CAND06739,SK0116,5
CAND07182,SK0126,1
CAND06771,SK0248,3
CAND05779,SK0174,4
CAND12369,SK0219,1
CAND11855,SK0087,5
CAND00595,SK0154,5
CAND04008,SK0202,3
CAND01244,SK0100,3
CAND05319,SK0221,3
CAND03953,SK0269,1
CAND04239,SK0010,5
CAND06939,SK0107,5
CAND10169,SK0121,2
CAND01499,SK0170,5
CAND07297,SK0206,3
CAND07726,SK0105,3
CAND06153,SK0260,5
CAND08169,SK0026,2
CAND14256,SK0196,5
CAND13936,SK0181,5
CAND12456,SK0081,2
CAND03978,SK0202,1
CAND07339,SK0071,1
CAND14027,SK0027,5
CAND07502,SK0230,3
CAND13552,SK0011,3
CAND04532,SK0277,3
CAND02793,SK0129,2
CAND10984,SK0113,4
CAND02367,SK0274,1
CAND01481,SK0178,1
CAND05732,SK0112,5
CAND01896,SK0188,4
CAND01248,SK0149,3
CAND09170,SK0056,4
CAND12989,SK0128,5
CAND08741,SK0282,4
CAND10038,SK0269,3
CAND14498,SK0132,5
CAND13823,SK0257,5
CAND01193,SK0238,1
CAND00077,SK0182,2
CAND06419,SK0040,4
CAND06335,SK0125,4
CAND05805,SK0067,4
CAND00094,SK0021,2
CAND03493,SK0264,2
CAND02239,SK0225,1
CAND11206,SK0024,1
CAND03296,SK0272,4
CAND13971,SK0233,5
CAND11244,SK0265,3
CAND11161,SK0095,3
CAND12168,SK0047,2
CAND01076,SK0199,2
CAND11926,SK0198,5
CAND04752,SK0134,1
CAND12391,SK0196,1
CAND00389,SK0089,2
CAND01819,SK0299,4
CAND04486,SK0077,2
CAND01035,SK0060,3
CAND12942,SK0253,4
CAND09579,SK0004,2
CAND05475,SK0042,4
CAND02241,SK0070,1
CAND14043,SK0095,5
CAND07935,SK0275,1
CAND12619,SK0222,5
CAND02768,SK0002,5
CAND00077,SK0097,4
CAND13740,SK0116,4
CAND02249,SK0245,3
CAND05534,SK0160,5
CAND00210,SK0097,5
CAND04017,SK0171,4
CAND05377,SK0258,3
CAND06280,SK0297,3
CAND10984,SK0181,5
CAND07404,SK0300,1
CAND02587,SK0140,1
CAND10906,SK0215,3
CAND05520,SK0287,5
CAND03765,SK0082,2
CAND12542,SK0200,1
CAND07397,SK0275,2
CAND09784,SK0150,3
CAND11463,SK0264,3
CAND09479,SK0196,2
CAND01784,SK0070,3
CAND14212,SK0081,1
CAND01343,SK0086,5
CAND01096,SK0133,4
CAND13907,SK0190,4
CAND03950,SK0242,2
CAND11804,SK0229,4
CAND13507,SK0199,3
CAND03128,SK0055,3
CAND03766,SK0061,4
CAND07244,SK0052,1
CAND12435,SK0159,1
CAND14062,SK0069,2
CAND14039,SK0013,5
CAND04123,SK0134,4
CAND01958,SK0063,1
CAND11028,SK0109,3
CAND09205,SK0097,4
CAND12538,SK0276,3
CAND12020,SK0220,2
CAND08502,SK0100,1
CAND14727,SK0120,3
CAND03501,SK0251,4
CAND14287,SK0238,2
CAND13926,SK0054,5
CAND01418,SK0256,5
CAND01722,SK0178,2
CAND05038,SK0160,5
CAND03214,SK0277,3
CAND01220,SK0234,4
CAND14742,SK0273,4
CAND08649,SK0119,4
CAND06079,SK0152,3
CAND10475,SK0197,3
CAND04134,SK0015,5
CAND07066,SK0217,5
CAND08615,SK0299,5
CAND11646,SK0240,3
CAND13914,SK0039,1
CAND06449,SK0272,4
CAND05268,SK0141,4
CAND08508,SK0154,3
CAND03704,SK0295,1
CAND11063,SK0117,1
CAND13942,SK0219,5
CAND13331,SK0150,5
CAND02211,SK0236,5
CAND08962,SK0226,5
CAND06147,SK0096,1
CAND05330,SK0141,5
CAND06632,SK0249,5
CAND06432,SK0147,5
CAND05289,SK0021,4
CAND04375,SK0278,5
CAND05996,SK0215,2
CAND13545,SK0248,1
CAND10219,SK0023,3
CAND08540,SK0211,2
CAND04139,SK0129,3
CAND09980,SK0238,2
CAND00723,SK0175,3
CAND07788,SK0091,3
CAND10120,SK0067,5
CAND05518,SK0167,3
CAND11756,SK0280,5
CAND14125,SK0096,1
CAND06906,SK0069,3
CAND12458,SK0273,5
CAND06327,SK0279,1
CAND13102,SK0056,5
CAND11842,SK0052,1
CAND13170,SK0082,4
CAND14799,SK0033,4
CAND10497,SK0020,5
CAND03726,SK0050,4
CAND14421,SK0062,5
CAND09450,SK0141,2
CAND06791,SK0160,1
CAND14870,SK0276,4
CAND06588,SK0147,1
CAND02649,SK0229,4
CAND07319,SK0223,3
CAND01873,SK0096,4
CAND08696,SK0263,4
CAND01078,SK0271,2
CAND06281,SK0003,3
CAND05428,SK0163,1
CAND04997,SK0010,1
CAND02404,SK0133,4
CAND05140,SK0188,2
CAND14283,SK0109,3
CAND13862,SK0141,1
CAND04763,SK0132,1
CAND07496,SK0149,1
CAND02164,SK0043,2
CAND10401,SK0007,3
CAND06387,SK0005,4
CAND10004,SK0143,1
CAND00959,SK0079,1
CAND02711,SK0156,5
CAND04432,SK0170,3
CAND03183,SK0090,5
CAND13834,SK0280,3
CAND09810,SK0141,1
CAND14010,SK0052,1
CAND01377,SK0015,3
CAND13743,SK0189,5
CAND14333,SK0279,2
CAND03951,SK0269,3
CAND06507,SK0182,4
CAND04984,SK0170,3
CAND01214,SK0029,3
CAND08419,SK0069,1
CAND05581,SK0015,3
CAND10216,SK0276,5
CAND04799,SK0218,3
CAND13716,SK0275,3
CAND13221,SK0069,3
CAND02814,SK0233,2
CAND10238,SK0216,4
CAND02339,SK0205,5
CAND11698,SK0233,2
CAND12984,SK0034,2
CAND01040,SK0153,1
CAND08475,SK0012,3
CAND14681,SK0093,1
CAND01811,SK0127,2
CAND08703,SK0080,5
CAND14122,SK0094,2
CAND08430,SK0134,3
CAND08787,SK0279,3
CAND07512,SK0087,5
CAND02174,SK0252,2
CAND13065,SK0148,1
CAND12891,SK0048,3
CAND02633,SK0078,5
CAND07726,SK0094,1
CAND03838,SK0293,1
CAND02261,SK0299,5
CAND03089,SK0172,1
CAND14800,SK0025,2
CAND04365,SK0120,2
CAND02228,SK0221,5
CAND08254,SK0300,4
CAND10562,SK0183,4
CAND10490,SK0009,1
CAND07527,SK0135,5
CAND12152,SK0103,3
CAND08563,SK0105,4
CAND09483,SK0021,1
CAND08305,SK0029,1
CAND10681,SK0152,2
CAND03466,SK0216,1
CAND08067,SK0084,4
CAND00650,SK0230,3
CAND02593,SK0245,2
CAND09667,SK0047,5
CAND14017,SK0097,1
CAND02798,SK0269,4
CAND13478,SK0082,5
CAND05306,SK0202,4
CAND06155,SK0147,3
CAND01238,SK0035,4
CAND10832,SK0165,4
CAND01683,SK0136,4
CAND12593,SK0157,2
CAND07970,SK0210,2
CAND08276,SK0140,4
CAND01297,SK0255,2
CAND06213,SK0039,4
CAND12073,SK0219,3
CAND01909,SK0255,3
CAND12848,SK0083,1
CAND04884,SK0269,2
CAND13544,SK0083,4
CAND01385,SK0182,5
CAND01308,SK0017,1
CAND10335,SK0291,2
CAND01756,SK0077,1
CAND05435,SK0115,3
CAND08833,SK0003,4
CAND09419,SK0191,1
CAND05503,SK0055,3
CAND06360,SK0040,2
CAND00418,SK0076,1
CAND07754,SK0027,3
CAND13011,SK0262,4
CAND10927,SK0280,4
CAND08226,SK0210,2
CAND00519,SK0232,2
CAND12885,SK0206,1
CAND01963,SK0006,3
CAND00204,SK0279,2
CAND05941,SK0128,3
CAND08137,SK0095,1
CAND07162,SK0207,3
CAND12013,SK0273,1
CAND12196,SK0050,2
CAND00787,SK0074,4
CAND00023,SK0194,3
CAND02723,SK0168,4
CAND13096,SK0177,2
CAND10983,SK0019,5
CAND01182,SK0102,5
CAND12175,SK0175,3
CAND04835,SK0134,5
CAND02794,SK0209,1
CAND04945,SK0078,5
CAND00711,SK0054,3
CAND03864,SK0107,1
CAND00390,SK0296,1
CAND08766,SK0299,2
CAND01257,SK0285,4
CAND10212,SK0177,4
CAND06391,SK0150,1
CAND08986,SK0118,1
CAND07614,SK0270,3
CAND13076,SK0245,2
CAND07447,SK0061,5
CAND07643,SK0057,2
CAND10181,SK0130,1
CAND01923,SK0030,2
CAND12216,SK0083,3
CAND12217,SK0154,5
CAND04302,SK0066,4
CAND01915,SK0050,3
CAND05601,SK0200,5
CAND11735,SK0234,4
CAND05217,SK0146,1
CAND07300,SK0164,5
CAND08378,SK0028,4
CAND07018,SK0086,1
CAND11447,SK0199,5
CAND06397,SK0100,3
CAND14909,SK0120,2
CAND01332,SK0207,4
CAND03317,SK0252,1
CAND02885,SK0117,4
CAND01205,SK0172,1
CAND14183,SK0120,4
CAND00476,SK0095,5
CAND04713,SK0155,5
CAND06472,SK0039,5
CAND04087,SK0248,5
CAND11205,SK0075,2
CAND11661,SK0165,2
CAND10886,SK0247,2
CAND10419,SK0145,2
CAND14618,SK0153,4
CAND14895,SK0067,4
CAND11334,SK0138,1
CAND11079,SK0165,5
CAND03810,SK0176,2
CAND04746,SK0271,5
CAND07770,SK0030,4
CAND07375,SK0035,1
CAND01863,SK0012,5
CAND08401,SK0229,4
CAND03208,SK0109,5
CAND03191,SK0065,1
CAND05218,SK0198,1
CAND09875,SK0276,4
CAND03632,SK0247,1
CAND02275,SK0136,2
CAND02086,SK0179,2
CAND09996,SK0281,1
CAND02807,SK0058,1
CAND11482,SK0137,4
CAND06590,SK0048,2
CAND08399,SK0209,3
CAND08125,SK0014,3
CAND00755,SK0058,2
CAND12516,SK0174,3
CAND05030,SK0270,2
CAND12143,SK0062,1
CAND06130,SK0045,1
CAND01374,SK0011,3
CAND09389,SK0057,4
CAND10948,SK0136,3
CAND03719,SK0049,2
CAND02593,SK0184,2
CAND09255,SK0157,2
CAND11134,SK0100,1
CAND03465,SK0176,3
CAND07439,SK0249,3
CAND06587,SK0131,4
CAND12187,SK0114,5
CAND00889,SK0298,2
CAND10750,SK0163,4
CAND10451,SK0007,2
CAND04462,SK0287,2
CAND14348,SK0072,5
CAND06280,SK0044,2
CAND04293,SK0022,3
CAND01042,SK0236,1
CAND02982,SK0225,4
CAND05531,SK0225,2
CAND01989,SK0249,2
CAND01265,SK0079,2
CAND09472,SK0070,2
CAND11810,SK0214,5
CAND09621,SK0124,4
CAND03225,SK0018,5
CAND00934,SK0238,4
CAND08603,SK0252,3
CAND06268,SK0219,3
CAND07840,SK0204,2
CAND00763,SK0188,1
CAND05793,SK0053,2
CAND11911,SK0091,1
CAND08515,SK0061,4
CAND03316,SK0292,1
CAND12470,SK0027,4
CAND07868,SK0033,3
CAND05935,SK0139,5
CAND07655,SK0153,5
CAND09996,SK0216,2
CAND05743,SK0181,3
CAND06293,SK0227,4
CAND01881,SK0098,1
CAND02247,SK0249,4
CAND04634,SK0280,1
CAND06774,SK0016,4
CAND06690,SK0242,5
CAND14314,SK0055,1
CAND00396,SK0086,2
CAND04673,SK0155,4
CAND01906,SK0285,3
CAND09271,SK0289,5
CAND08926,SK0053,1
CAND11056,SK0242,2
CAND08973,SK0041,5
CAND11884,SK0159,2
CAND03769,SK0105,1
CAND08322,SK0031,1
CAND07922,SK0087,4
CAND13022,SK0010,4
CAND10262,SK0089,4
CAND10877,SK0278,2
CAND05247,SK0013,4
CAND04432,SK0150,4
CAND10563,SK0063,5
CAND01887,SK0042,5
CAND04127,SK0131,4
CAND07476,SK0001,3
CAND02043,SK0022,3
CAND09666,SK0130,1
CAND02683,SK0108,2
CAND14807,SK0093,1
CAND14893,SK0095,5
CAND03376,SK0129,4
CAND03786,SK0031,3
CAND07204,SK0138,3
CAND08554,SK0059,1
CAND08070,SK0146,3
CAND09895,SK0146,2
CAND10688,SK0111,2
CAND09255,SK0290,3
CAND06869,SK0183,4
CAND05257,SK0136,5
CAND02809,SK0041,1
CAND04196,SK0007,3
CAND12868,SK0075,5
CAND09131,SK0220,5
CAND04073,SK0205,5
CAND06280,SK0272,4
CAND14675,SK0134,1
CAND12207,SK0266,3
CAND08832,SK0284,3
CAND04709,SK0105,1
CAND03444,SK0043,1
CAND12239,SK0071,2
CAND09784,SK0258,5
CAND10980,SK0219,1
CAND08668,SK0168,3
CAND11808,SK0146,5
CAND05765,SK0174,4
CAND05483,SK0214,5
CAND13220,SK0212,3
CAND11457,SK0031,4
CAND09775,SK0172,5
CAND04073,SK0142,3
CAND05826,SK0006,4
CAND01997,SK0150,3
CAND01485,SK0108,2
CAND13235,SK0066,3
CAND11703,SK0088,3
CAND03241,SK0162,4
CAND02760,SK0221,2
CAND04448,SK0111,3
CAND09757,SK0168,4
CAND03986,SK0025,2
CAND11883,SK0180,1
CAND11360,SK0002,1
CAND05980,SK0215,1
CAND13104,SK0007,1
CAND09986,SK0133,4
CAND08719,SK0288,1
CAND08233,SK0179,1
CAND14867,SK0177,5
CAND04438,SK0017,5
CAND12827,SK0030,4
CAND07327,SK0079,4
CAND13258,SK0273,3
CAND01018,SK0041,3
CAND05852,SK0012,3
CAND13010,SK0242,2
CAND01902,SK0221,5
CAND03621,SK0032,1
CAND04335,SK0259,4
CAND09261,SK0233,4
CAND04568,SK0075,4
CAND07465,SK0254,3
CAND01532,SK0274,2
CAND00332,SK0187,5
CAND00412,SK0197,4
CAND04141,SK0257,2
CAND06850,SK0073,1
CAND10452,SK0039,3
CAND03666,SK0067,2
CAND01199,SK0239,4
CAND12376,SK0245,1
CAND00658,SK0299,4
CAND06334,SK0064,1
CAND01147,SK0282,5
CAND04002,SK0159,4
CAND00419,SK0286,4
CAND09433,SK0134,3
CAND06211,SK0073,5
CAND14696,SK0135,5
CAND03591,SK0049,4
CAND07025,SK0233,3
CAND14648,SK0017,2
CAND08256,SK0085,3
CAND06915,SK0179,5
CAND13210,SK0087,4
CAND11326,SK0204,5
CAND07344,SK0089,1
CAND02502,SK0124,5
CAND08626,SK0223,5
CAND14121,SK0262,2
CAND03670,SK0290,3
CAND00647,SK0102,5
CAND05512,SK0036,2
CAND11239,SK0170,5
CAND00130,SK0192,1
CAND01402,SK0167,4
CAND01890,SK0040,5
CAND05309,SK0104,3
CAND11703,SK0051,2
CAND13323,SK0035,5
CAND11676,SK0167,4
CAND00225,SK0075,1
CAND11949,SK0023,4
CAND08692,SK0016,2
CAND10811,SK0015,5
CAND03416,SK0278,1
CAND02782,SK0170,1
CAND09356,SK0203,2
CAND09150,SK0181,1
CAND01517,SK0185,3
CAND10308,SK0199,4
CAND11258,SK0055,1
CAND09892,SK0213,2
CAND14648,SK0280,4
CAND00176,SK0293,5
CAND03568,SK0045,1
CAND02256,SK0133,4
CAND05082,SK0274,3
CAND02796,SK0043,1
CAND04768,SK0300,5
CAND08403,SK0022,5
CAND06473,SK0240,5
CAND07489,SK0056,1
CAND03161,SK0087,5
CAND06998,SK0052,5
CAND14707,SK0076,2
CAND04379,SK0181,5
CAND04457,SK0151,5
CAND14398,SK0235,5
CAND03445,SK0079,3
CAND10457,SK0087,3
CAND04546,SK0149,3
CAND12822,SK0236,5
CAND06951,SK0050,3
CAND13935,SK0039,2
CAND06626,SK0180,3
CAND09636,SK0250,2
CAND11157,SK0259,4
CAND11760,SK0098,2
CAND13537,SK0222,2
CAND02521,SK0015,4
CAND05583,SK0128,3
CAND04868,SK0022,4
CAND12862,SK0017,3
CAND14041,SK0036,1
CAND13480,SK0075,5
CAND04751,SK0053,5
CAND14318,SK0037,4
CAND14666,SK0062,3
CAND06276,SK0174,4
CAND04994,SK0161,4
CAND03803,SK0236,5
CAND00829,SK0170,4
CAND10940,SK0127,2
CAND13329,SK0280,4
CAND10694,SK0252,5
CAND06092,SK0001,4
CAND07522,SK0139,4
CAND13701,SK0023,3
CAND06023,SK0168,2
CAND05211,SK0103,1
CAND08085,SK0074,4
CAND12342,SK0217,1
CAND13231,SK0101,4
CAND08329,SK0129,2
CAND11943,SK0081,1
CAND14866,SK0049,4
CAND07484,SK0184,3
CAND14919,SK0221,4
CAND06858,SK0138,3
CAND11922,SK0042,1
CAND13067,SK0176,3
CAND04597,SK0099,3
CAND03295,SK0049,2
CAND06865,SK0090,5
CAND07484,SK0084,1
CAND10189,SK0240,3
CAND10970,SK0299,4
CAND06066,SK0126,2
CAND04047,SK0143,4
CAND00683,SK0081,3
CAND07913,SK0109,1
CAND14917,SK0149,1
CAND09816,SK0075,3
CAND11228,SK0007,4
CAND04976,SK0151,2
CAND07831,SK0153,1
CAND00193,SK0189,4
CAND02324,SK0088,4
CAND02683,SK0300,5
CAND03413,SK0098,3
CAND03700,SK0031,2
CAND05202,SK0168,2
CAND03596,SK0043,2
CAND02593,SK0047,5
CAND14801,SK0158,1
CAND06757,SK0036,1
CAND10682,SK0171,4
CAND08304,SK0091,1
CAND14035,SK0292,2
CAND07660,SK0288,5
CAND09491,SK0252,4
CAND11129,SK0299,1
CAND13651,SK0096,4
CAND03119,SK0283,5
CAND11860,SK0033,2
CAND12941,SK0176,2
CAND09035,SK0214,2
CAND05024,SK0252,2
CAND03242,SK0032,1
CAND09344,SK0073,5
CAND09952,SK0134,5
CAND10652,SK0172,5
CAND07650,SK0061,1
CAND10318,SK0037,1
CAND05205,SK0254,1
CAND08619,SK0074,1
CAND14431,SK0021,3
CAND10211,SK0023,2
CAND01767,SK0274,2
CAND10660,SK0294,1
CAND08380,SK0212,5
CAND10841,SK0054,5
CAND00026,SK0119,4
CAND04591,SK0032,4
CAND03023,SK0297,1
CAND09175,SK0014,2
CAND10371,SK0057,2
CAND03778,SK0248,5
CAND06710,SK0094,1
CAND12790,SK0024,3
CAND06553,SK0169,3
CAND10610,SK0196,2
CAND03484,SK0113,5
CAND08878,SK0106,4
CAND14545,SK0155,5
CAND12713,SK0259,3
CAND11601,SK0223,3
CAND00196,SK0155,4
CAND12815,SK0138,2
CAND11521,SK0144,5
CAND03661,SK0225,5
CAND09907,SK0225,2
CAND09249,SK0135,3
CAND00916,SK0224,3
CAND00639,SK0258,2
CAND02183,SK0150,4
CAND03510,SK0156,2
CAND04585,SK0198,2
CAND06854,SK0244,5
CAND04741,SK0143,5
CAND10811,SK0224,3
CAND10236,SK0003,2
CAND06940,SK0195,1
CAND04337,SK0219,5
CAND06856,SK0163,1
CAND02981,SK0116,4
CAND09888,SK0175,3
CAND07095,SK0242,4
CAND00846,SK0047,3
CAND12887,SK0001,2
CAND02712,SK0089,5
CAND04504,SK0239,5
CAND11165,SK0220,4
CAND01606,SK0192,5
CAND02631,SK0250,3
CAND12249,SK0098,5
CAND09244,SK0128,1
CAND02707,SK0288,1
CAND05949,SK0075,4
CAND14415,SK0169,2
CAND10452,SK0252,2
CAND04031,SK0280,3
CAND06671,SK0247,1
CAND05205,SK0067,5
CAND00796,SK0049,1
CAND02932,SK0087,3
CAND04183,SK0128,1
CAND07926,SK0197,5
CAND11920,SK0269,1
CAND05837,SK0009,1
CAND02960,SK0019,4
CAND13688,SK0240,1
CAND14510,SK0086,2
CAND03285,SK0002,3
CAND02270,SK0105,5
CAND04293,SK0077,4
CAND06334,SK0193,1
CAND00050,SK0119,2
CAND02536,SK0274,3
CAND05214,SK0191,3
CAND14942,SK0281,5
CAND08119,SK0189,5
CAND01582,SK0181,2
CAND04235,SK0199,5
CAND10019,SK0148,2
CAND14631,SK0230,1
CAND09818,SK0237,4
CAND12886,SK0198,2
CAND04786,SK0177,2
CAND13508,SK0258,2
CAND07427,SK0169,5
CAND08082,SK0087,1
CAND13089,SK0071,5
CAND08934,SK0161,3
CAND04226,SK0065,2
CAND08565,SK0008,1
CAND02594,SK0114,5
CAND10462,SK0232,2
CAND12322,SK0006,3
CAND09221,SK0049,5
CAND06246,SK0143,5
CAND00205,SK0105,5
CAND10791,SK0055,3
CAND06752,SK0173,4
CAND06005,SK0038,1
CAND06235,SK0267,4
CAND06012,SK0183,1
CAND07484,SK0289,2
CAND13064,SK0038,3
CAND05210,SK0122,2
CAND05289,SK0184,3
CAND12989,SK0157,2
CAND04686,SK0195,2
CAND07944,SK0093,1
CAND07642,SK0003,1
CAND06403,SK0066,3
CAND02951,SK0139,3
CAND11966,SK0243,1
CAND11628,SK0212,5
CAND10807,SK0004,3
CAND10449,SK0060,2
CAND08005,SK0184,5
CAND14960,SK0154,1
CAND05985,SK0259,4
CAND13942,SK0242,1
CAND08775,SK0261,3
CAND02471,SK0094,2
CAND13884,SK0178,4
CAND02943,SK0290,5
CAND01884,SK0171,2
CAND01194,SK0101,5
CAND00315,SK0004,3
CAND09956,SK0102,2
CAND03005,SK0218,2
CAND14291,SK0224,1
CAND05513,SK0145,3
CAND02883,SK0172,2
CAND05308,SK0156,2
CAND11055,SK0292,4
CAND12080,SK0173,2
CAND13973,SK0255,3
CAND03767,SK0097,5
CAND11703,SK0063,1
CAND10015,SK0118,2
CAND11274,SK0076,3
CAND00546,SK0066,1
CAND05615,SK0079,5
CAND05418,SK0269,4
CAND07669,SK0004,4
CAND03612,SK0106,5
CAND04839,SK0206,5
CAND01347,SK0161,2
CAND10299,SK0111,4
CAND12428,SK0280,1
CAND09406,SK0182,4
CAND06579,SK0259,3
CAND13954,SK0161,1
CAND06665,SK0005,4
CAND10272,SK0046,4
CAND10271,SK0152,5
CAND00547,SK0162,3
CAND00354,SK0164,3
CAND11816,SK0080,3
CAND11252,SK0245,4
CAND04022,SK0226,5
CAND06496,SK0151,1
CAND08481,SK0278,4
CAND05653,SK0137,3
CAND14303,SK0124,1
CAND00437,SK0038,2
CAND00289,SK0028,5
CAND09716,SK0191,2
CAND01969,SK0157,2
CAND03361,SK0222,2
CAND14493,SK0113,2
CAND08218,SK0089,3
CAND11894,SK0271,3
CAND08590,SK0264,3
CAND14110,SK0268,2
CAND07716,SK0090,5
CAND14622,SK0275,2
CAND11134,SK0056,3
CAND10385,SK0128,5
CAND09081,SK0233,5
CAND01583,SK0213,1
CAND04729,SK0054,5
CAND07826,SK0288,2
CAND11703,SK0196,3
CAND03466,SK0143,2
CAND07243,SK0118,4
CAND02510,SK0265,1
CAND08648,SK0152,2
CAND03325,SK0077,3
CAND09031,SK0090,5
CAND05683,SK0091,4
CAND08966,SK0300,5
CAND09445,SK0183,5
CAND07103,SK0213,3
CAND08012,SK0014,2
CAND08715,SK0200,5
CAND09159,SK0229,3
CAND14837,SK0138,5
CAND10910,SK0250,2
CAND13777,SK0295,5
CAND13805,SK0031,1
CAND02100,SK0176,1
CAND03615,SK0034,5
CAND14348,SK0089,1
CAND12481,SK0064,3
CAND05155,SK0284,5
CAND01730,SK0111,4
CAND04348,SK0017,2
CAND08040,SK0078,4
CAND13498,SK0092,1
CAND07991,SK0036,4
CAND12763,SK0040,3
CAND09393,SK0036,4
CAND07697,SK0169,4
CAND11265,SK0225,3
CAND03227,SK0017,1
CAND13539,SK0191,5
CAND11722,SK0197,5
CAND04339,SK0067,5
CAND13620,SK0253,5
CAND06182,SK0152,4
CAND08824,SK0070,1
CAND02981,SK0198,4
CAND05549,SK0220,4
CAND07160,SK0157,3
CAND14473,SK0063,2
CAND06472,SK0046,4
CAND11964,SK0085,5
CAND12879,SK0131,2
CAND11218,SK0044,2
CAND06291,SK0093,3
CAND07088,SK0060,4
CAND00514,SK0115,3
CAND00757,SK0232,2
CAND02577,SK0142,3
CAND10316,SK0255,2
CAND07241,SK0234,1
CAND13333,SK0233,4
CAND05111,SK0210,4
CAND14546,SK0107,5
CAND09049,SK0008,5
CAND09254,SK0042,2
CAND06078,SK0049,4
CAND09385,SK0106,5
CAND09716,SK0112,3
CAND04077,SK0148,4
CAND02077,SK0127,2
CAND01567,SK0236,5
CAND01502,SK0169,1
CAND02519,SK0252,5
CAND13980,SK0217,3
CAND07253,SK0128,5
CAND09435,SK0015,3
CAND04729,SK0152,2
CAND07138,SK0080,4
CAND01724,SK0259,1
CAND06346,SK0242,4
CAND02310,SK0058,5
CAND12787,SK0091,2
CAND06073,SK0232,1
CAND09142,SK0111,1
CAND14225,SK0086,4
CAND06672,SK0299,2
CAND13548,SK0239,1
CAND07197,SK0253,4
CAND02933,SK0250,5
CAND04507,SK0191,5
CAND14836,SK0232,5
CAND11230,SK0261,1
CAND06087,SK0103,5
CAND14946,SK0294,2
CAND09598,SK0005,5
CAND14019,SK0072,4
CAND11094,SK0096,4
CAND00294,SK0033,3
CAND09128,SK0095,1
CAND10274,SK0270,4
CAND14655,SK0038,1
CAND00397,SK0006,4
CAND03060,SK0235,5
CAND03794,SK0126,5
CAND12207,SK0033,5
CAND12022,SK0170,4
CAND00479,SK0090,4
CAND14214,SK0177,4
CAND01348,SK0095,1
CAND08455,SK0142,2
CAND07971,SK0108,3
CAND02207,SK0261,2
CAND07672,SK0267,5
CAND05541,SK0053,2
CAND13856,SK0098,1
CAND12755,SK0257,4
CAND00313,SK0121,2
CAND06340,SK0192,5
CAND00928,SK0055,5
CAND11128,SK0118,2
CAND11420,SK0217,3
CAND06163,SK0141,3
CAND09450,SK0078,5
CAND12316,SK0221,4
CAND01976,SK0169,5
CAND01295,SK0173,4
CAND13863,SK0152,3
CAND13366,SK0069,4
CAND01471,SK0073,4
CAND05419,SK0169,4
CAND13843,SK0149,3
CAND09202,SK0146,2
CAND10143,SK0167,4
CAND10025,SK0104,2
CAND01786,SK0169,2
CAND07761,SK0152,1
CAND11044,SK0158,3
CAND05061,SK0257,5
CAND02940,SK0231,2
CAND05163,SK0009,1
CAND07069,SK0296,5
CAND03568,SK0066,5
CAND00845,SK0072,2
CAND04233,SK0152,5
CAND08439,SK0170,5
CAND08834,SK0032,2
CAND00381,SK0154,1
CAND11302,SK0241,2
CAND03240,SK0222,5
CAND14321,SK0151,2
CAND08242,SK0210,4
CAND02245,SK0224,5
CAND06198,SK0106,3
CAND09591,SK0108,1
CAND01003,SK0070,1
CAND01117,SK0176,3
CAND05769,SK0042,3
CAND00017,SK0264,5
CAND00867,SK0293,5
CAND09157,SK0281,2
CAND07047,SK0050,1
CAND04127,SK0182,5
CAND05050,SK0219,4
CAND02225,SK0112,4
CAND08828,SK0034,2
CAND03669,SK0052,4
CAND09154,SK0013,4
CAND09648,SK0232,1
CAND11768,SK0091,2
CAND08100,SK0150,4
CAND00948,SK0296,5
CAND12610,SK0268,3
CAND10249,SK0164,5
CAND04799,SK0132,4
CAND06001,SK0279,1
CAND06090,SK0238,1
CAND06245,SK0112,2
CAND05231,SK0172,4
CAND01125,SK0101,2
CAND04041,SK0094,4
CAND03250,SK0264,1
CAND14933,SK0250,1
CAND07629,SK0116,3
CAND14435,SK0107,4
CAND06031,SK0167,2
CAND12375,SK0267,5
CAND02162,SK0082,4
CAND09945,SK0194,5
CAND13729,SK0067,5
CAND08059,SK0122,1
CAND12164,SK0054,2
CAND09959,SK0044,2
CAND04300,SK0109,4
CAND06085,SK0236,5
CAND09331,SK0170,3
CAND11789,SK0257,2
CAND14811,SK0200,1
CAND14299,SK0217,3
CAND05667,SK0084,3
CAND00573,SK0185,2
CAND12164,SK0116,1
CAND04133,SK0049,1
CAND12210,SK0001,4
CAND14935,SK0243,1
CAND06064,SK0062,4
CAND09011,SK0133,1
CAND05095,SK0131,1
CAND14505,SK0020,2
CAND02186,SK0092,1
CAND07768,SK0233,1
CAND13396,SK0106,4
CAND06693,SK0067,4
CAND14120,SK0033,5
CAND04961,SK0016,4
CAND03599,SK0061,1
CAND09676,SK0004,4
CAND03606,SK0187,4
CAND01910,SK0178,2
CAND02189,SK0285,2
CAND08433,SK0134,1
CAND13350,SK0299,5
CAND04637,SK0287,3
CAND02304,SK0199,2
CAND05157,SK0159,5
CAND06000,SK0149,4
CAND11033,SK0197,3
CAND01880,SK0014,3
CAND11191,SK0180,4
CAND06188,SK0227,5
CAND12786,SK0077,3
CAND13539,SK0190,5
CAND07201,SK0036,5
CAND10102,SK0008,2
CAND14241,SK0043,5
CAND09984,SK0263,1
CAND02677,SK0075,5
CAND05831,SK0289,3
CAND09518,SK0017,5
CAND11996,SK0169,5
CAND13818,SK0152,2
CAND10792,SK0113,1
CAND12889,SK0039,3
CAND12347,SK0249,2
CAND05187,SK0275,2
CAND08982,SK0244,5
CAND09700,SK0009,2
CAND01994,SK0050,5
CAND07246,SK0166,5
CAND14810,SK0181,2
CAND06095,SK0118,4
CAND04821,SK0109,4
CAND12405,SK0185,2
CAND08021,SK0222,3
CAND02390,SK0251,2
CAND10476,SK0203,1
CAND08945,SK0024,4
CAND03522,SK0159,2
CAND05575,SK0219,5
CAND01688,SK0093,1
CAND05224,SK0032,3
CAND13474,SK0038,2
CAND06204,SK0214,4
CAND09123,SK0193,5
CAND06228,SK0102,3
CAND11586,SK0092,2
CAND11426,SK0276,4
CAND09563,SK0135,5
CAND00885,SK0005,5
CAND07503,SK0072,4
CAND07358,SK0074,4
CAND03079,SK0266,3
CAND00755,SK0228,1
CAND14314,SK0226,3
CAND12673,SK0148,1
CAND06268,SK0100,2
CAND02137,SK0123,3
CAND14633,SK0122,1
CAND07919,SK0005,4
CAND14372,SK0206,2
CAND10887,SK0163,2
CAND00616,SK0096,2
CAND13379,SK0128,5
CAND13093,SK0061,2
CAND14753,SK0080,5
CAND00323,SK0055,4
CAND05676,SK0242,3
CAND06063,SK0026,2
CAND11521,SK0121,4
CAND13716,SK0277,4
CAND02025,SK0166,5
CAND09371,SK0290,1
CAND09369,SK0184,2
CAND07905,SK0004,2
CAND03175,SK0098,4
CAND09030,SK0125,2
CAND01378,SK0235,1
CAND07064,SK0018,4
CAND13922,SK0253,2
CAND14582,SK0075,1
CAND13974,SK0103,1
CAND07198,SK0031,4
CAND13753,SK0008,5
CAND11211,SK0251,3
CAND06451,SK0253,1
CAND14209,SK0284,3
CAND14461,SK0128,3
CAND10429,SK0250,5
CAND01818,SK0010,3
CAND01449,SK0210,1
CAND01207,SK0219,3
CAND04676,SK0041,4
CAND00030,SK0053,5
CAND08474,SK0273,3
CAND04677,SK0238,5
CAND02122,SK0157,1
CAND14376,SK0286,1
CAND01449,SK0175,4
CAND09895,SK0063,1
CAND10054,SK0172,3
CAND07110,SK0012,1
CAND05539,SK0100,3
CAND08440,SK0261,1
CAND10724,SK0037,4
CAND01218,SK0056,4
CAND06457,SK0032,4
CAND00808,SK0043,1
CAND02844,SK0077,2
CAND14354,SK0202,3
CAND07695,SK0182,5
CAND07707,SK0024,5
CAND05129,SK0261,1
CAND12853,SK0063,5
CAND03356,SK0094,5
CAND09884,SK0040,5
CAND10309,SK0224,5
CAND10016,SK0228,4
CAND08460,SK0236,2
CAND05180,SK0255,4
CAND07502,SK0142,3
CAND12868,SK0132,5
CAND12584,SK0014,3
CAND14123,SK0254,5
CAND10897,SK0210,2
CAND04263,SK0106,2
CAND06900,SK0024,5
CAND12463,SK0130,2
CAND04995,SK0273,5
CAND06129,SK0294,2
CAND12671,SK0221,3
CAND09354,SK0082,4
CAND08479,SK0048,4
CAND12118,SK0043,2
CAND13093,SK0112,1
CAND14500,SK0185,1
CAND07473,SK0161,3
CAND14229,SK0047,2
CAND01320,SK0126,1
CAND10277,SK0094,2
CAND01170,SK0257,1
CAND06495,SK0093,5
CAND07371,SK0042,1
CAND03686,SK0228,3
CAND02598,SK0107,5
CAND06917,SK0283,5
CAND10579,SK0006,5
CAND09572,SK0094,3
CAND03909,SK0141,2
CAND01175,SK0176,2
CAND10237,SK0009,5
CAND05067,SK0021,2
CAND07110,SK0249,2
CAND14588,SK0042,1
CAND10388,SK0170,5
CAND10920,SK0075,5
CAND09993,SK0051,1
CAND00985,SK0019,4
CAND11835,SK0110,1
CAND07131,SK0146,5
CAND13918,SK0102,5
CAND00464,SK0184,4
CAND03775,SK0080,1
CAND09542,SK0021,5
CAND13577,SK0116,1
CAND08598,SK0006,4
CAND14971,SK0284,3
CAND14230,SK0243,4
CAND09159,SK0135,4
CAND09342,SK0293,1
CAND04013,SK0260,1
CAND04906,SK0288,4
CAND04949,SK0067,4
CAND11336,SK0041,4
CAND06048,SK0069,3
CAND08058,SK0089,1
CAND05633,SK0128,4
CAND03201,SK0160,3
CAND01282,SK0041,3
CAND06366,SK0195,3
CAND07281,SK0026,4
CAND13026,SK0074,3
CAND13876,SK0044,3
CAND07821,SK0265,5
CAND00409,SK0228,4
CAND05501,SK0207,4
CAND07890,SK0069,1
CAND06992,SK0068,5
CAND02172,SK0168,3
CAND11741,SK0182,5
CAND03755,SK0027,5
CAND04934,SK0144,5
CAND06020,SK0205,1
CAND01598,SK0013,1
CAND02030,SK0161,5
CAND09628,SK0178,4
CAND02711,SK0094,2
CAND05096,SK0163,1
CAND00658,SK0052,1
CAND00300,SK0238,3
CAND00862,SK0061,3
CAND11911,SK0021,3
CAND10860,SK0274,2
CAND14597,SK0276,4
CAND04366,SK0106,3
CAND08514,SK0242,4
CAND07649,SK0182,2
CAND03874,SK0011,4
CAND12843,SK0231,2
CAND10980,SK0171,2
CAND03664,SK0203,5
CAND01834,SK0145,2
CAND13522,SK0028,5
CAND05991,SK0042,1
CAND10988,SK0068,5
CAND11399,SK0090,2
CAND11586,SK0030,5
CAND12163,SK0073,1
CAND08497,SK0264,2
CAND11594,SK0111,5
CAND05441,SK0095,4
CAND10430,SK0072,3
CAND08757,SK0119,3
CAND02611,SK0286,4
CAND01487,SK0188,5
CAND07883,SK0275,4
CAND09847,SK0206,4
CAND02521,SK0002,3
CAND05807,SK0009,3
CAND14180,SK0137,3
CAND13248,SK0160,4
CAND00925,SK0134,2
CAND01944,SK0214,4
CAND11934,SK0179,3
CAND11370,SK0222,5
CAND14777,SK0285,5
CAND10419,SK0070,3
CAND14677,SK0088,3
CAND06817,SK0282,3
CAND05050,SK0117,3
CAND02832,SK0195,2
CAND05313,SK0297,3
CAND03626,SK0300,5
CAND03523,SK0013,1
CAND02268,SK0276,4
CAND11631,SK0243,2
CAND07098,SK0110,5
CAND10242,SK0081,4
CAND06977,SK0144,4
CAND08046,SK0105,2
CAND03400,SK0006,2
CAND11113,SK0009,3
CAND13303,SK0116,3
CAND11320,SK0217,1
CAND09197,SK0286,4
CAND06265,SK0075,3
CAND06520,SK0186,4
CAND03490,SK0025,3
CAND13987,SK0220,3
CAND10546,SK0091,2
CAND06134,SK0051,4
CAND13800,SK0028,5
CAND11205,SK0255,5
CAND02839,SK0062,4
CAND00795,SK0019,4
CAND05617,SK0169,2
CAND08365,SK0114,1
CAND07004,SK0234,1
CAND10141,SK0261,5
CAND03013,SK0247,2
CAND14025,SK0276,3
CAND05572,SK0218,5
CAND06787,SK0050,2
CAND13038,SK0204,5
CAND07748,SK0261,3
CAND10951,SK0096,3
CAND07603,SK0179,4
CAND01375,SK0031,4
CAND12683,SK0043,5
CAND06619,SK0045,5
CAND05470,SK0049,4
CAND14606,SK0067,5
CAND09415,SK0263,4
CAND12383,SK0085,5
CAND13527,SK0123,3
CAND04110,SK0277,3
CAND10164,SK0187,5
CAND04652,SK0038,3
CAND03897,SK0153,4
CAND07467,SK0060,3
CAND03322,SK0020,5
CAND03830,SK0260,3
CAND04261,SK0001,5
CAND02333,SK0051,3
CAND01170,SK0215,3
CAND09731,SK0132,2
CAND04685,SK0114,2
CAND12742,SK0070,5
CAND12505,SK0067,1
CAND03965,SK0134,5
CAND09083,SK0212,3
CAND10031,SK0137,5
CAND01328,SK0078,3
CAND11393,SK0055,3
CAND12741,SK0040,3
CAND11831,SK0287,1
CAND08714,SK0005,2
CAND02601,SK0157,3
CAND00364,SK0177,1
CAND08325,SK0026,3
CAND13751,SK0261,3
CAND13218,SK0133,2
CAND00723,SK0202,5
CAND10247,SK0065,4
CAND03207,SK0123,3
CAND09385,SK0011,5
CAND05030,SK0265,5
CAND12494,SK0036,3
CAND03308,SK0009,1
CAND08374,SK0065,3
CAND11369,SK0137,3
CAND04260,SK0056,3
CAND14506,SK0271,5
CAND00246,SK0170,4
CAND05650,SK0143,4
CAND03926,SK0245,2
CAND01385,SK0213,1
CAND07922,SK0235,5
CAND06237,SK0106,3
CAND03337,SK0175,3
CAND09342,SK0059,4
CAND05241,SK0025,3
CAND00565,SK0064,2
CAND10046,SK0164,2
CAND07532,SK0105,4
CAND12001,SK0174,5
CAND02833,SK0153,2
CAND04196,SK0123,1
CAND02569,SK0112,2
CAND13398,SK0270,5
CAND12024,SK0291,4
CAND02623,SK0004,3
CAND03912,SK0118,4
CAND00572,SK0205,5
CAND11458,SK0158,4
CAND00477,SK0276,5
CAND03579,SK0137,3
CAND08234,SK0099,2
CAND10347,SK0197,1
CAND04311,SK0245,3
CAND05631,SK0091,1
CAND06103,SK0139,4
CAND13752,SK0162,1
CAND05963,SK0261,2
CAND00262,SK0063,1
CAND12519,SK0168,2
CAND08557,SK0110,4
CAND01769,SK0255,1
CAND06621,SK0059,2
CAND02738,SK0076,2
CAND07623,SK0094,2
CAND03248,SK0298,4
CAND09889,SK0194,4
CAND14638,SK0147,5
CAND03438,SK0045,2
CAND08548,SK0275,2
CAND03712,SK0157,3
CAND08220,SK0241,2
CAND04532,SK0031,3
CAND14735,SK0091,1
CAND12924,SK0249,3
CAND07366,SK0010,3
CAND08666,SK0292,4
CAND07550,SK0270,5
CAND00211,SK0185,4
CAND01786,SK0215,4
CAND04072,SK0123,4
CAND08960,SK0025,2
CAND11458,SK0274,2
CAND00905,SK0149,2
CAND14322,SK0024,5
CAND07466,SK0057,4
CAND10063,SK0184,5
CAND14737,SK0076,2
CAND06250,SK0266,5
CAND07834,SK0262,5
CAND08251,SK0139,2
CAND00957,SK0013,1
CAND12302,SK0189,2
CAND12381,SK0213,3
CAND02862,SK0290,5
CAND04272,SK0145,1
CAND02801,SK0152,5
CAND11315,SK0284,5
CAND09650,SK0151,3
CAND00678,SK0130,5
CAND05993,SK0129,2
CAND07584,SK0236,4
CAND07331,SK0048,3
CAND09423,SK0282,4
CAND06637,SK0280,3
CAND10771,SK0029,1
CAND09017,SK0179,5
CAND02495,SK0263,4
CAND04716,SK0285,3
CAND11816,SK0011,2
CAND04861,SK0008,1
CAND02484,SK0013,4
CAND01015,SK0141,3
CAND04538,SK0170,4
CAND06219,SK0048,2
CAND14193,SK0235,5
CAND02608,SK0242,2
CAND13131,SK0019,5
CAND05557,SK0276,2
CAND04430,SK0112,3
CAND03195,SK0076,1
CAND04640,SK0063,4
CAND14439,SK0064,4
CAND00628,SK0181,5
CAND04313,SK0074,1
CAND01842,SK0120,1
CAND14248,SK0167,3
CAND04893,SK0252,4
CAND12980,SK0003,1
CAND07524,SK0076,2
CAND03111,SK0088,3
CAND05098,SK0025,1
CAND13544,SK0159,2
CAND12164,SK0083,1
CAND00594,SK0198,1
CAND10011,SK0067,1
CAND13637,SK0030,2
CAND06665,SK0150,1
CAND09303,SK0228,5
CAND10947,SK0153,5
CAND09876,SK0078,2
CAND12994,SK0243,1
CAND05406,SK0016,2
CAND04209,SK0187,5
CAND10253,SK0165,2
CAND12321,SK0292,2
CAND10785,SK0188,1
CAND02463,SK0280,5
CAND04424,SK0028,2
CAND04617,SK0125,5
CAND02082,SK0128,3
CAND09182,SK0184,1
CAND12444,SK0142,4
CAND04208,SK0066,1
CAND03081,SK0199,3
CAND00915,SK0114,2
CAND06270,SK0176,3
CAND13310,SK0178,5
CAND14096,SK0079,4
CAND12810,SK0267,5
CAND01616,SK0147,1
CAND12046,SK0112,3
CAND04676,SK0038,5
CAND06499,SK0269,3
CAND00870,SK0155,3
CAND13663,SK0200,4
CAND14385,SK0032,2
CAND10980,SK0158,2
CAND08043,SK0049,4
CAND03119,SK0160,5
CAND13357,SK0185,5
CAND09485,SK0092,4
CAND07710,SK0294,3
CAND14582,SK0291,2
CAND00036,SK0229,5
CAND04012,SK0281,2
CAND12562,SK0138,3
CAND11226,SK0291,3
CAND12394,SK0100,2
CAND08190,SK0118,3
CAND06856,SK0221,1
CAND11328,SK0059,2
CAND14348,SK0035,4
CAND11034,SK0147,2
CAND12055,SK0074,1
CAND09100,SK0161,5
CAND00465,SK0119,5
CAND05401,SK0119,1
CAND13848,SK0081,5
CAND05237,SK0275,4
CAND07743,SK0238,4
CAND02624,SK0005,2
CAND14644,SK0210,5
CAND08130,SK0292,2
CAND02168,SK0233,3
CAND01991,SK0100,1
CAND09927,SK0030,1
CAND12522,SK0145,1
CAND02863,SK0041,1
CAND11612,SK0161,5
CAND04384,SK0096,5
CAND09006,SK0106,3
CAND12056,SK0206,1
CAND10083,SK0208,2
CAND03895,SK0121,1
CAND11888,SK0297,1
CAND12950,SK0150,1
CAND08183,SK0268,4
CAND08119,SK0038,5
CAND07666,SK0205,3
CAND02330,SK0031,4
CAND03532,SK0160,2
CAND11384,SK0140,2
CAND14622,SK0183,2
CAND08217,SK0220,3
CAND03894,SK0018,4
CAND06351,SK0299,3
CAND12544,SK0265,3
CAND10313,SK0128,1
CAND12216,SK0089,1
CAND09335,SK0062,2
CAND11371,SK0200,3
CAND10254,SK0095,3
CAND00652,SK0100,5
CAND08127,SK0140,1
CAND01876,SK0061,2
CAND04307,SK0262,5
CAND00205,SK0178,5
CAND14756,SK0054,1
CAND04328,SK0125,3
CAND00494,SK0241,3
CAND04925,SK0103,1
CAND01927,SK0162,1
CAND09137,SK0056,2
CAND06192,SK0014,4
CAND03899,SK0194,3
CAND03678,SK0134,5
CAND05521,SK0014,5
CAND14643,SK0147,2
CAND03773,SK0235,4
CAND07575,SK0009,2
CAND03410,SK0254,1
CAND00432,SK0283,1
CAND02392,SK0245,2
CAND11311,SK0139,4
CAND09838,SK0164,4
CAND11045,SK0238,4
CAND08064,SK0088,1
CAND10524,SK0297,5
CAND02380,SK0083,4
CAND01563,SK0003,5
CAND07280,SK0016,1
CAND11478,SK0173,2
CAND06602,SK0094,5
CAND05535,SK0156,4
CAND05170,SK0021,5
CAND09798,SK0131,4
CAND14655,SK0297,5
CAND00997,SK0027,3
CAND03710,SK0136,1
CAND05203,SK0047,1
CAND07756,SK0079,5
CAND10675,SK0159,4
CAND04329,SK0113,4
CAND11919,SK0290,4
CAND09120,SK0127,2
CAND10833,SK0088,4
CAND12046,SK0022,5
CAND07955,SK0284,4
CAND03692,SK0058,2
CAND07718,SK0013,3
CAND06020,SK0281,1
CAND02533,SK0267,1
CAND05199,SK0035,1
CAND01040,SK0026,1
CAND06533,SK0167,3
CAND07665,SK0254,4
CAND13766,SK0062,5
CAND08075,SK0072,5
CAND02151,SK0002,2
CAND11751,SK0152,5
CAND01729,SK0185,1
CAND06592,SK0002,2
CAND03135,SK0048,4
CAND06314,SK0007,2
CAND00230,SK0027,5
CAND03020,SK0266,5
CAND07021,SK0045,1
CAND14392,SK0280,5
CAND14976,SK0293,2
CAND05318,SK0001,1
CAND06013,SK0180,4
CAND14401,SK0065,1
CAND05267,SK0130,4
CAND00778,SK0094,5
CAND07688,SK0251,2
CAND14899,SK0240,3
CAND12288,SK0262,3
CAND00390,SK0173,5
CAND01165,SK0059,4
CAND06594,SK0119,5
CAND04434,SK0243,4
CAND06287,SK0252,1
CAND04315,SK0029,4
CAND10230,SK0088,3
CAND02319,SK0108,3
CAND03755,SK0159,1
CAND13739,SK0091,5
CAND14452,SK0144,3
CAND07572,SK0230,4
CAND13610,SK0238,5
CAND10468,SK0023,5
CAND08859,SK0284,4
CAND04377,SK0144,4
CAND14704,SK0265,4
CAND03925,SK0275,4
CAND14971,SK0009,2
CAND01418,SK0076,2
CAND03093,SK0254,1
CAND14094,SK0288,4
CAND10850,SK0259,2
CAND13070,SK0076,2
CAND10042,SK0191,3
CAND13769,SK0258,3
CAND05001,SK0049,4
CAND00544,SK0269,5
CAND11391,SK0242,2
CAND08471,SK0114,1
CAND07455,SK0208,3
CAND03278,SK0255,4
CAND10387,SK0268,3
CAND02324,SK0253,2
CAND11816,SK0142,3
CAND14977,SK0229,1
CAND07873,SK0277,1
CAND08894,SK0195,1
CAND09363,SK0274,5
CAND11396,SK0167,5
CAND01946,SK0083,5
CAND13694,SK0054,1
CAND00812,SK0121,5
CAND11002,SK0074,5
CAND02401,SK0216,1
CAND05583,SK0092,1
CAND12813,SK0141,3
CAND07322,SK0293,5
CAND03281,SK0091,5
CAND03235,SK0183,1
CAND03270,SK0208,3
CAND14712,SK0055,2
CAND08501,SK0257,3
CAND03744,SK0221,4
CAND03869,SK0116,4
CAND12001,SK0046,2
CAND10833,SK0013,4
CAND00988,SK0085,3
CAND03656,SK0096,1
CAND02678,SK0072,4
CAND14331,SK0043,2
CAND12928,SK0265,4
CAND06639,SK0185,3
CAND07766,SK0004,1
CAND11796,SK0273,3
CAND06830,SK0113,5
CAND14352,SK0249,3
CAND13482,SK0245,2
CAND10187,SK0006,1
CAND00458,SK0104,2
CAND04419,SK0037,2
CAND08315,SK0131,2
CAND00489,SK0091,4
CAND06843,SK0164,4
CAND06774,SK0160,5
CAND13443,SK0270,5
CAND03055,SK0290,5
CAND07464,SK0219,3
CAND02680,SK0043,4
CAND03762,SK0181,4
CAND05581,SK0260,1
CAND02290,SK0264,3
CAND09188,SK0046,5
CAND12732,SK0036,5
CAND09098,SK0134,5
CAND10104,SK0143,3
CAND03775,SK0263,3
CAND12274,SK0220,1
CAND13876,SK0135,4
CAND04576,SK0154,3
CAND06762,SK0094,4
CAND10827,SK0016,4
CAND00386,SK0287,2
CAND05657,SK0025,4
CAND06617,SK0202,3
CAND05030,SK0121,1
CAND11849,SK0223,4
CAND13017,SK0178,3
CAND12477,SK0155,3
CAND00551,SK0100,2
CAND00249,SK0002,1
CAND03346,SK0154,1
CAND04474,SK0127,4
CAND04616,SK0105,4
CAND01806,SK0271,3
CAND12685,SK0121,1
CAND08296,SK0263,2
CAND12793,SK0110,4
CAND08950,SK0248,1
CAND02532,SK0088,1
CAND14822,SK0048,1
CAND05658,SK0192,3
CAND00897,SK0175,4
CAND05199,SK0082,4
CAND09253,SK0044,5
CAND11674,SK0048,1
CAND04748,SK0274,1
CAND00067,SK0156,2
CAND04658,SK0191,1
CAND00890,SK0233,4
CAND01166,SK0293,1
CAND11574,SK0106,5
CAND00924,SK0139,4
CAND09744,SK0044,5
CAND12113,SK0061,2
CAND07872,SK0090,3
CAND11894,SK0272,5
CAND04636,SK0225,3
CAND03758,SK0253,5
CAND14612,SK0154,3
CAND10602,SK0002,1
CAND03529,SK0012,3
CAND05509,SK0080,1
CAND07933,SK0179,2
CAND01857,SK0270,1
CAND09171,SK0187,1
CAND00130,SK0276,1
CAND12715,SK0211,2
CAND09153,SK0147,2
CAND02984,SK0293,4
CAND13463,SK0041,1
CAND08235,SK0151,2
CAND10258,SK0045,4
CAND05266,SK0112,1
CAND14710,SK0004,1
CAND02404,SK0254,3
CAND07239,SK0199,4
CAND12896,SK0129,2
CAND06203,SK0037,3
CAND09527,SK0294,4
CAND02820,SK0056,5
CAND08162,SK0200,2
CAND02179,SK0052,1
CAND10785,SK0195,4
CAND04925,SK0098,2
CAND09478,SK0125,1
CAND14664,SK0158,5
CAND09100,SK0295,4
CAND02150,SK0286,4
CAND11524,SK0160,1
CAND02344,SK0295,4
CAND06645,SK0057,4
CAND12458,SK0176,3
CAND04510,SK0118,3
CAND14502,SK0101,5
CAND04536,SK0023,3
CAND03573,SK0018,1
CAND04810,SK0142,1
CAND02876,SK0129,1
CAND13687,SK0296,4
CAND06077,SK0296,3
CAND06379,SK0278,4
CAND02861,SK0208,2
CAND06684,SK0017,2
CAND02773,SK0134,5
CAND08135,SK0008,3
CAND11513,SK0249,2
CAND04157,SK0066,4
CAND00481,SK0016,1
CAND05218,SK0169,1
CAND03413,SK0045,5
CAND09177,SK0014,3
CAND02194,SK0285,2
CAND04730,SK0246,4
CAND04220,SK0283,4
CAND00099,SK0219,2
CAND12756,SK0256,3
CAND03412,SK0192,3
CAND05071,SK0045,4
CAND08229,SK0137,2
CAND06898,SK0027,1
CAND06075,SK0091,3
CAND14874,SK0066,1
CAND13767,SK0271,1
CAND13829,SK0033,2
CAND06567,SK0099,4
CAND04206,SK0187,3
CAND11942,SK0087,4
CAND03892,SK0295,4
CAND08304,SK0197,5
CAND14423,SK0014,2
CAND06469,SK0247,3
CAND05163,SK0002,3
CAND00069,SK0284,5
CAND01831,SK0228,5
CAND05441,SK0100,2
CAND11302,SK0271,5
CAND07035,SK0208,3
CAND14270,SK0030,3
CAND08002,SK0184,3
CAND12572,SK0117,5
CAND10978,SK0208,1
CAND04231,SK0122,4
CAND14450,SK0050,1
CAND08180,SK0289,4
CAND06518,SK0150,1
CAND04441,SK0021,3
CAND08492,SK0275,5
CAND07539,SK0141,1
CAND13916,SK0204,1
CAND10168,SK0057,5
CAND13971,SK0101,1
CAND11483,SK0143,4
CAND11276,SK0149,1
CAND07568,SK0138,1
CAND02445,SK0120,4
CAND07631,SK0111,3
CAND04933,SK0048,1
CAND14950,SK0299,5
CAND13139,SK0036,1
CAND14392,SK0246,2
CAND09268,SK0258,2
CAND06854,SK0159,1
CAND11424,SK0292,1
CAND11607,SK0009,3
CAND05546,SK0116,1
CAND07685,SK0180,2
CAND01204,SK0007,2
CAND04331,SK0178,2
CAND08730,SK0061,4
CAND07958,SK0207,5
CAND01316,SK0085,3
CAND01729,SK0109,3
CAND05049,SK0208,2
CAND10878,SK0213,5
CAND04644,SK0142,3
CAND05302,SK0138,2
CAND13340,SK0257,4
CAND01616,SK0233,4
CAND12594,SK0059,5
CAND08595,SK0047,4
CAND05069,SK0217,2
CAND14821,SK0041,1
CAND13110,SK0010,2
CAND11687,SK0016,5
CAND11599,SK0224,1
CAND04355,SK0049,4
CAND05282,SK0153,3
CAND01490,SK0158,1
CAND14831,SK0226,2
CAND11379,SK0174,2
CAND11589,SK0141,2
CAND13519,SK0211,5
CAND05175,SK0128,3
CAND04792,SK0088,3
CAND10047,SK0008,4
CAND07365,SK0196,2
CAND04092,SK0061,3
CAND11082,SK0121,4
CAND01263,SK0163,5
CAND13081,SK0288,2
CAND11694,SK0171,4
CAND05744,SK0088,4
CAND03557,SK0034,4
CAND04929,SK0190,2
CAND12519,SK0251,3
CAND08373,SK0012,5
CAND11064,SK0100,1
CAND07881,SK0192,1
CAND09303,SK0055,2
CAND03973,SK0060,1
CAND14474,SK0267,5
CAND14537,SK0065,5
CAND04392,SK0058,1
CAND07395,SK0150,1
CAND07267,SK0031,1
CAND14773,SK0139,5
CAND02783,SK0061,2
CAND04790,SK0128,3
CAND05746,SK0193,1
CAND07874,SK0034,5
CAND10884,SK0274,2
CAND14765,SK0023,1
CAND13002,SK0089,1
CAND14446,SK0041,5
CAND01262,SK0044,2
CAND03992,SK0015,5
CAND10736,SK0229,1
CAND08777,SK0264,5
CAND03755,SK0274,4
CAND10025,SK0093,5
CAND08200,SK0243,2
CAND06300,SK0259,3
CAND14092,SK0269,2
CAND12123,SK0154,3
CAND07637,SK0065,5
CAND05554,SK0283,2
CAND05509,SK0247,3
CAND04175,SK0086,4
CAND08037,SK0169,5
CAND02672,SK0226,1
CAND04053,SK0123,1
CAND13092,SK0051,1
CAND02689,SK0130,4
CAND11964,SK0172,1
CAND05488,SK0171,5
CAND12593,SK0225,2
CAND00893,SK0246,5
CAND06571,SK0116,2
CAND11573,SK0279,5
CAND01302,SK0255,4
CAND13902,SK0012,5
CAND10601,SK0231,5
CAND11141,SK0265,1
CAND13047,SK0056,4
CAND01046,SK0248,4
CAND00957,SK0173,5
CAND01765,SK0173,1
CAND01835,SK0246,5
CAND06780,SK0240,2
CAND07536,SK0111,1
CAND09154,SK0115,4
CAND07843,SK0179,2
CAND09135,SK0212,5
CAND10866,SK0166,1
CAND10353,SK0146,5
CAND13003,SK0286,2
CAND14799,SK0292,3
CAND05883,SK0117,4
CAND08120,SK0090,1
CAND14947,SK0070,1
CAND11409,SK0143,2
CAND01829,SK0246,1
CAND06286,SK0229,5
CAND12538,SK0093,5
CAND08170,SK0095,5
CAND00845,SK0289,2
CAND13160,SK0026,5
CAND13829,SK0025,3
CAND10581,SK0292,5
CAND09149,SK0299,3
CAND12142,SK0096,1
CAND09992,SK0077,3
CAND00283,SK0198,3
CAND01445,SK0150,3
CAND09882,SK0263,4
CAND12406,SK0209,4
CAND13357,SK0268,4
CAND00250,SK0016,5
CAND01461,SK0086,2
CAND07016,SK0291,2
CAND04960,SK0132,1
CAND13495,SK0051,2
CAND00634,SK0238,4
CAND08531,SK0001,5
CAND00212,SK0189,3
CAND09429,SK0021,4
CAND07101,SK0104,1
CAND10535,SK0098,4
CAND08071,SK0297,2
CAND02164,SK0063,4
CAND04651,SK0232,2
CAND07766,SK0104,3
CAND01116,SK0013,1
CAND13259,SK0191,2
CAND02441,SK0037,3
CAND02440,SK0284,3
CAND14037,SK0177,4
CAND08552,SK0287,3
CAND08280,SK0010,1
CAND12621,SK0118,3
CAND04318,SK0207,3
CAND04066,SK0003,4
CAND12691,SK0219,4
CAND08100,SK0292,2
CAND05766,SK0065,2
CAND07653,SK0261,1
CAND09666,SK0064,3
CAND08187,SK0172,4
CAND10932,SK0157,5
CAND08218,SK0272,1
CAND08497,SK0205,4
CAND08608,SK0003,3
CAND05377,SK0209,3
CAND00415,SK0258,5
CAND12591,SK0023,3
CAND04188,SK0136,1
CAND01603,SK0271,1
CAND12407,SK0233,2
CAND01701,SK0065,2
CAND03057,SK0039,5
CAND11968,SK0226,2
CAND12488,SK0115,5
CAND06130,SK0122,2
CAND07625,SK0239,5
CAND00426,SK0023,1
CAND02703,SK0232,2
CAND04229,SK0213,2
CAND14104,SK0102,4
CAND02344,SK0288,5
CAND14415,SK0133,4
CAND09414,SK0149,4
CAND14899,SK0117,3
CAND10766,SK0220,1
CAND00333,SK0112,4
CAND12934,SK0286,3
CAND05614,SK0069,5
CAND14266,SK0216,3
CAND02830,SK0262,2
CAND03095,SK0113,3
CAND05722,SK0238,4
CAND00235,SK0204,1
CAND02873,SK0144,3
CAND03558,SK0194,4
CAND03441,SK0076,3
CAND11212,SK0195,4
CAND01746,SK0211,4
CAND02650,SK0295,5
CAND00398,SK0148,2
CAND02577,SK0023,5
CAND07115,SK0006,3
CAND10629,SK0240,5
CAND11123,SK0019,4
CAND06683,SK0126,3
CAND10885,SK0092,4
CAND01338,SK0122,1
CAND12684,SK0229,1
CAND13330,SK0197,5
CAND14078,SK0296,4
CAND04873,SK0187,1
CAND09297,SK0158,2
CAND02588,SK0153,4
CAND01755,SK0143,5
CAND07697,SK0297,2
CAND09043,SK0055,1
CAND01469,SK0139,5
CAND08277,SK0119,2
CAND09230,SK0119,4
CAND13622,SK0234,1
CAND07222,SK0149,4
CAND13351,SK0062,5
CAND05967,SK0009,2
CAND08190,SK0235,3
CAND10212,SK0068,4
CAND02862,SK0034,1
CAND06515,SK0063,3
CAND09305,SK0138,3
CAND08208,SK0219,3
CAND06026,SK0121,5
CAND10070,SK0141,3
CAND03645,SK0141,4
CAND13927,SK0031,2
CAND04847,SK0180,4
CAND07236,SK0214,1
CAND04171,SK0064,5
CAND14656,SK0156,4
CAND00945,SK0118,5
CAND09257,SK0243,1
CAND04192,SK0145,4
CAND07686,SK0036,3
CAND07285,SK0126,3
CAND04012,SK0244,5
CAND03165,SK0190,4
CAND02655,SK0183,1
CAND05058,SK0183,2
CAND01782,SK0264,3
CAND12949,SK0074,1
CAND13497,SK0002,1
CAND12347,SK0154,5
CAND13612,SK0130,3
CAND12357,SK0103,1
CAND05867,SK0200,3
CAND13483,SK0116,3
CAND13790,SK0295,4
CAND14928,SK0278,2
CAND09563,SK0180,1
CAND09796,SK0153,5
CAND07669,SK0224,1
CAND05555,SK0256,5
CAND06587,SK0231,2
CAND04322,SK0186,1
CAND03036,SK0008,2
CAND09735,SK0064,5
CAND10028,SK0230,4
CAND13508,SK0158,1
CAND11179,SK0193,4
CAND01435,SK0123,3
CAND07954,SK0284,4
CAND10254,SK0249,3
CAND00690,SK0186,4
CAND04713,SK0190,1
CAND02840,SK0281,4
CAND04516,SK0216,3
CAND08862,SK0156,4
CAND03752,SK0150,5
CAND06853,SK0156,4
CAND09670,SK0187,2
CAND12742,SK0170,3
CAND05886,SK0149,1
CAND11361,SK0102,1
CAND06779,SK0089,2
CAND03469,SK0005,2
CAND10606,SK0154,5
CAND06187,SK0174,5
CAND04527,SK0234,1
CAND01236,SK0217,1
CAND09257,SK0025,3
CAND04660,SK0296,4
CAND08708,SK0182,4
CAND11169,SK0288,4
CAND08956,SK0299,1
CAND01481,SK0078,1
CAND04347,SK0179,5
CAND03303,SK0231,2
CAND03832,SK0077,4
CAND13833,SK0286,1
CAND06647,SK0057,3
CAND00163,SK0176,3
CAND02875,SK0266,4
CAND02805,SK0022,4
CAND00131,SK0206,1
CAND08193,SK0232,4
CAND00549,SK0164,3
CAND01940,SK0115,4
CAND07393,SK0123,5
CAND07451,SK0277,2
CAND06714,SK0170,5
CAND00759,SK0132,2
CAND07005,SK0277,5
CAND14890,SK0238,3
CAND05859,SK0247,1
CAND14072,SK0091,3
CAND07990,SK0109,2
CAND07478,SK0195,3
CAND13382,SK0115,5
CAND09680,SK0299,2
CAND14885,SK0118,2
CAND14651,SK0072,4
CAND06221,SK0188,3
CAND14784,SK0075,5
CAND00675,SK0158,5
CAND05923,SK0018,3
CAND00298,SK0216,4
CAND04853,SK0080,4
CAND01116,SK0124,4
CAND14035,SK0192,1
CAND06198,SK0273,4
CAND01046,SK0047,4
CAND01193,SK0174,3
CAND11964,SK0010,1
CAND08198,SK0059,4
CAND05389,SK0165,2
CAND13549,SK0114,1
CAND14487,SK0097,1
CAND05270,SK0050,1
CAND04267,SK0194,4
CAND01111,SK0061,5
CAND14389,SK0009,1
CAND13250,SK0139,4
CAND10288,SK0284,5
CAND04432,SK0083,2
CAND08420,SK0118,3
CAND04257,SK0044,4
CAND08243,SK0064,1
CAND11178,SK0230,3
CAND02428,SK0117,1
CAND00602,SK0137,2
CAND01078,SK0254,4
CAND09791,SK0058,1
CAND10703,SK0130,2
CAND03221,SK0090,3
CAND05171,SK0130,2
CAND14788,SK0056,5
CAND04512,SK0092,5
CAND11330,SK0240,4
CAND05027,SK0260,1
CAND13896,SK0111,3
CAND02684,SK0194,3
CAND12179,SK0001,1
CAND09383,SK0196,5
CAND03375,SK0183,1
CAND07582,SK0015,4
CAND05602,SK0289,1
CAND09658,SK0089,2
CAND04550,SK0188,5
CAND02492,SK0088,4
CAND09180,SK0068,4
CAND01555,SK0247,3
CAND14118,SK0288,5
CAND14797,SK0160,1
CAND03480,SK0146,2
CAND13421,SK0113,3
CAND06981,SK0001,3
CAND11919,SK0281,3
CAND14695,SK0012,4
CAND00053,SK0236,5
CAND08950,SK0238,5
CAND11422,SK0036,1
CAND09149,SK0292,4
CAND12545,SK0142,5
CAND11546,SK0187,5
CAND12141,SK0106,4
CAND03023,SK0290,2
CAND03940,SK0284,1
CAND07179,SK0280,4
CAND08132,SK0162,3
CAND05572,SK0265,3
CAND03191,SK0286,2
CAND00731,SK0081,1
CAND05816,SK0131,4
CAND05885,SK0183,3
CAND12321,SK0147,2
CAND10281,SK0020,2
CAND10380,SK0298,3
CAND04628,SK0227,5
CAND01082,SK0199,4
CAND03323,SK0046,5
CAND03266,SK0018,5
CAND05755,SK0184,2
CAND14124,SK0290,2
CAND12210,SK0042,4
CAND09578,SK0133,2
CAND06256,SK0275,3
CAND14309,SK0210,5
CAND04696,SK0232,4
CAND01085,SK0085,5
CAND07132,SK0071,4
CAND02844,SK0055,2
CAND08432,SK0088,5
CAND12866,SK0109,2
CAND06924,SK0171,5
CAND11017,SK0185,4
CAND13633,SK0255,1
CAND11065,SK0265,2
CAND00905,SK0147,5
CAND00061,SK0286,3
CAND08772,SK0264,1
CAND09640,SK0187,2
CAND14116,SK0285,4
CAND05116,SK0094,5
CAND11754,SK0185,5
CAND07011,SK0064,5
CAND06329,SK0208,5
CAND01901,SK0241,2
CAND05190,SK0279,1
CAND04352,SK0200,5
CAND08019,SK0121,4
CAND11855,SK0215,1
CAND01365,SK0198,1
CAND10018,SK0057,1
CAND05388,SK0158,4
CAND10853,SK0288,4
CAND06499,SK0135,4
CAND04215,SK0022,1
CAND09728,SK0132,4
CAND08346,SK0236,5
CAND02231,SK0034,5
CAND14625,SK0267,4
CAND00745,SK0230,3
CAND10520,SK0260,5
CAND08821,SK0135,5
CAND06019,SK0026,4
CAND08440,SK0162,5
CAND08117,SK0242,4
CAND01515,SK0293,5
CAND05294,SK0116,5
CAND13898,SK0237,5
CAND04811,SK0044,3
CAND09360,SK0029,3
CAND09632,SK0248,5
CAND05239,SK0230,3
CAND03846,SK0297,3
CAND09933,SK0286,4
CAND06090,SK0213,2
CAND05814,SK0066,1
CAND10923,SK0258,3
CAND02553,SK0162,3
CAND14524,SK0002,1
CAND14421,SK0186,5
CAND06499,SK0290,5
CAND07896,SK0275,5
CAND09342,SK0237,4
CAND10722,SK0232,3
CAND00591,SK0247,4
CAND09213,SK0144,3
CAND04443,SK0002,2
CAND11027,SK0179,1
CAND01990,SK0071,3
CAND04829,SK0206,3
CAND09625,SK0166,5
CAND10179,SK0082,5
CAND05618,SK0091,3
CAND06673,SK0141,2
CAND07404,SK0250,1
CAND11074,SK0137,3
CAND11120,SK0070,5
CAND08368,SK0205,4
CAND13057,SK0250,1
CAND05561,SK0140,3
CAND11763,SK0201,4
CAND08158,SK0218,3
CAND14509,SK0123,5
CAND10742,SK0043,1
CAND04329,SK0169,5
CAND10282,SK0235,3
CAND07551,SK0291,3
CAND10649,SK0046,3
CAND08414,SK0166,2
CAND03491,SK0264,2
CAND08091,SK0068,5
CAND03387,SK0270,2
CAND08813,SK0190,3
CAND03650,SK0122,4
CAND11938,SK0016,1
CAND01689,SK0061,1
CAND04486,SK0024,4
CAND08289,SK0138,4
CAND11927,SK0039,3
CAND02216,SK0117,1
CAND06355,SK0141,2
CAND01116,SK0248,3
CAND02662,SK0207,5
CAND05469,SK0192,3
CAND14848,SK0177,1
CAND01190,SK0211,2
CAND08710,SK0077,5
CAND13459,SK0278,3
CAND06506,SK0228,3
CAND02297,SK0001,1
CAND10654,SK0074,2
CAND09155,SK0082,3
CAND11559,SK0222,1
CAND07805,SK0281,5
CAND08551,SK0221,2
CAND12679,SK0096,1
CAND11651,SK0209,5
CAND07144,SK0208,1
CAND08586,SK0099,5
CAND00510,SK0169,1
CAND05191,SK0231,5
CAND12739,SK0179,3
CAND08221,SK0258,1
CAND00679,SK0221,1
CAND07126,SK0194,1
CAND03353,SK0140,3
CAND08836,SK0158,3
CAND02761,SK0207,1
CAND14286,SK0019,4
CAND10966,SK0042,5
CAND13903,SK0174,1
CAND05455,SK0087,1
CAND11083,SK0081,2
CAND14468,SK0121,2
CAND01525,SK0054,3
CAND03028,SK0075,1
CAND00163,SK0021,3
CAND03437,SK0285,3
CAND05065,SK0289,4
CAND04525,SK0111,1
CAND14731,SK0134,3
CAND13298,SK0151,4
CAND10540,SK0138,1
CAND13217,SK0150,4
CAND09662,SK0215,5
CAND10047,SK0059,3
CAND12381,SK0003,3
CAND04930,SK0232,3
CAND14027,SK0038,4
CAND12018,SK0198,3
CAND04981,SK0105,5
CAND00565,SK0238,5
CAND07707,SK0092,1
CAND12087,SK0217,1
CAND10791,SK0030,4
CAND10108,SK0087,5
CAND08810,SK0180,3
CAND10090,SK0226,2
CAND14252,SK0001,5
CAND00085,SK0143,4
CAND08528,SK0150,1
CAND08236,SK0143,4
CAND01953,SK0275,1
CAND12858,SK0117,1
CAND01515,SK0267,4
CAND10494,SK0194,1
CAND11001,SK0066,5
CAND13078,SK0284,4
CAND08687,SK0023,5
CAND11249,SK0232,5
CAND01112,SK0109,4
CAND14550,SK0017,1
CAND01975,SK0003,1
CAND12460,SK0051,1
CAND12683,SK0065,5
CAND02384,SK0196,4
CAND08394,SK0063,2
CAND10016,SK0059,4
CAND02240,SK0065,3
CAND08864,SK0113,4
CAND07114,SK0272,2
CAND03368,SK0237,1
CAND13521,SK0083,4
CAND14993,SK0162,4
CAND02097,SK0042,2
CAND03637,SK0162,3
CAND10741,SK0262,2
CAND01080,SK0143,2
CAND07388,SK0175,5
CAND09322,SK0027,5
CAND04771,SK0095,1
CAND11041,SK0205,1
CAND10612,SK0244,4
CAND04163,SK0285,5
CAND03477,SK0147,2
CAND05687,SK0022,4
CAND08492,SK0165,5
CAND10513,SK0090,4
CAND00743,SK0135,2
CAND02088,SK0071,2
CAND12700,SK0039,3
CAND01873,SK0074,5
CAND04957,SK0018,1
CAND14582,SK0299,5
CAND12208,SK0038,3
CAND13629,SK0242,4
CAND03757,SK0021,2
CAND14739,SK0169,1
CAND06918,SK0117,5
CAND12447,SK0275,3
CAND01943,SK0005,4
CAND02265,SK0094,3
CAND04638,SK0175,1
CAND03083,SK0159,1
CAND04450,SK0111,1
CAND11971,SK0236,5
CAND07191,SK0082,4
CAND12617,SK0230,3
CAND05543,SK0171,1
CAND11410,SK0072,1
CAND14852,SK0208,2
CAND07280,SK0266,4
CAND10541,SK0196,1
CAND10294,SK0031,2
CAND00028,SK0224,4
CAND14899,SK0022,2
CAND06695,SK0023,5
CAND08961,SK0018,3
CAND10618,SK0023,1
CAND07469,SK0255,3
CAND08142,SK0188,2
CAND10847,SK0109,5
CAND14452,SK0108,5
CAND00526,SK0188,5
CAND14906,SK0125,3
CAND07348,SK0265,2
CAND08407,SK0216,2
CAND08511,SK0210,2
CAND09147,SK0150,4
CAND12864,SK0178,4
CAND06334,SK0096,1
CAND00519,SK0084,3
CAND06326,SK0152,5
CAND03005,SK0118,5
CAND09611,SK0066,2
CAND09817,SK0228,4
CAND06161,SK0094,3
CAND14257,SK0082,2
CAND13847,SK0231,5
CAND14487,SK0074,1
CAND14218,SK0289,5
CAND07033,SK0077,4
CAND10719,SK0014,5
CAND10459,SK0157,3
CAND06965,SK0194,3
CAND08655,SK0051,4
CAND01540,SK0056,5
CAND13695,SK0271,1
CAND07872,SK0240,4
CAND11846,SK0291,3
CAND06916,SK0054,1
CAND07914,SK0273,1
CAND11109,SK0021,3
CAND13305,SK0050,1
CAND14271,SK0105,4
CAND05220,SK0271,3
CAND01489,SK0086,5
CAND09674,SK0270,5
CAND11665,SK0197,1
CAND08680,SK0230,1
CAND05911,SK0103,3
CAND05441,SK0035,2
CAND09061,SK0204,3
CAND14947,SK0051,1
CAND07070,SK0059,5
CAND09889,SK0214,1
CAND06588,SK0251,3
CAND02282,SK0084,3
CAND01968,SK0152,1
CAND10354,SK0190,1
CAND09398,SK0248,5
CAND10518,SK0040,3
CAND06875,SK0174,1
CAND13323,SK0177,4
CAND00210,SK0010,2
CAND08948,SK0263,4
CAND14652,SK0156,5
CAND08185,SK0105,5
CAND03055,SK0254,2
CAND03053,SK0193,3
CAND09913,SK0281,3
CAND06782,SK0249,3
CAND01563,SK0021,5
CAND01813,SK0298,2
CAND01170,SK0096,1
CAND10282,SK0132,1
CAND07622,SK0291,4
CAND03085,SK0192,5
CAND05271,SK0099,3
CAND03521,SK0177,2
CAND13583,SK0112,5
CAND04917,SK0252,2
CAND07868,SK0280,5
CAND01332,SK0048,4
CAND09413,SK0018,3
CAND02214,SK0269,5
CAND00425,SK0088,5
CAND14164,SK0012,2
CAND00765,SK0245,2
CAND05213,SK0006,3
CAND10769,SK0014,4
CAND14898,SK0020,2
CAND06594,SK0104,1
CAND04539,SK0296,1
CAND01206,SK0128,5
CAND08169,SK0018,2
CAND00735,SK0098,4
CAND13072,SK0211,3
CAND13394,SK0242,5
CAND14923,SK0020,1
CAND00459,SK0300,3
CAND13905,SK0118,3
CAND08978,SK0172,3
CAND08658,SK0294,2
CAND09292,SK0061,1
CAND05229,SK0103,2
CAND00625,SK0102,5
CAND12654,SK0231,4
CAND12162,SK0052,4
CAND13840,SK0112,4
CAND12168,SK0122,5
CAND00424,SK0079,1
CAND01797,SK0206,3
CAND14004,SK0208,2
CAND07728,SK0032,4
CAND12256,SK0197,3
CAND07630,SK0146,2
CAND05788,SK0207,2
CAND01446,SK0097,4
CAND07709,SK0253,3
CAND07396,SK0265,1
CAND05231,SK0039,2
CAND00662,SK0206,3
CAND01486,SK0197,2
CAND10832,SK0146,5
CAND14440,SK0017,5
CAND05945,SK0187,4
CAND11298,SK0289,1
CAND13578,SK0212,3
CAND11208,SK0004,5
CAND06897,SK0129,1
CAND08156,SK0032,4
CAND05920,SK0022,4
CAND06109,SK0057,2
CAND09723,SK0161,2
CAND05038,SK0242,5
CAND07796,SK0173,2
CAND03988,SK0075,3
CAND06807,SK0061,4
CAND04078,SK0149,4
CAND14993,SK0271,4
CAND06923,SK0055,1
CAND05072,SK0020,4
CAND07020,SK0271,1
CAND07580,SK0186,1
CAND01513,SK0291,3
CAND14999,SK0006,4
CAND12537,SK0115,1
CAND06476,SK0116,2
CAND02802,SK0204,5
CAND02326,SK0014,1
CAND01773,SK0147,2
CAND07427,SK0110,4
CAND01962,SK0183,4
CAND13248,SK0066,1
CAND03441,SK0012,1
CAND05435,SK0104,4
CAND06678,SK0282,3
CAND04409,SK0094,2
CAND11981,SK0027,3
CAND07693,SK0092,2
CAND05537,SK0019,3
CAND09169,SK0099,1
CAND03811,SK0041,5
CAND09963,SK0152,1
CAND06347,SK0281,4
CAND08774,SK0013,5
CAND08998,SK0011,3
CAND13345,SK0077,5
CAND07961,SK0014,4
CAND12754,SK0098,1
CAND01814,SK0161,1
CAND03264,SK0215,2
CAND14089,SK0113,3
CAND00854,SK0059,3
CAND00075,SK0256,1
CAND02242,SK0073,3
CAND12397,SK0129,5
CAND11144,SK0199,3
CAND14734,SK0249,3
CAND04674,SK0187,3
CAND00726,SK0163,5
CAND10310,SK0167,1
CAND04430,SK0049,2
CAND01718,SK0265,1
CAND04248,SK0050,1
CAND03735,SK0229,4
CAND13565,SK0063,2
CAND04390,SK0066,1
CAND03235,SK0005,3
CAND13033,SK0199,1
CAND07376,SK0145,4
CAND13267,SK0023,2
CAND07584,SK0031,4
CAND09384,SK0111,3
CAND04098,SK0050,1
CAND01928,SK0262,4
CAND08475,SK0106,2
CAND14303,SK0074,2
CAND11626,SK0280,2
CAND02902,SK0200,4
CAND13663,SK0250,4
CAND02947,SK0204,2
CAND03370,SK0187,1
CAND03402,SK0174,4
CAND12726,SK0107,4
CAND12085,SK0095,1
CAND12498,SK0215,3
CAND04978,SK0299,5
CAND14346,SK0213,2
CAND08450,SK0213,1
CAND11642,SK0020,2
CAND06071,SK0211,4
CAND07196,SK0035,5
CAND03934,SK0085,3
CAND00853,SK0239,1
CAND13974,SK0267,3
CAND00573,SK0224,1
CAND01451,SK0214,4
CAND10530,SK0239,1
CAND04571,SK0278,2
CAND01391,SK0277,4
CAND07428,SK0003,3
CAND00639,SK0092,1
CAND11875,SK0295,3
CAND00563,SK0117,5
CAND10427,SK0016,1
CAND05715,SK0028,5
CAND00936,SK0011,1
CAND06174,SK0267,4
CAND08057,SK0243,3
CAND12264,SK0017,1
CAND00856,SK0092,1
CAND10955,SK0283,5
CAND06845,SK0177,1
CAND06700,SK0297,5
CAND06243,SK0193,1
CAND02232,SK0172,2
CAND04507,SK0190,2
CAND07348,SK0159,1
CAND02217,SK0181,2
CAND10884,SK0225,3
CAND05449,SK0260,3
CAND10413,SK0192,1
CAND09943,SK0166,4
CAND04679,SK0076,4
CAND10348,SK0131,1
CAND08747,SK0119,3
CAND07323,SK0273,1
CAND06935,SK0206,1
CAND00346,SK0039,2
CAND04351,SK0194,4
CAND08783,SK0134,5
CAND02990,SK0040,3
CAND14402,SK0166,5
CAND10178,SK0134,2
CAND10303,SK0026,1
CAND14129,SK0090,4
CAND02547,SK0175,4
CAND08637,SK0114,5
CAND01894,SK0124,4
CAND04470,SK0169,2
CAND04530,SK0258,4
CAND13352,SK0245,4
CAND02569,SK0094,3
CAND11294,SK0095,3
CAND12613,SK0262,2
CAND07016,SK0157,5
CAND04058,SK0164,2
CAND12737,SK0152,1
CAND01273,SK0238,4
CAND08646,SK0244,4
CAND00082,SK0017,4
CAND00550,SK0122,1
CAND04665,SK0022,5
CAND08394,SK0171,3
CAND11969,SK0222,2
CAND13847,SK0279,3
CAND03893,SK0298,5
CAND07359,SK0259,2
CAND06304,SK0077,1
CAND05763,SK0195,2
CAND06541,SK0187,5
CAND12585,SK0068,1
CAND09493,SK0091,1
CAND11224,SK0297,4
CAND02202,SK0121,3
CAND11345,SK0167,5
CAND13694,SK0141,3
CAND09317,SK0229,2
CAND11147,SK0233,1
CAND11009,SK0299,1
CAND10115,SK0061,1
CAND12901,SK0039,5
CAND07107,SK0129,4
CAND07773,SK0022,1
CAND02450,SK0099,4
CAND04968,SK0062,1
CAND07045,SK0109,4
CAND07740,SK0226,4
CAND12756,SK0086,1
CAND11996,SK0040,2
CAND02149,SK0026,4
CAND01144,SK0046,5
CAND01275,SK0118,5
CAND07948,SK0001,3
CAND11000,SK0005,4
CAND11764,SK0206,3
CAND07745,SK0277,3
CAND08881,SK0156,2
CAND02093,SK0119,1
CAND14458,SK0148,1
CAND03682,SK0035,5
CAND11924,SK0062,3
CAND01709,SK0178,1
CAND04484,SK0027,3
CAND01835,SK0075,2
CAND09773,SK0199,1
CAND10647,SK0030,5
CAND00876,SK0038,2
CAND07674,SK0044,5
CAND05710,SK0292,1
CAND14733,SK0219,5
CAND12956,SK0078,2
CAND14484,SK0174,2
CAND06117,SK0228,5
CAND06946,SK0132,3
CAND07348,SK0012,4
CAND11154,SK0277,2
CAND12645,SK0222,5
CAND08291,SK0162,4
CAND04823,SK0140,1
CAND13994,SK0243,2
CAND08828,SK0053,5
CAND14081,SK0008,3
CAND01393,SK0279,3
CAND13112,SK0085,2
CAND09515,SK0005,2
CAND04221,SK0276,4
CAND06162,SK0184,2
CAND08080,SK0253,4
CAND04453,SK0168,5
CAND01166,SK0028,1
CAND10692,SK0269,3
CAND03930,SK0006,3
CAND04954,SK0088,1
CAND09023,SK0072,5
CAND06822,SK0177,1
CAND08698,SK0109,5
CAND06536,SK0101,2
CAND10539,SK0201,5
CAND10644,SK0025,1
CAND02140,SK0171,4
CAND08338,SK0063,3
CAND05206,SK0154,4
CAND11043,SK0141,1
CAND10987,SK0087,3
CAND06532,SK0272,2
CAND04349,SK0040,2
CAND12254,SK0052,1
CAND10997,SK0015,1
CAND10040,SK0203,1
CAND09036,SK0062,1
CAND01389,SK0266,5
CAND00822,SK0016,5
CAND05646,SK0182,1
CAND06216,SK0281,5
CAND00725,SK0059,5
CAND12329,SK0073,5
CAND01560,SK0287,5
CAND07470,SK0299,5
CAND09843,SK0102,3
CAND00984,SK0139,2
CAND09659,SK0285,2
CAND08492,SK0018,5
CAND12718,SK0097,4
CAND08846,SK0242,2
CAND09967,SK0208,2
CAND05551,SK0025,5
CAND02403,SK0292,5
CAND00681,SK0223,5
CAND13211,SK0256,5
CAND13857,SK0290,4
CAND01255,SK0289,1
CAND03553,SK0180,3
CAND08673,SK0153,2
CAND05522,SK0220,1
CAND01001,SK0151,4
CAND09609,SK0011,3
CAND10352,SK0217,3
CAND02785,SK0201,1
CAND12144,SK0200,3
CAND04724,SK0083,2
CAND09813,SK0143,2
CAND03018,SK0042,1
CAND05385,SK0178,1
CAND09511,SK0184,2
CAND01730,SK0076,2
CAND04987,SK0204,3
CAND01879,SK0260,4
CAND01620,SK0242,5
CAND00285,SK0254,4
CAND01766,SK0116,3
CAND02475,SK0130,4
CAND02802,SK0258,3
CAND14635,SK0146,4
CAND07578,SK0097,3
CAND12199,SK0056,5
CAND08408,SK0236,4
CAND12400,SK0137,3
CAND13837,SK0036,4
CAND00676,SK0253,4
CAND00820,SK0032,1
CAND14131,SK0067,1
CAND03873,SK0142,3
CAND01113,SK0037,1
CAND12955,SK0105,4
CAND09375,SK0090,4
CAND02280,SK0116,3
CAND07796,SK0136,4
CAND00848,SK0082,3
CAND03299,SK0032,3
CAND04573,SK0009,1
CAND03344,SK0071,3
CAND00309,SK0185,3
CAND10104,SK0096,5
CAND08165,SK0078,2
CAND07764,SK0129,3
CAND06092,SK0082,5
CAND06686,SK0111,3
CAND08831,SK0298,4
CAND14823,SK0199,5
CAND02348,SK0230,4
CAND06416,SK0235,3
CAND00887,SK0236,4
CAND02563,SK0272,1
CAND06842,SK0016,2
CAND04679,SK0042,4
CAND13177,SK0237,2
CAND06136,SK0277,2
CAND10988,SK0007,3
CAND07198,SK0271,2
CAND07019,SK0001,5
CAND12688,SK0221,3
CAND00331,SK0045,5
CAND01434,SK0128,5
CAND10730,SK0185,5
CAND03458,SK0187,1
CAND12373,SK0242,3
CAND04875,SK0129,5
CAND08130,SK0204,5
CAND04903,SK0259,1
CAND10031,SK0165,3
CAND07333,SK0094,3
CAND00364,SK0082,2
CAND13429,SK0259,5
CAND13897,SK0243,1
CAND10086,SK0169,1
CAND01191,SK0060,3
CAND06992,SK0181,2
CAND05130,SK0010,3
CAND09530,SK0003,5
CAND01499,SK0186,5
CAND03763,SK0171,1
CAND03131,SK0167,3
CAND04011,SK0046,2
CAND13326,SK0287,3
CAND05049,SK0050,3
CAND00529,SK0134,5
CAND07693,SK0132,4
CAND10424,SK0285,1
CAND14569,SK0032,4
CAND03740,SK0003,3
CAND09760,SK0273,5
CAND01349,SK0008,4
CAND03770,SK0043,5
CAND05268,SK0103,2
CAND04470,SK0279,3
CAND10374,SK0179,3
CAND01107,SK0220,3
CAND05596,SK0265,1
CAND09090,SK0043,1
CAND03822,SK0180,1
CAND12211,SK0009,4
CAND02846,SK0248,5
CAND08571,SK0061,5
CAND02288,SK0038,2
CAND06499,SK0159,2
CAND08809,SK0228,3
CAND13225,SK0277,3
CAND08854,SK0120,2
CAND00338,SK0163,4
CAND04369,SK0225,2
CAND12448,SK0115,2
CAND14921,SK0275,1
CAND03684,SK0247,1
CAND07453,SK0206,3
CAND05234,SK0217,1
CAND05199,SK0028,5
CAND11908,SK0084,2
CAND11273,SK0050,3
CAND12692,SK0269,1
CAND01733,SK0114,3
CAND00072,SK0275,5
CAND09065,SK0147,5
CAND02706,SK0261,4
CAND14237,SK0210,2
CAND01534,SK0205,4
CAND11533,SK0254,4
CAND06249,SK0046,5
CAND00274,SK0055,4
CAND06366,SK0201,3
CAND02177,SK0205,1
CAND00018,SK0035,5
CAND13075,SK0037,3
CAND08907,SK0081,2
CAND14923,SK0115,2
CAND14202,SK0140,2
CAND10639,SK0181,1
CAND12836,SK0039,4
CAND01219,SK0237,2
CAND03067,SK0065,2
CAND10954,SK0134,1
CAND12306,SK0076,3
CAND10863,SK0022,2
CAND07508,SK0249,2
CAND12687,SK0041,4
CAND06227,SK0067,3
CAND10047,SK0101,1
CAND06136,SK0232,4
CAND03749,SK0151,4
CAND10487,SK0087,4
CAND11879,SK0114,4
CAND06150,SK0263,4
CAND04697,SK0178,1
CAND10838,SK0061,2
CAND14326,SK0003,4
CAND00041,SK0170,2
CAND05329,SK0128,5
CAND07667,SK0012,2
CAND04988,SK0153,3
CAND11383,SK0289,4
CAND06276,SK0028,4
CAND06016,SK0174,1
CAND14096,SK0216,5
CAND01697,SK0151,2
CAND13319,SK0228,5
CAND06563,SK0086,3
CAND09822,SK0056,3
CAND02991,SK0042,3
CAND09159,SK0137,4
CAND12103,SK0148,2
CAND14752,SK0294,1
CAND06363,SK0176,4
CAND01957,SK0110,1
CAND10884,SK0139,3
CAND02369,SK0085,2
CAND02283,SK0144,4
CAND00504,SK0031,1
CAND13405,SK0248,3
CAND06612,SK0236,2
CAND09226,SK0211,2
CAND04915,SK0052,5
CAND13033,SK0274,3
CAND08347,SK0146,4
CAND12859,SK0154,5
CAND05132,SK0049,2
CAND06675,SK0009,4
CAND12622,SK0299,4
CAND12466,SK0038,2
CAND13438,SK0178,4
CAND05067,SK0137,2
CAND03489,SK0259,1
CAND07155,SK0254,3
CAND08116,SK0158,4
CAND03717,SK0251,1
CAND05622,SK0055,5
CAND06885,SK0224,2
CAND06803,SK0244,1
CAND13805,SK0233,1
CAND14667,SK0074,3
CAND13019,SK0045,3
CAND04834,SK0248,3
CAND13498,SK0293,3
CAND08760,SK0258,3
CAND12422,SK0218,4
CAND08368,SK0240,4
CAND10282,SK0147,2
CAND07511,SK0297,4
CAND08224,SK0199,3
CAND10309,SK0180,3
CAND12521,SK0171,5
CAND13089,SK0228,2
CAND03049,SK0008,4
CAND09940,SK0280,4
CAND08681,SK0143,2
CAND07008,SK0211,5
CAND12631,SK0048,3
CAND08063,SK0191,2
CAND07354,SK0259,3
CAND00514,SK0057,5
CAND03053,SK0176,5
CAND10521,SK0174,1
CAND12699,SK0115,2
CAND09240,SK0145,2
CAND02469,SK0147,2
CAND13062,SK0297,5
CAND05863,SK0087,5
CAND03031,SK0246,5
CAND05219,SK0107,1
CAND13886,SK0041,2
CAND01153,SK0209,3
CAND08329,SK0150,3
CAND02974,SK0036,3
CAND12430,SK0073,1
CAND10935,SK0057,1
CAND01148,SK0248,2
CAND13904,SK0004,3
CAND05417,SK0019,2
CAND13657,SK0112,2
CAND04631,SK0065,4
CAND00150,SK0138,1
CAND08811,SK0055,4
CAND04052,SK0084,5
CAND03656,SK0227,1
CAND13274,SK0080,5
CAND00743,SK0072,5
CAND12615,SK0261,4
CAND04915,SK0087,5
CAND04614,SK0224,5
CAND14580,SK0157,3
CAND01149,SK0283,5
CAND05942,SK0166,3
CAND01603,SK0286,1
CAND10944,SK0013,4
CAND12351,SK0130,5
CAND14832,SK0212,4
CAND03572,SK0208,2
CAND07863,SK0005,5
CAND02855,SK0190,3
CAND03671,SK0113,5
CAND07444,SK0061,1
CAND11995,SK0041,3
CAND01561,SK0140,4
CAND07675,SK0145,5
CAND01839,SK0149,2
CAND07329,SK0097,4
CAND02614,SK0095,3
CAND14887,SK0068,5
CAND08548,SK0034,4
CAND02930,SK0031,3
CAND09105,SK0187,5
CAND11395,SK0205,3
CAND09046,SK0299,1
CAND05027,SK0181,3
CAND05457,SK0113,2
CAND06282,SK0040,3
CAND07314,SK0136,5
CAND01843,SK0208,2
CAND03005,SK0188,4
CAND12090,SK0142,2
CAND12014,SK0125,2
CAND02218,SK0226,1
CAND01919,SK0065,3
CAND06524,SK0244,4
CAND04657,SK0074,5
CAND10873,SK0191,1
CAND00335,SK0112,4
CAND04835,SK0257,1
CAND09455,SK0237,3
CAND06613,SK0190,3
CAND13046,SK0187,2
CAND06213,SK0201,2
CAND09347,SK0013,3
CAND01804,SK0281,5
CAND04584,SK0202,3
CAND01131,SK0276,3
CAND12400,SK0020,3
CAND00287,SK0064,2
CAND04322,SK0300,5
CAND07813,SK0027,5
CAND14597,SK0053,1
CAND08929,SK0157,3
CAND07931,SK0073,1
CAND04113,SK0241,4
CAND10571,SK0026,2
CAND02656,SK0077,5
CAND03541,SK0216,4
CAND06009,SK0153,3
CAND12375,SK0273,2
CAND08128,SK0144,4
CAND12095,SK0253,1
CAND07966,SK0039,1
CAND03741,SK0251,1
CAND03165,SK0109,1
CAND02963,SK0212,4
CAND06720,SK0100,4
CAND04752,SK0046,3
CAND00596,SK0270,1
CAND06310,SK0170,2
CAND12755,SK0012,4
CAND11456,SK0290,4
CAND10529,SK0076,2
CAND14972,SK0091,2
CAND07888,SK0093,1
CAND13171,SK0067,2
CAND06037,SK0023,5
CAND12498,SK0163,3
CAND14868,SK0090,2
CAND08243,SK0051,1
CAND05226,SK0296,3
CAND11168,SK0182,3
CAND10306,SK0023,5
CAND11930,SK0120,3
CAND02580,SK0102,2
CAND04896,SK0010,4
CAND05517,SK0214,5
CAND13992,SK0261,4
CAND09869,SK0197,4
CAND05738,SK0021,4
CAND02174,SK0060,2
CAND09712,SK0030,1
CAND14199,SK0137,1
CAND11482,SK0041,3
CAND07608,SK0131,4
CAND11619,SK0202,5
CAND09703,SK0064,4
CAND07297,SK0171,2
CAND08119,SK0122,1
CAND13980,SK0289,3
CAND08586,SK0199,2
CAND09738,SK0004,2
CAND12276,SK0032,5
CAND06745,SK0012,1
CAND01094,SK0233,4
CAND10936,SK0005,5
CAND09792,SK0067,1
CAND08777,SK0076,1
CAND13536,SK0141,5
CAND14525,SK0197,5
CAND00391,SK0114,4
CAND04281,SK0174,4
CAND00227,SK0258,2
CAND00146,SK0263,2
CAND07588,SK0264,4
CAND09230,SK0072,4
CAND04369,SK0143,2
CAND07768,SK0084,5
CAND05193,SK0287,1
CAND07043,SK0003,1
CAND01927,SK0065,4
CAND01898,SK0028,3
CAND09355,SK0277,5
CAND01700,SK0267,4
CAND12180,SK0127,5
CAND08556,SK0030,1
CAND07140,SK0214,5
CAND02276,SK0044,5
CAND07074,SK0071,4
CAND14535,SK0231,5
CAND07798,SK0095,3
CAND10778,SK0237,3
CAND11133,SK0278,1
CAND05915,SK0183,3
CAND02652,SK0088,5
CAND06022,SK0081,4
CAND02587,SK0220,1
CAND11358,SK0237,1
CAND09031,SK0229,1
CAND10136,SK0263,2
CAND11637,SK0213,2
CAND03204,SK0046,1
CAND05048,SK0271,4
CAND13270,SK0143,2
CAND13455,SK0216,3
CAND10118,SK0071,1
CAND10143,SK0112,4
CAND00836,SK0267,4
CAND02671,SK0092,5
CAND14935,SK0151,5
CAND04281,SK0158,4
CAND03621,SK0006,4
CAND00912,SK0068,1
CAND08878,SK0078,1
CAND13607,SK0139,3
CAND13008,SK0173,5
CAND04145,SK0031,4
CAND04937,SK0067,1
CAND00464,SK0115,4
CAND07327,SK0238,2
CAND04665,SK0028,5
CAND13502,SK0178,1
CAND03075,SK0058,4
CAND09313,SK0014,4
CAND14826,SK0025,1
CAND14228,SK0262,2
CAND11836,SK0192,3
CAND04741,SK0266,2
CAND05876,SK0001,2
CAND04763,SK0206,3
CAND11364,SK0023,3
CAND13872,SK0156,5
CAND12553,SK0099,3
CAND14874,SK0231,2
CAND03739,SK0272,2
CAND13284,SK0249,3
CAND06425,SK0252,1
CAND04939,SK0181,1
CAND04548,SK0040,4
CAND10876,SK0027,2
CAND07395,SK0087,4
CAND12267,SK0261,2
CAND01173,SK0121,2
CAND08160,SK0125,3
CAND12163,SK0223,5
CAND03694,SK0284,2
CAND14674,SK0075,4
CAND10967,SK0073,5
CAND00807,SK0067,1
CAND08850,SK0280,1
CAND00226,SK0063,1
CAND04037,SK0033,2
CAND01871,SK0120,1
CAND11830,SK0050,1
CAND09255,SK0048,3
CAND00826,SK0063,5
CAND12677,SK0103,4
CAND12716,SK0164,3
CAND08710,SK0002,5
CAND07730,SK0091,2
CAND03693,SK0136,1
CAND11951,SK0123,1
CAND00629,SK0092,4
CAND11988,SK0247,3
CAND04077,SK0094,1
CAND01247,SK0066,3
CAND04286,SK0231,5
CAND06481,SK0099,2
CAND04846,SK0039,2
CAND09146,SK0092,4
CAND09983,SK0145,1
CAND04050,SK0152,5
CAND12285,SK0248,5
CAND06260,SK0121,2
CAND10704,SK0078,1
CAND11118,SK0130,2
CAND12113,SK0219,1
CAND09063,SK0265,3
CAND11908,SK0220,3
CAND06388,SK0286,4
CAND11305,SK0275,2
CAND04559,SK0189,5
CAND03268,SK0211,3
CAND00336,SK0273,4
CAND08834,SK0294,4
CAND09750,SK0068,5
CAND01884,SK0112,3
CAND12045,SK0099,3
CAND11001,SK0177,4
CAND07215,SK0283,3
CAND00802,SK0157,5
CAND09152,SK0262,3
CAND01181,SK0277,4
CAND06647,SK0047,2
CAND05145,SK0263,1
CAND11432,SK0037,1
CAND05728,SK0206,2
CAND12637,SK0145,3
CAND01092,SK0213,1
CAND12124,SK0158,3
CAND10291,SK0176,2
CAND07489,SK0269,4
CAND11007,SK0284,5
CAND10340,SK0141,1
CAND12789,SK0140,5
CAND02299,SK0022,3
CAND07546,SK0268,2
CAND02147,SK0102,4
CAND02477,SK0212,2
CAND02709,SK0218,4
CAND03961,SK0174,1
CAND07718,SK0056,2
CAND02116,SK0067,5
CAND05416,SK0086,3
CAND13292,SK0258,4
CAND09059,SK0295,3
CAND02496,SK0065,5
CAND03978,SK0163,3
CAND14015,SK0295,1
CAND06274,SK0179,1
CAND01988,SK0145,5
CAND05195,SK0296,4
CAND13103,SK0003,2
CAND08845,SK0210,2
CAND02625,SK0181,1
CAND12726,SK0051,5
CAND12156,SK0024,5
CAND11393,SK0224,1
CAND09195,SK0172,4
CAND05599,SK0278,3
CAND03222,SK0079,4
CAND09050,SK0268,1
CAND11526,SK0131,2
CAND04717,SK0187,5
CAND09858,SK0057,2
CAND00519,SK0088,1
CAND04202,SK0040,5
CAND11773,SK0124,5
CAND00992,SK0228,3
CAND10276,SK0075,4
CAND02731,SK0064,3
CAND11306,SK0025,4
CAND14049,SK0289,2
CAND06778,SK0288,4
CAND07255,SK0188,3
CAND04641,SK0063,4
CAND01616,SK0078,4
CAND05185,SK0162,3
CAND00695,SK0269,2
CAND05515,SK0213,3
CAND14345,SK0300,3
CAND02712,SK0271,5
CAND07799,SK0060,2
CAND04797,SK0182,3
CAND01622,SK0018,4
CAND05515,SK0279,4
CAND00241,SK0114,3
CAND11696,SK0207,5
CAND11506,SK0236,5
CAND14517,SK0018,1
CAND07250,SK0233,1
CAND09725,SK0133,3
CAND13700,SK0110,1
CAND08037,SK0273,3
CAND06766,SK0296,1
CAND07750,SK0138,2
CAND12364,SK0169,3
CAND10932,SK0251,4
CAND04786,SK0189,2
CAND11521,SK0232,4
CAND02244,SK0217,1
CAND06238,SK0197,4
CAND00712,SK0124,5
CAND06054,SK0199,2
CAND00058,SK0234,5
CAND10754,SK0139,4
CAND03444,SK0282,3
CAND04153,SK0141,4
CAND00147,SK0211,4
CAND01912,SK0145,2
CAND06491,SK0288,1
CAND08201,SK0216,1
CAND05510,SK0172,1
CAND02980,SK0136,5
CAND05942,SK0059,3
CAND03979,SK0006,1
CAND03599,SK0134,2
CAND04589,SK0161,1
CAND11352,SK0050,5
CAND11195,SK0012,4
CAND04992,SK0218,4
CAND12268,SK0024,5
CAND03937,SK0141,3
CAND00045,SK0017,2
CAND13525,SK0280,3
CAND00614,SK0179,1
CAND03597,SK0067,1
CAND09033,SK0037,5
CAND14100,SK0167,5
CAND06897,SK0142,2
CAND13070,SK0197,2
CAND00549,SK0105,1
CAND10081,SK0106,5
CAND08120,SK0065,3
CAND12484,SK0215,3
CAND13868,SK0210,5
CAND13590,SK0091,5
CAND14196,SK0165,3
CAND13636,SK0099,4
CAND05578,SK0272,1
CAND09534,SK0148,1
CAND09184,SK0171,2
CAND08618,SK0139,5
CAND07057,SK0113,3
CAND10739,SK0176,1
CAND11383,SK0166,4
CAND00551,SK0112,2
CAND05466,SK0219,2
CAND00265,SK0126,1
CAND01332,SK0181,3
CAND08760,SK0211,5
CAND04310,SK0288,3
CAND06942,SK0264,5
CAND00771,SK0210,2
CAND13994,SK0038,5
CAND04828,SK0124,5
CAND14511,SK0112,2
CAND14538,SK0161,3
CAND12438,SK0023,2
CAND02506,SK0237,4
CAND09693,SK0098,3
CAND09323,SK0021,5
CAND04263,SK0077,2
CAND07066,SK0260,2
CAND10524,SK0136,1
CAND11708,SK0124,2
CAND00668,SK0150,1
CAND00533,SK0232,3
CAND11127,SK0215,5
CAND11042,SK0154,2
CAND08122,SK0177,3
CAND06942,SK0239,5
CAND04937,SK0277,1
CAND07316,SK0281,2
CAND14390,SK0157,5
CAND13609,SK0064,1
CAND10129,SK0035,5
CAND03593,SK0088,5
CAND04229,SK0245,2
CAND12748,SK0175,3
CAND00047,SK0088,2
CAND06937,SK0121,1
CAND06411,SK0111,4
CAND13816,SK0199,4
CAND01277,SK0125,1
CAND01651,SK0189,1
CAND07795,SK0287,2
CAND09941,SK0129,2
CAND05218,SK0062,1
CAND10971,SK0113,2
CAND06066,SK0059,1
CAND07619,SK0021,5
CAND03435,SK0159,2
CAND02031,SK0060,3
CAND12496,SK0165,4
CAND00103,SK0164,3
CAND03595,SK0213,5
CAND05639,SK0227,5
CAND06748,SK0265,1
CAND11451,SK0186,1
CAND08853,SK0123,4
CAND06336,SK0105,5
CAND13211,SK0150,2
CAND03910,SK0289,2
CAND07592,SK0142,3
CAND08403,SK0007,4
CAND00073,SK0189,3
CAND05176,SK0286,3
CAND09789,SK0070,4
CAND14691,SK0279,3
CAND04839,SK0218,4
CAND01759,SK0022,3
CAND02517,SK0066,1
CAND00621,SK0249,4
CAND06009,SK0152,1
CAND04908,SK0036,4
CAND12044,SK0018,4
CAND01192,SK0211,5
CAND11468,SK0292,4
CAND13366,SK0222,4
CAND05473,SK0101,1
CAND11439,SK0073,3
CAND13141,SK0204,3
CAND14284,SK0241,2
CAND12872,SK0175,2
CAND10969,SK0297,4
CAND06605,SK0299,3
CAND14076,SK0025,3
CAND06171,SK0086,1
CAND12561,SK0108,2
CAND13913,SK0152,2
CAND05661,SK0012,4
CAND10208,SK0094,1
CAND03115,SK0115,5
CAND05449,SK0079,2
CAND06905,SK0265,2
CAND07379,SK0160,3
CAND01489,SK0122,4
CAND04809,SK0278,3
CAND12082,SK0208,3
CAND04693,SK0288,3
CAND00780,SK0078,2
CAND14899,SK0201,1
CAND03520,SK0049,4
CAND03716,SK0112,2
CAND03766,SK0014,1
CAND07537,SK0186,4
CAND10541,SK0003,3
CAND14682,SK0029,4
CAND07411,SK0067,4
CAND14579,SK0146,1
CAND07608,SK0223,5
CAND11274,SK0173,1
CAND09037,SK0261,5
CAND05643,SK0120,4
CAND02615,SK0174,4
CAND02007,SK0046,5
CAND12599,SK0267,2
CAND11194,SK0259,3
CAND07421,SK0227,5
CAND07009,SK0159,3
CAND07225,SK0091,4
CAND09628,SK0238,3
CAND00930,SK0010,1
CAND01565,SK0128,5
CAND14383,SK0211,1
CAND11525,SK0250,4
CAND11885,SK0080,3
CAND08649,SK0281,1
CAND10056,SK0007,4
CAND03732,SK0017,5
CAND12868,SK0007,1
CAND14419,SK0288,1
CAND08633,SK0065,2
CAND06881,SK0033,3
CAND00963,SK0129,4
CAND12236,SK0036,2
CAND03366,SK0259,4
CAND04526,SK0244,2
CAND06019,SK0221,5
CAND14520,SK0046,5
CAND14328,SK0201,4
CAND07343,SK0229,1
CAND07675,SK0107,4
CAND11570,SK0211,2
CAND12058,SK0145,4
CAND00741,SK0292,2
CAND03415,SK0061,3
CAND00754,SK0140,2
CAND13418,SK0070,3
CAND09920,SK0061,3
CAND02894,SK0106,4
CAND01251,SK0039,5
CAND07119,SK0196,4
CAND14489,SK0145,5
CAND06252,SK0111,3
CAND03724,SK0272,1
CAND10880,SK0220,1
CAND04253,SK0132,1
CAND13016,SK0288,2
CAND05319,SK0099,5
CAND11431,SK0289,3
CAND10636,SK0154,4
CAND14289,SK0253,2
CAND07565,SK0241,2
CAND08038,SK0017,2
CAND13725,SK0063,3
CAND00816,SK0193,5
CAND01995,SK0234,2
CAND12452,SK0171,4
CAND08364,SK0217,4
CAND05265,SK0120,3
CAND12789,SK0018,4
CAND14207,SK0093,1
CAND13447,SK0091,5
CAND13942,SK0135,2
CAND05206,SK0029,5
CAND13460,SK0104,2
CAND04817,SK0059,4
CAND14438,SK0148,2
CAND07573,SK0084,2
CAND14056,SK0103,1
CAND02945,SK0093,4
CAND05892,SK0015,1
CAND12031,SK0211,1
CAND10385,SK0043,2
CAND12121,SK0164,1
CAND14674,SK0021,3
CAND00071,SK0257,4
CAND01257,SK0073,4
CAND11499,SK0239,2
CAND06411,SK0273,5
CAND08728,SK0020,1
CAND13463,SK0086,2
CAND07164,SK0088,5
CAND06298,SK0066,1
CAND10096,SK0219,3
CAND00866,SK0179,3
CAND09872,SK0037,4
CAND05523,SK0005,5
CAND14487,SK0047,5
CAND04472,SK0253,2
CAND00922,SK0044,3
CAND00186,SK0014,1
CAND02253,SK0168,2
CAND02275,SK0175,3
CAND11666,SK0253,5
CAND12837,SK0259,5
CAND00355,SK0213,3
CAND07299,SK0182,2
CAND09383,SK0007,2
CAND13825,SK0128,4
CAND00107,SK0259,1
CAND01046,SK0213,2
CAND00847,SK0274,3
CAND04952,SK0240,3
CAND00045,SK0056,3
CAND00287,SK0079,3
CAND08033,SK0228,5
CAND10478,SK0064,3
CAND04740,SK0016,2
CAND02941,SK0226,1
CAND08410,SK0101,4
CAND14248,SK0167,4
CAND06929,SK0274,5
CAND12870,SK0193,5
CAND13690,SK0030,3
CAND07695,SK0076,5
CAND06431,SK0072,2
CAND10864,SK0058,1
CAND00206,SK0027,2
CAND07945,SK0001,2
CAND14450,SK0098,2
CAND06425,SK0203,3
CAND10423,SK0184,2
CAND09054,SK0057,4
CAND05897,SK0083,1
CAND05124,SK0185,3
CAND07427,SK0181,2
CAND03869,SK0258,5
CAND02740,SK0065,2
CAND07504,SK0220,2
CAND06905,SK0137,4
CAND01025,SK0155,3
CAND02062,SK0249,3
CAND12259,SK0051,1
CAND03549,SK0264,2
CAND04550,SK0207,3
CAND12697,SK0092,3
CAND01076,SK0298,2
CAND07600,SK0263,1
CAND14262,SK0063,4
CAND03462,SK0015,1
CAND05582,SK0094,2
CAND05145,SK0221,2
CAND08671,SK0083,4
CAND07092,SK0187,3
CAND07705,SK0152,3
CAND08910,SK0171,1
CAND11162,SK0157,1
CAND08019,SK0072,2
CAND04571,SK0027,1
CAND14793,SK0260,3
CAND12235,SK0096,4
CAND01696,SK0292,1
CAND10948,SK0136,3
CAND13049,SK0089,1
CAND06881,SK0023,4
CAND07821,SK0271,1
CAND06347,SK0133,3
CAND03186,SK0170,2
CAND06314,SK0021,2
CAND04070,SK0116,4
CAND02165,SK0017,1
CAND13192,SK0029,1
CAND12816,SK0269,5
CAND06986,SK0133,2
CAND05068,SK0065,1
CAND04125,SK0261,3
CAND01583,SK0297,3
CAND14798,SK0197,4
CAND04490,SK0175,4
CAND02025,SK0286,5
CAND05000,SK0044,1
CAND04513,SK0214,1
CAND04308,SK0135,5
CAND00910,SK0124,2
CAND14833,SK0148,3
CAND13307,SK0284,4
CAND08027,SK0065,4
CAND12672,SK0241,1
CAND13761,SK0253,4
CAND10852,SK0166,3
CAND13211,SK0076,2
CAND11761,SK0151,4
CAND03440,SK0232,2
CAND09481,SK0184,3
CAND06014,SK0208,5
CAND11268,SK0003,3
CAND12722,SK0279,1
CAND14198,SK0007,3
CAND09682,SK0221,5
CAND00824,SK0118,2
CAND10449,SK0182,3
CAND10965,SK0030,5
CAND03226,SK0297,3
CAND05521,SK0107,2
CAND10328,SK0113,3
CAND05432,SK0161,2
CAND12742,SK0208,3
CAND02654,SK0277,2
CAND06965,SK0088,4
CAND03098,SK0170,1
CAND09682,SK0008,2
CAND07107,SK0269,1
CAND06067,SK0216,5
CAND06740,SK0064,5
CAND04640,SK0262,4
CAND02771,SK0110,5
CAND08623,SK0066,5
CAND07296,SK0043,2
CAND08146,SK0207,3
CAND03115,SK0128,3
CAND10689,SK0067,3
CAND00441,SK0256,2
CAND02897,SK0075,5
CAND08158,SK0215,5
CAND03102,SK0071,3
CAND05161,SK0292,5
CAND00368,SK0212,4
CAND03343,SK0049,4
CAND01552,SK0283,3
CAND05655,SK0274,2
CAND01152,SK0234,3
CAND04783,SK0151,5
CAND05522,SK0030,4
CAND04371,SK0230,3
CAND04703,SK0267,2
CAND03754,SK0106,4
CAND09970,SK0046,4
CAND13814,SK0261,4
CAND08083,SK0257,2
CAND04783,SK0222,1
CAND13453,SK0082,1
CAND00756,SK0153,3
CAND00408,SK0081,3
CAND14998,SK0145,5
CAND10885,SK0018,4
CAND08091,SK0215,5
CAND13555,SK0144,1
CAND11028,SK0211,5
CAND08690,SK0015,2
CAND08160,SK0188,5
CAND03083,SK0288,3
CAND10592,SK0111,3
CAND12860,SK0195,5
CAND01598,SK0095,5
CAND14876,SK0200,3
CAND06422,SK0110,2
CAND06095,SK0124,2
CAND14602,SK0072,5
CAND05338,SK0191,2
CAND00545,SK0120,1
CAND05657,SK0220,1
CAND04984,SK0169,1
CAND12122,SK0061,4
CAND06458,SK0099,3
CAND09534,SK0293,2
CAND08472,SK0160,4
CAND06056,SK0129,5
CAND05489,SK0182,1
CAND12296,SK0134,4
CAND04128,SK0219,5
CAND05578,SK0020,2
CAND03605,SK0152,2
CAND04696,SK0174,5
CAND13847,SK0047,2
CAND01657,SK0125,4
CAND11666,SK0039,2
CAND12915,SK0108,1
CAND13244,SK0212,4
CAND00173,SK0255,2
CAND11918,SK0025,3
CAND12560,SK0154,1
CAND02124,SK0158,1
CAND02523,SK0193,2
CAND03383,SK0281,4
CAND00761,SK0204,4
CAND01106,SK0287,1
CAND09622,SK0219,1
CAND12746,SK0177,2
CAND07787,SK0106,1
CAND12152,SK0174,2
CAND08745,SK0158,5
CAND11611,SK0170,1
CAND12810,SK0006,4
CAND12752,SK0267,1
CAND05742,SK0277,4
CAND05727,SK0013,3
CAND07729,SK0299,1
CAND04061,SK0127,2
CAND14306,SK0224,4
CAND09387,SK0023,4
CAND05597,SK0161,2
CAND14797,SK0016,2
CAND14832,SK0190,4
CAND11760,SK0231,4
CAND04965,SK0268,2
CAND04221,SK0263,2
CAND04388,SK0085,4
CAND05610,SK0192,1
CAND10915,SK0046,1
CAND12685,SK0095,1
CAND06093,SK0128,1
CAND11387,SK0283,4
CAND14439,SK0110,4
CAND03396,SK0123,3
CAND12764,SK0267,5
CAND13519,SK0133,2
CAND12673,SK0013,5
CAND03788,SK0076,4
CAND06529,SK0139,1
CAND09297,SK0071,5
CAND10266,SK0156,2
CAND11701,SK0173,5
CAND12943,SK0154,5
CAND13849,SK0074,4
CAND02683,SK0057,5
CAND06959,SK0198,3
CAND05394,SK0244,4
CAND00011,SK0233,2
CAND06389,SK0189,1
CAND01702,SK0255,1
CAND13291,SK0043,1
CAND04025,SK0264,5
CAND06444,SK0129,4
CAND09492,SK0234,2
CAND08950,SK0255,2
CAND13748,SK0209,2
CAND13536,SK0012,4
CAND10262,SK0279,5
CAND04520,SK0225,5
CAND14710,SK0175,5
CAND07140,SK0159,2
CAND06808,SK0263,1
CAND00736,SK0046,3
CAND10661,SK0022,1
CAND06381,SK0058,5
CAND11348,SK0055,2
CAND11123,SK0294,1
CAND01422,SK0299,3
CAND11853,SK0182,4
CAND08691,SK0189,3
CAND08473,SK0284,3
CAND03346,SK0168,5
CAND06856,SK0063,3
CAND01825,SK0215,4
CAND03358,SK0102,5
CAND01208,SK0147,5
CAND05214,SK0266,5
CAND14096,SK0208,2
CAND03506,SK0216,1
CAND01327,SK0053,1
CAND13745,SK0104,1
CAND00295,SK0065,2
CAND00498,SK0084,2
CAND03307,SK0035,4
CAND06079,SK0293,3
CAND05296,SK0186,2
CAND09442,SK0208,5
CAND03336,SK0207,3
CAND06299,SK0192,5
CAND07305,SK0135,1
CAND06594,SK0148,2
CAND07906,SK0013,1
CAND04692,SK0284,4
CAND13421,SK0039,3
CAND04295,SK0084,4
CAND11856,SK0059,1
CAND03312,SK0104,1
CAND06495,SK0226,1
CAND03746,SK0141,1
CAND10352,SK0080,3
CAND07107,SK0073,5
CAND04509,SK0044,3
CAND01641,SK0098,3
CAND09478,SK0185,3
CAND09882,SK0242,2
CAND11147,SK0204,2
CAND07221,SK0025,4
CAND10032,SK0172,1
CAND11293,SK0195,5
CAND11131,SK0266,1
CAND08807,SK0106,4
CAND06863,SK0003,2
CAND04771,SK0237,3
CAND13782,SK0082,3
CAND03309,SK0062,5
CAND12572,SK0260,1
CAND02119,SK0288,4
CAND07119,SK0221,3
CAND10334,SK0150,4
CAND10677,SK0126,2
CAND14943,SK0097,2
CAND09504,SK0178,5
CAND12783,SK0019,5
CAND01002,SK0164,1
CAND01775,SK0144,1
CAND06138,SK0159,3
CAND02316,SK0106,1
CAND07762,SK0124,3
CAND01728,SK0073,4
CAND07662,SK0001,3
CAND00385,SK0014,5
CAND07087,SK0266,1
CAND02457,SK0272,1
CAND01583,SK0261,3
CAND14670,SK0199,2
CAND11730,SK0247,1
CAND10689,SK0090,2
CAND06819,SK0092,2
CAND10332,SK0005,1
CAND03810,SK0084,2
CAND07200,SK0281,1
CAND11614,SK0276,2
CAND12934,SK0130,2
CAND01713,SK0084,4
CAND06266,SK0113,3
CAND02630,SK0106,5
CAND10725,SK0155,4
CAND00620,SK0256,3
CAND02250,SK0077,1
CAND03525,SK0214,4
CAND12426,SK0153,5
CAND13701,SK0101,1
CAND10210,SK0094,3
CAND02669,SK0042,5
CAND07161,SK0082,4
CAND06084,SK0260,5
CAND09460,SK0213,4
CAND06685,SK0252,2
CAND10696,SK0020,3
CAND13373,SK0247,3
CAND14358,SK0273,2
CAND00617,SK0244,5
CAND02758,SK0103,4
CAND00146,SK0077,3
CAND12556,SK0034,1
CAND11346,SK0258,3
CAND04256,SK0235,4
CAND09009,SK0146,2
CAND04559,SK0110,2
CAND14707,SK0011,2
CAND07478,SK0117,4
CAND08019,SK0170,2
CAND05846,SK0097,3
CAND12085,SK0077,2
CAND05769,SK0262,1
CAND00631,SK0280,4
CAND01923,SK0268,1
CAND02269,SK0132,1
CAND07365,SK0009,2
CAND10710,SK0189,1
CAND08268,SK0210,4
CAND13578,SK0134,4
CAND11579,SK0166,2
CAND13779,SK0217,4
CAND00178,SK0221,1
CAND01681,SK0234,4
CAND02621,SK0075,3
CAND06069,SK0097,2
CAND03898,SK0056,2
CAND14791,SK0224,3
CAND05816,SK0242,3
CAND02710,SK0025,1
CAND08428,SK0177,4
CAND12491,SK0118,2
CAND13810,SK0208,1
CAND13426,SK0226,2
CAND14387,SK0199,5
CAND07503,SK0251,4
CAND12109,SK0058,5
CAND08175,SK0175,3
CAND08094,SK0094,1
CAND09406,SK0007,4
CAND13442,SK0046,2
CAND14324,SK0286,5
CAND01565,SK0022,3
CAND04456,SK0124,3
CAND01646,SK0241,2
CAND14073,SK0061,2
CAND04647,SK0018,4
CAND05182,SK0294,5
CAND14838,SK0226,2
CAND10417,SK0259,1
CAND00769,SK0183,4
CAND06769,SK0295,2
CAND09072,SK0088,3
CAND04659,SK0143,4
CAND04776,SK0170,1
CAND14941,SK0149,1
CAND05412,SK0049,1
CAND12158,SK0152,1
CAND03646,SK0145,2
CAND06222,SK0241,5
CAND09475,SK0150,4
CAND01133,SK0120,4
CAND04288,SK0136,5
CAND06144,SK0164,3
CAND14591,SK0266,4
CAND07918,SK0109,3
CAND12956,SK0081,5
CAND01935,SK0219,3
CAND12784,SK0131,2
CAND00506,SK0033,2
CAND11434,SK0242,4
CAND02027,SK0117,4
CAND11990,SK0003,2
CAND00137,SK0119,1
CAND05002,SK0168,4
CAND05711,SK0003,5
CAND14099,SK0137,1
CAND08622,SK0090,5
CAND05700,SK0064,4
CAND13804,SK0050,3
CAND12610,SK0213,2
CAND01081,SK0147,5
CAND10289,SK0067,3
CAND10385,SK0208,4
CAND00669,SK0216,3
CAND09940,SK0006,5
CAND09823,SK0144,5
CAND12552,SK0286,2
CAND11527,SK0224,1
CAND08417,SK0137,1
CAND06846,SK0228,4
CAND02554,SK0104,3
CAND13004,SK0212,2
CAND00974,SK0191,3
CAND04925,SK0282,4
CAND02075,SK0096,3
CAND00336,SK0297,4
CAND04699,SK0258,1
CAND09608,SK0183,5
CAND07281,SK0145,2
CAND09493,SK0151,2
CAND07112,SK0047,3
CAND14741,SK0055,1
CAND03039,SK0172,2
CAND07939,SK0059,2
CAND07457,SK0076,5
CAND02933,SK0283,5
CAND14892,SK0010,1
CAND03960,SK0232,1
CAND02123,SK0059,3
CAND04221,SK0126,5
CAND13477,SK0049,1
CAND00009,SK0076,3
CAND12699,SK0001,3
CAND03827,SK0156,3
CAND04599,SK0114,3
CAND10608,SK0190,1
CAND02347,SK0165,2
CAND06512,SK0008,2
CAND04519,SK0264,2
CAND05886,SK0247,4
CAND05791,SK0295,3
CAND04692,SK0189,3
CAND11623,SK0123,3
CAND08771,SK0117,4
CAND14136,SK0200,4
CAND09999,SK0201,1
CAND12486,SK0070,5
CAND09300,SK0065,4
CAND10237,SK0037,2
CAND13974,SK0246,3
CAND05949,SK0190,1
CAND07121,SK0098,3
CAND00373,SK0020,4
CAND07135,SK0068,5
CAND01107,SK0086,4
CAND02600,SK0077,5
CAND03467,SK0279,2
CAND06994,SK0044,3
CAND07997,SK0190,5
CAND12548,SK0258,4
CAND07100,SK0214,4
CAND07662,SK0071,4
CAND06568,SK0016,2
CAND01945,SK0287,5
CAND13854,SK0220,3
CAND00221,SK0260,4
CAND02460,SK0244,4
CAND09752,SK0098,3
CAND06134,SK0006,4
CAND03574,SK0056,4
CAND09844,SK0130,1
CAND03870,SK0053,2
CAND08343,SK0065,3
CAND09254,SK0060,5
CAND03952,SK0024,4
CAND07381,SK0170,1
CAND03932,SK0206,4
CAND07542,SK0245,1
CAND02851,SK0198,5
CAND04019,SK0139,1
CAND01982,SK0120,3
CAND11176,SK0078,2
CAND05474,SK0010,1
CAND01741,SK0234,1
CAND02199,SK0101,4
CAND14629,SK0148,4
CAND00426,SK0100,5
CAND01230,SK0139,2
CAND06819,SK0264,1
CAND10832,SK0211,5
CAND06241,SK0068,4
CAND14104,SK0268,4
CAND01415,SK0026,5
CAND06733,SK0248,5
CAND01312,SK0156,3
CAND02280,SK0244,5
CAND08746,SK0033,3
CAND13540,SK0253,4
CAND06356,SK0278,5
CAND12581,SK0201,3
CAND07959,SK0227,4
CAND08695,SK0020,1
CAND02387,SK0105,4
CAND01641,SK0268,2
CAND02254,SK0077,5
CAND05854,SK0132,2
CAND05227,SK0096,1
CAND02168,SK0130,3
CAND04595,SK0121,1
CAND11142,SK0118,4
CAND06987,SK0040,4
CAND00354,SK0224,5
CAND11318,SK0156,2
CAND04917,SK0284,2
CAND13116,SK0291,2
CAND13227,SK0255,1
CAND09389,SK0192,2
CAND05686,SK0130,4
CAND12934,SK0052,4
CAND04883,SK0161,5
CAND04709,SK0125,2
CAND00458,SK0186,5
CAND09258,SK0023,1
CAND14676,SK0109,2
CAND03728,SK0127,2
CAND11469,SK0020,2
CAND03977,SK0248,2
CAND14345,SK0142,1
CAND07060,SK0095,1
CAND08640,SK0129,5
CAND05348,SK0295,4
CAND13300,SK0030,5
CAND14265,SK0229,5
CAND01431,SK0211,4
CAND09963,SK0175,3
CAND08242,SK0236,2
CAND14543,SK0156,3
CAND03630,SK0060,4
CAND09956,SK0232,4
CAND01609,SK0201,2
CAND03148,SK0096,3
CAND11169,SK0163,2
CAND11958,SK0084,2
CAND02296,SK0192,3
CAND09380,SK0247,5
CAND08962,SK0246,5
CAND12040,SK0080,4
CAND10569,SK0102,3
CAND12502,SK0099,2
CAND09148,SK0202,3
CAND07506,SK0021,4
CAND13828,SK0152,5
CAND00370,SK0163,5
CAND02820,SK0035,4
CAND07827,SK0217,5
CAND08713,SK0208,4
CAND03177,SK0040,2
CAND00770,SK0230,5
CAND14770,SK0197,1
CAND09950,SK0180,3
CAND02332,SK0187,3
CAND05248,SK0106,1
CAND05634,SK0183,3
CAND12817,SK0123,5
CAND06242,SK0252,1
CAND10701,SK0228,1
CAND07828,SK0169,1
CAND04281,SK0016,4
CAND14495,SK0024,5
CAND10117,SK0070,3
CAND04960,SK0275,4
CAND05289,SK0169,2
CAND02314,SK0233,5
CAND08028,SK0080,2
CAND11727,SK0178,3
CAND01473,SK0044,2
CAND01791,SK0211,3
CAND09293,SK0159,1
CAND05709,SK0246,2
CAND02198,SK0103,4
CAND14704,SK0202,1
CAND03160,SK0004,2
CAND00250,SK0053,2
CAND12131,SK0241,1
CAND01858,SK0128,5
CAND14719,SK0018,5
CAND05915,SK0021,1
CAND03341,SK0227,3
CAND04187,SK0036,2
CAND12780,SK0144,2
CAND07102,SK0003,4
CAND08128,SK0071,5
CAND03997,SK0056,1
CAND04666,SK0124,1
CAND10511,SK0100,3
CAND05743,SK0069,5
CAND14158,SK0064,5
CAND12569,SK0120,1
CAND10455,SK0026,1
CAND08499,SK0077,4
CAND14808,SK0012,1
CAND03948,SK0034,4
CAND10601,SK0116,1
CAND12353,SK0287,2
CAND10371,SK0264,3
CAND14227,SK0172,1
CAND07269,SK0103,5
CAND11778,SK0110,2
CAND01939,SK0020,4
CAND13218,SK0098,5
CAND00311,SK0010,1
CAND07675,SK0206,2
CAND01322,SK0083,2
CAND02408,SK0140,1
CAND02185,SK0209,3
CAND11828,SK0207,3
CAND11781,SK0065,3
CAND12594,SK0194,5
CAND12171,SK0095,4
CAND01178,SK0126,2
CAND08019,SK0201,3
CAND00959,SK0172,2
CAND10081,SK0288,3
CAND14359,SK0296,4
CAND04683,SK0230,2
CAND06633,SK0298,1
CAND09775,SK0076,3
CAND05585,SK0255,1
CAND06356,SK0097,3
CAND02092,SK0265,1
CAND05255,SK0299,4
CAND13886,SK0272,5
CAND08393,SK0198,4
CAND11931,SK0256,4
CAND09664,SK0078,1
CAND10936,SK0076,3
CAND10936,SK0119,4
CAND14347,SK0136,5
CAND10937,SK0178,2
CAND00691,SK0106,3
CAND07375,SK0109,2
CAND00140,SK0203,4
CAND01661,SK0294,5
CAND14619,SK0210,5
CAND13711,SK0256,4
CAND13008,SK0103,1
CAND09889,SK0197,3
CAND05457,SK0097,1
CAND06447,SK0132,4
CAND06371,SK0158,1
CAND04772,SK0116,2
CAND01872,SK0186,2
CAND09261,SK0128,1
CAND03701,SK0192,2
CAND05180,SK0292,4
CAND11929,SK0254,1
CAND04814,SK0247,1
CAND09320,SK0295,2
CAND14892,SK0266,5
CAND09548,SK0291,5
CAND07468,SK0093,5
CAND12015,SK0167,3
CAND07839,SK0096,2
CAND06974,SK0241,2
CAND10886,SK0201,3
CAND05450,SK0136,4
CAND03468,SK0204,3
CAND01508,SK0173,3
CAND01285,SK0044,4
CAND08256,SK0161,2
CAND02796,SK0091,4
CAND00600,SK0088,3
CAND12120,SK0224,1
CAND04111,SK0140,3
CAND11738,SK0146,2
CAND14218,SK0001,4
CAND13017,SK0024,1
CAND00472,SK0205,2
CAND01922,SK0299,5
CAND01618,SK0148,3
CAND10943,SK0277,2
CAND14977,SK0264,4
CAND00806,SK0137,4
CAND07820,SK0154,3
CAND05384,SK0204,4
CAND07983,SK0121,1
CAND14617,SK0221,1
CAND10597,SK0081,4
CAND03512,SK0009,3
CAND11542,SK0191,4
CAND05297,SK0010,2
CAND06365,SK0089,5
CAND02766,SK0214,4
CAND10468,SK0248,2
CAND13761,SK0151,2
CAND14816,SK0108,2
CAND02583,SK0109,2
CAND14858,SK0150,2
CAND04322,SK0165,1
CAND07384,SK0055,4
CAND09554,SK0275,5
CAND02314,SK0061,3
CAND03655,SK0260,5
CAND10741,SK0242,4
CAND06468,SK0246,5
CAND14863,SK0026,5
CAND05816,SK0224,4
CAND01910,SK0170,5
CAND05067,SK0270,5
CAND14100,SK0042,1
CAND03079,SK0195,3
CAND10159,SK0257,5
CAND03078,SK0048,5
CAND12678,SK0052,3
CAND09659,SK0016,2
CAND03263,SK0146,4
CAND14134,SK0224,2
CAND07836,SK0036,1
CAND03550,SK0101,5
CAND11018,SK0013,5
CAND10800,SK0115,5
CAND09951,SK0223,4
CAND07766,SK0119,4
CAND13446,SK0074,1
CAND04445,SK0185,2
CAND08177,SK0179,1
CAND05406,SK0083,2
CAND11973,SK0253,1
CAND09584,SK0254,3
CAND07096,SK0285,3
CAND03078,SK0039,2
CAND14119,SK0053,3
CAND04792,SK0092,4
CAND03764,SK0073,2
CAND09148,SK0186,5
CAND08653,SK0069,5
CAND06165,SK0149,4
CAND12633,SK0254,3
CAND03622,SK0061,2
CAND10168,SK0113,1
CAND14767,SK0187,2
CAND13690,SK0041,4
CAND00276,SK0187,2
CAND13338,SK0242,3
CAND00432,SK0203,5
CAND14512,SK0180,3
CAND03955,SK0174,2
CAND09898,SK0118,1
CAND10913,SK0205,2
CAND14507,SK0258,2
CAND12533,SK0146,2
CAND09316,SK0117,2
CAND09405,SK0100,1
CAND05991,SK0161,1
CAND06149,SK0158,1
CAND14174,SK0182,4
CAND10691,SK0182,1
CAND01268,SK0225,3
CAND08968,SK0232,2
CAND08036,SK0175,4
CAND01047,SK0133,4
CAND12084,SK0193,5
CAND07565,SK0015,5
CAND04081,SK0067,4
CAND06961,SK0093,5
CAND10987,SK0121,2
CAND01490,SK0245,2
CAND07690,SK0127,1
CAND12092,SK0225,1
CAND06992,SK0211,3
CAND14468,SK0294,2
CAND00574,SK0007,3
CAND05357,SK0294,5
CAND11428,SK0180,5
CAND07616,SK0288,4
CAND06104,SK0006,5
CAND09358,SK0033,3
CAND06103,SK0066,1
CAND07278,SK0233,4
CAND00034,SK0019,4
CAND07145,SK0054,5
CAND05423,SK0249,4
CAND10100,SK0291,4
CAND03688,SK0010,3
CAND13880,SK0110,1
CAND13864,SK0135,5
CAND05827,SK0088,4
CAND00570,SK0283,4
CAND04402,SK0076,3
CAND04497,SK0008,1
CAND12890,SK0188,2
CAND03453,SK0296,2
CAND09400,SK0247,2
CAND03493,SK0239,3
CAND06375,SK0081,3
CAND02846,SK0029,5
CAND03634,SK0149,5
CAND08137,SK0219,1
CAND11078,SK0246,3
CAND13186,SK0201,3
CAND12503,SK0289,4
CAND14132,SK0138,3
CAND07493,SK0163,5
CAND06195,SK0038,1
CAND11524,SK0057,2
CAND10371,SK0049,3
CAND03002,SK0011,3
CAND12835,SK0157,2
CAND13509,SK0219,1
CAND05683,SK0042,5
CAND12182,SK0289,5
CAND09167,SK0251,2
CAND08197,SK0223,4
CAND14314,SK0224,2
CAND03814,SK0105,4
CAND07885,SK0023,2
CAND13378,SK0101,2
CAND14196,SK0129,1
CAND14761,SK0092,1
CAND06381,SK0222,5
CAND12466,SK0175,2
CAND07313,SK0060,1
CAND13143,SK0171,4
CAND12776,SK0205,5
CAND09647,SK0295,4
CAND12408,SK0118,1
CAND02361,SK0100,5
CAND01638,SK0189,3
CAND06741,SK0259,3
CAND12215,SK0218,2
CAND05340,SK0300,3
CAND00418,SK0075,5
CAND10115,SK0033,1
CAND11364,SK0210,1
CAND03409,SK0172,1
CAND14153,SK0070,1
CAND13822,SK0061,1
CAND03341,SK0263,1
CAND10646,SK0190,3
CAND01913,SK0132,2
CAND12842,SK0284,3
CAND02685,SK0053,3
CAND05302,SK0285,5
CAND14179,SK0044,3
CAND09079,SK0001,4
CAND06018,SK0188,5
CAND04000,SK0298,5
CAND11541,SK0007,3
CAND10326,SK0260,1
CAND12113,SK0142,2
CAND12947,SK0100,4
CAND03689,SK0014,3
CAND11685,SK0100,2
CAND12581,SK0293,3
CAND12783,SK0096,1
CAND05109,SK0028,1
CAND04825,SK0084,2
CAND04217,SK0078,1
CAND09206,SK0045,4
CAND11449,SK0048,3
CAND04942,SK0029,3
CAND06096,SK0173,2
CAND07956,SK0281,1
CAND14571,SK0038,4
CAND01794,SK0212,5
CAND03742,SK0030,4
CAND01256,SK0218,1
CAND08109,SK0267,2
CAND07747,SK0186,5
CAND00636,SK0094,2
CAND05075,SK0103,1
CAND12013,SK0008,1
CAND02510,SK0238,1
CAND00168,SK0243,2
CAND01705,SK0117,3
CAND00970,SK0008,1
CAND02605,SK0018,3
CAND07730,SK0176,1
CAND07254,SK0293,1
CAND14647,SK0227,2
CAND07567,SK0150,2
CAND05916,SK0025,1
CAND03632,SK0157,5
CAND10305,SK0159,3
CAND12712,SK0084,5
CAND06588,SK0234,3
CAND13120,SK0210,2
CAND08084,SK0027,5
CAND00456,SK0079,1
CAND14150,SK0299,5
CAND07064,SK0227,5
CAND02081,SK0083,5
CAND09639,SK0115,5
CAND10266,SK0107,1
CAND05569,SK0046,2
CAND14397,SK0174,4
CAND04163,SK0169,5
CAND09891,SK0134,5
CAND07005,SK0274,4
CAND09683,SK0175,4
CAND05382,SK0147,1
CAND06023,SK0173,3
CAND10868,SK0099,3
CAND10694,SK0077,4
CAND10753,SK0135,1
CAND13545,SK0027,1
CAND02709,SK0118,3
CAND03939,SK0206,3
CAND06305,SK0071,1
CAND10094,SK0016,3
CAND00166,SK0226,5
CAND03402,SK0248,4
CAND05509,SK0038,2
CAND06789,SK0079,5
CAND07508,SK0207,4
CAND13064,SK0235,4
CAND00011,SK0195,1
CAND12014,SK0264,5
CAND10727,SK0291,4
CAND12140,SK0194,1
CAND01719,SK0126,4
CAND11058,SK0295,2
CAND02332,SK0005,4
CAND06314,SK0207,5
CAND09627,SK0099,4
CAND06660,SK0197,2
CAND13824,SK0150,1
CAND03569,SK0063,5
CAND07666,SK0211,3
CAND07453,SK0296,5
CAND08223,SK0183,3
CAND04385,SK0035,2
CAND14268,SK0050,5
CAND06345,SK0280,1
CAND02182,SK0105,2
CAND02268,SK0008,2
CAND05631,SK0276,5
CAND05295,SK0089,1
CAND12132,SK0209,2
CAND07821,SK0260,2
CAND06755,SK0159,1
CAND04705,SK0300,4
CAND10903,SK0053,5
CAND00660,SK0190,4
CAND06726,SK0142,5
CAND04021,SK0137,3
CAND10655,SK0076,5
CAND09021,SK0100,4
CAND03120,SK0243,2
CAND07312,SK0003,5
CAND06807,SK0085,4
CAND04007,SK0094,5
CAND08768,SK0222,4
CAND12246,SK0169,2
CAND02991,SK0147,5
CAND00215,SK0258,1
CAND05610,SK0180,5
CAND03528,SK0117,5
CAND12057,SK0157,4
CAND00406,SK0286,3
CAND01964,SK0053,5
CAND10915,SK0108,2
CAND00941,SK0094,5
CAND03556,SK0187,4
CAND09964,SK0083,1
CAND09309,SK0097,3
CAND12519,SK0008,1
CAND09701,SK0090,3
CAND01164,SK0082,2
CAND08694,SK0016,3
CAND11856,SK0250,1
CAND02470,SK0153,4
CAND01916,SK0120,5
CAND09991,SK0061,2
CAND14286,SK0115,5
CAND10697,SK0004,1
CAND00629,SK0030,4
CAND05439,SK0011,4
CAND13797,SK0019,3
CAND01541,SK0177,4
CAND14715,SK0052,3
CAND08304,SK0091,3
CAND02848,SK0093,2
CAND09602,SK0232,3
CAND04516,SK0284,2
CAND04778,SK0010,5
CAND03313,SK0083,2
CAND00877,SK0121,2
CAND03409,SK0266,3
CAND11884,SK0199,5
CAND08013,SK0073,1
CAND02593,SK0280,2
CAND14069,SK0094,1
CAND03270,SK0047,2
CAND04742,SK0005,5
CAND07326,SK0200,5
CAND08775,SK0162,2
CAND04080,SK0073,4
CAND01236,SK0152,1
CAND14524,SK0030,4
CAND10606,SK0228,4
CAND11723,SK0053,2
CAND01414,SK0110,1
CAND09355,SK0054,5
CAND14652,SK0285,1
CAND04810,SK0037,2
CAND00539,SK0070,4
CAND00198,SK0084,3
CAND14817,SK0237,1
CAND12282,SK0294,3
CAND13972,SK0035,2
CAND08176,SK0185,4
CAND04958,SK0029,4
CAND01383,SK0216,1
CAND10822,SK0089,5
CAND02804,SK0138,1
CAND12484,SK0143,4
CAND00350,SK0160,1
CAND12970,SK0204,1
CAND08635,SK0249,4
CAND06096,SK0142,3
CAND12526,SK0165,2
CAND06834,SK0109,4
CAND13782,SK0136,5
CAND14164,SK0098,5
CAND13927,SK0077,4
CAND11916,SK0266,4
CAND06400,SK0112,4
CAND01518,SK0036,4
CAND11969,SK0004,5
CAND12224,SK0088,3
CAND08754,SK0196,1
CAND04612,SK0143,3
CAND03272,SK0146,4
CAND02501,SK0122,2
CAND07553,SK0110,1
CAND04943,SK0118,2
CAND04833,SK0118,3
CAND12815,SK0084,5
CAND06508,SK0295,2
CAND11929,SK0093,3
CAND04424,SK0036,5
CAND01795,SK0038,3
CAND04798,SK0044,5
CAND09837,SK0217,3
CAND07092,SK0287,4
CAND09641,SK0063,5
CAND13325,SK0058,4
CAND00884,SK0285,1
CAND13411,SK0263,4
CAND01138,SK0070,1
CAND05334,SK0150,5
CAND12108,SK0146,1
CAND13531,SK0075,1
CAND07637,SK0267,1
CAND14785,SK0197,1
CAND03359,SK0078,3
CAND10808,SK0096,2
CAND08351,SK0204,4
CAND08307,SK0191,3
CAND01266,SK0270,4
CAND03755,SK0274,2
CAND00254,SK0023,5
CAND03929,SK0156,1
CAND00160,SK0258,5
CAND14991,SK0130,5
CAND04383,SK0049,2
CAND02999,SK0129,2
CAND09667,SK0255,3
CAND01100,SK0223,3
CAND07243,SK0289,4
CAND13769,SK0058,3
CAND04196,SK0077,4
CAND14093,SK0282,3
CAND14715,SK0118,4
CAND00902,SK0094,2
CAND08638,SK0045,2
CAND13906,SK0288,3
CAND02401,SK0052,5
CAND05590,SK0183,1
CAND07516,SK0105,4
CAND07339,SK0198,1
CAND07791,SK0137,1
CAND06553,SK0279,2
CAND02040,SK0296,5
CAND00328,SK0003,3
CAND00023,SK0282,5
CAND11499,SK0125,2
CAND14902,SK0254,4
CAND10316,SK0234,5
CAND00143,SK0046,2
CAND12300,SK0062,3
CAND12613,SK0282,4
CAND12859,SK0017,2
CAND00159,SK0136,5
CAND10398,SK0189,5
CAND12351,SK0178,4
CAND09734,SK0082,4
CAND09864,SK0089,1
CAND02654,SK0025,1
CAND11872,SK0132,1
CAND05999,SK0285,3
CAND12534,SK0157,5
CAND01180,SK0014,3
CAND03578,SK0166,4
CAND03012,SK0289,5
CAND04358,SK0260,1
CAND11896,SK0100,4
CAND14512,SK0152,5
CAND02434,SK0046,4
CAND04307,SK0140,2
CAND13917,SK0043,3
CAND01902,SK0009,2
CAND02903,SK0185,3
CAND05476,SK0278,2
CAND06731,SK0266,5
CAND07936,SK0155,2
CAND09572,SK0238,2
CAND11379,SK0159,5
CAND09904,SK0009,1
CAND11264,SK0054,1
CAND02029,SK0093,2
CAND10063,SK0033,3
CAND11704,SK0134,1
CAND09294,SK0107,4
CAND02441,SK0177,4
CAND14284,SK0135,4
CAND08374,SK0156,5
CAND12757,SK0244,1
CAND07663,SK0012,5
CAND14713,SK0242,5
CAND03598,SK0272,3
CAND04481,SK0023,5
CAND14128,SK0050,1
CAND05243,SK0087,1
CAND04029,SK0161,5
CAND08611,SK0208,1
CAND13162,SK0244,3
CAND11975,SK0178,4
CAND08766,SK0129,3
CAND13560,SK0038,1
CAND10975,SK0159,2
CAND03709,SK0220,2
CAND08123,SK0290,5
CAND07747,SK0183,2
CAND04654,SK0080,2
CAND06191,SK0132,5
CAND01347,SK0078,1
CAND03177,SK0127,4
CAND12103,SK0278,5
CAND11340,SK0174,3
CAND10917,SK0035,3
CAND05551,SK0108,1
CAND04608,SK0211,1
CAND00619,SK0115,3
CAND09108,SK0195,4
CAND12994,SK0245,3
CAND07221,SK0291,2
CAND03386,SK0137,1
CAND09295,SK0199,5
CAND12048,SK0062,3
CAND12685,SK0211,5
CAND09618,SK0234,5
CAND00361,SK0140,4
CAND04262,SK0101,1
CAND10023,SK0059,5
CAND08325,SK0279,3
CAND01153,SK0040,1
CAND07126,SK0045,4
CAND12871,SK0294,4
CAND03056,SK0090,3
CAND03784,SK0236,1
CAND01595,SK0134,2
CAND01797,SK0257,1
CAND07748,SK0209,4
CAND01689,SK0200,2
CAND08055,SK0063,1
CAND00816,SK0294,3
CAND10290,SK0147,3
CAND13423,SK0091,4
CAND08626,SK0057,3
CAND07299,SK0248,3
CAND06488,SK0277,5
CAND02658,SK0148,3
CAND13105,SK0259,2
CAND08696,SK0142,4
CAND07163,SK0249,2
CAND14724,SK0262,2
CAND05437,SK0019,4
CAND04075,SK0173,1
CAND07297,SK0218,5
CAND03732,SK0284,1
CAND10489,SK0012,4
CAND08462,SK0230,4
CAND02619,SK0058,2
CAND03659,SK0118,1
CAND06011,SK0201,1
CAND01865,SK0126,3
CAND07336,SK0119,5
CAND00349,SK0234,5
CAND14644,SK0044,5
CAND10574,SK0135,2
CAND09202,SK0028,1
CAND01124,SK0015,1
CAND00610,SK0194,1
CAND13745,SK0184,5
CAND06525,SK0234,4
CAND00397,SK0207,4
CAND11672,SK0059,1
CAND08397,SK0207,4
CAND12639,SK0245,2
CAND13920,SK0219,5
CAND02326,SK0107,5
CAND00036,SK0153,3
CAND12711,SK0192,3
CAND14659,SK0003,5
CAND07759,SK0081,2
CAND07689,SK0189,2
CAND10165,SK0160,1
CAND00848,SK0270,5
CAND12237,SK0237,1
CAND13942,SK0204,3
CAND06544,SK0178,2
CAND01253,SK0008,4
CAND02974,SK0048,5
CAND13633,SK0160,4
CAND03499,SK0209,3
CAND06603,SK0280,3
CAND03512,SK0241,2
CAND12380,SK0049,1
CAND06567,SK0297,4
CAND12932,SK0128,2
CAND09453,SK0174,2
CAND08941,SK0130,5
CAND06861,SK0261,3
CAND08332,SK0269,5
CAND08216,SK0290,4
CAND13826,SK0094,5
CAND00553,SK0176,3
CAND05657,SK0079,1
CAND13964,SK0086,3
CAND04875,SK0272,5
CAND02110,SK0023,2
CAND02927,SK0154,2
CAND08784,SK0268,2
CAND08610,SK0046,1
CAND13861,SK0118,1
CAND01161,SK0256,4
CAND06589,SK0274,4
CAND06665,SK0194,3
CAND12773,SK0202,5
CAND11283,SK0079,3
CAND00797,SK0101,2
CAND01463,SK0285,1
CAND14462,SK0197,4
CAND04207,SK0159,1
CAND12280,SK0017,4
CAND09796,SK0133,3
CAND08144,SK0032,2
CAND04616,SK0092,2
CAND11080,SK0125,3
CAND08843,SK0096,1
CAND01470,SK0219,5
CAND13539,SK0214,2
CAND00475,SK0102,2
CAND07297,SK0213,5
CAND10770,SK0156,4
CAND00212,SK0204,2
CAND09516,SK0022,5
CAND07671,SK0050,5
CAND14405,SK0010,1
CAND11982,SK0255,3
CAND11265,SK0216,5
CAND10863,SK0277,1
CAND11118,SK0125,2
CAND00995,SK0204,5
CAND07868,SK0160,4
CAND12882,SK0031,2
CAND08345,SK0181,5
CAND13682,SK0213,1
CAND04483,SK0272,2
CAND06317,SK0231,3
CAND14835,SK0201,4
CAND10916,SK0146,3
CAND00764,SK0056,1
CAND05602,SK0178,4
CAND13115,SK0203,5
CAND13497,SK0040,2
CAND13300,SK0208,3
CAND01550,SK0134,1
CAND09502,SK0295,1
CAND08512,SK0093,3
CAND08284,SK0106,2
CAND12457,SK0058,3
CAND09245,SK0073,3
CAND04847,SK0100,3
CAND11824,SK0063,1
CAND13308,SK0282,4
CAND13272,SK0255,5
CAND03289,SK0019,2
CAND09934,SK0164,5
CAND13339,SK0211,4
CAND10181,SK0097,5
CAND13169,SK0222,5
CAND06611,SK0172,2
CAND06643,SK0217,5
CAND13767,SK0244,1
CAND03711,SK0002,3
CAND12855,SK0094,5
CAND01266,SK0219,2
CAND03626,SK0122,2
CAND05970,SK0018,5
CAND14155,SK0066,4
CAND02316,SK0022,1
CAND14822,SK0143,3
CAND04384,SK0204,5
CAND14504,SK0075,3
CAND10232,SK0181,5
CAND03178,SK0069,4
CAND04216,SK0216,2
CAND02422,SK0183,4
CAND02740,SK0036,1
CAND11780,SK0236,4
CAND10668,SK0295,5
CAND02415,SK0141,1
CAND13760,SK0046,1
CAND10583,SK0214,2
CAND00106,SK0256,3
CAND07211,SK0032,3
CAND11916,SK0079,5
CAND01186,SK0170,3
CAND05955,SK0247,4
CAND00133,SK0221,3
CAND00210,SK0043,1
CAND10050,SK0112,2
CAND12297,SK0038,1
CAND00494,SK0276,4
CAND06400,SK0024,3
CAND08534,SK0112,3
CAND10617,SK0036,5
CAND00673,SK0095,4
CAND08869,SK0200,3
CAND04164,SK0122,5
CAND12994,SK0086,5
CAND03850,SK0211,3
CAND12670,SK0189,1
CAND11655,SK0202,5
CAND07638,SK0271,1
CAND07642,SK0269,3
CAND00192,SK0204,1
CAND04721,SK0039,2
CAND09809,SK0163,4
CAND07182,SK0148,4
CAND05637,SK0288,1
CAND02344,SK0145,3
CAND14234,SK0045,2
CAND12925,SK0048,4
CAND13626,SK0023,4
CAND13049,SK0224,2
CAND03101,SK0017,3
CAND03192,SK0268,2
CAND08706,SK0142,3
CAND00758,SK0042,4
CAND09324,SK0246,5
CAND12975,SK0158,2
CAND10279,SK0026,1
CAND00109,SK0029,5
CAND14345,SK0198,1
CAND06749,SK0013,2
CAND04023,SK0259,4
CAND07125,SK0125,5
CAND05126,SK0080,5
CAND04941,SK0290,2
CAND06698,SK0147,3
CAND03709,SK0001,3
CAND02841,SK0020,1
CAND10112,SK0299,4
CAND08224,SK0208,2
CAND11084,SK0244,3
CAND13898,SK0012,5
CAND07100,SK0293,3
CAND04533,SK0070,4
CAND11441,SK0096,4
CAND05522,SK0186,1
CAND08943,SK0108,1
CAND11719,SK0191,5
CAND06085,SK0038,1
CAND14268,SK0035,5
CAND06598,SK0171,5
CAND13830,SK0265,1
CAND03125,SK0259,3
CAND03169,SK0267,3
CAND02835,SK0053,3
CAND00572,SK0063,3
CAND00413,SK0115,5
CAND12958,SK0221,1
CAND03461,SK0158,2
CAND06334,SK0246,2
CAND12436,SK0203,1
CAND02667,SK0189,3
CAND12373,SK0089,4
CAND07730,SK0012,3
CAND00360,SK0213,4
CAND13251,SK0300,3
CAND13381,SK0030,4
CAND02528,SK0246,1
CAND12069,SK0027,3
CAND07814,SK0269,1
CAND08292,SK0136,4
CAND05095,SK0121,1
CAND14789,SK0021,4
CAND01217,SK0084,1
CAND04982,SK0143,3
CAND11511,SK0251,4
CAND05617,SK0280,4
CAND11228,SK0160,5
CAND11734,SK0297,5
CAND02162,SK0208,5
CAND04204,SK0040,1
CAND10380,SK0110,1
CAND05611,SK0126,1
CAND09552,SK0214,3
CAND09168,SK0275,5
CAND14925,SK0050,4
CAND09909,SK0193,5
CAND02612,SK0233,5
CAND10870,SK0160,1
CAND05930,SK0298,4
CAND08087,SK0220,2
CAND01706,SK0089,1
CAND14199,SK0283,3
CAND11748,SK0271,4
CAND09948,SK0147,3
CAND09350,SK0027,2
CAND11530,SK0152,3
CAND13714,SK0070,4
CAND02887,SK0120,2
CAND06729,SK0290,2
CAND03095,SK0091,2
CAND09354,SK0253,1
CAND10666,SK0037,3
CAND00742,SK0134,2
CAND04614,SK0095,3
CAND07962,SK0228,1
CAND10333,SK0200,3
CAND11497,SK0230,3
CAND04846,SK0257,3
CAND12515,SK0054,2
CAND07795,SK0146,2
CAND02899,SK0219,4
CAND01849,SK0119,5
CAND00378,SK0011,3
CAND01810,SK0260,4
CAND05514,SK0015,1
CAND06535,SK0216,2
CAND06515,SK0106,3
CAND13905,SK0231,3
CAND04108,SK0022,5
CAND12678,SK0285,2
CAND04888,SK0205,1
CAND00848,SK0048,4
CAND14348,SK0187,3
CAND04021,SK0273,5
CAND06131,SK0121,1
CAND08601,SK0213,1
CAND12992,SK0182,5
CAND10149,SK0182,5
CAND09156,SK0260,5
CAND06995,SK0091,4
CAND14138,SK0193,1
CAND07274,SK0253,2
CAND04606,SK0147,1
CAND07966,SK0195,2
CAND06036,SK0006,4
CAND14217,SK0276,3
CAND07294,SK0004,2
CAND09464,SK0155,5
CAND00429,SK0179,2
CAND06227,SK0206,2
CAND13421,SK0083,1
CAND09230,SK0288,2
CAND00519,SK0145,1
CAND09308,SK0091,3
CAND00463,SK0262,3
CAND03415,SK0102,1
CAND00286,SK0238,1
CAND12895,SK0086,3
CAND07515,SK0167,1
CAND04544,SK0063,2
CAND09119,SK0048,5
CAND00919,SK0115,3
CAND13293,SK0149,4
CAND11498,SK0265,4
CAND00021,SK0095,1
CAND09019,SK0172,1
CAND09097,SK0106,3
CAND04376,SK0222,4
CAND12827,SK0210,1
CAND01073,SK0151,1
CAND01427,SK0160,1
CAND06420,SK0077,1
CAND05666,SK0172,2
CAND03645,SK0125,4
CAND08366,SK0117,2
CAND12119,SK0170,2
CAND09151,SK0139,5
CAND00028,SK0273,3
CAND11995,SK0227,2
CAND04398,SK0216,3
CAND00840,SK0096,5
CAND11529,SK0192,1
CAND13041,SK0232,4
CAND11378,SK0056,4
CAND09628,SK0068,5
CAND01536,SK0135,2
CAND11623,SK0048,1
CAND02930,SK0136,4
CAND05612,SK0207,5
CAND01137,SK0098,1
CAND04803,SK0138,1
CAND00812,SK0156,2
CAND11258,SK0132,3
CAND11062,SK0148,5
CAND10479,SK0181,4
CAND06238,SK0260,5
CAND07587,SK0068,3
CAND13409,SK0075,5
CAND09130,SK0142,1
CAND04740,SK0259,2
CAND11425,SK0224,5
CAND06077,SK0216,4
CAND11228,SK0271,5
CAND04694,SK0139,4
CAND08188,SK0281,5
CAND12698,SK0080,2
CAND06990,SK0080,5
CAND00789,SK0152,3
CAND10229,SK0022,4
CAND13846,SK0032,3
CAND11973,SK0138,1
CAND05824,SK0108,2
CAND08756,SK0033,2
CAND03645,SK0024,2
CAND08225,SK0205,5
CAND12877,SK0102,1
CAND01229,SK0203,3
CAND02498,SK0262,2
CAND14532,SK0064,5
CAND06912,SK0267,4
CAND00799,SK0271,4
CAND14899,SK0109,2
CAND11325,SK0180,4
CAND12499,SK0236,4
CAND05950,SK0196,3
CAND00894,SK0125,3
CAND02029,SK0107,5
CAND00635,SK0238,4
CAND05071,SK0085,1
CAND00777,SK0286,4
CAND12894,SK0270,4
CAND11236,SK0297,3
CAND03172,SK0028,1
CAND06632,SK0211,1
CAND12586,SK0079,3
CAND13590,SK0018,5
CAND03786,SK0012,5
CAND14014,SK0141,5
CAND02393,SK0059,1
CAND01587,SK0006,3
CAND10307,SK0087,5
CAND04021,SK0204,1
CAND10063,SK0202,2
CAND13126,SK0020,3
CAND13548,SK0155,3
CAND05341,SK0081,1
CAND13473,SK0182,4
CAND14298,SK0104,1
CAND06093,SK0207,4
CAND12499,SK0196,1
CAND11990,SK0276,2
CAND03208,SK0092,4
CAND03965,SK0049,3
CAND09953,SK0158,1
CAND00813,SK0074,4
CAND14320,SK0079,4
CAND10325,SK0258,5
CAND03693,SK0090,2
CAND05472,SK0041,4
CAND01653,SK0218,3
CAND12827,SK0099,3
CAND00814,SK0007,2
CAND02743,SK0034,3
CAND12063,SK0217,5
CAND00100,SK0234,2
CAND08688,SK0195,1
CAND14515,SK0194,1
CAND08896,SK0229,5
CAND06702,SK0106,5
CAND14973,SK0142,5
CAND13714,SK0018,3
CAND08958,SK0157,4
CAND06934,SK0234,1
CAND12828,SK0230,1
CAND00373,SK0033,5
CAND04354,SK0125,5
CAND13605,SK0115,4
CAND08738,SK0022,2
CAND13366,SK0298,3
CAND10404,SK0079,4
CAND07840,SK0090,5
CAND13011,SK0289,3
CAND04256,SK0155,5
CAND06834,SK0259,5
CAND04992,SK0079,4
CAND01899,SK0135,1
CAND01032,SK0018,4
CAND09879,SK0247,1
CAND13475,SK0206,3
CAND13144,SK0114,5
CAND09085,SK0008,5
CAND11831,SK0084,1
CAND11120,SK0280,5
CAND02764,SK0043,4
CAND12522,SK0271,5
CAND10443,SK0298,3
CAND01120,SK0158,5
CAND06343,SK0141,4
CAND11758,SK0282,5
CAND07260,SK0260,1
CAND14890,SK0205,3
CAND11281,SK0145,4
CAND09476,SK0110,2
CAND14087,SK0043,1
CAND10521,SK0175,1
CAND00855,SK0289,2
CAND01543,SK0273,1
CAND13107,SK0255,3
CAND03497,SK0089,5
CAND03978,SK0204,5
CAND08217,SK0214,4
CAND04025,SK0094,5
CAND04537,SK0227,5
CAND08857,SK0290,2
CAND04085,SK0173,4
CAND10468,SK0293,1
CAND00061,SK0085,3
CAND09807,SK0033,5
CAND07336,SK0220,4
CAND00915,SK0099,1
CAND00879,SK0064,1
CAND07614,SK0168,3
CAND12206,SK0251,1
CAND14056,SK0277,2
CAND12917,SK0290,3
CAND13743,SK0298,3
CAND04651,SK0041,2
CAND11496,SK0035,4
CAND08360,SK0020,1
CAND09193,SK0093,3
CAND10968,SK0084,5
CAND13243,SK0143,4
CAND07534,SK0043,5
CAND12774,SK0111,5
CAND03364,SK0065,4
CAND06929,SK0187,4
CAND02470,SK0007,4
CAND05179,SK0229,1
CAND11543,SK0038,4
CAND05536,SK0124,5
CAND08115,SK0090,5
CAND09416,SK0005,1
CAND07855,SK0055,3
CAND11403,SK0176,4
CAND10704,SK0227,4
CAND06919,SK0235,2
CAND08030,SK0229,1
CAND00210,SK0167,3
CAND13741,SK0013,5
CAND02056,SK0274,5
CAND09794,SK0107,5
CAND04742,SK0064,1
CAND00888,SK0102,5
CAND12538,SK0163,3
CAND08521,SK0085,3
CAND00999,SK0226,1
CAND13657,SK0299,4
CAND09792,SK0026,4
CAND08260,SK0173,1
CAND10513,SK0065,3
CAND14029,SK0221,4
CAND09606,SK0105,1
CAND10296,SK0207,1
CAND08880,SK0086,2
CAND00347,SK0010,4
CAND02801,SK0291,2
CAND03258,SK0105,5
CAND02094,SK0101,3
CAND02291,SK0159,5
CAND09980,SK0110,4
CAND03844,SK0229,5
CAND13525,SK0078,5
CAND05512,SK0136,4
CAND08720,SK0183,3
CAND08238,SK0296,4
CAND11917,SK0236,3
CAND10638,SK0287,2
CAND02394,SK0173,2
CAND10144,SK0053,1
CAND01474,SK0095,2
CAND14945,SK0288,3
CAND01711,SK0090,4
CAND04475,SK0279,5
CAND00840,SK0077,1
CAND03455,SK0080,1
CAND09162,SK0172,2
CAND04153,SK0265,1
CAND05403,SK0161,4
CAND06173,SK0100,1
CAND12385,SK0219,5
CAND04020,SK0281,5
CAND03961,SK0224,1
CAND07642,SK0296,2
CAND14317,SK0128,5
CAND04402,SK0048,1
CAND07442,SK0089,2
CAND10075,SK0142,5
CAND06287,SK0267,4
CAND08930,SK0244,5
CAND07460,SK0216,3
CAND03531,SK0051,5
CAND04257,SK0107,5
CAND08776,SK0021,1
CAND12468,SK0273,4
CAND02251,SK0248,5
CAND05072,SK0106,1
CAND03882,SK0172,4
CAND12479,SK0136,3
CAND02145,SK0187,2
CAND10109,SK0049,3
CAND12154,SK0195,5
CAND11724,SK0014,1
CAND10099,SK0109,3
CAND05160,SK0043,1
CAND07960,SK0072,3
CAND14236,SK0275,2
CAND12161,SK0278,5
CAND09582,SK0083,5
CAND07253,SK0116,3
CAND00123,SK0090,5
CAND07217,SK0043,5
CAND01035,SK0132,1
CAND05944,SK0294,5
CAND05057,SK0028,5
CAND02273,SK0155,4
CAND03070,SK0281,2
CAND02013,SK0083,3
CAND02423,SK0054,2
CAND08333,SK0273,2
CAND01318,SK0283,3
CAND01344,SK0058,5
CAND07428,SK0256,4
CAND00409,SK0034,1
CAND00799,SK0204,5
CAND03068,SK0081,4
CAND00289,SK0106,4
CAND11013,SK0260,4
CAND14516,SK0042,1
CAND03880,SK0041,2
CAND12475,SK0013,3
CAND00069,SK0184,2
CAND05100,SK0237,1
CAND01148,SK0222,2
CAND03197,SK0066,3
CAND00305,SK0106,3
CAND08802,SK0019,3
CAND06835,SK0269,3
CAND06681,SK0251,4
CAND00364,SK0084,1
CAND09418,SK0151,3
CAND12814,SK0091,5
CAND09053,SK0070,2
CAND13150,SK0281,1
CAND07349,SK0113,3
CAND03013,SK0063,5
CAND08406,SK0081,5
CAND07077,SK0244,2
CAND14901,SK0161,4
CAND04131,SK0186,5
CAND04807,SK0235,3
CAND00281,SK0166,4
CAND14630,SK0258,1
CAND09874,SK0171,4
CAND02817,SK0014,2
CAND05890,SK0205,4
CAND11289,SK0141,1
CAND10868,SK0118,4
CAND11878,SK0135,1
CAND09904,SK0292,4
CAND07552,SK0250,5
CAND04264,SK0263,1
CAND14342,SK0210,3
CAND08069,SK0277,1
CAND05447,SK0037,4
CAND08962,SK0032,2
CAND13677,SK0002,4
CAND09419,SK0210,2
CAND10576,SK0057,4
CAND06839,SK0218,3
CAND11632,SK0266,3
CAND03603,SK0118,1
CAND08686,SK0027,2
CAND08016,SK0047,3
CAND09714,SK0212,3
CAND08591,SK0032,4
CAND08445,SK0161,5
CAND07987,SK0229,3
CAND10804,SK0293,1
CAND09260,SK0129,3
CAND14770,SK0249,4
CAND00707,SK0230,1
CAND06302,SK0135,4
CAND00321,SK0200,1
CAND12759,SK0087,1
CAND06051,SK0178,3
CAND05411,SK0231,4
CAND01905,SK0033,5
CAND13122,SK0133,2
CAND07815,SK0276,5
CAND13901,SK0299,5
CAND02777,SK0153,1
CAND02507,SK0007,2
CAND03265,SK0253,4
CAND03196,SK0052,4
CAND00511,SK0091,5
CAND14743,SK0260,1
CAND14170,SK0117,1
CAND10502,SK0096,2
CAND13369,SK0249,3
CAND07897,SK0061,4
CAND01533,SK0298,1
CAND04752,SK0231,4
CAND05429,SK0056,2
CAND05990,SK0261,5
CAND03467,SK0046,2
CAND08730,SK0256,5
CAND09979,SK0249,1
CAND06374,SK0041,2
CAND09644,SK0279,3
CAND06664,SK0109,5
CAND01400,SK0281,4
CAND08082,SK0135,2
CAND07640,SK0150,4
CAND10695,SK0223,4
CAND04424,SK0171,1
CAND04051,SK0299,2
CAND00368,SK0129,1
CAND10708,SK0154,2
CAND07610,SK0139,1
CAND03856,SK0227,4
CAND05175,SK0081,5
CAND11224,SK0241,1
CAND02864,SK0200,4
CAND08013,SK0163,4
CAND07035,SK0240,2
CAND01884,SK0003,2
CAND08691,SK0269,5
CAND13340,SK0134,2
CAND07178,SK0217,2
CAND12233,SK0083,3
CAND09047,SK0243,3
CAND06374,SK0147,3
CAND06838,SK0003,4
CAND00159,SK0209,4
CAND10962,SK0059,1
CAND05252,SK0051,3
CAND07653,SK0059,5
CAND03863,SK0161,5
CAND04850,SK0268,5
CAND10568,SK0216,4
CAND02959,SK0132,2
CAND14294,SK0271,3
CAND05218,SK0272,2
CAND07998,SK0111,5
CAND03659,SK0187,2
CAND01814,SK0063,1
CAND14100,SK0220,5
CAND09122,SK0052,1
CAND13701,SK0292,5
CAND11481,SK0111,4
CAND10010,SK0153,2
CAND03596,SK0221,2
CAND11384,SK0266,2
CAND01823,SK0277,1
CAND00561,SK0045,1
CAND06430,SK0085,2
CAND07388,SK0179,1
CAND11415,SK0206,5
CAND12799,SK0287,4
CAND05121,SK0068,5
CAND03371,SK0083,4
CAND11862,SK0001,5
CAND13845,SK0047,5
CAND04309,SK0162,4
CAND07417,SK0154,5
CAND09432,SK0179,5
CAND11584,SK0146,1
CAND01029,SK0099,5
CAND02497,SK0183,5
CAND06064,SK0148,4
CAND06988,SK0217,2
CAND01147,SK0112,3
CAND07802,SK0167,2
CAND04271,SK0091,2
CAND12826,SK0062,3
CAND14279,SK0032,3
CAND00339,SK0121,2
CAND12051,SK0258,2
CAND05100,SK0004,2
CAND09290,SK0025,1
CAND10755,SK0173,2
CAND05073,SK0115,2
CAND13217,SK0234,3
CAND09507,SK0019,3
CAND10935,SK0099,3
CAND12366,SK0065,1
CAND00480,SK0059,1
CAND11609,SK0069,3
CAND05726,SK0215,2
CAND01925,SK0070,3
CAND06751,SK0202,4
CAND02714,SK0193,5
CAND09416,SK0049,1
CAND12902,SK0098,5
CAND04292,SK0188,2
CAND03762,SK0098,2
CAND03936,SK0062,5
CAND05608,SK0062,3
CAND08119,SK0184,2
CAND04268,SK0151,5
CAND13408,SK0180,3
CAND01142,SK0068,2
CAND07795,SK0114,1
CAND07020,SK0235,3
CAND13419,SK0225,3
CAND14460,SK0133,1
CAND02824,SK0138,3
CAND00244,SK0173,5
CAND09282,SK0116,4
CAND12494,SK0058,4
CAND02710,SK0161,3
CAND02546,SK0205,4
CAND02933,SK0291,2
CAND05469,SK0125,4
CAND00295,SK0271,4
CAND07043,SK0049,4
CAND03186,SK0233,4
CAND12071,SK0185,2
CAND09752,SK0266,1
CAND04389,SK0154,1
CAND02261,SK0111,5
CAND08369,SK0196,4
CAND01831,SK0014,4
CAND13540,SK0214,3
CAND08604,SK0065,2
CAND06693,SK0257,1
CAND14108,SK0006,5
CAND08897,SK0094,2
CAND10317,SK0098,1
CAND10825,SK0136,3
CAND09447,SK0183,3
CAND09115,SK0205,4
CAND03542,SK0133,2
CAND02051,SK0002,2
CAND13939,SK0043,3
CAND07153,SK0011,2
CAND06132,SK0196,2
CAND05204,SK0219,1
CAND05818,SK0232,1
CAND05621,SK0133,4
CAND09077,SK0169,5
CAND07038,SK0192,5
CAND04023,SK0163,1
CAND01822,SK0129,2
CAND13098,SK0005,5
CAND07194,SK0298,1
CAND13906,SK0262,5
CAND13160,SK0276,2
CAND08757,SK0061,1
CAND01994,SK0060,4
CAND10318,SK0154,2
CAND10340,SK0079,5
CAND00738,SK0087,1
CAND05829,SK0170,1
CAND02283,SK0070,5
CAND09323,SK0004,2
CAND11774,SK0107,2
CAND05217,SK0217,3
CAND04047,SK0015,3
CAND08556,SK0036,4
CAND01518,SK0232,2
CAND06254,SK0094,5
CAND02765,SK0106,2
CAND06942,SK0053,5
CAND00849,SK0025,2
CAND05454,SK0071,1
CAND09707,SK0234,1
CAND03954,SK0066,4
CAND08246,SK0108,4
CAND06539,SK0099,3
CAND08488,SK0261,4
CAND12278,SK0189,2
CAND11440,SK0181,2
CAND04832,SK0073,1
CAND07187,SK0170,3
CAND05213,SK0275,4
CAND01254,SK0261,2
CAND14571,SK0145,2
CAND00443,SK0104,3
CAND09701,SK0288,1
CAND09241,SK0256,3
CAND08733,SK0241,4
CAND02676,SK0291,4
CAND07773,SK0245,3
CAND03767,SK0112,5
CAND07384,SK0261,3
CAND09230,SK0219,4
CAND12581,SK0176,4
CAND10280,SK0075,3
CAND11675,SK0042,3
CAND11221,SK0025,5
CAND13732,SK0093,4
CAND05264,SK0076,3
CAND03657,SK0157,2
CAND08237,SK0153,5
CAND03133,SK0070,5
CAND09314,SK0112,5
CAND11015,SK0086,3
CAND02981,SK0034,1
CAND11517,SK0161,4
CAND01482,SK0239,5
CAND08760,SK0038,1
CAND01837,SK0015,4
CAND14935,SK0274,4
CAND02620,SK0143,1
CAND04670,SK0054,2
CAND07964,SK0294,2
CAND00886,SK0147,5
CAND13950,SK0234,4
CAND13351,SK0089,5
CAND00970,SK0156,1
CAND09955,SK0011,5
CAND03625,SK0144,5
CAND00512,SK0295,3
CAND11568,SK0115,2
CAND02395,SK0227,2
CAND04784,SK0074,2
CAND03915,SK0086,4
CAND14332,SK0217,2
CAND11099,SK0221,1
CAND02763,SK0227,2
CAND10112,SK0167,1
CAND09616,SK0184,2
CAND02751,SK0011,1
CAND04816,SK0221,1
CAND08711,SK0015,2
CAND04121,SK0265,4
CAND12985,SK0149,5
CAND06916,SK0060,4
CAND12856,SK0236,2
CAND00188,SK0086,3
CAND05553,SK0191,3
CAND13029,SK0153,1
CAND12995,SK0249,1
CAND08681,SK0227,4
CAND02763,SK0191,1
CAND04713,SK0280,5
CAND07583,SK0135,1
CAND04885,SK0251,4
CAND09641,SK0050,5
CAND04559,SK0136,2
CAND06043,SK0112,4
CAND03543,SK0049,3
CAND10221,SK0088,2
CAND10606,SK0268,4
CAND14498,SK0006,4
CAND06841,SK0125,1
CAND12785,SK0183,5
CAND09141,SK0237,2
CAND07053,SK0015,2
CAND14038,SK0262,1
CAND02190,SK0232,4
CAND08422,SK0184,2
CAND12625,SK0039,3
CAND04675,SK0024,2
CAND10932,SK0157,4
CAND05571,SK0093,2
CAND09403,SK0228,1
CAND02820,SK0148,4
CAND12703,SK0274,1
CAND05640,SK0034,5
CAND08072,SK0262,3
CAND05233,SK0151,3
CAND04416,SK0207,1
CAND06904,SK0271,2
CAND02627,SK0165,3
CAND13135,SK0111,4
CAND14545,SK0223,2
CAND07694,SK0158,2
CAND11096,SK0026,5
CAND10003,SK0223,2
CAND06854,SK0169,1
CAND02760,SK0134,3
CAND08297,SK0051,2
CAND06847,SK0045,1
CAND05296,SK0053,3
CAND06030,SK0251,3
CAND04839,SK0273,4
CAND06723,SK0043,3
CAND12620,SK0234,3
CAND14046,SK0184,2
CAND04244,SK0281,5
CAND03740,SK0240,1
CAND09076,SK0085,4
CAND13881,SK0101,2
CAND00248,SK0038,2
CAND04873,SK0011,1
CAND04138,SK0135,5
CAND07012,SK0153,5
CAND10149,SK0265,1
CAND02324,SK0247,2
CAND13236,SK0107,1
CAND06814,SK0110,5
CAND03264,SK0030,5
CAND11991,SK0190,4
CAND01119,SK0226,2
CAND10966,SK0213,5
CAND06498,SK0298,4
CAND10582,SK0203,2
CAND03334,SK0124,4
CAND00094,SK0135,3
CAND11570,SK0250,3
CAND09226,SK0222,2
CAND12622,SK0218,5
CAND05756,SK0017,5
CAND01571,SK0237,1
CAND09958,SK0001,1
CAND04739,SK0197,2
CAND13453,SK0154,3
CAND10115,SK0015,2
CAND10698,SK0197,5
CAND09615,SK0045,5
CAND03500,SK0176,4
CAND07861,SK0211,4
CAND11408,SK0105,3
CAND05963,SK0155,5
CAND13101,SK0214,1
CAND01437,SK0107,1
CAND11388,SK0171,5
CAND08703,SK0148,5
CAND10580,SK0124,4
CAND06740,SK0021,1
CAND08904,SK0188,5
CAND07747,SK0168,4
CAND13060,SK0048,1
CAND08523,SK0030,2
CAND01537,SK0094,1
CAND05037,SK0226,2
CAND05757,SK0112,4
CAND14632,SK0215,4
CAND04885,SK0078,4
CAND08874,SK0170,1
CAND00827,SK0032,3
CAND02882,SK0051,1
CAND14008,SK0053,5
CAND08552,SK0001,4
CAND01660,SK0052,2
CAND04852,SK0125,2
CAND10800,SK0009,5
CAND05000,SK0205,2
CAND00140,SK0218,1
CAND05197,SK0059,2
CAND13653,SK0084,4
CAND03072,SK0061,1
CAND04184,SK0245,2
CAND04911,SK0095,2
CAND13739,SK0159,2
CAND14433,SK0228,4
CAND10123,SK0032,3
CAND07372,SK0040,2
CAND14704,SK0275,5
CAND04302,SK0289,5
CAND08982,SK0071,4
CAND04908,SK0159,4
CAND04589,SK0058,3
CAND03874,SK0048,3
CAND07171,SK0111,3
CAND13906,SK0005,1
CAND07201,SK0095,1
CAND07465,SK0071,1
CAND02294,SK0120,5
CAND06344,SK0143,1
CAND09196,SK0020,2
CAND08830,SK0034,2
CAND02784,SK0042,5
CAND00617,SK0262,5
CAND14628,SK0165,2
CAND09257,SK0080,3
CAND11240,SK0203,4
CAND13221,SK0037,4
CAND05691,SK0095,2
CAND13344,SK0159,3
CAND01402,SK0174,3
CAND03474,SK0025,4
CAND14241,SK0149,1
CAND04998,SK0212,5
CAND01280,SK0111,5
CAND12425,SK0054,2
CAND00133,SK0239,3
CAND04225,SK0112,5
CAND07659,SK0082,2
CAND01696,SK0239,1
CAND02780,SK0101,3
CAND03500,SK0222,2
CAND01630,SK0035,1
CAND13027,SK0238,5
CAND00564,SK0277,1
CAND10112,SK0138,3
CAND08034,SK0112,3
CAND01411,SK0119,5
CAND05013,SK0117,2
CAND04499,SK0139,2
CAND01253,SK0120,1
CAND10520,SK0131,1
CAND11661,SK0111,4
CAND13002,SK0106,1
CAND08621,SK0053,4
CAND14163,SK0147,5
CAND01176,SK0121,2
CAND06395,SK0164,2
CAND01300,SK0024,1
CAND12579,SK0164,3
CAND09324,SK0013,5
CAND10873,SK0232,4
CAND02506,SK0163,5
CAND11253,SK0253,4
CAND09607,SK0135,3
CAND12601,SK0045,5
CAND06308,SK0205,3
CAND10506,SK0273,2
CAND03005,SK0218,5
CAND13972,SK0066,1
CAND06627,SK0106,5
CAND09181,SK0153,5
CAND03596,SK0241,4
CAND04039,SK0140,2
CAND01306,SK0039,4
CAND08899,SK0061,1
CAND02926,SK0033,3
CAND02570,SK0125,1
CAND06312,SK0185,2
CAND13312,SK0143,5
CAND11659,SK0267,5
CAND09078,SK0222,1
CAND14404,SK0216,3
CAND14912,SK0036,3
CAND08684,SK0069,3
CAND04022,SK0013,4
CAND01720,SK0126,2
CAND05025,SK0293,2
CAND06860,SK0160,2
CAND06212,SK0088,3
CAND11257,SK0222,2
CAND05938,SK0097,5
CAND03262,SK0160,2
CAND12628,SK0213,5
CAND05585,SK0242,1
CAND08088,SK0120,5
CAND00307,SK0088,3
CAND00486,SK0188,4
CAND04567,SK0185,1
CAND09072,SK0050,3
CAND13238,SK0127,4
CAND13995,SK0251,5
CAND11475,SK0231,2
CAND11398,SK0006,5
CAND02546,SK0075,3
CAND07433,SK0149,1
CAND00648,SK0213,4
CAND14207,SK0084,2
CAND10238,SK0028,5
CAND09707,SK0110,3
CAND08839,SK0090,1
CAND14295,SK0294,3
CAND06334,SK0270,4
CAND09650,SK0220,3
CAND12429,SK0195,3
CAND05619,SK0111,3
CAND01708,SK0112,2
CAND12726,SK0112,4
CAND08164,SK0046,2
CAND02752,SK0027,3
CAND08003,SK0083,5
CAND05026,SK0226,1
CAND13891,SK0232,1
CAND01682,SK0091,2
CAND14586,SK0125,3
CAND00806,SK0097,1
CAND14302,SK0149,2
CAND09082,SK0086,4
CAND06686,SK0143,3
CAND13882,SK0064,4
CAND09825,SK0121,1
CAND07328,SK0292,3
CAND06184,SK0070,1
CAND06274,SK0195,4
CAND05822,SK0043,4
CAND09637,SK0286,3
CAND14266,SK0142,4
CAND05089,SK0021,5
CAND09369,SK0157,2
CAND09106,SK0032,3
CAND06057,SK0175,4
CAND01615,SK0280,5
CAND07109,SK0141,2
CAND06419,SK0126,1
CAND08871,SK0158,2
CAND06800,SK0102,4
CAND11107,SK0254,1
CAND01519,SK0089,1
CAND02145,SK0272,5
CAND06489,SK0129,2
CAND14993,SK0174,4
CAND01399,SK0294,4
CAND07427,SK0287,2
CAND03719,SK0221,3
CAND11706,SK0060,2
CAND10177,SK0171,3
CAND12797,SK0299,3
CAND11283,SK0095,2
CAND03257,SK0200,2
CAND01263,SK0114,5
CAND04121,SK0063,4
CAND10105,SK0046,5
CAND09361,SK0005,5
CAND00117,SK0037,5
CAND06434,SK0048,2
CAND06803,SK0102,5
CAND08939,SK0222,5
CAND08741,SK0299,4
CAND13162,SK0284,4
CAND11134,SK0255,5
CAND05034,SK0158,3
CAND00960,SK0100,3
CAND13196,SK0125,1
CAND13771,SK0216,2
CAND10334,SK0219,5
CAND04714,SK0270,4
CAND11012,SK0282,1
CAND06892,SK0032,4
CAND11110,SK0173,5
CAND04492,SK0247,3
CAND03116,SK0186,4
CAND06735,SK0250,4
CAND02315,SK0126,2
CAND07564,SK0037,5
CAND13052,SK0090,4
CAND07282,SK0016,5
CAND04894,SK0225,2
CAND07821,SK0232,3
CAND06058,SK0127,5
CAND13831,SK0286,5
CAND07174,SK0022,2
CAND02215,SK0297,5
CAND07448,SK0060,3
CAND09593,SK0008,5
CAND03292,SK0103,1
CAND04240,SK0169,3
CAND03537,SK0196,3
CAND05102,SK0196,5
CAND00629,SK0160,3
CAND07590,SK0162,5
CAND12794,SK0280,2
CAND13405,SK0160,5
CAND06216,SK0116,4
CAND10684,SK0143,1
CAND09023,SK0145,4
CAND03259,SK0107,2
CAND08810,SK0198,3
CAND01605,SK0257,4
CAND10355,SK0217,1
CAND02299,SK0226,5
CAND08216,SK0229,3
CAND04969,SK0131,4
CAND06765,SK0180,4
CAND13627,SK0054,1
CAND07012,SK0266,5
CAND05288,SK0076,5
CAND08272,SK0093,4
CAND04646,SK0063,3
CAND12017,SK0120,2
CAND01746,SK0039,4
CAND12316,SK0092,5
CAND05147,SK0092,2
CAND09009,SK0103,2
CAND01782,SK0242,5
CAND10390,SK0072,5
CAND14352,SK0257,5
CAND11137,SK0240,5
CAND03058,SK0171,4
CAND08460,SK0019,2
CAND00557,SK0220,1
CAND03366,SK0297,4
CAND04487,SK0085,1
CAND04414,SK0278,1
CAND05907,SK0035,3
CAND13443,SK0200,1
CAND09618,SK0126,1
CAND04811,SK0283,5
CAND12932,SK0019,4
CAND06407,SK0037,1
CAND07695,SK0095,5
CAND12139,SK0141,1
CAND13325,SK0278,5
CAND14240,SK0183,2
CAND10859,SK0286,2
CAND08517,SK0140,2
CAND08726,SK0162,3
CAND11398,SK0141,3
CAND05639,SK0289,1
CAND09860,SK0169,2
CAND01934,SK0253,3
CAND11448,SK0029,2
CAND05334,SK0277,1
CAND13500,SK0123,3
CAND13221,SK0283,3
CAND01714,SK0083,3
CAND11354,SK0131,4
CAND11336,SK0043,1
CAND04498,SK0072,5
CAND11122,SK0272,3
CAND05096,SK0114,5
CAND01874,SK0264,3
CAND10500,SK0085,4
CAND10719,SK0243,4
CAND05802,SK0014,3
CAND07993,SK0122,3
CAND13796,SK0029,5
CAND03341,SK0282,2
CAND03825,SK0222,1
CAND11122,SK0108,3
CAND13893,SK0042,5
CAND03705,SK0175,3
CAND11898,SK0080,2
CAND13391,SK0085,2
CAND10204,SK0084,2
CAND08250,SK0129,1
CAND07831,SK0048,5
CAND03606,SK0098,4
CAND01171,SK0155,2
CAND11512,SK0088,2
CAND01153,SK0102,2
CAND14932,SK0061,1
CAND02110,SK0015,3
CAND02487,SK0095,1
CAND13431,SK0298,1
CAND13823,SK0247,2
CAND01725,SK0103,3
CAND11699,SK0273,5
CAND08635,SK0016,3
CAND08559,SK0197,1
CAND06952,SK0102,2
CAND00867,SK0002,1
CAND05734,SK0088,5
CAND05139,SK0183,1
CAND04946,SK0203,5
CAND13252,SK0176,2
CAND07439,SK0193,3
CAND00937,SK0295,4
CAND02580,SK0009,1
CAND06897,SK0116,1
CAND00387,SK0116,5
CAND01028,SK0023,4
CAND01562,SK0137,3
CAND03846,SK0229,2
CAND04332,SK0171,4
CAND05802,SK0059,4
CAND13680,SK0142,5
CAND07700,SK0110,3
CAND12558,SK0223,4
CAND07128,SK0264,1
CAND08301,SK0144,4
CAND10547,SK0108,4
CAND14840,SK0073,5
CAND12140,SK0029,1
CAND04749,SK0098,2
CAND11900,SK0221,3
CAND13153,SK0139,5
CAND04716,SK0187,5
CAND01659,SK0290,1
CAND04408,SK0061,5
CAND06836,SK0215,4
CAND03018,SK0108,1
CAND14607,SK0186,2
CAND03034,SK0292,4
CAND02997,SK0241,1
CAND14225,SK0051,3
CAND11331,SK0155,5
CAND08131,SK0198,5
CAND07943,SK0178,1
CAND08478,SK0165,3
CAND13515,SK0198,5
CAND03560,SK0016,1
CAND06263,SK0153,5
CAND02947,SK0062,2
CAND04601,SK0019,3
CAND01327,SK0038,2
CAND08419,SK0218,4
CAND09737,SK0123,1
CAND12934,SK0129,1
CAND08438,SK0143,1
CAND12846,SK0154,1
CAND14144,SK0136,2
CAND10570,SK0257,3
CAND04531,SK0069,2
CAND04044,SK0120,5
CAND06531,SK0044,2
CAND00212,SK0152,5
CAND01698,SK0283,1
CAND05871,SK0252,2
CAND05170,SK0067,2
CAND14859,SK0050,2
CAND11844,SK0167,5
CAND05949,SK0102,3
CAND06411,SK0159,2
CAND09530,SK0292,1
CAND13296,SK0266,3
CAND02956,SK0025,3
CAND04820,SK0150,4
CAND03251,SK0215,5
CAND02810,SK0156,1
CAND13445,SK0088,4
CAND01733,SK0002,1
CAND14514,SK0167,1
CAND01254,SK0233,3
CAND07136,SK0237,1
CAND04212,SK0031,4
CAND12085,SK0008,3
CAND11496,SK0243,3
CAND02392,SK0010,2
CAND14050,SK0128,5
CAND07421,SK0114,1
CAND14085,SK0232,3
CAND13168,SK0128,4
CAND12433,SK0262,1
CAND14592,SK0251,2
CAND14741,SK0019,1
CAND05735,SK0286,1
CAND04980,SK0057,2
CAND07022,SK0021,4
CAND08922,SK0217,3
CAND13483,SK0230,2
CAND05982,SK0026,5
CAND06974,SK0237,4
CAND02932,SK0282,2
CAND14698,SK0164,4
CAND04079,SK0264,4
CAND08106,SK0294,3
CAND02025,SK0170,2
CAND08650,SK0021,4
CAND03666,SK0268,1
CAND13389,SK0062,1
CAND11300,SK0198,5
CAND08987,SK0158,5
CAND06545,SK0025,3
CAND07084,SK0060,4
CAND14532,SK0291,4
CAND12190,SK0239,1
CAND11249,SK0158,5
CAND12611,SK0185,2
CAND01188,SK0167,3
CAND12422,SK0270,5
CAND11312,SK0077,5
CAND07523,SK0137,2
CAND04319,SK0030,5
CAND12222,SK0178,1
CAND02771,SK0073,4
CAND07915,SK0065,3
CAND13887,SK0172,5
CAND05775,SK0046,2
CAND06063,SK0152,3
CAND08047,SK0206,1
CAND03476,SK0042,4
CAND01256,SK0291,2
CAND07937,SK0190,2
CAND14574,SK0279,2
CAND07406,SK0074,2
CAND09461,SK0066,3
CAND14515,SK0102,3
CAND14892,SK0097,5
CAND14202,SK0289,2
CAND02553,SK0120,5
CAND04330,SK0092,5
CAND11935,SK0286,5
CAND04116,SK0110,3
CAND13560,SK0286,4
CAND00966,SK0271,5
CAND14373,SK0195,5
CAND07154,SK0296,3
CAND00637,SK0239,4
CAND06518,SK0221,4
CAND04789,SK0031,1
CAND12569,SK0249,3
CAND12077,SK0178,5
CAND06654,SK0140,2
CAND06797,SK0298,3
CAND14653,SK0142,5
CAND04474,SK0235,5
CAND10369,SK0183,4
CAND14907,SK0284,3
CAND08162,SK0284,4
CAND11962,SK0094,5
CAND04276,SK0118,4
CAND05225,SK0103,5
CAND06423,SK0071,3
CAND06231,SK0108,1
CAND08162,SK0270,5
CAND10110,SK0154,5
CAND14232,SK0030,5
CAND04845,SK0258,2
CAND07910,SK0240,1
CAND13898,SK0235,4
CAND01263,SK0056,1
CAND12186,SK0187,1
CAND06674,SK0133,2
CAND00256,SK0160,2
CAND06247,SK0008,4
CAND01207,SK0235,3
CAND05133,SK0296,5
CAND07360,SK0033,5
CAND10634,SK0248,4
CAND10235,SK0039,5
CAND03112,SK0220,2
CAND11245,SK0220,4
CAND10352,SK0058,1
CAND03331,SK0258,1
CAND12260,SK0078,3
CAND03750,SK0046,1
CAND06334,SK0124,1
CAND05273,SK0065,5
CAND03804,SK0184,5
CAND05232,SK0007,3
CAND00122,SK0075,3
CAND09150,SK0072,3
CAND02260,SK0097,5
CAND03022,SK0179,5
CAND01906,SK0275,3
CAND08701,SK0025,3
CAND09129,SK0182,3
CAND10096,SK0088,3
CAND13725,SK0193,1
CAND14521,SK0103,3
CAND14364,SK0149,2
CAND08690,SK0190,3
CAND02044,SK0059,4
CAND14445,SK0188,4
CAND12055,SK0011,3
CAND08953,SK0274,1
CAND14119,SK0019,4
CAND02839,SK0271,3
CAND13868,SK0211,1
CAND06292,SK0011,3
CAND05565,SK0226,5
CAND10645,SK0075,4
CAND11597,SK0046,1
CAND12864,SK0280,5
CAND00600,SK0058,4
CAND12039,SK0055,4
CAND10682,SK0292,4
CAND02959,SK0095,2
CAND03153,SK0080,4
CAND09007,SK0237,1
CAND09743,SK0066,1
CAND13945,SK0177,4
CAND04558,SK0009,4
CAND01584,SK0045,2
CAND14356,SK0027,1
CAND00665,SK0104,4
CAND10540,SK0077,3
CAND12053,SK0242,5
CAND02761,SK0130,1
CAND14101,SK0016,5
CAND02217,SK0261,2
CAND07122,SK0297,4
CAND07996,SK0218,2
CAND08338,SK0293,5
CAND05827,SK0107,4
CAND08462,SK0101,4
CAND07667,SK0295,2
CAND03224,SK0292,4
CAND07538,SK0176,4
CAND13244,SK0255,2
CAND05652,SK0242,1
CAND09344,SK0005,3
CAND09485,SK0036,5
CAND12112,SK0106,2
CAND05274,SK0289,5
CAND02483,SK0203,1
CAND03940,SK0260,3
CAND08947,SK0108,2
CAND06487,SK0062,1
CAND00339,SK0082,3
CAND06037,SK0298,3
CAND11354,SK0278,5
CAND08355,SK0004,2
CAND13145,SK0251,5
CAND03275,SK0256,1
CAND01824,SK0290,3
CAND04585,SK0054,4
CAND02615,SK0084,3
CAND14496,SK0196,5
CAND10994,SK0105,3
CAND00664,SK0274,3
CAND06093,SK0237,1
CAND11748,SK0171,5
CAND10036,SK0094,3
CAND09820,SK0181,1
CAND06915,SK0230,5
CAND10280,SK0128,1
CAND04637,SK0073,3
CAND03921,SK0102,3
CAND06413,SK0043,3
CAND10327,SK0276,2
CAND13433,SK0197,5
CAND07268,SK0118,3
CAND05841,SK0136,1
CAND07315,SK0159,2
CAND00638,SK0294,1
CAND09095,SK0137,4
CAND12794,SK0084,5
CAND01435,SK0057,2
CAND03427,SK0153,3
CAND11190,SK0255,2
CAND08541,SK0203,2
CAND05753,SK0094,3
CAND06634,SK0065,1
CAND09980,SK0129,5
CAND12057,SK0137,2
CAND08454,SK0029,1
CAND12912,SK0162,4
CAND13428,SK0097,5
CAND14068,SK0292,3
CAND03599,SK0287,1
CAND02786,SK0084,1
CAND13148,SK0011,5
CAND13475,SK0252,4
CAND01369,SK0149,4
CAND12232,SK0298,5
CAND05956,SK0025,1
CAND10289,SK0034,3
CAND01863,SK0100,4
CAND08217,SK0008,2
CAND11139,SK0283,4
CAND05250,SK0070,4
CAND02738,SK0102,3
CAND02247,SK0240,4
CAND10680,SK0094,4
CAND11757,SK0126,5
CAND06523,SK0085,3
CAND14386,SK0180,2
CAND11664,SK0271,5
CAND06550,SK0268,2
CAND02343,SK0270,1
CAND06202,SK0192,2
CAND05046,SK0247,1
CAND02368,SK0112,4
CAND05365,SK0117,1
CAND07895,SK0144,5
CAND01713,SK0242,4
CAND04962,SK0078,5
CAND09773,SK0094,1
CAND13017,SK0160,5
CAND07462,SK0232,5
CAND02353,SK0204,1
CAND11410,SK0017,2
CAND14432,SK0147,1
CAND07701,SK0140,1
CAND05863,SK0288,1
CAND01674,SK0108,3
CAND14908,SK0051,5
CAND07955,SK0054,3
CAND02530,SK0142,5
CAND14002,SK0259,1
CAND14267,SK0063,3
CAND02131,SK0187,4
CAND13745,SK0094,1
CAND08908,SK0271,1
CAND03670,SK0027,1
CAND06330,SK0238,1
CAND03970,SK0058,3
CAND01683,SK0261,3
CAND05159,SK0091,2
CAND13053,SK0027,3
CAND13504,SK0199,4
CAND13045,SK0226,2
CAND08042,SK0234,4
CAND07406,SK0015,1
CAND01368,SK0215,1
CAND03301,SK0065,1
CAND02696,SK0012,4
CAND00243,SK0023,3
CAND06700,SK0254,2
CAND07873,SK0273,5
CAND11297,SK0103,4
CAND08257,SK0085,4
CAND04240,SK0040,5
CAND13819,SK0061,2
CAND14313,SK0214,5
CAND08187,SK0156,1
CAND06460,SK0275,5
CAND06504,SK0123,4
CAND11979,SK0005,2
CAND07903,SK0071,5
CAND03882,SK0140,4
CAND01459,SK0137,1
CAND09994,SK0295,2
CAND01567,SK0271,5
CAND10880,SK0116,4
CAND14177,SK0183,5
CAND08492,SK0202,2
CAND05838,SK0001,3
CAND13454,SK0274,2
CAND09479,SK0054,3
CAND11606,SK0272,3
CAND06714,SK0110,3
CAND03718,SK0100,1
CAND10100,SK0056,1
CAND00310,SK0284,1
CAND10193,SK0214,5
CAND04201,SK0104,5
CAND08805,SK0282,3
CAND01355,SK0119,4
CAND12792,SK0271,2
CAND13589,SK0278,1
CAND09785,SK0300,1
CAND13008,SK0008,1
CAND13172,SK0203,4
CAND08992,SK0055,2
CAND11635,SK0238,5
CAND11264,SK0113,3
CAND01861,SK0218,4
CAND03061,SK0277,2
CAND02965,SK0093,1
CAND10185,SK0213,2
CAND07305,SK0247,2
CAND00737,SK0057,3
CAND00351,SK0153,1
CAND12343,SK0005,1
CAND02487,SK0230,2
CAND04900,SK0010,4
CAND05122,SK0099,5
CAND02303,SK0161,1
CAND05930,SK0021,2
CAND12119,SK0021,5
CAND07623,SK0020,4
CAND00672,SK0148,2
CAND00616,SK0096,4
CAND13659,SK0086,5
CAND09283,SK0292,3
CAND10733,SK0231,1
CAND12380,SK0232,4
CAND04940,SK0143,2
CAND06253,SK0014,2
CAND03391,SK0298,3
CAND06061,SK0150,5
CAND02412,SK0263,3
CAND12638,SK0134,5
CAND02946,SK0270,5
CAND03122,SK0124,4
CAND04200,SK0016,4
CAND10036,SK0020,1
CAND11067,SK0008,2
CAND06335,SK0259,5
CAND02650,SK0091,4
CAND05640,SK0160,5
CAND12803,SK0163,3
CAND06495,SK0105,3
CAND05938,SK0181,4
CAND02744,SK0168,5
CAND05240,SK0198,1
CAND04260,SK0098,3
CAND11698,SK0180,2
CAND02009,SK0087,2
CAND03859,SK0113,4
CAND00475,SK0141,4
CAND04537,SK0097,4
CAND03127,SK0018,1
CAND05162,SK0010,2
CAND07512,SK0274,1
CAND03097,SK0257,4
CAND04629,SK0255,3
CAND10125,SK0270,1
CAND02279,SK0162,2
CAND09990,SK0010,4
CAND06457,SK0251,1
CAND03192,SK0113,1
CAND02423,SK0054,1
CAND12452,SK0164,5
CAND13280,SK0087,3
CAND06334,SK0102,1
CAND06970,SK0046,4
CAND00216,SK0066,5
CAND02145,SK0176,4
CAND10480,SK0094,2
CAND07704,SK0040,5
CAND12590,SK0164,1
CAND14591,SK0078,5
CAND07462,SK0279,1
CAND11705,SK0054,4
CAND02298,SK0253,3
CAND03288,SK0238,3
CAND00940,SK0072,2
CAND00253,SK0241,3
CAND03240,SK0032,5
CAND06193,SK0111,1
CAND02991,SK0089,2
CAND08026,SK0083,5
CAND11320,SK0296,3
CAND00386,SK0059,5
CAND09963,SK0006,5
CAND09167,SK0206,5
CAND14310,SK0072,5
CAND07238,SK0221,2
CAND08731,SK0199,4
CAND09605,SK0102,3
CAND09386,SK0031,1
CAND06273,SK0003,1
CAND07797,SK0260,1
CAND10958,SK0212,1
CAND05034,SK0195,1
CAND06776,SK0055,3
CAND00204,SK0030,2
CAND02200,SK0030,3
CAND07978,SK0175,5
CAND05383,SK0285,4
CAND13436,SK0218,4
CAND03648,SK0033,3
CAND00884,SK0026,2
CAND03978,SK0170,2
CAND10206,SK0247,2
CAND07367,SK0109,1
CAND14024,SK0225,4
CAND01587,SK0263,1
CAND08149,SK0242,1
CAND00626,SK0262,1
CAND03021,SK0276,3
CAND03528,SK0157,5
CAND12754,SK0212,4
CAND02560,SK0072,5
CAND07435,SK0153,2
CAND00031,SK0138,3
CAND05509,SK0001,5
CAND13171,SK0035,5
CAND04907,SK0074,1
CAND03423,SK0057,3
CAND01543,SK0030,1
CAND03589,SK0201,3
CAND14829,SK0068,3
CAND04516,SK0065,2
CAND09797,SK0106,5
CAND03490,SK0076,5
CAND03051,SK0149,3
CAND14333,SK0169,1
CAND14529,SK0014,5
CAND02292,SK0082,3
CAND01914,SK0176,5
CAND11013,SK0099,5
CAND08815,SK0049,5
CAND13526,SK0065,4
CAND00126,SK0090,3
CAND14247,SK0058,2
CAND01918,SK0127,4
CAND10231,SK0118,4
CAND02364,SK0075,4
CAND05545,SK0088,4
CAND07004,SK0259,3
CAND13867,SK0006,4
CAND07907,SK0208,1
CAND07271,SK0103,5
CAND04761,SK0172,4
CAND05049,SK0150,1
CAND02998,SK0148,3
CAND07672,SK0290,2
CAND06067,SK0184,2
CAND14249,SK0053,5
CAND09379,SK0252,5
CAND00195,SK0137,4
CAND09079,SK0017,4
CAND05686,SK0141,3
CAND01507,SK0212,3
CAND03049,SK0274,2
CAND07099,SK0199,2
CAND07352,SK0117,3
CAND10324,SK0184,3
CAND01440,SK0300,3
CAND14507,SK0104,2
CAND11750,SK0008,2
CAND04450,SK0137,5
CAND06112,SK0123,5
CAND10366,SK0042,3
CAND01399,SK0230,2
CAND06951,SK0260,2
CAND11716,SK0153,1
CAND03629,SK0041,3
CAND05131,SK0023,5
CAND06501,SK0104,1
CAND12883,SK0211,5
CAND12304,SK0106,4
CAND02540,SK0169,2
CAND12749,SK0197,4
CAND05592,SK0109,3
CAND13961,SK0253,1
CAND09647,SK0129,3
CAND01061,SK0235,2
CAND04750,SK0093,2
CAND12038,SK0052,3
CAND04713,SK0263,5
CAND07732,SK0225,5
CAND06988,SK0090,3
CAND00220,SK0013,3
CAND08860,SK0020,5
CAND10793,SK0201,5
CAND12575,SK0180,1
CAND12598,SK0045,2
CAND02004,SK0219,3
CAND08649,SK0290,3
CAND10657,SK0082,5
CAND13717,SK0126,1
CAND02220,SK0152,3
CAND01202,SK0162,5
CAND02699,SK0140,2
CAND02831,SK0217,2
CAND05972,SK0088,4
CAND02233,SK0206,3
CAND01716,SK0182,5
CAND01402,SK0226,4
CAND14480,SK0094,5
CAND14116,SK0205,2
CAND04377,SK0097,1
CAND05034,SK0021,5
CAND10830,SK0281,1
CAND01407,SK0077,2
CAND01479,SK0102,4
CAND09660,SK0262,3
CAND14076,SK0033,2
CAND13082,SK0231,4
CAND14458,SK0040,5
CAND13214,SK0094,2
CAND06123,SK0131,1
CAND13412,SK0243,5
CAND07606,SK0117,2
CAND04415,SK0210,3
CAND08806,SK0268,5
CAND01483,SK0278,1
CAND05921,SK0071,2
CAND03191,SK0214,5
CAND14869,SK0037,1
CAND07229,SK0204,1
CAND09613,SK0033,1
CAND14279,SK0300,5
CAND03186,SK0147,4
CAND04461,SK0180,2
CAND12167,SK0007,4
CAND11485,SK0186,3
CAND06960,SK0156,3
CAND13424,SK0008,5
CAND13318,SK0058,5
CAND05914,SK0294,3
CAND08100,SK0143,3
CAND13158,SK0035,3
CAND04503,SK0297,5
CAND02515,SK0023,4
CAND01848,SK0060,3
CAND05880,SK0125,1
CAND03154,SK0061,5
CAND07490,SK0247,4
CAND05518,SK0083,1
CAND11414,SK0148,3
CAND06389,SK0072,4
CAND12208,SK0222,4
CAND12263,SK0078,2
CAND07770,SK0161,5
CAND13474,SK0275,1
CAND14152,SK0144,4
CAND08645,SK0205,2
CAND02219,SK0193,3
CAND07584,SK0048,4
CAND01606,SK0034,1
CAND08018,SK0158,4
CAND04876,SK0242,5
CAND00010,SK0096,3
CAND05885,SK0195,3
CAND00168,SK0291,5
CAND12765,SK0002,1
CAND11766,SK0046,3
CAND13875,SK0203,1
CAND12079,SK0178,4
CAND11979,SK0040,1
CAND05387,SK0171,3
CAND04129,SK0237,5
CAND00197,SK0131,4
CAND12317,SK0295,1
CAND09092,SK0288,3
CAND04105,SK0098,2
CAND14514,SK0293,2
CAND04557,SK0220,2
CAND12252,SK0283,1
CAND01161,SK0293,3
CAND06058,SK0171,1
CAND12227,SK0216,5
CAND09789,SK0010,5
CAND13860,SK0169,2
CAND10371,SK0172,2
CAND04967,SK0045,1
CAND13632,SK0119,5
CAND01713,SK0041,2
CAND00986,SK0231,4
CAND07411,SK0241,3
CAND12788,SK0003,2
CAND03482,SK0075,2
CAND11624,SK0220,2
CAND00344,SK0241,1
CAND00526,SK0109,3
CAND06567,SK0244,1
CAND10387,SK0237,2
CAND02726,SK0098,4
CAND07231,SK0154,2
CAND05910,SK0280,2
CAND10789,SK0015,2
CAND08834,SK0151,3
CAND04546,SK0276,4
CAND13447,SK0292,4
CAND02391,SK0067,2
CAND00863,SK0136,4
CAND14247,SK0132,4
CAND05244,SK0018,1
CAND03258,SK0238,1
CAND03245,SK0106,5
CAND05812,SK0205,2
CAND05647,SK0008,5
CAND07249,SK0264,3
CAND08604,SK0224,5
CAND03118,SK0053,1
CAND08611,SK0047,5
CAND08224,SK0209,1
CAND09848,SK0080,2
CAND01632,SK0009,3
CAND05364,SK0171,4
CAND14596,SK0225,2
CAND04308,SK0035,2
CAND04562,SK0112,4
CAND11848,SK0156,2
CAND07031,SK0072,2
CAND00908,SK0056,2
CAND14353,SK0122,1
CAND06193,SK0104,2
CAND03457,SK0099,5
CAND12459,SK0173,3
CAND14950,SK0095,2
CAND12490,SK0022,5
CAND03872,SK0166,3
CAND14286,SK0092,3
CAND03858,SK0280,3
CAND06940,SK0232,5
CAND05159,SK0140,3
CAND03165,SK0017,2
CAND10950,SK0176,5
CAND05134,SK0100,5
CAND01604,SK0071,4
CAND04505,SK0028,3
CAND04499,SK0166,2
CAND09735,SK0158,4
CAND13709,SK0115,3
CAND11948,SK0203,4
CAND02965,SK0260,1
CAND04939,SK0017,4
CAND12166,SK0056,2
CAND14810,SK0040,1
CAND07508,SK0111,1
CAND10785,SK0269,5
CAND08867,SK0019,1
CAND07455,SK0005,5
CAND08096,SK0247,5
CAND09464,SK0080,5
CAND01027,SK0025,3
CAND13942,SK0119,3
CAND14912,SK0137,3
CAND09684,SK0267,1
CAND02297,SK0058,2
CAND04980,SK0179,3
CAND09138,SK0158,2
CAND08406,SK0245,3
CAND05244,SK0168,3
CAND04297,SK0199,4
CAND12940,SK0269,2
CAND01769,SK0161,2
CAND07683,SK0139,4
CAND06672,SK0208,4
CAND04179,SK0212,2
CAND05819,SK0243,2
CAND05037,SK0125,4
CAND01492,SK0177,3
CAND08093,SK0205,1
CAND11583,SK0243,4
CAND13024,SK0126,3
CAND07689,SK0020,2
CAND10386,SK0049,3
CAND01353,SK0074,2
CAND07730,SK0095,3
CAND11970,SK0064,3
CAND04146,SK0250,5
CAND14962,SK0293,1
CAND14527,SK0113,4
CAND09086,SK0111,1
CAND00592,SK0249,4
CAND12283,SK0215,1
CAND08165,SK0225,4
CAND09697,SK0069,4
CAND07974,SK0060,1
CAND00263,SK0180,1
CAND08609,SK0201,5
CAND06780,SK0280,2
CAND01561,SK0237,3
CAND07892,SK0086,1
CAND00713,SK0148,2
CAND06499,SK0127,2
CAND07034,SK0039,4
CAND04519,SK0262,3
CAND05000,SK0032,1
CAND02948,SK0281,5
CAND10162,SK0176,1
CAND12470,SK0218,1
CAND08726,SK0192,5
CAND05319,SK0142,5
CAND07355,SK0121,2
CAND00998,SK0120,4
CAND14730,SK0231,3
CAND06250,SK0003,1
CAND03946,SK0177,2
CAND01661,SK0102,1
CAND05331,SK0123,5
CAND08545,SK0120,1
CAND01979,SK0034,4
CAND11107,SK0023,4
CAND03892,SK0248,1
CAND12992,SK0134,1
CAND09897,SK0070,4
CAND01335,SK0207,2
CAND12245,SK0012,4
CAND01859,SK0266,2
CAND06569,SK0122,1
CAND10786,SK0105,5
CAND03434,SK0183,4
CAND04400,SK0276,5
CAND08671,SK0010,5
CAND12231,SK0028,3
CAND02502,SK0091,5
CAND04995,SK0088,2
CAND07461,SK0091,2
CAND06010,SK0067,4
CAND08492,SK0048,5
CAND14621,SK0175,2
CAND03264,SK0267,5
CAND13431,SK0293,3
CAND08644,SK0208,2
CAND02588,SK0162,2
CAND03345,SK0179,1
CAND09548,SK0118,4
CAND00955,SK0038,2
CAND13873,SK0183,3
CAND11119,SK0294,2
CAND02309,SK0159,2
CAND14963,SK0282,5
CAND03685,SK0088,3
CAND14011,SK0050,5
CAND07318,SK0082,4
CAND05949,SK0165,4
CAND09278,SK0233,3
CAND00660,SK0196,2
CAND03390,SK0112,5
CAND11541,SK0061,5
CAND09294,SK0218,2
CAND05195,SK0268,3
CAND10298,SK0127,4
CAND06072,SK0287,3
CAND06107,SK0205,3
CAND01711,SK0129,4
CAND10756,SK0071,5
CAND12106,SK0257,2
CAND01727,SK0280,3
CAND06032,SK0123,5
CAND10737,SK0300,3
CAND11543,SK0267,4
CAND04218,SK0133,4
CAND10714,SK0019,5
CAND03165,SK0154,4
CAND01433,SK0211,3
CAND01833,SK0094,2
CAND03050,SK0181,5
CAND05495,SK0124,5
CAND14725,SK0100,2
CAND02807,SK0141,4
CAND08687,SK0193,1
CAND11868,SK0002,4
CAND06240,SK0099,3
CAND03914,SK0009,2
CAND12191,SK0077,3
CAND01065,SK0126,4
CAND06444,SK0048,4
CAND06794,SK0025,1
CAND09641,SK0034,5
CAND14821,SK0128,3
CAND05964,SK0234,4
CAND08470,SK0080,1
CAND02037,SK0145,5
CAND05628,SK0122,2
CAND13754,SK0203,4
CAND01819,SK0201,3
CAND00544,SK0080,4
CAND03565,SK0118,4
CAND02090,SK0032,3
CAND03581,SK0268,5
CAND14888,SK0212,1
CAND07201,SK0288,1
CAND07112,SK0038,3
CAND12294,SK0116,5
CAND05190,SK0298,1
CAND02034,SK0028,3
CAND03662,SK0206,1
CAND11075,SK0179,4
CAND14110,SK0108,2
CAND01108,SK0029,4
CAND10728,SK0050,4
CAND04765,SK0187,1
CAND08610,SK0191,2
CAND07894,SK0038,3
CAND11819,SK0067,4
CAND06656,SK0002,5
CAND12473,SK0275,3
CAND04301,SK0062,4
CAND01517,SK0156,4
CAND11067,SK0227,1
CAND00099,SK0176,5
CAND07952,SK0021,3
CAND02220,SK0231,1
CAND11387,SK0190,2
CAND08504,SK0255,4
CAND05747,SK0017,3
CAND05205,SK0222,2
CAND06577,SK0215,5
CAND01661,SK0109,3
CAND12438,SK0168,5
CAND13113,SK0089,5
CAND02539,SK0102,2
CAND10241,SK0066,4
CAND02584,SK0124,2
CAND12219,SK0146,1
CAND14143,SK0073,5
CAND12436,SK0078,4
CAND02217,SK0038,5
CAND07671,SK0029,2
CAND11679,SK0182,4
CAND11347,SK0203,2
CAND10606,SK0052,3
CAND11287,SK0257,1
CAND11483,SK0136,1
CAND06963,SK0237,3
CAND14165,SK0001,1
CAND02389,SK0061,1
CAND04932,SK0295,5
CAND11610,SK0072,4
CAND10483,SK0061,3
CAND08728,SK0135,2
CAND05954,SK0152,5
CAND00674,SK0136,4
CAND04227,SK0082,3
CAND14618,SK0213,3
CAND12466,SK0275,4
CAND00887,SK0007,3
CAND13941,SK0118,4
CAND13706,SK0008,2
CAND08785,SK0009,3
CAND11999,SK0148,5
CAND05073,SK0234,5
CAND03769,SK0044,5
CAND14089,SK0292,4
CAND00864,SK0184,4
CAND01544,SK0246,4
CAND08417,SK0231,1
CAND10106,SK0281,1
CAND02615,SK0144,2
CAND08832,SK0275,3
CAND03324,SK0057,4
CAND11221,SK0105,2
CAND07704,SK0176,5
CAND08576,SK0257,2
CAND13699,SK0228,3
CAND04131,SK0283,2
CAND12955,SK0201,4
CAND07463,SK0165,3
CAND03995,SK0031,2
CAND10398,SK0040,5
CAND09734,SK0261,2
CAND06660,SK0273,1
CAND10443,SK0097,5
CAND14128,SK0002,4
CAND01908,SK0060,3
CAND09187,SK0126,3
CAND13772,SK0207,4
CAND06494,SK0040,5
CAND07586,SK0246,5
CAND03014,SK0258,5
CAND07389,SK0061,2
CAND03980,SK0085,2
CAND11563,SK0275,5
CAND03883,SK0261,3
CAND03771,SK0137,4
CAND13203,SK0098,3
CAND05307,SK0248,5
CAND12330,SK0071,1
CAND00027,SK0125,5
CAND04428,SK0183,2
CAND09362,SK0267,4
CAND03059,SK0058,5
CAND04765,SK0258,3
CAND02303,SK0206,4
CAND05904,SK0155,5
CAND03421,SK0109,5
CAND00613,SK0094,4
CAND06190,SK0007,3
CAND06334,SK0212,5
CAND03234,SK0021,1
CAND07107,SK0191,2
CAND09074,SK0253,5
CAND02208,SK0266,5
CAND01189,SK0165,2
CAND08575,SK0271,4
CAND05476,SK0093,3
CAND05963,SK0265,3
CAND13029,SK0195,4
CAND02891,SK0221,2
CAND08235,SK0047,4
CAND11464,SK0149,2
CAND00987,SK0285,2
CAND08798,SK0064,3
CAND06573,SK0151,5
CAND11544,SK0191,5
CAND08115,SK0019,5
CAND10334,SK0045,3
CAND05245,SK0052,5
CAND06757,SK0296,1
CAND14168,SK0250,1
CAND04878,SK0096,1
CAND00444,SK0248,4
CAND02170,SK0233,4
CAND14756,SK0239,4
CAND04132,SK0191,4
CAND14317,SK0165,1
CAND06733,SK0060,3
CAND11912,SK0159,3
CAND04708,SK0191,3
CAND12846,SK0229,3
CAND05389,SK0251,3
CAND12374,SK0294,1
CAND07837,SK0045,3
CAND02740,SK0239,4
CAND12065,SK0113,3
CAND02935,SK0256,3
CAND02640,SK0154,4
CAND14662,SK0002,5
CAND00509,SK0103,5
CAND13412,SK0271,3
CAND05419,SK0247,4
CAND14097,SK0106,3
CAND01637,SK0130,1
CAND13548,SK0033,1
CAND06802,SK0215,2
CAND07748,SK0223,4
CAND14543,SK0135,3
CAND14018,SK0268,4
CAND08116,SK0169,5
CAND04217,SK0122,1
CAND13310,SK0141,4
CAND11822,SK0016,4
CAND04470,SK0239,4
CAND13412,SK0266,4
CAND02980,SK0182,1
CAND04960,SK0112,5
CAND05389,SK0132,3
CAND01945,SK0081,1
CAND08700,SK0300,5
CAND06079,SK0123,4
CAND05112,SK0233,3
CAND11689,SK0073,4
CAND05270,SK0207,3
CAND14650,SK0168,2
CAND01143,SK0150,1
CAND12129,SK0237,1
CAND12233,SK0058,2
CAND13330,SK0104,2
CAND05878,SK0059,1
CAND12705,SK0075,5
CAND09238,SK0285,1
CAND04504,SK0047,1
CAND11006,SK0158,1
CAND02645,SK0123,3
CAND14586,SK0120,5
CAND01707,SK0050,4
CAND14299,SK0175,4
CAND06847,SK0168,3
CAND04795,SK0071,3
CAND10850,SK0050,5
CAND11795,SK0226,2
CAND03026,SK0197,2
CAND01849,SK0199,4
CAND00405,SK0196,3
CAND07327,SK0108,3
CAND01891,SK0169,3
CAND14200,SK0188,1
CAND03237,SK0007,4
CAND06551,SK0195,1
CAND02833,SK0026,2
CAND05516,SK0090,2
CAND12350,SK0086,5
CAND10970,SK0094,2
CAND10140,SK0257,5
CAND07581,SK0265,4
CAND11866,SK0052,3
CAND10177,SK0177,3
CAND07334,SK0046,3
CAND00757,SK0092,4
CAND09290,SK0099,2
CAND04653,SK0152,5
CAND08636,SK0046,2
CAND10720,SK0084,4
CAND04641,SK0066,2
CAND14472,SK0231,3
CAND09046,SK0018,1
CAND14284,SK0206,3
CAND10189,SK0086,1
CAND11459,SK0181,3
CAND09604,SK0004,3
CAND10317,SK0243,2
CAND01856,SK0178,4
CAND09287,SK0226,2
CAND08053,SK0194,2
CAND03148,SK0065,4
CAND04438,SK0011,3
CAND14374,SK0241,2
CAND07245,SK0289,2
CAND03258,SK0149,2
CAND06990,SK0040,4
CAND02511,SK0028,1
CAND09701,SK0234,1
CAND02561,SK0170,1
CAND03570,SK0171,3
CAND00311,SK0202,5
CAND03910,SK0121,2
CAND01095,SK0147,1
CAND03844,SK0187,1
CAND13353,SK0130,3
CAND09316,SK0139,1
CAND05825,SK0037,4
CAND00076,SK0097,3
CAND01827,SK0026,3
CAND00840,SK0173,1
CAND01689,SK0254,2
CAND01416,SK0195,4
CAND00811,SK0165,4
CAND02598,SK0058,2
CAND10581,SK0198,2
CAND08518,SK0092,3
CAND01862,SK0173,2
CAND02665,SK0192,5
CAND02163,SK0152,3
CAND07524,SK0043,2
CAND00698,SK0063,5
CAND03977,SK0054,2
CAND08932,SK0233,2
CAND06912,SK0223,1
CAND08931,SK0291,5
CAND00580,SK0056,3
CAND14741,SK0090,3
CAND04196,SK0127,5
CAND14570,SK0299,4
CAND04921,SK0238,3
CAND00618,SK0117,1
CAND14837,SK0103,3
CAND11018,SK0260,3
CAND06198,SK0085,1
CAND03812,SK0008,3
CAND09191,SK0134,3
CAND05198,SK0058,5
CAND12949,SK0164,4
CAND00682,SK0076,2
CAND06668,SK0102,2
CAND04119,SK0112,1
CAND02826,SK0228,3
CAND06294,SK0289,2
CAND12196,SK0266,3
CAND14506,SK0156,5
CAND13723,SK0269,2
CAND11454,SK0226,4
CAND09387,SK0071,5
CAND03563,SK0155,5
CAND09032,SK0242,3
CAND04876,SK0139,4
CAND14907,SK0042,3
CAND04609,SK0196,4
CAND01077,SK0287,1
CAND04104,SK0162,5
CAND12186,SK0111,1
CAND06263,SK0045,4
CAND01665,SK0029,4
CAND14054,SK0103,3
CAND10650,SK0082,2
CAND02277,SK0249,4
CAND14680,SK0031,1
CAND07981,SK0084,3
CAND06747,SK0244,1
CAND00150,SK0085,5
CAND08982,SK0255,2
CAND05362,SK0165,3
CAND12346,SK0006,2
CAND14284,SK0136,2
CAND14156,SK0179,1
CAND09519,SK0253,3
CAND14547,SK0229,1
CAND07299,SK0033,5
CAND09162,SK0086,4
CAND02722,SK0158,5
CAND00579,SK0015,2
CAND09057,SK0128,2
CAND07654,SK0221,5
CAND02694,SK0080,1
CAND03523,SK0152,5
CAND02247,SK0043,2
CAND08103,SK0076,2
CAND08031,SK0044,5
CAND08199,SK0140,3
CAND00881,SK0036,4
CAND02617,SK0078,4
CAND07128,SK0249,1
CAND05361,SK0079,3
CAND07727,SK0293,3
CAND00324,SK0284,2
CAND05153,SK0296,2
CAND07695,SK0192,1
CAND13868,SK0124,2
CAND05352,SK0143,1
CAND00424,SK0138,5
CAND12759,SK0269,5
CAND12237,SK0216,1
CAND11491,SK0127,4
CAND14558,SK0126,3
CAND02083,SK0292,3
CAND12498,SK0299,1
CAND02237,SK0049,5
CAND01019,SK0005,3
CAND11360,SK0216,2
CAND09212,SK0098,2
CAND05571,SK0295,2
CAND01732,SK0178,4
CAND05251,SK0106,3
CAND03043,SK0220,3
CAND10558,SK0081,2
CAND06871,SK0169,3
CAND12002,SK0094,3
CAND08059,SK0140,3
CAND02959,SK0247,2
CAND13905,SK0039,5
CAND07504,SK0153,3
CAND14368,SK0232,3
CAND06009,SK0181,3
CAND12735,SK0167,5
CAND14230,SK0196,2
CAND12087,SK0207,1
CAND04510,SK0129,4
CAND14853,SK0088,2
CAND14960,SK0101,5
CAND11615,SK0196,4
CAND00825,SK0028,3
CAND04399,SK0261,1
CAND11144,SK0080,4
CAND06667,SK0141,3
CAND04642,SK0147,4
CAND10848,SK0117,2
CAND06922,SK0084,3
CAND07316,SK0281,1
CAND02339,SK0135,1
CAND09110,SK0101,2
CAND13952,SK0183,4
CAND00978,SK0107,2
CAND04883,SK0216,5
CAND08330,SK0005,1
CAND13135,SK0071,1
CAND09815,SK0130,4
CAND08934,SK0099,1
CAND04837,SK0074,1
CAND13631,SK0223,2
CAND09578,SK0080,2
CAND06349,SK0127,4
CAND12119,SK0059,2
CAND13617,SK0229,3
CAND00238,SK0014,3
CAND05366,SK0215,3
CAND05063,SK0051,5
CAND02906,SK0102,5
CAND05684,SK0235,3
CAND07030,SK0258,2
CAND07976,SK0282,5
CAND06559,SK0057,2
CAND01247,SK0205,2
CAND14279,SK0051,3
CAND11213,SK0022,3
CAND13160,SK0196,5
CAND00592,SK0228,4
CAND06635,SK0009,4
CAND08035,SK0257,2
CAND05465,SK0175,2
CAND00028,SK0224,1
CAND07534,SK0057,4
CAND03616,SK0118,3
CAND09491,SK0260,1
CAND06711,SK0016,2
CAND00912,SK0212,4
CAND10948,SK0245,1
CAND01399,SK0288,4
CAND06694,SK0051,2
CAND05175,SK0201,1
CAND02605,SK0263,1
CAND08748,SK0270,3
CAND07526,SK0092,1
CAND10796,SK0297,4
CAND12709,SK0126,3
CAND13271,SK0094,2
CAND06962,SK0079,3
CAND02199,SK0092,4
CAND00202,SK0238,2
CAND10996,SK0095,2
CAND07361,SK0121,4
CAND00465,SK0116,1
CAND02303,SK0177,4
CAND02572,SK0194,1
CAND03519,SK0054,3
CAND07276,SK0062,4
CAND06573,SK0070,1
CAND12479,SK0134,2
CAND01915,SK0141,5
CAND00238,SK0030,5
CAND05206,SK0134,5
CAND05946,SK0091,4
CAND03903,SK0152,2
CAND06724,SK0013,3
CAND00403,SK0152,1
CAND05870,SK0022,3
CAND08587,SK0152,1
CAND03151,SK0279,4
CAND11962,SK0059,5
CAND14052,SK0084,3
CAND07232,SK0077,3
CAND06429,SK0035,3
CAND14173,SK0201,5
CAND00459,SK0100,1
CAND01401,SK0002,5
CAND06019,SK0081,2
CAND13961,SK0061,4
CAND06769,SK0027,2
CAND06705,SK0028,4
CAND11833,SK0281,3
CAND14298,SK0236,1
CAND12000,SK0213,2
CAND04256,SK0005,3
CAND01057,SK0036,4
CAND09756,SK0247,5
CAND10789,SK0061,5
CAND05704,SK0052,4
CAND12384,SK0223,4
CAND00805,SK0271,3
CAND13137,SK0212,2
CAND14390,SK0001,5
CAND04905,SK0230,4
CAND05101,SK0030,5
CAND02956,SK0021,1
CAND12874,SK0002,4
CAND05815,SK0067,2
CAND07834,SK0028,4
CAND10074,SK0135,1
CAND02664,SK0279,3
CAND00873,SK0209,5
CAND14056,SK0299,1
CAND08564,SK0045,2
CAND09597,SK0299,4
CAND04035,SK0237,5
CAND11763,SK0167,4
CAND10124,SK0185,1
CAND12808,SK0292,1
CAND02516,SK0007,1
CAND06707,SK0059,2
CAND00788,SK0239,2
CAND08991,SK0135,2
CAND07785,SK0129,5
CAND04702,SK0064,3
CAND10857,SK0160,2
CAND08203,SK0183,4
CAND06295,SK0088,2
CAND09018,SK0192,4
CAND06914,SK0070,4
CAND13116,SK0300,3
CAND12355,SK0121,3
CAND00676,SK0169,4
CAND01883,SK0200,4
CAND03937,SK0182,4
CAND13368,SK0254,3
CAND05382,SK0249,1
CAND08504,SK0262,2
CAND06955,SK0214,4
CAND06458,SK0248,4
CAND09202,SK0077,5
CAND09718,SK0076,1
CAND13079,SK0226,4
CAND07913,SK0291,5
CAND09051,SK0120,3
CAND02472,SK0068,5
CAND01213,SK0006,4
CAND02930,SK0135,5
CAND09470,SK0244,1
CAND10162,SK0270,4
CAND12231,SK0185,5
CAND07766,SK0186,5
CAND13447,SK0246,5
CAND07242,SK0118,4
CAND03929,SK0099,4
CAND07371,SK0254,1
CAND04272,SK0181,1
CAND12891,SK0214,2
CAND05902,SK0001,4
CAND07905,SK0137,5
CAND05326,SK0068,2
CAND04826,SK0067,3
CAND08059,SK0247,5
CAND01389,SK0145,5
CAND14290,SK0232,2
CAND09614,SK0151,2
CAND04959,SK0193,1
CAND07233,SK0049,3
CAND08720,SK0289,4
CAND13723,SK0114,1
CAND13873,SK0268,2
CAND12448,SK0238,4
CAND10710,SK0102,5
CAND00277,SK0175,5
CAND14001,SK0148,1
CAND05309,SK0270,4
CAND09133,SK0005,4
CAND04772,SK0042,4
CAND00129,SK0058,2
CAND01560,SK0022,2
CAND01217,SK0017,4
CAND04001,SK0102,2
CAND03758,SK0223,1
CAND12801,SK0081,5
CAND14093,SK0275,3
CAND01175,SK0199,1
CAND14938,SK0288,2
CAND01105,SK0034,1
CAND07085,SK0132,1
CAND04497,SK0201,3
CAND00862,SK0220,1
CAND12950,SK0006,1
CAND10376,SK0209,3
CAND08544,SK0036,3
CAND04404,SK0198,5
CAND07426,SK0169,2
CAND05823,SK0108,4
CAND09429,SK0259,2
CAND06250,SK0174,3
CAND09521,SK0208,2
CAND06108,SK0232,1
CAND14627,SK0041,2
CAND03979,SK0131,3
CAND08892,SK0157,1
CAND01658,SK0104,4
CAND04700,SK0145,1
CAND14286,SK0091,5
CAND08846,SK0033,3
CAND11083,SK0006,4
CAND11336,SK0177,5
CAND09538,SK0211,1
CAND06923,SK0065,2
CAND14122,SK0098,5
CAND13522,SK0183,3
CAND09999,SK0038,2
CAND02326,SK0146,1
CAND00552,SK0297,4
CAND08067,SK0171,3
CAND07816,SK0002,5
CAND00639,SK0142,3
CAND07212,SK0045,5
CAND09045,SK0196,5
CAND00067,SK0184,2
CAND02589,SK0258,2
CAND04332,SK0037,2
CAND11257,SK0185,4
CAND08163,SK0078,4
CAND02028,SK0258,3
CAND05822,SK0221,2
CAND00726,SK0280,5
CAND13051,SK0035,1
CAND10958,SK0018,5
CAND02753,SK0165,3
CAND05004,SK0169,5
CAND07983,SK0103,4
CAND10216,SK0069,2
CAND01893,SK0006,5
CAND12196,SK0271,2
CAND14245,SK0024,1
CAND05409,SK0270,2
CAND05226,SK0050,3
CAND05118,SK0290,1
CAND05563,SK0125,3
CAND08947,SK0130,3
CAND03184,SK0022,2
CAND13233,SK0027,4
CAND05602,SK0282,1
CAND05835,SK0033,1
CAND07644,SK0071,4
CAND12272,SK0148,1
CAND01096,SK0096,4
CAND01131,SK0094,2
CAND07209,SK0085,4
CAND09646,SK0148,4
CAND04772,SK0211,3
CAND05695,SK0249,4
CAND12669,SK0077,2
CAND06439,SK0038,4
CAND09189,SK0272,3
CAND06537,SK0262,3
CAND05603,SK0199,3
CAND11880,SK0225,2
CAND09830,SK0246,2
CAND00017,SK0132,2
CAND11223,SK0141,2
CAND13641,SK0109,2
CAND02593,SK0231,2
CAND08792,SK0011,2
CAND08889,SK0157,3
CAND12092,SK0140,5
CAND11133,SK0226,5
CAND10473,SK0160,5
CAND02087,SK0142,2
CAND05993,SK0120,3
CAND07254,SK0176,4
CAND07089,SK0163,1
CAND10283,SK0293,4
CAND00266,SK0211,5
CAND01628,SK0107,3
CAND10553,SK0223,5
CAND08379,SK0253,3
CAND08680,SK0078,4
CAND02624,SK0246,4
CAND03604,SK0272,5
CAND10239,SK0176,3
CAND02613,SK0118,4
CAND11956,SK0238,2
CAND13712,SK0187,2
CAND07654,SK0235,1
CAND04942,SK0245,3
CAND14473,SK0086,3
CAND14725,SK0295,5
CAND03049,SK0099,1
CAND01695,SK0127,5
CAND13924,SK0197,4
CAND06926,SK0287,5
CAND03064,SK0147,4
CAND01729,SK0243,3
CAND02676,SK0289,2
CAND02932,SK0192,4
CAND02470,SK0230,1
CAND01022,SK0081,2
CAND10235,SK0182,1
CAND08084,SK0153,5
CAND03300,SK0121,4
CAND13889,SK0289,2
CAND06521,SK0241,5
CAND00707,SK0016,3
CAND08172,SK0300,5
CAND05686,SK0194,3
CAND05339,SK0217,2
CAND06584,SK0074,2
CAND07461,SK0123,5
CAND00495,SK0043,5
CAND07013,SK0179,4
CAND03617,SK0202,4
CAND02811,SK0138,2
CAND00342,SK0270,4
CAND07065,SK0129,1
CAND09963,SK0103,1
CAND14923,SK0194,1
CAND14434,SK0160,3
CAND03297,SK0148,2
CAND11008,SK0080,1
CAND08596,SK0260,4
CAND02973,SK0216,2
CAND00910,SK0115,2
CAND13310,SK0291,1
CAND10713,SK0164,3
CAND05036,SK0012,2
CAND06485,SK0286,1
CAND06588,SK0174,3
CAND03984,SK0087,2
CAND02490,SK0190,5
CAND10950,SK0103,1
CAND00656,SK0253,2
CAND09986,SK0044,2
CAND11041,SK0224,1
CAND14257,SK0133,4
CAND14790,SK0082,3
CAND10330,SK0048,5
CAND09394,SK0270,4
CAND03319,SK0216,5
CAND12861,SK0289,5
CAND09087,SK0110,4
CAND04896,SK0177,4
CAND05007,SK0140,4
CAND05040,SK0071,5
CAND03911,SK0169,1
CAND06006,SK0195,5
CAND03680,SK0121,2
CAND12175,SK0094,3
CAND14279,SK0122,4
CAND06176,SK0096,3
CAND02312,SK0275,2
CAND00012,SK0063,2
CAND09415,SK0122,2
CAND01201,SK0239,1
CAND01394,SK0221,1
CAND06353,SK0143,5
CAND11256,SK0230,2
CAND14359,SK0070,5
CAND07503,SK0286,5
CAND01045,SK0296,4
CAND14326,SK0028,3
CAND06030,SK0004,1
CAND02846,SK0068,5
CAND09395,SK0136,4
CAND09878,SK0196,2
CAND11759,SK0168,2
CAND04296,SK0005,2
CAND13041,SK0063,1
CAND03225,SK0191,3
CAND01830,SK0098,4
CAND00393,SK0280,4
CAND02659,SK0214,5
CAND13690,SK0043,2
CAND04094,SK0210,2
CAND03852,SK0016,5
CAND14600,SK0043,4
CAND04231,SK0256,4
CAND05527,SK0194,3
CAND04212,SK0002,3
CAND02216,SK0166,5
CAND03984,SK0297,4
CAND12550,SK0242,4
CAND08828,SK0021,4
CAND13121,SK0106,5
CAND14768,SK0009,5
CAND10877,SK0037,5
CAND09285,SK0057,2
CAND08761,SK0287,5
CAND09369,SK0096,4
CAND00668,SK0243,2
CAND10973,SK0242,3
CAND00375,SK0040,3
CAND10780,SK0060,2
CAND09529,SK0270,4
CAND05829,SK0131,4
CAND09640,SK0218,5
CAND12800,SK0138,1
CAND05911,SK0282,4
CAND00146,SK0230,3
CAND00497,SK0006,4
CAND14198,SK0297,5
CAND03894,SK0225,1
CAND09857,SK0165,4
CAND03818,SK0300,4
CAND05533,SK0122,5
CAND11077,SK0045,2
CAND09526,SK0093,1
CAND07755,SK0151,3
CAND02928,SK0118,4
CAND03064,SK0006,1
CAND08101,SK0075,4
CAND12151,SK0017,3
CAND05483,SK0011,1
CAND03660,SK0236,3
CAND14321,SK0016,4
CAND12124,SK0037,5
CAND08836,SK0035,3
CAND10568,SK0236,5
CAND08235,SK0176,1
CAND13976,SK0130,5
CAND00752,SK0267,4
CAND05519,SK0155,3
CAND04129,SK0201,5
CAND10486,SK0059,1
CAND07411,SK0208,3
CAND05863,SK0192,5
CAND06469,SK0149,1
CAND04172,SK0088,1
CAND13774,SK0202,4
CAND05414,SK0019,4
CAND09378,SK0032,2
CAND11343,SK0284,3
CAND00385,SK0249,5
CAND03744,SK0248,2
CAND04000,SK0012,3
CAND01052,SK0032,5
CAND04982,SK0010,2
CAND14243,SK0099,5
CAND05319,SK0057,5
CAND10863,SK0113,2
CAND01775,SK0105,5
CAND03507,SK0148,1
CAND07810,SK0104,5
CAND00650,SK0185,1
CAND09930,SK0267,5
CAND13144,SK0084,4
CAND02681,SK0284,2
CAND09649,SK0248,5
CAND14096,SK0157,2
CAND13800,SK0009,5
CAND01559,SK0297,4
CAND08246,SK0189,1
CAND02154,SK0072,2
CAND10296,SK0111,4
CAND03926,SK0287,2
CAND00378,SK0286,4
CAND07798,SK0222,1
CAND07716,SK0174,1
CAND06940,SK0251,3
CAND04584,SK0055,2
CAND01040,SK0213,4
CAND13004,SK0125,1
CAND13843,SK0080,3
CAND01671,SK0053,2
CAND13374,SK0119,5
CAND04740,SK0286,1
CAND06247,SK0244,3
CAND02449,SK0110,5
CAND11419,SK0151,4
CAND07133,SK0096,5
CAND14638,SK0251,5
CAND08204,SK0102,3
CAND07090,SK0154,2
CAND12461,SK0212,3
CAND07499,SK0078,4
CAND05045,SK0175,3
CAND04376,SK0131,4
CAND11738,SK0078,3
CAND11987,SK0030,3
CAND14123,SK0186,1
CAND10260,SK0239,5
CAND10629,SK0196,3
CAND06433,SK0028,2
CAND04354,SK0166,1
CAND10785,SK0079,5
CAND05401,SK0170,5
CAND08060,SK0126,2
CAND14024,SK0012,5
CAND08759,SK0174,3
CAND09459,SK0251,4
CAND13318,SK0283,4
CAND11839,SK0232,3
CAND01579,SK0121,2
CAND05782,SK0065,4
CAND00157,SK0069,5
CAND00810,SK0034,1
CAND01517,SK0057,5
CAND04411,SK0234,3
CAND13464,SK0296,1
CAND09260,SK0270,3
CAND10753,SK0108,4
CAND03299,SK0257,1
CAND00684,SK0272,1
CAND10927,SK0127,3
CAND02455,SK0151,2
CAND02949,SK0110,2
CAND02373,SK0187,5
CAND13333,SK0016,4
CAND08785,SK0222,1
CAND12740,SK0205,1
CAND07288,SK0108,1
CAND05856,SK0249,3
CAND14540,SK0108,4
CAND04834,SK0237,1
CAND02629,SK0105,1
CAND03744,SK0275,1
CAND05855,SK0250,4
CAND14802,SK0242,4
CAND13204,SK0151,2
CAND06655,SK0258,3
CAND10638,SK0288,1
CAND00376,SK0046,1
CAND04762,SK0111,3
CAND14940,SK0286,4
CAND09833,SK0108,1
CAND03811,SK0048,4
CAND01182,SK0107,2
CAND07614,SK0087,3
CAND01708,SK0139,1
CAND06188,SK0011,4
CAND11074,SK0298,4
CAND09674,SK0291,1
CAND06003,SK0029,3
CAND09350,SK0070,3
CAND10065,SK0004,5
CAND05592,SK0191,2
CAND09432,SK0135,3
CAND09347,SK0051,1
CAND08560,SK0081,2
CAND08859,SK0022,3
CAND07768,SK0153,3
CAND08729,SK0163,3
CAND09306,SK0051,1
CAND11043,SK0168,3
CAND09869,SK0125,3
CAND14217,SK0149,5
CAND10992,SK0114,2
CAND05705,SK0239,3
CAND00862,SK0255,4
CAND11291,SK0204,3
CAND08868,SK0234,4
CAND04665,SK0228,1
CAND06055,SK0214,2
CAND14997,SK0229,2
CAND07221,SK0191,5
CAND07583,SK0011,3
CAND12603,SK0038,2
CAND13614,SK0006,3
CAND07365,SK0239,5
CAND00848,SK0296,2
CAND02512,SK0060,4
CAND00089,SK0076,1
CAND05277,SK0249,3
CAND10902,SK0137,2
CAND07115,SK0187,1
CAND12652,SK0094,3
CAND09635,SK0269,5
CAND07705,SK0221,5
CAND07066,SK0089,4
CAND08519,SK0297,3
CAND04349,SK0235,1
CAND04827,SK0047,4
CAND04345,SK0098,4
CAND01597,SK0290,3
CAND02842,SK0023,3
CAND08181,SK0113,3
CAND11414,SK0127,4
CAND13506,SK0008,4
CAND05354,SK0259,4
CAND10700,SK0208,1
CAND07635,SK0221,5
CAND07092,SK0001,2
CAND14931,SK0131,5
CAND06242,SK0117,1
CAND10573,SK0176,2
CAND08353,SK0096,2
CAND05698,SK0239,4
CAND13889,SK0170,5
CAND08663,SK0137,4
CAND08133,SK0131,4
CAND01519,SK0019,4
CAND09271,SK0300,5
CAND12989,SK0023,5
CAND02751,SK0123,5
CAND11398,SK0112,1
CAND09467,SK0043,4
CAND06629,SK0093,3
CAND02010,SK0034,2
CAND07115,SK0110,1
CAND07139,SK0266,3
CAND12701,SK0081,1
CAND10957,SK0167,4
CAND08602,SK0068,4
CAND02338,SK0189,3
CAND07464,SK0270,1
CAND11291,SK0015,3
CAND09716,SK0011,2
CAND13557,SK0026,5
CAND12720,SK0136,3
CAND10117,SK0091,4
CAND03847,SK0011,5
CAND13638,SK0082,5
CAND00523,SK0156,3
CAND08778,SK0215,4
CAND14220,SK0092,1
CAND10937,SK0127,2
CAND08096,SK0049,4
CAND12759,SK0144,2
CAND14467,SK0258,2
CAND07079,SK0067,5
CAND07741,SK0033,2
CAND11661,SK0154,1
CAND12470,SK0007,2
CAND02138,SK0295,1
CAND12394,SK0167,3
CAND07469,SK0280,5
CAND11203,SK0080,2
CAND01153,SK0174,2
CAND10445,SK0220,2
CAND10638,SK0053,3
CAND07437,SK0151,5
CAND08178,SK0268,4
CAND10077,SK0171,4
CAND08155,SK0152,5
CAND00601,SK0107,5
CAND07213,SK0140,4
CAND14475,SK0109,4
CAND13038,SK0122,2
CAND12112,SK0012,2
CAND13640,SK0199,4
CAND11988,SK0283,1
CAND02839,SK0269,5
CAND07865,SK0202,4
CAND09056,SK0191,5
CAND03464,SK0171,1
CAND03248,SK0163,2
CAND10172,SK0183,4
CAND10443,SK0160,3
CAND14881,SK0201,3
CAND00795,SK0145,1
CAND03856,SK0168,4
CAND07006,SK0295,1
CAND07719,SK0008,1
CAND02381,SK0081,1
CAND05277,SK0127,1
CAND12713,SK0095,1
CAND11769,SK0044,2
CAND03016,SK0099,3
CAND07537,SK0162,5
CAND12962,SK0228,3
CAND13861,SK0102,1
CAND07895,SK0297,4
CAND13137,SK0038,2
CAND06383,SK0064,2
CAND06883,SK0139,1
CAND06740,SK0267,4
CAND06943,SK0231,1
CAND12512,SK0083,5
CAND05877,SK0083,5
CAND09944,SK0182,2
CAND01272,SK0160,4
CAND05754,SK0191,1
CAND01270,SK0140,3
CAND03948,SK0147,5
CAND01576,SK0264,2
CAND03044,SK0087,2
CAND01909,SK0245,4
CAND08119,SK0168,5
CAND00630,SK0066,3
CAND08624,SK0180,5
CAND12213,SK0209,3
CAND14091,SK0024,5
CAND14767,SK0010,5
CAND09780,SK0299,3
CAND05326,SK0159,2
CAND10852,SK0048,4
CAND03154,SK0032,4
CAND02345,SK0170,3
CAND02476,SK0035,4
CAND00058,SK0053,4
CAND08761,SK0023,5
CAND07547,SK0169,2
CAND07732,SK0191,2
CAND12173,SK0015,5
CAND05871,SK0116,4
CAND05435,SK0149,2
CAND09229,SK0112,3
CAND07705,SK0200,5
CAND03761,SK0298,4
CAND13168,SK0262,4
CAND11010,SK0229,4
CAND03601,SK0277,4
CAND09928,SK0153,5
CAND07915,SK0014,1
CAND05365,SK0197,1
CAND02098,SK0249,2
CAND00743,SK0171,1
CAND11588,SK0159,3
CAND01440,SK0266,5
CAND00382,SK0050,4
CAND03379,SK0250,4
CAND07464,SK0070,4
CAND08614,SK0031,3
CAND07957,SK0143,5
CAND00982,SK0065,5
CAND14009,SK0012,4
CAND09108,SK0265,5
CAND01758,SK0205,1
CAND07021,SK0247,3
CAND13692,SK0036,2
CAND03960,SK0090,5
CAND10177,SK0129,1
CAND12715,SK0201,4
CAND02509,SK0011,4
CAND01022,SK0109,1
CAND03597,SK0257,4
CAND14064,SK0060,1
CAND10466,SK0053,1
CAND01750,SK0242,3
CAND06672,SK0191,2
CAND02494,SK0099,1
CAND11338,SK0023,3
CAND03151,SK0271,2
CAND11488,SK0100,4
CAND13531,SK0101,5
CAND11114,SK0248,1
CAND13295,SK0078,5
CAND01644,SK0163,4
CAND10708,SK0265,3
CAND00480,SK0149,4
CAND04453,SK0075,2
CAND05672,SK0097,5
CAND01904,SK0030,1
CAND09925,SK0262,2
CAND02692,SK0024,4
CAND10597,SK0248,1
CAND12694,SK0292,5
CAND13078,SK0213,5
CAND06871,SK0181,5
CAND12953,SK0093,2
CAND14085,SK0007,3
CAND08208,SK0019,4
CAND10613,SK0094,5
CAND00303,SK0009,2
CAND12779,SK0159,4
CAND13497,SK0096,2
CAND01128,SK0165,1
CAND14455,SK0101,2
CAND01063,SK0124,4
CAND09607,SK0103,1
CAND02112,SK0019,4
CAND00622,SK0180,5
CAND12416,SK0096,3
CAND08889,SK0096,4
CAND07735,SK0147,2
CAND08445,SK0297,3
CAND01512,SK0140,2
CAND04494,SK0046,3
CAND04851,SK0067,4
CAND13521,SK0297,2
CAND02758,SK0246,1
CAND08355,SK0202,5
CAND11158,SK0097,4
CAND13455,SK0197,3
CAND06396,SK0047,2
CAND09765,SK0167,2
CAND14946,SK0274,2
CAND07293,SK0002,3
CAND03095,SK0002,5
CAND05196,SK0146,4
CAND08445,SK0092,5
CAND11996,SK0181,4
CAND12411,SK0137,2
CAND06213,SK0044,3
CAND01842,SK0072,5
CAND04019,SK0298,5
CAND12491,SK0138,4
CAND04578,SK0199,4
CAND03207,SK0083,1
CAND01492,SK0082,1
CAND00440,SK0071,3
CAND01551,SK0252,2
CAND12643,SK0129,4
CAND10620,SK0292,4
CAND00625,SK0045,2
CAND03493,SK0136,2
CAND05808,SK0027,5
CAND01173,SK0228,1
CAND06147,SK0160,2
CAND07948,SK0041,3
CAND01008,SK0170,1
CAND07681,SK0007,3
CAND09056,SK0109,1
CAND05809,SK0213,1
CAND05492,SK0050,1
CAND04130,SK0150,3
CAND05283,SK0188,1
CAND09781,SK0088,4
CAND11359,SK0179,4
CAND05185,SK0059,4
CAND07125,SK0140,2
CAND02427,SK0091,3
CAND07135,SK0075,2
CAND07035,SK0232,1
CAND07597,SK0102,4
CAND03031,SK0061,4
CAND04257,SK0259,2
CAND03752,SK0201,5
CAND08168,SK0289,4
CAND10053,SK0125,4
CAND09459,SK0169,1
CAND04192,SK0140,5
CAND14572,SK0079,1
CAND09998,SK0085,4
CAND04303,SK0008,3
CAND06444,SK0208,4
CAND03413,SK0165,4
CAND04241,SK0156,4
CAND04599,SK0145,1
CAND10146,SK0052,3
CAND07622,SK0056,3
CAND12768,SK0222,1
CAND04856,SK0218,4
CAND04448,SK0069,1
CAND14103,SK0296,4
CAND06205,SK0124,4
CAND05022,SK0151,1
CAND04805,SK0244,1
CAND00173,SK0253,4
CAND03028,SK0118,3
CAND10321,SK0105,1
CAND09668,SK0214,1
CAND03977,SK0284,1
CAND03819,SK0087,1
CAND11627,SK0206,4
CAND04657,SK0275,4
CAND14073,SK0007,1
CAND04700,SK0200,5
CAND07382,SK0190,1
CAND03649,SK0226,3
CAND13852,SK0073,2
CAND11937,SK0223,4
CAND10028,SK0218,4
CAND04962,SK0026,4
CAND00632,SK0081,4
CAND04747,SK0086,4
CAND14545,SK0044,2
CAND00181,SK0125,2
CAND02635,SK0197,2
CAND14869,SK0135,2
CAND14472,SK0173,4
CAND05467,SK0168,3
CAND07731,SK0164,3
CAND14673,SK0058,1
CAND08014,SK0095,3
CAND06812,SK0160,4
CAND11844,SK0296,2
CAND10660,SK0218,3
CAND11271,SK0141,3
CAND01911,SK0272,2
CAND06509,SK0268,1
CAND11804,SK0110,5
CAND12803,SK0117,5
CAND00479,SK0259,3
CAND11878,SK0239,4
CAND05709,SK0130,5
CAND14930,SK0176,3
CAND04717,SK0252,5
CAND01914,SK0121,1
CAND14610,SK0181,3
CAND06438,SK0074,2
CAND08392,SK0094,5
CAND09491,SK0177,4
CAND13569,SK0163,2
CAND11090,SK0094,1
CAND04039,SK0032,2
CAND08532,SK0004,4
CAND08032,SK0227,1
CAND04711,SK0077,1
CAND08976,SK0006,4
CAND10233,SK0087,3
CAND02956,SK0016,1
CAND07085,SK0029,5
CAND14499,SK0095,5
CAND03829,SK0248,4
CAND03630,SK0190,4
CAND13319,SK0157,1
CAND07742,SK0233,2
CAND14580,SK0278,3
CAND01760,SK0186,5
CAND00427,SK0129,3
CAND14620,SK0038,1
CAND14489,SK0245,5
CAND13015,SK0257,5
CAND03106,SK0102,3
CAND05326,SK0045,2
CAND04728,SK0141,4
CAND12200,SK0200,1
CAND03526,SK0035,2
CAND10525,SK0073,2
CAND08133,SK0060,4
CAND08389,SK0121,3
CAND02590,SK0169,1
CAND03348,SK0263,2
CAND14027,SK0105,3
CAND05294,SK0120,5
CAND03912,SK0047,5
CAND07930,SK0085,2
CAND14848,SK0179,4
CAND03154,SK0200,1
CAND09552,SK0237,2
CAND08841,SK0082,3
CAND14613,SK0016,4
CAND02521,SK0293,4
CAND00215,SK0010,3
CAND06707,SK0012,3
CAND12041,SK0062,1
CAND09633,SK0298,1
CAND05028,SK0061,1
CAND05983,SK0168,4
CAND11007,SK0026,4
CAND12411,SK0208,3
CAND12486,SK0179,3
CAND08867,SK0256,1
CAND06098,SK0017,5
CAND11960,SK0194,5
CAND03807,SK0147,1
CAND14880,SK0227,5
CAND07594,SK0051,4
CAND06200,SK0174,3
CAND10533,SK0172,1
CAND09145,SK0007,5
CAND04885,SK0295,2
CAND00738,SK0093,5
CAND01388,SK0030,4
CAND13135,SK0055,3
CAND07700,SK0115,5
CAND02430,SK0147,1
CAND05706,SK0268,4
CAND09259,SK0201,3
CAND03707,SK0203,2
CAND13376,SK0014,2
CAND03450,SK0287,2
CAND10309,SK0242,4
CAND04819,SK0090,5
CAND02922,SK0110,2
CAND07820,SK0260,4
CAND14253,SK0234,2
CAND03521,SK0202,3
CAND06777,SK0026,2
CAND11371,SK0114,3
CAND02397,SK0244,5
CAND06195,SK0070,5
CAND11788,SK0051,1
CAND14317,SK0070,1
CAND12762,SK0052,4
CAND12983,SK0145,3
CAND03474,SK0030,3
CAND04316,SK0021,5
CAND03143,SK0279,3
CAND05549,SK0192,2
CAND10570,SK0067,5
CAND09476,SK0190,2
CAND13692,SK0105,2
CAND05103,SK0218,2
CAND13674,SK0211,1
CAND01948,SK0006,5
CAND10063,SK0233,4
CAND03628,SK0081,4
CAND14810,SK0121,5
CAND05588,SK0056,2
CAND09633,SK0193,5
CAND03865,SK0044,1
CAND00008,SK0083,1
CAND08259,SK0221,5
CAND01440,SK0126,5
CAND06871,SK0218,3
CAND08488,SK0230,3
CAND08428,SK0180,1
CAND02022,SK0061,2
CAND10351,SK0290,5
CAND05947,SK0104,3
CAND01282,SK0202,1
CAND01849,SK0125,3
CAND13943,SK0159,4
CAND08265,SK0251,2
CAND08735,SK0175,3
CAND08674,SK0227,1
CAND07272,SK0120,1
CAND03891,SK0248,3
CAND06568,SK0238,1
CAND14460,SK0258,3
CAND10798,SK0176,3
CAND07579,SK0294,4
CAND13317,SK0200,4
CAND07541,SK0174,3
CAND08750,SK0284,1
CAND08652,SK0134,2
CAND02288,SK0106,2
CAND05264,SK0286,5
CAND13566,SK0078,5
CAND02808,SK0088,1
CAND06961,SK0138,5
CAND04964,SK0157,4
CAND07473,SK0192,4
CAND10842,SK0267,2
CAND06096,SK0236,1
CAND02195,SK0277,2
CAND08776,SK0137,2
CAND12631,SK0278,5
CAND00546,SK0042,5
CAND08698,SK0105,2
CAND05511,SK0095,3
CAND10142,SK0262,3
CAND07737,SK0028,1
CAND14652,SK0150,2
CAND13648,SK0288,2
CAND06621,SK0235,5
CAND03439,SK0202,3
CAND06370,SK0271,3
CAND00402,SK0030,4
CAND13136,SK0294,5
CAND01084,SK0143,3
CAND11798,SK0146,2
CAND07330,SK0148,1
CAND12780,SK0207,3
CAND07275,SK0081,2
CAND00478,SK0165,5
CAND12588,SK0087,2
CAND14767,SK0025,4
CAND04494,SK0104,1
CAND06798,SK0096,5
CAND07298,SK0180,4
CAND07730,SK0250,4
CAND14746,SK0086,5
CAND01096,SK0002,2
CAND09332,SK0252,5
CAND09501,SK0264,3
CAND08877,SK0161,4
CAND12140,SK0094,2
CAND14418,SK0164,3
CAND06502,SK0034,4
CAND14217,SK0097,3
CAND10900,SK0093,4
CAND05294,SK0025,5
CAND13377,SK0114,1
CAND13070,SK0002,5
CAND08092,SK0261,5
CAND10486,SK0118,3
CAND06900,SK0210,1
CAND13897,SK0168,3
CAND11588,SK0231,5
CAND07517,SK0055,4
CAND04483,SK0246,4
CAND10224,SK0246,4
CAND01986,SK0031,3
CAND01920,SK0076,2
CAND08772,SK0068,1
CAND04101,SK0020,4
CAND00262,SK0107,2
CAND08177,SK0045,4
CAND06115,SK0286,4
CAND14947,SK0070,1
CAND06415,SK0190,2
CAND00940,SK0257,4
CAND02528,SK0259,2
CAND08300,SK0012,5
CAND09870,SK0030,2
CAND11831,SK0172,1
CAND04644,SK0137,3
CAND06238,SK0093,5
CAND04207,SK0153,2
CAND04278,SK0001,5
CAND06467,SK0266,1
CAND00297,SK0215,4
CAND10416,SK0054,5
CAND00568,SK0293,5
CAND11975,SK0267,1
CAND09539,SK0119,4
CAND01538,SK0033,1
CAND03593,SK0253,4
CAND00699,SK0066,4
CAND13037,SK0208,3
CAND14787,SK0070,2
CAND11828,SK0234,4
CAND14265,SK0076,2
CAND11953,SK0072,3
CAND14988,SK0206,1
CAND12660,SK0243,4
CAND01168,SK0042,4
CAND09495,SK0165,4
CAND07146,SK0173,5
CAND13565,SK0283,4
CAND10701,SK0241,4
CAND07791,SK0133,5
CAND02188,SK0086,5
CAND00137,SK0284,5
CAND03826,SK0256,3
CAND10165,SK0039,3
CAND00142,SK0139,3
CAND08503,SK0003,5
CAND12793,SK0189,2
CAND07951,SK0118,1
CAND11294,SK0193,4
CAND09458,SK0122,3
CAND13415,SK0041,2
CAND05938,SK0199,5
CAND13224,SK0288,5
CAND06018,SK0184,2
CAND01027,SK0101,5
CAND05415,SK0160,5
CAND03022,SK0287,5
CAND02363,SK0189,1
CAND00440,SK0061,5
CAND00931,SK0205,5
CAND01873,SK0182,5
CAND14226,SK0028,3
CAND02197,SK0255,5
CAND08541,SK0082,3
CAND10197,SK0049,5
CAND00891,SK0022,2
CAND11081,SK0003,5
CAND01540,SK0213,2
CAND03578,SK0099,1
CAND06645,SK0069,3
CAND02144,SK0228,3
CAND07998,SK0021,4
CAND08412,SK0206,3
CAND01785,SK0276,1
CAND13712,SK0203,1
CAND09509,SK0259,4
CAND04273,SK0159,3
CAND02158,SK0229,4
CAND09780,SK0194,1
CAND12422,SK0228,3
CAND07555,SK0089,2
CAND14332,SK0134,5
CAND01549,SK0063,5
CAND14224,SK0161,5
CAND07156,SK0268,4
CAND06856,SK0127,3
CAND13276,SK0282,4
CAND14665,SK0056,2
CAND12646,SK0063,3
CAND12371,SK0058,4
CAND01563,SK0065,2
CAND02734,SK0137,5
CAND14224,SK0179,2
CAND09531,SK0181,4
CAND01648,SK0235,4
CAND05798,SK0008,4
CAND04270,SK0200,1
CAND10257,SK0080,4
CAND00546,SK0040,5
CAND12035,SK0255,3
CAND14981,SK0020,5
CAND04008,SK0111,5
CAND05520,SK0175,4
CAND05330,SK0109,1
CAND14983,SK0089,4
CAND02164,SK0164,5
CAND01217,SK0118,5
CAND13266,SK0278,1
CAND06275,SK0125,4
CAND09801,SK0024,2
CAND13406,SK0100,3
CAND08434,SK0040,2
CAND13740,SK0238,2
CAND02203,SK0276,4
CAND08762,SK0233,1
CAND13388,SK0252,4
CAND09865,SK0031,1
CAND10610,SK0191,2
CAND07335,SK0183,3
CAND07443,SK0198,2
CAND07207,SK0111,2
CAND04807,SK0111,5
CAND03906,SK0293,4
CAND12635,SK0004,3
CAND08999,SK0048,2
CAND07431,SK0073,1
CAND11881,SK0234,4
CAND00867,SK0002,5
CAND10000,SK0128,1
CAND02305,SK0164,5
CAND09932,SK0111,1
CAND05402,SK0015,3
CAND11639,SK0084,4
CAND14954,SK0084,4
CAND03096,SK0113,5
CAND02662,SK0287,4
CAND14887,SK0179,2
CAND12980,SK0049,5
CAND04337,SK0085,2
CAND04722,SK0094,4
CAND06927,SK0295,1
CAND08105,SK0125,4
CAND12326,SK0243,4
CAND03712,SK0062,1
CAND06377,SK0290,5
CAND11298,SK0287,3
CAND10720,SK0075,3
CAND06999,SK0292,5
CAND00605,SK0107,4
CAND11229,SK0168,2
CAND13523,SK0136,3
CAND08936,SK0068,2
CAND04860,SK0285,5
CAND06632,SK0049,3
CAND13670,SK0195,5
CAND09109,SK0114,3
CAND09488,SK0004,4
CAND01919,SK0179,4
CAND11024,SK0068,5
CAND05300,SK0011,1
CAND03111,SK0059,4
CAND13184,SK0204,5
CAND02859,SK0081,5
CAND05129,SK0051,3
CAND07470,SK0078,3
CAND00449,SK0094,2
CAND01989,SK0017,2
CAND01625,SK0204,4
CAND09328,SK0222,5
CAND10295,SK0075,3
CAND13210,SK0245,5
CAND07115,SK0292,2
CAND06573,SK0229,1
CAND08620,SK0102,1
CAND04678,SK0101,2
CAND11381,SK0017,3
CAND13280,SK0112,3
CAND09700,SK0020,4
CAND08634,SK0284,4
CAND03579,SK0050,1
CAND09326,SK0217,4
CAND03014,SK0216,1
CAND13508,SK0290,5
CAND06726,SK0293,2
CAND07773,SK0087,2
CAND12037,SK0060,4
CAND06350,SK0283,5
CAND05538,SK0092,2
CAND09336,SK0006,1
CAND12475,SK0212,1
CAND02785,SK0199,2
CAND04045,SK0056,2
CAND13601,SK0264,4
CAND00600,SK0276,2
CAND07096,SK0079,4
CAND14933,SK0063,2
CAND10334,SK0164,1
CAND03314,SK0043,4
CAND03238,SK0152,1
CAND06044,SK0112,3
CAND06587,SK0099,5
CAND10833,SK0138,1
CAND03464,SK0293,4
CAND00721,SK0061,1
CAND05289,SK0287,3
CAND04134,SK0267,1
CAND05564,SK0112,4
CAND11392,SK0075,5
CAND14788,SK0038,5
CAND00948,SK0102,2
CAND05091,SK0055,4
CAND11435,SK0271,3
CAND03192,SK0233,1
CAND07728,SK0131,3
CAND06459,SK0253,3
CAND03786,SK0284,4
CAND14817,SK0166,1
CAND04205,SK0103,4
CAND04399,SK0091,2
CAND01510,SK0195,5
CAND03299,SK0248,3
CAND13570,SK0292,2
CAND08277,SK0070,4
CAND09846,SK0219,3
CAND03959,SK0104,1
CAND00050,SK0118,1
CAND06573,SK0287,2
CAND08634,SK0176,2
CAND01273,SK0067,2
CAND12574,SK0241,5
CAND09964,SK0189,3
CAND14416,SK0159,3
CAND11960,SK0141,3
CAND14769,SK0050,1
CAND09389,SK0177,2
CAND13336,SK0117,1
CAND02472,SK0239,2
CAND05709,SK0249,2
CAND03977,SK0288,2
CAND05896,SK0011,4
CAND13055,SK0098,4
CAND10294,SK0180,2
CAND11668,SK0066,5
CAND03896,SK0167,3
CAND05307,SK0268,5
CAND10220,SK0112,3
CAND14181,SK0285,1
CAND08245,SK0246,2
CAND10009,SK0241,4
CAND13905,SK0136,3
CAND05501,SK0208,4
CAND08766,SK0224,5
CAND09069,SK0245,4
CAND03975,SK0232,5
CAND08835,SK0032,4
CAND12249,SK0298,4
CAND03639,SK0154,1
CAND10583,SK0284,4
CAND08410,SK0259,3
CAND10890,SK0143,2
CAND00094,SK0066,2
CAND07166,SK0079,1
CAND05070,SK0145,1
CAND11236,SK0277,4
CAND05095,SK0141,1
CAND14669,SK0066,3
CAND08239,SK0169,4
CAND03984,SK0272,5
CAND08098,SK0235,1
CAND14694,SK0298,4
CAND00293,SK0146,4
CAND14164,SK0286,5
CAND03179,SK0198,1
CAND10398,SK0028,5
CAND05195,SK0046,2
CAND09505,SK0055,1
CAND04746,SK0007,3
CAND14754,SK0185,5
CAND04965,SK0147,4
CAND08115,SK0167,3
CAND05246,SK0110,1
CAND07603,SK0212,5
CAND00488,SK0185,4
CAND01493,SK0170,2
CAND14454,SK0165,5
CAND07665,SK0197,1
CAND12499,SK0167,3
CAND13144,SK0296,1
CAND04233,SK0101,2
CAND04187,SK0106,4
CAND08318,SK0230,2
CAND01511,SK0147,2
CAND14191,SK0060,1
CAND12064,SK0277,3
CAND13819,SK0212,1
CAND13180,SK0238,2
CAND09303,SK0114,3
CAND01943,SK0225,4
CAND02698,SK0103,1
CAND06930,SK0053,2
CAND12195,SK0183,4
CAND13893,SK0263,3
CAND04688,SK0064,1
CAND00839,SK0249,4
CAND06372,SK0073,3
CAND05908,SK0243,1
CAND07316,SK0036,1
CAND06151,SK0051,1
CAND02389,SK0097,5
CAND12351,SK0162,2
CAND09693,SK0036,5
CAND14134,SK0111,1
CAND02347,SK0114,2
CAND05092,SK0284,2
CAND03358,SK0148,1
CAND08864,SK0298,2
CAND09211,SK0261,5
CAND00210,SK0148,3
CAND06263,SK0008,2
CAND01413,SK0075,1
CAND05314,SK0112,5
CAND04529,SK0130,2
CAND02119,SK0231,3
CAND07690,SK0223,4
CAND11496,SK0175,4
CAND04561,SK0117,1
CAND00257,SK0004,4
CAND01113,SK0206,4
CAND10107,SK0068,2
CAND12083,SK0102,2
CAND14618,SK0092,3
CAND08900,SK0057,1
CAND07025,SK0032,5
CAND11888,SK0211,4
CAND03036,SK0276,3
CAND01169,SK0091,4
CAND05566,SK0022,4
CAND03364,SK0073,3
CAND13229,SK0004,5
CAND13678,SK0212,1
CAND10935,SK0166,4
CAND00927,SK0209,4
CAND06667,SK0261,4
CAND04474,SK0007,5
CAND05937,SK0106,4
CAND09412,SK0180,4
CAND11586,SK0232,2
CAND13724,SK0154,4
CAND06439,SK0255,4
CAND08971,SK0256,2
CAND09972,SK0231,4
CAND04448,SK0092,1
CAND07530,SK0149,1
CAND06516,SK0190,1
CAND12169,SK0049,4
CAND14086,SK0158,4
CAND04954,SK0259,5
CAND01563,SK0279,2
CAND14600,SK0118,1
CAND01531,SK0148,1
CAND10915,SK0187,5
CAND01429,SK0075,2
CAND00444,SK0056,3
CAND07165,SK0041,3
CAND05928,SK0214,2
CAND06518,SK0037,4
CAND11062,SK0065,1
CAND01605,SK0165,5
CAND07750,SK0184,2
CAND12391,SK0020,2
CAND14177,SK0058,4
CAND09565,SK0178,5
CAND14580,SK0264,2
CAND07255,SK0056,2
CAND09657,SK0048,3
CAND09187,SK0069,5
CAND00610,SK0003,2
CAND12747,SK0126,4
CAND04562,SK0074,3
CAND01919,SK0079,1
CAND11905,SK0119,1
CAND05386,SK0281,4
CAND01782,SK0023,5
CAND09922,SK0214,2
CAND01996,SK0196,2
CAND13807,SK0292,4
CAND04967,SK0087,5
CAND02194,SK0122,2
CAND11862,SK0218,2
CAND09981,SK0163,1
CAND08451,SK0139,5
CAND10760,SK0072,4
CAND06213,SK0020,2
CAND06932,SK0089,2
CAND07437,SK0166,4
CAND08100,SK0263,5
CAND01476,SK0247,3
CAND10834,SK0131,1
CAND14646,SK0078,5
CAND10476,SK0271,1
CAND08021,SK0269,3
CAND04326,SK0254,1
CAND12309,SK0259,4
CAND13408,SK0172,1
CAND08850,SK0175,1
CAND00537,SK0226,4
CAND08977,SK0093,3
CAND02129,SK0284,2
CAND01119,SK0247,3
CAND06824,SK0086,4
CAND06628,SK0226,2
CAND12640,SK0274,2
CAND06540,SK0058,2
CAND02301,SK0082,3
CAND00209,SK0193,5
CAND00389,SK0102,2
CAND12312,SK0185,5
CAND03280,SK0191,3
CAND11795,SK0161,2
CAND03338,SK0176,1
CAND00215,SK0094,5
CAND13816,SK0117,3
CAND10224,SK0228,5
CAND06887,SK0181,1
CAND09675,SK0242,3
CAND05061,SK0043,5
CAND07426,SK0157,2
CAND04495,SK0079,5
CAND06639,SK0212,1
CAND05555,SK0030,2
CAND12664,SK0228,3
CAND02760,SK0172,1
CAND13472,SK0252,2
CAND06727,SK0057,2
CAND04386,SK0175,4
CAND14173,SK0252,2
CAND02848,SK0237,3
CAND14554,SK0232,3
CAND04889,SK0219,4
CAND12078,SK0179,4
CAND11970,SK0022,1
CAND06836,SK0116,2
CAND10789,SK0291,2
CAND13320,SK0160,2
CAND14381,SK0093,1
CAND09239,SK0133,1
CAND01801,SK0283,4
CAND01800,SK0005,2
CAND05072,SK0202,3
CAND06169,SK0079,2
CAND01460,SK0278,4
CAND10093,SK0294,5
CAND01667,SK0040,5
CAND01799,SK0200,4
CAND02510,SK0085,1
CAND03110,SK0248,2
CAND05801,SK0101,5
CAND00887,SK0156,3
CAND05176,SK0103,4
CAND04982,SK0252,1
CAND08050,SK0057,5
CAND12292,SK0244,2
CAND05691,SK0195,3
CAND02663,SK0295,1
CAND01485,SK0266,5
CAND01339,SK0157,2
CAND10419,SK0237,2
CAND05250,SK0059,4
CAND12944,SK0208,2
CAND13084,SK0297,2
CAND13601,SK0300,5
CAND05340,SK0072,1
CAND07102,SK0130,1
CAND03980,SK0151,5
CAND14948,SK0111,2
CAND01965,SK0207,1
CAND02145,SK0196,3
CAND11817,SK0064,3
CAND08336,SK0170,5
CAND01239,SK0101,1
CAND09279,SK0099,2
CAND11202,SK0185,5
CAND13136,SK0196,5
CAND06673,SK0106,5
CAND14695,SK0229,5
CAND08605,SK0105,2
CAND06140,SK0270,2
CAND14266,SK0031,1
CAND08961,SK0296,5
CAND10696,SK0036,4
CAND14429,SK0111,3
CAND09627,SK0025,3
CAND12686,SK0242,2
CAND13438,SK0130,5
CAND12995,SK0262,5
CAND08851,SK0141,5
CAND14109,SK0254,5
CAND13778,SK0016,2
CAND03927,SK0178,4
CAND02639,SK0240,4
CAND04313,SK0137,2
CAND05225,SK0087,5
CAND10863,SK0226,4
CAND05695,SK0241,2
CAND00190,SK0096,4
CAND09668,SK0234,4
CAND09697,SK0099,3
CAND02118,SK0170,2
CAND12963,SK0190,1
CAND02608,SK0024,1
CAND11221,SK0179,3
CAND10038,SK0111,4
CAND07436,SK0268,1
CAND06908,SK0219,4
CAND10329,SK0039,4
CAND12840,SK0042,1
CAND10894,SK0278,5
CAND04476,SK0122,2
CAND06275,SK0109,5
CAND08326,SK0073,2
CAND14805,SK0106,3
CAND08821,SK0216,3
CAND14414,SK0192,2
CAND04947,SK0017,1
CAND10264,SK0117,5
CAND05579,SK0127,5
CAND03412,SK0277,4
CAND08423,SK0231,4
CAND00680,SK0268,4
CAND07713,SK0299,5
CAND12411,SK0060,1
CAND07683,SK0051,2
CAND13794,SK0044,3
CAND06671,SK0183,5
CAND05134,SK0075,3
CAND10325,SK0259,1
CAND02503,SK0269,5
CAND08732,SK0198,5
CAND10130,SK0091,2
CAND04552,SK0292,2
CAND04345,SK0287,1
CAND01316,SK0068,2
CAND02835,SK0062,3
CAND12266,SK0173,2
CAND10814,SK0099,1
CAND00037,SK0223,1
CAND05632,SK0085,2
CAND10920,SK0029,4
CAND00578,SK0089,5
CAND14642,SK0152,4
CAND06135,SK0236,1
CAND09965,SK0229,3
CAND07763,SK0256,5
CAND14714,SK0199,5
CAND03808,SK0024,5
CAND06243,SK0198,1
CAND05274,SK0266,2
CAND05328,SK0164,5
CAND05930,SK0034,2
CAND06259,SK0244,5
CAND14023,SK0156,2
CAND09263,SK0198,2
CAND09809,SK0270,3
CAND05992,SK0049,2
CAND07273,SK0300,2
CAND00399,SK0256,5
CAND14602,SK0110,5
CAND11862,SK0300,5
CAND08242,SK0277,3
CAND08886,SK0240,1
CAND01956,SK0071,5
CAND12923,SK0206,4
CAND03310,SK0160,2
CAND06459,SK0259,1
CAND03723,SK0062,2
CAND05645,SK0284,5
CAND14853,SK0129,4
CAND10395,SK0264,3
CAND03096,SK0217,2
CAND09379,SK0057,1
CAND07050,SK0049,4
CAND02548,SK0248,4
CAND01092,SK0076,2
CAND11712,SK0021,5
CAND12316,SK0073,4
CAND07066,SK0187,2
CAND10498,SK0185,5
CAND08683,SK0051,4
CAND00543,SK0234,1
CAND00960,SK0075,3
CAND00211,SK0224,1
CAND12969,SK0053,3
CAND09905,SK0157,4
CAND14611,SK0242,1
CAND12892,SK0091,3
CAND07336,SK0066,3
CAND03321,SK0050,5
CAND07063,SK0024,5
CAND03264,SK0206,2
CAND07329,SK0046,3
CAND06764,SK0014,4
CAND05197,SK0070,2
CAND02318,SK0281,2
CAND09994,SK0082,4
CAND10230,SK0015,2
CAND06609,SK0258,2
CAND11041,SK0225,2
CAND12752,SK0251,3
CAND09330,SK0275,5
CAND11042,SK0299,4
CAND07944,SK0127,4
CAND02760,SK0159,1
CAND05724,SK0212,5
CAND01149,SK0191,2
CAND09343,SK0278,3
CAND01848,SK0080,4
CAND01928,SK0166,4
CAND11799,SK0034,2
CAND06109,SK0080,3
CAND12816,SK0051,1
CAND04607,SK0157,1
CAND06729,SK0041,4
CAND09436,SK0005,1
CAND00442,SK0103,5
CAND13374,SK0200,1
CAND09401,SK0071,3
CAND10036,SK0114,2
CAND04240,SK0056,4
CAND14705,SK0117,5
CAND13648,SK0047,1
CAND03700,SK0113,1
CAND13931,SK0003,4
CAND09956,SK0106,2
CAND05757,SK0092,2
CAND14445,SK0243,1
CAND01668,SK0155,3
CAND14675,SK0203,5
CAND12570,SK0033,4
CAND01277,SK0110,4
CAND10470,SK0187,4
CAND08760,SK0203,3
CAND07232,SK0121,5
CAND09659,SK0110,1
CAND13632,SK0207,2
CAND09876,SK0137,5
CAND11353,SK0020,2
CAND04952,SK0082,1
CAND08172,SK0289,4
CAND00576,SK0117,2
CAND11329,SK0033,1
CAND09540,SK0265,4
CAND05733,SK0186,5
CAND12913,SK0219,1
CAND01014,SK0029,2
CAND08502,SK0090,5
CAND14708,SK0189,5
CAND14695,SK0260,4
CAND07302,SK0084,4
CAND13553,SK0056,3
CAND03000,SK0262,1
CAND08796,SK0044,4
CAND07599,SK0266,4
CAND00350,SK0074,4
CAND09964,SK0131,4
CAND00739,SK0085,3
CAND05815,SK0133,3
CAND14215,SK0124,1
CAND05768,SK0155,2
CAND12276,SK0072,2
CAND03051,SK0030,2
CAND05828,SK0167,3
CAND06727,SK0275,2
CAND03064,SK0270,1
CAND02722,SK0212,5
CAND06168,SK0104,4
CAND03199,SK0218,2
CAND10814,SK0106,4
CAND02555,SK0104,1
CAND10569,SK0250,4
CAND09287,SK0001,5
CAND09638,SK0249,2
CAND09439,SK0048,5
CAND09555,SK0132,4
CAND06081,SK0292,4
CAND01076,SK0258,1
CAND00171,SK0273,5
CAND01927,SK0188,2
CAND12090,SK0050,4
CAND13022,SK0293,2
CAND03138,SK0060,5
CAND06889,SK0193,4
CAND12697,SK0226,5
CAND04409,SK0106,5
CAND00432,SK0044,3
CAND02128,SK0251,5
CAND10877,SK0143,3
CAND08640,SK0229,1
CAND02273,SK0195,1
CAND05475,SK0011,1
CAND02735,SK0198,3
CAND10934,SK0108,3
CAND05057,SK0223,4
CAND08123,SK0225,3
CAND01539,SK0195,3
CAND09401,SK0066,3
CAND13359,SK0207,1
CAND01370,SK0253,5
CAND14787,SK0275,3
CAND02181,SK0225,4
CAND12247,SK0252,1
CAND08238,SK0220,5
CAND03269,SK0042,4
CAND06473,SK0060,3
CAND04953,SK0283,4
CAND05931,SK0249,5
CAND06920,SK0121,4
CAND08443,SK0143,1
CAND11376,SK0215,2
CAND12309,SK0192,1
CAND09203,SK0287,1
CAND12135,SK0291,5
CAND03394,SK0017,5
CAND13960,SK0186,5
CAND07063,SK0100,1
CAND03671,SK0078,2
CAND01625,SK0042,2
CAND02061,SK0125,3
CAND09441,SK0085,4
CAND02370,SK0244,3
CAND06522,SK0076,2
CAND01135,SK0082,5
CAND00654,SK0286,5
CAND07137,SK0117,4
CAND11823,SK0243,3
CAND09795,SK0092,5
CAND12496,SK0001,1
CAND06214,SK0195,1
CAND06666,SK0168,5
CAND08299,SK0040,1
CAND08811,SK0172,4
CAND06221,SK0137,1
CAND14371,SK0127,1
CAND07996,SK0024,1
CAND03320,SK0256,1
CAND09584,SK0085,3
CAND12665,SK0293,5
CAND04821,SK0299,5
CAND03738,SK0186,4
CAND04951,SK0281,4
CAND14045,SK0250,5
CAND06827,SK0066,5
CAND11618,SK0127,2
CAND05589,SK0240,3
CAND13194,SK0204,3
CAND01965,SK0272,1
CAND06368,SK0122,1
CAND12874,SK0152,3
CAND03839,SK0052,1
CAND08263,SK0152,3
CAND14901,SK0252,4
CAND00935,SK0173,2
CAND01514,SK0235,2
CAND02244,SK0125,3
CAND11208,SK0094,2
CAND03335,SK0271,1
CAND09349,SK0194,3
CAND00112,SK0193,1
CAND11457,SK0151,2
CAND07840,SK0292,4
CAND02672,SK0176,3
CAND02861,SK0189,2
CAND07012,SK0256,1
CAND03040,SK0095,5
CAND11615,SK0191,1
CAND06284,SK0195,1
CAND12174,SK0103,3
CAND10282,SK0226,1
CAND05202,SK0079,2
CAND02470,SK0037,5
CAND14388,SK0100,5
CAND09260,SK0147,1
CAND00576,SK0199,1
CAND00088,SK0296,2
CAND07392,SK0068,3
CAND02961,SK0104,5
CAND10154,SK0266,5
CAND00125,SK0041,5
CAND07353,SK0217,2
CAND05978,SK0169,4
CAND11443,SK0035,4
CAND06099,SK0107,5
CAND08717,SK0060,2
CAND12783,SK0194,2
CAND12095,SK0289,5
CAND08591,SK0011,3
CAND01435,SK0110,5
CAND09107,SK0112,5
CAND00855,SK0164,4
CAND13115,SK0254,4
CAND09080,SK0162,5
CAND12357,SK0042,1
CAND00517,SK0011,5
CAND02425,SK0173,5
CAND05329,SK0296,3
CAND04378,SK0157,5
CAND00329,SK0218,3
CAND05135,SK0280,5
CAND10585,SK0176,4
CAND09744,SK0072,3
CAND00760,SK0068,2
CAND11308,SK0186,5
CAND07190,SK0279,1
CAND07637,SK0069,2
CAND14454,SK0220,5
CAND12606,SK0231,1
CAND04499,SK0062,5
CAND04493,SK0221,4
CAND01339,SK0075,2
CAND09888,SK0170,3
CAND03975,SK0032,4
CAND02006,SK0027,4
CAND07843,SK0089,5
CAND11082,SK0281,4
CAND12034,SK0272,1
CAND04540,SK0099,1
CAND11044,SK0187,1
CAND13850,SK0169,1
CAND03731,SK0067,3
CAND03039,SK0220,2
CAND11039,SK0190,3
CAND13419,SK0231,1
CAND07550,SK0071,2
CAND04576,SK0049,5
CAND11745,SK0083,5
CAND11351,SK0189,5
CAND02834,SK0064,1
CAND10725,SK0061,5
CAND00129,SK0042,2
CAND07431,SK0194,3
CAND10381,SK0221,1
CAND12423,SK0027,4
CAND07445,SK0217,2
CAND02929,SK0209,3
CAND01160,SK0034,1
CAND09001,SK0217,3
CAND07880,SK0279,4
CAND12548,SK0102,5
CAND13954,SK0293,4
CAND06172,SK0175,2
CAND10253,SK0048,4
CAND13634,SK0132,1
CAND12390,SK0110,4
CAND04640,SK0205,4
CAND06652,SK0232,1
CAND13779,SK0299,1
CAND12333,SK0115,3
CAND11041,SK0153,2
CAND08373,SK0122,3
CAND01193,SK0069,4
CAND08278,SK0036,5
CAND08236,SK0213,2
CAND00910,SK0134,5
CAND14138,SK0082,1
CAND03773,SK0118,3
CAND11008,SK0167,3
CAND07011,SK0190,5
CAND14511,SK0052,2
CAND03750,SK0130,5
CAND03059,SK0193,5
CAND02387,SK0028,4
CAND04141,SK0232,3
CAND10854,SK0293,1
CAND05676,SK0222,4
CAND09670,SK0226,4
CAND11862,SK0225,2
CAND11017,SK0241,4
CAND05717,SK0051,2
CAND08053,SK0251,1
CAND04730,SK0071,2
CAND03632,SK0008,4
CAND01997,SK0017,3
CAND07191,SK0282,4
CAND12903,SK0077,4
CAND05330,SK0242,2
CAND02925,SK0155,4
CAND12595,SK0119,4
CAND00999,SK0273,2
CAND12138,SK0217,2
CAND00758,SK0043,5
CAND04427,SK0219,3
CAND08076,SK0072,3
CAND10982,SK0090,4
CAND09985,SK0231,1
CAND14124,SK0164,1
CAND05584,SK0227,2
CAND13797,SK0074,3
CAND04878,SK0108,1
CAND08712,SK0166,1
CAND05342,SK0027,3
CAND11713,SK0289,4
CAND00549,SK0013,1
CAND07681,SK0187,1
CAND12440,SK0297,3
CAND07239,SK0241,5
CAND08709,SK0201,4
CAND08811,SK0008,2
CAND06163,SK0209,5
CAND00701,SK0059,1
CAND13119,SK0160,1
CAND00793,SK0114,1
CAND04825,SK0267,1
CAND02768,SK0132,5
CAND12931,SK0121,4
CAND12810,SK0078,1
CAND08736,SK0110,3
CAND00426,SK0100,5
CAND01737,SK0156,4
CAND10949,SK0144,4
CAND11306,SK0245,2
CAND10940,SK0046,3
CAND06264,SK0128,3
CAND10164,SK0139,5
CAND03503,SK0019,4
CAND06864,SK0007,5
CAND13596,SK0171,3
CAND10059,SK0071,1
CAND09145,SK0256,5
CAND09086,SK0211,3
CAND10652,SK0271,4
CAND11784,SK0086,1
CAND03968,SK0085,5
CAND05728,SK0003,2
CAND00335,SK0006,5
CAND10975,SK0199,1
CAND08555,SK0099,4
CAND04454,SK0103,3
CAND13528,SK0085,2
CAND03404,SK0230,1
CAND01283,SK0144,3
CAND11592,SK0088,4
CAND02128,SK0299,4
CAND12627,SK0082,2
CAND07139,SK0143,2
CAND13892,SK0144,5
CAND02203,SK0082,4
CAND06489,SK0168,1
CAND02369,SK0246,5
CAND13464,SK0073,2
CAND14406,SK0021,1
CAND14985,SK0136,1
CAND13219,SK0068,2
CAND10556,SK0235,4
CAND04878,SK0108,3
CAND06435,SK0014,4
CAND09452,SK0170,1
CAND10740,SK0234,5
CAND04209,SK0137,4
CAND00041,SK0192,2
CAND14162,SK0090,4
CAND02829,SK0271,3
CAND13806,SK0128,4
CAND00553,SK0183,3
CAND13670,SK0067,4
CAND09108,SK0020,5
CAND07186,SK0080,2
CAND12243,SK0106,2
CAND05086,SK0017,4
CAND04924,SK0164,4
CAND05264,SK0212,5
CAND10833,SK0237,5
CAND12252,SK0180,1
CAND00148,SK0062,4
CAND03398,SK0258,1
CAND02970,SK0267,2
CAND11307,SK0209,4
CAND06808,SK0107,3
CAND08039,SK0198,4
CAND11237,SK0263,1
CAND12128,SK0181,2
CAND04713,SK0160,3
CAND02234,SK0276,5
CAND08223,SK0107,3
CAND14543,SK0130,4
CAND09382,SK0165,2
CAND03390,SK0057,2
CAND09559,SK0142,2
CAND09560,SK0146,3
CAND04875,SK0108,2
CAND03104,SK0085,2
CAND01727,SK0192,3
CAND10728,SK0057,1
CAND00824,SK0221,1
CAND03515,SK0032,2
CAND05962,SK0135,5
CAND02949,SK0144,5
CAND00515,SK0260,5
CAND11094,SK0211,4
CAND11859,SK0014,1
CAND05237,SK0258,4
CAND07630,SK0277,5
CAND10647,SK0216,3
CAND09079,SK0262,3
CAND08201,SK0160,5
CAND09744,SK0076,1
CAND11338,SK0069,4
CAND05195,SK0135,2
CAND04674,SK0063,1
CAND14953,SK0017,5
CAND00208,SK0285,4
CAND09465,SK0063,3
CAND10519,SK0243,4
CAND14238,SK0126,3
CAND07673,SK0069,1
CAND07312,SK0198,3
CAND13431,SK0129,5
CAND03190,SK0036,4
CAND08769,SK0230,5
CAND04953,SK0010,2
CAND06588,SK0248,5
CAND01701,SK0080,2
CAND01081,SK0217,1
CAND13175,SK0244,5
CAND13573,SK0216,2
CAND12287,SK0134,3
CAND10891,SK0110,1
CAND07098,SK0181,5
CAND07756,SK0078,5
CAND12929,SK0098,1
CAND08124,SK0133,2
CAND13651,SK0287,4
CAND03113,SK0189,1
CAND13472,SK0244,1
CAND01741,SK0047,2
CAND06605,SK0229,4
CAND08053,SK0005,4
CAND02783,SK0109,1
CAND04837,SK0177,4
CAND13465,SK0120,2
CAND01677,SK0249,4
CAND01424,SK0123,3
CAND05812,SK0029,5
CAND03370,SK0052,3
CAND14154,SK0001,5
CAND04741,SK0300,4
CAND10624,SK0043,4
CAND01758,SK0005,2
CAND11620,SK0265,4
CAND00826,SK0043,5
CAND04201,SK0221,5
CAND08217,SK0148,1
CAND11855,SK0067,5
CAND06068,SK0215,5
CAND09849,SK0006,3
CAND08631,SK0205,3
CAND05406,SK0219,5
CAND03549,SK0072,1
CAND14601,SK0109,2
CAND02924,SK0010,4
CAND00288,SK0242,4
CAND07549,SK0281,4
CAND08801,SK0196,1
CAND13403,SK0061,3
CAND01839,SK0241,1
CAND06358,SK0124,3
CAND13047,SK0049,2
CAND10378,SK0151,5
CAND07817,SK0218,1
CAND02524,SK0010,4
CAND01121,SK0004,3
CAND10686,SK0149,5
CAND06828,SK0212,1
CAND12681,SK0168,5
CAND12634,SK0186,2
CAND02941,SK0279,1
CAND03148,SK0188,4
CAND02770,SK0201,2
CAND10855,SK0168,5
CAND12713,SK0188,1
CAND04381,SK0115,4
CAND07073,SK0098,2
CAND13317,SK0057,1
CAND00636,SK0054,5
CAND12222,SK0132,2
CAND12709,SK0029,4
CAND06017,SK0232,3
CAND13335,SK0224,1
CAND06811,SK0013,5
CAND08008,SK0038,3
CAND02995,SK0227,1
CAND13961,SK0263,2
CAND05421,SK0249,2
CAND00960,SK0234,1
CAND04860,SK0284,1
CAND06749,SK0050,3
CAND04290,SK0249,3
CAND13380,SK0066,1
CAND11908,SK0027,4
CAND11577,SK0168,1
CAND05504,SK0240,3
CAND10840,SK0062,5
CAND12439,SK0212,1
CAND10123,SK0269,4
CAND08644,SK0088,1
CAND11203,SK0100,5
CAND09591,SK0195,1
CAND11414,SK0291,2
CAND08931,SK0209,4
CAND01791,SK0148,2
CAND06768,SK0168,4
CAND00971,SK0065,4
CAND13439,SK0045,1
CAND10448,SK0263,2
CAND13788,SK0140,2
CAND08493,SK0071,2
CAND09172,SK0051,2
CAND14924,SK0271,5
CAND03474,SK0212,5
CAND10372,SK0089,2
CAND06899,SK0129,4
CAND10958,SK0211,3
CAND02844,SK0291,3
CAND04970,SK0096,1
CAND06013,SK0181,5
CAND05610,SK0162,4
CAND04821,SK0104,2
CAND02692,SK0294,5
CAND01337,SK0079,2
CAND05847,SK0013,2
CAND13325,SK0015,5
CAND02604,SK0045,4
CAND12633,SK0145,5
CAND08228,SK0092,3
CAND09667,SK0169,1
CAND07127,SK0160,3
CAND00840,SK0047,3
CAND01348,SK0190,3
CAND04896,SK0126,1
CAND14226,SK0085,5
CAND10169,SK0067,2
CAND05871,SK0072,1
CAND00684,SK0210,1
CAND00973,SK0103,3
CAND06974,SK0158,3
CAND02656,SK0045,1
CAND03601,SK0095,1
CAND00635,SK0224,2
CAND13451,SK0078,5
CAND04404,SK0073,5
CAND14427,SK0151,4
CAND13640,SK0095,3
CAND11414,SK0136,3
CAND02584,SK0005,1
CAND08289,SK0189,1
CAND10075,SK0148,5
CAND06289,SK0135,5
CAND02066,SK0046,3
CAND05883,SK0229,4
CAND12553,SK0274,1
CAND01418,SK0115,5
CAND03609,SK0258,5
CAND14878,SK0050,1
CAND09260,SK0234,5
CAND12234,SK0275,3
CAND10613,SK0126,3
CAND12279,SK0152,4
CAND01662,SK0244,1
CAND14177,SK0298,4
CAND11598,SK0135,1
CAND01644,SK0048,1
CAND04036,SK0052,2
CAND02648,SK0123,2
CAND05547,SK0283,5
CAND12915,SK0198,2
CAND14760,SK0229,5
CAND02895,SK0240,5
CAND12012,SK0210,5
CAND04629,SK0133,1
CAND03172,SK0232,2
CAND01555,SK0106,5
CAND00880,SK0287,4
CAND09442,SK0123,5
CAND03254,SK0134,1
CAND00050,SK0178,2
CAND00851,SK0106,3
CAND02777,SK0284,2
CAND02081,SK0026,3
CAND12024,SK0116,1
CAND13915,SK0163,5
CAND12663,SK0265,3
CAND02034,SK0047,4
CAND00178,SK0290,2
CAND01401,SK0253,3
CAND00296,SK0208,4
CAND12664,SK0233,2
CAND13726,SK0114,5
CAND12336,SK0072,5
CAND05650,SK0125,5
CAND14092,SK0044,5
CAND03964,SK0255,2
CAND06970,SK0204,5
CAND01284,SK0059,5
CAND04268,SK0292,1
CAND11881,SK0149,2
CAND10693,SK0070,5
CAND03659,SK0070,2
CAND04266,SK0217,5
CAND05105,SK0125,4
CAND11113,SK0100,1
CAND14124,SK0265,5
CAND11541,SK0245,4
CAND08379,SK0034,2
CAND10439,SK0238,2
CAND05467,SK0234,1
CAND02159,SK0060,5
CAND14100,SK0235,4
CAND02378,SK0175,4
CAND05007,SK0238,2
CAND05193,SK0097,5
CAND06246,SK0246,1
CAND13661,SK0064,4
CAND12096,SK0081,1
CAND05594,SK0203,4
CAND06928,SK0125,4
CAND04943,SK0108,4
CAND12528,SK0135,2
CAND09332,SK0054,2
CAND11437,SK0072,5
CAND04402,SK0016,4
CAND02286,SK0156,4
CAND10767,SK0125,5
CAND04478,SK0281,1
CAND11036,SK0263,5
CAND01910,SK0089,3
CAND12019,SK0294,4
CAND12459,SK0205,1
CAND07704,SK0235,5
CAND10240,SK0272,4
CAND14241,SK0061,5
CAND05326,SK0028,2
CAND00479,SK0046,5
CAND13029,SK0092,2
CAND05765,SK0040,4
CAND07503,SK0018,1
CAND00527,SK0236,1
CAND06411,SK0232,3
CAND08090,SK0135,4
CAND10057,SK0210,1
CAND11112,SK0155,1
CAND12068,SK0198,1
CAND07882,SK0008,1
CAND01560,SK0271,2
CAND06687,SK0119,2
CAND06644,SK0100,5
CAND03416,SK0272,2
CAND13373,SK0268,4
CAND04617,SK0226,5
CAND08355,SK0098,1
CAND12190,SK0188,2
CAND11080,SK0003,4
CAND07002,SK0149,1
CAND06236,SK0297,3
CAND09238,SK0051,5
CAND01300,SK0103,3
CAND13101,SK0260,4
CAND05609,SK0205,3
CAND01563,SK0100,2
CAND03071,SK0135,1
CAND03608,SK0093,3
CAND00100,SK0294,4
CAND05419,SK0070,3
CAND06982,SK0113,3
CAND08329,SK0297,5
CAND14188,SK0083,4
CAND14109,SK0084,4
CAND06052,SK0121,3
CAND05020,SK0009,5
CAND07934,SK0144,1
CAND13411,SK0202,1
CAND08678,SK0153,4
CAND12678,SK0296,4
CAND02936,SK0090,3
CAND07995,SK0231,3
CAND12874,SK0257,5
CAND13942,SK0233,5
CAND04116,SK0290,2
CAND10483,SK0077,3
CAND08374,SK0063,3
CAND13977,SK0086,2
CAND11408,SK0129,2
CAND09599,SK0185,2
CAND08509,SK0156,1
CAND03015,SK0023,2
CAND05365,SK0008,4
CAND12753,SK0087,1
CAND00788,SK0174,1
CAND10958,SK0054,5
CAND01337,SK0114,3
CAND02309,SK0155,1
CAND09768,SK0192,4
CAND07382,SK0237,4
CAND14192,SK0252,5
CAND12258,SK0156,4
CAND06823,SK0174,5
CAND14057,SK0051,2
CAND07761,SK0095,1
CAND00537,SK0058,5
CAND07705,SK0155,4
CAND14065,SK0259,5
CAND00018,SK0237,5
CAND01589,SK0184,3
CAND12400,SK0091,5
CAND05257,SK0284,3
CAND01476,SK0116,1
CAND09695,SK0109,4
CAND14511,SK0274,4
CAND04185,SK0261,2
CAND04637,SK0054,4
CAND14991,SK0060,3
CAND06517,SK0170,2
CAND00516,SK0054,5
CAND03653,SK0125,2
CAND11826,SK0122,3
CAND12857,SK0283,4
CAND05958,SK0078,3
CAND03558,SK0194,1
CAND04205,SK0021,2
CAND12635,SK0262,4
CAND02215,SK0291,2
CAND02649,SK0145,1
CAND12508,SK0276,4
CAND05822,SK0154,2
CAND11967,SK0012,4
CAND12185,SK0183,3
CAND00400,SK0098,1
CAND11245,SK0236,4
CAND07710,SK0292,2
CAND00107,SK0086,2
CAND03337,SK0093,2
CAND03355,SK0031,2
CAND10375,SK0126,3
CAND05263,SK0213,3
CAND02389,SK0096,5
CAND07107,SK0136,5
CAND14658,SK0204,3
CAND05490,SK0262,4
CAND00111,SK0152,4
CAND06367,SK0015,2
CAND08222,SK0060,1
CAND02819,SK0242,5
CAND02103,SK0228,3
CAND04160,SK0252,1
CAND01638,SK0228,5
CAND13566,SK0020,2
CAND05409,SK0037,5
CAND05803,SK0058,5
CAND04940,SK0083,3
CAND04979,SK0054,3
CAND08701,SK0286,4
CAND01294,SK0050,4
CAND04380,SK0067,3
CAND11469,SK0234,4
CAND00773,SK0140,3
CAND12433,SK0243,2
CAND05405,SK0218,3
CAND05713,SK0173,5
CAND05537,SK0078,2
CAND14085,SK0281,1
CAND04112,SK0095,4
CAND14477,SK0142,4
CAND08121,SK0119,2
CAND01779,SK0012,5
CAND11975,SK0246,2
CAND05303,SK0131,4
CAND13212,SK0104,2
CAND09897,SK0194,4
CAND10955,SK0079,1
CAND09815,SK0291,3
CAND10479,SK0163,5
CAND01872,SK0135,3
CAND10875,SK0150,4
CAND07744,SK0228,3
CAND10531,SK0200,2
CAND12228,SK0279,5
CAND14213,SK0074,1
CAND00646,SK0296,5
CAND04005,SK0063,2
CAND04739,SK0177,2
CAND08716,SK0002,3
CAND08026,SK0296,3
CAND09202,SK0142,3
CAND03729,SK0215,2
CAND10477,SK0133,4
CAND05602,SK0050,4
CAND03080,SK0079,5
CAND06217,SK0294,3
CAND07340,SK0044,3
CAND05268,SK0015,5
CAND03474,SK0090,2
CAND05647,SK0184,1
CAND02102,SK0009,4
CAND08908,SK0173,5
CAND04052,SK0089,3
CAND05456,SK0127,5
CAND03900,SK0062,5
CAND04175,SK0043,5
CAND05883,SK0069,1
CAND02388,SK0205,1
CAND04464,SK0231,5
CAND04830,SK0138,1
CAND00335,SK0129,4
CAND01241,SK0100,3
CAND11971,SK0014,3
CAND09606,SK0180,5
CAND05794,SK0056,1
CAND04083,SK0045,2
CAND08221,SK0081,4
CAND11656,SK0104,3
CAND10470,SK0283,5
CAND03554,SK0282,1
CAND12314,SK0137,2
CAND06344,SK0252,5
CAND07279,SK0286,1
CAND13951,SK0283,2
CAND09012,SK0280,1
CAND13036,SK0039,3
CAND07977,SK0099,2
CAND05995,SK0023,1
CAND08469,SK0278,1
CAND05067,SK0016,5
CAND14006,SK0238,4
CAND12872,SK0011,4
CAND11497,SK0114,5
CAND00485,SK0286,2
CAND00783,SK0284,5
CAND08320,SK0177,5
CAND04355,SK0257,4
CAND12576,SK0250,5
CAND03879,SK0073,3
CAND12849,SK0082,5
CAND12009,SK0196,4
CAND08664,SK0165,5
CAND13073,SK0159,1
CAND11201,SK0033,3
CAND11511,SK0287,2
CAND01372,SK0065,3
CAND08992,SK0035,1
CAND09483,SK0030,1
CAND09337,SK0136,2
CAND12155,SK0039,2
CAND05387,SK0215,1
CAND02101,SK0271,2
CAND06140,SK0246,2
CAND09175,SK0105,1
CAND02152,SK0022,1
CAND12191,SK0067,4
CAND03149,SK0288,3
CAND02808,SK0278,3
CAND05104,SK0145,1
CAND05721,SK0096,4
CAND01049,SK0015,2
CAND11543,SK0253,2
CAND02259,SK0244,3
CAND11289,SK0243,1
CAND08219,SK0003,5
CAND10493,SK0113,5
CAND05335,SK0274,5
CAND04756,SK0135,4
CAND14501,SK0246,4
CAND14601,SK0134,3
CAND07994,SK0265,1
CAND07267,SK0265,1
CAND01068,SK0234,2
CAND03722,SK0131,5
CAND13698,SK0019,2
CAND01705,SK0249,1
CAND06313,SK0119,4
CAND13253,SK0151,2
CAND01552,SK0066,1
CAND14507,SK0213,4
CAND01392,SK0178,1
CAND02134,SK0049,3
CAND02414,SK0243,4
CAND05629,SK0179,3
CAND14775,SK0019,1
CAND09669,SK0015,5
CAND13553,SK0131,1
CAND07820,SK0228,3
CAND05884,SK0228,1
CAND08224,SK0102,1
CAND01417,SK0100,3
CAND13276,SK0095,3
CAND02573,SK0177,5
CAND06713,SK0144,4
CAND02499,SK0110,1
CAND11039,SK0048,2
CAND11501,SK0198,4
CAND09767,SK0196,2
CAND05281,SK0194,2
CAND04999,SK0129,1
CAND04094,SK0085,4
CAND05121,SK0213,5
CAND11557,SK0292,3
CAND03588,SK0169,1
CAND04029,SK0094,3
CAND05292,SK0216,2
CAND10538,SK0259,4
CAND07786,SK0197,4
CAND12662,SK0214,2
CAND05954,SK0058,2
CAND01640,SK0273,4
CAND00354,SK0006,2
CAND01586,SK0092,3
CAND08214,SK0240,4
CAND08859,SK0169,5
CAND09130,SK0059,3
CAND07153,SK0269,5
CAND10333,SK0169,3
CAND03147,SK0083,4
CAND06759,SK0261,5
CAND05289,SK0286,2
CAND05463,SK0268,4
CAND14056,SK0026,1
CAND07497,SK0013,2
CAND11767,SK0139,5
CAND13676,SK0129,5
CAND07439,SK0054,4
CAND08091,SK0267,1
CAND13152,SK0111,3
CAND13306,SK0151,1
CAND03503,SK0200,2
CAND01816,SK0180,2
CAND09130,SK0181,5
CAND14242,SK0093,5
CAND12349,SK0235,3
CAND11440,SK0082,5
CAND08459,SK0042,5
CAND05784,SK0194,3
CAND04929,SK0027,2
CAND00121,SK0114,4
CAND01991,SK0136,5
CAND12704,SK0206,2
CAND05845,SK0166,1
CAND06254,SK0052,1
CAND02747,SK0164,1
CAND01482,SK0153,1
CAND13221,SK0119,2
CAND09243,SK0027,3
CAND01080,SK0266,1
CAND14675,SK0090,1
CAND07734,SK0284,3
CAND10128,SK0044,3
CAND05770,SK0193,4
CAND05465,SK0090,4
CAND08464,SK0119,3
CAND05971,SK0287,2
CAND11112,SK0018,3
CAND02489,SK0052,4
CAND07117,SK0299,1
CAND13916,SK0227,2
CAND04707,SK0174,5
CAND11030,SK0155,1
CAND09756,SK0053,2
CAND06679,SK0144,4
CAND03722,SK0210,5
CAND01451,SK0216,3
CAND10587,SK0071,4
CAND06373,SK0139,3
CAND06811,SK0290,4
CAND09433,SK0183,4
CAND06866,SK0020,4
CAND04186,SK0234,5
CAND12769,SK0245,2
CAND08188,SK0197,4
CAND08460,SK0045,5
CAND09482,SK0227,1
CAND05253,SK0269,5
CAND00097,SK0293,2
CAND07369,SK0059,1
CAND14544,SK0285,2
CAND06875,SK0139,4
CAND11380,SK0087,3
CAND09519,SK0166,1
CAND05738,SK0047,4
CAND07671,SK0025,5
CAND07241,SK0247,2
CAND03393,SK0012,2
CAND04749,SK0168,5
CAND13138,SK0088,2
CAND12610,SK0086,1
CAND07787,SK0235,4
CAND14337,SK0135,3
CAND09059,SK0152,3
CAND14379,SK0062,1
CAND08945,SK0157,2
CAND08306,SK0165,3
CAND06001,SK0297,3
CAND12068,SK0096,4
CAND04628,SK0248,1
CAND08226,SK0137,5
CAND14336,SK0243,5
CAND13618,SK0137,1
CAND13202,SK0113,3
CAND06251,SK0080,3
CAND04051,SK0282,3
CAND04964,SK0292,4
CAND14055,SK0222,4
CAND09777,SK0277,3
CAND14806,SK0147,4
CAND14108,SK0124,1
CAND08100,SK0206,3
CAND09000,SK0240,1
CAND10403,SK0239,2
CAND05796,SK0278,5
CAND13434,SK0013,2
CAND11627,SK0231,3
CAND14190,SK0094,5
CAND03812,SK0043,1
CAND07694,SK0003,3
CAND01010,SK0184,3
CAND02790,SK0061,4
CAND07124,SK0166,3
CAND00194,SK0160,5
CAND11236,SK0084,2
CAND03142,SK0283,5
CAND01866,SK0067,5
CAND03259,SK0109,3
CAND14429,SK0177,5
CAND10995,SK0282,2
CAND00308,SK0094,3
CAND08765,SK0230,2
CAND01867,SK0168,5
CAND10969,SK0014,2
CAND12754,SK0005,1
CAND11024,SK0027,3
CAND02617,SK0281,3
CAND13061,SK0227,4
CAND04587,SK0021,5
CAND01714,SK0037,4
CAND14365,SK0110,4
CAND09109,SK0300,1
CAND10311,SK0018,2
CAND10797,SK0201,1
CAND02136,SK0133,4
CAND07217,SK0123,4
CAND06670,SK0170,4
CAND14191,SK0142,3
CAND02721,SK0263,1
CAND07642,SK0147,2
CAND11785,SK0113,4
CAND13543,SK0066,5
CAND07110,SK0225,2
CAND10938,SK0091,5
CAND03871,SK0100,2
CAND00457,SK0081,1
CAND02930,SK0182,5
CAND11935,SK0300,2
CAND03998,SK0100,1
CAND05755,SK0239,2
CAND08120,SK0208,5
CAND12783,SK0291,2
CAND02477,SK0187,5
CAND14785,SK0020,3
CAND13764,SK0300,3
CAND00441,SK0158,4
CAND00639,SK0272,4
CAND07908,SK0161,3
CAND07133,SK0224,3
CAND07727,SK0263,4
CAND06487,SK0282,5
CAND13386,SK0293,1
CAND00811,SK0256,5
CAND10677,SK0282,5
CAND04652,SK0047,5
CAND09640,SK0110,1
CAND10103,SK0092,5
CAND08143,SK0262,5
CAND08503,SK0072,3
CAND10066,SK0144,2
CAND04653,SK0092,1
CAND11711,SK0119,1
CAND11571,SK0279,3
CAND03989,SK0097,5
CAND04243,SK0048,2
CAND12049,SK0054,2
CAND01192,SK0050,5
CAND05769,SK0289,4
CAND06364,SK0205,5
CAND03452,SK0115,5
CAND06516,SK0052,5
CAND00451,SK0038,4
CAND14714,SK0036,2
CAND12905,SK0055,1
CAND11581,SK0276,2
CAND02213,SK0256,2
CAND07722,SK0292,3
CAND01404,SK0188,5
CAND01242,SK0276,5
CAND14198,SK0179,1
CAND02050,SK0209,4
CAND14957,SK0041,3
CAND01929,SK0174,4
CAND03877,SK0253,2
CAND06736,SK0001,2
CAND13311,SK0245,1
CAND07017,SK0101,2
CAND09260,SK0245,4
CAND01578,SK0084,4
CAND01515,SK0071,3
CAND00373,SK0247,5
CAND10450,SK0246,2
CAND01285,SK0177,4
CAND03415,SK0146,5
CAND02994,SK0281,1
CAND08802,SK0034,4
CAND02112,SK0247,4
CAND06191,SK0114,3
CAND10560,SK0210,5
CAND07752,SK0094,4
CAND12115,SK0205,1
CAND14186,SK0147,3
CAND04956,SK0247,4
CAND05116,SK0227,3
CAND04086,SK0156,5
CAND04739,SK0035,5
CAND03688,SK0007,3
CAND00461,SK0110,4
CAND12783,SK0287,5
CAND06824,SK0028,5
CAND14515,SK0070,4
CAND01103,SK0051,5
CAND14029,SK0028,4
CAND11304,SK0274,3
CAND01057,SK0285,2
CAND01560,SK0103,3
CAND05100,SK0169,1
CAND10952,SK0185,5
CAND12223,SK0048,4
CAND10755,SK0033,3
CAND03654,SK0248,5
CAND12409,SK0005,3
CAND07889,SK0036,5
CAND05951,SK0163,3
CAND08030,SK0079,2
CAND01268,SK0236,1
CAND14724,SK0059,2
CAND06915,SK0290,1
CAND02459,SK0181,5
CAND02235,SK0209,4
CAND04966,SK0227,1
CAND04553,SK0164,2
CAND03276,SK0285,2
CAND04340,SK0043,4
CAND10141,SK0205,2
CAND05897,SK0172,5
CAND12759,SK0087,3
CAND08510,SK0140,2
CAND01589,SK0017,3
CAND06726,SK0263,1
CAND00293,SK0156,1
CAND03633,SK0111,1
CAND00248,SK0139,5
CAND10454,SK0069,1
CAND05756,SK0289,1
CAND12766,SK0123,4
CAND12921,SK0004,5
CAND04164,SK0035,5
CAND11502,SK0222,1
CAND10622,SK0069,1
CAND07146,SK0033,1
CAND04448,SK0201,4
CAND05413,SK0173,5
CAND02273,SK0280,1
CAND14845,SK0057,5
CAND06343,SK0209,1
CAND04851,SK0288,4
CAND03612,SK0238,4
CAND10872,SK0192,3
CAND12166,SK0086,3
CAND02268,SK0159,5
CAND02970,SK0155,1
CAND14960,SK0095,3
CAND10644,SK0162,4
CAND04461,SK0273,5
CAND00518,SK0186,3
CAND07204,SK0199,2
CAND07403,SK0218,5
CAND08215,SK0204,2
CAND03280,SK0234,4
CAND11710,SK0142,3
CAND06680,SK0183,3
CAND08146,SK0162,3
CAND11858,SK0031,5
CAND02447,SK0070,4
CAND13104,SK0184,4
CAND01240,SK0208,4
CAND12851,SK0051,1
CAND00818,SK0026,4
CAND08483,SK0035,1
CAND09089,SK0160,5
CAND13784,SK0161,5
CAND03186,SK0205,1
CAND12296,SK0146,4
CAND12986,SK0001,1
CAND12073,SK0274,2
CAND03000,SK0117,2
CAND00314,SK0083,4
CAND14176,SK0178,1
CAND02707,SK0154,2
CAND11288,SK0118,5
CAND09416,SK0232,5
CAND02511,SK0028,2
CAND08153,SK0219,2
CAND02663,SK0069,4
CAND10464,SK0198,3
CAND14924,SK0061,1
CAND00280,SK0125,4
CAND04584,SK0293,3
CAND03747,SK0017,2
CAND14249,SK0248,2
CAND14675,SK0091,4
CAND05184,SK0093,2
CAND06587,SK0201,2
CAND10165,SK0124,5
CAND00755,SK0141,4
CAND09756,SK0049,1
CAND13677,SK0112,3
CAND13317,SK0212,5
CAND05805,SK0084,2
CAND14620,SK0079,5
CAND06167,SK0131,2
CAND00188,SK0195,5
CAND09920,SK0262,2
CAND08185,SK0083,5
CAND08184,SK0013,5
CAND03219,SK0282,4
CAND06571,SK0024,2
CAND13490,SK0170,4
CAND09811,SK0197,3
CAND10422,SK0188,4
CAND05881,SK0166,5
CAND05076,SK0118,3
CAND00506,SK0144,4
CAND08142,SK0254,3
CAND13106,SK0100,3
CAND05947,SK0264,1
CAND06273,SK0128,2
CAND14618,SK0259,3
CAND09406,SK0171,4
CAND06116,SK0027,3
CAND03299,SK0099,3
CAND11406,SK0153,1
CAND09041,SK0010,4
CAND10751,SK0078,2
CAND08716,SK0142,2
CAND10309,SK0057,1
CAND08991,SK0288,5
CAND13336,SK0228,5
CAND06069,SK0093,5
CAND01312,SK0292,4
CAND05929,SK0249,5
CAND12028,SK0279,1
CAND13240,SK0166,2
CAND08784,SK0070,3
CAND08061,SK0050,3
CAND07458,SK0147,1
CAND00733,SK0231,1
CAND09475,SK0256,3
CAND12670,SK0038,1
CAND07519,SK0055,2
CAND03703,SK0106,1
CAND11846,SK0180,1
CAND00500,SK0226,2
CAND01616,SK0083,4
CAND12948,SK0170,5
CAND01365,SK0238,4
CAND13119,SK0277,2
CAND01955,SK0192,1
CAND00407,SK0140,1
CAND02148,SK0109,5
CAND08064,SK0204,3
CAND08761,SK0068,5
CAND01082,SK0104,2
CAND12379,SK0195,1
CAND00746,SK0247,5
CAND12854,SK0240,2
CAND07844,SK0180,3
CAND14639,SK0299,2
CAND10997,SK0215,5
CAND11419,SK0223,1
CAND10621,SK0017,3
CAND00460,SK0031,4
CAND01013,SK0195,1
CAND09845,SK0192,1
CAND09250,SK0231,4
CAND11079,SK0025,5
CAND01351,SK0103,2
CAND00396,SK0168,4
CAND08622,SK0101,5
CAND00353,SK0002,2
CAND07115,SK0197,3
CAND03860,SK0074,1
CAND06423,SK0179,2
CAND04069,SK0177,5
CAND10088,SK0073,5
CAND03192,SK0201,4
CAND06402,SK0164,2
CAND14278,SK0245,2
CAND14749,SK0242,3
CAND06475,SK0117,4
CAND05518,SK0058,5
CAND03541,SK0135,1
CAND02227,SK0121,4
CAND07843,SK0179,4
CAND14099,SK0107,4
CAND14858,SK0015,4
CAND07290,SK0209,3
CAND00225,SK0212,1
CAND13689,SK0135,2
CAND02060,SK0232,1
CAND00265,SK0245,2
CAND09492,SK0279,2
CAND10684,SK0156,5
CAND05223,SK0249,1
CAND11863,SK0258,4
CAND10449,SK0019,2
CAND06245,SK0024,3
CAND07655,SK0202,2
CAND12092,SK0057,3
CAND14668,SK0218,4
CAND06252,SK0173,5
CAND13482,SK0220,5
CAND09516,SK0244,4
CAND13049,SK0105,3
CAND09750,SK0114,1
CAND14617,SK0090,4
CAND11395,SK0177,2
CAND09530,SK0128,2
CAND13942,SK0129,5
CAND01027,SK0236,4
CAND08299,SK0163,2
CAND11892,SK0288,3
CAND14668,SK0058,4
CAND04550,SK0017,2
CAND13973,SK0150,2
CAND11115,SK0107,1
CAND05322,SK0203,3
CAND13874,SK0261,5
CAND06060,SK0271,1
CAND08813,SK0203,2
CAND14640,SK0212,3
CAND05977,SK0251,4
CAND04775,SK0134,2
CAND04154,SK0117,3
CAND09362,SK0122,4
CAND03268,SK0047,4
CAND13300,SK0054,4
CAND03428,SK0038,4
CAND05396,SK0059,1
CAND02628,SK0034,3
CAND13092,SK0047,1
CAND09304,SK0245,2
CAND10059,SK0298,4
CAND02125,SK0211,2
CAND10925,SK0179,5
CAND14765,SK0248,4
CAND13620,SK0241,4
CAND12450,SK0115,5
CAND14152,SK0232,4
CAND05757,SK0187,4
CAND04575,SK0029,5
CAND01689,SK0020,3
CAND12728,SK0224,1
CAND11605,SK0207,5
CAND14991,SK0288,5
CAND05921,SK0298,3
CAND08562,SK0245,1
CAND13853,SK0250,2
CAND05751,SK0157,1
CAND01163,SK0251,5
CAND03853,SK0258,2
CAND10077,SK0173,5
CAND06583,SK0078,3
CAND00697,SK0193,1
CAND09470,SK0024,2
CAND10008,SK0247,2
CAND07093,SK0228,1
CAND14785,SK0004,4
CAND06449,SK0030,3
CAND12491,SK0102,5
CAND01574,SK0171,1
CAND07741,SK0216,3
CAND01916,SK0142,1
CAND04968,SK0071,4
CAND02843,SK0040,5
CAND06224,SK0067,1
CAND12678,SK0041,3
CAND03337,SK0004,5
CAND05091,SK0222,1
CAND01119,SK0127,4
CAND01694,SK0056,1
CAND03567,SK0022,4
CAND02194,SK0080,3
CAND00462,SK0216,5
CAND11725,SK0101,4
CAND14582,SK0167,4
CAND08637,SK0144,3
CAND00830,SK0175,3
CAND05900,SK0022,3
CAND06996,SK0151,5
CAND03230,SK0071,4
CAND05134,SK0044,3
CAND04370,SK0184,3
CAND11427,SK0294,2
CAND01692,SK0005,5
CAND00001,SK0293,3
CAND13817,SK0124,4
CAND02348,SK0287,5
CAND07091,SK0212,1
CAND08154,SK0069,5
CAND06354,SK0283,2
CAND09088,SK0013,4
CAND06180,SK0086,5
CAND09539,SK0287,4
CAND14428,SK0058,3
CAND00402,SK0041,3
CAND09740,SK0259,3
CAND06146,SK0238,4
CAND09377,SK0032,1
CAND14776,SK0019,3
CAND12338,SK0231,3
CAND08089,SK0189,2
CAND11136,SK0154,1
CAND02868,SK0023,4
CAND06270,SK0105,4
CAND06821,SK0101,5
CAND10574,SK0258,4
CAND12133,SK0037,3
CAND14996,SK0015,4
CAND07068,SK0199,3
CAND14174,SK0287,5
CAND04566,SK0005,1
CAND04108,SK0098,1
CAND03406,SK0300,1
CAND04644,SK0165,1
CAND11229,SK0068,4
CAND12850,SK0162,2
CAND05839,SK0034,3
CAND11096,SK0220,3
CAND11072,SK0176,3
CAND06970,SK0038,1
CAND08040,SK0013,3
CAND00954,SK0259,1
CAND13355,SK0209,3
CAND10977,SK0081,2
CAND07706,SK0116,4
CAND06374,SK0208,2
CAND05499,SK0031,3
CAND04203,SK0251,5
CAND14531,SK0132,3
CAND04645,SK0184,1
CAND06728,SK0010,4
CAND11189,SK0037,1
CAND06468,SK0047,4
CAND09751,SK0297,2
CAND09681,SK0251,4
CAND06448,SK0295,2
CAND00477,SK0057,1
CAND04838,SK0295,5
CAND14933,SK0258,1
CAND01454,SK0150,3
CAND02847,SK0051,3
CAND03957,SK0051,2
CAND09996,SK0027,5
CAND10475,SK0057,2
CAND12606,SK0019,5
CAND00828,SK0295,2
CAND01844,SK0282,2
CAND02305,SK0156,2
CAND09401,SK0293,4
CAND02882,SK0032,5
CAND06097,SK0086,5
CAND01380,SK0188,2
CAND05545,SK0298,4
CAND06405,SK0095,4
CAND01023,SK0157,3
CAND07881,SK0020,3
CAND03048,SK0297,4
CAND10431,SK0051,4
CAND04384,SK0112,2
CAND12993,SK0238,5
CAND04120,SK0286,1
CAND03228,SK0293,5
CAND03882,SK0069,2
CAND01081,SK0066,4
CAND10756,SK0026,3
CAND06007,SK0124,1
CAND11270,SK0163,2
CAND01428,SK0197,5
CAND08768,SK0083,5
CAND10117,SK0117,3
CAND12432,SK0048,2
CAND14996,SK0186,3
CAND13913,SK0175,4
CAND05659,SK0028,5
CAND08639,SK0281,1
CAND03314,SK0049,1
CAND01120,SK0066,4
CAND07685,SK0103,5
CAND08581,SK0070,3
CAND14473,SK0297,4
CAND10114,SK0278,4
CAND03295,SK0025,1
CAND00180,SK0030,4
CAND13983,SK0037,5
CAND08116,SK0079,5
CAND11458,SK0175,4
CAND06051,SK0050,5
CAND03606,SK0168,4
CAND07040,SK0180,2
CAND14674,SK0244,5
CAND06871,SK0133,2
CAND08770,SK0223,1
CAND10034,SK0078,4
CAND06526,SK0099,3
CAND02205,SK0106,5
CAND01751,SK0005,1
CAND05796,SK0156,5
CAND06750,SK0294,2
CAND03537,SK0062,5
CAND11882,SK0163,5
CAND03599,SK0266,4
CAND03237,SK0230,1
CAND14141,SK0248,5
CAND08711,SK0169,5
CAND13116,SK0169,3
CAND04111,SK0297,4
CAND09573,SK0173,3
CAND06429,SK0193,2
CAND01390,SK0102,4
CAND13781,SK0005,2
CAND00856,SK0249,1
CAND05047,SK0268,2
CAND08089,SK0260,4
CAND09760,SK0085,5
CAND11287,SK0162,5
CAND04818,SK0259,1
CAND11350,SK0220,4
CAND14508,SK0086,4
CAND00739,SK0174,3
CAND05629,SK0187,3
CAND06112,SK0146,1
CAND14587,SK0141,3
CAND14903,SK0275,4
CAND06997,SK0129,5
CAND11040,SK0193,2
CAND03202,SK0227,5
CAND10675,SK0044,3
CAND04352,SK0190,2
CAND09411,SK0005,5
CAND06754,SK0263,2
CAND04954,SK0260,3
CAND07254,SK0101,3
CAND00190,SK0282,3
CAND10542,SK0276,5
CAND06157,SK0166,1
CAND03300,SK0043,4
CAND02166,SK0174,3
CAND14172,SK0048,2
CAND14944,SK0181,1
CAND13840,SK0038,2
CAND11180,SK0228,5
CAND09832,SK0128,3
CAND05452,SK0178,5
CAND12416,SK0064,5
CAND06122,SK0058,4
CAND01655,SK0237,5
CAND02405,SK0169,5
CAND04015,SK0215,4
CAND14098,SK0137,4
CAND06196,SK0183,2
CAND07416,SK0269,2
CAND02186,SK0280,4
CAND01248,SK0141,4
CAND02753,SK0083,4
CAND13331,SK0167,2
CAND07913,SK0241,1
CAND00666,SK0054,4
CAND01149,SK0084,3
CAND13464,SK0178,5
CAND06359,SK0028,2
CAND03537,SK0068,2
CAND13226,SK0107,3
CAND08707,SK0093,5
CAND02363,SK0044,2
CAND03117,SK0076,2
CAND03632,SK0015,5
CAND13886,SK0219,5
CAND09389,SK0039,3
CAND07795,SK0045,3
CAND07928,SK0090,4
CAND09262,SK0014,1
CAND06637,SK0187,1
CAND13090,SK0005,3
CAND06089,SK0153,5
CAND14009,SK0059,1
CAND07083,SK0167,4
CAND06094,SK0019,5
CAND09084,SK0200,4
CAND08445,SK0222,4
CAND02324,SK0166,5
CAND03952,SK0069,3
CAND01703,SK0215,5
CAND08438,SK0005,4
CAND10802,SK0089,4
CAND12219,SK0205,5
CAND03185,SK0139,5
CAND10265,SK0220,4
CAND00213,SK0258,3
CAND13563,SK0079,5
CAND04418,SK0188,1
CAND01094,SK0088,2
CAND12017,SK0145,1
CAND00766,SK0076,4
CAND09980,SK0075,2
CAND07616,SK0173,5
CAND06370,SK0120,1
CAND09469,SK0268,3
CAND06891,SK0231,5
CAND08407,SK0024,5
CAND11040,SK0068,2
CAND01017,SK0283,3
CAND04993,SK0290,3
CAND06262,SK0046,2
CAND07127,SK0063,1
CAND12049,SK0086,5
CAND02805,SK0154,4
CAND00732,SK0211,4
CAND00230,SK0242,1
CAND13035,SK0143,2
CAND07282,SK0030,2
CAND13546,SK0196,4
CAND14747,SK0192,2
CAND01908,SK0136,1
CAND11573,SK0125,5
CAND02804,SK0101,2
CAND09838,SK0090,5
CAND01129,SK0253,3
CAND14991,SK0007,4
CAND06853,SK0220,5
CAND02054,SK0226,4
CAND00931,SK0287,1
CAND11093,SK0204,1
CAND01037,SK0280,4
CAND03809,SK0213,4
CAND06529,SK0246,1
CAND14610,SK0255,1
CAND06107,SK0235,4
CAND01865,SK0031,2
CAND07822,SK0083,4
CAND10003,SK0151,5
CAND07864,SK0036,3
CAND05863,SK0042,4
CAND04709,SK0234,2
CAND13839,SK0117,4
CAND07642,SK0110,2
CAND13824,SK0132,2
CAND04138,SK0299,2
CAND13400,SK0012,2
CAND14627,SK0256,5
CAND12416,SK0148,5
CAND08517,SK0074,1
CAND11344,SK0268,3
CAND14123,SK0065,2
CAND07086,SK0089,4
CAND06834,SK0131,3
CAND03189,SK0182,3
CAND07617,SK0134,3
CAND08056,SK0100,2
CAND12161,SK0176,5
CAND12268,SK0216,3
CAND02467,SK0165,3
CAND10885,SK0113,3
CAND12129,SK0158,4
CAND05369,SK0250,1
CAND06722,SK0247,2
CAND05185,SK0126,4
CAND10735,SK0182,1
CAND11398,SK0015,3
CAND00774,SK0281,5
CAND03109,SK0091,4
CAND03985,SK0016,4
CAND11994,SK0017,1
CAND02084,SK0194,4
CAND11807,SK0087,3
CAND12668,SK0019,5
CAND01733,SK0097,1
CAND03230,SK0213,3
CAND12217,SK0182,2
CAND06283,SK0078,5
CAND12537,SK0019,3
CAND10588,SK0243,4
CAND01443,SK0045,1
CAND02449,SK0011,3
CAND04218,SK0291,3
CAND11523,SK0197,4
CAND00998,SK0297,5
CAND10299,SK0277,4
CAND13656,SK0278,2
CAND03027,SK0185,2
CAND06936,SK0157,3
CAND09251,SK0112,4
CAND02286,SK0197,1
CAND02831,SK0228,3
CAND11006,SK0023,3
CAND09941,SK0227,3
CAND08640,SK0084,1
CAND01960,SK0122,5
CAND11589,SK0060,2
CAND08163,SK0209,4
CAND11806,SK0227,2
CAND00679,SK0100,3
CAND06695,SK0177,5
CAND12370,SK0271,1
CAND05335,SK0258,4
CAND10481,SK0211,4
CAND06589,SK0064,1
CAND14831,SK0200,2
CAND01031,SK0260,5
CAND09202,SK0284,1
CAND08041,SK0013,1
CAND07896,SK0086,1
CAND04802,SK0259,1
CAND14461,SK0074,1
CAND00719,SK0037,4
CAND02119,SK0210,5
CAND10898,SK0019,5
CAND12506,SK0289,2
CAND02029,SK0080,3
CAND07171,SK0073,3
CAND03714,SK0288,1
CAND13492,SK0085,1
CAND12876,SK0283,2
CAND02899,SK0037,1
CAND00839,SK0289,3
CAND09597,SK0059,4
CAND02343,SK0028,2
CAND02259,SK0206,2
CAND09913,SK0034,2
CAND00068,SK0031,5
CAND02584,SK0061,5
CAND11082,SK0163,1
CAND07733,SK0284,5
CAND14529,SK0198,1
CAND07445,SK0169,1
CAND00185,SK0029,2
CAND10650,SK0046,3
CAND06620,SK0071,2
CAND13676,SK0055,1
CAND13936,SK0159,5
CAND11009,SK0098,1
CAND10427,SK0066,3
CAND00862,SK0036,3
CAND13751,SK0048,4
CAND11612,SK0213,4
CAND07546,SK0053,4
CAND10211,SK0059,2
CAND04299,SK0054,4
CAND13715,SK0131,4
CAND10031,SK0204,1
CAND10798,SK0237,4
CAND04529,SK0186,2
CAND04763,SK0256,5
CAND05421,SK0151,3
CAND11241,SK0190,3
CAND11466,SK0120,4
CAND02616,SK0113,2
CAND02936,SK0159,2
CAND00379,SK0055,2
CAND09563,SK0218,5
CAND08713,SK0299,4
CAND06954,SK0169,3
CAND11437,SK0196,4
CAND06785,SK0220,2
CAND02200,SK0224,3
CAND03725,SK0060,2
CAND04685,SK0021,1
CAND03390,SK0279,1
CAND07732,SK0273,2
CAND06547,SK0150,5
CAND00232,SK0173,4
CAND11516,SK0284,4
CAND14304,SK0250,4
CAND06843,SK0246,1
CAND05203,SK0093,3
CAND07045,SK0116,5
CAND12139,SK0138,5
CAND12351,SK0131,2
CAND08317,SK0053,5
CAND02585,SK0036,1
CAND02166,SK0127,1
CAND03855,SK0160,2
CAND04067,SK0077,3
CAND13422,SK0002,1
CAND06849,SK0224,5
CAND03088,SK0136,3
CAND14153,SK0170,2
CAND10218,SK0203,1
CAND04631,SK0084,2
CAND01130,SK0025,5
CAND12265,SK0255,3
CAND00018,SK0025,2
CAND06119,SK0199,5
CAND04324,SK0164,1
CAND01424,SK0295,4
CAND07111,SK0088,4
CAND01355,SK0285,5
CAND02742,SK0150,2
CAND09065,SK0122,2
CAND00365,SK0050,3
CAND05963,SK0272,1
CAND08257,SK0156,2
CAND12179,SK0047,1
CAND03014,SK0224,4
CAND04080,SK0027,2
CAND09758,SK0117,5
CAND13601,SK0118,5
CAND00786,SK0200,4
CAND09889,SK0050,5
CAND06427,SK0002,3
CAND03405,SK0299,5
CAND04539,SK0061,1
CAND11169,SK0011,1
CAND11868,SK0007,5
CAND10269,SK0122,5
CAND10892,SK0142,3
CAND07387,SK0095,3
CAND07023,SK0080,2
CAND05086,SK0097,5
CAND00532,SK0080,1
CAND00325,SK0288,3
CAND01801,SK0286,2
CAND02591,SK0234,5
CAND08360,SK0125,5
CAND10293,SK0197,5
CAND03997,SK0203,4
CAND01617,SK0130,5
CAND01099,SK0025,2
CAND09182,SK0124,4
CAND11238,SK0088,2
CAND05243,SK0019,3
CAND14792,SK0198,1
CAND13126,SK0118,4
CAND05520,SK0134,1
CAND00464,SK0056,5
CAND03404,SK0122,2
CAND00868,SK0028,2
CAND12616,SK0136,3
CAND04319,SK0165,5
CAND14936,SK0225,1
CAND02121,SK0063,4
CAND08336,SK0017,1
CAND14154,SK0278,1
CAND10017,SK0287,2
CAND12449,SK0223,3
CAND02741,SK0079,5
CAND03014,SK0206,2
CAND11325,SK0186,5
CAND04955,SK0051,5
CAND10255,SK0006,3
CAND04047,SK0146,2
CAND02281,SK0238,1
CAND06019,SK0218,2
CAND02109,SK0287,4
CAND06755,SK0205,5
CAND03259,SK0097,4
CAND03274,SK0167,2
CAND10126,SK0217,1
CAND10082,SK0235,5
CAND13317,SK0176,5
CAND04045,SK0039,1
CAND08220,SK0088,3
CAND13641,SK0164,2
CAND06562,SK0206,1
CAND01644,SK0018,2
CAND10702,SK0087,5
CAND08532,SK0280,1
CAND01734,SK0209,4
CAND07176,SK0011,5
CAND14799,SK0002,1
CAND13618,SK0165,1
CAND14171,SK0056,3
CAND03244,SK0240,1
CAND02770,SK0153,4
CAND08657,SK0260,5
CAND01040,SK0032,3
CAND04533,SK0261,1
CAND14795,SK0048,4
CAND09694,SK0080,1
CAND03093,SK0041,5
CAND13985,SK0293,2
CAND14357,SK0151,1
CAND05483,SK0157,4
CAND01869,SK0279,3
CAND04353,SK0148,4
CAND02668,SK0190,4
CAND10058,SK0209,5
CAND10653,SK0052,4
CAND10922,SK0152,4
CAND02032,SK0091,2
CAND12875,SK0179,3
CAND11987,SK0188,3
CAND13997,SK0200,5
CAND10694,SK0273,2
CAND01920,SK0233,3
CAND11799,SK0300,1
CAND03778,SK0214,3
CAND02573,SK0239,1
CAND05448,SK0088,1
CAND03448,SK0043,4
CAND03759,SK0018,1
CAND09635,SK0181,5
CAND09778,SK0244,5
CAND14805,SK0271,5
CAND04402,SK0284,3
CAND02137,SK0193,5
CAND00297,SK0015,4
CAND00231,SK0009,2
CAND11715,SK0018,1
CAND08002,SK0241,1
CAND14790,SK0066,4
CAND06271,SK0246,1
CAND10224,SK0180,5
CAND11493,SK0271,4
CAND04754,SK0120,5
CAND00827,SK0032,4
CAND04250,SK0146,1
CAND02254,SK0026,2
CAND06393,SK0036,4
CAND12006,SK0116,2
CAND11400,SK0009,1
CAND09844,SK0221,1
CAND13780,SK0261,1
CAND09475,SK0263,5
CAND03542,SK0019,5
CAND11463,SK0217,2
CAND03444,SK0109,2
CAND03602,SK0109,3
CAND11197,SK0116,4
CAND11980,SK0051,5
CAND03294,SK0257,5
CAND13711,SK0281,3
CAND01797,SK0199,3
CAND03830,SK0071,1
CAND07183,SK0063,3
CAND13961,SK0283,4
CAND04023,SK0172,1
CAND03173,SK0015,4
CAND12864,SK0205,2
CAND04997,SK0271,1
CAND14938,SK0258,5
CAND12772,SK0124,4
CAND02417,SK0083,3
CAND00396,SK0190,4
CAND10820,SK0086,1
CAND01543,SK0175,2
CAND08881,SK0281,3
CAND04166,SK0153,1
CAND10881,SK0013,2
CAND00094,SK0136,1
CAND14925,SK0181,5
CAND13530,SK0066,4
CAND03630,SK0181,3
CAND09286,SK0195,2
CAND13701,SK0070,1
CAND03862,SK0042,4
CAND02431,SK0033,1
CAND09711,SK0291,4
CAND03673,SK0263,1
CAND02365,SK0099,3
CAND08770,SK0177,4
CAND03759,SK0028,2
CAND00959,SK0007,1
CAND07364,SK0169,2
CAND11601,SK0065,5
CAND03492,SK0105,2
CAND01582,SK0116,3
CAND07510,SK0262,4
CAND10651,SK0131,2
CAND05664,SK0276,3
CAND09417,SK0237,4
CAND12169,SK0211,3
CAND14784,SK0208,4
CAND04087,SK0233,4
CAND14738,SK0180,1
CAND05475,SK0174,2
CAND08936,SK0045,2
CAND12591,SK0101,2
CAND03876,SK0041,5
CAND00828,SK0066,3
CAND14209,SK0123,5
CAND08891,SK0176,3
CAND07602,SK0178,2
CAND00450,SK0027,1
CAND03602,SK0030,1
CAND03555,SK0005,2
CAND01957,SK0150,2
CAND06272,SK0117,2
CAND05719,SK0237,1
CAND12541,SK0106,3
CAND03106,SK0149,5
CAND05976,SK0278,5
CAND12660,SK0174,2
CAND00170,SK0095,3
CAND05943,SK0122,3
CAND05099,SK0130,4
CAND10322,SK0269,4
CAND07157,SK0203,4
CAND05236,SK0192,2
CAND10606,SK0067,2
CAND07164,SK0145,3
CAND14822,SK0014,4
CAND02645,SK0045,2
CAND10326,SK0151,2
CAND11847,SK0218,4
CAND02382,SK0216,2
CAND06675,SK0210,1
CAND13819,SK0252,2
CAND09503,SK0199,2
CAND06348,SK0117,4
CAND10311,SK0284,4
CAND01968,SK0281,3
CAND01499,SK0208,1
CAND14473,SK0032,4
CAND09968,SK0139,4
CAND01324,SK0040,2
CAND04464,SK0130,5
CAND09139,SK0196,5
CAND14197,SK0286,3
CAND01197,SK0107,3
CAND01318,SK0284,1
CAND00012,SK0138,2
CAND09249,SK0110,5
CAND08131,SK0219,1
CAND01700,SK0016,2
CAND05855,SK0212,5
CAND00128,SK0244,1
CAND08075,SK0136,5
CAND12039,SK0232,2
CAND00157,SK0096,2
CAND14100,SK0183,1
CAND05197,SK0224,2
CAND06340,SK0015,4
CAND02473,SK0242,5
CAND12094,SK0049,3
CAND09312,SK0062,5
CAND03245,SK0112,2
CAND06610,SK0183,1
CAND08306,SK0119,3
CAND12983,SK0061,1
CAND02663,SK0134,4
CAND13647,SK0113,2
CAND11190,SK0293,2
CAND04055,SK0278,5
CAND01870,SK0143,3
CAND06929,SK0281,5
CAND05182,SK0166,2
CAND11947,SK0266,3
CAND12574,SK0297,2
CAND13465,SK0207,4
CAND01522,SK0276,3
CAND06095,SK0290,5
CAND00981,SK0230,5
CAND03356,SK0005,1
CAND03499,SK0138,3
CAND00642,SK0190,1
CAND02411,SK0028,1
CAND09934,SK0097,1
CAND10765,SK0250,2
CAND08010,SK0191,1
CAND08418,SK0285,2
CAND12500,SK0152,1
CAND12291,SK0248,5
CAND13867,SK0042,2
CAND03750,SK0283,5
CAND11701,SK0109,2
CAND03437,SK0127,3
CAND11131,SK0217,5
CAND08651,SK0196,3
CAND10848,SK0058,4
CAND13588,SK0008,1
CAND07838,SK0287,5
CAND00002,SK0245,2
CAND07911,SK0106,2
CAND05481,SK0156,4
CAND00195,SK0044,5
CAND14756,SK0271,1
CAND08510,SK0121,3
CAND10677,SK0183,5
CAND09014,SK0127,3
CAND14040,SK0245,4
CAND03788,SK0173,2
CAND08153,SK0269,1
CAND00740,SK0126,5
CAND10443,SK0285,2
CAND11821,SK0297,1
CAND13241,SK0221,1
CAND09357,SK0055,4
CAND03397,SK0298,1
CAND11868,SK0031,4
CAND13428,SK0059,1
CAND01735,SK0248,2
CAND13805,SK0012,2
CAND04601,SK0098,5
CAND01178,SK0130,3
CAND13253,SK0116,3
CAND06572,SK0240,4
CAND10983,SK0026,4
CAND14280,SK0190,5
CAND10318,SK0103,3
CAND14146,SK0084,2
CAND12936,SK0150,4
CAND09798,SK0007,1
CAND11451,SK0109,4
CAND09763,SK0144,1
CAND12061,SK0294,2
CAND00290,SK0123,1
CAND13005,SK0254,1
CAND09794,SK0235,2
CAND08197,SK0291,5
CAND14514,SK0267,4
CAND10629,SK0083,1
CAND07308,SK0062,5
CAND05729,SK0099,4
CAND10315,SK0014,4
CAND12438,SK0014,1
CAND04070,SK0205,1
CAND10844,SK0029,2
CAND14151,SK0264,4
CAND07284,SK0151,1
CAND03662,SK0210,3
CAND11811,SK0038,1
CAND03846,SK0249,4
CAND03875,SK0243,1
CAND10501,SK0245,4
CAND09281,SK0164,3
CAND07536,SK0143,1
CAND02588,SK0035,3
CAND01182,SK0058,4
CAND08462,SK0209,4
CAND09354,SK0219,3
CAND04910,SK0044,4
CAND13200,SK0283,1
CAND00593,SK0200,3
CAND06356,SK0141,1
CAND11039,SK0138,3
CAND11872,SK0002,2
CAND12501,SK0099,5
CAND02977,SK0006,5
CAND10286,SK0279,5
CAND04753,SK0203,5
CAND10318,SK0274,5
CAND04308,SK0109,1
CAND14589,SK0216,1
CAND01186,SK0140,1
CAND03357,SK0297,1
CAND14741,SK0138,2
CAND12842,SK0178,1
CAND01452,SK0222,3
CAND04617,SK0274,4
CAND12936,SK0116,1
CAND06848,SK0110,5
CAND05184,SK0075,3
CAND12986,SK0174,2
CAND00807,SK0169,2
CAND01746,SK0001,5
CAND09001,SK0038,3
CAND00107,SK0261,5
CAND00433,SK0114,2
CAND04376,SK0129,2
CAND08999,SK0269,2
CAND13657,SK0113,1
CAND04273,SK0064,5
CAND04286,SK0035,2
CAND00649,SK0102,4
CAND12919,SK0143,2
CAND02385,SK0153,1
CAND07232,SK0169,3
CAND03734,SK0293,3
CAND04705,SK0131,5
CAND05765,SK0237,1
CAND01323,SK0043,5
CAND09148,SK0130,1
CAND04871,SK0098,4
CAND05736,SK0072,3
CAND13637,SK0238,4
CAND00753,SK0085,4
CAND03843,SK0120,2
CAND07199,SK0238,4
CAND05001,SK0069,1
CAND04848,SK0166,1
CAND08028,SK0284,3
CAND10241,SK0012,1
CAND09270,SK0157,2
CAND06589,SK0275,1
CAND04788,SK0222,5
CAND11459,SK0229,2
CAND12207,SK0004,1
CAND09438,SK0016,5
CAND05143,SK0275,3
CAND10366,SK0194,2
CAND07962,SK0185,4
CAND14484,SK0133,2
CAND05586,SK0126,2
CAND13608,SK0162,3
CAND06959,SK0211,3
CAND01145,SK0197,3
CAND02922,SK0065,1
CAND07977,SK0200,4
CAND00592,SK0138,5
CAND14083,SK0177,1
CAND07960,SK0102,3
CAND14616,SK0115,1
CAND09532,SK0118,3
CAND04713,SK0229,4
CAND00458,SK0159,4
CAND14303,SK0103,1
CAND09971,SK0117,4
CAND09150,SK0096,2
CAND05582,SK0091,4
CAND04894,SK0155,1
CAND10375,SK0240,2
CAND01826,SK0126,4
CAND03137,SK0235,4
CAND10562,SK0247,3
CAND06842,SK0253,5
CAND14257,SK0250,3
CAND10474,SK0222,2
CAND07150,SK0238,5
CAND11563,SK0125,3
CAND06340,SK0061,2
CAND05334,SK0142,3
CAND01583,SK0200,2
CAND04480,SK0199,5
CAND09059,SK0146,2
CAND05316,SK0204,2
CAND07941,SK0122,5
CAND02228,SK0005,3
CAND03203,SK0024,5
CAND09158,SK0236,5
CAND04028,SK0001,2
CAND00466,SK0219,4
CAND02217,SK0174,5
CAND09692,SK0037,3
CAND07166,SK0276,1
CAND12944,SK0135,2
CAND00071,SK0194,5
CAND04218,SK0114,5
CAND08457,SK0264,4
CAND14816,SK0249,2
CAND12391,SK0223,3
CAND13775,SK0023,1
CAND02604,SK0172,2
CAND08018,SK0063,2
CAND11118,SK0048,3
CAND10660,SK0052,3
CAND07015,SK0196,3
CAND12745,SK0207,3
CAND05127,SK0096,1
CAND06417,SK0003,3
CAND05188,SK0045,5
CAND09363,SK0242,1
CAND02329,SK0205,2
CAND12889,SK0036,3
CAND02966,SK0279,5
CAND01525,SK0166,1
CAND09556,SK0040,2
CAND03537,SK0288,5
CAND14349,SK0272,2
CAND10587,SK0233,5
CAND02504,SK0250,4
CAND04381,SK0193,2
CAND08686,SK0105,5
CAND00915,SK0164,4
CAND00724,SK0283,2
CAND04948,SK0176,2
CAND06846,SK0112,4
CAND13780,SK0145,1
CAND05822,SK0231,1
CAND05908,SK0269,3
CAND07413,SK0242,1
CAND00106,SK0080,3
CAND08782,SK0290,2
CAND08412,SK0005,1
CAND03607,SK0200,2
CAND10624,SK0217,1
CAND02206,SK0064,3
CAND07628,SK0003,3
CAND10649,SK0153,1
CAND02900,SK0166,5
CAND10871,SK0254,3
CAND03513,SK0053,5
CAND10184,SK0100,1
CAND07723,SK0158,1
CAND14702,SK0080,3
CAND00024,SK0183,2
CAND01813,SK0069,1
CAND05273,SK0280,5
CAND13358,SK0068,4
CAND07498,SK0182,2
CAND05033,SK0176,1
CAND08870,SK0045,4
CAND04093,SK0229,4
CAND11055,SK0148,3
CAND04265,SK0015,3
CAND07111,SK0116,4
CAND11660,SK0116,2
CAND00360,SK0134,3
CAND12171,SK0136,1
CAND12510,SK0196,3
CAND13703,SK0007,4
CAND08334,SK0292,4
CAND05957,SK0192,2
CAND11441,SK0176,3
CAND04149,SK0229,1
CAND12224,SK0298,2
CAND09593,SK0041,3
CAND06607,SK0107,2
CAND03813,SK0177,2
CAND11630,SK0019,4
CAND03904,SK0200,5
CAND10973,SK0219,1
CAND03228,SK0280,3
CAND14204,SK0155,1
CAND04875,SK0232,2
CAND09822,SK0200,2
CAND05119,SK0170,3
CAND11924,SK0092,3
CAND10435,SK0266,5
CAND13547,SK0196,4
CAND04273,SK0090,3
CAND12034,SK0042,1
CAND06199,SK0260,3
CAND07176,SK0291,5
CAND13326,SK0164,3
CAND01754,SK0279,4
CAND07014,SK0250,4
CAND10645,SK0163,3
CAND09319,SK0271,2
CAND09146,SK0263,2
CAND06404,SK0065,3
CAND01299,SK0107,1
CAND00847,SK0008,5
CAND00109,SK0145,5
CAND02480,SK0038,3
CAND02797,SK0004,5
CAND10985,SK0185,1
CAND09520,SK0293,3
CAND14294,SK0025,4
CAND01986,SK0196,2
CAND12481,SK0208,1
CAND13878,SK0018,2
CAND11834,SK0030,1
CAND01593,SK0020,4
CAND10040,SK0089,2
CAND01199,SK0107,1
CAND10085,SK0088,5
CAND14178,SK0288,5
CAND06701,SK0136,4
CAND03225,SK0257,3
CAND09989,SK0090,4
CAND05982,SK0249,3
CAND03829,SK0029,3
CAND11917,SK0222,3
CAND02875,SK0197,1
CAND07441,SK0248,3
CAND00655,SK0112,3
CAND12943,SK0120,3
CAND13402,SK0167,2
CAND02929,SK0238,2
CAND13863,SK0169,4
CAND00907,SK0115,2
CAND13827,SK0053,2
CAND10945,SK0089,5
CAND03832,SK0080,5
CAND12977,SK0097,5
CAND11986,SK0141,5
CAND02555,SK0020,1
CAND14267,SK0055,5
CAND08847,SK0116,3
CAND06019,SK0174,1
CAND08898,SK0146,3
CAND09667,SK0157,2
CAND07449,SK0106,4
CAND00333,SK0119,3
CAND02972,SK0291,5
CAND00159,SK0252,3
CAND09304,SK0103,3
CAND11264,SK0036,4
CAND11714,SK0048,3
CAND10931,SK0144,4
CAND05778,SK0140,3
CAND09215,SK0087,4
CAND09807,SK0233,3
CAND11564,SK0167,3
CAND08860,SK0240,4
CAND10246,SK0127,3
CAND08299,SK0140,5
CAND13392,SK0061,2
CAND03424,SK0009,1
CAND12807,SK0150,5
CAND04116,SK0244,4
CAND00608,SK0237,5
CAND13369,SK0058,2
CAND07279,SK0207,5
CAND10846,SK0163,2
CAND11786,SK0262,4
CAND09283,SK0168,3
CAND05503,SK0289,2
CAND04843,SK0289,4
CAND12231,SK0071,4
CAND04464,SK0035,3
CAND13485,SK0238,2
CAND10868,SK0033,2
CAND00278,SK0057,1
CAND04308,SK0054,2
CAND00682,SK0166,3
CAND09703,SK0001,3
CAND06015,SK0095,3
CAND07104,SK0292,5
CAND06823,SK0246,2
CAND05927,SK0189,2
CAND11415,SK0208,4
CAND04151,SK0239,5
CAND11728,SK0259,1
CAND04341,SK0086,2
CAND07244,SK0155,3
CAND07685,SK0251,1
CAND11291,SK0035,2
CAND14973,SK0192,5
CAND09317,SK0060,2
CAND00247,SK0190,2
CAND10782,SK0207,1
CAND08907,SK0115,1
CAND01792,SK0034,5
CAND01853,SK0231,2
CAND12168,SK0062,3
CAND10624,SK0136,5
CAND03715,SK0105,4
CAND01108,SK0251,2
CAND09124,SK0205,2
CAND02338,SK0100,3
CAND08030,SK0088,1
CAND05419,SK0126,4
CAND08232,SK0202,4
CAND09496,SK0064,4
CAND04126,SK0231,2
CAND01247,SK0274,1
CAND04195,SK0261,1
CAND03473,SK0289,5
CAND13677,SK0264,2
CAND13126,SK0151,2
CAND04974,SK0273,5
CAND13031,SK0031,4
CAND11247,SK0207,3
CAND01891,SK0282,2
CAND04437,SK0275,5
CAND03556,SK0032,3
CAND13044,SK0108,1
CAND03535,SK0022,2
CAND02660,SK0122,1
CAND04007,SK0140,2
CAND07997,SK0034,1
CAND04739,SK0037,3
CAND07269,SK0125,2
CAND02003,SK0070,1
CAND03147,SK0163,5
CAND04769,SK0166,3
CAND12922,SK0283,3
CAND12662,SK0147,3
CAND12398,SK0226,3
CAND01541,SK0262,3
CAND08580,SK0208,4
CAND07313,SK0260,4
CAND07935,SK0005,3
CAND08839,SK0168,4
CAND07326,SK0190,4
CAND10524,SK0139,4
CAND11828,SK0211,3
CAND06056,SK0278,1
CAND12524,SK0080,3
CAND02205,SK0092,1
CAND02898,SK0086,1
CAND01094,SK0079,2
CAND13020,SK0170,3
CAND12678,SK0187,1
CAND07560,SK0014,3
CAND01087,SK0291,2
CAND08429,SK0274,5
CAND14499,SK0157,4
CAND04377,SK0066,4
CAND14795,SK0255,2
CAND10344,SK0184,3
CAND12150,SK0109,1
CAND07907,SK0170,2
CAND11262,SK0050,5
CAND09139,SK0089,4
CAND05109,SK0033,3
CAND04403,SK0240,5
CAND07776,SK0152,3
CAND12808,SK0233,3
CAND03929,SK0196,4
CAND00361,SK0200,4
CAND00104,SK0057,3
CAND06245,SK0142,1
CAND03509,SK0001,5
CAND00006,SK0022,2
CAND10815,SK0084,1
CAND03375,SK0078,1
CAND10066,SK0004,4
CAND04229,SK0217,4
CAND12688,SK0024,3
CAND14633,SK0101,2
CAND11892,SK0273,2
CAND03262,SK0239,4
CAND09906,SK0014,5
CAND11156,SK0196,4
CAND01272,SK0210,5
CAND02889,SK0035,5
CAND08717,SK0014,3
CAND14602,SK0292,3
CAND09270,SK0128,5
CAND07240,SK0106,2
CAND13333,SK0159,1
CAND04779,SK0171,3
CAND13148,SK0300,1
CAND05404,SK0192,3
CAND13879,SK0141,5
CAND13651,SK0294,1
CAND02193,SK0272,5
CAND11467,SK0186,1
CAND05910,SK0207,3
CAND05097,SK0142,2
CAND13433,SK0160,3
CAND08942,SK0126,1
CAND08011,SK0045,3
CAND12834,SK0298,5
CAND01596,SK0242,3
CAND00656,SK0025,2
CAND10006,SK0196,3
CAND13825,SK0242,4
CAND08361,SK0285,3
CAND08788,SK0200,3
CAND00032,SK0206,3
CAND09179,SK0068,1
CAND02680,SK0065,4
CAND04126,SK0096,4
CAND13371,SK0031,4
CAND07105,SK0224,3
CAND02533,SK0094,2
CAND13718,SK0110,1
CAND14401,SK0171,2
CAND06364,SK0086,2
CAND02645,SK0091,1
CAND03108,SK0120,3
CAND09022,SK0034,1
CAND00891,SK0294,2
CAND12616,SK0173,3
CAND12242,SK0210,5
CAND10691,SK0138,2
CAND11908,SK0049,3
CAND08398,SK0231,1
CAND03349,SK0001,3
CAND00223,SK0091,4
CAND08794,SK0276,1
CAND12573,SK0083,3
CAND08824,SK0235,1
CAND09710,SK0003,5
CAND13679,SK0223,1
CAND06077,SK0138,2
CAND09070,SK0257,2
CAND08086,SK0106,4
CAND09226,SK0295,3
CAND11728,SK0010,3
CAND01842,SK0037,2
CAND13531,SK0291,2
CAND11159,SK0207,1
CAND03484,SK0125,1
CAND08185,SK0287,2
CAND03748,SK0165,3
CAND05326,SK0181,2
CAND09550,SK0239,5
CAND13505,SK0228,1
CAND04563,SK0121,5
CAND08986,SK0205,2
CAND11254,SK0100,5
CAND11520,SK0039,4
CAND04975,SK0196,2
CAND11486,SK0094,3
CAND11753,SK0242,2
CAND03465,SK0082,3
CAND06322,SK0243,3
CAND02837,SK0108,3
CAND00035,SK0064,3
CAND08860,SK0110,3
CAND03279,SK0117,4
CAND14889,SK0154,4
CAND10802,SK0150,5
CAND05596,SK0029,4
CAND02397,SK0223,4
CAND01086,SK0204,2
CAND02250,SK0110,3
CAND05404,SK0063,2
CAND05152,SK0246,3
CAND03247,SK0052,3
CAND04966,SK0056,4
CAND07632,SK0240,3
CAND14064,SK0256,3
CAND11814,SK0067,2
CAND14420,SK0225,5
CAND02753,SK0063,4
CAND02093,SK0164,4
CAND10107,SK0271,2
CAND02689,SK0249,2
CAND02142,SK0150,1
CAND03335,SK0233,1
CAND03006,SK0029,2
CAND03693,SK0158,3
CAND04842,SK0197,5
CAND13764,SK0096,2
CAND11855,SK0214,5
CAND13408,SK0182,5
CAND03728,SK0233,4
CAND07526,SK0191,3
CAND04969,SK0091,1
CAND04020,SK0292,3
CAND07179,SK0266,2
CAND09580,SK0153,1
CAND02944,SK0174,3
CAND06904,SK0140,2
CAND03172,SK0062,5
CAND03629,SK0012,2
CAND12714,SK0138,5
CAND01603,SK0202,4
CAND08422,SK0195,4
CAND06877,SK0030,1
CAND08551,SK0215,1
CAND09022,SK0282,5
CAND02996,SK0275,5
CAND08586,SK0009,4
CAND04253,SK0240,3
CAND05051,SK0202,4
CAND07035,SK0019,5
CAND00923,SK0200,1
CAND10866,SK0042,1
CAND09208,SK0290,5
CAND11628,SK0136,5
CAND13565,SK0169,1
CAND07849,SK0099,3
CAND06949,SK0150,4
CAND05317,SK0070,4
CAND03392,SK0221,1
CAND12712,SK0035,3
CAND13380,SK0077,5
CAND03373,SK0183,4
CAND12639,SK0170,4
CAND01736,SK0299,4
CAND13995,SK0163,4
CAND02012,SK0109,3
CAND08101,SK0140,2
CAND03166,SK0300,4
CAND08277,SK0125,1
CAND08802,SK0105,5
CAND04404,SK0016,1
CAND06748,SK0127,5
CAND04384,SK0178,3
CAND13215,SK0080,5
CAND11129,SK0129,4
CAND08133,SK0243,1
CAND09162,SK0180,2
CAND12053,SK0167,5
CAND10043,SK0186,2
CAND01342,SK0109,3
CAND12963,SK0044,3
CAND13587,SK0102,2
CAND13985,SK0201,3
CAND01355,SK0257,3
CAND12745,SK0028,3
CAND11959,SK0252,4
CAND01449,SK0279,5
CAND03226,SK0015,2
CAND01645,SK0234,5
CAND00792,SK0143,4
CAND03792,SK0074,5
CAND12046,SK0133,2
CAND03802,SK0233,5
CAND06115,SK0078,2
CAND03049,SK0144,3
CAND00723,SK0097,5
CAND07410,SK0063,2
CAND05475,SK0242,2
CAND06863,SK0266,3
CAND04273,SK0239,5
CAND02164,SK0234,3
CAND09543,SK0038,5
CAND14497,SK0269,5
CAND08251,SK0051,4
CAND04196,SK0144,2
CAND03214,SK0300,2
CAND02817,SK0032,4
CAND07245,SK0259,1
CAND03476,SK0289,3
CAND04666,SK0125,3
CAND02316,SK0152,1
CAND11647,SK0196,1
CAND14702,SK0282,2
CAND11689,SK0209,2
CAND12750,SK0178,4
CAND13873,SK0248,1
CAND01223,SK0145,5
CAND04697,SK0227,3
CAND08195,SK0077,2
CAND12008,SK0025,4
CAND09470,SK0283,1
CAND14614,SK0273,4
CAND01385,SK0138,3
CAND05799,SK0223,2
CAND01248,SK0265,1
CAND03848,SK0203,2
CAND10131,SK0011,3
CAND11546,SK0093,5
CAND14132,SK0189,1
CAND02067,SK0290,1
CAND02815,SK0105,4
CAND00574,SK0240,2
CAND12820,SK0266,4
CAND01154,SK0235,4
CAND13700,SK0095,1
CAND00386,SK0072,1
CAND13827,SK0156,5
CAND04478,SK0071,1
CAND02257,SK0083,4
CAND10843,SK0225,5
CAND07737,SK0288,1
CAND12127,SK0021,4
CAND01856,SK0127,4
CAND09103,SK0170,3
CAND08865,SK0074,1
CAND03090,SK0038,4
CAND01473,SK0252,2
CAND12685,SK0019,5
CAND06302,SK0041,3
CAND02010,SK0024,3
CAND06153,SK0201,1
CAND09989,SK0220,1
CAND13487,SK0234,1
CAND11208,SK0197,3
CAND05436,SK0289,2
CAND00702,SK0133,5
CAND06613,SK0254,1
CAND06479,SK0299,5
CAND14688,SK0241,2
CAND11214,SK0051,4
CAND11114,SK0023,5
CAND00974,SK0149,2
CAND09424,SK0231,4
CAND12215,SK0124,1
CAND09712,SK0218,2
CAND11907,SK0180,1
CAND03772,SK0233,3
CAND08945,SK0184,3
CAND12636,SK0031,2
CAND06884,SK0220,2
CAND03311,SK0251,4
CAND13621,SK0008,3
CAND13703,SK0111,2
CAND02658,SK0264,1
CAND08192,SK0228,4
CAND01254,SK0170,1
CAND10449,SK0219,4
CAND04290,SK0066,2
CAND10899,SK0234,1
CAND02700,SK0153,4
CAND06109,SK0175,1
CAND01989,SK0176,4
CAND11258,SK0064,4
CAND04487,SK0088,2
CAND03953,SK0230,3
CAND01056,SK0131,1
CAND07537,SK0106,3
CAND04282,SK0218,4
CAND06783,SK0041,4
CAND05461,SK0114,1
CAND04990,SK0273,5
CAND10584,SK0209,1
CAND04628,SK0151,4
CAND05558,SK0095,5
CAND05099,SK0220,3
CAND14300,SK0027,3
CAND09752,SK0173,3
CAND05288,SK0058,2
CAND12992,SK0196,2
CAND04116,SK0013,2
CAND08949,SK0244,3
CAND14871,SK0011,2
CAND07030,SK0265,1
CAND05181,SK0190,1
CAND02190,SK0100,3
CAND05457,SK0032,3
CAND11974,SK0117,3
CAND11099,SK0182,4
CAND13178,SK0023,3
CAND02774,SK0106,5
CAND13456,SK0260,4
CAND00930,SK0082,2
CAND06881,SK0289,2
CAND01695,SK0294,3
CAND12219,SK0069,1
CAND04729,SK0029,4
CAND04184,SK0005,4
CAND07323,SK0049,4
CAND13832,SK0105,2
CAND02391,SK0058,2
CAND08947,SK0206,2
CAND01393,SK0230,1
CAND00816,SK0235,1
CAND03932,SK0225,2
CAND10429,SK0083,5
CAND14778,SK0061,4
CAND11543,SK0021,1
CAND01206,SK0300,2
CAND04071,SK0018,1
CAND01932,SK0119,1
CAND01654,SK0245,3
CAND06059,SK0268,3
CAND04097,SK0199,5
CAND01349,SK0168,2
CAND14416,SK0286,1
CAND05135,SK0017,2
CAND13924,SK0148,5
CAND04506,SK0215,2
CAND00225,SK0080,1
CAND01227,SK0169,5
CAND07156,SK0264,5
CAND09268,SK0250,4
CAND05752,SK0217,4
CAND00397,SK0207,2
CAND04497,SK0159,5
CAND13720,SK0030,5
CAND13850,SK0098,1
CAND11139,SK0051,4
CAND00161,SK0003,3
CAND11674,SK0159,4
CAND05719,SK0118,5
CAND03208,SK0271,3
CAND02318,SK0239,1
CAND03954,SK0261,5
CAND00715,SK0112,3
CAND01301,SK0164,1
CAND05543,SK0172,2
CAND14819,SK0265,5
CAND09012,SK0206,5
CAND08408,SK0096,5
CAND02398,SK0019,3
CAND07617,SK0084,2
CAND04298,SK0142,3
CAND05736,SK0035,1
CAND14135,SK0217,2
CAND14933,SK0115,5
CAND07201,SK0202,4
CAND14787,SK0200,1
CAND08357,SK0218,5
CAND00380,SK0059,3
CAND12083,SK0096,3
CAND09484,SK0026,2
CAND14756,SK0163,1
CAND02077,SK0175,5
CAND07614,SK0222,4
CAND02660,SK0150,3
CAND04519,SK0042,4
CAND11854,SK0175,5
CAND14510,SK0186,1
CAND02910,SK0284,4
CAND11727,SK0081,5
CAND14987,SK0225,2
CAND04072,SK0224,3
CAND08356,SK0219,5
CAND08847,SK0181,2
CAND00964,SK0146,2
CAND11831,SK0009,1
CAND03907,SK0132,5
CAND10765,SK0278,4
CAND12414,SK0077,2
CAND00230,SK0045,1
CAND08465,SK0157,2
CAND03694,SK0176,2
CAND01157,SK0045,5
CAND06033,SK0090,1
CAND13521,SK0082,5
CAND13159,SK0155,1
CAND13397,SK0002,3
CAND06086,SK0290,3
CAND12495,SK0076,2
CAND11167,SK0149,4
CAND06747,SK0285,3
CAND12932,SK0074,5
CAND10192,SK0250,2
CAND06994,SK0264,4
CAND13190,SK0213,3
CAND01429,SK0086,4
CAND05796,SK0013,4
CAND10610,SK0064,3
CAND13623,SK0146,5
CAND12594,SK0084,1
CAND13933,SK0122,5
CAND12466,SK0285,2
CAND07237,SK0254,1
CAND07988,SK0215,2
CAND14003,SK0296,4
CAND09802,SK0197,5
CAND12470,SK0027,4
CAND00975,SK0160,3
CAND00623,SK0170,3
CAND13854,SK0072,4
CAND08289,SK0266,4
CAND14735,SK0186,5
CAND04073,SK0275,3
CAND14789,SK0227,4
CAND13542,SK0149,1
CAND03449,SK0190,4
CAND12950,SK0251,1
CAND08005,SK0256,3
CAND14897,SK0262,2
CAND11011,SK0099,2
CAND05812,SK0241,1
CAND10783,SK0162,2
CAND02547,SK0264,4
CAND02656,SK0280,2
CAND08289,SK0240,4
CAND03984,SK0206,3
CAND13894,SK0081,2
CAND02736,SK0133,2
CAND09993,SK0267,2
CAND04769,SK0084,3
CAND07824,SK0018,1
CAND01754,SK0139,5
CAND14622,SK0234,4
CAND13379,SK0110,4
CAND11333,SK0072,5
CAND06385,SK0242,4
CAND09161,SK0237,1
CAND01513,SK0149,3
CAND01391,SK0119,5
CAND00684,SK0282,4
CAND02974,SK0264,4
CAND01544,SK0173,3
CAND05845,SK0188,3
CAND14318,SK0059,3
CAND02249,SK0121,4
CAND05492,SK0115,4
CAND12585,SK0285,5
CAND14279,SK0109,3
CAND14145,SK0170,5
CAND12724,SK0017,2
CAND06030,SK0161,1
CAND13093,SK0166,2
CAND12763,SK0169,1
CAND06161,SK0064,1
CAND02029,SK0046,2
CAND07442,SK0089,2
CAND06921,SK0250,5
CAND10936,SK0068,3
CAND08847,SK0193,3
CAND10479,SK0080,4
CAND13660,SK0168,4
CAND00234,SK0162,4
CAND12683,SK0276,3
CAND10921,SK0270,1
CAND09909,SK0290,4
CAND14654,SK0254,1
CAND01914,SK0265,1
CAND04642,SK0083,3
CAND00954,SK0187,2
CAND07949,SK0231,3
CAND00971,SK0031,5
CAND12643,SK0202,2
CAND13003,SK0060,1
CAND06916,SK0030,3
CAND08240,SK0201,4
CAND08075,SK0209,1
CAND14164,SK0114,2
CAND13983,SK0173,1
CAND14394,SK0074,5
CAND04156,SK0216,1
CAND08120,SK0132,2
CAND12569,SK0195,1
CAND06421,SK0160,5
CAND13338,SK0274,1
CAND02083,SK0126,5
CAND12732,SK0116,5
CAND01853,SK0142,5
CAND06635,SK0079,4
CAND09552,SK0185,1
CAND01263,SK0254,1
CAND10019,SK0038,4
CAND00886,SK0025,5
CAND08191,SK0286,2
CAND06641,SK0004,3
CAND06020,SK0262,4
CAND01568,SK0218,3
CAND14004,SK0007,5
CAND13636,SK0017,1
CAND14232,SK0233,3
CAND04684,SK0138,1
CAND09300,SK0159,1
CAND02510,SK0121,2
CAND14531,SK0118,5
CAND07636,SK0030,4
CAND05358,SK0272,5
CAND03395,SK0299,2
CAND06929,SK0067,5
CAND08784,SK0067,5
CAND02584,SK0139,1
CAND12004,SK0024,3
CAND12369,SK0179,3
CAND00040,SK0168,4
CAND06133,SK0024,1
CAND03430,SK0129,2
CAND01880,SK0254,1
CAND13311,SK0048,1
CAND02849,SK0092,5
CAND03426,SK0026,4
CAND05132,SK0032,1
CAND14996,SK0091,3
CAND12936,SK0116,4
CAND12405,SK0210,2
CAND03745,SK0100,3
CAND14804,SK0043,5
CAND00325,SK0125,5
CAND06137,SK0137,1
CAND12761,SK0161,4
CAND01136,SK0231,2
CAND13069,SK0062,2
CAND13361,SK0196,5
CAND10885,SK0296,5
CAND00798,SK0276,1
CAND00554,SK0257,3
CAND07768,SK0104,1
CAND00146,SK0296,5
CAND07859,SK0235,5
CAND12065,SK0127,5
CAND05090,SK0105,1
CAND10364,SK0260,2
CAND03698,SK0252,5
CAND09552,SK0145,1
CAND09408,SK0279,4
CAND06993,SK0274,2
CAND07221,SK0096,1
CAND07496,SK0203,5
CAND07638,SK0278,3
CAND12936,SK0202,2
CAND04330,SK0175,1
CAND07581,SK0160,4
CAND06878,SK0096,5
CAND04580,SK0095,4
CAND01271,SK0295,3
CAND00566,SK0216,2
CAND01622,SK0183,3
CAND09599,SK0192,2
CAND13315,SK0169,2
CAND01452,SK0251,4
CAND01884,SK0144,5
CAND01472,SK0156,5
CAND07216,SK0123,3
CAND10237,SK0089,3
CAND10346,SK0140,4
CAND05323,SK0054,1
CAND02013,SK0141,4
CAND02165,SK0237,1
CAND03128,SK0176,5
CAND14782,SK0168,4
CAND05204,SK0236,3
CAND04274,SK0278,4
CAND09405,SK0175,1
CAND08476,SK0087,5
CAND11609,SK0191,1
CAND04451,SK0023,2
CAND12201,SK0178,1
CAND02096,SK0280,1
CAND06105,SK0143,5
CAND00893,SK0056,3
CAND05281,SK0175,3
CAND10777,SK0079,2
CAND03653,SK0233,1
CAND04031,SK0210,1
CAND07398,SK0076,3
CAND13966,SK0062,1
CAND08403,SK0178,4
CAND01813,SK0248,5
CAND13192,SK0079,2
CAND08449,SK0154,1
CAND06214,SK0273,3
CAND11725,SK0080,2
CAND02814,SK0117,1
CAND13989,SK0138,2
CAND07363,SK0003,2
CAND05106,SK0210,3
CAND02067,SK0073,3
CAND08084,SK0280,3
CAND12433,SK0236,5
CAND11381,SK0299,3
CAND06358,SK0082,5
CAND03310,SK0046,3
CAND02610,SK0031,5
CAND08636,SK0040,1
CAND06907,SK0008,4
CAND01720,SK0111,2
CAND10557,SK0251,3
CAND14150,SK0043,4
CAND12908,SK0245,1
CAND02631,SK0087,5
CAND03582,SK0291,4
CAND12982,SK0156,1
CAND01852,SK0077,2
CAND08785,SK0213,3
CAND03618,SK0298,2
CAND01153,SK0046,4
CAND04460,SK0054,1
CAND04143,SK0231,3
CAND01147,SK0147,1
CAND13930,SK0214,1
CAND08968,SK0232,4
CAND09401,SK0125,3
CAND03260,SK0300,5
CAND01117,SK0273,3
CAND06649,SK0265,4
CAND06206,SK0150,4
CAND05043,SK0234,1
CAND09921,SK0155,4
CAND02041,SK0215,5
CAND01371,SK0032,5
CAND04480,SK0162,4
CAND11693,SK0291,4
CAND11184,SK0236,2
CAND03290,SK0207,3
CAND03852,SK0072,2
CAND06382,SK0278,4
CAND01045,SK0221,2
CAND07959,SK0004,1
CAND04814,SK0132,1
CAND12345,SK0229,4
CAND04206,SK0083,3
CAND05035,SK0023,2
CAND06399,SK0241,4
CAND08404,SK0224,5
CAND06928,SK0250,2
CAND07571,SK0091,4
CAND03605,SK0269,2
CAND04767,SK0234,1
CAND13157,SK0241,3
CAND07537,SK0207,1
CAND03820,SK0145,3
CAND14590,SK0137,3
CAND03441,SK0035,2
CAND09899,SK0019,1
CAND10779,SK0039,4
CAND04289,SK0050,1
CAND00855,SK0273,4
CAND03736,SK0047,2
CAND00204,SK0079,4
CAND10824,SK0155,5
CAND01428,SK0150,1
CAND13297,SK0168,4
CAND11731,SK0164,5
CAND10966,SK0084,3
CAND03856,SK0206,1
CAND06898,SK0116,2
CAND06734,SK0185,1
CAND14536,SK0100,4
CAND14859,SK0210,1
CAND00124,SK0116,3
CAND01114,SK0144,3
CAND06816,SK0121,4
CAND12579,SK0150,2
CAND00680,SK0237,4
CAND00065,SK0047,4
CAND07114,SK0136,4
CAND00134,SK0133,3
CAND07688,SK0092,4
CAND10824,SK0209,5
CAND01394,SK0025,4
CAND11619,SK0075,4
CAND02759,SK0058,5
CAND04935,SK0169,3
CAND14008,SK0300,4
CAND08625,SK0229,2
CAND06172,SK0127,1
CAND04415,SK0167,1
CAND07799,SK0297,1
CAND02270,SK0244,5
CAND02403,SK0239,2
CAND11581,SK0053,3
CAND05013,SK0026,5
CAND14046,SK0057,2
CAND05317,SK0248,4
CAND11799,SK0049,3
CAND13978,SK0225,2
CAND03531,SK0144,2
CAND14870,SK0158,3
CAND09311,SK0108,1
CAND10070,SK0280,2
CAND00762,SK0228,5
CAND01067,SK0115,4
CAND05514,SK0257,5
CAND04270,SK0020,1
CAND11659,SK0009,2
CAND02524,SK0047,2
CAND10011,SK0136,5
CAND01576,SK0065,3
CAND00654,SK0268,3
CAND06410,SK0240,2
CAND14055,SK0189,4
CAND14096,SK0249,3
CAND07604,SK0109,3
CAND11367,SK0143,4
CAND11044,SK0098,3
CAND10830,SK0280,5
CAND07975,SK0058,1
CAND07601,SK0054,2
CAND01765,SK0193,3
CAND10358,SK0215,1
CAND05691,SK0079,5
CAND07589,SK0298,4
CAND05251,SK0250,2
CAND09237,SK0217,1
CAND02013,SK0118,2
CAND02421,SK0038,1
CAND01959,SK0176,3
CAND07199,SK0110,4
CAND13759,SK0215,1
CAND07218,SK0136,4
CAND09280,SK0041,2
CAND14462,SK0138,4
CAND05093,SK0213,5
CAND05068,SK0266,5
CAND09140,SK0143,4
CAND07800,SK0086,2
CAND13065,SK0136,1
CAND00145,SK0003,4
CAND08653,SK0292,3
CAND09365,SK0103,5
CAND13157,SK0153,2
CAND10539,SK0007,2
CAND01728,SK0200,1
CAND10228,SK0036,2
CAND07884,SK0001,5
CAND08998,SK0217,4
CAND14896,SK0151,4
CAND06590,SK0099,4
CAND11615,SK0281,4
CAND06848,SK0289,2
CAND13221,SK0039,5
CAND12912,SK0183,4
CAND00064,SK0258,5
CAND13597,SK0194,4
CAND01601,SK0194,4
CAND10771,SK0245,1
CAND10624,SK0002,5
CAND00328,SK0037,1
CAND05575,SK0053,3
CAND11569,SK0061,5
CAND02518,SK0124,5
CAND13893,SK0122,1
CAND03045,SK0233,4
CAND00295,SK0165,5
CAND13411,SK0295,3
CAND07379,SK0005,4
CAND02951,SK0300,1
CAND12729,SK0139,2
CAND00771,SK0083,3
CAND12592,SK0138,5
CAND09378,SK0154,2
CAND06913,SK0033,3
CAND02080,SK0054,4
CAND07910,SK0089,5
CAND05148,SK0253,1
CAND13569,SK0154,3
CAND13743,SK0103,5
CAND04713,SK0224,2
CAND00362,SK0218,5
CAND05409,SK0036,2
CAND14274,SK0032,1
CAND08788,SK0015,4
CAND02461,SK0097,1
CAND05164,SK0054,2
CAND01498,SK0119,1
CAND00392,SK0178,5
CAND01649,SK0178,2
CAND09687,SK0083,2
CAND02974,SK0071,5
CAND12454,SK0050,4
CAND04982,SK0016,5
CAND00682,SK0007,1
CAND01445,SK0152,3
CAND05595,SK0218,1
CAND07288,SK0144,2
CAND05355,SK0009,5
CAND09217,SK0128,4
CAND09696,SK0290,5
CAND03035,SK0300,5
CAND00673,SK0285,4
CAND13231,SK0156,5
CAND08035,SK0073,4
CAND08358,SK0290,4
CAND10182,SK0209,2
CAND13816,SK0197,5
CAND13735,SK0019,2
CAND14444,SK0090,1
CAND12086,SK0163,5
CAND01511,SK0045,1
CAND03500,SK0094,3
CAND14457,SK0095,1
CAND10019,SK0271,1
CAND12861,SK0221,2
CAND00045,SK0195,3
CAND06457,SK0220,4
CAND05559,SK0052,3
CAND07704,SK0084,2
CAND02793,SK0081,4
CAND13881,SK0297,3
CAND13179,SK0094,4
CAND13576,SK0212,2
CAND02300,SK0054,4
CAND02267,SK0006,4
CAND01953,SK0221,4
CAND14687,SK0093,1
CAND12771,SK0239,5
CAND06335,SK0281,5
CAND11632,SK0178,5
CAND00295,SK0224,4
CAND11185,SK0067,3
CAND01965,SK0272,3
CAND06692,SK0071,3
CAND00797,SK0004,2
CAND11418,SK0237,2
CAND02438,SK0220,1
CAND00117,SK0287,3
CAND08815,SK0232,2
CAND05846,SK0116,2
CAND08910,SK0284,2
CAND02881,SK0224,5
CAND06491,SK0142,2
CAND04888,SK0182,3
CAND01621,SK0201,4
CAND09273,SK0200,4
CAND14514,SK0209,1
CAND08708,SK0089,3
CAND00326,SK0270,5
CAND03962,SK0061,1
CAND07601,SK0223,2
CAND04733,SK0135,5
CAND07677,SK0199,4
CAND08767,SK0102,5
CAND10921,SK0012,3
CAND02615,SK0020,1
CAND02728,SK0214,2
CAND08245,SK0284,2
CAND04526,SK0098,5
CAND02720,SK0011,1
CAND05639,SK0081,1
CAND07531,SK0247,2
CAND14597,SK0188,4
CAND03313,SK0128,4
CAND07641,SK0261,2
CAND13867,SK0132,4
CAND01909,SK0201,3
CAND09525,SK0106,4
CAND11316,SK0226,5
CAND09239,SK0273,3
CAND11160,SK0148,1
CAND08441,SK0103,1
CAND04898,SK0128,3
CAND11712,SK0287,1
CAND04744,SK0003,1
CAND14714,SK0031,5
CAND07554,SK0159,4
CAND12938,SK0169,5
CAND04503,SK0019,3
CAND12556,SK0098,5
CAND00667,SK0228,2
CAND07256,SK0167,5
CAND05299,SK0187,5
CAND12968,SK0226,4
CAND11198,SK0257,1
CAND12905,SK0207,2
CAND05181,SK0199,4
CAND06491,SK0104,4
CAND04059,SK0300,3
CAND09413,SK0241,3
CAND06366,SK0285,4
CAND07501,SK0028,1
CAND08189,SK0243,2
CAND09926,SK0154,1
CAND08843,SK0037,3
CAND06318,SK0024,4
CAND02819,SK0075,2
CAND04616,SK0148,3
CAND13669,SK0046,4
CAND09197,SK0018,2
CAND07854,SK0147,3
CAND09893,SK0285,3
CAND10005,SK0118,3
CAND01190,SK0288,4
CAND08936,SK0283,3
CAND09720,SK0178,5
CAND09265,SK0060,5
CAND10571,SK0031,4
CAND00876,SK0102,5
CAND13143,SK0089,2
CAND13707,SK0010,3
CAND14639,SK0285,2
CAND14654,SK0006,1
CAND00763,SK0034,3
CAND10215,SK0030,3
CAND12755,SK0153,1
CAND02060,SK0215,5
CAND01493,SK0096,1
CAND02329,SK0128,1
CAND08978,SK0169,5
CAND08527,SK0176,1
CAND12587,SK0024,5
CAND04430,SK0261,5
CAND05898,SK0257,5
CAND01119,SK0149,1
CAND00738,SK0127,3
CAND00979,SK0202,4
CAND08676,SK0050,4
CAND05828,SK0173,2
CAND00536,SK0018,1
CAND00879,SK0062,5
CAND05680,SK0109,1
CAND08471,SK0227,3
CAND01111,SK0123,1
CAND08333,SK0196,4
CAND11066,SK0087,5
CAND10942,SK0121,1
CAND01427,SK0161,3
CAND10193,SK0287,1
CAND01064,SK0297,4
CAND04904,SK0191,4
CAND05743,SK0238,4
CAND05099,SK0097,2
CAND12694,SK0291,1
CAND00502,SK0299,4
CAND01859,SK0071,1
CAND07587,SK0101,5
CAND11504,SK0126,4
CAND08848,SK0181,3
CAND02673,SK0161,1
CAND03010,SK0290,3
CAND03695,SK0132,3
CAND12048,SK0220,4
CAND13246,SK0086,2
CAND02614,SK0212,3
CAND11736,SK0249,4
CAND00206,SK0242,4
CAND02134,SK0183,1
CAND13910,SK0051,1
CAND12049,SK0137,2
CAND04509,SK0142,4
CAND12464,SK0089,2
CAND00708,SK0002,1
CAND07054,SK0108,2
CAND12814,SK0055,2
CAND08994,SK0094,1
CAND06092,SK0205,1
CAND07320,SK0021,1
CAND06952,SK0217,3
CAND12709,SK0024,3
CAND09994,SK0206,3
CAND03846,SK0091,5
CAND05265,SK0035,1
CAND10559,SK0135,1
CAND01027,SK0114,1
CAND13011,SK0068,4
CAND06110,SK0190,3
CAND02380,SK0274,2
CAND11827,SK0057,3
CAND04277,SK0192,1
CAND13319,SK0289,2
CAND12957,SK0055,3
CAND07060,SK0103,2
CAND12587,SK0165,1
CAND00935,SK0029,5
CAND09588,SK0084,2
CAND06013,SK0039,1
CAND14547,SK0200,3
CAND05478,SK0022,1
CAND07921,SK0254,1
CAND06325,SK0035,3
CAND11300,SK0243,4
CAND00828,SK0045,3
CAND01590,SK0230,3
CAND06010,SK0243,3
CAND08195,SK0139,5
CAND08647,SK0280,1
CAND14697,SK0102,3
CAND07836,SK0193,4
CAND13436,SK0159,2
CAND08834,SK0103,5
CAND00067,SK0224,1
CAND06145,SK0108,2
CAND02980,SK0171,1
CAND04598,SK0249,4
CAND10149,SK0135,1
CAND11749,SK0107,3
CAND14341,SK0127,4
CAND08953,SK0261,3
CAND01435,SK0066,4
CAND05126,SK0161,5
CAND12791,SK0007,4
CAND02572,SK0297,1
CAND00979,SK0192,5
CAND06061,SK0177,5
CAND13713,SK0093,2
CAND05310,SK0141,4
CAND02427,SK0104,5
CAND13879,SK0174,3
CAND03216,SK0243,2
CAND09279,SK0148,1
CAND04900,SK0247,3
CAND03855,SK0284,2
CAND03855,SK0275,2
CAND06513,SK0026,5
CAND03911,SK0202,5
CAND02531,SK0293,1
CAND12433,SK0299,3
CAND00296,SK0240,3
CAND06549,SK0031,2
CAND08695,SK0080,2
CAND11170,SK0195,3
CAND14916,SK0131,4
CAND07051,SK0132,5
CAND06265,SK0038,1
CAND00186,SK0248,1
CAND02492,SK0186,2
CAND12158,SK0196,1
CAND08850,SK0002,1
CAND14894,SK0041,1
CAND08460,SK0230,2
CAND07341,SK0198,1
CAND07745,SK0194,3
CAND07356,SK0099,2
CAND01267,SK0235,4
CAND05767,SK0033,2
CAND03258,SK0077,4
CAND04373,SK0129,1
CAND01914,SK0065,3
CAND12959,SK0101,1
CAND05780,SK0277,2
CAND10643,SK0235,1
CAND08787,SK0296,3
CAND11665,SK0099,5
CAND10858,SK0243,3
CAND10791,SK0278,4
CAND09875,SK0198,4
CAND02767,SK0140,3
CAND01201,SK0045,3
CAND08255,SK0081,5
CAND11004,SK0294,4
CAND14278,SK0194,3
CAND08636,SK0248,1
CAND10997,SK0188,2
CAND03278,SK0141,4
CAND00226,SK0007,4
CAND00756,SK0187,3
CAND08256,SK0049,5
CAND12488,SK0298,1
CAND00883,SK0097,5
CAND10723,SK0243,3
CAND05714,SK0145,3
CAND13412,SK0170,1
CAND07687,SK0015,5
CAND06009,SK0159,4
CAND08111,SK0205,4
CAND10383,SK0242,1
CAND03840,SK0211,1
CAND04850,SK0013,2
CAND00990,SK0149,5
CAND01367,SK0245,3
CAND14699,SK0199,1
CAND09790,SK0058,3
CAND08467,SK0281,5
CAND13764,SK0090,1
CAND11694,SK0214,1
CAND05249,SK0190,2
CAND03111,SK0195,2
CAND00315,SK0088,5
CAND11114,SK0079,2
CAND11652,SK0080,2
CAND07365,SK0099,3
CAND07175,SK0248,2
CAND01108,SK0103,3
CAND09721,SK0136,1
CAND12046,SK0016,2
CAND08791,SK0022,1
CAND01033,SK0014,4
CAND08427,SK0272,1
CAND12373,SK0062,3
CAND09166,SK0001,5
CAND01533,SK0070,5
CAND00568,SK0259,1
CAND08426,SK0174,3
CAND08982,SK0004,1
CAND14171,SK0113,4
CAND06939,SK0234,3
CAND09873,SK0298,5
CAND05459,SK0117,2
CAND05965,SK0279,3
CAND12273,SK0268,4
CAND05930,SK0060,1
CAND01368,SK0154,3
CAND14993,SK0223,3
CAND12729,SK0150,2
CAND06819,SK0171,2
CAND11601,SK0074,4
CAND12993,SK0252,2
CAND11632,SK0194,2
CAND11412,SK0107,3
CAND00818,SK0114,5
CAND05068,SK0137,1
CAND06988,SK0047,3
CAND07914,SK0147,1
CAND08799,SK0284,4
CAND11248,SK0113,1
CAND02438,SK0055,1
CAND09234,SK0126,3
CAND14747,SK0046,1
CAND09313,SK0022,1
CAND10178,SK0131,1
CAND07295,SK0187,1
CAND13905,SK0109,1
CAND05233,SK0089,3
CAND02643,SK0077,1
CAND10422,SK0113,2
CAND11605,SK0131,1
CAND01145,SK0006,5
CAND05816,SK0014,1
CAND04372,SK0136,1
CAND10982,SK0122,1
CAND03077,SK0215,5
CAND03571,SK0292,5
CAND10509,SK0044,2
CAND13305,SK0182,4
CAND14379,SK0041,1
CAND01448,SK0300,2
CAND09148,SK0043,2
CAND13708,SK0226,3
CAND06196,SK0116,2
CAND00815,SK0076,3
CAND14409,SK0018,3
CAND01532,SK0155,2
CAND02739,SK0050,2
CAND13591,SK0228,4
CAND14737,SK0172,2
CAND01951,SK0172,3
CAND14549,SK0196,3
CAND03334,SK0168,1
CAND09465,SK0072,4
CAND09919,SK0141,3
CAND12165,SK0226,4
CAND02404,SK0202,3
CAND08251,SK0076,3
CAND13360,SK0094,5
CAND00805,SK0145,2
CAND13168,SK0145,5
CAND06344,SK0178,5
CAND08026,SK0132,3
CAND00770,SK0261,4
CAND13251,SK0223,2
CAND01250,SK0072,4
CAND13869,SK0160,4
CAND08357,SK0264,2
CAND13391,SK0008,3
CAND13146,SK0045,3
CAND10813,SK0092,4
CAND05051,SK0024,4
CAND06504,SK0011,4
CAND08408,SK0137,3
CAND01648,SK0099,4
CAND05254,SK0213,2
CAND12118,SK0026,4
CAND13149,SK0082,1
CAND07021,SK0268,4
CAND10796,SK0094,4
CAND02337,SK0207,1
CAND08426,SK0009,2
CAND13089,SK0039,1
CAND14303,SK0064,2
CAND14880,SK0281,2
CAND01318,SK0044,5
CAND10742,SK0019,4
CAND10870,SK0084,5
CAND12940,SK0244,4
CAND14360,SK0042,1
CAND05623,SK0163,1
CAND11626,SK0271,1
CAND10326,SK0141,2
CAND03602,SK0002,5
CAND08840,SK0133,2
CAND00895,SK0173,5
CAND11441,SK0035,3
CAND03170,SK0127,4
CAND03641,SK0179,3
CAND00411,SK0258,1
CAND14790,SK0028,4
CAND06426,SK0074,3
CAND12940,SK0182,4
CAND05307,SK0118,2
CAND13806,SK0117,1
CAND03264,SK0147,5
CAND02747,SK0203,4
CAND01402,SK0171,5
CAND11660,SK0021,2
CAND05879,SK0171,1
CAND11772,SK0155,1
CAND03129,SK0011,2
CAND06987,SK0268,5
CAND08787,SK0265,4
CAND04380,SK0011,5
CAND07594,SK0289,3
CAND14478,SK0083,4
CAND01304,SK0016,4
CAND03285,SK0026,1
CAND06999,SK0254,5
CAND13449,SK0286,1
CAND11814,SK0029,3
CAND00051,SK0126,5
CAND00960,SK0278,5
CAND00071,SK0216,1
CAND13574,SK0096,5
CAND01025,SK0136,3
CAND13284,SK0035,1
CAND11902,SK0275,4
CAND02782,SK0039,3
CAND12042,SK0009,2
CAND13412,SK0255,2
CAND03498,SK0153,3
CAND02338,SK0235,1
CAND03655,SK0268,5
CAND09299,SK0057,1
CAND12895,SK0243,5
CAND10905,SK0203,4
CAND10008,SK0287,5
CAND07429,SK0267,2
CAND05636,SK0073,5
CAND14618,SK0016,5
CAND09408,SK0113,4
CAND01040,SK0109,1
CAND13182,SK0224,4
CAND05525,SK0180,2
CAND07322,SK0252,4
CAND12081,SK0217,2
CAND02925,SK0031,1
CAND10623,SK0153,4
CAND04560,SK0138,1
CAND06484,SK0021,5
CAND10275,SK0117,4
CAND00718,SK0294,4
CAND02691,SK0216,3
CAND03976,SK0155,2
CAND02773,SK0131,3
CAND01721,SK0268,4
CAND01173,SK0257,3
CAND06166,SK0278,1
CAND12470,SK0031,4
CAND07720,SK0086,2
CAND01483,SK0151,1
CAND09444,SK0242,1
CAND03771,SK0148,4
CAND07490,SK0101,3
CAND13493,SK0001,5
CAND06864,SK0048,2
CAND00668,SK0093,2
CAND08931,SK0115,5
CAND02925,SK0141,4
CAND14402,SK0249,2
CAND06099,SK0001,5
CAND10167,SK0208,3
CAND08158,SK0212,4
CAND14896,SK0054,2
CAND03930,SK0231,4
CAND11447,SK0144,3
CAND10056,SK0260,2
CAND13340,SK0268,1
CAND09307,SK0270,5
CAND11832,SK0056,1
CAND10615,SK0199,1
CAND04358,SK0032,1
CAND05217,SK0105,5
CAND09313,SK0183,3
CAND02675,SK0191,1
CAND02627,SK0035,1
CAND02271,SK0071,2
CAND05532,SK0229,2
CAND04806,SK0238,2
CAND04068,SK0024,2
CAND10724,SK0231,5
CAND08144,SK0154,3
CAND09684,SK0118,2
CAND10375,SK0163,2
CAND05665,SK0039,3
CAND09607,SK0040,2
CAND07702,SK0234,3
CAND02922,SK0008,1
CAND01875,SK0012,3
CAND04180,SK0065,2
CAND00436,SK0281,1
CAND11936,SK0004,2
CAND08836,SK0283,5
CAND05078,SK0095,4
CAND13150,SK0060,2
CAND07494,SK0124,3
CAND03652,SK0205,1
CAND14582,SK0016,4
CAND07646,SK0053,3
CAND13916,SK0244,5
CAND10458,SK0012,3
CAND08939,SK0117,1
CAND13040,SK0079,5
CAND00568,SK0258,2
CAND02809,SK0276,2
CAND06690,SK0286,2
CAND01729,SK0066,3
CAND08775,SK0130,3
CAND10838,SK0009,4
CAND07216,SK0077,4
CAND08561,SK0044,4
CAND01081,SK0081,3
CAND11097,SK0069,2
CAND08726,SK0045,1
CAND05418,SK0255,4
CAND01986,SK0213,4
CAND04451,SK0226,2
CAND12674,SK0085,5
CAND02043,SK0285,2
CAND13654,SK0006,1
CAND14361,SK0017,4
CAND04268,SK0033,3
CAND10968,SK0138,3
CAND13602,SK0148,2
CAND11438,SK0044,2
CAND03435,SK0174,1
CAND00848,SK0117,4
CAND05880,SK0255,4
CAND10719,SK0228,1
CAND07529,SK0165,2
CAND07361,SK0183,2
CAND12659,SK0249,1
CAND00450,SK0017,4
CAND04439,SK0247,5
CAND04997,SK0214,5
CAND03142,SK0126,5
CAND04074,SK0012,4
CAND10070,SK0287,5
CAND08595,SK0275,3
CAND02269,SK0038,5
CAND08940,SK0118,4
CAND11938,SK0243,4
CAND04143,SK0127,3
CAND12577,SK0250,5
CAND04507,SK0264,1
CAND06852,SK0011,4
CAND10304,SK0183,2
CAND02517,SK0091,3
CAND02366,SK0004,2
CAND14868,SK0053,2
CAND05538,SK0203,2
CAND06639,SK0089,3
CAND06170,SK0168,5
CAND05916,SK0293,2
CAND02198,SK0107,2
CAND13076,SK0147,5
CAND00918,SK0162,2
CAND10868,SK0111,5
CAND06116,SK0117,1
CAND09492,SK0155,3
CAND08725,SK0205,3
CAND13291,SK0241,4
CAND14553,SK0226,4
CAND05902,SK0159,5
CAND00502,SK0264,3
CAND02828,SK0161,4
CAND06254,SK0265,1
CAND01743,SK0285,4
CAND06605,SK0132,3
CAND09899,SK0075,4
CAND09556,SK0023,1
CAND08154,SK0048,4
CAND11819,SK0275,2
CAND05310,SK0064,5
CAND14975,SK0136,1
CAND00943,SK0099,2
CAND05056,SK0026,2
CAND06763,SK0240,5
CAND02679,SK0260,4
CAND03671,SK0211,3
CAND09361,SK0081,3
CAND08286,SK0025,2
CAND04279,SK0295,4
CAND00877,SK0091,4
CAND11276,SK0251,1
CAND01946,SK0049,1
CAND04095,SK0043,3
CAND07211,SK0300,5
CAND12624,SK0149,5
CAND02717,SK0278,3
CAND02281,SK0234,3
CAND00250,SK0005,2
CAND07905,SK0128,5
CAND14575,SK0011,5
CAND06674,SK0100,1
CAND08329,SK0239,3
CAND10792,SK0126,1
CAND11395,SK0198,3
CAND07409,SK0032,3
CAND05169,SK0244,5
CAND14845,SK0166,5
CAND02995,SK0150,1
CAND14149,SK0238,4
CAND13375,SK0128,1
CAND12762,SK0299,5
CAND03409,SK0290,3
CAND09230,SK0090,1
CAND04400,SK0152,1
CAND01413,SK0045,4
CAND13253,SK0286,4
CAND14453,SK0261,2
CAND13719,SK0283,4
CAND01373,SK0016,2
CAND00303,SK0290,1
CAND13260,SK0063,1
CAND11828,SK0074,2
CAND09995,SK0053,1
CAND14446,SK0076,2
CAND01392,SK0120,4
CAND01521,SK0085,1
CAND07213,SK0070,4
CAND07406,SK0160,3
CAND06904,SK0184,5
CAND00437,SK0204,5
CAND00247,SK0077,1
CAND02330,SK0297,4
CAND12584,SK0013,4
CAND08576,SK0174,3
CAND02912,SK0093,5
CAND01527,SK0007,2
CAND05738,SK0056,4
CAND02714,SK0094,3
CAND07799,SK0210,3
CAND02705,SK0067,2
CAND14548,SK0290,2
CAND12916,SK0206,4
CAND11355,SK0276,2
CAND04337,SK0150,2
CAND08416,SK0199,5
CAND00959,SK0265,4
CAND13383,SK0027,2
CAND08382,SK0060,4
CAND08307,SK0075,4
CAND02133,SK0233,5
CAND11659,SK0030,1
CAND11038,SK0176,3
CAND01565,SK0285,3
CAND02154,SK0245,4
CAND07600,SK0073,5
CAND02388,SK0077,1
CAND08863,SK0163,1
CAND08599,SK0039,5
CAND08186,SK0258,2
CAND12595,SK0081,4
CAND13201,SK0143,2
CAND10407,SK0273,2
CAND05245,SK0110,5
CAND12636,SK0067,3
CAND13336,SK0242,1
CAND10976,SK0103,2
CAND05441,SK0203,3
CAND07288,SK0159,3
CAND09055,SK0147,1
CAND11814,SK0033,5
CAND06398,SK0150,2
CAND10863,SK0077,1
CAND12061,SK0152,1
CAND03958,SK0169,3
CAND08859,SK0134,2
CAND06359,SK0077,1
CAND10003,SK0158,3
CAND05160,SK0254,3
CAND14430,SK0157,3
CAND10963,SK0056,3
CAND14041,SK0281,1
CAND14357,SK0068,2
CAND07692,SK0242,2
CAND00028,SK0088,2
CAND00722,SK0231,4
CAND03485,SK0270,3
CAND01965,SK0230,3
CAND00905,SK0099,1
CAND09979,SK0154,5
CAND10872,SK0125,3
CAND08643,SK0120,3
CAND13921,SK0255,5
CAND05993,SK0036,1
CAND10158,SK0131,4
CAND10091,SK0036,3
CAND05360,SK0174,4
CAND04400,SK0213,2
CAND09562,SK0286,4
CAND10608,SK0116,2
CAND11650,SK0017,4
CAND09235,SK0185,3
CAND14647,SK0175,1
CAND03635,SK0237,1
CAND00565,SK0157,4
CAND14397,SK0240,3
CAND00514,SK0250,3
CAND05974,SK0263,3
CAND08110,SK0188,3
CAND12125,SK0002,4
CAND05524,SK0021,4
CAND14375,SK0077,5
CAND09374,SK0020,4
CAND01486,SK0092,2
CAND13467,SK0152,3
CAND00282,SK0040,3
CAND06225,SK0002,4
CAND04198,SK0297,1
CAND04822,SK0080,1
CAND09059,SK0062,3
CAND11342,SK0057,2
CAND12651,SK0160,4
CAND14486,SK0210,3
CAND06199,SK0016,3
CAND13611,SK0127,1
CAND03481,SK0136,3
CAND05084,SK0089,4
CAND11371,SK0276,3
CAND07524,SK0006,2
CAND00770,SK0288,3
CAND00737,SK0202,1
CAND02387,SK0281,2
CAND14658,SK0061,2
CAND07659,SK0139,2
CAND01238,SK0048,3
CAND03597,SK0130,3
CAND02924,SK0243,1
CAND11705,SK0199,3
CAND10374,SK0221,4
CAND13236,SK0077,2
CAND00392,SK0152,5
CAND08205,SK0052,1
CAND14449,SK0112,1
CAND08480,SK0116,5
CAND10104,SK0025,3
CAND13186,SK0269,3
CAND03283,SK0081,1
CAND03238,SK0199,2
CAND01901,SK0043,4
CAND06432,SK0035,3
CAND09471,SK0120,2
CAND05611,SK0039,1
CAND07059,SK0015,1
CAND01073,SK0135,3
CAND00496,SK0193,4
CAND02346,SK0177,3
CAND00135,SK0100,4
CAND00231,SK0123,2
CAND08017,SK0065,5
CAND02095,SK0122,1
CAND08095,SK0045,3
CAND11660,SK0002,3
CAND00491,SK0279,1
CAND03826,SK0038,3
CAND12825,SK0146,4
CAND06024,SK0297,3
CAND05410,SK0225,2
CAND04290,SK0069,1
CAND03638,SK0279,3
CAND00910,SK0062,5
CAND13401,SK0237,4
CAND02177,SK0018,1
CAND07663,SK0129,4
CAND02710,SK0172,2
CAND04230,SK0249,2
CAND03315,SK0086,5
CAND13648,SK0263,2
CAND07171,SK0047,3
CAND06936,SK0269,2
CAND05115,SK0114,2
CAND07469,SK0138,1
CAND09439,SK0042,4
CAND07894,SK0277,2
CAND01522,SK0063,4
CAND14931,SK0010,1
CAND09096,SK0238,5
CAND13403,SK0073,4
CAND04391,SK0030,1
CAND11133,SK0011,2
CAND04868,SK0104,3
CAND09882,SK0113,2
CAND13274,SK0069,1
CAND01460,SK0226,3
CAND03989,SK0230,5
CAND13436,SK0062,2
CAND06961,SK0092,4
CAND02154,SK0262,2
CAND01543,SK0004,3
CAND04231,SK0097,1
CAND01537,SK0180,1
CAND13360,SK0022,3
CAND06376,SK0206,5
CAND12882,SK0018,5
CAND05431,SK0177,4
CAND04432,SK0261,4
CAND09770,SK0063,4
CAND03421,SK0293,1
CAND09014,SK0087,4
CAND04026,SK0171,3
CAND10179,SK0298,2
CAND07574,SK0177,1
CAND07562,SK0243,5
CAND09744,SK0181,1
CAND03167,SK0089,5
CAND10827,SK0178,2
CAND09310,SK0271,4
CAND02246,SK0072,4
CAND07325,SK0110,5
CAND08446,SK0263,2
CAND06031,SK0216,5
CAND04459,SK0294,2
CAND01108,SK0230,2
CAND04370,SK0007,2
CAND09787,SK0017,1
CAND13894,SK0116,4
CAND14405,SK0284,5
CAND07282,SK0052,4
CAND14259,SK0029,2
CAND00754,SK0156,4
CAND07004,SK0062,5
CAND05812,SK0043,5
CAND08079,SK0104,2
CAND11621,SK0163,2
CAND06988,SK0093,2
CAND09073,SK0052,3
CAND12073,SK0141,4
CAND00120,SK0046,1
CAND05038,SK0255,5
CAND02767,SK0144,5
CAND04401,SK0121,4
CAND01258,SK0284,2
CAND13382,SK0005,2
CAND12218,SK0102,2
CAND12986,SK0172,4
CAND04447,SK0224,1
CAND11984,SK0296,5
CAND13025,SK0084,5
CAND06278,SK0266,4
CAND12008,SK0287,4
CAND04719,SK0141,5
CAND10813,SK0297,3
CAND00869,SK0015,5
CAND10787,SK0104,1
CAND08804,SK0268,4
CAND00856,SK0229,4
CAND12946,SK0125,3
CAND04121,SK0126,2
CAND10811,SK0191,5
CAND02787,SK0040,2
CAND06749,SK0112,5
CAND01460,SK0061,5
CAND02390,SK0204,2
CAND01907,SK0034,5
CAND05894,SK0108,1
CAND11248,SK0164,4
CAND09262,SK0274,5
CAND09723,SK0090,1
CAND04123,SK0055,5
CAND01805,SK0139,2
CAND02097,SK0175,2
CAND10619,SK0140,3
CAND01912,SK0124,5
CAND11380,SK0069,1
CAND06098,SK0098,2
CAND08766,SK0042,3
CAND09877,SK0251,4
CAND09937,SK0089,4
CAND10982,SK0235,4
CAND11630,SK0107,5
CAND09993,SK0194,4
CAND10891,SK0299,4
CAND08829,SK0006,4
CAND00321,SK0105,2
CAND10162,SK0009,3
CAND05818,SK0192,3
CAND09852,SK0015,1
CAND12492,SK0201,1
CAND03799,SK0020,3
CAND09967,SK0019,3
CAND06182,SK0113,4
CAND12613,SK0294,2
CAND08230,SK0162,5
CAND06355,SK0062,4
CAND08384,SK0293,1
CAND05470,SK0096,4
CAND14333,SK0112,5
CAND02119,SK0206,2
CAND08883,SK0022,4
CAND13321,SK0108,5
CAND12285,SK0276,5
CAND07321,SK0098,3
CAND03852,SK0144,2
CAND08065,SK0017,4
CAND13169,SK0225,4
CAND10185,SK0209,3
CAND09450,SK0211,5
CAND02758,SK0237,2
CAND14948,SK0253,1
CAND02885,SK0042,5
CAND14389,SK0116,1
CAND05264,SK0059,2
CAND13861,SK0294,1
CAND01722,SK0200,2
CAND13009,SK0056,3
CAND11926,SK0272,4
CAND03846,SK0115,3
CAND04245,SK0031,2
CAND02571,SK0284,3
CAND10207,SK0261,1
CAND08885,SK0293,1
CAND04525,SK0174,1
CAND00949,SK0156,3
CAND07850,SK0297,3
CAND01209,SK0030,2
CAND04349,SK0026,4
CAND05765,SK0001,3
CAND08725,SK0234,1
CAND07730,SK0267,3
CAND07187,SK0288,1
CAND00774,SK0136,4
CAND00027,SK0252,4
CAND13216,SK0236,2
CAND02706,SK0241,3
CAND12634,SK0077,5
CAND06028,SK0224,2
CAND07262,SK0296,3
CAND03932,SK0229,3
CAND04430,SK0235,2
CAND01270,SK0133,5
CAND08135,SK0218,3
CAND09056,SK0291,2
CAND10358,SK0203,2
CAND10634,SK0215,2
CAND06878,SK0080,4
CAND13982,SK0094,2
CAND00964,SK0239,2
CAND09301,SK0010,3
CAND11464,SK0219,3
CAND04682,SK0084,4
CAND04120,SK0289,4
CAND07965,SK0178,4
CAND12395,SK0006,2
CAND01665,SK0105,1
CAND00822,SK0265,3
CAND06667,SK0074,4
CAND03552,SK0053,4
CAND12846,SK0007,5
CAND07987,SK0071,1
CAND01389,SK0220,5
CAND09897,SK0120,2
CAND10436,SK0174,1
CAND05338,SK0040,5
CAND13409,SK0192,3
CAND12328,SK0003,1
CAND13188,SK0048,1
CAND05273,SK0028,3
CAND04325,SK0027,4
CAND00556,SK0041,5
CAND08931,SK0151,5
CAND03130,SK0037,1
CAND14459,SK0093,1
CAND01849,SK0161,5
CAND05779,SK0100,2
CAND05799,SK0060,2
CAND12965,SK0083,5
CAND00348,SK0237,5
CAND01048,SK0173,5
CAND02604,SK0195,4
CAND00859,SK0011,4
CAND08452,SK0080,3
CAND02560,SK0008,5
CAND13221,SK0286,4
CAND08951,SK0239,3
CAND11067,SK0107,4
CAND04136,SK0050,3
CAND06207,SK0016,3
CAND11260,SK0228,5
CAND08273,SK0011,2
CAND00991,SK0291,1
CAND02834,SK0006,5
CAND11895,SK0017,4
CAND13716,SK0144,5
CAND13912,SK0100,2
CAND02612,SK0089,1
CAND09258,SK0149,4
CAND05087,SK0273,4
CAND00296,SK0168,5
CAND14004,SK0158,2
CAND03425,SK0073,5
CAND00893,SK0221,2
CAND05252,SK0242,4
CAND11572,SK0149,4
CAND04066,SK0123,4
CAND02803,SK0056,2
CAND04075,SK0189,2
CAND02505,SK0029,1
CAND04432,SK0140,5
CAND10908,SK0182,2
CAND00922,SK0063,4
CAND00374,SK0262,1
CAND11085,SK0002,3
CAND08213,SK0117,3
CAND00168,SK0140,3
CAND13508,SK0259,4
CAND03544,SK0089,3
CAND09853,SK0238,1
CAND00140,SK0040,1
CAND14334,SK0013,3
CAND11901,SK0222,5
CAND07375,SK0086,4
CAND10682,SK0268,2
CAND01345,SK0201,4
CAND07496,SK0132,4
CAND06523,SK0144,3
CAND12803,SK0103,2
CAND14641,SK0145,3
CAND05343,SK0004,5
CAND08625,SK0148,3
CAND06035,SK0277,1
CAND07532,SK0291,2
CAND12166,SK0236,2
CAND02614,SK0258,3
CAND14357,SK0104,5
CAND11936,SK0082,5
CAND01723,SK0181,2
CAND02212,SK0082,2
CAND14807,SK0188,4
CAND10504,SK0086,4
CAND09437,SK0163,1
CAND07330,SK0220,4
CAND05128,SK0074,3
CAND04397,SK0022,2
CAND04258,SK0282,4
CAND01452,SK0289,2
CAND01104,SK0197,5
CAND03083,SK0182,2
CAND12224,SK0115,5
CAND00580,SK0003,5
CAND11000,SK0243,2
CAND12401,SK0081,3
CAND06845,SK0077,3
CAND06047,SK0210,2
CAND14641,SK0246,2
CAND10560,SK0016,5
CAND03688,SK0175,2
CAND02163,SK0160,4
CAND12032,SK0066,3
CAND08135,SK0027,3
CAND02009,SK0233,1
CAND08720,SK0065,5
CAND06013,SK0264,2
CAND12044,SK0116,3
CAND09207,SK0112,3
CAND06121,SK0185,1
CAND00203,SK0276,4
CAND10833,SK0153,2
CAND10836,SK0194,4
CAND03597,SK0282,1
CAND10347,SK0189,5
CAND00869,SK0176,5
CAND14455,SK0057,2
CAND01763,SK0077,2
CAND03934,SK0253,2
CAND01724,SK0237,3
CAND06903,SK0164,3
CAND01116,SK0283,2
CAND06941,SK0160,2
CAND12919,SK0024,1
CAND05989,SK0123,4
CAND13512,SK0010,3
CAND03442,SK0066,4
CAND06880,SK0231,1
CAND05245,SK0284,5
CAND10117,SK0078,3
CAND10036,SK0037,3
CAND10934,SK0047,1
CAND01766,SK0115,4
CAND04631,SK0031,1
CAND12753,SK0254,2
CAND12522,SK0157,1
CAND09202,SK0270,2
CAND00479,SK0263,3
CAND10673,SK0193,3
CAND06513,SK0191,3
CAND05239,SK0021,4
CAND12281,SK0046,5
CAND14808,SK0296,2
CAND11128,SK0013,5
CAND10959,SK0137,1
CAND08172,SK0203,5
CAND13906,SK0170,3
CAND13779,SK0028,4
CAND09260,SK0115,3
CAND09220,SK0139,3
CAND02724,SK0081,3
CAND10717,SK0017,3
CAND11670,SK0284,4
CAND02879,SK0273,2
CAND04957,SK0152,5
CAND12438,SK0096,4
CAND10397,SK0195,5
CAND09392,SK0211,1
CAND06580,SK0171,4
CAND06778,SK0207,1
CAND04350,SK0068,1
CAND10727,SK0126,5
CAND06398,SK0102,2
CAND11322,SK0287,1
CAND05665,SK0227,2
CAND03232,SK0169,2
CAND11792,SK0091,4
CAND12620,SK0167,5
CAND07408,SK0055,3
CAND12933,SK0085,1
CAND00924,SK0016,4
CAND04521,SK0069,1
CAND13737,SK0132,2
CAND11250,SK0151,2
CAND02892,SK0182,2
CAND12313,SK0229,2
CAND02543,SK0249,2
CAND13769,SK0088,4
CAND10485,SK0028,1
CAND14861,SK0248,1
CAND00953,SK0292,2
CAND02964,SK0095,1
CAND08062,SK0254,3
CAND10212,SK0185,5
CAND08684,SK0068,2
CAND11471,SK0239,5
CAND11439,SK0256,5
CAND08662,SK0160,5
CAND10717,SK0115,4
CAND13672,SK0203,2
CAND14674,SK0220,2
CAND10872,SK0141,1
CAND12533,SK0087,3
CAND06833,SK0275,5
CAND09069,SK0291,4
CAND04580,SK0186,1
CAND11681,SK0007,1
CAND08239,SK0196,2
CAND12332,SK0036,3
CAND04244,SK0025,4
CAND13497,SK0285,5
CAND01704,SK0058,2
CAND06567,SK0092,5
CAND01550,SK0286,5
CAND11965,SK0193,1
CAND11462,SK0281,5
CAND00483,SK0283,5
CAND10046,SK0087,3
CAND11826,SK0271,5
CAND13356,SK0046,4
CAND02359,SK0249,4
CAND00036,SK0060,4
CAND06447,SK0279,5
CAND09744,SK0194,2
CAND02894,SK0198,3
CAND10334,SK0153,2
CAND09654,SK0249,4
CAND03074,SK0170,4
CAND09525,SK0224,2
CAND13430,SK0134,2
CAND11553,SK0275,3
CAND01256,SK0200,3
CAND13252,SK0064,2
CAND01653,SK0096,5
CAND00317,SK0065,2
CAND09763,SK0232,3
CAND09461,SK0016,1
CAND04691,SK0172,5
CAND08776,SK0219,2
CAND03337,SK0026,1
CAND14292,SK0040,1
CAND01101,SK0181,5
CAND07631,SK0150,3
CAND10424,SK0290,5
CAND01316,SK0027,5
CAND11041,SK0232,2
CAND11312,SK0159,2
CAND02217,SK0111,5
CAND02800,SK0201,1
CAND10878,SK0113,2
CAND04527,SK0069,2
CAND01489,SK0121,1
CAND06087,SK0012,1
CAND11284,SK0213,5
CAND03867,SK0053,5
CAND11454,SK0007,3
CAND05632,SK0110,2
CAND06874,SK0014,1
CAND12439,SK0117,2
CAND09059,SK0143,5
CAND07954,SK0143,3
CAND13833,SK0107,5
CAND06787,SK0278,2
CAND00666,SK0260,2
CAND13471,SK0064,3
CAND10417,SK0073,3
CAND05762,SK0051,5
CAND13563,SK0249,2
CAND04377,SK0299,1
CAND06821,SK0088,5
CAND06119,SK0200,2
CAND06070,SK0128,3
CAND04219,SK0041,5
CAND06895,SK0210,3
CAND08666,SK0087,3
CAND11109,SK0199,2
CAND01447,SK0172,3
CAND11731,SK0074,2
CAND13820,SK0031,2
CAND09829,SK0248,4
CAND01980,SK0179,5
CAND08265,SK0249,3
CAND02411,SK0277,2
CAND00136,SK0033,2
CAND10485,SK0200,5
CAND12905,SK0170,3
CAND12932,SK0228,2
CAND08353,SK0112,2
CAND01006,SK0277,5
CAND04675,SK0087,3
CAND08031,SK0270,5
CAND14983,SK0215,4
CAND08739,SK0112,4
CAND04066,SK0129,3
CAND10147,SK0003,2
CAND00468,SK0061,1
CAND08693,SK0014,2
CAND13619,SK0284,5
CAND01548,SK0098,3
CAND10869,SK0105,2
CAND14757,SK0275,3
CAND07502,SK0178,4
CAND07821,SK0148,4
CAND07181,SK0103,3
CAND02594,SK0250,5
CAND10130,SK0069,1
CAND07046,SK0078,4
CAND05914,SK0043,5
CAND03359,SK0165,5
CAND11246,SK0221,2
CAND12104,SK0138,5
CAND09356,SK0155,5
CAND13054,SK0115,4
CAND00192,SK0172,2
CAND05350,SK0214,5
CAND03280,SK0231,3
CAND06085,SK0019,5
CAND12155,SK0196,2
CAND02214,SK0086,1
CAND10613,SK0246,4
CAND07338,SK0289,4
CAND00129,SK0151,1
CAND05831,SK0170,1
CAND04065,SK0190,3
CAND05201,SK0174,4
CAND00061,SK0140,2
CAND11024,SK0114,2
CAND11381,SK0167,4
CAND07455,SK0219,2
CAND11618,SK0292,4
CAND04078,SK0039,4
CAND05024,SK0082,2
CAND10292,SK0032,1
CAND13376,SK0069,3
CAND05395,SK0189,2
CAND03522,SK0169,1
CAND11710,SK0063,3
CAND02113,SK0087,2
CAND10494,SK0240,1
CAND05968,SK0184,5
CAND04957,SK0106,4
CAND11627,SK0014,2
CAND07596,SK0280,5
CAND05980,SK0042,5
CAND06375,SK0149,3
CAND01930,SK0124,2
CAND14294,SK0235,4
CAND11014,SK0123,3
CAND12256,SK0040,4
CAND07037,SK0115,4
CAND05888,SK0050,3
CAND00382,SK0104,4
CAND04536,SK0033,4
CAND12555,SK0221,4
CAND09231,SK0162,1
CAND05824,SK0101,2
CAND11022,SK0187,4
CAND03902,SK0198,3
CAND13526,SK0011,3
CAND06215,SK0136,1
CAND11801,SK0001,4
CAND06664,SK0125,5
CAND05896,SK0069,2
CAND13703,SK0219,5
CAND07041,SK0137,1
CAND10266,SK0269,4
CAND06625,SK0215,3
CAND06098,SK0161,1
CAND00775,SK0171,4
CAND13565,SK0211,1
CAND04492,SK0041,4
CAND01933,SK0276,5
CAND03010,SK0288,5
CAND14748,SK0266,5
CAND11039,SK0105,1
CAND02649,SK0005,3
CAND02013,SK0016,2
CAND07921,SK0071,3
CAND05368,SK0003,4
CAND10616,SK0031,5
CAND13562,SK0153,3
CAND00230,SK0044,1
CAND12402,SK0252,2
CAND03723,SK0105,3
CAND05182,SK0220,1
CAND11770,SK0153,3
CAND00605,SK0299,2
CAND10844,SK0244,1
CAND13780,SK0228,1
CAND06005,SK0196,2
CAND07514,SK0013,5
CAND09251,SK0202,2
CAND10474,SK0283,3
CAND00701,SK0191,3
CAND08951,SK0008,2
CAND06060,SK0194,5
CAND12482,SK0084,1
CAND00628,SK0240,3
CAND01827,SK0106,1
CAND11169,SK0046,5
CAND01190,SK0258,5
CAND09983,SK0036,2
CAND14438,SK0182,4
CAND14346,SK0208,3
CAND14668,SK0094,2
CAND02532,SK0171,1
CAND12758,SK0230,1
CAND10790,SK0098,4
CAND12210,SK0079,1
CAND01936,SK0243,4
CAND06242,SK0071,4
CAND08067,SK0191,4
CAND07282,SK0077,3
CAND00300,SK0171,3
CAND11735,SK0095,3
CAND04529,SK0113,1
CAND04917,SK0293,1
CAND08990,SK0040,4
CAND06797,SK0006,2
CAND09129,SK0294,1
CAND00618,SK0146,4
CAND11392,SK0025,5
CAND07767,SK0028,1
CAND13961,SK0156,2
CAND10673,SK0166,2
CAND06734,SK0063,3
CAND11430,SK0117,2
CAND13491,SK0286,1
CAND07514,SK0094,1
CAND03340,SK0187,4
CAND14703,SK0234,1
CAND10513,SK0032,5
CAND12702,SK0198,1
CAND07015,SK0010,4
CAND14220,SK0188,3
CAND09667,SK0279,4
CAND10643,SK0155,1
CAND01511,SK0195,1
CAND10128,SK0208,2
CAND02346,SK0295,5
CAND06301,SK0231,1
CAND07885,SK0116,5
CAND06095,SK0109,2
CAND08940,SK0190,2
CAND10292,SK0280,5
CAND11640,SK0204,5
CAND00336,SK0273,3
CAND10425,SK0053,1
CAND14455,SK0062,5
CAND07028,SK0121,3
CAND08454,SK0061,2
CAND11414,SK0295,4
CAND13082,SK0279,1
CAND01512,SK0291,5
CAND12861,SK0083,3
CAND04107,SK0083,1
CAND14419,SK0092,3
CAND14706,SK0141,4
CAND13144,SK0225,3
CAND04201,SK0267,1
CAND04638,SK0176,1
CAND13299,SK0055,5
CAND11934,SK0010,4
CAND12890,SK0236,3
CAND03963,SK0074,2
CAND02235,SK0268,3
CAND01180,SK0259,1
CAND05072,SK0136,3
CAND11875,SK0005,5
CAND03702,SK0068,1
CAND10490,SK0171,4
CAND10244,SK0012,1
CAND13926,SK0163,5
CAND03987,SK0193,5
CAND13223,SK0198,3
CAND10689,SK0041,5
CAND10721,SK0157,1
CAND01047,SK0259,5
CAND13538,SK0097,4
CAND07159,SK0094,1
CAND08994,SK0297,3
CAND00013,SK0026,1
CAND13890,SK0009,3
CAND12565,SK0007,3
CAND09819,SK0116,1
CAND13723,SK0001,2
CAND08531,SK0069,4
CAND01146,SK0175,3
CAND02670,SK0053,2
CAND09336,SK0130,2
CAND05218,SK0066,2
CAND14628,SK0278,1
CAND04172,SK0097,4
CAND03574,SK0231,3
CAND01495,SK0212,2
CAND06726,SK0159,5
CAND08218,SK0144,2
CAND06744,SK0110,4
CAND00988,SK0039,3
CAND01792,SK0093,1
CAND14477,SK0141,1
CAND13184,SK0242,5
CAND07103,SK0025,2
CAND12074,SK0288,2
CAND01600,SK0002,5
CAND08863,SK0139,2
CAND09463,SK0246,3
CAND01840,SK0083,1
CAND13838,SK0038,1
CAND10726,SK0147,2
CAND12572,SK0101,2
CAND09894,SK0223,4
CAND08208,SK0100,1
CAND14045,SK0084,3
CAND00377,SK0161,5
CAND14198,SK0120,5
CAND03122,SK0138,3
CAND12324,SK0263,1
CAND06204,SK0180,1
CAND05534,SK0160,5
CAND01948,SK0241,5
CAND08174,SK0259,5
CAND09710,SK0112,5
CAND06150,SK0065,2
CAND11752,SK0191,1
CAND03813,SK0279,5
CAND14162,SK0300,3
CAND10428,SK0091,2
CAND00582,SK0124,2
CAND03018,SK0174,2
CAND04164,SK0124,5
CAND11344,SK0126,1
CAND01019,SK0289,3
CAND04561,SK0273,1
CAND05664,SK0101,2
CAND10788,SK0119,4
CAND00637,SK0227,3
CAND01460,SK0013,2
CAND08565,SK0183,5
CAND11722,SK0172,5
CAND07307,SK0073,5
CAND08007,SK0142,4
CAND01015,SK0052,1
CAND14606,SK0095,5
CAND00299,SK0250,3
CAND03722,SK0099,1
CAND08762,SK0253,3
CAND00444,SK0193,2
CAND02110,SK0126,4
CAND00472,SK0300,1
CAND01321,SK0124,4
CAND08313,SK0004,5
CAND14567,SK0125,4
CAND09112,SK0209,4
CAND12663,SK0251,5
CAND07824,SK0093,1
CAND06574,SK0124,4
CAND01395,SK0031,5
CAND04277,SK0126,2
CAND00536,SK0003,5
CAND13481,SK0084,3
CAND03938,SK0016,4
CAND01809,SK0236,5
CAND05010,SK0202,2
CAND03352,SK0061,1
CAND11904,SK0140,1
CAND07386,SK0148,5
CAND08414,SK0010,4
CAND07631,SK0054,3
CAND07951,SK0208,4
CAND02933,SK0172,2
CAND05499,SK0209,3
CAND11313,SK0219,3
CAND00646,SK0283,3
CAND08984,SK0104,4
CAND05716,SK0155,3
CAND10573,SK0081,1
CAND13152,SK0012,3
CAND04942,SK0170,3
CAND11512,SK0030,2
CAND12765,SK0105,2
CAND03019,SK0160,2
CAND13198,SK0144,3
CAND00803,SK0199,4
CAND13686,SK0228,4
CAND08059,SK0183,5
CAND06288,SK0234,1
CAND05816,SK0198,1
CAND01753,SK0237,4
CAND08542,SK0082,1
CAND10780,SK0101,3
CAND09161,SK0200,1
CAND05030,SK0027,2
CAND05857,SK0048,5
CAND04700,SK0053,2
CAND11564,SK0080,5
CAND07766,SK0082,4
CAND14676,SK0103,5
CAND07777,SK0013,1
CAND13133,SK0281,1
CAND10474,SK0157,1
CAND02372,SK0249,1
CAND04012,SK0143,2
CAND02936,SK0150,5
CAND02322,SK0035,4
CAND13146,SK0300,4
CAND02157,SK0193,2
CAND06762,SK0076,1
CAND04925,SK0101,4
CAND08151,SK0283,3
CAND12817,SK0062,1
CAND09328,SK0168,3
CAND00053,SK0174,1
CAND06497,SK0188,4
CAND00920,SK0238,1
CAND12564,SK0145,5
CAND14288,SK0268,4
CAND06036,SK0273,2
CAND02800,SK0263,5
CAND11087,SK0113,4
CAND11382,SK0128,5
CAND08941,SK0258,5
CAND03076,SK0165,4
CAND00970,SK0183,2
CAND14239,SK0209,2
CAND12662,SK0191,3
CAND07333,SK0093,4
CAND13745,SK0171,3
CAND10030,SK0150,5
CAND02716,SK0179,1
CAND13732,SK0219,2
CAND04857,SK0064,3
CAND08834,SK0103,3
CAND10232,SK0168,1
CAND10291,SK0029,2
CAND02017,SK0097,5
CAND00897,SK0278,3
CAND02732,SK0183,1
CAND11485,SK0148,2
CAND05356,SK0078,1
CAND05722,SK0021,4
CAND13252,SK0139,2
CAND00472,SK0191,4
CAND13938,SK0225,2
CAND12261,SK0101,2
CAND07373,SK0266,4
CAND03154,SK0118,2
CAND02782,SK0018,2
CAND11427,SK0087,3
CAND07864,SK0119,5
CAND06353,SK0128,3
CAND00435,SK0111,5
CAND05407,SK0128,5
CAND04931,SK0159,1
CAND07271,SK0251,3
CAND12926,SK0155,5
CAND14059,SK0229,1
CAND00867,SK0239,1
CAND12328,SK0054,3
CAND00742,SK0267,3
CAND10175,SK0233,3
CAND08608,SK0147,1
CAND14097,SK0233,4
CAND02731,SK0183,3
CAND04647,SK0172,2
CAND01179,SK0296,1
CAND00660,SK0106,5
CAND11509,SK0173,4
CAND01904,SK0227,5
CAND00133,SK0080,4
CAND01213,SK0207,5
CAND12309,SK0145,4
CAND13088,SK0171,5
CAND01135,SK0211,2
CAND12095,SK0010,4
CAND05955,SK0139,3
CAND12876,SK0205,3
CAND03787,SK0203,2
CAND07760,SK0067,4
CAND03045,SK0215,3
CAND14163,SK0242,3
CAND02310,SK0170,1
CAND03846,SK0049,2
CAND12779,SK0111,1
CAND01296,SK0054,5
CAND03929,SK0025,3
CAND07846,SK0033,4
CAND14540,SK0011,2
CAND09954,SK0296,4
CAND05292,SK0235,2
CAND03128,SK0299,4
CAND03683,SK0097,3
CAND07379,SK0254,1
CAND12250,SK0140,1
CAND14507,SK0287,1
CAND00362,SK0109,3
CAND06417,SK0130,4
CAND07513,SK0282,3
CAND12395,SK0102,2
CAND08318,SK0295,4
CAND00541,SK0161,2
CAND02718,SK0047,4
CAND12705,SK0005,2
CAND11704,SK0029,1
CAND12150,SK0199,4
CAND01424,SK0234,3
CAND14012,SK0180,1
CAND13591,SK0058,5
CAND08171,SK0053,1
CAND08705,SK0112,5
CAND06759,SK0196,5
CAND01954,SK0065,3
CAND00947,SK0086,4
CAND02935,SK0032,5
CAND14851,SK0288,3
CAND00143,SK0170,5
CAND06466,SK0052,2
CAND13364,SK0006,2
CAND11969,SK0267,3
CAND03658,SK0048,3
CAND00697,SK0018,4
CAND03557,SK0108,1
CAND11403,SK0026,4
CAND11833,SK0151,3
CAND08737,SK0137,2
CAND09126,SK0291,5
CAND11810,SK0161,5
CAND07124,SK0053,5
CAND13768,SK0258,5
CAND14347,SK0249,3
CAND07970,SK0049,3
CAND01165,SK0085,2
CAND03161,SK0021,4
CAND03455,SK0061,1
CAND12733,SK0270,3
CAND09003,SK0272,4
CAND12003,SK0244,3
CAND07636,SK0252,1
CAND13472,SK0240,2
CAND09251,SK0076,5
CAND05047,SK0253,4
CAND14152,SK0174,5
CAND12603,SK0166,3
CAND02975,SK0277,2
CAND01640,SK0114,4
CAND14815,SK0189,2
CAND02122,SK0105,5
CAND09051,SK0090,4
CAND04493,SK0074,2
CAND01577,SK0137,3
CAND08929,SK0286,1
CAND06700,SK0263,2
CAND04815,SK0100,3
CAND05818,SK0240,5
CAND07977,SK0172,3
CAND09877,SK0083,1
CAND03720,SK0139,3
CAND00733,SK0111,5
CAND08387,SK0193,1
CAND08138,SK0242,4
CAND01300,SK0050,3
CAND09491,SK0088,5
CAND13948,SK0180,3
CAND00743,SK0280,5
CAND07786,SK0203,3
CAND01638,SK0226,4
CAND12264,SK0170,3
CAND04315,SK0281,1
CAND07910,SK0071,2
CAND07056,SK0173,5
CAND04697,SK0095,2
CAND00109,SK0287,2
CAND02421,SK0094,5
CAND04770,SK0250,3
CAND07230,SK0186,5
CAND11983,SK0254,5
CAND08773,SK0013,4
CAND00843,SK0182,4
CAND11752,SK0180,2
CAND09684,SK0173,5
CAND11517,SK0206,2
CAND11881,SK0026,3
CAND09838,SK0280,1
CAND01440,SK0146,2
CAND07079,SK0204,3
CAND12590,SK0049,3
CAND08759,SK0086,2
CAND11719,SK0031,1
CAND02499,SK0151,1
CAND04537,SK0255,3
CAND11280,SK0121,4
CAND08529,SK0048,1
CAND00348,SK0186,5
CAND01849,SK0038,2
CAND14789,SK0007,1
CAND02436,SK0004,3
CAND11021,SK0169,1
CAND05163,SK0157,2
CAND03570,SK0270,4
CAND11271,SK0111,2
CAND03252,SK0186,5
CAND12463,SK0189,5
CAND14711,SK0123,2
CAND14628,SK0109,2
CAND03734,SK0164,1
CAND03826,SK0220,2
CAND05023,SK0259,4
CAND05582,SK0280,1
CAND13984,SK0186,2
CAND06640,SK0096,2
CAND05902,SK0266,1
CAND12968,SK0274,2
CAND13499,SK0149,2
CAND08944,SK0249,2
CAND11471,SK0259,3
CAND03975,SK0067,2
CAND05542,SK0277,1
CAND00295,SK0222,5
CAND02244,SK0181,1
CAND14918,SK0289,3
CAND01288,SK0164,5
CAND02042,SK0105,4
CAND09854,SK0036,4
CAND05646,SK0259,3
CAND14329,SK0215,3
CAND10270,SK0260,2
CAND03964,SK0096,5
CAND12333,SK0179,3
CAND12924,SK0121,1
CAND08625,SK0117,2
CAND14031,SK0246,1
CAND00417,SK0261,5
CAND13356,SK0114,4
CAND03712,SK0264,4
CAND09248,SK0074,2
CAND01588,SK0226,5
CAND12135,SK0125,4
CAND03097,SK0065,1
CAND00816,SK0194,1
CAND08426,SK0156,5
CAND06910,SK0163,2
CAND09768,SK0144,1
CAND12037,SK0021,2
CAND01982,SK0129,4
CAND02100,SK0106,2
CAND07388,SK0272,5
CAND03212,SK0191,4
CAND05858,SK0168,4
CAND13305,SK0160,5
CAND12879,SK0165,1
CAND04158,SK0023,2
CAND01233,SK0072,5
CAND03434,SK0237,4
CAND06851,SK0130,4
CAND12068,SK0136,2
CAND12769,SK0079,5
CAND04918,SK0054,4
CAND00393,SK0113,5
CAND05951,SK0012,2
CAND01581,SK0288,3
CAND04364,SK0255,3
CAND01287,SK0191,4
CAND05893,SK0153,4
CAND09028,SK0217,5
CAND07802,SK0226,4
CAND01155,SK0088,2
CAND07225,SK0259,4
CAND00589,SK0161,2
CAND12358,SK0144,5
CAND11549,SK0096,5
CAND01074,SK0213,4
CAND01596,SK0198,4
CAND05907,SK0158,4
CAND09366,SK0233,2
CAND03004,SK0065,4
CAND08513,SK0245,2
CAND07435,SK0224,5
CAND07946,SK0120,5
CAND12028,SK0098,2
CAND03915,SK0003,3
CAND03276,SK0240,2
CAND11537,SK0119,4
CAND01006,SK0064,5
CAND00689,SK0213,4
CAND10057,SK0287,4
CAND11409,SK0226,5
CAND08644,SK0127,4
CAND04044,SK0278,4
CAND03962,SK0243,2
CAND04295,SK0263,1
CAND07440,SK0169,3
CAND05162,SK0019,3
CAND03745,SK0261,3
CAND11161,SK0076,2
CAND07831,SK0253,3
CAND06172,SK0262,3
CAND08734,SK0103,5
CAND03395,SK0233,2
CAND07962,SK0115,3
CAND10100,SK0119,2
CAND07780,SK0065,3
CAND13492,SK0275,3
CAND08330,SK0099,5
CAND06519,SK0258,3
CAND13335,SK0062,5
CAND01751,SK0036,2
CAND01886,SK0230,1
CAND14892,SK0017,2
CAND13223,SK0230,5
CAND14786,SK0247,4
CAND08262,SK0252,5
CAND06766,SK0163,1
CAND03472,SK0164,3
CAND03296,SK0025,2
CAND03148,SK0192,4
CAND00535,SK0147,1
CAND00742,SK0016,4
CAND12130,SK0163,2
CAND02538,SK0294,3
CAND10838,SK0110,2
CAND00082,SK0146,5
CAND07162,SK0268,2
CAND07493,SK0099,1
CAND03409,SK0150,2
CAND03140,SK0119,5
CAND09757,SK0021,5
CAND12110,SK0089,4
CAND04044,SK0275,1
CAND03640,SK0015,4
CAND00829,SK0285,2
CAND04362,SK0076,5
CAND06840,SK0200,2
CAND02154,SK0248,2
CAND10183,SK0290,5
CAND13475,SK0258,3
CAND14100,SK0143,3
CAND01420,SK0203,5
CAND06843,SK0235,5
CAND13535,SK0283,3
CAND01978,SK0001,1
CAND02451,SK0220,3
CAND13337,SK0143,3
CAND06610,SK0035,4
CAND08810,SK0174,1
CAND03075,SK0010,5
CAND04196,SK0006,1
CAND03843,SK0140,5
CAND09014,SK0177,3
CAND04432,SK0098,4
CAND07478,SK0222,3
CAND09669,SK0016,5
CAND10237,SK0155,3
CAND01346,SK0265,5
CAND06498,SK0143,1
CAND07564,SK0011,3
CAND02762,SK0138,2
CAND06453,SK0280,2
CAND00104,SK0127,5
CAND09974,SK0080,5
CAND10415,SK0268,1
CAND00882,SK0257,2
CAND06906,SK0275,5
CAND12296,SK0179,5
CAND06834,SK0041,5
CAND12148,SK0291,2
CAND11553,SK0053,3
CAND12729,SK0182,2
CAND10709,SK0161,3
CAND08315,SK0191,3
CAND02609,SK0077,1
CAND08751,SK0178,2
CAND09597,SK0150,2
CAND07922,SK0131,2
CAND13510,SK0112,4
CAND11172,SK0178,3
CAND06596,SK0166,4
CAND10388,SK0220,5
CAND03873,SK0068,3
CAND08154,SK0129,4
CAND09263,SK0080,1
CAND12750,SK0089,1
CAND07781,SK0162,3
CAND06294,SK0149,3
CAND03459,SK0158,4
CAND03273,SK0245,1
CAND12748,SK0245,4
CAND02794,SK0258,1
CAND02912,SK0236,2
CAND01761,SK0106,5
CAND03431,SK0120,1
CAND01854,SK0196,2
CAND05476,SK0229,5
CAND08094,SK0035,1
CAND05840,SK0023,3
CAND08112,SK0038,4
CAND12608,SK0038,3
CAND09722,SK0094,1
CAND08794,SK0095,2
CAND06299,SK0249,5
CAND03927,SK0065,2
CAND10397,SK0128,4
CAND11486,SK0035,5
CAND02387,SK0244,5
CAND05399,SK0196,1
CAND10803,SK0219,2
CAND14893,SK0299,3
CAND10575,SK0194,5
CAND03382,SK0287,1
CAND06160,SK0185,2
CAND03506,SK0218,1
CAND14994,SK0258,1
CAND03701,SK0179,3
CAND04831,SK0081,1
CAND02620,SK0131,1
CAND12253,SK0003,3
CAND09764,SK0153,1
CAND06803,SK0050,3
CAND11412,SK0024,1
CAND14697,SK0280,1
CAND06390,SK0232,5
CAND07783,SK0047,2
CAND07970,SK0273,1
CAND08406,SK0104,3
CAND00781,SK0111,4
CAND04437,SK0107,5
CAND02090,SK0275,2
CAND11126,SK0142,1
CAND04554,SK0142,1
CAND07470,SK0176,1
CAND06932,SK0269,1
CAND10852,SK0294,5
CAND13974,SK0092,3
CAND11717,SK0155,1
CAND03488,SK0066,3
CAND10922,SK0084,1
CAND02963,SK0175,2
CAND03639,SK0217,2
CAND04243,SK0263,4
CAND06313,SK0196,5
CAND01664,SK0184,2
CAND07740,SK0232,3
CAND07923,SK0054,4
CAND11665,SK0038,4
CAND02581,SK0033,1
CAND14713,SK0193,2
CAND09405,SK0070,5
CAND13045,SK0162,3
CAND01395,SK0233,5
CAND00065,SK0053,2
CAND08339,SK0034,2
CAND02766,SK0275,4
CAND01891,SK0024,2
CAND05429,SK0255,3
CAND06840,SK0007,1
CAND06982,SK0003,3
CAND14554,SK0271,5
CAND09079,SK0286,2
CAND04873,SK0035,4
CAND00524,SK0008,4
CAND08608,SK0059,4
CAND09964,SK0016,5
CAND06467,SK0255,4
CAND08742,SK0261,5
CAND01619,SK0097,2
CAND01260,SK0139,4
CAND09959,SK0104,4
CAND00913,SK0188,5
CAND06815,SK0039,1
CAND03993,SK0002,2
CAND07267,SK0153,3
CAND09122,SK0243,2
CAND12842,SK0042,2
CAND06274,SK0249,3
CAND08469,SK0187,4
CAND14837,SK0126,1
CAND01516,SK0254,4
CAND06279,SK0093,1
CAND06311,SK0040,5
CAND11791,SK0279,4
CAND03105,SK0287,5
CAND00004,SK0079,1
CAND04653,SK0077,5
CAND00808,SK0185,4
CAND05454,SK0232,5
CAND09120,SK0020,4
CAND08864,SK0013,3
CAND01503,SK0084,2
CAND02464,SK0219,2
CAND03916,SK0261,5
CAND14547,SK0178,4
CAND09039,SK0043,2
CAND00435,SK0241,1
CAND14023,SK0085,1
CAND11831,SK0267,1
CAND11980,SK0127,4
CAND08874,SK0178,1
CAND14799,SK0248,2
CAND04111,SK0014,1
CAND09028,SK0183,2
CAND12119,SK0158,5
CAND11566,SK0107,5
CAND01426,SK0145,3
CAND07856,SK0296,5
CAND01539,SK0124,4
CAND09794,SK0233,5
CAND06116,SK0175,5
CAND06656,SK0047,4
CAND02059,SK0261,4
CAND11519,SK0256,1
CAND10437,SK0213,2
CAND06245,SK0182,5
CAND02765,SK0177,5
CAND01686,SK0203,3
CAND05532,SK0245,4
CAND06217,SK0239,5
CAND02476,SK0189,4
CAND14028,SK0015,3
CAND00977,SK0128,1
CAND02152,SK0112,2
CAND01068,SK0042,1
CAND11946,SK0150,3
CAND01496,SK0009,1
CAND03146,SK0113,4
CAND14962,SK0272,4
CAND06021,SK0032,4
CAND07700,SK0197,5
CAND06557,SK0299,5
CAND06974,SK0023,5
CAND07153,SK0167,1
CAND14844,SK0168,3
CAND04014,SK0207,4
CAND11557,SK0277,1
CAND04106,SK0087,4
CAND14829,SK0178,2
CAND04959,SK0184,2
CAND03091,SK0135,4
CAND13413,SK0053,4
CAND10797,SK0287,2
CAND02299,SK0252,5
CAND12688,SK0267,3
CAND02702,SK0290,4
CAND02752,SK0224,3
CAND06512,SK0015,3
CAND09089,SK0193,2
CAND12164,SK0204,3
CAND02944,SK0282,1
CAND00294,SK0279,2
CAND13898,SK0263,2
CAND03360,SK0147,4
CAND10642,SK0028,2
CAND04271,SK0218,1
CAND11916,SK0259,5
CAND01507,SK0220,1
CAND09090,SK0053,2
CAND10016,SK0050,2
CAND00611,SK0175,1
CAND12571,SK0136,5
CAND01025,SK0284,3
CAND03076,SK0270,1
CAND03715,SK0064,5
CAND00849,SK0029,2
CAND02883,SK0176,5
CAND00768,SK0187,3
CAND04952,SK0280,4
CAND04083,SK0270,1
CAND00736,SK0080,2
CAND06891,SK0263,1
CAND03350,SK0288,5
CAND09074,SK0048,2
CAND07655,SK0090,4
CAND14187,SK0104,2
CAND01413,SK0119,1
CAND07824,SK0269,1
CAND08841,SK0258,1
CAND07392,SK0061,5
CAND01292,SK0202,4
CAND04055,SK0295,5
CAND13972,SK0212,3
CAND08661,SK0202,3
CAND07621,SK0099,1
CAND05515,SK0009,1
CAND13234,SK0292,3
CAND12113,SK0237,4
CAND03455,SK0132,4
CAND09995,SK0289,2
CAND12058,SK0258,5
CAND14755,SK0182,4
CAND02205,SK0127,4
CAND02350,SK0019,4
CAND09452,SK0117,4
CAND07775,SK0108,2
CAND06164,SK0244,1
CAND14575,SK0059,1
CAND03840,SK0166,3
CAND02174,SK0179,5
CAND14945,SK0091,5
CAND11316,SK0085,4
CAND04555,SK0240,1
CAND02832,SK0219,4
CAND14382,SK0004,3
CAND00701,SK0184,4
CAND11554,SK0290,1
CAND10219,SK0036,5
CAND12734,SK0246,2
CAND04433,SK0242,3
CAND03951,SK0116,3
CAND09611,SK0051,2
CAND11736,SK0223,2
CAND02596,SK0246,2
CAND05144,SK0083,5
CAND06125,SK0207,5
CAND01700,SK0203,4
CAND12210,SK0257,5
CAND07448,SK0204,2
CAND01688,SK0199,4
CAND02134,SK0029,3
CAND10496,SK0102,1
CAND10096,SK0036,2
CAND07745,SK0220,3
CAND12605,SK0151,3
CAND12261,SK0161,3
CAND14800,SK0089,3
CAND07853,SK0071,4
CAND01698,SK0126,4
CAND03537,SK0288,3
CAND08992,SK0242,3
CAND07863,SK0014,3
CAND04445,SK0060,4
CAND11818,SK0047,2
CAND03542,SK0297,4
CAND06422,SK0274,5
CAND13963,SK0058,5
CAND01246,SK0283,3
CAND00998,SK0082,1
CAND08646,SK0251,2
CAND13895,SK0094,5
CAND11935,SK0002,1
CAND03761,SK0077,5
CAND03274,SK0095,5
CAND01220,SK0062,4
CAND02448,SK0226,2
CAND02887,SK0148,4
CAND01399,SK0277,5
CAND14184,SK0180,5
CAND01247,SK0075,1
CAND09420,SK0094,4
CAND12080,SK0186,3
CAND12658,SK0187,1
CAND09579,SK0239,4
CAND06181,SK0208,3
CAND09815,SK0007,2
CAND02978,SK0177,5
CAND12321,SK0185,3
CAND14456,SK0252,1
CAND12090,SK0231,4
CAND13038,SK0151,2
CAND08625,SK0038,1
CAND02578,SK0165,5
CAND14046,SK0141,2
CAND07564,SK0069,5
CAND01727,SK0076,5
CAND11438,SK0268,4
CAND12440,SK0144,5
CAND06873,SK0188,2
CAND04267,SK0067,1
CAND12505,SK0025,1
CAND08411,SK0208,1
CAND09289,SK0179,4
CAND01264,SK0296,1
CAND09702,SK0057,1
CAND13130,SK0125,2
CAND13248,SK0150,4
CAND03965,SK0300,1
CAND07170,SK0143,2
CAND11161,SK0152,4
CAND02093,SK0206,3
CAND12461,SK0292,2
CAND14322,SK0119,3
CAND14050,SK0199,2
CAND02297,SK0160,5
CAND12767,SK0257,3
CAND10702,SK0075,2
CAND00559,SK0082,5
CAND06395,SK0211,4
CAND11392,SK0160,2
CAND11690,SK0104,3
CAND03569,SK0252,3
CAND09784,SK0099,3
CAND12098,SK0235,2
CAND03628,SK0021,5
CAND06683,SK0058,3
CAND02269,SK0082,5
CAND12664,SK0229,5
CAND00919,SK0298,4
CAND10238,SK0002,5
CAND06537,SK0152,1
CAND01764,SK0163,5
CAND05909,SK0104,4
CAND06152,SK0217,5
CAND14618,SK0282,5
CAND07994,SK0182,5
CAND01051,SK0098,3
CAND05628,SK0187,2
CAND06569,SK0130,4
CAND03757,SK0006,2
CAND12390,SK0077,5
CAND03113,SK0018,1
CAND07836,SK0188,3
CAND14945,SK0049,1
CAND11192,SK0256,3
CAND03144,SK0268,5
CAND09850,SK0063,3
CAND05037,SK0270,1
CAND11338,SK0067,3
CAND00445,SK0172,1
CAND13399,SK0005,4
CAND09566,SK0258,1
CAND09159,SK0029,1
CAND02596,SK0161,4
CAND02955,SK0135,3
CAND14410,SK0259,5
CAND12164,SK0056,3
CAND13201,SK0257,4
CAND10393,SK0214,5
CAND13754,SK0148,3
CAND11386,SK0107,3
CAND14170,SK0020,4
CAND01210,SK0036,3
CAND08985,SK0109,2
CAND00662,SK0117,1
CAND04389,SK0194,1
CAND08833,SK0082,4
CAND05444,SK0143,4
CAND09378,SK0064,4
CAND11878,SK0161,4
CAND03243,SK0021,5
CAND01039,SK0194,2
CAND12380,SK0026,5
CAND11183,SK0141,1
CAND04556,SK0026,3
CAND12862,SK0088,2
CAND05448,SK0009,3
CAND00630,SK0224,2
CAND12173,SK0003,3
CAND01937,SK0114,4
CAND14030,SK0179,3
CAND01644,SK0146,5
CAND04735,SK0156,4
CAND01732,SK0157,3
CAND06291,SK0228,3
CAND06754,SK0032,2
CAND08988,SK0266,4
CAND13629,SK0073,3
CAND08920,SK0075,5
CAND02217,SK0289,5
CAND10213,SK0106,5
CAND06329,SK0212,1
CAND13685,SK0127,4
CAND07118,SK0184,5
CAND11993,SK0211,3
CAND05950,SK0281,5
CAND03010,SK0299,2
CAND11829,SK0253,3
CAND04169,SK0193,1
CAND10981,SK0280,4
CAND02413,SK0017,5
CAND04464,SK0095,3
CAND11809,SK0029,2
CAND07404,SK0197,1
CAND00759,SK0139,4
CAND00839,SK0162,2
CAND14878,SK0186,4
CAND09691,SK0219,2
CAND09043,SK0182,3
CAND11625,SK0223,5
CAND12814,SK0122,5
CAND12677,SK0217,1
CAND13774,SK0013,1
CAND10488,SK0172,2
CAND06264,SK0019,1
CAND02281,SK0074,2
CAND10882,SK0093,1
CAND02886,SK0017,5
CAND10990,SK0295,4
CAND04960,SK0213,2
CAND02002,SK0172,1
CAND04995,SK0294,5
CAND14600,SK0060,3
CAND00794,SK0197,1
CAND12361,SK0294,3
CAND11697,SK0021,4
CAND08259,SK0068,3
CAND00766,SK0242,5
CAND12892,SK0063,5
CAND07645,SK0157,5
CAND02613,SK0047,1
CAND00034,SK0246,4
CAND01482,SK0210,4
CAND08283,SK0119,5
CAND04511,SK0155,4
CAND00513,SK0071,5
CAND12232,SK0253,2
CAND01718,SK0095,1
CAND13565,SK0283,4
CAND10240,SK0047,4
CAND01132,SK0080,4
CAND09767,SK0255,1
CAND05153,SK0131,3
CAND13602,SK0299,3
CAND08020,SK0040,4
CAND12119,SK0112,5
CAND14662,SK0029,1
CAND00034,SK0278,5
CAND11594,SK0002,1
CAND14794,SK0138,4
CAND09664,SK0226,5
CAND10079,SK0271,5
CAND03140,SK0131,2
CAND04950,SK0231,3
CAND01494,SK0287,4
CAND00583,SK0179,4
CAND06211,SK0106,4
CAND04016,SK0235,5
CAND04867,SK0052,2
CAND02664,SK0179,1
CAND04261,SK0245,2
CAND08598,SK0034,3
CAND05957,SK0171,1
CAND10150,SK0256,1
CAND01552,SK0290,5
CAND01854,SK0218,2
CAND06747,SK0062,3
CAND05294,SK0074,3
CAND12383,SK0110,5
CAND06477,SK0293,3
CAND13337,SK0017,2
CAND05585,SK0204,5
CAND13474,SK0291,3
CAND04549,SK0216,1
CAND11988,SK0201,5
CAND03997,SK0137,1
CAND13094,SK0198,3
CAND11905,SK0120,4
CAND01410,SK0107,2
CAND05744,SK0039,3
CAND12013,SK0072,4
CAND03244,SK0234,5
CAND03757,SK0205,3
CAND05811,SK0298,1
CAND13296,SK0280,5
CAND06766,SK0007,4
CAND07102,SK0097,4
CAND07227,SK0260,5
CAND05969,SK0122,5
CAND13301,SK0113,4
CAND01061,SK0069,4
CAND11473,SK0180,4
CAND06203,SK0109,5
CAND01081,SK0129,1
CAND10595,SK0041,5
CAND02268,SK0121,2
CAND12697,SK0248,4
CAND11328,SK0217,1
CAND03701,SK0080,5
CAND00337,SK0053,5
CAND10318,SK0169,3
CAND09126,SK0042,1
CAND01448,SK0168,3
CAND09106,SK0162,1
CAND07412,SK0155,4
CAND07850,SK0072,3
CAND14311,SK0225,5
CAND13047,SK0272,3
CAND07308,SK0158,5
CAND14347,SK0165,3
CAND10583,SK0270,4
CAND13409,SK0088,1
CAND04211,SK0154,4
CAND10661,SK0138,5
CAND07689,SK0078,3
CAND13991,SK0206,1
CAND03725,SK0209,5
CAND14341,SK0102,2
CAND12159,SK0016,1
CAND00407,SK0060,5
CAND04664,SK0277,5
CAND03413,SK0094,1
CAND05705,SK0164,5
CAND12653,SK0142,1
CAND12613,SK0095,2
CAND07783,SK0197,1
CAND13685,SK0298,5
CAND12220,SK0220,2
CAND06061,SK0012,3
CAND05268,SK0157,1
CAND14783,SK0280,3
CAND14500,SK0103,1
CAND14292,SK0188,4
CAND00218,SK0075,5
CAND11258,SK0095,2
CAND00121,SK0005,3
CAND08277,SK0286,2
CAND01703,SK0068,4
CAND12282,SK0217,2
CAND12965,SK0106,3
CAND02542,SK0275,1
CAND09444,SK0273,5
CAND01700,SK0034,3
CAND00032,SK0013,4
CAND12885,SK0043,1
CAND01769,SK0250,5
CAND05385,SK0295,2
CAND03135,SK0125,2
CAND07395,SK0106,4
CAND08278,SK0039,5
CAND14830,SK0237,3
CAND10294,SK0187,3
CAND13336,SK0232,5
CAND02389,SK0114,1
CAND06486,SK0233,4
CAND08623,SK0103,4
CAND04696,SK0040,5
CAND12829,SK0117,5
CAND09506,SK0067,5
CAND05371,SK0071,1
CAND14574,SK0214,4
CAND07515,SK0058,3
CAND03134,SK0289,2
CAND09771,SK0028,5
CAND11676,SK0078,4
CAND10312,SK0179,2
CAND13388,SK0153,3
CAND07576,SK0056,2
CAND14935,SK0296,5
CAND14824,SK0251,2
CAND09820,SK0017,5
CAND02089,SK0210,4
CAND10829,SK0101,3
CAND01684,SK0133,4
CAND14205,SK0265,1
CAND07709,SK0137,4
CAND05699,SK0281,4
CAND13699,SK0217,4
CAND14218,SK0148,4
CAND05796,SK0279,4
CAND09105,SK0196,1
CAND07355,SK0221,2
CAND13100,SK0248,5
CAND01420,SK0088,5
CAND09468,SK0122,3
CAND11600,SK0072,2
CAND04530,SK0079,1
CAND08302,SK0213,2
CAND13510,SK0037,1
CAND09899,SK0264,3
CAND06322,SK0111,2
CAND10359,SK0232,5
CAND11146,SK0113,1
CAND03247,SK0146,1
CAND00296,SK0238,4
CAND08466,SK0257,4
CAND14682,SK0195,4
CAND12237,SK0059,4
CAND14033,SK0051,2
CAND09008,SK0289,3
CAND05677,SK0041,1
CAND07903,SK0179,5
CAND01174,SK0166,5
CAND14923,SK0125,2
CAND14358,SK0044,5
CAND03002,SK0290,3
CAND04018,SK0093,5
CAND02113,SK0023,1
CAND00327,SK0231,1
CAND02573,SK0108,1
CAND05830,SK0112,4
CAND06145,SK0134,1
CAND01185,SK0072,5
CAND05503,SK0076,1
CAND01882,SK0290,5
CAND11807,SK0086,1
CAND00353,SK0145,2
CAND07673,SK0183,3
CAND12643,SK0120,2
CAND13270,SK0275,4
CAND00426,SK0267,4
CAND12387,SK0233,4
CAND03377,SK0249,5
CAND06992,SK0246,4
CAND11779,SK0169,2
CAND07008,SK0128,3
CAND05696,SK0200,2
CAND03352,SK0142,4
CAND06394,SK0146,4
CAND13765,SK0083,4
CAND12525,SK0085,3
CAND10736,SK0142,5
CAND07989,SK0058,2
CAND10673,SK0275,3
CAND09816,SK0127,5
CAND07453,SK0143,2
CAND02337,SK0029,5
CAND08861,SK0085,2
CAND06049,SK0017,3
CAND10114,SK0162,2
CAND03048,SK0153,5
CAND04247,SK0236,5
CAND04086,SK0004,2
CAND00022,SK0021,4
CAND10599,SK0082,3
CAND14697,SK0036,5
CAND03036,SK0116,1
CAND09917,SK0006,2
CAND06084,SK0185,5
CAND02284,SK0141,2
CAND10740,SK0112,5
CAND02406,SK0088,1
CAND13941,SK0203,4
CAND01548,SK0269,2
CAND05288,SK0022,2
CAND03520,SK0252,1
CAND04527,SK0168,3
CAND06667,SK0102,1
CAND05157,SK0176,1
CAND07330,SK0266,5
CAND14329,SK0165,4
CAND01010,SK0261,5
CAND05587,SK0136,1
CAND03341,SK0140,5
CAND10366,SK0001,5
CAND08113,SK0163,1
CAND12979,SK0253,4
CAND12040,SK0052,3
CAND10120,SK0149,1
CAND01008,SK0224,5
CAND01255,SK0093,2
CAND10264,SK0279,4
CAND14828,SK0149,2
CAND13277,SK0271,3
CAND08501,SK0023,4
CAND10949,SK0208,3
CAND14921,SK0205,1
CAND13297,SK0151,5
CAND10501,SK0260,4
CAND06273,SK0156,2
CAND14761,SK0014,1
CAND03113,SK0209,2
CAND00660,SK0040,5
CAND05180,SK0262,2
CAND13459,SK0150,3
CAND07662,SK0224,4
CAND02961,SK0007,5
CAND13039,SK0111,4
CAND01895,SK0109,3
CAND10206,SK0172,3
CAND09854,SK0117,2
CAND02288,SK0295,3
CAND05708,SK0111,1
CAND09556,SK0137,5
CAND14866,SK0231,2
CAND11726,SK0070,1
CAND06810,SK0090,2
CAND06325,SK0081,5
CAND12894,SK0269,3
CAND14681,SK0014,4
CAND07079,SK0200,1
CAND10834,SK0091,4
CAND07646,SK0016,1
CAND02849,SK0092,2
CAND14901,SK0185,5
CAND06168,SK0257,2
CAND12018,SK0173,3
CAND01312,SK0215,3
CAND11536,SK0047,4
CAND12183,SK0118,5
CAND09321,SK0030,2
CAND07272,SK0254,2
CAND10498,SK0279,5
CAND05675,SK0263,4
CAND11334,SK0038,4
CAND04753,SK0137,4
CAND10525,SK0147,4
CAND02843,SK0198,4
CAND02237,SK0212,3
CAND14226,SK0056,4
CAND07496,SK0194,5
CAND05225,SK0134,4
CAND12158,SK0043,3
CAND13673,SK0041,5
CAND04476,SK0282,2
CAND03006,SK0229,4
CAND04790,SK0266,1
CAND03746,SK0075,5
CAND03052,SK0091,5
CAND01211,SK0153,5
CAND14954,SK0092,4
CAND02852,SK0261,4
CAND03961,SK0278,3
CAND13494,SK0240,3
CAND09797,SK0002,1
CAND08757,SK0082,1
CAND04196,SK0244,1
CAND10474,SK0042,3
CAND09213,SK0114,4
CAND02259,SK0252,2
CAND04310,SK0006,4
CAND03502,SK0041,3
CAND11522,SK0287,3
CAND07794,SK0094,3
CAND08968,SK0060,1
CAND07596,SK0179,2
CAND02566,SK0081,3
CAND12258,SK0080,5
CAND12134,SK0114,1
CAND09140,SK0194,4
CAND09461,SK0249,1
CAND01454,SK0186,2
CAND02338,SK0288,4
CAND13413,SK0116,3
CAND09782,SK0274,5
CAND08452,SK0048,4
CAND03833,SK0065,5
CAND04958,SK0124,4
CAND13278,SK0232,1
CAND02786,SK0118,1
CAND11911,SK0037,5
CAND14700,SK0255,3
CAND03832,SK0208,4
CAND11855,SK0146,2
CAND04200,SK0144,5
CAND05539,SK0185,2
CAND10315,SK0215,2
CAND14182,SK0166,3
CAND02405,SK0048,2
CAND14135,SK0110,1
CAND01784,SK0202,5
CAND01259,SK0061,1
CAND06168,SK0088,2
CAND02611,SK0069,4
CAND07039,SK0147,5
CAND10304,SK0234,3
CAND14974,SK0029,2
CAND05129,SK0239,5
CAND00222,SK0270,3
CAND13820,SK0121,2
CAND06860,SK0197,5
CAND02155,SK0169,4
CAND06213,SK0227,1
CAND00472,SK0196,4
CAND03084,SK0130,2
CAND09621,SK0113,5
CAND00889,SK0242,2
CAND05829,SK0031,5
CAND10536,SK0182,2
CAND05656,SK0142,5
CAND03001,SK0116,5
CAND00273,SK0293,2
CAND10089,SK0089,3
CAND03086,SK0272,4
CAND11785,SK0039,2
CAND05643,SK0296,2
CAND12613,SK0044,2
CAND12830,SK0074,1
CAND14624,SK0043,5
CAND03039,SK0004,5
CAND13613,SK0070,3
CAND02659,SK0064,5
CAND06784,SK0074,1
CAND11308,SK0200,5
CAND09169,SK0024,1
CAND05091,SK0299,3
CAND05571,SK0083,2
CAND00199,SK0244,1
CAND07437,SK0040,3
CAND09332,SK0243,5
CAND01937,SK0252,2
CAND12979,SK0300,1
CAND11275,SK0164,3
CAND06024,SK0043,1
CAND06187,SK0114,2
CAND13898,SK0013,1
CAND04358,SK0194,3
CAND07564,SK0112,3
CAND03891,SK0098,5
CAND01293,SK0256,5
CAND05591,SK0286,1
CAND04560,SK0156,4
CAND06610,SK0276,2
CAND05121,SK0207,4
CAND04901,SK0190,2
CAND07308,SK0134,2
CAND12578,SK0096,2
CAND10780,SK0051,5
CAND14096,SK0004,4
CAND07318,SK0045,3
CAND06763,SK0140,4
CAND01215,SK0068,3
CAND04702,SK0224,1
CAND01170,SK0192,5
CAND09053,SK0015,5
CAND07077,SK0250,2
CAND12152,SK0010,4
CAND08217,SK0135,3
CAND04801,SK0258,3
CAND09935,SK0273,2
CAND14844,SK0113,2
CAND03759,SK0272,2
CAND08058,SK0138,1
CAND07450,SK0186,3
CAND01740,SK0263,1
CAND13454,SK0003,5
CAND02307,SK0030,2
CAND08598,SK0087,4
CAND14436,SK0035,3
CAND04675,SK0014,2
CAND12975,SK0151,3
CAND09328,SK0262,3
CAND12683,SK0051,1
CAND03680,SK0201,1
CAND02877,SK0134,3
CAND02104,SK0024,3
CAND13776,SK0159,2
CAND10346,SK0207,5
CAND01022,SK0135,2
CAND00835,SK0240,4
CAND00828,SK0225,5
CAND11616,SK0192,5
CAND11989,SK0202,5
CAND05342,SK0014,5
CAND04976,SK0285,4
CAND00831,SK0147,4
CAND00600,SK0218,4
CAND06779,SK0089,4
CAND09848,SK0051,5
CAND04764,SK0012,1
CAND10585,SK0215,3
CAND08439,SK0114,3
CAND10399,SK0227,3
CAND14221,SK0266,2
CAND12464,SK0297,1
CAND07966,SK0193,2
CAND04000,SK0292,3
CAND12353,SK0258,3
CAND10553,SK0171,2
CAND06034,SK0071,1
CAND08792,SK0151,1
CAND05884,SK0089,4
CAND03812,SK0149,1
CAND11967,SK0263,1
CAND03314,SK0192,4
CAND07119,SK0077,2
CAND08469,SK0245,5
CAND09434,SK0142,2
CAND03038,SK0234,2
CAND13947,SK0097,3
CAND00116,SK0001,4
CAND10526,SK0213,2
CAND02397,SK0059,5
CAND14120,SK0144,5
CAND04978,SK0279,2
CAND03385,SK0281,3
CAND06177,SK0202,3
CAND09448,SK0220,2
CAND07407,SK0285,2
CAND14518,SK0168,5
CAND03341,SK0227,5
CAND07328,SK0004,1
CAND09014,SK0025,2
CAND11515,SK0170,4
CAND09898,SK0102,5
CAND03196,SK0235,2
CAND00462,SK0230,2
CAND12731,SK0250,4
CAND07692,SK0266,5
CAND06867,SK0247,4
CAND03757,SK0112,3
CAND03954,SK0195,5
CAND03412,SK0299,5
CAND13525,SK0122,2
CAND01284,SK0052,4
CAND14723,SK0206,1
CAND07349,SK0277,5
CAND13758,SK0049,1
CAND04288,SK0224,5
CAND01310,SK0248,3
CAND00735,SK0209,3
CAND14529,SK0267,4
CAND13692,SK0170,1
CAND01387,SK0076,4
CAND10637,SK0223,1
CAND08112,SK0034,1
CAND08819,SK0053,3
CAND11497,SK0024,2
CAND11026,SK0143,5
CAND07420,SK0179,5
CAND02619,SK0211,4
CAND13165,SK0001,5
CAND03392,SK0080,1
CAND13772,SK0143,5
CAND12313,SK0010,4
CAND04306,SK0208,3
CAND00857,SK0182,1
CAND11336,SK0072,1
CAND06531,SK0219,5
CAND13411,SK0051,1
CAND09275,SK0288,1
CAND04159,SK0076,4
CAND06817,SK0197,3
CAND13459,SK0049,1
CAND09988,SK0244,5
CAND06596,SK0060,5
CAND05662,SK0001,1
CAND07443,SK0265,3
CAND03909,SK0277,4
CAND02652,SK0264,3
CAND03282,SK0044,1
CAND14728,SK0211,2
CAND02580,SK0008,5
CAND05080,SK0283,4
CAND12993,SK0021,5
CAND13889,SK0210,5
CAND10098,SK0153,1
CAND04279,SK0172,4
CAND09542,SK0209,1
CAND09696,SK0140,2
CAND09160,SK0227,5
CAND07037,SK0048,1
CAND14100,SK0111,2
CAND11610,SK0083,3
CAND12506,SK0003,2
CAND00296,SK0181,3
CAND00113,SK0175,4
CAND04558,SK0267,3
CAND01636,SK0161,3
CAND11281,SK0244,2
CAND03797,SK0130,1
CAND13823,SK0259,4
CAND02824,SK0145,3
CAND12475,SK0269,5
CAND14112,SK0017,5
CAND04611,SK0127,1
CAND12020,SK0170,4
CAND07200,SK0182,3
CAND10333,SK0110,3
CAND00218,SK0264,5
CAND06320,SK0003,4
CAND03435,SK0046,3
CAND07059,SK0061,1
CAND02229,SK0026,1
CAND09894,SK0106,1
CAND05046,SK0042,1
CAND02552,SK0089,3
CAND03346,SK0263,2
CAND07121,SK0103,5
CAND05144,SK0100,3
CAND01127,SK0161,5
CAND11525,SK0132,3
CAND04882,SK0115,2
CAND07763,SK0184,4
CAND13290,SK0018,4
CAND07325,SK0024,5
CAND08198,SK0197,1
CAND14091,SK0138,4
CAND07798,SK0088,4
CAND03285,SK0181,5
CAND00528,SK0185,3
CAND09692,SK0135,5
CAND12926,SK0056,1
CAND06649,SK0272,5
CAND13883,SK0133,3
CAND10758,SK0186,4
CAND03709,SK0293,4
CAND07267,SK0047,4
CAND01020,SK0142,1
CAND10346,SK0200,3
CAND06316,SK0115,1
CAND14958,SK0050,2
CAND02839,SK0131,3
CAND14527,SK0033,2
CAND07824,SK0137,1
CAND12435,SK0185,5
CAND08650,SK0298,1
CAND10344,SK0038,3
CAND06915,SK0255,1
CAND07842,SK0073,3
CAND13124,SK0221,4
CAND12318,SK0113,3
CAND13260,SK0055,3
CAND10518,SK0142,3
CAND07046,SK0033,5
CAND07902,SK0030,4
CAND01155,SK0233,4
CAND05235,SK0286,1
CAND03881,SK0250,5
CAND08769,SK0220,5
CAND13066,SK0225,5
CAND04295,SK0163,2
CAND11478,SK0271,5
CAND04459,SK0091,4
CAND04355,SK0087,2
CAND08790,SK0002,3
CAND14124,SK0053,2
CAND13931,SK0077,3
CAND07372,SK0140,3
CAND05783,SK0268,4
CAND05093,SK0130,4
CAND02838,SK0207,3
CAND09182,SK0214,4
CAND09104,SK0237,4
CAND04224,SK0281,3
CAND00134,SK0168,4
CAND10256,SK0286,3
CAND04056,SK0198,1
CAND04249,SK0097,1
CAND03934,SK0105,2
CAND14640,SK0006,3
CAND05879,SK0122,1
CAND13476,SK0089,1
CAND06608,SK0076,3
CAND11526,SK0098,3
CAND00705,SK0227,3
CAND01025,SK0086,2
CAND06476,SK0058,3
CAND00385,SK0264,3
CAND04107,SK0054,4
CAND14511,SK0194,2
CAND03599,SK0242,1
CAND14782,SK0056,1
CAND08469,SK0024,5
CAND02303,SK0008,2
CAND05579,SK0278,4
CAND09402,SK0001,3
CAND02038,SK0256,4
CAND03679,SK0182,3
CAND03484,SK0200,2
CAND02664,SK0226,3
CAND00362,SK0101,5
CAND08091,SK0091,4
CAND01141,SK0137,2
CAND02681,SK0136,4
CAND02480,SK0134,5
CAND02134,SK0283,3
CAND13698,SK0087,4
CAND05648,SK0163,3
CAND10980,SK0064,4
CAND13045,SK0227,2
CAND14269,SK0163,4
CAND09274,SK0211,3
CAND06313,SK0227,4
CAND11614,SK0018,1
CAND06536,SK0005,1
CAND04540,SK0221,4
CAND09060,SK0276,3
CAND02837,SK0101,5
CAND02826,SK0044,4
CAND07013,SK0194,2
CAND01699,SK0269,5
CAND06476,SK0190,5
CAND03706,SK0154,3
CAND11305,SK0274,2
CAND02048,SK0138,4
CAND12553,SK0183,1
CAND04439,SK0207,4
CAND05685,SK0157,4
CAND06742,SK0032,1
CAND00540,SK0106,3
CAND14317,SK0067,2
CAND09962,SK0035,1
CAND13059,SK0299,5
CAND00513,SK0023,4
CAND11603,SK0230,2
CAND13361,SK0065,4
CAND06887,SK0146,2
CAND13546,SK0060,5
CAND06075,SK0266,3
CAND04560,SK0051,2
CAND14973,SK0081,1
CAND10871,SK0042,1
CAND10214,SK0107,5
CAND11746,SK0162,2
CAND11729,SK0233,4
CAND07471,SK0014,1
CAND12052,SK0234,2
CAND09851,SK0144,3
CAND05168,SK0096,3
CAND10270,SK0024,4
CAND10871,SK0264,3
CAND01890,SK0262,3
CAND06269,SK0014,1
CAND14134,SK0088,4
CAND04113,SK0159,5
CAND11301,SK0090,1
CAND08012,SK0176,4
CAND03139,SK0274,3
CAND04282,SK0008,5
CAND13863,SK0203,1
CAND10501,SK0292,1
CAND00673,SK0259,2
CAND02594,SK0166,4
CAND04493,SK0271,3
CAND14058,SK0055,2
CAND09099,SK0246,5
CAND06694,SK0140,2
CAND02070,SK0146,4
CAND07672,SK0024,3
CAND00780,SK0128,1
CAND08840,SK0267,1
CAND11537,SK0154,4
CAND11285,SK0154,5
CAND07481,SK0272,3
CAND02276,SK0104,4
CAND04840,SK0267,2
CAND05560,SK0064,1
CAND00572,SK0117,1
CAND05194,SK0138,4
CAND06889,SK0165,1
CAND13678,SK0037,5
CAND02376,SK0190,4
CAND02120,SK0038,1
CAND00076,SK0093,1
CAND11862,SK0105,5
CAND00597,SK0294,5
CAND05344,SK0242,2
CAND11760,SK0120,3
CAND11572,SK0143,2
CAND02476,SK0250,1
CAND01162,SK0284,3
CAND03965,SK0035,4
CAND04546,SK0176,1
CAND07470,SK0153,5
CAND10857,SK0136,2
CAND10544,SK0210,3
CAND11615,SK0024,3
CAND02420,SK0058,2
CAND05122,SK0219,5
CAND04612,SK0006,1
CAND07704,SK0187,3
CAND08648,SK0145,1
CAND04916,SK0173,2
CAND00443,SK0130,2
CAND11948,SK0052,1
CAND07888,SK0073,4
CAND04727,SK0266,4
CAND11107,SK0086,4
CAND10909,SK0203,4
CAND09558,SK0082,2
CAND06566,SK0179,1
CAND02431,SK0264,5
CAND14029,SK0083,3
CAND12862,SK0010,1
CAND01387,SK0128,1
CAND14528,SK0005,2
CAND13354,SK0238,4
CAND07180,SK0153,2
CAND02224,SK0214,2
CAND11273,SK0011,2
CAND07742,SK0256,3
CAND00312,SK0053,4
CAND01321,SK0116,2
CAND05960,SK0240,2
CAND00116,SK0222,1
CAND14702,SK0056,3
CAND11150,SK0284,4
CAND13153,SK0166,4
CAND03169,SK0140,5
CAND14514,SK0276,3
CAND02664,SK0266,5
CAND14264,SK0240,2
CAND04977,SK0224,5
CAND10010,SK0103,1
CAND03152,SK0074,4
CAND13522,SK0269,5
CAND02317,SK0251,5
CAND13363,SK0145,3
CAND08400,SK0132,1
CAND11366,SK0063,1
CAND11167,SK0123,4
CAND03645,SK0084,5
CAND03227,SK0006,3
CAND06894,SK0063,2
CAND00357,SK0285,4
CAND14241,SK0228,1
CAND06456,SK0034,4
CAND12555,SK0210,3
CAND07630,SK0062,2
CAND14242,SK0018,4
CAND00606,SK0128,2
CAND12033,SK0239,4
CAND13973,SK0284,3
CAND07967,SK0203,4
CAND10960,SK0108,3
CAND00910,SK0085,5
CAND03935,SK0123,3
CAND13268,SK0247,4
CAND05250,SK0256,2
CAND11193,SK0175,1
CAND02216,SK0151,2
CAND02177,SK0047,1
CAND13443,SK0225,2
CAND12575,SK0162,2
CAND09518,SK0259,4
CAND14959,SK0236,2
CAND08038,SK0110,5
CAND13059,SK0093,2
CAND00817,SK0264,1
CAND04505,SK0074,2
CAND02458,SK0296,3
CAND01577,SK0284,4
CAND03465,SK0087,1
CAND13983,SK0101,3
CAND08659,SK0061,3
CAND07922,SK0215,5
CAND05360,SK0098,2
CAND07856,SK0013,1
CAND02398,SK0288,1
CAND02231,SK0201,5
CAND04061,SK0024,5
CAND03812,SK0100,3
CAND11762,SK0019,3
CAND05418,SK0093,3
CAND13708,SK0162,4
CAND14117,SK0260,5
CAND00899,SK0061,5
CAND04759,SK0103,1
CAND03129,SK0171,1
CAND10536,SK0105,4
CAND04139,SK0169,3
CAND03667,SK0140,3
CAND06831,SK0042,1
CAND05358,SK0085,5
CAND07888,SK0017,4
CAND06370,SK0143,1
CAND06547,SK0042,2
CAND11961,SK0166,5
CAND10814,SK0164,2
CAND14671,SK0212,2
CAND04787,SK0076,2
CAND11019,SK0121,4
CAND04185,SK0243,2
CAND08593,SK0185,5
CAND02175,SK0034,1
CAND01969,SK0003,1
CAND11598,SK0066,1
CAND11401,SK0284,2
CAND04751,SK0105,5
CAND13587,SK0018,4
CAND10848,SK0274,5
CAND12117,SK0213,2
CAND12580,SK0011,5
CAND08353,SK0266,1
CAND13197,SK0234,5
CAND10081,SK0240,5
CAND06880,SK0045,2
CAND13844,SK0100,2
CAND01469,SK0007,1
CAND05310,SK0083,5
CAND07230,SK0240,4
CAND09675,SK0065,1
CAND09169,SK0188,2
CAND00904,SK0248,5
CAND00426,SK0214,4
CAND13911,SK0292,5
CAND02792,SK0210,4
CAND10288,SK0058,2
CAND04306,SK0219,4
CAND13258,SK0145,3
CAND04034,SK0273,5
CAND07091,SK0162,3
CAND00119,SK0088,4
CAND07017,SK0173,1
CAND14548,SK0091,1
CAND03923,SK0262,5
CAND00776,SK0187,1
CAND09547,SK0276,2
CAND08609,SK0040,5
CAND06788,SK0157,5
CAND10044,SK0052,1
CAND07892,SK0247,3
CAND12543,SK0276,5
CAND12174,SK0279,2
CAND03897,SK0250,4
CAND02886,SK0084,1
CAND09943,SK0015,5
CAND00988,SK0025,1
CAND05668,SK0126,5
CAND06288,SK0023,1
CAND08640,SK0140,1
CAND00740,SK0296,4
CAND13154,SK0131,1
CAND07942,SK0063,1
CAND01428,SK0217,5
CAND04660,SK0297,3
CAND11438,SK0174,5
CAND13674,SK0235,2
CAND02252,SK0149,1
CAND04259,SK0244,1
CAND10239,SK0030,2
CAND00988,SK0096,1
CAND10910,SK0135,3
CAND09671,SK0160,4
CAND05211,SK0176,2
CAND07601,SK0185,1
CAND00719,SK0106,3
CAND03965,SK0063,3
CAND14378,SK0124,4
CAND10770,SK0258,2
CAND00664,SK0141,1
CAND07141,SK0063,1
CAND03731,SK0202,1
CAND01305,SK0226,4
CAND14435,SK0001,4
CAND07845,SK0037,1
CAND01493,SK0046,4
CAND13754,SK0230,4
CAND13624,SK0079,4
CAND04172,SK0283,3
CAND10293,SK0010,3
CAND12937,SK0033,5
CAND09156,SK0133,4
CAND05262,SK0148,5
CAND12214,SK0113,4
CAND02918,SK0296,4
CAND04088,SK0129,4
CAND06999,SK0121,1
CAND03159,SK0003,1
CAND05544,SK0233,1
CAND03547,SK0200,2
CAND12651,SK0292,5
CAND10545,SK0045,1
CAND03078,SK0097,1
CAND00220,SK0022,5
CAND00977,SK0079,2
CAND08446,SK0001,4
CAND01869,SK0046,5
CAND05237,SK0110,5
CAND02595,SK0047,3
CAND04617,SK0258,4
CAND11723,SK0222,1
CAND04029,SK0134,3
CAND01786,SK0086,2
CAND10480,SK0013,3
CAND06305,SK0167,5
CAND10865,SK0009,2
CAND02487,SK0146,1
CAND01737,SK0134,2
CAND14643,SK0119,2
CAND09702,SK0184,1
CAND02165,SK0088,2
CAND07827,SK0159,2
CAND08493,SK0081,2
CAND11447,SK0031,4
CAND07641,SK0241,2
CAND12259,SK0082,3
CAND07188,SK0112,1
CAND05316,SK0205,4
CAND12579,SK0045,2
CAND05296,SK0018,4
CAND13630,SK0093,1
CAND00257,SK0114,4
CAND07738,SK0261,5
CAND04716,SK0062,1
CAND11677,SK0026,5
CAND08657,SK0248,4
CAND00457,SK0059,1
CAND09724,SK0280,4
CAND03147,SK0227,1
CAND11316,SK0276,4
CAND08717,SK0153,4
CAND02761,SK0160,5
CAND09004,SK0237,5
CAND10987,SK0216,5
CAND14472,SK0026,5
CAND08772,SK0278,1
CAND00764,SK0079,1
CAND11099,SK0117,2
CAND07739,SK0300,4
CAND01589,SK0211,5
CAND04098,SK0050,2
CAND10800,SK0220,5
CAND01357,SK0150,3
CAND07599,SK0152,4
CAND00787,SK0071,3
CAND01214,SK0231,5
CAND06664,SK0050,4
CAND06161,SK0092,2
CAND05676,SK0127,4
CAND11651,SK0095,1
CAND04395,SK0183,2
CAND14950,SK0109,1
CAND11002,SK0169,5
CAND01205,SK0170,2
CAND11692,SK0002,1
CAND08223,SK0206,5
CAND09802,SK0234,4
CAND01170,SK0198,2
CAND10429,SK0221,4
CAND04695,SK0115,3
CAND05744,SK0151,2
CAND06985,SK0015,4
CAND05128,SK0163,4
CAND01847,SK0056,1
CAND10267,SK0268,2
CAND14670,SK0175,2
CAND14570,SK0167,4
CAND03485,SK0230,5
CAND03754,SK0029,2
CAND14326,SK0238,3
CAND04487,SK0202,2
CAND00272,SK0262,2
CAND08614,SK0119,5
CAND03581,SK0231,3
CAND12508,SK0121,4
CAND11572,SK0268,4
CAND13321,SK0117,3
CAND14673,SK0085,4
CAND11713,SK0253,5
CAND07756,SK0162,3
CAND01286,SK0221,5
CAND10500,SK0044,1
CAND12560,SK0125,4
CAND08615,SK0241,5
CAND03058,SK0282,4
CAND08874,SK0104,3
CAND14262,SK0263,1
CAND08316,SK0031,5
CAND11024,SK0264,1
CAND10909,SK0254,3
CAND12605,SK0278,1
CAND06815,SK0168,1
CAND06009,SK0239,1
CAND08784,SK0081,1
CAND10133,SK0230,4
CAND05594,SK0036,2
CAND03718,SK0149,3
CAND14123,SK0252,2
CAND03113,SK0294,1
CAND14452,SK0111,2
CAND03225,SK0155,3
CAND00456,SK0091,4
CAND09161,SK0061,3
CAND11842,SK0084,1
CAND13003,SK0064,4
CAND07180,SK0275,1
CAND02877,SK0174,5
CAND03462,SK0280,4
CAND12508,SK0248,2
CAND09464,SK0269,1
CAND06286,SK0076,5
CAND03773,SK0280,5
CAND03181,SK0108,3
CAND06215,SK0044,5
CAND03835,SK0224,5
CAND04298,SK0157,3
CAND10668,SK0178,1
CAND11760,SK0163,3
CAND06002,SK0116,3
CAND13414,SK0053,5
CAND03893,SK0143,2
CAND11798,SK0219,2
CAND07164,SK0091,5
CAND05053,SK0107,2
CAND03239,SK0011,3
CAND04027,SK0042,2
CAND12969,SK0081,2
CAND03699,SK0208,3
CAND01158,SK0258,3
CAND02069,SK0065,3
CAND06783,SK0170,1
CAND10511,SK0170,3
CAND10207,SK0047,5
CAND10018,SK0130,4
CAND14546,SK0108,1
CAND11249,SK0254,5
CAND11425,SK0036,4
CAND07527,SK0078,3
CAND01593,SK0082,1
CAND10826,SK0113,5
CAND07193,SK0052,5
CAND06002,SK0268,1
CAND03628,SK0270,4
CAND00261,SK0018,4
CAND02893,SK0180,5
CAND11952,SK0283,4
CAND14534,SK0211,3
CAND11677,SK0266,3
CAND02683,SK0167,2
CAND04127,SK0057,2
CAND01671,SK0163,3
CAND09115,SK0081,1
CAND09365,SK0159,5
CAND13287,SK0266,5
CAND09382,SK0109,1
CAND11217,SK0136,4
CAND14042,SK0117,2
CAND10712,SK0264,3
CAND04960,SK0238,2
CAND06469,SK0003,5
CAND02353,SK0179,4
CAND10387,SK0151,1
CAND03142,SK0296,1
CAND03265,SK0020,3
CAND02447,SK0023,1
CAND03775,SK0027,5
CAND09405,SK0227,5
CAND03497,SK0091,5
CAND14377,SK0281,3
CAND07294,SK0243,1
CAND01938,SK0050,4
CAND08872,SK0214,5
CAND12834,SK0168,1
CAND04343,SK0254,4
CAND00762,SK0246,3
CAND04400,SK0240,5
CAND00440,SK0266,2
CAND14808,SK0044,5
CAND08301,SK0276,3
CAND07235,SK0275,5
CAND02622,SK0030,3
CAND00625,SK0006,4
CAND13149,SK0268,2
CAND00306,SK0213,4
CAND12535,SK0135,5
CAND06164,SK0120,2
CAND08071,SK0118,3
CAND03386,SK0158,5
CAND01375,SK0284,5
CAND12096,SK0071,1
CAND02982,SK0265,4
CAND01049,SK0064,5
CAND11462,SK0227,5
CAND02549,SK0048,5
CAND01586,SK0104,3
CAND14508,SK0138,4
CAND14492,SK0136,3
CAND00669,SK0099,3
CAND10875,SK0270,1
CAND13922,SK0153,2
CAND13481,SK0248,3
CAND12372,SK0272,5
CAND09091,SK0296,4
CAND07594,SK0217,1
CAND03967,SK0138,5
CAND07642,SK0273,3
CAND08828,SK0210,3
CAND10427,SK0263,2
CAND08686,SK0061,1
CAND08733,SK0011,2
CAND07032,SK0266,1
CAND05812,SK0042,4
CAND05927,SK0162,3
CAND07015,SK0236,1
CAND10751,SK0002,4
CAND05174,SK0047,1
CAND08624,SK0113,1
CAND03615,SK0262,4
CAND12713,SK0126,4
CAND02420,SK0185,4
CAND04222,SK0230,2
CAND03529,SK0196,1
CAND05280,SK0098,4
CAND11593,SK0122,5
CAND07125,SK0016,3
CAND06559,SK0073,1
CAND11286,SK0060,2
CAND00776,SK0100,2
CAND14832,SK0214,3
CAND12713,SK0284,3
CAND01599,SK0101,5
CAND03999,SK0025,5
CAND00624,SK0185,1
CAND13013,SK0175,2
CAND10206,SK0212,1
CAND14184,SK0277,2
CAND02505,SK0142,3
CAND11530,SK0284,5
CAND10605,SK0124,4
CAND10108,SK0159,1
CAND03114,SK0279,1
CAND03765,SK0223,2
CAND10533,SK0225,1
CAND00153,SK0269,5
CAND07200,SK0197,1
CAND11591,SK0167,2
CAND13254,SK0294,5
CAND10706,SK0013,3
CAND12157,SK0185,2
CAND14788,SK0215,1
CAND09931,SK0195,1
CAND07122,SK0038,2
CAND06233,SK0155,3
CAND03048,SK0252,5
CAND10087,SK0180,1
CAND10669,SK0271,5
CAND14728,SK0071,2
CAND00626,SK0252,2
CAND02385,SK0093,4
CAND04602,SK0020,1
CAND07031,SK0214,5
CAND06378,SK0127,3
CAND01719,SK0149,5
CAND01417,SK0113,5
CAND00808,SK0237,1
CAND05767,SK0285,5
CAND12060,SK0149,3
CAND00054,SK0153,5
CAND01652,SK0210,2
CAND08472,SK0149,3
CAND07341,SK0242,3
CAND03356,SK0237,4
CAND08181,SK0208,4
CAND09890,SK0143,5
CAND02616,SK0148,2
CAND06181,SK0291,4
CAND09033,SK0191,4
CAND09655,SK0170,3
CAND02030,SK0009,5
CAND03160,SK0246,2
CAND01660,SK0088,1
CAND08894,SK0254,4
CAND11352,SK0261,2
CAND02871,SK0158,3
CAND14827,SK0108,1
CAND07004,SK0056,4
CAND07926,SK0176,4
CAND08579,SK0079,5
CAND08094,SK0261,4
CAND13282,SK0275,1
CAND03858,SK0178,3
CAND14325,SK0117,1
CAND05666,SK0136,3
CAND11640,SK0086,5
CAND05146,SK0087,2
CAND06098,SK0192,3
CAND05314,SK0001,1
CAND05514,SK0102,5
CAND00241,SK0098,4
CAND08673,SK0074,2
CAND06271,SK0132,4
CAND01128,SK0092,1
CAND05410,SK0146,3
CAND13992,SK0194,2
CAND00078,SK0208,3
CAND08067,SK0158,1
CAND00066,SK0054,3
CAND02814,SK0068,3
CAND14282,SK0009,1
CAND04022,SK0208,2
CAND01093,SK0275,5
CAND03552,SK0127,4
CAND04859,SK0208,4
CAND13213,SK0197,3
CAND01463,SK0003,3
CAND05977,SK0217,5
CAND04559,SK0100,1
CAND02382,SK0228,1
CAND01697,SK0106,2
CAND10564,SK0222,4
CAND04837,SK0067,5
CAND02941,SK0021,4
CAND05361,SK0080,2
CAND01660,SK0045,2
CAND05678,SK0108,1
CAND14455,SK0134,4
CAND01603,SK0193,5
CAND12276,SK0067,4
CAND04641,SK0002,1
CAND07694,SK0193,4
CAND04381,SK0235,3
CAND13279,SK0187,5
CAND09491,SK0241,5
CAND12005,SK0086,3
CAND08682,SK0243,3
CAND01470,SK0158,4
CAND04093,SK0200,3
CAND06045,SK0276,4
CAND05521,SK0043,5
CAND13330,SK0199,3
CAND10500,SK0188,5
CAND08832,SK0216,3
CAND00593,SK0124,2
CAND12044,SK0122,5
CAND11864,SK0011,3
CAND13623,SK0209,4
CAND13206,SK0096,1
CAND11865,SK0164,1
CAND12634,SK0103,4
CAND10367,SK0209,2
CAND08371,SK0226,3
CAND04892,SK0022,5
CAND12326,SK0300,5
CAND07130,SK0122,3
CAND00854,SK0022,5
CAND03064,SK0153,4
CAND05720,SK0215,2
CAND11446,SK0164,2
CAND01904,SK0170,2
CAND05716,SK0152,1
CAND08599,SK0239,4
CAND11885,SK0072,5
CAND03823,SK0051,4
CAND03540,SK0015,3
CAND11006,SK0228,1
CAND11392,SK0175,4
CAND02079,SK0268,3
CAND06880,SK0097,5
CAND04815,SK0090,4
CAND08131,SK0142,5
CAND01153,SK0148,4
CAND00257,SK0267,3
CAND08397,SK0069,2
CAND00638,SK0159,5
CAND03171,SK0173,5
CAND02562,SK0091,4
CAND08044,SK0224,3
CAND00236,SK0247,4
CAND07635,SK0087,5
CAND13071,SK0090,2
CAND01010,SK0074,5
CAND01334,SK0177,2
CAND00252,SK0164,1
CAND07162,SK0051,4
CAND02524,SK0169,3
CAND03122,SK0171,5
CAND06519,SK0192,1
CAND09546,SK0206,1
CAND01738,SK0153,2
CAND09989,SK0162,4
CAND11100,SK0157,5
CAND07873,SK0101,5
CAND05732,SK0143,1
CAND01950,SK0241,5
CAND09591,SK0267,4
CAND11202,SK0121,5
CAND01859,SK0178,3
CAND04948,SK0139,2
CAND01974,SK0103,4
CAND05422,SK0033,4
CAND10866,SK0169,4
CAND09357,SK0175,5
CAND13920,SK0029,1
CAND13374,SK0256,1
CAND10759,SK0296,4
CAND09529,SK0261,4
CAND11157,SK0140,4
CAND01852,SK0034,4
CAND12362,SK0217,5
CAND06992,SK0044,4
CAND07210,SK0058,5
CAND00690,SK0231,5
CAND06131,SK0183,5
CAND09936,SK0243,3
CAND08531,SK0049,1
CAND01118,SK0147,5
CAND12712,SK0004,5
CAND10482,SK0087,1
CAND11781,SK0076,1
CAND10230,SK0041,2
CAND09850,SK0122,1
CAND09346,SK0018,1
CAND10758,SK0129,1
CAND14059,SK0238,3
CAND00878,SK0041,4
CAND01237,SK0265,4
CAND05378,SK0113,1
CAND09770,SK0242,2
CAND04143,SK0192,2
CAND13566,SK0101,3
CAND12036,SK0162,4
CAND09845,SK0091,3
CAND03234,SK0204,2
CAND13818,SK0292,5
CAND04713,SK0027,5
CAND06386,SK0207,2
CAND05631,SK0181,4
CAND11886,SK0255,1
CAND03103,SK0258,4
CAND04973,SK0126,1
CAND07866,SK0047,4
CAND13761,SK0170,1
CAND07507,SK0291,4
CAND13573,SK0146,3
CAND13231,SK0004,3
CAND02638,SK0277,5
CAND07646,SK0287,2
CAND04390,SK0233,4
CAND00365,SK0106,2
CAND06035,SK0143,4
CAND09920,SK0294,3
CAND07356,SK0034,3
CAND10530,SK0046,2
CAND05705,SK0148,2
CAND13657,SK0231,2
CAND03281,SK0204,1
CAND08588,SK0284,3
CAND14660,SK0121,3
CAND13989,SK0033,3
CAND08535,SK0032,1
CAND01630,SK0275,5
CAND05324,SK0263,5
CAND07107,SK0249,2
CAND09835,SK0051,4
CAND08866,SK0142,1
CAND14021,SK0008,2
CAND06389,SK0234,4
CAND07959,SK0294,4
CAND13711,SK0177,5
CAND08777,SK0172,3
CAND09953,SK0011,2
CAND11203,SK0010,5
CAND05595,SK0169,1
CAND03969,SK0176,5
CAND03834,SK0048,2
CAND14122,SK0177,3
CAND14592,SK0288,2
CAND01405,SK0027,3
CAND12015,SK0226,3
CAND14335,SK0056,4
CAND14328,SK0248,5
CAND01024,SK0269,2
CAND03108,SK0145,2
CAND00323,SK0022,1
CAND00657,SK0280,2
CAND06064,SK0116,4
CAND02026,SK0166,2
CAND04186,SK0294,1
CAND09497,SK0059,3
CAND05719,SK0113,2
CAND10392,SK0158,1
CAND11554,SK0172,1
CAND04895,SK0250,2
CAND11936,SK0284,3
CAND05504,SK0224,5
CAND02180,SK0003,4
CAND05148,SK0083,4
CAND02821,SK0009,2
CAND11388,SK0299,3
CAND01304,SK0013,3
CAND08343,SK0066,1
CAND04394,SK0259,5
CAND04590,SK0061,5
CAND02955,SK0105,5
CAND04234,SK0191,2
CAND07039,SK0169,5
CAND14806,SK0280,3
CAND05076,SK0253,4
CAND03314,SK0208,1
CAND08004,SK0142,2
CAND01771,SK0255,3
CAND13499,SK0298,2
CAND00520,SK0037,3
CAND02216,SK0179,2
CAND09073,SK0249,1
CAND07225,SK0104,1
CAND13552,SK0004,5
CAND00455,SK0159,1
CAND08922,SK0193,1
CAND06004,SK0197,5
CAND13186,SK0075,1
CAND14263,SK0098,1
CAND06374,SK0297,5
CAND09957,SK0087,4
CAND02917,SK0054,1
CAND00171,SK0246,3
CAND04473,SK0046,1
CAND05529,SK0293,4
CAND00678,SK0243,2
CAND07653,SK0168,1
CAND05298,SK0282,2
CAND01806,SK0084,1
CAND03921,SK0262,4
CAND13217,SK0075,2
CAND03808,SK0130,1
CAND13658,SK0030,2
CAND09456,SK0264,4
CAND12771,SK0021,1
CAND04480,SK0146,5
CAND00082,SK0282,4
CAND00574,SK0100,5
CAND13676,SK0042,1
CAND00590,SK0143,1
CAND11401,SK0099,5
CAND01552,SK0274,2
CAND14003,SK0214,3
CAND01745,SK0263,3
CAND07236,SK0233,1
CAND10777,SK0142,3
CAND02237,SK0210,2
CAND10604,SK0046,3
CAND04063,SK0143,1
CAND12364,SK0026,3
CAND04519,SK0147,5
CAND10302,SK0105,4
CAND12312,SK0020,4
CAND11918,SK0245,4
CAND05849,SK0112,5
CAND05407,SK0273,4
CAND10663,SK0245,2
CAND11585,SK0109,1
CAND07229,SK0136,3
CAND02415,SK0215,4
CAND10768,SK0218,2
CAND11847,SK0128,4
CAND02710,SK0157,2
CAND06851,SK0022,2
CAND09088,SK0219,2
CAND10122,SK0112,1
CAND04609,SK0128,3
CAND06532,SK0183,2
CAND05994,SK0077,1
CAND10746,SK0033,1
CAND00266,SK0094,4
CAND09388,SK0091,1
CAND11393,SK0069,5
CAND14681,SK0008,3
CAND04106,SK0026,3
CAND06751,SK0283,5
CAND04057,SK0106,2
CAND14107,SK0127,3
CAND09272,SK0109,5
CAND10032,SK0023,2
CAND13491,SK0146,5
CAND12092,SK0280,5
CAND05794,SK0228,1
CAND07352,SK0145,3
CAND13468,SK0066,3
CAND03574,SK0276,2
CAND11559,SK0178,3
CAND13921,SK0012,4
CAND02595,SK0215,3
CAND03376,SK0089,5
CAND11140,SK0135,2
CAND04783,SK0060,2
CAND08894,SK0085,1
CAND08195,SK0044,3
CAND03826,SK0281,1
CAND07433,SK0063,3
CAND11692,SK0116,2
CAND07449,SK0103,5
CAND02530,SK0002,4
CAND02976,SK0180,4
CAND07520,SK0233,2
CAND09095,SK0058,4
CAND06580,SK0179,2
CAND11365,SK0045,2
CAND04388,SK0278,1
CAND11097,SK0095,1
CAND07541,SK0139,3
CAND12080,SK0053,4
CAND13389,SK0040,4
CAND00347,SK0140,1
CAND09843,SK0149,3
CAND13149,SK0152,5
CAND05823,SK0177,3
CAND07984,SK0077,5
CAND14650,SK0022,2
CAND05443,SK0004,2
CAND02497,SK0078,1
CAND08462,SK0250,1
CAND07450,SK0106,1
CAND11149,SK0128,3
CAND08044,SK0083,1
CAND10842,SK0115,5
CAND07166,SK0220,1
CAND10398,SK0024,2
CAND12691,SK0111,1
CAND14934,SK0200,3
CAND12890,SK0007,5
CAND14302,SK0283,4
CAND10091,SK0210,2
CAND08587,SK0012,1
CAND07057,SK0030,2
CAND07668,SK0025,2
CAND06022,SK0022,2
CAND02928,SK0266,4
CAND11119,SK0064,2
CAND01640,SK0210,4
CAND00539,SK0163,1
CAND13387,SK0087,4
CAND00591,SK0059,1
CAND13437,SK0256,4
CAND09697,SK0270,1
CAND02647,SK0006,1
CAND09169,SK0262,1
CAND07181,SK0083,4
CAND12368,SK0124,3
CAND09172,SK0094,5
CAND05759,SK0278,1
CAND04793,SK0231,4
CAND06372,SK0006,5
CAND03615,SK0056,3
CAND11381,SK0243,4
CAND09829,SK0268,4
CAND09588,SK0166,4
CAND07934,SK0275,2
CAND09831,SK0020,3
CAND09534,SK0276,5
CAND02743,SK0241,4
CAND05857,SK0033,1
CAND09558,SK0162,3
CAND04383,SK0039,3
CAND04014,SK0137,4
CAND04346,SK0285,1
CAND12015,SK0205,4
CAND06641,SK0282,1
CAND12114,SK0245,5
CAND10551,SK0081,1
CAND14121,SK0210,4
CAND04590,SK0172,3
CAND06892,SK0283,5
CAND07182,SK0257,3
CAND09654,SK0226,1
CAND02409,SK0185,2
CAND06283,SK0179,2
CAND10494,SK0131,2
CAND03675,SK0235,4
CAND06611,SK0161,1
CAND08844,SK0289,4
CAND00037,SK0101,3
CAND03862,SK0254,5
CAND09649,SK0151,5
CAND11633,SK0257,1
CAND11015,SK0251,4
CAND04200,SK0146,5
CAND06078,SK0015,5
CAND04862,SK0062,5
CAND04227,SK0201,1
CAND01526,SK0155,4
CAND13813,SK0013,5
CAND04217,SK0297,2
CAND05374,SK0002,5
CAND06135,SK0123,1
CAND14695,SK0252,4
CAND01246,SK0212,3
CAND01506,SK0163,5
CAND06456,SK0180,3
CAND03445,SK0257,3
CAND11879,SK0190,3
CAND05519,SK0159,4
CAND07083,SK0015,5
CAND10337,SK0200,2
CAND11440,SK0105,4
CAND05540,SK0166,1
CAND11005,SK0250,5
CAND11878,SK0283,2
CAND07279,SK0091,1
CAND09928,SK0202,5
CAND00031,SK0014,5
CAND12928,SK0015,1
CAND12012,SK0295,3
CAND11053,SK0226,1
CAND01305,SK0110,1
CAND02773,SK0118,1
CAND00187,SK0155,3
CAND11337,SK0255,4
CAND09017,SK0279,4
CAND02118,SK0142,2
CAND14356,SK0161,1
CAND13136,SK0072,5
CAND11817,SK0161,1
CAND11979,SK0288,3
CAND01559,SK0184,1
CAND05177,SK0098,1
CAND06238,SK0098,5
CAND04938,SK0080,3
CAND09626,SK0053,2
CAND14287,SK0098,1
CAND05751,SK0225,3
CAND02493,SK0278,1
CAND05392,SK0265,2
CAND11415,SK0005,5
CAND02596,SK0131,1
CAND04878,SK0277,5
CAND10681,SK0297,2
CAND00554,SK0149,4
CAND12608,SK0037,4
CAND12570,SK0198,4
CAND12249,SK0006,2
CAND08169,SK0280,5
CAND04739,SK0166,3
CAND04524,SK0132,2
CAND12652,SK0110,5
CAND08852,SK0022,2
CAND08332,SK0083,4
CAND00671,SK0203,2
CAND00324,SK0007,1
CAND08868,SK0081,3
CAND13260,SK0035,5
CAND13507,SK0223,2
CAND04057,SK0160,1
CAND14808,SK0116,4
CAND10651,SK0244,1
CAND02743,SK0023,5
CAND06524,SK0255,2
CAND14575,SK0113,4
CAND13258,SK0117,4
CAND09490,SK0040,4
CAND02856,SK0136,4
CAND12710,SK0144,4
CAND03733,SK0210,2
CAND14551,SK0023,2
CAND07890,SK0083,4
CAND13615,SK0026,2
CAND01106,SK0009,4
CAND02998,SK0016,1
CAND04594,SK0054,4
CAND09796,SK0257,1
CAND14000,SK0298,4
CAND03606,SK0205,3
CAND04537,SK0218,3
CAND12591,SK0148,5
CAND09118,SK0193,4
CAND03351,SK0267,5
CAND06726,SK0207,4
CAND02735,SK0224,3
CAND09348,SK0134,5
CAND14243,SK0272,3
CAND00696,SK0281,2
CAND12389,SK0129,5
CAND00728,SK0169,5
CAND12544,SK0125,2
CAND06192,SK0086,5
CAND05102,SK0106,1
CAND03891,SK0217,1
CAND04334,SK0221,5
CAND00741,SK0151,4
CAND08525,SK0042,1
CAND14644,SK0206,2
CAND01716,SK0064,2
CAND14512,SK0039,3
CAND14135,SK0179,3
CAND00710,SK0180,2
CAND10198,SK0254,5
CAND14853,SK0158,1
CAND04845,SK0204,2
CAND02852,SK0071,2
CAND03054,SK0112,5
CAND00004,SK0193,5
CAND00686,SK0242,3
CAND07913,SK0062,4
CAND01611,SK0252,4
CAND12804,SK0054,4
CAND08197,SK0255,3
CAND12560,SK0025,2
CAND04473,SK0222,4
CAND08666,SK0037,5
CAND00286,SK0042,5
CAND08912,SK0204,5
CAND09134,SK0220,2
CAND07606,SK0265,5
CAND09082,SK0055,4
CAND13738,SK0165,2
CAND02385,SK0029,4
CAND06802,SK0135,2
CAND02719,SK0144,5
CAND01677,SK0174,3
CAND09898,SK0277,1
CAND12212,SK0031,4
CAND00676,SK0180,1
CAND11838,SK0038,5
CAND14592,SK0253,5
CAND00043,SK0239,4
CAND11657,SK0009,5
CAND08906,SK0207,4
CAND14834,SK0113,3
CAND03651,SK0079,2
CAND03245,SK0127,4
CAND00918,SK0041,2
CAND06922,SK0093,4
CAND12714,SK0117,5
CAND01650,SK0074,1
CAND07552,SK0082,2
CAND12766,SK0125,2
CAND02608,SK0154,4
CAND14076,SK0176,5
CAND10885,SK0094,1
CAND04260,SK0242,5
CAND13600,SK0134,2
CAND07726,SK0175,5
CAND03321,SK0073,2
CAND07664,SK0010,3
CAND12017,SK0156,4
CAND12222,SK0216,5
CAND00325,SK0210,1
CAND14194,SK0135,2
CAND12968,SK0068,5
CAND06088,SK0051,2
CAND13371,SK0045,5
CAND12416,SK0203,1
CAND02617,SK0051,3
CAND09088,SK0012,4
CAND09686,SK0245,3
CAND08159,SK0292,3
CAND09415,SK0043,4
CAND08897,SK0044,5
CAND08385,SK0070,2
CAND07937,SK0115,5
CAND00868,SK0114,2
CAND03057,SK0013,2
CAND08416,SK0085,3
CAND08716,SK0193,3
CAND05877,SK0059,4
CAND11215,SK0041,5
CAND01044,SK0124,2
CAND06352,SK0014,3
CAND07802,SK0284,4
CAND11502,SK0268,4
CAND00591,SK0250,2
CAND01680,SK0256,1
CAND09981,SK0277,3
CAND02138,SK0200,3
CAND06653,SK0010,5
CAND07313,SK0099,4
CAND10102,SK0002,1
CAND13889,SK0040,3
CAND06884,SK0142,2
CAND07798,SK0002,5
CAND06277,SK0230,4
CAND08967,SK0062,1
CAND14937,SK0134,3
CAND01365,SK0135,4
CAND02223,SK0165,2
CAND10495,SK0221,2
CAND10922,SK0003,4
CAND06153,SK0267,1
CAND12593,SK0153,3
CAND11695,SK0175,2
CAND14592,SK0122,5
CAND08120,SK0019,3
CAND10678,SK0092,5
CAND11945,SK0038,1
CAND08626,SK0276,3
CAND11150,SK0141,1
CAND04973,SK0039,3
CAND05377,SK0035,4
CAND08271,SK0295,3
CAND01312,SK0129,4
CAND13118,SK0164,3
CAND10237,SK0224,2
CAND13551,SK0273,2
CAND14553,SK0076,1
CAND08499,SK0119,2
CAND10231,SK0058,4
CAND14437,SK0151,3
CAND01943,SK0193,4
CAND09494,SK0078,2
CAND08314,SK0121,4
CAND06502,SK0024,5
CAND01579,SK0120,4
CAND04851,SK0140,5
CAND04905,SK0297,2
CAND01098,SK0286,2
CAND00577,SK0195,3
CAND14360,SK0058,3
CAND07388,SK0005,2
CAND05050,SK0245,4
CAND09269,SK0114,4
CAND05821,SK0225,4
CAND10765,SK0029,1
CAND09802,SK0088,2
CAND03692,SK0058,2
CAND08291,SK0258,3
CAND08837,SK0235,4
CAND03529,SK0033,4
CAND09554,SK0140,3
CAND04882,SK0096,2
CAND06750,SK0074,4
CAND07861,SK0194,5
CAND05851,SK0090,3
CAND03717,SK0172,3
CAND08345,SK0049,5
CAND09384,SK0185,3
CAND00163,SK0251,2
CAND09244,SK0148,4
CAND01771,SK0202,5
CAND11800,SK0118,4
CAND07211,SK0204,5
CAND14260,SK0236,5
CAND14189,SK0226,4
CAND02142,SK0229,4
CAND06763,SK0243,1
CAND07086,SK0300,4
CAND04789,SK0035,2
CAND04939,SK0101,5
CAND03414,SK0201,2
CAND05392,SK0081,2
CAND13522,SK0136,3
CAND14623,SK0258,3
CAND06256,SK0110,5
CAND10966,SK0224,3
CAND09617,SK0036,2
CAND04166,SK0184,2
CAND05925,SK0057,4
CAND10546,SK0049,3
CAND11622,SK0290,1
CAND01709,SK0180,1
CAND12146,SK0032,5
CAND14318,SK0289,1
CAND01806,SK0117,4
CAND07526,SK0118,1
CAND11412,SK0049,4
CAND13193,SK0188,1
CAND09855,SK0056,1
CAND06265,SK0202,5
CAND08249,SK0071,2
CAND01530,SK0099,4
CAND01654,SK0011,5
CAND05748,SK0066,3
CAND03080,SK0248,4
CAND12808,SK0225,2
CAND02372,SK0184,2
CAND08884,SK0300,3
CAND09234,SK0212,2
CAND09539,SK0201,1
CAND05714,SK0070,3
CAND02059,SK0007,1
CAND05995,SK0094,5
CAND06319,SK0146,3
CAND12163,SK0206,2
CAND14127,SK0080,4
CAND13970,SK0170,5
CAND02840,SK0244,1
CAND01773,SK0144,3
CAND14222,SK0171,1
CAND03424,SK0010,5
CAND04289,SK0257,4
CAND01007,SK0049,3
CAND10056,SK0254,1
CAND02758,SK0104,5
CAND14401,SK0243,2
CAND12043,SK0106,1
CAND00687,SK0224,3
CAND10132,SK0164,3
CAND07077,SK0133,5
CAND12479,SK0123,3
CAND03981,SK0153,2
CAND14461,SK0183,3
CAND00668,SK0064,3
CAND05893,SK0053,3
CAND05399,SK0236,1
CAND13426,SK0243,4
CAND07992,SK0261,3
CAND07504,SK0216,2
CAND04327,SK0219,5
CAND11885,SK0239,2
CAND08628,SK0251,1
CAND03127,SK0098,1
CAND02334,SK0165,1
CAND06360,SK0183,3
CAND11734,SK0164,4
CAND11394,SK0069,1
CAND04502,SK0148,2
CAND12004,SK0055,5
CAND06308,SK0241,5
CAND03661,SK0116,2
CAND09831,SK0297,5
CAND07149,SK0097,2
CAND07298,SK0023,3
CAND04892,SK0121,1
CAND05268,SK0117,4
CAND06215,SK0176,2
CAND11758,SK0224,4
CAND00285,SK0242,4
CAND03340,SK0290,2
CAND02841,SK0074,2
CAND11123,SK0117,2
CAND04883,SK0211,4
CAND02890,SK0129,4
CAND05796,SK0156,4
CAND02446,SK0001,3
CAND10710,SK0217,2
CAND13624,SK0173,2
CAND08330,SK0080,5
CAND10658,SK0025,4
CAND08919,SK0211,1
CAND07368,SK0221,4
CAND07607,SK0096,3
CAND01181,SK0079,5
CAND14719,SK0025,1
CAND06217,SK0280,1
CAND09803,SK0215,5
CAND05609,SK0098,5
CAND01904,SK0010,4
CAND05296,SK0263,5
CAND14311,SK0026,5
CAND08340,SK0184,2
CAND03781,SK0051,1
CAND14550,SK0157,1
CAND09029,SK0041,4
CAND03853,SK0007,4
CAND06043,SK0297,2
CAND02464,SK0244,1
CAND13397,SK0254,4
CAND11981,SK0205,2
CAND00486,SK0298,2
CAND01077,SK0176,4
CAND03196,SK0020,5
CAND00886,SK0252,2
CAND03555,SK0196,3
CAND03993,SK0179,4
CAND06040,SK0027,1
CAND01900,SK0049,4
CAND06191,SK0006,3
CAND06596,SK0211,5
CAND07190,SK0165,3
CAND00438,SK0243,3
CAND14615,SK0279,2
CAND13629,SK0228,3
CAND10054,SK0229,2
CAND03570,SK0086,4
CAND01001,SK0275,2
CAND02099,SK0082,1
CAND01867,SK0212,4
CAND11219,SK0205,2
CAND02205,SK0244,4
CAND02123,SK0144,5
CAND12751,SK0269,5
CAND02925,SK0033,1
CAND02127,SK0285,5
CAND12156,SK0298,2
CAND04659,SK0295,1
CAND14795,SK0100,1
CAND00131,SK0247,3
CAND08405,SK0044,3
CAND04136,SK0026,4
CAND01663,SK0155,4
CAND01408,SK0089,4
CAND11056,SK0207,2
CAND12420,SK0180,1
CAND11356,SK0272,4
CAND01494,SK0197,2
CAND10331,SK0294,5
CAND01339,SK0033,1
CAND14162,SK0101,5
CAND09916,SK0246,1
CAND02182,SK0041,1
CAND07157,SK0070,1
CAND08103,SK0214,3
CAND04929,SK0069,1
CAND06823,SK0034,1
CAND11828,SK0076,4
CAND11103,SK0039,5
CAND01071,SK0075,3
CAND04049,SK0272,4
CAND07497,SK0125,1
CAND09173,SK0144,2
CAND06416,SK0113,2
CAND07678,SK0030,1
CAND05184,SK0118,2
CAND12543,SK0115,1
CAND06700,SK0079,5
CAND14498,SK0242,1
CAND11288,SK0231,5
CAND08184,SK0062,3
CAND12146,SK0132,5
CAND11375,SK0288,5
CAND01959,SK0016,1
CAND12467,SK0179,3
CAND10643,SK0222,5
CAND10784,SK0192,4
CAND13412,SK0095,3
CAND01938,SK0157,3
CAND07684,SK0071,5
CAND07886,SK0021,4
CAND13887,SK0284,2
CAND08442,SK0257,1
CAND04329,SK0256,1
CAND10692,SK0053,1
CAND03246,SK0113,1
CAND11888,SK0048,3
CAND03696,SK0022,3
CAND13750,SK0055,4
CAND14680,SK0054,5
CAND10677,SK0194,1
CAND07089,SK0215,1
CAND06853,SK0095,1
CAND07167,SK0180,2
CAND10261,SK0101,4
CAND04416,SK0186,4
CAND06110,SK0240,5
CAND04476,SK0167,2
CAND06235,SK0286,3
CAND14011,SK0163,1
CAND11799,SK0037,3
CAND04867,SK0120,2
CAND05751,SK0075,3
CAND02473,SK0129,5
CAND06831,SK0210,3
CAND07135,SK0020,4
CAND08695,SK0242,2
CAND12412,SK0268,5
CAND00896,SK0026,3
CAND12642,SK0073,5
CAND02633,SK0168,5
CAND04954,SK0231,4
CAND14753,SK0104,5
CAND07711,SK0239,2
CAND12763,SK0073,5
CAND13089,SK0062,5
CAND05034,SK0113,5
CAND12086,SK0192,1
CAND12308,SK0010,5
CAND04724,SK0191,4
CAND04335,SK0195,4
CAND09359,SK0271,4
CAND14700,SK0013,1
CAND03092,SK0277,3
CAND03323,SK0211,5
CAND10451,SK0211,2
CAND11969,SK0227,4
CAND14462,SK0141,5
CAND02409,SK0244,3
CAND14698,SK0143,4
CAND04145,SK0232,1
CAND11554,SK0072,5
CAND08666,SK0045,4
CAND01060,SK0146,2
CAND09018,SK0166,2
CAND00563,SK0238,3
CAND12622,SK0030,2
CAND02433,SK0213,5
CAND11494,SK0288,4
CAND08705,SK0199,2
CAND08819,SK0176,5
CAND03793,SK0168,4
CAND06871,SK0001,1
CAND10116,SK0258,1
CAND08733,SK0075,2
CAND12582,SK0182,4
CAND09678,SK0272,4
CAND03872,SK0227,5
CAND08267,SK0078,5
CAND07707,SK0260,3
CAND00999,SK0202,5
CAND04478,SK0095,2
CAND00749,SK0138,2
CAND06744,SK0050,4
CAND12859,SK0133,4
CAND09589,SK0033,2
CAND04366,SK0121,2
CAND12332,SK0155,5
CAND12842,SK0061,2
CAND10501,SK0064,1
CAND07542,SK0238,3
CAND12979,SK0084,5
CAND05931,SK0266,1
CAND12724,SK0142,4
CAND01593,SK0156,3
CAND07350,SK0063,1
CAND04890,SK0145,1
CAND02972,SK0058,1
CAND10109,SK0299,4
CAND14751,SK0106,2
CAND08683,SK0209,5
CAND06870,SK0227,3
CAND10057,SK0017,2
CAND09196,SK0166,4
CAND01132,SK0285,3
CAND12063,SK0016,5
CAND14018,SK0094,4
CAND13298,SK0132,1
CAND09906,SK0175,1
CAND11334,SK0070,1
CAND10053,SK0187,4
CAND10044,SK0021,3
CAND04271,SK0015,2
CAND06756,SK0220,2
CAND11856,SK0252,5
CAND04993,SK0283,1
CAND06489,SK0212,1
CAND06830,SK0176,5
CAND03238,SK0150,2
CAND11302,SK0087,3
CAND09277,SK0053,2
CAND11430,SK0267,4
CAND11902,SK0132,2
CAND04307,SK0249,5
CAND00564,SK0003,4
CAND05038,SK0214,5
CAND00815,SK0046,1
CAND13433,SK0275,4
CAND12540,SK0142,4
CAND14409,SK0275,5
CAND12451,SK0219,4
CAND09139,SK0219,2
CAND05702,SK0108,3
CAND11819,SK0083,2
CAND04359,SK0158,5
CAND00932,SK0298,1
CAND04711,SK0241,4
CAND11326,SK0113,3
CAND05060,SK0280,1
CAND06882,SK0166,5
CAND01109,SK0040,1
CAND12358,SK0260,1
CAND12116,SK0013,2
CAND07273,SK0227,5
CAND10593,SK0101,4
CAND05554,SK0209,3
CAND14833,SK0119,1
CAND08221,SK0079,5
CAND04764,SK0132,2
CAND03023,SK0041,5
CAND01901,SK0039,2
CAND04693,SK0048,1
CAND08744,SK0070,2
CAND11394,SK0033,5
CAND02144,SK0152,1
CAND06958,SK0024,2
CAND14819,SK0111,2
CAND12622,SK0049,1
CAND08458,SK0293,5
CAND00684,SK0090,2
CAND12109,SK0094,3
CAND07404,SK0060,3
CAND09821,SK0137,1
CAND03007,SK0109,4
CAND14428,SK0263,1
CAND09772,SK0069,3
CAND00971,SK0040,1
CAND06640,SK0298,1
CAND06459,SK0197,4
CAND01422,SK0092,3
CAND13914,SK0006,2
CAND04399,SK0118,1
CAND04665,SK0004,4
CAND09129,SK0284,3
CAND10655,SK0248,2
CAND00241,SK0273,1
CAND05495,SK0028,1
CAND01915,SK0205,3
CAND02050,SK0258,4
CAND03294,SK0209,5
CAND06184,SK0097,2
CAND14059,SK0233,4
CAND09167,SK0005,1
CAND14710,SK0168,1
CAND07561,SK0143,1
CAND04148,SK0217,3
CAND02571,SK0072,4
CAND12180,SK0099,2
CAND08982,SK0189,4
CAND07498,SK0226,2
CAND13507,SK0049,2
CAND04227,SK0053,4
CAND00175,SK0011,4
CAND09553,SK0115,1
CAND04451,SK0274,5
CAND14166,SK0289,4
CAND08295,SK0070,3
CAND04763,SK0100,5
CAND13556,SK0095,3
CAND03896,SK0277,2
CAND13238,SK0261,4
CAND00096,SK0254,3
CAND00703,SK0053,3
CAND06150,SK0033,1
CAND10832,SK0222,3
CAND14243,SK0178,3
CAND10414,SK0270,3
CAND01413,SK0181,3
CAND03451,SK0187,3
CAND08895,SK0289,5
CAND01742,SK0241,2
CAND07194,SK0022,2
CAND04240,SK0027,2
CAND14029,SK0125,3
CAND11685,SK0048,1
CAND08154,SK0061,4
CAND09800,SK0279,1
CAND02528,SK0094,4
CAND11431,SK0090,2
CAND12057,SK0005,4
CAND02390,SK0248,1
CAND00282,SK0242,1
CAND08343,SK0284,1
CAND13847,SK0004,3
CAND00738,SK0229,5
CAND03527,SK0049,4
CAND11581,SK0152,4
CAND01589,SK0147,3
CAND13327,SK0254,4
CAND13387,SK0158,2
CAND06737,SK0281,3
CAND13765,SK0263,1
CAND04861,SK0298,4
CAND11617,SK0041,5
CAND04972,SK0258,4
CAND14280,SK0001,4
CAND04789,SK0050,3
CAND05070,SK0241,4
CAND06290,SK0122,5
CAND06652,SK0264,4
CAND06049,SK0054,3
CAND01107,SK0251,1
CAND12201,SK0164,1
CAND02508,SK0066,5
CAND10650,SK0003,2
CAND06771,SK0223,5
CAND04726,SK0160,3
CAND10361,SK0087,3
CAND08789,SK0174,2
CAND07585,SK0166,4
CAND03285,SK0274,5
CAND09925,SK0222,3
CAND04396,SK0254,2
CAND12430,SK0094,2
CAND13680,SK0084,3
CAND09854,SK0284,5
CAND13642,SK0040,3
CAND01703,SK0219,4
CAND03776,SK0054,3
CAND00821,SK0154,4
CAND00394,SK0294,2
CAND01757,SK0007,2
CAND00015,SK0141,2
CAND01236,SK0057,2
CAND04718,SK0297,5
CAND09262,SK0160,3
CAND14105,SK0145,5
CAND08768,SK0046,1
CAND10555,SK0255,4
CAND14181,SK0250,4
CAND13950,SK0246,4
CAND07247,SK0226,5
CAND00672,SK0126,4
CAND04656,SK0240,2
CAND07804,SK0139,1
CAND00664,SK0075,2
CAND02645,SK0062,1
CAND07970,SK0296,5
CAND02401,SK0274,3
CAND01461,SK0071,2
CAND04099,SK0258,3
CAND12380,SK0041,5
CAND09254,SK0171,4
CAND10927,SK0239,1
CAND10030,SK0156,4
CAND11702,SK0100,2
CAND02189,SK0295,5
CAND04032,SK0029,4
CAND12973,SK0271,5
CAND00650,SK0215,4
CAND07469,SK0138,2
CAND04177,SK0147,1
CAND08440,SK0070,2
CAND05497,SK0265,1
CAND14073,SK0250,5
CAND11805,SK0110,5
CAND04902,SK0142,1
CAND10105,SK0264,4
CAND14312,SK0073,2
CAND04580,SK0079,1
CAND04826,SK0200,3
CAND10332,SK0172,5
CAND08370,SK0234,3
CAND07718,SK0152,1
CAND04568,SK0126,1
CAND08615,SK0267,3
CAND03377,SK0213,5
CAND13916,SK0099,4
CAND03228,SK0029,5
CAND13558,SK0266,4
CAND14048,SK0013,4
CAND14226,SK0184,1
CAND14441,SK0087,2
CAND10338,SK0027,4
CAND13427,SK0159,4
CAND05173,SK0184,3
CAND07027,SK0054,3
CAND08783,SK0287,4
CAND06157,SK0228,2
CAND11861,SK0280,4
CAND10437,SK0029,3
CAND06895,SK0239,2
CAND03044,SK0209,3
CAND13326,SK0136,1
CAND12674,SK0248,3
CAND11728,SK0117,2
CAND11294,SK0296,5
CAND04863,SK0272,4
CAND01420,SK0065,3
CAND04142,SK0235,5
CAND00190,SK0256,3
CAND08064,SK0274,2
CAND00355,SK0027,1
CAND06344,SK0188,4
CAND10987,SK0150,1
CAND07781,SK0063,4
CAND07059,SK0297,1
CAND14965,SK0190,1
CAND04440,SK0258,2
CAND08110,SK0230,1
CAND00425,SK0109,2
CAND14391,SK0100,4
CAND03268,SK0057,3
CAND10872,SK0044,1
CAND10618,SK0037,2
CAND04694,SK0243,4
CAND05015,SK0229,5
CAND12901,SK0099,5
CAND13219,SK0203,1
CAND01615,SK0030,5
CAND05406,SK0175,1
CAND06330,SK0153,5
CAND01559,SK0111,4
CAND02629,SK0135,5
CAND10963,SK0151,1
CAND11561,SK0232,3
CAND12321,SK0238,1
CAND05528,SK0024,1
CAND14860,SK0066,3
CAND04696,SK0116,1
CAND00541,SK0258,4
CAND02398,SK0016,2
CAND10974,SK0112,3
CAND12659,SK0158,5
CAND02130,SK0242,4
CAND12025,SK0237,1
CAND04251,SK0073,1
CAND05251,SK0293,1
CAND07027,SK0300,1
CAND06236,SK0145,2
CAND07844,SK0135,2
CAND04627,SK0191,5
CAND03651,SK0039,1
CAND09416,SK0159,3
CAND08725,SK0154,1
CAND00854,SK0004,1
CAND05279,SK0108,3
CAND08905,SK0210,3
CAND14522,SK0026,3
CAND07973,SK0062,4
CAND12164,SK0062,3
CAND00245,SK0023,1
CAND11062,SK0063,2
CAND03840,SK0300,3
CAND05636,SK0236,3
CAND07378,SK0134,2
CAND13401,SK0243,1
CAND10435,SK0104,4
CAND06767,SK0091,3
CAND13454,SK0231,1
CAND11039,SK0046,2
CAND07452,SK0231,1
CAND06494,SK0049,5
CAND13992,SK0083,2
CAND05422,SK0292,1
CAND12226,SK0044,1
CAND09084,SK0225,1
CAND08213,SK0187,5
CAND04744,SK0247,5
CAND05830,SK0200,4
CAND01592,SK0074,2
CAND03093,SK0121,5
CAND00556,SK0144,2
CAND02896,SK0188,2
CAND04244,SK0160,4
CAND01887,SK0073,2
CAND13839,SK0197,3
CAND04961,SK0161,3
CAND06969,SK0296,4
CAND07627,SK0179,4
CAND09752,SK0292,1
CAND14542,SK0186,3
CAND14920,SK0122,3
CAND02152,SK0012,2
CAND06999,SK0256,1
CAND05349,SK0055,3
CAND09281,SK0263,3
CAND08331,SK0200,1
CAND02781,SK0081,4
CAND00713,SK0279,3
CAND09785,SK0265,4
CAND06214,SK0192,3
CAND09666,SK0043,3
CAND01135,SK0240,5
CAND00077,SK0117,2
CAND00445,SK0060,3
CAND10019,SK0096,2
CAND05411,SK0052,5
CAND05864,SK0044,1
CAND02608,SK0260,3
CAND04483,SK0059,4
CAND04228,SK0187,3
CAND05656,SK0021,3
CAND07512,SK0299,1
CAND13857,SK0277,5
CAND11705,SK0005,1
CAND04089,SK0290,5
CAND08763,SK0062,5
CAND11788,SK0175,3
CAND10792,SK0217,1
CAND13505,SK0102,1
CAND11342,SK0190,1
CAND05759,SK0195,4
CAND06332,SK0057,2
CAND06728,SK0068,1
CAND10297,SK0183,4
CAND10439,SK0070,3
CAND12061,SK0270,4
CAND05627,SK0233,5
CAND13547,SK0094,2
CAND00508,SK0002,3
CAND03268,SK0214,3
CAND08006,SK0122,3
CAND01276,SK0014,5
CAND14872,SK0105,3
CAND14732,SK0118,3
CAND12566,SK0070,4
CAND10038,SK0168,2
CAND13173,SK0175,5
CAND14334,SK0284,3
CAND03619,SK0190,4
CAND07395,SK0123,2
CAND03691,SK0147,3
CAND04421,SK0216,4
CAND00115,SK0045,3
CAND10453,SK0193,5
CAND00533,SK0028,4
CAND11605,SK0293,5
CAND02106,SK0229,1
CAND04543,SK0053,4
CAND00838,SK0017,2
CAND07625,SK0168,5
CAND07464,SK0051,3
CAND07383,SK0075,4
CAND06499,SK0144,5
CAND00199,SK0129,4
CAND01818,SK0193,5
CAND10832,SK0133,4
CAND06821,SK0094,5
CAND10312,SK0103,5
CAND06582,SK0043,1
CAND05685,SK0045,4
CAND06920,SK0087,3
CAND06042,SK0259,3
CAND00209,SK0207,5
CAND02106,SK0157,2
CAND14186,SK0242,2
CAND14288,SK0246,5
CAND02953,SK0268,3
CAND00962,SK0132,3
CAND13942,SK0003,1
CAND12887,SK0237,1
CAND04144,SK0034,5
CAND08772,SK0246,4
CAND01822,SK0198,3
CAND13637,SK0243,1
CAND10301,SK0221,5
CAND09594,SK0124,4
CAND09597,SK0272,1
CAND01471,SK0217,4
CAND07919,SK0043,4
CAND03798,SK0022,4
CAND12748,SK0056,3
CAND07704,SK0191,5
CAND13717,SK0249,1
CAND09866,SK0061,5
CAND01629,SK0126,1
CAND13820,SK0073,5
CAND14573,SK0003,1
CAND08267,SK0148,1
CAND08089,SK0246,4
CAND01001,SK0142,2
CAND09674,SK0266,5
CAND04453,SK0249,1
CAND10906,SK0191,4
CAND02356,SK0187,3
CAND14182,SK0100,5
CAND09617,SK0176,4
CAND00800,SK0134,1
CAND06059,SK0007,5
CAND05320,SK0180,5
CAND14186,SK0057,2
CAND03884,SK0250,4
CAND06322,SK0100,1
CAND01660,SK0060,4
CAND04767,SK0109,5
CAND03375,SK0253,2
CAND09822,SK0146,3
CAND00963,SK0119,2
CAND07859,SK0269,4
CAND07156,SK0070,5
CAND03015,SK0186,5
CAND07562,SK0123,3
CAND13924,SK0085,4
CAND12127,SK0084,5
CAND07676,SK0135,5
CAND02424,SK0289,4
CAND09682,SK0271,1
CAND06122,SK0235,4
CAND01251,SK0132,5
CAND14381,SK0184,1
CAND14236,SK0146,2
CAND10578,SK0051,2
CAND00059,SK0202,5
CAND09294,SK0054,3
CAND06495,SK0047,5
CAND01984,SK0228,4
CAND07498,SK0091,1
CAND01377,SK0147,3
CAND12509,SK0104,2
CAND09186,SK0118,4
CAND08702,SK0010,2
CAND00841,SK0288,2
CAND07477,SK0184,4
CAND14929,SK0035,3
CAND10125,SK0285,5
CAND04413,SK0118,3
CAND12058,SK0180,2
CAND00186,SK0240,2
CAND14042,SK0248,1
CAND01830,SK0249,4
CAND02464,SK0249,2
CAND02800,SK0205,2
CAND01332,SK0034,3
CAND02303,SK0116,5
CAND05187,SK0115,3
CAND02987,SK0161,1
CAND02864,SK0066,3
CAND03968,SK0126,1
CAND07418,SK0125,3
CAND14710,SK0195,5
CAND04815,SK0096,3
CAND07447,SK0285,1
CAND02093,SK0114,1
CAND13191,SK0264,3
CAND10389,SK0255,3
CAND07243,SK0004,4
CAND03999,SK0221,5
CAND09619,SK0264,3
CAND02331,SK0071,2
CAND10997,SK0169,2
CAND13076,SK0037,2
CAND10762,SK0023,1
CAND03300,SK0054,1
CAND13460,SK0255,3
CAND08386,SK0095,2
CAND01025,SK0281,4
CAND02239,SK0165,1
CAND00719,SK0201,4
CAND07932,SK0132,1
CAND01577,SK0157,2
CAND05763,SK0280,1
CAND01125,SK0204,2
CAND11173,SK0188,5
CAND12892,SK0062,3
CAND05934,SK0091,3
CAND08201,SK0050,1
CAND11283,SK0205,1
CAND13487,SK0124,1
CAND11561,SK0023,3
CAND14168,SK0042,5
CAND10649,SK0223,1
CAND12814,SK0136,5
CAND00785,SK0004,5
CAND00071,SK0217,1
CAND14914,SK0111,5
CAND00597,SK0203,4
CAND02608,SK0089,4
CAND08127,SK0013,3
CAND11018,SK0055,2
CAND05257,SK0271,1
CAND03978,SK0232,1
CAND07603,SK0063,5
CAND10491,SK0117,5
CAND05086,SK0084,4
CAND06907,SK0078,2
CAND09047,SK0209,1
CAND08702,SK0038,2
CAND10864,SK0156,3
CAND07549,SK0152,2
CAND01091,SK0101,3
CAND00362,SK0237,4
CAND12680,SK0017,4
CAND03676,SK0176,2
CAND12467,SK0031,5
CAND12138,SK0168,2
CAND01956,SK0119,4
CAND13874,SK0282,1
CAND07459,SK0133,4
CAND12348,SK0164,3
CAND14651,SK0122,2
CAND08929,SK0207,1
CAND05428,SK0022,3
CAND11635,SK0243,2
CAND09222,SK0107,3
CAND10829,SK0258,5
CAND06577,SK0110,4
CAND12810,SK0090,2
CAND12150,SK0162,5
CAND05277,SK0118,1
CAND06132,SK0163,4
CAND05216,SK0051,2
CAND12860,SK0126,4
CAND03664,SK0026,2
CAND01410,SK0077,1
CAND12613,SK0007,3
CAND03813,SK0165,1
CAND12660,SK0120,1
CAND11981,SK0250,3
CAND09104,SK0174,2
CAND12833,SK0211,4
CAND08633,SK0049,2
CAND03069,SK0213,4
CAND04283,SK0079,2
CAND11709,SK0064,5
CAND04948,SK0117,4
CAND05052,SK0032,5
CAND12328,SK0157,3
CAND11031,SK0255,2
CAND00746,SK0105,1
CAND08230,SK0069,3
CAND05977,SK0062,5
CAND10281,SK0289,4
CAND08187,SK0178,3
CAND07846,SK0039,3
CAND11216,SK0236,5
CAND14866,SK0126,1
CAND09239,SK0246,5
CAND09531,SK0190,4
CAND08743,SK0290,1
CAND00711,SK0156,2
CAND07503,SK0170,1
CAND13966,SK0106,2
CAND12495,SK0261,3
CAND08484,SK0119,4
CAND04201,SK0135,1
CAND14634,SK0230,5
CAND12451,SK0120,5
CAND07674,SK0011,3
CAND08519,SK0210,3
CAND09418,SK0090,5
CAND13886,SK0106,4
CAND06973,SK0045,3
CAND05650,SK0087,4
CAND08113,SK0145,3
CAND07809,SK0057,5
CAND13963,SK0214,5
CAND01852,SK0005,3
CAND07666,SK0117,4
CAND04716,SK0284,5
CAND00405,SK0197,2
CAND04159,SK0061,5
CAND02713,SK0027,2
CAND00433,SK0150,3
CAND06010,SK0236,4
CAND00483,SK0298,5
CAND11618,SK0196,5
CAND09541,SK0124,1
CAND09831,SK0272,1
CAND11187,SK0281,5
CAND07527,SK0008,1
CAND07349,SK0194,5
CAND13307,SK0013,1
CAND03865,SK0040,1
CAND02319,SK0147,4
CAND12279,SK0176,1
CAND12535,SK0200,1
CAND11079,SK0056,1
CAND06318,SK0105,4
CAND09396,SK0241,3
CAND02175,SK0271,5
CAND14593,SK0273,3
CAND09884,SK0245,3
CAND02978,SK0224,4
CAND03640,SK0033,3
CAND10042,SK0227,5
CAND01886,SK0168,2
CAND04580,SK0133,5
CAND04395,SK0103,3
CAND09300,SK0029,3
CAND05666,SK0201,5
CAND06254,SK0289,3
CAND01673,SK0188,2
CAND08555,SK0043,5
CAND04391,SK0136,2
CAND07470,SK0164,2
CAND04448,SK0016,3
CAND05340,SK0028,5
CAND05202,SK0096,3
CAND03668,SK0186,1
CAND01899,SK0268,5
CAND14988,SK0059,1
CAND00636,SK0062,5
CAND02598,SK0175,4
CAND06178,SK0209,5
CAND13167,SK0054,3
CAND02764,SK0293,2
CAND05003,SK0047,3
CAND06560,SK0017,4
CAND08142,SK0050,5
CAND02439,SK0211,5
CAND12228,SK0156,5
CAND12923,SK0258,2
CAND14008,SK0292,4
CAND01403,SK0224,5
CAND12117,SK0258,4
CAND12944,SK0165,4
CAND05496,SK0025,3
CAND10739,SK0095,2
CAND02748,SK0145,2
CAND08676,SK0227,3
CAND11380,SK0088,2
CAND11973,SK0217,1
CAND10317,SK0219,1
CAND10240,SK0186,1
CAND05432,SK0085,4
CAND02040,SK0174,5
CAND10556,SK0094,3
CAND03880,SK0011,3
CAND10214,SK0039,1
CAND02139,SK0011,1
CAND02162,SK0126,4
CAND08588,SK0202,5
CAND08366,SK0220,2
CAND03013,SK0228,3
CAND04388,SK0132,1
CAND14923,SK0153,5
CAND10320,SK0085,4
CAND14234,SK0285,1
CAND05251,SK0150,1
CAND13523,SK0041,3
CAND13504,SK0197,1
CAND07002,SK0029,2
CAND11752,SK0260,1
CAND01604,SK0145,2
CAND10443,SK0102,3
CAND10148,SK0008,5
CAND00909,SK0119,4
CAND02538,SK0055,4
CAND01422,SK0116,3
CAND01640,SK0102,2
CAND13296,SK0293,3
CAND11499,SK0078,2
CAND05547,SK0256,2
CAND07194,SK0160,3
CAND01923,SK0034,4
CAND13016,SK0278,1
CAND14670,SK0259,2
CAND07634,SK0211,2
CAND02389,SK0228,5
CAND07480,SK0152,1
CAND14625,SK0035,4
CAND10982,SK0241,3
CAND11970,SK0119,1
CAND11856,SK0289,2
CAND06284,SK0122,2
CAND01219,SK0122,5
CAND10957,SK0148,5
CAND05822,SK0143,3
CAND14845,SK0043,1
CAND14928,SK0218,3
CAND05571,SK0128,1
CAND01137,SK0269,2
CAND10595,SK0239,5
CAND07688,SK0206,3
CAND03572,SK0067,1
CAND08400,SK0017,2
CAND13111,SK0123,4
CAND13611,SK0247,5
CAND04875,SK0269,4
CAND07572,SK0160,3
CAND13515,SK0048,2
CAND04334,SK0077,1
CAND04972,SK0161,3
CAND04579,SK0230,4
CAND14716,SK0202,5
CAND05555,SK0130,1
CAND00197,SK0115,4
CAND08838,SK0199,5
CAND02133,SK0121,1
CAND02858,SK0257,4
CAND11413,SK0254,2
CAND08627,SK0207,5
CAND14464,SK0273,2
CAND11137,SK0139,5
CAND14305,SK0274,4
CAND14996,SK0032,3
CAND09900,SK0090,1
CAND01843,SK0077,4
CAND12196,SK0071,4
CAND03930,SK0139,1
CAND12806,SK0018,3
CAND00664,SK0152,2
CAND04332,SK0264,2
CAND09485,SK0052,5
CAND02292,SK0028,3
CAND11310,SK0219,2
CAND10408,SK0265,5
CAND13789,SK0068,3
CAND03311,SK0148,2
CAND10718,SK0002,5
CAND13335,SK0066,2
CAND10055,SK0018,4
CAND11235,SK0057,3
CAND10522,SK0210,2
CAND03472,SK0112,4
CAND12954,SK0257,5
CAND07389,SK0062,5
CAND07794,SK0227,4
CAND00588,SK0067,3
CAND12998,SK0260,4
CAND01704,SK0203,1
CAND01304,SK0214,2
CAND11051,SK0274,1
CAND05983,SK0172,5
CAND13929,SK0209,2
CAND09432,SK0077,4
CAND06021,SK0215,1
CAND07169,SK0248,4
CAND07718,SK0171,1
CAND06655,SK0192,3
CAND14095,SK0015,5
CAND03693,SK0108,1
CAND08909,SK0043,5
CAND13985,SK0004,2
CAND12618,SK0233,3
CAND01230,SK0039,3
CAND01683,SK0268,3
CAND02061,SK0072,2
CAND04529,SK0277,2
CAND11494,SK0251,3
CAND13486,SK0197,5
CAND14370,SK0084,2
CAND07943,SK0248,2
CAND06503,SK0138,5
CAND13824,SK0092,2
CAND04103,SK0211,4
CAND11867,SK0169,2
CAND09072,SK0290,2
CAND07563,SK0012,4
CAND09132,SK0298,3
CAND14948,SK0264,3
CAND07701,SK0007,2
CAND13207,SK0039,5
CAND13805,SK0292,1
CAND10952,SK0135,1
CAND01289,SK0051,4
CAND11874,SK0243,3
CAND11910,SK0264,1
CAND05019,SK0133,2
CAND11301,SK0142,5
CAND04836,SK0101,1
CAND03887,SK0228,3
CAND05992,SK0221,5
CAND02480,SK0169,4
CAND13584,SK0119,5
CAND05715,SK0246,3
CAND11378,SK0130,3
CAND12129,SK0152,1
CAND00492,SK0025,1
CAND09572,SK0062,4
CAND02613,SK0225,5
CAND08773,SK0056,5
CAND12416,SK0198,4
CAND13164,SK0010,3
CAND00834,SK0256,2
CAND08883,SK0132,5
CAND11220,SK0101,5
CAND10856,SK0282,3
CAND01871,SK0070,1
CAND05380,SK0026,3
CAND04042,SK0290,1
CAND14229,SK0189,2
CAND06521,SK0279,4
CAND04533,SK0111,1
CAND09772,SK0246,2
CAND08184,SK0034,1
CAND13363,SK0005,4
CAND06527,SK0038,3
CAND10004,SK0013,3
CAND11371,SK0095,3
CAND07163,SK0010,1
CAND11504,SK0094,5
CAND00579,SK0099,3
CAND12712,SK0104,5
CAND14612,SK0001,3
CAND10733,SK0037,1
CAND03430,SK0272,4
CAND13018,SK0064,1
CAND08077,SK0227,4
CAND03440,SK0290,3
CAND12287,SK0254,4
CAND04470,SK0024,5
CAND10044,SK0246,1
CAND00615,SK0272,4
CAND06443,SK0118,4
CAND14971,SK0001,4
CAND07011,SK0156,2
CAND03615,SK0076,5
CAND08995,SK0140,4
CAND06723,SK0140,5
CAND02617,SK0143,3
CAND11719,SK0095,5
CAND00391,SK0263,1
CAND06545,SK0295,4
CAND04038,SK0084,1
CAND10914,SK0087,5
CAND14716,SK0188,5
CAND01530,SK0084,1
CAND01932,SK0025,5
CAND02492,SK0262,4
CAND07367,SK0261,2
CAND14645,SK0246,4
CAND09845,SK0081,5
CAND00876,SK0206,3
CAND13814,SK0019,3
CAND09353,SK0187,4
CAND00411,SK0209,4
CAND08409,SK0097,3
CAND12753,SK0221,1
CAND02545,SK0196,1
CAND13509,SK0250,2
CAND08978,SK0085,4
CAND00718,SK0148,4
CAND05299,SK0286,1
CAND06161,SK0234,2
CAND01205,SK0255,3
CAND14125,SK0205,4
CAND08757,SK0006,3
CAND14215,SK0001,3
CAND14435,SK0162,2
CAND01871,SK0052,1
CAND03434,SK0067,3
CAND01806,SK0126,1
CAND13454,SK0198,5
CAND14130,SK0202,5
CAND06135,SK0171,3
CAND08976,SK0240,2
CAND02550,SK0258,4
CAND14539,SK0093,5
CAND07373,SK0132,4
CAND12845,SK0161,4
CAND08877,SK0015,3
CAND01516,SK0282,4
CAND13825,SK0014,2
CAND04264,SK0272,3
CAND10514,SK0096,2
CAND03581,SK0188,3
CAND06509,SK0165,5
CAND04000,SK0144,2
CAND00603,SK0294,3
CAND05738,SK0126,4
CAND01446,SK0250,2
CAND08231,SK0125,4
CAND04399,SK0285,4
CAND00055,SK0215,1
CAND03704,SK0233,1
CAND13563,SK0049,3
CAND00113,SK0213,5
CAND13936,SK0274,3
CAND03951,SK0017,4
CAND05273,SK0119,4
CAND11679,SK0154,4
CAND02926,SK0147,5
CAND13880,SK0009,5
CAND06937,SK0268,1
CAND13703,SK0013,4
CAND00888,SK0075,1
CAND10999,SK0011,4
CAND08151,SK0166,1
CAND03937,SK0087,5
CAND06600,SK0206,4
CAND05837,SK0149,3
CAND02250,SK0182,1
CAND10093,SK0016,3
CAND03467,SK0146,4
CAND14416,SK0229,5
CAND01836,SK0215,3
CAND13668,SK0003,2
CAND09781,SK0097,1
CAND02195,SK0238,3
CAND00613,SK0290,4
CAND04045,SK0074,3
CAND14193,SK0262,3
CAND08191,SK0124,4
CAND07222,SK0083,1
CAND13743,SK0073,1
CAND11242,SK0203,3
CAND01180,SK0264,1
CAND06076,SK0146,3
CAND11643,SK0014,1
CAND03879,SK0294,4
CAND02281,SK0259,1
CAND09482,SK0259,1
CAND05363,SK0165,5
CAND04318,SK0021,3
CAND07380,SK0151,3
CAND14431,SK0276,1
CAND13733,SK0015,3
CAND07543,SK0058,1
CAND07544,SK0237,1
CAND07812,SK0130,5
CAND02066,SK0274,5
CAND10680,SK0056,1
CAND07240,SK0167,4
CAND06494,SK0079,1
CAND13735,SK0032,1
CAND10111,SK0261,5
CAND02724,SK0006,2
CAND07200,SK0035,1
CAND11674,SK0167,4
CAND00058,SK0121,2
CAND03095,SK0217,1
CAND10066,SK0175,4
CAND02842,SK0227,3
CAND08865,SK0206,1
CAND13969,SK0278,1
CAND03242,SK0224,2
CAND13717,SK0280,3
CAND07749,SK0037,4
CAND07086,SK0262,2
CAND04728,SK0296,4
CAND10044,SK0289,1
CAND08074,SK0001,1
CAND12371,SK0289,5
CAND06330,SK0169,4
CAND03100,SK0080,3
CAND13858,SK0296,5
CAND03607,SK0071,3
CAND02418,SK0146,4
CAND04918,SK0177,2
CAND13864,SK0275,2
CAND10366,SK0194,3
CAND05167,SK0028,5
CAND10195,SK0133,2
CAND04399,SK0005,4
CAND01945,SK0237,1
CAND01691,SK0274,5
CAND09486,SK0225,4
CAND14233,SK0212,4
CAND07987,SK0028,3
CAND11130,SK0009,1
CAND03789,SK0020,1
CAND11501,SK0273,2
CAND03507,SK0158,4
CAND04273,SK0005,3
CAND03393,SK0166,5
CAND11127,SK0060,4
CAND12039,SK0073,5
CAND09147,SK0102,5
CAND08273,SK0199,1
CAND03709,SK0021,5
CAND09176,SK0194,5
CAND00238,SK0036,3
CAND14367,SK0195,2
CAND06098,SK0175,3
CAND05829,SK0049,4
CAND11986,SK0252,5
CAND11284,SK0243,5
CAND13467,SK0012,3
CAND12406,SK0009,2
CAND14503,SK0268,4
CAND09917,SK0049,2
CAND03447,SK0229,2
CAND04539,SK0008,4
CAND02852,SK0032,2
CAND01934,SK0216,2
CAND05472,SK0196,1
CAND02426,SK0266,3
CAND04844,SK0146,5
CAND08935,SK0198,3
CAND04486,SK0190,2
CAND04819,SK0211,3
CAND08006,SK0109,1
CAND07823,SK0080,1
CAND14143,SK0166,4
CAND05822,SK0129,2
CAND02974,SK0022,4
CAND10669,SK0186,1
CAND12517,SK0122,4
CAND12244,SK0287,4
CAND09578,SK0153,1
CAND03244,SK0230,4
CAND12844,SK0274,3
CAND06795,SK0248,4
CAND12996,SK0179,4
CAND02993,SK0076,1
CAND11570,SK0245,2
CAND08534,SK0138,4
CAND13903,SK0119,3
CAND04419,SK0023,1
CAND10477,SK0087,5
CAND12874,SK0276,3
CAND10076,SK0032,1
CAND13134,SK0159,5
CAND06502,SK0213,5
CAND14342,SK0186,5
CAND13893,SK0003,5
CAND10725,SK0149,4
CAND09019,SK0235,5
CAND02911,SK0267,4
CAND10046,SK0008,4
CAND02626,SK0042,3
CAND11947,SK0016,5
CAND07505,SK0176,3
CAND00474,SK0116,4
CAND10457,SK0081,2
CAND01899,SK0283,5
CAND11420,SK0034,3
CAND10789,SK0120,3
CAND11246,SK0074,3
CAND13554,SK0221,1
CAND04584,SK0173,3
CAND04405,SK0274,4
CAND10949,SK0092,3
CAND14344,SK0140,4
CAND04231,SK0264,5
CAND14748,SK0275,1
CAND00080,SK0155,1
CAND06180,SK0240,4
CAND03773,SK0281,3
CAND03202,SK0047,4
CAND00231,SK0272,4
CAND06242,SK0039,1
CAND12646,SK0233,5
CAND00057,SK0126,4
CAND04669,SK0140,5
CAND12776,SK0113,1
CAND01588,SK0098,3
CAND01490,SK0014,1
CAND10432,SK0089,3
CAND07452,SK0176,1
CAND09853,SK0199,4
CAND07310,SK0171,1
CAND13783,SK0029,5
CAND06668,SK0193,4
CAND09369,SK0240,3
CAND01827,SK0034,2
CAND01444,SK0132,1
CAND07811,SK0070,5
CAND03269,SK0031,3
CAND09343,SK0053,1
CAND04287,SK0293,2
CAND13603,SK0230,5
CAND00491,SK0178,2
CAND05295,SK0076,5
CAND10988,SK0116,4
CAND02456,SK0282,5
CAND07757,SK0081,4
CAND14164,SK0119,1
CAND04538,SK0107,3
CAND02145,SK0043,5
CAND07087,SK0251,3
CAND00650,SK0107,1
CAND08896,SK0167,2
CAND01689,SK0203,5
CAND09848,SK0005,2
CAND08098,SK0213,2
CAND09188,SK0063,4
CAND04656,SK0188,5
CAND06675,SK0090,1
CAND10641,SK0042,3
CAND04955,SK0217,5
CAND04306,SK0258,3
CAND08745,SK0165,5
CAND09498,SK0040,2
CAND00803,SK0042,4
CAND01071,SK0171,5
CAND06352,SK0293,4
CAND08453,SK0166,2
CAND10115,SK0101,5
CAND02250,SK0049,2
CAND07275,SK0063,2
CAND00440,SK0061,3
CAND05598,SK0031,4
CAND09592,SK0272,3
CAND05115,SK0041,5
CAND02874,SK0075,4
CAND05120,SK0173,2
CAND00727,SK0086,5
CAND13202,SK0229,3
CAND14447,SK0077,2
CAND05044,SK0134,4
CAND11261,SK0300,2
CAND01291,SK0124,5
CAND03843,SK0038,5
CAND09425,SK0173,1
CAND06535,SK0023,5
CAND03637,SK0008,4
CAND02116,SK0206,3
CAND09902,SK0225,5
CAND07785,SK0122,2
CAND10897,SK0147,5
CAND07184,SK0165,4
CAND04654,SK0180,3
CAND00497,SK0267,2
CAND03279,SK0057,4
CAND09430,SK0281,2
CAND05991,SK0171,4
CAND07258,SK0042,3
CAND14116,SK0003,1
CAND09682,SK0115,5
CAND03972,SK0063,3
CAND08206,SK0248,5
CAND08348,SK0050,2
CAND13280,SK0116,1
CAND14434,SK0017,5
CAND08061,SK0032,4
CAND07023,SK0235,1
CAND10333,SK0139,3
CAND08766,SK0217,5
CAND09057,SK0110,3
CAND05103,SK0104,3
CAND03449,SK0106,1
CAND12690,SK0274,1
CAND04156,SK0171,3
CAND09018,SK0220,3
CAND09841,SK0165,2
CAND00860,SK0158,4
CAND14946,SK0201,4
CAND10757,SK0093,1
CAND09872,SK0079,1
CAND02029,SK0283,5
CAND03609,SK0171,5
CAND00822,SK0099,4
CAND04497,SK0264,4
CAND00510,SK0291,5
CAND08420,SK0022,2
CAND06281,SK0020,3
CAND09777,SK0081,4
CAND03028,SK0177,3
CAND08390,SK0276,2
CAND09322,SK0211,1
CAND02559,SK0185,3
CAND03935,SK0239,5
CAND00102,SK0088,3
CAND07242,SK0225,3
CAND08572,SK0240,5
CAND10385,SK0122,2
CAND13759,SK0203,3
CAND06777,SK0238,3
CAND04045,SK0229,3
CAND14536,SK0096,2
CAND10503,SK0147,1
CAND14885,SK0099,2
CAND07457,SK0273,2
CAND09676,SK0261,4
CAND08787,SK0049,5
CAND02793,SK0117,5
CAND01845,SK0283,4
CAND14713,SK0186,1
CAND13528,SK0155,3
CAND07518,SK0300,2
CAND11387,SK0202,4
CAND01448,SK0017,4
CAND14109,SK0165,5
CAND05758,SK0149,2
CAND01275,SK0290,2
CAND01580,SK0015,2
CAND09529,SK0121,3
CAND01675,SK0006,1
CAND13577,SK0271,2
CAND06059,SK0118,5
CAND00043,SK0005,4
CAND07734,SK0221,5
CAND09468,SK0220,3
CAND11663,SK0053,5
CAND07130,SK0253,5
CAND02188,SK0102,5
CAND09094,SK0203,1
CAND05509,SK0128,4
CAND05351,SK0074,2
CAND00024,SK0106,2
CAND04200,SK0211,4
CAND10715,SK0085,2
CAND11413,SK0005,5
CAND02704,SK0196,1
CAND10611,SK0182,3
CAND08442,SK0018,4
CAND00569,SK0149,1
CAND14592,SK0234,3
CAND04879,SK0192,1
CAND04404,SK0213,3
CAND04901,SK0132,3
CAND04928,SK0165,2
CAND08597,SK0034,3
CAND13471,SK0084,1
CAND03634,SK0086,2
CAND14762,SK0070,1
CAND00572,SK0200,3
CAND06296,SK0050,3
CAND12240,SK0238,4
CAND11775,SK0112,3
CAND08018,SK0240,1
CAND01534,SK0256,2
CAND08698,SK0010,2
CAND06382,SK0146,4
CAND04853,SK0002,5
CAND11170,SK0219,4
CAND03138,SK0265,2
CAND04647,SK0007,2
CAND11524,SK0153,3
CAND07744,SK0164,5
CAND03319,SK0190,5
CAND00661,SK0088,4
CAND13438,SK0154,5
CAND14458,SK0268,3
CAND11132,SK0110,2
CAND07084,SK0156,4
CAND03308,SK0082,2
CAND09343,SK0009,2
CAND01607,SK0110,3
CAND02740,SK0218,3
CAND14756,SK0054,1
CAND10046,SK0080,3
CAND01463,SK0114,3
CAND05762,SK0139,5
CAND04916,SK0237,2
CAND13350,SK0258,3
CAND13564,SK0052,1
CAND02763,SK0099,4
CAND14207,SK0298,1
CAND07033,SK0136,3
CAND01202,SK0279,1
CAND14019,SK0127,3
CAND09311,SK0283,2
CAND12825,SK0043,2
CAND10856,SK0104,5
CAND13225,SK0187,5
CAND05210,SK0002,1
CAND04745,SK0241,3
CAND09050,SK0177,2
CAND08516,SK0255,4
CAND06379,SK0042,5
CAND01856,SK0299,1
CAND14999,SK0242,3
CAND13974,SK0156,4
CAND03589,SK0231,5
CAND09983,SK0262,4
CAND14751,SK0012,5
CAND03147,SK0080,5
CAND13853,SK0282,5
CAND11643,SK0289,4
CAND09964,SK0283,2
CAND09850,SK0257,1
CAND08826,SK0115,4
CAND04590,SK0186,4
CAND03888,SK0220,3
CAND10090,SK0185,5
CAND12308,SK0194,1
CAND14411,SK0080,2
CAND09355,SK0051,2
CAND08602,SK0228,2
CAND07095,SK0169,1
CAND07950,SK0066,5
CAND13149,SK0172,2
CAND04959,SK0254,2
CAND08064,SK0173,2
CAND04881,SK0230,1
CAND02975,SK0084,1
CAND09001,SK0116,4
CAND08679,SK0205,3
CAND12629,SK0126,5
CAND10322,SK0171,5
CAND05810,SK0257,3
CAND04056,SK0118,1
CAND00254,SK0001,3
CAND12423,SK0101,5
CAND00585,SK0081,5
CAND07567,SK0063,2
CAND06895,SK0236,3
CAND01507,SK0061,2
CAND06781,SK0087,3
CAND14984,SK0247,5
CAND08297,SK0116,1
CAND12524,SK0218,4
CAND12289,SK0269,4
CAND06250,SK0031,4
CAND06071,SK0107,1
CAND13089,SK0195,3
CAND14916,SK0157,2
CAND09682,SK0284,2
CAND09029,SK0006,1
CAND05139,SK0207,4
CAND00191,SK0036,3
CAND07538,SK0137,1
CAND09788,SK0158,1
CAND08387,SK0209,1
CAND14690,SK0088,4
CAND14111,SK0079,2
CAND04545,SK0081,4
CAND06661,SK0206,5
CAND10806,SK0272,4
CAND14944,SK0141,5
CAND06235,SK0165,4
CAND06752,SK0143,5
CAND07559,SK0070,3
CAND09954,SK0153,3
CAND08576,SK0057,4
CAND11592,SK0300,5
CAND11401,SK0041,5
CAND06858,SK0227,1
CAND09406,SK0127,3
CAND14344,SK0278,2
CAND13752,SK0110,5
CAND08207,SK0244,1
CAND01714,SK0121,5
CAND04816,SK0181,1
CAND02781,SK0027,5
CAND06783,SK0260,2
CAND13330,SK0175,4
CAND07957,SK0079,2
CAND11597,SK0018,1
CAND08322,SK0196,3
CAND12529,SK0065,1
CAND02781,SK0136,2
CAND09688,SK0184,2
CAND04638,SK0178,1
CAND01457,SK0031,4
CAND12799,SK0047,4
CAND05087,SK0016,2
CAND01376,SK0143,5
CAND09163,SK0288,4
CAND10437,SK0227,4
CAND01606,SK0100,5
CAND08258,SK0295,5
CAND05103,SK0282,4
CAND07177,SK0033,4
CAND10099,SK0267,1
CAND14930,SK0123,2
CAND04353,SK0083,3
CAND02291,SK0011,3
CAND02073,SK0155,2
CAND00378,SK0054,3
CAND01624,SK0242,2
CAND04669,SK0251,1
CAND02507,SK0218,3
CAND12049,SK0112,1
CAND07261,SK0245,4
CAND06868,SK0171,4
CAND00604,SK0046,5
CAND12433,SK0300,2
CAND04384,SK0057,1
CAND07190,SK0021,4
CAND08502,SK0176,2
CAND01014,SK0277,5
CAND12733,SK0193,3
CAND10691,SK0241,5
CAND06035,SK0117,5
CAND12696,SK0220,5
CAND14569,SK0276,5
CAND09279,SK0263,1
CAND00666,SK0187,5
CAND10330,SK0231,2
CAND13794,SK0300,4
CAND14731,SK0239,5
CAND01701,SK0040,4
CAND07902,SK0267,4
CAND13981,SK0283,1
CAND04406,SK0049,4
CAND06446,SK0149,1
CAND05755,SK0173,1
CAND12660,SK0209,5
CAND11638,SK0180,1
CAND10940,SK0161,5
CAND09434,SK0147,1
CAND04852,SK0210,4
CAND00158,SK0282,3
CAND05042,SK0148,2
CAND10844,SK0211,2
CAND09654,SK0148,4
CAND13164,SK0100,1
CAND05368,SK0159,5
CAND14911,SK0118,3
CAND11954,SK0245,5
CAND10029,SK0230,2
CAND08642,SK0164,3
CAND05096,SK0175,4
CAND08768,SK0016,2
CAND03407,SK0290,1
CAND12036,SK0126,2
CAND04392,SK0102,2
CAND05459,SK0030,4
CAND12265,SK0287,2
CAND04065,SK0228,1
CAND04518,SK0029,3
CAND04946,SK0249,4
CAND00036,SK0016,1
CAND01986,SK0277,2
CAND06878,SK0200,5
CAND02302,SK0044,1
CAND01742,SK0129,3
CAND10448,SK0160,3
CAND05714,SK0210,1
CAND06759,SK0055,5
CAND03343,SK0057,4
CAND10461,SK0146,4
CAND01559,SK0237,4
CAND14316,SK0013,4
CAND04455,SK0291,2
CAND14433,SK0252,3
CAND04663,SK0115,3
CAND14820,SK0061,3
CAND07138,SK0015,3
CAND12553,SK0133,3
CAND02329,SK0049,1
CAND08564,SK0151,1
CAND12772,SK0088,2
CAND08002,SK0221,5
CAND03875,SK0217,2
CAND03840,SK0243,4
CAND14233,SK0034,5
CAND04190,SK0182,3
CAND00480,SK0176,5
CAND07268,SK0280,5
CAND08193,SK0153,3
CAND13383,SK0220,3
CAND08880,SK0144,4
CAND07555,SK0048,1
CAND06854,SK0228,2
CAND03297,SK0180,4
CAND01892,SK0245,5
CAND04447,SK0105,1
CAND09959,SK0192,5
CAND14729,SK0053,2
CAND12536,SK0131,5
CAND04398,SK0143,1
CAND01290,SK0164,5
CAND07122,SK0221,1
CAND02304,SK0202,2
CAND03520,SK0073,4
CAND06989,SK0063,2
CAND03811,SK0114,2
CAND00791,SK0096,1
CAND08142,SK0254,1
CAND09799,SK0226,5
CAND03837,SK0113,3
CAND12840,SK0006,5
CAND09825,SK0022,2
CAND08816,SK0112,5
CAND07145,SK0242,3
CAND04173,SK0254,3
CAND14126,SK0112,5
CAND04509,SK0233,5
CAND11590,SK0195,5
CAND13630,SK0264,3
CAND09599,SK0256,1
CAND12320,SK0246,3
CAND11760,SK0037,5
CAND05650,SK0142,4
CAND07697,SK0176,4
CAND11966,SK0260,1
CAND01175,SK0131,1
CAND11907,SK0091,5
CAND08204,SK0197,2
CAND13629,SK0179,1
CAND04753,SK0271,2
CAND06686,SK0082,2
CAND11635,SK0271,1
CAND01747,SK0196,5
CAND06447,SK0139,4
CAND01916,SK0169,2
CAND01543,SK0040,1
CAND06012,SK0103,3
CAND04577,SK0090,2
CAND01797,SK0100,4
CAND01717,SK0136,4
CAND11854,SK0246,3
CAND03635,SK0181,1
CAND05906,SK0066,5
CAND01528,SK0127,2
CAND08268,SK0141,4
CAND12631,SK0017,4
CAND13048,SK0142,5
CAND06625,SK0065,5
CAND14999,SK0265,1
CAND14804,SK0140,1
CAND03744,SK0207,3
CAND13621,SK0128,2
CAND06739,SK0206,3
CAND03138,SK0014,3
CAND07493,SK0239,2
CAND04745,SK0172,4
CAND12404,SK0119,5
CAND04864,SK0180,1
CAND03301,SK0076,3
CAND01689,SK0293,5
CAND09108,SK0099,5
CAND12857,SK0103,2
CAND08347,SK0038,5
CAND12877,SK0160,1
CAND02539,SK0106,5
CAND05034,SK0081,2
CAND05905,SK0068,1
CAND02213,SK0139,2
CAND11181,SK0116,3
CAND02741,SK0138,1
CAND01654,SK0230,4
CAND10402,SK0296,1
CAND10635,SK0266,5
CAND11607,SK0241,2
CAND14890,SK0167,2
CAND06466,SK0013,3
CAND14100,SK0175,4
CAND07944,SK0200,5
CAND00848,SK0090,2
CAND07598,SK0247,4
CAND11455,SK0221,4
CAND07034,SK0247,1
CAND07330,SK0265,4
CAND08622,SK0150,3
CAND12211,SK0279,1
CAND14480,SK0063,2
CAND11475,SK0035,3
CAND01330,SK0074,1
CAND07262,SK0235,5
CAND14521,SK0285,5
CAND00715,SK0213,5
CAND02881,SK0134,5
CAND05513,SK0272,2
CAND10526,SK0020,1
CAND14601,SK0167,3
CAND14688,SK0100,1
CAND06059,SK0293,5
CAND05196,SK0020,3
CAND01461,SK0203,1
CAND08712,SK0020,1
CAND11787,SK0286,3
CAND04279,SK0249,1
CAND01132,SK0262,2
CAND13917,SK0013,5
CAND11557,SK0148,4
CAND08158,SK0072,2
CAND02203,SK0077,4
CAND03507,SK0237,1
CAND06791,SK0245,4
CAND01595,SK0064,3
CAND01403,SK0086,5
CAND06236,SK0129,2
CAND03425,SK0102,2
CAND07588,SK0284,1
CAND00509,SK0027,3
CAND10562,SK0194,4
CAND00471,SK0266,2
CAND04294,SK0231,1
CAND00739,SK0072,2
CAND00375,SK0089,4
CAND14953,SK0253,3
CAND09717,SK0013,1
CAND09046,SK0192,5
CAND10963,SK0040,2
CAND01191,SK0063,4
CAND02473,SK0026,1
CAND11587,SK0178,1
CAND06079,SK0271,5
CAND10999,SK0103,1
CAND07444,SK0075,2
CAND04278,SK0064,1
CAND09808,SK0051,3
CAND14882,SK0036,3
CAND05857,SK0019,3
CAND14539,SK0082,4
CAND05119,SK0076,1
CAND07404,SK0010,2
CAND08024,SK0219,1
CAND09466,SK0068,1
CAND03426,SK0027,2
CAND10999,SK0288,4
CAND05671,SK0195,3
CAND08159,SK0133,4
CAND13305,SK0132,2
CAND01019,SK0161,3
CAND07033,SK0076,5
CAND11343,SK0123,5
CAND04373,SK0252,4
CAND05924,SK0045,2
CAND01412,SK0209,5
CAND14913,SK0101,2
CAND14307,SK0035,4
CAND14979,SK0228,3
CAND04547,SK0242,3
CAND14140,SK0016,3
CAND02244,SK0009,3
CAND01643,SK0162,1
CAND11264,SK0194,5
CAND01372,SK0042,3
CAND14500,SK0275,4
CAND03966,SK0022,1
CAND02719,SK0300,4
CAND14184,SK0146,1
CAND07395,SK0037,1
CAND00303,SK0159,4
CAND03465,SK0108,3
CAND11422,SK0264,2
CAND09625,SK0045,3
CAND11292,SK0208,1
CAND02309,SK0135,3
CAND08144,SK0032,5
CAND07682,SK0072,3
CAND07282,SK0039,3
CAND01533,SK0185,2
CAND08115,SK0029,1
CAND11876,SK0237,3
CAND07384,SK0201,3
CAND03874,SK0293,4
CAND13138,SK0078,2
CAND11494,SK0200,3
CAND10183,SK0241,5
CAND06443,SK0150,4
CAND11036,SK0026,3
CAND00320,SK0292,2
CAND01030,SK0168,2
CAND00723,SK0159,4
CAND03635,SK0152,5
CAND03452,SK0010,5
CAND01051,SK0189,4
CAND07636,SK0049,4
CAND13383,SK0205,1
CAND03677,SK0004,5
CAND05343,SK0033,4
CAND02506,SK0105,5
CAND06809,SK0237,2
CAND07467,SK0147,1
CAND09898,SK0127,1
CAND07067,SK0204,4
CAND03672,SK0256,1
CAND13991,SK0290,1
CAND02865,SK0243,4
CAND07174,SK0135,3
CAND10010,SK0138,1
CAND12817,SK0248,4
CAND13689,SK0264,3
CAND00087,SK0076,3
CAND00773,SK0294,1
CAND03381,SK0106,4
CAND02381,SK0006,1
CAND01403,SK0136,4
CAND10000,SK0242,2
CAND13625,SK0228,2
CAND07699,SK0262,5
CAND02342,SK0138,3
CAND12213,SK0166,5
CAND08911,SK0163,4
CAND02134,SK0193,2
CAND06132,SK0271,1
CAND02085,SK0129,2
CAND01492,SK0111,1
CAND10071,SK0090,3
CAND08779,SK0037,4
CAND13470,SK0193,5
CAND14418,SK0212,3
CAND09812,SK0147,5
CAND05079,SK0147,2
CAND02203,SK0085,1
CAND08799,SK0267,4
CAND10138,SK0142,1
CAND05704,SK0243,2
CAND05570,SK0113,3
CAND02414,SK0011,3
CAND14532,SK0138,3
CAND08441,SK0093,5
CAND02832,SK0187,4
CAND06285,SK0258,1
CAND01862,SK0054,3
CAND10621,SK0149,1
CAND09976,SK0014,4
CAND01932,SK0098,2
CAND09391,SK0196,2
CAND07492,SK0297,1
CAND01804,SK0027,4
CAND01928,SK0040,1
CAND09774,SK0131,1
CAND05540,SK0112,1
CAND10582,SK0213,1
CAND02768,SK0170,2
CAND08992,SK0284,4
CAND11598,SK0126,4
CAND00005,SK0166,1
CAND01203,SK0003,3
CAND10441,SK0205,3
CAND07641,SK0284,3
CAND00204,SK0005,2
CAND12470,SK0277,3
CAND02917,SK0278,1
CAND03658,SK0254,2
CAND01859,SK0120,4
CAND08924,SK0186,2
CAND03634,SK0007,5
CAND11827,SK0023,2
CAND04297,SK0083,3
CAND05465,SK0173,3
CAND02374,SK0161,2
CAND09159,SK0287,4
CAND01234,SK0024,4
CAND05127,SK0177,1
CAND01232,SK0069,2
CAND00076,SK0028,1
CAND05597,SK0141,4
CAND06135,SK0081,1
CAND02367,SK0085,3
CAND04428,SK0089,5
CAND11559,SK0236,3
CAND03337,SK0175,2
CAND11889,SK0149,4
CAND01278,SK0215,5
CAND09654,SK0109,5
CAND06786,SK0066,4
CAND00816,SK0142,1
CAND14673,SK0086,2
CAND11980,SK0003,5
CAND08299,SK0116,5
CAND08688,SK0094,2
CAND03046,SK0006,4
CAND07903,SK0153,3
CAND00158,SK0180,1
CAND06677,SK0245,3
CAND12858,SK0082,3
CAND09382,SK0173,3
CAND11094,SK0184,3
CAND10857,SK0262,5
CAND14376,SK0046,2
CAND09282,SK0097,1
CAND12591,SK0004,4
CAND11497,SK0244,1
CAND05146,SK0258,5
CAND05727,SK0026,3
CAND04785,SK0283,5
CAND01155,SK0244,4
CAND08086,SK0204,5
CAND05994,SK0047,3
CAND03252,SK0261,3
CAND00052,SK0133,1
CAND06187,SK0198,4
CAND14715,SK0199,5
CAND07331,SK0262,2
CAND12033,SK0265,4
CAND13289,SK0136,4
CAND00064,SK0011,1
CAND06009,SK0285,2
CAND07366,SK0150,4
CAND13838,SK0193,4
CAND12983,SK0101,2
CAND04682,SK0153,3
CAND08102,SK0024,2
CAND11835,SK0209,2
CAND00749,SK0112,3
CAND13852,SK0288,3
CAND07976,SK0228,2
CAND08544,SK0075,1
CAND00513,SK0050,2
CAND06358,SK0037,2
CAND14802,SK0246,1
CAND08679,SK0118,3
CAND07241,SK0061,4
CAND04722,SK0109,2
CAND03273,SK0125,1
CAND08717,SK0028,5
CAND02188,SK0179,4
CAND09909,SK0069,5
CAND11697,SK0078,1
CAND00659,SK0159,4
CAND11896,SK0134,4
CAND14199,SK0044,1
CAND07441,SK0097,5
CAND09910,SK0276,3
CAND01826,SK0084,1
CAND06574,SK0076,1
CAND03956,SK0196,4
CAND01475,SK0244,4
CAND03159,SK0223,4
CAND11204,SK0286,4
CAND12608,SK0276,5
CAND07662,SK0033,2
CAND10042,SK0169,5
CAND01543,SK0107,2
CAND03520,SK0278,1
CAND13621,SK0163,3
CAND10398,SK0030,4
CAND02281,SK0137,1
CAND05844,SK0287,3
CAND09209,SK0111,3
CAND12467,SK0154,4
CAND11743,SK0240,5
CAND13894,SK0122,5
CAND01977,SK0176,2
CAND01468,SK0117,5
CAND13579,SK0059,5
CAND07742,SK0282,2
CAND09990,SK0064,1
CAND14017,SK0029,1
CAND03301,SK0241,3
CAND05109,SK0111,3
CAND09148,SK0072,2
CAND00114,SK0034,2
CAND13955,SK0252,5
CAND03692,SK0038,4
CAND14982,SK0182,1
CAND04314,SK0131,2
CAND09961,SK0228,5
CAND04960,SK0066,2
CAND04999,SK0036,5
CAND06781,SK0273,1
CAND04543,SK0217,5
CAND10833,SK0012,5
CAND02581,SK0027,4
CAND06541,SK0133,4
CAND07121,SK0282,1
CAND11855,SK0279,1
CAND01305,SK0078,3
CAND10496,SK0077,1
CAND04098,SK0276,4
CAND03111,SK0043,4
CAND11404,SK0193,1
CAND07977,SK0202,3
CAND12704,SK0034,2
CAND14494,SK0055,5
CAND07851,SK0282,1
CAND01049,SK0123,4
CAND10389,SK0122,2
CAND05409,SK0056,4
CAND12396,SK0294,4
CAND08693,SK0191,5
CAND10445,SK0294,1
CAND05348,SK0198,5
CAND10540,SK0010,1
CAND03207,SK0086,1
CAND13926,SK0286,3
CAND10885,SK0106,1
CAND06350,SK0296,1
CAND12295,SK0169,4
CAND07007,SK0283,4
CAND10802,SK0102,1
CAND10637,SK0287,2
CAND01627,SK0118,5
CAND04684,SK0005,4
CAND13744,SK0260,4
CAND04262,SK0271,1
CAND08844,SK0105,4
CAND02892,SK0035,5
CAND08259,SK0230,1
CAND08872,SK0033,2
CAND04735,SK0164,5
CAND13316,SK0030,4
CAND09274,SK0277,4
CAND00068,SK0204,1
CAND14106,SK0032,5
CAND06364,SK0289,3
CAND04806,SK0166,1
CAND07777,SK0260,2
CAND12725,SK0115,3
CAND07137,SK0283,5
CAND07915,SK0068,1
CAND03981,SK0085,4
CAND08854,SK0035,3
CAND03525,SK0181,4
CAND08397,SK0169,5
CAND09792,SK0273,5
CAND12243,SK0233,3
CAND05084,SK0089,5
CAND04576,SK0127,2
CAND07044,SK0024,3
CAND04328,SK0084,3
CAND11091,SK0034,4
CAND12637,SK0239,1
CAND04493,SK0017,4
CAND02773,SK0140,5
CAND07035,SK0066,5
CAND05322,SK0168,5
CAND10017,SK0280,4
CAND06324,SK0242,1
CAND04264,SK0143,4
CAND08041,SK0138,2
CAND09368,SK0100,3
CAND01102,SK0268,4
CAND11010,SK0160,2
CAND11827,SK0047,4
CAND02920,SK0134,1
CAND06286,SK0154,5
CAND14770,SK0024,3
CAND09620,SK0163,3
CAND11660,SK0119,3
CAND00802,SK0149,2
CAND13120,SK0063,5
CAND13357,SK0056,5
CAND13984,SK0180,3
CAND02468,SK0008,3
CAND08220,SK0109,2
CAND10051,SK0098,1
CAND12008,SK0010,4
CAND13063,SK0157,1
CAND07692,SK0055,1
CAND02199,SK0004,4
CAND12614,SK0022,4
CAND10379,SK0146,4
CAND09340,SK0084,4
CAND11749,SK0007,5
CAND08967,SK0117,3
CAND10704,SK0002,1
CAND11695,SK0220,4
CAND03034,SK0067,1
CAND09094,SK0269,5
CAND06328,SK0185,4
CAND05359,SK0092,4
CAND08590,SK0117,1
CAND08371,SK0291,3
CAND05717,SK0099,2
CAND03491,SK0119,5
CAND03545,SK0071,5
CAND12735,SK0070,3
CAND06119,SK0010,5
CAND10026,SK0085,3
CAND06834,SK0101,1
CAND09832,SK0179,5
CAND09818,SK0147,2
CAND03812,SK0269,3
CAND01194,SK0280,1
CAND06262,SK0221,4
CAND13577,SK0067,5
CAND07776,SK0243,2
CAND09930,SK0258,2
CAND07126,SK0172,3
CAND05197,SK0156,5
CAND03077,SK0064,1
CAND12561,SK0103,2
CAND10197,SK0121,4
CAND14366,SK0087,3
CAND14447,SK0142,1
CAND11291,SK0233,2
CAND13167,SK0245,4
CAND14887,SK0241,3
CAND14167,SK0283,1
CAND09326,SK0294,1
CAND14288,SK0036,3
CAND04393,SK0250,3
CAND13579,SK0229,1
CAND02371,SK0186,4
CAND12026,SK0035,5
CAND08034,SK0102,2
CAND13243,SK0014,5
CAND01053,SK0082,2
CAND09279,SK0243,3
CAND06295,SK0035,3
CAND10807,SK0077,2
CAND06070,SK0174,5
CAND09948,SK0147,5
CAND02528,SK0013,2
CAND08667,SK0063,5
CAND05702,SK0091,1
CAND00825,SK0047,5
CAND02885,SK0058,3
CAND06778,SK0074,1
CAND05016,SK0158,4
CAND06487,SK0127,1
CAND00746,SK0092,1
CAND08216,SK0127,4
CAND05843,SK0062,3
CAND05150,SK0200,3
CAND14344,SK0268,5
CAND05834,SK0213,2
CAND11345,SK0185,2
CAND11999,SK0097,5
CAND13645,SK0109,5
CAND05119,SK0035,3
CAND09910,SK0270,1
CAND11255,SK0295,5
CAND01088,SK0045,5
CAND13293,SK0210,3
CAND08741,SK0014,3
CAND00638,SK0016,5
CAND11266,SK0124,1
CAND02681,SK0011,3
CAND04246,SK0265,5
CAND06896,SK0048,2
CAND04491,SK0015,4
CAND01300,SK0033,5
CAND13354,SK0093,5
CAND09007,SK0137,4
CAND14253,SK0205,5
CAND08009,SK0217,4
CAND05977,SK0046,4
CAND05423,SK0153,1
CAND01577,SK0010,3
CAND10243,SK0187,4
CAND07261,SK0147,2
CAND10519,SK0156,3
CAND13758,SK0054,5
CAND08984,SK0204,5
CAND02733,SK0155,5
CAND14174,SK0129,1
CAND09888,SK0011,4
CAND13457,SK0257,3
CAND01143,SK0176,5
CAND08246,SK0024,5
CAND08884,SK0204,1
CAND07300,SK0273,4
CAND01607,SK0150,3
CAND10742,SK0144,3
CAND03963,SK0196,4
CAND00283,SK0244,3
CAND11721,SK0201,5
CAND12653,SK0287,5
CAND06401,SK0238,5
CAND01722,SK0247,4
CAND14374,SK0070,3
CAND13192,SK0179,4
CAND11619,SK0076,1
CAND05171,SK0078,1
CAND14618,SK0266,1
CAND01188,SK0082,3
CAND14055,SK0168,4
CAND13727,SK0005,4
CAND08578,SK0290,3
CAND12011,SK0104,3
CAND08346,SK0118,3
CAND08924,SK0111,3
CAND13223,SK0251,3
CAND00214,SK0167,1
CAND07152,SK0235,4
CAND07085,SK0174,4
CAND08777,SK0181,5
CAND07457,SK0063,1
CAND14335,SK0097,1
CAND11619,SK0027,4
CAND12321,SK0004,1
CAND09664,SK0186,3
CAND12556,SK0011,2
CAND09549,SK0232,3
CAND11779,SK0216,1
CAND05108,SK0036,3
CAND05393,SK0285,4
CAND07331,SK0181,3
CAND03938,SK0067,5
CAND13393,SK0073,4
CAND02487,SK0236,5
CAND06247,SK0135,2
CAND08337,SK0243,5
CAND00963,SK0001,5
CAND06090,SK0224,2
CAND03550,SK0259,2
CAND11862,SK0065,2
CAND07953,SK0252,4
CAND09984,SK0048,3
CAND09689,SK0205,2
CAND02914,SK0102,1
CAND02744,SK0203,2
CAND10754,SK0013,3
CAND12666,SK0089,1
CAND10343,SK0209,4
CAND02129,SK0021,1
CAND14160,SK0158,2
CAND01672,SK0276,5
CAND02615,SK0016,5
CAND10626,SK0217,5
CAND03037,SK0202,5
CAND04795,SK0253,4
CAND12341,SK0264,4
CAND03273,SK0261,5
CAND05821,SK0185,5
CAND01939,SK0117,3
CAND03576,SK0132,3
CAND04599,SK0039,5
CAND05516,SK0082,5
CAND07185,SK0153,5
CAND13523,SK0182,4
CAND02722,SK0182,1
CAND06824,SK0038,3
CAND01248,SK0189,3
CAND06704,SK0059,2
CAND07988,SK0104,4
CAND11417,SK0183,4
CAND09037,SK0096,4
CAND07325,SK0082,5
CAND12489,SK0009,4
CAND06492,SK0093,3
CAND02023,SK0138,3
CAND05340,SK0004,3
CAND04116,SK0218,5
CAND03425,SK0297,1
CAND06834,SK0163,3
CAND13024,SK0070,5
CAND04327,SK0188,4
CAND12380,SK0142,1
CAND09858,SK0055,1
CAND01295,SK0009,2
CAND02226,SK0237,5
CAND11988,SK0296,1
CAND05631,SK0097,1
CAND02374,SK0175,4
CAND14556,SK0069,4
CAND05589,SK0283,5
CAND03760,SK0141,3
CAND08455,SK0246,1
CAND01291,SK0245,1
CAND14165,SK0174,2
CAND05766,SK0198,1
CAND11829,SK0073,5
CAND14343,SK0268,3
CAND11323,SK0057,1
CAND03761,SK0004,4
CAND13815,SK0081,2
CAND07142,SK0190,5
CAND03081,SK0011,3
CAND10223,SK0255,3
CAND12428,SK0114,4
CAND00965,SK0026,2
CAND00292,SK0037,5
CAND06802,SK0023,1
CAND12154,SK0279,2
CAND00431,SK0232,3
CAND10060,SK0084,4
CAND10617,SK0259,4
CAND02476,SK0245,3
CAND07465,SK0168,5
CAND07373,SK0013,4
CAND05861,SK0258,2
CAND08124,SK0084,1
CAND05280,SK0073,1
CAND10652,SK0274,2
CAND09278,SK0044,5
CAND09155,SK0274,2
CAND06226,SK0236,5
CAND10980,SK0068,2
CAND09061,SK0085,1
CAND09740,SK0023,5
CAND10907,SK0291,4
CAND12769,SK0178,5
CAND10962,SK0055,3
CAND07560,SK0159,5
CAND08359,SK0078,5
CAND07900,SK0097,3
CAND00163,SK0196,1
CAND12647,SK0154,3
CAND09505,SK0088,4
CAND04964,SK0070,3
CAND02577,SK0181,1
CAND13124,SK0088,2
CAND03540,SK0053,2
CAND11782,SK0155,2
CAND06913,SK0262,4
CAND06103,SK0035,4
CAND13056,SK0067,3
CAND14834,SK0083,3
CAND04905,SK0243,2
CAND09984,SK0112,4
CAND02839,SK0262,5
CAND09296,SK0241,2
CAND05396,SK0215,3
CAND08729,SK0019,5
CAND00456,SK0234,3
CAND10732,SK0012,3
CAND12173,SK0122,5
CAND06817,SK0127,1
CAND03883,SK0136,5
CAND02628,SK0079,3
CAND06809,SK0044,5
CAND10453,SK0034,2
CAND14749,SK0271,4
CAND04437,SK0001,3
CAND14663,SK0208,1
CAND08396,SK0053,1
CAND04331,SK0114,5
CAND06502,SK0216,1
CAND03875,SK0257,2
CAND06045,SK0249,2
CAND11496,SK0234,2
CAND00061,SK0019,4
CAND02341,SK0051,4
CAND04730,SK0032,1
CAND08362,SK0143,2
CAND10372,SK0196,2
CAND04405,SK0211,1
CAND09830,SK0283,1
CAND04103,SK0060,3
CAND09847,SK0218,4
CAND03977,SK0281,2
CAND06295,SK0038,3
CAND00830,SK0215,3
CAND14468,SK0078,3
CAND07208,SK0252,5
CAND05930,SK0061,5
CAND09639,SK0062,4
CAND00270,SK0259,3
CAND08471,SK0027,3
CAND13915,SK0209,1
CAND10029,SK0281,1
CAND09832,SK0071,3
CAND08768,SK0236,4
CAND04736,SK0180,2
CAND06802,SK0106,4
CAND02047,SK0140,3
CAND13730,SK0098,1
CAND12449,SK0203,2
CAND10917,SK0213,4
CAND01542,SK0124,1
CAND02762,SK0129,4
CAND10548,SK0276,3
CAND05573,SK0045,4
CAND02014,SK0068,1
CAND01452,SK0029,2
CAND12624,SK0271,2
CAND08164,SK0047,2
CAND10224,SK0009,2
CAND14778,SK0263,2
CAND10079,SK0253,1
CAND10149,SK0107,4
CAND03726,SK0168,1
CAND12270,SK0004,5
CAND01389,SK0016,1
CAND14328,SK0077,4
CAND09372,SK0235,3
CAND04334,SK0223,3
CAND06740,SK0144,2
CAND05699,SK0170,2
CAND09684,SK0111,2
CAND00694,SK0145,5
CAND12469,SK0132,1
CAND05701,SK0279,1
CAND02620,SK0024,3
CAND01436,SK0150,1
CAND06894,SK0027,2
CAND02862,SK0038,5
CAND11300,SK0002,2
CAND08046,SK0108,3
CAND07542,SK0096,2
CAND04086,SK0294,1
CAND04388,SK0114,3
CAND11183,SK0180,2
CAND09071,SK0101,3
CAND08857,SK0222,3
CAND01678,SK0093,4
CAND12249,SK0115,4
CAND10188,SK0248,4
CAND01947,SK0154,2
CAND09321,SK0245,4
CAND00439,SK0025,5
CAND01476,SK0235,3
CAND08326,SK0126,1
CAND04370,SK0013,3
CAND10908,SK0042,5
CAND06616,SK0283,5
CAND07609,SK0290,2
CAND02803,SK0256,2
CAND06343,SK0097,4
CAND09856,SK0221,2
CAND08516,SK0208,2
CAND01818,SK0049,2
CAND14577,SK0216,5
CAND08783,SK0058,1
CAND14799,SK0140,4
CAND05269,SK0273,2
CAND13556,SK0174,3
CAND11908,SK0220,3
CAND09716,SK0201,3
CAND06505,SK0031,5
CAND06890,SK0205,3
CAND02696,SK0225,5
CAND10070,SK0159,1
CAND00691,SK0081,2
CAND09096,SK0230,2
CAND11587,SK0227,4
CAND10206,SK0153,2
CAND09974,SK0297,3
CAND03254,SK0186,5
CAND02673,SK0015,4
CAND14705,SK0079,2
CAND14282,SK0077,3
CAND03162,SK0235,1
CAND13793,SK0053,1
CAND02952,SK0220,3
CAND08943,SK0280,1
CAND01609,SK0086,2
CAND10514,SK0031,3
CAND07377,SK0286,3
CAND05664,SK0145,2
CAND01515,SK0074,2
CAND14998,SK0261,4
CAND07627,SK0229,3
CAND02863,SK0135,4
CAND05829,SK0184,2
CAND08821,SK0111,3
CAND08506,SK0121,4
CAND06448,SK0250,1
CAND04484,SK0167,3
CAND03751,SK0121,1
CAND03349,SK0090,1
CAND07084,SK0059,3
CAND02042,SK0050,4
CAND11142,SK0226,3
CAND03213,SK0114,2
CAND12239,SK0040,4
CAND00121,SK0132,5
CAND06972,SK0161,2
CAND07427,SK0249,1
CAND11521,SK0231,2
CAND11346,SK0144,2
CAND07135,SK0227,5
CAND14285,SK0069,2
CAND10568,SK0114,5
CAND12548,SK0178,3
CAND08849,SK0204,3
CAND09661,SK0009,2
CAND01386,SK0297,1
CAND07192,SK0211,4
CAND03713,SK0113,2
CAND00805,SK0300,2
CAND14543,SK0137,5
CAND07951,SK0026,1
CAND08050,SK0120,2
CAND06496,SK0282,2
CAND14522,SK0043,1
CAND10248,SK0118,3
CAND02263,SK0118,5
CAND04066,SK0225,4
CAND07521,SK0085,3
CAND14969,SK0173,3
CAND12873,SK0152,3
CAND09102,SK0098,5
CAND04613,SK0263,2
CAND05169,SK0281,3
CAND12891,SK0121,5
CAND05555,SK0220,1
CAND01941,SK0105,5
CAND11036,SK0158,3
CAND14398,SK0060,5
CAND05262,SK0038,4
CAND00303,SK0082,5
CAND03854,SK0135,4
CAND08983,SK0129,1
CAND09518,SK0249,4
CAND02426,SK0127,1
CAND04322,SK0191,2
CAND08986,SK0175,5
CAND05735,SK0025,4
CAND15000,SK0182,3
CAND06579,SK0088,2
CAND14443,SK0188,4
CAND00895,SK0197,4
CAND03875,SK0175,3
CAND08120,SK0208,5
CAND13908,SK0071,2
CAND11234,SK0062,3
CAND02701,SK0005,3
CAND05494,SK0223,5
CAND08027,SK0169,2
CAND08947,SK0218,4
CAND12214,SK0125,4
CAND13350,SK0234,3
CAND10292,SK0048,4
CAND10654,SK0187,3
CAND04936,SK0259,5
CAND00132,SK0144,2
CAND00575,SK0250,1
CAND05721,SK0118,3
CAND09987,SK0205,2
CAND08962,SK0200,3
CAND07893,SK0281,2
CAND02900,SK0061,1
CAND03894,SK0211,1
CAND04069,SK0256,3
CAND08482,SK0295,4
CAND09770,SK0170,3
CAND13904,SK0090,2
CAND01488,SK0098,2
CAND00469,SK0025,1
CAND12764,SK0033,1
CAND03773,SK0117,2
CAND06474,SK0185,1
CAND10435,SK0233,5
CAND03747,SK0211,2
CAND00419,SK0098,5
CAND12210,SK0199,1
CAND04760,SK0282,1
CAND04565,SK0170,5
CAND05538,SK0183,1
CAND08147,SK0254,2
CAND12537,SK0021,5
CAND10685,SK0055,1
CAND02963,SK0088,2
CAND12305,SK0073,3
CAND06903,SK0129,2
CAND06556,SK0267,2
CAND08198,SK0003,5
CAND13011,SK0290,1
CAND12070,SK0291,4
CAND06821,SK0026,2
CAND13264,SK0119,5
CAND12369,SK0237,2
CAND14922,SK0139,4
CAND09748,SK0143,2
CAND02196,SK0285,3
CAND04765,SK0201,5
CAND04545,SK0281,4
CAND03728,SK0196,1
CAND10573,SK0246,3
CAND14848,SK0265,3
CAND06181,SK0141,4
CAND02237,SK0089,1
CAND03830,SK0192,4
CAND09733,SK0218,2
CAND13405,SK0250,3
CAND09433,SK0291,2
CAND00072,SK0084,1
CAND01364,SK0240,3
CAND06066,SK0055,1
CAND11604,SK0258,1
CAND01952,SK0151,4
CAND11971,SK0163,4
CAND10705,SK0081,3
CAND01090,SK0273,5
CAND06030,SK0240,5
CAND08756,SK0274,3
CAND03218,SK0043,4
CAND06862,SK0271,1
CAND00093,SK0092,2
CAND02031,SK0280,3
CAND10540,SK0017,1
CAND03139,SK0050,1
CAND11404,SK0088,3
CAND13771,SK0172,3
CAND13836,SK0258,5
CAND10458,SK0131,2
CAND10510,SK0028,4
CAND05673,SK0271,3
CAND06142,SK0262,2
CAND07364,SK0012,3
CAND05114,SK0214,5
CAND12181,SK0166,3
CAND01657,SK0112,2
CAND05231,SK0211,2
CAND11912,SK0166,5
CAND06435,SK0164,4
CAND07642,SK0247,2
CAND12790,SK0220,4
CAND01970,SK0008,3
CAND09167,SK0007,1
CAND05349,SK0205,3
CAND08786,SK0202,1
CAND06072,SK0227,3
CAND08265,SK0095,1
CAND03791,SK0271,4
CAND07896,SK0110,3
CAND01924,SK0271,1
CAND09888,SK0269,5
CAND13699,SK0075,5
CAND13820,SK0158,1
CAND12300,SK0190,3
CAND11262,SK0132,3
CAND04980,SK0239,3
CAND04663,SK0002,5
CAND08750,SK0273,5
CAND14594,SK0294,1
CAND12275,SK0221,4
CAND06211,SK0211,4
CAND01957,SK0289,1
CAND14214,SK0133,3
CAND04845,SK0122,3
CAND01761,SK0103,4
CAND01525,SK0013,1
CAND10128,SK0158,2
CAND02299,SK0229,5
CAND12212,SK0173,3
CAND13887,SK0080,4
CAND11251,SK0041,1
CAND08602,SK0245,2
CAND02560,SK0086,4
CAND02404,SK0066,5
CAND14993,SK0135,4
CAND07589,SK0115,1
CAND01862,SK0232,2
CAND07591,SK0114,1
CAND00342,SK0091,3
CAND06445,SK0234,2
CAND07452,SK0172,4
CAND00336,SK0127,1
CAND03718,SK0030,4
CAND13883,SK0260,2
CAND12324,SK0288,3
CAND08413,SK0236,1
CAND05158,SK0055,4
CAND09272,SK0253,2
CAND00667,SK0149,5
CAND14316,SK0285,5
CAND07912,SK0276,4
CAND05786,SK0012,1
CAND07658,SK0081,2
CAND04721,SK0113,3
CAND13114,SK0191,3
CAND07085,SK0084,4
CAND01726,SK0075,1
CAND02381,SK0143,2
CAND08414,SK0272,5
CAND14155,SK0071,2
CAND10903,SK0142,2
CAND09901,SK0206,1
CAND01315,SK0046,4
CAND13724,SK0073,2
CAND08600,SK0243,5
CAND07104,SK0169,4
CAND14350,SK0048,2
CAND12816,SK0139,2
CAND06918,SK0220,4
CAND00187,SK0252,4
CAND13831,SK0003,4
CAND01723,SK0068,3
CAND10522,SK0069,2
CAND13989,SK0181,2
CAND09090,SK0174,1
CAND11897,SK0262,3
CAND08047,SK0136,2
CAND13783,SK0134,5
CAND03549,SK0020,1
CAND05200,SK0055,5
CAND06346,SK0239,5
CAND11744,SK0040,3
CAND14082,SK0091,3
CAND08005,SK0183,1
CAND11807,SK0061,4
CAND08423,SK0185,2
CAND00404,SK0268,1
CAND07676,SK0037,4
CAND06912,SK0300,4
CAND05621,SK0287,2
CAND13789,SK0151,4
CAND06170,SK0289,1
CAND11094,SK0190,3
CAND03046,SK0251,5
CAND04774,SK0158,4
CAND00016,SK0043,3
CAND11839,SK0237,3
CAND12072,SK0067,5
CAND07765,SK0228,1
CAND11948,SK0233,2
CAND11917,SK0079,5
CAND06138,SK0029,2
CAND04861,SK0047,2
CAND10955,SK0283,4
CAND04443,SK0101,1
CAND04162,SK0285,5
CAND13431,SK0093,1
CAND13083,SK0239,4
CAND00240,SK0200,3
CAND06878,SK0013,3
CAND08213,SK0128,3
CAND12149,SK0179,4
CAND13189,SK0038,4
CAND07730,SK0040,2
CAND01485,SK0295,4
CAND03236,SK0110,2
CAND07527,SK0090,1
CAND01390,SK0199,4
CAND12745,SK0288,2
CAND02861,SK0089,2
CAND01512,SK0019,1
CAND08472,SK0216,1
CAND14422,SK0132,1
CAND12370,SK0087,2
CAND06075,SK0081,1
CAND10023,SK0067,4
CAND06383,SK0057,3
CAND01890,SK0155,2
CAND01896,SK0213,5
CAND03178,SK0101,2
CAND09672,SK0210,1
CAND11790,SK0057,4
CAND02695,SK0060,4
CAND12952,SK0250,3
CAND08617,SK0214,5
CAND01805,SK0009,2
CAND05311,SK0042,3
CAND10756,SK0070,3
CAND12312,SK0090,5
CAND10769,SK0121,4
CAND10828,SK0042,2
CAND12331,SK0263,4
CAND09587,SK0087,3
CAND03479,SK0010,2
CAND14324,SK0139,2
CAND00847,SK0038,1
CAND08346,SK0268,2
CAND07668,SK0117,5
CAND03731,SK0061,4
CAND09772,SK0192,5
CAND10389,SK0095,4
CAND05710,SK0190,4
CAND01117,SK0274,4
CAND02965,SK0012,3
CAND11038,SK0064,1
CAND13248,SK0026,3
CAND13739,SK0249,2
CAND10644,SK0153,4
CAND04401,SK0158,4
CAND06124,SK0008,5
CAND01162,SK0066,2
CAND05337,SK0051,3
CAND09208,SK0249,4
CAND04911,SK0113,2
CAND12512,SK0109,2
CAND11223,SK0183,1
CAND04828,SK0185,3
CAND00525,SK0233,1
CAND00926,SK0218,1
CAND07948,SK0114,3
CAND07768,SK0207,2
CAND05011,SK0153,4
CAND06954,SK0174,4
CAND02407,SK0216,5
CAND14304,SK0127,2
CAND05743,SK0258,5
CAND00058,SK0004,4
CAND08761,SK0025,5
CAND05591,SK0191,4
CAND01080,SK0020,1
CAND11989,SK0069,5
CAND10614,SK0249,5
CAND10578,SK0249,1
CAND11319,SK0066,5
CAND00471,SK0087,4
CAND12352,SK0155,5
CAND03455,SK0262,2
CAND09537,SK0039,4
CAND04663,SK0152,3
CAND12208,SK0072,1
CAND10321,SK0147,1
CAND10638,SK0254,4
CAND02873,SK0217,2
CAND06827,SK0227,2
CAND08368,SK0036,1
CAND02439,SK0185,2
CAND11758,SK0203,2
CAND09016,SK0250,1
CAND10814,SK0038,4
CAND10964,SK0232,4
CAND07006,SK0241,1
CAND00089,SK0229,1
CAND05396,SK0244,1
CAND09558,SK0300,3
CAND10249,SK0218,1
CAND00909,SK0239,5
CAND08124,SK0117,3
CAND02766,SK0247,3
CAND13036,SK0252,1
CAND01689,SK0010,4
CAND06992,SK0050,3
CAND03099,SK0060,2
CAND09225,SK0175,3
CAND14113,SK0121,2
CAND00844,SK0289,2
CAND12898,SK0164,5
CAND02271,SK0225,1
CAND10582,SK0008,3
CAND14522,SK0211,3
CAND03115,SK0131,1
CAND11219,SK0061,5
CAND01760,SK0092,1
CAND11812,SK0055,1
CAND09927,SK0053,3
CAND08410,SK0288,5
CAND04417,SK0139,1
CAND00625,SK0054,1
CAND09652,SK0008,4
CAND06070,SK0153,1
CAND04905,SK0038,1
CAND07447,SK0078,2
CAND02606,SK0226,1
CAND05432,SK0089,5
CAND03453,SK0172,1
CAND06284,SK0131,1
CAND06030,SK0140,3
CAND01028,SK0264,2
CAND10093,SK0012,2
CAND01349,SK0219,5
CAND07485,SK0149,3
CAND05698,SK0001,3
CAND12233,SK0199,1
CAND06818,SK0076,1
CAND03185,SK0079,3
CAND05320,SK0256,2
CAND14768,SK0197,1
CAND11362,SK0190,1
CAND07435,SK0076,5
CAND05630,SK0187,2
CAND10201,SK0295,2
CAND00875,SK0263,1
CAND06930,SK0079,3
CAND05753,SK0098,3
CAND13177,SK0224,4
CAND00399,SK0281,4
CAND03835,SK0262,4
CAND06136,SK0178,1
CAND03806,SK0253,1
CAND12881,SK0125,5
CAND11461,SK0005,1
CAND07474,SK0218,4
CAND11619,SK0080,1
CAND02290,SK0113,3
CAND06700,SK0287,4
CAND01886,SK0115,1
CAND13499,SK0008,5
CAND02367,SK0156,3
CAND14228,SK0215,5
CAND11972,SK0195,3
CAND09343,SK0029,5
CAND03102,SK0067,4
CAND10218,SK0252,5
CAND08996,SK0053,2
CAND11070,SK0150,3
CAND00177,SK0188,2
CAND07086,SK0131,5
CAND14346,SK0178,2
CAND11291,SK0253,3
CAND07496,SK0238,2
CAND05288,SK0068,5
CAND01907,SK0058,5
CAND07584,SK0192,2
CAND10235,SK0106,1
CAND01771,SK0050,3
CAND03453,SK0067,3
CAND12103,SK0294,1
CAND11526,SK0017,4
CAND12362,SK0099,2
CAND11757,SK0185,2
CAND09830,SK0015,1
CAND14326,SK0178,2
CAND14665,SK0065,3
CAND02752,SK0246,4
CAND11178,SK0137,2
CAND02269,SK0206,5
CAND14172,SK0273,5
CAND02935,SK0041,3
CAND03428,SK0224,1
CAND00109,SK0222,3
CAND11025,SK0282,4
CAND12623,SK0086,4
CAND07821,SK0137,2
CAND05466,SK0299,3
CAND05113,SK0290,2
CAND04257,SK0191,5
CAND00739,SK0223,1
CAND14340,SK0192,5
CAND01371,SK0062,1
CAND05505,SK0193,5
CAND11399,SK0049,2
CAND03584,SK0095,3
CAND01540,SK0188,5
CAND06367,SK0255,3
CAND04901,SK0258,3
CAND08655,SK0300,4
CAND09028,SK0061,5
CAND06305,SK0167,4
CAND02416,SK0024,3
CAND03845,SK0228,2
CAND03619,SK0181,5
CAND10850,SK0092,3
CAND09281,SK0216,3
CAND03438,SK0098,3
CAND13088,SK0142,1
CAND14961,SK0234,4
CAND12212,SK0089,3
CAND14240,SK0281,1
CAND04600,SK0151,2
CAND14529,SK0253,2
CAND13272,SK0259,5
CAND08650,SK0129,5
CAND07130,SK0062,2
CAND11630,SK0132,2
CAND03062,SK0221,2
CAND07550,SK0215,5
CAND10916,SK0019,1
CAND02601,SK0177,2
CAND09695,SK0237,5
CAND09286,SK0005,4
CAND08923,SK0225,3
CAND09130,SK0232,1
CAND02637,SK0187,1
CAND11438,SK0005,5
CAND07855,SK0036,2
CAND13358,SK0017,2
CAND14971,SK0031,3
CAND14932,SK0063,3
CAND08613,SK0152,1
CAND01013,SK0063,3
CAND13975,SK0020,5
CAND02348,SK0085,2
CAND06900,SK0060,1
CAND11617,SK0221,5
CAND01958,SK0147,5
CAND11407,SK0190,4
CAND08921,SK0035,4
CAND06055,SK0163,2
CAND08842,SK0194,5
CAND06279,SK0057,1
CAND13860,SK0276,3
CAND11448,SK0298,1
CAND14895,SK0239,4
CAND14358,SK0116,4
CAND02648,SK0062,2
CAND01677,SK0052,1
CAND00908,SK0145,4
CAND06392,SK0183,3
CAND04881,SK0047,4
CAND00513,SK0126,3
CAND13651,SK0096,3
CAND08876,SK0130,2
CAND14327,SK0211,3
CAND04052,SK0092,4
CAND14842,SK0252,4
CAND03616,SK0101,1
CAND01163,SK0150,4
CAND08201,SK0286,1
CAND01113,SK0239,1
CAND01715,SK0038,2
CAND05707,SK0232,5
CAND09473,SK0187,1
CAND09500,SK0164,2
CAND01777,SK0080,1
CAND06316,SK0056,4
CAND05599,SK0037,5
CAND07391,SK0026,2
CAND11949,SK0013,4
CAND05135,SK0180,3
CAND02129,SK0166,3
CAND02878,SK0042,1
CAND10708,SK0227,2
CAND03667,SK0036,2
CAND07630,SK0232,3
CAND07244,SK0173,2
CAND14542,SK0082,2
CAND09726,SK0167,3
CAND08543,SK0202,1
CAND08161,SK0103,5
CAND00025,SK0026,2
CAND13795,SK0066,3
CAND11277,SK0213,3
CAND13707,SK0277,3
CAND07818,SK0281,2
CAND01953,SK0297,1
CAND10652,SK0032,4
CAND06528,SK0283,5
CAND11269,SK0179,1
CAND06716,SK0128,1
CAND07565,SK0176,5
CAND13466,SK0164,1
CAND06703,SK0054,3
CAND01310,SK0007,3
CAND11893,SK0111,1
CAND00661,SK0148,4
CAND05593,SK0124,1
CAND04269,SK0106,3
CAND14545,SK0211,5
CAND02052,SK0207,1
CAND05977,SK0276,5
CAND14672,SK0126,3
CAND08402,SK0145,5
CAND04573,SK0036,1
CAND02837,SK0157,4
CAND11644,SK0270,5
CAND02101,SK0068,3
CAND14418,SK0021,2
CAND05815,SK0005,5
CAND11221,SK0193,4
CAND00939,SK0194,4
CAND13478,SK0264,2
CAND08479,SK0161,5
CAND13838,SK0052,4
CAND03057,SK0028,4
CAND00223,SK0023,4
CAND01194,SK0244,2
CAND14223,SK0159,5
CAND05487,SK0162,2
CAND01562,SK0136,4
CAND08456,SK0276,3
CAND14387,SK0178,2
CAND01755,SK0155,5
CAND03971,SK0113,2
CAND04071,SK0230,5
CAND09206,SK0291,3
CAND05616,SK0109,3
CAND03332,SK0021,1
CAND14558,SK0039,5
CAND08974,SK0261,5
CAND02970,SK0087,3
CAND14771,SK0213,1
CAND05445,SK0006,3
CAND06793,SK0135,5
CAND08535,SK0282,5
CAND14036,SK0051,3
CAND00815,SK0189,4
CAND06992,SK0250,2
CAND01486,SK0271,5
CAND14106,SK0277,5
CAND00677,SK0164,1
CAND02529,SK0254,4
CAND04838,SK0275,5
CAND05381,SK0249,5
CAND14662,SK0189,2
CAND14101,SK0227,3
CAND05931,SK0201,2
CAND04448,SK0270,2
CAND05069,SK0129,1
CAND00695,SK0135,3
CAND04673,SK0275,4
CAND14171,SK0170,4
CAND12464,SK0188,3
CAND00992,SK0276,5
CAND02562,SK0152,1
CAND13445,SK0205,2
CAND13433,SK0068,5
CAND02030,SK0131,3
CAND12233,SK0107,1
CAND07364,SK0287,3
CAND13100,SK0035,1
CAND07853,SK0020,1
CAND02162,SK0095,4
CAND02903,SK0021,4
CAND05211,SK0057,4
CAND06490,SK0064,2
CAND14802,SK0179,1
CAND14398,SK0204,1
CAND03981,SK0146,3
CAND06146,SK0002,1
CAND14994,SK0036,2
CAND07801,SK0185,2
CAND07717,SK0066,3
CAND12605,SK0053,2
CAND04591,SK0162,4
CAND04758,SK0269,4
CAND10539,SK0111,5
CAND14755,SK0217,1
CAND14141,SK0036,3
CAND14267,SK0001,4
CAND01561,SK0148,2
CAND04947,SK0226,1
CAND14771,SK0138,1
CAND10827,SK0171,5
CAND03438,SK0223,2
CAND09846,SK0201,1
CAND11640,SK0226,4
CAND11277,SK0069,5
CAND04543,SK0152,4
CAND00222,SK0134,1
CAND13438,SK0126,2
CAND00523,SK0128,2
CAND01428,SK0052,4
CAND06774,SK0272,4
CAND11920,SK0104,1
CAND11458,SK0047,4
CAND14379,SK0087,3
CAND07570,SK0088,2
CAND10482,SK0142,5
CAND06386,SK0156,4
CAND04661,SK0173,2
CAND14205,SK0095,3
CAND11888,SK0124,4
CAND10024,SK0167,4
CAND02507,SK0215,3
CAND13309,SK0157,1
CAND07001,SK0168,1
CAND06569,SK0191,1
CAND05398,SK0230,3
CAND04531,SK0204,3
CAND01633,SK0190,3
CAND06824,SK0106,4
CAND02186,SK0225,1
CAND00777,SK0164,1
CAND05253,SK0053,5
CAND10838,SK0231,2
CAND14023,SK0147,5
CAND09204,SK0136,3
CAND09084,SK0234,4
CAND05646,SK0020,5
CAND03353,SK0072,2
CAND03799,SK0238,1
CAND06388,SK0041,4
CAND14078,SK0146,2
CAND13185,SK0250,3
CAND14775,SK0299,3
CAND05631,SK0017,2
CAND09252,SK0174,1
CAND06647,SK0014,4
CAND13747,SK0262,2
CAND00745,SK0160,1
CAND06844,SK0223,4
CAND11611,SK0236,2
CAND11516,SK0253,4
CAND14935,SK0090,5
CAND05037,SK0018,5
CAND10760,SK0047,5
CAND12528,SK0132,5
CAND06621,SK0152,4
CAND12046,SK0027,1
CAND10827,SK0031,3
CAND01988,SK0295,2
CAND02050,SK0279,1
CAND02289,SK0034,3
CAND09287,SK0273,5
CAND13755,SK0242,4
CAND04649,SK0064,1
CAND05732,SK0198,3
CAND12715,SK0206,4
CAND11413,SK0193,3
CAND05560,SK0159,1
CAND09183,SK0250,3
CAND12607,SK0204,1
CAND02869,SK0080,2
CAND09282,SK0233,3
CAND12271,SK0004,2
CAND14172,SK0262,2
CAND02298,SK0132,3
CAND07155,SK0118,4
CAND09236,SK0035,2
CAND05227,SK0002,4
CAND10002,SK0083,4
CAND08654,SK0167,3
CAND10057,SK0259,4
CAND10866,SK0237,2
CAND04084,SK0221,4
CAND09291,SK0086,2
CAND05668,SK0169,1
CAND04604,SK0156,2
CAND02645,SK0195,2
CAND06710,SK0288,5
CAND00587,SK0160,3
CAND13013,SK0001,4
CAND05702,SK0159,2
CAND12907,SK0235,5
CAND01620,SK0222,3
CAND10196,SK0216,1
CAND00264,SK0141,1
CAND03155,SK0020,3
CAND02601,SK0118,1
CAND04187,SK0108,2
CAND01358,SK0099,4
CAND01553,SK0106,5
CAND10106,SK0125,4
CAND12837,SK0157,2
CAND10254,SK0141,1
CAND06084,SK0213,4
CAND00206,SK0050,3
CAND09647,SK0043,4
CAND09474,SK0085,3
CAND02329,SK0113,3
CAND04015,SK0248,5
CAND05717,SK0273,3
CAND01254,SK0245,3
CAND07106,SK0243,3
CAND09263,SK0174,1
CAND12173,SK0164,1
CAND10899,SK0246,5
CAND05136,SK0012,5
CAND06232,SK0073,5
CAND14626,SK0159,3
CAND11933,SK0068,3
CAND04177,SK0267,5
CAND00728,SK0256,2
CAND14001,SK0057,4
CAND05271,SK0003,1
CAND04485,SK0108,1
CAND10895,SK0130,2
CAND08304,SK0175,4
CAND00567,SK0157,5
CAND03402,SK0113,1
CAND05210,SK0068,3
CAND02797,SK0221,3
CAND09671,SK0249,4
CAND14986,SK0109,1
CAND13953,SK0069,5
CAND03987,SK0239,4
CAND13451,SK0052,2
CAND04691,SK0255,2
CAND09628,SK0085,3
CAND10795,SK0052,3
CAND04216,SK0146,2
CAND12474,SK0211,3
CAND08268,SK0148,2
CAND03063,SK0150,4
CAND03430,SK0215,5
CAND07110,SK0116,4
CAND03480,SK0015,1
CAND09209,SK0081,4
CAND02343,SK0055,2
CAND02733,SK0247,2
CAND14363,SK0290,5
CAND08378,SK0297,3
CAND04008,SK0036,2
CAND05498,SK0031,2
CAND11729,SK0070,3
CAND14371,SK0094,4
CAND04389,SK0142,3
CAND03009,SK0113,3
CAND11114,SK0058,4
CAND01760,SK0102,3
CAND06267,SK0207,2
CAND12668,SK0119,4
CAND02610,SK0005,3
CAND12742,SK0235,1
CAND06239,SK0247,5
CAND14878,SK0150,4
CAND06867,SK0274,2
CAND09557,SK0170,4
CAND12082,SK0123,2
CAND12418,SK0075,3
CAND07341,SK0099,5
CAND14192,SK0260,2
CAND02888,SK0046,3
CAND12172,SK0170,5
CAND00424,SK0233,3
CAND02934,SK0079,4
CAND01027,SK0120,4
CAND08002,SK0081,1
CAND08610,SK0109,2
CAND06533,SK0278,1
CAND08462,SK0090,3
CAND12916,SK0298,5
CAND09310,SK0200,4
CAND01232,SK0096,4
CAND05118,SK0083,4
CAND02146,SK0158,3
CAND09547,SK0179,2
CAND11749,SK0045,3
CAND04995,SK0101,2
CAND05813,SK0016,4
CAND14071,SK0120,5
CAND04379,SK0196,5
CAND06756,SK0017,3
CAND04268,SK0269,3
CAND11339,SK0179,4
CAND02860,SK0132,3
CAND10732,SK0191,1
CAND02271,SK0070,1
CAND03201,SK0265,3
CAND04233,SK0070,1
CAND06759,SK0107,2
CAND04081,SK0277,3
CAND07955,SK0264,1
CAND14503,SK0249,3
CAND07946,SK0048,4
CAND06559,SK0071,3
CAND02150,SK0251,4
CAND10984,SK0238,5
CAND08516,SK0010,2
CAND09899,SK0013,1
CAND14180,SK0066,5
CAND04294,SK0033,1
CAND14050,SK0281,1
CAND00011,SK0252,4
CAND01729,SK0216,5
CAND08496,SK0149,3
CAND11311,SK0181,5
CAND09479,SK0195,4
CAND12468,SK0155,1
CAND01048,SK0084,5
CAND05909,SK0108,4
CAND07050,SK0015,4
CAND04325,SK0275,2
CAND09357,SK0050,1
CAND00411,SK0070,2
CAND11519,SK0095,2
CAND01559,SK0156,2
CAND01632,SK0261,3
CAND13251,SK0159,2
CAND10661,SK0172,3
CAND14100,SK0213,3
CAND10215,SK0180,3
CAND02230,SK0256,4
CAND11270,SK0210,3
CAND14408,SK0122,4
CAND14592,SK0124,3
CAND12537,SK0052,5
CAND01826,SK0235,1
CAND09112,SK0269,2
CAND07722,SK0072,5
CAND10759,SK0029,1
CAND07235,SK0042,2
CAND07698,SK0290,1
CAND09847,SK0174,1
CAND01392,SK0122,1
CAND00034,SK0081,5
CAND11200,SK0115,3
CAND09996,SK0120,5
CAND07443,SK0238,4
CAND13728,SK0154,5
CAND02073,SK0237,2
CAND10399,SK0266,3
CAND04321,SK0178,1
CAND11851,SK0171,3
CAND14150,SK0053,3
CAND07491,SK0091,5
CAND09835,SK0180,4
CAND14115,SK0146,5
CAND11858,SK0119,1
CAND07779,SK0128,4
CAND10161,SK0098,3
CAND00958,SK0248,5
CAND10020,SK0141,4
CAND06098,SK0021,1
CAND08026,SK0262,2
CAND02639,SK0157,5
CAND11756,SK0203,2
CAND08862,SK0074,3
CAND13306,SK0173,5
CAND14314,SK0250,4
CAND03568,SK0110,4
CAND00470,SK0254,1
CAND13374,SK0172,1
CAND13469,SK0073,2
CAND01847,SK0117,1
CAND01602,SK0127,4
CAND14193,SK0278,3
CAND03539,SK0147,2
CAND00087,SK0217,5
CAND10700,SK0199,1
CAND00028,SK0211,4
CAND12873,SK0036,4
CAND01858,SK0044,3
CAND04324,SK0296,1
CAND01752,SK0206,1
CAND06114,SK0254,4
CAND03214,SK0192,3
CAND08556,SK0130,3
CAND12428,SK0273,1
CAND06824,SK0300,3
CAND03387,SK0098,3
CAND14541,SK0068,5
CAND06668,SK0215,3
CAND11169,SK0100,1
CAND01332,SK0021,4
CAND07362,SK0065,5
CAND14118,SK0239,1
CAND05273,SK0127,5
CAND01431,SK0160,1
CAND03983,SK0188,4
CAND00203,SK0176,2
CAND04359,SK0100,1
CAND03468,SK0226,5
CAND00045,SK0255,5
CAND06736,SK0226,1
CAND08339,SK0027,1
CAND04874,SK0213,1
CAND03230,SK0069,4
CAND02138,SK0278,2
CAND02732,SK0024,5
CAND10175,SK0148,3
CAND07277,SK0295,4
CAND07313,SK0020,3
CAND05843,SK0027,2
CAND11042,SK0219,1
CAND01227,SK0026,4
CAND12539,SK0126,1
CAND02313,SK0299,2
CAND13654,SK0255,5
CAND10767,SK0299,5
CAND03009,SK0255,1
CAND13254,SK0171,5
CAND14874,SK0121,5
CAND08126,SK0293,2
CAND07481,SK0262,5
CAND02536,SK0167,2
CAND08005,SK0042,1
CAND10798,SK0021,5
CAND03960,SK0038,3
CAND02935,SK0125,1
CAND09686,SK0275,2
CAND09273,SK0176,4
CAND01811,SK0266,4
CAND08889,SK0276,2
CAND05154,SK0062,1
CAND14292,SK0015,3
CAND03816,SK0213,4
CAND08460,SK0009,1
CAND13080,SK0032,5
CAND13252,SK0168,2
CAND14634,SK0014,3
CAND07126,SK0259,3
CAND00599,SK0284,4
CAND10098,SK0257,5
CAND03149,SK0089,2
CAND13935,SK0001,2
CAND07954,SK0169,5
CAND09024,SK0206,3
CAND12147,SK0229,4
CAND06255,SK0177,4
CAND01400,SK0030,4
CAND14085,SK0299,3
CAND00274,SK0022,3
CAND14777,SK0061,2
CAND09760,SK0200,5
CAND08526,SK0209,5
CAND01682,SK0184,3
CAND02656,SK0282,3
CAND07014,SK0141,1
CAND02483,SK0045,2
CAND00842,SK0193,1
CAND12892,SK0233,2
CAND13621,SK0190,5
CAND07826,SK0005,4
CAND03864,SK0183,4
CAND04852,SK0052,3
CAND04241,SK0295,4
CAND13212,SK0199,2
CAND06579,SK0105,3
CAND02928,SK0091,2
CAND12796,SK0115,2
CAND13214,SK0086,4
CAND00150,SK0061,5
CAND01470,SK0288,3
CAND13839,SK0121,3
CAND10840,SK0228,4
CAND06972,SK0197,5
CAND01867,SK0237,4
CAND05295,SK0256,5
CAND02890,SK0286,5
CAND02171,SK0277,4
CAND09234,SK0079,1
CAND08094,SK0206,2
CAND01739,SK0253,3
CAND08188,SK0156,2
CAND03817,SK0016,3
CAND02199,SK0034,2
CAND11320,SK0035,2
CAND05436,SK0066,3
CAND11809,SK0051,4
CAND00095,SK0181,2
CAND10855,SK0263,2
CAND12130,SK0201,1
CAND12115,SK0162,1
CAND02996,SK0111,5
CAND04065,SK0140,2
CAND12843,SK0230,3
CAND12725,SK0134,1
CAND10791,SK0217,2
CAND03659,SK0044,2
CAND07420,SK0179,1
CAND02241,SK0135,1
CAND04547,SK0219,5
CAND13786,SK0185,4
CAND04166,SK0113,2
CAND00311,SK0131,5
CAND14788,SK0156,1
CAND02843,SK0192,1
CAND03241,SK0231,5
CAND11877,SK0171,5
CAND05387,SK0232,4
CAND11090,SK0113,5
CAND14644,SK0130,4
CAND12502,SK0237,3
CAND03018,SK0004,5
CAND08952,SK0253,4
CAND01013,SK0298,2
CAND06858,SK0201,3
CAND05347,SK0152,1
CAND08682,SK0127,1
CAND01328,SK0215,3
CAND06641,SK0189,3
CAND11612,SK0188,5
CAND08310,SK0040,1
CAND11522,SK0173,3
CAND05529,SK0131,2
CAND08455,SK0177,4
CAND11290,SK0245,1
CAND05148,SK0297,1
CAND02025,SK0002,5
CAND09825,SK0026,2
CAND05490,SK0002,5
CAND05485,SK0257,1
CAND02488,SK0226,1
CAND05511,SK0237,5
CAND00329,SK0233,3
CAND10999,SK0134,3
CAND02089,SK0073,4
CAND05575,SK0225,1
CAND12723,SK0268,2
CAND11320,SK0279,4
CAND02499,SK0218,5
CAND08291,SK0106,5
CAND02227,SK0121,5
CAND08999,SK0054,2
CAND09440,SK0157,3
CAND01620,SK0235,3
CAND10879,SK0004,4
CAND09138,SK0277,1
CAND07938,SK0242,2
CAND13774,SK0198,5
CAND01641,SK0015,1
CAND05787,SK0031,2
CAND01800,SK0101,3
CAND14975,SK0107,2
CAND07811,SK0101,3
CAND04236,SK0150,5
CAND04596,SK0047,3
CAND07418,SK0077,3
CAND01713,SK0014,3
CAND11868,SK0060,3
CAND01621,SK0288,2
CAND06174,SK0220,5
CAND12571,SK0269,3
CAND13771,SK0280,5
CAND06558,SK0173,3
CAND09113,SK0297,3
CAND13258,SK0086,5
CAND13139,SK0292,4
CAND03693,SK0229,3
CAND05797,SK0237,4
CAND12841,SK0180,2
CAND06465,SK0073,4
CAND14885,SK0258,4
CAND01807,SK0073,1
CAND04003,SK0203,2
CAND07907,SK0281,4
CAND02279,SK0179,2
CAND06079,SK0094,1
CAND13189,SK0265,4
CAND14100,SK0293,1
CAND14450,SK0054,4
CAND00276,SK0072,4
CAND07747,SK0139,2
CAND03284,SK0028,4
CAND09640,SK0093,1
CAND08205,SK0076,2
CAND04929,SK0142,1
CAND03716,SK0287,4
CAND04737,SK0043,2
CAND09977,SK0161,1
CAND00790,SK0049,2
CAND04149,SK0058,3
CAND00682,SK0087,1
CAND12004,SK0060,4
CAND08973,SK0268,3
CAND01433,SK0047,4
CAND11159,SK0040,2
CAND04088,SK0016,3
CAND10359,SK0244,1
CAND09232,SK0004,2
CAND06733,SK0143,3
CAND10659,SK0286,4
CAND04477,SK0008,5
CAND13752,SK0249,5
CAND06203,SK0249,1
CAND13639,SK0138,3
CAND13897,SK0206,4
CAND08232,SK0214,5
CAND07030,SK0214,2
CAND00660,SK0121,5
CAND14924,SK0072,5
CAND05929,SK0230,4
CAND09078,SK0132,3
CAND14629,SK0067,5
CAND02822,SK0294,5
CAND08785,SK0189,1
CAND12813,SK0088,1
CAND02222,SK0292,2
CAND03525,SK0082,4
CAND09127,SK0030,3
CAND02694,SK0018,3
CAND01613,SK0193,4
CAND00605,SK0209,5
CAND05834,SK0021,2
CAND07377,SK0266,3
CAND05506,SK0103,3
CAND14804,SK0090,1
CAND03437,SK0092,3
CAND05776,SK0027,2
CAND14090,SK0119,1
CAND01235,SK0256,3
CAND06589,SK0021,4
CAND10082,SK0269,3
CAND07230,SK0076,5
CAND09645,SK0153,4
CAND09342,SK0244,4
CAND04678,SK0100,2
CAND11610,SK0244,1
CAND13404,SK0190,2
CAND11949,SK0173,2
CAND01340,SK0193,5
CAND04467,SK0016,2
CAND01011,SK0051,2
CAND14029,SK0116,2
CAND10159,SK0264,1
CAND13928,SK0253,2
CAND05201,SK0165,3
CAND14909,SK0066,3
CAND02423,SK0034,5
CAND09564,SK0146,5
CAND02823,SK0078,1
CAND08208,SK0106,3
CAND04705,SK0297,3
CAND14780,SK0257,2
CAND09619,SK0099,4
CAND07533,SK0096,3
CAND02903,SK0068,2
CAND14387,SK0196,3
CAND12035,SK0287,4
CAND09649,SK0077,5
CAND02645,SK0076,2
CAND05017,SK0260,3
CAND05987,SK0246,1
CAND05556,SK0021,5
CAND10761,SK0262,2
CAND03651,SK0039,4
CAND00090,SK0040,4
CAND09163,SK0045,3
CAND12870,SK0109,5
CAND11793,SK0089,5
CAND14986,SK0219,3
CAND06086,SK0151,5
CAND06328,SK0040,1
CAND03369,SK0295,4
CAND13950,SK0090,1
CAND14659,SK0144,5
CAND06175,SK0079,3
CAND04938,SK0177,1
CAND05232,SK0260,5
CAND09642,SK0164,3
CAND14531,SK0038,4
CAND01405,SK0265,5
CAND13342,SK0033,5
CAND14026,SK0002,1
CAND07168,SK0284,1
CAND07917,SK0113,1
CAND12824,SK0214,3
CAND12416,SK0039,1
CAND08353,SK0210,5
CAND09908,SK0109,4
CAND12334,SK0294,4
CAND11298,SK0156,5
CAND05361,SK0130,1
CAND05803,SK0183,5
CAND12940,SK0063,5
CAND01919,SK0209,4
CAND12273,SK0214,4
CAND05379,SK0065,4
CAND01801,SK0200,5
CAND07744,SK0211,3
CAND10510,SK0081,3
CAND13249,SK0098,3
CAND04787,SK0173,1
CAND07651,SK0187,3
CAND01946,SK0281,5
CAND13635,SK0120,4
CAND00710,SK0289,5
CAND09246,SK0191,2
CAND04817,SK0194,3
CAND14356,SK0051,2
CAND02278,SK0191,5
CAND07893,SK0112,3
CAND02500,SK0051,2
CAND02187,SK0102,2
CAND14070,SK0102,2
CAND01458,SK0028,1
CAND13951,SK0248,4
CAND10855,SK0056,3
CAND07383,SK0102,2
CAND04090,SK0068,2
CAND03638,SK0060,5
CAND01975,SK0066,5
CAND02629,SK0188,5
CAND04798,SK0230,5
CAND09015,SK0288,1
CAND14467,SK0110,2
CAND05823,SK0243,4
CAND12246,SK0173,4
CAND10541,SK0235,4
CAND12334,SK0163,4
CAND11018,SK0019,2
CAND04435,SK0084,2
CAND01341,SK0207,1
CAND03659,SK0068,3
CAND00597,SK0286,3
CAND10698,SK0061,5
CAND14377,SK0040,3
CAND00232,SK0288,4
CAND08314,SK0158,4
CAND09067,SK0235,2
CAND12265,SK0180,4
CAND03040,SK0076,4
CAND13257,SK0250,1
CAND08112,SK0279,1
CAND07856,SK0288,1
CAND05151,SK0178,1
CAND13628,SK0296,4
CAND14226,SK0275,4
CAND06156,SK0038,1
CAND09452,SK0003,1
CAND12187,SK0033,3
CAND02554,SK0291,4
CAND13165,SK0022,2
CAND09298,SK0154,1
CAND12180,SK0242,4
CAND11285,SK0101,4
CAND11066,SK0132,2
CAND13219,SK0291,4
CAND11661,SK0093,4
CAND11347,SK0221,1
CAND04244,SK0269,5
CAND06968,SK0151,3
CAND05298,SK0254,4
CAND05458,SK0245,3
CAND03156,SK0206,3
CAND03319,SK0153,5
CAND14387,SK0281,3
CAND06472,SK0098,1
CAND03725,SK0235,1
CAND00304,SK0248,2
CAND03324,SK0049,1
CAND05929,SK0132,3
CAND02434,SK0217,3
CAND06342,SK0093,3
CAND12712,SK0186,3
CAND06958,SK0277,5
CAND00497,SK0023,2
CAND08416,SK0265,5
CAND09800,SK0183,1
CAND03127,SK0024,2
CAND07656,SK0076,5
CAND10441,SK0128,3
CAND05070,SK0177,1
CAND08167,SK0201,5
CAND00528,SK0112,2
CAND13505,SK0066,1
CAND00009,SK0278,1
CAND11487,SK0229,1
CAND12390,SK0037,5
CAND02922,SK0143,3
CAND05023,SK0160,2
CAND09266,SK0131,3
CAND14357,SK0117,4
CAND00907,SK0030,4
CAND02927,SK0283,3
CAND13227,SK0010,3
CAND06491,SK0102,3
CAND03549,SK0004,1
CAND00518,SK0001,4
CAND06063,SK0259,2
CAND14553,SK0007,3
CAND06594,SK0097,2
CAND06538,SK0047,4
CAND06987,SK0154,1
CAND01512,SK0083,1
CAND11721,SK0288,1
CAND00647,SK0214,2
CAND10112,SK0223,4
CAND10165,SK0294,4
CAND01686,SK0036,1
CAND09183,SK0010,3
CAND10530,SK0269,2
CAND10753,SK0059,2
CAND14116,SK0139,1
CAND08344,SK0063,4
CAND12531,SK0253,1
CAND12706,SK0016,4
CAND09932,SK0182,2
CAND06846,SK0030,4
CAND07779,SK0166,2
CAND09589,SK0134,2
CAND14521,SK0050,2
CAND04381,SK0169,2
CAND12105,SK0036,1
CAND10555,SK0049,2
CAND13923,SK0268,4
CAND11785,SK0039,2
CAND05390,SK0267,3
CAND04622,SK0089,2
CAND11142,SK0014,4
CAND03158,SK0046,4
CAND00428,SK0145,4
CAND09334,SK0003,3
CAND05725,SK0186,2
CAND01227,SK0057,5
CAND08769,SK0032,2
CAND07733,SK0192,5
CAND01187,SK0278,4
CAND04866,SK0076,5
CAND13146,SK0296,2
CAND00681,SK0003,4
CAND12079,SK0154,3
CAND03769,SK0206,4
CAND00198,SK0147,3
CAND09989,SK0246,1
CAND11756,SK0095,3
CAND14212,SK0001,4
CAND07434,SK0294,4
CAND10544,SK0035,4
CAND07021,SK0106,3
CAND01930,SK0143,5
CAND14257,SK0229,4
CAND01826,SK0008,2
CAND10284,SK0217,4
CAND07574,SK0205,2
CAND10656,SK0267,5
CAND10196,SK0126,4
CAND14689,SK0152,5
CAND06737,SK0196,2
CAND09691,SK0154,1
CAND08323,SK0269,5
CAND14951,SK0159,5
CAND09330,SK0057,4
CAND06421,SK0094,3
CAND03749,SK0213,1
CAND03059,SK0013,3
CAND11004,SK0160,1
CAND10848,SK0273,4
CAND11027,SK0299,3
CAND13507,SK0151,3
CAND06730,SK0146,4
CAND05370,SK0157,3
CAND13031,SK0145,2
CAND13932,SK0229,5
CAND09745,SK0032,1
CAND11285,SK0080,1
CAND07867,SK0170,4
CAND04386,SK0146,2
CAND09755,SK0174,1
CAND07352,SK0298,4
CAND01517,SK0013,4
CAND13929,SK0255,2
CAND01008,SK0165,5
CAND01970,SK0188,2
CAND09079,SK0055,5
CAND11269,SK0173,2
CAND09205,SK0205,4
CAND14177,SK0119,1
CAND02491,SK0122,5
CAND07352,SK0048,2
CAND00643,SK0239,5
CAND11994,SK0169,5
CAND06224,SK0044,1
CAND13144,SK0224,3
CAND03359,SK0244,5
CAND13262,SK0106,3
CAND01963,SK0156,4
CAND08559,SK0067,4
CAND08962,SK0016,2
CAND14209,SK0288,1
CAND05861,SK0200,1
CAND01177,SK0287,1
CAND10420,SK0196,3
CAND14994,SK0241,1
CAND06406,SK0091,3
CAND05949,SK0127,5
CAND07159,SK0277,4
CAND04788,SK0199,4
CAND07939,SK0002,3
CAND04655,SK0290,1
CAND04338,SK0147,2
CAND00404,SK0023,2
CAND11845,SK0133,1
CAND06713,SK0207,4
CAND04934,SK0211,3
CAND11264,SK0287,2
CAND12010,SK0163,5
CAND08869,SK0204,1
CAND01703,SK0052,4
CAND03172,SK0096,3
CAND04660,SK0136,2
CAND14996,SK0218,1
CAND08971,SK0276,3
CAND07963,SK0210,5
CAND10246,SK0197,5
CAND06126,SK0270,3
CAND03587,SK0065,3
CAND09486,SK0213,1
CAND02543,SK0142,4
CAND02509,SK0241,4
CAND09613,SK0271,3
CAND09087,SK0072,3
CAND06786,SK0013,2
CAND03989,SK0170,1
CAND03329,SK0201,1
CAND06542,SK0127,2
CAND00914,SK0091,3
CAND00159,SK0282,4
CAND12947,SK0223,4
CAND14662,SK0229,1
CAND07143,SK0042,2
CAND02474,SK0136,4
CAND12192,SK0002,1
CAND10083,SK0077,4
CAND06229,SK0137,4
CAND04295,SK0290,4
CAND08425,SK0184,1
CAND08093,SK0040,3
CAND09828,SK0073,1
CAND08777,SK0009,5
CAND00540,SK0191,3
CAND10291,SK0243,2
CAND09281,SK0010,3
CAND04529,SK0027,1
CAND13802,SK0204,2
CAND00874,SK0275,5
CAND10975,SK0140,3
CAND10135,SK0179,2
CAND00059,SK0053,1
CAND04113,SK0289,2
CAND02120,SK0069,3
CAND11375,SK0138,3
CAND11887,SK0297,4
CAND11389,SK0152,1
CAND07272,SK0152,2
CAND12317,SK0197,2
CAND00691,SK0033,1
CAND06823,SK0215,1
CAND03322,SK0122,5
CAND00382,SK0220,4
CAND05934,SK0164,1
CAND01775,SK0002,4
CAND03017,SK0011,5
CAND09640,SK0262,4
CAND06975,SK0300,4
CAND08690,SK0034,3
CAND06415,SK0010,1
CAND01347,SK0226,4
CAND00763,SK0051,5
CAND02771,SK0214,3
CAND11795,SK0119,4
CAND09760,SK0172,4
CAND12403,SK0160,1
CAND14109,SK0084,3
CAND12092,SK0137,3
CAND03803,SK0054,2
CAND01988,SK0132,2
CAND02119,SK0277,3
CAND14267,SK0229,2
CAND00834,SK0242,3
CAND00863,SK0126,1
CAND09161,SK0230,1
CAND14868,SK0199,5
CAND11895,SK0051,3
CAND12225,SK0124,4
CAND00678,SK0173,2
CAND09217,SK0296,5
CAND00218,SK0242,3
CAND11349,SK0125,3
CAND01332,SK0017,5
CAND11203,SK0186,1
CAND01241,SK0022,5
CAND03842,SK0199,1
CAND14833,SK0130,2
CAND00186,SK0081,4
CAND03988,SK0002,1
CAND03234,SK0111,2
CAND12682,SK0076,2
CAND10473,SK0183,1
CAND03898,SK0226,2
CAND14767,SK0251,5
CAND07385,SK0015,1
CAND06733,SK0257,4
CAND13975,SK0162,4
CAND03778,SK0068,3
CAND14714,SK0144,4
CAND07288,SK0292,2
CAND07697,SK0172,1
CAND06310,SK0183,4
CAND00049,SK0270,2
CAND10808,SK0094,4
CAND00999,SK0034,1
CAND13446,SK0147,4
CAND11065,SK0032,1
CAND09660,SK0197,5
CAND14814,SK0239,3
CAND01901,SK0052,5
CAND02576,SK0197,3
CAND13224,SK0075,2
CAND01290,SK0228,2
CAND03119,SK0300,4
CAND03191,SK0240,5
CAND11499,SK0159,2
CAND11381,SK0098,5
CAND02968,SK0046,4
CAND09360,SK0146,3
CAND02483,SK0023,4
CAND04178,SK0150,1
CAND01724,SK0160,4
CAND12420,SK0068,4
CAND12930,SK0207,5
CAND06079,SK0188,5
CAND06241,SK0092,5
CAND04144,SK0042,3
CAND05074,SK0270,3
CAND08933,SK0021,1
CAND06525,SK0037,1
CAND13687,SK0222,5
CAND13412,SK0277,2
CAND08585,SK0009,1
CAND08989,SK0242,5
CAND00616,SK0078,4
CAND03916,SK0186,5
CAND07216,SK0103,5
CAND01283,SK0075,2
CAND12990,SK0168,5
CAND04202,SK0077,2
CAND01270,SK0042,4
CAND00657,SK0194,2
CAND08587,SK0134,4
CAND09522,SK0278,4
CAND01400,SK0042,3
CAND08331,SK0230,1
CAND06861,SK0286,5
CAND05735,SK0078,2
CAND09068,SK0282,2
CAND03932,SK0278,5
CAND01772,SK0027,4
CAND13460,SK0193,4
CAND09224,SK0061,1
CAND02441,SK0076,4
CAND11891,SK0268,5
CAND10158,SK0194,1
CAND05241,SK0130,3
CAND12914,SK0247,5
CAND05210,SK0257,3
CAND06903,SK0113,1
CAND02287,SK0068,5
CAND04058,SK0288,5
CAND10499,SK0229,3
CAND09660,SK0069,4
CAND08859,SK0211,2
CAND00472,SK0260,5
CAND13897,SK0223,4
CAND10574,SK0269,2
CAND02582,SK0139,3
CAND07661,SK0267,1
CAND11369,SK0073,4
CAND05223,SK0017,3
CAND08026,SK0259,4
CAND04523,SK0083,4
CAND06195,SK0156,5
CAND10360,SK0235,4
CAND14603,SK0037,1
CAND12758,SK0098,3
CAND11859,SK0002,3
CAND03862,SK0002,1
CAND12810,SK0069,1
CAND13583,SK0001,4
CAND00877,SK0060,2
CAND05557,SK0124,3
CAND04602,SK0132,3
CAND11731,SK0003,4
CAND07631,SK0027,4
CAND04711,SK0299,5
CAND02558,SK0070,2
CAND01559,SK0082,3
CAND14265,SK0141,2
CAND11664,SK0208,4
CAND12778,SK0168,5
CAND07183,SK0119,5
CAND09175,SK0288,4
CAND11023,SK0123,3
CAND05003,SK0118,2
CAND08319,SK0005,4
CAND10899,SK0071,1
CAND13690,SK0021,4
CAND03661,SK0029,1
CAND14373,SK0043,1
CAND00568,SK0123,5
CAND06944,SK0193,2
CAND14112,SK0220,1
CAND00106,SK0274,3
CAND02961,SK0183,4
CAND14477,SK0029,5
CAND01780,SK0255,1
CAND13184,SK0083,4
CAND03065,SK0001,5
CAND14209,SK0191,1
CAND09285,SK0239,1
CAND03420,SK0096,1
CAND00412,SK0166,4
CAND06586,SK0234,5
CAND12534,SK0030,2
CAND13510,SK0040,3
CAND10796,SK0226,4
CAND11369,SK0262,4
CAND02067,SK0268,3
CAND06223,SK0199,1
CAND07709,SK0078,5
CAND13085,SK0023,5
CAND11144,SK0038,2
CAND01869,SK0224,3
CAND01396,SK0098,1
CAND10181,SK0180,5
CAND06074,SK0190,4
CAND10706,SK0113,5
CAND06475,SK0280,1
CAND04045,SK0115,1
CAND10998,SK0050,4
CAND03081,SK0125,2
CAND03826,SK0155,3
CAND01631,SK0071,5
CAND02302,SK0174,5
CAND02223,SK0267,3
CAND11439,SK0280,5
CAND02067,SK0004,2
CAND08021,SK0197,4
CAND10428,SK0130,1
CAND11663,SK0183,1
CAND09005,SK0289,4
CAND08099,SK0184,2
CAND07773,SK0066,3
CAND12306,SK0109,2
CAND11965,SK0213,4
CAND01762,SK0169,5
CAND01859,SK0224,2
CAND14164,SK0145,3
CAND12337,SK0119,3
CAND07446,SK0228,1
CAND14371,SK0106,2
CAND11368,SK0135,2
CAND06127,SK0102,3
CAND12173,SK0047,5
CAND12289,SK0012,2
CAND02054,SK0292,5
CAND00197,SK0101,1
CAND09208,SK0216,3
CAND03076,SK0155,5
CAND03775,SK0166,4
CAND06626,SK0204,3
CAND00566,SK0297,3
CAND01514,SK0227,1
CAND09849,SK0035,3
CAND09026,SK0211,2
CAND12380,SK0178,5
CAND14712,SK0010,5
CAND08252,SK0162,3
CAND07794,SK0113,3
CAND14152,SK0054,4
CAND03968,SK0202,4
CAND06026,SK0173,2
CAND14047,SK0266,1
CAND10989,SK0059,3
CAND02359,SK0168,2
CAND03143,SK0196,3
CAND06319,SK0181,2
CAND13317,SK0226,1
CAND13036,SK0077,5
CAND03393,SK0064,4
CAND02491,SK0241,1
CAND04701,SK0033,5
CAND12502,SK0046,4
CAND01768,SK0137,2
CAND10996,SK0204,4
CAND06871,SK0246,5
CAND11557,SK0236,4
CAND14629,SK0223,4
CAND14295,SK0034,3
CAND10132,SK0122,4
CAND07888,SK0152,3
CAND03562,SK0114,1
CAND03368,SK0162,2
CAND11322,SK0259,2
CAND09045,SK0006,5
CAND03847,SK0240,2
CAND10749,SK0149,1
CAND06047,SK0181,1
CAND01638,SK0203,5
CAND03011,SK0057,2
CAND01414,SK0171,4
CAND13800,SK0119,5
CAND11958,SK0109,5
CAND14726,SK0124,1
CAND12014,SK0089,3
CAND13548,SK0047,3
CAND06423,SK0057,5
CAND07938,SK0219,4
CAND09190,SK0252,2
CAND06475,SK0053,5
CAND13219,SK0248,2
CAND08909,SK0170,3
CAND11251,SK0221,5
CAND03854,SK0105,5
CAND03608,SK0103,3
CAND14683,SK0033,2
CAND04197,SK0097,2
CAND13866,SK0080,5
CAND13083,SK0276,2
CAND13718,SK0174,3
CAND08514,SK0014,1
CAND13747,SK0271,4
CAND09003,SK0292,4
CAND02913,SK0274,3
CAND07532,SK0218,4
CAND01847,SK0223,5
CAND14177,SK0252,4
CAND12961,SK0105,2
CAND11493,SK0005,1
CAND01395,SK0020,3
CAND02899,SK0120,1
CAND03339,SK0135,2
CAND07899,SK0093,3
CAND13722,SK0079,2
CAND00898,SK0185,1
CAND12643,SK0251,5
CAND04653,SK0218,4
CAND01637,SK0242,1
CAND00885,SK0023,1
CAND14157,SK0095,1
CAND13313,SK0217,3
CAND00422,SK0023,5
CAND00744,SK0064,4
CAND12389,SK0002,5
CAND13813,SK0278,4
CAND09108,SK0300,1
CAND13823,SK0187,4
CAND12185,SK0176,4
CAND02852,SK0005,1
CAND14143,SK0015,5
CAND00655,SK0248,5
CAND04468,SK0136,5
CAND05990,SK0046,4
CAND04180,SK0228,5
CAND07094,SK0244,1
CAND11556,SK0057,4
CAND00810,SK0260,2
CAND12932,SK0005,3
CAND00918,SK0040,5
CAND13237,SK0256,3
CAND08574,SK0175,3
CAND14866,SK0242,4
CAND02922,SK0226,4
CAND13402,SK0163,1
CAND02150,SK0152,3
CAND08809,SK0290,5
CAND00523,SK0271,4
CAND13561,SK0061,3
CAND14375,SK0200,2
CAND00183,SK0003,3
CAND09476,SK0289,1
CAND10827,SK0129,5
CAND08768,SK0011,1
CAND05847,SK0145,3
CAND12893,SK0049,5
CAND08662,SK0222,1
CAND09477,SK0182,3
CAND14727,SK0071,2
CAND08192,SK0116,2
CAND00480,SK0291,1
CAND10794,SK0044,4
CAND09971,SK0027,4
CAND02576,SK0253,4
CAND09619,SK0274,5
CAND04591,SK0207,3
CAND03248,SK0077,5
CAND03527,SK0211,1
CAND13907,SK0190,4
CAND05538,SK0036,2
CAND01256,SK0300,3
CAND01763,SK0064,1
CAND11985,SK0174,2
CAND02692,SK0269,1
CAND01474,SK0111,2
CAND05322,SK0206,1
CAND04354,SK0141,3
CAND09587,SK0205,5
CAND04745,SK0065,4
CAND11854,SK0203,4
CAND04251,SK0175,3
CAND09108,SK0080,3
CAND01901,SK0229,3
CAND05451,SK0192,4
CAND02136,SK0105,4
CAND10611,SK0295,3
CAND09944,SK0010,1
CAND06491,SK0095,3
CAND04775,SK0083,3
CAND04628,SK0262,4
CAND12357,SK0185,1
CAND02992,SK0007,3
CAND13854,SK0072,5
CAND02360,SK0281,5
CAND00989,SK0097,2
CAND12457,SK0210,4
CAND05344,SK0291,1
CAND04878,SK0244,5
CAND05228,SK0206,3
CAND04565,SK0210,5
CAND02884,SK0197,3
CAND09033,SK0106,1
CAND01294,SK0196,5
CAND08825,SK0272,3
CAND13288,SK0073,5
CAND14418,SK0120,1
CAND01372,SK0091,5
CAND14129,SK0064,4
CAND03533,SK0188,1
CAND10656,SK0213,2
CAND01914,SK0103,5
CAND01556,SK0114,5
CAND09710,SK0256,5
CAND13515,SK0129,3
CAND02851,SK0216,5
CAND02749,SK0285,3
CAND09981,SK0258,5
CAND13899,SK0239,1
CAND11658,SK0044,5
CAND10241,SK0083,5
CAND07789,SK0180,2
CAND11905,SK0248,4
CAND13018,SK0226,1
CAND11581,SK0138,5
CAND03365,SK0256,2
CAND13164,SK0178,5
CAND06428,SK0002,3
CAND13501,SK0068,3
CAND13961,SK0057,1
CAND13186,SK0088,1
CAND13224,SK0123,1
CAND11509,SK0162,1
CAND01951,SK0095,4
CAND04087,SK0052,2
CAND09080,SK0219,5
CAND02348,SK0042,1
CAND11242,SK0013,1
CAND04427,SK0283,1
CAND03921,SK0196,2
CAND12251,SK0257,2
CAND03612,SK0063,2
CAND12418,SK0202,2
CAND08473,SK0031,4
CAND11110,SK0165,3
CAND08668,SK0246,2
CAND12135,SK0084,5
CAND01111,SK0224,3
CAND07220,SK0106,2
CAND00835,SK0049,4
CAND11347,SK0139,2
CAND11064,SK0132,5
CAND06351,SK0194,5
CAND01921,SK0052,4
CAND04445,SK0229,5
CAND09979,SK0210,3
CAND00462,SK0110,3
CAND00206,SK0267,3
CAND10031,SK0066,4
CAND07502,SK0146,3
CAND09587,SK0045,4
CAND06890,SK0093,3
CAND11370,SK0003,3
CAND03455,SK0073,2
CAND06758,SK0075,2
CAND06716,SK0022,1
CAND14029,SK0038,4
CAND12687,SK0003,2
CAND08163,SK0188,2
CAND13983,SK0106,1
CAND13286,SK0152,5
CAND11604,SK0223,5
CAND08126,SK0090,5
CAND07178,SK0210,5
CAND08743,SK0108,5
CAND14267,SK0222,5
CAND12167,SK0175,5
CAND05259,SK0022,1
CAND04276,SK0056,3
CAND04381,SK0118,4
CAND10651,SK0004,5
CAND04860,SK0221,2
CAND04183,SK0069,5
CAND13579,SK0044,3
CAND12101,SK0105,1
CAND13926,SK0248,2
CAND09030,SK0285,4
CAND03444,SK0179,1
CAND00658,SK0190,1
CAND13361,SK0274,3
CAND08667,SK0146,5
CAND08018,SK0275,3
CAND09737,SK0277,5
CAND05823,SK0256,4
CAND09898,SK0111,1
CAND05450,SK0182,3
CAND04653,SK0293,1
CAND00891,SK0190,2
CAND08655,SK0239,4
CAND02462,SK0190,3
CAND10429,SK0004,5
CAND13136,SK0264,3
CAND02178,SK0138,2
CAND00528,SK0005,1
CAND02370,SK0199,4
CAND01207,SK0281,5
CAND13712,SK0216,1
CAND13683,SK0204,2
CAND00116,SK0175,5
CAND06830,SK0273,3
CAND04630,SK0271,4
CAND01248,SK0203,3
CAND01900,SK0216,1
CAND00485,SK0256,4
CAND12478,SK0124,5
CAND02131,SK0261,4
CAND08544,SK0160,3
CAND13454,SK0030,2
CAND09251,SK0174,1
CAND13224,SK0202,1
CAND11441,SK0067,3
CAND06771,SK0175,2
CAND01646,SK0069,3
CAND08755,SK0073,5
CAND07022,SK0241,2
CAND09562,SK0098,4
CAND12440,SK0195,2
CAND05639,SK0065,2
CAND04621,SK0076,2
CAND01769,SK0055,2
CAND01226,SK0003,2
CAND07656,SK0111,1
CAND09725,SK0168,1
CAND07956,SK0103,5
CAND01968,SK0256,4
CAND14646,SK0060,5
CAND02372,SK0215,1
CAND05863,SK0039,1
CAND06302,SK0296,5
CAND12200,SK0206,1
CAND04656,SK0091,5
CAND10681,SK0120,5
CAND09644,SK0094,3
CAND04876,SK0028,5
CAND01279,SK0270,3
CAND05112,SK0258,1
CAND03676,SK0218,5
CAND07843,SK0126,2
CAND04855,SK0234,1
CAND00259,SK0249,2
CAND12683,SK0146,3
CAND03074,SK0003,2
CAND05911,SK0287,5
CAND12840,SK0084,3
CAND06636,SK0018,2
CAND10529,SK0128,2
CAND09599,SK0186,4
CAND13374,SK0028,2
CAND00309,SK0130,1
CAND12636,SK0016,1
CAND02267,SK0231,1
CAND11037,SK0248,3
CAND07152,SK0080,2
CAND01342,SK0100,3
CAND10440,SK0241,3
CAND10416,SK0222,3
CAND14589,SK0195,1
CAND02865,SK0007,2
CAND02282,SK0263,4
CAND05187,SK0093,1
CAND13295,SK0257,2
CAND07167,SK0250,5
CAND11169,SK0249,3
CAND05069,SK0076,1
CAND13448,SK0205,1
CAND01498,SK0045,4
CAND05338,SK0237,5
CAND12831,SK0062,5
CAND01993,SK0098,1
CAND08618,SK0041,2
CAND00534,SK0252,4
CAND02043,SK0174,5
CAND01262,SK0150,1
CAND05970,SK0219,2
CAND01466,SK0166,3
CAND06805,SK0208,5
CAND02844,SK0188,1
CAND01701,SK0283,4
CAND02119,SK0121,2
CAND04725,SK0050,4
CAND03380,SK0245,3
CAND05873,SK0199,2
CAND11854,SK0170,5
CAND01534,SK0157,5
CAND10499,SK0244,1
CAND00857,SK0077,2
CAND06582,SK0082,1
CAND07933,SK0160,5
CAND05873,SK0054,5
CAND06393,SK0147,1
CAND11431,SK0159,1
CAND09774,SK0023,5
CAND03000,SK0021,3
CAND02500,SK0028,5
CAND11380,SK0094,4
CAND07626,SK0136,3
CAND14824,SK0079,3
CAND09760,SK0006,1
CAND06821,SK0126,4
CAND10058,SK0274,1
CAND02605,SK0046,3
CAND05357,SK0134,5
CAND04864,SK0201,2
CAND09653,SK0188,2
CAND07466,SK0120,4
CAND09573,SK0144,5
CAND12411,SK0044,2
CAND08826,SK0241,3
CAND00930,SK0268,5
CAND05517,SK0136,2
CAND04971,SK0146,3
CAND04002,SK0229,4
CAND13831,SK0235,2
CAND09580,SK0251,5
CAND03302,SK0111,3
CAND07870,SK0184,3
CAND04940,SK0019,3
CAND09441,SK0052,3
CAND11957,SK0093,1
CAND01345,SK0294,2
CAND14546,SK0288,1
CAND02910,SK0047,5
CAND02538,SK0005,4
CAND08294,SK0262,3
CAND13376,SK0149,3
CAND05931,SK0243,4
CAND00586,SK0119,1
CAND14830,SK0235,4
CAND00748,SK0220,5
CAND08112,SK0298,5
CAND06145,SK0097,3
CAND02265,SK0013,1
CAND05376,SK0171,2
CAND06257,SK0245,5
CAND09205,SK0294,5
CAND09358,SK0014,1
CAND07468,SK0293,1
CAND06576,SK0245,5
CAND06522,SK0267,2
CAND08041,SK0091,5
CAND05106,SK0223,3
CAND09989,SK0227,2
CAND13486,SK0188,2
CAND13777,SK0161,2
CAND09674,SK0283,1
CAND12084,SK0112,5
CAND04139,SK0080,1
CAND01383,SK0117,5
CAND04663,SK0037,1
CAND10125,SK0237,3
CAND08384,SK0294,5
CAND09164,SK0041,3
CAND05898,SK0128,3
CAND13115,SK0270,2
CAND03039,SK0190,2
CAND03745,SK0120,4
CAND00401,SK0100,2
CAND14945,SK0300,2
CAND00655,SK0089,3
CAND01908,SK0075,1
CAND11592,SK0025,1
CAND10147,SK0217,3
CAND13696,SK0051,4
CAND10483,SK0070,3
CAND13261,SK0046,2
CAND06631,SK0002,1
CAND12356,SK0298,4
CAND06082,SK0055,4
CAND00971,SK0092,4
CAND11846,SK0203,5
CAND12539,SK0285,5
CAND01999,SK0092,2
CAND13586,SK0129,1
CAND02894,SK0220,1
CAND01097,SK0033,2
CAND00026,SK0194,1
CAND00763,SK0158,1
CAND13911,SK0241,2
CAND12373,SK0278,3
CAND09675,SK0087,1
CAND11286,SK0284,5
CAND10163,SK0150,4
CAND05706,SK0218,5
CAND03940,SK0149,4
CAND09983,SK0292,1
CAND01933,SK0055,4
CAND12355,SK0248,3
CAND14677,SK0023,2
CAND13102,SK0043,5
CAND13325,SK0127,1
CAND10528,SK0027,3
CAND09547,SK0071,2
CAND03451,SK0261,4
CAND09703,SK0037,2
CAND13425,SK0188,4
CAND12143,SK0055,5
CAND11684,SK0046,2
CAND08580,SK0280,3
CAND14939,SK0055,5
CAND05907,SK0056,2
CAND14318,SK0104,5
CAND10431,SK0235,2
CAND00092,SK0197,4
CAND01132,SK0105,1
CAND03634,SK0110,5
CAND02662,SK0033,5
CAND08193,SK0007,3
CAND13249,SK0087,1
CAND03008,SK0037,2
CAND07686,SK0105,1
CAND07670,SK0145,4
CAND00247,SK0164,1
CAND13896,SK0287,5
CAND10322,SK0272,5
CAND11787,SK0118,1
CAND13648,SK0267,3
CAND03274,SK0056,2
CAND01978,SK0047,3
CAND14999,SK0074,3
CAND00760,SK0088,5
CAND11225,SK0142,3
CAND08271,SK0096,1
CAND06457,SK0201,1
CAND01970,SK0277,4
CAND00870,SK0289,2
CAND00401,SK0094,1
CAND09939,SK0111,4
CAND05698,SK0238,2
CAND11778,SK0112,1
CAND03825,SK0025,3
CAND11809,SK0171,3
CAND11704,SK0079,2
CAND06107,SK0260,5
CAND04861,SK0253,1
CAND01377,SK0293,5
CAND04639,SK0023,4
CAND00308,SK0140,5
CAND01635,SK0016,3
CAND07136,SK0185,3
CAND05972,SK0188,5
CAND06627,SK0075,3
CAND05160,SK0082,2
CAND00879,SK0185,4
CAND04834,SK0030,2
CAND02234,SK0046,2
CAND04743,SK0075,5
CAND05639,SK0282,1
CAND04269,SK0048,1
CAND10799,SK0292,5
CAND13143,SK0295,2
CAND06799,SK0159,2
CAND14553,SK0246,1
CAND12144,SK0132,2
CAND02566,SK0118,2
CAND08880,SK0222,5
CAND04759,SK0052,1
CAND08081,SK0094,5
CAND02208,SK0297,1
CAND02146,SK0236,1
CAND03062,SK0188,1
CAND03566,SK0068,2
CAND13849,SK0171,2
CAND13910,SK0271,5
CAND04338,SK0126,5
CAND07906,SK0136,2
CAND08243,SK0145,5
CAND04644,SK0173,5
CAND14577,SK0129,2
CAND01549,SK0080,1
CAND08112,SK0253,2
CAND00648,SK0236,3
CAND01261,SK0186,3
CAND01930,SK0223,3
CAND11919,SK0259,1
CAND10531,SK0083,4
CAND04974,SK0107,3
CAND11131,SK0100,5
CAND04977,SK0245,4
CAND10197,SK0266,4
CAND14887,SK0216,4
CAND07915,SK0011,5
CAND01928,SK0252,5
CAND01536,SK0134,1
CAND12170,SK0030,2
CAND04900,SK0141,4
CAND08660,SK0035,5
CAND10795,SK0030,4
CAND02867,SK0138,3
CAND14093,SK0178,2
CAND06834,SK0222,3
CAND07131,SK0139,5
CAND13926,SK0117,5
CAND07275,SK0004,5
CAND10390,SK0279,1
CAND02417,SK0174,2
CAND14231,SK0245,2
CAND04912,SK0181,4
CAND09379,SK0253,3
CAND00451,SK0190,5
CAND04552,SK0046,2
CAND04782,SK0172,1
CAND12077,SK0091,2
CAND03806,SK0200,5
CAND02015,SK0266,1
CAND02376,SK0142,2
CAND06704,SK0174,4
CAND09135,SK0124,4
CAND06662,SK0063,5
CAND11492,SK0159,4
CAND12482,SK0121,2
CAND03981,SK0024,3
CAND00181,SK0006,3
CAND02162,SK0123,4
CAND09413,SK0298,1
CAND06303,SK0121,2
CAND02108,SK0241,3
CAND14634,SK0130,3
CAND03228,SK0072,4
CAND14629,SK0065,1
CAND06799,SK0080,4
CAND10313,SK0291,5
CAND00599,SK0279,2
CAND13414,SK0246,2
CAND09687,SK0069,4
CAND04576,SK0197,5
CAND02617,SK0077,2
CAND02053,SK0102,4
CAND01190,SK0239,3
CAND03963,SK0132,3
CAND13897,SK0092,4
CAND08296,SK0018,3
CAND04840,SK0113,5
CAND05556,SK0035,3
CAND00717,SK0076,3
CAND01828,SK0275,1
CAND06020,SK0251,5
CAND06191,SK0146,4
CAND04811,SK0145,4
CAND04322,SK0263,5
CAND14721,SK0199,3
CAND03632,SK0048,5
CAND14120,SK0252,5
CAND04706,SK0202,3
CAND04100,SK0078,1
CAND04141,SK0071,5
CAND00248,SK0080,3
CAND03580,SK0173,1
CAND02294,SK0197,2
CAND12760,SK0067,3
CAND05651,SK0283,3
CAND11443,SK0118,2
CAND08870,SK0229,4
CAND13616,SK0091,1
CAND06023,SK0249,4
CAND10683,SK0023,2
CAND14687,SK0081,5
CAND02139,SK0043,5
CAND10415,SK0079,3
CAND13307,SK0115,5
CAND09170,SK0246,4
CAND10839,SK0225,3
CAND11034,SK0249,5
CAND01792,SK0192,1
CAND02979,SK0124,5
CAND13115,SK0299,4
CAND03790,SK0175,4
CAND12685,SK0196,2
CAND03963,SK0286,2
CAND04925,SK0167,3
CAND02871,SK0147,2
CAND04191,SK0042,2
CAND04522,SK0063,4
CAND09227,SK0242,3
CAND07913,SK0107,1
CAND05512,SK0242,3
CAND00773,SK0136,4
CAND10344,SK0082,5
CAND08393,SK0106,4
CAND08285,SK0269,5
CAND05388,SK0039,3
CAND06380,SK0099,3
CAND01678,SK0300,1
CAND08700,SK0049,5
CAND09584,SK0137,4
CAND14701,SK0031,5
CAND10287,SK0144,1
CAND12891,SK0185,1
CAND11153,SK0243,4
CAND00302,SK0048,4
CAND00601,SK0091,1
CAND07381,SK0066,2
CAND04562,SK0174,5
CAND11976,SK0208,1
CAND08473,SK0190,5
CAND04819,SK0108,3
CAND05072,SK0242,3
CAND11145,SK0204,3
CAND06332,SK0279,4
CAND05342,SK0235,2
CAND13498,SK0173,5
CAND01336,SK0106,5
CAND04297,SK0167,4
CAND11580,SK0020,2
CAND05907,SK0017,5
CAND00068,SK0128,3
CAND02263,SK0246,3
CAND04875,SK0117,4
CAND04599,SK0210,3
CAND06011,SK0202,3
CAND10257,SK0210,3
CAND05037,SK0264,4
CAND03422,SK0017,4
CAND05011,SK0268,5
CAND12465,SK0192,3
CAND03780,SK0222,1
CAND09763,SK0084,5
CAND11717,SK0198,4
CAND14356,SK0139,4
CAND08765,SK0275,1
CAND10389,SK0016,5
CAND13469,SK0121,5
CAND11859,SK0126,2
CAND07712,SK0230,1
CAND06582,SK0200,5
CAND10195,SK0074,4
CAND11704,SK0251,2
CAND03818,SK0169,3
CAND03924,SK0106,1
CAND08461,SK0176,5
CAND09036,SK0177,4
CAND03039,SK0185,4
CAND14745,SK0171,1
CAND10330,SK0017,1
CAND09208,SK0235,2
CAND10831,SK0246,2
CAND00905,SK0116,5
CAND14293,SK0073,1
CAND01640,SK0222,1
CAND05267,SK0069,2
CAND06620,SK0008,5
CAND06932,SK0021,3
CAND10605,SK0273,5
CAND14122,SK0218,3
CAND00781,SK0259,4
CAND12951,SK0112,5
CAND03563,SK0013,1
CAND03228,SK0081,5
CAND08890,SK0299,5
CAND12179,SK0295,1
CAND03558,SK0249,4
CAND10923,SK0020,2
CAND12305,SK0072,5
CAND02895,SK0007,1
CAND12046,SK0047,2
CAND11243,SK0121,2
CAND03301,SK0250,4
CAND11361,SK0004,1
CAND02510,SK0086,3
CAND08116,SK0259,5
CAND04522,SK0229,4
CAND12771,SK0271,5
CAND01118,SK0233,3
CAND00584,SK0177,1
CAND09129,SK0107,1
CAND14225,SK0224,4
CAND12578,SK0039,5
CAND08076,SK0036,3
CAND07306,SK0046,1
CAND06284,SK0142,1
CAND14750,SK0225,2
CAND14786,SK0223,2
CAND10041,SK0058,1
CAND04918,SK0019,1
CAND06604,SK0235,1
CAND00352,SK0247,1
CAND01328,SK0277,1
CAND03845,SK0243,1
CAND00310,SK0027,5
CAND08162,SK0085,3
CAND03505,SK0130,1
CAND04213,SK0048,1
CAND01807,SK0155,2
CAND03521,SK0060,3
CAND03642,SK0274,2
CAND03417,SK0028,4
CAND05159,SK0083,1
CAND04793,SK0050,3
CAND02393,SK0171,1
CAND14254,SK0022,2
CAND00941,SK0148,2
CAND07416,SK0140,3
CAND00703,SK0244,3
CAND06871,SK0247,5
CAND08710,SK0149,3
CAND08932,SK0117,1
CAND01617,SK0232,1
CAND03509,SK0086,2
CAND02511,SK0239,3
CAND04152,SK0015,2
CAND11808,SK0250,3
CAND00951,SK0216,2
CAND11197,SK0286,2
CAND13368,SK0296,1
CAND00743,SK0263,3
CAND03812,SK0239,4
CAND02235,SK0176,5
CAND03887,SK0109,2
CAND10027,SK0093,4
CAND08957,SK0214,4
CAND11212,SK0244,5
CAND04433,SK0203,2
CAND03618,SK0037,3
CAND02063,SK0197,3
CAND03920,SK0119,2
CAND11434,SK0113,2
CAND04434,SK0024,1
CAND08178,SK0206,2
CAND10257,SK0077,2
CAND14851,SK0281,3
CAND10054,SK0064,1
CAND01846,SK0016,3
CAND08995,SK0145,5
CAND08878,SK0030,4
CAND02935,SK0250,5
CAND13866,SK0089,5
CAND06540,SK0251,2
CAND07042,SK0036,1
CAND03000,SK0126,3
CAND07029,SK0015,3
CAND13104,SK0268,4
CAND12355,SK0181,1
CAND04296,SK0065,4
CAND11317,SK0257,3
CAND12984,SK0230,3
CAND04801,SK0052,1
CAND07604,SK0190,5
CAND08782,SK0134,4
CAND02260,SK0098,4
CAND14981,SK0248,3
CAND08136,SK0036,1
CAND09464,SK0156,3
CAND03307,SK0299,5
CAND11234,SK0051,4
CAND02904,SK0092,2
CAND06703,SK0169,2
CAND03707,SK0002,3
CAND05121,SK0206,1
CAND02279,SK0024,3
CAND05823,SK0208,3
CAND11491,SK0068,3
CAND06182,SK0293,3
CAND10688,SK0118,1
CAND08140,SK0105,4
CAND01014,SK0023,4
CAND07946,SK0079,2
CAND07452,SK0195,2
CAND07009,SK0153,5
CAND09381,SK0110,1
CAND10785,SK0296,1
CAND07571,SK0243,4
CAND01752,SK0047,4
CAND04598,SK0205,4
CAND13476,SK0025,5
CAND05323,SK0237,1
CAND01461,SK0273,3
CAND00451,SK0237,5
CAND00468,SK0264,2
CAND02511,SK0161,3
CAND11581,SK0025,5
CAND00994,SK0217,3
CAND04118,SK0300,4
CAND11837,SK0261,3
CAND09316,SK0029,4
CAND14851,SK0252,3
CAND12039,SK0083,2
CAND02783,SK0045,4
CAND13332,SK0274,3
CAND08854,SK0005,5
CAND02588,SK0217,4
CAND09981,SK0209,3
CAND06689,SK0264,5
CAND09489,SK0282,4
CAND14497,SK0141,5
CAND03574,SK0154,3
CAND03910,SK0035,2
CAND07647,SK0284,4
CAND00759,SK0131,4
CAND14347,SK0233,5
CAND01932,SK0035,4
CAND03458,SK0058,4
CAND11614,SK0037,4
CAND13168,SK0166,5
CAND02429,SK0132,5
CAND01635,SK0268,2
CAND13377,SK0062,3
CAND09529,SK0155,5
CAND03510,SK0080,2
CAND04480,SK0296,3
CAND11186,SK0167,5
CAND00067,SK0148,1
CAND09878,SK0003,1
CAND09493,SK0170,1
CAND09132,SK0018,4
CAND14619,SK0073,5
CAND04324,SK0060,1
CAND05551,SK0078,5
CAND07406,SK0287,3
CAND12939,SK0090,2
CAND07509,SK0128,4
CAND13228,SK0220,4
CAND00626,SK0036,5
CAND11573,SK0157,2
CAND09374,SK0098,3
CAND11682,SK0213,3
CAND05522,SK0128,4
CAND03719,SK0049,3
CAND05484,SK0149,5
CAND13898,SK0297,2
CAND04837,SK0047,2
CAND02791,SK0056,1
CAND05046,SK0214,4
CAND03916,SK0095,5
CAND13335,SK0177,2
CAND14759,SK0194,1
CAND08339,SK0071,2
CAND10744,SK0085,5
CAND10154,SK0228,4
CAND14441,SK0051,4
CAND01786,SK0199,1
CAND03551,SK0134,4
CAND12848,SK0101,4
CAND06754,SK0070,3
CAND00665,SK0031,1
CAND14377,SK0013,5
CAND02924,SK0180,4
CAND03116,SK0187,5
CAND10285,SK0275,2
CAND12248,SK0297,5
CAND11528,SK0240,5
CAND04729,SK0055,5
CAND11866,SK0199,4
CAND03453,SK0129,1
CAND14788,SK0194,2
CAND00236,SK0079,4
CAND02101,SK0093,1
CAND12533,SK0193,1
CAND08113,SK0191,3
CAND07308,SK0076,5
CAND11310,SK0169,4
CAND08385,SK0135,4
CAND11060,SK0240,5
CAND05713,SK0133,3
CAND04347,SK0238,2
CAND01463,SK0228,3
CAND09590,SK0075,1
CAND14137,SK0299,5
CAND01678,SK0195,5
CAND03117,SK0122,4
CAND12923,SK0238,2
CAND12492,SK0278,3
CAND00405,SK0247,5
CAND04306,SK0246,5
CAND01223,SK0271,5
CAND12672,SK0181,4
CAND13062,SK0045,3
CAND05309,SK0180,1
CAND04115,SK0273,1
CAND12517,SK0267,5
CAND00308,SK0167,4
CAND04834,SK0274,5
CAND07996,SK0133,2
CAND07980,SK0202,2
CAND08646,SK0045,2
CAND12802,SK0139,4
CAND04304,SK0076,4
CAND13865,SK0183,4
CAND09757,SK0247,5
CAND11064,SK0225,1
CAND00520,SK0152,5
CAND05332,SK0034,4
CAND06084,SK0132,2
CAND11275,SK0203,4
CAND11825,SK0114,4
CAND12967,SK0160,3
CAND05039,SK0019,5
CAND06582,SK0149,1
CAND02248,SK0041,1
CAND04043,SK0155,4
CAND05435,SK0214,3
CAND13562,SK0056,2
CAND09247,SK0130,4
CAND05480,SK0018,5
CAND12753,SK0295,4
CAND06172,SK0294,1
CAND07205,SK0151,4
CAND02074,SK0127,1
CAND04694,SK0135,5
CAND10529,SK0096,5
CAND05836,SK0122,4
CAND05125,SK0171,2
CAND11003,SK0077,1
CAND01738,SK0023,3
CAND00837,SK0015,3
CAND00975,SK0265,3
CAND01667,SK0274,3
CAND13642,SK0183,4
CAND07193,SK0147,1
CAND02262,SK0169,2
CAND06145,SK0216,2
CAND03070,SK0060,1
CAND04614,SK0030,3
CAND11369,SK0295,5
CAND05076,SK0014,1
CAND10194,SK0201,1
CAND06086,SK0149,3
CAND10000,SK0109,2
CAND00046,SK0021,1
CAND02740,SK0068,5
CAND01035,SK0107,1
CAND04566,SK0285,5
CAND01830,SK0096,1
CAND14776,SK0291,3
CAND00465,SK0231,4
CAND07701,SK0007,1
CAND07840,SK0057,2
CAND10902,SK0081,5
CAND14608,SK0257,3
CAND14931,SK0282,3
CAND03784,SK0192,4
CAND11213,SK0075,2
CAND14833,SK0291,5
CAND08622,SK0275,3
CAND09791,SK0145,1
CAND07934,SK0212,1
CAND13091,SK0214,4
CAND10210,SK0125,1
CAND14427,SK0116,5
CAND12469,SK0208,4
CAND14837,SK0196,3
CAND05476,SK0273,4
CAND05108,SK0073,2
CAND12893,SK0139,2
CAND01928,SK0174,1
CAND03154,SK0098,5
CAND10979,SK0015,4
CAND06087,SK0032,1
CAND02167,SK0296,3
CAND03856,SK0060,2
CAND02615,SK0084,1
CAND10121,SK0299,1
CAND07449,SK0180,4
CAND05191,SK0024,2
CAND02571,SK0034,1
CAND05621,SK0004,5
CAND08695,SK0154,4
CAND01354,SK0198,3
CAND14451,SK0057,1
CAND09836,SK0027,1
CAND05378,SK0095,4
CAND12007,SK0098,4
CAND00336,SK0039,1
CAND04261,SK0082,1
CAND01044,SK0248,2
CAND05159,SK0062,3
CAND12986,SK0034,5
CAND14629,SK0151,4
CAND04808,SK0230,2
CAND03082,SK0189,2
CAND06523,SK0297,2
CAND06484,SK0071,5
CAND02546,SK0294,2
CAND13335,SK0092,5
CAND00979,SK0054,1
CAND04482,SK0295,5
CAND00095,SK0135,1
CAND07215,SK0238,5
CAND09633,SK0125,2
CAND09116,SK0267,3
CAND12660,SK0101,1
CAND01668,SK0188,4
CAND14388,SK0220,2
CAND08421,SK0132,3
CAND09814,SK0029,2
CAND12713,SK0204,4
CAND04830,SK0237,3
CAND09984,SK0027,5
CAND03610,SK0033,5
CAND04560,SK0196,1
CAND04594,SK0202,3
CAND05882,SK0136,4
CAND00878,SK0279,4
CAND07902,SK0216,2
CAND13274,SK0006,5
CAND13396,SK0055,2
CAND00063,SK0102,4
CAND13922,SK0173,5
CAND13949,SK0179,1
CAND12684,SK0294,3
CAND00809,SK0044,4
CAND06850,SK0073,4
CAND09801,SK0145,2
CAND10973,SK0066,2
CAND04038,SK0276,1
CAND03417,SK0208,1
CAND03495,SK0263,3
CAND01537,SK0243,2
CAND04037,SK0197,3
CAND05538,SK0094,3
CAND04065,SK0178,4
CAND04301,SK0296,4
CAND04054,SK0052,2
CAND14577,SK0064,2
CAND10036,SK0086,3
CAND02476,SK0082,4
CAND11619,SK0154,2
CAND13856,SK0067,3
CAND00008,SK0258,3
CAND01788,SK0072,3
CAND02009,SK0021,5
CAND02850,SK0053,4
CAND09577,SK0074,5
CAND05361,SK0219,2
CAND05606,SK0131,5
CAND01727,SK0130,5
CAND02700,SK0156,3
CAND07048,SK0223,5
CAND03407,SK0163,5
CAND11172,SK0076,1
CAND14063,SK0220,3
CAND04261,SK0261,2
CAND11490,SK0188,5
CAND11531,SK0054,2
CAND13305,SK0092,5
CAND06580,SK0047,3
CAND07109,SK0283,4
CAND12428,SK0017,5
CAND09070,SK0185,3
CAND08019,SK0100,5
CAND00277,SK0297,3
CAND10520,SK0065,5
CAND02526,SK0153,1
CAND02357,SK0279,1
CAND11744,SK0058,4
CAND02726,SK0101,2
CAND00821,SK0020,5
CAND01095,SK0138,1
CAND07955,SK0192,4
CAND06909,SK0077,4
CAND11054,SK0199,5
CAND00407,SK0055,2
CAND12108,SK0166,5
CAND11813,SK0236,4
CAND01864,SK0243,1
CAND08115,SK0300,3
CAND09709,SK0030,3
CAND01011,SK0001,3
CAND03330,SK0175,3
CAND02545,SK0235,5
CAND01115,SK0295,3
CAND13263,SK0295,3
CAND07285,SK0235,4
CAND07886,SK0299,1
CAND02806,SK0245,5
CAND08498,SK0195,2
CAND00029,SK0155,4
CAND05292,SK0250,2
CAND08130,SK0137,3
CAND00952,SK0118,5
CAND11932,SK0246,1
CAND07907,SK0008,5
CAND04191,SK0055,5
CAND10923,SK0090,5
CAND09625,SK0277,3
CAND03289,SK0232,1
CAND08294,SK0175,2
CAND10770,SK0129,3
CAND12559,SK0208,1
CAND07085,SK0285,1
CAND11962,SK0013,5
CAND11233,SK0259,4
CAND05070,SK0188,2
CAND11501,SK0203,5
CAND11356,SK0143,4
CAND09690,SK0279,4
CAND04364,SK0265,3
CAND03312,SK0256,2
CAND10804,SK0232,5
CAND13092,SK0077,4
CAND04895,SK0228,1
CAND14512,SK0022,2
CAND10187,SK0290,5
CAND11149,SK0155,5
CAND02395,SK0180,3
CAND04194,SK0114,1
CAND07287,SK0037,2
CAND04854,SK0065,1
CAND11352,SK0094,5
CAND00981,SK0206,1
CAND04436,SK0089,3
CAND03289,SK0163,1
CAND02930,SK0145,4
CAND10130,SK0223,2
CAND05335,SK0064,2
CAND09460,SK0119,4
CAND12659,SK0098,5
CAND02138,SK0257,2
CAND14800,SK0132,3
CAND13187,SK0037,5
CAND02888,SK0261,5
CAND04264,SK0032,2
CAND00648,SK0021,3
CAND08753,SK0040,1
CAND09145,SK0023,1
CAND08886,SK0166,5
CAND08482,SK0261,1
CAND10193,SK0147,3
CAND11720,SK0113,4
CAND07728,SK0265,3
CAND06116,SK0053,2
CAND09096,SK0092,4
CAND11084,SK0040,1
CAND06671,SK0282,1
CAND14281,SK0116,4
CAND00518,SK0130,1
CAND14383,SK0052,5
CAND00084,SK0297,2
CAND05236,SK0122,3
CAND08199,SK0010,4
CAND00662,SK0263,5
CAND12752,SK0142,3
CAND00038,SK0040,2
CAND12174,SK0130,3
CAND11981,SK0246,2
CAND10532,SK0176,1
CAND08140,SK0008,3
CAND08906,SK0175,2
CAND12718,SK0204,2
CAND01847,SK0061,5
CAND02560,SK0247,2
CAND12811,SK0240,3
CAND04322,SK0142,1
CAND14965,SK0108,3
CAND09785,SK0003,5
CAND06834,SK0245,1
CAND01785,SK0199,5
CAND12856,SK0134,5
CAND08232,SK0102,3
CAND12026,SK0033,5
CAND12071,SK0136,2
CAND10200,SK0093,3
CAND07093,SK0161,5
CAND02413,SK0087,2
CAND07263,SK0252,4
CAND10570,SK0114,1
CAND03286,SK0279,1
CAND09852,SK0246,3
CAND07716,SK0151,2
CAND07220,SK0187,4
CAND06003,SK0168,3
CAND10768,SK0271,1
CAND00565,SK0201,5
CAND04248,SK0101,3
CAND03742,SK0280,1
CAND12098,SK0280,5
CAND02410,SK0236,3
CAND05013,SK0049,2
CAND14895,SK0295,5
CAND10815,SK0016,5
CAND13901,SK0146,3
CAND12012,SK0017,3
CAND06377,SK0253,3
CAND08235,SK0023,5
CAND01322,SK0201,3
CAND00834,SK0089,5
CAND05986,SK0297,2
CAND01337,SK0208,3
CAND00105,SK0142,5
CAND08310,SK0164,4
CAND12852,SK0152,4
CAND02030,SK0070,2
CAND08005,SK0027,4
CAND09314,SK0061,4
CAND07948,SK0047,2
CAND01896,SK0086,3
CAND09379,SK0008,3
CAND06083,SK0294,2
CAND03808,SK0217,4
CAND14750,SK0044,4
CAND08842,SK0264,3
CAND08373,SK0042,2
CAND14190,SK0271,4
CAND03466,SK0261,2
CAND04560,SK0137,3
CAND13401,SK0165,4
CAND14839,SK0268,3
CAND12323,SK0272,3
CAND10750,SK0123,5
CAND11031,SK0298,5
CAND08658,SK0130,3
CAND12977,SK0081,2
CAND00724,SK0087,5
CAND00618,SK0187,3
CAND08319,SK0120,4
CAND06653,SK0276,3
CAND00149,SK0203,2
CAND14888,SK0242,3
CAND01520,SK0169,3
CAND04862,SK0106,3
CAND14229,SK0238,2
CAND09230,SK0042,3
CAND00438,SK0097,2
CAND01371,SK0054,2
CAND11428,SK0151,4
CAND01502,SK0248,3
CAND04219,SK0190,2
CAND09817,SK0233,4
CAND13080,SK0237,1
CAND11470,SK0113,4
CAND12978,SK0214,2
CAND12277,SK0223,3
CAND08272,SK0226,4
CAND03474,SK0082,4
CAND09917,SK0067,5
CAND11571,SK0044,2
CAND04948,SK0077,2
CAND07255,SK0018,5
CAND11820,SK0208,4
CAND03397,SK0123,3
CAND12348,SK0145,4
CAND03205,SK0242,3
CAND07803,SK0258,1
CAND02907,SK0038,1
CAND11867,SK0233,3
CAND04843,SK0086,1
CAND09636,SK0230,4
CAND04569,SK0128,5
CAND01412,SK0148,5
CAND14069,SK0030,2
CAND04476,SK0274,2
CAND11674,SK0077,2
CAND03235,SK0288,3
CAND02972,SK0272,2
CAND14538,SK0234,2
CAND13653,SK0156,5
CAND03990,SK0252,4
CAND11789,SK0103,2
CAND11285,SK0140,4
CAND10361,SK0011,3
CAND05248,SK0074,1
CAND08124,SK0004,5
CAND05524,SK0235,3
CAND13997,SK0175,1
CAND07196,SK0259,5
CAND12130,SK0257,4
CAND00755,SK0136,3
CAND12507,SK0149,4
CAND06683,SK0192,4
CAND13928,SK0167,2
CAND09208,SK0275,1
CAND06613,SK0084,4
CAND10014,SK0071,3
CAND06274,SK0168,1
CAND00095,SK0185,5
CAND10030,SK0286,3
CAND09232,SK0295,1
CAND09199,SK0021,2
CAND08304,SK0264,5
CAND14095,SK0057,4
CAND07473,SK0232,1
CAND13440,SK0120,5
CAND03863,SK0025,4
CAND02637,SK0018,5
CAND06321,SK0244,1
CAND00827,SK0151,3
CAND10385,SK0072,2
CAND10387,SK0012,4
CAND08031,SK0096,5
CAND02642,SK0055,1
CAND12939,SK0243,1
CAND06156,SK0240,5
CAND10811,SK0194,1
CAND00814,SK0131,2
CAND06511,SK0164,2
CAND00876,SK0178,4
CAND01325,SK0083,3
CAND12898,SK0277,5
CAND00257,SK0106,3
CAND07967,SK0022,1
CAND12635,SK0158,2
CAND12871,SK0179,3
CAND12807,SK0013,3
CAND04428,SK0278,4
CAND11361,SK0214,5
CAND11306,SK0041,1
CAND11630,SK0235,5
CAND07192,SK0103,1
CAND00742,SK0172,4
CAND04873,SK0135,3
CAND04657,SK0230,4
CAND11790,SK0040,2
CAND05250,SK0029,1
CAND05735,SK0091,5
CAND05085,SK0110,4
CAND14207,SK0033,3
CAND01948,SK0141,3
CAND00451,SK0009,3
CAND12467,SK0189,1
CAND03099,SK0256,5
CAND06399,SK0271,2
CAND14901,SK0107,2
CAND14555,SK0156,3
CAND05573,SK0066,2
CAND12052,SK0124,4
CAND05607,SK0187,3
CAND02974,SK0080,5
CAND06610,SK0131,4
CAND06590,SK0063,1
CAND02861,SK0025,2
CAND07406,SK0127,5
CAND12957,SK0122,3
CAND02732,SK0115,1
CAND03923,SK0240,4
CAND05722,SK0209,2
CAND05010,SK0166,5
CAND10169,SK0094,2
CAND10430,SK0093,4
CAND02586,SK0146,2
CAND06668,SK0120,3
CAND02295,SK0268,4
CAND13987,SK0043,4
CAND04428,SK0108,4
CAND08364,SK0246,2
CAND03005,SK0215,4
CAND07171,SK0222,4
CAND05724,SK0179,4
CAND04343,SK0115,4
CAND02919,SK0249,2
CAND08100,SK0074,2
CAND03633,SK0046,1
CAND03504,SK0263,5
CAND02714,SK0170,3
CAND07027,SK0096,5
CAND10814,SK0204,3
CAND14959,SK0035,3
CAND14814,SK0074,2
CAND04289,SK0070,2
CAND13806,SK0258,5
CAND04830,SK0101,2
CAND06557,SK0095,4
CAND02695,SK0241,5
CAND01470,SK0074,1
CAND04338,SK0229,5
CAND07960,SK0287,5
CAND08231,SK0141,2
CAND13923,SK0034,3
CAND05342,SK0057,5
CAND08820,SK0037,2
CAND05273,SK0047,4
CAND08727,SK0128,5
CAND13996,SK0187,1
CAND02038,SK0017,3
CAND08321,SK0234,3
CAND04049,SK0187,5
CAND00537,SK0247,1
CAND04961,SK0073,1
CAND10437,SK0127,5
CAND04810,SK0275,2
CAND08276,SK0183,1
CAND09398,SK0246,5
CAND03504,SK0270,4
CAND14056,SK0261,3
CAND12740,SK0237,3
CAND02746,SK0018,4
CAND09748,SK0127,5
CAND04251,SK0158,5
CAND14671,SK0224,5
CAND06475,SK0211,1
CAND05389,SK0227,1
CAND07557,SK0185,2
CAND03125,SK0182,4
CAND14343,SK0041,1
CAND08169,SK0165,4
CAND07880,SK0048,1
CAND01955,SK0015,4
CAND07498,SK0093,1
CAND05048,SK0099,2
CAND05162,SK0159,4
CAND00021,SK0202,2
CAND11458,SK0021,5
CAND09976,SK0095,3
CAND08205,SK0159,4
CAND06138,SK0084,5
CAND12701,SK0193,1
CAND01887,SK0052,1
CAND09383,SK0031,5
CAND04548,SK0116,2
CAND03846,SK0140,1
CAND03688,SK0243,1
CAND10347,SK0191,2
CAND02836,SK0223,3
CAND13076,SK0272,1
CAND05630,SK0216,2
CAND04517,SK0191,5
CAND03075,SK0082,2
CAND11920,SK0213,2
CAND05179,SK0279,2
CAND10235,SK0214,5
CAND06493,SK0072,2
CAND04612,SK0033,2
CAND00432,SK0145,3
CAND11297,SK0158,5
CAND00716,SK0254,2
CAND01936,SK0091,3
CAND14563,SK0138,5
CAND05611,SK0102,3
CAND00573,SK0141,1
CAND13926,SK0133,3
CAND02760,SK0208,5
CAND04825,SK0135,2
CAND11140,SK0168,4
CAND11966,SK0104,4
CAND06318,SK0034,4
CAND06740,SK0208,5
CAND05948,SK0296,2
CAND13706,SK0011,5
CAND07434,SK0218,3
CAND07742,SK0184,3
CAND12696,SK0210,2
CAND13762,SK0262,1
CAND01792,SK0125,5
CAND12066,SK0063,1
CAND13298,SK0017,5
CAND12043,SK0242,4
CAND12057,SK0214,1
CAND05520,SK0238,1
CAND08981,SK0165,3
CAND14293,SK0088,2
CAND12193,SK0021,4
CAND02533,SK0240,1
CAND11206,SK0073,1
CAND06678,SK0087,2
CAND05572,SK0236,2
CAND02656,SK0099,4
CAND02529,SK0187,2
CAND00256,SK0147,2
CAND06490,SK0078,3
CAND14947,SK0100,1
CAND03470,SK0224,1
CAND07066,SK0297,2
CAND10767,SK0250,2
CAND00379,SK0175,4
CAND02344,SK0224,1
CAND04473,SK0137,3
CAND11161,SK0180,5
CAND06592,SK0186,1
CAND02767,SK0093,4
CAND14383,SK0118,3
CAND06052,SK0008,4
CAND02255,SK0186,1
CAND00155,SK0124,2
CAND00659,SK0114,2
CAND06118,SK0261,1
CAND00397,SK0185,4
CAND01852,SK0286,4
CAND14476,SK0207,3
CAND04106,SK0139,4
CAND14993,SK0198,5
CAND02980,SK0119,2
CAND09293,SK0124,2
CAND08826,SK0129,2
CAND12754,SK0061,1
CAND09857,SK0226,4
CAND03734,SK0255,4
CAND12844,SK0178,4
CAND03405,SK0247,3
CAND03806,SK0296,2
CAND14709,SK0122,1
CAND06652,SK0210,2
CAND03816,SK0036,3
CAND11687,SK0068,2
CAND12862,SK0114,2
CAND14198,SK0259,2
CAND14809,SK0114,2
CAND03434,SK0266,1
CAND14990,SK0190,3
CAND05604,SK0108,1
CAND14953,SK0136,3
CAND07500,SK0233,3
CAND11017,SK0280,1
CAND06389,SK0168,4
CAND07443,SK0197,1
CAND09429,SK0175,4
CAND12780,SK0076,1
CAND05102,SK0172,3
CAND00878,SK0196,1
CAND09064,SK0290,4
CAND07244,SK0219,5
CAND04360,SK0195,5
CAND09915,SK0032,5
CAND11383,SK0236,5
CAND02467,SK0170,5
CAND14620,SK0139,5
CAND05431,SK0084,5
CAND03545,SK0235,5
CAND10520,SK0130,1
CAND08642,SK0085,2
CAND04780,SK0067,2
CAND04918,SK0011,3
CAND00652,SK0044,4
CAND11211,SK0200,5
CAND08280,SK0135,2
CAND01478,SK0085,4
CAND07567,SK0078,5
CAND02476,SK0110,1
CAND11409,SK0160,3
CAND04733,SK0216,4
CAND08269,SK0117,3
CAND13262,SK0120,4
CAND04693,SK0180,2
CAND09077,SK0087,1
CAND02169,SK0039,1
CAND10012,SK0194,2
CAND11876,SK0280,4
CAND07777,SK0012,5
CAND10813,SK0296,4
CAND02020,SK0241,3
CAND00740,SK0075,3
CAND13977,SK0248,2
CAND12995,SK0109,5
CAND05378,SK0122,4
CAND05124,SK0213,3
CAND02401,SK0032,4
CAND09677,SK0171,5
CAND07680,SK0057,3
CAND00598,SK0146,5
CAND09141,SK0172,4
CAND12642,SK0064,1
CAND00040,SK0032,3
CAND04983,SK0271,3
CAND14302,SK0061,2
CAND10308,SK0046,2
CAND11224,SK0052,3
CAND12425,SK0129,3
CAND04262,SK0217,4
CAND03835,SK0146,4
CAND00662,SK0259,4
CAND00717,SK0111,1
CAND00746,SK0255,5
CAND03283,SK0108,1
CAND01065,SK0162,4
CAND09443,SK0251,5
CAND12929,SK0265,2
CAND00725,SK0212,1
CAND13402,SK0001,4
CAND00542,SK0203,4
CAND09400,SK0178,4
CAND04794,SK0188,3
CAND09522,SK0151,5
CAND03139,SK0202,5
CAND03987,SK0212,4
CAND05782,SK0246,3
CAND03285,SK0015,1
CAND02116,SK0154,5
CAND12610,SK0127,2
CAND09300,SK0102,2
CAND13242,SK0182,2
CAND10681,SK0078,3
CAND09607,SK0174,4
CAND07884,SK0168,4
CAND06643,SK0121,3
CAND03328,SK0049,1
CAND00534,SK0014,4
CAND03189,SK0008,4
CAND14838,SK0212,1
CAND04993,SK0002,3
CAND10274,SK0129,3
CAND07290,SK0066,2
CAND13831,SK0267,3
CAND09142,SK0080,1
CAND05602,SK0049,4
CAND06074,SK0094,2
CAND07962,SK0276,2
CAND06165,SK0264,2
CAND13441,SK0192,5
CAND09552,SK0218,1
CAND06768,SK0215,2
CAND06274,SK0127,5
CAND12808,SK0004,2
CAND14143,SK0232,3
CAND08955,SK0175,5
CAND04967,SK0029,2
CAND11014,SK0149,2
CAND08115,SK0219,5
CAND13518,SK0197,4
CAND03035,SK0239,3
CAND14806,SK0073,5
CAND14684,SK0048,5
CAND06761,SK0106,3
CAND02912,SK0152,3
CAND04666,SK0059,1
CAND08060,SK0220,3
CAND04499,SK0140,2
CAND08512,SK0140,1
CAND00675,SK0171,4
CAND10560,SK0284,5
CAND13614,SK0085,3
CAND05493,SK0289,2
CAND08462,SK0185,5
CAND01445,SK0051,3
CAND14590,SK0036,3
CAND13798,SK0003,2
CAND08642,SK0173,1
CAND14989,SK0052,1
CAND13980,SK0173,5
CAND06545,SK0196,1
CAND13624,SK0183,2
CAND03124,SK0060,2
CAND03658,SK0290,2
CAND06325,SK0013,1
CAND09127,SK0070,1
CAND06507,SK0031,2
CAND12528,SK0243,2
CAND05930,SK0026,2
CAND13709,SK0041,4
CAND03610,SK0250,4
CAND09149,SK0053,2
CAND11874,SK0269,5
CAND10913,SK0266,1
CAND10646,SK0216,1
CAND02133,SK0238,1
CAND00383,SK0214,1
CAND14990,SK0011,5
CAND14455,SK0265,4
CAND11904,SK0276,4
CAND05067,SK0214,5
CAND10558,SK0181,3
CAND00780,SK0060,3
CAND11940,SK0046,4
CAND07964,SK0261,4
CAND08862,SK0133,5
CAND01352,SK0022,2
CAND07816,SK0098,3
CAND07392,SK0145,4
CAND01748,SK0022,4
CAND05396,SK0056,1
CAND03717,SK0158,3
CAND12021,SK0143,4
CAND08032,SK0204,2
CAND03461,SK0003,1
CAND12082,SK0044,5
CAND10154,SK0109,4
CAND00521,SK0180,3
CAND03643,SK0224,1
CAND08515,SK0239,2
CAND10243,SK0027,4
CAND11801,SK0283,3
CAND05796,SK0195,4
CAND07014,SK0284,1
CAND09042,SK0173,2
CAND04707,SK0253,2
CAND07603,SK0027,1
CAND02291,SK0162,3
CAND05917,SK0069,1
CAND08495,SK0146,2
CAND14738,SK0134,1
CAND03985,SK0201,5
CAND05072,SK0258,1
CAND06293,SK0170,1
CAND13396,SK0006,5
CAND14596,SK0156,4
CAND13286,SK0093,5
CAND07925,SK0054,3
CAND02093,SK0134,2
CAND12734,SK0212,4
CAND05693,SK0053,1
CAND12210,SK0042,5
CAND14191,SK0040,2
CAND03873,SK0091,5
CAND00338,SK0291,5
CAND06872,SK0224,2
CAND11449,SK0087,1
CAND09630,SK0154,5
CAND12727,SK0229,1
CAND10314,SK0007,1
CAND06014,SK0230,3
CAND07755,SK0244,5
CAND00428,SK0228,2
CAND08498,SK0065,5
CAND01853,SK0073,5
CAND02543,SK0289,2
CAND02718,SK0150,1
CAND03932,SK0083,5
CAND14398,SK0200,2
CAND14006,SK0175,1
CAND13629,SK0283,5
CAND09540,SK0145,3
CAND01972,SK0137,4
CAND02547,SK0170,1
CAND09296,SK0260,3
CAND11345,SK0034,5
CAND09098,SK0165,3
CAND01999,SK0058,4
CAND07974,SK0227,3
CAND05766,SK0036,1
CAND01770,SK0165,3
CAND13752,SK0231,1
CAND12328,SK0129,1
CAND11893,SK0180,1
CAND00977,SK0087,3
CAND07820,SK0164,3
CAND03744,SK0271,3
CAND03295,SK0223,2
CAND14944,SK0292,4
CAND05254,SK0145,1
CAND13140,SK0245,3
CAND03532,SK0178,4
CAND06531,SK0257,4
CAND04940,SK0275,2
CAND04525,SK0016,2
CAND02374,SK0188,2
CAND09267,SK0187,1
CAND13765,SK0138,3
CAND12950,SK0275,3
CAND12132,SK0269,3
CAND14188,SK0151,3
CAND05306,SK0189,1
CAND10162,SK0150,2
CAND03394,SK0049,5
CAND13446,SK0052,3
CAND07930,SK0134,2
CAND03450,SK0176,4
CAND06317,SK0093,3
CAND13309,SK0003,5
CAND13019,SK0211,4
CAND02871,SK0259,3
CAND10217,SK0211,1
CAND03024,SK0257,1
CAND11296,SK0024,4
CAND11282,SK0229,5
CAND09465,SK0189,4
CAND07337,SK0148,2
CAND07420,SK0121,4
CAND07574,SK0103,2
CAND03503,SK0176,4
CAND00629,SK0066,3
CAND09894,SK0266,4
CAND08295,SK0018,4
CAND08227,SK0007,3
CAND04099,SK0217,2
CAND13118,SK0265,2
CAND06926,SK0215,3
CAND14338,SK0273,3
CAND09876,SK0082,1
CAND10466,SK0122,1
CAND11352,SK0004,2
CAND01375,SK0256,2
CAND12493,SK0047,3
CAND05079,SK0095,1
CAND08939,SK0300,1
CAND04581,SK0253,2
CAND12311,SK0291,4
CAND11762,SK0037,3
CAND06615,SK0112,1
CAND08728,SK0244,3
CAND07425,SK0265,3
CAND00505,SK0050,1
CAND09144,SK0129,5
CAND00774,SK0240,4
CAND12704,SK0118,1
CAND13037,SK0042,4
CAND05814,SK0241,2
CAND11935,SK0034,5
CAND07876,SK0268,5
CAND09183,SK0022,2
CAND08857,SK0039,5
CAND12376,SK0130,1
CAND03768,SK0023,2
CAND08643,SK0187,1
CAND02822,SK0231,4
CAND06569,SK0071,4
CAND01355,SK0115,4
CAND06969,SK0155,3
CAND14603,SK0004,1
CAND12223,SK0192,4
CAND06795,SK0191,2
CAND01296,SK0170,3
CAND06502,SK0293,1
CAND10457,SK0283,1
CAND13772,SK0171,3
CAND03904,SK0035,2
CAND05186,SK0206,5
CAND00651,SK0235,1
CAND06688,SK0207,3
CAND02785,SK0214,4
CAND03865,SK0152,3
CAND00566,SK0297,2
CAND08821,SK0156,5
CAND02529,SK0248,2
CAND02915,SK0195,1
CAND04579,SK0063,3
CAND04637,SK0283,1
CAND05275,SK0201,3
CAND03307,SK0234,4
CAND12467,SK0266,5
CAND04922,SK0202,4
CAND11577,SK0079,2
CAND00998,SK0134,3
CAND09322,SK0069,2
CAND06639,SK0269,2
CAND14436,SK0207,2
CAND10959,SK0286,4
CAND02204,SK0220,3
CAND00666,SK0287,4
CAND06670,SK0162,4
CAND14364,SK0148,4
CAND14640,SK0106,3
CAND06178,SK0220,1
CAND03665,SK0006,1
CAND00159,SK0051,3
CAND12067,SK0072,4
CAND08597,SK0111,1
CAND01160,SK0018,4
CAND13015,SK0118,1
CAND05658,SK0289,3
CAND04418,SK0167,4
CAND09119,SK0037,2
CAND00349,SK0155,4
CAND08228,SK0296,3
CAND06036,SK0202,5
CAND04029,SK0285,1
CAND00605,SK0292,5
CAND00989,SK0006,5
CAND12069,SK0158,4
CAND06991,SK0037,1
CAND04139,SK0288,5
CAND00441,SK0228,3
CAND06800,SK0292,1
CAND00797,SK0196,3
CAND01638,SK0242,2
CAND07978,SK0133,5
CAND09170,SK0007,3
CAND08955,SK0298,1
CAND14396,SK0189,5
CAND06520,SK0058,3
CAND03883,SK0153,3
CAND09225,SK0173,5
CAND14432,SK0204,3
CAND09076,SK0196,3
CAND05349,SK0185,2
CAND10276,SK0136,1
CAND02747,SK0104,5
CAND01514,SK0258,1
CAND10484,SK0092,2
CAND02004,SK0015,5
CAND01535,SK0165,4
CAND14750,SK0171,4
CAND03409,SK0038,2
CAND13656,SK0229,2
CAND08042,SK0037,1
CAND02953,SK0053,4
CAND04947,SK0230,4
CAND06982,SK0277,2
CAND10854,SK0033,1
CAND00913,SK0271,3
CAND08935,SK0252,2
CAND06576,SK0176,2
CAND13014,SK0244,3
CAND01039,SK0229,3
CAND06702,SK0040,4
CAND02815,SK0075,4
CAND04728,SK0117,1
CAND03259,SK0108,4
CAND04537,SK0126,4
CAND09316,SK0023,4
CAND11635,SK0219,5
CAND14740,SK0275,3
CAND01269,SK0216,5
CAND14224,SK0105,2
CAND14053,SK0064,4
CAND05504,SK0164,1
CAND03748,SK0056,2
CAND11824,SK0019,5
CAND06728,SK0025,5
CAND02699,SK0154,3
CAND12489,SK0095,5
CAND06012,SK0138,5
CAND12020,SK0184,5
CAND11142,SK0051,3
CAND09229,SK0244,4
CAND12150,SK0196,5
CAND03296,SK0102,3
CAND11846,SK0194,3
CAND13658,SK0178,4
CAND14405,SK0244,5
CAND07868,SK0159,1
CAND07603,SK0091,4
CAND03770,SK0081,1
CAND06175,SK0239,3
CAND10230,SK0220,5
CAND11912,SK0129,2
CAND03417,SK0250,4
CAND12447,SK0238,1
CAND06464,SK0121,2
CAND02137,SK0048,3
CAND08656,SK0292,3
CAND12224,SK0138,2
CAND07081,SK0039,5
CAND08099,SK0046,5
CAND11782,SK0213,4
CAND05765,SK0299,3
CAND06029,SK0040,5
CAND14343,SK0111,2
CAND14038,SK0223,5
CAND08689,SK0271,1
CAND14398,SK0230,5
CAND05408,SK0018,4
CAND03470,SK0245,1
CAND05847,SK0242,4
CAND03073,SK0133,5
CAND00469,SK0293,4
CAND04611,SK0171,3
CAND05700,SK0005,4
CAND14079,SK0287,3
CAND00398,SK0089,1
CAND10308,SK0158,2
CAND07578,SK0149,2
CAND07273,SK0038,3
CAND14768,SK0186,2
CAND00891,SK0092,3
CAND02433,SK0096,2
CAND12213,SK0062,4
CAND12837,SK0257,3
CAND01827,SK0076,4
CAND14581,SK0068,5
CAND01497,SK0211,2
CAND03937,SK0270,5
CAND03954,SK0018,3
CAND11229,SK0118,2
CAND08173,SK0217,2
CAND01933,SK0217,3
CAND04237,SK0117,1
CAND01715,SK0125,5
CAND13955,SK0137,3
CAND03564,SK0158,1
CAND00618,SK0114,2
CAND13655,SK0137,1
CAND03570,SK0158,1
CAND13247,SK0151,1
CAND03796,SK0094,2
CAND05472,SK0152,3
CAND05364,SK0270,1
CAND05085,SK0052,2
CAND03489,SK0113,4
CAND05756,SK0034,5
CAND06688,SK0255,3
CAND11187,SK0177,5
CAND12579,SK0153,5
CAND12470,SK0076,4
CAND05568,SK0245,3
CAND04043,SK0113,4
CAND00983,SK0210,4
CAND06163,SK0058,4
CAND04879,SK0014,1
CAND11569,SK0011,5
CAND04295,SK0285,4
CAND02009,SK0227,1
CAND14746,SK0199,2
CAND03337,SK0244,2
CAND12866,SK0163,3
CAND06860,SK0093,2
CAND02397,SK0254,2
CAND05596,SK0147,2
CAND12131,SK0008,3
CAND14097,SK0271,5
CAND07167,SK0039,4
CAND08742,SK0116,5
CAND00384,SK0062,5
CAND07177,SK0266,2
CAND14670,SK0280,5
CAND11955,SK0073,2
CAND09369,SK0068,2
CAND04151,SK0175,2
CAND02272,SK0149,3
CAND13612,SK0253,1
CAND12380,SK0206,1
CAND06678,SK0183,1
CAND09532,SK0260,3
CAND08058,SK0249,4
CAND12612,SK0289,4
CAND07697,SK0029,3
CAND04576,SK0239,2
CAND06361,SK0239,3
CAND03563,SK0059,4
CAND09997,SK0025,5
CAND06718,SK0213,5
CAND14390,SK0241,2
CAND04119,SK0289,1
CAND03362,SK0208,2
CAND06941,SK0277,2
CAND11971,SK0194,1
CAND05248,SK0163,2
CAND03702,SK0108,3
CAND06611,SK0147,5
CAND11216,SK0294,3
CAND00066,SK0010,5
CAND06948,SK0053,4
CAND03645,SK0252,4
CAND02005,SK0087,3
CAND10391,SK0069,1
CAND03109,SK0019,2
CAND07030,SK0163,2
CAND00847,SK0221,3
CAND07637,SK0147,5
CAND07580,SK0096,1
CAND12509,SK0282,2
CAND04121,SK0058,1
CAND14088,SK0046,4
CAND07773,SK0063,1
CAND03340,SK0270,1
CAND00148,SK0297,4
CAND07946,SK0198,1
CAND08046,SK0244,2
CAND13324,SK0130,2
CAND09449,SK0274,1
CAND09069,SK0093,4
CAND12151,SK0263,3
CAND01069,SK0198,1
CAND11576,SK0224,2
CAND03156,SK0181,2
CAND11876,SK0078,5
CAND03916,SK0081,1
CAND12547,SK0129,1
CAND14728,SK0291,3
CAND10307,SK0288,1
CAND12314,SK0245,3
CAND01789,SK0274,2
CAND03338,SK0094,2
CAND04137,SK0131,5
CAND04067,SK0090,3
CAND00059,SK0130,4
CAND01939,SK0186,2
CAND06345,SK0045,3
CAND07853,SK0009,5
CAND00164,SK0104,4
CAND07103,SK0155,5
CAND14397,SK0049,2
CAND13785,SK0153,5
CAND13061,SK0111,4
CAND05032,SK0271,1
CAND11754,SK0135,2
CAND13536,SK0156,5
CAND12704,SK0188,2
CAND04644,SK0037,2
CAND06252,SK0043,3
CAND13633,SK0171,4
CAND07883,SK0083,1
CAND11856,SK0225,2
CAND14756,SK0200,3
CAND00801,SK0021,1
CAND01595,SK0124,4
CAND13543,SK0004,2
CAND11847,SK0262,5
CAND00950,SK0241,3
CAND09500,SK0237,4
CAND14804,SK0186,5
CAND06079,SK0087,2
CAND10170,SK0221,4
CAND02002,SK0280,5
CAND11469,SK0237,2
CAND03294,SK0272,4
CAND10392,SK0167,5
CAND06666,SK0047,5
CAND09454,SK0043,4
CAND00438,SK0209,4
CAND07356,SK0001,2
CAND07932,SK0113,3
CAND05693,SK0136,1
CAND08276,SK0107,1
CAND06801,SK0147,5
CAND07184,SK0227,1
CAND00847,SK0096,3
CAND13167,SK0102,4
CAND07495,SK0108,3
CAND09457,SK0276,1
CAND12003,SK0124,3
CAND05135,SK0167,2
CAND07428,SK0102,1
CAND00745,SK0166,2
CAND00422,SK0180,4
CAND03753,SK0085,2
CAND08114,SK0169,1
CAND04460,SK0185,1
CAND01181,SK0070,1
CAND08527,SK0131,4
CAND00721,SK0021,2
CAND03292,SK0166,4
CAND02563,SK0061,5
CAND05140,SK0038,3
CAND04531,SK0021,1
CAND00291,SK0109,5
CAND08071,SK0040,5
CAND01665,SK0102,1
CAND12508,SK0036,2
CAND02132,SK0061,4
CAND12347,SK0257,4
CAND10174,SK0058,2
CAND02936,SK0086,2
CAND12164,SK0161,3
CAND08196,SK0154,1
CAND02889,SK0118,4
CAND11947,SK0139,1
CAND03821,SK0138,1
CAND06558,SK0037,4
CAND07410,SK0196,3
CAND01991,SK0146,4
CAND03556,SK0055,4
CAND00485,SK0010,3
CAND09716,SK0111,2
CAND02114,SK0193,1
CAND02578,SK0295,2
CAND00177,SK0040,3
CAND08607,SK0050,2
CAND11292,SK0209,2
CAND13581,SK0057,4
CAND10970,SK0157,5
CAND04655,SK0206,3
CAND11447,SK0103,1
CAND05397,SK0083,4
CAND07906,SK0062,5
CAND08819,SK0031,3
CAND08174,SK0157,3
CAND09002,SK0254,2
CAND10796,SK0153,3
CAND02916,SK0225,1
CAND04092,SK0208,5
CAND02746,SK0087,3
CAND14666,SK0219,5
CAND00649,SK0192,1
CAND13950,SK0197,4
CAND07218,SK0146,1
CAND08955,SK0091,2
CAND14478,SK0063,4
CAND09768,SK0241,2
CAND12146,SK0089,3
CAND02923,SK0025,2
CAND10804,SK0147,1
CAND03235,SK0121,4
CAND00526,SK0246,4
CAND09832,SK0160,5
CAND13976,SK0136,5
CAND11061,SK0151,5
CAND14324,SK0018,3
CAND10419,SK0047,4
CAND09484,SK0204,2
CAND05093,SK0172,1
CAND02242,SK0234,3
CAND03403,SK0236,1
CAND06459,SK0034,3
CAND11491,SK0128,1
CAND14322,SK0204,1
CAND00763,SK0284,1
CAND03291,SK0280,2
CAND10182,SK0107,5
CAND11912,SK0196,3
CAND00531,SK0013,1
CAND02364,SK0105,2
CAND11172,SK0063,1
CAND11326,SK0038,1
CAND02595,SK0096,4
CAND13981,SK0138,2
CAND10516,SK0299,3
CAND00732,SK0068,4
CAND13006,SK0244,1
CAND04640,SK0246,1
CAND08258,SK0152,2
CAND00017,SK0254,1
CAND05300,SK0072,2
CAND10093,SK0208,2
CAND08578,SK0191,5
CAND09592,SK0272,3
CAND11097,SK0101,5
CAND13895,SK0036,4
CAND09778,SK0026,4
CAND07931,SK0253,3
CAND14978,SK0129,2
CAND11307,SK0012,2
CAND12640,SK0135,2
CAND10712,SK0090,2
CAND14117,SK0276,4
CAND12913,SK0285,4
CAND04338,SK0008,4
CAND13790,SK0094,3
CAND10868,SK0201,4
CAND04004,SK0063,4
CAND09380,SK0078,3
CAND04762,SK0149,5
CAND11450,SK0180,4
CAND02152,SK0202,2
CAND07463,SK0239,1
CAND13605,SK0266,1
CAND12456,SK0249,1
CAND11897,SK0048,3
CAND03343,SK0073,3
CAND14848,SK0049,1
CAND01938,SK0202,1
CAND07255,SK0200,3
CAND01799,SK0085,3
CAND13624,SK0145,4
CAND13651,SK0244,3
CAND07265,SK0056,3
CAND14249,SK0118,1
CAND02843,SK0264,4
CAND04022,SK0211,4
CAND02410,SK0222,5
CAND12919,SK0071,5
CAND02213,SK0109,2
CAND05861,SK0071,3
CAND06238,SK0020,1
CAND14825,SK0053,4
CAND14645,SK0087,3
CAND08334,SK0019,5
CAND11960,SK0217,3
CAND00728,SK0229,3
CAND09570,SK0054,1
CAND01606,SK0002,4
CAND14025,SK0094,1
CAND11371,SK0201,4
CAND00858,SK0009,2
CAND13663,SK0030,3
CAND13289,SK0157,2
CAND04458,SK0272,3
CAND09291,SK0232,4
CAND11513,SK0228,5
CAND02551,SK0181,2
CAND00665,SK0100,4
CAND01396,SK0055,2
CAND00082,SK0032,5
CAND09971,SK0285,1
CAND09312,SK0263,1
CAND11048,SK0294,2
CAND04435,SK0027,1
CAND14384,SK0187,5
CAND06324,SK0269,5
CAND03387,SK0163,3
CAND03564,SK0160,3
CAND07104,SK0161,3
CAND02732,SK0251,4
CAND10652,SK0267,5
CAND14002,SK0264,4
CAND13391,SK0151,2
CAND08306,SK0181,3
CAND04461,SK0204,2
CAND13465,SK0066,4
CAND04198,SK0034,5
CAND14995,SK0048,3
CAND06309,SK0129,2
CAND14111,SK0148,4
CAND09678,SK0209,4
CAND10158,SK0185,3
CAND12004,SK0239,1
CAND04179,SK0021,3
CAND03699,SK0196,2
CAND04567,SK0258,1
CAND11511,SK0015,1
CAND13833,SK0222,4
CAND14175,SK0295,3
CAND10667,SK0294,5
CAND13242,SK0070,5
CAND14890,SK0072,3
CAND06793,SK0267,2
CAND08007,SK0133,1
CAND10039,SK0258,5
CAND03112,SK0166,3
CAND04719,SK0168,3
CAND11698,SK0073,1
CAND13920,SK0147,1
CAND10944,SK0066,5
CAND07150,SK0268,3
CAND14812,SK0208,3
CAND08847,SK0247,4
CAND05034,SK0084,4
CAND14928,SK0274,1
CAND01308,SK0031,2
CAND00719,SK0079,4
CAND02521,SK0075,4
CAND09611,SK0116,4
CAND09004,SK0039,4
CAND00978,SK0213,3
CAND02999,SK0245,2
CAND10873,SK0300,1
CAND11264,SK0003,1
CAND01865,SK0242,4
CAND03769,SK0147,1
CAND07726,SK0227,4
CAND12805,SK0004,2
CAND11311,SK0151,4
CAND12975,SK0231,2
CAND14812,SK0265,4
CAND01720,SK0299,4
CAND10494,SK0258,5
CAND06021,SK0006,3
CAND05189,SK0177,1
CAND13605,SK0288,4
CAND11885,SK0043,1
CAND05113,SK0238,4
CAND04143,SK0117,5
CAND11461,SK0121,1
CAND07985,SK0115,4
CAND06173,SK0121,5
CAND13547,SK0048,5
CAND06688,SK0099,2
CAND07351,SK0096,4
CAND13206,SK0146,3
CAND09830,SK0052,4
CAND09668,SK0225,2
CAND11017,SK0295,5
CAND05511,SK0071,5
CAND01457,SK0007,1
CAND06374,SK0022,5
CAND13303,SK0001,1
CAND08957,SK0219,5
CAND10328,SK0086,4
CAND02526,SK0087,3
CAND10808,SK0272,1
CAND11056,SK0062,4
CAND14907,SK0052,2
CAND03628,SK0146,4
CAND10432,SK0234,1
CAND07163,SK0058,4
CAND11810,SK0133,5
CAND05328,SK0123,2
CAND06173,SK0218,5
CAND12426,SK0200,2
CAND02852,SK0217,4
CAND02782,SK0215,3
CAND08083,SK0094,3
CAND05004,SK0238,3
CAND10457,SK0159,3
CAND13683,SK0186,4
CAND10038,SK0099,2
CAND05553,SK0101,1
CAND09083,SK0209,4
CAND11535,SK0029,3
CAND06435,SK0095,3
CAND12182,SK0061,1
CAND02206,SK0282,4
CAND04781,SK0278,3
CAND10898,SK0257,5
CAND11967,SK0161,1
CAND08223,SK0292,5
CAND09341,SK0266,3
CAND04684,SK0277,4
CAND06701,SK0133,2
CAND04260,SK0219,1
CAND01451,SK0271,4
CAND11174,SK0076,4
CAND08009,SK0051,2
CAND04813,SK0236,4
CAND00551,SK0098,1
CAND10473,SK0222,1
CAND04327,SK0293,2
CAND05169,SK0058,3
CAND13394,SK0175,3
CAND13351,SK0179,3
CAND03667,SK0085,3
CAND10699,SK0203,4
CAND04320,SK0265,3
CAND12833,SK0297,3
CAND10659,SK0240,1
CAND12982,SK0260,5
CAND00152,SK0275,5
CAND10973,SK0066,3
CAND12616,SK0062,5
CAND10327,SK0053,4
CAND09429,SK0097,3
CAND03984,SK0144,3
CAND05193,SK0169,4
CAND09056,SK0168,3
CAND13348,SK0051,4
CAND06443,SK0221,1
CAND06354,SK0040,5
CAND08757,SK0236,2
CAND01526,SK0091,1
CAND09514,SK0171,4
CAND10862,SK0034,4
CAND13168,SK0075,4
CAND11821,SK0059,4
CAND09032,SK0028,5
CAND00604,SK0222,2
CAND01338,SK0119,3
CAND03138,SK0215,1
CAND14809,SK0057,4
CAND10557,SK0062,1
CAND04822,SK0269,2
CAND03159,SK0223,2
CAND12698,SK0085,2
CAND11770,SK0256,3
CAND05263,SK0252,5
CAND14567,SK0055,5
CAND10376,SK0283,1
CAND07618,SK0162,4
CAND10697,SK0110,5
CAND06447,SK0275,3
CAND13509,SK0036,1
CAND01332,SK0266,2
CAND13878,SK0007,5
CAND12274,SK0078,1
CAND12884,SK0155,5
CAND05504,SK0095,4
CAND08280,SK0296,4
CAND02775,SK0062,2
CAND00821,SK0238,2
CAND10700,SK0035,1
CAND05351,SK0103,5
CAND04224,SK0212,5
CAND14394,SK0278,1
CAND08147,SK0128,3
CAND05668,SK0170,3
CAND13915,SK0300,3
CAND12225,SK0061,3
CAND08815,SK0210,4
CAND03998,SK0154,1
CAND02460,SK0049,3
CAND11347,SK0049,4
CAND00343,SK0026,4
CAND12948,SK0243,3
CAND08737,SK0156,2
CAND09871,SK0189,4
CAND04182,SK0198,3
CAND10303,SK0293,5
CAND13231,SK0036,2
CAND03100,SK0027,4
CAND00176,SK0230,3
CAND13813,SK0226,2
CAND06526,SK0262,2
CAND06281,SK0074,2
CAND06382,SK0273,3
CAND06756,SK0096,3
CAND11489,SK0288,1
CAND08998,SK0295,5
CAND14271,SK0060,4
CAND04691,SK0251,4
CAND13318,SK0169,1
CAND11515,SK0180,3
CAND12350,SK0165,4
CAND07587,SK0092,2
CAND14594,SK0200,2
CAND02405,SK0275,4
CAND06237,SK0179,1
CAND10856,SK0001,5
CAND13773,SK0245,5
CAND04469,SK0062,3
CAND00424,SK0098,1
CAND01076,SK0086,3
CAND12640,SK0203,2
CAND08350,SK0010,5
CAND14662,SK0285,2
CAND12244,SK0045,2
CAND09805,SK0081,4
CAND09404,SK0205,3
CAND12872,SK0003,4
CAND14146,SK0098,5
CAND04007,SK0262,3
CAND01229,SK0078,1
CAND08322,SK0225,4
CAND03554,SK0012,5
CAND14488,SK0287,2
CAND13825,SK0243,4
CAND11836,SK0016,5
CAND11514,SK0087,5
CAND10166,SK0042,1
CAND03566,SK0106,1
CAND00869,SK0291,3
CAND04911,SK0254,1
CAND03797,SK0179,5
CAND04983,SK0214,1
CAND08048,SK0242,5
CAND04967,SK0189,5
CAND07070,SK0184,1
CAND06850,SK0108,2
CAND07318,SK0212,5
CAND13594,SK0004,1
CAND01316,SK0021,3
CAND04604,SK0235,4
CAND10463,SK0171,2
CAND09493,SK0083,3
CAND05698,SK0061,5
CAND12127,SK0229,1
CAND12484,SK0287,4
CAND11292,SK0019,5
CAND04587,SK0043,2
CAND14794,SK0153,1
CAND01747,SK0120,3
CAND11541,SK0212,5
CAND10791,SK0261,4
CAND09717,SK0042,1
CAND06660,SK0016,2
CAND11758,SK0125,2
CAND06845,SK0170,4
CAND12236,SK0253,2
CAND00308,SK0105,3
CAND00356,SK0261,1
CAND02534,SK0005,1
CAND11312,SK0078,4
CAND05407,SK0229,1
CAND01386,SK0225,2
CAND01213,SK0138,1
CAND11551,SK0129,3
CAND00621,SK0161,3
CAND03274,SK0212,5
CAND03369,SK0200,3
CAND14175,SK0013,4
CAND08203,SK0144,2
CAND01376,SK0100,2
CAND13282,SK0115,3
CAND13829,SK0209,5
CAND08103,SK0164,3
CAND14289,SK0289,1
CAND08226,SK0212,5
CAND07029,SK0001,3
CAND06601,SK0167,4
CAND04297,SK0143,5
CAND01994,SK0079,2
CAND03841,SK0051,1
CAND14067,SK0140,5
CAND13907,SK0196,5
CAND12149,SK0029,5
CAND06867,SK0117,2
CAND06240,SK0165,5
CAND14354,SK0219,2
CAND08338,SK0042,2
CAND09321,SK0151,4
CAND11876,SK0192,4
CAND08322,SK0278,1
CAND04613,SK0252,4
CAND13114,SK0173,5
CAND14313,SK0126,5
CAND01799,SK0162,1
CAND07860,SK0054,4
CAND01367,SK0239,3
CAND12980,SK0181,1
CAND12772,SK0078,4
CAND04841,SK0268,2
CAND07335,SK0017,1
CAND01811,SK0241,3
CAND14527,SK0246,3
CAND02619,SK0130,3
CAND03752,SK0214,5
CAND09206,SK0015,3
CAND06459,SK0234,5
CAND14104,SK0017,5
CAND02209,SK0084,1
CAND01754,SK0181,4
CAND02771,SK0211,1
CAND03211,SK0221,1
CAND05741,SK0216,2
CAND05690,SK0145,1
CAND14842,SK0004,2
CAND08648,SK0133,3
CAND01755,SK0300,1
CAND09009,SK0246,1
CAND12678,SK0100,4
CAND04597,SK0022,5
CAND12971,SK0159,3
CAND02085,SK0013,4
CAND02694,SK0207,1
CAND14660,SK0033,3
CAND10505,SK0206,5
CAND01288,SK0283,4
CAND03851,SK0101,2
CAND12085,SK0106,2
CAND06120,SK0280,5
CAND07676,SK0205,4
CAND09809,SK0138,4
CAND02541,SK0298,3
CAND00261,SK0225,5
CAND00836,SK0037,1
CAND01610,SK0119,3
CAND04934,SK0267,5
CAND10369,SK0289,4
CAND09173,SK0107,1
CAND07632,SK0176,2
CAND01885,SK0030,2
CAND13110,SK0244,4
CAND13234,SK0069,3
CAND03335,SK0116,1
CAND02195,SK0049,4
CAND09927,SK0030,5
CAND02572,SK0044,4
CAND07099,SK0250,1
CAND05079,SK0172,3
CAND04797,SK0153,2
CAND02263,SK0003,4
CAND04714,SK0106,1
CAND05993,SK0143,2
CAND04788,SK0208,4
CAND12314,SK0188,3
CAND05502,SK0174,3
CAND02125,SK0279,1
CAND14884,SK0233,4
CAND14023,SK0183,4
CAND10708,SK0063,3
CAND05334,SK0038,2
CAND02957,SK0132,1
CAND13617,SK0044,4
CAND14010,SK0042,4
CAND08344,SK0100,1
CAND14280,SK0107,1
CAND12426,SK0170,4
CAND05492,SK0227,4
CAND00024,SK0129,5
CAND02839,SK0163,2
CAND06117,SK0206,3
CAND02931,SK0037,4
CAND07698,SK0109,5
CAND08261,SK0163,5
CAND08653,SK0272,4
CAND05770,SK0034,5
CAND10675,SK0090,2
CAND06130,SK0225,5
CAND09008,SK0168,1
CAND01966,SK0098,1
CAND00527,SK0232,3
CAND02992,SK0146,3
CAND04223,SK0107,3
CAND08431,SK0127,3
CAND00897,SK0167,3
CAND12483,SK0147,1
CAND02727,SK0252,5
CAND05441,SK0202,3
CAND02363,SK0264,5
CAND04434,SK0102,3
CAND10277,SK0093,2
CAND01237,SK0052,2
CAND09854,SK0172,5
CAND05361,SK0169,5
CAND06754,SK0047,4
CAND03973,SK0224,1
CAND05975,SK0287,5
CAND12492,SK0193,5
CAND09254,SK0132,4
CAND00213,SK0268,1
CAND03801,SK0256,1
CAND03522,SK0041,5
CAND13514,SK0284,4
CAND03242,SK0299,2
CAND13352,SK0281,1
CAND03671,SK0226,5
CAND06784,SK0100,3
CAND07286,SK0073,3
CAND11805,SK0029,5
CAND00776,SK0101,2
CAND03213,SK0217,4
CAND09215,SK0286,3
CAND04576,SK0125,2
CAND04550,SK0068,4
CAND10360,SK0228,1
CAND07375,SK0199,2
CAND09663,SK0133,3
CAND08332,SK0138,4
CAND12188,SK0195,2
CAND06902,SK0215,3
CAND05569,SK0123,4
CAND12912,SK0145,5
CAND04249,SK0154,5
CAND00417,SK0158,1
CAND06712,SK0065,1
CAND01325,SK0295,2
CAND06248,SK0008,3
CAND10344,SK0041,5
CAND01780,SK0122,5
CAND10164,SK0080,2
CAND09659,SK0207,3
CAND00127,SK0282,5
CAND01429,SK0295,3
CAND13785,SK0042,1
CAND03490,SK0207,3
CAND11050,SK0135,3
CAND09918,SK0132,3
CAND04920,SK0018,1
CAND06676,SK0107,2
CAND07274,SK0149,3
CAND08423,SK0162,4
CAND12739,SK0258,1
CAND11036,SK0095,1
CAND13491,SK0179,4
CAND00377,SK0234,1
CAND02704,SK0058,3
CAND06517,SK0070,1
CAND12916,SK0113,2
CAND00579,SK0298,1
CAND13803,SK0127,1
CAND08148,SK0177,3
CAND00383,SK0115,4
CAND04773,SK0087,3
CAND10530,SK0148,5
CAND09775,SK0215,4
CAND01542,SK0283,5
CAND12621,SK0136,3
CAND05048,SK0128,3
CAND07030,SK0095,4
CAND00097,SK0222,3
CAND00965,SK0213,2
CAND01211,SK0044,5
CAND07703,SK0263,2
CAND02427,SK0078,5
CAND02496,SK0235,1
CAND07667,SK0028,3
CAND03192,SK0124,5
CAND12758,SK0134,2
CAND14459,SK0293,4
CAND08883,SK0241,2
CAND13937,SK0219,2
CAND07277,SK0253,1
CAND09909,SK0021,2
CAND07790,SK0056,4
CAND03856,SK0265,2
CAND12138,SK0233,2
CAND03627,SK0145,5
CAND14777,SK0283,4
CAND06330,SK0244,4
CAND14544,SK0284,3
CAND02092,SK0264,1
CAND12741,SK0084,3
CAND14337,SK0286,1
CAND10806,SK0279,2
CAND08584,SK0227,4
CAND13392,SK0082,3
CAND02838,SK0136,4
CAND01196,SK0217,3
CAND08224,SK0166,1
CAND10685,SK0163,1
CAND13253,SK0041,5
CAND07970,SK0138,3
CAND05220,SK0116,3
CAND07551,SK0095,1
CAND04561,SK0093,4
CAND03552,SK0297,1
CAND11071,SK0161,4
CAND03675,SK0057,5
CAND13051,SK0286,5
CAND13482,SK0167,5
CAND11228,SK0170,3
CAND02271,SK0191,5
CAND10972,SK0265,4
CAND09916,SK0223,1
CAND03153,SK0235,5
CAND10831,SK0286,1
CAND13336,SK0107,5
CAND04058,SK0151,1
CAND12959,SK0160,4
CAND05184,SK0297,1
CAND14384,SK0010,1
CAND05126,SK0015,3
CAND07170,SK0189,1
CAND00202,SK0221,4
CAND01808,SK0118,1
CAND12703,SK0039,5
CAND10507,SK0054,4
CAND13740,SK0047,1
CAND05464,SK0261,5
CAND09268,SK0215,2
CAND11145,SK0014,1
CAND11458,SK0104,1
CAND08926,SK0020,5
CAND12128,SK0088,4
CAND05238,SK0220,4
CAND13647,SK0005,5
CAND09537,SK0254,3
CAND09511,SK0127,1
CAND13901,SK0070,3
CAND13072,SK0076,2
CAND02902,SK0089,4
CAND14933,SK0216,3
CAND11322,SK0014,4
CAND12662,SK0069,1
CAND01773,SK0126,1
CAND13940,SK0169,3
CAND13914,SK0086,2
CAND14392,SK0100,4
CAND07564,SK0083,5
CAND00613,SK0012,5
CAND09327,SK0299,4
CAND04916,SK0248,2
CAND05980,SK0250,2
CAND06176,SK0286,1
CAND07624,SK0015,1
CAND10910,SK0035,3
CAND00304,SK0227,2
CAND14279,SK0099,1
CAND04933,SK0119,5
CAND02260,SK0156,4
CAND07413,SK0300,3
CAND07002,SK0170,1
CAND10221,SK0091,1
CAND07244,SK0245,3
CAND04464,SK0142,5
CAND07712,SK0067,2
CAND02925,SK0242,1
CAND08910,SK0179,5
CAND14540,SK0189,1
CAND09320,SK0068,3
CAND04982,SK0004,2
CAND01198,SK0044,4
CAND02731,SK0261,1
CAND12276,SK0081,4
CAND04308,SK0294,2
CAND08833,SK0120,1
CAND06453,SK0137,4
CAND09501,SK0090,4
CAND01008,SK0193,5
CAND12571,SK0034,2
CAND05938,SK0211,2
CAND12704,SK0152,1
CAND01611,SK0275,5
CAND06822,SK0282,5
CAND12230,SK0288,2
CAND09638,SK0004,4
CAND10905,SK0208,4
CAND08478,SK0173,3
CAND10624,SK0088,5
CAND10556,SK0084,1
CAND13541,SK0240,2
CAND12411,SK0108,1
CAND12795,SK0118,3
CAND05558,SK0110,1
CAND02448,SK0281,1
CAND06493,SK0280,4
CAND13317,SK0262,5
CAND01374,SK0105,1
CAND08936,SK0278,2
CAND00047,SK0261,2
CAND02264,SK0087,2
CAND10823,SK0156,1
CAND07814,SK0087,1
CAND01117,SK0260,1
CAND02830,SK0122,1
CAND14504,SK0020,5
CAND06837,SK0009,2
CAND10040,SK0149,1
CAND07696,SK0210,2
CAND06143,SK0016,4
CAND07229,SK0063,2
CAND14525,SK0116,5
CAND00694,SK0122,2
CAND07358,SK0013,1
CAND02966,SK0186,1
CAND03640,SK0255,3
CAND14876,SK0131,5
CAND01037,SK0085,1
CAND13620,SK0122,4
CAND08064,SK0156,2
CAND01709,SK0190,3
CAND02618,SK0224,4
CAND04106,SK0185,3
CAND00868,SK0101,1
CAND06156,SK0131,2
CAND02208,SK0182,1
CAND00214,SK0184,2
CAND14752,SK0261,5
CAND07537,SK0081,1
CAND06965,SK0268,5
CAND06550,SK0072,4
CAND02729,SK0072,3
CAND12019,SK0262,5
CAND04686,SK0173,3
CAND00632,SK0235,3
CAND13064,SK0148,1
CAND12462,SK0209,2
CAND05446,SK0052,5
CAND06615,SK0069,1
CAND07217,SK0258,1
CAND06881,SK0101,4
CAND00574,SK0066,4
CAND13124,SK0236,3
CAND13751,SK0014,2
CAND12987,SK0284,1
CAND00310,SK0280,1
CAND06697,SK0297,1
CAND04908,SK0073,1
CAND02477,SK0263,1
CAND10235,SK0163,2
CAND12816,SK0267,2
CAND11953,SK0298,1
CAND14040,SK0221,2
CAND10501,SK0122,4
CAND08127,SK0184,1
CAND07490,SK0047,3
CAND12612,SK0228,1
CAND14535,SK0084,2
CAND02193,SK0161,5
CAND03878,SK0103,2
CAND05014,SK0270,2
CAND12968,SK0271,5
CAND00408,SK0193,2
CAND07435,SK0092,4
CAND06874,SK0282,3
CAND09431,SK0036,4
CAND06319,SK0007,5
CAND05196,SK0194,4
CAND03202,SK0143,1
CAND04061,SK0057,5
CAND06911,SK0087,3
CAND00253,SK0006,1
CAND00006,SK0006,5
CAND03938,SK0248,1
CAND04890,SK0059,1
CAND00607,SK0168,2
CAND01013,SK0235,1
CAND06371,SK0201,1
CAND10621,SK0250,1
CAND10895,SK0099,2
CAND02233,SK0288,2
CAND11756,SK0001,1
CAND01226,SK0035,2
CAND06719,SK0166,5
CAND09388,SK0110,1
CAND07055,SK0001,3
CAND04593,SK0157,3
CAND03243,SK0185,2
CAND12622,SK0212,5
CAND02178,SK0129,5
CAND06882,SK0107,3
CAND12909,SK0004,2
CAND05672,SK0016,1
CAND14156,SK0156,4
CAND09593,SK0242,3
CAND11855,SK0209,2
CAND05256,SK0141,3
CAND01793,SK0248,5
CAND13449,SK0262,1
CAND10706,SK0272,5
CAND05223,SK0027,5
CAND02620,SK0151,3
CAND01588,SK0207,5
CAND11342,SK0104,2
CAND02255,SK0036,3
CAND14836,SK0014,5
CAND01349,SK0044,5
CAND03400,SK0110,1
CAND04094,SK0040,4
CAND00025,SK0247,5
CAND08551,SK0296,4
CAND07121,SK0131,4
CAND01966,SK0145,2
CAND13279,SK0015,1
CAND02755,SK0100,1
CAND11977,SK0290,5
CAND06062,SK0143,3
CAND03184,SK0279,4
CAND02711,SK0057,1
CAND01085,SK0145,2
CAND12098,SK0220,1
CAND00464,SK0073,1
CAND02124,SK0014,5
CAND05737,SK0295,4
CAND03184,SK0106,3
CAND13501,SK0116,3
CAND07334,SK0232,2
CAND14073,SK0268,2
CAND05928,SK0103,3
CAND03911,SK0237,3
CAND03042,SK0139,5
CAND07766,SK0119,1
CAND04916,SK0139,5
CAND06750,SK0096,1
CAND14041,SK0125,2
CAND11118,SK0220,4
CAND03473,SK0117,4
CAND07977,SK0003,4
CAND14214,SK0096,3
CAND07930,SK0288,1
CAND14966,SK0230,1
CAND08708,SK0183,3
CAND00439,SK0110,4
CAND01243,SK0037,5
CAND11354,SK0205,5
CAND06075,SK0086,3
CAND04665,SK0023,4
CAND05431,SK0236,1
CAND07076,SK0025,5
CAND01450,SK0132,1
CAND13379,SK0019,4
CAND03421,SK0057,3
CAND03422,SK0248,1
CAND10824,SK0008,5
CAND01550,SK0177,5
CAND05677,SK0291,2
CAND05251,SK0032,5
CAND14632,SK0221,3
CAND02555,SK0118,5
CAND12739,SK0040,3
CAND14619,SK0254,3
CAND01952,SK0219,2
CAND14863,SK0071,2
CAND06354,SK0258,4
CAND04429,SK0069,4
CAND04805,SK0266,1
CAND06459,SK0107,2
CAND08663,SK0013,5
CAND14232,SK0005,4
CAND13882,SK0188,1
CAND11522,SK0095,1
CAND05803,SK0275,2
CAND02048,SK0049,1
CAND10988,SK0141,3
CAND13300,SK0097,2
CAND00810,SK0137,4
CAND03071,SK0140,2
CAND05877,SK0036,5
CAND00581,SK0191,3
CAND03042,SK0003,2
CAND08778,SK0276,3
CAND02512,SK0055,5
CAND11303,SK0186,5
CAND05253,SK0241,3
CAND03671,SK0071,2
CAND01300,SK0271,1
CAND00986,SK0022,3
CAND13067,SK0134,2
CAND04356,SK0119,5
CAND02342,SK0025,1
CAND10101,SK0194,2
CAND03110,SK0252,4
CAND12085,SK0276,3
CAND12046,SK0175,2
CAND02898,SK0006,3
CAND05778,SK0177,1
CAND11802,SK0013,4
CAND09676,SK0166,2
CAND13063,SK0114,2
CAND01841,SK0113,1
CAND13409,SK0200,1
CAND12056,SK0222,3
CAND06713,SK0205,1
CAND04459,SK0197,2
CAND14722,SK0241,5
CAND12360,SK0231,4
CAND09598,SK0138,2
CAND13685,SK0295,5
CAND04332,SK0034,5
CAND02048,SK0146,3
CAND14124,SK0211,1
CAND05392,SK0289,3
CAND11335,SK0005,3
CAND02186,SK0157,4
CAND07416,SK0102,4
CAND00233,SK0144,3
CAND01471,SK0238,4
CAND05592,SK0268,2
CAND08566,SK0144,5
CAND01480,SK0236,4
CAND02578,SK0007,2
CAND12792,SK0110,3
CAND13098,SK0261,2
CAND08385,SK0127,2
CAND04133,SK0035,4
CAND12185,SK0150,1
CAND14678,SK0020,1
CAND05666,SK0266,1
CAND08482,SK0216,2
CAND01070,SK0194,3
CAND10081,SK0044,5
CAND08058,SK0208,1
CAND07209,SK0218,4
CAND01188,SK0121,4
CAND04377,SK0191,5
CAND09071,SK0083,4
CAND06097,SK0153,2
CAND03615,SK0244,3
CAND00622,SK0275,2
CAND03831,SK0048,1
CAND03339,SK0237,5
CAND01552,SK0273,5
CAND10412,SK0160,2
CAND11230,SK0300,2
CAND01792,SK0230,5
CAND08132,SK0188,3
CAND09635,SK0275,2
CAND05394,SK0043,4
CAND03850,SK0149,4
CAND00268,SK0005,4
CAND11446,SK0044,3
CAND02536,SK0166,1
CAND08381,SK0289,4
CAND07008,SK0026,1
CAND01050,SK0153,4
CAND01581,SK0143,3
CAND13400,SK0045,4
CAND02173,SK0156,2
CAND13570,SK0282,1
CAND07269,SK0191,1
CAND14795,SK0112,3
CAND00273,SK0250,3
CAND11286,SK0275,4
CAND14597,SK0114,5
CAND06907,SK0177,5
CAND03780,SK0265,4
CAND08049,SK0119,2
CAND06748,SK0038,5
CAND11012,SK0081,2
CAND04295,SK0109,1
CAND06449,SK0137,2
CAND03491,SK0200,2
CAND10102,SK0161,3
CAND03988,SK0287,5
CAND12520,SK0238,2
CAND02955,SK0190,2
CAND04166,SK0128,5
CAND05405,SK0274,4
CAND00698,SK0095,3
CAND07685,SK0084,4
CAND00155,SK0129,2
CAND07771,SK0016,1
CAND14018,SK0032,1
CAND03613,SK0154,1
CAND12556,SK0205,1
CAND13282,SK0067,1
CAND06585,SK0128,2
CAND01892,SK0216,5
CAND00164,SK0026,3
CAND14713,SK0227,1
CAND01609,SK0144,2
CAND13677,SK0280,3
CAND12566,SK0257,1
CAND11134,SK0235,3
CAND03322,SK0189,1
CAND13143,SK0107,1
CAND13752,SK0087,3
CAND04640,SK0149,1
CAND14455,SK0271,3
CAND12177,SK0083,4
CAND02290,SK0288,5
CAND10364,SK0101,2
CAND00683,SK0248,4
CAND11081,SK0146,2
CAND13934,SK0102,3
CAND13292,SK0089,2
CAND09416,SK0226,3
CAND00344,SK0052,3
CAND03181,SK0274,1
CAND00142,SK0080,3
CAND08969,SK0154,2
CAND06899,SK0197,1
CAND13803,SK0220,4
CAND06017,SK0158,4
CAND05703,SK0037,1
CAND03859,SK0037,1
CAND00410,SK0022,4
CAND06941,SK0245,3
CAND08676,SK0237,5
CAND11244,SK0192,4
CAND01650,SK0107,5
CAND09463,SK0257,5
CAND04478,SK0030,4
CAND04835,SK0012,5
CAND01916,SK0036,4
CAND03332,SK0226,2
CAND07981,SK0022,1
CAND06185,SK0228,5
CAND01187,SK0025,2
CAND13705,SK0123,2
CAND08567,SK0026,4
CAND14791,SK0200,5
CAND10634,SK0120,1
CAND09868,SK0194,3
CAND07562,SK0055,4
CAND06326,SK0136,2
CAND06924,SK0145,3
CAND14149,SK0188,3
CAND10529,SK0004,5
CAND11823,SK0029,5
CAND10489,SK0001,3
CAND09151,SK0112,4
CAND03342,SK0027,4
CAND01786,SK0061,1
CAND09731,SK0033,4
CAND02287,SK0276,4
CAND11001,SK0218,2
CAND06262,SK0007,2
CAND14483,SK0099,4
CAND03125,SK0069,3
CAND08106,SK0143,5
CAND00998,SK0085,4
CAND04228,SK0023,1
CAND11354,SK0012,4
CAND07984,SK0023,1
CAND02564,SK0199,1
CAND03729,SK0277,1
CAND01486,SK0126,4
CAND08322,SK0016,4
CAND02834,SK0139,5
CAND01067,SK0036,5
CAND07351,SK0192,2
CAND00803,SK0194,2
CAND14652,SK0176,3
CAND06068,SK0066,2
CAND06967,SK0099,4
CAND14462,SK0255,1
CAND10664,SK0135,4
CAND12558,SK0036,4
CAND05060,SK0056,5
CAND09718,SK0189,3
CAND13095,SK0098,5
CAND13159,SK0279,2
CAND12507,SK0093,1
CAND09270,SK0021,1
CAND12474,SK0250,2
CAND13177,SK0261,1
CAND14048,SK0173,3
CAND02591,SK0300,1
CAND06604,SK0166,4
CAND11018,SK0132,5
CAND07940,SK0204,5
CAND12271,SK0241,4
CAND05626,SK0245,5
CAND10306,SK0252,4
CAND06101,SK0099,2
CAND11391,SK0238,4
CAND05042,SK0024,1
CAND10479,SK0106,4
CAND06576,SK0103,5
CAND08711,SK0262,2
CAND04658,SK0239,5
CAND11816,SK0067,5
CAND09923,SK0210,4
CAND11763,SK0201,5
CAND14999,SK0047,1
CAND11041,SK0092,1
CAND10650,SK0146,4
CAND01551,SK0160,4
CAND01856,SK0149,4
CAND14206,SK0180,5
CAND04887,SK0083,3
CAND00702,SK0155,3
CAND09820,SK0229,2
CAND07448,SK0274,1
CAND09319,SK0209,2
CAND10093,SK0035,4
CAND06712,SK0282,1
CAND03935,SK0035,2
CAND13660,SK0097,5
CAND00593,SK0206,2
CAND10846,SK0217,4
CAND10833,SK0171,4
CAND07900,SK0270,3
CAND05348,SK0100,2
CAND04459,SK0102,5
CAND12056,SK0125,3
CAND07060,SK0297,3
CAND03080,SK0244,1
CAND09069,SK0267,5
CAND03183,SK0173,1
CAND08572,SK0107,2
CAND05831,SK0130,3
CAND02398,SK0071,2
CAND01524,SK0055,4
CAND03649,SK0136,4
CAND00202,SK0220,1
CAND11495,SK0202,5
CAND02480,SK0038,4
CAND01648,SK0253,2
CAND05383,SK0259,2
CAND02508,SK0016,1
CAND12897,SK0052,3
CAND09520,SK0226,4
CAND14355,SK0255,2
CAND11618,SK0203,5
CAND00936,SK0254,1
CAND14359,SK0228,4
CAND04785,SK0280,2
CAND04272,SK0178,1
CAND03325,SK0286,3
CAND13186,SK0254,2
CAND08892,SK0275,2
CAND12942,SK0279,5
CAND14005,SK0060,1
CAND12104,SK0007,5
CAND03504,SK0262,4
CAND12345,SK0037,1
CAND02572,SK0080,2
CAND04248,SK0020,2
CAND00193,SK0089,2
CAND13359,SK0251,5
CAND08781,SK0007,1
CAND01913,SK0268,3
CAND06135,SK0154,2
CAND08463,SK0067,4
CAND04476,SK0262,1
CAND13235,SK0028,3
CAND01556,SK0105,2
CAND01364,SK0146,3
CAND12696,SK0255,3
CAND03727,SK0001,2
CAND04593,SK0270,1
CAND05980,SK0130,2
CAND14359,SK0112,5
CAND08556,SK0074,4
CAND13351,SK0133,2
CAND03298,SK0187,4
CAND13994,SK0011,2
CAND06517,SK0091,4
CAND07069,SK0126,2
CAND01000,SK0270,4
CAND06259,SK0114,4
CAND05244,SK0118,4
CAND00121,SK0294,2
CAND05022,SK0024,3
CAND06199,SK0063,2
CAND02232,SK0152,3
CAND04481,SK0070,4
CAND04760,SK0053,4
CAND08463,SK0123,2
CAND01887,SK0270,1
CAND00866,SK0092,4
CAND12913,SK0193,4
CAND08804,SK0123,3
CAND12338,SK0119,5
CAND03338,SK0289,3
CAND06921,SK0157,4
CAND01034,SK0175,2
CAND04035,SK0145,3
CAND01433,SK0175,4
CAND07783,SK0016,5
CAND13262,SK0250,1
CAND07805,SK0282,3
CAND05975,SK0080,2
CAND11074,SK0109,5
CAND01121,SK0155,5
CAND06969,SK0129,2
CAND00917,SK0161,4
CAND09800,SK0292,1
CAND13855,SK0111,5
CAND09792,SK0049,5
CAND05014,SK0083,2
CAND13110,SK0125,4
CAND02905,SK0235,1
CAND04332,SK0167,4
CAND09979,SK0077,4
CAND02641,SK0060,1
CAND07169,SK0033,3
CAND08897,SK0248,4
CAND05180,SK0178,5
CAND12443,SK0087,3
CAND10435,SK0177,5
CAND03289,SK0207,2
CAND06512,SK0023,3
CAND12843,SK0245,1
CAND04398,SK0011,1
CAND07017,SK0078,3
CAND01962,SK0245,4
CAND11100,SK0139,5
CAND07747,SK0180,5
CAND06831,SK0196,3
CAND05441,SK0203,5
CAND09434,SK0121,1
CAND05143,SK0280,4
CAND10566,SK0286,2
CAND03144,SK0092,2
CAND08458,SK0087,4
CAND10832,SK0065,4
CAND07701,SK0117,2
CAND07076,SK0160,2
CAND12857,SK0232,3
CAND10780,SK0297,3
CAND06595,SK0182,1
CAND09379,SK0026,2
CAND10950,SK0169,2
CAND04000,SK0051,1
CAND01960,SK0288,4
CAND10108,SK0260,5
CAND11065,SK0058,5
CAND08698,SK0157,1
CAND02613,SK0181,1
CAND04596,SK0286,1
CAND11000,SK0131,5
CAND08255,SK0135,2
CAND09742,SK0004,3
CAND07006,SK0223,3
CAND10312,SK0104,1
CAND09446,SK0255,4
CAND11331,SK0002,2
CAND09497,SK0281,5
CAND05848,SK0001,4
CAND08038,SK0132,5
CAND10435,SK0082,3
CAND06190,SK0204,4
CAND03428,SK0245,4
CAND08042,SK0070,2
CAND03689,SK0032,1
CAND13664,SK0206,1
CAND09083,SK0014,1
CAND11231,SK0082,1
CAND07315,SK0110,3
CAND12131,SK0254,4
CAND03126,SK0131,2
CAND04980,SK0011,5
CAND04610,SK0128,1
CAND04250,SK0182,3
CAND08940,SK0002,2
CAND13177,SK0027,3
CAND03188,SK0220,3
CAND12993,SK0033,1
CAND11571,SK0042,5
CAND11652,SK0136,3
CAND05997,SK0260,3
CAND08661,SK0140,3
CAND09167,SK0017,2
CAND02024,SK0037,3
CAND14633,SK0231,4
CAND04237,SK0176,1
CAND09708,SK0026,5
CAND09330,SK0035,2
CAND05192,SK0020,5
CAND07221,SK0167,3
CAND12414,SK0016,4
CAND05416,SK0199,5
CAND11256,SK0032,4
CAND01175,SK0193,4
CAND13291,SK0208,3
CAND06161,SK0037,3
CAND09098,SK0029,1
CAND00876,SK0218,1
CAND08731,SK0299,2
CAND05944,SK0232,3
CAND09592,SK0130,5
CAND14925,SK0177,2
CAND11751,SK0050,5
CAND05513,SK0128,1
CAND14139,SK0127,1
CAND13190,SK0210,2
CAND01786,SK0055,5
CAND05303,SK0173,3
CAND12008,SK0241,4
CAND03484,SK0010,1
CAND07101,SK0112,4
CAND10074,SK0077,5
CAND02047,SK0004,4
CAND00963,SK0147,5
CAND01818,SK0021,1
CAND09709,SK0177,4
CAND10938,SK0107,4
CAND14665,SK0153,1
CAND14453,SK0084,1
CAND14455,SK0061,1
CAND09348,SK0266,4
CAND05435,SK0094,4
CAND09148,SK0227,5
CAND06276,SK0199,4
CAND05303,SK0136,3
CAND12154,SK0014,2
CAND10625,SK0289,3
CAND14476,SK0069,4
CAND12060,SK0077,5
CAND08482,SK0147,4
CAND04473,SK0200,5
CAND04946,SK0002,5
CAND05565,SK0004,1
CAND06231,SK0028,1
CAND13596,SK0292,4
CAND13426,SK0094,2
CAND07009,SK0251,2
CAND09636,SK0266,3
CAND07759,SK0286,3
CAND02212,SK0050,1
CAND02162,SK0045,1
CAND04361,SK0156,1
CAND00626,SK0265,2
CAND13008,SK0071,2
CAND01516,SK0150,1
CAND06456,SK0156,1
CAND12836,SK0086,1
CAND10869,SK0195,2
CAND10772,SK0125,2
CAND00343,SK0231,5
CAND10739,SK0228,4
CAND10929,SK0299,5
CAND01727,SK0194,5
CAND09758,SK0076,3
CAND01153,SK0272,4
CAND05751,SK0281,2
CAND02940,SK0176,5
CAND00236,SK0166,2
CAND04404,SK0058,3
CAND12640,SK0196,5
CAND08512,SK0255,4
CAND09625,SK0159,5
CAND12749,SK0037,5
CAND02420,SK0223,3
CAND12722,SK0130,2
CAND08374,SK0018,4
CAND00482,SK0041,3
CAND11925,SK0228,5
CAND01449,SK0061,3
CAND05420,SK0163,1
CAND08971,SK0275,5
CAND02287,SK0043,1
CAND01341,SK0155,2
CAND11444,SK0009,5
CAND02726,SK0181,4
CAND08661,SK0046,2
CAND11420,SK0051,1
CAND03157,SK0012,4
CAND11932,SK0078,2
CAND05133,SK0154,2
CAND01571,SK0195,3
CAND13268,SK0168,3
CAND08447,SK0129,1
CAND11451,SK0142,3
CAND08083,SK0038,3
CAND03434,SK0239,4
CAND02795,SK0112,2
CAND04012,SK0160,2
CAND10416,SK0136,4
CAND01689,SK0235,5
CAND08286,SK0248,5
CAND06655,SK0283,3
CAND10412,SK0267,4
CAND13764,SK0198,1
CAND14573,SK0015,3
CAND14210,SK0023,2
CAND03129,SK0273,2
CAND00771,SK0021,4
CAND12157,SK0064,2
CAND12936,SK0164,3
CAND12875,SK0196,4
CAND04677,SK0260,3
CAND09179,SK0213,4
CAND07452,SK0053,2
CAND03348,SK0251,5
CAND11038,SK0216,4
CAND05235,SK0108,4
CAND01809,SK0299,4
CAND07827,SK0029,4
CAND13301,SK0089,2
CAND12522,SK0193,4
CAND08424,SK0070,1
CAND09127,SK0252,2
CAND00460,SK0033,4
CAND05934,SK0033,1
CAND02827,SK0057,4
CAND06412,SK0223,5
CAND04272,SK0075,5
CAND12944,SK0238,3
CAND04141,SK0009,1
CAND13558,SK0281,3
CAND07575,SK0134,4
CAND01391,SK0257,1
CAND02902,SK0249,3
CAND14123,SK0013,5
CAND07043,SK0246,1
CAND06124,SK0048,3
CAND04888,SK0210,5
CAND14362,SK0119,1
CAND14267,SK0272,1
CAND11654,SK0230,1
CAND13075,SK0099,4
CAND01526,SK0068,2
CAND02902,SK0200,3
CAND02315,SK0049,3
CAND11001,SK0118,5
CAND13592,SK0117,1
CAND10809,SK0017,4
CAND12081,SK0009,5
CAND07191,SK0141,4
CAND11439,SK0111,3
CAND02782,SK0074,5
CAND04865,SK0148,2
CAND04296,SK0213,3
CAND09959,SK0291,2
CAND10309,SK0034,1
CAND13380,SK0208,5
CAND11607,SK0191,4
CAND13024,SK0125,4
CAND08219,SK0211,2
CAND01805,SK0288,4
CAND04175,SK0105,1
CAND12896,SK0001,5
CAND03040,SK0115,1
CAND06999,SK0138,4
CAND09089,SK0223,2
CAND00174,SK0173,4
CAND13271,SK0081,3
CAND06858,SK0045,2
CAND06960,SK0002,3
CAND12329,SK0158,5
CAND10696,SK0183,4
CAND05252,SK0245,2
CAND07133,SK0059,4
CAND10637,SK0088,4
CAND02857,SK0002,2
CAND03743,SK0058,4
CAND03346,SK0291,2
CAND10705,SK0031,2
CAND14661,SK0252,3
CAND11458,SK0253,4
CAND09624,SK0125,2
CAND13393,SK0172,3
CAND12877,SK0242,1
CAND05055,SK0057,5
CAND14276,SK0143,1
CAND05153,SK0202,2
CAND07627,SK0275,4
CAND02090,SK0276,4
CAND03790,SK0281,3
CAND14452,SK0004,4
CAND01471,SK0016,5
CAND14865,SK0160,1
CAND04659,SK0196,5
CAND11044,SK0069,2
CAND03561,SK0004,5
CAND02421,SK0093,5
CAND04636,SK0081,1
CAND14978,SK0124,2
CAND06032,SK0126,5
CAND00001,SK0088,3
CAND02964,SK0048,2
CAND01686,SK0105,4
CAND05547,SK0227,4
CAND06057,SK0219,2
CAND03106,SK0128,1
CAND05183,SK0078,1
CAND11917,SK0155,3
CAND14342,SK0120,5
CAND05003,SK0086,2
CAND01807,SK0064,5
CAND12500,SK0292,3
CAND02867,SK0289,1
CAND00163,SK0052,2
CAND08586,SK0272,2
CAND08282,SK0095,3
CAND10492,SK0045,1
CAND08896,SK0208,1
CAND03014,SK0285,1
CAND04691,SK0283,1
CAND01806,SK0274,1
CAND10348,SK0042,4
CAND00412,SK0037,2
CAND04339,SK0209,2
CAND05719,SK0251,4
CAND06596,SK0229,3
CAND10203,SK0284,3
CAND09748,SK0259,2
CAND04206,SK0027,5
CAND04564,SK0213,5
CAND13720,SK0117,3
CAND01803,SK0300,1
CAND02599,SK0050,4
CAND02319,SK0188,1
CAND13859,SK0162,5
CAND11075,SK0102,4
CAND09333,SK0039,4
CAND06987,SK0249,5
CAND10613,SK0203,2
CAND10870,SK0029,4
CAND13154,SK0286,4
CAND02649,SK0226,2
CAND03202,SK0014,5
CAND08609,SK0144,4
CAND07161,SK0031,2
CAND10390,SK0044,5
CAND10387,SK0136,4
CAND04380,SK0117,2
CAND07367,SK0079,1
CAND14432,SK0082,2
CAND01182,SK0297,4
CAND02449,SK0094,5
CAND13151,SK0034,3
CAND06758,SK0162,1
CAND08405,SK0260,3
CAND05004,SK0172,5
CAND09379,SK0254,1
CAND02203,SK0210,3
CAND05431,SK0028,5
CAND10428,SK0070,2
CAND05029,SK0080,5
CAND07078,SK0127,3
CAND03115,SK0049,3
CAND13505,SK0141,3
CAND00821,SK0013,5
CAND13192,SK0242,1
CAND10058,SK0250,3
CAND04394,SK0208,4
CAND09138,SK0083,4
CAND12849,SK0063,3
CAND12200,SK0041,5
CAND05691,SK0183,2
CAND03371,SK0135,3
CAND04036,SK0220,2
CAND13522,SK0049,3
CAND08931,SK0285,1
CAND04545,SK0160,5
CAND00442,SK0104,1
CAND07378,SK0274,5
CAND12361,SK0053,3
CAND12847,SK0271,2
CAND02531,SK0057,1
CAND05893,SK0141,4
CAND02386,SK0128,1
CAND14577,SK0165,3
CAND14033,SK0275,2
CAND13295,SK0003,2
CAND02693,SK0040,1
CAND11821,SK0015,4
CAND06963,SK0118,3
CAND01721,SK0240,3
CAND04568,SK0279,4
CAND00630,SK0227,2
CAND12294,SK0211,3
CAND00337,SK0222,5
CAND01868,SK0004,3
CAND09387,SK0045,5
CAND09495,SK0281,2
CAND07085,SK0199,5
CAND06622,SK0153,2
CAND01549,SK0148,5
CAND10223,SK0048,3
CAND12696,SK0214,2
CAND12285,SK0241,2
CAND02280,SK0216,4
CAND07221,SK0075,4
CAND09756,SK0113,2
CAND09784,SK0044,5
CAND10504,SK0298,1
CAND01546,SK0134,2
CAND03266,SK0027,5
CAND13814,SK0279,1
CAND02773,SK0220,5
CAND07545,SK0069,4
CAND04236,SK0144,5
CAND00311,SK0271,5
CAND08425,SK0162,2
CAND02548,SK0067,2
CAND05429,SK0262,2
CAND01357,SK0118,2
CAND04874,SK0074,2
CAND07289,SK0117,4
CAND00013,SK0284,5
CAND04169,SK0263,3
CAND09547,SK0261,1
CAND14501,SK0075,1
CAND11430,SK0002,4
CAND00495,SK0114,3
CAND07601,SK0276,4
CAND07833,SK0133,4
CAND00240,SK0112,2
CAND08318,SK0276,4
CAND00453,SK0264,4
CAND08286,SK0227,3
CAND08325,SK0253,4
CAND01066,SK0246,3
CAND14105,SK0200,5
CAND14843,SK0027,2
CAND06865,SK0066,3
CAND07792,SK0043,5
CAND06616,SK0184,2
CAND05934,SK0027,2
CAND04579,SK0151,3
CAND00724,SK0142,4
CAND05463,SK0284,4
CAND14255,SK0158,3
CAND10963,SK0219,3
CAND04934,SK0095,1
CAND14152,SK0122,1
CAND09479,SK0202,1
CAND10507,SK0278,5
CAND04843,SK0188,5
CAND10795,SK0123,1
CAND06227,SK0090,5
CAND09102,SK0215,5
CAND04520,SK0244,4
CAND13842,SK0187,3
CAND12347,SK0274,3
CAND05841,SK0108,1
CAND07099,SK0015,3
CAND03862,SK0276,3
CAND14419,SK0132,4
CAND01337,SK0104,2
CAND11361,SK0044,3
CAND10373,SK0182,4
CAND07757,SK0253,4
CAND04025,SK0166,1
CAND13757,SK0286,3
CAND01511,SK0298,2
CAND13105,SK0249,4
CAND03699,SK0004,3
CAND13773,SK0180,2
CAND10046,SK0246,2
CAND13991,SK0021,1
CAND09762,SK0013,1
CAND03632,SK0100,2
CAND08989,SK0147,2
CAND07516,SK0074,2
CAND11775,SK0270,4
CAND12965,SK0293,3
CAND05200,SK0091,3
CAND00744,SK0233,5
CAND14330,SK0113,4
CAND05932,SK0018,2
CAND02073,SK0020,4
CAND14528,SK0161,2
CAND04573,SK0242,4
CAND14620,SK0193,1
CAND12166,SK0068,5
CAND01607,SK0206,1
CAND14967,SK0278,5
CAND14814,SK0292,4
CAND13805,SK0106,3
CAND09046,SK0237,4
CAND05791,SK0044,4
CAND11860,SK0152,5
CAND14189,SK0230,4
CAND01356,SK0178,5
CAND07790,SK0182,2
CAND02258,SK0114,2
CAND08501,SK0101,2
CAND07418,SK0247,3
CAND01669,SK0189,3
CAND04444,SK0151,5
CAND12585,SK0253,4
CAND01273,SK0052,5
CAND12502,SK0161,4
CAND04934,SK0018,1
CAND11025,SK0254,3
CAND11105,SK0085,2
CAND03919,SK0295,3
CAND05098,SK0266,4
CAND05109,SK0202,1
CAND03360,SK0069,5
CAND07758,SK0075,1
CAND01643,SK0119,2
CAND02844,SK0088,3
CAND13725,SK0038,3
CAND06556,SK0211,4
CAND00907,SK0064,3
CAND13473,SK0050,3
CAND01946,SK0287,3
CAND06465,SK0188,2
CAND00660,SK0294,4
CAND11784,SK0110,3
CAND00465,SK0115,3
CAND10269,SK0223,1
CAND05286,SK0027,1
CAND09760,SK0255,1
CAND07573,SK0287,1
CAND03637,SK0037,4
CAND08626,SK0251,1
CAND07825,SK0015,5
CAND10088,SK0186,2
CAND14738,SK0189,1
CAND11040,SK0052,1
CAND07898,SK0012,4
CAND06744,SK0118,3
CAND06561,SK0253,1
CAND08986,SK0222,3
CAND02676,SK0019,5
CAND14683,SK0250,2
CAND11254,SK0181,3
CAND01570,SK0278,1
CAND04672,SK0079,2
CAND06820,SK0094,3
CAND12196,SK0086,1
CAND08154,SK0134,3
CAND11587,SK0095,5
CAND12551,SK0096,4
CAND03579,SK0213,4
CAND09413,SK0262,3
CAND14833,SK0091,1
CAND12068,SK0275,2
CAND00038,SK0140,4
CAND01225,SK0234,2
CAND11164,SK0094,3
CAND13744,SK0176,4
CAND01550,SK0049,3
CAND12126,SK0040,4
CAND09689,SK0288,4
CAND07448,SK0257,3
CAND10385,SK0209,3
CAND12035,SK0141,4
CAND02351,SK0257,2
CAND00842,SK0188,1
CAND10739,SK0288,3
CAND08172,SK0089,2
CAND08469,SK0003,1
CAND14483,SK0086,2
CAND02520,SK0240,5
CAND09557,SK0003,3
CAND04735,SK0180,3
CAND10082,SK0110,1
CAND10805,SK0133,3
CAND13810,SK0279,1
CAND10006,SK0063,5
CAND05157,SK0249,4
CAND11515,SK0177,4
CAND10241,SK0120,2
CAND01900,SK0180,2
CAND00900,SK0140,4
CAND00845,SK0128,5
CAND03473,SK0037,2
CAND09587,SK0106,3
CAND12974,SK0268,3
CAND10064,SK0177,4
CAND09664,SK0113,4
CAND05945,SK0069,3
CAND11342,SK0123,1
CAND08368,SK0285,3
CAND04767,SK0019,1
CAND02334,SK0108,3
CAND06431,SK0110,5
CAND09958,SK0277,4
CAND08645,SK0134,2
CAND03930,SK0110,5
CAND09445,SK0108,2
CAND14571,SK0285,5
CAND13494,SK0024,2
CAND02356,SK0105,1
CAND04437,SK0229,4
CAND14644,SK0046,3
CAND00659,SK0104,5
CAND01202,SK0002,1
CAND02695,SK0006,1
CAND12346,SK0290,1
CAND10227,SK0157,4
CAND01405,SK0175,2
CAND14644,SK0187,3
CAND04660,SK0163,3
CAND06431,SK0238,2
CAND13441,SK0102,3
CAND08169,SK0119,2
CAND06482,SK0284,5
CAND04802,SK0170,4
CAND09028,SK0224,3
CAND05539,SK0085,3
CAND03113,SK0031,2
CAND00608,SK0177,3
CAND10781,SK0056,1
CAND00654,SK0133,1
CAND10583,SK0223,4
CAND14660,SK0190,1
CAND08217,SK0209,2
CAND04521,SK0160,4
CAND04696,SK0100,2
CAND00085,SK0035,2
CAND08289,SK0174,4
CAND06292,SK0137,4
CAND14826,SK0230,5
CAND09465,SK0016,3
CAND09840,SK0097,3
CAND11772,SK0011,4
CAND12273,SK0213,1
CAND03063,SK0012,1
CAND05341,SK0295,5
CAND11514,SK0139,3
CAND11967,SK0115,4
CAND08448,SK0062,3
CAND04166,SK0036,2
CAND06765,SK0129,1
CAND00758,SK0285,2
CAND09653,SK0223,3
CAND07155,SK0194,1
CAND11580,SK0076,3
CAND07232,SK0144,4
CAND12255,SK0075,2
CAND09007,SK0189,2
CAND12586,SK0101,3
CAND08001,SK0123,2
CAND00729,SK0058,2
CAND09876,SK0273,5
CAND09988,SK0077,3
CAND06023,SK0076,1
CAND02004,SK0277,3
CAND13141,SK0111,3
CAND12790,SK0183,1
CAND14829,SK0260,1
CAND07406,SK0204,1
CAND14515,SK0021,2
CAND13384,SK0106,1
CAND03752,SK0096,2
CAND12316,SK0146,5
CAND12669,SK0072,3
CAND14944,SK0222,2
CAND06180,SK0011,5
CAND10642,SK0018,1
CAND12462,SK0023,3
CAND07772,SK0211,3
CAND14033,SK0246,1
CAND09150,SK0293,5
CAND14501,SK0294,1
CAND10623,SK0099,5
CAND05541,SK0237,5
CAND05000,SK0272,4
CAND09605,SK0175,1
CAND06924,SK0129,3
CAND02959,SK0005,4
CAND14144,SK0281,2
CAND04222,SK0137,2
CAND13893,SK0278,2
CAND04353,SK0008,1
CAND13398,SK0193,5
CAND01500,SK0272,5
CAND10715,SK0049,5
CAND11940,SK0013,4
CAND08593,SK0033,2
CAND10031,SK0047,1
CAND00512,SK0056,3
CAND05631,SK0242,3
CAND11775,SK0194,5
CAND08614,SK0278,5
CAND09633,SK0104,3
CAND03035,SK0108,3
CAND06481,SK0056,2
CAND10020,SK0054,5
CAND07135,SK0050,1
CAND06536,SK0017,1
CAND11519,SK0054,5
CAND06008,SK0212,4
CAND03409,SK0186,5
CAND14007,SK0173,4
CAND12023,SK0276,5
CAND11135,SK0175,4
CAND04149,SK0078,4
CAND14580,SK0209,2
CAND13695,SK0110,4
CAND08364,SK0128,2
CAND07743,SK0083,1
CAND00460,SK0173,5
CAND04999,SK0220,5
CAND09814,SK0011,5
CAND14115,SK0223,5
CAND02878,SK0054,3
CAND12765,SK0278,4
CAND11358,SK0146,3
CAND13558,SK0078,1
CAND06347,SK0021,1
CAND11750,SK0104,4
CAND10057,SK0039,4
CAND05998,SK0268,5
CAND10854,SK0295,3
CAND13793,SK0206,1
CAND12219,SK0157,3
CAND03369,SK0023,5
CAND02170,SK0190,2
CAND04804,SK0080,4
CAND00093,SK0247,2
CAND09473,SK0165,4
CAND04697,SK0279,1
CAND06357,SK0195,1
CAND06531,SK0067,3
CAND11991,SK0275,2
CAND01227,SK0053,4
CAND13716,SK0017,4
CAND04982,SK0019,4
CAND10881,SK0060,4
CAND11932,SK0118,2
CAND04810,SK0229,1
CAND04234,SK0164,3
CAND09873,SK0188,3
CAND00813,SK0001,3
CAND00163,SK0100,5
CAND07935,SK0175,2
CAND03619,SK0243,1
CAND00433,SK0089,5
CAND08594,SK0022,3
CAND14492,SK0249,1
CAND12618,SK0086,1
CAND13095,SK0264,2
CAND04122,SK0294,4
CAND05764,SK0055,4
CAND14421,SK0261,5
CAND07292,SK0059,1
CAND08892,SK0082,3
CAND06326,SK0221,5
CAND05493,SK0016,1
CAND07501,SK0284,2
CAND08455,SK0240,5
CAND00500,SK0052,4
CAND12884,SK0089,4
CAND01703,SK0009,2
CAND04114,SK0065,5
CAND13756,SK0192,3
CAND11343,SK0255,3
CAND00369,SK0034,1
CAND08736,SK0201,2
CAND12935,SK0280,1
CAND04684,SK0059,4
CAND10755,SK0295,2
CAND13552,SK0146,2
CAND11974,SK0160,3
CAND02163,SK0260,2
CAND10153,SK0293,2
CAND04462,SK0152,4
CAND12862,SK0204,5
CAND02801,SK0235,3
CAND00677,SK0074,1
CAND07767,SK0153,4
CAND04741,SK0192,2
CAND02223,SK0063,4
CAND05710,SK0048,4
CAND03285,SK0066,2
CAND06093,SK0186,2
CAND07787,SK0079,2
CAND13150,SK0015,2
CAND02291,SK0002,5
CAND14744,SK0144,1
CAND07365,SK0271,5
CAND10389,SK0158,2
CAND04167,SK0133,3
CAND00296,SK0038,4
CAND12327,SK0110,3
CAND14592,SK0125,3
CAND09118,SK0054,2
CAND04991,SK0064,1
CAND04770,SK0001,5
CAND08187,SK0142,3
CAND00558,SK0231,2
CAND01502,SK0046,3
CAND10365,SK0070,3
CAND12486,SK0261,2
CAND06880,SK0090,4
CAND08925,SK0054,5
CAND13933,SK0119,4
CAND06360,SK0164,5
CAND05135,SK0297,2
CAND01986,SK0148,2
CAND11395,SK0164,3
CAND04085,SK0157,5
CAND03929,SK0127,4
CAND02729,SK0147,3
CAND01456,SK0140,2
CAND02567,SK0204,5
CAND13844,SK0025,4
CAND01154,SK0219,5
CAND08889,SK0131,5
CAND01160,SK0232,5
CAND04511,SK0219,1
CAND00689,SK0187,4
CAND11859,SK0051,4
CAND09637,SK0059,1
CAND06746,SK0192,1
CAND02513,SK0268,2
CAND09758,SK0057,2
CAND13850,SK0063,1
CAND04692,SK0076,5
CAND04549,SK0166,2
CAND03428,SK0018,3
CAND14876,SK0039,3
CAND02908,SK0288,5
CAND01226,SK0087,5
CAND05935,SK0151,5
CAND09011,SK0007,4
CAND03565,SK0195,1
CAND02298,SK0004,2
CAND11674,SK0067,5
CAND14484,SK0139,2
CAND07393,SK0243,1
CAND10871,SK0184,4
CAND06685,SK0273,4
CAND13033,SK0296,5
CAND05558,SK0197,2
CAND07214,SK0217,4
CAND11812,SK0254,3
CAND05311,SK0220,2
CAND05755,SK0256,5
CAND02011,SK0048,2
CAND14497,SK0001,1
CAND12284,SK0182,3
CAND13507,SK0216,4
CAND08120,SK0141,1
CAND03390,SK0121,1
CAND04671,SK0262,3
CAND00350,SK0143,2
CAND05358,SK0022,4
CAND01607,SK0271,5
CAND10009,SK0178,2
CAND13409,SK0176,3
CAND04660,SK0133,4
CAND09493,SK0008,5
CAND13022,SK0100,4
CAND05687,SK0005,5
CAND03457,SK0239,4
CAND01679,SK0182,2
CAND03788,SK0225,1
CAND09967,SK0080,5
CAND06458,SK0265,3
CAND12885,SK0160,2
CAND12534,SK0291,1
CAND11915,SK0293,2
CAND11925,SK0289,3
CAND03299,SK0299,4
CAND11834,SK0076,2
CAND07902,SK0120,1
CAND00693,SK0102,2
CAND11357,SK0120,5
CAND05018,SK0044,3
CAND06508,SK0174,1
CAND00208,SK0213,1
CAND03227,SK0021,2
CAND04195,SK0006,5
CAND04064,SK0125,5
CAND02864,SK0252,4
CAND10798,SK0291,1
CAND01483,SK0255,2
CAND04119,SK0029,1
CAND00771,SK0042,1
CAND14627,SK0065,3
CAND11758,SK0150,4
CAND03131,SK0024,2
CAND13618,SK0100,5
CAND14181,SK0165,3
CAND13894,SK0150,3
CAND03158,SK0095,5
CAND13021,SK0150,3
CAND01096,SK0137,4
CAND11442,SK0190,1
CAND02069,SK0029,1
CAND05819,SK0131,5
CAND00260,SK0180,1
CAND08442,SK0295,2
CAND07251,SK0211,1
CAND09268,SK0239,5
CAND06411,SK0220,4
CAND05284,SK0221,3
CAND08243,SK0147,2
CAND09821,SK0220,4
CAND13590,SK0079,5
CAND14348,SK0249,1
CAND06111,SK0283,4
CAND08990,SK0277,1
CAND00029,SK0118,5
CAND12413,SK0053,3
CAND05624,SK0158,2
CAND14765,SK0043,5
CAND03066,SK0104,1
CAND13659,SK0087,1
CAND09498,SK0201,2
CAND01797,SK0262,4
CAND01952,SK0119,3
CAND05236,SK0111,2
CAND02527,SK0293,5
CAND08335,SK0252,4
CAND03904,SK0005,4
CAND14774,SK0228,2
CAND09716,SK0237,1
CAND10119,SK0176,1
CAND05975,SK0206,2
CAND03471,SK0256,4
CAND14474,SK0237,3
CAND03072,SK0028,5
CAND09351,SK0258,1
CAND06376,SK0204,1
CAND02275,SK0240,4
CAND12074,SK0045,3
CAND02173,SK0054,5
CAND05225,SK0173,5
CAND09443,SK0141,3
CAND10285,SK0228,5
CAND08910,SK0268,1
CAND08783,SK0104,3
CAND09500,SK0282,5
CAND00245,SK0013,5
CAND13099,SK0143,1
CAND13482,SK0174,3
CAND06828,SK0038,5
CAND08318,SK0186,3
CAND05248,SK0124,5
CAND11583,SK0021,3
CAND10860,SK0146,5
CAND07935,SK0149,4
CAND03518,SK0221,1
CAND09100,SK0252,1
CAND09436,SK0275,4
CAND04102,SK0154,3
CAND14761,SK0268,5
CAND05461,SK0095,2
CAND00685,SK0295,2
CAND03529,SK0049,3
CAND10240,SK0293,1
CAND14993,SK0197,2
CAND05736,SK0067,4
CAND09681,SK0242,3
CAND11112,SK0257,5
CAND11395,SK0128,3
CAND02441,SK0168,2
CAND10737,SK0255,4
CAND08076,SK0288,2
CAND14620,SK0188,4
CAND06591,SK0082,3
CAND06864,SK0089,2
CAND10683,SK0083,5
CAND02469,SK0043,1
CAND11516,SK0213,1
CAND08902,SK0008,3
CAND14854,SK0237,3
CAND07989,SK0132,3
CAND02396,SK0008,5
CAND00534,SK0013,5
CAND06375,SK0266,4
CAND02491,SK0055,2
CAND04519,SK0044,2
CAND00317,SK0217,5
CAND05655,SK0173,1
CAND13787,SK0115,5
CAND01983,SK0236,3
CAND11631,SK0023,2
CAND12317,SK0137,2
CAND06007,SK0245,4
CAND02762,SK0067,3
CAND10516,SK0149,2
CAND11412,SK0209,2
CAND04244,SK0129,4
CAND11528,SK0238,5
CAND02436,SK0023,3
CAND04454,SK0199,1
CAND10278,SK0123,2
CAND03464,SK0095,2
CAND02399,SK0152,1
CAND09735,SK0074,3
CAND08338,SK0235,2
CAND02494,SK0277,2
CAND13532,SK0139,4
CAND01539,SK0003,4
CAND02139,SK0199,5
CAND13866,SK0015,1
CAND03307,SK0258,1
CAND05718,SK0256,4
CAND07530,SK0092,1
CAND08216,SK0137,1
CAND09180,SK0273,1
CAND00170,SK0148,2
CAND10501,SK0113,1
CAND10462,SK0187,2
CAND00591,SK0257,2
CAND14995,SK0096,1
CAND11974,SK0020,4
CAND05791,SK0203,3
CAND14736,SK0054,4
CAND06453,SK0271,4
CAND05444,SK0133,3
CAND12247,SK0049,4
CAND10523,SK0006,4
CAND05191,SK0093,2
CAND12004,SK0246,3
CAND03990,SK0068,2
CAND10650,SK0220,5
CAND00179,SK0290,1
CAND07467,SK0189,3
CAND06369,SK0053,4
CAND08670,SK0102,1
CAND11886,SK0169,2
CAND07477,SK0155,4
CAND03414,SK0031,2
CAND12124,SK0237,3
CAND09271,SK0203,1
CAND10720,SK0190,2
CAND02109,SK0103,1
CAND14187,SK0278,3
CAND00475,SK0010,3
CAND07937,SK0075,1
CAND09612,SK0037,2
CAND01809,SK0182,1
CAND13511,SK0072,3
CAND09044,SK0141,1
CAND01393,SK0152,3
CAND09683,SK0188,3
CAND12626,SK0063,5
CAND07112,SK0289,1
CAND04207,SK0216,1
CAND03343,SK0068,4
CAND11670,SK0179,5
CAND08672,SK0117,1
CAND03490,SK0035,5
CAND01042,SK0272,1
CAND06620,SK0181,2
CAND13297,SK0264,2
CAND07528,SK0273,3
CAND11653,SK0119,3
CAND09320,SK0149,2
CAND03572,SK0138,1
CAND14580,SK0133,1
CAND03944,SK0191,1
CAND01418,SK0078,1
CAND07638,SK0036,3
CAND03036,SK0085,4
CAND13926,SK0112,1
CAND14186,SK0187,5
CAND02381,SK0023,3
CAND04544,SK0243,5
CAND07982,SK0146,3
CAND11341,SK0254,4
CAND11166,SK0217,5
CAND06380,SK0091,5
CAND03713,SK0265,3
CAND08201,SK0087,3
CAND02164,SK0013,5
CAND11369,SK0002,3
CAND09512,SK0160,1
CAND04203,SK0117,2
CAND12605,SK0003,2
CAND11367,SK0108,4
CAND00143,SK0215,4
CAND04362,SK0212,2
CAND05363,SK0168,3
CAND10845,SK0232,4
CAND14076,SK0162,4
CAND07539,SK0150,3
CAND08440,SK0172,5
CAND09816,SK0199,2
CAND13438,SK0021,1
CAND11638,SK0151,1
CAND00808,SK0216,2
CAND12614,SK0034,3
CAND14375,SK0151,5
CAND14125,SK0149,5
CAND03055,SK0095,4
CAND00723,SK0155,5
CAND07534,SK0101,5
CAND12543,SK0077,3
CAND13133,SK0198,1
CAND14982,SK0152,3
CAND08609,SK0119,3
CAND06510,SK0101,4
CAND10717,SK0232,1
CAND11434,SK0184,4
CAND05827,SK0079,1
CAND13941,SK0089,4
CAND08612,SK0194,2
CAND01107,SK0040,3
CAND07026,SK0241,1
CAND01923,SK0199,3
CAND11313,SK0246,4
CAND02428,SK0191,5
CAND07639,SK0268,4
CAND03805,SK0075,1
CAND12604,SK0019,3
CAND05090,SK0152,2
CAND13034,SK0277,3
CAND04301,SK0236,2
CAND11438,SK0240,4
CAND09401,SK0236,2
CAND02575,SK0149,1
CAND09240,SK0169,3
CAND05534,SK0230,2
CAND04749,SK0272,5
CAND02312,SK0251,5
CAND01083,SK0169,3
CAND10481,SK0295,5
CAND01470,SK0270,3
CAND10915,SK0190,2
CAND03871,SK0282,1
CAND03850,SK0226,5
CAND04737,SK0118,5
CAND06741,SK0247,1
CAND08304,SK0235,3
CAND03714,SK0138,4
CAND13068,SK0244,1
CAND00926,SK0142,5
CAND04947,SK0198,1
CAND14275,SK0159,5
CAND08082,SK0049,3
CAND01269,SK0014,3
CAND08127,SK0077,3
CAND04990,SK0150,3
CAND04484,SK0029,2
CAND00739,SK0186,4
CAND07558,SK0090,5
CAND09175,SK0109,5
CAND14823,SK0059,4
CAND05124,SK0134,5
CAND11051,SK0116,4
CAND09431,SK0008,5
CAND03100,SK0295,5
CAND12979,SK0214,1
CAND06673,SK0054,2
CAND04108,SK0244,5
CAND08237,SK0281,4
CAND03650,SK0144,3
CAND14397,SK0054,1
CAND01064,SK0168,5
CAND05157,SK0281,3
CAND01877,SK0198,5
CAND05053,SK0162,2
CAND12901,SK0295,4
CAND11724,SK0229,3
CAND06638,SK0222,2
CAND14892,SK0090,2
CAND01790,SK0031,2
CAND04472,SK0093,2
CAND10075,SK0283,3
CAND10698,SK0209,5
CAND05666,SK0214,2
CAND12958,SK0118,2
CAND10332,SK0082,2
CAND10111,SK0152,3
CAND11176,SK0202,3
CAND12153,SK0238,1
CAND02443,SK0252,2
CAND05794,SK0148,5
CAND04497,SK0118,3
CAND10898,SK0263,4
CAND02080,SK0184,1
CAND06711,SK0176,4
CAND10030,SK0152,4
CAND01798,SK0028,2
CAND07720,SK0023,4
CAND04716,SK0205,2
CAND14429,SK0218,3
CAND08705,SK0127,3
CAND06455,SK0161,4
CAND03031,SK0043,1
CAND01180,SK0221,4
CAND07336,SK0289,5
CAND06525,SK0005,5
CAND01509,SK0009,1
CAND02036,SK0080,1
CAND14969,SK0027,4
CAND06246,SK0171,5
CAND10584,SK0284,1
CAND13442,SK0166,4
CAND06468,SK0065,5
CAND02339,SK0079,4
CAND12200,SK0245,1
CAND08596,SK0218,3
CAND03405,SK0211,5
CAND07235,SK0023,3
CAND01853,SK0002,5
CAND13753,SK0101,2
CAND06133,SK0186,4
CAND08806,SK0295,5
CAND03283,SK0156,2
CAND13818,SK0016,5
CAND06409,SK0219,1
CAND09560,SK0188,1
CAND02490,SK0141,5
CAND14716,SK0173,2
CAND02083,SK0265,4
CAND14601,SK0227,1
CAND00268,SK0132,2
CAND08489,SK0015,5
CAND00325,SK0051,5
CAND07866,SK0154,5
CAND12445,SK0103,4
CAND00796,SK0246,2
CAND09202,SK0156,3
CAND10237,SK0274,4
CAND02601,SK0125,4
CAND05867,SK0168,5
CAND11974,SK0273,1
CAND09877,SK0158,2
CAND07768,SK0207,2
CAND03849,SK0238,4
CAND07000,SK0243,5
CAND05169,SK0035,3
CAND10891,SK0280,3
CAND13436,SK0173,1
CAND08156,SK0044,3
CAND01657,SK0184,2
CAND02586,SK0243,5
CAND10494,SK0297,3
CAND07946,SK0226,2
CAND06628,SK0279,2
CAND04216,SK0094,5
CAND04650,SK0115,1
CAND03523,SK0010,4
CAND10425,SK0145,4
CAND11565,SK0045,3
CAND01836,SK0003,4
CAND04654,SK0084,2
CAND02297,SK0292,4
CAND06028,SK0119,1
CAND12921,SK0036,4
CAND04207,SK0111,5
CAND10324,SK0275,4
CAND02052,SK0102,2
CAND06879,SK0176,5
CAND07496,SK0300,4
CAND10199,SK0126,2
CAND07215,SK0295,5
CAND03075,SK0012,3
CAND06882,SK0270,1
CAND11847,SK0099,2
CAND00356,SK0266,5
CAND03022,SK0256,4
CAND11044,SK0127,4
CAND05131,SK0098,3
CAND07137,SK0241,2
CAND08630,SK0247,4
CAND01037,SK0064,2
CAND03107,SK0154,2
CAND02818,SK0008,2
CAND06527,SK0177,5
CAND10293,SK0084,1
CAND03288,SK0261,3
CAND12709,SK0166,4
CAND14626,SK0284,2
CAND08448,SK0129,3
CAND11134,SK0285,1
CAND05740,SK0055,1
CAND14260,SK0080,4
CAND08049,SK0225,3
CAND10531,SK0278,3
CAND13288,SK0256,5
CAND12119,SK0065,2
CAND11779,SK0178,2
CAND02155,SK0078,5
CAND00335,SK0034,1
CAND07706,SK0014,1
CAND09990,SK0174,3
CAND13220,SK0185,2
CAND13498,SK0063,3
CAND10623,SK0272,1
CAND08917,SK0206,4
CAND08938,SK0260,4
CAND03287,SK0199,3
CAND14271,SK0297,4
CAND14754,SK0249,1
CAND09916,SK0098,2
CAND14428,SK0068,4
CAND06061,SK0046,2
CAND14589,SK0137,3
CAND04643,SK0107,5
CAND05186,SK0086,2
CAND09855,SK0152,2
CAND11870,SK0263,1
CAND08629,SK0134,3
CAND07507,SK0041,1
CAND05260,SK0095,4
CAND13737,SK0221,4
CAND14872,SK0206,3
CAND13236,SK0033,2
CAND08726,SK0154,2
CAND04006,SK0069,3
CAND00562,SK0169,5
CAND01226,SK0124,3
CAND04500,SK0131,2
CAND09520,SK0167,3
CAND00180,SK0220,3
CAND02393,SK0067,4
CAND00016,SK0118,5
CAND10299,SK0126,4
CAND01237,SK0095,2
CAND04257,SK0054,2
CAND05853,SK0002,2
CAND06565,SK0272,3
CAND05487,SK0248,1
CAND14445,SK0273,3
CAND03233,SK0122,2
CAND07907,SK0183,5
CAND10113,SK0295,2
CAND01666,SK0017,4
CAND08985,SK0172,2
CAND01645,SK0268,2
CAND09513,SK0192,5
CAND02238,SK0139,3
CAND03154,SK0140,2
CAND13079,SK0060,1
CAND05293,SK0234,1
CAND09606,SK0119,4
CAND05246,SK0013,3
CAND00494,SK0159,2
CAND00683,SK0271,5
CAND13979,SK0165,4
CAND01587,SK0234,3
CAND03589,SK0088,1
CAND07885,SK0094,3
CAND04480,SK0241,2
CAND04854,SK0218,4
CAND12610,SK0086,1
CAND06504,SK0100,2
CAND11520,SK0262,2
CAND05684,SK0083,1
CAND10702,SK0136,3
CAND04772,SK0040,3
CAND07914,SK0025,2
CAND06123,SK0162,4
CAND07068,SK0259,5
CAND03065,SK0276,1
CAND02952,SK0194,1
CAND08663,SK0217,5
CAND14313,SK0185,2
CAND14171,SK0055,2
CAND09521,SK0171,4
CAND03596,SK0156,2
CAND05594,SK0139,5
CAND12528,SK0031,2
CAND10508,SK0120,5
CAND05291,SK0140,1
CAND07472,SK0205,3
CAND09430,SK0069,4
CAND13482,SK0060,1
CAND12695,SK0016,2
CAND04951,SK0145,4
CAND05760,SK0223,3
CAND01917,SK0203,3
CAND01016,SK0207,4
CAND12976,SK0206,3
CAND10663,SK0053,5
CAND11221,SK0293,5
CAND04653,SK0255,4
CAND10990,SK0255,1
CAND10582,SK0130,4
CAND10375,SK0187,5
CAND12342,SK0109,1
CAND12792,SK0095,4
CAND10326,SK0180,3
CAND07472,SK0053,3
CAND00881,SK0019,1
CAND14060,SK0150,2
CAND11296,SK0277,2
CAND06801,SK0150,5
CAND10161,SK0220,4
CAND14951,SK0213,3
CAND12820,SK0010,1
CAND04522,SK0272,1
CAND01195,SK0249,1
CAND01976,SK0269,3
CAND04086,SK0231,3
CAND06741,SK0013,5
CAND14005,SK0245,4
CAND05033,SK0009,5
CAND11988,SK0064,2
CAND03026,SK0123,1
CAND09053,SK0152,2
CAND09854,SK0006,3
CAND07290,SK0081,1
CAND04304,SK0064,5
CAND04921,SK0201,1
CAND14618,SK0179,5
CAND12717,SK0174,3
CAND08402,SK0122,3
CAND10185,SK0050,2
CAND13817,SK0125,2
CAND06430,SK0293,5
CAND05501,SK0195,1
CAND10136,SK0212,4
CAND04865,SK0226,2
CAND09211,SK0194,5
CAND11490,SK0241,2
CAND00284,SK0135,1
CAND09858,SK0207,1
CAND05035,SK0207,5
CAND03564,SK0075,4
CAND08297,SK0027,4
CAND00473,SK0054,2
CAND08508,SK0181,3
CAND11231,SK0041,1
CAND09652,SK0134,2
CAND06227,SK0052,3
CAND04915,SK0122,1
CAND01072,SK0204,2
CAND10717,SK0201,3
CAND12112,SK0252,4
CAND03718,SK0047,4
CAND08951,SK0243,4
CAND05678,SK0097,3
CAND07411,SK0290,2
CAND09194,SK0077,5
CAND14966,SK0179,1
CAND10894,SK0284,5
CAND07288,SK0024,5
CAND09777,SK0205,4
CAND04443,SK0284,2
CAND14708,SK0065,2
CAND00629,SK0079,1
CAND07409,SK0053,5
CAND13660,SK0287,5
CAND07264,SK0285,1
CAND01246,SK0194,1
CAND01749,SK0109,5
CAND10902,SK0172,3
CAND06818,SK0002,2
CAND01668,SK0185,3
CAND07062,SK0295,3
CAND11497,SK0245,1
CAND00629,SK0081,1
CAND04673,SK0123,1
CAND06870,SK0247,5
CAND10877,SK0279,1
CAND07853,SK0126,2
CAND03831,SK0282,3
CAND11867,SK0050,2
CAND01914,SK0264,2
CAND00532,SK0228,4
CAND08346,SK0164,1
CAND11076,SK0170,3
CAND07734,SK0079,1
CAND00631,SK0208,5
CAND12805,SK0124,3
CAND01852,SK0107,3
CAND08813,SK0300,2
CAND12348,SK0078,5
CAND06952,SK0123,4
CAND13569,SK0224,4
CAND07130,SK0216,1
CAND03754,SK0052,2
CAND04549,SK0080,2
CAND12678,SK0093,5
CAND08508,SK0247,4
CAND13960,SK0053,3
CAND05402,SK0186,4
CAND06639,SK0236,4
CAND12551,SK0280,5
CAND03720,SK0158,3
CAND04008,SK0089,2
CAND10060,SK0015,2
CAND03771,SK0051,3
CAND09661,SK0208,4
CAND05193,SK0295,1
CAND14620,SK0148,2
CAND07103,SK0210,2
CAND09178,SK0037,3
CAND07430,SK0275,2
CAND00906,SK0250,1
CAND07227,SK0216,1
CAND14439,SK0041,3
CAND12305,SK0043,5
CAND12877,SK0133,3
CAND14918,SK0072,4
CAND12116,SK0146,2
CAND02766,SK0016,5
CAND13796,SK0039,3
CAND00656,SK0035,5
CAND01003,SK0001,1
CAND03062,SK0279,1
CAND01391,SK0243,2
CAND06422,SK0171,3
CAND09218,SK0221,2
CAND07123,SK0131,5
CAND00943,SK0212,2
CAND07275,SK0257,1
CAND08239,SK0161,3
CAND04057,SK0030,2
CAND12714,SK0277,2
CAND00804,SK0031,4
CAND14737,SK0251,4
CAND07108,SK0009,4
CAND11947,SK0144,2
CAND11071,SK0150,2
CAND13666,SK0296,3
CAND02837,SK0247,5
CAND05611,SK0105,3
CAND10359,SK0289,1
CAND01127,SK0166,3
CAND08221,SK0194,5
CAND03926,SK0080,2
CAND01999,SK0205,3
CAND12589,SK0037,1
CAND04418,SK0040,5
CAND03827,SK0068,4
CAND05739,SK0181,3
CAND02868,SK0083,5
CAND01059,SK0033,1
CAND13065,SK0052,5
CAND10866,SK0049,4
CAND07731,SK0164,4
CAND09589,SK0229,5
CAND10471,SK0225,5
CAND03729,SK0129,1
CAND10519,SK0294,1
CAND07073,SK0295,4
CAND11852,SK0183,5
CAND01516,SK0238,1
CAND01727,SK0081,4
CAND03053,SK0239,3
CAND10712,SK0073,2
CAND04999,SK0088,2
CAND08407,SK0279,5
CAND06631,SK0005,4
CAND13389,SK0073,4
CAND06564,SK0249,5
CAND01378,SK0204,2
CAND08849,SK0224,2
CAND00058,SK0015,3
CAND11933,SK0119,1
CAND11604,SK0074,5
CAND13340,SK0084,1
CAND03948,SK0271,1
CAND10926,SK0045,5
CAND08828,SK0157,2
CAND13162,SK0280,5
CAND12252,SK0092,1
CAND00205,SK0171,2
CAND12549,SK0215,3
CAND07046,SK0218,5
CAND02463,SK0059,1
CAND08802,SK0058,3
CAND00684,SK0140,1
CAND13381,SK0115,4
CAND09068,SK0152,2
CAND11566,SK0052,1
CAND11242,SK0072,5
CAND03320,SK0053,2
CAND00525,SK0053,1
CAND02455,SK0127,1
CAND00041,SK0217,3
CAND08068,SK0265,2
CAND02188,SK0230,5
CAND01336,SK0180,2
CAND10510,SK0296,2
CAND11804,SK0071,5
CAND01552,SK0097,1
CAND01697,SK0168,5
CAND10889,SK0121,5
CAND04771,SK0187,5
CAND14361,SK0215,4
CAND02599,SK0070,1
CAND05449,SK0102,3
CAND06686,SK0274,5
CAND12038,SK0015,5
CAND07398,SK0085,1
CAND04504,SK0013,4
CAND05364,SK0157,4
CAND05113,SK0014,2
CAND01488,SK0033,4
CAND02292,SK0239,5
CAND11075,SK0055,3
CAND07145,SK0151,1
CAND00859,SK0114,3
CAND10561,SK0051,4
CAND12673,SK0296,2
CAND12898,SK0154,3
CAND05763,SK0267,2
CAND07969,SK0295,1
CAND04116,SK0261,4
CAND08178,SK0099,4
CAND13272,SK0182,1
CAND00754,SK0195,4
CAND08638,SK0023,4
CAND09943,SK0221,3
CAND08157,SK0099,3
CAND01810,SK0252,1
CAND03791,SK0198,5
CAND06951,SK0238,2
CAND10517,SK0109,4
CAND03728,SK0084,5
CAND07325,SK0169,1
CAND02160,SK0223,4
CAND00689,SK0089,2
CAND04100,SK0276,1
CAND09180,SK0214,4
CAND14092,SK0220,2
CAND02429,SK0225,5
CAND01675,SK0141,5
CAND12581,SK0068,4
CAND14223,SK0294,1
CAND11619,SK0134,1
CAND14348,SK0023,2
CAND05016,SK0205,5
CAND08238,SK0242,5
CAND14181,SK0232,4
CAND07577,SK0099,5
CAND13218,SK0264,3
CAND09434,SK0214,3
CAND00099,SK0123,3
CAND11108,SK0297,3
CAND00248,SK0066,5
CAND13933,SK0024,5
CAND07575,SK0176,5
CAND10809,SK0089,5
CAND09324,SK0255,3
CAND13468,SK0147,1
CAND11714,SK0038,3
CAND08814,SK0051,2
CAND09711,SK0118,4
CAND09378,SK0129,1
CAND00553,SK0189,4
CAND05417,SK0277,2
CAND14592,SK0094,2
CAND04721,SK0075,2
CAND01895,SK0256,4
CAND05669,SK0043,5
CAND03617,SK0106,5
CAND00852,SK0034,4
CAND14248,SK0034,5
CAND00873,SK0247,1
CAND12189,SK0037,3
CAND11687,SK0292,2
CAND02233,SK0223,5
CAND13948,SK0054,3
CAND14336,SK0064,4
CAND06184,SK0040,2
CAND08603,SK0295,5
CAND11622,SK0033,5
CAND05138,SK0164,5
CAND05391,SK0275,5
CAND00910,SK0294,4
CAND10429,SK0038,5
CAND10309,SK0238,1
CAND13018,SK0093,1
CAND08772,SK0089,3
CAND00828,SK0143,2
CAND03968,SK0223,3
CAND02639,SK0248,3
CAND12184,SK0037,2
CAND10978,SK0043,2
CAND08530,SK0133,3
CAND10458,SK0173,1
CAND03707,SK0183,4
CAND14215,SK0006,3
CAND08720,SK0137,4
CAND05759,SK0228,5
CAND14343,SK0097,5
CAND07336,SK0224,2
CAND09902,SK0120,1
CAND06156,SK0209,2
CAND09916,SK0079,2
CAND04391,SK0168,4
CAND05333,SK0083,3
CAND13822,SK0022,2
CAND12062,SK0068,2
CAND01175,SK0101,3
CAND05446,SK0019,2
CAND08926,SK0055,5
CAND01487,SK0033,1
CAND13548,SK0077,4
CAND05312,SK0208,5
CAND10619,SK0219,2
CAND09816,SK0246,2
CAND01972,SK0094,1
CAND05411,SK0063,3
CAND08372,SK0203,2
CAND03669,SK0227,4
CAND00249,SK0242,3
CAND01259,SK0156,1
CAND00892,SK0121,5
CAND08053,SK0033,4
CAND10290,SK0105,5
CAND07079,SK0260,1
CAND10580,SK0277,2
CAND10027,SK0226,4
CAND06649,SK0200,1
CAND11351,SK0177,1
CAND09643,SK0044,5
CAND11119,SK0199,5
CAND04141,SK0148,4
CAND08649,SK0210,3
CAND07468,SK0295,3
CAND13197,SK0055,3
CAND02462,SK0192,4
CAND06362,SK0198,5
CAND03219,SK0187,5
CAND06000,SK0062,4
CAND05660,SK0128,2
CAND13547,SK0064,1
CAND10370,SK0165,4
CAND11380,SK0109,4
CAND04266,SK0131,1
CAND11429,SK0103,1
CAND14010,SK0192,4
CAND06587,SK0054,2
CAND12325,SK0248,4
CAND12316,SK0181,2
CAND06573,SK0151,4
CAND12359,SK0144,5
CAND08914,SK0291,5
CAND05636,SK0294,4
CAND01041,SK0213,5
CAND00411,SK0039,5
CAND14801,SK0256,5
CAND04937,SK0089,4
CAND01727,SK0100,1
CAND03809,SK0166,3
CAND01800,SK0098,4
CAND04219,SK0075,2
CAND01823,SK0126,5
CAND04751,SK0019,3
CAND04720,SK0270,3
CAND10475,SK0048,3
CAND11241,SK0285,4
CAND04919,SK0294,1
CAND09803,SK0078,1
CAND05492,SK0020,4
CAND10017,SK0207,3
CAND12266,SK0294,5
CAND01251,SK0295,5
CAND10466,SK0093,4
CAND07896,SK0201,5
CAND11301,SK0098,4
CAND11983,SK0111,1
CAND02317,SK0187,2
CAND08530,SK0255,2
CAND01411,SK0278,1
CAND01558,SK0102,5
CAND08406,SK0005,1
CAND00778,SK0177,5
CAND03325,SK0201,4
CAND03284,SK0270,2
CAND06010,SK0169,3
CAND06282,SK0043,4
CAND11552,SK0032,2
CAND04090,SK0183,2
CAND07234,SK0176,4
CAND11228,SK0174,5
CAND06806,SK0176,4
CAND09900,SK0049,3
CAND09386,SK0121,2
CAND07663,SK0065,5
CAND06163,SK0254,2
CAND03395,SK0193,3
CAND10413,SK0231,5
CAND11213,SK0150,2
CAND12280,SK0173,4
CAND08057,SK0018,4
CAND13809,SK0061,1
CAND14894,SK0295,2
CAND11681,SK0276,2
CAND00128,SK0298,3
CAND13626,SK0195,4
CAND04765,SK0059,5
CAND01494,SK0156,3
CAND04786,SK0002,3
CAND14429,SK0234,3
CAND11273,SK0212,4
CAND10336,SK0230,2
CAND10444,SK0269,4
CAND10236,SK0089,5
CAND11910,SK0193,1
CAND04561,SK0158,5
CAND12453,SK0111,4
CAND06832,SK0051,5
CAND12781,SK0034,2
CAND12323,SK0061,2
CAND07773,SK0135,3
CAND05467,SK0225,5
CAND03413,SK0081,5
CAND08741,SK0256,3
CAND11677,SK0291,1
CAND04578,SK0103,4
CAND06477,SK0085,2
CAND12167,SK0036,4
CAND08611,SK0117,2
CAND05301,SK0109,5
CAND03000,SK0187,3
CAND13121,SK0261,3
CAND07136,SK0177,3
CAND03281,SK0152,5
CAND11958,SK0052,4
CAND08240,SK0205,5
CAND08123,SK0163,3
CAND10110,SK0090,3
CAND07855,SK0070,1
CAND02114,SK0063,5
CAND08139,SK0281,4
CAND00090,SK0070,2
CAND14824,SK0197,3
CAND01692,SK0026,3
CAND13655,SK0265,4
CAND08183,SK0122,4
CAND11631,SK0295,2
CAND06786,SK0263,2
CAND04106,SK0238,4
CAND14999,SK0253,4
CAND10039,SK0242,1
CAND08825,SK0199,2
CAND10821,SK0083,5
CAND02793,SK0164,4
CAND08112,SK0013,4
CAND06631,SK0286,4
CAND01302,SK0101,2
CAND03673,SK0040,4
CAND01569,SK0194,3
CAND01139,SK0012,2
CAND04102,SK0116,5
CAND14768,SK0253,2
CAND09091,SK0148,1
CAND08963,SK0099,5
CAND09802,SK0159,4
CAND10288,SK0280,3
CAND13062,SK0286,4
CAND13938,SK0228,2
CAND02966,SK0288,4
CAND01590,SK0281,3
CAND08642,SK0280,2
CAND09553,SK0276,4
CAND11659,SK0021,4
CAND13993,SK0082,4
CAND04904,SK0285,5
CAND04871,SK0296,5
CAND08491,SK0295,3
CAND13297,SK0271,3
CAND01218,SK0203,4
CAND09437,SK0175,1
CAND05697,SK0276,5
CAND04281,SK0141,2
CAND12098,SK0198,1
CAND05155,SK0231,3
CAND06067,SK0099,2
CAND09348,SK0279,4
CAND00939,SK0233,5
CAND07536,SK0107,4
CAND06697,SK0217,3
CAND08504,SK0094,4
CAND09521,SK0111,3
CAND00209,SK0220,2
CAND00066,SK0072,1
CAND07220,SK0268,2
CAND11033,SK0265,2
CAND14711,SK0017,1
CAND11923,SK0120,1
CAND08033,SK0070,4
CAND08053,SK0086,5
CAND06851,SK0181,3
CAND08694,SK0208,4
CAND04308,SK0233,5
CAND14226,SK0036,1
CAND13676,SK0291,2
CAND09188,SK0289,5
CAND08531,SK0100,5
CAND00196,SK0228,2
CAND09408,SK0060,5
CAND09956,SK0078,1
CAND00629,SK0190,4
CAND05961,SK0219,3
CAND09552,SK0179,2
CAND01420,SK0225,3
CAND08274,SK0012,1
CAND05130,SK0010,5
CAND12540,SK0230,5
CAND14751,SK0248,1
CAND13292,SK0189,1
CAND14650,SK0063,1
CAND04061,SK0144,3
CAND08835,SK0013,5
CAND01976,SK0011,3
CAND00557,SK0228,3
CAND08462,SK0295,4
CAND11557,SK0237,3
CAND03837,SK0099,5
CAND13778,SK0180,3
CAND01664,SK0238,4
CAND07825,SK0105,2
CAND09145,SK0253,3
CAND13081,SK0120,1
CAND06169,SK0011,5
CAND08646,SK0033,1
CAND00393,SK0201,4
CAND14235,SK0091,2
CAND02363,SK0169,4
CAND12625,SK0221,4
CAND03261,SK0298,3
CAND09316,SK0173,3
CAND10844,SK0045,2
CAND07093,SK0291,4
CAND05941,SK0138,1
CAND08092,SK0296,2
CAND11348,SK0091,3
CAND05142,SK0019,2
CAND09262,SK0011,1
CAND09617,SK0221,3
CAND10269,SK0212,1
CAND11820,SK0094,3
CAND13027,SK0243,3
CAND00428,SK0267,5
CAND14642,SK0232,3
CAND01765,SK0109,4
CAND11718,SK0069,5
CAND09628,SK0133,4
CAND02712,SK0174,4
CAND02006,SK0237,4
CAND10299,SK0136,1
CAND05740,SK0242,4
CAND05415,SK0165,2
CAND00848,SK0156,4
CAND06992,SK0092,3
CAND05885,SK0009,4
CAND10500,SK0231,3
CAND03348,SK0167,5
CAND12226,SK0295,3
CAND02262,SK0284,3
CAND02801,SK0081,3
CAND04589,SK0217,1
CAND07574,SK0280,2
CAND06544,SK0179,4
CAND14122,SK0051,1
CAND05936,SK0163,5
CAND00410,SK0039,4
CAND03772,SK0245,5
CAND09459,SK0008,4
CAND10667,SK0048,4
CAND01286,SK0092,5
CAND13397,SK0090,1
CAND14684,SK0244,1
CAND10578,SK0051,2
CAND04007,SK0182,1
CAND01402,SK0228,2
CAND04815,SK0077,2
CAND07561,SK0123,4
CAND08957,SK0178,4
CAND06798,SK0249,3
CAND13101,SK0226,4
CAND01350,SK0203,2
CAND14509,SK0023,5
CAND00148,SK0032,5
CAND12883,SK0292,2
CAND01340,SK0074,2
CAND04923,SK0094,2
CAND14933,SK0027,2
CAND12234,SK0230,4
CAND13061,SK0034,5
CAND11641,SK0027,3
CAND14213,SK0043,1
CAND00598,SK0282,4
CAND07820,SK0011,2
CAND10842,SK0296,3
CAND06516,SK0100,4
CAND03952,SK0224,1
CAND09533,SK0191,5
CAND13650,SK0278,5
CAND11327,SK0298,1
CAND07675,SK0015,3
CAND09816,SK0204,1
CAND04494,SK0227,4
CAND03670,SK0267,3
CAND08840,SK0225,1
CAND04773,SK0054,1
CAND06256,SK0236,2
CAND02777,SK0253,4
CAND14906,SK0003,3
CAND05346,SK0020,5
CAND12669,SK0194,2
CAND03640,SK0271,1
CAND14368,SK0219,4
CAND04836,SK0295,5
CAND05393,SK0094,3
CAND12123,SK0080,2
CAND10008,SK0128,4
CAND09284,SK0154,5
CAND05552,SK0115,5
CAND00998,SK0062,5
CAND06558,SK0114,5
CAND03232,SK0278,4
CAND05600,SK0058,2
CAND11564,SK0162,4
CAND03831,SK0247,5
CAND13780,SK0267,4
CAND02969,SK0282,2
CAND09870,SK0026,3
CAND12105,SK0150,3
CAND04893,SK0087,2
CAND11710,SK0190,4
CAND11237,SK0059,5
CAND13383,SK0156,5
CAND12258,SK0124,4
CAND03091,SK0278,2
CAND05430,SK0213,4
CAND08888,SK0131,1
CAND02900,SK0190,1
CAND08712,SK0020,2
CAND02157,SK0256,4
CAND01861,SK0071,3
CAND11152,SK0235,1
CAND02720,SK0008,2
CAND05080,SK0060,5
CAND08841,SK0111,1
CAND06922,SK0296,5
CAND12053,SK0195,3
CAND06450,SK0146,2
CAND02684,SK0205,5
CAND04226,SK0203,4
CAND12163,SK0091,2
CAND14326,SK0089,3
CAND00912,SK0172,2
CAND02398,SK0161,2
CAND10326,SK0250,2
CAND10043,SK0010,4
CAND09232,SK0025,3
CAND14052,SK0264,3
CAND12004,SK0096,4
CAND04074,SK0167,1
CAND00825,SK0049,4
CAND05925,SK0003,5
CAND07648,SK0033,2
CAND05937,SK0003,5
CAND06796,SK0126,3
CAND12809,SK0186,3
CAND10794,SK0191,1
CAND14938,SK0246,2
CAND10002,SK0135,3
CAND11513,SK0051,4
CAND02439,SK0114,3
CAND03929,SK0294,1
CAND06635,SK0132,2
CAND00739,SK0169,2
CAND08996,SK0263,2
CAND02822,SK0089,2
CAND09618,SK0227,3
CAND02707,SK0286,2
CAND01506,SK0167,2
CAND10559,SK0094,5
CAND02730,SK0094,3
CAND12870,SK0192,2
CAND12392,SK0295,4
CAND12145,SK0114,4
CAND00993,SK0212,4
CAND00418,SK0003,4
CAND01376,SK0073,1
CAND09366,SK0221,1
CAND10268,SK0205,3
CAND11391,SK0023,1
CAND06196,SK0033,1
CAND11269,SK0160,5
CAND02243,SK0076,4
CAND06413,SK0032,5
CAND13719,SK0271,4
CAND06987,SK0295,5
CAND11778,SK0167,2
CAND10650,SK0160,3
CAND06840,SK0185,4
CAND03629,SK0133,4
CAND08241,SK0035,1
CAND11751,SK0142,3
CAND09046,SK0027,3
CAND12322,SK0169,4
CAND10589,SK0254,5
CAND10426,SK0017,4
CAND01200,SK0047,2
CAND03618,SK0071,1
CAND03819,SK0071,5
CAND03110,SK0035,3
CAND02145,SK0155,4
CAND08761,SK0133,4
CAND13586,SK0082,3
CAND05924,SK0006,2
CAND02716,SK0295,2
CAND13339,SK0004,5
CAND03197,SK0016,2
CAND13160,SK0114,3
CAND05582,SK0009,1
CAND00588,SK0115,1
CAND04559,SK0288,1
CAND10763,SK0137,1
CAND02353,SK0130,2
CAND03282,SK0046,2
CAND14251,SK0042,4
CAND06699,SK0102,5
CAND11705,SK0127,2
CAND04964,SK0142,1
CAND13228,SK0285,5
CAND11874,SK0077,3
CAND03355,SK0172,1
CAND10996,SK0073,3
CAND00498,SK0113,1
CAND08768,SK0247,5
CAND06158,SK0166,5
CAND06484,SK0170,2
CAND13931,SK0272,4
CAND13958,SK0086,3
CAND09688,SK0264,4
CAND04661,SK0085,2
CAND08848,SK0003,1
CAND10483,SK0089,5
CAND02187,SK0185,3
CAND04487,SK0204,2
CAND04374,SK0171,5
CAND14625,SK0203,3
CAND12085,SK0071,3
CAND01246,SK0004,3
CAND01609,SK0115,5
CAND05933,SK0048,3
CAND08545,SK0089,3
CAND11183,SK0166,4
CAND07585,SK0035,5
CAND09525,SK0119,3
CAND13478,SK0105,5
CAND03245,SK0249,5
CAND09680,SK0155,3
CAND02924,SK0040,1
CAND12760,SK0228,1
CAND04663,SK0159,2
CAND04337,SK0129,4
CAND10929,SK0054,2
CAND11002,SK0138,5
CAND05494,SK0214,5
CAND05208,SK0011,5
CAND14997,SK0014,1
CAND02245,SK0245,1
CAND05087,SK0292,4
CAND04116,SK0234,2
CAND13405,SK0003,3
CAND00118,SK0197,5
CAND07222,SK0176,3
CAND09440,SK0258,4
CAND02387,SK0216,2
CAND05765,SK0171,1
CAND00393,SK0274,5
CAND00365,SK0196,1
CAND08118,SK0191,1
CAND09937,SK0250,1
CAND01682,SK0025,1
CAND01010,SK0046,3
CAND09761,SK0083,4
CAND08692,SK0159,1
CAND13511,SK0281,3
CAND08751,SK0103,3
CAND08502,SK0065,5
CAND05155,SK0129,1
CAND06677,SK0106,1
CAND10981,SK0036,4
CAND01128,SK0124,5
CAND09041,SK0281,2
CAND06871,SK0188,1
CAND13932,SK0019,1
CAND05441,SK0100,3
CAND02823,SK0242,2
CAND03282,SK0209,1
CAND09052,SK0231,5
CAND00054,SK0061,5
CAND08332,SK0193,4
CAND07296,SK0246,5
CAND00126,SK0078,2
CAND03078,SK0001,5
CAND13155,SK0223,4
CAND04645,SK0198,1
CAND03809,SK0185,2
CAND02068,SK0025,2
CAND00678,SK0199,5
CAND10077,SK0177,3
CAND14858,SK0288,1
CAND07874,SK0037,3
CAND12459,SK0046,3
CAND00372,SK0027,2
CAND06984,SK0223,5
CAND00990,SK0055,1
CAND10451,SK0058,1
CAND03106,SK0030,5
CAND07685,SK0088,2
CAND00347,SK0050,3
CAND15000,SK0210,1
CAND01568,SK0003,2
CAND05399,SK0238,3
CAND04222,SK0264,5
CAND11114,SK0170,5
CAND05112,SK0190,5
CAND04129,SK0122,1
CAND09643,SK0042,1
CAND12210,SK0075,5
CAND00486,SK0236,1
CAND01809,SK0199,2
CAND13591,SK0019,2
CAND13080,SK0253,3
CAND08293,SK0023,5
CAND01374,SK0130,2
CAND01748,SK0024,3
CAND13315,SK0035,3
CAND04599,SK0178,5
CAND04664,SK0266,3
CAND09999,SK0185,2
CAND01366,SK0079,5
CAND06480,SK0128,3
CAND11818,SK0014,1
CAND09315,SK0018,2
CAND13703,SK0164,2
CAND10673,SK0125,5
CAND07913,SK0133,3
CAND02380,SK0077,1
CAND13218,SK0155,2
CAND14254,SK0235,3
CAND05723,SK0206,4
CAND13937,SK0159,4
CAND14322,SK0156,4
CAND02997,SK0262,3
CAND03443,SK0246,4
CAND11740,SK0295,2
CAND13111,SK0144,1
CAND01880,SK0140,2
CAND05029,SK0158,1
CAND00663,SK0252,5
CAND05599,SK0170,5
CAND12548,SK0009,3
CAND13741,SK0220,3
CAND10863,SK0003,5
CAND11342,SK0001,2
CAND12829,SK0234,3
CAND04970,SK0240,3
CAND00804,SK0179,4
CAND03970,SK0002,3
CAND08365,SK0252,5
CAND05437,SK0101,2
CAND12325,SK0081,4
CAND12588,SK0071,3
CAND01077,SK0168,1
CAND11681,SK0031,1
CAND07075,SK0044,5
CAND08019,SK0299,3
CAND00339,SK0184,2
CAND12782,SK0124,4
CAND03872,SK0003,1
CAND06755,SK0106,2
CAND05334,SK0297,2
CAND13949,SK0221,3
CAND06627,SK0258,2
CAND12188,SK0155,5
CAND08667,SK0200,1
CAND13183,SK0297,1
CAND13397,SK0133,2
CAND08603,SK0078,4
CAND09069,SK0057,3
CAND07717,SK0242,4
CAND05801,SK0011,2
CAND05875,SK0096,2
CAND08992,SK0027,2
CAND09281,SK0100,3
CAND04430,SK0151,5
CAND10772,SK0271,4
CAND03966,SK0001,3
CAND00354,SK0206,5
CAND00294,SK0258,2
CAND07602,SK0128,4
CAND03137,SK0184,5
CAND03653,SK0171,2
CAND05983,SK0064,3
CAND14281,SK0221,2
CAND03993,SK0085,3
CAND14645,SK0003,5
CAND13988,SK0082,1
CAND14725,SK0252,4
CAND01323,SK0272,5
CAND11136,SK0235,4
CAND03793,SK0099,3
CAND04601,SK0186,4
CAND06018,SK0275,4
CAND10676,SK0275,3
CAND09927,SK0277,1
CAND14001,SK0001,5
CAND14459,SK0007,4
CAND07854,SK0094,2
CAND03949,SK0089,3
CAND12698,SK0224,5
CAND09160,SK0247,1
CAND11743,SK0064,1
CAND03762,SK0128,1
CAND00260,SK0290,2
CAND03454,SK0008,5
CAND14401,SK0109,2
CAND14677,SK0009,1
CAND07479,SK0207,4
CAND11728,SK0142,2
CAND02167,SK0244,4
CAND10149,SK0220,5
CAND13722,SK0100,3
CAND14848,SK0255,2
CAND08258,SK0239,3
CAND10175,SK0094,2
CAND02046,SK0283,5
CAND04398,SK0190,3
CAND07830,SK0290,3
CAND07816,SK0161,5
CAND13932,SK0039,5
CAND11056,SK0140,4
CAND03036,SK0057,5
CAND03543,SK0185,2
CAND12325,SK0255,5
CAND09725,SK0049,1
CAND05778,SK0200,4
CAND03504,SK0057,5
CAND01208,SK0166,4
CAND07579,SK0248,4
CAND02454,SK0095,2
CAND02281,SK0257,2
CAND01372,SK0258,3
CAND09020,SK0261,5
CAND13913,SK0041,5
CAND03546,SK0051,5
CAND11856,SK0135,3
CAND05232,SK0125,4
CAND06803,SK0260,5
CAND09547,SK0088,1
CAND03226,SK0184,5
CAND14056,SK0191,4
CAND07783,SK0076,3
CAND02870,SK0085,1
CAND07416,SK0269,1
CAND10848,SK0163,4
CAND13263,SK0152,1
CAND10065,SK0102,5
CAND02086,SK0008,2
CAND01655,SK0127,3
CAND13728,SK0230,1
CAND12774,SK0208,2
CAND11564,SK0188,3
CAND14436,SK0003,5
CAND06589,SK0087,2
CAND13988,SK0101,1
CAND12487,SK0156,1
CAND11568,SK0225,1
CAND06004,SK0022,4
CAND05089,SK0254,5
CAND06183,SK0279,5
CAND04687,SK0158,2
CAND01879,SK0204,2
CAND05768,SK0207,1
CAND12908,SK0224,2
CAND11541,SK0224,2
CAND06157,SK0020,5
CAND06467,SK0143,3
CAND05327,SK0298,5
CAND02751,SK0164,1
CAND14920,SK0086,3
CAND04305,SK0009,4
CAND00633,SK0178,2
CAND01741,SK0057,5
CAND08172,SK0069,1
CAND01199,SK0267,4
CAND03352,SK0061,2
CAND12872,SK0185,4
CAND04011,SK0300,4
CAND14043,SK0106,1
CAND13882,SK0220,5
CAND05459,SK0009,5
CAND00337,SK0132,2
CAND12116,SK0242,2
CAND04683,SK0229,1
CAND03162,SK0104,2
CAND06552,SK0048,4
CAND07981,SK0120,3
CAND14152,SK0010,3
CAND03985,SK0007,2
CAND06233,SK0223,5
CAND06295,SK0045,4
CAND04967,SK0219,5
CAND09875,SK0172,1
CAND02571,SK0038,3
CAND11289,SK0124,4
CAND04273,SK0288,3
CAND14590,SK0248,5
CAND08531,SK0079,2
CAND06170,SK0271,2
CAND04479,SK0237,1
CAND02858,SK0034,5
CAND01118,SK0211,1
CAND12135,SK0300,1
CAND10120,SK0232,1
CAND12170,SK0196,3
CAND14163,SK0228,3
CAND02266,SK0029,5
CAND13247,SK0026,4
CAND12055,SK0184,4
CAND13695,SK0024,1
CAND10919,SK0276,4
CAND04465,SK0013,5
CAND08447,SK0178,3
CAND00179,SK0229,1
CAND01512,SK0157,4
CAND08140,SK0223,3
CAND07496,SK0084,3
CAND03802,SK0071,5
CAND13558,SK0183,1
CAND12810,SK0284,3
CAND14653,SK0214,5
CAND12577,SK0046,3
CAND07690,SK0044,5
CAND04835,SK0284,2
CAND14364,SK0136,3
CAND08418,SK0298,1
CAND04362,SK0221,2
CAND10678,SK0264,1
CAND07843,SK0032,3
CAND13760,SK0180,2
CAND03276,SK0257,1
CAND04694,SK0206,3
CAND07270,SK0205,1
CAND08612,SK0242,3
CAND06267,SK0124,1
CAND09553,SK0100,4
CAND08048,SK0151,1
CAND10058,SK0029,2
CAND07508,SK0225,1
CAND14119,SK0219,1
CAND01955,SK0270,2
CAND00519,SK0116,1
CAND14580,SK0083,5
CAND14046,SK0195,2
CAND10202,SK0276,1
CAND05918,SK0257,3
CAND09050,SK0055,3
CAND10165,SK0016,5
CAND02867,SK0133,2
CAND11645,SK0029,3
CAND02700,SK0123,3
CAND11420,SK0203,1
CAND08082,SK0207,3
CAND08472,SK0013,1
CAND08533,SK0120,2
CAND08121,SK0052,3
CAND02197,SK0011,5
CAND09098,SK0281,2
CAND14113,SK0101,3
CAND09975,SK0211,3
CAND00779,SK0085,3
CAND13099,SK0098,3
CAND09480,SK0106,5
CAND14610,SK0124,1
CAND00731,SK0169,4
CAND04628,SK0093,3
CAND14149,SK0164,2
CAND00982,SK0130,5
CAND04946,SK0201,5
CAND11043,SK0111,2
CAND09837,SK0129,5
CAND01366,SK0168,4
CAND04990,SK0005,2
CAND01136,SK0030,2
CAND02140,SK0272,4
CAND05926,SK0240,3
CAND00471,SK0172,4
CAND00652,SK0030,5
CAND07263,SK0280,1
CAND02125,SK0049,3
CAND02683,SK0133,4
CAND10253,SK0170,1
CAND04089,SK0025,1
CAND04441,SK0096,1
CAND08772,SK0226,2
CAND09913,SK0273,3
CAND12856,SK0221,5
CAND09270,SK0264,4
CAND14695,SK0277,2
CAND01928,SK0268,1
CAND13920,SK0070,1
CAND04821,SK0178,5
CAND09451,SK0271,2
CAND05484,SK0105,3
CAND00385,SK0115,2
CAND14913,SK0291,5
CAND06092,SK0023,1
CAND04833,SK0189,3
CAND00169,SK0204,4
CAND11414,SK0114,1
CAND06667,SK0202,5
CAND02056,SK0205,3
CAND14088,SK0300,3
CAND12039,SK0272,1
CAND05718,SK0046,5
CAND03407,SK0190,4
CAND04543,SK0049,2
CAND07372,SK0199,4
CAND14043,SK0232,5
CAND02586,SK0053,1
CAND06548,SK0072,3
CAND12425,SK0050,1
CAND00812,SK0300,1
CAND10729,SK0222,3
CAND04060,SK0020,5
CAND06394,SK0158,5
CAND07477,SK0038,1
CAND03208,SK0273,1
CAND03335,SK0245,3
CAND02598,SK0167,1
CAND01068,SK0280,4
CAND06082,SK0284,2
CAND12626,SK0266,5
CAND05448,SK0279,1
CAND05830,SK0010,3
CAND11609,SK0190,1
CAND07704,SK0086,2
CAND14429,SK0288,5
CAND08064,SK0126,3
CAND04732,SK0230,1
CAND13697,SK0266,2
CAND14856,SK0146,1
CAND13105,SK0006,1
CAND06308,SK0283,5
CAND08105,SK0028,3
CAND14713,SK0059,2
CAND02138,SK0043,5
CAND11224,SK0285,2
CAND04113,SK0004,5
CAND12477,SK0055,4
CAND00005,SK0197,3
CAND07855,SK0183,2
CAND01031,SK0019,2
CAND10831,SK0225,2
CAND13775,SK0068,5
CAND09830,SK0274,4
CAND10537,SK0017,5
CAND03570,SK0059,1
CAND04055,SK0079,2
CAND07066,SK0066,1
CAND08508,SK0265,4
CAND04774,SK0248,3
CAND10741,SK0280,3
CAND13428,SK0097,5
CAND06023,SK0090,4
CAND02182,SK0251,5
CAND07092,SK0104,2
CAND02663,SK0223,3
CAND01322,SK0251,1
CAND03975,SK0136,2
CAND13299,SK0066,5
CAND02464,SK0264,3
CAND06771,SK0287,3
CAND09048,SK0207,5
CAND04768,SK0049,1
CAND11934,SK0252,4
CAND05553,SK0081,5
CAND00236,SK0079,4
CAND14677,SK0077,5
CAND01496,SK0272,3
CAND05652,SK0017,5
CAND02422,SK0243,5
CAND06305,SK0150,1
CAND01289,SK0145,5
CAND03866,SK0149,1
CAND06489,SK0086,1
CAND05817,SK0083,2
CAND02730,SK0030,2
CAND13216,SK0073,4
CAND06033,SK0140,4
CAND01291,SK0006,3
CAND10225,SK0256,4
CAND11867,SK0062,2
CAND13424,SK0007,4
CAND08542,SK0096,2
CAND07704,SK0270,3
CAND12662,SK0016,2
CAND12723,SK0280,1
CAND00582,SK0137,1
CAND10893,SK0132,3
CAND13715,SK0096,2
CAND11735,SK0118,4
CAND11237,SK0274,2
CAND02472,SK0018,5
CAND05608,SK0093,2
CAND09689,SK0171,1
CAND05436,SK0284,5
CAND02242,SK0225,1
CAND08381,SK0021,3
CAND02281,SK0186,3
CAND06573,SK0113,3
CAND14389,SK0032,5
CAND02283,SK0278,2
CAND04109,SK0004,3
CAND00393,SK0002,3
CAND10847,SK0002,3
CAND13954,SK0258,3
CAND09349,SK0165,3
CAND05357,SK0150,1
CAND11674,SK0008,2
CAND04450,SK0152,3
CAND09170,SK0091,4
CAND09309,SK0251,2
CAND02809,SK0132,4
CAND03189,SK0129,4
CAND09260,SK0218,2
CAND05752,SK0089,1
CAND00572,SK0035,1
CAND13918,SK0197,2
CAND09475,SK0225,2
CAND09249,SK0126,2
CAND07358,SK0132,5
CAND10582,SK0295,3
CAND06380,SK0237,5
CAND08882,SK0182,4
CAND13614,SK0257,4
CAND00515,SK0287,5
CAND01857,SK0103,1
CAND12094,SK0152,1
CAND08547,SK0101,4
CAND14222,SK0159,5
CAND12453,SK0063,4
CAND05028,SK0188,4
CAND00357,SK0160,5
CAND00346,SK0239,2
CAND12378,SK0186,5
CAND12152,SK0245,3
CAND01271,SK0125,3
CAND04700,SK0122,5
CAND00898,SK0258,4
CAND07784,SK0086,3
CAND05727,SK0081,3
CAND12391,SK0121,3
CAND03272,SK0227,4
CAND04453,SK0190,1
CAND03160,SK0291,2
CAND09007,SK0084,1
CAND01746,SK0276,4
CAND07937,SK0018,4
CAND08120,SK0297,4
CAND03293,SK0150,2
CAND03141,SK0082,3
CAND04263,SK0281,1
CAND08716,SK0141,4
CAND04373,SK0199,3
CAND04676,SK0206,5
CAND11341,SK0217,5
CAND11909,SK0099,5
CAND06697,SK0135,5
CAND14766,SK0190,2
CAND01312,SK0191,2
CAND05012,SK0224,2
CAND00438,SK0001,1
CAND03128,SK0014,5
CAND09514,SK0090,2
CAND00258,SK0062,1
CAND14576,SK0014,3
CAND13440,SK0300,2
CAND14261,SK0292,1
CAND14111,SK0117,5
CAND05448,SK0105,5
CAND02315,SK0019,2
CAND06615,SK0080,4
CAND07581,SK0249,3
CAND09542,SK0296,2
CAND10030,SK0225,1
CAND13288,SK0254,3
CAND05856,SK0184,3
CAND04272,SK0054,2
CAND00636,SK0083,2
CAND13117,SK0042,5
CAND14315,SK0266,2
CAND04691,SK0246,4
CAND04927,SK0169,5
CAND10781,SK0206,2
CAND11793,SK0118,1
CAND12183,SK0142,3
CAND06916,SK0070,1
CAND03589,SK0287,2
CAND07885,SK0239,3
CAND14266,SK0126,1
CAND10432,SK0093,1
CAND09609,SK0160,2
CAND02813,SK0044,1
CAND13464,SK0106,2
CAND11192,SK0295,5
CAND04958,SK0065,5
CAND05897,SK0288,4
CAND06659,SK0281,5
CAND01706,SK0166,4
CAND10518,SK0204,4
CAND14054,SK0203,3
CAND11732,SK0284,2
CAND11247,SK0109,5
CAND01245,SK0134,5
CAND12356,SK0115,5
CAND01228,SK0199,4
CAND08662,SK0278,4
CAND03552,SK0278,1
CAND13901,SK0270,5
CAND03130,SK0002,5
CAND02604,SK0049,2
CAND01243,SK0213,3
CAND10536,SK0072,5
CAND10196,SK0222,3
CAND11651,SK0059,4
CAND14586,SK0274,3
CAND07447,SK0118,4
CAND13843,SK0069,3
CAND03712,SK0224,1
CAND02661,SK0287,2
CAND03196,SK0130,2
CAND03013,SK0075,4
CAND11680,SK0043,2
CAND06354,SK0056,5
CAND10139,SK0234,3
CAND11061,SK0068,3
CAND08970,SK0061,4
CAND08054,SK0156,1
CAND05729,SK0271,3
CAND02359,SK0062,3
CAND14808,SK0071,4
CAND04369,SK0287,1
CAND00977,SK0104,3
CAND14228,SK0209,4
CAND05209,SK0064,5
CAND11339,SK0246,1
CAND08494,SK0013,1
CAND01933,SK0125,2
CAND13900,SK0027,5
CAND14230,SK0277,3
CAND08514,SK0046,3
CAND04480,SK0046,5
CAND13416,SK0176,5
CAND04538,SK0242,5
CAND10811,SK0184,3
CAND04297,SK0217,4
CAND04510,SK0084,5
CAND11504,SK0261,3
CAND01471,SK0229,1
CAND06562,SK0145,5
CAND12163,SK0145,1
CAND11157,SK0252,5
CAND08664,SK0138,5
CAND14194,SK0088,5
CAND13486,SK0019,5
CAND11864,SK0196,2
CAND08841,SK0226,5
CAND10410,SK0005,4
CAND06129,SK0026,1
CAND07852,SK0007,2
CAND07656,SK0051,2
CAND03953,SK0161,1
CAND05888,SK0149,3
CAND04398,SK0237,3
CAND01312,SK0242,3
CAND10231,SK0130,1
CAND09980,SK0242,1
CAND04310,SK0269,3
CAND08065,SK0121,2
CAND07679,SK0095,3
CAND00979,SK0049,4
CAND05738,SK0256,4
CAND04658,SK0254,1
CAND08448,SK0152,1
CAND11404,SK0074,1
CAND01859,SK0130,5
CAND06524,SK0234,3
CAND11018,SK0099,3
CAND01586,SK0289,5
CAND12137,SK0176,4
CAND05188,SK0170,3
CAND02753,SK0094,5
CAND11015,SK0300,5
CAND00432,SK0019,5
CAND13080,SK0195,2
CAND02608,SK0087,1
CAND07679,SK0196,5
CAND01416,SK0016,2
CAND01371,SK0033,2
CAND10402,SK0189,5
CAND11451,SK0213,1
CAND00286,SK0197,2
CAND08589,SK0237,1
CAND07324,SK0120,3
CAND02729,SK0033,2
CAND00241,SK0198,1
CAND08142,SK0231,5
CAND09810,SK0204,3
CAND00230,SK0245,1
CAND11089,SK0121,3
CAND09260,SK0225,5
CAND12695,SK0036,3
CAND03277,SK0123,5
CAND08298,SK0295,3
CAND00052,SK0025,4
CAND15000,SK0070,3
CAND03837,SK0254,1
CAND00763,SK0009,4
CAND14959,SK0245,4
CAND04874,SK0042,5
CAND09184,SK0001,5
CAND01218,SK0157,2
CAND01533,SK0179,2
CAND11075,SK0104,2
CAND13657,SK0028,1
CAND11020,SK0078,5
CAND03617,SK0217,3
CAND06235,SK0195,1
CAND06142,SK0019,5
CAND04630,SK0226,3
CAND06210,SK0131,5
CAND00834,SK0090,3
CAND04085,SK0104,4
CAND03526,SK0277,1
CAND04053,SK0009,1
CAND09133,SK0164,1
CAND02511,SK0143,1
CAND06584,SK0057,3
CAND13146,SK0133,3
CAND03922,SK0052,4
CAND14473,SK0089,3
CAND14436,SK0212,4
CAND08500,SK0147,3
CAND14761,SK0002,2
CAND10567,SK0018,4
CAND04365,SK0224,4
CAND06924,SK0195,2
CAND04748,SK0011,1
CAND00033,SK0164,2
CAND01647,SK0152,4
CAND09974,SK0282,2
CAND09683,SK0253,2
CAND14532,SK0051,2
CAND01912,SK0259,3
CAND05119,SK0202,5
CAND11849,SK0253,2
CAND01069,SK0208,2
CAND05325,SK0043,5
CAND14816,SK0127,4
CAND10593,SK0081,4
CAND04658,SK0239,5
CAND11506,SK0039,3
CAND10455,SK0124,2
CAND11653,SK0203,4
CAND13152,SK0027,2
CAND14877,SK0221,5
CAND00390,SK0188,5
CAND06596,SK0116,5
CAND02561,SK0078,4
CAND02237,SK0279,5
CAND06028,SK0254,1
CAND11577,SK0290,3
CAND05099,SK0057,4
CAND05235,SK0072,1
CAND02311,SK0150,3
CAND12463,SK0035,1
CAND08747,SK0011,1
CAND07165,SK0155,4
CAND06568,SK0075,2
CAND01309,SK0217,3
CAND07689,SK0264,2
CAND04975,SK0108,2
CAND09136,SK0061,5
CAND01595,SK0059,5
CAND01630,SK0027,4
CAND11309,SK0038,1
CAND09579,SK0025,4
CAND10255,SK0114,1
CAND05785,SK0269,3
CAND06041,SK0148,2
CAND04354,SK0181,1
CAND13894,SK0239,1
CAND00776,SK0249,2
CAND04778,SK0114,3
CAND01660,SK0002,4
CAND13339,SK0096,3
CAND14258,SK0030,2
CAND10776,SK0063,5
CAND01468,SK0022,5
CAND06858,SK0166,2
CAND06037,SK0085,2
CAND02610,SK0165,2
CAND08481,SK0105,2
CAND07953,SK0032,1
CAND00564,SK0028,3
CAND10149,SK0228,2
CAND03595,SK0290,4
CAND10009,SK0258,1
CAND12058,SK0169,2
CAND14372,SK0044,3
CAND03202,SK0102,4
CAND07645,SK0167,5
CAND03589,SK0189,1
CAND02275,SK0222,5
CAND11420,SK0001,4
CAND14929,SK0069,4
CAND04669,SK0169,1
CAND10425,SK0044,3
CAND03674,SK0285,1
CAND09210,SK0214,1
CAND04259,SK0035,1
CAND13813,SK0038,4
CAND04876,SK0076,4
CAND02552,SK0067,3
CAND11390,SK0249,5
CAND08868,SK0241,4
CAND08338,SK0196,5
CAND13041,SK0180,1
CAND08482,SK0243,5
CAND07564,SK0042,3
CAND06201,SK0063,3
CAND04523,SK0064,3
CAND02814,SK0205,2
CAND02480,SK0159,2
CAND09839,SK0044,1
CAND01084,SK0115,4
CAND05777,SK0082,2
CAND11309,SK0193,3
CAND02248,SK0091,5
CAND03941,SK0195,2
CAND04100,SK0031,5
CAND06440,SK0081,5
CAND10206,SK0192,5
CAND04603,SK0249,1
CAND05976,SK0243,1
CAND14955,SK0087,5
CAND01963,SK0188,5
CAND06699,SK0174,4
CAND04810,SK0178,5
CAND13080,SK0027,1
CAND00082,SK0266,4
CAND07286,SK0168,2
CAND12494,SK0262,5
CAND12171,SK0144,3
CAND10301,SK0011,2
CAND08541,SK0123,1
CAND05929,SK0230,1
CAND02846,SK0145,4
CAND05496,SK0078,2
CAND11736,SK0116,3
CAND05623,SK0089,4
CAND03101,SK0168,5
CAND05496,SK0078,3
CAND02033,SK0193,3
CAND05287,SK0017,4
CAND02359,SK0135,3
CAND08215,SK0161,4
CAND01463,SK0201,4
CAND02446,SK0034,2
CAND05750,SK0294,5
CAND13729,SK0279,5
CAND13100,SK0283,3
CAND00941,SK0028,1
CAND02751,SK0064,2
CAND10961,SK0056,4
CAND04262,SK0079,2
CAND05906,SK0228,3
CAND04616,SK0168,1
CAND08344,SK0070,5
CAND14432,SK0191,4
CAND03840,SK0044,5
CAND00301,SK0045,5
CAND00621,SK0159,5
CAND09982,SK0083,4
CAND14702,SK0062,5
CAND06738,SK0128,2
CAND05581,SK0008,4
CAND06662,SK0192,2
CAND02086,SK0072,2
CAND00070,SK0129,5
CAND10036,SK0024,5
CAND14259,SK0247,3
CAND10697,SK0110,5
CAND13671,SK0234,4
CAND04672,SK0007,2
CAND10362,SK0132,1
CAND09769,SK0112,3
CAND11914,SK0056,5
CAND11590,SK0242,3
CAND02315,SK0208,5
CAND14340,SK0067,3
CAND01388,SK0271,1
CAND09751,SK0203,5
CAND12852,SK0073,4
CAND02801,SK0215,3
CAND06875,SK0169,2
CAND12455,SK0008,3
CAND13925,SK0137,5
CAND06691,SK0238,1
CAND04980,SK0226,4
CAND14140,SK0127,5
CAND11456,SK0037,5
CAND03707,SK0027,2
CAND10025,SK0278,4
CAND14843,SK0297,4
CAND05954,SK0064,4
CAND08246,SK0241,1
CAND09602,SK0017,5
CAND11390,SK0253,4
CAND10846,SK0236,4
CAND00257,SK0007,3
CAND03027,SK0100,2
CAND08562,SK0190,2
CAND09137,SK0055,2
CAND12764,SK0170,3
CAND10452,SK0250,2
CAND00397,SK0034,4
CAND03701,SK0252,1
CAND14239,SK0162,2
CAND14109,SK0047,3
CAND07208,SK0282,3
CAND12068,SK0287,1
CAND04358,SK0082,3
CAND02176,SK0171,1
CAND05658,SK0069,1
CAND12253,SK0278,1
CAND02983,SK0043,4
CAND13884,SK0210,3
CAND13284,SK0113,4
CAND14320,SK0207,4
CAND10065,SK0013,1
CAND11621,SK0026,2
CAND12473,SK0139,2
CAND11208,SK0289,5
CAND01697,SK0118,5
CAND01994,SK0089,2
CAND11167,SK0232,5
CAND10947,SK0088,1
CAND13490,SK0237,4
CAND04290,SK0198,2
CAND03470,SK0166,5
CAND05439,SK0129,2
CAND02078,SK0058,1
CAND04349,SK0063,3
CAND03220,SK0286,5
CAND05697,SK0184,1
CAND13690,SK0011,1
CAND12700,SK0269,4
CAND12032,SK0098,1
CAND00251,SK0136,1
CAND03786,SK0178,4
CAND06226,SK0048,3
CAND06604,SK0130,5
CAND11867,SK0031,5
CAND10831,SK0231,4
CAND10094,SK0261,2
CAND13818,SK0272,2
CAND01345,SK0227,1
CAND01384,SK0289,2
CAND06372,SK0148,5
CAND06678,SK0111,5
CAND13959,SK0087,3
CAND03500,SK0262,5
CAND13997,SK0106,4
CAND00345,SK0106,4
CAND14642,SK0125,2
CAND08365,SK0062,5
CAND07738,SK0189,3
CAND02805,SK0266,3
CAND06292,SK0202,4
CAND11693,SK0026,3
CAND10499,SK0258,1
CAND01393,SK0021,3
CAND09725,SK0205,2
CAND05992,SK0161,3
CAND12647,SK0001,5
CAND02525,SK0068,4
CAND01055,SK0209,4
CAND11152,SK0291,5
CAND09011,SK0121,5
CAND07360,SK0061,2
CAND02416,SK0044,1
CAND14242,SK0166,2
CAND12629,SK0185,5
CAND04993,SK0215,2
CAND07169,SK0003,3
CAND13960,SK0268,4
CAND06806,SK0058,3
CAND07411,SK0207,5
CAND04312,SK0265,2
CAND12184,SK0276,3
CAND01635,SK0038,3
CAND07676,SK0097,2
CAND14695,SK0297,4
CAND09013,SK0012,2
CAND13030,SK0275,4
CAND14978,SK0108,2
CAND12042,SK0150,1
CAND10895,SK0213,3
CAND09800,SK0185,2
CAND13598,SK0020,5
CAND03096,SK0260,4
CAND04568,SK0038,2
CAND09576,SK0153,5
CAND01347,SK0207,1
CAND03313,SK0267,1
CAND05992,SK0189,4
CAND07149,SK0207,2
CAND09580,SK0057,3
CAND09139,SK0292,3
CAND08945,SK0132,4
CAND08199,SK0024,5
CAND04252,SK0222,4
CAND08717,SK0012,1
CAND08349,SK0286,2
CAND00532,SK0064,2
CAND09002,SK0116,5
CAND09446,SK0191,4
CAND12884,SK0236,2
CAND02869,SK0273,3
CAND11592,SK0267,3
CAND13297,SK0101,4
CAND05957,SK0137,3
CAND08717,SK0261,3
CAND07779,SK0022,5
CAND00322,SK0087,3
CAND11406,SK0221,3
CAND01434,SK0277,4
CAND01713,SK0108,2
CAND13830,SK0286,1
CAND05411,SK0254,4
CAND14904,SK0195,3
CAND10124,SK0070,3
CAND06629,SK0090,2
CAND00813,SK0034,4
CAND10862,SK0108,3
CAND13911,SK0230,4
CAND10660,SK0052,2
CAND13821,SK0272,5
CAND03031,SK0204,5
CAND05044,SK0139,1
CAND09759,SK0202,5
CAND12859,SK0037,2
CAND04215,SK0037,5
CAND13070,SK0254,4
CAND14547,SK0294,4
CAND14078,SK0280,2
CAND11374,SK0002,3
CAND05796,SK0137,2
CAND04103,SK0075,1
CAND12608,SK0259,3
CAND14091,SK0042,3
CAND04322,SK0184,4
CAND12829,SK0105,1
CAND00291,SK0139,5
CAND10933,SK0127,2
CAND13628,SK0239,3
CAND08216,SK0098,1
CAND00931,SK0078,5
CAND10562,SK0206,4
CAND08388,SK0078,2
CAND02361,SK0178,5
CAND00245,SK0188,5
CAND08747,SK0253,3
CAND05757,SK0052,2
CAND01848,SK0040,3
CAND01093,SK0049,4
CAND09574,SK0183,1
CAND05455,SK0240,5
CAND14325,SK0032,3
CAND14653,SK0029,4
CAND08667,SK0060,5
CAND06012,SK0218,4
CAND11608,SK0238,2
CAND04876,SK0290,4
CAND04607,SK0229,2
CAND03013,SK0111,5
CAND14787,SK0083,5
CAND04890,SK0148,2
CAND12638,SK0143,4
CAND00344,SK0224,2
CAND07006,SK0043,1
CAND06047,SK0138,1
CAND13145,SK0035,4
CAND10146,SK0083,4
CAND14051,SK0110,2
CAND08681,SK0070,2
CAND00755,SK0125,2
CAND12857,SK0157,3
CAND02722,SK0264,2
CAND09329,SK0223,1
CAND05570,SK0119,5
CAND04092,SK0287,4
CAND06983,SK0144,5
CAND08265,SK0023,5
CAND07249,SK0188,4
CAND12852,SK0004,5
CAND01104,SK0005,4
CAND03745,SK0137,4
CAND01644,SK0259,4
CAND10373,SK0186,1
CAND04781,SK0087,1
CAND00916,SK0293,1
CAND09865,SK0102,4
CAND13934,SK0040,2
CAND08706,SK0241,4
CAND02921,SK0236,4
CAND01656,SK0082,5
CAND10664,SK0098,4
CAND09497,SK0195,1
CAND00947,SK0199,1
CAND05019,SK0284,5
CAND08504,SK0132,2
CAND11982,SK0060,2
CAND13818,SK0011,3
CAND14222,SK0299,4
CAND00569,SK0245,1
CAND02705,SK0096,2
CAND04502,SK0015,2
CAND14274,SK0260,1
CAND14989,SK0238,4
CAND11454,SK0037,1
CAND01040,SK0222,3
CAND10550,SK0136,3
CAND07132,SK0082,1
CAND13569,SK0072,1
CAND14580,SK0192,1
CAND06152,SK0240,5
CAND01994,SK0213,2
CAND08642,SK0152,1
CAND04155,SK0005,1
CAND09984,SK0284,2
CAND00475,SK0185,1
CAND05844,SK0230,4
CAND04890,SK0082,1
CAND05590,SK0173,2
CAND00787,SK0214,3
CAND03414,SK0013,3
CAND03174,SK0278,4
CAND05643,SK0010,1
CAND09156,SK0033,4
CAND00373,SK0002,5
CAND12920,SK0212,1
CAND09773,SK0298,3
CAND12063,SK0064,5
CAND06014,SK0254,1
CAND00169,SK0035,3
CAND06178,SK0233,2
CAND00615,SK0186,4
CAND12270,SK0180,3
CAND07693,SK0118,3
CAND04205,SK0010,1
CAND12422,SK0116,1
CAND09829,SK0092,4
CAND11747,SK0112,3
CAND02826,SK0244,1
CAND00015,SK0086,4
CAND02528,SK0279,2
CAND02936,SK0231,1
CAND14792,SK0173,2
CAND02739,SK0095,2
CAND12214,SK0256,4
CAND01185,SK0209,3
CAND13283,SK0268,5
CAND03602,SK0165,3
CAND06623,SK0156,4
CAND06560,SK0266,4
CAND12862,SK0258,5
CAND09884,SK0123,4
CAND00702,SK0085,2
CAND08952,SK0178,1
CAND00836,SK0194,5
CAND07587,SK0090,2
CAND06903,SK0172,5
CAND05299,SK0078,2
CAND02235,SK0270,5
CAND01445,SK0144,3
CAND13212,SK0102,4
CAND11086,SK0287,5
CAND11466,SK0165,2
CAND14051,SK0118,1
CAND13230,SK0094,1
CAND10629,SK0004,3
CAND03876,SK0080,3
CAND05311,SK0152,3
CAND14189,SK0216,1
CAND01559,SK0107,2
CAND07622,SK0205,2
CAND06318,SK0140,2
CAND11460,SK0150,3
CAND13784,SK0270,5
CAND12593,SK0299,1
CAND14837,SK0236,5
CAND07004,SK0164,1
CAND02157,SK0057,5
CAND11677,SK0267,1
CAND13786,SK0261,5
CAND04964,SK0136,5
CAND09517,SK0129,1
CAND05966,SK0282,1
CAND08516,SK0063,5
CAND10248,SK0112,4
CAND05836,SK0241,5
CAND03369,SK0090,4
CAND01952,SK0180,4
CAND04840,SK0252,3
CAND00476,SK0276,5
CAND06034,SK0020,5
CAND11876,SK0293,5
CAND02983,SK0074,1
CAND09780,SK0289,2
CAND10788,SK0085,2
CAND09873,SK0233,5
CAND07955,SK0098,5
CAND11006,SK0141,3
CAND06707,SK0031,1
CAND08315,SK0005,1
CAND04612,SK0150,2
CAND05340,SK0201,4
CAND05457,SK0185,2
CAND01558,SK0136,3
CAND05259,SK0300,2
CAND10208,SK0179,5
CAND06685,SK0092,4
CAND04673,SK0285,2
CAND13763,SK0209,4
CAND03078,SK0004,1
CAND12286,SK0105,2
CAND07820,SK0289,4
CAND06393,SK0107,1
CAND14590,SK0083,1
CAND04162,SK0182,5
CAND13572,SK0047,1
CAND14761,SK0018,4
CAND12514,SK0058,1
CAND00882,SK0247,3
CAND14930,SK0102,1
CAND04905,SK0058,2
CAND10476,SK0123,2
CAND09153,SK0230,3
CAND03283,SK0072,1
CAND04110,SK0153,4
CAND06893,SK0004,5
CAND12944,SK0190,2
CAND03487,SK0052,2
CAND04793,SK0093,4
CAND12928,SK0247,3
CAND11661,SK0141,2
CAND07744,SK0299,4
CAND11661,SK0082,4
CAND10844,SK0003,5
CAND00664,SK0052,2
CAND06786,SK0081,1
CAND06123,SK0228,2
CAND06800,SK0128,3
CAND03270,SK0247,2
CAND04973,SK0168,1
CAND11122,SK0041,2
CAND09598,SK0195,4
CAND09825,SK0137,5
CAND12734,SK0130,4
CAND05740,SK0081,4
CAND09710,SK0065,1
CAND07680,SK0102,2
CAND08179,SK0139,2
CAND04082,SK0020,1
CAND13300,SK0276,1
CAND04968,SK0012,1
CAND06846,SK0130,3
CAND00788,SK0003,5
CAND13129,SK0138,5
CAND11797,SK0221,5
CAND14908,SK0108,5
CAND11623,SK0156,2
CAND08233,SK0148,5
CAND01735,SK0289,1
CAND00621,SK0006,5
CAND10123,SK0203,2
CAND13438,SK0165,1
CAND14734,SK0250,5
CAND03780,SK0270,5
CAND14359,SK0049,3
CAND10562,SK0275,5
CAND07387,SK0166,3
CAND11670,SK0006,4
CAND11800,SK0215,2
CAND13459,SK0173,2
CAND06152,SK0205,3
CAND05018,SK0225,4
CAND00284,SK0202,2
CAND09338,SK0029,2
CAND07037,SK0265,3
CAND08335,SK0211,1
CAND04518,SK0018,3
CAND01814,SK0145,2
CAND01170,SK0086,2
CAND06195,SK0295,5
CAND11099,SK0106,3
CAND05617,SK0017,2
CAND05711,SK0180,3
CAND03449,SK0271,5
CAND02365,SK0247,4
CAND07275,SK0197,1
CAND10872,SK0031,3
CAND07979,SK0123,2
CAND04546,SK0294,5
CAND07390,SK0287,4
CAND06362,SK0291,1
CAND14220,SK0120,2
CAND05953,SK0185,5
CAND14505,SK0177,3
CAND05009,SK0102,4
CAND04327,SK0204,4
CAND10180,SK0294,3
CAND03771,SK0159,1
CAND06940,SK0261,1
CAND01108,SK0169,2
CAND13071,SK0231,5
CAND13842,SK0043,5
CAND04381,SK0119,5
CAND01732,SK0194,5
CAND13093,SK0100,2
CAND10235,SK0299,2
CAND04293,SK0149,5
CAND12592,SK0176,5
CAND04719,SK0153,4
CAND06871,SK0246,4
CAND05729,SK0060,5
CAND05889,SK0091,5
CAND00558,SK0102,2
CAND01316,SK0097,5
CAND08749,SK0053,4
CAND08327,SK0043,4
CAND11982,SK0287,5
CAND10714,SK0146,4
CAND04959,SK0179,1
CAND01250,SK0295,3
CAND09584,SK0075,3
CAND11036,SK0188,3
CAND02307,SK0056,5
CAND12188,SK0141,2
CAND09102,SK0270,4
CAND00745,SK0156,5
CAND09166,SK0073,5
CAND10968,SK0023,3
CAND13087,SK0167,5
CAND02095,SK0123,1
CAND05150,SK0231,5
CAND06446,SK0238,5
CAND07804,SK0225,3
CAND10285,SK0095,2
CAND13950,SK0151,1
CAND03335,SK0289,1
CAND06713,SK0137,4
CAND14594,SK0198,2
CAND08137,SK0130,5
CAND07844,SK0134,5
CAND07971,SK0263,2
CAND05515,SK0031,3
CAND11972,SK0237,4
CAND06487,SK0073,1
CAND06925,SK0091,1
CAND01731,SK0065,5
CAND09178,SK0270,3
CAND01618,SK0201,4
CAND01705,SK0060,5
CAND04503,SK0119,2
CAND07697,SK0222,5
CAND09970,SK0053,2
CAND13269,SK0243,1
CAND09891,SK0062,2
CAND02547,SK0259,1
CAND06715,SK0145,3
CAND14256,SK0300,3
CAND13557,SK0100,4
CAND06119,SK0180,1
CAND06849,SK0255,4
CAND14340,SK0250,5
CAND06494,SK0287,4
CAND00018,SK0181,1
CAND01048,SK0099,3
CAND07345,SK0049,4
CAND10625,SK0057,5
CAND02426,SK0297,1
CAND07803,SK0272,5
CAND08828,SK0085,3
CAND03424,SK0034,2
CAND13348,SK0039,5
CAND09903,SK0263,4
CAND10439,SK0169,3
CAND13089,SK0003,3
CAND00727,SK0114,1
CAND04476,SK0160,1
CAND09672,SK0082,1
CAND11116,SK0230,2
CAND06088,SK0286,3
CAND03531,SK0076,2
CAND06858,SK0088,3
CAND06756,SK0202,2
CAND06001,SK0118,5
CAND06392,SK0030,2
CAND02037,SK0178,4
CAND02728,SK0091,4
CAND07244,SK0029,1
CAND06998,SK0190,3
CAND02390,SK0117,3
CAND14799,SK0009,3
CAND12046,SK0223,3
CAND09024,SK0126,4
CAND11443,SK0090,2
CAND13308,SK0094,3
CAND10793,SK0296,4
CAND10626,SK0068,4
CAND03651,SK0005,2
CAND12975,SK0040,5
CAND11960,SK0240,1
CAND01905,SK0255,2
CAND06029,SK0123,5
CAND05998,SK0294,1
CAND12431,SK0158,5
CAND03048,SK0166,1
CAND09418,SK0111,1
CAND13999,SK0267,5
CAND02810,SK0076,5
CAND14547,SK0298,3
CAND01134,SK0195,5
CAND14795,SK0007,5
CAND04140,SK0188,1
CAND10813,SK0016,1
CAND10881,SK0051,3
CAND13596,SK0089,1
CAND04061,SK0043,5
CAND14771,SK0143,3
CAND13822,SK0294,1
CAND06171,SK0103,2
CAND12647,SK0038,4
CAND03981,SK0209,3
CAND09645,SK0180,5
CAND02099,SK0022,3
CAND02752,SK0134,1
CAND01376,SK0133,5
CAND08722,SK0005,5
CAND07174,SK0055,4
CAND08661,SK0235,1
CAND06718,SK0086,5
CAND12255,SK0095,1
CAND04250,SK0091,1
CAND09419,SK0057,5
CAND08832,SK0058,4
CAND03031,SK0275,4
CAND11694,SK0191,4
CAND03830,SK0248,2
CAND10446,SK0040,2
CAND03833,SK0239,1
CAND12093,SK0035,4
CAND03412,SK0231,2
CAND10978,SK0277,5
CAND13090,SK0161,3
CAND08152,SK0042,2
CAND10877,SK0051,4
CAND00570,SK0037,2
CAND13389,SK0269,3
CAND10485,SK0259,5
CAND06140,SK0180,2
CAND03214,SK0132,1
CAND06343,SK0075,3
CAND02852,SK0036,1
CAND02137,SK0013,1
CAND01193,SK0254,2
CAND10946,SK0033,1
CAND04308,SK0135,1
CAND14922,SK0042,1
CAND00123,SK0209,1
CAND00780,SK0270,4
CAND14328,SK0251,3
CAND00390,SK0082,5
CAND14141,SK0114,2
CAND02157,SK0274,1
CAND10995,SK0199,5
CAND07896,SK0262,3
CAND09025,SK0082,5
CAND04472,SK0211,3
CAND04662,SK0083,5
CAND00303,SK0032,2
CAND03549,SK0273,4
CAND06686,SK0229,2
CAND07420,SK0099,4
CAND11756,SK0271,5
CAND01186,SK0239,2
CAND03760,SK0042,5
CAND07231,SK0174,1
CAND04201,SK0289,2
CAND07158,SK0025,3
CAND13494,SK0019,2
CAND00231,SK0058,3
CAND11665,SK0027,1
CAND07752,SK0182,2
CAND11691,SK0127,3
CAND14342,SK0277,5
CAND08890,SK0171,4
CAND06156,SK0144,4
CAND06416,SK0186,1
CAND00296,SK0074,4
CAND10639,SK0249,2
CAND07389,SK0268,4
CAND07702,SK0299,5
CAND02151,SK0210,4
CAND02729,SK0061,2
CAND10920,SK0289,4
CAND02375,SK0256,3
CAND01396,SK0017,5
CAND12675,SK0126,4
CAND06765,SK0282,2
CAND12741,SK0108,1
CAND13477,SK0075,1
CAND03277,SK0129,1
CAND02207,SK0161,3
CAND11289,SK0094,2
CAND11127,SK0147,4
CAND02486,SK0233,1
CAND01527,SK0257,1
CAND12749,SK0217,4
CAND04966,SK0018,3
CAND00968,SK0145,5
CAND00166,SK0076,5
CAND04093,SK0069,4
CAND11122,SK0072,4
CAND12056,SK0228,1
CAND12003,SK0118,5
CAND11913,SK0245,2
CAND04936,SK0094,1
CAND00425,SK0279,3
CAND05282,SK0058,1
CAND02361,SK0239,2
CAND11250,SK0300,4
CAND03487,SK0100,3
CAND11443,SK0053,3
CAND01717,SK0024,3
CAND05746,SK0180,1
CAND07896,SK0036,2
CAND02097,SK0016,5
CAND02143,SK0299,1
CAND07287,SK0277,5
CAND08788,SK0074,5
CAND01366,SK0115,3
CAND02444,SK0293,5
CAND11990,SK0264,1
CAND14541,SK0187,3
CAND05281,SK0139,4
CAND14033,SK0287,3
CAND03002,SK0108,2
CAND09149,SK0046,3
CAND12069,SK0008,5
CAND14116,SK0205,1
CAND03035,SK0253,4
CAND13087,SK0151,4
CAND04395,SK0063,5
CAND04191,SK0007,1
CAND00667,SK0057,4
CAND01908,SK0270,3
CAND13281,SK0034,3
CAND04944,SK0247,4
CAND07203,SK0246,1
CAND07467,SK0270,5
CAND12658,SK0291,1
CAND03115,SK0261,1
CAND03590,SK0197,3
CAND01201,SK0170,1
CAND07616,SK0106,1
CAND06868,SK0118,3
CAND06705,SK0174,4
CAND00805,SK0295,5
CAND10544,SK0115,4
CAND03391,SK0228,5
CAND11900,SK0149,4
CAND08151,SK0248,5
CAND02063,SK0210,2
CAND04556,SK0263,5
CAND02737,SK0246,1
CAND03786,SK0132,3
CAND01538,SK0131,4
CAND09486,SK0121,4
CAND08222,SK0249,5
CAND03248,SK0260,3
CAND13906,SK0188,5
CAND14714,SK0134,4
CAND14953,SK0104,5
CAND13520,SK0266,4
CAND09557,SK0220,2
CAND11114,SK0299,2
CAND12477,SK0223,3
CAND09375,SK0145,4
CAND05431,SK0043,2
CAND01604,SK0146,1
CAND01989,SK0119,2
CAND00936,SK0058,1
CAND02177,SK0017,3
CAND13594,SK0022,1
CAND07250,SK0064,2
CAND10883,SK0235,5
CAND03334,SK0225,2
CAND00211,SK0001,3
CAND07817,SK0048,5
CAND03954,SK0140,2
CAND05335,SK0267,4
CAND10780,SK0192,1
CAND06727,SK0184,3
CAND07980,SK0056,3
CAND05107,SK0279,5
CAND14096,SK0014,2
CAND02339,SK0176,2
CAND07697,SK0187,4
CAND01355,SK0032,3
CAND07512,SK0019,1
CAND04792,SK0282,2
CAND09231,SK0082,3
CAND06963,SK0300,1
CAND12842,SK0088,5
CAND08268,SK0239,1
CAND01475,SK0194,4
CAND08261,SK0296,3
CAND11928,SK0088,4
CAND12080,SK0107,4
CAND07253,SK0256,4
CAND10197,SK0277,4
CAND10341,SK0090,3
CAND13039,SK0196,1
CAND12487,SK0009,2
CAND00578,SK0146,2
CAND05358,SK0261,1
CAND08842,SK0148,5
CAND09058,SK0254,2
CAND10624,SK0154,4
CAND07798,SK0011,1
CAND00790,SK0048,3
CAND02973,SK0049,1
CAND14447,SK0140,4
CAND14358,SK0228,4
CAND11868,SK0055,3
CAND10305,SK0194,1
CAND05188,SK0244,5
CAND03206,SK0146,1
CAND06626,SK0110,5
CAND11283,SK0025,1
CAND01214,SK0231,4
CAND06662,SK0071,5
CAND05673,SK0273,1
CAND03348,SK0201,4
CAND13376,SK0053,5
CAND13567,SK0003,5
CAND06606,SK0252,1
CAND11216,SK0061,2
CAND09420,SK0111,4
CAND07609,SK0283,4
CAND06108,SK0154,1
CAND06306,SK0093,1
CAND10491,SK0285,4
CAND14596,SK0287,1
CAND01856,SK0157,2
CAND02504,SK0148,2
CAND01409,SK0240,4
CAND11721,SK0042,3
CAND03770,SK0192,2
CAND00223,SK0168,4
CAND02773,SK0233,4
CAND12379,SK0263,3
CAND08696,SK0135,2
CAND10301,SK0256,3
CAND00057,SK0029,4
CAND14870,SK0138,2
CAND11946,SK0006,2
CAND02303,SK0152,2
CAND05106,SK0192,2
CAND06733,SK0069,2
CAND02607,SK0103,2
CAND05668,SK0093,5
CAND13875,SK0165,4
CAND08067,SK0258,5
CAND03702,SK0090,3
CAND10803,SK0263,3
CAND06747,SK0061,3
CAND11758,SK0110,1
CAND11845,SK0011,3
CAND13029,SK0255,4
CAND09075,SK0042,2
CAND00058,SK0250,3
CAND03399,SK0222,1
CAND08432,SK0170,3
CAND01488,SK0241,1
CAND06531,SK0166,1
CAND07520,SK0043,3
CAND01342,SK0179,3
CAND09034,SK0212,4
CAND09995,SK0299,2
CAND01881,SK0075,2
CAND03635,SK0074,1
CAND00108,SK0269,1
CAND08458,SK0054,4
CAND09912,SK0228,3
CAND06504,SK0071,2
CAND07506,SK0159,2
CAND11003,SK0158,5
CAND00527,SK0032,5
CAND03851,SK0297,1
CAND12514,SK0186,2
CAND14900,SK0237,2
CAND01563,SK0088,5
CAND02138,SK0108,4
CAND02643,SK0124,3
CAND03858,SK0172,1
CAND09150,SK0003,3
CAND10601,SK0178,1
CAND01482,SK0279,1
CAND03998,SK0263,2
CAND04357,SK0110,5
CAND02162,SK0032,2
CAND04797,SK0024,5
CAND03948,SK0162,4
CAND02340,SK0226,3
CAND03169,SK0054,1
CAND12905,SK0238,5
CAND01270,SK0040,3
CAND13314,SK0217,3
CAND01645,SK0154,2
CAND06025,SK0277,3
CAND11601,SK0026,5
CAND07707,SK0257,3
CAND06672,SK0207,4
CAND00045,SK0025,2
CAND08418,SK0179,3
CAND07870,SK0081,5
CAND07964,SK0101,5
CAND01931,SK0048,1
CAND01761,SK0221,2
CAND01514,SK0054,2
CAND10802,SK0093,4
CAND03699,SK0156,2
CAND08836,SK0180,5
CAND09102,SK0013,3
CAND14213,SK0028,1
CAND00655,SK0003,4
CAND00263,SK0134,4
CAND05383,SK0233,3
CAND05537,SK0001,5
CAND10955,SK0269,1
CAND04331,SK0137,2
CAND08075,SK0099,2
CAND13553,SK0241,4
CAND01136,SK0033,4
CAND11080,SK0161,2
CAND14963,SK0067,2
CAND02300,SK0197,4
CAND08642,SK0032,4
CAND00252,SK0183,1
CAND02332,SK0245,4
CAND11725,SK0295,5
CAND04781,SK0069,4
CAND03135,SK0056,3
CAND10407,SK0179,2
CAND03873,SK0179,1
CAND01301,SK0234,4
CAND05681,SK0038,1
CAND12635,SK0164,3
CAND08729,SK0159,1
CAND03771,SK0084,3
CAND11393,SK0142,1
CAND10152,SK0094,3
CAND06589,SK0252,5
CAND11666,SK0268,3
CAND12018,SK0223,1
CAND12454,SK0063,1
CAND06100,SK0213,2
CAND02090,SK0300,2
CAND08304,SK0138,5
CAND00352,SK0098,3
CAND08445,SK0213,1
CAND08065,SK0122,3
CAND01003,SK0218,3
CAND06573,SK0263,3
CAND11277,SK0153,2
CAND12498,SK0263,2
CAND11254,SK0005,3
CAND07729,SK0098,4
CAND01270,SK0244,2
CAND07348,SK0300,5
CAND04138,SK0150,1
CAND00321,SK0033,5
CAND11519,SK0160,4
CAND00404,SK0098,5
CAND11345,SK0263,3
CAND05026,SK0060,1
CAND05790,SK0049,3
CAND14980,SK0031,5
CAND03235,SK0279,4
CAND11096,SK0110,4
CAND04717,SK0173,3
CAND00141,SK0230,3
CAND06511,SK0279,5
CAND13690,SK0093,5
CAND10678,SK0243,1
CAND05638,SK0226,1
CAND01581,SK0126,2
CAND00336,SK0114,4
CAND07539,SK0128,5
CAND00295,SK0205,1
CAND02919,SK0064,5
CAND05621,SK0213,5
CAND11308,SK0242,5
CAND11158,SK0146,1
CAND03169,SK0127,3
CAND05432,SK0098,1
CAND08638,SK0013,5
CAND02467,SK0064,4
CAND05237,SK0145,2
CAND04704,SK0013,3
CAND07232,SK0134,4
CAND01518,SK0190,5
CAND02661,SK0135,5
CAND13852,SK0168,1
CAND11506,SK0022,1
CAND05077,SK0006,3
CAND06185,SK0071,4
CAND01918,SK0185,3
CAND11288,SK0265,5
CAND02838,SK0127,1
CAND05787,SK0144,1
CAND05884,SK0282,4
CAND09022,SK0216,4
CAND11829,SK0002,3
CAND04470,SK0184,2
CAND12303,SK0284,1
CAND00147,SK0138,4
CAND01093,SK0128,1
CAND00254,SK0034,3
CAND10602,SK0215,4
CAND04957,SK0054,4
CAND08870,SK0084,5
CAND12102,SK0239,3
CAND02801,SK0036,1
CAND08548,SK0129,3
CAND00894,SK0007,5
CAND03076,SK0003,5
CAND14579,SK0142,1
CAND09308,SK0269,2
CAND02156,SK0130,5
CAND10519,SK0222,3
CAND03703,SK0111,1
CAND07277,SK0255,1
CAND06287,SK0078,3
CAND06492,SK0061,3
CAND10663,SK0229,1
CAND09929,SK0182,4
CAND10652,SK0245,1
CAND13851,SK0256,4
CAND05638,SK0165,2
CAND08104,SK0282,5
CAND12050,SK0108,1
CAND01322,SK0109,4
CAND06908,SK0054,2
CAND05881,SK0295,4
CAND09416,SK0204,3
CAND04445,SK0083,3
CAND08277,SK0062,2
CAND13253,SK0074,1
CAND13257,SK0105,4
CAND04235,SK0202,3
CAND14464,SK0219,5
CAND08270,SK0248,3
CAND01636,SK0291,1
CAND06009,SK0211,3
CAND06001,SK0269,2
CAND01466,SK0108,4
CAND08762,SK0165,3
CAND06947,SK0206,2
CAND04635,SK0221,2
CAND06583,SK0111,3
CAND12547,SK0105,5
CAND07371,SK0132,3
CAND03489,SK0215,5
CAND13733,SK0254,5
CAND02531,SK0277,4
CAND01609,SK0182,1
CAND12979,SK0278,2
CAND10308,SK0194,1
CAND10821,SK0039,4
CAND11509,SK0007,5
CAND07825,SK0174,2
CAND00239,SK0100,5
CAND14182,SK0021,4
CAND01438,SK0132,5
CAND12890,SK0053,3
CAND13526,SK0272,3
CAND14612,SK0128,4
CAND04104,SK0039,4
CAND12185,SK0079,3
CAND07408,SK0171,4
CAND00278,SK0215,4
CAND12083,SK0074,5
CAND10621,SK0142,5
CAND06963,SK0230,1
CAND08486,SK0143,3
CAND00648,SK0286,5
CAND04126,SK0068,5
CAND04636,SK0292,5
CAND14186,SK0006,5
CAND01098,SK0064,5
CAND00407,SK0052,4
CAND02146,SK0262,3
CAND00272,SK0244,2
CAND11138,SK0181,1
CAND07937,SK0134,4
CAND02498,SK0057,5
CAND11129,SK0162,1
CAND00428,SK0270,2
CAND03246,SK0284,5
CAND09022,SK0270,1
CAND00568,SK0253,1
CAND00161,SK0207,2
CAND12438,SK0059,3
CAND09845,SK0085,4
CAND03059,SK0006,1
CAND01028,SK0157,4
CAND04987,SK0147,1
CAND01555,SK0208,1
CAND05910,SK0117,3
CAND05486,SK0181,4
CAND01504,SK0026,4
CAND07668,SK0082,4
CAND04062,SK0226,1
CAND02320,SK0013,3
CAND08416,SK0290,2
CAND07014,SK0297,3
CAND05526,SK0276,3
CAND03243,SK0238,2
CAND01510,SK0191,5
CAND04677,SK0195,5
CAND06100,SK0059,2
CAND05192,SK0291,4
CAND08287,SK0025,4
CAND07101,SK0022,3
CAND11121,SK0036,2
CAND09154,SK0202,2
CAND08876,SK0082,1
CAND01419,SK0279,1
CAND13987,SK0020,2
CAND14238,SK0214,5
CAND04880,SK0216,5
CAND06675,SK0047,3
CAND12109,SK0265,2
CAND13368,SK0147,3
CAND01648,SK0269,1
CAND07709,SK0299,3
CAND07483,SK0082,5
CAND03566,SK0063,5
CAND07927,SK0013,4
CAND05869,SK0122,4
CAND11500,SK0071,5
CAND09054,SK0156,4
CAND00423,SK0048,4
CAND03786,SK0170,3
CAND13660,SK0287,3
CAND04055,SK0208,5
CAND13934,SK0145,4
CAND13531,SK0235,3
CAND14324,SK0204,5
CAND04518,SK0154,2
CAND09973,SK0022,1
CAND11719,SK0138,2
CAND02327,SK0106,3
CAND02631,SK0063,3
CAND09574,SK0018,4
CAND09720,SK0279,4
CAND06357,SK0039,5
CAND13627,SK0196,5
CAND10319,SK0226,3
CAND04418,SK0178,1
CAND14405,SK0195,2
CAND00876,SK0169,1
CAND12505,SK0255,3
CAND08237,SK0255,3
CAND06667,SK0201,2
CAND03358,SK0290,5
CAND04488,SK0256,5
CAND01290,SK0036,3
CAND08651,SK0277,1
CAND12072,SK0206,5
CAND07148,SK0004,4
CAND07707,SK0224,1
CAND00825,SK0002,2
CAND02627,SK0168,2
CAND04173,SK0220,2
CAND06223,SK0254,4
CAND05507,SK0052,3
CAND09208,SK0295,1
CAND12583,SK0156,4
CAND02674,SK0071,5
CAND00110,SK0065,1
CAND06561,SK0095,4
CAND14787,SK0143,4
CAND11963,SK0231,3
CAND05986,SK0213,2
CAND02986,SK0135,2
CAND10331,SK0018,4
CAND07262,SK0254,1
CAND06220,SK0111,1
CAND08415,SK0216,1
CAND07335,SK0016,3
CAND03273,SK0020,1
CAND11090,SK0202,3
CAND01207,SK0198,1
CAND11881,SK0107,5
CAND14802,SK0145,2
CAND09465,SK0149,5
CAND01911,SK0167,5
CAND08542,SK0230,2
CAND00225,SK0024,3
CAND10056,SK0282,3
CAND00684,SK0285,2
CAND01699,SK0094,3
CAND10286,SK0280,5
CAND04856,SK0223,2
CAND04697,SK0161,2
CAND06485,SK0180,5
CAND00474,SK0261,4
CAND00618,SK0004,1
CAND12857,SK0080,5
CAND01584,SK0300,2
CAND12908,SK0143,2
CAND12938,SK0049,1
CAND02259,SK0190,4
CAND11097,SK0220,2
CAND02463,SK0173,2
CAND10752,SK0124,4
CAND09098,SK0299,5
CAND09012,SK0183,1
CAND08893,SK0293,3
CAND07822,SK0068,3
CAND06506,SK0215,4
CAND12353,SK0202,4
CAND09731,SK0007,4
CAND06688,SK0161,5
CAND12515,SK0039,2
CAND04669,SK0281,2
CAND10050,SK0180,5
CAND03499,SK0060,1
CAND12014,SK0206,2
CAND09222,SK0015,4
CAND01245,SK0153,1
CAND11665,SK0167,4
CAND13706,SK0284,5
CAND14330,SK0238,4
CAND13098,SK0066,5
CAND13873,SK0015,4
CAND10855,SK0183,4
CAND13088,SK0020,1
CAND13396,SK0056,4
CAND00704,SK0109,5
CAND12489,SK0039,4
CAND12692,SK0080,2
CAND13490,SK0133,4
CAND05736,SK0132,2
CAND04372,SK0149,4
CAND13165,SK0169,5
CAND07905,SK0008,1
CAND11648,SK0132,2
CAND10265,SK0029,4
CAND00674,SK0217,2
CAND06751,SK0194,5
CAND12116,SK0257,2
CAND07729,SK0023,5
CAND14565,SK0231,1
CAND14001,SK0130,1
CAND05512,SK0140,4
CAND14979,SK0084,2
CAND13701,SK0186,4
CAND02928,SK0048,3
CAND06390,SK0256,1
CAND05454,SK0100,4
CAND04249,SK0279,3
CAND03609,SK0226,2
CAND04113,SK0131,4
CAND09550,SK0120,2
CAND12219,SK0033,4
CAND00389,SK0106,1
CAND01141,SK0277,2
CAND04285,SK0280,5
CAND12491,SK0002,2
CAND03019,SK0084,5
CAND00829,SK0065,2
CAND12687,SK0143,1
CAND01520,SK0154,4
CAND03619,SK0122,5
CAND13744,SK0045,5
CAND00514,SK0138,1
CAND02454,SK0233,5
CAND06431,SK0045,5
CAND11039,SK0030,2
CAND10261,SK0197,1
CAND02770,SK0079,2
CAND04630,SK0008,1
CAND03459,SK0241,4
CAND00888,SK0058,1
CAND14040,SK0295,2
CAND08133,SK0248,3
CAND08378,SK0142,3
CAND10773,SK0265,3
CAND12207,SK0286,5
CAND03522,SK0181,2
CAND00187,SK0242,5
CAND11574,SK0210,2
CAND09711,SK0175,5
CAND01333,SK0026,5
CAND00665,SK0263,3
CAND14504,SK0161,2
CAND09251,SK0059,5
CAND00746,SK0267,5
CAND14427,SK0206,1
CAND07422,SK0010,2
CAND14031,SK0261,1
CAND11538,SK0048,2
CAND03454,SK0089,1
CAND03543,SK0291,2
CAND11462,SK0236,5
CAND05221,SK0112,2
CAND01850,SK0298,4
CAND09524,SK0243,2
CAND03944,SK0284,2
CAND10654,SK0037,4
CAND04704,SK0170,3
CAND00167,SK0296,3
CAND13141,SK0188,1
CAND14242,SK0260,5
CAND09534,SK0075,5
CAND12479,SK0016,3
CAND06222,SK0111,2
CAND02847,SK0042,1
CAND00420,SK0061,2
CAND11418,SK0214,5
CAND00532,SK0225,4
CAND03910,SK0111,5
CAND12765,SK0198,4
CAND05027,SK0093,2
CAND04706,SK0031,1
CAND01959,SK0237,5
CAND12090,SK0043,5
CAND01977,SK0191,1
CAND12685,SK0055,1
CAND07601,SK0190,5
CAND09897,SK0008,4
CAND09585,SK0272,3
CAND00529,SK0210,4
CAND03404,SK0025,4
CAND13858,SK0030,5
CAND01566,SK0226,2
CAND13709,SK0133,1
CAND06618,SK0265,5
CAND06531,SK0232,1
CAND04790,SK0086,5
CAND11769,SK0017,3
CAND09722,SK0138,3
CAND08433,SK0124,5
CAND04687,SK0057,3
CAND01999,SK0085,5
CAND02146,SK0296,4
CAND11714,SK0003,5
CAND01569,SK0171,3
CAND14667,SK0279,4
CAND14276,SK0184,5
CAND05360,SK0069,1
CAND13479,SK0238,5
CAND07936,SK0156,3
CAND09888,SK0054,3
CAND10332,SK0169,5
CAND11646,SK0097,2
CAND09292,SK0051,4
CAND03105,SK0278,4
CAND13501,SK0099,5
CAND11233,SK0124,2
CAND00383,SK0102,2
CAND10089,SK0253,3
CAND04857,SK0283,1
CAND09958,SK0204,1
CAND10897,SK0246,5
CAND13423,SK0181,2
CAND12461,SK0038,4
CAND02969,SK0284,1
CAND06889,SK0020,5
CAND07418,SK0235,1
CAND08901,SK0076,3
CAND04692,SK0155,1
CAND13688,SK0190,3
CAND05344,SK0264,3
CAND01388,SK0086,2
CAND13395,SK0289,1
CAND04920,SK0012,1
CAND12355,SK0079,5
CAND03596,SK0151,1
CAND12234,SK0098,1
CAND07114,SK0096,4
CAND05109,SK0145,3
CAND03265,SK0011,1
CAND02711,SK0265,1
CAND14410,SK0282,4
CAND11656,SK0116,5
CAND11797,SK0250,3
CAND00475,SK0154,2
CAND08517,SK0259,2
CAND01556,SK0209,4
CAND05226,SK0152,4
CAND04035,SK0039,2
CAND08978,SK0008,5
CAND13237,SK0174,4
CAND01756,SK0277,3
CAND05974,SK0259,3
CAND10474,SK0196,1
CAND01315,SK0194,4
CAND14306,SK0207,2
CAND09501,SK0094,1
CAND08344,SK0193,1
CAND00597,SK0265,2
CAND06031,SK0046,1
CAND01236,SK0057,4
CAND11275,SK0209,2
CAND05614,SK0035,1
CAND04769,SK0064,2
CAND12758,SK0242,1
CAND04347,SK0181,2
CAND13904,SK0261,1
CAND05211,SK0082,1
CAND03284,SK0006,5
CAND04032,SK0130,4
CAND06454,SK0289,1
CAND07948,SK0222,5
CAND03749,SK0205,1
CAND00928,SK0236,4
CAND08596,SK0082,2
CAND05991,SK0054,4
CAND05826,SK0162,4
CAND08226,SK0211,2
CAND13990,SK0113,2
CAND00168,SK0172,1
CAND14057,SK0231,1
CAND07913,SK0161,1
CAND14310,SK0223,1
CAND08434,SK0136,1
CAND10628,SK0253,5
CAND02694,SK0067,3
CAND00067,SK0289,3
CAND01232,SK0025,4
CAND01271,SK0207,2
CAND00536,SK0222,1
CAND11819,SK0277,1
CAND01297,SK0060,4
CAND02011,SK0252,1
CAND11787,SK0175,4
CAND04664,SK0015,5
CAND07915,SK0112,4
CAND05316,SK0251,5
CAND05930,SK0241,4
CAND01663,SK0260,3
CAND02454,SK0078,5
CAND04186,SK0052,5
CAND07695,SK0167,1
CAND11611,SK0114,3
CAND10561,SK0151,1
CAND05637,SK0236,5
CAND08987,SK0296,5
CAND11248,SK0071,3
CAND01727,SK0103,2
CAND08656,SK0158,2
CAND08499,SK0144,1
CAND10874,SK0069,1
CAND02609,SK0210,2
CAND02032,SK0278,2
CAND00438,SK0131,2
CAND11900,SK0200,4
CAND14130,SK0091,5
CAND12880,SK0073,2
CAND13954,SK0030,4
CAND04896,SK0249,2
CAND12331,SK0300,1
CAND09415,SK0270,4
CAND11564,SK0165,2
CAND05188,SK0003,5
CAND04157,SK0176,5
CAND11343,SK0076,3
CAND06674,SK0003,5
CAND13363,SK0294,1
CAND08185,SK0093,2
CAND10175,SK0275,2
CAND09603,SK0264,2
CAND07479,SK0069,2
CAND01091,SK0031,2
CAND05811,SK0300,5
CAND10704,SK0238,1
CAND05182,SK0297,5
CAND05068,SK0128,2
CAND09237,SK0275,4
CAND02838,SK0250,3
CAND13125,SK0231,4
CAND11506,SK0035,2
CAND09593,SK0099,4
CAND07184,SK0002,5
CAND05034,SK0235,3
CAND09760,SK0029,3
CAND09941,SK0191,1
CAND03237,SK0072,2
CAND08041,SK0158,5
CAND04555,SK0163,1
CAND13045,SK0178,1
CAND05537,SK0197,2
CAND02682,SK0219,4
CAND02112,SK0254,5
CAND02733,SK0149,2
CAND01197,SK0147,3
CAND01170,SK0219,2
CAND14482,SK0136,3
CAND11936,SK0062,5
CAND14981,SK0257,3
CAND05043,SK0159,5
CAND10367,SK0175,3
CAND00184,SK0194,1
CAND04587,SK0257,5
CAND08335,SK0034,1
CAND02976,SK0222,2
CAND10970,SK0215,2
CAND05705,SK0154,2
CAND06124,SK0070,2
CAND12743,SK0063,1
CAND02033,SK0107,3
CAND01420,SK0148,4
CAND10701,SK0105,3
CAND03233,SK0283,4
CAND06129,SK0160,4
CAND11325,SK0267,4
CAND00387,SK0221,5
CAND01290,SK0231,2
CAND02355,SK0273,3
CAND12354,SK0009,2
CAND00386,SK0079,4
CAND04191,SK0153,2
CAND04172,SK0054,4
CAND08547,SK0098,1
CAND13395,SK0168,5
CAND04392,SK0290,3
CAND11044,SK0068,1
CAND01988,SK0233,2
CAND09914,SK0031,4
CAND00512,SK0189,1
CAND05422,SK0181,1
CAND05821,SK0255,1
CAND14251,SK0298,2
CAND08652,SK0200,1
CAND03212,SK0017,4
CAND09236,SK0085,3
CAND02692,SK0282,3
CAND13658,SK0104,1
CAND14359,SK0031,2
CAND07107,SK0142,4
CAND00098,SK0107,1
CAND01764,SK0223,4
CAND06767,SK0114,4
CAND03664,SK0230,4
CAND08171,SK0139,2
CAND12130,SK0222,1
CAND01902,SK0111,2
CAND00087,SK0077,2
CAND00482,SK0069,2
CAND07129,SK0188,2
CAND00147,SK0210,3
CAND02206,SK0298,2
CAND08127,SK0213,3
CAND01840,SK0147,1
CAND11763,SK0121,4
CAND14842,SK0022,5
CAND13621,SK0268,3
CAND14904,SK0108,2
CAND14746,SK0175,3
CAND01450,SK0260,1
CAND08989,SK0020,5
CAND07557,SK0169,3
CAND09361,SK0281,2
CAND08633,SK0093,1
CAND02048,SK0049,3
CAND00531,SK0006,5
CAND11715,SK0248,4
CAND14554,SK0114,3
CAND01338,SK0039,1
CAND06688,SK0179,1
CAND00948,SK0172,2
CAND10678,SK0079,4
CAND09532,SK0246,4
CAND12753,SK0226,3
CAND02422,SK0221,5
CAND10069,SK0288,3
CAND12023,SK0100,1
CAND02519,SK0019,3
CAND02350,SK0161,2
CAND04046,SK0151,4
CAND02284,SK0096,1
CAND06057,SK0068,5
CAND10231,SK0135,1
CAND08039,SK0024,4
CAND02819,SK0096,1
CAND14983,SK0121,2
CAND12822,SK0280,3
CAND09287,SK0031,3
CAND00303,SK0130,3
CAND05756,SK0091,4
CAND07221,SK0051,3
CAND12826,SK0184,1
CAND00761,SK0108,3
CAND08178,SK0232,1
CAND08124,SK0160,1
CAND03634,SK0159,1
CAND01825,SK0202,3
CAND06695,SK0056,2
CAND12367,SK0116,1
CAND04691,SK0234,1
CAND11771,SK0273,3
CAND00150,SK0075,1
CAND13657,SK0228,1
CAND06196,SK0028,4
CAND00815,SK0053,1
CAND05891,SK0068,3
CAND05484,SK0184,2
CAND04550,SK0082,4
CAND02077,SK0064,4
CAND05306,SK0245,1
CAND05970,SK0053,5
CAND08046,SK0223,3
CAND02306,SK0025,2
CAND14327,SK0249,3
CAND03414,SK0154,4
CAND04420,SK0052,5
CAND11944,SK0021,4
CAND11267,SK0281,5
CAND13321,SK0111,5
CAND09397,SK0016,2
CAND09328,SK0230,3
CAND14209,SK0154,4
CAND04687,SK0276,3
CAND08233,SK0019,1
CAND02049,SK0057,5
CAND10594,SK0216,5
CAND12150,SK0108,4
CAND09541,SK0176,2
CAND03118,SK0005,2
CAND10815,SK0012,3
CAND08638,SK0176,2
CAND05878,SK0253,4
CAND09410,SK0103,3
CAND14081,SK0036,4
CAND04953,SK0209,3
CAND13384,SK0297,1
CAND03320,SK0230,5
CAND11596,SK0021,5
CAND02380,SK0261,5
CAND04835,SK0285,1
CAND04812,SK0110,3
CAND03421,SK0170,4
CAND02000,SK0113,2
CAND08104,SK0113,5
CAND09314,SK0019,1
CAND08429,SK0222,1
CAND13181,SK0117,2
CAND11226,SK0281,3
CAND08089,SK0010,1
CAND14602,SK0159,2
CAND00892,SK0205,5
CAND09435,SK0262,4
CAND11458,SK0119,4
CAND00621,SK0253,3
CAND04337,SK0117,5
CAND04305,SK0007,5
CAND01927,SK0292,2
CAND02005,SK0225,2
CAND10539,SK0144,5
CAND05768,SK0052,1
CAND14465,SK0146,4
CAND13164,SK0206,1
CAND09949,SK0149,3
CAND10248,SK0285,2
CAND11452,SK0252,2
CAND13027,SK0217,5
CAND07067,SK0192,5
CAND13081,SK0114,2
CAND02786,SK0293,5
CAND02821,SK0279,4
CAND08037,SK0075,3
CAND05019,SK0209,4
CAND00066,SK0231,3
CAND13527,SK0169,3
CAND11056,SK0275,3
CAND13970,SK0161,4
CAND13791,SK0116,3
CAND07823,SK0173,4
CAND09927,SK0224,5
CAND01275,SK0169,1
CAND10286,SK0156,1
CAND01112,SK0227,3
CAND09922,SK0297,3
CAND03430,SK0147,1
CAND12942,SK0259,3
CAND13596,SK0031,1
CAND03084,SK0006,2
CAND12427,SK0076,2
CAND06302,SK0144,2
CAND08120,SK0162,4
CAND10648,SK0104,5
CAND05237,SK0205,5
CAND00748,SK0252,4
CAND04734,SK0114,4
CAND08178,SK0033,5
CAND12888,SK0215,4
CAND12064,SK0051,3
CAND03535,SK0079,5
CAND05420,SK0269,3
CAND03739,SK0078,2
CAND12103,SK0246,2
CAND12299,SK0006,4
CAND02350,SK0094,3
CAND05960,SK0154,2
CAND04491,SK0161,5
CAND13008,SK0073,2
CAND02174,SK0138,3
CAND08044,SK0279,5
CAND14938,SK0294,2
CAND04112,SK0083,4
CAND06836,SK0110,4
CAND04238,SK0005,5
CAND06717,SK0193,3
CAND11293,SK0127,4
CAND02912,SK0015,3
CAND02125,SK0280,1
CAND09184,SK0211,5
CAND09390,SK0068,3
CAND06574,SK0044,4
CAND01246,SK0193,5
CAND14467,SK0097,5
CAND02970,SK0225,4
CAND07749,SK0044,2
CAND03281,SK0256,3
CAND13643,SK0170,2
CAND12006,SK0173,5
CAND11321,SK0283,1
CAND03664,SK0204,2
CAND09923,SK0003,4
CAND03376,SK0038,5
CAND08533,SK0177,2
CAND11166,SK0036,4
CAND14936,SK0126,4
CAND11286,SK0251,3
CAND14908,SK0203,2
CAND09245,SK0034,1
CAND13135,SK0200,1
CAND14075,SK0091,4
CAND02584,SK0051,2
CAND03530,SK0203,1
CAND08063,SK0258,4
CAND07341,SK0051,2
CAND03025,SK0161,5
CAND05035,SK0294,2
CAND07320,SK0126,4
CAND13025,SK0091,3
CAND12751,SK0220,2
CAND05103,SK0119,5
CAND01811,SK0034,1
CAND13762,SK0149,3
CAND08276,SK0055,3
CAND00919,SK0238,5
CAND01651,SK0045,5
CAND04120,SK0006,2
CAND06626,SK0059,2
CAND10648,SK0277,3
CAND11537,SK0290,5
CAND06067,SK0176,4
CAND07109,SK0213,1
CAND06720,SK0117,4
CAND14324,SK0116,5
CAND11999,SK0068,3
CAND13925,SK0086,3
CAND00574,SK0119,5
CAND06506,SK0155,3
CAND02044,SK0273,5
CAND07709,SK0054,2
CAND06255,SK0040,3
CAND05985,SK0028,4
CAND14076,SK0225,2
CAND02061,SK0166,2
CAND10223,SK0024,3
CAND04083,SK0041,3
CAND01406,SK0109,5
CAND14345,SK0088,2
CAND10554,SK0106,4
CAND02748,SK0139,4
CAND01478,SK0286,3
CAND06790,SK0111,1
CAND05206,SK0191,1
CAND09557,SK0021,3
CAND01328,SK0066,2
CAND11923,SK0100,5
CAND12230,SK0096,4
CAND04347,SK0033,3
CAND05030,SK0049,4
CAND07879,SK0182,2
CAND13968,SK0105,4
CAND06427,SK0131,5
CAND03248,SK0194,1
CAND12040,SK0300,5
CAND12186,SK0268,5
CAND02656,SK0169,1
CAND10809,SK0096,3
CAND00403,SK0208,5
CAND08471,SK0201,2
CAND01337,SK0169,1
CAND09560,SK0113,2
CAND06002,SK0024,3
CAND10666,SK0154,1
CAND01646,SK0149,3
CAND04734,SK0156,2
CAND12759,SK0125,2
CAND00461,SK0274,3
CAND11334,SK0071,5
CAND12026,SK0218,5
CAND00310,SK0128,4
CAND03730,SK0166,5
CAND08805,SK0137,4
CAND05576,SK0237,2
CAND01692,SK0206,4
CAND05341,SK0198,4
CAND10225,SK0089,3
CAND03018,SK0126,2
CAND04954,SK0183,3
CAND05831,SK0116,2
CAND03870,SK0126,5
CAND07276,SK0199,2
CAND12508,SK0153,5
CAND11695,SK0037,1
CAND03536,SK0080,2
CAND03321,SK0198,4
CAND01559,SK0027,2
CAND01592,SK0109,2
CAND05043,SK0061,4
CAND08160,SK0186,2
CAND05093,SK0050,4
CAND07672,SK0097,5
CAND05357,SK0047,2
CAND09664,SK0097,5
CAND03698,SK0197,4
CAND07349,SK0228,4
CAND06838,SK0158,1
CAND07380,SK0280,1
CAND02346,SK0137,3
CAND08874,SK0071,4
CAND04219,SK0075,2
CAND05241,SK0191,3
CAND14717,SK0202,5
CAND12159,SK0172,1
CAND14528,SK0280,2
CAND06519,SK0213,3
CAND01485,SK0079,4
CAND10661,SK0015,5
CAND01952,SK0231,4
CAND06597,SK0195,2
CAND08719,SK0030,5
CAND08791,SK0178,2
CAND08592,SK0059,3
CAND02852,SK0038,1
CAND00237,SK0251,5
CAND12651,SK0023,5
CAND14320,SK0019,4
CAND00459,SK0149,1
CAND07988,SK0107,3
CAND07024,SK0084,3
CAND08999,SK0006,3
CAND12541,SK0030,2
CAND11776,SK0041,5
CAND12550,SK0040,2
CAND07164,SK0043,1
CAND00481,SK0029,5
CAND12965,SK0164,4
CAND05624,SK0291,1
CAND08985,SK0228,4
CAND03855,SK0182,2
CAND07233,SK0196,4
CAND02519,SK0085,5
CAND07589,SK0087,3
CAND14346,SK0085,1
CAND06364,SK0106,2
CAND01430,SK0273,2
CAND09219,SK0274,2
CAND13062,SK0200,5
CAND10293,SK0093,4
CAND01066,SK0129,1
CAND07050,SK0085,2
CAND04446,SK0140,4
CAND13350,SK0266,3
CAND07640,SK0273,3
CAND14810,SK0285,5
CAND13123,SK0044,1
CAND03485,SK0298,2
CAND08831,SK0267,1
CAND05270,SK0062,2
CAND10914,SK0152,5
CAND07580,SK0208,1
CAND13562,SK0285,4
CAND08546,SK0116,4
CAND04128,SK0115,2
CAND08000,SK0010,5
CAND07807,SK0249,2
CAND10137,SK0242,2
CAND05899,SK0148,1
CAND13723,SK0009,4
CAND06229,SK0259,5
CAND02433,SK0064,2
CAND10466,SK0124,1
CAND04952,SK0044,4
CAND09501,SK0118,4
CAND01182,SK0036,5
CAND02772,SK0030,1
CAND08768,SK0213,2
CAND07802,SK0169,3
CAND05303,SK0025,3
CAND02588,SK0150,1
CAND10885,SK0215,3
CAND09462,SK0259,1
CAND13848,SK0257,3
CAND10403,SK0058,4
CAND07767,SK0132,2
CAND07283,SK0289,1
CAND02476,SK0081,4
CAND14533,SK0055,1
CAND05442,SK0225,1
CAND14967,SK0172,1
CAND03715,SK0284,2
CAND07939,SK0028,1
CAND12906,SK0221,5
CAND00721,SK0001,4
CAND13737,SK0107,1
CAND01857,SK0108,4
CAND05449,SK0069,3
CAND02155,SK0061,5
CAND02833,SK0146,1
CAND03555,SK0109,1
CAND14355,SK0117,2
CAND03082,SK0219,4
CAND07029,SK0227,3
CAND00603,SK0111,1
CAND03579,SK0198,3
CAND07943,SK0146,5
CAND05232,SK0133,4
CAND07194,SK0041,5
CAND09533,SK0103,4
CAND13293,SK0295,5
CAND07211,SK0176,2
CAND03726,SK0081,3
CAND01967,SK0279,5
CAND05955,SK0195,5
CAND05606,SK0111,3
CAND04796,SK0291,4
CAND05797,SK0061,5
CAND03926,SK0242,4
CAND07700,SK0216,2
CAND05155,SK0214,4
CAND05864,SK0224,5
CAND09397,SK0014,2
CAND09345,SK0100,4
CAND06618,SK0066,5
CAND09646,SK0117,1
CAND05388,SK0123,5
CAND02873,SK0267,2
CAND02374,SK0135,5
CAND11391,SK0193,2
CAND00990,SK0001,5
CAND08378,SK0153,5
CAND12647,SK0242,5
CAND13292,SK0141,2
CAND02003,SK0173,2
CAND11809,SK0142,3
CAND02731,SK0034,3
CAND06972,SK0188,1
CAND14330,SK0083,2
CAND07318,SK0220,2
CAND02028,SK0264,2
CAND01154,SK0248,4
CAND02236,SK0073,2
CAND12530,SK0055,3
CAND13629,SK0243,1
CAND03122,SK0032,2
CAND02836,SK0134,1
CAND04059,SK0204,2
CAND04864,SK0152,3
CAND09703,SK0276,3
CAND09205,SK0025,2
CAND02858,SK0012,1
CAND04107,SK0198,4
CAND06083,SK0136,1
CAND07186,SK0016,2
CAND06805,SK0221,2
CAND12520,SK0260,2
CAND06505,SK0299,4
CAND01217,SK0044,1
CAND14331,SK0242,2
CAND10071,SK0189,2
CAND10711,SK0100,5
CAND10691,SK0258,1
CAND12151,SK0271,4
CAND09015,SK0212,1
CAND01172,SK0114,4
CAND07855,SK0012,5
CAND04310,SK0115,3
CAND07983,SK0039,5
CAND05985,SK0236,3
CAND10356,SK0188,4
CAND03917,SK0292,5
CAND10500,SK0152,3
CAND12667,SK0046,2
CAND06798,SK0179,4
CAND08958,SK0108,2
CAND06325,SK0116,1
CAND05648,SK0211,2
CAND07347,SK0140,1
CAND12167,SK0114,4
CAND06101,SK0072,1
CAND13441,SK0296,2
CAND08956,SK0206,4
CAND08045,SK0057,2
CAND12019,SK0257,2
CAND13990,SK0252,3
CAND11075,SK0105,5
CAND13616,SK0169,4
CAND05966,SK0258,5
CAND04779,SK0193,3
CAND10434,SK0145,2
CAND13032,SK0068,5
CAND10120,SK0196,1
CAND05944,SK0147,5
CAND11774,SK0074,4
CAND10323,SK0239,1
CAND01768,SK0009,1
CAND02697,SK0065,5
CAND14636,SK0243,4
CAND14257,SK0297,5
CAND05243,SK0262,4
CAND07073,SK0184,4
CAND00291,SK0158,1
CAND03639,SK0292,4
CAND04994,SK0255,1
CAND13473,SK0118,2
CAND10002,SK0156,5
CAND12304,SK0140,1
CAND04099,SK0094,5
CAND09617,SK0189,4
CAND02903,SK0177,5
CAND12500,SK0096,3
CAND12568,SK0015,5
CAND11908,SK0234,4
CAND00720,SK0190,2
CAND02077,SK0045,3
CAND14415,SK0116,3
CAND08554,SK0146,1
CAND14716,SK0042,5
CAND09419,SK0218,5
CAND07333,SK0137,5
CAND05584,SK0258,2
CAND05418,SK0041,4
CAND05907,SK0057,1
CAND12079,SK0177,4
CAND14948,SK0043,3
CAND04538,SK0142,3
CAND02320,SK0004,2
CAND09626,SK0071,2
CAND05195,SK0197,3
CAND13768,SK0209,3
CAND02095,SK0129,5
CAND03154,SK0140,1
CAND07479,SK0008,1
CAND13967,SK0213,5
CAND12487,SK0064,1
CAND03016,SK0044,1
CAND04931,SK0111,1
CAND13146,SK0114,1
CAND06712,SK0164,5
CAND06214,SK0069,5
CAND12021,SK0244,4
CAND04970,SK0261,2
CAND12820,SK0241,4
CAND03007,SK0086,5
CAND14225,SK0134,1
CAND05857,SK0227,3
CAND13365,SK0087,2
CAND12337,SK0137,3
CAND13910,SK0244,2
CAND02606,SK0288,5
CAND06701,SK0028,2
CAND07768,SK0137,5
CAND14315,SK0269,2
CAND03664,SK0260,4
CAND01151,SK0009,2
CAND04128,SK0176,3
CAND02832,SK0003,1
CAND13999,SK0261,1
CAND00892,SK0009,3
CAND02158,SK0131,2
CAND08699,SK0192,3
CAND11247,SK0081,1
CAND00564,SK0258,1
CAND14084,SK0257,4
CAND10427,SK0193,5
CAND05561,SK0283,2
CAND03910,SK0176,2
CAND09733,SK0187,3
CAND05012,SK0276,2
CAND11307,SK0290,3
CAND14131,SK0199,1
CAND07971,SK0105,2
CAND05858,SK0165,4
CAND12775,SK0058,5
CAND07794,SK0182,3
CAND07088,SK0198,5
CAND03569,SK0300,3
CAND00207,SK0122,3
CAND14437,SK0280,4
CAND10409,SK0295,1
CAND03639,SK0003,1
CAND14191,SK0070,3
CAND12307,SK0039,5
CAND02627,SK0289,2
CAND05397,SK0048,5
CAND04244,SK0258,3
CAND02640,SK0043,3
CAND08295,SK0068,5
CAND06310,SK0050,4
CAND01733,SK0262,2
CAND07771,SK0219,5
CAND03643,SK0209,2
CAND05076,SK0103,5
CAND09340,SK0103,2
CAND08829,SK0151,2
CAND04831,SK0040,1
CAND13625,SK0030,2
CAND03235,SK0200,4
CAND11381,SK0083,4
CAND01886,SK0276,1
CAND03535,SK0168,5
CAND08787,SK0298,1
CAND09200,SK0068,1
CAND06476,SK0120,2
CAND10284,SK0041,2
CAND01690,SK0255,4
CAND05255,SK0139,5
CAND03353,SK0118,2
CAND06567,SK0196,2
CAND04695,SK0215,3
CAND07702,SK0129,4
CAND07009,SK0287,2
CAND10167,SK0163,3
CAND01765,SK0063,1
CAND01310,SK0176,4
CAND05166,SK0131,5
CAND02978,SK0056,1
CAND07995,SK0146,3
CAND14025,SK0087,2
CAND06538,SK0081,1
CAND14223,SK0283,3
CAND08569,SK0041,5
CAND04625,SK0226,2
CAND05979,SK0270,3
CAND08981,SK0021,1
CAND09741,SK0213,1
CAND11634,SK0053,5
CAND04314,SK0170,2
CAND14750,SK0060,4
CAND12461,SK0087,4
CAND05065,SK0244,4
CAND03665,SK0070,2
CAND14269,SK0045,2
CAND08974,SK0144,5
CAND00284,SK0114,5
CAND04825,SK0038,2
CAND09316,SK0029,4
CAND00211,SK0289,5
CAND14669,SK0130,2
CAND14044,SK0162,5
CAND01302,SK0083,3
CAND01999,SK0281,3
CAND10706,SK0290,5
CAND00532,SK0222,2
CAND13960,SK0089,3
CAND07924,SK0032,1
CAND05113,SK0289,5
CAND09802,SK0267,1
CAND14736,SK0294,1
CAND01896,SK0198,5
CAND06671,SK0160,3
CAND11657,SK0191,3
CAND01264,SK0212,2
CAND02999,SK0050,3
CAND10612,SK0115,4
CAND02020,SK0195,1
CAND06800,SK0294,2
CAND05116,SK0193,2
CAND13124,SK0197,5
CAND00464,SK0242,3
CAND10813,SK0167,4
CAND06084,SK0080,3
CAND11946,SK0142,5
CAND10383,SK0137,2
CAND04703,SK0243,2
CAND14673,SK0031,5
CAND07736,SK0195,4
CAND13436,SK0178,4
CAND00518,SK0196,1
CAND14969,SK0194,4
CAND08973,SK0252,4
CAND13290,SK0190,4
CAND06337,SK0051,2
CAND13374,SK0215,5
CAND10433,SK0204,1
CAND00324,SK0075,4
CAND12841,SK0081,1
CAND04170,SK0017,3
CAND14670,SK0106,1
CAND01769,SK0261,5
CAND12739,SK0032,3
CAND11238,SK0038,2
CAND10481,SK0167,5
CAND08076,SK0276,5
CAND13224,SK0051,3
CAND08088,SK0109,4
CAND00618,SK0146,1
CAND10221,SK0041,5
CAND14162,SK0105,2
CAND14541,SK0240,4
CAND06129,SK0260,5
CAND09417,SK0159,1
CAND14567,SK0192,3
CAND07324,SK0224,5
CAND06082,SK0269,3
CAND14680,SK0284,2
CAND11199,SK0253,2
CAND12718,SK0231,5
CAND01843,SK0066,5
CAND08794,SK0073,5
CAND00272,SK0070,3
CAND12346,SK0153,1
CAND07061,SK0277,3
CAND00754,SK0193,4
CAND02603,SK0028,4
CAND13606,SK0145,1
CAND12191,SK0280,4
CAND10026,SK0194,2
CAND10871,SK0183,3
CAND06405,SK0200,4
CAND00309,SK0093,2
CAND13688,SK0012,2
CAND03023,SK0027,1
CAND07121,SK0285,1
CAND06166,SK0223,5
CAND09938,SK0101,2
CAND08457,SK0196,3
CAND12209,SK0109,2
CAND06291,SK0202,2
CAND03412,SK0086,2
CAND08705,SK0113,1
CAND09462,SK0154,5
CAND04104,SK0012,3
CAND09643,SK0013,4
CAND11917,SK0117,3
CAND06205,SK0165,5
CAND12902,SK0251,2
CAND10901,SK0078,5
CAND01290,SK0269,3
CAND12109,SK0192,1
CAND05344,SK0085,5
CAND04273,SK0001,3
CAND00447,SK0157,2
CAND04121,SK0172,2
CAND08108,SK0208,1
CAND14541,SK0208,5
CAND09328,SK0296,3
CAND05382,SK0089,3
CAND05838,SK0244,5
CAND02242,SK0148,2
CAND12972,SK0161,2
CAND07251,SK0063,3
CAND10522,SK0289,1
CAND04233,SK0117,3
CAND03146,SK0276,2
CAND14866,SK0187,5
CAND08087,SK0042,3
CAND02220,SK0234,5
CAND08160,SK0135,5
CAND05483,SK0155,2
CAND10922,SK0137,1
CAND08885,SK0096,1
CAND10683,SK0249,4
CAND10124,SK0272,4
CAND10712,SK0182,5
CAND05951,SK0162,5
CAND08700,SK0106,5
CAND03539,SK0033,4
CAND00574,SK0063,1
CAND03664,SK0023,3
CAND10296,SK0300,5
CAND01159,SK0125,2
CAND08851,SK0115,2
CAND11432,SK0287,2
CAND02090,SK0118,4
CAND10225,SK0240,3
CAND00349,SK0104,3
CAND00047,SK0073,2
CAND07257,SK0136,4
CAND13882,SK0062,3
CAND12120,SK0009,5
CAND01118,SK0251,2
CAND08170,SK0116,3
CAND08803,SK0071,4
CAND12539,SK0231,2
CAND10224,SK0034,5
CAND04461,SK0274,4
CAND09212,SK0134,1
CAND14367,SK0041,2
CAND03767,SK0241,2
CAND02777,SK0190,1
CAND02604,SK0293,2
CAND04132,SK0136,4
CAND12835,SK0086,4
CAND07377,SK0238,3
CAND09197,SK0061,2
CAND05557,SK0135,2
CAND08771,SK0014,3
CAND10475,SK0057,3
CAND09374,SK0244,2
CAND10988,SK0054,2
CAND01320,SK0270,3
CAND14035,SK0198,3
CAND02888,SK0294,4
CAND02369,SK0293,3
CAND01588,SK0232,5
CAND08096,SK0143,3
CAND01252,SK0048,5
CAND14664,SK0164,1
CAND11057,SK0161,2
CAND08648,SK0254,1
CAND14115,SK0150,3
CAND07549,SK0008,5
CAND08534,SK0230,5
CAND06919,SK0022,5
CAND02836,SK0212,4
CAND06491,SK0111,1
CAND13092,SK0171,3
CAND13630,SK0190,4
CAND01698,SK0277,1
CAND05677,SK0171,3
CAND04127,SK0054,1
CAND13121,SK0010,1
CAND12872,SK0181,2
CAND14682,SK0236,1
CAND08640,SK0095,4
CAND06871,SK0067,5
CAND01487,SK0126,1
CAND00074,SK0200,2
CAND01581,SK0152,2
CAND05247,SK0182,2
CAND03016,SK0237,2
CAND06416,SK0201,4
CAND04087,SK0072,1
CAND07156,SK0186,2
CAND03211,SK0050,4
CAND08350,SK0103,4
CAND13102,SK0043,5
CAND02266,SK0046,4
CAND11312,SK0046,5
CAND06326,SK0211,2
CAND10017,SK0173,1
CAND06473,SK0217,3
CAND01494,SK0292,4
CAND04205,SK0260,2
CAND09666,SK0180,4
CAND03646,SK0020,1
CAND01609,SK0287,3
CAND09389,SK0264,3
CAND05768,SK0073,2
CAND06130,SK0054,5
CAND03568,SK0120,5
CAND03355,SK0214,3
CAND01745,SK0084,1
CAND05258,SK0248,4
CAND03512,SK0200,3
CAND10869,SK0137,3
CAND11065,SK0287,2
CAND05270,SK0191,3
CAND14198,SK0214,3
CAND02699,SK0197,3
CAND14379,SK0098,3
CAND00084,SK0143,1
CAND02125,SK0017,5
CAND14329,SK0087,5
CAND13552,SK0162,4
CAND09503,SK0196,2
CAND02197,SK0028,4
CAND12803,SK0136,1
CAND03559,SK0263,5
CAND10678,SK0149,4
CAND01728,SK0147,5
CAND13380,SK0163,5
CAND10869,SK0093,3
CAND01705,SK0110,2
CAND07852,SK0057,1
CAND06677,SK0085,4
CAND09133,SK0032,3
CAND02311,SK0135,5
CAND06698,SK0143,2
CAND03534,SK0105,4
CAND07532,SK0088,2
CAND05856,SK0151,5
CAND13164,SK0275,1
CAND00709,SK0152,5
CAND06840,SK0220,3
CAND09869,SK0068,1
CAND10032,SK0226,1
CAND00227,SK0083,1
CAND04641,SK0197,3
CAND00274,SK0102,2
CAND12899,SK0223,3
CAND08760,SK0010,4
CAND12542,SK0013,4
CAND14857,SK0199,3
CAND08223,SK0078,4
CAND00153,SK0049,2
CAND14092,SK0293,2
CAND07288,SK0290,2
CAND04284,SK0077,4
CAND08244,SK0096,5
CAND07405,SK0194,5
CAND09083,SK0197,4
CAND12886,SK0094,2
CAND08665,SK0280,3
CAND14407,SK0163,2
CAND08903,SK0054,5
CAND03866,SK0288,4
CAND07196,SK0168,2
CAND04594,SK0019,1
CAND02128,SK0231,4
CAND02415,SK0238,4
CAND14971,SK0101,2
CAND02334,SK0038,3
CAND14145,SK0188,5
CAND12387,SK0078,4
CAND12193,SK0204,3
CAND14175,SK0223,4
CAND06668,SK0170,5
CAND13045,SK0037,2
CAND04339,SK0106,2
CAND01798,SK0257,4
CAND14276,SK0024,2
CAND07453,SK0253,4
CAND05709,SK0273,5
CAND00765,SK0233,5
CAND00958,SK0162,3
CAND13774,SK0088,1
CAND04900,SK0266,3
CAND04176,SK0148,3
CAND01749,SK0222,3
CAND12230,SK0161,2
CAND14791,SK0251,5
CAND10239,SK0163,3
CAND12183,SK0165,2
CAND14059,SK0119,4
CAND12919,SK0106,2
CAND01524,SK0004,5
CAND13009,SK0062,3
CAND01954,SK0227,1
CAND07941,SK0158,3
CAND01079,SK0215,4
CAND02434,SK0226,2
CAND11300,SK0118,1
CAND02524,SK0200,2
CAND10422,SK0042,3
CAND00169,SK0072,4
CAND03597,SK0100,1
CAND01206,SK0202,4
CAND07866,SK0050,2
CAND12994,SK0175,2
CAND12599,SK0108,4
CAND03295,SK0250,4
CAND01790,SK0094,3
CAND05669,SK0228,4
CAND01376,SK0215,3
CAND00616,SK0100,1
CAND03444,SK0223,5
CAND01118,SK0116,1
CAND08110,SK0219,5
CAND01180,SK0088,2
CAND10725,SK0139,1
CAND07686,SK0097,5
CAND14940,SK0290,1
CAND06730,SK0263,4
CAND10670,SK0186,4
CAND03022,SK0154,4
CAND03736,SK0220,3
CAND00626,SK0068,3
CAND12660,SK0209,4
CAND02186,SK0218,5
CAND06093,SK0223,2
CAND05627,SK0148,3
CAND10417,SK0095,3
CAND04086,SK0107,5
CAND09219,SK0160,4
CAND12509,SK0279,2
CAND14493,SK0174,3
CAND14110,SK0079,5
CAND04502,SK0111,3
CAND03418,SK0093,2
CAND04676,SK0262,3
CAND14156,SK0062,1
CAND01153,SK0245,4
CAND10354,SK0176,4
CAND02052,SK0013,4
CAND02394,SK0092,2
CAND13262,SK0146,1
CAND04346,SK0263,3
CAND07721,SK0156,5
CAND00851,SK0229,2
CAND04213,SK0218,1
CAND04835,SK0047,5
CAND02091,SK0036,3
CAND11855,SK0159,5
CAND05489,SK0204,3
CAND11190,SK0185,5
CAND02519,SK0175,5
CAND12486,SK0258,2
CAND06563,SK0119,1
CAND12452,SK0296,2
CAND02711,SK0108,3
CAND04476,SK0139,1
CAND09162,SK0163,3
CAND05679,SK0016,2
CAND12195,SK0164,1
CAND05212,SK0171,1
CAND02646,SK0256,1
CAND12332,SK0217,3
CAND14494,SK0070,4
CAND00929,SK0273,2
CAND08501,SK0212,2
CAND04687,SK0031,4
CAND11573,SK0230,1
CAND06785,SK0038,2
CAND07997,SK0023,2
CAND05972,SK0267,4
CAND01251,SK0032,5
CAND11635,SK0241,2
CAND06930,SK0252,5
CAND05773,SK0200,3
CAND02252,SK0007,1
CAND07696,SK0237,2
CAND05700,SK0228,2
CAND07115,SK0291,4
CAND10767,SK0298,5
CAND13547,SK0143,4
CAND14856,SK0230,4
CAND02943,SK0051,3
CAND08358,SK0043,3
CAND03163,SK0086,3
CAND05187,SK0196,5
CAND10176,SK0219,3
CAND04847,SK0011,2
CAND14762,SK0219,2
CAND01944,SK0111,1
CAND03545,SK0023,2
CAND02354,SK0120,2
CAND04608,SK0108,4
CAND00290,SK0080,2
CAND14906,SK0111,1
CAND12393,SK0112,3
CAND01721,SK0087,4
CAND05061,SK0166,4
CAND02292,SK0266,1
CAND04676,SK0062,4
CAND04103,SK0172,1
CAND14874,SK0193,2
CAND14106,SK0081,2
CAND04421,SK0289,3
CAND02680,SK0207,1
CAND10040,SK0020,3
CAND11158,SK0226,2
CAND00016,SK0002,1
CAND06952,SK0248,1
CAND09538,SK0227,5
CAND13061,SK0108,3
CAND01368,SK0070,2
CAND05296,SK0058,1
CAND08921,SK0050,4
CAND09271,SK0156,2
CAND07203,SK0124,3
CAND00031,SK0291,1
CAND11455,SK0158,3
CAND02214,SK0082,4
CAND02466,SK0166,4
CAND06921,SK0141,4
CAND06225,SK0121,4
CAND01978,SK0265,5
CAND01877,SK0189,5
CAND08820,SK0275,5
CAND01697,SK0238,4
CAND07359,SK0041,2
CAND06155,SK0241,2
CAND10703,SK0148,3
CAND02167,SK0100,3
CAND00221,SK0274,3
CAND12963,SK0281,1
CAND11415,SK0041,2
CAND06746,SK0029,5
CAND05673,SK0208,4
CAND11145,SK0191,2
CAND06829,SK0138,5
CAND07046,SK0181,2
CAND02214,SK0160,1
CAND02751,SK0002,4
CAND05488,SK0277,4
CAND05530,SK0128,2
CAND07172,SK0210,2
CAND03687,SK0257,3
CAND04651,SK0267,3
CAND00388,SK0150,2
CAND10724,SK0229,1
CAND03715,SK0280,1
CAND08463,SK0272,2
CAND02075,SK0255,3
CAND06325,SK0070,1
CAND01119,SK0241,4
CAND01250,SK0293,1
CAND01434,SK0008,2
CAND09523,SK0287,2
CAND07528,SK0009,2
CAND14892,SK0026,4
CAND11774,SK0289,2
CAND00854,SK0082,2
CAND11649,SK0259,1
CAND11277,SK0281,3
CAND13236,SK0172,5
CAND07290,SK0259,1
CAND00445,SK0072,2
CAND06591,SK0013,1
CAND06286,SK0035,3
CAND07271,SK0124,2
CAND06744,SK0156,2
CAND14093,SK0291,5
CAND01330,SK0136,5
CAND12004,SK0290,1
CAND08758,SK0101,4
CAND01190,SK0238,4
CAND12806,SK0238,1
CAND04315,SK0258,2
CAND05142,SK0073,4
CAND05356,SK0013,1
CAND06120,SK0266,5
CAND04987,SK0291,5
CAND07224,SK0229,4
CAND14434,SK0106,4
CAND06033,SK0112,4
CAND04130,SK0127,5
CAND01968,SK0156,5
CAND01167,SK0232,3
CAND03608,SK0285,4
CAND00354,SK0269,2
CAND14674,SK0186,5
CAND04619,SK0130,3
CAND06331,SK0108,5
CAND05400,SK0296,5
CAND07687,SK0112,5
CAND12768,SK0268,5
CAND14014,SK0013,3
CAND14074,SK0122,1
CAND13468,SK0128,2
CAND02899,SK0036,4
CAND09573,SK0233,5
CAND02677,SK0073,4
CAND14195,SK0096,3
CAND11096,SK0125,5
CAND14029,SK0212,1
CAND03847,SK0088,5
CAND09387,SK0092,3
CAND01819,SK0134,2
CAND14609,SK0233,5
CAND01560,SK0205,3
CAND01597,SK0008,5
CAND02640,SK0129,3
CAND08792,SK0270,1
CAND14359,SK0048,1
CAND09644,SK0272,3
CAND01961,SK0202,2
CAND09866,SK0259,2
CAND12797,SK0116,5
CAND06058,SK0102,5
CAND09648,SK0153,3
CAND10187,SK0171,2
CAND04483,SK0287,3
CAND03722,SK0135,3
CAND00240,SK0051,1
CAND02408,SK0106,4
CAND11042,SK0173,4
CAND09527,SK0152,1
CAND13662,SK0057,2
CAND12003,SK0224,2
CAND00933,SK0163,2
CAND05923,SK0146,4
CAND08547,SK0163,3
CAND12527,SK0244,5
CAND06672,SK0074,3
CAND12186,SK0019,4
CAND10280,SK0011,1
CAND02436,SK0282,3
CAND09400,SK0123,4
CAND08400,SK0043,4
CAND04073,SK0147,4
CAND14706,SK0176,3
CAND14093,SK0186,4
CAND02118,SK0255,2
CAND03758,SK0072,3
CAND01905,SK0260,2
CAND14568,SK0044,2
CAND14676,SK0288,3
CAND09417,SK0009,4
CAND11687,SK0282,5
CAND06181,SK0205,1
CAND01853,SK0180,2
CAND04425,SK0070,1
CAND06976,SK0277,4
CAND14801,SK0265,3
CAND12904,SK0028,1
CAND13666,SK0005,1
CAND13685,SK0213,4
CAND10694,SK0044,1
CAND01226,SK0046,2
CAND00714,SK0005,5
CAND10438,SK0183,4
CAND04346,SK0136,4
CAND09261,SK0009,4
CAND07065,SK0148,3
CAND06032,SK0028,2
CAND11557,SK0083,3
CAND12295,SK0103,4
CAND06262,SK0290,2
CAND14558,SK0073,5
CAND08279,SK0265,1
CAND02308,SK0086,5
CAND00220,SK0102,3
CAND11157,SK0130,4
CAND10135,SK0025,2
CAND12034,SK0164,4
CAND09911,SK0027,1
CAND14789,SK0279,5
CAND02313,SK0047,1
CAND02702,SK0238,5
CAND03691,SK0145,2
CAND14860,SK0151,1
CAND12063,SK0192,2
CAND01146,SK0175,2
CAND10331,SK0240,2
CAND04742,SK0029,4
CAND11294,SK0174,1
CAND08660,SK0299,4
CAND07403,SK0115,5
CAND11074,SK0202,5
CAND03345,SK0151,2
CAND08224,SK0186,5
CAND13023,SK0256,4
CAND08219,SK0236,3
CAND14194,SK0096,2
CAND06829,SK0168,1
CAND02951,SK0128,1
CAND00400,SK0046,3
CAND06656,SK0028,3
CAND01437,SK0280,4
CAND00736,SK0149,5
CAND13374,SK0127,1
CAND08556,SK0258,5
CAND12673,SK0064,2
CAND04419,SK0078,5
CAND06064,SK0059,4
CAND11022,SK0130,3
CAND04224,SK0266,2
CAND10172,SK0070,2
CAND00681,SK0132,2
CAND13112,SK0107,1
CAND09613,SK0201,4
CAND00796,SK0105,3
CAND01400,SK0260,1
CAND11768,SK0099,1
CAND14844,SK0195,4
CAND07611,SK0057,3
CAND11820,SK0179,2
CAND01903,SK0016,1
CAND05628,SK0044,2
CAND05474,SK0020,5
CAND05696,SK0299,2
CAND13799,SK0087,5
CAND07880,SK0089,1
CAND07255,SK0189,1
CAND07594,SK0024,2
CAND02184,SK0014,4
CAND06614,SK0029,5
CAND07822,SK0010,2
CAND00678,SK0153,3
CAND11928,SK0223,1
CAND03366,SK0035,3
CAND07440,SK0226,3
CAND11667,SK0252,5
CAND01492,SK0294,5
CAND03338,SK0217,5
CAND13645,SK0206,2
CAND13333,SK0073,1
CAND02257,SK0072,5
CAND02797,SK0231,5
CAND04460,SK0115,1
CAND11105,SK0273,2
CAND09304,SK0111,1
CAND04111,SK0297,4
CAND14968,SK0262,5
CAND07773,SK0139,2
CAND14478,SK0232,5
CAND01371,SK0131,5
CAND03438,SK0033,5
CAND10827,SK0021,4
CAND10812,SK0134,1
CAND07898,SK0271,5
CAND01115,SK0216,2
CAND12868,SK0040,3
CAND07557,SK0172,4
CAND03629,SK0268,2
CAND00596,SK0286,1
CAND09970,SK0109,5
CAND06432,SK0271,3
CAND02315,SK0066,3
CAND07383,SK0070,1
CAND00783,SK0018,3
CAND08418,SK0049,4
CAND03320,SK0109,5
CAND09034,SK0159,1
CAND00802,SK0010,1
CAND03748,SK0165,2
CAND05575,SK0013,5
CAND12065,SK0129,2
CAND10711,SK0174,4
CAND14972,SK0037,1
CAND08238,SK0062,2
CAND06055,SK0256,4
CAND08177,SK0208,1
CAND09235,SK0252,1
CAND13835,SK0172,1
CAND08390,SK0190,5
CAND14125,SK0106,1
CAND11077,SK0213,1
CAND06199,SK0234,4
CAND02373,SK0015,5
CAND01729,SK0008,2
CAND01127,SK0228,5
CAND13627,SK0252,1
CAND07675,SK0287,5
CAND00385,SK0150,5
CAND06847,SK0151,4
CAND05824,SK0262,1
CAND05241,SK0007,3
CAND11707,SK0146,4
CAND12347,SK0239,3
CAND11664,SK0191,4
CAND06130,SK0147,1
CAND06089,SK0082,5
CAND03178,SK0219,4
CAND11637,SK0041,3
CAND06500,SK0092,4
CAND10076,SK0188,4
CAND13294,SK0081,5
CAND04600,SK0053,4
CAND00447,SK0108,2
CAND13641,SK0103,4
CAND10181,SK0201,2
CAND11566,SK0059,4
CAND10594,SK0088,5
CAND12591,SK0298,3
CAND11415,SK0110,2
CAND12266,SK0013,5
CAND09073,SK0005,1
CAND14177,SK0013,1
CAND07785,SK0175,4
CAND05487,SK0061,4
CAND00379,SK0112,1
CAND13898,SK0171,4
CAND03014,SK0274,5
CAND03753,SK0146,1
CAND00366,SK0173,5
CAND12648,SK0191,4
CAND07551,SK0089,1
CAND06939,SK0162,4
CAND05166,SK0019,1
CAND03284,SK0005,2
CAND12063,SK0157,2
CAND09419,SK0001,3
CAND00812,SK0295,4
CAND14860,SK0195,4
CAND04166,SK0076,1
CAND14922,SK0040,2
CAND00811,SK0112,1
CAND10045,SK0105,4
CAND08019,SK0236,1
CAND01141,SK0098,3
CAND06738,SK0145,1
CAND02654,SK0206,1
CAND14255,SK0042,4
CAND08777,SK0082,4
CAND11864,SK0133,3
CAND13786,SK0136,3
CAND03476,SK0015,5
CAND09924,SK0199,2
CAND04243,SK0066,2
CAND13242,SK0075,3
CAND04472,SK0057,4
CAND13176,SK0096,5
CAND14110,SK0233,4
CAND09781,SK0278,5
CAND10425,SK0111,1
CAND11967,SK0238,3
CAND01528,SK0039,1
CAND01324,SK0099,2
CAND08999,SK0027,5
CAND10142,SK0195,2
CAND07804,SK0060,4
CAND11438,SK0150,1
CAND05317,SK0277,1
CAND04116,SK0103,5
CAND11712,SK0017,4
CAND14137,SK0262,4
CAND12296,SK0143,1
CAND05362,SK0228,2
CAND11033,SK0036,4
CAND01832,SK0130,2
CAND04955,SK0265,3
CAND06170,SK0003,4
CAND07087,SK0178,5
CAND11577,SK0228,5
CAND08853,SK0226,3
CAND09586,SK0184,2
CAND09111,SK0120,3
CAND13506,SK0100,1
CAND14089,SK0213,1
CAND12657,SK0050,1
CAND03116,SK0292,4
CAND11288,SK0093,5
CAND06397,SK0012,4
CAND05913,SK0066,5
CAND00570,SK0273,3
CAND00688,SK0089,5
CAND10649,SK0216,1
CAND11832,SK0025,2
CAND09613,SK0282,3
CAND04919,SK0117,4
CAND11328,SK0207,2
CAND12680,SK0007,1
CAND07661,SK0033,2
CAND14409,SK0143,4
CAND08826,SK0198,3
CAND11688,SK0041,4
CAND01532,SK0120,1
CAND02613,SK0265,1
CAND09351,SK0093,1
CAND12060,SK0136,3
CAND06610,SK0225,1
CAND04255,SK0202,3
CAND12427,SK0239,1
CAND02009,SK0242,1
CAND06524,SK0145,3
CAND04569,SK0030,3
CAND00896,SK0080,3
CAND07733,SK0242,3
CAND04106,SK0079,3
CAND10800,SK0092,1
CAND07330,SK0010,3
CAND14648,SK0141,2
CAND07476,SK0272,4
CAND10524,SK0189,1
CAND12187,SK0111,3
CAND13157,SK0027,4
CAND12574,SK0049,3
CAND14285,SK0233,4
CAND12005,SK0026,3
CAND02765,SK0086,1
CAND01079,SK0250,4
CAND11642,SK0223,5
CAND11348,SK0172,5
CAND04044,SK0115,2
CAND00056,SK0291,3
CAND09143,SK0117,5
CAND05000,SK0120,1
CAND02391,SK0170,4
CAND14442,SK0274,1
CAND04790,SK0048,4
CAND08766,SK0108,3
CAND00617,SK0038,5
CAND12934,SK0268,5
CAND10749,SK0026,3
CAND05357,SK0067,4
CAND10855,SK0257,3
CAND10541,SK0118,1
CAND07186,SK0037,3
CAND10430,SK0107,5
CAND06614,SK0254,3
CAND00223,SK0095,3
CAND05287,SK0015,2
CAND08191,SK0235,5
CAND13526,SK0113,3
CAND06317,SK0093,5
CAND12542,SK0083,2
CAND02061,SK0270,4
CAND11358,SK0290,4
CAND06548,SK0086,3
CAND00805,SK0103,3
CAND02081,SK0131,5
CAND14497,SK0174,5
CAND00599,SK0102,1
CAND05006,SK0290,3
CAND02168,SK0102,2
CAND14527,SK0258,2
CAND10292,SK0233,5
CAND12581,SK0250,2
CAND03654,SK0128,4
CAND03542,SK0271,2
CAND09956,SK0202,4
CAND11554,SK0162,5
CAND02605,SK0208,3
CAND10932,SK0186,4
CAND06066,SK0162,1
CAND03783,SK0176,4
CAND00124,SK0105,4
CAND01626,SK0204,5
CAND06512,SK0276,3
CAND00425,SK0075,4
CAND08289,SK0092,4
CAND14307,SK0250,1
CAND12913,SK0254,4
CAND12225,SK0125,1
CAND07516,SK0188,4
CAND08701,SK0239,4
CAND14415,SK0286,2
CAND01476,SK0020,1
CAND07355,SK0004,3
CAND05444,SK0013,1
CAND08729,SK0039,4
CAND13424,SK0146,4
CAND05461,SK0263,1
CAND04069,SK0069,1
CAND11196,SK0212,5
CAND01205,SK0267,3
CAND06977,SK0014,4
CAND02329,SK0130,4
CAND06880,SK0103,5
CAND13234,SK0242,3
CAND08269,SK0063,1
CAND12312,SK0123,4
CAND12972,SK0127,2
CAND09064,SK0121,4
CAND01890,SK0073,2
CAND12774,SK0211,2
CAND03038,SK0249,4
CAND06136,SK0099,5
CAND05074,SK0264,3
CAND05853,SK0088,5
CAND10769,SK0015,2
CAND10146,SK0096,1
CAND05618,SK0163,3
CAND00758,SK0290,1
CAND10840,SK0230,3
CAND04672,SK0060,4
CAND03122,SK0148,4
CAND04364,SK0176,1
CAND08019,SK0077,4
CAND14846,SK0273,2
CAND10043,SK0115,5
CAND11623,SK0187,5
CAND08896,SK0292,1
CAND13201,SK0136,2
CAND14402,SK0227,3
CAND05568,SK0098,5
CAND12389,SK0067,2
CAND04643,SK0066,3
CAND03088,SK0026,1
CAND02617,SK0035,2
CAND02639,SK0230,3
CAND04400,SK0160,1
CAND07526,SK0186,5
CAND02537,SK0163,5
CAND09771,SK0243,5
CAND11327,SK0218,2
CAND09411,SK0113,1
CAND02954,SK0203,3
CAND02364,SK0120,2
CAND09121,SK0238,1
CAND10988,SK0254,1
CAND03585,SK0239,1
CAND06461,SK0040,1
CAND11591,SK0074,1
CAND01004,SK0011,5
CAND14279,SK0120,5
CAND01964,SK0147,5
CAND06903,SK0183,4
CAND11643,SK0214,5
CAND07791,SK0021,4
CAND13487,SK0260,4
CAND05583,SK0055,1
CAND00222,SK0282,1
CAND13185,SK0212,3
CAND11956,SK0212,3
CAND14439,SK0028,1
CAND03885,SK0161,1
CAND11368,SK0092,2
CAND08523,SK0095,5
CAND06748,SK0296,5
CAND06503,SK0276,4
CAND09485,SK0032,3
CAND03656,SK0198,3
CAND07898,SK0166,5
CAND08284,SK0207,5
CAND06494,SK0088,4
CAND04268,SK0250,2
CAND00672,SK0037,2
CAND01479,SK0017,3
CAND13758,SK0243,2
CAND07032,SK0199,2
CAND07025,SK0231,5
CAND00634,SK0071,5
CAND06786,SK0072,5
CAND06228,SK0180,4
CAND06732,SK0299,5
CAND00132,SK0214,5
CAND07571,SK0270,3
CAND03669,SK0287,5
CAND07081,SK0110,5
CAND12915,SK0116,2
CAND13198,SK0297,4
CAND00696,SK0196,2
CAND07195,SK0294,4
CAND03364,SK0046,2
CAND12681,SK0268,5
CAND00903,SK0013,4
CAND00405,SK0171,4
CAND13649,SK0126,4
CAND11840,SK0299,4
CAND01482,SK0064,5
CAND04127,SK0187,3
CAND10945,SK0183,5
CAND14246,SK0065,1
CAND13774,SK0227,3
CAND05721,SK0136,3
CAND13160,SK0266,3
CAND00252,SK0122,5
CAND14476,SK0288,5
CAND09344,SK0222,4
CAND10486,SK0169,3
CAND00756,SK0017,2
CAND01336,SK0164,4
CAND01999,SK0097,2
CAND00170,SK0060,5
CAND04546,SK0010,1
CAND06143,SK0189,1
CAND06015,SK0071,4
CAND02879,SK0016,4
CAND11852,SK0001,2
CAND05259,SK0220,2
CAND01295,SK0164,2
CAND01215,SK0061,3
CAND05408,SK0204,3
CAND03074,SK0077,1
CAND12767,SK0210,3
CAND05672,SK0244,2
CAND09299,SK0089,5
CAND01231,SK0249,4
CAND01544,SK0219,1
CAND00496,SK0295,3
CAND03789,SK0028,5
CAND09033,SK0186,2
CAND12367,SK0138,4
CAND10492,SK0200,2
CAND09845,SK0122,3
CAND11069,SK0220,1
CAND00436,SK0274,5
CAND13573,SK0015,3
CAND02598,SK0287,4
CAND05317,SK0050,1
CAND02137,SK0189,2
CAND08854,SK0199,3
CAND05836,SK0121,5
CAND12021,SK0068,1
CAND06656,SK0197,1
CAND12090,SK0141,2
CAND11250,SK0197,4
CAND11082,SK0044,3
CAND09588,SK0137,1
CAND07744,SK0280,4
CAND13093,SK0009,3
CAND06388,SK0298,1
CAND13049,SK0194,5
CAND09801,SK0015,3
CAND09491,SK0243,5
CAND10829,SK0041,2
CAND03728,SK0020,1
CAND00134,SK0047,1
CAND08750,SK0167,2
CAND02008,SK0154,5
CAND09740,SK0066,5
CAND13481,SK0211,3
CAND12347,SK0161,2
CAND02324,SK0202,5
CAND13400,SK0209,5
CAND08946,SK0081,4
CAND03483,SK0242,5
CAND11496,SK0057,3
CAND11526,SK0191,1
CAND04477,SK0253,3
CAND11894,SK0042,4
CAND10880,SK0064,5
CAND13867,SK0173,1
CAND04159,SK0297,5
CAND04640,SK0187,3
CAND06937,SK0069,1
CAND00528,SK0030,4
CAND11205,SK0239,5
CAND08641,SK0098,3
CAND12737,SK0119,3
CAND10283,SK0063,3
CAND12858,SK0116,5
CAND12626,SK0189,1
CAND10073,SK0177,3
CAND05600,SK0106,1
CAND12079,SK0229,4
CAND01140,SK0014,4
CAND00788,SK0221,3
CAND07957,SK0274,3
CAND08875,SK0295,3
CAND08123,SK0076,2
CAND09460,SK0053,1
CAND09319,SK0226,1
CAND05216,SK0259,5
CAND12358,SK0201,2
CAND08467,SK0265,4
CAND00021,SK0047,3
CAND04800,SK0213,5
CAND03829,SK0200,1
CAND04577,SK0037,2
CAND09343,SK0295,4
CAND07254,SK0260,1
CAND08349,SK0275,5
CAND08683,SK0002,2
CAND03494,SK0240,2
CAND09890,SK0300,3
CAND09109,SK0086,3
CAND08987,SK0071,1
CAND14351,SK0254,5
CAND10092,SK0008,5
CAND11375,SK0177,4
CAND00113,SK0109,5
CAND09001,SK0262,3
CAND09837,SK0109,3
CAND12525,SK0009,4
CAND13307,SK0074,4
CAND08379,SK0060,5
CAND06188,SK0080,3
CAND03435,SK0233,4
CAND06063,SK0160,2
CAND03867,SK0111,5
CAND02360,SK0261,1
CAND11924,SK0231,4
CAND03357,SK0104,2
CAND00948,SK0153,1
CAND01995,SK0166,1
CAND04800,SK0266,3
CAND14486,SK0183,3
CAND07071,SK0242,5
CAND14831,SK0262,1
CAND10590,SK0230,1
CAND04053,SK0213,5
CAND08656,SK0113,4
CAND06728,SK0054,5
CAND09147,SK0227,5
CAND13619,SK0158,3
CAND02595,SK0070,5
CAND12400,SK0102,2
CAND06765,SK0010,5
CAND12833,SK0229,5
CAND10998,SK0238,1
CAND07087,SK0017,4
CAND01123,SK0189,5
CAND13139,SK0093,3
CAND11025,SK0125,3
CAND04185,SK0053,4
CAND09068,SK0111,2
CAND10632,SK0085,4
CAND02704,SK0007,3
CAND09803,SK0255,5
CAND05621,SK0183,3
CAND07442,SK0110,5
CAND00920,SK0106,1
CAND11860,SK0179,4
CAND08173,SK0057,1
CAND07540,SK0292,5
CAND07968,SK0157,4
CAND09846,SK0234,5
CAND10326,SK0216,2
CAND09135,SK0121,3
CAND05363,SK0047,2
CAND05932,SK0274,3
CAND01209,SK0152,1
CAND03276,SK0217,1
CAND08239,SK0142,4
CAND14952,SK0206,2
CAND08618,SK0261,1
CAND14780,SK0059,3
CAND01086,SK0024,1
CAND14604,SK0181,4
CAND14783,SK0167,2
CAND14193,SK0253,1
CAND06552,SK0075,4
CAND13496,SK0048,1
CAND05318,SK0088,5
CAND12759,SK0273,2
CAND10356,SK0207,3
CAND08734,SK0294,5
CAND05734,SK0136,1
CAND14505,SK0046,4
CAND07589,SK0159,2
CAND13572,SK0210,3
CAND04349,SK0272,3
CAND07696,SK0114,4
CAND11032,SK0129,4
CAND06157,SK0115,5
CAND02514,SK0034,1
CAND08920,SK0140,3
CAND12858,SK0122,5
CAND12013,SK0200,2
CAND01003,SK0050,5
CAND11065,SK0032,3
CAND14071,SK0272,4
CAND03701,SK0227,5
CAND14672,SK0088,5
CAND09986,SK0220,1
CAND10241,SK0147,3
CAND13325,SK0176,4
CAND00436,SK0274,1
CAND14263,SK0182,4
CAND13227,SK0064,2
CAND01081,SK0120,3
CAND12436,SK0161,4
CAND07104,SK0144,1
CAND00586,SK0134,2
CAND07075,SK0140,4
CAND12892,SK0224,4
CAND05942,SK0149,4
CAND08426,SK0133,1
CAND08761,SK0219,4
CAND10643,SK0220,2
CAND13015,SK0273,5
CAND03131,SK0144,1
CAND13988,SK0279,4
CAND01889,SK0238,3
CAND10219,SK0151,3
CAND06408,SK0107,1
CAND09548,SK0138,4
CAND03048,SK0118,2
CAND05134,SK0174,1
CAND05367,SK0168,2
CAND09860,SK0063,5
CAND07878,SK0046,2
CAND05556,SK0265,2
CAND08879,SK0169,1
CAND00532,SK0122,4
CAND03455,SK0218,2
CAND10162,SK0232,4
CAND13615,SK0131,3
CAND05175,SK0034,1
CAND07769,SK0134,3
CAND12819,SK0018,5
CAND08223,SK0102,4
CAND00425,SK0116,4
CAND08199,SK0115,3
CAND03794,SK0078,4
CAND00242,SK0081,3
CAND11424,SK0095,2
CAND02523,SK0147,5
CAND06703,SK0039,1
CAND06262,SK0016,5
CAND09957,SK0110,2
CAND09644,SK0274,5
CAND03974,SK0092,2
CAND09661,SK0078,2
CAND06784,SK0022,4
CAND06057,SK0031,5
CAND01291,SK0285,5
CAND05851,SK0251,2
CAND03341,SK0137,2
CAND04033,SK0078,3
CAND03888,SK0226,5
CAND04081,SK0101,4
CAND00983,SK0120,2
CAND11215,SK0179,3
CAND05378,SK0217,2
CAND06676,SK0153,2
CAND01832,SK0173,4
CAND12121,SK0146,4
CAND06697,SK0247,4
CAND01451,SK0215,5
CAND12668,SK0198,1
CAND09332,SK0120,3
CAND02153,SK0181,3
CAND14816,SK0108,5
CAND11867,SK0004,3
CAND07270,SK0199,2
CAND07898,SK0297,3
CAND01337,SK0042,4
CAND02326,SK0105,3
CAND03585,SK0151,5
CAND14809,SK0088,1
CAND00651,SK0147,3
CAND00564,SK0146,3
CAND05884,SK0058,4
CAND04496,SK0211,4
CAND07317,SK0239,3
CAND01323,SK0293,3
CAND00599,SK0250,3
CAND12260,SK0091,5
CAND07763,SK0140,1
CAND14122,SK0049,3
CAND06333,SK0047,5
CAND14806,SK0081,3
CAND08875,SK0168,2
CAND10165,SK0212,3
CAND04626,SK0014,1
CAND01962,SK0098,3
CAND03780,SK0134,5
CAND12048,SK0076,5
CAND03394,SK0024,4
CAND14304,SK0251,2
CAND01148,SK0181,4
CAND13442,SK0141,2
CAND00354,SK0279,4
CAND00011,SK0195,2
CAND11899,SK0268,4
CAND07820,SK0268,1
CAND00248,SK0042,3
CAND11953,SK0230,3
CAND01972,SK0046,5
CAND06472,SK0268,2
CAND01691,SK0059,4
CAND13074,SK0224,3
CAND11862,SK0144,3
CAND03134,SK0132,3
CAND11294,SK0145,4
CAND02201,SK0119,4
CAND03790,SK0211,4
CAND02391,SK0149,5
CAND13629,SK0243,1
CAND06187,SK0124,4
CAND12616,SK0028,1
CAND11054,SK0209,1
CAND02973,SK0225,5
CAND11269,SK0182,4
CAND04734,SK0166,4
CAND02211,SK0058,1
CAND03110,SK0056,2
CAND02845,SK0161,5
CAND00588,SK0153,5
CAND14889,SK0209,5
CAND02914,SK0140,4
CAND03283,SK0192,1
CAND07457,SK0153,2
CAND02381,SK0147,3
CAND00790,SK0150,3
CAND10267,SK0126,3
CAND04328,SK0201,1
CAND11528,SK0276,2
CAND13447,SK0029,4
CAND04986,SK0228,2
CAND06368,SK0026,3
CAND10876,SK0112,2
CAND11523,SK0197,5
CAND11610,SK0123,4
CAND02757,SK0293,5
CAND00800,SK0233,2
CAND09331,SK0125,1
CAND02046,SK0059,2
CAND04186,SK0143,4
CAND04049,SK0049,5
CAND03181,SK0255,4
CAND08437,SK0068,4
CAND11718,SK0063,2
CAND05892,SK0269,5
CAND08871,SK0092,4
CAND11954,SK0255,1
CAND00680,SK0105,4
CAND11811,SK0005,1
CAND13099,SK0273,1
CAND12804,SK0149,1
CAND12040,SK0129,4
CAND12349,SK0224,2
CAND03128,SK0298,5
CAND05024,SK0002,3
CAND05885,SK0199,5
CAND01415,SK0207,2
CAND04032,SK0047,3
CAND04421,SK0045,3
CAND01906,SK0103,2
CAND14928,SK0278,4
CAND03252,SK0104,5
CAND10193,SK0116,2
CAND11855,SK0230,2
CAND02696,SK0163,3
CAND04503,SK0092,4
CAND11420,SK0265,4
CAND03739,SK0067,3
CAND05165,SK0031,4
CAND11121,SK0085,5
CAND10306,SK0011,2
CAND00640,SK0031,4
CAND12556,SK0129,5
CAND12692,SK0238,2
CAND07617,SK0240,4
CAND06542,SK0052,2
CAND14175,SK0296,5
CAND05919,SK0231,2
CAND06673,SK0255,3
CAND09521,SK0182,4
CAND04775,SK0236,2
CAND06043,SK0048,1
CAND10069,SK0042,2
CAND12467,SK0263,5
CAND01655,SK0002,5
CAND11998,SK0048,2
CAND10752,SK0286,1
CAND09395,SK0107,5
CAND14875,SK0178,4
CAND11583,SK0242,2
CAND02058,SK0272,3
CAND04527,SK0039,5
CAND05745,SK0069,1
CAND09514,SK0203,1
CAND12150,SK0033,1
CAND04553,SK0155,4
CAND10995,SK0118,4
CAND08400,SK0150,4
CAND08656,SK0065,3
CAND05210,SK0099,2
CAND13181,SK0094,3
CAND12789,SK0060,4
CAND00632,SK0203,1
CAND05233,SK0226,2
CAND04273,SK0263,5
CAND06229,SK0202,1
CAND12129,SK0195,1
CAND09821,SK0090,2
CAND02387,SK0227,4
CAND09213,SK0243,4
CAND11525,SK0182,2
CAND14389,SK0096,3
CAND13682,SK0146,3
CAND05961,SK0124,3
CAND01316,SK0288,5
CAND08923,SK0098,3
CAND09214,SK0040,1
CAND02072,SK0273,1
CAND01262,SK0112,4
CAND07622,SK0244,3
CAND10378,SK0177,3
CAND01634,SK0176,5
CAND04126,SK0117,2
CAND00176,SK0059,2
CAND04449,SK0289,2
CAND01064,SK0258,5
CAND14135,SK0262,2
CAND10122,SK0094,2
CAND12559,SK0256,5
CAND01668,SK0059,2
CAND07701,SK0060,2
CAND10869,SK0261,3
CAND14127,SK0060,5
CAND00411,SK0087,1
CAND05278,SK0140,1
CAND05256,SK0165,3
CAND01139,SK0254,2
CAND00132,SK0258,3
CAND09529,SK0016,5
CAND02254,SK0230,4
CAND12893,SK0019,4
CAND11432,SK0056,1
CAND05696,SK0040,2
CAND01865,SK0042,3
CAND07983,SK0300,2
CAND09666,SK0172,2
CAND12933,SK0172,2
CAND01830,SK0117,4
CAND04213,SK0211,1
CAND00505,SK0240,5
CAND12787,SK0081,1
CAND06060,SK0224,4
CAND00334,SK0029,1
CAND13462,SK0074,5
CAND10550,SK0129,2
CAND10946,SK0183,2
CAND00200,SK0083,3
CAND06909,SK0012,1
CAND01808,SK0105,2
CAND10002,SK0298,2
CAND00432,SK0058,5
CAND03201,SK0085,1
CAND03108,SK0001,3
CAND00521,SK0225,3
CAND11418,SK0011,4
CAND08456,SK0051,4
CAND07248,SK0100,2
CAND02154,SK0200,4
CAND11948,SK0090,3
CAND14122,SK0170,2
CAND08999,SK0068,2
CAND09006,SK0277,4
CAND04976,SK0120,5
CAND13309,SK0001,3
CAND08857,SK0187,5
CAND05161,SK0137,1
CAND00381,SK0289,1
CAND14530,SK0262,3
CAND12606,SK0039,3
CAND06260,SK0080,2
CAND09548,SK0220,5
CAND11116,SK0160,3
CAND13836,SK0050,4
CAND08730,SK0244,1
CAND01412,SK0111,1
CAND09503,SK0231,4
CAND03725,SK0131,2
CAND07648,SK0071,4
CAND13638,SK0261,5
CAND09951,SK0024,4
CAND11981,SK0097,3
CAND11214,SK0117,3
CAND03683,SK0035,4
CAND08631,SK0268,1
CAND04161,SK0228,4
CAND03433,SK0097,4
CAND01231,SK0080,3
CAND03528,SK0170,2
CAND11836,SK0187,1
CAND10029,SK0028,1
CAND03645,SK0300,5
CAND06028,SK0010,3
CAND10039,SK0098,3
CAND06602,SK0047,1
CAND06197,SK0227,3
CAND13101,SK0200,5
CAND05048,SK0212,5
CAND13766,SK0251,1
CAND11930,SK0012,2
CAND11445,SK0143,4
CAND14866,SK0072,2
CAND02390,SK0172,3
CAND01374,SK0256,3
CAND14240,SK0100,1
CAND08442,SK0138,4
CAND08164,SK0113,2
CAND12874,SK0116,3
CAND14098,SK0047,1
CAND09498,SK0263,4
CAND14544,SK0297,1
CAND06875,SK0226,4
CAND10572,SK0046,4
CAND05935,SK0130,1
CAND14871,SK0222,2
CAND13859,SK0227,3
CAND08513,SK0189,1
CAND10996,SK0013,1
CAND08934,SK0236,3
CAND06855,SK0089,3
CAND12223,SK0060,3
CAND07481,SK0227,3
CAND03123,SK0089,5
CAND03074,SK0192,4
CAND08083,SK0033,5
CAND04835,SK0140,1
CAND00338,SK0090,5
CAND14680,SK0028,1
CAND11451,SK0096,5
CAND01599,SK0143,1
CAND06272,SK0186,3
CAND04444,SK0071,3
CAND09986,SK0272,5
CAND07083,SK0282,5
CAND03057,SK0264,2
CAND14740,SK0160,1
CAND01792,SK0135,5
CAND03122,SK0093,3
CAND04751,SK0119,1
CAND10425,SK0026,4
CAND09146,SK0277,3
CAND05744,SK0014,1
CAND05163,SK0136,1
CAND04412,SK0151,5
CAND01116,SK0001,4
CAND06591,SK0215,3
CAND08215,SK0092,1
CAND08919,SK0200,3
CAND05901,SK0117,5
CAND14030,SK0085,5
CAND05595,SK0015,5
CAND13174,SK0072,5
CAND06572,SK0285,3
CAND02210,SK0218,5
CAND12667,SK0160,4
CAND11040,SK0143,5
CAND10660,SK0135,4
CAND14879,SK0128,3
CAND00720,SK0122,2
CAND09801,SK0015,3
CAND04181,SK0067,4
CAND11965,SK0021,3
CAND03688,SK0223,5
CAND09713,SK0211,2
CAND06738,SK0164,3
CAND10356,SK0228,4
CAND04484,SK0113,5
CAND03721,SK0120,4
CAND08798,SK0015,3
CAND01440,SK0096,1
CAND09434,SK0241,2
CAND10309,SK0266,5
CAND07513,SK0137,5
CAND02300,SK0132,4
CAND05510,SK0140,1
CAND12565,SK0095,4
CAND00230,SK0114,1
CAND14809,SK0074,1
CAND14407,SK0070,3
CAND04350,SK0241,5
CAND14792,SK0078,5
CAND10820,SK0146,5
CAND00096,SK0105,5
CAND13170,SK0066,1
CAND14959,SK0222,4
CAND14891,SK0282,1
CAND14103,SK0284,5
CAND00649,SK0065,5
CAND02339,SK0292,2
CAND10696,SK0017,2
CAND13446,SK0241,5
CAND01876,SK0035,5
CAND12201,SK0263,5
CAND04289,SK0168,3
CAND07143,SK0166,1
CAND00824,SK0275,3
CAND02688,SK0281,2
CAND02811,SK0034,4
CAND14483,SK0090,3
CAND07046,SK0241,2
CAND05905,SK0118,3
CAND00274,SK0279,4
CAND02932,SK0211,3
CAND02414,SK0003,4
CAND10842,SK0094,2
CAND10953,SK0058,5
CAND02215,SK0062,1
CAND05351,SK0061,1
CAND01624,SK0142,5
CAND06748,SK0197,2
CAND10699,SK0299,5
CAND04831,SK0173,1
CAND05810,SK0230,3
CAND10188,SK0270,1
CAND10462,SK0244,3
CAND13404,SK0011,2
CAND03725,SK0041,2
CAND00156,SK0204,4
CAND07996,SK0211,1
CAND04330,SK0028,3
CAND06997,SK0091,3
CAND06472,SK0264,1
CAND02739,SK0153,2
CAND00969,SK0001,3
CAND06256,SK0290,4
CAND13000,SK0166,2
CAND06639,SK0207,2
CAND09169,SK0077,5
CAND05977,SK0254,1
CAND10979,SK0166,1
CAND13048,SK0038,5
CAND13238,SK0026,4
CAND07116,SK0176,5
CAND12325,SK0074,4
CAND14957,SK0255,1
CAND13306,SK0040,5
CAND13739,SK0125,4
CAND07826,SK0024,2
CAND06477,SK0181,1
CAND00136,SK0279,1
CAND08822,SK0085,4
CAND05607,SK0175,4
CAND05564,SK0191,1
CAND12981,SK0210,3
CAND10043,SK0270,5
CAND13628,SK0015,2
CAND11175,SK0175,3
CAND01898,SK0300,5
CAND13489,SK0255,2
CAND05097,SK0235,3
CAND01682,SK0214,2
CAND05374,SK0288,1
CAND14697,SK0129,2
CAND00844,SK0157,1
CAND08224,SK0292,2
CAND06510,SK0177,1
CAND05491,SK0053,4
CAND06968,SK0244,4
CAND03572,SK0130,4
CAND14282,SK0063,1
CAND01334,SK0176,1
CAND04999,SK0003,2
CAND04781,SK0179,1
CAND01061,SK0053,5
CAND00597,SK0057,3
CAND09772,SK0201,2
CAND01405,SK0246,1
CAND10661,SK0215,5
CAND04278,SK0236,5
CAND04580,SK0020,5
CAND13099,SK0072,5
CAND11787,SK0218,5
CAND04216,SK0237,3
CAND03763,SK0150,1
CAND02910,SK0104,1
CAND10744,SK0263,1
CAND00176,SK0115,5
CAND11004,SK0172,5
CAND05059,SK0255,4
CAND00853,SK0272,4
CAND14419,SK0208,3
CAND06221,SK0087,1
CAND07631,SK0095,1
CAND03637,SK0012,2
CAND08114,SK0063,3
CAND14940,SK0005,1
CAND11594,SK0175,4
CAND05518,SK0203,3
CAND12934,SK0274,5
CAND05512,SK0089,5
CAND13666,SK0130,4
CAND02002,SK0071,3
CAND12857,SK0092,4
CAND13373,SK0181,3
CAND11728,SK0245,2
CAND10696,SK0197,5
CAND09766,SK0189,3
CAND11425,SK0103,4
CAND14182,SK0248,3
CAND13986,SK0062,4
CAND06324,SK0178,2
CAND06483,SK0288,1
CAND05201,SK0172,3
CAND01593,SK0289,2
CAND14176,SK0013,3
CAND12465,SK0056,1
CAND13204,SK0140,4
CAND11889,SK0005,4
CAND03154,SK0046,2
CAND02318,SK0016,2
CAND06805,SK0178,3
CAND08208,SK0086,5
CAND05292,SK0061,5
CAND11526,SK0151,2
CAND05446,SK0165,1
CAND10879,SK0194,5
CAND09337,SK0198,1
CAND07732,SK0034,4
CAND13767,SK0265,1
CAND01871,SK0257,4
CAND07655,SK0273,2
CAND10197,SK0244,1
CAND01632,SK0134,2
CAND04850,SK0235,3
CAND02482,SK0080,4
CAND08515,SK0250,2
CAND02207,SK0093,3
CAND13546,SK0291,3
CAND02125,SK0053,4
CAND04258,SK0106,5
CAND06169,SK0043,4
CAND04018,SK0206,5
CAND12580,SK0014,5
CAND02842,SK0241,1
CAND08681,SK0079,5
CAND00996,SK0096,1
CAND02773,SK0288,3
CAND01884,SK0250,1
CAND10328,SK0110,5
CAND01278,SK0273,5
CAND06318,SK0196,5
CAND11397,SK0224,2
CAND12968,SK0120,4
CAND03999,SK0281,1
CAND04931,SK0199,3
CAND13484,SK0236,2
CAND06313,SK0045,3
CAND09168,SK0012,3
CAND01378,SK0014,1
CAND07004,SK0035,2
CAND02019,SK0109,5
CAND12361,SK0288,1
CAND14361,SK0195,3
CAND04395,SK0102,3
CAND05057,SK0112,4
CAND07914,SK0300,2
CAND01189,SK0037,1
CAND10066,SK0119,1
CAND04923,SK0163,2
CAND02990,SK0220,4
CAND05712,SK0219,4
CAND13612,SK0091,2
CAND04247,SK0238,1
CAND02876,SK0029,1
CAND11946,SK0233,3
CAND06517,SK0031,3
CAND00626,SK0080,4
CAND12040,SK0168,3
CAND02040,SK0288,1
CAND09991,SK0179,2
CAND06167,SK0208,5
CAND03464,SK0265,1
CAND14023,SK0171,1
CAND12286,SK0216,1
CAND12892,SK0245,1
CAND09851,SK0116,2
CAND11372,SK0086,1
CAND00984,SK0074,4
CAND13697,SK0102,3
CAND00048,SK0006,3
CAND05205,SK0034,2
CAND01059,SK0082,5
CAND14737,SK0134,3
CAND05634,SK0194,1
CAND10977,SK0129,3
CAND07556,SK0200,1
CAND00595,SK0148,4
CAND08196,SK0178,5
CAND02313,SK0029,2
CAND13041,SK0196,1
CAND08312,SK0051,1
CAND09653,SK0171,5
CAND11816,SK0202,5
CAND10694,SK0175,3
CAND05645,SK0145,4
CAND06970,SK0197,3
CAND00301,SK0031,1
CAND14952,SK0133,2
CAND14194,SK0118,2
CAND06445,SK0037,2
CAND04883,SK0002,5
CAND11622,SK0124,4
CAND03866,SK0162,3
CAND12575,SK0270,5
CAND11640,SK0152,5
CAND03528,SK0009,3
CAND05766,SK0009,5
CAND10231,SK0046,2
CAND10299,SK0178,3
CAND06070,SK0061,2
CAND14229,SK0120,2
CAND05935,SK0262,5
CAND11751,SK0118,3
CAND06548,SK0086,1
CAND06112,SK0275,2
CAND00517,SK0015,2
CAND00977,SK0089,2
CAND13739,SK0274,1
CAND06735,SK0180,5
CAND11539,SK0055,5
CAND02483,SK0230,2
CAND08094,SK0296,5
CAND08215,SK0035,5
CAND09131,SK0237,3
CAND14662,SK0252,5
CAND02408,SK0044,4
CAND14701,SK0221,3
CAND01370,SK0226,5
CAND07825,SK0130,1
CAND14140,SK0286,3
CAND10368,SK0057,2
CAND13937,SK0231,5
CAND08615,SK0167,5
CAND14252,SK0265,5
CAND06210,SK0038,5
CAND09824,SK0042,4
CAND00914,SK0082,5
CAND12691,SK0106,3
CAND03815,SK0270,5
CAND03477,SK0247,2
CAND14847,SK0245,2
CAND12731,SK0138,3
CAND03931,SK0242,4
CAND14205,SK0169,5
CAND12268,SK0259,4
CAND10805,SK0021,3
CAND03612,SK0235,2
CAND12746,SK0283,3
CAND09551,SK0271,3
CAND06008,SK0005,4
CAND10863,SK0078,4
CAND11079,SK0142,4
CAND14884,SK0171,5
CAND07365,SK0213,5
CAND04122,SK0032,3
CAND08018,SK0227,3
CAND02654,SK0282,4
CAND14320,SK0294,2
CAND09181,SK0191,5
CAND14487,SK0205,4
CAND12610,SK0237,3
CAND06869,SK0151,3
CAND11207,SK0096,5
CAND13578,SK0086,1
CAND01571,SK0200,2
CAND01816,SK0040,5
CAND08410,SK0100,3
CAND11628,SK0247,3
CAND09444,SK0243,3
CAND08634,SK0055,4
CAND11797,SK0096,3
CAND11735,SK0014,4
CAND06806,SK0066,4
CAND07500,SK0282,3
CAND13855,SK0233,1
CAND07238,SK0217,2
CAND06149,SK0164,1
CAND00860,SK0119,5
CAND09350,SK0219,2
CAND11159,SK0249,2
CAND03210,SK0095,4
CAND08429,SK0277,3
CAND04029,SK0028,2
CAND09552,SK0131,2
CAND10736,SK0123,2
CAND11298,SK0049,1
CAND12214,SK0047,3
CAND04997,SK0243,5
CAND04178,SK0271,5
CAND10523,SK0159,2
CAND10556,SK0109,2
CAND10749,SK0284,3
CAND06644,SK0098,3
CAND02936,SK0046,3
CAND03860,SK0222,1
CAND05640,SK0190,5
CAND12078,SK0005,2
CAND08421,SK0002,4
CAND08674,SK0106,2
CAND13474,SK0144,3
CAND02852,SK0170,5
CAND12169,SK0013,1
CAND02344,SK0206,5
CAND04188,SK0061,3
CAND06063,SK0151,5
CAND12619,SK0293,4
CAND10198,SK0263,1
CAND07583,SK0142,3
CAND14104,SK0003,3
CAND04468,SK0025,1
CAND14179,SK0062,3
CAND02372,SK0180,3
CAND09424,SK0246,5
CAND04152,SK0289,3
CAND01513,SK0245,1
CAND14990,SK0280,2
CAND13436,SK0124,4
CAND10702,SK0151,4
CAND12103,SK0119,5
CAND09867,SK0163,3
CAND10178,SK0187,2
CAND09064,SK0269,5
CAND01277,SK0286,5
CAND02110,SK0091,5
CAND01974,SK0022,3
CAND10785,SK0047,5
CAND11385,SK0130,1
CAND08327,SK0266,3
CAND13922,SK0104,2
CAND14314,SK0240,1
CAND01472,SK0285,3
CAND04310,SK0184,4
CAND10467,SK0015,2
CAND08057,SK0085,4
CAND08474,SK0086,2
CAND01651,SK0098,1
CAND13904,SK0105,2
CAND07741,SK0037,4
CAND11159,SK0269,5
CAND12626,SK0148,5
CAND12978,SK0161,2
CAND06520,SK0070,1
CAND05127,SK0255,2
CAND08046,SK0284,1
CAND00891,SK0268,2
CAND09607,SK0224,1
CAND14497,SK0261,4
CAND00744,SK0270,3
CAND08525,SK0287,2
CAND11173,SK0042,5
CAND00613,SK0015,1
CAND14624,SK0240,2
CAND13929,SK0276,4
CAND10456,SK0026,5
CAND11156,SK0072,5
CAND09368,SK0157,4
CAND03730,SK0271,2
CAND09673,SK0231,4
CAND02779,SK0250,4
CAND14295,SK0223,5
CAND12163,SK0126,2
CAND12427,SK0245,3
CAND14121,SK0069,5
CAND04850,SK0011,3
CAND01662,SK0294,3
CAND07254,SK0116,4
CAND00716,SK0245,2
CAND10824,SK0001,3
CAND02611,SK0030,5
CAND05866,SK0062,4
CAND08557,SK0167,5
CAND08731,SK0199,1
CAND00716,SK0220,4
CAND01900,SK0087,4
CAND02389,SK0083,1
CAND00594,SK0054,5
CAND08635,SK0165,1
CAND08906,SK0181,3
CAND03173,SK0099,4
CAND03534,SK0189,3
CAND10333,SK0296,2
CAND07117,SK0268,1
CAND13369,SK0160,3
CAND11872,SK0118,3
CAND11606,SK0006,2
CAND08288,SK0095,2
CAND02635,SK0119,1
CAND14609,SK0274,1
CAND03580,SK0020,4
CAND05326,SK0058,3
CAND01294,SK0163,4
CAND12017,SK0296,1
CAND13310,SK0289,3
CAND05227,SK0111,2
CAND06257,SK0147,5
CAND12009,SK0045,3
CAND14153,SK0109,2
CAND09220,SK0208,3
CAND07473,SK0102,2
CAND12258,SK0021,5
CAND14168,SK0248,2
CAND11971,SK0013,5
CAND10925,SK0292,3
CAND03045,SK0112,2
CAND11304,SK0282,4
CAND06579,SK0125,3
CAND00371,SK0077,5
CAND07022,SK0078,5
CAND00229,SK0238,2
CAND04616,SK0299,5
CAND06378,SK0218,4
CAND05301,SK0036,1
CAND09505,SK0298,1
CAND04161,SK0092,3
CAND13125,SK0177,3
CAND12372,SK0162,4
CAND03929,SK0041,3
CAND05320,SK0284,5
CAND13883,SK0134,4
CAND03628,SK0157,4
CAND08043,SK0003,1
CAND11472,SK0038,5
CAND05410,SK0013,4
CAND10750,SK0217,3
CAND00875,SK0042,2
CAND03376,SK0063,2
CAND00865,SK0172,1
CAND01269,SK0261,3
CAND01933,SK0058,1
CAND11565,SK0094,1
CAND14247,SK0005,3
CAND06630,SK0050,4
CAND00764,SK0288,5
CAND12851,SK0012,3
CAND08973,SK0216,5
CAND00602,SK0116,1
CAND04512,SK0286,5
CAND14414,SK0100,4
CAND01460,SK0140,1
CAND09319,SK0153,4
CAND02777,SK0247,5
CAND05319,SK0216,2
CAND03650,SK0274,3
CAND09328,SK0231,1
CAND14195,SK0089,5
CAND06672,SK0187,3
CAND14961,SK0050,3
CAND08025,SK0176,5
CAND09255,SK0152,3
CAND08901,SK0014,4
CAND08629,SK0034,5
CAND07390,SK0076,4
CAND04506,SK0137,3
CAND08744,SK0160,5
CAND11974,SK0098,2
CAND11711,SK0217,1
CAND03912,SK0164,4
CAND14607,SK0256,4
CAND06129,SK0170,1
CAND02429,SK0059,4
CAND13610,SK0141,3
CAND11984,SK0103,5
CAND02134,SK0197,1
CAND03473,SK0283,1
CAND00126,SK0173,3
CAND13790,SK0055,2
CAND14924,SK0125,5
CAND06777,SK0010,5
CAND06558,SK0076,1
CAND01772,SK0089,3
CAND02037,SK0286,2
CAND05857,SK0248,3
CAND05437,SK0210,3
CAND12138,SK0163,5
CAND00462,SK0214,5
CAND10457,SK0097,5
CAND14359,SK0176,3
CAND05679,SK0104,5
CAND13250,SK0261,5
CAND03530,SK0237,4
CAND13757,SK0032,4
CAND03116,SK0074,4
CAND11270,SK0131,5
CAND13994,SK0129,3
CAND14220,SK0166,4
CAND00481,SK0051,1
CAND00420,SK0219,1
CAND07838,SK0236,2
CAND02897,SK0280,2
CAND14572,SK0183,5
CAND13696,SK0181,2
CAND03862,SK0078,2
CAND05578,SK0064,2
CAND14170,SK0251,4
CAND02094,SK0093,1
CAND04086,SK0093,4
CAND11163,SK0053,3
CAND12854,SK0076,1
CAND05086,SK0142,5
CAND11057,SK0083,4
CAND06629,SK0261,1
CAND07110,SK0262,1
CAND07296,SK0241,3
CAND13197,SK0070,1
CAND13078,SK0073,1
CAND06894,SK0155,3
CAND02802,SK0074,5
CAND14965,SK0189,3
CAND04580,SK0005,3
CAND09713,SK0195,3
CAND06962,SK0285,1
CAND07026,SK0276,3
CAND13668,SK0277,2
CAND09958,SK0250,3
CAND13785,SK0020,4
CAND05163,SK0296,1
CAND09835,SK0263,2
CAND04981,SK0199,4
CAND06976,SK0275,4
CAND12455,SK0171,2
CAND02030,SK0092,3
CAND06472,SK0074,5
CAND02509,SK0125,1
CAND08155,SK0016,2
CAND03043,SK0052,1
CAND12685,SK0035,4
CAND06567,SK0114,3
CAND07427,SK0187,5
CAND06482,SK0073,5
CAND02795,SK0249,2
CAND04708,SK0040,5
CAND12390,SK0014,5
CAND07740,SK0105,4
CAND02095,SK0259,1
CAND04532,SK0147,1
CAND04237,SK0146,3
CAND07131,SK0050,4
CAND02479,SK0151,4
CAND11863,SK0133,5
CAND09281,SK0043,2
CAND13202,SK0161,3
CAND00463,SK0227,4
CAND02257,SK0096,4
CAND03746,SK0066,2
CAND13815,SK0139,3
CAND01685,SK0232,1
CAND09356,SK0021,2
CAND04636,SK0152,1
CAND07164,SK0239,2
CAND02226,SK0154,2
CAND00936,SK0056,5
CAND11056,SK0026,4
CAND13705,SK0176,4
CAND12694,SK0098,1
CAND01712,SK0175,3
CAND04280,SK0195,2
CAND06444,SK0030,5
CAND14437,SK0053,1
CAND11072,SK0117,5
CAND08752,SK0142,4
CAND05073,SK0119,5
CAND09744,SK0116,2
CAND04304,SK0181,2
CAND12710,SK0109,5
CAND07244,SK0059,5
CAND08930,SK0043,1
CAND10613,SK0165,1
CAND14415,SK0192,1
CAND06216,SK0298,5
CAND00937,SK0126,4
CAND14706,SK0120,1
CAND13057,SK0131,5
CAND05826,SK0106,5
CAND09369,SK0067,5
CAND08864,SK0068,3
CAND10693,SK0095,4
CAND10627,SK0137,2
CAND06933,SK0159,3
CAND00019,SK0263,5
CAND03715,SK0242,5
CAND13385,SK0220,2
CAND01370,SK0030,5
CAND05316,SK0057,3
CAND00244,SK0224,5
CAND08434,SK0263,4
CAND14756,SK0115,2
CAND13136,SK0036,3
CAND11209,SK0055,2
CAND05660,SK0274,1
CAND02076,SK0033,1
CAND14313,SK0293,1
CAND11712,SK0015,1
CAND14978,SK0115,4
CAND14234,SK0280,3
CAND09917,SK0007,1
CAND05018,SK0167,5
CAND02950,SK0271,5
CAND10677,SK0103,4
CAND14859,SK0131,1
CAND11763,SK0106,3
CAND06854,SK0067,1
CAND02153,SK0031,5
CAND03614,SK0056,2
CAND08081,SK0152,1
CAND03371,SK0105,1
CAND09938,SK0004,2
CAND02215,SK0158,2
CAND03997,SK0011,2
CAND11423,SK0006,4
CAND08052,SK0234,1
CAND14857,SK0098,1
CAND07634,SK0136,2
CAND05887,SK0169,2
CAND11016,SK0241,3
CAND06663,SK0046,3
CAND03913,SK0269,3
CAND03704,SK0143,5
CAND07877,SK0021,1
CAND14888,SK0275,3
CAND13905,SK0233,4
CAND06036,SK0220,3
CAND08542,SK0192,4
CAND09648,SK0070,1
CAND09832,SK0136,3
CAND10755,SK0212,3
CAND04179,SK0289,3
CAND07559,SK0009,5
CAND00964,SK0242,4
CAND13587,SK0072,5
CAND10636,SK0171,3
CAND01811,SK0262,4
CAND09443,SK0085,4
CAND09040,SK0160,4
CAND07158,SK0194,4
CAND04136,SK0197,1
CAND10667,SK0001,1
CAND07135,SK0128,1
CAND12573,SK0153,2
CAND05015,SK0167,3
CAND10728,SK0253,5
CAND07445,SK0100,2
CAND00523,SK0150,4
CAND09678,SK0132,4
CAND13425,SK0229,1
CAND01251,SK0298,1
CAND08721,SK0089,1
CAND10932,SK0174,3
CAND13060,SK0254,2
CAND00432,SK0042,1
CAND02874,SK0300,3
CAND06312,SK0167,1
CAND09489,SK0197,3
CAND11310,SK0300,4
CAND04218,SK0042,2
CAND00026,SK0281,4
CAND00014,SK0271,4
CAND14160,SK0190,1
CAND12217,SK0125,5
CAND05684,SK0283,4
CAND03918,SK0045,5
CAND02817,SK0226,1
CAND01225,SK0028,1
CAND12286,SK0178,2
CAND06916,SK0076,4
CAND02260,SK0108,3
CAND08911,SK0260,4
CAND07785,SK0141,3
CAND14237,SK0221,2
CAND02769,SK0260,2
CAND10912,SK0033,2
CAND07149,SK0093,5
CAND00952,SK0273,3
CAND13644,SK0031,4
CAND08611,SK0227,2
CAND02787,SK0104,3
CAND01510,SK0070,3
CAND04727,SK0108,1
CAND03580,SK0258,5
CAND13008,SK0236,4
CAND10892,SK0202,1
CAND13389,SK0096,2
CAND11054,SK0196,5
CAND03889,SK0048,5
CAND08123,SK0093,5
CAND05766,SK0286,2
CAND06643,SK0183,1
CAND04271,SK0239,2
CAND03474,SK0193,3
CAND04428,SK0097,4
CAND09639,SK0244,5
CAND14578,SK0054,1
CAND11743,SK0014,4
CAND07205,SK0067,4
CAND11625,SK0135,1
CAND11648,SK0034,5
CAND10415,SK0235,3
CAND13879,SK0297,2
CAND11273,SK0129,4
CAND04381,SK0176,5
CAND03479,SK0244,2
CAND06279,SK0136,4
CAND08578,SK0017,5
CAND12392,SK0265,2
CAND05174,SK0123,2
CAND02904,SK0252,2
CAND12294,SK0055,1
CAND09623,SK0165,2
CAND07407,SK0070,4
CAND00657,SK0282,3
CAND04148,SK0134,2
CAND08218,SK0285,4
CAND01428,SK0195,3
CAND03531,SK0113,5
CAND08083,SK0084,5
CAND03544,SK0002,3
CAND10315,SK0093,3
CAND05554,SK0071,4
CAND14396,SK0151,1
CAND01407,SK0006,2
CAND05118,SK0170,3
CAND10256,SK0180,5
CAND01184,SK0280,5
CAND01828,SK0019,5
CAND12148,SK0183,2
CAND00477,SK0173,4
CAND11849,SK0049,2
CAND09394,SK0149,3
CAND08437,SK0054,2
CAND09421,SK0021,3
CAND01818,SK0062,4
CAND12998,SK0248,3
CAND01707,SK0087,2
CAND09628,SK0271,1
CAND05253,SK0138,5
CAND13156,SK0202,4
CAND08218,SK0167,3
CAND11366,SK0053,2
CAND11853,SK0008,2
CAND09094,SK0098,2
CAND04052,SK0083,5
CAND10375,SK0230,1
CAND05659,SK0069,3
CAND04378,SK0262,1
CAND11929,SK0220,2
CAND13686,SK0194,5
CAND06883,SK0198,4
CAND03788,SK0028,4
CAND00047,SK0261,3
CAND06484,SK0047,3
CAND07581,SK0040,3
CAND09115,SK0138,2
CAND04980,SK0211,4
CAND09361,SK0156,5
CAND04178,SK0177,3
CAND12250,SK0053,5
CAND14364,SK0011,4
CAND09333,SK0107,4
CAND04332,SK0094,1
CAND03804,SK0176,1
CAND06536,SK0050,2
CAND05966,SK0118,5
CAND01292,SK0211,5
CAND11953,SK0141,5
CAND03068,SK0063,2
CAND11834,SK0286,2
CAND12627,SK0107,5
CAND00133,SK0167,2
CAND08548,SK0010,4
CAND11850,SK0205,5
CAND02729,SK0238,2
CAND08812,SK0105,5
CAND10713,SK0181,3
CAND02456,SK0212,2
CAND02877,SK0051,4
CAND04355,SK0067,4
CAND11038,SK0225,1
CAND11711,SK0196,5
CAND11418,SK0057,3
CAND12685,SK0059,1
CAND04384,SK0140,3
CAND01675,SK0152,3
CAND09764,SK0258,1
CAND08368,SK0029,2
CAND01917,SK0280,1
CAND06786,SK0012,1
CAND11312,SK0234,2
CAND09630,SK0116,5
CAND03092,SK0070,2
CAND13992,SK0290,1
CAND12949,SK0217,4
CAND05180,SK0291,2
CAND09397,SK0260,2
CAND01663,SK0102,1
CAND13957,SK0175,5
CAND02013,SK0034,1
CAND05037,SK0078,2
CAND12565,SK0273,2
CAND13999,SK0232,1
CAND06714,SK0168,2
CAND08190,SK0242,4
CAND04886,SK0275,1
CAND00683,SK0285,2
CAND00498,SK0085,4
CAND13650,SK0031,3
CAND12338,SK0162,4
CAND04279,SK0003,3
CAND02237,SK0227,1
CAND04751,SK0089,2
CAND11268,SK0069,2
CAND10752,SK0239,4
CAND06521,SK0162,1
CAND05097,SK0053,2
CAND10628,SK0219,3
CAND14490,SK0033,3
CAND09814,SK0268,2
CAND01398,SK0276,5
CAND06189,SK0091,1
CAND14351,SK0194,5
CAND00417,SK0053,1
CAND12311,SK0123,2
CAND00703,SK0212,3
CAND12039,SK0292,4
CAND04900,SK0165,2
CAND00459,SK0008,3
CAND03081,SK0234,4
CAND08810,SK0247,1
CAND01551,SK0129,5
CAND09525,SK0272,4
CAND00404,SK0037,4
CAND04279,SK0058,4
CAND14944,SK0177,3
CAND03519,SK0145,1
CAND00222,SK0289,4
CAND05615,SK0059,2
CAND13817,SK0076,2
CAND00790,SK0008,2
CAND05960,SK0139,1
CAND11631,SK0008,1
CAND00184,SK0054,4
CAND01350,SK0102,5
CAND04895,SK0285,2
CAND14981,SK0035,4
CAND09258,SK0270,2
CAND05026,SK0178,4
CAND01847,SK0261,1
CAND09953,SK0294,2
CAND04929,SK0040,2
CAND06388,SK0007,3
CAND08836,SK0070,1
CAND04198,SK0296,2
CAND07939,SK0283,1
CAND14810,SK0197,1
CAND04541,SK0178,4
CAND06349,SK0105,3
CAND04021,SK0239,4
CAND09556,SK0110,2
CAND01304,SK0096,3
CAND01918,SK0159,3
CAND06148,SK0118,3
CAND13288,SK0208,5
CAND04317,SK0045,5
CAND00341,SK0204,1
CAND10149,SK0269,4
CAND13577,SK0157,3
CAND12369,SK0201,4
CAND06376,SK0104,4
CAND00603,SK0190,5
CAND07464,SK0244,2
CAND10725,SK0205,4
CAND13380,SK0185,3
CAND03245,SK0237,2
CAND06265,SK0045,3
CAND10528,SK0266,5
CAND07973,SK0015,1
CAND10317,SK0106,1
CAND13091,SK0247,2
CAND13774,SK0150,2
CAND04256,SK0023,3
CAND00010,SK0089,3
CAND09694,SK0239,1
CAND01982,SK0200,5
CAND07255,SK0291,2
CAND02389,SK0095,2
CAND12021,SK0194,1
CAND09902,SK0144,3
CAND07554,SK0092,5
CAND12609,SK0269,5
CAND07898,SK0229,2
CAND10027,SK0129,1
CAND10888,SK0052,1
CAND04006,SK0064,5
CAND04364,SK0275,2
CAND12191,SK0094,2
CAND13432,SK0018,5
CAND01030,SK0222,5
CAND14479,SK0148,1
CAND11310,SK0296,1
CAND12924,SK0162,2
CAND13998,SK0081,4
CAND02128,SK0150,2
CAND14577,SK0209,1
CAND05786,SK0273,4
CAND13635,SK0236,1
CAND12628,SK0164,4
CAND08690,SK0125,5
CAND13501,SK0091,3
CAND14403,SK0082,2
CAND07992,SK0069,5
CAND04896,SK0027,1
CAND08342,SK0173,1
CAND02670,SK0277,1
CAND13674,SK0023,1
CAND02412,SK0102,2
CAND14806,SK0180,5
CAND00178,SK0266,1
CAND02495,SK0019,5
CAND14505,SK0014,3
CAND14660,SK0163,5
CAND07556,SK0046,1
CAND12624,SK0273,2
CAND05009,SK0299,4
CAND02419,SK0115,3
CAND06143,SK0164,3
CAND05556,SK0134,1
CAND12635,SK0190,4
CAND13560,SK0285,1
CAND14469,SK0284,3
CAND12779,SK0153,2
CAND06835,SK0103,4
CAND12265,SK0237,3
CAND11799,SK0130,1
CAND13224,SK0160,3
CAND03952,SK0092,3
CAND05164,SK0104,2
CAND00618,SK0090,3
CAND06534,SK0146,5
CAND06358,SK0237,4
CAND07918,SK0271,1
CAND00926,SK0095,4
CAND10946,SK0127,2
CAND08704,SK0205,4
CAND04245,SK0250,4
CAND12498,SK0015,2
CAND02706,SK0198,2
CAND11775,SK0282,5
CAND09178,SK0090,4
CAND10172,SK0235,1
CAND10486,SK0052,5
CAND09246,SK0105,4
CAND04452,SK0050,1
CAND10478,SK0259,1
CAND06818,SK0086,2
CAND00203,SK0143,1
CAND06772,SK0099,3
CAND09496,SK0215,2
CAND13485,SK0021,5
CAND12599,SK0171,4
CAND05681,SK0093,2
CAND10243,SK0051,3
CAND14445,SK0189,4
CAND04781,SK0206,5
CAND06693,SK0293,1
CAND04658,SK0221,4
CAND07860,SK0270,2
CAND13293,SK0245,3
CAND01034,SK0152,2
CAND01806,SK0264,4
CAND07949,SK0168,1
CAND10778,SK0206,1
CAND01505,SK0179,2
CAND06333,SK0141,4
CAND08378,SK0130,3
CAND03616,SK0120,3
CAND12159,SK0043,5
CAND10420,SK0027,5
CAND09904,SK0166,2
CAND08437,SK0256,1
CAND13292,SK0045,3
CAND09083,SK0087,3
CAND11659,SK0180,1
CAND13882,SK0048,3
CAND05885,SK0044,1
CAND13928,SK0260,2
CAND14427,SK0068,3
CAND04075,SK0097,2
CAND04591,SK0264,3
CAND10941,SK0286,2
CAND02168,SK0181,4
CAND01775,SK0074,3
CAND10667,SK0089,5
CAND05927,SK0002,3
CAND04033,SK0170,5
CAND07924,SK0174,4
CAND04751,SK0298,4
CAND02839,SK0256,1
CAND12584,SK0084,2
CAND01758,SK0063,3
CAND02160,SK0121,4
CAND07594,SK0243,1
CAND03149,SK0242,3
CAND10265,SK0008,2
CAND07696,SK0125,3
CAND08609,SK0081,4
CAND12840,SK0001,5
CAND02426,SK0057,2
CAND12782,SK0238,1
CAND13286,SK0191,3
CAND05035,SK0115,4
CAND12014,SK0027,1
CAND07853,SK0027,3
CAND00971,SK0050,4
CAND06717,SK0162,4
CAND07329,SK0232,2
CAND10981,SK0061,2
CAND08373,SK0011,3
CAND12247,SK0272,3
CAND10798,SK0019,5
CAND08120,SK0016,5
CAND03006,SK0075,3
CAND04416,SK0114,3
CAND03329,SK0188,1
CAND02360,SK0181,5
CAND11248,SK0040,5
CAND08733,SK0250,2
CAND06057,SK0004,3
CAND05062,SK0201,3
CAND00688,SK0117,1
CAND04808,SK0165,4
CAND14214,SK0091,2
CAND09694,SK0212,4
CAND11683,SK0080,2
CAND04005,SK0168,2
CAND14147,SK0131,5
CAND03261,SK0056,5
CAND08327,SK0208,1
CAND07006,SK0028,2
CAND08799,SK0038,4
CAND05055,SK0190,3
CAND06910,SK0220,2
CAND03917,SK0209,1
CAND10275,SK0079,3
CAND06856,SK0188,1
CAND00229,SK0139,4
CAND12646,SK0059,4
CAND14959,SK0016,4
CAND12003,SK0096,5
CAND07046,SK0068,3
CAND06333,SK0261,4
CAND12845,SK0260,3
CAND03845,SK0155,2
CAND07956,SK0188,3
CAND05087,SK0148,5
CAND06709,SK0058,3
CAND05760,SK0240,3
CAND06533,SK0029,5
CAND11733,SK0066,2
CAND03635,SK0164,2
CAND05389,SK0014,5
CAND04159,SK0291,2
CAND02788,SK0296,4
CAND04249,SK0158,3
CAND13261,SK0153,4
CAND03215,SK0037,3
CAND14173,SK0233,1
CAND06126,SK0170,3
CAND14988,SK0187,5
CAND09358,SK0080,3
CAND07478,SK0272,1
CAND11669,SK0205,4
CAND08439,SK0129,4
CAND14973,SK0183,2
CAND14770,SK0241,1
CAND10417,SK0269,2
CAND14437,SK0281,3
CAND02589,SK0180,4
CAND05667,SK0117,4
CAND02858,SK0143,5
CAND01237,SK0095,5
CAND09052,SK0133,3
CAND12301,SK0126,1
CAND00590,SK0223,5
CAND13695,SK0014,4
CAND05413,SK0056,1
CAND00913,SK0087,4
CAND03526,SK0066,3
CAND10165,SK0231,1
CAND03428,SK0156,5
CAND01215,SK0029,4
CAND02108,SK0128,2
CAND02374,SK0093,4
CAND12990,SK0103,5
CAND02108,SK0054,2
CAND06833,SK0038,4
CAND05512,SK0113,4
CAND12150,SK0198,5
CAND01547,SK0086,2
CAND07491,SK0178,4
CAND13087,SK0126,3
CAND04022,SK0031,1
CAND09849,SK0104,3
CAND02809,SK0144,1
CAND04755,SK0032,1
CAND04149,SK0097,3
CAND12362,SK0013,2
CAND13484,SK0057,5
CAND13532,SK0138,2
CAND04116,SK0265,2
CAND02440,SK0198,4
CAND07226,SK0209,4
CAND11000,SK0223,4
CAND12871,SK0290,2
CAND13340,SK0298,3
CAND02097,SK0049,3
CAND03104,SK0150,3
CAND04984,SK0035,5
CAND00917,SK0276,5
CAND08787,SK0231,1
CAND05762,SK0230,5
CAND10664,SK0244,1
CAND04647,SK0159,2
CAND14649,SK0082,1
CAND02024,SK0090,1
CAND05513,SK0061,2
CAND12385,SK0263,2
CAND10287,SK0166,2
CAND09762,SK0209,4
CAND13558,SK0169,4
CAND06673,SK0258,1
CAND10662,SK0149,4
CAND01562,SK0163,5
CAND00146,SK0066,1
CAND13396,SK0097,3
CAND01541,SK0197,1
CAND05001,SK0126,1
CAND09094,SK0256,4
CAND14150,SK0161,5
CAND06024,SK0150,4
CAND03476,SK0217,1
CAND07462,SK0111,4
CAND03832,SK0152,2
CAND04739,SK0084,3
CAND10714,SK0192,5
CAND06795,SK0015,4
CAND07347,SK0272,2
CAND12341,SK0048,3
CAND08511,SK0071,1
CAND11010,SK0028,1
CAND13766,SK0046,5
CAND02781,SK0200,5
CAND14359,SK0219,3
CAND14473,SK0104,5
CAND02454,SK0229,5
CAND08068,SK0154,4
CAND04543,SK0067,2
CAND06777,SK0062,3
CAND00926,SK0118,4
CAND00286,SK0030,3
CAND07113,SK0187,5
CAND02895,SK0211,5
CAND06553,SK0186,5
CAND14587,SK0017,2
CAND04318,SK0237,4
CAND12531,SK0164,4
CAND08649,SK0225,3
CAND08095,SK0143,4
CAND06074,SK0161,5
CAND06555,SK0006,1
CAND00288,SK0209,1
CAND03691,SK0288,2
CAND09246,SK0029,4
CAND07486,SK0069,1
CAND08919,SK0219,1
CAND03354,SK0075,3
CAND11737,SK0145,3
CAND11586,SK0054,1
CAND10607,SK0035,4
CAND11568,SK0223,5
CAND13913,SK0072,5
CAND01263,SK0065,2
CAND01514,SK0298,4
CAND14890,SK0144,5
CAND00961,SK0191,1
CAND06750,SK0016,3
CAND14040,SK0290,4
CAND11634,SK0087,2
CAND11976,SK0123,5
CAND04829,SK0013,3
CAND05049,SK0013,5
CAND05013,SK0289,5
CAND01871,SK0031,1
CAND12578,SK0135,2
CAND02836,SK0227,2
CAND00026,SK0171,3
CAND03220,SK0018,5
CAND01993,SK0073,1
CAND04033,SK0163,3
CAND11065,SK0018,5
CAND00405,SK0061,4
CAND04465,SK0090,4
CAND03792,SK0180,3
CAND05229,SK0035,3
CAND02027,SK0205,5
CAND13826,SK0055,1
CAND09373,SK0004,2
CAND11664,SK0071,4
CAND00797,SK0180,5
CAND07592,SK0007,4
CAND02398,SK0252,1
CAND09414,SK0241,2
CAND14716,SK0007,5
CAND12014,SK0145,3
CAND00309,SK0094,3
CAND12641,SK0063,2
CAND00345,SK0236,5
CAND01596,SK0022,2
CAND06043,SK0201,5
CAND13482,SK0004,4
CAND01364,SK0202,5
CAND13818,SK0217,2
CAND01693,SK0128,2
CAND09281,SK0033,5
CAND14613,SK0030,1
CAND08130,SK0214,4
CAND13832,SK0289,3
CAND14689,SK0060,5
CAND08969,SK0298,2
CAND05097,SK0041,3
CAND14034,SK0274,4
CAND04733,SK0151,4
CAND01775,SK0196,1
CAND11526,SK0188,3
CAND02363,SK0231,3
CAND12664,SK0295,2
CAND05469,SK0055,5
CAND10152,SK0088,4
CAND01062,SK0152,2
CAND03894,SK0208,3
CAND02256,SK0213,4
CAND04186,SK0133,2
CAND12558,SK0143,2
CAND11717,SK0129,2
CAND08397,SK0079,2
CAND01602,SK0282,3
CAND06431,SK0171,5
CAND03368,SK0258,5
CAND06158,SK0295,1
CAND05445,SK0224,1
CAND07898,SK0003,1
CAND00218,SK0103,5
CAND04156,SK0025,3
CAND03625,SK0203,3
CAND11374,SK0210,2
CAND11637,SK0074,1
CAND00574,SK0150,1
CAND11575,SK0191,2
CAND14752,SK0246,5
CAND08210,SK0175,3
CAND13359,SK0161,2
CAND14282,SK0114,5
CAND02986,SK0201,4
CAND10068,SK0008,4
CAND13699,SK0029,4
CAND02109,SK0023,1
CAND04253,SK0247,2
CAND02265,SK0186,3
CAND07421,SK0224,4
CAND11213,SK0202,4
CAND11600,SK0209,1
CAND05878,SK0269,3
CAND06205,SK0066,2
CAND07007,SK0091,2
CAND14536,SK0247,1
CAND02212,SK0073,4
CAND10871,SK0286,5
CAND14347,SK0195,1
CAND13595,SK0164,5
CAND09452,SK0020,3
CAND04081,SK0134,3
CAND10342,SK0289,3
CAND00454,SK0020,2
CAND04122,SK0084,1
CAND13495,SK0166,2
CAND05115,SK0097,3
CAND13950,SK0261,1
CAND11680,SK0052,4
CAND03786,SK0147,2
CAND02931,SK0274,1
CAND09076,SK0234,2
CAND04128,SK0155,1
CAND06221,SK0106,3
CAND08643,SK0124,5
CAND04822,SK0132,5
CAND03406,SK0228,3
CAND05880,SK0217,1
CAND02703,SK0063,5
CAND03772,SK0026,2
CAND07470,SK0124,2
CAND13953,SK0062,5
CAND14106,SK0262,2
CAND13497,SK0116,5
CAND08989,SK0169,1
CAND01534,SK0291,1
CAND05221,SK0265,5
CAND02144,SK0153,3
CAND10676,SK0035,3
CAND05702,SK0163,2
CAND01845,SK0022,1
CAND01687,SK0125,1
CAND02019,SK0156,1
CAND03074,SK0171,3
CAND00938,SK0087,5
CAND09393,SK0293,4
CAND09005,SK0059,3
CAND04685,SK0074,3
CAND10781,SK0163,5
CAND00696,SK0001,3
CAND04955,SK0157,5
CAND06541,SK0117,4
CAND13120,SK0107,3
CAND02756,SK0237,1
CAND00269,SK0025,4
CAND02384,SK0241,4
CAND12140,SK0089,4
CAND01551,SK0012,2
CAND00343,SK0206,4
CAND04267,SK0106,5
CAND11828,SK0184,2
CAND08201,SK0279,5
CAND02255,SK0129,4
CAND03086,SK0034,2
CAND09609,SK0089,3
CAND11020,SK0125,1
CAND08167,SK0108,5
CAND05875,SK0167,5
CAND01425,SK0235,1
CAND06818,SK0186,5
CAND00347,SK0016,5
CAND04343,SK0277,1
CAND06689,SK0243,3
CAND02380,SK0260,5
CAND07426,SK0237,4
CAND11631,SK0176,1
CAND08269,SK0270,5
CAND13721,SK0236,2
CAND10236,SK0233,1
CAND05596,SK0272,3
CAND02019,SK0300,3
CAND10313,SK0003,1
CAND00626,SK0232,2
CAND13633,SK0066,4
CAND00836,SK0037,2
CAND08981,SK0109,3
CAND03506,SK0221,3
CAND00659,SK0247,4
CAND07154,SK0152,1
CAND13367,SK0019,5
CAND05794,SK0280,1
CAND07370,SK0089,2
CAND09120,SK0178,5
CAND11706,SK0139,4
CAND01975,SK0036,5
CAND10678,SK0095,5
CAND01176,SK0082,5
CAND12748,SK0258,4
CAND10975,SK0234,1
CAND01044,SK0125,5
CAND10266,SK0159,5
CAND09322,SK0002,5
CAND14017,SK0165,5
CAND08372,SK0083,3
CAND11274,SK0119,1
CAND06504,SK0234,1
CAND14948,SK0023,3
CAND11027,SK0221,5
CAND06934,SK0001,5
CAND02973,SK0285,4
CAND13457,SK0174,3
CAND14216,SK0182,4
CAND03241,SK0122,3
CAND08436,SK0214,3
CAND14546,SK0206,3
CAND00084,SK0001,4
CAND00948,SK0236,3
CAND14840,SK0226,4
CAND00271,SK0067,5
CAND08231,SK0111,1
CAND06984,SK0170,3
CAND09037,SK0265,2
CAND09533,SK0184,5
CAND00974,SK0172,4
CAND11445,SK0070,3
CAND11182,SK0210,2
CAND12568,SK0105,2
CAND14541,SK0258,5
CAND12811,SK0092,4
CAND03471,SK0109,3
CAND07325,SK0001,2
CAND05025,SK0272,4
CAND13819,SK0147,2
CAND10421,SK0082,4
CAND03195,SK0196,2
CAND11774,SK0105,1
CAND05188,SK0229,4
CAND07744,SK0152,2
CAND13270,SK0235,5
CAND02951,SK0026,4
CAND11751,SK0166,1
CAND03519,SK0210,1
CAND07424,SK0174,2
CAND01513,SK0111,4
CAND12754,SK0090,5
CAND04479,SK0040,1
CAND05843,SK0234,4
CAND02971,SK0237,2
CAND13692,SK0093,5
CAND04152,SK0085,3
CAND01023,SK0200,5
CAND01933,SK0141,4
CAND11353,SK0094,1
CAND13641,SK0091,5
CAND06044,SK0279,4
CAND12122,SK0033,1
CAND01256,SK0207,5
CAND06905,SK0096,1
CAND07314,SK0024,4
CAND07176,SK0111,3
CAND11209,SK0239,4
CAND07907,SK0143,4
CAND07764,SK0262,4
CAND10485,SK0004,4
CAND08593,SK0277,2
CAND01116,SK0234,1
CAND08555,SK0048,2
CAND01498,SK0107,5
CAND01419,SK0088,5
CAND11320,SK0244,4
CAND01554,SK0222,4
CAND07889,SK0299,4
CAND10717,SK0021,1
CAND05757,SK0084,2
CAND05012,SK0063,1
CAND06290,SK0008,1
CAND00152,SK0007,2
CAND09776,SK0028,1
CAND04350,SK0252,1
CAND08890,SK0121,5
CAND14263,SK0080,4
CAND08099,SK0057,1
CAND12307,SK0057,5
CAND05132,SK0270,5
CAND05380,SK0164,4
CAND01891,SK0116,3
CAND02662,SK0242,5
CAND01885,SK0069,3
CAND10123,SK0060,1
CAND10522,SK0151,4
CAND10591,SK0223,4
CAND06949,SK0225,2
CAND00378,SK0175,4
CAND04869,SK0107,1
CAND06579,SK0285,4
CAND07602,SK0224,4
CAND02734,SK0063,2
CAND05066,SK0298,2
CAND05446,SK0285,4
CAND09999,SK0166,2
CAND06702,SK0155,5
CAND10325,SK0169,2
CAND05658,SK0210,5
CAND09950,SK0244,4
CAND07636,SK0080,2
CAND04956,SK0295,2
CAND12762,SK0194,1
CAND03041,SK0258,5
CAND09482,SK0090,1
CAND00587,SK0137,3
CAND00598,SK0195,2
CAND07702,SK0205,2
CAND03520,SK0071,1
CAND02798,SK0152,1
CAND04231,SK0152,1
CAND10825,SK0297,3
CAND11113,SK0212,5
CAND00405,SK0246,1
CAND13798,SK0286,5
CAND14904,SK0243,2
CAND02369,SK0217,3
CAND10151,SK0298,4
CAND02551,SK0141,4
CAND13366,SK0229,3
CAND08343,SK0270,2
CAND11366,SK0158,3
CAND12302,SK0270,2
CAND02104,SK0135,1
CAND09331,SK0085,2
CAND12866,SK0129,2
CAND09542,SK0172,3
CAND06892,SK0176,5
CAND01759,SK0186,1
CAND03780,SK0081,5
CAND08735,SK0153,1
CAND09733,SK0183,5
CAND11589,SK0297,2
CAND14635,SK0009,3
CAND09572,SK0269,1
CAND09644,SK0011,2
CAND10774,SK0093,2
CAND12054,SK0078,4
CAND00887,SK0048,2
CAND00926,SK0271,1
CAND10287,SK0042,4
CAND10976,SK0108,1
CAND00063,SK0176,1
CAND06383,SK0208,4
CAND14495,SK0136,2
CAND03371,SK0093,3
CAND06272,SK0299,4
CAND01672,SK0227,5
CAND04261,SK0249,5
CAND06182,SK0133,2
CAND07003,SK0277,2
CAND10714,SK0057,1
CAND08854,SK0159,2
CAND07422,SK0254,4
CAND05874,SK0051,5
CAND12176,SK0196,1
CAND10936,SK0068,2
CAND08377,SK0094,2
CAND06733,SK0299,4
CAND13937,SK0081,1
CAND02728,SK0230,1
CAND07461,SK0257,4
CAND14125,SK0104,2
CAND14346,SK0163,4
CAND11337,SK0187,3
CAND06438,SK0236,1
CAND04210,SK0019,2
CAND02514,SK0071,5
CAND08371,SK0238,2
CAND06010,SK0218,2
CAND10852,SK0217,5
CAND12498,SK0246,2
CAND11967,SK0299,2
CAND12058,SK0234,5
CAND11193,SK0029,5
CAND13546,SK0103,5
CAND14223,SK0048,4
CAND06381,SK0028,2
CAND01592,SK0075,4
CAND11352,SK0070,1
CAND06292,SK0116,2
CAND03399,SK0017,2
CAND14120,SK0162,4
CAND13791,SK0040,4
CAND12535,SK0161,3
CAND13140,SK0190,2
CAND03884,SK0140,5
CAND07618,SK0001,3
CAND12523,SK0117,1
CAND00630,SK0056,5
CAND06518,SK0125,5
CAND12792,SK0042,4
CAND07417,SK0284,1
CAND04203,SK0143,2
CAND13443,SK0118,3
CAND12514,SK0008,2
CAND13273,SK0162,3
CAND08751,SK0170,4
CAND06857,SK0007,1
CAND09525,SK0205,2
CAND05531,SK0008,4
CAND07900,SK0185,3
CAND02285,SK0155,5
CAND09421,SK0020,2
CAND01105,SK0122,3
CAND09836,SK0140,4
CAND04855,SK0251,3
CAND02806,SK0001,3
CAND08184,SK0250,5
CAND07688,SK0143,5
CAND02469,SK0268,4
CAND03619,SK0280,3
CAND02480,SK0210,3
CAND11461,SK0128,3
CAND13986,SK0068,4
CAND07170,SK0298,5
CAND13639,SK0046,2
CAND02625,SK0002,3
CAND12164,SK0109,2
CAND06193,SK0188,3
CAND14661,SK0100,4
CAND12816,SK0160,3
CAND14695,SK0018,1
CAND04168,SK0300,5
CAND02934,SK0188,5
CAND05080,SK0062,2
CAND13662,SK0070,5
CAND14457,SK0224,5
CAND01025,SK0001,4
CAND08893,SK0205,3
CAND07110,SK0291,1
CAND03170,SK0170,3
CAND10138,SK0006,1
CAND02553,SK0245,1
CAND00958,SK0190,2
CAND14363,SK0234,1
CAND08891,SK0098,5
CAND12778,SK0060,1
CAND05264,SK0083,4
CAND02448,SK0053,1
CAND11852,SK0103,5
CAND14954,SK0255,1
CAND03638,SK0271,4
CAND00252,SK0238,5
CAND08044,SK0151,4
CAND04446,SK0110,3
CAND12903,SK0199,2
CAND02296,SK0174,5
CAND13138,SK0289,5
CAND08157,SK0109,2
CAND04530,SK0208,4
CAND13651,SK0021,1
CAND01354,SK0260,4
CAND13412,SK0213,1
CAND10723,SK0015,5
CAND02234,SK0129,3
CAND05265,SK0268,3
CAND00195,SK0203,1
CAND05955,SK0043,2
CAND14953,SK0015,3
CAND05630,SK0095,5
CAND13574,SK0129,5
CAND14661,SK0262,4
CAND00186,SK0115,1
CAND11221,SK0201,4
CAND05936,SK0287,5
CAND04681,SK0059,5
CAND06801,SK0068,1
CAND12421,SK0105,4
CAND02894,SK0183,5
CAND10950,SK0269,1
CAND06465,SK0203,2
CAND10403,SK0087,5
CAND11407,SK0198,4
CAND04661,SK0114,3
CAND06541,SK0050,3
CAND03461,SK0129,1
CAND12826,SK0203,4
CAND02638,SK0192,3
CAND02493,SK0286,5
CAND02755,SK0285,4
CAND02182,SK0118,2
CAND14350,SK0198,1
CAND08516,SK0010,1
CAND07641,SK0046,1
CAND11324,SK0161,1
CAND08671,SK0219,2
CAND03922,SK0122,3
CAND02369,SK0199,5
CAND04792,SK0011,5
CAND08789,SK0196,3
CAND12486,SK0119,4
CAND08524,SK0268,3
CAND02651,SK0064,4
CAND12472,SK0117,4
CAND03409,SK0015,3
CAND04815,SK0270,3
CAND06457,SK0271,2
CAND05735,SK0291,3
CAND04164,SK0176,1
CAND00490,SK0068,2
CAND08379,SK0072,1
CAND08907,SK0174,3
CAND13847,SK0068,5
CAND03092,SK0186,2
CAND02375,SK0034,3
CAND10346,SK0160,1
CAND13552,SK0268,2
CAND07738,SK0039,5
CAND04648,SK0127,2
CAND03074,SK0191,1
CAND01071,SK0094,1
CAND11887,SK0102,2
CAND06966,SK0279,3
CAND02434,SK0238,1
CAND10937,SK0079,4
CAND03066,SK0001,5
CAND04388,SK0146,4
CAND06998,SK0201,4
CAND04276,SK0069,4
CAND09446,SK0268,4
CAND09378,SK0286,4
CAND14452,SK0081,3
CAND09547,SK0184,1
CAND06969,SK0040,4
CAND02269,SK0023,3
CAND06565,SK0111,3
CAND02384,SK0117,1
CAND10733,SK0120,2
CAND12304,SK0090,2
CAND04440,SK0253,1
CAND13664,SK0117,3
CAND13572,SK0150,4
CAND02660,SK0066,4
CAND14633,SK0165,1
CAND10382,SK0148,1
CAND13899,SK0127,5
CAND13879,SK0013,1
CAND14307,SK0167,1
CAND08583,SK0222,1
CAND12259,SK0026,4
CAND10757,SK0261,5
CAND06531,SK0093,1
CAND00853,SK0141,4
CAND05323,SK0249,2
CAND07048,SK0003,1
CAND02325,SK0263,2
CAND02467,SK0021,2
CAND14562,SK0208,4
CAND03675,SK0048,5
CAND08823,SK0062,4
CAND13317,SK0053,5
CAND01565,SK0021,1
CAND04523,SK0226,4
CAND08961,SK0210,1
CAND04387,SK0104,4
CAND07435,SK0145,2
CAND12928,SK0179,5
CAND11359,SK0020,2
CAND10499,SK0139,4
CAND08279,SK0076,1
CAND08817,SK0122,3
CAND12595,SK0266,1
CAND02025,SK0259,4
CAND03381,SK0274,5
CAND03995,SK0157,4
CAND08014,SK0290,5
CAND13516,SK0121,5
CAND05907,SK0093,1
CAND04324,SK0281,1
CAND05675,SK0139,5
CAND14495,SK0172,3
CAND01826,SK0079,1
CAND06578,SK0272,2
CAND05733,SK0035,3
CAND06667,SK0260,4
CAND13212,SK0076,3
CAND02655,SK0247,3
CAND14670,SK0022,2
CAND09194,SK0138,3
CAND13715,SK0156,5
CAND08673,SK0241,5
CAND11873,SK0292,4
CAND14701,SK0053,4
CAND01684,SK0018,2
CAND04092,SK0269,5
CAND02858,SK0104,4
CAND12655,SK0189,4
CAND00748,SK0209,4
CAND14823,SK0268,2
CAND07377,SK0212,3
CAND08499,SK0235,3
CAND01926,SK0198,2
CAND03560,SK0291,1
CAND07993,SK0057,2
CAND02013,SK0151,2
CAND12008,SK0040,5
CAND04345,SK0035,4
CAND12604,SK0027,3
CAND03504,SK0005,4
CAND09955,SK0122,2
CAND04137,SK0049,4
CAND12078,SK0136,2
CAND05241,SK0195,5
CAND06132,SK0096,5
CAND11484,SK0202,4
CAND04195,SK0115,5
CAND11009,SK0276,5
CAND00304,SK0145,5
CAND08314,SK0016,5
CAND12363,SK0267,4
CAND09849,SK0038,2
CAND05379,SK0108,3
CAND00105,SK0267,2
CAND05800,SK0173,2
CAND01550,SK0130,1
CAND05442,SK0135,2
CAND01333,SK0292,1
CAND05334,SK0188,2
CAND08532,SK0073,3
CAND13179,SK0159,2
CAND07777,SK0186,2
CAND01433,SK0197,3
CAND03169,SK0087,2
CAND05847,SK0181,5
CAND04060,SK0033,1
CAND02075,SK0015,3
CAND12637,SK0038,5
CAND00315,SK0212,3
CAND08899,SK0066,5
CAND08861,SK0173,4
CAND09991,SK0032,1
CAND06858,SK0118,5
CAND06469,SK0164,3
CAND10894,SK0052,4
CAND01040,SK0014,3
CAND05930,SK0084,5
CAND08718,SK0168,3
CAND13418,SK0256,4
CAND06728,SK0046,5
CAND12546,SK0271,1
CAND03821,SK0271,1
CAND08104,SK0298,1
CAND13437,SK0114,2
CAND09552,SK0115,5
CAND11135,SK0037,3
CAND14300,SK0082,5
CAND11775,SK0289,5
CAND10886,SK0296,3
CAND07345,SK0280,2
CAND09509,SK0211,5
CAND09352,SK0029,1
CAND06007,SK0109,4
CAND03019,SK0130,1
CAND02658,SK0096,5
CAND06469,SK0098,1
CAND01547,SK0276,2
CAND12846,SK0136,2
CAND07025,SK0296,4
CAND10970,SK0267,2
CAND05937,SK0140,5
CAND00568,SK0215,3
CAND08256,SK0125,3
CAND00087,SK0062,2
CAND10081,SK0058,4
CAND04108,SK0252,5
CAND11853,SK0205,1
CAND05955,SK0157,5
CAND03415,SK0073,1
CAND14171,SK0065,5
CAND03726,SK0253,5
CAND13092,SK0096,4
CAND05429,SK0035,4
CAND07995,SK0139,5
CAND12823,SK0298,1
CAND01210,SK0120,4
CAND13691,SK0165,3
CAND11967,SK0203,2
CAND14918,SK0011,5
CAND10794,SK0016,1
CAND03864,SK0141,3
CAND06142,SK0064,2
CAND09658,SK0141,4
CAND00656,SK0130,5
CAND04865,SK0162,3
CAND06567,SK0298,3
CAND05091,SK0015,5
CAND12148,SK0021,3
CAND06784,SK0212,2
CAND07860,SK0164,2
CAND02137,SK0101,4
CAND00127,SK0292,5
CAND08398,SK0239,5
CAND06073,SK0139,3
CAND14595,SK0094,4
CAND08026,SK0066,2
CAND09306,SK0193,3
CAND01158,SK0179,4
CAND12683,SK0098,4
CAND13160,SK0146,4
CAND12895,SK0126,2
CAND03258,SK0225,2
CAND07146,SK0158,4
CAND02844,SK0055,4
CAND02163,SK0103,2
CAND06346,SK0074,2
CAND10227,SK0296,2
CAND14210,SK0255,1
CAND06680,SK0182,1
CAND05481,SK0142,1
CAND05647,SK0017,5
CAND13666,SK0109,5
CAND13269,SK0033,3
CAND14242,SK0253,5
CAND08472,SK0008,5
CAND13587,SK0118,1
CAND12650,SK0267,1
CAND11907,SK0095,4
CAND10719,SK0068,2
CAND07724,SK0292,5
CAND04990,SK0002,1
CAND13011,SK0129,4
CAND11656,SK0167,4
CAND06523,SK0058,2
CAND01672,SK0284,3
CAND00413,SK0240,4
CAND07994,SK0056,1
CAND09889,SK0248,4
CAND12535,SK0115,1
CAND06501,SK0125,1
CAND14929,SK0265,3
CAND05363,SK0066,4
CAND07261,SK0083,5
CAND13199,SK0134,5
CAND00260,SK0216,5
CAND13646,SK0262,5
CAND07047,SK0155,2
CAND13576,SK0205,1
CAND04345,SK0004,5
CAND13714,SK0004,2
CAND12633,SK0109,2
CAND10436,SK0145,5
CAND12007,SK0132,3
CAND06855,SK0145,2
CAND02595,SK0158,1
CAND11034,SK0017,4
CAND07331,SK0072,1
CAND07407,SK0283,4
CAND04060,SK0051,1
CAND12352,SK0140,2
CAND01871,SK0224,4
CAND03660,SK0183,1
CAND04695,SK0292,5
CAND07121,SK0208,5
CAND05089,SK0169,5
CAND14971,SK0248,4
CAND03211,SK0177,1
CAND12086,SK0162,1
CAND07668,SK0119,3
CAND02499,SK0248,3
CAND05142,SK0240,5
CAND10958,SK0236,2
CAND04519,SK0148,5
CAND06532,SK0268,2
CAND13173,SK0094,4
CAND09795,SK0091,1
CAND03008,SK0120,5
CAND13025,SK0143,5
CAND08249,SK0145,1
CAND12669,SK0266,3
CAND03997,SK0085,2
CAND01126,SK0093,2
CAND00699,SK0197,2
CAND06712,SK0157,1
CAND00996,SK0035,1
CAND12623,SK0287,4
CAND14281,SK0033,3
CAND04659,SK0234,5
CAND05829,SK0219,4
CAND03384,SK0052,5
CAND08234,SK0047,2
CAND03052,SK0037,3
CAND07815,SK0231,5
CAND12264,SK0211,1
CAND13777,SK0001,5
CAND00265,SK0054,3
CAND01229,SK0059,5
CAND13907,SK0180,5
CAND00053,SK0290,3
CAND13466,SK0147,1
CAND12342,SK0035,4
CAND09825,SK0069,1
CAND09164,SK0224,2
CAND01801,SK0076,1
CAND07974,SK0015,5
CAND12911,SK0203,2
CAND13974,SK0213,3
CAND12090,SK0266,4
CAND08158,SK0096,1
CAND13513,SK0027,3
CAND04318,SK0058,4
CAND07470,SK0036,3
CAND03673,SK0217,1
CAND07806,SK0251,3
CAND14254,SK0056,4
CAND01264,SK0013,1
CAND14478,SK0034,3
CAND05551,SK0130,3
CAND10132,SK0294,3
CAND12831,SK0184,2
CAND04715,SK0076,4
CAND12860,SK0180,5
CAND13766,SK0060,2
CAND00682,SK0217,4
CAND02804,SK0183,4
CAND07750,SK0077,3
CAND06083,SK0088,5
CAND05371,SK0113,4
CAND13834,SK0074,2
CAND05383,SK0075,3
CAND10532,SK0154,2
CAND10439,SK0178,2
CAND02143,SK0133,5
CAND01365,SK0247,2
CAND09815,SK0116,3
CAND01988,SK0034,2
CAND04933,SK0115,2
CAND14142,SK0183,3
CAND11589,SK0254,3
CAND08663,SK0260,1
CAND11326,SK0158,5
CAND07795,SK0138,2
CAND07935,SK0141,3
CAND12120,SK0144,2
CAND08407,SK0063,2
CAND01387,SK0117,2
CAND11992,SK0008,4
CAND00513,SK0083,3
CAND12409,SK0127,1
CAND09030,SK0032,2
CAND13020,SK0134,5
CAND11880,SK0150,1
CAND14368,SK0181,4
CAND11228,SK0028,2
CAND14192,SK0240,5
CAND01927,SK0259,4
CAND03459,SK0213,1
CAND07617,SK0092,5
CAND10320,SK0015,2
CAND05049,SK0163,5
CAND01569,SK0227,4
CAND13092,SK0052,4
CAND10209,SK0107,2
CAND08152,SK0120,2
CAND04385,SK0004,3
CAND06639,SK0092,2
CAND10911,SK0079,2
CAND04064,SK0269,2
CAND06770,SK0100,2
CAND02522,SK0135,3
CAND12653,SK0076,2
CAND02811,SK0003,2
CAND05349,SK0057,2
CAND05445,SK0259,4
CAND06482,SK0200,1
CAND06378,SK0245,3
CAND04584,SK0174,4
CAND10037,SK0127,3
CAND08863,SK0148,4
CAND09534,SK0116,1
CAND08460,SK0298,2
CAND01921,SK0010,3
CAND08636,SK0171,3
CAND10039,SK0117,3
CAND00359,SK0261,5
CAND09329,SK0019,4
CAND09616,SK0236,4
CAND06037,SK0092,5
CAND02826,SK0035,2
CAND08101,SK0100,3
CAND07680,SK0045,5
CAND04419,SK0281,3
CAND13824,SK0067,2
CAND10464,SK0104,4
CAND00520,SK0243,4
CAND05576,SK0289,2
CAND05572,SK0179,3
CAND11429,SK0253,3
CAND13128,SK0140,2
CAND03599,SK0079,2
CAND01934,SK0284,2
CAND05142,SK0260,1
CAND02314,SK0015,5
CAND10878,SK0228,5
CAND04857,SK0104,4
CAND01251,SK0259,1
CAND13814,SK0130,3
CAND08490,SK0232,2
CAND12576,SK0130,5
CAND07996,SK0260,2
CAND13819,SK0101,5
CAND13178,SK0188,2
CAND08708,SK0214,1
CAND01433,SK0245,5
CAND10257,SK0120,4
CAND04664,SK0234,1
CAND06000,SK0206,3
CAND01181,SK0276,3
CAND14358,SK0131,2
CAND06094,SK0002,5
CAND01623,SK0090,3
CAND01915,SK0232,3
CAND01578,SK0236,1
CAND06513,SK0147,3
CAND13733,SK0085,2
CAND11536,SK0287,4
CAND00985,SK0203,2
CAND03522,SK0266,2
CAND10878,SK0271,2
CAND09455,SK0105,4
CAND06659,SK0144,2
CAND01467,SK0025,4
CAND04041,SK0064,4
CAND04133,SK0069,1
CAND13163,SK0070,3
CAND02301,SK0187,5
CAND07473,SK0077,1
CAND07271,SK0110,5
CAND14624,SK0202,1
CAND03851,SK0268,3
CAND10062,SK0281,2
CAND14665,SK0171,2
CAND12688,SK0097,1
CAND08806,SK0211,1
CAND13736,SK0067,3
CAND09745,SK0072,4
CAND00339,SK0183,1
CAND09096,SK0276,2
CAND06597,SK0197,2
CAND06235,SK0012,2
CAND13877,SK0131,3
CAND13050,SK0100,3
CAND01474,SK0270,5
CAND04476,SK0134,1
CAND12701,SK0278,4
CAND04508,SK0097,5
CAND01392,SK0220,2
CAND05529,SK0194,2
CAND06897,SK0216,4
CAND06581,SK0166,3
CAND01336,SK0282,1
CAND12671,SK0126,5
CAND04473,SK0224,5
CAND10706,SK0183,5
CAND00956,SK0130,3
CAND11944,SK0043,5
CAND12406,SK0237,4
CAND14655,SK0043,5
CAND03763,SK0300,2
CAND03837,SK0164,2
CAND01042,SK0116,4
CAND08723,SK0060,4
CAND09126,SK0206,3
CAND03899,SK0116,1
CAND03039,SK0147,3
CAND08564,SK0028,4
CAND04859,SK0017,2
CAND13120,SK0194,4
CAND02550,SK0110,1
CAND12190,SK0187,5
CAND08475,SK0037,1
CAND09353,SK0034,3
CAND04335,SK0126,4
CAND06660,SK0189,2
CAND13288,SK0268,3
CAND11898,SK0221,5
CAND10284,SK0240,1
CAND12952,SK0221,5
CAND12393,SK0224,4
CAND03793,SK0121,5
CAND13033,SK0020,5
CAND09940,SK0104,2
CAND10639,SK0255,3
CAND02891,SK0120,2
CAND08115,SK0154,1
CAND05772,SK0246,1
CAND04145,SK0060,4
CAND12474,SK0014,5
CAND02137,SK0052,2
CAND07429,SK0120,5
CAND13618,SK0104,2
CAND10680,SK0156,4
CAND12406,SK0023,1
CAND05077,SK0094,5
CAND06744,SK0018,5
CAND01637,SK0125,1
CAND01296,SK0106,2
CAND02581,SK0246,2
CAND11452,SK0089,4
CAND00303,SK0152,5
CAND12153,SK0282,3
CAND13113,SK0244,2
CAND07495,SK0168,2
CAND06907,SK0077,5
CAND09770,SK0043,5
CAND10498,SK0273,4
CAND09219,SK0133,5
CAND06772,SK0151,1
CAND12587,SK0125,5
CAND02096,SK0237,1
CAND09457,SK0038,1
CAND00597,SK0062,4
CAND08019,SK0086,5
CAND00672,SK0211,5
CAND14377,SK0176,5
CAND07150,SK0219,4
CAND03769,SK0222,2
CAND12889,SK0206,3
CAND10119,SK0122,3
CAND11840,SK0263,4
CAND11293,SK0134,2
CAND13205,SK0078,4
CAND00998,SK0094,2
CAND13992,SK0200,5
CAND13295,SK0283,2
CAND07100,SK0192,5
CAND07562,SK0127,1
CAND10599,SK0214,1
CAND01081,SK0269,3
CAND02904,SK0205,4
CAND14704,SK0233,1
CAND11042,SK0157,4
CAND04342,SK0203,4
CAND11725,SK0200,1
CAND06636,SK0100,5
CAND09252,SK0175,1
CAND08084,SK0118,3
CAND09512,SK0242,2
CAND07823,SK0199,2
CAND12589,SK0110,5
CAND00994,SK0160,3
CAND14339,SK0090,2
CAND05006,SK0035,4
CAND12830,SK0001,1
CAND10451,SK0193,1
CAND03482,SK0052,2
CAND09715,SK0184,3
CAND02456,SK0085,4
CAND01269,SK0056,4
CAND04259,SK0107,1
CAND04126,SK0159,3
CAND04943,SK0119,1
CAND08459,SK0034,5
CAND09023,SK0086,4
CAND12577,SK0103,4
CAND14328,SK0137,2
CAND02510,SK0147,1
CAND04624,SK0051,4
CAND10252,SK0204,3
CAND03146,SK0188,4
CAND03205,SK0126,3
CAND13159,SK0119,5
CAND12674,SK0292,2
CAND03428,SK0300,4
CAND01147,SK0172,1
CAND11065,SK0057,2
CAND05598,SK0102,4
CAND01014,SK0011,4
CAND11918,SK0247,3
CAND06015,SK0061,5
CAND05684,SK0192,2
CAND03867,SK0060,1
CAND13964,SK0246,4
CAND06216,SK0144,1
CAND01911,SK0014,4
CAND10615,SK0148,4
CAND04149,SK0161,2
CAND11899,SK0009,3
CAND09807,SK0252,5
CAND07511,SK0061,3
CAND06970,SK0253,5
CAND08902,SK0148,5
CAND10067,SK0156,4
CAND13835,SK0249,4
CAND06376,SK0064,1
CAND02526,SK0284,4
CAND00865,SK0113,2
CAND01307,SK0179,5
CAND12530,SK0186,3
CAND05958,SK0248,4
CAND07030,SK0042,4
CAND02119,SK0053,1
CAND10690,SK0110,1
CAND12679,SK0092,2
CAND14679,SK0091,3
CAND07002,SK0054,3
CAND12930,SK0018,3
CAND02191,SK0017,4
CAND07324,SK0233,2
CAND08391,SK0281,5
CAND14925,SK0256,3
CAND12713,SK0062,1
CAND14634,SK0141,4
CAND03138,SK0239,2
CAND11430,SK0204,5
CAND09346,SK0094,2
CAND06391,SK0042,2
CAND00257,SK0222,2
CAND00178,SK0250,3
CAND04303,SK0225,3
CAND06021,SK0189,5
CAND01097,SK0282,3
CAND07358,SK0159,4
CAND00170,SK0199,3
CAND13603,SK0037,2
CAND01341,SK0214,2
CAND00171,SK0224,4
CAND13504,SK0272,4
CAND01847,SK0035,4
CAND11867,SK0199,3
CAND03393,SK0019,5
CAND04691,SK0227,5
CAND08162,SK0216,1
CAND04166,SK0275,2
CAND08076,SK0195,3
CAND00692,SK0048,4
CAND05325,SK0263,5
CAND14751,SK0094,2
CAND12390,SK0231,2
CAND01926,SK0158,4
CAND11798,SK0043,2
CAND06018,SK0131,5
CAND09604,SK0137,2
CAND11119,SK0071,4
CAND10080,SK0075,5
CAND09008,SK0165,5
CAND05298,SK0195,3
CAND14986,SK0096,4
CAND13207,SK0019,2
CAND09353,SK0216,3
CAND01590,SK0200,5
CAND03572,SK0175,1
CAND06232,SK0293,1
CAND02152,SK0009,5
CAND01714,SK0096,1
CAND04367,SK0049,5
CAND08608,SK0244,3
CAND04487,SK0025,3
CAND04593,SK0153,2
CAND12627,SK0240,5
CAND13666,SK0188,4
CAND14864,SK0053,2
CAND03893,SK0248,4
CAND00348,SK0053,1
CAND12750,SK0151,5
CAND04975,SK0172,4
CAND12717,SK0179,2
CAND05648,SK0114,3
CAND04770,SK0079,3
CAND10813,SK0237,1
CAND02503,SK0294,1
CAND10659,SK0047,3
CAND12834,SK0041,2
CAND09147,SK0070,3
CAND09763,SK0011,3
CAND00013,SK0114,4
CAND05937,SK0140,5
CAND12913,SK0048,1
CAND05930,SK0004,3
CAND12381,SK0003,4
CAND11341,SK0262,4
CAND00533,SK0133,1
CAND12500,SK0064,4
CAND08744,SK0058,2
CAND07153,SK0211,4
CAND06201,SK0063,4
CAND02822,SK0053,1
CAND08597,SK0069,2
CAND04913,SK0015,2
CAND07506,SK0179,1
CAND14412,SK0249,4
CAND12791,SK0161,4
CAND08084,SK0018,4
CAND10134,SK0061,5
CAND08749,SK0060,3
CAND07349,SK0119,5
CAND09917,SK0165,1
CAND10002,SK0193,2
CAND13145,SK0058,5
CAND10353,SK0122,5
CAND11399,SK0003,3
CAND13681,SK0205,2
CAND07038,SK0241,3
CAND00601,SK0171,5
CAND01640,SK0040,2
CAND04818,SK0231,1
CAND03733,SK0131,2
CAND08409,SK0236,4
CAND10401,SK0295,3
CAND07095,SK0097,5
CAND01717,SK0052,4
CAND07500,SK0131,4
CAND03901,SK0129,3
CAND04497,SK0089,1
CAND11241,SK0160,1
CAND13407,SK0027,1
CAND08187,SK0233,5
CAND00439,SK0210,1
CAND01907,SK0128,5
CAND00217,SK0079,1
CAND10965,SK0064,4
CAND07580,SK0174,1
CAND07741,SK0060,1
CAND04430,SK0293,4
CAND13070,SK0245,2
CAND08813,SK0087,2
CAND07210,SK0039,4
CAND13609,SK0282,1
CAND07445,SK0017,4
CAND08201,SK0270,3
CAND06718,SK0231,5
CAND12292,SK0232,5
CAND03943,SK0201,1
CAND11290,SK0102,4
CAND00041,SK0244,4
CAND14252,SK0009,5
CAND06894,SK0292,5
CAND14507,SK0155,4
CAND01303,SK0053,3
CAND00053,SK0255,3
CAND08307,SK0209,1
CAND08664,SK0034,4
CAND01269,SK0179,2
CAND03629,SK0076,3
CAND13337,SK0165,2
CAND02688,SK0198,5
CAND00782,SK0010,5
CAND01069,SK0220,1
CAND10947,SK0089,3
CAND05753,SK0026,5
CAND02148,SK0283,4
CAND14509,SK0240,5
CAND00558,SK0241,2
CAND00794,SK0105,2
CAND12361,SK0126,4
CAND00796,SK0116,4
CAND04997,SK0170,2
CAND01071,SK0215,3
CAND13043,SK0130,5
CAND14357,SK0266,2
CAND14690,SK0149,3
CAND00688,SK0133,2
CAND02180,SK0119,2
CAND11867,SK0221,5
CAND12942,SK0291,2
CAND11220,SK0137,2
CAND04289,SK0279,1
CAND06781,SK0028,1
CAND09798,SK0156,4
CAND05227,SK0289,2
CAND03761,SK0049,2
CAND06557,SK0165,1
CAND04827,SK0079,2
CAND06041,SK0072,4
CAND05492,SK0186,5
CAND14636,SK0290,2
CAND10343,SK0247,1
CAND07552,SK0051,1
CAND08378,SK0269,5
CAND11517,SK0026,4
CAND09029,SK0235,3
CAND09682,SK0177,3
CAND11696,SK0155,1
CAND00565,SK0104,5
CAND12184,SK0068,4
CAND10973,SK0258,1
CAND07956,SK0299,1
CAND08237,SK0159,4
CAND05607,SK0080,2
CAND10770,SK0246,4
CAND11136,SK0253,4
CAND02823,SK0145,4
CAND04549,SK0181,3
CAND13885,SK0263,4
CAND01865,SK0062,1
CAND13992,SK0225,5
CAND09209,SK0274,2
CAND03157,SK0185,5
CAND03256,SK0128,3
CAND04099,SK0295,5
CAND04458,SK0101,2
CAND06721,SK0223,3
CAND09391,SK0030,4
CAND08900,SK0175,1
CAND02926,SK0022,2
CAND07774,SK0236,5
CAND03227,SK0191,4
CAND06875,SK0155,2
CAND04069,SK0161,2
CAND12286,SK0295,1
CAND11027,SK0266,1
CAND02242,SK0138,4
CAND05488,SK0043,2
CAND04993,SK0212,5
CAND09764,SK0120,1
CAND02336,SK0288,2
CAND12018,SK0155,5
CAND08364,SK0183,3
CAND09998,SK0125,4
CAND06664,SK0212,4
CAND01322,SK0080,4
CAND04211,SK0002,3
CAND04437,SK0048,1
CAND14977,SK0079,1
CAND01822,SK0049,4
CAND14930,SK0030,4
CAND09901,SK0128,3
CAND05932,SK0053,2
CAND08250,SK0281,1
CAND07605,SK0241,2
CAND07777,SK0072,5
CAND07671,SK0069,4
CAND14205,SK0056,1
CAND08106,SK0127,3
CAND01098,SK0097,2
CAND02633,SK0178,2
CAND00022,SK0090,1
CAND05425,SK0278,2
CAND06672,SK0053,3
CAND03373,SK0163,2
CAND11347,SK0261,5
CAND02507,SK0071,3
CAND04552,SK0214,5
CAND00983,SK0120,4
CAND08664,SK0225,5
CAND08701,SK0214,3
CAND07200,SK0124,4
CAND00162,SK0165,4
CAND14054,SK0238,4
CAND07883,SK0075,3
CAND10160,SK0052,5
CAND14815,SK0092,4
CAND09986,SK0208,4
CAND13014,SK0074,5
CAND12228,SK0034,5
CAND08775,SK0125,2
CAND10436,SK0062,5
CAND01189,SK0182,4
CAND08161,SK0074,1
CAND07275,SK0163,5
CAND08937,SK0032,5
CAND11367,SK0016,1
CAND05799,SK0025,4
CAND04664,SK0094,1
CAND02533,SK0184,5
CAND00910,SK0124,2
CAND07924,SK0233,5
CAND12504,SK0257,2
CAND07568,SK0045,2
CAND05507,SK0162,5
CAND13616,SK0057,3
CAND12649,SK0052,5
CAND05364,SK0080,3
CAND01948,SK0243,1
CAND13098,SK0120,4
CAND10629,SK0287,3
CAND01898,SK0019,1
CAND12699,SK0188,5
CAND14791,SK0186,4
CAND02934,SK0120,5
CAND02301,SK0202,2
CAND00155,SK0295,3
CAND13248,SK0049,2
CAND03782,SK0016,2
CAND02870,SK0249,3
CAND11592,SK0027,3
CAND08565,SK0127,5
CAND06765,SK0178,1
CAND13205,SK0247,1
CAND07819,SK0096,1
CAND06823,SK0131,5
CAND09802,SK0037,1
CAND06556,SK0240,3
CAND14822,SK0165,2
CAND08298,SK0079,4
CAND07566,SK0062,4
CAND01058,SK0134,2
CAND01762,SK0123,1
CAND07379,SK0015,1
CAND10416,SK0069,4
CAND05659,SK0272,2
CAND12310,SK0138,1
CAND02080,SK0139,1
CAND12144,SK0044,4
CAND11256,SK0228,5
CAND02580,SK0292,5
CAND12044,SK0111,2
CAND05726,SK0178,1
CAND05780,SK0085,3
CAND08297,SK0124,2
CAND07526,SK0211,5
CAND07381,SK0233,3
CAND11964,SK0099,4
CAND03947,SK0158,1
CAND05443,SK0214,3
CAND10318,SK0131,2
CAND03582,SK0029,2
CAND06482,SK0026,1
CAND12793,SK0143,5
CAND00025,SK0088,4
CAND14806,SK0114,5
CAND01468,SK0079,1
CAND06961,SK0045,4
CAND11426,SK0203,4
CAND13059,SK0052,4
CAND14965,SK0225,1
CAND07417,SK0143,5
CAND08851,SK0037,5
CAND09294,SK0055,3
CAND05000,SK0155,2
CAND06172,SK0097,1
CAND08932,SK0001,4
CAND07365,SK0063,2
CAND12429,SK0044,4
CAND12649,SK0078,1
CAND01477,SK0234,3
CAND14130,SK0240,2
CAND07245,SK0127,3
CAND14935,SK0055,1
CAND11083,SK0150,4
CAND06591,SK0232,2
CAND00847,SK0218,4
CAND09342,SK0052,1
CAND06029,SK0210,4
CAND14042,SK0226,4
CAND04697,SK0015,2
CAND11727,SK0187,1
CAND13720,SK0126,4
CAND05728,SK0130,2
CAND06074,SK0220,2
CAND12282,SK0133,1
CAND01109,SK0021,3
CAND05272,SK0139,2
CAND11938,SK0089,2
CAND14838,SK0222,2
CAND07634,SK0086,5
CAND03060,SK0265,3
CAND06188,SK0157,2
CAND06083,SK0193,2
CAND02403,SK0170,4
CAND14412,SK0005,4
CAND09683,SK0076,3
CAND02675,SK0024,5
CAND09066,SK0193,2
CAND12981,SK0038,5
CAND00598,SK0287,4
CAND12187,SK0074,3
CAND00556,SK0018,2
CAND12997,SK0256,4
CAND11047,SK0184,2
CAND04923,SK0229,2
CAND03668,SK0287,2
CAND12009,SK0263,1
CAND14881,SK0266,4
CAND00958,SK0226,4
CAND07143,SK0077,4
CAND07155,SK0089,1
CAND00882,SK0134,2
CAND05421,SK0193,2
CAND13859,SK0253,1
CAND03953,SK0092,2
CAND03300,SK0275,5
CAND10285,SK0048,2
CAND10932,SK0217,5
CAND11771,SK0034,2
CAND06915,SK0233,4
CAND14374,SK0136,2
CAND10515,SK0156,5
CAND01198,SK0093,1
CAND11792,SK0098,1
CAND12939,SK0221,1
CAND04347,SK0193,4
CAND04722,SK0193,4
CAND14185,SK0180,5
CAND11513,SK0008,3
CAND03554,SK0216,3
CAND08683,SK0246,4
CAND03165,SK0219,3
CAND08842,SK0255,3
CAND07172,SK0205,2
CAND08120,SK0022,4
CAND09018,SK0287,5
CAND07844,SK0152,2
CAND01028,SK0300,4
CAND12412,SK0041,2
CAND06614,SK0017,3
CAND05260,SK0207,3
CAND06257,SK0084,2
CAND04690,SK0121,2
CAND03156,SK0167,1
CAND07280,SK0275,5
CAND01804,SK0156,2
CAND09318,SK0024,4
CAND01730,SK0293,3
CAND11725,SK0081,1
CAND03403,SK0291,2
CAND08219,SK0147,3
CAND07828,SK0071,4
CAND00725,SK0036,4
CAND08174,SK0001,4
CAND00580,SK0154,5
CAND14474,SK0026,2
CAND07639,SK0067,5
CAND08670,SK0050,2
CAND07473,SK0138,4
CAND07433,SK0241,4
CAND10722,SK0239,3
CAND05763,SK0274,3
CAND07904,SK0249,3
CAND00140,SK0149,1
CAND13061,SK0191,1
CAND08395,SK0079,5
CAND10604,SK0076,3
CAND02534,SK0001,1
CAND08514,SK0232,2
CAND06911,SK0279,1
CAND12224,SK0106,1
CAND12123,SK0275,3
CAND01640,SK0081,3
CAND11469,SK0102,4
CAND01836,SK0256,2
CAND00513,SK0104,5
CAND03715,SK0254,4
CAND11606,SK0104,4
CAND13511,SK0202,2
CAND06500,SK0028,5
CAND07845,SK0097,5
CAND08930,SK0201,5
CAND13201,SK0117,3
CAND11146,SK0156,3
CAND02041,SK0087,2
CAND11834,SK0076,2
CAND05799,SK0086,1
CAND09704,SK0225,5
CAND14078,SK0141,1
CAND01890,SK0026,5
CAND14961,SK0228,4
CAND14750,SK0141,1
CAND05146,SK0174,2
CAND01440,SK0150,1
CAND05731,SK0020,5
CAND14528,SK0199,4
CAND06719,SK0028,2
CAND08398,SK0214,3
CAND05226,SK0141,4
CAND13967,SK0189,1
CAND02475,SK0254,5
CAND02746,SK0265,5
CAND11758,SK0036,3
CAND07832,SK0169,1
CAND02897,SK0146,5
CAND04042,SK0144,1
CAND01402,SK0155,3
CAND13066,SK0219,5
CAND05489,SK0050,1
CAND11987,SK0135,2
CAND13248,SK0194,3
CAND10114,SK0189,3
CAND10075,SK0106,4
CAND10104,SK0195,4
CAND07328,SK0254,5
CAND09054,SK0036,1
CAND06435,SK0040,2
CAND11252,SK0137,5
CAND06120,SK0191,3
CAND12466,SK0211,1
CAND06317,SK0101,3
CAND04042,SK0046,1
CAND06705,SK0209,5
CAND05120,SK0085,1
CAND08608,SK0174,4
CAND13626,SK0008,2
CAND09170,SK0170,4
CAND00612,SK0004,5
CAND05424,SK0246,5
CAND06471,SK0033,1
CAND07199,SK0283,1
CAND08400,SK0125,5
CAND06618,SK0025,5
CAND07010,SK0282,3
CAND10699,SK0094,2
CAND05186,SK0229,3
CAND04631,SK0247,5
CAND05740,SK0222,2
CAND00481,SK0113,1
CAND07711,SK0206,2
CAND10533,SK0133,5
CAND09723,SK0023,4
CAND02817,SK0156,5
CAND00962,SK0115,1
CAND13340,SK0159,4
CAND14088,SK0082,4
CAND05373,SK0020,2
CAND03559,SK0093,1
CAND00645,SK0061,1
CAND11426,SK0118,1
CAND11546,SK0104,3
CAND04229,SK0135,5
CAND04769,SK0097,2
CAND00618,SK0156,4
CAND09706,SK0237,2
CAND08598,SK0078,4
CAND12701,SK0254,5
CAND02979,SK0261,4
CAND08659,SK0274,3
CAND07295,SK0087,5
CAND10107,SK0032,4
CAND01366,SK0147,4
CAND05359,SK0166,3
CAND14449,SK0215,4
CAND00053,SK0032,5
CAND10095,SK0114,4
CAND03105,SK0196,1
CAND14076,SK0296,2
CAND08731,SK0051,1
CAND08875,SK0079,3
CAND08181,SK0213,2
CAND04629,SK0299,1
CAND12387,SK0062,3
CAND06917,SK0223,1
CAND14707,SK0102,5
CAND01439,SK0278,4
CAND13658,SK0062,4
CAND14778,SK0112,4
CAND08457,SK0258,2
CAND06923,SK0082,3
CAND06212,SK0063,2
CAND08133,SK0168,2
CAND11482,SK0204,1
CAND06609,SK0226,4
CAND09065,SK0273,4
CAND11223,SK0208,4
CAND09930,SK0241,4
CAND14149,SK0122,3
CAND10690,SK0138,1
CAND06223,SK0009,4
CAND02689,SK0074,5
CAND02748,SK0281,2
CAND05688,SK0167,1
CAND07064,SK0240,3
CAND09827,SK0287,5
CAND14351,SK0156,2
CAND02957,SK0011,5
CAND02091,SK0163,5
CAND11157,SK0066,5
CAND05871,SK0200,2
CAND06671,SK0120,2
CAND04330,SK0192,3
CAND14749,SK0060,3
CAND03273,SK0088,5
CAND08165,SK0026,2
CAND06348,SK0298,1
CAND14657,SK0184,4
CAND07982,SK0014,2
CAND06571,SK0002,2
CAND07940,SK0139,3
CAND09113,SK0049,2
CAND01893,SK0266,3
CAND00967,SK0020,1
CAND05459,SK0136,2
CAND09106,SK0255,3
CAND11309,SK0235,3
CAND09777,SK0114,3
CAND13291,SK0149,2
CAND13748,SK0128,5
CAND00669,SK0043,3
CAND09309,SK0062,3
CAND12319,SK0200,2
CAND05439,SK0122,5
CAND14952,SK0211,1
CAND12232,SK0277,3
CAND06336,SK0203,5
CAND10909,SK0014,3
CAND03046,SK0141,1
CAND04281,SK0122,5
CAND00640,SK0138,5
CAND14033,SK0116,5
CAND07834,SK0296,2
CAND01961,SK0036,2
CAND04100,SK0288,1
CAND01666,SK0092,5
CAND12678,SK0168,1
CAND04484,SK0157,2
CAND06543,SK0137,5
CAND08458,SK0241,3
CAND04305,SK0102,4
CAND13312,SK0256,4
CAND11823,SK0047,2
CAND09691,SK0180,2
CAND03659,SK0024,3
CAND07230,SK0244,2
CAND07530,SK0184,3
CAND01599,SK0208,5
CAND03790,SK0216,4
CAND13031,SK0215,3
CAND03337,SK0249,3
CAND10347,SK0084,4
CAND09909,SK0054,5
CAND09395,SK0064,4
CAND01514,SK0035,2
CAND03418,SK0158,4
CAND08863,SK0070,4
CAND12184,SK0269,3
CAND08662,SK0005,3
CAND13204,SK0006,2
CAND06763,SK0210,5
CAND11313,SK0046,1
CAND05849,SK0279,5
CAND04638,SK0202,5
CAND11334,SK0136,4
CAND05198,SK0084,2
CAND00610,SK0144,3
CAND12875,SK0040,5
CAND09039,SK0145,1
CAND11139,SK0087,3
CAND10764,SK0156,3
CAND09805,SK0295,2
CAND07392,SK0228,1
CAND00435,SK0013,1
CAND00282,SK0040,1
CAND02809,SK0088,4
CAND11951,SK0239,1
CAND00434,SK0085,4
CAND14698,SK0221,4
CAND01431,SK0019,4
CAND03566,SK0229,3
CAND12860,SK0092,4
CAND01935,SK0300,3
CAND00603,SK0078,3
CAND10738,SK0148,5
CAND09070,SK0020,2
CAND09968,SK0052,5
CAND03879,SK0019,1
CAND07712,SK0115,2
CAND13521,SK0068,1
CAND12311,SK0197,1
CAND03149,SK0079,3
CAND08057,SK0057,1
CAND04054,SK0041,5
CAND05740,SK0296,2
CAND13144,SK0051,1
CAND10695,SK0233,3
CAND03309,SK0225,4
CAND00711,SK0169,5
CAND14347,SK0050,2
CAND07682,SK0065,4
CAND06399,SK0184,5
CAND07174,SK0051,3
CAND13322,SK0012,3
CAND05663,SK0030,5
CAND05946,SK0175,4
CAND11261,SK0267,5
CAND10920,SK0076,4
CAND04607,SK0043,1
CAND00515,SK0286,2
CAND12098,SK0107,5
CAND02387,SK0162,3
CAND14822,SK0101,3
CAND08908,SK0010,2
CAND02898,SK0103,3
CAND09708,SK0195,5
CAND14248,SK0273,2
CAND08281,SK0074,5
CAND12002,SK0220,2
CAND00079,SK0064,5
CAND07660,SK0153,4
CAND06733,SK0275,4
CAND01438,SK0019,3
CAND06187,SK0232,4
CAND12341,SK0045,3
CAND05266,SK0179,4
CAND03844,SK0097,4
CAND03189,SK0014,4
CAND04529,SK0220,1
CAND12444,SK0102,5
CAND04187,SK0137,5
CAND09760,SK0096,5
CAND09393,SK0165,3
CAND08533,SK0011,2
CAND05376,SK0199,2
CAND11495,SK0269,4
CAND10088,SK0265,3
CAND02294,SK0197,4
CAND07478,SK0094,3
CAND09889,SK0171,5
CAND07125,SK0279,4
CAND10268,SK0286,4
CAND09769,SK0104,1
CAND06659,SK0166,2
CAND03465,SK0244,1
CAND00935,SK0264,1
CAND13156,SK0142,3
CAND12355,SK0215,5
CAND08929,SK0020,3
CAND13561,SK0080,4
CAND10138,SK0163,5
CAND07551,SK0155,4
CAND00809,SK0025,5
CAND11483,SK0069,4
CAND13575,SK0035,5
CAND05076,SK0294,1
CAND12701,SK0231,5
CAND08734,SK0024,1
CAND00518,SK0213,5
CAND00937,SK0136,4
CAND02929,SK0020,3
CAND04179,SK0002,4
CAND08870,SK0293,2
CAND11435,SK0130,5
CAND06544,SK0195,2
CAND00044,SK0123,4
CAND02659,SK0226,3
CAND07621,SK0298,4
CAND01512,SK0156,4
CAND11648,SK0093,5
CAND05266,SK0209,5
CAND06961,SK0068,5
CAND05483,SK0053,1
CAND04539,SK0145,5
CAND10528,SK0130,4
CAND11906,SK0054,4
CAND07006,SK0030,4
CAND10444,SK0099,3
CAND01244,SK0071,5
CAND10508,SK0246,3
CAND11674,SK0028,1
CAND13071,SK0175,2
CAND01413,SK0257,1
CAND00213,SK0094,4
CAND02256,SK0116,3
CAND00658,SK0145,1
CAND09189,SK0102,4
CAND09578,SK0231,4
CAND09118,SK0214,2
CAND14226,SK0150,4
CAND00804,SK0257,1
CAND07518,SK0005,5
CAND04528,SK0221,1
CAND09898,SK0213,3
CAND02945,SK0046,3
CAND10182,SK0169,2
CAND12067,SK0142,5
CAND06494,SK0017,2
CAND09154,SK0050,5
CAND13543,SK0063,3
CAND07172,SK0067,4
CAND01789,SK0077,4
CAND12544,SK0235,3
CAND05261,SK0043,4
CAND00442,SK0087,2
CAND11088,SK0040,3
CAND07940,SK0092,1
CAND12421,SK0094,2
CAND00216,SK0070,3
CAND14238,SK0041,1
CAND05555,SK0134,2
CAND00110,SK0120,5
CAND01746,SK0015,1
CAND13312,SK0097,2
CAND12651,SK0200,2
CAND14622,SK0147,3
CAND14453,SK0005,2
CAND11079,SK0203,5
CAND08948,SK0248,3
CAND02883,SK0215,2
CAND03051,SK0296,1
CAND12338,SK0261,1
CAND12089,SK0171,5
CAND03906,SK0244,3
CAND04615,SK0198,3
CAND10919,SK0215,5
CAND04888,SK0215,5
CAND06451,SK0126,1
CAND06592,SK0174,3
CAND14034,SK0194,2
CAND14420,SK0215,5
CAND02219,SK0219,2
CAND08700,SK0017,3
CAND14503,SK0125,1
CAND02328,SK0088,3
CAND03359,SK0124,5
CAND06736,SK0001,5
CAND14353,SK0009,4
CAND09628,SK0142,5
CAND08798,SK0002,2
CAND14421,SK0078,2
CAND02268,SK0197,2
CAND08211,SK0254,1
CAND06835,SK0180,5
CAND00961,SK0082,4
CAND05915,SK0156,5
CAND14202,SK0013,3
CAND09708,SK0281,5
CAND01346,SK0086,1
CAND10983,SK0054,5
CAND00136,SK0194,3
CAND10432,SK0236,4
CAND00150,SK0214,3
CAND08997,SK0243,4
CAND04518,SK0082,1
CAND09525,SK0091,5
CAND02835,SK0144,4
CAND08503,SK0039,1
CAND04521,SK0021,5
CAND04050,SK0088,1
CAND06286,SK0020,1
CAND12660,SK0115,3
CAND09696,SK0217,1
CAND10776,SK0127,2
CAND01365,SK0191,5
CAND00451,SK0122,4
CAND13206,SK0203,1
CAND01248,SK0217,2
CAND11582,SK0062,4
CAND11257,SK0008,4
CAND13941,SK0103,1
CAND09773,SK0249,3
CAND00515,SK0191,3
CAND08444,SK0238,4
CAND02127,SK0030,2
CAND08371,SK0017,4
CAND06313,SK0162,1
CAND01243,SK0192,2
CAND07916,SK0237,1
CAND12283,SK0021,3
CAND12027,SK0285,1
CAND04738,SK0119,2
CAND14836,SK0223,5
CAND12311,SK0109,2
CAND05541,SK0034,2
CAND09471,SK0258,3
CAND06208,SK0288,4
CAND13797,SK0215,2
CAND00746,SK0078,2
CAND02617,SK0231,2
CAND11501,SK0235,4
CAND01247,SK0132,1
CAND09691,SK0169,2
CAND05745,SK0017,2
CAND04668,SK0255,2
CAND06295,SK0116,3
CAND06641,SK0174,1
CAND08819,SK0159,3
CAND05578,SK0241,5
CAND04195,SK0084,1
CAND13546,SK0026,2
CAND03686,SK0043,5
CAND04445,SK0300,4
CAND02089,SK0051,3
CAND10580,SK0252,2
CAND13625,SK0219,2
CAND09989,SK0138,2
CAND09011,SK0169,3
CAND11262,SK0234,4
CAND01576,SK0020,2
CAND03815,SK0174,3
CAND13609,SK0271,3
CAND08566,SK0104,5
CAND10316,SK0123,3
CAND07283,SK0085,4
CAND11102,SK0086,4
CAND06684,SK0071,2
CAND06907,SK0239,4
CAND09371,SK0130,1
CAND12351,SK0160,3
CAND02285,SK0061,4
CAND00062,SK0172,4
CAND02673,SK0256,4
CAND12728,SK0197,2
CAND10266,SK0291,1
CAND04390,SK0171,2
CAND01699,SK0257,1
CAND08571,SK0002,4
CAND04421,SK0012,1
CAND03079,SK0169,3
CAND02025,SK0200,2
CAND07651,SK0180,5
CAND08502,SK0071,2
CAND00517,SK0286,5
CAND02623,SK0080,3
CAND10445,SK0238,3
CAND00942,SK0157,1
CAND00825,SK0171,5
CAND10199,SK0132,3
CAND00472,SK0271,1
CAND00775,SK0287,1
CAND08032,SK0039,2
CAND05094,SK0171,1
CAND01915,SK0046,3
CAND11582,SK0094,2
CAND13591,SK0239,5
CAND13825,SK0054,1
CAND02936,SK0211,4
CAND01861,SK0078,2
CAND13208,SK0297,4
CAND05135,SK0151,5
CAND07898,SK0047,1
CAND09538,SK0127,4
CAND12240,SK0072,2
CAND12580,SK0231,2
CAND00509,SK0219,5
CAND14307,SK0107,4
CAND13980,SK0036,3
CAND07864,SK0288,1
CAND11218,SK0065,5
CAND05857,SK0296,3
CAND02492,SK0171,5
CAND05731,SK0035,1
CAND12398,SK0027,2
CAND06268,SK0060,5
CAND02698,SK0205,1
CAND14888,SK0121,3
CAND06457,SK0025,3
CAND13007,SK0212,1
CAND03004,SK0260,2
CAND09367,SK0207,3
CAND11481,SK0215,4
CAND03859,SK0249,2
CAND10377,SK0007,2
CAND11434,SK0263,1
CAND10744,SK0227,2
CAND03783,SK0221,5
CAND06577,SK0191,2
CAND04154,SK0222,4
CAND10285,SK0014,2
CAND13071,SK0147,3
CAND14175,SK0168,2
CAND08390,SK0067,4
CAND08450,SK0078,5
CAND04168,SK0146,5
CAND06727,SK0295,3
CAND09252,SK0100,3
CAND05284,SK0276,5
CAND09648,SK0073,4
CAND06418,SK0300,2
CAND09342,SK0094,2
CAND09603,SK0158,1
CAND06160,SK0266,5
CAND11964,SK0299,3
CAND00894,SK0174,4
CAND02000,SK0066,3
CAND00200,SK0232,2
CAND13541,SK0282,2
CAND13806,SK0060,2
CAND12922,SK0138,2
CAND13399,SK0239,3
CAND05841,SK0160,5
CAND03036,SK0298,5
CAND11086,SK0059,2
CAND13613,SK0037,5
CAND01562,SK0245,2
CAND00900,SK0293,4
CAND05793,SK0028,1
CAND10375,SK0128,3
CAND10717,SK0271,1
CAND13899,SK0163,5
CAND08200,SK0038,3
CAND04027,SK0013,5
CAND08338,SK0115,5
CAND13659,SK0200,2
CAND02984,SK0172,5
CAND07474,SK0145,1
CAND08347,SK0131,2
CAND03032,SK0048,5
CAND06652,SK0194,4
CAND12806,SK0149,2
CAND06726,SK0025,5
CAND13722,SK0084,2
CAND07853,SK0285,1
CAND12489,SK0004,4
CAND04999,SK0196,1
CAND11644,SK0243,3
CAND03519,SK0008,3
CAND06698,SK0263,3
CAND02907,SK0271,5
CAND10115,SK0112,1
CAND06631,SK0002,5
CAND11969,SK0205,5
CAND08120,SK0073,1
CAND05966,SK0267,3
CAND00991,SK0074,5
CAND09255,SK0092,2
CAND05621,SK0097,3
CAND09652,SK0030,1
CAND12487,SK0132,5
CAND12931,SK0166,3
CAND09406,SK0194,5
CAND11265,SK0051,3
CAND08810,SK0216,4
CAND08235,SK0111,2
CAND02550,SK0264,3
CAND07509,SK0016,4
CAND06880,SK0250,2
CAND00613,SK0282,3
CAND01965,SK0084,1
CAND05726,SK0115,4
CAND12356,SK0226,2
CAND00152,SK0002,2
CAND12790,SK0287,5
CAND13664,SK0279,4
CAND09356,SK0159,5
CAND10984,SK0220,4
CAND13242,SK0120,4
CAND12465,SK0215,2
CAND06678,SK0217,2
CAND05692,SK0061,5
CAND01191,SK0198,1
CAND07602,SK0265,1
CAND05725,SK0235,3
CAND04819,SK0224,5
CAND04706,SK0220,2
CAND06228,SK0119,4
CAND02579,SK0208,4
CAND06882,SK0129,2
CAND14543,SK0015,3
CAND00844,SK0018,3
CAND05313,SK0167,2
CAND14291,SK0218,1
CAND00413,SK0171,5
CAND09024,SK0033,1
CAND02334,SK0228,3
CAND10653,SK0199,4
CAND06417,SK0147,1
CAND11112,SK0162,2
CAND11987,SK0193,1
CAND04357,SK0013,3
CAND03882,SK0115,5
CAND05876,SK0052,4
CAND00175,SK0230,3
CAND14052,SK0140,2
CAND03677,SK0029,2
CAND06706,SK0234,4
CAND07398,SK0195,3
CAND10948,SK0003,2
CAND01934,SK0285,1
CAND01364,SK0154,1
CAND06557,SK0262,4
CAND08692,SK0199,1
CAND12106,SK0031,2
CAND06945,SK0135,2
CAND10555,SK0068,2
CAND03795,SK0220,1
CAND14584,SK0046,4
CAND05520,SK0125,1
CAND09364,SK0055,3
CAND04597,SK0300,4
CAND06718,SK0067,2
CAND13454,SK0208,2
CAND10695,SK0148,1
CAND08951,SK0053,1
CAND11446,SK0024,1
CAND13319,SK0003,2
CAND09992,SK0015,4
CAND08618,SK0091,4
CAND12044,SK0164,3
CAND11019,SK0295,1
CAND13352,SK0151,1
CAND01141,SK0171,2
CAND08678,SK0081,4
CAND12013,SK0275,2
CAND07979,SK0152,1
CAND14533,SK0134,4
CAND13853,SK0079,4
CAND14905,SK0178,2
CAND08989,SK0237,1
CAND03329,SK0106,1
CAND03455,SK0140,2
CAND12943,SK0031,5
CAND10491,SK0166,1
CAND01127,SK0276,2
CAND12665,SK0236,2
CAND00592,SK0109,3
CAND06905,SK0243,3
CAND13260,SK0215,5
CAND09422,SK0031,2
CAND00980,SK0065,3
CAND08840,SK0128,2
CAND02151,SK0221,3
CAND04777,SK0093,5
CAND01157,SK0223,3
CAND12990,SK0109,3
CAND04899,SK0063,2
CAND12707,SK0039,4
CAND05365,SK0208,4
CAND07094,SK0002,4
CAND00400,SK0003,3
CAND11825,SK0197,3
CAND05558,SK0008,1
CAND01077,SK0013,2
CAND05606,SK0034,1
CAND04727,SK0228,1
CAND04317,SK0259,2
CAND05348,SK0131,5
CAND01032,SK0015,2
CAND13607,SK0219,5
CAND04118,SK0037,4
CAND03586,SK0275,4
CAND03194,SK0086,3
CAND09211,SK0006,2
CAND01406,SK0055,3
CAND02930,SK0259,3
CAND12983,SK0239,5
CAND03981,SK0296,4
CAND12940,SK0164,3
CAND12402,SK0297,4
CAND03821,SK0075,4
CAND13337,SK0196,4
CAND11274,SK0201,1
CAND11583,SK0054,4
CAND04328,SK0207,1
CAND02547,SK0003,2
CAND04757,SK0103,3
CAND03675,SK0091,1
CAND01667,SK0161,3
CAND14445,SK0025,4
CAND11660,SK0212,4
CAND11009,SK0259,5
CAND08376,SK0044,2
CAND10554,SK0181,4
CAND12212,SK0195,4
CAND13448,SK0231,1
CAND12983,SK0050,5
CAND02305,SK0177,1
CAND01245,SK0235,3
CAND14210,SK0194,2
CAND05207,SK0122,1
CAND09072,SK0096,1
CAND00352,SK0106,1
CAND07537,SK0234,5
CAND13090,SK0133,4
CAND05995,SK0144,2
CAND05341,SK0030,1
CAND07266,SK0114,3
CAND04272,SK0170,4
CAND08549,SK0178,1
CAND04965,SK0257,5
CAND01243,SK0027,5
CAND07605,SK0101,2
CAND04196,SK0280,1
CAND04443,SK0187,5
CAND04795,SK0232,2
CAND05771,SK0198,4
CAND13068,SK0053,3
CAND00043,SK0209,5
CAND09464,SK0243,2
CAND10437,SK0231,2
CAND11343,SK0060,1
CAND03715,SK0221,2
CAND03570,SK0180,1
CAND07460,SK0081,4
CAND05302,SK0030,2
CAND04114,SK0259,1
CAND04988,SK0054,2
CAND03517,SK0287,2
CAND05217,SK0115,1
CAND14132,SK0077,3
CAND06380,SK0249,2
CAND02218,SK0143,1
CAND11200,SK0179,3
CAND10497,SK0226,1
CAND11643,SK0239,3
CAND04367,SK0011,2
CAND13062,SK0040,5
CAND06469,SK0245,4
CAND13048,SK0256,3
CAND07869,SK0032,1
CAND09587,SK0057,4
CAND04794,SK0159,1
CAND14419,SK0136,4
CAND07386,SK0025,1
CAND00050,SK0290,5
CAND03743,SK0262,2
CAND08655,SK0029,5
CAND07220,SK0005,4
CAND05141,SK0045,4
CAND08764,SK0299,3
CAND00663,SK0218,1
CAND02191,SK0089,5
CAND06754,SK0141,2
CAND11701,SK0011,5
CAND14211,SK0020,1
CAND03497,SK0072,3
CAND12709,SK0226,5
CAND04594,SK0166,5
CAND08792,SK0018,3
CAND06901,SK0143,4
CAND00584,SK0051,2
CAND04512,SK0085,2
CAND08673,SK0241,1
CAND03406,SK0018,2
CAND05151,SK0108,4
CAND09964,SK0193,4
CAND02333,SK0006,3
CAND07377,SK0183,4
CAND11480,SK0150,3
CAND04436,SK0011,2
CAND05703,SK0060,3
CAND12231,SK0147,4
CAND06112,SK0205,5
CAND04196,SK0250,1
CAND13933,SK0291,5
CAND11834,SK0042,1
CAND02635,SK0110,4
CAND04994,SK0262,4
CAND09785,SK0197,1
CAND09299,SK0173,5
CAND11041,SK0184,1
CAND07057,SK0251,5
CAND03099,SK0032,2
CAND01945,SK0267,5
CAND13981,SK0190,4
CAND12856,SK0278,2
CAND09181,SK0063,5
CAND04790,SK0299,1
CAND02243,SK0192,2
CAND10392,SK0094,1
CAND00922,SK0137,2
CAND10718,SK0289,5
CAND03523,SK0264,3
CAND10897,SK0071,1
CAND01498,SK0049,4
CAND07740,SK0050,2
CAND14315,SK0237,3
CAND00343,SK0090,3
CAND01641,SK0096,3
CAND11868,SK0015,5
CAND06078,SK0103,2
CAND06110,SK0263,3
CAND05402,SK0151,2
CAND03499,SK0038,1
CAND08937,SK0197,5
CAND11006,SK0166,5
CAND07498,SK0001,1
CAND08481,SK0246,4
CAND01747,SK0262,5
CAND11697,SK0025,5
CAND03293,SK0055,5
CAND00098,SK0117,2
CAND11729,SK0289,3
CAND06471,SK0152,3
CAND13139,SK0063,2
CAND10635,SK0260,5
CAND04983,SK0219,4
CAND08389,SK0273,2
CAND06944,SK0123,3
CAND00668,SK0212,4
CAND11731,SK0108,2
CAND02234,SK0254,4
CAND12638,SK0099,5
CAND01107,SK0045,2
CAND06569,SK0228,1
CAND04545,SK0142,3
CAND12573,SK0133,1
CAND08747,SK0149,2
CAND00303,SK0299,4
CAND01970,SK0240,2
CAND12453,SK0271,2
CAND11305,SK0124,3
CAND00836,SK0254,3
CAND12175,SK0054,3
CAND05326,SK0246,2
CAND13038,SK0074,1
CAND14369,SK0266,3
CAND08285,SK0280,5
CAND06275,SK0152,2
CAND09378,SK0173,5
CAND14014,SK0045,1
CAND13778,SK0257,4
CAND02691,SK0211,2
CAND11400,SK0109,1
CAND09789,SK0056,1
CAND05485,SK0062,3
CAND14475,SK0060,1
CAND06045,SK0095,4
CAND05893,SK0286,5
CAND11792,SK0119,2
CAND01165,SK0205,1
CAND02997,SK0202,1
CAND07349,SK0090,4
CAND12369,SK0065,5
CAND03540,SK0061,5
CAND11635,SK0053,3
CAND08798,SK0239,3
CAND01198,SK0134,3
CAND06056,SK0129,3
CAND11363,SK0248,2
CAND14894,SK0011,2
CAND02430,SK0276,2
CAND07697,SK0177,2
CAND05874,SK0019,1
CAND11628,SK0145,4
CAND06590,SK0211,1
CAND08107,SK0163,5
CAND05377,SK0288,3
CAND09410,SK0187,3
CAND04969,SK0131,2
CAND11107,SK0131,2
CAND00214,SK0285,1
CAND02175,SK0161,3
CAND05083,SK0033,4
CAND05625,SK0064,4
CAND11493,SK0090,5
CAND07221,SK0066,5
CAND08663,SK0147,4
CAND03705,SK0236,5
CAND09478,SK0175,1
CAND03421,SK0074,5
CAND05811,SK0007,5
CAND00752,SK0079,2
CAND06031,SK0219,3
CAND03366,SK0091,4
CAND13780,SK0023,4
CAND09555,SK0128,2
CAND05963,SK0066,2
CAND13113,SK0262,4
CAND11190,SK0117,2
CAND11209,SK0264,3
CAND09492,SK0185,5
CAND07723,SK0014,1
CAND01632,SK0227,3
CAND12718,SK0096,4
CAND03226,SK0228,2
CAND05581,SK0019,2
CAND06877,SK0201,1
CAND01184,SK0280,5
CAND14304,SK0265,2
CAND01912,SK0299,2
CAND02985,SK0079,4
CAND09460,SK0299,1
CAND05429,SK0263,2
CAND07738,SK0147,4
CAND11168,SK0093,5
CAND00953,SK0118,1
CAND08851,SK0292,5
CAND07600,SK0186,5
CAND03867,SK0176,5
CAND05373,SK0009,5
CAND04357,SK0094,4
CAND11226,SK0105,5
CAND09617,SK0029,5
CAND14425,SK0091,3
CAND02694,SK0038,2
CAND07929,SK0222,5
CAND09038,SK0217,4
CAND02933,SK0190,3
CAND06350,SK0266,2
CAND13264,SK0139,1
CAND01945,SK0027,2
CAND00835,SK0271,3
CAND14822,SK0271,4
CAND00226,SK0036,3
CAND13582,SK0166,5
CAND03808,SK0279,3
CAND14879,SK0043,4
CAND03193,SK0065,5
CAND00591,SK0157,2
CAND14949,SK0039,5
CAND02331,SK0298,4
CAND08635,SK0155,3
CAND08491,SK0060,2
CAND08150,SK0053,2
CAND11045,SK0134,3
CAND06236,SK0118,3
CAND10423,SK0132,3
CAND10245,SK0158,4
CAND07028,SK0164,1
CAND11549,SK0221,4
CAND12227,SK0160,1
CAND01229,SK0151,3
CAND05329,SK0095,4
CAND01151,SK0193,3
CAND07879,SK0120,5
CAND10004,SK0144,4
CAND08600,SK0241,5
CAND06437,SK0248,2
CAND05493,SK0097,4
CAND09649,SK0261,2
CAND02805,SK0165,5
CAND07890,SK0003,4
CAND03658,SK0261,1
CAND02045,SK0028,3
CAND14076,SK0140,4
CAND04922,SK0188,4
CAND06638,SK0141,5
CAND10508,SK0235,3
CAND03866,SK0091,4
CAND07177,SK0210,5
CAND01211,SK0056,2
CAND05700,SK0070,1
CAND01874,SK0293,1
CAND06412,SK0255,5
CAND06367,SK0270,1
CAND04856,SK0226,1
CAND04765,SK0067,3
CAND11536,SK0098,3
CAND10836,SK0253,4
CAND10261,SK0170,4
CAND03776,SK0048,4
CAND07176,SK0137,3
CAND12981,SK0298,4
CAND13172,SK0298,1
CAND04146,SK0161,2
CAND11794,SK0141,1
CAND13293,SK0115,2
CAND07754,SK0224,1
CAND13518,SK0087,3
CAND07351,SK0013,5
CAND03790,SK0293,3
CAND08159,SK0194,5
CAND00240,SK0063,4
CAND09058,SK0094,2
CAND11313,SK0141,1
CAND09445,SK0224,2
CAND01585,SK0241,1
CAND09928,SK0161,5
CAND03002,SK0214,1
CAND00134,SK0286,4
CAND11685,SK0062,3
CAND06720,SK0251,3
CAND09427,SK0069,4
CAND04875,SK0265,2
CAND13643,SK0066,3
CAND00816,SK0126,2
CAND06340,SK0138,4
CAND06537,SK0246,2
CAND06547,SK0264,2
CAND06596,SK0228,4
CAND12550,SK0266,3
CAND14782,SK0270,1
CAND04227,SK0073,4
CAND01704,SK0277,5
CAND08057,SK0065,3
CAND00747,SK0114,1
CAND06286,SK0054,2
CAND10399,SK0226,5
CAND10918,SK0172,4
CAND07198,SK0186,2
CAND07869,SK0161,1
CAND13796,SK0173,1
CAND01871,SK0217,1
CAND10410,SK0146,1
CAND06516,SK0109,1
CAND14293,SK0136,5
CAND04725,SK0073,5
CAND13596,SK0050,2
CAND05851,SK0066,3
CAND03942,SK0204,1
CAND04401,SK0037,1
CAND05441,SK0103,2
CAND14874,SK0177,1
CAND08842,SK0075,1
CAND03137,SK0233,4
CAND13600,SK0103,1
CAND07122,SK0126,3
CAND13909,SK0287,1
CAND04884,SK0136,1
CAND03480,SK0157,3
CAND06278,SK0094,3
CAND07448,SK0062,4
CAND06624,SK0090,2
CAND14965,SK0148,5
CAND05133,SK0150,2
CAND13771,SK0037,5
CAND11024,SK0083,3
CAND03139,SK0134,3
CAND12068,SK0059,1
CAND02794,SK0033,3
CAND04480,SK0049,1
CAND03597,SK0010,4
CAND11073,SK0130,5
CAND05852,SK0047,2
CAND06222,SK0012,1
CAND11095,SK0011,3
CAND05790,SK0265,3
CAND01584,SK0005,2
CAND13437,SK0155,3
CAND00324,SK0024,1
CAND01714,SK0176,1
CAND10067,SK0001,3
CAND08276,SK0002,3
CAND07638,SK0196,2
CAND12966,SK0233,2
CAND10799,SK0077,4
CAND08576,SK0007,3
CAND00379,SK0289,3
CAND07437,SK0187,3
CAND05546,SK0064,2
CAND01384,SK0268,3
CAND12761,SK0129,5
CAND12303,SK0161,1
CAND03232,SK0016,1
CAND06329,SK0083,2
CAND03912,SK0244,1
CAND11246,SK0115,3
CAND06367,SK0107,2
CAND03773,SK0044,2
CAND05278,SK0151,3
CAND04210,SK0078,1
CAND07798,SK0189,5
CAND04933,SK0282,4
CAND11684,SK0266,1
CAND06416,SK0196,2
CAND06639,SK0145,1
CAND09778,SK0003,3
CAND10135,SK0295,3
CAND08951,SK0155,1
CAND07259,SK0300,3
CAND06078,SK0012,5
CAND00592,SK0084,2
CAND13951,SK0095,1
CAND02550,SK0122,2
CAND11771,SK0287,3
CAND00336,SK0221,3
CAND00544,SK0244,1
CAND10295,SK0148,1
CAND06966,SK0273,2
CAND11220,SK0177,3
CAND13951,SK0148,4
CAND12669,SK0055,5
CAND00429,SK0211,1
CAND00663,SK0075,3
CAND03841,SK0267,4
CAND00829,SK0228,5
CAND00402,SK0199,4
CAND13851,SK0212,5
CAND10471,SK0263,5
CAND09410,SK0211,4
CAND00167,SK0111,4
CAND05729,SK0088,1
CAND02560,SK0196,2
CAND12984,SK0232,2
CAND12911,SK0163,1
CAND09139,SK0074,5
CAND14252,SK0224,1
CAND03473,SK0195,1
CAND01734,SK0280,5
CAND00462,SK0101,1
CAND03731,SK0056,1
CAND14791,SK0063,5
CAND10136,SK0093,3
CAND02036,SK0276,3
CAND06961,SK0218,3
CAND02504,SK0157,3
CAND13487,SK0145,2
CAND14568,SK0227,1
CAND13354,SK0245,1
CAND11501,SK0282,1
CAND02101,SK0276,2
CAND12230,SK0068,4
CAND10378,SK0209,3
CAND02877,SK0158,1
CAND00597,SK0058,1
CAND11242,SK0295,5
CAND04563,SK0127,5
CAND10979,SK0094,4
CAND01783,SK0088,4
CAND06036,SK0126,4
CAND08514,SK0193,5
CAND04459,SK0098,3
CAND06028,SK0262,1
CAND11218,SK0048,3
CAND07629,SK0043,1
CAND11899,SK0034,2
CAND07014,SK0188,2
CAND14987,SK0016,2
CAND10250,SK0040,2
CAND09925,SK0195,5
CAND02813,SK0223,4
CAND10359,SK0233,5
CAND06426,SK0260,4
CAND04737,SK0079,5
CAND08338,SK0065,5
CAND01181,SK0208,5
CAND05650,SK0172,1
CAND07200,SK0225,1
CAND08442,SK0263,1
CAND04415,SK0085,1
CAND02393,SK0014,3
CAND13487,SK0050,1
CAND02056,SK0141,3
CAND03477,SK0127,4
CAND11521,SK0042,2
CAND12927,SK0073,5
CAND09022,SK0128,2
CAND07077,SK0026,2
CAND04503,SK0126,1
CAND13252,SK0270,1
CAND13459,SK0090,1
CAND11396,SK0295,4
CAND01099,SK0092,3
CAND07756,SK0065,1
CAND11979,SK0290,4
CAND00095,SK0005,2
CAND06285,SK0144,3
CAND10234,SK0280,1
CAND02755,SK0227,5
CAND09712,SK0161,2
CAND08677,SK0298,5
CAND03368,SK0160,3
CAND14282,SK0234,4
CAND06472,SK0102,3
CAND07100,SK0115,2
CAND12518,SK0293,2
CAND11752,SK0288,3
CAND00868,SK0081,5
CAND10860,SK0155,1
CAND14857,SK0295,2
CAND05045,SK0102,4
CAND09388,SK0240,2
CAND12348,SK0188,2
CAND07027,SK0262,5
CAND07752,SK0092,1
CAND09376,SK0105,1
CAND04719,SK0004,3
CAND09319,SK0102,5
CAND04872,SK0109,2
CAND05342,SK0165,3
CAND04962,SK0215,1
CAND12803,SK0027,5
CAND04390,SK0270,3
CAND12334,SK0152,5
CAND08735,SK0168,4
CAND03178,SK0186,4
CAND02266,SK0067,4
CAND03860,SK0272,2
CAND13128,SK0095,1
CAND00037,SK0152,4
CAND14012,SK0023,3
CAND04120,SK0051,1
CAND13053,SK0116,2
CAND01541,SK0024,3
CAND08319,SK0248,5
CAND11673,SK0139,4
CAND04694,SK0255,1
CAND09454,SK0147,1
CAND07988,SK0158,4
CAND01617,SK0005,1
CAND05914,SK0150,1
CAND02694,SK0209,2
CAND01958,SK0094,3
CAND03729,SK0116,5
CAND13580,SK0159,4
CAND10844,SK0085,3
CAND09493,SK0013,1
CAND00053,SK0290,1
CAND00493,SK0074,2
CAND10382,SK0145,5
CAND11479,SK0179,5
CAND11061,SK0193,2
CAND06576,SK0090,4
CAND02339,SK0203,5
CAND01147,SK0088,5
CAND11135,SK0279,2
CAND04845,SK0085,3
CAND10490,SK0157,1
CAND02612,SK0281,3
CAND07577,SK0160,4
CAND08758,SK0142,4
CAND09449,SK0092,2
CAND05595,SK0180,3
CAND08325,SK0137,1
CAND11589,SK0107,5
CAND03373,SK0162,4
CAND11415,SK0067,5
CAND13659,SK0254,3
CAND00320,SK0021,4
CAND08553,SK0244,3
CAND04647,SK0038,4
CAND06485,SK0265,2
CAND10122,SK0176,3
CAND02261,SK0213,2
CAND02627,SK0163,1
CAND05065,SK0196,1
CAND01174,SK0136,3
CAND13934,SK0034,5
CAND06197,SK0217,4
CAND02394,SK0153,1
CAND04699,SK0118,5
CAND11664,SK0227,2
CAND09343,SK0011,1
CAND03999,SK0189,5
CAND06357,SK0075,3
CAND07895,SK0180,4
CAND05688,SK0281,4
CAND03690,SK0161,5
CAND09483,SK0207,4
CAND07611,SK0149,5
CAND10517,SK0174,1
CAND05970,SK0208,3
CAND06597,SK0200,3
CAND04223,SK0118,1
CAND01120,SK0146,5
CAND03752,SK0092,2
CAND13420,SK0046,5
CAND00212,SK0026,5
CAND05141,SK0042,5
CAND08501,SK0278,1
CAND12485,SK0131,1
CAND09756,SK0174,4
CAND08981,SK0116,4
CAND07485,SK0079,4
CAND09760,SK0255,1
CAND07848,SK0186,3
CAND14833,SK0082,2
CAND11745,SK0087,5
CAND00311,SK0048,3
CAND14832,SK0164,3
CAND14610,SK0187,2
CAND02684,SK0159,5
CAND12403,SK0294,2
CAND07059,SK0093,2
CAND02035,SK0299,3
CAND08328,SK0068,3
CAND07569,SK0076,3
CAND13002,SK0168,5
CAND03670,SK0151,4
CAND12476,SK0236,2
CAND03961,SK0212,4
CAND02967,SK0024,4
CAND06580,SK0183,4
CAND02465,SK0137,4
CAND04266,SK0300,5
CAND14819,SK0035,2
CAND06797,SK0269,4
CAND13477,SK0237,1
CAND08504,SK0144,3
CAND01170,SK0167,1
CAND03566,SK0211,1
CAND02131,SK0275,4
CAND12783,SK0079,4
CAND04165,SK0015,1
CAND07814,SK0153,5
CAND02676,SK0182,4
CAND07929,SK0124,5
CAND03723,SK0127,5
CAND10896,SK0119,1
CAND11042,SK0187,5
CAND10059,SK0299,1
CAND04609,SK0062,5
CAND01052,SK0213,3
CAND06023,SK0293,3
CAND06194,SK0152,4
CAND14108,SK0176,4
CAND09646,SK0160,2
CAND14599,SK0287,4
CAND04666,SK0287,4
CAND05624,SK0149,4
CAND14722,SK0208,5
CAND02596,SK0286,1
CAND14805,SK0277,2
CAND09505,SK0054,4
CAND03311,SK0287,4
CAND02865,SK0277,2
CAND01194,SK0047,3
CAND07985,SK0238,4
CAND07135,SK0078,3
CAND04827,SK0004,5
CAND14131,SK0256,3
CAND03795,SK0177,1
CAND10548,SK0065,3
CAND10381,SK0042,3
CAND05502,SK0109,5
CAND00611,SK0138,2
CAND04582,SK0257,4
CAND08954,SK0081,1
CAND02611,SK0186,3
CAND08688,SK0080,1
CAND12552,SK0009,5
CAND08250,SK0178,1
CAND12645,SK0007,4
CAND12987,SK0217,4
CAND07523,SK0006,3
CAND08310,SK0229,5
CAND03198,SK0191,5
CAND00203,SK0269,2
CAND03186,SK0255,5
CAND11997,SK0211,2
CAND02286,SK0270,3
CAND11966,SK0251,1
CAND01556,SK0230,5
CAND04492,SK0280,2
CAND12508,SK0234,1
CAND02430,SK0195,5
CAND00870,SK0300,3
CAND13276,SK0052,4
CAND03948,SK0070,3
CAND13605,SK0184,1
CAND05590,SK0235,2
CAND03836,SK0165,2
CAND09949,SK0296,5
CAND03105,SK0160,2
CAND11730,SK0269,5
CAND02254,SK0003,4
CAND09938,SK0285,2
CAND11960,SK0293,4
CAND01907,SK0042,2
CAND09241,SK0154,1
CAND06510,SK0172,5
CAND02357,SK0138,4
CAND10759,SK0122,4
CAND09662,SK0139,1
CAND07412,SK0169,1
CAND03995,SK0235,5
CAND10364,SK0197,5
CAND14024,SK0262,1
CAND09652,SK0250,5
CAND06467,SK0183,1
CAND14062,SK0035,5
CAND02768,SK0036,2
CAND13242,SK0282,2
CAND09215,SK0046,4
CAND09096,SK0178,5
CAND07805,SK0172,2
CAND13695,SK0067,3
CAND05387,SK0026,1
CAND10151,SK0203,4
CAND01414,SK0129,5
CAND09882,SK0155,3
CAND03861,SK0221,5
CAND11829,SK0219,3
CAND03797,SK0175,4
CAND14440,SK0189,1
CAND13677,SK0011,5
CAND01024,SK0064,2
CAND07676,SK0053,3
CAND09663,SK0063,1
CAND06156,SK0019,2
CAND14868,SK0195,4
CAND00529,SK0300,4
CAND10007,SK0032,5
CAND13886,SK0104,4
CAND00342,SK0079,1
CAND02124,SK0290,1
CAND01990,SK0062,4
CAND11228,SK0045,3
CAND14551,SK0240,1
CAND02912,SK0043,2
CAND14353,SK0223,5
CAND04458,SK0133,4
CAND09839,SK0127,2
CAND04873,SK0229,4
CAND03669,SK0103,3
CAND04375,SK0234,2
CAND03789,SK0236,1
CAND14058,SK0177,2
CAND14983,SK0031,1
CAND03302,SK0229,5
CAND11399,SK0295,2
CAND14340,SK0197,5
CAND13250,SK0170,3
CAND04130,SK0069,4
CAND00135,SK0038,2
CAND04290,SK0221,2
CAND08202,SK0281,1
CAND12183,SK0159,2
CAND06713,SK0144,3
CAND11015,SK0291,1
CAND11855,SK0037,3
CAND04111,SK0251,1
CAND14677,SK0011,3
CAND04224,SK0264,3
CAND05880,SK0221,2
CAND01795,SK0274,3
CAND13116,SK0218,1
CAND13173,SK0140,4
CAND08708,SK0166,2
CAND07924,SK0015,2
CAND14853,SK0291,4
CAND04588,SK0101,2
CAND08845,SK0199,4
CAND11619,SK0233,1
CAND03059,SK0067,4
CAND07194,SK0059,4
CAND01893,SK0291,3
CAND00367,SK0095,3
CAND03192,SK0206,1
CAND05806,SK0103,5
CAND09939,SK0044,4
CAND02010,SK0125,3
CAND10161,SK0051,2
CAND13020,SK0275,4
CAND06570,SK0099,4
CAND08408,SK0234,3
CAND07046,SK0074,2
CAND10591,SK0126,3
CAND04712,SK0156,3
CAND09936,SK0033,2
CAND13013,SK0040,2
CAND09438,SK0120,5
CAND13720,SK0235,4
CAND09455,SK0259,1
CAND06466,SK0175,4
CAND05131,SK0157,5
CAND04856,SK0253,4
CAND08775,SK0138,4
CAND13551,SK0117,5
CAND07401,SK0147,3
CAND01202,SK0174,2
CAND07211,SK0115,4
CAND08467,SK0091,1
CAND10060,SK0137,1
CAND05946,SK0299,5
CAND00724,SK0203,1
CAND13009,SK0008,5
CAND04042,SK0054,5
CAND14495,SK0204,5
CAND09181,SK0231,4
CAND11225,SK0215,5
CAND13054,SK0183,5
CAND03909,SK0161,4
CAND08528,SK0278,2
CAND07759,SK0142,4
CAND08299,SK0143,4
CAND12328,SK0283,4
CAND06038,SK0284,4
CAND14023,SK0266,1
CAND11338,SK0117,2
CAND02520,SK0016,1
CAND07908,SK0267,3
CAND10592,SK0071,4
CAND01793,SK0256,4
CAND04508,SK0055,1
CAND03511,SK0213,3
CAND07889,SK0270,1
CAND07050,SK0102,3
CAND00231,SK0185,3
CAND04237,SK0008,5
CAND12772,SK0069,3
CAND03346,SK0232,2
CAND03361,SK0129,3
CAND12389,SK0003,1
CAND06667,SK0050,2
CAND00705,SK0206,5
CAND12899,SK0051,5
CAND00635,SK0208,1
CAND01881,SK0022,3
CAND14082,SK0143,2
CAND02140,SK0275,1
CAND11292,SK0274,3
CAND14202,SK0036,2
CAND11448,SK0237,5
CAND11383,SK0018,5
CAND14782,SK0115,3
CAND06297,SK0029,2
CAND11376,SK0139,2
CAND00048,SK0251,3
CAND14417,SK0263,1
CAND06177,SK0128,1
CAND04187,SK0205,2
CAND02087,SK0048,2
CAND10453,SK0004,3
CAND03413,SK0186,5
CAND08617,SK0151,2
CAND11587,SK0042,4
CAND04174,SK0146,5
CAND09481,SK0293,2
CAND01711,SK0195,4
CAND05282,SK0057,1
CAND09159,SK0211,2
CAND04718,SK0071,5
CAND05256,SK0158,4
CAND05343,SK0298,4
CAND00603,SK0071,5
CAND08978,SK0022,4
CAND07949,SK0271,3
CAND13530,SK0042,2
CAND06371,SK0231,2
CAND07350,SK0156,2
CAND06771,SK0193,2
CAND07953,SK0008,3
CAND09052,SK0097,2
CAND00764,SK0189,1
CAND08433,SK0075,1
CAND00716,SK0238,3
CAND10740,SK0078,2
CAND08366,SK0190,5
CAND06253,SK0106,5
CAND01626,SK0110,1
CAND06327,SK0078,1
CAND05731,SK0028,3
CAND03890,SK0178,1
CAND01345,SK0208,5
CAND05550,SK0045,5
CAND10382,SK0295,2
CAND12850,SK0192,5
CAND10953,SK0223,1
CAND14972,SK0080,4
CAND05815,SK0036,3
CAND03887,SK0054,5
CAND01061,SK0150,2
CAND10158,SK0298,3
CAND07238,SK0084,3
CAND07315,SK0193,3
CAND01022,SK0053,1
CAND10233,SK0147,4
CAND08577,SK0248,5
CAND05251,SK0086,2
CAND02549,SK0007,5
CAND04429,SK0159,4
CAND12043,SK0139,5
CAND00849,SK0234,1
CAND06741,SK0059,3
CAND05307,SK0294,3
CAND08157,SK0293,5
CAND06427,SK0142,2
CAND09099,SK0238,3
CAND04753,SK0188,4
CAND12546,SK0159,4
CAND03594,SK0037,2
CAND07718,SK0101,1
CAND14236,SK0100,2
CAND08429,SK0107,3
CAND07809,SK0226,1
CAND02004,SK0017,2
CAND13679,SK0036,1
CAND10276,SK0228,5
CAND01397,SK0107,1
CAND05640,SK0212,3
CAND14182,SK0050,4
CAND05422,SK0159,5
CAND14077,SK0130,1
CAND11479,SK0164,2
CAND10048,SK0162,3
CAND03208,SK0206,1
CAND03075,SK0164,5
CAND04207,SK0022,3
CAND08911,SK0043,5
CAND13904,SK0185,2
CAND07366,SK0264,1
CAND02319,SK0137,1
CAND13051,SK0266,5
CAND11033,SK0018,4
CAND08658,SK0107,5
CAND08003,SK0123,1
CAND06962,SK0184,5
CAND11755,SK0151,1
CAND09925,SK0066,5
CAND14055,SK0188,3
CAND11010,SK0255,5
CAND06583,SK0175,1
CAND04533,SK0145,2
CAND08174,SK0187,2
CAND12778,SK0202,4
CAND02439,SK0071,4
CAND10848,SK0199,3
CAND00433,SK0014,3
CAND06533,SK0158,1
CAND00176,SK0164,1
CAND09205,SK0107,3
CAND14462,SK0153,1
CAND03979,SK0155,5
CAND02320,SK0182,3
CAND04402,SK0199,2
CAND01418,SK0290,5
CAND08025,SK0164,3
CAND00512,SK0112,1
CAND14879,SK0227,4
CAND10616,SK0073,2
CAND13596,SK0223,1
CAND10890,SK0152,1
CAND11924,SK0255,3
CAND04333,SK0082,2
CAND09933,SK0160,3
CAND12225,SK0163,1
CAND12297,SK0178,4
CAND13587,SK0008,3
CAND01707,SK0249,2
CAND05006,SK0037,3
CAND08391,SK0225,3
CAND09529,SK0265,2
CAND02368,SK0115,1
CAND01187,SK0156,4
CAND04804,SK0158,5
CAND09181,SK0064,3
CAND03241,SK0003,3
CAND01559,SK0245,3
CAND04779,SK0055,3
CAND05910,SK0243,1
CAND05491,SK0179,5
CAND01826,SK0146,5
CAND03319,SK0151,5
CAND14494,SK0128,1
CAND04336,SK0247,2
CAND06058,SK0183,4
CAND02925,SK0233,3
CAND12771,SK0150,1
CAND02787,SK0184,2
CAND13419,SK0069,1
CAND06967,SK0021,2
CAND08318,SK0171,4
CAND12019,SK0015,3
CAND11293,SK0232,5
CAND12952,SK0028,4
CAND05410,SK0152,4
CAND03859,SK0206,5
CAND14066,SK0256,3
CAND07841,SK0242,5
CAND14788,SK0157,5
CAND00641,SK0146,2
CAND10713,SK0260,4
CAND06194,SK0207,4
CAND10160,SK0019,3
CAND08730,SK0033,4
CAND13002,SK0247,2
CAND05832,SK0220,3
CAND00473,SK0128,4
CAND09060,SK0145,2
CAND00340,SK0242,1
CAND09956,SK0057,3
CAND13185,SK0166,2
CAND05341,SK0263,3
CAND07097,SK0273,5
CAND00992,SK0155,2
CAND05210,SK0164,3
CAND06203,SK0023,4
CAND06784,SK0062,4
CAND14353,SK0017,1
CAND06163,SK0071,5
CAND08111,SK0246,5
CAND05798,SK0010,5
CAND09018,SK0131,3
CAND06357,SK0206,4
CAND10807,SK0136,1
CAND11789,SK0234,3
CAND06593,SK0003,4
CAND00692,SK0141,4
CAND00241,SK0120,3
CAND03041,SK0177,1
CAND05583,SK0235,5
CAND09621,SK0178,3
CAND04444,SK0034,3
CAND13841,SK0252,5
CAND06155,SK0206,2
CAND02652,SK0125,2
CAND14563,SK0058,5
CAND05261,SK0226,5
CAND00265,SK0104,4
CAND13350,SK0094,1
CAND13308,SK0244,4
CAND03563,SK0227,1
CAND00869,SK0005,4
CAND01254,SK0015,5
CAND06738,SK0271,1
CAND12029,SK0140,1
CAND01353,SK0194,2
CAND03207,SK0031,5
CAND01863,SK0258,5
CAND06943,SK0242,5
CAND14764,SK0296,4
CAND11443,SK0220,2
CAND14988,SK0225,5
CAND12552,SK0284,1
CAND10429,SK0178,3
CAND02787,SK0153,5
CAND13860,SK0068,2
CAND06117,SK0184,4
CAND00229,SK0217,4
CAND08798,SK0024,4
CAND02777,SK0297,3
CAND06146,SK0151,3
CAND02206,SK0084,5
CAND07288,SK0257,3
CAND05739,SK0056,5
CAND12652,SK0153,5
CAND05373,SK0200,4
CAND01747,SK0215,4
CAND07436,SK0046,4
