skill_id,year,demand_index
SK0056,2025,54
SK0151,2022,61
SK0212,2022,42
SK0279,2021,94
SK0006,2021,84
SK0038,2021,69
SK0088,2026,36
SK0099,2024,91
SK0036,2026,14
SK0221,2023,23
SK0181,2021,58
SK0090,2026,33
SK0179,2024,52
SK0243,2023,80
SK0273,2025,55
SK0282,2026,78
SK0117,2022,22
SK0123,2025,70
SK0273,2023,51
SK0126,2022,13
SK0106,2026,80
SK0037,2024,10
SK0239,2024,75
SK0286,2024,86
SK0137,2023,72
SK0230,2026,40
SK0254,2025,65
SK0021,2021,52
SK0067,2022,95
SK0013,2026,20
SK0026,2021,25
SK0034,2025,41
SK0021,2023,89
SK0066,2022,30
SK0193,2025,63
SK0089,2022,64
SK0231,2026,32
SK0256,2023,89
SK0155,2023,96
SK0035,2026,53
SK0167,2022,64
SK0011,2023,87
SK0043,2021,66
SK0168,2022,64
SK0215,2023,62
SK0183,2022,70
SK0249,2024,47
SK0300,2023,38
SK0058,2023,48
SK0224,2023,14
SK0231,2022,96
SK0235,2025,61
SK0087,2026,39
SK0278,2021,86
SK0056,2022,18
SK0085,2026,14
SK0291,2023,97
SK0208,2022,42
SK0024,2026,36
SK0189,2023,45
SK0264,2025,57
SK0109,2025,54
SK0294,2021,59
SK0166,2024,67
SK0002,2025,64
SK0017,2026,83
SK0117,2024,79
SK0190,2022,84
SK0023,2021,98
SK0173,2022,35
SK0054,2022,52
SK0237,2022,25
SK0086,2025,52
SK0201,2024,11
SK0044,2026,25
SK0248,2021,88
SK0237,2026,79
SK0188,2024,98
SK0156,2023,69
SK0271,2023,75
SK0273,2021,31
SK0163,2025,56
SK0143,2024,74
SK0053,2022,48
SK0223,2021,42
SK0290,2022,35
SK0137,2025,66
SK0176,2021,91
SK0296,2026,69
SK0211,2025,61
SK0008,2022,74
SK0011,2022,83
SK0103,2021,74
SK0029,2024,43
SK0256,2021,70
SK0191,2023,22
SK0069,2025,44
SK0153,2026,42
SK0196,2024,52
SK0053,2022,70
SK0058,2023,72
SK0067,2023,13
SK0161,2022,52
SK0011,2021,57
SK0095,2025,84
SK0028,2024,87
SK0023,2026,94
SK0241,2021,49
SK0032,2024,33
SK0256,2025,50
SK0073,2023,86
SK0047,2022,13
SK0067,2024,82
SK0213,2025,46
SK0064,2021,37
SK0257,2021,68
SK0054,2023,90
SK0153,2024,58
SK0202,2026,60
SK0025,2025,40
SK0045,2022,28
SK0170,2023,40
SK0047,2023,19
SK0201,2024,73
SK0263,2021,57
SK0135,2024,45
SK0289,2026,16
SK0169,2021,16
SK0221,2024,12
SK0291,2021,37
SK0205,2026,22
SK0156,2024,16
SK0165,2026,73
SK0274,2022,57
SK0046,2026,13
SK0227,2026,67
SK0019,2024,97
SK0193,2025,18
SK0116,2026,66
SK0098,2021,27
SK0028,2023,41
SK0070,2022,13
SK0213,2022,12
SK0144,2026,27
SK0289,2022,14
SK0107,2025,30
SK0241,2024,89
SK0222,2021,29
SK0293,2025,77
SK0145,2025,20
SK0127,2025,84
SK0238,2026,55
SK0203,2021,19
SK0087,2024,28
SK0254,2021,48
SK0170,2022,59
SK0176,2022,67
SK0186,2024,66
SK0277,2021,80
SK0187,2024,51
SK0164,2025,89
SK0286,2021,32
SK0136,2022,94
SK0288,2022,15
SK0241,2025,63
SK0175,2024,21
SK0273,2025,36
SK0010,2026,78
SK0268,2022,95
SK0188,2026,23
SK0133,2026,35
SK0213,2023,31
SK0069,2024,72
SK0056,2021,59
SK0042,2023,34
SK0141,2025,87
SK0030,2022,56
SK0076,2024,12
SK0199,2025,75
SK0031,2024,99
SK0147,2024,23
SK0171,2021,57
SK0126,2024,27
SK0016,2023,84
SK0296,2026,32
SK0184,2025,72
SK0187,2022,79
SK0276,2022,30
SK0098,2022,92
SK0077,2021,71
SK0018,2021,35
SK0057,2025,25
SK0079,2021,72
SK0221,2023,91
SK0297,2022,59
SK0155,2026,32
SK0280,2022,51
SK0093,2023,41
SK0196,2026,91
SK0294,2025,95
SK0143,2026,19
SK0261,2021,78
SK0144,2024,22
SK0129,2024,71
SK0054,2025,36
SK0039,2022,13
SK0240,2025,66
SK0148,2023,11
SK0126,2025,39
SK0297,2021,21
SK0270,2023,91
SK0207,2023,42
SK0021,2025,39
SK0163,2025,12
SK0204,2024,98
SK0117,2023,18
SK0082,2024,60
SK0049,2025,26
SK0125,2025,64
SK0282,2025,64
SK0276,2026,55
SK0206,2021,65
SK0258,2024,28
SK0104,2024,75
SK0021,2021,22
SK0267,2021,93
SK0132,2022,67
SK0242,2021,23
SK0156,2026,99
SK0079,2022,60
SK0283,2026,41
SK0004,2026,60
SK0251,2024,57
SK0097,2026,68
SK0178,2025,45
SK0259,2025,20
SK0243,2023,67
SK0063,2025,83
SK0143,2026,28
SK0168,2024,14
SK0290,2026,40
SK0065,2022,44
SK0168,2023,73
SK0032,2026,79
SK0256,2024,23
SK0031,2022,54
SK0218,2025,97
SK0131,2022,98
SK0210,2025,97
SK0266,2025,67
SK0218,2021,91
SK0258,2023,32
SK0118,2025,42
SK0193,2021,68
SK0224,2025,58
SK0090,2024,95
SK0138,2022,81
SK0115,2026,59
SK0133,2022,87
SK0188,2024,30
SK0098,2023,74
SK0139,2024,70
SK0176,2026,55
SK0160,2021,59
SK0040,2022,48
SK0096,2021,39
SK0042,2021,82
SK0152,2024,98
SK0150,2025,66
SK0033,2021,24
SK0212,2026,19
SK0075,2023,81
SK0186,2022,79
SK0057,2023,47
SK0124,2021,15
SK0158,2025,52
SK0276,2025,48
SK0278,2023,91
SK0145,2022,70
SK0158,2022,69
SK0138,2023,78
SK0107,2026,80
SK0001,2023,85
SK0204,2024,21
SK0003,2022,40
SK0022,2022,71
SK0051,2024,62
SK0191,2022,90
SK0209,2026,11
SK0129,2024,47
SK0019,2021,53
SK0089,2021,18
SK0022,2025,68
SK0116,2022,96
SK0152,2023,59
SK0286,2021,47
SK0196,2023,93
SK0204,2024,78
SK0281,2021,39
SK0151,2021,27
SK0024,2024,62
SK0295,2021,23
SK0127,2026,72
SK0107,2024,27
SK0276,2022,82
SK0049,2026,26
SK0106,2026,72
SK0217,2021,15
SK0262,2024,15
SK0262,2023,66
SK0237,2023,77
SK0020,2023,87
SK0060,2022,94
SK0086,2024,30
SK0122,2024,71
SK0278,2022,44
SK0109,2021,59
SK0152,2021,66
SK0050,2022,54
SK0177,2025,26
SK0071,2023,38
SK0185,2024,29
SK0135,2022,84
SK0004,2021,66
SK0237,2022,24
SK0082,2022,93
SK0113,2023,30
SK0218,2026,61
SK0055,2026,31
SK0053,2026,52
SK0017,2025,81
SK0229,2023,91
SK0277,2025,64
SK0176,2022,99
SK0177,2025,68
SK0058,2026,50
SK0033,2021,33
SK0154,2022,32
SK0034,2022,66
SK0269,2021,31
SK0111,2021,38
SK0193,2022,35
SK0291,2025,74
SK0032,2022,14
SK0174,2024,25
SK0295,2021,98
SK0243,2025,14
SK0199,2022,13
SK0026,2026,52
SK0032,2022,19
SK0017,2024,32
SK0298,2024,43
SK0169,2023,18
SK0102,2021,25
SK0167,2026,55
SK0139,2026,22
SK0190,2025,86
SK0064,2024,12
SK0289,2022,19
SK0262,2024,70
SK0171,2025,14
SK0180,2025,25
SK0159,2025,24
SK0142,2023,61
SK0110,2024,40
SK0083,2023,32
SK0229,2025,75
SK0027,2023,87
SK0176,2021,34
SK0087,2022,70
SK0229,2026,38
SK0042,2026,73
SK0229,2025,93
SK0230,2024,21
SK0097,2022,68
SK0172,2024,49
SK0221,2026,55
SK0278,2026,71
SK0187,2025,83
SK0270,2022,23
SK0144,2022,40
SK0239,2022,18
SK0265,2025,95
SK0039,2025,87
SK0026,2023,98
SK0205,2026,50
SK0110,2024,18
SK0065,2024,13
SK0188,2025,20
SK0123,2025,35
SK0288,2022,63
SK0284,2022,79
SK0163,2021,31
SK0149,2022,61
SK0048,2025,85
SK0114,2022,11
SK0062,2021,44
SK0131,2024,42
SK0286,2022,75
SK0217,2025,66
SK0007,2026,64
SK0275,2021,43
SK0015,2021,54
SK0042,2022,65
SK0214,2021,59
SK0021,2025,84
SK0257,2026,28
SK0070,2021,31
SK0042,2024,59
SK0215,2021,12
SK0024,2026,27
SK0239,2021,23
SK0247,2022,57
SK0289,2023,61
SK0168,2021,15
SK0055,2024,89
SK0282,2022,65
SK0110,2022,12
SK0133,2024,13
SK0274,2023,15
SK0151,2022,73
SK0040,2022,92
SK0202,2024,74
SK0042,2022,94
SK0139,2022,99
SK0130,2026,36
SK0048,2024,69
SK0142,2022,29
SK0131,2021,64
SK0208,2021,50
SK0116,2024,51
SK0285,2022,92
SK0295,2024,90
SK0129,2025,50
SK0162,2026,40
SK0202,2024,69
SK0290,2021,66
SK0300,2022,17
SK0140,2026,48
SK0062,2022,75
SK0296,2024,99
SK0017,2023,22
SK0288,2026,81
SK0132,2026,23
SK0300,2021,71
SK0106,2022,89
SK0028,2025,16
SK0095,2021,19
SK0252,2024,13
SK0026,2025,74
SK0289,2023,27
SK0090,2021,12
SK0268,2026,80
SK0153,2025,18
SK0102,2026,33
SK0242,2025,96
SK0096,2022,64
SK0038,2023,48
SK0141,2022,59
SK0200,2026,12
SK0008,2022,22
SK0004,2024,62
SK0082,2023,62
SK0275,2026,71
SK0012,2024,70
SK0202,2026,45
SK0199,2024,17
SK0300,2022,15
SK0015,2024,85
SK0023,2026,39
SK0286,2023,86
SK0139,2023,74
SK0094,2026,11
SK0028,2025,72
SK0052,2024,70
SK0206,2023,37
SK0033,2024,97
SK0263,2024,37
SK0056,2024,37
SK0007,2022,50
SK0061,2023,76
SK0128,2021,65
SK0179,2021,11
SK0208,2022,85
SK0116,2026,29
SK0031,2023,53
SK0267,2026,88
SK0057,2023,17
SK0284,2024,73
SK0124,2024,27
SK0110,2026,86
SK0213,2026,54
SK0180,2023,44
SK0240,2021,94
SK0182,2025,37
SK0212,2024,97
SK0241,2023,63
SK0175,2025,22
SK0189,2021,72
SK0021,2026,40
SK0209,2026,94
SK0266,2026,73
SK0027,2024,60
SK0021,2025,54
SK0200,2025,69
SK0193,2022,55
SK0049,2026,10
SK0230,2023,18
SK0136,2023,29
SK0151,2021,84
SK0228,2021,32
SK0112,2025,26
SK0210,2025,78
SK0172,2022,15
SK0218,2021,45
SK0219,2023,58
SK0179,2024,92
SK0163,2022,56
SK0285,2025,53
SK0203,2025,85
SK0210,2024,22
SK0269,2026,93
SK0294,2026,82
SK0261,2025,34
SK0241,2022,71
SK0081,2024,89
SK0226,2022,95
SK0048,2022,19
SK0176,2025,98
SK0245,2025,33
SK0053,2022,88
SK0065,2021,79
SK0251,2025,86
SK0049,2021,47
SK0031,2022,55
SK0110,2023,89
SK0077,2025,76
SK0295,2022,35
SK0261,2022,60
SK0250,2021,16
SK0224,2025,79
SK0017,2024,62
SK0020,2025,22
SK0232,2025,28
SK0164,2021,71
SK0258,2024,52
SK0191,2026,99
SK0094,2022,54
SK0108,2025,27
SK0081,2023,28
SK0259,2022,57
SK0227,2022,42
SK0063,2024,23
SK0285,2025,82
SK0171,2023,57
SK0084,2024,47
SK0205,2024,82
SK0140,2025,17
SK0081,2024,76
SK0131,2022,65
SK0172,2025,19
SK0151,2022,88
SK0158,2025,26
SK0042,2025,88
SK0156,2025,64
SK0187,2026,52
SK0143,2024,83
SK0123,2022,89
SK0051,2025,52
SK0276,2021,21
SK0007,2021,80
SK0104,2024,53
SK0049,2024,12
SK0054,2023,24
SK0249,2021,97
SK0157,2021,94
SK0173,2026,63
SK0296,2023,52
SK0246,2025,69
SK0059,2025,41
SK0095,2026,88
SK0123,2025,76
SK0194,2021,56
SK0072,2023,95
SK0136,2024,42
SK0185,2024,83
SK0127,2021,58
SK0018,2023,77
SK0012,2021,22
SK0275,2022,65
SK0229,2022,59
SK0038,2022,78
SK0106,2026,60
SK0108,2025,25
SK0249,2024,18
SK0056,2025,66
SK0095,2021,12
SK0237,2026,87
SK0249,2023,84
SK0142,2024,25
SK0035,2021,57
SK0024,2022,97
SK0285,2021,62
SK0214,2026,53
SK0247,2023,80
SK0149,2022,54
SK0033,2023,50
SK0183,2021,97
SK0119,2026,76
SK0043,2022,78
SK0103,2024,17
SK0054,2021,92
SK0165,2026,63
SK0258,2022,22
SK0042,2025,88
SK0085,2024,46
SK0222,2026,67
SK0059,2024,93
SK0117,2024,12
SK0148,2023,81
SK0224,2024,62
SK0062,2024,61
SK0085,2026,57
SK0228,2026,60
SK0215,2021,67
SK0071,2024,69
SK0240,2026,63
SK0161,2026,53
SK0253,2022,31
SK0179,2022,46
SK0022,2025,24
SK0056,2023,65
SK0136,2023,22
SK0065,2023,62
SK0299,2023,30
SK0032,2026,11
SK0109,2021,64
SK0140,2025,96
SK0298,2022,50
SK0093,2025,51
SK0092,2023,96
SK0297,2024,84
SK0053,2022,92
SK0224,2021,70
SK0259,2023,16
SK0264,2024,71
SK0200,2025,66
SK0080,2022,82
SK0041,2025,50
SK0056,2025,39
SK0096,2024,73
SK0102,2021,13
SK0166,2023,10
SK0163,2022,58
SK0165,2023,97
SK0116,2021,77
SK0011,2021,32
SK0129,2024,12
SK0027,2026,97
SK0271,2023,33
SK0138,2023,83
SK0193,2025,20
SK0264,2025,58
SK0161,2026,92
SK0006,2025,15
SK0177,2025,17
SK0055,2021,60
SK0189,2025,41
SK0162,2022,74
SK0175,2021,16
SK0290,2026,84
SK0212,2023,40
SK0111,2026,25
SK0115,2024,20
SK0197,2026,29
SK0065,2023,86
SK0283,2022,48
SK0284,2026,54
SK0161,2022,72
SK0074,2024,53
SK0038,2021,24
SK0274,2025,25
SK0034,2025,61
SK0085,2024,78
SK0048,2025,11
SK0235,2026,70
SK0224,2021,67
SK0111,2023,84
SK0130,2026,74
SK0252,2024,89
SK0259,2025,32
SK0069,2021,51
SK0028,2023,26
SK0270,2022,43
SK0295,2022,70
SK0133,2025,44
SK0063,2025,81
SK0197,2024,48
SK0018,2021,10
SK0129,2022,31
SK0233,2023,15
SK0175,2022,64
SK0203,2023,24
SK0295,2023,51
SK0119,2023,49
SK0209,2023,16
SK0113,2022,13
SK0223,2021,75
SK0049,2025,88
SK0174,2021,52
SK0123,2021,35
SK0076,2022,41
SK0123,2025,33
SK0199,2024,47
SK0002,2024,82
SK0189,2024,12
SK0189,2022,34
SK0120,2024,79
SK0149,2023,81
SK0093,2025,72
SK0127,2022,21
SK0104,2022,65
SK0296,2022,66
SK0283,2022,16
SK0016,2023,70
SK0077,2022,28
SK0242,2026,16
SK0021,2025,70
SK0112,2024,85
SK0130,2021,99
SK0172,2021,41
SK0294,2024,68
SK0178,2026,64
SK0254,2026,22
SK0141,2023,31
SK0047,2024,84
SK0194,2022,97
SK0209,2025,51
SK0243,2023,47
SK0299,2023,57
SK0010,2023,43
SK0178,2023,91
SK0130,2023,48
SK0010,2022,77
SK0253,2021,19
SK0292,2025,66
SK0203,2023,44
SK0011,2025,56
SK0023,2023,64
SK0251,2022,92
SK0104,2024,79
SK0276,2021,21
SK0151,2026,81
SK0113,2022,44
SK0210,2026,75
SK0021,2024,85
SK0283,2022,66
SK0286,2026,67
SK0210,2024,50
SK0153,2025,41
SK0284,2022,16
SK0283,2026,27
SK0016,2021,64
SK0095,2022,61
SK0049,2023,49
SK0243,2023,90
SK0068,2024,14
SK0060,2021,85
SK0104,2024,11
SK0048,2025,97
SK0215,2024,95
SK0206,2026,41
SK0021,2021,66
SK0062,2025,86
SK0125,2026,73
SK0083,2025,21
SK0057,2025,19
SK0229,2023,88
SK0164,2021,29
SK0230,2025,28
SK0200,2022,96
SK0018,2022,67
SK0144,2025,24
SK0012,2022,23
SK0074,2022,13
SK0133,2026,27
SK0179,2024,80
SK0074,2023,15
SK0158,2026,69
SK0133,2021,84
SK0275,2024,72
SK0146,2024,11
SK0005,2021,98
SK0130,2026,68
SK0091,2024,51
SK0299,2025,26
SK0205,2023,86
SK0278,2023,68
SK0010,2023,83
SK0234,2025,52
SK0181,2021,92
SK0157,2021,45
SK0023,2025,70
SK0292,2022,23
SK0299,2025,61
SK0199,2023,13
SK0127,2024,94
SK0060,2024,28
SK0116,2023,17
SK0252,2022,39
SK0249,2023,58
SK0055,2024,55
SK0023,2024,93
SK0057,2022,22
SK0102,2024,49
SK0261,2022,13
SK0278,2022,84
SK0257,2022,68
SK0001,2025,93
SK0137,2022,43
SK0285,2021,68
SK0176,2022,48
SK0290,2024,59
SK0170,2024,54
SK0200,2022,25
SK0133,2022,66
SK0286,2021,87
SK0184,2022,98
SK0273,2025,12
SK0075,2024,29
SK0227,2024,53
SK0284,2021,77
SK0152,2022,62
SK0121,2022,23
SK0159,2022,85
SK0244,2026,27
SK0001,2026,99
SK0210,2021,79
SK0213,2023,97
SK0089,2022,85
SK0021,2021,76
SK0176,2024,93
SK0033,2022,90
SK0127,2025,14
SK0170,2024,97
SK0118,2024,82
SK0167,2026,22
SK0119,2023,79
SK0166,2021,23
SK0074,2026,69
SK0164,2026,49
SK0207,2025,80
SK0149,2021,74
SK0219,2023,80
SK0267,2023,97
SK0263,2026,90
SK0118,2022,96
SK0285,2023,81
SK0289,2023,72
SK0260,2024,47
SK0039,2023,63
SK0118,2023,25
SK0109,2025,32
SK0266,2026,78
SK0266,2024,85
SK0001,2023,34
SK0245,2026,28
SK0172,2024,79
SK0014,2026,23
SK0065,2024,23
SK0230,2025,61
SK0255,2024,28
SK0254,2023,41
SK0264,2021,94
SK0006,2026,32
SK0242,2026,11
SK0010,2024,43
SK0056,2025,98
SK0104,2021,14
SK0164,2021,54
SK0072,2023,76
SK0142,2026,99
SK0041,2026,44
SK0275,2026,47
SK0296,2026,82
SK0103,2021,10
SK0283,2022,58
SK0270,2026,75
SK0034,2021,37
SK0136,2023,81
SK0127,2021,28
SK0116,2021,40
SK0046,2022,26
SK0020,2025,30
SK0144,2021,81
SK0084,2022,23
SK0244,2025,77
SK0068,2022,58
SK0177,2023,61
SK0117,2022,79
SK0167,2024,96
SK0022,2021,78
SK0236,2025,74
SK0051,2024,12
SK0063,2023,78
SK0002,2023,84
SK0224,2023,51
SK0024,2024,88
SK0245,2022,97
SK0106,2024,87
SK0025,2021,65
SK0113,2023,24
SK0041,2024,31
SK0219,2022,58
SK0067,2024,96
SK0245,2026,90
SK0034,2024,40
SK0274,2022,78
SK0019,2026,96
SK0182,2021,55
SK0201,2023,53
SK0190,2021,18
SK0278,2021,86
SK0076,2025,26
SK0163,2023,62
SK0135,2022,39
SK0289,2026,12
SK0037,2024,44
SK0266,2026,10
SK0090,2024,56
SK0136,2025,32
SK0143,2023,45
SK0130,2022,89
SK0183,2026,47
SK0119,2026,44
SK0211,2023,69
SK0234,2021,55
SK0155,2023,83
SK0236,2022,24
SK0048,2021,58
SK0032,2022,49
SK0045,2021,29
SK0071,2023,68
SK0031,2026,53
SK0297,2024,86
SK0248,2021,60
SK0198,2023,43
SK0158,2021,17
SK0170,2024,74
SK0288,2023,23
SK0252,2025,63
SK0170,2023,37
SK0283,2022,69
SK0230,2021,74
SK0118,2022,22
SK0023,2025,18
SK0258,2024,63
SK0001,2023,11
SK0217,2025,28
SK0231,2021,51
SK0159,2026,31
SK0272,2025,50
SK0035,2022,81
SK0179,2023,24
SK0136,2024,77
SK0046,2024,92
SK0270,2024,15
SK0011,2025,17
SK0124,2024,37
SK0285,2022,48
SK0144,2022,25
SK0171,2021,10
SK0251,2024,53
SK0038,2024,84
SK0240,2024,33
SK0228,2026,64
SK0068,2024,19
SK0142,2025,22
SK0175,2023,56
SK0033,2023,55
SK0020,2025,39
SK0105,2026,47
SK0089,2021,94
SK0035,2021,46
SK0117,2025,64
SK0078,2026,53
SK0197,2026,12
SK0294,2022,73
SK0131,2021,28
SK0042,2026,81
SK0126,2023,49
SK0155,2021,47
SK0064,2026,13
SK0017,2023,74
SK0202,2022,53
SK0239,2024,46
SK0037,2024,20
SK0091,2021,15
SK0258,2023,28
SK0097,2024,41
SK0258,2022,48
SK0012,2023,56
SK0138,2023,11
SK0202,2023,77
SK0136,2023,76
SK0278,2025,84
SK0011,2022,27
SK0026,2021,53
SK0174,2023,29
SK0041,2026,33
SK0194,2025,18
SK0278,2022,38
SK0238,2023,98
SK0179,2021,11
SK0229,2021,12
SK0121,2026,71
SK0006,2025,13
SK0126,2023,85
SK0182,2026,45
SK0297,2026,65
SK0294,2021,33
SK0251,2025,34
SK0300,2023,10
SK0286,2023,72
SK0143,2021,39
SK0252,2023,81
SK0096,2023,12
SK0100,2025,88
SK0212,2021,49
SK0047,2026,44
SK0063,2026,62
SK0040,2024,57
SK0188,2024,98
SK0149,2022,55
SK0220,2023,55
SK0289,2021,64
SK0023,2023,98
SK0022,2026,81
SK0051,2022,82
SK0122,2023,77
SK0002,2026,71
SK0010,2024,49
SK0231,2025,15
SK0276,2024,84
SK0002,2026,63
SK0241,2022,40
SK0228,2022,17
SK0157,2026,67
SK0104,2022,61
SK0241,2025,11
SK0130,2023,62
SK0282,2026,30
SK0003,2022,19
SK0036,2026,55
SK0154,2023,96
SK0189,2026,89
SK0239,2024,95
SK0263,2024,37
SK0290,2025,35
SK0241,2024,19
SK0223,2025,11
SK0285,2021,36
SK0264,2026,45
SK0114,2021,54
SK0250,2021,36
SK0014,2025,13
SK0149,2026,30
SK0205,2025,43
SK0019,2023,99
SK0190,2025,17
SK0156,2023,24
SK0065,2023,32
SK0178,2026,79
SK0109,2024,62
SK0100,2024,22
SK0019,2023,18
SK0178,2022,81
SK0259,2024,78
SK0035,2026,11
SK0130,2026,45
SK0239,2022,48
SK0196,2023,58
SK0049,2022,39
SK0288,2022,21
SK0078,2023,64
SK0218,2023,42
SK0221,2021,77
SK0180,2026,27
SK0203,2021,77
SK0215,2023,17
SK0203,2024,10
SK0240,2025,18
SK0292,2024,95
SK0027,2022,74
SK0203,2026,19
SK0088,2025,19
SK0133,2023,41
SK0013,2021,86
SK0123,2022,65
SK0216,2023,69
SK0254,2025,84
SK0245,2026,26
SK0188,2024,90
SK0150,2026,21
SK0259,2026,60
SK0230,2021,33
SK0084,2026,34
SK0238,2021,32
SK0292,2022,60
SK0210,2022,30
SK0052,2025,15
SK0261,2023,62
SK0018,2026,78
SK0008,2026,64
SK0112,2023,43
SK0149,2026,18
SK0069,2025,55
SK0207,2022,74
SK0229,2024,67
SK0051,2025,28
SK0147,2022,74
SK0133,2025,50
SK0134,2026,27
SK0263,2022,13
SK0123,2022,57
SK0137,2025,78
SK0123,2022,17
SK0285,2023,56
SK0133,2022,62
SK0158,2024,45
SK0180,2026,79
SK0065,2026,37
SK0042,2022,90
SK0147,2025,69
SK0150,2022,76
SK0182,2024,53
SK0001,2022,90
SK0130,2023,12
SK0243,2026,83
SK0136,2026,86
SK0146,2022,30
SK0067,2023,41
SK0110,2022,19
SK0145,2024,44
SK0208,2024,18
SK0236,2025,56
SK0084,2022,16
SK0279,2024,61
SK0032,2023,10
SK0194,2025,37
SK0218,2026,18
SK0102,2024,42
SK0053,2024,70
SK0181,2025,33
SK0240,2024,86
SK0171,2023,85
SK0020,2025,78
SK0173,2026,46
SK0021,2024,82
SK0299,2023,22
SK0121,2024,26
SK0241,2021,47
SK0238,2021,79
SK0062,2025,41
SK0019,2024,34
SK0298,2025,16
SK0149,2022,58
SK0079,2023,54
SK0218,2026,46
SK0265,2024,43
SK0251,2021,47
SK0167,2025,57
SK0200,2021,22
SK0275,2024,78
SK0207,2025,99
SK0054,2025,49
SK0062,2022,14
SK0149,2024,76
SK0170,2025,91
SK0069,2025,84
SK0157,2026,95
SK0181,2022,30
SK0190,2024,58
SK0036,2023,61
SK0194,2025,66
SK0187,2024,65
SK0176,2024,34
SK0277,2022,86
SK0038,2024,12
SK0033,2023,34
SK0132,2021,22
SK0256,2025,24
SK0057,2023,15
SK0031,2024,17
SK0039,2026,86
SK0213,2024,55
SK0053,2024,56
SK0272,2022,55
SK0240,2026,17
SK0165,2024,95
SK0198,2025,36
SK0214,2024,46
SK0089,2026,53
SK0178,2026,24
SK0099,2024,72
SK0003,2026,52
SK0219,2024,42
SK0062,2021,49
SK0222,2021,51
SK0195,2026,41
SK0217,2021,36
SK0256,2023,78
SK0161,2026,63
SK0195,2025,44
SK0152,2021,54
SK0233,2022,12
SK0239,2023,81
SK0070,2022,68
SK0124,2023,11
SK0098,2024,56
SK0244,2024,98
SK0103,2025,28
SK0253,2026,68
SK0165,2023,24
SK0285,2022,35
SK0165,2022,88
SK0041,2025,80
SK0234,2022,35
SK0161,2021,34
SK0236,2023,93
SK0290,2023,15
SK0207,2023,65
SK0105,2025,20
SK0205,2022,23
SK0193,2021,34
SK0050,2022,69
SK0032,2023,27
SK0194,2024,18
SK0082,2022,72
SK0022,2023,92
SK0228,2023,66
SK0139,2025,29
SK0178,2024,19
SK0157,2026,37
SK0215,2025,70
SK0278,2025,49
SK0023,2022,75
SK0254,2026,58
SK0190,2024,18
SK0299,2026,92
SK0290,2026,28
SK0069,2021,23
SK0208,2023,68
SK0249,2026,62
SK0086,2022,84
SK0295,2023,72
SK0075,2025,79
SK0300,2023,43
SK0203,2023,50
SK0223,2026,35
SK0072,2026,51
SK0123,2026,61
SK0089,2025,98
SK0221,2024,56
SK0045,2026,68
SK0042,2026,63
SK0025,2026,96
SK0028,2022,65
SK0182,2024,12
SK0010,2024,38
SK0268,2022,30
SK0213,2026,71
SK0094,2022,36
SK0008,2026,58
SK0045,2025,50
SK0034,2024,16
SK0036,2025,20
SK0120,2026,46
SK0271,2025,95
SK0184,2026,17
SK0120,2023,78
SK0048,2023,44
SK0109,2025,36
SK0222,2026,30
SK0113,2025,11
SK0177,2024,88
SK0022,2024,67
SK0032,2023,96
SK0216,2026,20
SK0219,2021,32
SK0009,2026,79
SK0171,2025,60
SK0172,2024,82
SK0244,2021,43
SK0264,2025,23
SK0291,2021,12
SK0140,2025,13
SK0211,2023,46
SK0182,2025,40
SK0222,2026,79
SK0262,2025,20
SK0258,2025,14
SK0276,2024,99
SK0009,2023,27
SK0133,2024,97
SK0202,2023,54
SK0107,2025,30
SK0235,2022,16
SK0281,2025,30
SK0233,2025,79
SK0078,2022,99
SK0113,2021,79
SK0059,2026,27
SK0281,2024,57
SK0123,2023,32
SK0226,2024,21
SK0020,2025,79
SK0038,2023,29
SK0200,2025,86
SK0012,2024,57
SK0211,2021,33
SK0136,2026,96
SK0016,2025,21
SK0254,2022,67
SK0198,2022,77
SK0267,2026,43
SK0174,2023,70
SK0143,2026,16
SK0299,2026,61
SK0206,2026,99
SK0033,2023,19
SK0126,2022,83
SK0113,2022,91
SK0078,2024,30
SK0213,2023,14
SK0288,2023,10
SK0106,2025,55
SK0287,2026,42
SK0194,2022,49
SK0155,2024,37
SK0020,2022,31
SK0282,2024,95
SK0060,2022,28
SK0101,2021,70
SK0008,2026,21
SK0111,2021,94
SK0272,2026,46
SK0220,2023,84
SK0225,2023,65
SK0263,2022,29
SK0139,2024,50
SK0267,2024,75
SK0185,2022,33
SK0035,2021,45
SK0264,2021,79
SK0274,2026,51
SK0179,2024,15
SK0126,2024,56
SK0291,2022,20
SK0065,2022,50
SK0212,2025,15
SK0048,2026,74
SK0238,2026,32
SK0202,2022,74
SK0232,2021,30
SK0281,2021,81
SK0194,2022,91
SK0227,2025,45
SK0214,2025,38
SK0083,2026,94
SK0160,2025,58
SK0277,2024,35
SK0086,2025,51
SK0061,2024,29
SK0192,2026,40
SK0106,2025,40
SK0226,2026,39
SK0136,2023,29
SK0087,2025,76
SK0056,2024,75
SK0085,2023,88
SK0096,2023,29
SK0129,2025,48
SK0023,2023,24
SK0288,2024,88
SK0073,2023,79
SK0253,2026,42
SK0014,2026,20
SK0109,2025,67
SK0142,2024,18
SK0081,2024,43
SK0034,2025,95
SK0212,2021,78
SK0251,2026,61
SK0067,2024,87
SK0205,2024,15
SK0237,2022,46
SK0160,2022,57
SK0061,2026,90
SK0266,2026,80
SK0172,2021,22
SK0292,2024,49
SK0005,2026,28
SK0186,2026,52
SK0173,2023,77
SK0291,2025,38
SK0125,2022,68
SK0264,2026,74
SK0092,2025,27
SK0130,2021,46
SK0058,2024,67
SK0098,2026,22
SK0209,2023,16
SK0061,2022,46
SK0061,2026,89
SK0020,2026,97
SK0020,2026,48
SK0015,2021,18
SK0013,2022,75
SK0026,2025,98
SK0046,2023,40
SK0047,2022,34
SK0295,2021,87
SK0176,2023,64
SK0203,2023,88
SK0222,2023,15
SK0018,2022,26
SK0272,2025,98
SK0036,2021,84
SK0256,2025,29
SK0287,2023,38
SK0284,2022,83
SK0024,2026,62
SK0237,2021,49
SK0152,2023,45
SK0256,2023,70
SK0258,2023,95
SK0033,2023,49
SK0087,2026,29
SK0241,2021,20
SK0198,2022,83
SK0296,2022,48
SK0081,2021,91
SK0036,2022,20
SK0143,2021,95
SK0109,2022,31
SK0165,2023,34
SK0261,2023,92
SK0131,2024,21
SK0090,2025,66
SK0095,2024,78
SK0007,2026,10
SK0128,2022,26
SK0043,2021,90
SK0179,2022,18
SK0169,2021,23
SK0117,2022,24
SK0175,2021,26
SK0066,2022,59
SK0119,2024,32
SK0297,2021,34
SK0202,2021,52
SK0270,2024,86
SK0025,2021,55
SK0227,2024,23
SK0160,2025,26
SK0113,2026,58
SK0176,2022,27
SK0187,2021,48
SK0026,2025,32
SK0043,2023,33
SK0136,2021,62
SK0113,2024,66
SK0282,2025,64
SK0276,2026,20
SK0010,2021,36
SK0255,2022,67
SK0257,2021,65
SK0153,2023,38
SK0121,2023,62
SK0234,2022,19
SK0035,2023,16
SK0300,2025,87
SK0279,2023,51
SK0139,2024,61
SK0022,2025,15
SK0177,2021,47
SK0258,2022,84
SK0072,2024,34
SK0119,2024,50
SK0166,2026,16
SK0129,2023,87
SK0236,2022,75
SK0255,2024,39
SK0177,2026,33
SK0196,2021,52
SK0007,2021,56
SK0033,2026,49
SK0068,2022,78
SK0002,2023,22
SK0115,2021,54
SK0220,2024,34
SK0062,2024,17
SK0052,2021,29
SK0186,2021,88
SK0200,2022,89
SK0022,2026,69
SK0032,2023,65
SK0292,2023,65
SK0075,2024,57
SK0216,2024,16
SK0044,2026,14
SK0202,2022,80
SK0084,2022,35
SK0194,2026,51
SK0281,2023,31
SK0077,2023,81
SK0134,2022,52
SK0268,2021,77
SK0158,2021,34
SK0046,2023,77
SK0132,2022,41
SK0016,2021,22
SK0057,2025,62
SK0289,2026,91
SK0186,2024,28
SK0268,2025,69
SK0127,2022,43
SK0002,2025,14
SK0265,2025,13
SK0060,2022,99
SK0275,2023,67
SK0093,2024,51
SK0275,2025,38
SK0172,2026,40
SK0135,2023,43
SK0269,2023,75
SK0127,2026,53
SK0191,2023,55
SK0245,2026,34
SK0286,2022,10
SK0115,2023,55
SK0062,2026,50
SK0290,2026,63
SK0105,2022,55
SK0120,2021,63
SK0142,2024,63
SK0237,2023,36
SK0267,2024,66
SK0105,2022,79
SK0063,2021,39
SK0280,2021,59
SK0225,2022,17
SK0158,2022,78
SK0143,2022,90
SK0044,2024,55
SK0211,2023,30
SK0110,2022,90
SK0126,2024,95
SK0082,2025,16
SK0172,2023,78
SK0258,2024,78
SK0042,2025,18
SK0135,2023,15
SK0070,2022,95
SK0083,2022,56
SK0058,2023,19
SK0264,2025,65
SK0230,2024,62
SK0101,2023,23
SK0142,2024,82
SK0178,2022,39
SK0215,2025,70
SK0251,2026,23
SK0046,2021,37
SK0144,2026,27
SK0103,2023,51
SK0135,2026,94
SK0032,2021,99
SK0246,2022,56
SK0204,2026,51
SK0013,2022,12
SK0112,2021,38
SK0010,2026,16
SK0045,2022,54
SK0035,2025,23
SK0298,2024,87
SK0100,2026,72
SK0266,2024,15
SK0151,2026,24
SK0238,2021,82
SK0203,2025,66
SK0058,2024,28
SK0264,2026,95
SK0245,2021,27
SK0183,2022,78
SK0017,2021,29
SK0190,2024,56
SK0130,2026,83
SK0290,2022,70
SK0004,2025,91
SK0139,2026,63
SK0226,2024,42
SK0024,2026,79
SK0239,2022,89
SK0297,2022,15
SK0297,2024,13
SK0245,2026,32
SK0139,2021,64
SK0074,2021,51
SK0051,2024,93
SK0230,2026,15
SK0295,2023,67
SK0192,2025,87
SK0261,2021,13
SK0219,2024,29
SK0273,2024,16
SK0207,2024,38
SK0281,2022,56
SK0027,2025,20
SK0240,2022,65
SK0004,2025,87
SK0052,2023,57
SK0034,2025,48
SK0239,2024,96
SK0169,2021,46
SK0103,2025,51
SK0291,2026,34
SK0210,2021,63
SK0020,2024,94
SK0084,2022,88
SK0040,2022,64
SK0234,2023,81
SK0019,2024,44
SK0255,2023,58
SK0020,2026,27
SK0254,2025,96
SK0209,2024,80
SK0057,2021,99
SK0263,2026,72
SK0151,2025,59
SK0241,2025,70
SK0194,2026,51
SK0167,2025,78
SK0166,2026,12
SK0094,2025,86
SK0116,2026,79
SK0072,2026,61
SK0239,2023,96
SK0169,2023,29
SK0087,2024,64
SK0262,2023,66
SK0249,2022,93
SK0154,2023,72
SK0029,2025,40
SK0271,2024,36
SK0181,2026,64
SK0111,2021,97
SK0021,2022,40
SK0065,2022,89
SK0225,2023,40
SK0171,2021,98
SK0170,2025,51
SK0176,2023,12
SK0238,2023,16
SK0151,2024,36
SK0247,2024,83
SK0222,2021,25
SK0219,2021,38
SK0295,2024,58
SK0066,2023,75
SK0053,2023,71
SK0277,2024,11
SK0202,2022,21
SK0159,2022,57
SK0023,2021,25
SK0169,2024,57
SK0230,2025,53
SK0269,2022,38
SK0048,2026,82
SK0185,2026,54
SK0202,2026,21
SK0223,2023,20
SK0245,2024,49
SK0180,2025,43
SK0218,2021,69
SK0199,2025,94
SK0191,2022,59
SK0178,2024,44
SK0012,2026,72
SK0288,2022,56
SK0257,2022,93
SK0266,2022,37
SK0008,2021,35
SK0126,2025,86
SK0141,2026,20
SK0179,2022,22
SK0294,2026,99
SK0099,2025,49
SK0216,2024,51
SK0266,2023,58
SK0196,2024,79
SK0087,2026,51
SK0063,2024,14
SK0220,2025,97
SK0111,2023,30
SK0228,2021,20
SK0088,2025,65
SK0224,2021,21
SK0014,2021,90
SK0240,2024,70
SK0166,2025,28
SK0029,2026,41
SK0017,2022,27
SK0102,2026,94
SK0014,2026,19
SK0160,2025,78
SK0263,2025,51
SK0026,2021,18
SK0267,2025,98
SK0111,2022,11
SK0132,2024,18
SK0069,2026,16
SK0260,2022,72
SK0084,2025,37
SK0056,2026,25
SK0264,2025,95
SK0174,2023,97
SK0081,2021,36
SK0057,2022,85
SK0065,2022,62
SK0039,2022,59
SK0220,2026,60
SK0043,2021,77
SK0176,2022,86
SK0152,2025,25
SK0193,2022,69
SK0277,2022,40
SK0298,2025,13
SK0134,2023,57
SK0210,2024,80
SK0265,2023,85
SK0095,2021,34
SK0190,2024,12
SK0160,2024,12
SK0080,2024,34
SK0013,2025,13
SK0260,2025,22
SK0134,2025,58
SK0181,2025,34
SK0293,2022,32
SK0008,2022,76
SK0123,2022,32
SK0033,2024,95
SK0191,2022,76
SK0246,2021,36
SK0174,2024,96
SK0222,2021,34
SK0129,2022,40
SK0286,2026,59
SK0222,2026,79
SK0249,2025,83
SK0239,2025,13
SK0120,2024,69
SK0001,2021,63
SK0007,2025,86
SK0185,2026,89
SK0125,2024,69
SK0099,2026,61
SK0114,2023,58
SK0037,2025,37
SK0124,2024,33
SK0027,2021,51
SK0024,2026,33
SK0117,2026,38
SK0135,2022,66
SK0231,2025,68
SK0169,2025,40
SK0195,2021,41
SK0163,2026,29
SK0051,2022,19
SK0016,2024,30
SK0193,2021,42
SK0131,2026,55
SK0087,2023,84
SK0232,2021,71
SK0073,2026,41
SK0092,2023,31
SK0085,2021,38
SK0167,2024,63
SK0204,2022,60
SK0300,2023,53
SK0260,2025,40
SK0223,2023,20
SK0157,2021,93
SK0036,2023,49
SK0163,2023,30
SK0034,2024,79
SK0106,2024,74
SK0285,2022,21
SK0011,2022,46
SK0039,2022,55
SK0166,2026,36
SK0054,2022,41
SK0079,2024,33
SK0250,2026,81
SK0055,2023,54
SK0172,2023,69
SK0156,2025,55
SK0132,2024,39
SK0248,2024,44
SK0065,2022,18
SK0229,2022,54
SK0084,2021,90
SK0295,2022,26
SK0228,2022,55
SK0237,2021,79
SK0062,2024,20
SK0231,2025,89
SK0088,2022,36
SK0128,2023,55
SK0169,2025,26
SK0026,2026,15
SK0230,2023,99
SK0300,2025,96
SK0076,2026,97
SK0107,2022,21
SK0238,2022,50
SK0203,2022,49
SK0135,2024,30
SK0091,2023,97
SK0219,2025,96
SK0289,2021,95
SK0160,2025,82
SK0263,2026,82
SK0197,2026,37
SK0229,2022,61
SK0223,2023,10
SK0247,2023,41
SK0261,2026,49
SK0298,2022,86
SK0024,2024,26
SK0094,2025,40
SK0222,2022,88
SK0022,2023,49
SK0185,2021,61
SK0228,2022,42
SK0147,2021,21
SK0242,2026,73
SK0179,2021,75
SK0085,2023,22
SK0294,2025,85
SK0270,2023,40
SK0215,2024,53
SK0258,2024,61
SK0007,2022,86
SK0091,2022,89
SK0055,2026,70
SK0234,2023,11
SK0098,2021,53
SK0219,2023,43
SK0170,2022,30
SK0185,2021,70
SK0172,2021,39
SK0214,2021,91
SK0281,2024,15
SK0100,2025,68
SK0263,2026,29
SK0050,2026,46
SK0151,2022,83
SK0287,2024,19
SK0090,2025,87
SK0092,2021,81
SK0204,2021,59
SK0045,2026,58
SK0247,2022,64
SK0192,2022,61
SK0230,2021,35
SK0080,2023,75
SK0079,2023,78
SK0182,2024,14
SK0143,2022,14
SK0232,2022,68
SK0059,2022,28
SK0196,2025,93
SK0257,2026,78
SK0092,2025,10
SK0234,2023,72
SK0214,2025,43
SK0229,2022,64
SK0137,2024,19
SK0129,2022,44
SK0174,2026,14
SK0277,2024,90
SK0162,2025,45
SK0154,2023,72
SK0221,2023,47
SK0006,2022,29
SK0024,2026,77
SK0016,2026,59
SK0057,2022,27
SK0171,2022,91
SK0294,2025,19
SK0274,2022,89
SK0114,2022,73
SK0134,2024,38
SK0216,2022,36
SK0297,2021,74
SK0226,2023,48
SK0261,2025,74
SK0202,2026,51
SK0090,2025,66
SK0236,2021,90
SK0087,2024,21
SK0145,2022,85
SK0013,2022,73
SK0134,2024,12
SK0295,2024,32
SK0044,2024,44
SK0055,2024,66
SK0243,2023,81
SK0295,2023,84
SK0027,2024,15
SK0071,2021,89
SK0073,2026,44
SK0296,2022,23
SK0037,2025,60
SK0008,2024,27
SK0129,2025,89
SK0122,2022,73
SK0235,2023,61
SK0039,2021,14
SK0035,2024,18
SK0037,2025,68
SK0088,2025,24
SK0172,2024,67
SK0028,2026,45
SK0274,2025,98
SK0009,2021,17
SK0117,2022,44
SK0131,2024,99
SK0295,2025,63
SK0297,2024,34
SK0173,2021,59
SK0042,2026,14
SK0182,2022,42
SK0148,2022,30
SK0082,2022,88
SK0154,2024,55
SK0294,2024,19
SK0087,2022,31
SK0157,2021,57
SK0008,2024,21
SK0193,2023,92
SK0052,2021,91
SK0097,2022,45
SK0120,2026,42
SK0119,2023,82
SK0023,2025,57
SK0093,2026,41
SK0184,2024,97
SK0253,2023,42
SK0293,2024,62
SK0292,2023,19
SK0069,2023,23
SK0226,2023,86
SK0259,2022,12
SK0007,2021,70
SK0137,2021,91
SK0068,2023,63
SK0009,2022,48
SK0161,2021,59
SK0139,2021,12
SK0161,2023,90
SK0147,2023,19
SK0187,2026,22
SK0099,2024,45
SK0134,2025,94
SK0299,2024,65
SK0277,2023,44
SK0051,2025,97
SK0115,2025,68
SK0035,2023,53
SK0118,2023,72
SK0039,2021,77
SK0226,2022,35
SK0187,2026,51
SK0015,2026,81
SK0211,2024,60
SK0222,2021,74
SK0253,2025,54
SK0006,2023,24
SK0133,2024,49
SK0055,2023,37
SK0144,2025,90
SK0262,2022,59
SK0200,2026,78
SK0165,2026,17
SK0037,2024,30
SK0029,2025,93
SK0022,2022,27
SK0276,2025,29
SK0103,2026,54
SK0278,2021,95
SK0212,2026,68
SK0263,2025,58
SK0087,2026,14
SK0176,2022,87
SK0038,2023,15
SK0237,2026,52
SK0262,2021,16
SK0084,2022,50
SK0238,2026,32
SK0111,2024,55
SK0078,2025,81
SK0074,2023,73
SK0217,2026,43
SK0105,2024,10
SK0287,2026,29
SK0016,2023,88
SK0274,2024,19
SK0093,2023,28
SK0099,2021,64
SK0023,2025,88
SK0048,2023,21
SK0164,2021,65
SK0277,2026,29
SK0032,2022,10
SK0079,2022,47
SK0011,2022,26
SK0089,2026,77
SK0183,2025,98
SK0107,2021,54
SK0011,2025,26
SK0135,2025,17
SK0177,2025,12
SK0077,2026,61
SK0248,2025,29
SK0187,2023,56
SK0217,2026,32
SK0126,2026,39
SK0232,2023,81
SK0015,2024,67
SK0258,2025,91
SK0119,2024,65
SK0268,2024,77
SK0105,2023,52
SK0296,2022,95
SK0181,2025,64
SK0016,2023,70
SK0232,2021,74
SK0082,2025,34
SK0260,2023,73
SK0056,2025,22
SK0057,2025,64
SK0134,2022,84
SK0113,2023,69
SK0056,2023,72
SK0095,2026,94
SK0222,2025,33
SK0129,2024,88
SK0118,2022,21
SK0005,2026,83
SK0245,2026,97
SK0258,2026,15
SK0234,2022,44
SK0108,2025,63
SK0135,2021,79
SK0097,2021,12
SK0203,2022,54
SK0209,2021,49
SK0154,2022,97
SK0286,2026,50
SK0076,2026,79
SK0088,2023,64
SK0253,2024,50
SK0060,2021,64
SK0024,2026,17
SK0248,2026,29
SK0001,2024,86
SK0011,2021,60
SK0020,2025,93
SK0143,2025,63
SK0030,2024,85
SK0150,2021,56
SK0064,2022,83
SK0130,2022,99
SK0139,2022,40
SK0110,2024,14
SK0050,2022,36
SK0080,2024,16
SK0272,2025,66
SK0171,2024,58
SK0125,2026,46
SK0239,2025,49
SK0013,2026,44
SK0212,2022,10
SK0271,2026,21
SK0172,2024,58
SK0270,2025,94
SK0207,2026,36
SK0281,2026,63
SK0237,2025,33
SK0178,2024,66
SK0234,2024,58
SK0090,2026,51
SK0066,2025,71
SK0129,2023,17
SK0263,2026,42
SK0027,2023,18
SK0021,2025,41
SK0288,2026,50
SK0217,2025,97
SK0177,2022,61
SK0218,2024,27
SK0092,2024,76
SK0123,2025,66
SK0190,2025,76
SK0050,2022,25
SK0282,2026,25
SK0291,2026,44
SK0172,2021,57
SK0271,2025,66
SK0048,2022,96
SK0143,2026,88
SK0004,2021,27
SK0241,2026,48
SK0201,2023,62
SK0226,2022,29
SK0268,2024,81
SK0055,2025,61
SK0177,2023,63
SK0171,2026,23
SK0208,2025,98
SK0249,2023,58
SK0158,2021,94
SK0111,2026,87
SK0166,2022,47
SK0231,2022,44
SK0266,2022,59
SK0085,2022,15
SK0265,2024,78
SK0010,2022,34
SK0098,2023,74
SK0262,2023,93
SK0159,2026,22
SK0275,2025,63
SK0116,2025,11
SK0077,2023,36
SK0086,2021,94
SK0106,2022,81
SK0009,2022,16
SK0159,2024,71
SK0271,2022,48
SK0285,2021,56
SK0166,2025,63
SK0220,2024,23
SK0105,2021,25
SK0250,2023,38
SK0239,2024,25
SK0057,2023,90
SK0125,2025,74
SK0275,2024,17
SK0120,2023,48
SK0038,2024,86
SK0283,2024,64
SK0284,2026,29
SK0262,2026,52
SK0042,2026,34
SK0242,2025,78
SK0129,2026,86
SK0245,2021,52
SK0059,2026,53
SK0215,2025,15
SK0088,2022,25
SK0194,2025,15
SK0282,2024,32
SK0162,2024,25
SK0220,2021,70
SK0281,2024,18
SK0056,2025,75
SK0050,2023,98
SK0101,2023,27
SK0144,2025,14
SK0137,2024,66
SK0161,2022,99
SK0208,2024,84
SK0276,2021,10
SK0111,2026,97
SK0121,2025,87
SK0062,2026,45
SK0142,2023,33
SK0093,2023,48
SK0093,2025,70
SK0209,2024,56
SK0192,2021,81
SK0224,2026,40
SK0230,2023,17
SK0065,2025,29
SK0049,2022,29
SK0015,2021,32
SK0236,2025,25
SK0085,2021,38
SK0064,2026,99
SK0170,2021,59
SK0018,2026,84
SK0261,2023,92
SK0091,2025,60
SK0285,2024,91
SK0255,2022,31
SK0153,2022,57
SK0041,2026,15
SK0081,2022,19
SK0223,2026,73
SK0182,2021,23
SK0156,2022,18
SK0058,2024,43
SK0059,2026,29
SK0128,2023,58
SK0024,2022,48
SK0236,2024,85
SK0148,2026,25
SK0212,2023,91
SK0032,2023,93
SK0271,2024,79
SK0293,2023,84
SK0287,2026,23
SK0182,2026,67
SK0110,2026,58
SK0220,2021,63
SK0272,2022,45
SK0001,2025,58
SK0265,2023,87
SK0154,2026,34
SK0082,2024,18
SK0272,2025,25
SK0073,2026,96
SK0061,2026,92
SK0049,2025,48
SK0255,2026,62
SK0073,2022,75
SK0223,2021,79
SK0010,2026,77
SK0279,2021,67
SK0271,2023,12
SK0036,2024,95
SK0243,2025,99
SK0195,2023,67
SK0050,2023,75
SK0125,2022,72
SK0091,2022,98
SK0054,2026,92
SK0198,2022,82
SK0145,2023,89
SK0080,2026,92
SK0177,2024,31
SK0034,2021,78
SK0217,2024,35
SK0079,2021,89
SK0108,2023,72
SK0117,2025,55
SK0295,2025,99
SK0081,2021,90
SK0005,2021,42
SK0016,2025,17
SK0262,2026,76
SK0190,2022,38
SK0094,2023,70
SK0291,2021,31
SK0167,2025,26
SK0281,2023,16
SK0272,2026,80
SK0024,2026,34
SK0193,2021,30
SK0251,2021,50
SK0169,2024,23
SK0130,2024,80
SK0172,2025,12
SK0007,2022,35
SK0191,2023,63
SK0260,2024,97
SK0235,2026,77
SK0115,2024,28
SK0175,2025,90
SK0250,2025,76
SK0197,2024,92
SK0138,2023,29
SK0073,2021,81
SK0096,2025,84
SK0026,2025,40
SK0103,2026,25
SK0145,2025,44
SK0208,2025,40
SK0060,2026,72
SK0124,2025,55
SK0054,2021,19
SK0133,2024,91
SK0276,2023,36
SK0186,2023,84
SK0134,2026,89
SK0280,2022,91
SK0165,2023,38
SK0232,2026,45
SK0260,2024,46
SK0082,2023,89
SK0126,2026,33
SK0282,2024,66
SK0159,2021,39
SK0029,2023,94
SK0152,2021,86
SK0047,2023,58
SK0252,2021,87
SK0289,2022,47
SK0293,2025,94
SK0213,2024,72
SK0169,2026,20
SK0237,2022,80
SK0082,2022,94
SK0105,2024,32
SK0207,2021,74
SK0244,2021,21
SK0097,2023,79
SK0259,2024,30
SK0076,2021,95
SK0266,2025,57
SK0266,2021,47
SK0054,2025,96
SK0013,2024,43
SK0227,2021,44
SK0220,2025,98
SK0023,2026,84
SK0012,2023,32
SK0278,2023,26
SK0299,2022,27
SK0132,2023,76
SK0163,2024,86
SK0141,2026,95
SK0011,2026,89
SK0123,2022,70
SK0004,2021,33
SK0245,2021,41
SK0113,2021,46
SK0074,2025,23
SK0197,2022,24
SK0003,2023,91
SK0293,2025,94
SK0007,2024,51
SK0204,2022,42
SK0111,2023,21
SK0013,2026,32
SK0009,2024,92
SK0181,2024,14
SK0177,2023,54
SK0088,2024,25
SK0155,2026,53
SK0274,2025,40
SK0039,2022,26
SK0274,2023,68
SK0043,2022,18
SK0291,2021,56
SK0240,2022,38
SK0225,2024,62
SK0038,2023,84
SK0217,2026,68
SK0265,2025,74
SK0132,2021,58
SK0009,2022,28
SK0147,2023,26
SK0158,2021,63
SK0235,2022,97
SK0118,2026,82
SK0273,2023,89
SK0173,2023,80
SK0045,2026,76
SK0027,2025,57
SK0277,2024,58
SK0025,2024,96
SK0104,2026,66
SK0059,2024,18
SK0221,2021,41
SK0105,2021,59
SK0091,2024,21
SK0092,2021,98
SK0036,2025,20
SK0219,2025,53
SK0187,2025,44
SK0041,2026,67
SK0049,2023,72
SK0100,2024,92
SK0164,2023,21
SK0116,2021,10
SK0120,2024,31
SK0279,2026,41
SK0095,2025,73
SK0227,2021,47
SK0260,2021,95
SK0046,2022,10
SK0037,2026,49
SK0217,2021,83
SK0223,2023,46
SK0066,2022,32
SK0283,2021,60
SK0042,2023,97
SK0025,2021,97
SK0251,2024,96
SK0136,2024,51
SK0151,2023,47
SK0271,2025,21
SK0029,2022,26
SK0246,2026,79
SK0079,2023,99
SK0015,2025,93
SK0017,2024,38
SK0180,2025,46
SK0277,2021,39
SK0149,2021,95
SK0241,2023,56
SK0264,2023,27
SK0282,2021,10
SK0140,2026,99
SK0292,2023,43
SK0020,2025,69
SK0084,2023,20
SK0151,2022,40
SK0134,2025,17
SK0105,2021,54
SK0259,2026,91
SK0030,2021,40
SK0132,2021,75
SK0264,2023,88
SK0164,2022,58
SK0142,2025,36
SK0262,2024,48
SK0086,2022,62
SK0027,2022,93
SK0285,2026,89
SK0247,2021,20
SK0140,2023,82
SK0155,2026,69
SK0199,2026,98
SK0217,2022,21
SK0102,2022,30
SK0284,2021,27
SK0152,2021,42
SK0204,2025,99
SK0129,2021,78
SK0165,2022,47
SK0053,2022,42
SK0121,2025,57
SK0272,2025,39
SK0246,2023,82
SK0005,2025,80
SK0276,2021,41
SK0020,2025,88
SK0237,2023,34
SK0137,2025,11
SK0097,2024,49
SK0176,2026,45
SK0196,2024,82
SK0050,2025,38
SK0018,2023,16
SK0049,2021,95
SK0069,2026,71
SK0257,2025,50
SK0048,2024,12
SK0010,2025,33
SK0049,2026,67
SK0241,2022,69
SK0202,2023,17
SK0013,2023,61
SK0101,2022,74
SK0019,2024,96
SK0068,2021,49
SK0268,2023,38
SK0069,2025,33
SK0053,2021,96
SK0024,2026,75
SK0035,2023,77
SK0169,2024,44
SK0238,2022,53
SK0245,2025,15
SK0097,2021,68
SK0005,2024,94
SK0190,2024,58
SK0291,2022,67
SK0161,2023,19
SK0226,2021,68
SK0181,2024,75
SK0064,2024,95
SK0203,2026,42
SK0272,2023,33
SK0230,2026,76
SK0107,2026,53
SK0174,2024,72
SK0041,2026,86
SK0081,2026,90
SK0034,2022,92
SK0008,2024,50
SK0150,2023,98
SK0020,2021,36
SK0011,2026,31
SK0197,2024,70
SK0104,2025,14
SK0176,2025,28
SK0188,2025,21
SK0218,2023,64
SK0285,2023,43
SK0298,2021,42
SK0095,2025,31
SK0196,2025,88
SK0260,2021,88
SK0052,2021,52
SK0177,2023,75
SK0246,2025,96
SK0146,2023,51
SK0073,2021,68
SK0134,2024,12
SK0070,2025,19
SK0157,2025,28
SK0267,2022,50
SK0034,2021,14
SK0286,2022,10
SK0192,2022,83
SK0093,2025,78
SK0271,2021,25
SK0247,2026,48
SK0242,2021,42
SK0084,2025,87
SK0101,2024,98
SK0007,2024,56
SK0255,2025,81
SK0165,2026,81
SK0130,2026,45
SK0197,2021,60
SK0247,2026,93
SK0217,2023,32
SK0207,2024,14
SK0285,2022,66
SK0138,2022,73
SK0276,2025,88
SK0214,2022,14
SK0147,2023,66
SK0169,2022,55
SK0088,2022,94
SK0121,2022,24
SK0062,2025,76
SK0296,2022,67
SK0199,2026,75
SK0169,2023,32
SK0081,2022,93
SK0197,2021,20
SK0268,2022,64
SK0260,2022,73
SK0216,2024,86
SK0221,2023,64
SK0073,2021,98
SK0248,2026,13
SK0116,2023,33
SK0296,2023,98
SK0217,2025,92
SK0173,2022,94
SK0126,2021,43
SK0198,2022,65
SK0078,2025,81
SK0239,2022,50
SK0125,2021,51
SK0243,2026,96
SK0266,2022,25
SK0249,2021,65
SK0182,2025,24
SK0060,2024,63
SK0187,2023,24
SK0276,2024,14
SK0122,2025,92
SK0072,2023,93
SK0029,2026,69
SK0120,2026,25
SK0041,2024,25
SK0210,2021,54
SK0185,2025,42
SK0020,2026,16
SK0080,2026,53
SK0232,2025,82
SK0098,2026,39
SK0193,2021,62
SK0085,2026,75
SK0201,2026,38
SK0150,2023,56
SK0246,2024,30
SK0212,2026,34
SK0290,2026,23
SK0138,2022,63
SK0086,2025,44
SK0207,2023,89
SK0161,2023,73
SK0046,2025,62
SK0258,2026,68
SK0031,2021,77
SK0155,2023,63
SK0132,2025,59
SK0243,2025,33
SK0020,2021,17
SK0182,2025,34
SK0244,2025,38
SK0025,2025,48
SK0288,2026,83
SK0254,2025,50
SK0221,2026,67
SK0147,2023,25
SK0130,2021,13
SK0255,2024,19
SK0104,2021,88
SK0196,2024,87
SK0261,2026,80
SK0116,2021,22
SK0209,2024,72
SK0112,2025,30
SK0211,2022,81
SK0117,2021,79
SK0027,2021,74
SK0037,2026,32
SK0232,2026,65
SK0052,2024,18
SK0094,2024,41
SK0159,2022,14
SK0145,2025,64
SK0023,2023,59
SK0148,2026,94
SK0268,2021,29
SK0128,2024,67
SK0233,2026,33
SK0202,2024,98
SK0013,2024,16
SK0128,2022,73
SK0233,2021,37
SK0247,2024,90
SK0015,2024,45
SK0014,2026,56
SK0296,2022,86
SK0073,2024,18
SK0264,2021,73
SK0165,2023,51
SK0058,2021,49
SK0103,2026,44
SK0147,2023,16
SK0171,2022,53
SK0250,2022,62
SK0132,2022,80
SK0073,2024,18
SK0170,2026,14
SK0026,2025,16
SK0015,2026,49
SK0274,2026,66
SK0036,2023,37
SK0274,2021,91
SK0186,2024,67
SK0262,2022,24
SK0144,2022,28
SK0252,2022,49
SK0177,2021,89
SK0101,2021,54
SK0028,2026,10
SK0245,2022,18
SK0246,2023,75
SK0163,2024,83
SK0127,2021,81
SK0102,2024,28
SK0133,2021,55
SK0184,2026,67
SK0180,2022,28
SK0216,2021,83
SK0285,2025,95
SK0234,2025,68
SK0264,2025,40
SK0208,2021,47
SK0159,2024,61
SK0010,2023,97
SK0006,2021,63
SK0292,2024,82
SK0263,2021,32
SK0154,2025,98
SK0195,2021,72
SK0019,2023,77
SK0079,2024,55
SK0173,2024,18
SK0132,2026,47
SK0033,2021,81
SK0251,2025,75
SK0224,2026,42
SK0027,2026,41
SK0110,2022,33
SK0088,2022,82
SK0084,2022,62
SK0242,2021,28
SK0024,2026,96
SK0184,2026,67
SK0059,2023,54
SK0194,2025,67
SK0080,2025,54
SK0215,2024,48
SK0239,2021,45
SK0259,2023,68
SK0244,2025,53
SK0231,2026,21
SK0194,2023,27
SK0060,2023,16
SK0107,2022,31
SK0195,2022,90
SK0095,2024,22
SK0056,2025,10
SK0188,2026,91
SK0136,2026,62
SK0156,2023,96
SK0204,2025,32
SK0190,2023,53
SK0102,2024,31
SK0095,2024,14
SK0044,2022,50
SK0242,2023,82
SK0018,2021,84
SK0001,2023,75
SK0083,2024,32
SK0165,2024,79
SK0139,2021,27
SK0211,2025,96
SK0124,2021,40
SK0085,2024,48
SK0231,2022,28
SK0274,2025,79
SK0244,2021,59
SK0145,2025,32
SK0224,2025,74
SK0244,2026,79
SK0181,2021,97
SK0041,2026,99
SK0023,2023,22
SK0215,2025,90
SK0265,2025,58
SK0026,2022,82
SK0263,2024,19
SK0289,2025,97
SK0036,2024,18
SK0120,2022,61
SK0146,2023,16
SK0160,2023,45
SK0230,2024,51
SK0098,2024,81
SK0024,2026,12
SK0057,2025,14
SK0017,2023,38
SK0199,2023,49
SK0230,2021,71
SK0216,2023,19
SK0274,2022,48
SK0246,2021,39
SK0194,2023,20
SK0197,2023,78
SK0177,2024,99
SK0018,2022,83
SK0188,2022,91
SK0234,2021,64
SK0176,2024,38
SK0263,2024,81
SK0272,2023,54
SK0199,2022,17
SK0288,2021,86
SK0093,2026,80
SK0067,2023,78
SK0298,2021,94
SK0104,2024,49
SK0222,2022,32
SK0299,2026,60
SK0129,2024,47
SK0022,2025,94
SK0175,2026,28
SK0190,2024,27
SK0158,2022,52
SK0013,2025,19
SK0070,2026,92
SK0117,2022,28
SK0205,2025,35
SK0138,2026,71
SK0270,2025,72
SK0256,2022,88
SK0016,2024,31
SK0238,2023,89
SK0284,2023,34
SK0270,2026,67
SK0051,2026,79
SK0107,2021,42
SK0202,2024,81
SK0020,2026,75
SK0088,2022,90
SK0288,2023,85
SK0219,2022,34
SK0076,2024,23
SK0074,2022,91
SK0161,2021,43
SK0243,2026,66
SK0099,2022,92
SK0029,2024,43
SK0260,2025,54
SK0060,2021,47
SK0153,2021,48
SK0155,2021,70
SK0062,2025,11
SK0118,2022,72
SK0211,2022,80
SK0207,2025,98
SK0163,2024,43
SK0248,2026,26
SK0259,2026,23
SK0035,2024,19
SK0084,2025,50
SK0216,2023,93
SK0193,2023,63
SK0011,2024,76
SK0024,2024,44
SK0043,2021,35
SK0140,2023,43
SK0291,2024,40
SK0229,2026,39
SK0267,2024,63
SK0150,2021,38
SK0278,2026,28
SK0221,2021,28
SK0005,2022,29
SK0262,2023,47
SK0041,2023,30
SK0099,2025,58
SK0236,2023,56
SK0296,2026,65
SK0101,2023,25
SK0225,2025,23
SK0045,2024,42
SK0168,2024,37
SK0212,2023,14
SK0166,2021,33
SK0127,2026,25
SK0092,2025,67
SK0165,2024,74
SK0062,2025,86
SK0034,2021,86
SK0179,2024,69
SK0274,2022,94
SK0153,2023,59
SK0190,2021,24
SK0001,2022,84
SK0030,2025,93
SK0005,2024,21
SK0060,2021,21
SK0294,2025,90
SK0171,2023,60
SK0196,2021,14
SK0230,2025,56
SK0024,2021,55
SK0242,2021,19
SK0174,2024,64
SK0269,2026,14
SK0177,2025,36
SK0283,2021,99
SK0177,2023,96
SK0120,2025,21
SK0229,2025,31
SK0019,2023,55
SK0173,2025,67
SK0181,2024,76
SK0093,2024,80
SK0045,2021,83
SK0252,2021,98
SK0161,2026,74
SK0240,2022,29
SK0041,2022,73
SK0222,2022,59
SK0053,2025,63
SK0229,2022,16
SK0042,2026,58
SK0245,2024,40
SK0252,2023,38
SK0110,2021,67
SK0114,2025,65
SK0145,2023,48
SK0284,2022,50
SK0286,2025,60
SK0152,2021,30
SK0255,2024,92
SK0231,2022,78
SK0110,2025,24
SK0163,2024,38
SK0093,2022,77
SK0166,2026,13
SK0021,2022,42
SK0089,2026,34
SK0183,2023,89
SK0194,2023,19
SK0108,2026,47
SK0078,2025,68
SK0171,2023,52
SK0289,2023,23
SK0091,2021,62
SK0200,2022,91
SK0235,2022,83
SK0255,2021,61
SK0139,2026,64
SK0083,2024,86
SK0251,2026,31
SK0026,2024,72
SK0092,2022,46
SK0212,2025,83
SK0016,2026,69
SK0001,2023,91
SK0022,2021,83
SK0028,2025,25
SK0291,2021,91
SK0151,2023,95
SK0019,2025,45
SK0069,2026,23
SK0123,2023,75
SK0005,2022,73
SK0099,2024,60
SK0214,2026,68
SK0173,2021,93
SK0117,2021,25
SK0124,2021,80
SK0186,2024,95
SK0156,2023,77
SK0136,2026,46
SK0051,2023,90
SK0193,2026,16
SK0125,2025,18
SK0122,2023,42
SK0209,2024,96
SK0230,2024,35
SK0105,2025,41
SK0016,2023,33
SK0246,2025,63
SK0155,2024,22
SK0019,2021,30
SK0063,2023,85
SK0124,2022,14
SK0290,2022,55
SK0129,2022,91
SK0246,2024,53
SK0243,2026,99
SK0199,2023,16
SK0166,2022,47
SK0197,2023,14
SK0163,2021,97
SK0154,2021,11
SK0031,2022,94
SK0233,2024,71
SK0203,2025,60
SK0175,2021,90
SK0170,2021,51
SK0140,2025,12
SK0200,2022,51
SK0071,2023,64
SK0241,2021,72
SK0130,2026,28
SK0154,2021,65
SK0139,2025,33
SK0198,2023,92
SK0065,2025,34
SK0173,2021,17
SK0241,2025,64
SK0104,2021,20
SK0115,2023,56
SK0104,2021,78
SK0056,2021,30
SK0027,2023,79
SK0112,2021,39
SK0266,2021,70
SK0256,2021,93
SK0228,2022,61
SK0211,2024,72
SK0104,2025,62
SK0112,2022,32
SK0217,2026,45
SK0251,2021,62
SK0225,2023,33
SK0233,2024,59
SK0209,2023,38
SK0121,2026,93
SK0073,2022,31
SK0078,2021,29
SK0045,2026,75
SK0076,2025,90
SK0124,2022,74
SK0145,2023,67
SK0113,2024,44
SK0036,2021,57
SK0121,2021,63
SK0093,2022,86
SK0087,2024,51
SK0031,2023,36
SK0182,2025,11
SK0064,2023,77
SK0121,2024,71
SK0300,2022,28
SK0256,2025,23
SK0264,2026,19
SK0184,2021,76
SK0123,2026,22
SK0064,2023,23
SK0063,2025,68
SK0144,2022,92
SK0124,2026,17
SK0229,2025,46
SK0299,2022,83
SK0194,2022,74
SK0040,2022,80
SK0243,2023,90
SK0058,2021,78
SK0279,2022,38
SK0065,2023,33
SK0061,2022,69
SK0271,2024,42
SK0190,2026,38
SK0145,2023,69
SK0280,2025,15
SK0125,2021,52
SK0297,2022,46
SK0231,2024,68
SK0034,2024,69
SK0171,2024,73
SK0268,2024,98
SK0211,2024,99
SK0047,2026,15
SK0224,2026,83
SK0193,2023,35
SK0252,2022,54
SK0032,2026,83
SK0002,2021,34
SK0213,2025,57
SK0270,2021,26
SK0176,2024,33
SK0200,2023,81
SK0190,2022,83
SK0046,2024,27
SK0283,2022,95
SK0274,2024,83
SK0032,2026,39
SK0264,2023,80
SK0121,2022,14
SK0147,2023,47
SK0102,2023,38
SK0035,2026,93
SK0208,2025,18
SK0174,2025,42
SK0078,2023,56
SK0093,2022,64
SK0134,2025,95
SK0017,2026,56
SK0031,2025,87
SK0022,2021,79
SK0054,2022,61
SK0183,2021,88
SK0153,2026,98
SK0299,2024,19
SK0162,2024,17
SK0178,2022,93
SK0270,2021,38
SK0142,2026,56
SK0010,2024,64
SK0183,2021,57
SK0241,2024,37
SK0284,2022,63
SK0222,2024,36
SK0197,2022,56
SK0063,2024,14
SK0016,2021,82
SK0140,2026,39
SK0163,2022,53
SK0047,2025,30
SK0258,2022,11
SK0194,2023,56
SK0088,2026,25
SK0098,2023,10
SK0280,2022,31
SK0235,2026,68
SK0188,2026,66
SK0283,2021,43
SK0144,2022,87
SK0248,2025,64
SK0060,2024,92
SK0024,2021,69
SK0252,2023,35
SK0139,2026,44
SK0034,2022,47
SK0088,2026,85
SK0091,2023,57
SK0246,2022,74
SK0115,2022,91
SK0086,2026,24
SK0043,2025,73
SK0127,2021,97
SK0049,2023,46
SK0287,2026,91
SK0246,2025,21
SK0233,2024,58
SK0081,2021,93
SK0235,2025,50
SK0190,2022,77
SK0051,2021,51
SK0026,2024,78
SK0276,2021,36
SK0251,2026,49
SK0263,2021,67
SK0053,2025,53
SK0003,2023,49
SK0261,2023,19
SK0121,2021,15
SK0149,2021,98
SK0196,2023,21
SK0146,2022,13
SK0224,2025,73
SK0162,2024,49
SK0211,2022,36
SK0078,2025,79
SK0287,2026,90
SK0291,2022,32
SK0043,2022,75
SK0185,2022,60
SK0128,2025,27
SK0191,2023,82
SK0074,2021,48
SK0276,2023,20
SK0222,2021,25
SK0165,2026,97
SK0231,2025,72
SK0184,2022,24
SK0113,2022,57
SK0041,2024,92
SK0173,2021,50
SK0037,2026,89
SK0011,2022,19
SK0137,2024,92
SK0219,2022,82
SK0167,2022,43
SK0189,2025,42
SK0046,2025,62
SK0009,2023,85
SK0034,2024,29
SK0131,2022,87
SK0198,2026,30
SK0209,2026,79
SK0273,2021,27
SK0099,2023,46
SK0208,2025,82
SK0237,2025,30
SK0287,2025,29
SK0144,2022,31
SK0279,2023,58
SK0190,2025,91
SK0208,2021,24
SK0219,2023,45
SK0144,2025,40
SK0246,2024,27
SK0193,2026,63
SK0061,2025,65
SK0225,2026,34
SK0208,2023,24
SK0293,2025,53
SK0017,2023,29
SK0088,2026,23
SK0212,2025,96
SK0246,2021,63
SK0160,2021,16
SK0123,2022,73
SK0131,2021,35
SK0201,2025,99
SK0296,2026,34
SK0215,2026,64
SK0064,2023,49
SK0242,2022,77
SK0218,2026,48
SK0181,2022,39
SK0202,2025,55
SK0177,2022,53
SK0223,2025,29
SK0285,2021,55
SK0251,2021,72
SK0034,2022,68
SK0020,2022,80
SK0051,2021,39
SK0045,2022,46
SK0011,2021,11
SK0074,2026,88
SK0089,2022,58
SK0131,2026,86
SK0060,2024,48
SK0168,2025,39
SK0212,2022,27
SK0030,2021,22
SK0090,2023,62
SK0051,2026,54
SK0132,2022,32
SK0062,2024,23
SK0006,2021,81
SK0269,2024,74
SK0224,2025,37
SK0234,2022,69
SK0138,2021,73
SK0295,2021,98
SK0243,2023,93
SK0028,2023,75
SK0250,2022,40
SK0015,2022,61
SK0120,2026,88
SK0043,2026,39
SK0055,2023,48
SK0199,2022,44
SK0006,2021,59
SK0180,2025,54
SK0282,2024,12
SK0207,2023,88
SK0011,2026,71
SK0074,2023,91
SK0234,2022,54
SK0064,2023,89
SK0261,2025,96
SK0283,2021,97
SK0154,2025,56
SK0286,2021,92
SK0174,2023,63
SK0204,2026,81
SK0188,2023,62
SK0143,2026,17
SK0169,2026,11
SK0138,2022,40
SK0085,2025,34
SK0268,2026,71
SK0248,2022,94
SK0109,2024,36
SK0175,2022,48
SK0086,2023,56
SK0222,2025,94
SK0207,2026,19
SK0117,2023,24
SK0002,2023,14
SK0191,2021,49
SK0116,2023,11
SK0207,2021,83
SK0285,2024,44
SK0176,2023,11
SK0245,2023,53
SK0148,2024,59
SK0178,2021,23
SK0105,2022,12
SK0023,2021,36
SK0174,2022,43
SK0162,2026,37
SK0289,2025,56
SK0199,2024,40
SK0114,2025,33
SK0163,2026,44
SK0049,2022,32
SK0164,2023,47
SK0228,2026,70
SK0289,2021,68
SK0285,2026,86
SK0242,2021,46
SK0010,2023,56
SK0159,2024,55
SK0255,2022,14
SK0256,2024,20
SK0064,2022,50
SK0077,2024,88
SK0195,2023,32
SK0288,2026,33
SK0052,2024,26
SK0285,2026,50
SK0018,2021,47
SK0020,2021,75
SK0028,2025,77
SK0066,2024,30
SK0166,2023,96
SK0172,2026,42
SK0198,2022,31
SK0221,2022,44
SK0087,2021,92
SK0089,2022,31
SK0210,2024,49
SK0167,2021,51
SK0274,2024,28
SK0221,2025,20
SK0174,2022,91
SK0146,2026,45
SK0167,2024,51
SK0232,2021,42
SK0295,2021,38
SK0046,2021,76
SK0253,2022,94
SK0043,2025,64
SK0208,2026,76
SK0054,2025,41
SK0154,2022,80
SK0270,2022,83
SK0229,2026,21
SK0098,2026,56
SK0180,2023,80
SK0104,2023,88
SK0217,2021,20
SK0012,2025,40
SK0260,2026,71
SK0058,2023,24
SK0092,2022,18
SK0080,2021,38
SK0289,2023,14
SK0242,2024,34
SK0277,2022,64
SK0176,2026,44
SK0056,2024,60
SK0084,2023,35
SK0006,2022,77
SK0074,2026,24
SK0280,2023,17
SK0129,2025,17
SK0130,2021,92
SK0295,2023,95
SK0047,2021,22
SK0153,2026,55
SK0158,2024,61
SK0189,2023,74
SK0189,2021,36
SK0027,2023,49
SK0125,2024,52
SK0300,2025,31
SK0193,2023,92
SK0231,2023,71
SK0149,2024,39
SK0196,2023,79
SK0248,2025,22
SK0101,2024,66
SK0165,2024,94
SK0054,2022,23
SK0034,2023,29
SK0237,2022,45
SK0148,2024,23
SK0106,2024,83
SK0281,2022,24
SK0086,2021,56
SK0005,2026,40
SK0133,2022,76
SK0105,2024,17
SK0040,2026,16
SK0258,2026,66
SK0079,2022,98
SK0073,2023,47
SK0036,2023,25
SK0210,2024,11
SK0200,2026,90
SK0005,2025,72
SK0062,2023,42
SK0137,2026,36
SK0010,2026,99
SK0002,2026,32
SK0175,2023,82
SK0055,2024,15
SK0286,2024,19
SK0139,2026,77
SK0125,2022,29
SK0278,2024,93
SK0216,2022,97
SK0103,2024,36
SK0181,2021,34
SK0014,2024,59
SK0181,2023,97
SK0243,2025,91
SK0081,2023,35
SK0222,2023,32
SK0245,2021,56
SK0006,2026,57
SK0088,2021,56
SK0296,2022,92
SK0052,2024,48
SK0002,2023,57
SK0049,2026,75
SK0287,2025,17
SK0288,2021,36
SK0067,2022,11
SK0160,2022,74
SK0249,2024,98
SK0184,2025,66
SK0233,2023,29
SK0209,2021,11
SK0140,2025,59
SK0008,2024,63
SK0016,2022,35
SK0279,2023,28
SK0063,2021,68
SK0218,2022,52
SK0243,2025,11
SK0135,2025,53
SK0041,2021,83
SK0147,2025,78
SK0001,2022,66
SK0172,2025,26
SK0173,2021,70
SK0176,2022,33
SK0276,2021,68
SK0065,2024,94
SK0251,2022,62
SK0164,2024,55
SK0208,2023,73
SK0017,2022,85
SK0174,2021,68
SK0100,2023,62
SK0287,2025,12
SK0061,2024,44
SK0131,2025,49
SK0293,2025,50
SK0111,2025,10
SK0218,2026,66
SK0284,2021,59
SK0106,2026,46
SK0057,2021,89
SK0057,2023,60
SK0120,2024,66
SK0069,2024,20
SK0207,2024,41
SK0285,2021,31
SK0143,2021,46
SK0188,2023,85
SK0044,2021,69
SK0257,2022,15
SK0203,2026,62
SK0142,2023,20
SK0273,2023,69
SK0103,2025,56
SK0002,2021,44
SK0240,2025,21
SK0053,2022,81
SK0042,2021,25
SK0081,2025,11
SK0252,2024,92
SK0278,2023,33
SK0120,2023,38
SK0025,2023,76
SK0022,2024,68
SK0113,2021,92
SK0046,2022,65
SK0203,2026,17
SK0026,2025,59
SK0122,2026,49
SK0185,2026,22
SK0028,2021,80
SK0062,2025,75
SK0011,2026,87
SK0065,2023,90
SK0250,2022,43
SK0232,2026,15
SK0091,2021,72
SK0229,2024,43
SK0265,2023,41
SK0246,2024,43
SK0066,2023,27
SK0009,2022,84
SK0132,2022,46
SK0276,2026,13
SK0011,2025,40
SK0183,2024,19
SK0078,2023,17
SK0027,2022,49
SK0157,2022,95
SK0140,2022,12
SK0052,2022,16
SK0142,2026,97
SK0175,2021,25
SK0155,2024,78
SK0049,2026,66
SK0166,2026,90
SK0200,2023,32
SK0054,2026,23
SK0018,2024,14
SK0078,2025,12
SK0205,2023,47
SK0228,2024,15
SK0198,2022,59
SK0226,2024,90
SK0295,2023,90
SK0218,2023,17
SK0047,2025,42
SK0087,2025,35
SK0041,2023,80
SK0131,2021,62
SK0279,2022,40
SK0212,2023,56
SK0013,2024,47
SK0144,2024,31
SK0026,2023,52
SK0113,2023,77
SK0101,2022,25
SK0082,2025,39
SK0010,2021,44
SK0086,2025,95
SK0005,2024,34
SK0154,2024,62
SK0106,2026,47
SK0091,2021,56
SK0008,2022,40
SK0080,2026,81
SK0080,2026,28
SK0038,2021,52
SK0208,2021,18
SK0204,2023,88
SK0145,2021,18
SK0065,2022,99
SK0231,2024,91
SK0015,2022,92
SK0036,2024,81
SK0276,2026,52
SK0149,2021,50
SK0176,2026,98
SK0132,2026,90
SK0103,2024,56
SK0070,2021,58
SK0058,2021,27
SK0166,2024,14
SK0275,2022,54
SK0262,2022,27
SK0120,2022,33
SK0176,2026,87
SK0043,2022,64
SK0027,2021,19
SK0197,2023,75
SK0081,2021,13
SK0243,2024,99
SK0035,2026,98
SK0140,2025,96
SK0090,2021,60
SK0249,2026,74
SK0246,2024,94
SK0078,2023,21
SK0066,2025,41
SK0099,2025,32
SK0033,2024,20
SK0150,2026,43
SK0103,2025,44
SK0089,2021,77
SK0194,2022,36
SK0240,2024,43
SK0088,2021,11
SK0275,2024,29
SK0049,2026,62
SK0213,2021,65
SK0044,2025,35
SK0222,2025,20
SK0140,2022,31
SK0123,2025,49
SK0226,2023,28
SK0129,2026,35
SK0010,2026,42
SK0160,2021,51
SK0125,2021,26
SK0142,2022,96
SK0119,2026,89
SK0169,2025,79
SK0083,2025,88
SK0176,2024,68
SK0276,2023,66
SK0064,2026,68
SK0225,2025,22
SK0134,2026,14
SK0211,2021,94
SK0282,2022,99
SK0265,2024,14
SK0223,2023,40
SK0157,2021,56
SK0174,2023,88
SK0273,2023,69
SK0089,2024,45
SK0019,2024,40
SK0010,2021,54
SK0091,2024,75
SK0174,2022,83
SK0272,2026,75
SK0266,2022,44
SK0179,2025,46
SK0197,2025,86
SK0021,2025,32
SK0006,2026,42
SK0252,2024,65
SK0044,2025,29
SK0228,2026,43
SK0142,2026,26
SK0259,2023,60
SK0258,2022,87
SK0273,2022,48
SK0040,2024,20
SK0275,2022,99
SK0276,2026,21
SK0130,2021,17
SK0075,2024,61
SK0030,2026,77
SK0134,2025,63
SK0197,2022,28
SK0145,2025,20
SK0105,2024,56
SK0052,2023,45
SK0188,2026,95
SK0283,2023,11
SK0269,2024,29
SK0088,2021,62
SK0046,2025,93
SK0003,2024,75
SK0115,2024,27
SK0015,2025,10
SK0161,2023,58
SK0111,2025,51
SK0291,2022,57
SK0146,2021,71
SK0237,2024,83
SK0134,2024,56
SK0181,2026,77
SK0149,2022,94
SK0098,2023,62
SK0206,2021,13
SK0279,2022,91
SK0274,2026,15
SK0195,2023,90
SK0108,2025,78
SK0114,2025,16
SK0191,2021,24
SK0209,2025,95
SK0051,2023,25
SK0209,2025,75
SK0001,2026,30
SK0161,2026,29
SK0148,2024,11
SK0137,2024,43
SK0138,2021,64
SK0206,2022,72
SK0098,2024,35
SK0245,2023,38
SK0191,2023,13
SK0214,2025,27
SK0300,2024,71
SK0290,2024,88
SK0256,2026,88
SK0069,2024,90
SK0168,2022,36
SK0029,2023,84
SK0073,2022,94
SK0234,2022,56
SK0044,2026,13
SK0142,2022,98
SK0193,2022,16
SK0096,2022,69
SK0040,2022,99
SK0014,2023,87
SK0001,2022,13
SK0003,2021,69
SK0087,2021,92
SK0131,2021,37
SK0123,2026,28
SK0146,2021,14
SK0199,2026,43
SK0179,2022,10
SK0209,2025,15
SK0252,2021,63
SK0253,2026,93
SK0075,2025,87
SK0029,2024,51
SK0174,2021,46
SK0003,2022,25
SK0001,2023,96
SK0243,2022,31
SK0269,2026,91
SK0239,2021,86
SK0226,2023,11
SK0117,2025,36
SK0096,2022,26
SK0272,2024,48
SK0214,2026,30
SK0209,2021,33
SK0108,2021,92
SK0118,2022,34
SK0199,2026,72
SK0006,2024,82
SK0101,2024,57
SK0190,2024,29
SK0014,2021,14
SK0028,2021,20
SK0244,2023,28
SK0067,2023,97
SK0169,2021,12
SK0168,2026,18
SK0296,2026,75
SK0227,2025,33
SK0176,2023,82
SK0028,2026,36
SK0207,2026,68
SK0268,2021,63
SK0271,2026,93
SK0189,2025,52
SK0239,2024,27
SK0068,2024,55
SK0032,2023,63
SK0237,2026,83
SK0087,2023,74
SK0001,2024,32
SK0022,2024,54
SK0143,2026,50
SK0299,2023,74
SK0214,2022,86
SK0013,2024,19
SK0226,2025,59
SK0014,2022,51
SK0119,2022,32
SK0088,2023,24
SK0261,2023,59
SK0243,2025,57
SK0091,2026,94
SK0257,2025,38
SK0009,2021,83
SK0293,2023,13
SK0266,2025,77
SK0140,2022,72
SK0164,2021,99
SK0219,2026,69
SK0011,2024,58
SK0257,2025,66
SK0263,2022,40
SK0117,2024,19
SK0231,2025,48
SK0026,2022,22
SK0086,2022,36
SK0034,2026,59
SK0256,2023,44
SK0149,2024,54
SK0198,2026,57
SK0242,2021,25
SK0224,2025,68
SK0103,2026,46
SK0012,2025,69
SK0063,2026,74
SK0034,2021,32
SK0157,2022,48
SK0121,2022,48
SK0139,2022,66
SK0133,2024,45
SK0005,2023,82
SK0243,2023,41
SK0211,2026,77
SK0248,2024,76
SK0152,2024,19
SK0172,2022,46
SK0037,2024,10
SK0086,2022,59
SK0021,2022,13
SK0178,2021,37
SK0136,2026,52
SK0014,2023,26
SK0286,2024,79
SK0226,2025,35
SK0066,2021,86
SK0164,2024,45
SK0210,2026,15
SK0041,2022,39
SK0169,2025,96
SK0133,2021,83
SK0246,2022,59
SK0246,2023,15
SK0203,2024,76
SK0024,2025,71
SK0025,2022,20
SK0072,2024,65
SK0169,2023,61
SK0294,2026,52
SK0091,2025,53
SK0143,2024,68
SK0044,2024,10
SK0292,2025,83
SK0263,2025,67
SK0174,2026,36
SK0134,2024,88
SK0140,2025,45
SK0126,2021,89
SK0255,2024,48
SK0235,2023,72
SK0094,2023,99
SK0132,2026,24
SK0212,2026,59
SK0069,2023,66
SK0220,2022,81
SK0160,2022,97
SK0065,2022,62
SK0219,2025,49
SK0009,2022,16
SK0254,2026,90
SK0293,2025,88
SK0229,2021,22
SK0094,2026,25
SK0295,2023,61
SK0150,2025,85
SK0209,2023,38
SK0298,2022,56
SK0021,2022,77
SK0130,2026,98
SK0142,2022,47
SK0256,2025,96
SK0233,2026,45
SK0127,2026,38
SK0297,2021,56
SK0276,2026,40
SK0062,2025,61
SK0219,2023,58
SK0037,2026,71
SK0170,2025,10
SK0154,2025,48
SK0108,2023,78
SK0146,2021,25
SK0268,2023,50
SK0156,2022,12
SK0093,2021,95
SK0039,2021,75
SK0070,2023,95
SK0267,2022,11
SK0202,2023,26
SK0087,2024,24
SK0057,2021,39
SK0011,2026,20
SK0158,2022,38
SK0239,2021,63
SK0001,2023,84
SK0029,2023,17
SK0157,2021,90
SK0285,2026,58
SK0128,2021,91
SK0006,2026,10
SK0078,2022,88
SK0012,2022,40
SK0281,2025,68
SK0299,2024,56
SK0022,2023,26
SK0076,2021,77
SK0092,2021,96
SK0174,2025,19
SK0244,2022,79
SK0237,2022,96
SK0029,2024,95
SK0202,2024,83
SK0022,2021,63
SK0031,2024,38
SK0271,2026,92
SK0246,2021,57
SK0274,2024,33
SK0189,2026,57
SK0049,2022,40
SK0241,2024,88
SK0247,2023,49
SK0039,2023,67
SK0069,2025,83
SK0187,2022,25
SK0034,2024,11
SK0085,2022,75
SK0218,2021,39
SK0091,2024,72
SK0276,2023,43
SK0128,2023,69
SK0197,2022,71
SK0075,2021,44
SK0087,2022,20
SK0107,2024,17
SK0194,2023,23
SK0021,2023,52
SK0034,2024,58
SK0014,2023,39
SK0011,2025,83
SK0042,2022,56
SK0279,2025,69
SK0229,2021,42
SK0120,2022,32
SK0029,2024,95
SK0128,2023,25
SK0252,2023,14
SK0012,2022,47
SK0067,2025,57
SK0182,2023,40
SK0174,2025,81
SK0083,2021,77
SK0288,2024,61
SK0117,2026,51
SK0165,2023,94
SK0190,2024,36
SK0043,2022,88
SK0017,2022,66
SK0169,2025,14
SK0110,2023,86
SK0119,2024,42
SK0107,2022,77
SK0154,2024,24
SK0033,2021,99
SK0290,2022,70
SK0126,2023,17
SK0207,2022,58
SK0228,2021,71
SK0214,2021,87
SK0012,2025,13
SK0067,2023,85
SK0273,2022,89
SK0242,2022,16
SK0262,2023,78
SK0265,2024,43
SK0049,2021,17
SK0028,2023,15
SK0226,2021,25
SK0029,2022,64
SK0173,2024,94
SK0077,2023,48
SK0201,2021,28
SK0086,2025,36
SK0112,2022,39
SK0119,2021,25
SK0060,2024,72
SK0111,2023,47
SK0199,2021,36
SK0094,2025,20
SK0015,2021,53
SK0016,2021,96
SK0080,2021,72
SK0037,2026,52
SK0259,2026,91
SK0257,2026,14
SK0023,2023,59
SK0175,2023,33
SK0059,2022,46
SK0133,2025,58
SK0230,2021,29
SK0280,2022,41
SK0264,2022,51
SK0208,2026,92
SK0139,2024,33
SK0118,2023,30
SK0143,2022,91
SK0135,2026,54
SK0243,2026,43
SK0287,2022,50
SK0045,2021,75
SK0070,2023,11
SK0137,2021,85
SK0100,2024,36
SK0169,2024,12
SK0224,2023,69
SK0240,2026,19
SK0111,2022,76
SK0093,2022,64
SK0013,2026,83
SK0121,2024,36
SK0080,2024,70
SK0017,2021,46
SK0052,2025,47
SK0245,2021,40
SK0247,2021,62
SK0045,2026,22
SK0203,2022,95
SK0078,2026,13
SK0171,2022,94
SK0005,2023,13
SK0036,2024,38
SK0213,2026,61
SK0197,2024,62
SK0105,2023,57
SK0240,2023,28
SK0139,2026,12
SK0262,2022,76
SK0021,2022,72
SK0238,2023,37
SK0042,2024,56
SK0213,2021,95
SK0254,2024,33
SK0279,2025,63
SK0006,2025,22
SK0264,2026,92
SK0272,2024,86
SK0084,2024,13
SK0017,2021,95
SK0034,2022,27
SK0287,2026,67
SK0064,2022,51
SK0016,2025,45
SK0040,2022,88
SK0127,2023,69
SK0188,2023,65
SK0187,2026,56
SK0110,2026,77
SK0196,2024,27
SK0252,2022,60
SK0055,2024,17
SK0052,2024,46
SK0105,2026,73
SK0064,2026,23
SK0074,2025,40
SK0019,2026,20
SK0147,2024,75
SK0225,2023,56
SK0142,2023,29
SK0219,2022,59
SK0129,2026,61
SK0048,2026,85
SK0117,2022,68
SK0233,2024,91
SK0176,2026,37
SK0036,2022,24
SK0236,2026,95
SK0011,2023,97
SK0197,2022,24
SK0239,2024,47
SK0296,2021,44
SK0146,2025,78
SK0223,2022,86
SK0067,2021,99
SK0014,2023,10
SK0169,2023,45
SK0137,2026,45
SK0196,2024,71
SK0111,2026,54
SK0020,2024,61
SK0091,2024,35
SK0070,2026,22
SK0159,2026,96
SK0115,2021,55
SK0110,2023,52
SK0013,2023,50
SK0233,2021,19
SK0258,2023,15
SK0267,2026,44
SK0212,2024,92
SK0002,2024,69
SK0044,2022,51
SK0215,2021,70
SK0097,2022,23
SK0206,2026,65
SK0187,2021,54
SK0075,2026,69
SK0169,2022,90
SK0236,2022,14
SK0048,2021,58
SK0002,2023,57
SK0173,2021,60
SK0052,2023,31
SK0251,2024,26
SK0248,2024,36
SK0080,2024,33
SK0258,2025,28
SK0255,2022,81
SK0110,2022,63
SK0067,2021,33
SK0263,2023,55
SK0263,2025,55
SK0272,2021,42
SK0290,2026,98
SK0112,2025,67
SK0161,2021,87
SK0026,2021,28
SK0017,2022,99
SK0007,2023,48
SK0132,2021,33
SK0184,2021,71
SK0221,2025,76
SK0026,2026,45
SK0172,2025,72
SK0196,2024,28
SK0140,2021,72
SK0133,2022,74
SK0237,2024,14
SK0115,2022,62
SK0164,2025,43
SK0095,2023,48
SK0160,2022,95
SK0093,2026,18
SK0125,2021,29
SK0147,2023,48
SK0040,2023,50
SK0258,2026,94
SK0226,2024,26
SK0127,2021,94
SK0051,2023,42
SK0052,2024,93
SK0209,2026,68
SK0050,2026,15
SK0292,2022,29
SK0113,2022,70
SK0241,2024,96
SK0130,2026,65
SK0058,2023,67
SK0222,2024,28
SK0120,2026,40
SK0158,2024,61
SK0260,2022,91
SK0192,2026,12
SK0123,2024,19
SK0066,2024,32
SK0214,2022,43
SK0044,2022,34
SK0075,2025,65
SK0263,2021,50
SK0298,2026,43
SK0227,2026,47
SK0289,2021,28
SK0171,2023,40
SK0057,2023,69
SK0216,2023,28
SK0191,2022,27
SK0079,2022,71
SK0221,2025,95
SK0214,2023,18
SK0198,2024,78
SK0268,2026,43
SK0127,2021,47
SK0061,2026,60
SK0151,2021,88
SK0260,2023,20
SK0135,2024,92
SK0137,2025,38
SK0049,2026,56
SK0145,2024,55
SK0028,2025,95
SK0045,2025,34
SK0156,2026,84
SK0197,2022,17
SK0169,2024,74
SK0068,2022,18
SK0174,2023,71
SK0147,2026,75
SK0138,2026,17
SK0290,2025,51
SK0064,2025,22
SK0289,2026,63
SK0088,2025,19
SK0292,2022,58
SK0293,2021,32
SK0154,2021,22
SK0207,2025,76
SK0064,2026,95
SK0171,2026,85
SK0077,2025,31
SK0166,2023,90
SK0297,2025,25
SK0164,2021,31
SK0114,2024,18
SK0185,2022,59
SK0285,2023,27
SK0122,2022,74
SK0100,2026,81
SK0049,2024,35
SK0082,2022,73
SK0253,2024,44
SK0061,2025,24
SK0098,2022,96
SK0206,2023,65
SK0060,2023,19
SK0248,2021,88
SK0223,2024,75
SK0144,2023,54
SK0061,2025,64
SK0066,2024,57
SK0113,2022,24
SK0183,2024,60
SK0141,2021,56
SK0113,2026,99
SK0126,2024,42
SK0279,2026,63
SK0044,2022,40
SK0048,2026,68
SK0219,2021,40
SK0214,2024,89
SK0012,2023,75
SK0029,2022,18
SK0228,2024,92
SK0177,2022,31
SK0018,2022,59
SK0018,2021,47
SK0014,2025,16
SK0083,2023,11
SK0191,2023,70
SK0117,2024,68
SK0051,2025,45
SK0097,2025,55
SK0139,2026,57
SK0102,2022,89
SK0263,2021,20
SK0041,2021,42
SK0018,2023,38
SK0271,2024,92
SK0120,2025,68
SK0020,2024,26
SK0246,2021,57
SK0137,2026,63
SK0206,2021,83
SK0136,2025,50
SK0118,2025,56
SK0193,2022,10
SK0268,2024,42
SK0014,2022,96
SK0198,2022,55
SK0058,2024,88
SK0225,2023,66
SK0144,2023,76
SK0159,2023,96
SK0144,2024,83
SK0292,2021,57
SK0206,2023,89
SK0044,2022,85
SK0219,2021,78
SK0156,2024,98
SK0189,2024,29
SK0037,2022,87
SK0138,2023,96
SK0041,2026,95
SK0082,2021,47
SK0134,2023,73
SK0095,2024,68
SK0079,2022,23
SK0154,2021,42
SK0189,2023,69
SK0181,2021,44
SK0093,2022,13
SK0169,2025,20
SK0025,2026,37
SK0158,2024,23
SK0261,2021,85
SK0063,2022,43
SK0046,2022,41
SK0196,2026,82
SK0037,2024,33
SK0139,2026,66
SK0295,2021,74
SK0140,2026,47
SK0292,2022,97
SK0202,2023,65
SK0174,2023,71
SK0124,2022,28
SK0161,2024,28
SK0138,2021,13
SK0101,2023,33
SK0019,2026,21
SK0031,2021,62
SK0005,2024,40
SK0012,2026,39
SK0132,2021,75
SK0254,2023,53
SK0184,2024,25
SK0165,2023,83
SK0196,2023,20
SK0259,2022,16
SK0046,2023,39
SK0191,2022,83
SK0151,2025,29
SK0100,2024,95
SK0270,2021,73
SK0132,2025,90
SK0221,2022,65
SK0071,2021,10
SK0283,2026,53
SK0293,2026,24
SK0214,2026,79
SK0215,2024,41
SK0265,2022,34
SK0014,2026,92
SK0212,2024,38
SK0187,2026,11
SK0108,2025,99
SK0012,2024,89
SK0013,2025,10
SK0277,2022,25
SK0294,2024,84
SK0190,2026,96
SK0019,2026,99
SK0083,2024,64
SK0229,2021,14
SK0265,2025,73
SK0194,2022,80
SK0256,2025,68
SK0088,2022,56
SK0098,2021,61
SK0105,2024,20
SK0276,2025,61
SK0242,2023,17
SK0122,2022,45
SK0252,2024,73
SK0150,2023,41
SK0128,2024,97
SK0036,2024,53
SK0242,2022,96
SK0135,2024,94
SK0063,2025,38
SK0251,2026,40
SK0214,2022,37
SK0272,2021,34
SK0285,2021,21
SK0109,2023,73
SK0197,2024,52
SK0068,2024,64
SK0009,2023,14
SK0192,2024,27
SK0145,2022,72
SK0011,2021,16
SK0202,2024,30
SK0120,2025,42
SK0121,2025,12
SK0246,2024,89
SK0233,2021,19
SK0250,2024,46
SK0024,2021,33
SK0020,2025,12
SK0219,2024,10
SK0020,2024,97
SK0159,2026,62
SK0160,2022,47
SK0002,2022,32
SK0174,2025,60
SK0167,2026,70
SK0298,2022,93
SK0265,2024,75
SK0283,2023,96
SK0174,2026,59
SK0088,2024,65
SK0112,2026,23
SK0275,2025,89
SK0162,2021,69
SK0026,2026,22
SK0243,2023,46
SK0235,2022,90
SK0184,2024,18
SK0200,2022,64
SK0138,2023,74
SK0221,2022,59
SK0238,2023,44
SK0055,2025,10
SK0205,2024,21
SK0113,2026,42
SK0064,2022,96
SK0049,2023,56
SK0008,2021,97
SK0226,2021,82
SK0067,2022,63
SK0293,2026,74
SK0289,2025,29
SK0243,2026,12
SK0197,2026,26
SK0095,2023,72
SK0032,2025,84
SK0197,2021,59
SK0071,2024,14
SK0224,2026,38
SK0121,2025,40
SK0055,2025,56
SK0063,2025,83
SK0155,2026,85
SK0284,2023,66
SK0029,2025,45
SK0119,2021,70
SK0050,2024,38
SK0095,2023,75
SK0149,2026,38
SK0203,2025,26
SK0128,2023,45
SK0030,2022,38
SK0194,2024,43
SK0114,2021,45
SK0260,2025,26
SK0014,2026,69
SK0136,2022,64
SK0271,2021,10
SK0286,2025,91
SK0162,2021,33
SK0086,2021,53
SK0123,2024,20
SK0219,2025,54
SK0046,2022,84
SK0277,2026,72
SK0160,2023,65
SK0126,2022,16
SK0210,2026,61
SK0029,2021,74
SK0153,2026,76
SK0275,2026,60
SK0202,2026,89
SK0269,2025,35
SK0252,2024,96
SK0227,2021,74
SK0011,2025,45
SK0006,2023,63
SK0235,2021,80
SK0017,2026,96
SK0286,2025,20
SK0103,2026,92
SK0259,2026,55
SK0272,2025,67
SK0277,2023,98
SK0238,2026,40
SK0079,2022,84
SK0115,2023,45
SK0165,2023,25
SK0123,2024,13
SK0061,2026,20
SK0171,2023,51
SK0257,2024,74
SK0093,2026,68
SK0115,2021,10
SK0074,2026,56
SK0262,2022,67
SK0108,2024,11
SK0021,2025,99
SK0282,2024,38
SK0217,2021,18
SK0298,2023,86
SK0084,2024,45
SK0206,2023,19
SK0146,2026,28
SK0202,2026,29
SK0070,2025,32
SK0189,2024,48
SK0115,2025,51
SK0240,2026,58
SK0053,2026,76
SK0285,2026,45
SK0045,2026,88
SK0184,2024,23
SK0158,2024,78
SK0089,2026,35
SK0172,2025,46
SK0075,2024,70
SK0253,2024,49
SK0107,2021,49
SK0163,2023,46
SK0051,2026,38
SK0244,2025,51
SK0091,2025,10
SK0089,2022,89
SK0259,2023,11
SK0175,2021,40
SK0232,2022,93
SK0052,2024,38
SK0063,2026,51
SK0208,2021,87
SK0137,2022,79
SK0237,2025,24
SK0015,2026,15
SK0197,2022,15
SK0243,2023,46
SK0023,2026,67
SK0130,2023,43
SK0258,2024,95
SK0012,2026,48
SK0272,2026,29
SK0018,2026,38
SK0235,2023,89
SK0073,2023,25
SK0143,2025,41
SK0166,2025,20
SK0275,2021,43
SK0144,2025,24
SK0201,2026,91
SK0107,2021,98
SK0215,2024,98
SK0095,2022,66
SK0121,2026,22
SK0059,2026,75
SK0261,2024,27
SK0281,2026,82
SK0068,2021,33
SK0072,2025,81
SK0064,2025,42
SK0297,2022,19
SK0243,2026,39
SK0018,2026,18
SK0040,2026,22
SK0007,2025,41
SK0161,2024,27
SK0028,2021,67
SK0252,2021,84
SK0222,2026,23
SK0207,2024,30
SK0242,2024,43
SK0042,2022,61
SK0227,2022,97
SK0049,2024,48
SK0046,2021,57
SK0208,2024,13
SK0266,2023,87
SK0160,2023,60
SK0216,2021,72
SK0028,2024,92
SK0043,2026,63
SK0037,2021,97
SK0194,2024,73
SK0159,2024,21
SK0193,2021,67
SK0133,2022,27
SK0231,2021,49
SK0113,2023,63
SK0187,2021,84
SK0265,2023,88
SK0023,2026,52
SK0236,2023,75
SK0100,2025,32
SK0140,2025,32
SK0046,2026,63
SK0256,2024,51
SK0197,2023,10
SK0050,2024,99
SK0102,2024,36
SK0190,2024,54
SK0218,2025,42
SK0134,2026,67
SK0222,2026,42
SK0233,2023,23
SK0154,2024,17
SK0246,2025,40
SK0243,2022,26
SK0166,2025,30
SK0015,2023,67
SK0192,2023,88
SK0158,2024,49
SK0221,2026,11
SK0037,2022,79
SK0100,2023,85
SK0021,2021,88
SK0230,2025,97
SK0183,2026,15
SK0044,2021,10
SK0043,2026,56
SK0069,2022,29
SK0181,2025,79
SK0063,2024,77
SK0101,2025,51
SK0199,2026,76
SK0168,2021,96
SK0193,2024,79
SK0133,2025,50
SK0008,2022,51
SK0029,2025,53
SK0257,2022,22
SK0187,2026,98
SK0243,2022,46
SK0072,2025,53
SK0094,2022,78
SK0040,2025,81
SK0068,2026,49
SK0135,2021,95
SK0294,2021,81
SK0009,2024,13
SK0105,2021,42
SK0173,2021,36
SK0261,2024,32
SK0048,2024,59
SK0105,2024,89
SK0005,2023,76
SK0250,2022,48
SK0231,2025,59
SK0071,2024,33
SK0137,2024,74
SK0134,2021,99
SK0226,2026,84
SK0104,2026,25
SK0222,2021,40
SK0259,2021,30
SK0066,2026,46
SK0058,2023,95
SK0104,2025,72
SK0087,2022,73
SK0131,2023,31
SK0246,2026,78
SK0150,2024,16
SK0272,2022,79
SK0193,2026,36
SK0032,2021,10
SK0298,2021,57
SK0117,2021,27
SK0144,2023,87
SK0149,2023,76
SK0107,2025,53
SK0207,2023,38
SK0116,2022,42
SK0117,2026,11
SK0010,2024,60
SK0297,2024,72
SK0076,2021,33
SK0270,2024,18
SK0070,2021,64
SK0033,2026,11
SK0176,2021,17
SK0224,2021,25
SK0095,2023,70
SK0298,2022,79
SK0177,2021,27
SK0126,2023,48
SK0192,2024,81
SK0156,2021,29
SK0231,2026,87
SK0169,2022,32
SK0178,2023,85
SK0093,2026,88
SK0246,2025,62
SK0292,2021,75
SK0175,2021,57
SK0209,2021,59
SK0097,2025,12
SK0065,2024,79
SK0299,2025,44
SK0192,2026,20
SK0087,2025,51
SK0273,2024,90
SK0162,2021,74
SK0097,2021,56
SK0269,2025,60
SK0102,2023,52
SK0230,2025,16
SK0254,2021,87
SK0122,2026,83
SK0083,2025,95
SK0050,2021,20
SK0276,2021,77
SK0274,2022,84
SK0061,2022,24
SK0108,2026,26
SK0113,2023,22
SK0028,2021,47
SK0218,2024,89
SK0207,2023,63
SK0198,2024,75
SK0133,2022,42
SK0166,2026,61
SK0084,2023,81
SK0076,2022,13
SK0131,2026,14
SK0193,2023,20
SK0104,2026,95
SK0111,2024,43
SK0261,2024,46
SK0288,2022,94
SK0293,2023,96
SK0120,2021,52
SK0018,2025,11
SK0060,2026,68
SK0054,2022,37
SK0260,2022,91
SK0204,2023,49
SK0076,2021,67
SK0097,2025,90
SK0102,2025,69
SK0200,2025,29
SK0181,2023,72
SK0051,2022,52
SK0185,2021,86
SK0203,2024,11
SK0216,2021,91
SK0073,2023,15
SK0178,2023,24
SK0203,2026,68
SK0238,2022,58
SK0143,2022,98
SK0092,2022,13
SK0109,2023,14
SK0236,2024,74
SK0087,2025,41
SK0045,2026,80
SK0017,2025,95
SK0095,2026,47
SK0007,2021,22
SK0249,2025,61
SK0257,2024,90
SK0196,2022,87
SK0145,2023,95
SK0109,2024,56
SK0141,2025,26
SK0206,2024,73
SK0222,2021,60
SK0215,2026,15
SK0072,2022,76
SK0038,2026,22
SK0258,2024,49
SK0047,2021,32
SK0010,2026,75
SK0154,2021,67
SK0152,2026,27
SK0202,2026,79
SK0211,2026,68
SK0215,2023,91
SK0241,2024,96
SK0076,2026,76
SK0047,2026,81
SK0209,2025,46
SK0260,2026,37
SK0048,2024,26
SK0139,2026,80
SK0189,2025,43
SK0064,2021,61
SK0093,2024,49
SK0084,2024,33
SK0246,2024,21
SK0006,2021,32
SK0097,2026,30
SK0101,2021,54
SK0009,2021,21
SK0102,2021,74
SK0222,2023,23
SK0204,2024,82
SK0116,2025,54
SK0135,2022,70
SK0299,2026,96
SK0004,2025,25
SK0021,2026,84
SK0140,2023,90
SK0231,2024,18
SK0207,2022,77
SK0099,2024,28
SK0067,2022,27
SK0287,2022,92
SK0085,2025,19
SK0227,2023,74
SK0292,2023,63
SK0208,2025,83
SK0102,2023,71
SK0096,2024,54
SK0048,2023,24
SK0011,2021,59
SK0031,2022,71
SK0174,2024,12
SK0270,2026,76
SK0090,2022,84
SK0150,2023,60
SK0285,2023,67
SK0045,2026,57
SK0172,2021,51
SK0085,2026,82
SK0138,2026,55
SK0197,2022,47
SK0127,2021,91
SK0084,2026,29
SK0122,2023,99
SK0237,2022,33
SK0235,2022,41
SK0154,2025,66
SK0267,2024,71
SK0020,2024,53
SK0096,2024,74
SK0078,2023,96
SK0040,2024,26
SK0221,2026,53
SK0087,2022,16
SK0273,2023,63
SK0198,2024,83
SK0034,2021,93
SK0201,2022,98
SK0254,2021,13
SK0202,2024,80
SK0266,2026,30
SK0014,2022,27
SK0260,2025,53
SK0162,2023,70
SK0228,2024,72
SK0213,2025,44
SK0253,2021,74
SK0112,2026,21
SK0274,2024,43
SK0109,2021,94
SK0160,2023,77
SK0078,2026,40
SK0131,2023,78
SK0117,2026,81
SK0294,2025,38
SK0177,2026,78
SK0205,2023,40
SK0247,2024,98
SK0283,2023,98
SK0247,2023,30
SK0150,2023,52
SK0049,2021,16
SK0234,2022,68
SK0161,2021,34
SK0076,2024,96
SK0290,2024,25
SK0089,2025,89
SK0228,2026,83
SK0226,2022,82
SK0006,2022,23
SK0228,2025,33
SK0255,2023,73
SK0134,2023,86
SK0115,2021,77
SK0037,2021,54
SK0080,2026,76
SK0147,2021,21
SK0200,2026,33
SK0129,2025,23
SK0226,2021,28
SK0297,2026,57
SK0058,2026,58
SK0141,2023,46
SK0115,2025,66
SK0096,2026,91
SK0019,2023,97
SK0298,2021,85
SK0081,2025,94
SK0058,2021,53
SK0085,2026,70
SK0194,2021,44
SK0162,2025,24
SK0109,2024,69
SK0173,2025,83
SK0253,2021,40
SK0123,2025,97
SK0184,2023,16
SK0028,2025,65
SK0045,2023,96
SK0231,2026,41
SK0056,2026,86
SK0225,2024,22
SK0257,2025,51
SK0169,2022,63
SK0169,2025,22
SK0195,2023,73
SK0082,2026,35
SK0102,2023,49
SK0271,2025,53
SK0024,2022,57
SK0261,2021,14
SK0043,2025,64
SK0053,2022,31
SK0265,2022,28
SK0105,2026,10
SK0055,2025,43
SK0180,2026,82
SK0206,2021,27
SK0260,2026,92
SK0239,2024,79
SK0182,2024,62
SK0270,2024,58
SK0268,2021,43
SK0138,2024,62
SK0032,2023,24
SK0295,2023,17
SK0215,2021,23
SK0029,2023,88
SK0088,2023,35
SK0126,2024,46
SK0272,2026,32
SK0002,2021,85
SK0266,2025,68
SK0251,2022,12
SK0266,2023,38
SK0213,2024,59
SK0279,2021,99
SK0025,2023,99
SK0126,2022,37
SK0231,2023,16
SK0143,2026,13
SK0235,2025,81
SK0018,2023,73
SK0133,2021,37
SK0007,2023,64
SK0078,2025,43
SK0183,2023,29
SK0280,2022,85
SK0086,2022,38
SK0090,2024,64
SK0009,2025,38
SK0072,2023,99
SK0276,2023,67
SK0209,2022,10
SK0029,2025,44
SK0153,2021,84
SK0242,2026,28
SK0219,2025,42
SK0266,2021,24
SK0001,2024,78
SK0193,2024,78
SK0012,2021,20
SK0037,2021,17
SK0176,2025,25
SK0102,2021,92
SK0021,2025,22
SK0152,2026,33
SK0060,2021,66
SK0232,2022,25
SK0176,2023,46
SK0174,2023,16
SK0006,2023,50
SK0200,2026,59
SK0179,2022,81
SK0046,2024,76
SK0180,2024,32
SK0222,2023,45
SK0043,2021,57
SK0104,2024,26
SK0195,2022,55
SK0121,2025,32
SK0279,2026,74
SK0060,2026,34
SK0275,2023,66
SK0235,2026,48
SK0076,2023,89
SK0103,2024,28
SK0285,2022,83
SK0078,2022,51
SK0245,2021,18
SK0292,2023,76
SK0042,2026,13
SK0043,2021,94
SK0210,2022,44
SK0141,2023,88
SK0272,2026,83
SK0215,2024,79
SK0245,2026,63
SK0119,2023,35
SK0133,2023,14
SK0291,2023,31
SK0074,2023,11
SK0291,2023,53
SK0154,2021,72
SK0230,2024,42
SK0085,2024,54
SK0245,2026,45
SK0162,2025,58
SK0016,2023,29
SK0227,2023,68
SK0061,2023,82
SK0069,2022,99
SK0274,2022,30
SK0114,2024,92
SK0233,2022,82
SK0042,2023,54
SK0104,2023,42
SK0121,2021,29
SK0090,2022,14
SK0133,2025,11
SK0040,2022,77
SK0007,2026,26
SK0227,2024,58
SK0260,2021,33
SK0107,2025,76
SK0223,2023,77
SK0098,2021,24
SK0124,2024,11
SK0041,2026,24
SK0270,2022,44
SK0160,2022,33
SK0144,2024,34
SK0204,2021,66
SK0235,2023,90
SK0190,2025,61
SK0154,2023,67
SK0129,2022,23
SK0081,2023,78
SK0153,2023,87
SK0128,2021,49
SK0153,2023,41
SK0021,2026,50
SK0229,2022,14
SK0151,2024,78
SK0063,2023,96
SK0208,2021,13
SK0062,2024,23
SK0223,2023,77
SK0167,2026,44
SK0120,2024,44
SK0077,2025,94
SK0211,2021,28
SK0299,2022,90
SK0143,2026,37
SK0104,2021,31
SK0159,2025,48
SK0127,2025,58
SK0186,2021,25
SK0009,2024,92
SK0013,2024,36
SK0240,2023,90
SK0177,2023,23
SK0222,2026,50
SK0063,2025,65
SK0117,2021,52
SK0239,2023,92
SK0001,2024,59
SK0173,2025,13
SK0068,2021,37
SK0243,2021,34
SK0204,2022,20
SK0291,2022,83
SK0052,2022,69
SK0090,2023,87
SK0110,2026,49
SK0158,2021,24
SK0221,2026,53
SK0129,2021,36
SK0109,2025,96
SK0185,2025,20
SK0190,2023,21
SK0092,2022,73
SK0256,2023,48
SK0069,2021,39
SK0149,2025,12
SK0299,2024,32
SK0270,2021,28
SK0063,2021,20
SK0227,2022,26
SK0212,2024,48
SK0292,2022,70
SK0224,2021,77
SK0067,2021,90
SK0041,2023,12
SK0206,2026,73
SK0104,2021,19
SK0194,2025,21
SK0058,2026,66
SK0103,2025,29
SK0098,2026,26
SK0016,2021,14
SK0099,2021,29
SK0291,2023,11
SK0162,2023,49
SK0210,2026,26
SK0001,2026,90
SK0213,2022,86
SK0005,2025,69
SK0117,2021,54
SK0159,2026,75
SK0103,2022,15
SK0123,2024,88
SK0259,2025,48
SK0187,2022,51
SK0054,2025,62
SK0204,2024,14
SK0144,2023,11
SK0100,2022,62
SK0009,2023,33
SK0010,2021,71
SK0251,2023,77
SK0142,2026,36
SK0079,2021,78
SK0118,2025,20
SK0020,2024,76
SK0129,2025,19
SK0217,2023,94
SK0197,2021,35
SK0007,2022,84
SK0120,2023,80
SK0256,2021,65
SK0020,2025,50
SK0297,2025,59
SK0237,2021,96
SK0209,2026,40
SK0059,2022,48
SK0178,2022,21
SK0011,2024,68
SK0215,2025,50
SK0281,2026,76
SK0216,2026,63
SK0169,2024,19
SK0182,2023,51
SK0292,2026,70
SK0227,2025,18
SK0247,2024,43
SK0200,2023,87
SK0245,2021,71
SK0122,2021,10
SK0007,2021,39
SK0175,2025,83
SK0048,2025,41
SK0055,2021,81
SK0259,2025,91
SK0063,2024,11
SK0151,2024,25
SK0207,2023,22
SK0092,2025,43
SK0279,2023,89
SK0272,2026,34
SK0268,2026,17
SK0231,2021,58
SK0169,2025,84
SK0188,2026,30
SK0235,2021,32
SK0248,2022,62
SK0185,2024,43
SK0036,2022,41
SK0292,2026,42
SK0012,2024,31
SK0155,2025,49
SK0241,2023,30
SK0174,2026,66
SK0062,2026,16
SK0276,2025,16
SK0269,2026,36
SK0157,2023,59
SK0263,2023,81
SK0273,2024,92
SK0179,2024,32
SK0234,2021,59
SK0024,2022,40
SK0258,2024,28
SK0051,2024,68
SK0292,2025,96
SK0205,2021,51
SK0186,2025,99
SK0049,2023,94
SK0191,2023,77
SK0288,2023,54
SK0183,2023,99
SK0116,2025,26
SK0151,2021,67
SK0221,2021,56
SK0187,2023,96
SK0155,2023,85
SK0028,2022,12
SK0091,2023,40
SK0056,2025,14
SK0083,2025,65
SK0292,2022,72
SK0147,2021,24
SK0151,2022,49
SK0244,2025,95
SK0137,2023,20
SK0002,2023,16
SK0298,2023,70
SK0046,2022,76
SK0183,2025,17
SK0291,2022,60
SK0270,2023,94
SK0271,2025,17
SK0061,2025,33
SK0021,2022,67
SK0001,2025,92
SK0174,2026,29
SK0091,2021,90
SK0278,2026,88
SK0261,2022,87
SK0145,2023,11
SK0295,2026,55
SK0288,2024,63
SK0133,2021,78
SK0003,2024,25
SK0057,2025,38
SK0051,2023,22
SK0028,2024,23
SK0187,2025,73
SK0105,2022,18
SK0147,2025,62
SK0140,2023,45
SK0082,2022,65
SK0054,2023,34
SK0276,2023,89
SK0011,2023,42
SK0233,2023,98
SK0034,2023,28
SK0045,2022,57
SK0215,2022,81
SK0178,2024,28
SK0181,2022,63
SK0247,2025,19
SK0293,2022,47
SK0275,2022,18
SK0176,2022,40
SK0069,2024,42
SK0096,2021,43
SK0175,2026,24
SK0177,2025,33
SK0131,2025,82
SK0055,2023,22
SK0059,2021,68
SK0053,2025,76
SK0146,2022,47
SK0086,2024,10
SK0070,2025,29
SK0118,2022,34
SK0107,2023,34
SK0040,2023,58
SK0162,2024,13
SK0122,2022,50
SK0169,2023,88
SK0030,2023,77
SK0032,2026,45
SK0149,2026,52
SK0109,2022,89
SK0095,2024,18
SK0023,2021,18
SK0263,2024,52
SK0136,2024,48
SK0273,2023,45
SK0201,2021,47
SK0251,2026,35
SK0039,2026,13
SK0128,2022,41
SK0156,2026,83
SK0171,2026,94
SK0015,2023,14
SK0117,2026,50
SK0070,2025,42
SK0272,2022,33
SK0205,2022,35
SK0124,2025,84
SK0190,2021,18
SK0119,2024,55
SK0246,2025,24
SK0023,2021,30
SK0053,2025,45
SK0088,2022,99
SK0003,2023,48
SK0014,2026,42
SK0010,2024,43
SK0020,2025,58
SK0269,2021,16
SK0174,2022,25
SK0216,2021,25
SK0158,2021,16
SK0039,2024,38
SK0117,2026,56
SK0035,2023,90
SK0074,2026,20
SK0251,2023,70
SK0040,2026,37
SK0094,2023,82
SK0078,2021,25
SK0220,2026,62
SK0217,2023,58
SK0065,2025,15
SK0248,2022,48
SK0091,2021,31
SK0074,2023,18
SK0209,2022,26
SK0037,2026,66
SK0111,2024,66
SK0029,2025,99
SK0229,2026,59
SK0102,2026,33
SK0284,2026,97
SK0015,2023,26
SK0139,2023,44
SK0024,2022,27
SK0227,2021,81
SK0053,2026,22
SK0288,2024,75
SK0053,2023,91
SK0088,2021,74
SK0016,2022,97
SK0024,2026,77
SK0135,2024,72
SK0014,2025,70
SK0084,2022,13
SK0297,2026,41
SK0010,2025,44
SK0188,2022,33
SK0289,2026,94
SK0195,2024,22
SK0172,2025,45
SK0035,2026,24
SK0213,2022,12
SK0082,2025,70
SK0198,2025,10
SK0242,2021,81
SK0289,2025,69
SK0209,2024,72
SK0262,2021,54
SK0056,2024,83
SK0229,2023,47
SK0246,2026,91
SK0205,2025,20
SK0250,2026,46
SK0100,2024,66
SK0192,2022,32
SK0031,2022,46
SK0273,2025,20
SK0147,2025,66
SK0007,2021,91
SK0208,2023,42
SK0003,2024,58
SK0225,2025,68
SK0298,2021,76
SK0068,2024,99
SK0185,2024,48
SK0165,2024,67
SK0100,2023,40
SK0184,2022,63
SK0277,2025,36
SK0262,2021,89
SK0223,2025,28
SK0188,2021,77
SK0072,2021,42
SK0145,2024,99
SK0204,2025,72
SK0138,2024,71
SK0280,2025,96
SK0244,2025,43
SK0055,2022,86
SK0151,2023,41
SK0083,2024,99
SK0065,2021,60
SK0036,2022,92
SK0039,2026,34
SK0253,2026,59
SK0093,2026,73
SK0171,2023,36
SK0030,2023,94
SK0149,2024,57
SK0259,2021,38
SK0070,2026,51
SK0296,2021,34
SK0047,2022,16
SK0064,2023,38
SK0202,2026,93
SK0012,2026,74
SK0141,2025,53
SK0101,2024,95
SK0063,2025,50
SK0289,2023,92
SK0238,2023,85
SK0072,2021,90
SK0084,2021,27
SK0193,2024,93
SK0270,2021,62
SK0174,2025,26
SK0145,2022,75
SK0060,2025,23
SK0015,2021,33
SK0054,2023,44
SK0205,2025,56
SK0261,2023,57
SK0185,2022,17
SK0104,2022,43
SK0136,2025,53
SK0191,2024,12
SK0110,2022,44
SK0017,2023,63
SK0240,2022,44
SK0108,2025,50
SK0099,2026,15
SK0244,2021,23
SK0078,2022,94
SK0182,2022,29
SK0029,2025,20
SK0188,2026,94
SK0249,2022,24
SK0182,2024,63
SK0012,2025,94
SK0066,2026,85
SK0061,2026,30
SK0104,2024,78
SK0217,2023,30
SK0103,2021,19
SK0074,2021,71
SK0057,2024,79
SK0075,2024,43
SK0025,2022,39
SK0025,2026,58
SK0177,2021,74
SK0159,2021,71
SK0156,2024,15
SK0272,2021,22
SK0156,2023,84
SK0272,2025,40
SK0203,2024,62
SK0137,2023,96
SK0077,2026,86
SK0233,2023,96
SK0245,2023,52
SK0112,2026,11
SK0132,2021,97
SK0281,2024,39
SK0195,2026,36
SK0257,2023,81
SK0168,2023,80
SK0002,2024,81
SK0074,2022,41
SK0078,2025,13
SK0125,2026,52
SK0177,2025,83
SK0239,2024,29
SK0103,2022,70
SK0206,2025,46
SK0018,2023,76
SK0027,2026,42
SK0192,2025,38
SK0072,2021,26
SK0116,2022,15
SK0213,2022,14
SK0194,2024,82
SK0181,2023,96
SK0246,2022,15
SK0119,2025,87
SK0081,2026,79
SK0244,2026,70
SK0257,2022,47
SK0210,2026,62
SK0152,2026,52
SK0230,2022,42
SK0257,2021,56
SK0270,2025,91
SK0245,2025,67
SK0067,2024,32
SK0016,2021,41
SK0111,2026,71
SK0249,2021,49
SK0257,2024,38
SK0233,2026,57
SK0131,2026,42
SK0283,2025,39
SK0110,2022,44
SK0110,2021,21
SK0230,2024,53
SK0264,2023,45
SK0137,2026,60
SK0232,2026,30
SK0103,2023,88
SK0182,2022,18
SK0222,2025,41
SK0087,2021,38
SK0251,2021,23
SK0150,2021,74
SK0260,2022,30
SK0033,2021,89
SK0033,2024,29
SK0138,2026,74
SK0110,2023,16
SK0029,2025,60
SK0129,2025,12
SK0137,2021,76
SK0034,2022,97
SK0053,2026,91
SK0159,2024,15
SK0280,2025,20
SK0129,2022,20
SK0258,2023,42
SK0021,2024,96
SK0282,2026,20
SK0168,2025,71
SK0097,2023,89
SK0225,2024,47
SK0023,2026,42
SK0083,2025,37
SK0292,2021,85
SK0058,2023,41
SK0219,2021,39
SK0063,2024,72
SK0294,2023,93
SK0191,2024,50
SK0047,2023,56
SK0156,2022,95
SK0234,2021,96
SK0261,2025,87
SK0092,2026,53
SK0048,2023,82
SK0267,2023,61
SK0271,2021,80
SK0257,2024,71
SK0265,2025,71
SK0071,2023,60
SK0262,2024,67
SK0231,2022,33
SK0237,2022,91
SK0163,2024,14
SK0285,2022,62
SK0072,2026,64
SK0297,2021,50
SK0087,2022,16
SK0201,2026,89
SK0291,2024,17
SK0045,2022,58
SK0005,2025,82
SK0267,2023,21
SK0283,2026,15
SK0030,2021,30
SK0175,2024,34
SK0276,2022,17
SK0265,2023,65
SK0028,2024,21
SK0177,2022,35
SK0127,2025,19
SK0134,2021,44
SK0238,2026,26
SK0264,2022,88
SK0166,2025,29
SK0215,2021,28
SK0157,2025,82
SK0178,2025,38
SK0204,2026,13
SK0067,2024,15
SK0042,2024,84
SK0079,2025,48
SK0194,2022,36
SK0001,2024,86
SK0100,2022,10
SK0042,2023,89
SK0260,2022,84
SK0285,2026,40
SK0257,2022,28
SK0175,2023,59
SK0073,2022,33
SK0141,2022,21
SK0225,2025,17
SK0170,2021,47
SK0105,2024,49
SK0031,2023,59
SK0097,2026,51
SK0018,2026,72
SK0165,2026,19
SK0186,2026,62
SK0089,2023,69
SK0126,2026,79
SK0155,2022,35
SK0207,2026,30
SK0040,2021,77
SK0089,2023,61
SK0191,2022,38
SK0260,2021,37
SK0243,2025,98
SK0115,2024,61
SK0277,2026,69
SK0197,2023,66
SK0091,2023,90
SK0283,2023,42
SK0291,2025,12
SK0075,2025,36
SK0291,2022,33
SK0239,2024,73
SK0040,2026,17
SK0240,2022,41
SK0018,2025,77
SK0024,2022,28
SK0269,2021,89
SK0074,2026,78
SK0204,2025,75
SK0048,2021,70
SK0167,2021,20
SK0149,2021,77
SK0210,2025,38
SK0130,2026,31
SK0188,2024,40
SK0058,2025,27
SK0017,2021,44
SK0051,2024,75
SK0246,2023,63
SK0046,2021,31
SK0111,2025,33
SK0118,2023,46
SK0149,2023,67
SK0135,2026,63
SK0002,2022,72
SK0094,2024,88
SK0045,2025,12
SK0292,2025,62
SK0147,2024,50
SK0295,2024,55
SK0006,2026,76
SK0246,2026,62
SK0189,2024,68
SK0195,2026,63
SK0246,2021,56
SK0043,2023,38
SK0204,2026,11
SK0121,2022,27
SK0204,2025,42
SK0187,2022,94
SK0185,2024,12
SK0068,2025,50
SK0256,2025,92
SK0186,2026,90
SK0300,2026,25
SK0025,2026,69
SK0091,2026,72
SK0151,2024,77
SK0156,2023,39
SK0229,2026,99
SK0260,2024,40
SK0196,2021,15
SK0029,2021,56
SK0116,2021,26
SK0034,2026,55
SK0017,2021,42
SK0129,2022,59
SK0187,2026,13
SK0158,2023,74
SK0229,2023,47
SK0188,2025,20
SK0045,2024,63
SK0295,2023,99
SK0058,2024,65
SK0068,2022,31
SK0159,2024,93
SK0112,2024,59
SK0261,2024,18
SK0300,2023,95
SK0262,2026,62
SK0011,2023,74
SK0242,2025,60
SK0054,2021,20
SK0001,2022,35
SK0184,2023,12
SK0227,2025,20
SK0246,2026,94
SK0131,2021,76
SK0029,2021,55
SK0299,2024,77
SK0260,2021,18
SK0102,2021,26
SK0065,2023,49
SK0010,2023,19
SK0073,2023,77
SK0264,2026,79
SK0190,2022,22
SK0292,2021,55
SK0164,2021,60
SK0154,2022,57
SK0255,2025,84
SK0287,2025,10
SK0005,2025,43
SK0021,2021,96
SK0118,2021,24
SK0141,2026,23
SK0064,2022,73
SK0033,2025,54
SK0109,2025,76
SK0061,2025,61
SK0103,2024,52
SK0089,2025,40
SK0190,2021,45
SK0044,2022,17
SK0146,2023,93
SK0273,2021,42
SK0168,2024,86
SK0292,2024,36
SK0036,2024,69
SK0067,2022,55
SK0171,2021,86
SK0260,2022,24
SK0201,2026,56
SK0122,2024,31
SK0190,2025,43
SK0168,2025,50
SK0183,2026,29
SK0180,2026,81
SK0097,2022,17
SK0170,2021,59
SK0124,2024,27
SK0280,2026,10
SK0290,2025,65
SK0151,2021,30
SK0267,2022,26
SK0210,2023,49
SK0003,2022,74
SK0209,2022,78
SK0260,2026,33
SK0149,2021,72
SK0012,2025,57
SK0299,2021,60
SK0139,2023,22
SK0139,2022,22
SK0194,2024,37
SK0020,2021,47
SK0218,2023,97
SK0089,2026,22
SK0224,2025,90
SK0015,2023,85
SK0041,2023,97
SK0059,2021,81
SK0101,2022,92
SK0247,2023,21
SK0131,2022,36
SK0017,2026,28
SK0018,2022,12
SK0219,2025,83
SK0214,2026,90
SK0243,2026,37
SK0134,2023,60
SK0188,2024,50
SK0042,2021,76
SK0242,2023,73
SK0078,2022,32
SK0157,2023,89
SK0110,2023,23
SK0058,2024,73
SK0155,2021,56
SK0057,2025,49
SK0190,2023,64
SK0214,2025,13
SK0230,2024,60
SK0098,2022,95
SK0001,2026,89
SK0260,2024,24
SK0283,2026,50
SK0068,2024,53
SK0209,2024,21
SK0199,2026,33
SK0008,2026,19
SK0126,2025,96
SK0256,2024,68
SK0225,2023,55
SK0058,2022,11
SK0080,2022,40
SK0148,2023,95
SK0067,2026,71
SK0181,2023,75
SK0272,2026,55
SK0152,2025,10
SK0003,2023,18
SK0295,2025,21
SK0004,2026,42
SK0057,2021,20
SK0124,2026,87
SK0098,2023,90
SK0249,2023,44
SK0194,2026,18
SK0216,2021,67
SK0053,2023,25
SK0107,2025,84
SK0244,2025,19
SK0167,2025,79
SK0127,2023,79
SK0286,2024,22
SK0279,2024,60
SK0250,2022,34
SK0083,2026,42
SK0294,2024,57
SK0282,2026,46
SK0027,2022,91
SK0115,2024,16
SK0111,2024,46
SK0297,2025,37
SK0223,2026,79
SK0045,2025,67
SK0264,2022,20
SK0262,2024,33
SK0182,2023,71
SK0150,2023,93
SK0198,2026,58
SK0065,2026,33
SK0010,2024,59
SK0108,2024,60
SK0299,2026,94
SK0254,2025,10
SK0082,2022,95
SK0015,2021,86
SK0008,2022,89
SK0025,2026,64
SK0155,2021,70
SK0002,2023,97
SK0283,2025,82
SK0257,2023,84
SK0195,2026,16
SK0055,2023,92
SK0289,2024,38
SK0083,2026,41
SK0292,2024,92
SK0298,2024,84
SK0242,2022,68
SK0152,2023,87
SK0287,2023,90
SK0295,2025,25
SK0147,2024,39
SK0049,2022,76
SK0299,2024,93
SK0100,2021,45
SK0160,2023,82
SK0165,2025,90
SK0070,2024,23
SK0158,2023,45
SK0075,2024,34
SK0177,2026,49
SK0004,2024,25
SK0047,2021,99
SK0228,2023,83
SK0249,2023,56
SK0246,2025,13
SK0130,2023,94
SK0131,2023,68
SK0079,2026,26
SK0060,2022,26
SK0061,2021,41
SK0047,2026,59
SK0214,2022,43
SK0184,2023,58
SK0175,2023,18
SK0062,2025,69
SK0217,2025,82
SK0132,2021,29
SK0195,2022,62
SK0047,2024,59
SK0112,2023,17
SK0285,2026,15
SK0253,2026,47
SK0082,2021,84
SK0197,2021,51
SK0164,2025,33
SK0250,2021,54
SK0280,2025,26
SK0033,2023,62
SK0044,2023,10
SK0180,2022,32
SK0170,2025,96
SK0177,2022,38
SK0272,2024,73
SK0107,2024,22
SK0250,2026,33
SK0080,2025,61
SK0178,2024,18
SK0153,2024,38
SK0121,2026,64
SK0143,2023,96
SK0233,2026,56
SK0081,2025,40
SK0110,2021,25
SK0273,2023,18
SK0034,2025,49
SK0027,2021,71
SK0261,2025,12
SK0091,2024,71
SK0060,2026,58
SK0212,2023,76
SK0276,2025,16
SK0042,2026,42
SK0098,2024,85
SK0042,2021,26
SK0012,2023,22
SK0160,2025,79
SK0235,2025,47
SK0027,2023,32
SK0286,2022,91
SK0285,2021,33
SK0008,2024,75
SK0273,2025,44
SK0259,2023,96
SK0072,2021,81
SK0010,2026,42
SK0124,2025,43
SK0027,2024,77
SK0106,2026,75
SK0196,2023,48
SK0198,2026,19
SK0182,2025,57
SK0017,2023,64
SK0230,2022,33
SK0151,2024,78
SK0091,2024,73
SK0057,2024,65
SK0234,2026,42
SK0063,2024,49
SK0179,2024,21
SK0006,2025,67
SK0070,2024,87
SK0123,2023,50
SK0086,2024,84
SK0081,2022,30
SK0049,2022,73
SK0239,2022,19
SK0004,2022,86
SK0134,2026,38
SK0204,2026,21
SK0049,2025,96
SK0262,2021,37
SK0174,2026,45
SK0092,2023,71
SK0004,2025,82
SK0217,2026,74
SK0219,2024,59
SK0218,2023,19
SK0037,2023,33
SK0290,2026,59
SK0227,2021,93
SK0211,2026,83
SK0027,2023,69
SK0120,2026,26
SK0189,2021,77
SK0177,2023,79
SK0157,2022,47
SK0292,2025,70
SK0203,2026,19
SK0252,2022,32
SK0179,2022,81
SK0247,2025,38
SK0042,2021,22
SK0152,2021,37
SK0240,2023,93
SK0106,2025,53
SK0232,2022,28
SK0212,2021,71
SK0197,2021,26
SK0024,2026,98
SK0039,2024,61
SK0298,2022,84
SK0233,2025,70
SK0200,2024,89
SK0109,2026,48
SK0206,2022,74
SK0094,2021,56
SK0066,2025,25
SK0254,2026,94
SK0180,2022,22
SK0216,2024,26
SK0294,2025,69
SK0005,2023,96
SK0196,2024,49
SK0098,2025,94
SK0225,2021,94
SK0079,2023,59
SK0243,2021,26
SK0229,2023,99
SK0209,2021,29
SK0036,2021,33
SK0166,2022,47
SK0217,2023,29
SK0280,2024,51
SK0094,2022,92
SK0048,2023,93
SK0115,2022,45
SK0052,2022,73
SK0058,2023,92
SK0125,2025,64
SK0300,2022,94
SK0176,2026,95
SK0257,2024,24
SK0253,2024,44
SK0060,2024,24
SK0212,2024,62
SK0189,2023,12
SK0151,2025,57
SK0252,2023,37
SK0054,2025,49
SK0244,2025,65
SK0272,2025,27
SK0071,2021,48
SK0032,2025,43
SK0012,2021,87
SK0075,2022,76
SK0040,2025,69
SK0132,2026,55
SK0207,2024,65
SK0172,2021,72
SK0155,2022,50
SK0146,2023,37
SK0022,2025,71
SK0215,2025,52
SK0161,2025,56
SK0178,2021,40
SK0147,2026,65
SK0169,2023,30
SK0198,2021,27
SK0168,2025,30
SK0273,2021,77
SK0144,2023,26
SK0103,2022,30
SK0056,2022,36
SK0041,2021,25
SK0269,2022,13
SK0065,2022,11
SK0286,2024,99
SK0229,2024,13
SK0046,2021,88
SK0207,2022,26
SK0108,2025,41
SK0078,2021,20
SK0225,2023,69
SK0164,2024,24
SK0288,2025,70
SK0164,2025,91
SK0036,2024,79
SK0074,2024,54
SK0027,2025,25
SK0262,2026,17
SK0079,2023,53
SK0186,2022,55
SK0195,2023,21
SK0153,2024,23
SK0018,2023,39
SK0039,2024,72
SK0047,2024,29
SK0155,2021,42
SK0061,2023,89
SK0011,2024,62
SK0263,2021,63
SK0285,2025,12
SK0210,2023,49
SK0160,2025,84
SK0030,2022,55
SK0136,2025,66
SK0131,2022,48
SK0101,2025,86
SK0099,2024,25
SK0109,2023,19
SK0151,2024,89
SK0109,2024,98
SK0210,2023,98
SK0229,2022,39
SK0008,2024,63
SK0290,2024,96
SK0192,2022,79
SK0123,2025,51
SK0003,2022,14
SK0250,2022,36
SK0113,2023,56
SK0117,2021,44
SK0043,2023,38
SK0116,2023,11
SK0038,2026,97
SK0084,2025,71
SK0176,2023,93
SK0146,2025,85
SK0095,2025,61
SK0184,2023,29
SK0164,2022,59
SK0204,2021,21
SK0042,2021,89
SK0082,2026,74
SK0138,2024,27
SK0018,2024,11
SK0066,2025,32
SK0170,2024,77
SK0022,2022,35
SK0031,2025,49
SK0108,2023,99
SK0119,2025,37
SK0258,2026,77
SK0054,2022,93
SK0269,2026,42
SK0036,2021,10
SK0074,2023,89
SK0207,2023,62
SK0004,2025,24
SK0020,2025,67
SK0237,2023,77
SK0100,2022,16
SK0022,2026,73
SK0271,2026,18
SK0121,2025,35
SK0230,2022,25
SK0112,2024,10
SK0204,2021,91
SK0075,2021,95
SK0076,2021,15
SK0010,2025,76
SK0128,2021,53
SK0003,2024,75
SK0290,2026,22
SK0266,2024,16
SK0013,2024,65
SK0300,2021,41
SK0199,2025,58
SK0184,2024,70
SK0084,2024,27
SK0033,2021,25
SK0009,2026,26
SK0161,2025,84
SK0089,2023,86
SK0115,2022,44
SK0255,2024,12
SK0034,2022,26
SK0155,2023,64
SK0085,2021,14
SK0246,2026,96
SK0226,2025,45
SK0220,2025,52
SK0128,2026,58
SK0077,2023,47
SK0056,2022,57
SK0208,2024,57
SK0153,2022,79
SK0152,2026,25
SK0132,2023,13
SK0292,2024,73
SK0203,2023,39
SK0173,2026,33
SK0187,2023,98
SK0089,2022,24
SK0009,2025,94
SK0200,2025,40
SK0157,2023,16
SK0129,2026,64
SK0141,2022,19
SK0203,2022,58
SK0023,2026,57
SK0280,2025,98
SK0221,2021,92
SK0085,2022,10
SK0220,2025,91
SK0003,2026,36
SK0292,2024,16
SK0099,2023,70
SK0295,2022,20
SK0273,2021,76
SK0034,2023,43
SK0057,2022,64
SK0230,2023,12
SK0030,2023,31
SK0239,2023,48
SK0003,2022,16
SK0038,2026,44
SK0277,2023,95
SK0149,2024,25
SK0128,2026,74
SK0240,2026,72
SK0203,2022,73
SK0224,2026,58
SK0265,2021,86
SK0088,2023,64
SK0170,2023,98
SK0150,2022,81
SK0270,2025,35
SK0197,2024,35
SK0243,2023,35
SK0279,2025,37
SK0125,2024,84
SK0190,2024,28
SK0110,2025,57
SK0293,2026,78
SK0282,2022,77
SK0129,2026,83
SK0065,2023,26
SK0002,2026,66
SK0112,2023,70
SK0180,2022,60
SK0021,2021,88
SK0225,2026,73
SK0201,2022,66
SK0064,2022,56
SK0197,2024,37
SK0055,2022,72
SK0298,2021,12
SK0253,2026,22
SK0135,2026,28
SK0259,2026,13
SK0040,2021,96
SK0066,2023,45
SK0029,2022,11
SK0044,2025,75
SK0001,2022,89
SK0142,2023,64
SK0106,2021,54
SK0220,2024,22
SK0044,2022,65
SK0058,2025,32
SK0050,2025,75
SK0180,2025,23
SK0173,2023,86
SK0161,2025,12
SK0109,2022,25
SK0056,2022,74
SK0191,2024,56
SK0294,2023,48
SK0163,2026,32
SK0258,2022,85
SK0011,2026,88
SK0088,2022,22
SK0128,2025,67
SK0239,2026,68
SK0192,2024,95
SK0158,2023,86
SK0208,2025,34
SK0231,2024,23
SK0006,2023,52
SK0183,2024,11
SK0010,2025,95
SK0293,2025,96
SK0165,2021,10
SK0028,2026,79
SK0207,2024,47
SK0176,2025,98
SK0202,2026,72
SK0092,2022,17
SK0147,2023,58
SK0058,2025,96
SK0123,2025,59
SK0266,2025,14
SK0056,2021,73
SK0126,2025,33
SK0094,2025,34
SK0211,2026,53
SK0191,2026,71
SK0095,2024,32
SK0120,2025,36
SK0131,2023,68
SK0290,2023,51
SK0270,2026,46
SK0132,2024,69
SK0079,2026,60
SK0160,2024,65
SK0165,2023,62
SK0187,2021,42
SK0284,2021,88
SK0117,2022,95
SK0087,2026,30
SK0131,2022,45
SK0133,2022,49
SK0108,2025,31
SK0284,2026,92
SK0220,2024,63
SK0068,2021,34
SK0196,2026,75
SK0237,2021,59
SK0154,2026,86
SK0211,2021,82
SK0041,2025,33
SK0165,2025,60
SK0009,2026,90
SK0161,2023,43
SK0232,2022,21
SK0086,2025,69
SK0094,2022,10
SK0040,2026,86
SK0086,2021,99
SK0199,2025,37
SK0258,2023,37
SK0029,2022,44
SK0120,2021,33
SK0219,2026,45
SK0198,2025,34
SK0131,2022,96
SK0003,2025,92
SK0249,2025,62
SK0079,2025,86
SK0240,2022,41
SK0039,2026,32
SK0002,2022,62
SK0151,2022,55
SK0122,2022,58
SK0262,2023,55
SK0141,2022,47
SK0274,2024,66
SK0221,2023,66
SK0189,2022,52
SK0054,2024,78
SK0048,2026,46
SK0115,2026,90
SK0158,2022,22
SK0131,2026,21
SK0025,2023,50
SK0143,2024,27
SK0026,2022,10
SK0036,2022,49
SK0152,2026,58
SK0178,2025,32
SK0136,2026,80
SK0158,2025,16
SK0272,2023,72
SK0165,2022,85
SK0088,2023,65
SK0290,2026,96
SK0002,2023,94
SK0108,2024,67
SK0033,2023,97
SK0144,2022,57
SK0006,2026,29
SK0176,2023,59
SK0188,2026,36
SK0296,2021,32
SK0016,2025,50
SK0098,2026,57
SK0169,2023,24
SK0065,2021,39
SK0225,2025,26
SK0288,2022,82
SK0012,2023,93
SK0276,2026,27
SK0256,2026,26
SK0195,2024,88
SK0237,2022,50
SK0179,2026,33
SK0288,2023,46
SK0246,2025,42
SK0073,2025,36
SK0185,2025,35
SK0111,2022,40
SK0153,2025,89
SK0025,2024,67
SK0252,2025,74
SK0094,2023,73
SK0100,2022,85
SK0145,2022,34
SK0085,2021,91
SK0278,2024,54
SK0036,2026,78
SK0284,2026,53
SK0145,2022,92
SK0234,2024,32
SK0248,2021,35
SK0217,2024,86
SK0029,2024,23
SK0186,2026,58
SK0288,2021,85
SK0125,2025,25
SK0084,2023,46
SK0146,2025,67
SK0156,2024,75
SK0053,2023,87
SK0258,2024,25
SK0252,2025,61
SK0046,2025,64
SK0172,2024,34
SK0286,2024,30
SK0031,2021,84
SK0169,2021,50
SK0288,2022,73
SK0147,2023,63
SK0107,2024,56
SK0250,2023,44
SK0196,2024,40
SK0182,2022,15
SK0038,2024,70
SK0122,2022,19
SK0275,2022,46
SK0045,2023,81
SK0092,2021,67
SK0298,2026,74
SK0169,2026,74
SK0204,2025,12
SK0118,2021,75
SK0127,2024,31
SK0199,2026,56
SK0077,2022,60
SK0161,2024,95
SK0102,2026,50
SK0229,2025,21
SK0189,2022,26
SK0200,2026,91
SK0230,2022,38
SK0154,2021,24
SK0085,2024,88
SK0213,2021,83
SK0004,2023,13
SK0176,2023,49
SK0201,2025,85
SK0098,2026,10
SK0193,2025,93
SK0142,2026,41
SK0144,2025,89
SK0152,2025,77
SK0184,2023,29
SK0107,2026,53
SK0253,2024,25
SK0290,2024,93
SK0033,2023,65
SK0286,2022,40
SK0123,2024,31
SK0230,2021,11
SK0162,2022,53
SK0024,2026,24
SK0122,2021,27
SK0063,2024,47
SK0187,2026,90
SK0048,2024,68
SK0201,2026,23
SK0149,2024,12
SK0156,2025,67
SK0229,2026,44
SK0004,2024,92
SK0202,2023,80
SK0208,2021,32
SK0158,2021,84
SK0149,2023,93
SK0088,2021,39
SK0177,2022,43
SK0147,2021,28
SK0190,2025,37
SK0135,2022,36
SK0260,2022,24
SK0289,2023,44
SK0208,2024,61
SK0087,2024,11
SK0117,2025,56
SK0134,2024,57
SK0194,2022,64
SK0284,2022,53
SK0172,2024,24
SK0271,2023,32
SK0102,2022,87
SK0196,2024,94
SK0274,2022,44
SK0150,2021,70
SK0140,2021,10
SK0112,2022,82
SK0058,2026,15
SK0085,2025,20
SK0176,2023,40
SK0123,2022,16
SK0283,2025,14
SK0054,2025,99
SK0279,2023,14
SK0095,2025,52
SK0008,2024,65
SK0047,2024,43
SK0039,2021,90
SK0229,2025,61
SK0043,2022,71
SK0013,2024,93
SK0149,2023,30
SK0108,2025,29
SK0010,2021,30
SK0136,2021,37
SK0105,2025,52
SK0003,2023,85
SK0049,2022,37
SK0090,2025,69
SK0138,2025,67
SK0229,2021,87
SK0191,2024,10
SK0026,2025,33
SK0062,2025,75
SK0035,2024,44
SK0110,2024,42
SK0112,2022,28
SK0032,2024,40
SK0094,2021,80
SK0186,2024,47
SK0269,2026,69
SK0024,2023,67
SK0269,2025,30
SK0118,2022,50
SK0201,2022,97
SK0273,2024,66
SK0243,2026,79
SK0270,2021,10
SK0080,2025,84
SK0034,2026,54
SK0108,2025,40
SK0229,2021,42
SK0274,2026,90
SK0214,2026,98
SK0004,2026,77
SK0280,2021,25
SK0171,2022,60
SK0262,2021,31
SK0229,2022,67
SK0288,2022,58
SK0133,2025,69
SK0210,2021,39
SK0103,2024,99
SK0009,2024,28
SK0076,2026,58
SK0114,2022,67
SK0110,2026,26
SK0011,2025,40
SK0245,2021,13
SK0208,2025,68
SK0279,2023,96
SK0166,2021,82
SK0177,2021,69
SK0012,2025,81
SK0205,2022,41
SK0069,2024,22
SK0085,2022,61
SK0041,2023,13
SK0275,2023,12
SK0208,2025,12
SK0134,2021,48
SK0262,2024,87
SK0085,2021,37
SK0007,2025,19
SK0118,2023,53
SK0160,2024,59
SK0249,2021,54
SK0291,2022,62
SK0175,2026,14
SK0063,2026,59
SK0108,2025,63
SK0230,2026,10
SK0266,2026,48
SK0173,2022,80
SK0237,2021,27
SK0151,2021,79
SK0269,2023,20
SK0064,2026,34
SK0162,2025,96
SK0175,2022,41
SK0106,2026,63
SK0113,2025,22
SK0022,2026,93
SK0059,2025,30
SK0024,2021,29
SK0227,2021,16
SK0065,2024,25
SK0258,2026,30
SK0210,2025,46
SK0066,2024,61
SK0286,2025,49
SK0133,2024,43
SK0172,2021,63
SK0035,2023,59
SK0252,2026,40
SK0108,2022,26
SK0142,2023,26
SK0039,2023,15
SK0214,2021,26
SK0091,2026,70
SK0235,2021,63
SK0120,2025,41
SK0116,2026,36
SK0126,2026,54
SK0105,2025,21
SK0274,2026,89
SK0083,2024,24
SK0061,2024,63
SK0112,2022,87
SK0135,2026,31
SK0134,2026,26
SK0076,2022,40
SK0014,2025,59
SK0257,2022,96
SK0067,2023,43
SK0172,2023,25
SK0221,2026,45
SK0092,2024,55
SK0237,2026,39
SK0105,2022,64
SK0175,2024,35
SK0147,2026,24
SK0035,2024,49
SK0145,2026,33
SK0206,2024,18
SK0110,2021,50
SK0101,2024,87
SK0110,2025,88
SK0096,2021,54
SK0300,2024,83
SK0297,2022,60
SK0262,2026,55
SK0154,2021,59
SK0018,2022,23
SK0131,2021,72
SK0167,2024,97
SK0094,2024,85
SK0272,2026,67
SK0102,2025,26
SK0290,2024,93
SK0034,2023,71
SK0064,2024,75
SK0053,2023,10
SK0170,2023,26
SK0279,2022,11
SK0192,2026,48
SK0012,2024,57
SK0180,2023,72
SK0263,2022,75
SK0268,2026,88
SK0110,2026,86
SK0170,2023,66
SK0136,2022,72
SK0121,2026,51
SK0140,2021,89
SK0206,2021,22
SK0272,2021,90
SK0090,2021,62
SK0105,2023,46
SK0013,2025,14
SK0118,2025,97
SK0067,2022,81
SK0236,2022,13
SK0085,2022,81
SK0175,2025,66
SK0240,2024,83
SK0111,2021,63
SK0074,2026,44
SK0198,2021,96
SK0161,2023,14
SK0118,2023,28
SK0014,2024,94
SK0271,2021,57
SK0074,2022,51
SK0281,2024,16
SK0055,2024,56
SK0068,2024,93
SK0240,2025,19
SK0017,2026,50
SK0219,2022,32
SK0045,2026,71
SK0038,2026,30
SK0124,2022,62
SK0213,2025,30
SK0144,2021,85
SK0068,2026,94
SK0278,2021,24
SK0002,2026,45
SK0022,2021,46
SK0265,2021,97
SK0142,2024,88
SK0030,2023,83
SK0171,2025,78
SK0263,2023,91
SK0283,2021,63
SK0018,2024,58
SK0150,2023,46
SK0164,2023,20
SK0014,2025,97
SK0064,2024,43
SK0100,2022,22
SK0112,2026,40
SK0095,2025,36
SK0256,2024,57
SK0078,2023,20
SK0068,2025,57
SK0245,2023,20
SK0084,2025,79
SK0226,2026,43
SK0011,2024,69
SK0015,2022,61
SK0198,2026,35
SK0150,2022,72
SK0069,2021,19
SK0179,2024,70
SK0220,2026,15
SK0052,2021,29
SK0165,2025,65
SK0018,2022,38
SK0171,2021,29
SK0253,2021,13
SK0087,2022,30
SK0245,2025,95
SK0188,2021,79
SK0039,2024,63
SK0090,2025,66
SK0162,2022,11
SK0299,2022,79
SK0208,2024,69
SK0203,2023,41
SK0159,2024,56
SK0141,2024,82
SK0033,2024,76
SK0169,2026,33
SK0253,2024,70
SK0040,2022,59
SK0200,2025,34
SK0076,2022,16
SK0195,2024,16
SK0159,2026,68
SK0045,2025,25
SK0042,2026,30
SK0123,2022,56
SK0231,2023,23
SK0288,2023,11
SK0208,2023,45
SK0027,2026,82
SK0052,2025,83
SK0242,2022,45
SK0237,2022,44
SK0084,2025,31
SK0116,2022,41
SK0014,2023,77
SK0178,2022,10
SK0035,2025,32
SK0202,2021,64
SK0188,2021,24
SK0273,2024,29
SK0193,2024,42
SK0187,2026,96
SK0059,2024,42
SK0266,2023,64
SK0007,2021,15
SK0025,2024,95
SK0140,2024,60
SK0190,2026,28
SK0067,2022,70
SK0056,2021,58
SK0235,2021,22
SK0073,2026,61
SK0045,2021,47
SK0211,2024,33
SK0184,2024,45
SK0240,2022,45
SK0232,2025,80
SK0111,2025,97
SK0289,2021,70
SK0025,2022,74
SK0293,2025,81
SK0128,2021,30
SK0041,2024,16
SK0215,2022,44
SK0211,2022,22
SK0272,2024,42
SK0281,2025,51
SK0259,2023,18
SK0120,2026,15
SK0033,2022,49
SK0279,2024,52
SK0194,2022,57
SK0193,2021,45
SK0262,2022,20
SK0122,2024,40
SK0235,2022,20
SK0045,2021,40
SK0236,2026,23
SK0036,2022,92
SK0226,2022,12
SK0148,2024,61
SK0228,2021,23
SK0155,2021,88
SK0141,2025,81
SK0192,2026,74
SK0014,2021,62
SK0168,2021,32
SK0225,2021,38
SK0084,2023,58
SK0156,2025,86
SK0006,2024,36
SK0104,2026,45
SK0067,2023,88
SK0165,2024,81
SK0016,2021,50
SK0016,2026,20
SK0049,2024,98
SK0027,2024,47
SK0045,2023,38
SK0197,2026,46
SK0182,2024,38
SK0049,2023,16
SK0011,2021,32
SK0205,2023,65
SK0253,2023,42
SK0264,2025,28
SK0030,2021,19
SK0166,2022,90
SK0164,2024,10
SK0257,2022,27
SK0033,2026,93
SK0042,2021,83
SK0107,2025,96
SK0018,2023,93
SK0042,2024,26
SK0002,2024,93
SK0185,2023,44
SK0287,2025,40
SK0269,2025,53
SK0019,2025,17
SK0078,2023,57
SK0019,2022,90
SK0227,2021,20
SK0271,2021,10
SK0194,2025,21
SK0222,2025,43
SK0170,2025,99
SK0079,2024,13
SK0053,2022,28
SK0135,2021,85
SK0270,2022,34
SK0073,2023,90
SK0132,2023,74
SK0016,2021,14
SK0233,2021,57
SK0256,2026,87
SK0020,2023,73
SK0079,2026,12
SK0239,2025,95
SK0162,2024,40
SK0094,2026,47
SK0005,2022,77
SK0224,2022,38
SK0135,2021,25
SK0221,2022,61
SK0298,2025,40
SK0150,2024,81
SK0071,2022,29
SK0284,2026,63
SK0069,2023,88
SK0108,2022,83
SK0111,2026,31
SK0169,2023,11
SK0138,2026,18
SK0055,2022,16
SK0124,2021,31
SK0287,2023,67
SK0035,2021,23
SK0158,2023,23
SK0070,2021,76
SK0052,2022,97
SK0152,2026,35
SK0263,2021,87
SK0152,2021,38
SK0199,2025,88
SK0142,2025,54
SK0298,2021,39
SK0290,2024,51
SK0111,2021,85
SK0050,2023,59
SK0067,2022,17
SK0131,2023,42
SK0008,2022,22
SK0299,2022,74
SK0188,2022,23
SK0108,2022,85
SK0271,2026,43
SK0104,2022,31
SK0129,2021,96
SK0285,2022,34
SK0121,2023,55
SK0100,2025,98
SK0284,2024,26
SK0111,2024,44
SK0209,2025,66
SK0122,2026,42
SK0050,2022,40
SK0286,2024,37
SK0234,2026,40
SK0266,2025,78
SK0290,2025,38
SK0280,2024,70
SK0052,2026,70
SK0034,2026,52
SK0190,2023,62
SK0100,2023,60
SK0196,2026,88
SK0154,2022,26
SK0265,2025,48
SK0016,2022,47
SK0131,2026,54
SK0118,2025,92
SK0044,2026,96
SK0031,2026,72
SK0209,2026,93
SK0116,2023,76
SK0196,2025,76
SK0125,2025,63
SK0001,2026,17
SK0238,2024,18
SK0220,2023,95
SK0060,2021,54
SK0045,2025,42
SK0273,2026,35
SK0123,2024,87
SK0122,2025,23
SK0239,2026,86
SK0253,2022,27
SK0280,2021,31
SK0165,2023,42
SK0126,2023,22
SK0117,2024,41
SK0067,2023,22
SK0092,2025,49
SK0056,2025,25
SK0175,2024,95
SK0108,2024,84
SK0127,2021,63
SK0268,2026,48
SK0141,2024,67
SK0083,2026,66
SK0060,2024,54
SK0063,2024,28
SK0233,2023,21
SK0193,2024,57
SK0234,2024,25
SK0280,2024,94
SK0132,2021,83
SK0146,2021,85
SK0174,2024,65
SK0177,2025,24
SK0111,2025,10
SK0038,2022,99
SK0135,2023,62
SK0074,2021,84
SK0012,2025,95
SK0004,2024,40
SK0288,2026,19
SK0112,2022,19
SK0010,2025,80
SK0079,2023,87
SK0129,2023,35
SK0031,2026,55
SK0296,2026,63
SK0238,2024,60
SK0038,2021,77
SK0134,2023,67
SK0180,2026,70
SK0178,2023,23
SK0096,2023,41
SK0023,2026,57
SK0182,2022,43
SK0244,2021,19
SK0096,2024,68
SK0192,2024,39
SK0216,2025,59
SK0052,2026,53
SK0109,2022,44
SK0250,2026,14
SK0164,2022,96
SK0037,2021,15
SK0025,2023,99
SK0211,2021,66
SK0181,2022,21
SK0293,2022,54
SK0264,2026,91
SK0266,2021,63
SK0134,2023,97
SK0089,2026,84
SK0165,2025,34
SK0154,2025,84
SK0201,2021,43
SK0070,2025,75
SK0177,2022,52
SK0064,2025,58
SK0029,2022,41
SK0010,2022,13
SK0040,2026,24
SK0131,2024,82
SK0147,2023,70
SK0124,2026,45
SK0257,2022,38
SK0188,2021,93
SK0099,2026,62
SK0045,2024,37
SK0066,2023,44
SK0143,2024,50
SK0045,2021,42
SK0088,2025,30
SK0240,2026,67
SK0114,2022,99
SK0181,2023,81
SK0087,2022,31
SK0205,2026,83
SK0244,2022,83
SK0085,2022,51
SK0212,2024,49
SK0198,2025,56
SK0099,2023,97
SK0258,2023,88
SK0104,2022,39
SK0238,2022,43
SK0122,2023,50
SK0041,2022,37
SK0157,2022,51
SK0212,2026,57
SK0105,2021,71
SK0153,2022,46
SK0294,2021,67
SK0083,2023,16
SK0102,2021,29
SK0048,2026,90
SK0129,2021,61
SK0109,2021,31
SK0285,2023,54
SK0020,2024,24
SK0120,2024,65
SK0143,2022,15
SK0041,2026,15
SK0006,2024,82
SK0253,2023,71
SK0258,2024,99
SK0099,2024,75
SK0141,2026,87
SK0080,2022,42
SK0135,2022,84
SK0237,2025,35
SK0029,2025,15
SK0238,2022,20
SK0170,2023,33
SK0099,2023,41
SK0147,2025,22
SK0095,2025,36
SK0223,2026,60
SK0256,2025,90
SK0157,2025,77
SK0126,2025,46
SK0173,2025,84
SK0246,2022,77
SK0145,2025,66
SK0141,2024,50
SK0100,2023,62
SK0247,2025,86
SK0104,2025,72
SK0134,2023,82
SK0199,2024,22
SK0101,2025,23
SK0204,2026,39
SK0296,2021,91
SK0284,2023,26
SK0086,2022,25
SK0019,2023,83
SK0267,2021,76
SK0079,2024,16
SK0093,2025,13
SK0049,2023,90
SK0295,2021,86
SK0240,2023,60
SK0218,2021,42
SK0005,2022,57
SK0138,2025,79
SK0022,2026,89
SK0226,2025,31
SK0113,2025,74
SK0227,2025,94
SK0038,2022,81
SK0132,2025,96
SK0230,2023,89
SK0123,2025,38
SK0207,2021,85
SK0252,2026,83
SK0291,2023,68
SK0295,2021,55
SK0122,2025,40
SK0041,2024,19
SK0090,2025,77
SK0169,2025,93
SK0250,2026,16
SK0109,2024,47
SK0202,2021,19
SK0089,2025,72
SK0297,2025,53
SK0145,2022,67
SK0204,2026,31
SK0030,2024,48
SK0078,2026,13
SK0154,2026,49
SK0275,2024,89
SK0236,2024,28
SK0203,2025,21
SK0274,2025,83
SK0187,2023,25
SK0102,2023,11
SK0033,2021,60
SK0194,2026,51
SK0134,2025,21
SK0182,2021,87
SK0031,2025,72
SK0034,2025,91
SK0245,2024,15
SK0092,2021,27
SK0162,2021,47
SK0179,2026,27
SK0123,2025,41
SK0253,2026,30
SK0243,2023,37
SK0024,2023,38
SK0235,2022,12
SK0166,2024,64
SK0188,2021,17
SK0242,2021,83
SK0024,2026,86
SK0081,2021,99
SK0148,2024,14
SK0174,2024,54
SK0205,2023,65
SK0245,2026,94
SK0224,2023,13
SK0197,2021,25
SK0011,2023,95
SK0133,2022,26
SK0103,2025,11
SK0176,2026,21
SK0246,2026,38
SK0195,2022,35
SK0093,2025,11
SK0243,2024,46
SK0148,2026,17
SK0092,2024,29
SK0193,2025,80
SK0241,2023,27
SK0222,2023,87
SK0024,2024,85
SK0100,2026,12
SK0036,2023,17
SK0300,2023,73
SK0264,2023,21
SK0279,2022,26
SK0258,2023,73
SK0196,2024,62
SK0097,2021,60
SK0063,2024,21
SK0006,2022,98
SK0121,2022,46
SK0153,2025,69
SK0072,2026,56
SK0073,2023,32
SK0089,2026,35
SK0044,2026,61
SK0170,2025,36
SK0257,2022,30
SK0297,2021,18
SK0160,2026,42
SK0133,2023,37
SK0167,2024,86
SK0173,2024,78
SK0028,2026,64
SK0234,2023,35
SK0131,2025,19
SK0246,2026,90
SK0163,2021,78
SK0181,2021,50
SK0059,2022,33
SK0054,2023,77
SK0044,2023,69
SK0278,2024,31
SK0085,2024,53
SK0171,2024,73
SK0299,2025,49
SK0213,2024,69
SK0299,2023,15
SK0013,2021,80
SK0265,2022,91
SK0099,2022,33
SK0185,2023,35
SK0220,2021,37
SK0154,2025,28
SK0268,2026,67
SK0213,2025,45
SK0075,2025,35
SK0080,2026,49
SK0162,2022,57
SK0046,2021,10
SK0206,2023,11
SK0098,2021,27
SK0106,2026,24
SK0280,2021,41
SK0291,2023,21
SK0227,2025,73
SK0165,2024,66
SK0080,2022,74
SK0262,2023,35
SK0162,2021,49
SK0200,2025,39
SK0297,2024,55
SK0055,2026,13
SK0238,2026,96
SK0082,2025,77
SK0075,2021,15
SK0143,2023,35
SK0255,2021,54
SK0053,2021,95
SK0173,2021,35
SK0130,2022,53
SK0190,2023,48
SK0034,2024,27
SK0104,2025,40
SK0134,2025,39
SK0050,2022,20
SK0295,2021,23
SK0100,2021,83
SK0278,2025,35
SK0285,2021,10
SK0004,2023,30
SK0185,2025,75
SK0294,2026,48
SK0118,2026,75
SK0138,2026,66
SK0199,2021,87
SK0006,2025,91
SK0109,2021,97
SK0093,2025,48
SK0268,2026,10
SK0072,2021,56
SK0221,2023,18
SK0251,2025,13
SK0054,2023,95
SK0243,2026,10
SK0109,2022,75
SK0064,2026,36
SK0266,2023,94
SK0035,2021,44
SK0248,2026,26
SK0144,2022,59
SK0217,2023,76
SK0296,2024,18
SK0188,2022,53
SK0124,2021,62
SK0141,2024,64
SK0101,2021,82
SK0146,2022,26
SK0220,2021,19
SK0276,2026,91
SK0029,2021,58
SK0173,2022,42
SK0165,2024,16
SK0125,2025,84
SK0079,2024,63
SK0258,2026,78
SK0248,2025,86
SK0261,2023,82
SK0238,2021,60
SK0122,2025,72
SK0028,2022,35
SK0172,2025,96
SK0233,2024,55
SK0001,2024,12
SK0271,2024,86
SK0188,2021,78
SK0074,2024,64
SK0085,2025,67
SK0101,2022,88
SK0040,2022,78
SK0229,2023,91
SK0195,2023,24
SK0241,2023,49
SK0005,2025,54
SK0059,2023,67
SK0034,2025,48
SK0221,2026,45
SK0107,2025,60
SK0294,2025,79
SK0204,2026,25
SK0100,2023,95
SK0219,2022,15
SK0168,2026,66
SK0259,2024,82
SK0234,2024,64
SK0034,2021,69
SK0073,2022,84
SK0051,2023,60
SK0120,2022,69
SK0248,2025,81
SK0120,2025,82
SK0196,2024,12
SK0021,2024,51
SK0130,2023,81
SK0158,2022,80
SK0028,2025,67
SK0239,2022,18
SK0250,2022,52
SK0130,2023,65
SK0033,2025,83
SK0061,2024,71
SK0279,2022,18
SK0093,2023,36
SK0040,2022,56
SK0266,2026,96
SK0245,2024,46
SK0080,2021,70
SK0077,2023,97
SK0114,2026,39
SK0072,2021,30
SK0032,2026,76
SK0021,2024,47
SK0114,2022,15
SK0123,2022,90
SK0032,2026,80
SK0082,2023,56
SK0222,2026,47
SK0260,2026,68
SK0144,2023,64
SK0075,2024,97
SK0162,2021,28
SK0250,2024,93
SK0263,2023,15
SK0199,2026,35
SK0286,2021,45
SK0081,2025,99
SK0283,2021,18
SK0106,2021,53
SK0280,2025,85
SK0064,2022,20
SK0155,2023,54
SK0124,2021,61
SK0266,2022,52
SK0055,2026,40
SK0004,2025,92
SK0162,2021,60
SK0155,2022,62
SK0119,2022,49
SK0196,2024,45
SK0049,2025,90
SK0209,2026,54
SK0246,2025,70
SK0209,2023,61
SK0086,2026,67
SK0226,2021,57
SK0238,2026,59
SK0067,2024,92
SK0170,2023,43
SK0050,2025,79
SK0242,2024,50
SK0173,2022,89
SK0061,2024,21
SK0032,2024,61
SK0198,2022,15
SK0263,2021,31
SK0221,2026,64
SK0247,2025,93
SK0024,2026,13
SK0279,2026,39
SK0115,2025,39
SK0044,2021,13
SK0068,2022,95
SK0208,2026,61
SK0300,2021,81
SK0041,2024,45
SK0040,2025,66
SK0085,2024,28
SK0124,2026,26
SK0280,2021,64
SK0099,2024,24
SK0212,2026,73
SK0286,2025,77
SK0002,2021,50
SK0117,2024,40
SK0070,2023,89
SK0017,2021,94
SK0034,2025,74
SK0127,2024,61
SK0130,2022,91
SK0160,2024,61
SK0047,2026,78
SK0031,2023,38
SK0171,2022,97
SK0280,2022,87
SK0031,2021,91
SK0003,2024,52
SK0113,2021,44
SK0073,2026,43
SK0287,2025,71
SK0234,2026,27
SK0210,2021,34
SK0290,2026,90
SK0174,2026,18
SK0011,2024,63
SK0163,2024,97
SK0194,2022,95
SK0206,2026,28
SK0136,2021,84
SK0221,2023,51
SK0123,2023,68
SK0207,2023,26
SK0188,2023,31
SK0233,2025,92
SK0088,2021,80
SK0098,2023,62
SK0181,2023,55
SK0137,2022,84
SK0078,2021,79
SK0187,2026,10
SK0003,2022,38
SK0271,2024,56
SK0231,2022,84
SK0277,2024,53
SK0007,2025,99
SK0128,2022,31
SK0183,2024,77
SK0142,2025,85
SK0168,2025,18
SK0201,2025,33
SK0209,2025,52
SK0182,2024,92
SK0106,2022,22
SK0279,2023,23
SK0137,2025,40
SK0051,2022,79
SK0184,2024,76
SK0028,2022,45
SK0268,2024,37
SK0056,2023,78
SK0109,2025,60
SK0006,2025,36
SK0158,2025,99
SK0069,2025,95
SK0115,2023,24
SK0293,2023,68
SK0253,2024,94
SK0091,2023,52
SK0173,2021,70
SK0229,2021,92
SK0235,2025,15
SK0159,2021,97
SK0257,2024,91
SK0005,2026,10
SK0279,2023,92
SK0004,2025,86
SK0104,2023,41
SK0206,2022,93
SK0185,2026,72
SK0160,2026,14
SK0170,2024,78
SK0034,2024,93
SK0012,2022,46
SK0180,2021,48
SK0040,2025,52
SK0107,2021,11
SK0300,2026,64
SK0181,2025,88
SK0294,2025,72
SK0100,2026,90
SK0265,2026,33
SK0081,2025,44
SK0031,2023,10
SK0176,2023,87
SK0257,2025,94
SK0109,2025,63
SK0166,2021,60
SK0081,2026,56
SK0247,2026,42
SK0058,2024,28
SK0204,2022,26
SK0214,2022,12
SK0190,2023,10
SK0164,2025,93
SK0152,2021,84
SK0002,2024,22
SK0069,2026,45
SK0087,2021,80
SK0268,2021,16
SK0202,2024,52
SK0244,2025,35
SK0168,2021,74
SK0076,2022,54
SK0137,2026,45
SK0128,2022,45
SK0285,2026,42
SK0226,2023,37
SK0197,2024,47
SK0101,2021,95
SK0033,2024,60
SK0182,2025,48
SK0095,2023,89
SK0239,2025,86
SK0194,2026,65
SK0140,2026,77
SK0005,2023,51
SK0068,2021,41
SK0087,2021,41
SK0224,2025,71
SK0096,2021,82
SK0106,2026,88
SK0001,2022,56
SK0160,2021,96
SK0117,2021,57
SK0286,2023,16
SK0072,2026,96
SK0196,2022,35
SK0171,2021,19
SK0229,2025,26
SK0281,2024,26
SK0251,2024,63
SK0178,2021,48
SK0005,2026,63
SK0191,2025,64
SK0056,2024,53
SK0128,2026,13
SK0004,2025,31
SK0036,2024,12
SK0209,2022,40
SK0228,2024,69
SK0192,2023,85
SK0114,2022,36
SK0251,2026,13
SK0253,2025,34
SK0149,2025,93
SK0294,2021,17
SK0083,2024,42
SK0205,2026,22
SK0012,2025,27
SK0181,2022,43
SK0130,2022,85
SK0133,2024,38
SK0250,2023,76
SK0296,2026,43
SK0003,2023,64
SK0004,2024,20
SK0282,2024,44
SK0220,2021,29
SK0058,2021,49
SK0198,2025,32
SK0081,2024,78
SK0148,2024,83
SK0040,2023,30
SK0191,2022,48
SK0149,2025,25
SK0046,2024,60
SK0096,2021,42
SK0016,2024,75
SK0144,2026,87
SK0184,2026,29
SK0092,2021,12
SK0187,2021,97
SK0222,2022,98
SK0143,2026,92
SK0128,2023,87
SK0078,2023,71
SK0297,2024,88
SK0120,2025,68
SK0090,2021,25
SK0021,2022,55
SK0182,2026,89
SK0130,2022,81
SK0133,2024,93
SK0181,2022,34
SK0085,2023,56
SK0254,2022,51
SK0052,2025,46
SK0073,2026,93
SK0289,2021,24
SK0018,2021,97
SK0052,2022,78
SK0242,2023,13
SK0132,2025,91
SK0104,2025,99
SK0157,2022,49
SK0244,2024,51
SK0008,2022,30
SK0036,2025,74
SK0028,2026,26
SK0150,2022,70
SK0187,2024,77
SK0135,2023,44
SK0016,2021,84
SK0066,2024,46
SK0151,2025,75
SK0206,2023,62
SK0010,2022,74
SK0148,2023,96
SK0177,2023,51
SK0177,2023,53
SK0062,2023,62
SK0111,2023,81
SK0252,2025,53
SK0286,2024,77
SK0200,2021,59
SK0234,2024,80
SK0284,2026,61
SK0207,2022,41
SK0282,2021,52
SK0160,2022,28
SK0192,2026,27
SK0012,2023,67
SK0275,2022,63
SK0048,2022,64
SK0152,2022,93
SK0237,2023,25
SK0293,2026,51
SK0142,2025,67
SK0095,2021,77
SK0177,2023,63
SK0298,2022,28
SK0137,2022,32
SK0234,2021,55
SK0240,2022,48
SK0063,2023,91
SK0248,2026,99
SK0011,2024,10
SK0226,2024,32
SK0022,2023,76
SK0173,2024,20
SK0183,2026,92
SK0191,2025,15
SK0236,2021,73
SK0206,2022,38
SK0240,2024,16
SK0064,2021,62
SK0128,2022,37
SK0177,2021,23
SK0195,2025,74
SK0107,2024,81
SK0227,2026,44
SK0007,2023,34
SK0159,2023,67
SK0055,2025,16
SK0209,2021,65
SK0085,2026,72
SK0281,2025,61
SK0075,2022,29
SK0042,2026,99
SK0124,2025,77
SK0201,2026,24
SK0022,2025,96
SK0159,2021,89
SK0007,2024,44
SK0272,2024,35
SK0252,2025,33
SK0158,2026,48
SK0283,2021,35
SK0074,2023,60
SK0264,2021,71
SK0134,2023,57
SK0055,2024,82
SK0039,2024,93
SK0186,2024,61
SK0133,2026,87
SK0090,2026,77
SK0149,2024,88
SK0030,2023,79
SK0023,2022,12
SK0063,2021,97
SK0275,2023,77
SK0081,2025,57
SK0195,2025,36
SK0156,2025,15
SK0202,2025,87
SK0044,2023,58
SK0220,2025,35
SK0139,2024,16
SK0194,2025,49
SK0076,2026,64
SK0167,2025,29
SK0018,2023,76
SK0196,2021,80
SK0292,2026,46
SK0277,2024,72
SK0141,2024,48
SK0098,2025,71
SK0171,2021,15
SK0275,2023,97
SK0037,2026,51
SK0036,2021,62
SK0215,2025,27
SK0128,2024,23
SK0066,2023,71
SK0254,2025,82
SK0042,2022,78
SK0063,2025,24
SK0055,2026,84
SK0153,2021,29
SK0060,2022,42
SK0055,2023,95
SK0039,2022,29
SK0128,2021,13
SK0073,2021,98
SK0234,2025,15
SK0118,2021,11
SK0066,2022,88
SK0262,2022,42
SK0147,2024,79
SK0127,2024,85
SK0098,2023,58
SK0262,2026,77
SK0291,2021,72
SK0233,2022,96
SK0084,2026,39
SK0062,2021,10
SK0267,2023,24
SK0273,2025,27
SK0288,2022,29
SK0289,2021,96
SK0043,2021,59
SK0085,2024,53
SK0011,2025,38
SK0068,2022,34
SK0076,2021,53
SK0123,2024,20
SK0211,2024,41
SK0088,2021,46
SK0126,2023,66
SK0215,2024,90
SK0143,2021,34
SK0229,2024,57
SK0250,2021,30
SK0268,2023,46
SK0044,2026,47
SK0032,2024,72
SK0288,2022,53
SK0179,2024,82
SK0032,2023,97
SK0279,2025,47
SK0238,2024,62
SK0115,2026,54
SK0243,2025,99
SK0031,2023,32
SK0015,2024,54
SK0275,2026,28
SK0014,2023,80
SK0044,2024,81
SK0204,2026,43
SK0175,2025,46
SK0278,2025,76
SK0140,2024,26
SK0020,2021,84
SK0147,2021,14
SK0159,2021,36
SK0188,2026,58
SK0259,2025,40
SK0120,2024,59
SK0291,2025,31
SK0064,2024,96
SK0170,2021,71
SK0142,2026,86
SK0017,2023,63
SK0162,2021,31
SK0254,2023,19
SK0081,2025,92
SK0150,2022,36
SK0264,2023,81
SK0105,2023,93
SK0033,2021,55
SK0245,2024,84
SK0237,2022,58
SK0268,2021,39
SK0034,2025,20
SK0080,2021,60
SK0277,2023,91
SK0040,2025,87
SK0278,2024,97
SK0170,2021,59
SK0277,2025,86
SK0016,2022,78
SK0074,2024,29
SK0049,2023,41
SK0195,2025,68
SK0151,2024,67
SK0112,2024,34
SK0250,2023,81
SK0229,2023,18
SK0174,2023,55
SK0296,2024,57
SK0292,2023,52
SK0294,2024,80
SK0093,2026,13
SK0249,2021,51
SK0207,2026,74
SK0159,2021,92
SK0077,2026,95
SK0201,2026,84
SK0151,2025,12
SK0187,2026,95
SK0290,2026,42
SK0249,2026,99
SK0040,2026,80
SK0237,2022,84
SK0300,2023,40
SK0034,2024,65
SK0252,2024,17
SK0120,2022,75
SK0083,2026,21
SK0249,2022,85
SK0117,2024,49
SK0036,2026,36
SK0152,2026,98
SK0200,2021,43
SK0118,2024,70
SK0236,2022,62
SK0043,2022,98
SK0192,2022,85
SK0171,2026,73
SK0173,2025,57
SK0174,2023,48
SK0231,2022,85
SK0003,2023,89
SK0070,2021,33
SK0170,2026,13
SK0246,2026,68
SK0089,2022,10
SK0298,2021,15
SK0203,2026,15
SK0008,2024,38
SK0172,2023,48
SK0028,2026,16
SK0115,2024,12
SK0070,2023,38
SK0076,2021,78
SK0296,2023,13
SK0069,2023,18
SK0009,2022,82
SK0209,2024,61
SK0277,2023,40
SK0228,2025,31
SK0141,2023,89
SK0070,2025,42
SK0057,2023,78
SK0024,2026,44
SK0011,2023,81
SK0103,2021,52
SK0224,2021,47
SK0213,2022,11
SK0210,2022,13
SK0241,2021,74
SK0184,2026,65
SK0211,2026,98
SK0252,2026,27
SK0186,2024,41
SK0013,2022,52
SK0049,2021,25
SK0106,2025,29
SK0155,2024,40
SK0196,2025,15
SK0229,2021,75
SK0140,2021,37
SK0148,2025,69
SK0162,2022,98
SK0235,2026,52
SK0082,2023,55
SK0087,2023,76
SK0216,2022,51
SK0295,2021,10
SK0038,2024,71
SK0097,2026,30
SK0061,2023,41
SK0179,2025,36
SK0077,2025,96
SK0080,2025,16
SK0243,2022,32
SK0092,2025,75
SK0218,2024,88
SK0164,2026,10
SK0172,2025,80
SK0021,2024,43
SK0034,2026,64
SK0136,2022,91
SK0101,2022,70
SK0132,2024,18
SK0268,2022,70
SK0119,2022,42
SK0297,2025,29
SK0132,2025,27
SK0062,2026,20
SK0163,2025,84
SK0039,2026,91
SK0249,2026,33
SK0144,2023,46
SK0010,2022,24
SK0179,2024,83
SK0286,2022,57
SK0293,2021,21
SK0192,2021,95
SK0007,2025,82
SK0103,2022,63
SK0139,2021,60
SK0064,2022,98
SK0089,2023,58
SK0137,2021,77
SK0044,2023,60
SK0088,2023,83
SK0239,2026,86
SK0149,2025,45
SK0149,2025,56
SK0210,2023,78
SK0062,2023,30
SK0248,2021,56
SK0050,2024,57
SK0184,2025,83
SK0112,2023,70
SK0292,2022,49
SK0289,2026,32
SK0221,2021,89
SK0186,2025,11
SK0049,2021,80
SK0042,2025,82
SK0074,2025,32
SK0178,2024,94
SK0218,2022,93
SK0287,2023,77
SK0238,2025,63
SK0094,2025,20
SK0191,2026,84
SK0097,2026,50
SK0251,2023,48
SK0119,2022,89
SK0120,2021,11
SK0034,2025,62
SK0179,2025,33
SK0121,2024,56
SK0028,2022,31
SK0089,2023,30
SK0017,2021,47
SK0071,2025,44
SK0157,2021,35
SK0140,2022,46
SK0094,2023,59
SK0218,2025,23
SK0180,2026,28
SK0094,2025,84
SK0245,2023,16
SK0148,2023,57
SK0267,2026,85
SK0187,2021,19
SK0218,2024,43
SK0220,2026,94
SK0174,2021,44
SK0177,2023,54
SK0194,2026,65
SK0097,2023,14
SK0264,2023,59
SK0154,2026,75
SK0133,2021,13
SK0182,2021,82
SK0010,2021,48
SK0003,2026,11
SK0158,2021,31
SK0122,2025,68
SK0167,2021,29
SK0056,2026,36
SK0020,2025,73
SK0125,2026,39
SK0040,2025,11
SK0104,2021,15
SK0212,2021,22
SK0049,2024,38
SK0241,2024,44
SK0012,2026,64
SK0021,2026,66
SK0068,2021,95
SK0181,2026,51
SK0005,2022,68
SK0121,2022,45
SK0299,2021,29
SK0180,2024,43
SK0291,2023,96
SK0069,2024,10
SK0199,2022,45
SK0217,2021,20
SK0051,2021,28
SK0105,2025,10
SK0020,2021,34
SK0264,2021,89
SK0060,2025,52
SK0237,2023,96
SK0038,2025,64
SK0125,2026,60
SK0112,2022,82
SK0256,2022,75
SK0220,2023,19
SK0147,2021,28
SK0108,2022,97
SK0073,2026,13
SK0117,2024,59
SK0188,2022,34
SK0201,2025,46
SK0215,2026,18
SK0263,2025,54
SK0034,2025,29
SK0011,2021,99
SK0234,2022,21
SK0295,2026,74
SK0004,2021,10
SK0292,2021,83
SK0299,2022,51
SK0002,2026,95
SK0013,2022,95
SK0242,2025,73
SK0219,2022,99
SK0245,2025,57
SK0237,2023,76
SK0244,2022,38
SK0024,2023,91
SK0240,2026,36
SK0194,2026,92
SK0161,2022,97
SK0300,2025,40
SK0257,2026,39
SK0115,2025,41
SK0107,2024,15
SK0204,2026,43
SK0168,2024,18
SK0227,2026,21
SK0185,2021,16
SK0274,2024,90
SK0089,2023,54
SK0042,2025,65
SK0160,2025,29
SK0086,2022,60
SK0225,2023,74
SK0018,2024,54
SK0222,2021,65
SK0075,2026,62
SK0149,2021,55
SK0048,2024,73
SK0086,2025,78
SK0077,2022,75
SK0179,2024,89
SK0263,2025,51
SK0240,2024,11
SK0012,2021,54
SK0189,2024,21
SK0072,2021,32
SK0205,2024,49
SK0193,2022,30
SK0191,2023,33
SK0172,2023,46
SK0228,2025,91
SK0124,2024,98
SK0134,2026,10
SK0077,2021,37
SK0036,2022,41
SK0010,2025,88
SK0294,2023,42
SK0071,2022,22
SK0091,2026,64
SK0167,2025,19
SK0066,2026,44
SK0180,2024,44
SK0244,2025,38
SK0087,2024,39
SK0007,2025,63
SK0283,2024,16
SK0254,2025,84
SK0099,2025,79
SK0226,2025,99
SK0113,2024,19
SK0189,2025,71
SK0114,2025,69
SK0113,2024,70
SK0127,2023,67
SK0063,2026,77
SK0033,2021,98
SK0207,2025,61
SK0043,2022,17
SK0257,2023,14
SK0211,2023,60
SK0218,2021,30
SK0286,2023,66
SK0300,2022,86
SK0186,2024,50
SK0195,2026,10
SK0225,2024,16
SK0047,2021,41
SK0146,2021,91
SK0297,2023,34
SK0217,2022,59
SK0245,2022,84
SK0107,2023,15
SK0021,2022,79
SK0065,2021,32
SK0018,2025,20
SK0245,2024,16
SK0120,2026,24
SK0122,2026,82
SK0040,2021,51
SK0050,2022,28
SK0161,2022,81
SK0251,2025,56
SK0002,2024,16
SK0210,2022,19
SK0294,2024,32
SK0009,2021,23
SK0188,2023,69
SK0171,2023,56
SK0097,2024,56
SK0014,2022,10
SK0269,2024,18
SK0263,2022,50
SK0106,2025,70
SK0109,2024,41
SK0062,2024,18
SK0061,2024,30
SK0007,2021,98
SK0222,2024,22
SK0116,2026,94
SK0219,2021,79
SK0169,2021,15
SK0211,2024,63
SK0156,2024,74
SK0260,2023,50
SK0116,2026,76
SK0282,2022,91
SK0214,2025,36
SK0173,2023,66
SK0174,2023,46
SK0170,2021,11
SK0243,2021,42
SK0085,2022,52
SK0074,2026,16
SK0265,2025,34
SK0246,2022,38
SK0273,2023,63
SK0036,2022,85
SK0026,2021,84
SK0300,2024,23
SK0165,2026,17
SK0192,2025,79
SK0189,2024,22
SK0053,2021,98
SK0250,2022,83
SK0020,2023,65
SK0013,2022,99
SK0077,2022,54
SK0206,2023,29
SK0221,2026,16
SK0020,2024,96
SK0114,2026,36
SK0153,2023,81
SK0245,2025,78
SK0223,2025,84
SK0058,2022,64
SK0016,2023,98
SK0088,2023,67
SK0294,2026,99
SK0201,2024,29
SK0251,2024,15
SK0140,2026,37
SK0012,2022,49
SK0073,2023,24
SK0186,2023,13
SK0075,2025,84
SK0041,2023,64
SK0148,2021,50
SK0147,2021,99
SK0090,2023,82
SK0268,2024,20
SK0114,2022,42
SK0205,2023,71
SK0019,2023,80
SK0230,2022,82
SK0213,2024,26
SK0025,2023,45
SK0158,2021,90
SK0083,2025,59
SK0199,2026,23
SK0008,2022,47
SK0036,2026,11
SK0148,2025,58
SK0283,2025,69
SK0185,2022,21
SK0111,2024,25
SK0079,2023,29
SK0014,2025,51
SK0040,2024,84
SK0066,2026,84
SK0177,2021,75
SK0289,2023,28
SK0233,2024,31
SK0118,2025,85
SK0056,2024,18
SK0273,2023,45
SK0050,2025,51
SK0266,2022,14
SK0082,2022,72
SK0287,2022,55
SK0002,2023,30
SK0287,2023,95
SK0297,2023,24
SK0155,2023,26
SK0038,2026,67
SK0240,2026,33
SK0095,2024,93
SK0155,2021,98
SK0257,2023,32
SK0181,2025,56
SK0037,2023,55
SK0251,2021,21
SK0046,2023,83
SK0176,2025,33
SK0162,2026,67
SK0082,2026,66
SK0122,2023,30
SK0016,2026,79
SK0245,2023,18
SK0269,2023,81
SK0137,2021,19
SK0019,2026,98
SK0242,2026,87
SK0270,2022,91
SK0054,2023,18
SK0067,2023,70
SK0170,2026,76
SK0203,2022,86
SK0092,2025,60
SK0253,2025,27
SK0122,2026,11
SK0180,2026,17
SK0063,2025,34
SK0295,2023,80
SK0279,2026,82
SK0171,2021,80
SK0063,2026,84
SK0222,2021,98
SK0003,2024,60
SK0178,2022,44
SK0257,2022,73
SK0035,2021,99
SK0207,2023,68
SK0058,2024,70
SK0229,2023,60
SK0084,2023,79
SK0099,2023,87
SK0134,2021,28
SK0050,2025,86
SK0249,2025,35
SK0209,2026,82
SK0056,2022,96
SK0119,2026,58
SK0099,2026,55
SK0026,2022,57
SK0171,2026,75
SK0185,2021,70
SK0237,2022,23
SK0146,2025,64
SK0184,2024,14
SK0227,2021,38
SK0151,2026,77
SK0176,2023,23
SK0174,2026,93
SK0111,2024,19
SK0283,2026,55
SK0155,2021,79
SK0184,2025,79
SK0122,2026,68
SK0185,2023,54
SK0043,2025,80
SK0293,2021,99
SK0061,2023,77
SK0024,2021,22
SK0124,2023,39
SK0122,2022,75
SK0006,2024,48
SK0145,2026,36
SK0252,2023,24
SK0199,2026,79
SK0117,2022,61
SK0137,2026,50
SK0047,2022,50
SK0049,2025,42
SK0019,2023,67
SK0290,2024,62
SK0118,2025,34
SK0174,2025,36
SK0095,2026,64
SK0294,2025,98
SK0204,2025,29
SK0265,2024,69
SK0264,2023,24
SK0222,2021,79
SK0124,2022,41
SK0087,2024,98
SK0216,2026,41
SK0232,2025,10
SK0147,2024,26
SK0142,2021,29
SK0283,2024,90
SK0004,2026,68
SK0081,2023,25
SK0170,2025,71
SK0161,2023,19
SK0130,2022,61
SK0016,2025,20
SK0159,2026,20
SK0220,2025,14
SK0207,2025,73
SK0234,2023,25
SK0158,2026,53
SK0127,2021,95
SK0196,2025,76
SK0162,2021,84
SK0190,2024,18
SK0059,2026,72
SK0151,2026,19
SK0031,2026,66
SK0280,2026,56
SK0178,2021,60
SK0254,2023,31
SK0197,2021,13
SK0100,2026,41
SK0013,2025,36
SK0170,2024,65
SK0113,2026,82
SK0187,2026,60
SK0298,2026,97
SK0262,2023,44
SK0165,2022,42
SK0216,2025,94
SK0039,2024,63
SK0009,2022,58
SK0106,2026,91
SK0073,2024,40
SK0227,2022,12
SK0194,2022,69
SK0177,2023,24
SK0118,2026,60
SK0045,2026,14
SK0156,2023,95
SK0288,2022,97
SK0002,2026,85
SK0265,2025,35
SK0180,2026,33
SK0206,2023,60
SK0057,2023,21
SK0072,2021,63
SK0256,2025,74
SK0092,2025,86
SK0294,2022,53
SK0191,2026,13
SK0291,2024,82
SK0102,2021,89
SK0189,2022,36
SK0063,2022,34
SK0084,2025,21
SK0190,2023,26
SK0020,2022,43
SK0244,2022,45
SK0179,2023,91
SK0257,2024,41
SK0266,2026,78
SK0081,2026,79
SK0095,2024,42
SK0260,2023,30
SK0012,2024,72
SK0226,2025,16
SK0143,2023,55
SK0171,2024,60
SK0140,2022,89
SK0197,2024,94
SK0129,2025,57
SK0286,2021,67
SK0047,2024,11
SK0188,2025,45
SK0289,2025,33
SK0030,2024,63
SK0142,2026,77
SK0273,2026,27
SK0111,2021,92
SK0217,2025,24
SK0023,2026,74
SK0299,2025,70
SK0298,2022,52
SK0297,2025,93
SK0107,2021,80
SK0106,2021,83
SK0025,2022,70
SK0251,2024,90
SK0293,2021,88
SK0052,2026,47
SK0028,2026,41
SK0211,2023,52
SK0288,2023,62
SK0050,2024,44
SK0035,2025,59
SK0015,2022,10
SK0136,2023,13
SK0265,2025,67
SK0291,2024,67
SK0272,2024,46
SK0066,2022,80
SK0186,2025,24
SK0128,2025,27
SK0062,2021,58
SK0008,2025,56
SK0137,2021,54
SK0129,2022,98
SK0170,2026,21
SK0052,2025,66
SK0233,2025,44
SK0125,2026,29
SK0189,2024,24
SK0013,2021,64
SK0254,2026,65
SK0257,2022,21
SK0004,2022,36
SK0250,2023,80
SK0168,2021,41
SK0282,2022,66
SK0236,2025,74
SK0013,2024,39
SK0116,2024,67
SK0286,2021,96
SK0232,2023,93
SK0079,2022,73
SK0234,2026,57
SK0226,2022,83
SK0149,2024,26
SK0104,2025,37
SK0140,2023,50
SK0254,2022,35
SK0038,2022,94
SK0089,2026,68
SK0277,2023,85
SK0156,2026,35
SK0092,2025,36
SK0227,2023,91
SK0135,2022,72
SK0214,2021,71
SK0220,2021,93
SK0203,2022,49
SK0295,2024,71
SK0106,2021,61
SK0110,2024,94
SK0260,2026,71
SK0287,2021,45
SK0182,2025,82
SK0021,2023,90
SK0040,2022,95
SK0019,2024,26
SK0122,2024,46
SK0228,2025,43
SK0016,2023,47
SK0183,2024,42
SK0122,2025,10
SK0026,2026,48
SK0268,2023,25
SK0231,2021,75
SK0290,2021,37
SK0299,2021,39
SK0134,2021,92
SK0156,2023,94
SK0138,2025,31
SK0281,2022,59
SK0060,2025,61
SK0105,2021,59
SK0229,2026,35
SK0042,2024,57
SK0264,2021,31
SK0075,2022,51
SK0278,2026,36
SK0148,2022,36
SK0233,2022,38
SK0093,2025,14
SK0264,2025,23
SK0080,2024,60
SK0296,2024,25
SK0136,2024,34
SK0291,2025,39
SK0063,2026,81
SK0059,2025,57
SK0287,2025,12
SK0110,2022,10
SK0031,2022,73
SK0118,2024,53
SK0298,2026,36
SK0120,2021,64
SK0270,2025,86
SK0051,2026,61
SK0167,2021,19
SK0160,2023,38
SK0260,2022,20
SK0166,2025,68
SK0114,2026,15
SK0088,2024,16
SK0246,2021,26
SK0084,2025,88
SK0156,2026,43
SK0051,2025,89
SK0113,2025,20
SK0272,2022,93
SK0112,2021,55
SK0092,2022,97
SK0131,2025,15
SK0203,2024,27
SK0270,2025,39
SK0046,2021,34
SK0226,2023,16
SK0297,2023,55
SK0007,2025,23
SK0175,2025,39
SK0063,2021,91
SK0001,2022,34
SK0113,2024,47
SK0066,2025,86
SK0092,2025,17
SK0086,2022,15
SK0276,2025,46
SK0049,2023,23
SK0069,2024,43
SK0142,2025,22
SK0241,2022,76
SK0128,2022,72
SK0002,2021,90
SK0052,2022,32
SK0154,2024,75
SK0223,2026,68
SK0011,2022,68
SK0204,2021,56
SK0085,2026,10
SK0130,2021,43
SK0172,2026,52
SK0194,2025,24
SK0186,2025,28
SK0300,2024,94
SK0291,2025,33
SK0157,2024,85
SK0222,2025,28
SK0108,2023,54
SK0031,2023,64
SK0104,2024,30
SK0070,2026,49
SK0233,2022,10
SK0107,2021,61
SK0073,2024,29
SK0202,2022,85
SK0278,2023,29
SK0224,2026,77
SK0071,2022,54
SK0287,2025,39
SK0289,2025,50
SK0041,2024,67
SK0234,2021,88
SK0106,2025,40
SK0029,2022,77
SK0059,2026,34
SK0243,2021,81
SK0158,2026,81
SK0286,2023,80
SK0016,2021,72
SK0158,2026,74
SK0148,2025,90
SK0190,2026,72
SK0099,2023,80
SK0273,2024,70
SK0263,2026,38
SK0056,2024,49
SK0195,2023,14
SK0130,2023,71
SK0257,2022,55
SK0130,2022,69
SK0038,2021,85
SK0171,2026,44
SK0251,2025,57
SK0089,2022,43
SK0030,2022,80
SK0110,2024,30
SK0224,2026,63
SK0211,2021,71
SK0289,2023,56
SK0288,2021,70
SK0206,2023,50
SK0017,2022,93
SK0277,2024,12
SK0155,2021,38
SK0296,2025,30
SK0130,2022,64
SK0172,2021,38
SK0017,2023,87
SK0102,2021,67
SK0293,2026,27
SK0155,2024,85
SK0155,2022,74
SK0141,2026,52
SK0179,2026,10
SK0128,2025,36
SK0002,2022,45
SK0124,2021,10
SK0008,2022,65
SK0159,2025,68
SK0001,2025,67
SK0093,2025,30
SK0286,2023,90
SK0166,2026,11
SK0285,2021,10
SK0080,2021,12
SK0217,2023,61
SK0157,2023,29
SK0020,2024,40
SK0114,2022,69
SK0230,2022,94
SK0004,2025,60
SK0033,2023,41
SK0250,2023,10
SK0128,2022,71
SK0191,2026,24
SK0279,2021,71
SK0226,2026,12
SK0217,2021,78
SK0249,2026,22
SK0052,2025,22
SK0093,2026,15
SK0093,2023,11
SK0236,2021,30
SK0038,2024,52
SK0276,2026,66
SK0210,2021,93
SK0280,2024,20
SK0034,2022,16
SK0264,2023,46
SK0008,2025,80
SK0063,2026,46
SK0054,2024,28
SK0057,2026,60
SK0293,2022,76
SK0259,2021,30
SK0234,2025,87
SK0135,2024,11
SK0121,2022,63
SK0250,2023,46
SK0219,2021,49
SK0230,2022,45
SK0057,2021,60
SK0191,2025,89
SK0198,2021,24
SK0016,2026,17
SK0265,2026,84
SK0231,2021,59
SK0072,2022,29
SK0093,2026,54
SK0042,2021,35
SK0054,2024,73
SK0255,2024,35
SK0076,2024,33
SK0008,2025,36
SK0051,2023,80
SK0014,2024,77
SK0179,2025,89
SK0113,2025,95
SK0173,2026,26
SK0180,2025,60
SK0132,2026,36
SK0009,2025,85
SK0168,2021,63
SK0119,2021,38
SK0147,2022,69
SK0224,2022,79
SK0102,2021,43
SK0166,2022,19
SK0148,2025,23
SK0107,2023,37
SK0076,2022,81
SK0184,2026,35
SK0229,2021,30
SK0023,2023,74
SK0177,2025,47
SK0166,2026,18
SK0006,2026,89
SK0198,2025,20
SK0086,2022,38
SK0014,2023,31
SK0108,2024,98
SK0009,2024,41
SK0087,2023,21
SK0122,2025,59
SK0166,2026,44
SK0248,2021,96
SK0292,2024,47
SK0158,2024,12
SK0010,2025,14
SK0167,2026,89
SK0022,2026,59
SK0076,2023,82
SK0107,2021,88
SK0263,2025,50
SK0166,2026,68
SK0130,2023,93
SK0057,2026,89
SK0033,2021,29
SK0043,2026,82
SK0005,2022,51
SK0284,2021,75
SK0020,2024,78
SK0087,2023,79
SK0086,2026,24
SK0194,2021,68
SK0244,2025,81
SK0070,2021,30
SK0300,2024,38
SK0294,2023,95
SK0263,2021,27
SK0062,2023,14
SK0259,2024,72
SK0293,2021,84
SK0012,2023,79
SK0185,2022,58
SK0136,2026,55
SK0056,2021,72
SK0193,2022,73
SK0151,2022,89
SK0113,2025,26
SK0124,2023,78
SK0042,2021,55
SK0255,2022,69
SK0203,2025,75
SK0081,2023,22
SK0169,2025,92
SK0262,2023,81
SK0004,2025,49
SK0109,2024,88
SK0072,2022,59
SK0147,2025,96
SK0042,2025,55
SK0041,2021,45
SK0235,2026,57
SK0203,2025,11
SK0157,2025,21
SK0285,2023,92
SK0183,2022,59
SK0121,2025,78
SK0022,2024,29
SK0143,2021,26
SK0225,2021,54
SK0081,2026,19
SK0284,2022,31
SK0089,2021,67
SK0039,2025,45
SK0251,2023,26
SK0257,2022,57
SK0075,2026,73
SK0094,2025,96
SK0090,2026,42
SK0083,2025,37
SK0075,2023,31
SK0067,2026,46
SK0183,2021,61
SK0288,2025,56
SK0174,2022,31
SK0083,2023,35
SK0249,2024,31
SK0297,2026,38
SK0153,2022,99
SK0253,2025,41
SK0075,2026,98
SK0206,2025,89
SK0253,2026,49
SK0183,2026,14
SK0178,2022,70
SK0169,2026,33
SK0125,2022,35
SK0152,2021,54
SK0002,2022,74
SK0004,2022,41
SK0143,2022,16
SK0214,2024,87
SK0209,2022,38
SK0106,2023,82
SK0022,2021,88
SK0269,2025,84
SK0206,2021,87
SK0201,2021,45
SK0235,2021,57
SK0112,2025,62
SK0066,2021,57
SK0101,2022,26
SK0220,2023,86
SK0093,2021,46
SK0296,2024,46
SK0272,2024,28
SK0084,2024,96
SK0199,2024,92
SK0066,2022,98
SK0132,2021,15
SK0248,2026,27
SK0146,2025,93
SK0248,2021,58
SK0286,2021,71
SK0010,2023,45
SK0260,2023,63
SK0084,2023,36
SK0034,2025,88
SK0283,2025,15
SK0085,2024,49
SK0019,2025,34
SK0016,2026,27
SK0254,2024,35
SK0042,2024,68
SK0168,2025,80
SK0294,2024,62
SK0058,2024,80
SK0029,2024,36
SK0201,2025,70
SK0125,2022,96
SK0239,2025,10
SK0292,2021,17
SK0284,2024,28
SK0027,2024,12
SK0111,2024,22
SK0298,2022,68
SK0168,2023,19
SK0101,2025,68
SK0142,2023,62
SK0015,2021,50
SK0138,2024,26
SK0180,2026,78
SK0110,2025,86
SK0137,2024,51
SK0015,2026,43
SK0187,2022,11
SK0212,2026,51
SK0031,2024,62
SK0195,2025,48
SK0267,2026,45
SK0049,2023,56
SK0023,2022,17
SK0019,2026,28
SK0111,2021,18
SK0119,2022,55
SK0201,2026,86
SK0190,2024,73
SK0185,2024,80
SK0160,2024,27
SK0184,2025,79
SK0044,2022,84
SK0228,2022,20
SK0082,2022,78
SK0256,2025,42
SK0178,2021,86
SK0287,2023,57
SK0160,2021,97
SK0291,2023,52
SK0029,2022,23
SK0052,2022,12
SK0007,2023,59
SK0060,2026,81
SK0223,2022,71
SK0057,2023,43
SK0065,2022,84
SK0161,2025,63
SK0198,2026,27
SK0167,2022,87
SK0215,2021,37
SK0132,2026,72
SK0043,2024,90
SK0215,2025,91
SK0066,2022,74
SK0231,2021,96
SK0268,2023,19
SK0093,2024,88
SK0114,2023,68
SK0002,2026,16
SK0143,2023,43
SK0046,2026,20
SK0025,2025,95
SK0128,2023,65
SK0182,2025,99
SK0008,2025,45
SK0222,2024,79
SK0183,2025,70
SK0125,2022,14
SK0047,2026,91
SK0277,2025,39
SK0202,2021,58
SK0086,2024,27
SK0226,2023,64
SK0208,2024,67
SK0092,2024,18
SK0277,2025,15
SK0101,2021,45
SK0131,2024,47
SK0203,2025,83
SK0229,2026,25
SK0262,2021,59
SK0061,2025,74
SK0059,2024,68
SK0254,2024,44
SK0047,2023,91
SK0183,2021,34
SK0112,2024,13
SK0257,2026,20
SK0109,2025,25
SK0014,2024,88
SK0281,2024,88
SK0048,2025,70
SK0167,2023,18
SK0279,2021,95
SK0247,2021,92
SK0156,2026,71
SK0247,2023,61
SK0001,2021,14
SK0290,2026,87
SK0254,2021,86
SK0170,2021,65
SK0122,2023,98
SK0063,2021,26
SK0279,2026,93
SK0057,2022,54
SK0278,2025,90
SK0052,2023,65
SK0020,2023,35
SK0079,2022,48
SK0097,2026,26
SK0276,2024,99
SK0022,2021,45
SK0041,2026,90
SK0005,2021,68
SK0073,2022,96
SK0050,2024,95
SK0084,2021,69
SK0231,2021,73
SK0021,2022,76
SK0057,2024,21
SK0124,2022,19
SK0056,2022,71
SK0254,2025,87
SK0273,2021,44
SK0262,2023,31
SK0240,2023,39
SK0296,2025,83
SK0233,2022,34
SK0151,2022,17
SK0287,2021,68
SK0231,2025,47
SK0155,2024,20
SK0289,2026,98
SK0262,2026,47
SK0034,2021,37
SK0097,2025,27
SK0006,2022,12
SK0181,2023,10
SK0233,2026,36
SK0280,2026,47
SK0159,2024,52
SK0235,2024,45
SK0145,2023,20
SK0260,2026,45
SK0180,2021,19
SK0049,2022,48
SK0120,2024,67
SK0134,2026,91
SK0073,2025,80
SK0200,2023,23
SK0241,2021,77
SK0067,2024,83
SK0265,2025,98
SK0205,2024,86
SK0151,2021,42
SK0277,2021,41
SK0300,2026,39
SK0138,2026,82
SK0161,2026,30
SK0236,2025,44
SK0279,2022,10
SK0064,2024,43
SK0186,2022,47
SK0243,2021,74
SK0296,2026,11
SK0002,2023,26
SK0132,2023,25
SK0205,2024,45
SK0014,2026,63
SK0097,2021,87
SK0202,2026,35
SK0084,2024,72
SK0241,2025,94
SK0079,2023,44
SK0193,2023,22
SK0108,2026,22
SK0058,2026,86
SK0150,2025,55
SK0039,2021,67
SK0211,2024,43
SK0032,2025,94
SK0006,2022,95
SK0028,2024,64
SK0196,2022,69
SK0066,2025,88
SK0150,2025,93
SK0024,2021,72
SK0071,2026,79
SK0064,2021,14
SK0154,2021,42
SK0003,2024,91
SK0156,2024,52
SK0227,2025,27
SK0027,2025,84
SK0167,2025,69
SK0229,2022,97
SK0054,2022,82
SK0019,2024,57
SK0234,2024,86
SK0119,2021,46
SK0174,2024,52
SK0148,2021,16
SK0236,2024,89
SK0231,2023,78
SK0207,2024,21
SK0093,2025,28
SK0152,2025,53
SK0198,2026,86
SK0118,2026,51
SK0032,2025,86
SK0181,2023,91
SK0293,2021,94
SK0109,2021,71
SK0127,2021,64
SK0076,2022,31
SK0099,2026,68
SK0118,2024,18
SK0160,2026,42
SK0025,2024,41
SK0175,2022,30
SK0020,2025,52
SK0062,2025,63
SK0278,2026,45
SK0205,2022,58
SK0284,2025,99
SK0088,2021,67
SK0136,2026,65
SK0260,2021,27
SK0172,2024,74
SK0161,2024,60
SK0021,2026,71
SK0066,2025,18
SK0126,2026,57
SK0280,2023,81
SK0177,2026,20
SK0072,2021,44
SK0192,2025,26
SK0140,2024,68
SK0169,2023,89
SK0099,2021,69
SK0035,2024,99
SK0264,2024,78
SK0167,2024,52
SK0235,2026,75
SK0140,2023,25
SK0180,2022,40
SK0238,2023,41
SK0067,2026,85
SK0173,2023,44
SK0178,2023,45
SK0195,2023,49
SK0042,2024,66
SK0084,2021,12
SK0287,2022,18
SK0251,2024,78
SK0143,2021,59
SK0001,2024,35
SK0186,2025,85
SK0137,2022,21
SK0094,2023,80
SK0205,2025,89
SK0076,2025,50
SK0160,2022,83
SK0016,2026,23
SK0266,2023,82
SK0279,2021,46
SK0022,2024,35
SK0114,2021,61
SK0013,2024,83
SK0178,2021,78
SK0144,2025,26
SK0290,2023,48
SK0283,2021,88
SK0260,2021,82
SK0266,2026,78
SK0121,2022,23
SK0182,2024,82
SK0284,2022,30
SK0189,2026,11
SK0243,2024,71
SK0072,2026,74
SK0135,2023,73
SK0173,2026,85
SK0136,2022,21
SK0181,2023,42
SK0298,2021,98
SK0171,2025,75
SK0264,2022,79
SK0170,2021,68
SK0154,2026,79
SK0280,2022,61
SK0019,2022,14
SK0231,2025,76
SK0036,2026,23
SK0232,2024,42
SK0195,2024,84
SK0140,2026,56
SK0204,2022,71
SK0195,2021,62
SK0175,2025,85
SK0016,2021,17
SK0187,2023,10
SK0260,2021,29
SK0300,2023,43
SK0176,2025,89
SK0198,2022,35
SK0150,2024,10
SK0191,2026,30
SK0023,2022,14
SK0095,2026,60
SK0021,2025,71
SK0200,2023,10
SK0113,2021,31
SK0008,2021,33
SK0204,2026,87
SK0187,2023,65
SK0144,2026,88
SK0082,2021,18
SK0081,2023,98
SK0300,2021,12
SK0001,2022,95
SK0013,2025,27
SK0122,2026,26
SK0074,2021,41
SK0137,2023,45
SK0251,2024,53
SK0091,2022,63
SK0156,2025,66
SK0089,2026,65
SK0175,2023,53
SK0064,2021,23
SK0229,2026,89
SK0213,2021,42
SK0041,2024,76
SK0043,2024,79
SK0225,2026,79
SK0094,2024,66
SK0036,2026,81
SK0159,2026,39
SK0295,2026,43
SK0224,2023,86
SK0252,2022,73
SK0060,2025,78
SK0201,2025,50
SK0058,2026,20
SK0106,2024,42
SK0101,2022,56
SK0124,2023,78
SK0133,2024,46
SK0105,2024,59
SK0154,2025,81
SK0189,2025,77
SK0020,2021,79
SK0052,2026,41
SK0043,2024,83
SK0296,2024,24
SK0073,2025,88
SK0217,2025,57
SK0151,2024,51
SK0197,2023,87
SK0193,2021,73
SK0065,2021,59
SK0237,2023,43
SK0289,2024,40
SK0229,2023,86
SK0254,2026,71
SK0162,2026,90
SK0190,2021,25
SK0211,2026,15
SK0201,2023,44
SK0152,2022,76
SK0057,2025,82
SK0173,2025,70
SK0162,2022,86
SK0135,2025,32
SK0066,2022,13
SK0051,2023,54
SK0130,2026,32
SK0158,2026,83
SK0190,2024,38
SK0051,2024,60
SK0263,2024,12
SK0033,2021,51
SK0010,2024,97
SK0264,2022,82
SK0132,2026,64
SK0034,2026,89
SK0198,2021,85
SK0200,2024,38
SK0213,2025,35
SK0017,2022,23
SK0109,2026,96
SK0030,2024,49
SK0251,2021,24
SK0296,2021,34
SK0296,2021,71
SK0210,2026,99
SK0214,2022,21
SK0047,2023,27
SK0174,2023,51
SK0051,2025,95
SK0036,2022,99
SK0147,2025,68
SK0136,2022,23
SK0282,2022,46
SK0217,2023,51
SK0287,2021,66
SK0115,2025,29
SK0238,2023,64
SK0269,2022,39
SK0162,2023,36
SK0160,2021,29
SK0107,2026,77
SK0250,2026,27
SK0222,2026,66
SK0257,2023,76
SK0105,2025,90
SK0286,2021,92
SK0012,2023,84
SK0243,2026,16
SK0160,2022,59
SK0045,2021,80
SK0186,2021,19
SK0242,2023,49
SK0033,2025,90
SK0133,2021,75
SK0246,2025,61
SK0204,2022,49
SK0266,2025,98
SK0283,2022,13
SK0026,2023,60
SK0125,2026,76
SK0277,2021,95
SK0263,2024,94
SK0264,2021,21
SK0015,2023,83
SK0065,2026,76
SK0171,2026,59
SK0231,2024,87
SK0264,2026,24
SK0161,2024,38
SK0278,2024,42
SK0197,2025,14
SK0166,2024,48
SK0277,2024,22
SK0159,2022,23
SK0088,2025,89
SK0189,2023,35
SK0189,2023,49
SK0278,2022,43
SK0278,2022,57
SK0098,2025,45
SK0263,2026,41
SK0283,2024,49
SK0211,2025,40
SK0284,2022,82
SK0229,2021,94
SK0145,2025,99
SK0027,2024,66
SK0097,2024,21
SK0283,2022,72
SK0002,2022,55
SK0294,2025,35
SK0004,2023,70
SK0160,2022,91
SK0156,2022,27
SK0134,2026,96
SK0193,2026,16
SK0118,2024,69
SK0296,2022,21
SK0154,2022,17
SK0148,2025,67
SK0083,2026,16
SK0021,2023,34
SK0241,2023,76
SK0244,2024,71
SK0041,2024,87
SK0269,2023,77
SK0026,2026,52
SK0104,2023,35
SK0126,2026,67
SK0141,2023,83
SK0148,2022,32
SK0200,2023,74
SK0255,2025,32
SK0224,2024,13
SK0007,2021,16
SK0079,2025,93
SK0060,2022,68
SK0089,2022,76
SK0084,2022,76
SK0040,2025,39
SK0059,2026,68
SK0186,2026,23
SK0158,2023,73
SK0044,2026,69
SK0045,2021,97
SK0125,2021,28
SK0144,2022,14
SK0172,2022,91
SK0115,2022,82
SK0133,2024,40
SK0150,2022,60
SK0241,2023,39
SK0190,2023,23
SK0084,2023,65
SK0292,2024,76
SK0201,2021,50
SK0165,2022,38
SK0218,2024,12
SK0082,2024,88
SK0146,2026,62
SK0043,2023,84
SK0175,2025,57
SK0194,2022,63
SK0229,2022,62
SK0207,2024,71
SK0153,2022,43
SK0019,2021,22
SK0165,2023,15
SK0020,2021,93
SK0221,2026,13
SK0258,2025,79
SK0237,2023,19
SK0090,2024,55
SK0264,2023,83
SK0133,2021,57
SK0095,2024,98
SK0117,2026,31
SK0008,2024,14
SK0025,2024,16
SK0238,2025,75
SK0232,2025,15
SK0060,2022,53
SK0054,2022,17
SK0061,2025,42
SK0034,2022,70
SK0069,2021,63
SK0033,2022,57
SK0253,2026,86
SK0114,2024,87
SK0173,2021,93
SK0080,2022,11
SK0051,2026,45
SK0105,2024,92
SK0033,2026,34
SK0193,2026,81
SK0198,2021,47
SK0254,2021,93
SK0283,2022,56
SK0044,2021,83
SK0271,2022,66
SK0048,2026,75
SK0033,2023,36
SK0106,2023,53
SK0005,2023,39
SK0216,2025,67
SK0289,2026,44
SK0294,2025,54
SK0103,2022,37
SK0261,2023,43
SK0273,2025,47
SK0001,2022,10
SK0265,2021,59
SK0273,2026,24
SK0220,2022,39
SK0176,2024,95
SK0021,2023,58
SK0264,2026,70
SK0043,2026,35
SK0293,2025,63
SK0060,2026,95
SK0165,2023,90
SK0260,2025,81
SK0023,2025,78
SK0267,2025,98
SK0228,2025,58
SK0129,2025,18
SK0254,2023,85
SK0177,2026,42
SK0205,2021,31
SK0197,2022,22
SK0188,2023,45
SK0192,2024,54
SK0255,2026,87
SK0008,2024,99
SK0271,2025,45
SK0062,2026,24
SK0218,2021,59
SK0112,2021,47
SK0151,2022,87
SK0003,2026,65
SK0229,2024,38
SK0016,2025,67
SK0087,2026,30
SK0143,2026,53
SK0228,2023,90
SK0163,2023,79
SK0207,2024,15
SK0216,2025,76
SK0251,2024,63
SK0227,2022,82
SK0154,2025,44
SK0070,2024,43
SK0110,2025,65
SK0219,2021,50
SK0100,2021,25
SK0225,2021,74
SK0089,2021,53
SK0094,2024,92
SK0204,2021,13
SK0149,2023,53
SK0021,2021,83
SK0151,2024,37
SK0175,2024,88
SK0167,2022,88
SK0260,2024,76
SK0297,2023,41
SK0227,2022,36
SK0290,2025,81
SK0271,2022,39
SK0209,2026,76
SK0083,2025,96
SK0279,2025,40
SK0110,2023,91
SK0294,2026,54
SK0078,2022,69
SK0051,2023,35
SK0228,2026,64
SK0085,2024,16
SK0244,2025,53
SK0089,2025,17
SK0026,2026,56
SK0036,2023,35
SK0093,2024,14
SK0184,2022,15
SK0124,2021,47
SK0042,2026,62
SK0210,2024,86
SK0142,2026,38
SK0236,2022,94
SK0152,2024,60
SK0170,2025,44
SK0056,2023,99
SK0075,2023,35
SK0244,2024,69
SK0147,2021,73
SK0043,2023,76
SK0300,2021,43
SK0256,2021,91
SK0273,2021,38
SK0070,2021,73
SK0267,2025,79
SK0247,2024,32
SK0095,2024,52
SK0071,2025,63
SK0071,2022,98
SK0155,2022,51
SK0194,2024,74
SK0023,2024,33
SK0203,2023,67
SK0211,2022,99
SK0116,2025,40
SK0246,2024,44
SK0076,2025,39
SK0129,2022,80
SK0277,2023,31
SK0014,2024,64
SK0257,2026,49
SK0239,2025,39
SK0165,2026,33
SK0095,2024,17
SK0219,2024,32
SK0289,2024,14
SK0091,2023,88
SK0128,2024,32
SK0202,2026,71
SK0031,2023,63
SK0034,2026,86
SK0100,2023,84
SK0118,2024,30
SK0282,2025,28
SK0191,2026,47
SK0008,2022,63
SK0272,2022,20
SK0073,2023,58
SK0017,2026,58
SK0288,2022,43
SK0207,2026,64
SK0276,2024,71
SK0029,2026,35
SK0065,2022,97
SK0192,2024,74
SK0295,2025,78
SK0093,2021,94
SK0207,2024,11
SK0013,2021,12
SK0085,2024,55
SK0097,2022,18
SK0202,2022,90
SK0031,2026,59
SK0227,2022,57
SK0205,2021,86
SK0093,2025,23
SK0126,2023,89
SK0040,2021,31
SK0296,2024,37
SK0280,2023,33
SK0087,2024,12
SK0216,2021,68
SK0034,2022,56
SK0088,2026,83
SK0082,2025,88
SK0168,2024,74
SK0229,2024,72
SK0120,2025,49
SK0066,2025,55
SK0100,2023,78
SK0260,2021,81
SK0012,2024,10
SK0067,2023,72
SK0076,2026,26
SK0003,2022,43
SK0271,2022,62
SK0032,2021,62
SK0065,2026,68
SK0055,2025,78
SK0184,2022,48
SK0058,2026,68
SK0127,2022,79
SK0086,2021,19
SK0013,2024,77
SK0292,2026,24
SK0281,2021,36
SK0090,2026,72
SK0050,2025,32
SK0272,2026,69
SK0019,2023,57
SK0265,2025,54
SK0154,2024,88
SK0183,2026,42
SK0063,2021,29
SK0299,2023,32
SK0060,2023,42
SK0116,2026,47
SK0086,2024,98
SK0064,2021,91
SK0206,2026,55
SK0280,2025,16
SK0095,2023,77
SK0077,2021,17
SK0170,2024,24
SK0273,2026,49
SK0044,2021,76
SK0192,2024,80
SK0004,2026,88
SK0029,2026,39
SK0257,2026,97
SK0099,2024,21
SK0039,2026,77
SK0146,2026,76
SK0138,2026,61
SK0087,2025,29
SK0151,2023,71
SK0213,2025,71
SK0213,2022,98
SK0215,2022,81
SK0241,2021,48
SK0137,2023,38
SK0150,2025,36
SK0143,2023,34
SK0158,2025,38
SK0161,2024,29
SK0009,2021,49
SK0048,2022,52
SK0272,2022,67
SK0272,2026,57
SK0092,2023,54
SK0251,2022,37
SK0185,2021,79
SK0086,2021,43
SK0145,2024,74
SK0042,2025,36
SK0100,2022,69
SK0173,2022,79
SK0090,2023,72
SK0266,2024,54
SK0182,2026,58
SK0095,2025,34
SK0053,2025,84
SK0203,2023,88
SK0262,2021,26
SK0075,2021,80
SK0163,2026,34
SK0210,2021,90
SK0119,2021,74
SK0005,2026,19
SK0198,2023,40
SK0243,2025,71
SK0155,2021,30
SK0097,2023,59
SK0153,2021,50
SK0001,2021,81
SK0264,2026,91
SK0041,2021,63
SK0231,2023,57
SK0109,2024,98
SK0066,2023,78
SK0137,2021,43
SK0299,2021,95
SK0025,2025,50
SK0093,2026,62
SK0202,2022,94
SK0062,2026,44
SK0033,2025,11
SK0018,2023,24
SK0253,2021,63
SK0242,2026,26
SK0254,2026,68
SK0112,2021,10
SK0266,2024,48
SK0130,2022,61
SK0060,2024,29
SK0283,2022,49
SK0218,2021,21
SK0101,2025,34
SK0188,2022,48
SK0145,2025,44
SK0021,2025,36
SK0003,2025,33
SK0010,2022,28
SK0010,2024,96
SK0161,2022,25
SK0132,2026,68
SK0134,2021,81
SK0178,2024,57
SK0191,2023,51
SK0279,2024,36
SK0134,2023,86
SK0106,2025,83
SK0098,2023,74
SK0188,2026,41
SK0106,2025,85
SK0181,2022,84
SK0072,2022,54
SK0262,2024,17
SK0280,2026,22
SK0067,2026,74
SK0230,2022,47
SK0294,2025,39
SK0237,2024,54
SK0226,2023,37
SK0092,2024,43
SK0011,2025,85
SK0055,2023,14
SK0024,2024,49
SK0189,2023,87
SK0056,2022,62
SK0136,2023,71
SK0096,2024,66
SK0165,2025,32
SK0296,2022,52
SK0099,2026,11
SK0215,2021,12
SK0202,2024,16
SK0026,2023,88
SK0061,2025,89
SK0083,2021,49
SK0191,2024,83
SK0063,2026,88
SK0091,2025,82
SK0289,2022,51
SK0150,2026,83
SK0242,2026,19
SK0125,2024,62
SK0072,2024,79
SK0284,2023,44
SK0063,2025,63
SK0117,2021,73
SK0050,2025,56
SK0113,2021,14
SK0031,2024,71
SK0175,2026,80
SK0267,2023,57
SK0286,2022,95
SK0212,2025,26
SK0016,2023,42
SK0248,2023,37
SK0121,2025,69
SK0287,2023,28
SK0212,2023,98
SK0156,2025,67
SK0074,2025,92
SK0083,2024,71
SK0271,2021,55
SK0149,2022,33
SK0263,2023,51
SK0037,2024,66
SK0204,2023,74
SK0264,2021,75
SK0141,2021,73
SK0044,2021,95
SK0193,2021,41
SK0114,2026,26
SK0038,2025,33
SK0290,2025,92
SK0181,2021,91
SK0069,2021,33
SK0293,2024,99
SK0222,2025,92
SK0006,2026,54
SK0129,2022,37
SK0288,2026,14
SK0047,2021,92
SK0249,2022,32
SK0060,2022,41
SK0033,2025,93
SK0222,2022,32
SK0185,2021,38
SK0129,2023,68
SK0290,2023,46
SK0189,2025,68
SK0210,2025,48
SK0228,2025,13
SK0083,2022,93
SK0119,2023,73
SK0129,2026,78
SK0049,2025,50
SK0145,2022,30
SK0184,2024,42
SK0254,2023,19
SK0090,2022,81
SK0127,2021,47
SK0204,2023,59
SK0187,2024,29
SK0272,2023,18
SK0255,2021,42
SK0063,2026,20
SK0185,2022,27
SK0205,2025,64
SK0154,2022,41
SK0122,2021,86
SK0175,2024,59
SK0048,2025,86
SK0053,2022,28
SK0295,2023,12
SK0020,2025,33
SK0191,2024,78
SK0002,2023,98
SK0294,2025,23
SK0164,2021,30
SK0165,2022,25
SK0012,2023,70
SK0054,2022,22
SK0032,2026,78
SK0067,2022,29
SK0091,2023,57
SK0274,2021,83
SK0069,2026,34
SK0145,2024,97
SK0170,2024,96
SK0213,2024,96
SK0258,2022,68
SK0216,2022,48
SK0120,2023,93
SK0016,2025,49
SK0047,2022,86
SK0054,2025,59
SK0147,2026,80
SK0037,2025,19
SK0244,2025,46
SK0145,2022,37
SK0016,2025,80
SK0060,2025,26
SK0120,2025,72
SK0262,2026,39
SK0114,2026,46
SK0050,2022,78
SK0178,2023,44
SK0076,2022,93
SK0067,2026,89
SK0074,2023,96
SK0218,2022,18
SK0152,2024,38
SK0233,2025,18
SK0269,2024,49
SK0109,2025,56
SK0218,2024,51
SK0121,2024,20
SK0041,2023,88
SK0050,2026,90
SK0245,2024,50
SK0143,2023,67
SK0293,2025,91
SK0274,2023,62
SK0017,2024,86
SK0255,2026,12
SK0240,2023,80
SK0119,2024,72
SK0113,2026,19
SK0002,2021,38
SK0084,2025,82
SK0048,2023,12
SK0222,2024,48
SK0139,2025,92
SK0221,2021,56
SK0126,2023,81
SK0221,2022,66
SK0027,2022,18
SK0192,2022,62
SK0146,2022,70
SK0145,2026,74
SK0041,2022,16
SK0233,2026,40
SK0271,2021,72
SK0160,2021,83
SK0088,2025,79
SK0172,2026,16
SK0250,2022,75
SK0200,2024,82
SK0041,2022,17
SK0239,2026,13
SK0120,2025,90
SK0150,2021,47
SK0163,2024,72
SK0047,2021,86
SK0112,2025,95
SK0103,2022,23
SK0207,2022,18
SK0241,2024,61
SK0086,2023,99
SK0106,2023,58
SK0139,2024,95
SK0005,2026,91
SK0214,2021,75
SK0181,2024,60
SK0152,2021,79
SK0263,2023,81
SK0212,2026,96
SK0239,2025,64
SK0227,2026,67
SK0292,2022,98
SK0002,2025,31
SK0237,2022,79
SK0200,2023,94
SK0270,2021,58
SK0243,2022,50
SK0143,2024,19
SK0039,2025,54
SK0242,2024,48
SK0140,2023,16
SK0234,2021,39
SK0083,2022,70
SK0001,2021,84
SK0211,2026,21
SK0248,2025,94
SK0037,2026,40
SK0070,2024,52
SK0108,2024,38
SK0166,2022,70
SK0060,2021,86
SK0130,2021,60
SK0261,2025,96
SK0034,2025,68
SK0254,2026,44
SK0026,2026,91
SK0093,2023,11
SK0045,2024,30
SK0130,2023,65
SK0079,2024,33
SK0282,2026,93
SK0128,2025,55
SK0197,2021,85
SK0173,2021,54
SK0183,2023,79
SK0130,2024,41
SK0067,2021,84
SK0205,2021,87
SK0090,2022,37
SK0140,2026,79
SK0274,2025,53
SK0113,2023,79
SK0279,2024,61
SK0055,2022,51
SK0175,2025,15
SK0084,2022,81
SK0120,2026,38
SK0017,2024,16
SK0062,2021,95
SK0291,2024,20
SK0083,2024,80
SK0210,2021,60
SK0136,2022,18
SK0073,2025,42
SK0230,2021,40
SK0230,2024,52
SK0088,2021,16
SK0260,2024,26
SK0137,2022,41
SK0098,2026,78
SK0151,2026,85
SK0019,2026,95
SK0115,2025,94
SK0201,2024,45
SK0058,2021,19
SK0205,2026,68
SK0296,2023,33
SK0095,2025,16
SK0188,2021,23
SK0250,2022,80
SK0264,2023,59
SK0136,2024,58
SK0269,2024,53
SK0096,2021,19
SK0034,2025,71
SK0157,2022,66
SK0145,2026,98
SK0129,2022,21
SK0210,2023,68
SK0059,2024,45
SK0113,2022,71
SK0295,2022,34
SK0198,2026,71
SK0277,2025,30
SK0295,2023,51
SK0235,2024,98
SK0111,2026,20
SK0102,2026,33
SK0299,2024,35
SK0116,2021,16
SK0090,2021,67
SK0299,2025,92
SK0019,2025,78
SK0195,2026,43
SK0219,2022,24
SK0222,2024,69
SK0165,2022,30
SK0280,2026,98
SK0089,2026,97
SK0168,2025,41
SK0187,2023,54
SK0176,2025,72
SK0282,2023,81
SK0250,2023,66
SK0152,2025,74
SK0273,2026,20
SK0121,2026,13
SK0174,2024,17
SK0210,2024,72
SK0142,2024,68
SK0022,2024,43
SK0054,2021,51
SK0292,2026,25
SK0154,2025,63
SK0274,2021,58
SK0101,2024,46
SK0074,2022,70
SK0029,2024,82
SK0100,2022,48
SK0228,2022,68
SK0133,2023,21
SK0219,2021,29
SK0276,2024,17
SK0276,2023,94
SK0145,2024,52
SK0168,2023,81
SK0058,2022,15
SK0205,2024,49
SK0130,2024,89
SK0144,2021,78
SK0062,2023,65
SK0239,2022,69
SK0197,2023,71
SK0264,2024,61
SK0074,2023,90
SK0288,2025,93
SK0215,2023,18
SK0186,2026,28
SK0147,2021,18
SK0091,2024,17
SK0003,2024,73
SK0209,2025,82
SK0039,2026,19
SK0188,2025,15
SK0294,2026,37
SK0025,2026,76
SK0155,2021,55
SK0168,2024,71
SK0003,2024,56
SK0114,2025,97
SK0069,2023,35
SK0239,2021,92
SK0037,2023,69
SK0220,2026,65
SK0277,2026,57
SK0297,2022,54
SK0151,2025,70
SK0172,2024,40
SK0081,2021,91
SK0195,2026,36
SK0017,2022,41
SK0290,2021,16
SK0264,2022,63
SK0220,2022,78
SK0051,2026,99
SK0080,2023,62
SK0024,2023,94
SK0043,2024,18
SK0262,2025,39
SK0280,2021,75
SK0212,2025,96
SK0209,2022,24
SK0101,2021,87
SK0087,2023,46
SK0193,2026,70
SK0005,2026,27
SK0272,2024,93
SK0062,2023,43
SK0125,2022,94
SK0036,2026,27
SK0246,2025,51
SK0234,2026,54
SK0272,2026,32
SK0064,2025,99
SK0075,2022,26
SK0076,2026,94
SK0092,2021,22
SK0099,2022,32
SK0076,2025,87
SK0213,2022,98
SK0155,2023,25
SK0048,2024,48
SK0046,2021,90
SK0110,2024,93
SK0179,2025,72
SK0056,2021,68
SK0048,2025,54
SK0223,2025,74
SK0182,2026,34
SK0019,2026,74
SK0209,2026,61
SK0123,2026,85
SK0040,2024,38
SK0126,2021,17
SK0140,2021,64
SK0056,2026,58
SK0187,2021,64
SK0038,2023,55
SK0213,2021,89
SK0299,2024,60
SK0126,2026,89
SK0150,2023,24
SK0267,2023,22
SK0045,2023,24
SK0090,2026,90
SK0270,2021,25
SK0230,2024,68
SK0273,2024,78
SK0115,2026,85
SK0282,2026,57
SK0282,2022,38
SK0255,2022,80
SK0162,2021,66
SK0089,2025,21
SK0062,2022,50
SK0041,2025,57
SK0211,2023,96
SK0058,2025,47
SK0220,2025,34
SK0233,2025,19
SK0052,2026,30
SK0174,2026,94
SK0143,2024,30
SK0191,2024,33
SK0153,2026,57
SK0141,2023,73
SK0157,2024,65
SK0197,2026,27
SK0083,2023,88
SK0051,2021,91
SK0166,2022,78
SK0051,2025,74
SK0206,2025,14
SK0023,2026,97
SK0075,2025,41
SK0164,2021,21
SK0257,2023,57
SK0005,2025,26
SK0241,2023,19
SK0151,2025,19
SK0215,2024,60
SK0143,2026,77
SK0223,2023,65
SK0254,2026,41
SK0161,2023,40
SK0025,2025,38
SK0300,2026,40
SK0233,2022,91
SK0164,2024,90
SK0134,2026,20
SK0121,2023,66
SK0041,2026,48
SK0292,2022,60
SK0277,2023,39
SK0132,2022,72
SK0198,2026,84
SK0233,2022,43
SK0180,2021,81
SK0184,2024,56
SK0273,2025,79
SK0264,2024,89
SK0250,2025,89
SK0245,2023,94
SK0283,2024,74
SK0134,2024,67
SK0139,2021,39
SK0061,2023,96
SK0202,2025,73
SK0089,2024,17
SK0135,2022,44
SK0078,2024,30
SK0069,2025,44
SK0223,2021,98
SK0049,2026,46
SK0083,2022,84
SK0002,2025,71
SK0112,2023,89
SK0062,2024,58
SK0096,2021,25
SK0120,2025,70
SK0033,2026,56
SK0151,2022,56
SK0271,2026,59
SK0193,2023,28
SK0197,2022,35
SK0186,2025,12
SK0054,2024,50
SK0180,2021,98
SK0137,2021,69
SK0060,2023,68
SK0107,2026,98
SK0072,2024,30
SK0061,2024,78
SK0084,2024,31
SK0223,2024,42
SK0087,2025,47
SK0179,2026,20
SK0165,2022,15
SK0258,2025,40
SK0219,2024,60
SK0153,2022,41
SK0097,2022,40
SK0099,2024,45
SK0173,2025,55
SK0230,2024,26
SK0114,2023,58
SK0036,2025,39
SK0159,2022,13
SK0070,2023,16
SK0096,2022,27
SK0133,2026,65
SK0229,2021,60
SK0038,2026,16
SK0221,2024,60
SK0088,2024,83
SK0008,2021,90
SK0154,2021,77
SK0119,2026,96
SK0277,2026,11
SK0122,2026,30
SK0124,2026,23
SK0258,2023,43
SK0050,2026,96
SK0074,2025,32
SK0174,2021,50
SK0065,2026,13
SK0054,2024,78
SK0134,2021,75
SK0082,2021,13
SK0124,2026,88
SK0257,2024,74
SK0068,2024,71
SK0030,2023,51
SK0286,2023,99
SK0088,2025,77
SK0075,2023,49
SK0206,2025,76
SK0004,2024,13
SK0017,2024,59
SK0296,2024,87
SK0211,2023,65
SK0024,2025,97
SK0097,2021,30
SK0035,2024,52
SK0296,2023,58
SK0116,2026,44
SK0095,2022,51
SK0274,2023,98
SK0232,2023,28
SK0050,2024,31
SK0139,2022,56
SK0064,2024,96
SK0290,2025,27
SK0232,2026,70
SK0230,2022,61
SK0070,2025,53
SK0179,2025,14
SK0202,2024,92
SK0290,2024,47
SK0190,2025,95
SK0086,2023,86
SK0172,2023,94
SK0084,2021,66
SK0086,2023,99
SK0169,2022,80
SK0269,2024,77
SK0218,2022,25
SK0277,2024,33
SK0160,2024,42
SK0205,2025,16
SK0047,2022,98
SK0134,2021,83
SK0196,2023,53
SK0284,2024,67
SK0076,2024,22
SK0293,2022,41
SK0081,2024,34
SK0197,2021,83
SK0178,2025,44
SK0267,2026,68
SK0280,2023,90
SK0019,2022,26
SK0251,2022,54
SK0253,2025,97
SK0298,2026,20
SK0055,2022,12
SK0050,2025,90
SK0284,2025,18
SK0158,2025,67
SK0118,2026,45
SK0031,2024,16
SK0171,2026,47
SK0296,2025,94
SK0116,2024,87
SK0251,2021,83
SK0075,2024,46
SK0235,2021,87
SK0224,2025,75
SK0243,2026,37
SK0005,2022,72
SK0040,2026,14
SK0112,2025,10
SK0042,2021,31
SK0265,2021,90
SK0128,2023,50
SK0244,2023,68
SK0104,2025,93
SK0118,2022,39
SK0152,2024,92
SK0296,2024,40
SK0237,2022,50
SK0095,2025,36
SK0022,2024,21
SK0155,2025,66
SK0048,2025,10
SK0043,2021,44
SK0220,2025,84
SK0081,2023,20
SK0130,2021,19
SK0028,2024,29
SK0143,2024,40
SK0266,2023,39
SK0163,2021,33
SK0223,2026,38
SK0250,2025,83
SK0225,2025,35
SK0059,2023,16
SK0042,2023,86
SK0118,2024,16
SK0171,2025,13
SK0061,2022,66
SK0156,2022,58
SK0021,2025,25
SK0007,2023,31
SK0192,2024,94
SK0149,2026,12
SK0172,2023,54
SK0131,2025,49
SK0135,2022,27
SK0249,2021,67
SK0199,2026,32
SK0134,2024,97
SK0216,2026,59
SK0053,2026,64
SK0196,2026,99
SK0096,2026,80
SK0040,2025,38
SK0114,2023,86
SK0147,2024,96
SK0258,2025,96
SK0291,2024,92
SK0274,2022,81
SK0118,2021,92
SK0109,2022,97
SK0139,2022,13
SK0255,2024,79
SK0076,2021,36
SK0009,2025,44
SK0171,2023,66
SK0161,2025,13
SK0059,2024,94
SK0287,2025,37
SK0211,2024,41
SK0021,2022,92
SK0140,2025,35
SK0168,2023,80
SK0290,2026,77
SK0015,2024,75
SK0126,2024,22
SK0074,2026,91
SK0157,2022,37
SK0208,2026,39
SK0171,2021,22
SK0132,2024,18
SK0015,2022,84
SK0027,2024,10
SK0035,2025,83
SK0196,2024,82
SK0202,2023,57
SK0117,2025,75
SK0135,2025,48
SK0115,2022,56
SK0098,2024,81
SK0255,2026,80
SK0085,2021,40
SK0031,2023,82
SK0119,2021,46
SK0071,2026,43
SK0172,2024,65
SK0058,2024,67
SK0249,2021,54
SK0105,2021,50
SK0100,2021,89
SK0074,2023,62
SK0016,2022,84
SK0239,2021,57
SK0133,2022,53
SK0117,2021,95
SK0273,2024,87
SK0260,2024,74
SK0010,2021,43
SK0094,2021,11
SK0215,2024,92
SK0025,2023,82
SK0263,2024,52
SK0011,2025,29
SK0138,2025,17
SK0258,2021,48
SK0140,2021,40
SK0215,2025,69
SK0175,2023,63
SK0060,2022,40
SK0131,2023,81
SK0003,2026,74
SK0096,2021,50
SK0158,2022,58
SK0066,2023,12
SK0250,2026,70
SK0161,2026,46
SK0071,2025,66
SK0157,2026,50
SK0075,2024,13
SK0136,2026,87
SK0238,2026,19
SK0020,2025,59
SK0051,2021,95
SK0156,2022,89
SK0198,2026,16
SK0161,2024,17
SK0183,2023,49
SK0261,2025,12
SK0190,2023,24
SK0294,2023,31
SK0243,2022,99
SK0056,2026,94
SK0073,2022,81
SK0195,2021,72
SK0096,2025,51
SK0044,2024,20
SK0260,2025,36
SK0094,2023,13
SK0115,2026,24
SK0140,2026,59
SK0248,2021,76
SK0292,2023,25
SK0076,2025,91
SK0082,2025,77
SK0281,2023,20
SK0220,2024,57
SK0196,2024,48
SK0037,2021,72
SK0117,2024,38
SK0197,2021,74
SK0102,2022,36
SK0164,2024,47
SK0193,2025,52
SK0123,2021,54
SK0120,2021,74
SK0247,2024,33
SK0268,2026,35
SK0150,2021,52
SK0210,2026,58
SK0043,2024,69
SK0061,2026,17
SK0136,2021,28
SK0151,2022,74
SK0105,2022,47
SK0208,2023,69
SK0239,2024,87
SK0151,2023,27
SK0296,2022,83
SK0047,2026,55
SK0221,2026,82
SK0204,2026,53
SK0190,2024,48
SK0239,2023,91
SK0092,2025,23
SK0089,2024,16
SK0002,2025,56
SK0222,2026,29
SK0204,2022,76
SK0019,2025,52
SK0266,2023,69
SK0021,2026,40
SK0078,2024,87
SK0218,2022,59
SK0288,2022,99
SK0202,2026,33
SK0025,2023,90
SK0136,2022,26
SK0205,2022,79
SK0133,2021,68
SK0246,2022,99
SK0010,2026,82
SK0254,2021,76
SK0016,2022,44
SK0279,2023,32
SK0250,2026,71
SK0056,2021,45
SK0210,2022,84
SK0247,2025,95
SK0221,2022,40
SK0123,2022,81
SK0153,2026,85
SK0194,2024,37
SK0058,2021,45
SK0049,2024,91
SK0119,2024,45
SK0183,2021,63
SK0137,2023,57
SK0237,2026,24
SK0056,2026,69
SK0173,2025,87
SK0054,2022,51
SK0111,2024,37
SK0066,2023,50
SK0248,2025,67
SK0068,2022,29
SK0263,2025,64
SK0112,2023,30
SK0183,2021,68
SK0244,2024,52
SK0074,2022,18
SK0274,2026,52
SK0293,2021,45
SK0134,2023,15
SK0164,2026,88
SK0300,2026,64
SK0240,2021,14
SK0155,2021,89
SK0179,2025,34
SK0115,2025,42
SK0032,2024,26
SK0123,2021,94
SK0273,2022,16
SK0037,2021,62
SK0114,2026,93
SK0195,2023,14
SK0021,2021,47
SK0233,2023,22
SK0102,2021,29
SK0028,2024,94
SK0202,2022,36
SK0037,2026,24
SK0030,2026,16
SK0239,2024,24
SK0024,2026,34
SK0218,2025,93
SK0246,2023,86
SK0094,2024,74
SK0141,2026,28
SK0216,2026,45
SK0284,2025,63
SK0167,2024,94
SK0188,2025,36
SK0081,2021,45
SK0119,2022,83
SK0065,2021,17
SK0270,2022,12
SK0274,2023,91
SK0148,2023,83
SK0138,2022,85
SK0204,2025,23
SK0239,2024,12
SK0200,2021,25
SK0225,2022,79
SK0220,2024,94
SK0232,2024,55
SK0124,2021,79
SK0019,2022,53
SK0235,2022,67
SK0294,2026,69
SK0204,2024,94
SK0162,2023,17
SK0073,2023,25
SK0225,2021,88
SK0012,2023,97
SK0029,2025,79
SK0109,2026,60
SK0216,2021,69
SK0006,2022,66
SK0203,2021,91
SK0027,2025,57
SK0202,2024,75
SK0216,2022,59
SK0182,2021,38
SK0256,2026,22
SK0030,2024,18
SK0002,2026,38
SK0166,2026,33
SK0115,2021,59
SK0028,2021,78
SK0102,2021,25
SK0030,2026,16
SK0280,2024,71
SK0228,2026,68
SK0248,2022,99
SK0183,2026,35
SK0209,2026,69
SK0264,2025,51
SK0014,2021,90
SK0260,2021,89
SK0085,2023,40
SK0220,2023,32
SK0134,2026,86
SK0186,2024,70
SK0248,2025,69
SK0046,2026,70
SK0022,2024,67
SK0257,2021,60
SK0267,2024,27
SK0259,2023,89
SK0247,2026,91
SK0032,2022,93
SK0251,2024,49
SK0035,2026,20
SK0228,2026,74
SK0243,2021,82
SK0169,2021,86
SK0018,2023,52
SK0045,2023,52
SK0041,2024,91
SK0157,2024,62
SK0112,2024,50
SK0116,2023,29
SK0021,2021,58
SK0184,2023,69
SK0169,2021,50
SK0239,2026,19
SK0138,2022,16
SK0293,2023,23
SK0167,2021,88
SK0242,2026,48
SK0064,2026,85
SK0218,2021,71
SK0010,2026,40
SK0200,2022,95
SK0034,2023,59
SK0214,2025,11
SK0201,2023,56
SK0212,2024,31
SK0187,2024,38
SK0205,2022,72
SK0042,2025,40
SK0280,2021,59
SK0241,2023,12
SK0045,2026,96
SK0047,2023,96
SK0251,2022,20
SK0187,2021,43
SK0190,2026,43
SK0029,2023,62
SK0199,2026,45
SK0149,2021,35
SK0009,2025,48
SK0197,2025,56
SK0283,2026,37
SK0207,2024,93
SK0103,2024,14
SK0137,2025,79
SK0116,2026,72
SK0198,2023,10
SK0189,2023,79
SK0106,2021,97
SK0163,2026,11
SK0054,2021,20
SK0060,2021,44
SK0221,2026,11
SK0233,2021,41
SK0226,2021,31
SK0262,2021,29
SK0129,2026,11
SK0205,2025,25
SK0064,2021,46
SK0130,2021,76
SK0049,2022,91
SK0055,2024,85
SK0144,2025,89
SK0226,2023,55
SK0134,2022,54
SK0150,2024,19
SK0165,2022,40
SK0076,2022,73
SK0229,2022,66
SK0089,2025,39
SK0080,2022,81
SK0003,2024,33
SK0289,2026,47
SK0178,2024,34
SK0009,2025,16
SK0278,2022,18
SK0207,2026,69
SK0133,2026,94
SK0210,2021,55
SK0171,2021,82
SK0272,2024,82
SK0186,2021,72
SK0112,2026,77
SK0048,2023,35
SK0025,2026,11
SK0126,2023,82
SK0122,2026,71
SK0058,2024,61
SK0279,2021,95
SK0203,2024,83
SK0226,2023,11
SK0194,2023,26
SK0099,2022,87
SK0066,2025,52
SK0169,2024,88
SK0076,2025,11
SK0151,2024,70
SK0251,2023,62
SK0293,2022,82
SK0114,2024,57
SK0096,2025,80
SK0262,2022,54
SK0256,2025,73
SK0103,2026,41
SK0243,2021,95
SK0199,2026,91
SK0032,2023,22
SK0112,2023,39
SK0218,2023,69
SK0041,2021,22
SK0122,2023,30
SK0013,2021,62
SK0241,2022,84
SK0099,2024,72
SK0204,2021,58
SK0120,2025,45
SK0162,2023,36
SK0195,2022,96
SK0155,2025,33
SK0082,2023,38
SK0186,2021,43
SK0095,2023,48
SK0041,2026,40
SK0223,2021,44
SK0252,2023,73
SK0068,2022,39
SK0167,2026,89
SK0168,2026,63
SK0109,2026,46
SK0129,2024,44
SK0203,2021,59
SK0136,2025,53
SK0232,2024,27
SK0246,2022,50
SK0040,2021,38
SK0144,2024,90
SK0093,2026,89
SK0174,2021,49
SK0137,2022,45
SK0046,2023,91
SK0138,2021,66
SK0051,2026,54
SK0254,2025,41
SK0045,2026,81
SK0042,2024,97
SK0081,2023,23
SK0158,2023,30
SK0020,2026,61
SK0146,2025,17
SK0229,2026,63
SK0185,2021,64
SK0092,2022,80
SK0112,2025,65
SK0216,2024,76
SK0053,2023,49
SK0262,2021,46
SK0145,2022,69
SK0187,2025,37
SK0081,2021,94
SK0192,2021,77
SK0273,2023,94
SK0252,2026,58
SK0047,2024,92
SK0025,2024,24
SK0011,2022,41
SK0251,2021,46
SK0241,2021,68
SK0214,2024,54
SK0131,2024,83
SK0093,2023,79
SK0046,2023,52
SK0215,2025,29
SK0172,2025,69
SK0272,2021,87
SK0157,2022,81
SK0091,2025,59
SK0150,2025,76
SK0025,2023,42
SK0059,2021,53
SK0072,2024,25
SK0300,2022,62
SK0274,2023,60
SK0030,2026,69
SK0088,2021,74
SK0106,2024,96
SK0031,2022,81
SK0070,2024,90
SK0137,2022,66
SK0161,2021,45
SK0110,2026,91
SK0224,2025,82
SK0049,2022,27
SK0142,2026,14
SK0213,2024,40
SK0126,2024,91
SK0161,2026,74
SK0018,2025,28
SK0063,2026,26
SK0043,2022,81
SK0216,2022,56
SK0288,2024,68
SK0196,2025,18
SK0166,2026,25
SK0040,2023,95
SK0194,2021,90
SK0017,2021,35
SK0191,2025,83
SK0178,2023,20
SK0107,2023,84
SK0160,2024,76
SK0131,2026,31
SK0246,2021,92
SK0095,2026,30
SK0083,2024,68
SK0106,2025,63
SK0218,2025,59
SK0074,2025,63
SK0265,2022,52
SK0161,2025,20
SK0175,2025,15
SK0005,2025,17
SK0141,2022,92
SK0075,2023,53
SK0152,2025,41
SK0230,2024,67
SK0223,2025,56
SK0182,2026,69
SK0029,2025,82
SK0293,2021,23
SK0018,2021,45
SK0108,2026,67
SK0114,2025,35
SK0249,2024,44
SK0251,2023,53
SK0277,2025,27
SK0142,2023,78
SK0275,2024,33
SK0225,2021,17
SK0016,2024,49
SK0173,2021,29
SK0181,2024,31
SK0085,2026,36
SK0241,2021,16
SK0001,2026,52
SK0230,2026,56
SK0209,2021,97
SK0099,2025,74
SK0109,2022,86
SK0139,2026,20
SK0199,2025,80
SK0096,2026,76
SK0153,2024,82
SK0049,2021,92
SK0114,2026,52
SK0115,2022,10
SK0284,2022,11
SK0170,2024,52
SK0232,2023,13
SK0036,2024,46
SK0186,2023,79
SK0138,2026,44
SK0023,2022,37
SK0138,2025,72
SK0028,2023,61
SK0098,2025,43
SK0009,2024,29
SK0251,2022,87
SK0291,2026,64
SK0126,2022,86
SK0091,2021,96
SK0164,2026,42
SK0135,2021,20
SK0272,2021,52
SK0093,2023,25
SK0210,2021,35
SK0067,2026,87
SK0151,2022,61
SK0276,2026,86
SK0215,2022,28
SK0058,2026,89
SK0126,2022,17
SK0219,2025,55
SK0225,2026,71
SK0032,2024,80
SK0203,2024,55
SK0218,2024,91
SK0266,2021,26
SK0128,2023,41
SK0252,2021,82
SK0011,2022,59
SK0026,2022,14
SK0115,2025,58
SK0043,2025,65
SK0157,2022,45
SK0132,2021,65
SK0212,2025,41
SK0136,2022,76
SK0250,2025,35
SK0055,2024,84
SK0174,2024,64
SK0096,2022,58
SK0084,2022,11
SK0173,2026,91
SK0172,2025,36
SK0107,2021,48
SK0256,2024,42
SK0008,2024,82
SK0189,2022,59
SK0030,2022,85
SK0082,2026,92
SK0114,2024,19
SK0128,2025,84
SK0299,2021,46
SK0289,2026,57
SK0182,2022,79
SK0191,2026,43
SK0237,2023,30
SK0105,2021,59
SK0142,2025,60
SK0025,2025,88
SK0270,2021,29
SK0152,2025,50
SK0167,2023,69
SK0162,2023,58
SK0251,2023,56
SK0078,2026,25
SK0221,2021,76
SK0145,2021,55
SK0247,2023,43
SK0139,2021,10
SK0092,2024,87
SK0269,2025,97
SK0239,2021,59
SK0098,2022,72
SK0258,2023,70
SK0183,2026,13
SK0037,2022,72
SK0280,2024,25
SK0094,2023,77
SK0288,2023,26
SK0156,2022,48
SK0282,2023,19
SK0206,2021,10
SK0207,2022,83
SK0295,2021,78
SK0162,2022,52
SK0284,2024,52
SK0248,2025,55
SK0062,2023,77
SK0147,2022,66
SK0054,2024,19
SK0065,2024,92
SK0023,2022,61
SK0149,2026,79
SK0177,2023,12
SK0211,2022,37
SK0046,2024,37
SK0079,2026,20
SK0132,2024,70
SK0167,2023,63
SK0137,2022,88
SK0293,2025,83
SK0211,2022,83
SK0130,2021,99
SK0235,2023,43
SK0050,2025,55
SK0119,2023,59
SK0199,2022,62
SK0087,2021,89
SK0279,2024,20
SK0129,2024,49
SK0008,2024,61
SK0205,2022,52
SK0051,2024,27
SK0045,2025,27
SK0089,2022,47
SK0267,2024,46
SK0101,2024,66
SK0002,2024,96
SK0210,2021,45
SK0166,2024,31
SK0265,2024,48
SK0099,2026,25
SK0213,2022,46
SK0106,2025,34
SK0067,2024,86
SK0148,2022,10
SK0002,2022,78
SK0201,2026,47
SK0022,2021,62
SK0290,2026,33
SK0021,2025,67
SK0211,2025,24
SK0126,2026,10
SK0067,2024,15
SK0216,2022,24
SK0192,2021,76
SK0079,2025,11
SK0288,2026,15
SK0184,2025,91
SK0036,2021,65
SK0104,2022,19
SK0238,2024,19
SK0125,2023,24
SK0011,2023,58
SK0206,2023,51
SK0166,2023,41
SK0237,2021,75
SK0174,2021,32
SK0267,2025,25
SK0208,2026,73
SK0020,2022,89
SK0113,2022,50
SK0204,2023,28
SK0144,2022,53
SK0224,2026,89
SK0125,2022,18
SK0111,2022,75
SK0062,2022,64
SK0100,2025,90
SK0054,2022,10
SK0265,2022,78
SK0079,2024,95
SK0031,2024,71
SK0282,2026,84
SK0173,2024,18
SK0048,2023,37
SK0014,2025,94
SK0057,2022,59
SK0224,2024,37
SK0245,2022,17
SK0225,2022,14
SK0074,2022,45
SK0120,2023,66
SK0133,2026,63
SK0090,2023,25
SK0026,2021,61
SK0299,2022,88
SK0064,2023,99
SK0249,2026,23
SK0029,2025,41
SK0201,2024,20
SK0195,2026,35
SK0021,2023,74
SK0216,2022,40
SK0022,2024,28
SK0220,2024,55
SK0235,2024,55
SK0290,2023,56
SK0173,2024,45
SK0001,2024,21
SK0129,2022,34
SK0047,2021,37
SK0157,2022,54
SK0162,2021,86
SK0230,2022,67
SK0031,2021,44
SK0107,2021,81
SK0025,2021,63
SK0022,2021,62
SK0150,2023,53
SK0119,2025,20
SK0058,2024,79
SK0286,2026,77
SK0008,2022,52
SK0170,2026,48
SK0227,2021,69
SK0064,2024,34
SK0270,2026,79
SK0186,2025,26
SK0257,2022,14
SK0227,2022,87
SK0094,2022,79
SK0045,2022,22
SK0146,2021,38
SK0106,2026,29
SK0241,2024,40
SK0260,2024,37
SK0126,2026,82
SK0148,2023,74
SK0059,2023,69
SK0130,2024,79
SK0091,2023,53
SK0206,2022,30
SK0175,2026,20
SK0112,2022,61
SK0128,2026,70
SK0282,2024,42
SK0040,2025,81
SK0289,2023,61
SK0246,2022,27
SK0188,2026,77
SK0262,2021,88
SK0195,2024,45
SK0040,2022,41
SK0243,2021,52
SK0157,2026,39
SK0086,2022,33
SK0255,2025,59
SK0279,2024,51
SK0031,2025,72
SK0215,2022,75
SK0232,2023,78
SK0231,2024,22
SK0296,2026,53
SK0241,2025,10
SK0004,2022,33
SK0003,2025,38
SK0054,2025,70
SK0057,2025,58
SK0154,2026,62
SK0074,2021,81
SK0145,2026,19
SK0297,2021,33
SK0123,2024,56
SK0239,2024,68
SK0074,2022,27
SK0113,2021,50
SK0209,2023,99
SK0246,2023,19
SK0166,2024,96
SK0194,2022,49
SK0179,2023,57
SK0261,2025,45
SK0239,2022,42
SK0178,2025,60
SK0012,2023,93
SK0237,2021,40
SK0143,2025,49
SK0182,2026,15
SK0142,2024,76
SK0287,2023,36
SK0209,2026,35
SK0046,2024,10
SK0092,2024,90
SK0250,2023,73
SK0193,2024,46
SK0093,2023,11
SK0197,2021,63
SK0264,2024,60
SK0270,2023,54
SK0167,2026,92
SK0124,2023,30
SK0125,2021,14
SK0174,2022,30
SK0161,2026,17
SK0103,2022,40
SK0295,2021,81
SK0154,2026,85
SK0134,2025,92
SK0045,2022,13
SK0287,2022,88
SK0294,2021,39
SK0102,2023,86
SK0230,2026,63
SK0240,2026,63
SK0110,2025,93
SK0066,2023,19
SK0142,2024,24
SK0158,2025,95
SK0297,2022,96
SK0010,2022,87
SK0172,2024,37
SK0021,2026,12
SK0264,2023,37
SK0083,2024,30
SK0169,2023,81
SK0128,2026,12
SK0124,2021,87
SK0095,2023,36
SK0149,2024,17
SK0266,2026,71
SK0095,2023,81
SK0215,2021,95
SK0048,2023,46
SK0142,2023,53
SK0042,2024,72
SK0148,2023,32
SK0240,2026,40
SK0006,2024,52
SK0060,2026,70
SK0150,2026,47
SK0156,2026,62
SK0060,2024,16
SK0081,2023,81
SK0273,2026,87
SK0148,2024,93
SK0271,2022,72
SK0136,2021,11
SK0024,2023,94
SK0255,2023,21
SK0158,2025,36
SK0136,2024,64
SK0054,2026,38
SK0119,2021,46
SK0241,2023,54
SK0019,2022,82
SK0203,2022,72
SK0109,2023,56
SK0028,2021,82
SK0290,2026,31
SK0244,2025,38
SK0023,2022,20
SK0167,2023,75
SK0270,2026,88
SK0236,2023,72
SK0284,2024,31
SK0043,2021,13
SK0005,2024,64
SK0216,2024,72
SK0081,2021,53
SK0157,2025,46
SK0051,2026,30
SK0238,2021,96
SK0239,2025,91
SK0073,2025,62
SK0200,2022,25
SK0215,2025,77
SK0144,2024,84
SK0107,2026,70
SK0029,2025,86
SK0180,2026,29
SK0079,2021,75
SK0221,2026,94
SK0216,2021,24
SK0250,2025,18
SK0048,2021,36
SK0296,2022,39
SK0110,2021,94
SK0047,2026,88
SK0253,2026,59
SK0224,2026,84
SK0228,2026,30
SK0067,2021,36
SK0092,2024,85
SK0016,2024,72
SK0151,2023,39
SK0262,2022,81
SK0109,2025,30
SK0047,2025,86
SK0040,2024,58
SK0299,2024,14
SK0205,2025,43
SK0213,2021,32
SK0157,2026,19
SK0252,2022,73
SK0052,2024,54
SK0198,2025,75
SK0161,2022,77
SK0247,2023,22
SK0074,2026,95
SK0073,2023,27
SK0027,2024,50
SK0057,2022,60
SK0283,2025,20
SK0072,2021,98
SK0092,2022,36
SK0228,2022,82
SK0038,2024,30
SK0034,2026,46
SK0104,2024,28
SK0145,2026,96
SK0074,2025,71
SK0250,2023,39
SK0201,2024,87
SK0273,2026,29
SK0217,2023,51
SK0056,2026,95
SK0297,2023,53
SK0297,2022,80
SK0109,2025,40
SK0243,2024,62
SK0092,2025,87
SK0295,2023,93
SK0137,2023,49
SK0285,2026,77
SK0177,2024,22
SK0234,2021,29
SK0129,2026,45
SK0004,2025,16
SK0085,2023,74
SK0118,2021,69
SK0008,2023,32
SK0188,2025,30
SK0163,2023,17
SK0126,2021,45
SK0243,2023,40
SK0157,2021,51
SK0118,2021,76
SK0279,2023,28
SK0031,2022,28
SK0189,2026,88
SK0011,2021,13
SK0258,2023,93
SK0119,2021,68
SK0135,2022,80
SK0074,2026,21
SK0263,2026,57
SK0294,2026,52
SK0176,2024,13
SK0225,2023,90
SK0125,2023,74
SK0229,2026,45
SK0019,2025,69
SK0162,2024,56
SK0133,2024,22
SK0286,2026,55
SK0075,2021,51
SK0116,2025,94
SK0166,2023,88
SK0259,2021,11
SK0075,2023,97
SK0051,2022,82
SK0278,2024,11
SK0108,2024,29
SK0168,2021,14
SK0291,2022,82
SK0235,2026,70
SK0051,2021,98
SK0257,2022,93
SK0075,2025,74
SK0246,2022,56
SK0290,2023,75
SK0057,2024,52
SK0241,2021,31
SK0079,2022,17
SK0180,2021,43
SK0103,2023,68
SK0279,2024,93
SK0051,2021,47
SK0076,2022,24
SK0052,2021,44
SK0071,2023,83
SK0132,2022,39
SK0066,2026,78
SK0175,2023,61
SK0148,2022,57
SK0169,2024,81
SK0299,2025,12
SK0156,2025,23
SK0299,2022,79
SK0163,2023,77
SK0237,2023,63
SK0208,2022,71
SK0034,2024,62
SK0192,2024,37
SK0143,2025,75
SK0152,2021,32
SK0155,2021,63
SK0235,2023,12
SK0108,2021,53
SK0284,2021,62
SK0138,2022,85
SK0083,2024,25
SK0266,2021,25
SK0105,2026,37
SK0126,2026,19
SK0256,2023,65
SK0242,2026,87
SK0190,2025,16
SK0006,2025,60
SK0103,2022,60
SK0075,2024,35
SK0052,2021,87
SK0082,2023,52
SK0267,2024,34
SK0046,2026,65
SK0006,2026,24
SK0006,2023,23
SK0073,2026,74
SK0268,2021,16
SK0186,2026,67
SK0172,2022,16
SK0148,2024,76
SK0092,2022,50
SK0049,2023,48
SK0111,2022,52
SK0122,2024,21
SK0027,2021,80
SK0241,2022,76
SK0047,2024,11
SK0040,2022,49
SK0212,2025,45
SK0236,2021,31
SK0168,2021,76
SK0043,2023,97
SK0168,2024,11
SK0109,2023,75
SK0134,2026,30
SK0071,2024,51
SK0190,2025,88
SK0138,2024,25
SK0193,2025,35
SK0298,2025,91
SK0109,2021,48
SK0296,2024,33
SK0242,2023,43
SK0206,2023,31
SK0231,2022,81
SK0043,2022,39
SK0233,2021,52
SK0255,2024,43
SK0090,2023,99
SK0133,2025,28
SK0234,2024,44
SK0207,2024,40
SK0224,2025,55
SK0191,2024,71
SK0090,2022,69
SK0068,2025,86
SK0265,2025,61
SK0296,2025,41
SK0211,2025,80
SK0097,2024,49
SK0119,2026,15
SK0019,2022,93
SK0223,2025,24
SK0249,2023,35
SK0156,2024,22
SK0034,2025,81
SK0171,2021,77
SK0016,2021,88
SK0237,2026,89
SK0116,2025,90
SK0222,2021,31
SK0119,2023,30
SK0232,2026,22
SK0114,2026,91
SK0291,2025,32
SK0286,2026,61
SK0263,2023,71
SK0040,2021,26
SK0254,2025,34
SK0123,2024,67
SK0198,2024,61
SK0013,2022,72
SK0169,2023,50
SK0133,2024,63
SK0094,2021,70
SK0011,2025,40
SK0177,2024,80
SK0181,2024,58
SK0209,2021,54
SK0034,2026,32
SK0188,2023,72
SK0156,2026,53
SK0124,2022,21
SK0181,2022,51
SK0049,2024,79
SK0229,2021,46
SK0001,2023,48
SK0140,2025,66
SK0272,2024,45
SK0298,2026,16
SK0017,2022,81
SK0211,2026,27
SK0162,2024,45
SK0292,2022,10
SK0077,2022,39
SK0245,2024,19
SK0210,2024,63
SK0179,2023,33
SK0159,2021,92
SK0243,2021,56
SK0112,2026,91
SK0203,2025,45
SK0220,2025,80
SK0121,2021,86
SK0103,2021,27
SK0203,2021,51
SK0272,2026,69
SK0051,2021,99
SK0180,2025,31
SK0124,2024,13
SK0116,2023,32
SK0027,2025,10
SK0158,2025,45
SK0272,2022,58
SK0219,2021,66
SK0300,2024,52
SK0160,2026,55
SK0099,2026,88
SK0054,2026,36
SK0179,2024,27
SK0100,2026,65
SK0048,2023,56
SK0015,2023,31
SK0225,2026,41
SK0254,2025,60
SK0247,2023,45
SK0171,2024,76
SK0139,2023,77
SK0267,2021,64
SK0149,2025,97
SK0136,2023,53
SK0189,2026,54
SK0202,2022,98
SK0085,2025,39
SK0146,2024,83
SK0173,2023,72
SK0211,2021,51
SK0176,2025,27
SK0281,2023,92
SK0150,2021,53
SK0167,2024,87
SK0297,2022,99
SK0274,2022,99
SK0189,2026,59
SK0105,2025,27
SK0193,2024,50
SK0224,2023,44
SK0163,2021,40
SK0293,2024,57
SK0285,2025,83
SK0170,2023,93
SK0259,2025,45
SK0078,2021,28
SK0203,2026,85
SK0095,2024,66
SK0267,2021,64
SK0203,2021,48
SK0003,2024,81
SK0121,2025,73
SK0275,2022,58
SK0155,2026,36
SK0007,2025,81
SK0014,2021,43
SK0255,2025,39
SK0205,2021,49
SK0166,2026,10
SK0262,2024,47
SK0050,2022,28
SK0260,2022,13
SK0250,2026,81
SK0271,2023,16
SK0160,2024,88
SK0156,2021,85
SK0287,2026,57
SK0299,2024,99
SK0281,2026,30
SK0231,2026,78
SK0184,2023,36
SK0221,2026,17
SK0222,2024,73
SK0163,2022,74
SK0125,2026,80
SK0258,2026,32
SK0294,2023,96
SK0093,2022,83
SK0157,2024,26
SK0244,2024,65
SK0260,2025,29
SK0129,2024,88
SK0293,2025,38
SK0177,2025,81
SK0079,2022,59
SK0218,2026,89
SK0030,2022,64
SK0169,2021,89
SK0006,2023,14
SK0172,2025,58
SK0107,2026,67
SK0157,2024,47
SK0171,2021,35
SK0100,2023,26
SK0039,2023,91
SK0236,2023,59
SK0065,2022,58
SK0112,2021,66
SK0162,2021,57
SK0278,2025,89
SK0231,2022,28
SK0019,2023,77
SK0148,2021,54
SK0262,2024,27
SK0069,2024,19
SK0101,2026,60
SK0271,2023,48
SK0212,2023,30
SK0090,2025,94
SK0161,2023,86
SK0215,2026,96
SK0077,2026,22
SK0088,2025,21
SK0262,2023,90
SK0217,2024,85
SK0297,2024,78
SK0075,2025,78
SK0255,2025,55
SK0204,2026,47
SK0246,2021,71
SK0016,2021,69
SK0114,2024,64
SK0238,2021,74
SK0104,2025,28
SK0200,2024,79
SK0132,2021,31
SK0265,2025,88
SK0270,2021,77
SK0019,2023,99
SK0058,2024,66
SK0074,2021,67
SK0275,2021,84
SK0291,2023,89
SK0206,2025,88
SK0155,2023,25
SK0103,2022,33
SK0122,2022,65
SK0136,2023,35
SK0094,2024,89
SK0057,2025,92
SK0266,2024,95
SK0085,2024,73
SK0004,2026,82
SK0288,2023,65
SK0261,2022,79
SK0133,2024,63
SK0287,2022,45
SK0210,2023,23
SK0228,2024,73
SK0006,2021,10
SK0209,2022,46
SK0298,2024,62
SK0213,2025,11
SK0195,2026,16
SK0247,2026,73
SK0188,2025,35
SK0030,2024,13
SK0189,2023,72
SK0191,2026,64
SK0108,2024,88
SK0012,2022,57
SK0244,2021,49
SK0038,2024,99
SK0170,2021,23
SK0204,2026,37
SK0001,2022,66
SK0284,2021,31
SK0189,2021,35
SK0121,2022,70
SK0081,2024,17
SK0290,2024,65
SK0020,2023,44
SK0204,2021,95
SK0298,2026,57
SK0100,2022,40
SK0197,2026,65
SK0293,2024,52
SK0029,2023,50
SK0056,2026,89
SK0274,2023,75
SK0072,2026,18
SK0164,2026,66
SK0234,2021,63
SK0048,2021,68
SK0276,2021,20
SK0116,2023,46
SK0070,2021,25
SK0101,2023,21
SK0026,2025,13
SK0257,2026,26
SK0015,2024,80
SK0096,2024,52
SK0053,2025,57
SK0123,2023,66
SK0278,2021,99
SK0066,2026,39
SK0104,2025,56
SK0027,2024,96
SK0109,2022,40
SK0121,2025,94
SK0102,2023,11
SK0083,2022,85
SK0205,2022,91
SK0023,2022,63
SK0172,2024,76
SK0291,2023,27
SK0117,2025,95
SK0077,2025,40
SK0025,2026,51
SK0071,2023,66
SK0179,2024,99
SK0073,2026,75
SK0256,2026,89
SK0067,2022,79
SK0159,2026,93
SK0287,2026,57
SK0017,2021,74
SK0276,2025,91
SK0116,2026,30
SK0084,2022,35
SK0176,2026,66
SK0052,2021,55
SK0232,2024,25
SK0292,2021,68
SK0235,2025,42
SK0061,2023,25
SK0106,2025,90
SK0260,2023,97
SK0036,2025,44
SK0139,2025,53
SK0234,2026,38
SK0039,2026,52
SK0284,2021,51
SK0176,2023,93
SK0252,2021,83
SK0214,2026,16
SK0073,2021,64
SK0211,2024,12
SK0094,2026,97
SK0190,2024,14
SK0281,2025,13
SK0199,2021,94
SK0266,2023,75
SK0044,2024,60
SK0043,2026,36
SK0036,2026,98
SK0040,2025,74
SK0133,2026,12
SK0130,2026,36
SK0089,2021,61
SK0177,2023,62
SK0007,2026,79
SK0070,2026,82
SK0278,2022,11
SK0028,2021,75
SK0170,2024,44
SK0109,2021,47
SK0211,2022,89
SK0156,2025,26
SK0201,2022,30
SK0084,2026,67
SK0002,2022,36
SK0267,2023,36
SK0031,2025,72
SK0171,2023,23
SK0130,2025,98
SK0090,2026,21
SK0075,2026,86
SK0069,2025,72
SK0141,2025,41
SK0089,2023,87
SK0055,2025,36
SK0051,2024,80
SK0252,2026,30
SK0142,2023,97
SK0139,2021,90
SK0165,2023,58
SK0076,2022,79
SK0044,2022,34
SK0169,2022,69
SK0191,2022,45
SK0179,2021,72
SK0053,2024,69
SK0192,2024,18
SK0231,2024,16
SK0266,2022,29
SK0167,2021,78
SK0243,2024,84
SK0056,2026,57
SK0140,2022,31
SK0189,2021,42
SK0128,2021,96
SK0117,2023,30
SK0092,2022,27
SK0011,2022,68
SK0215,2022,45
SK0288,2024,82
SK0022,2022,54
SK0084,2021,63
SK0120,2025,46
SK0090,2026,42
SK0100,2024,94
SK0217,2026,30
SK0252,2024,45
SK0283,2021,23
SK0063,2025,99
SK0150,2021,11
SK0181,2021,43
SK0196,2026,39
SK0045,2026,93
SK0230,2025,74
SK0107,2023,18
SK0215,2022,46
SK0200,2023,75
SK0135,2024,66
SK0181,2024,20
SK0125,2025,32
SK0300,2023,17
SK0227,2024,86
SK0255,2021,73
SK0249,2022,10
SK0013,2026,61
SK0028,2025,44
SK0246,2023,90
SK0032,2026,60
SK0173,2021,60
SK0050,2024,14
SK0289,2023,28
SK0224,2026,96
SK0032,2021,85
SK0198,2026,38
SK0081,2025,94
SK0130,2023,16
SK0135,2025,18
SK0020,2021,16
SK0200,2025,99
SK0168,2023,77
SK0112,2021,84
SK0297,2025,48
SK0241,2025,75
SK0145,2023,65
SK0190,2026,55
SK0076,2024,88
SK0076,2023,31
SK0283,2022,76
SK0025,2024,65
SK0021,2025,18
SK0096,2025,15
SK0041,2023,67
SK0083,2023,98
SK0217,2026,77
SK0201,2021,92
SK0169,2023,58
SK0017,2022,72
SK0035,2023,97
SK0187,2023,14
SK0227,2025,35
SK0280,2026,82
SK0008,2022,36
SK0274,2024,12
SK0092,2024,61
SK0248,2021,76
SK0289,2026,79
SK0116,2021,30
SK0218,2025,70
SK0003,2022,19
SK0196,2026,13
SK0225,2023,70
SK0091,2025,17
SK0173,2022,70
SK0041,2022,98
SK0176,2025,71
SK0155,2026,33
SK0099,2026,92
SK0183,2026,41
SK0159,2025,88
SK0272,2024,28
SK0051,2025,50
SK0283,2026,21
SK0007,2021,96
SK0078,2023,76
SK0262,2026,89
SK0047,2024,86
SK0177,2025,73
SK0152,2023,95
SK0144,2026,47
SK0086,2025,90
SK0014,2021,45
SK0111,2021,98
SK0187,2026,83
SK0204,2023,44
SK0300,2022,62
SK0073,2025,12
SK0064,2021,12
SK0108,2022,74
SK0288,2026,87
SK0018,2023,43
SK0020,2025,87
SK0131,2021,66
SK0235,2023,45
SK0075,2022,84
SK0190,2022,84
SK0268,2022,13
SK0187,2025,15
SK0284,2021,61
SK0064,2025,41
SK0290,2024,93
SK0174,2025,15
SK0060,2023,21
SK0094,2022,45
SK0073,2025,44
SK0113,2023,94
SK0226,2025,22
SK0104,2022,27
SK0136,2026,62
SK0196,2024,22
SK0159,2021,97
SK0155,2025,99
SK0109,2024,79
SK0146,2023,77
SK0108,2022,80
SK0186,2023,91
SK0120,2021,86
SK0043,2022,85
SK0186,2025,31
SK0128,2025,78
SK0168,2023,64
SK0185,2025,20
SK0289,2026,53
SK0098,2022,48
SK0147,2021,37
SK0174,2022,36
SK0038,2021,94
SK0173,2026,62
SK0292,2021,51
SK0125,2024,92
SK0235,2025,35
SK0254,2024,84
SK0172,2026,81
SK0004,2021,99
SK0117,2021,95
SK0043,2025,51
SK0102,2025,78
SK0246,2023,21
SK0188,2022,67
SK0024,2026,77
SK0192,2022,16
SK0150,2025,32
SK0225,2025,29
SK0016,2025,67
SK0051,2021,98
SK0254,2023,20
SK0149,2023,66
SK0271,2021,91
SK0078,2023,33
SK0006,2026,31
SK0156,2025,61
SK0258,2021,48
SK0258,2023,24
SK0051,2025,36
SK0017,2021,57
SK0271,2023,77
SK0065,2022,87
SK0134,2026,67
SK0171,2024,69
SK0167,2021,16
SK0016,2022,32
SK0252,2026,17
SK0131,2022,22
SK0116,2021,98
SK0063,2023,77
SK0194,2026,36
SK0036,2024,87
SK0109,2026,90
SK0194,2026,96
SK0093,2025,31
SK0009,2021,33
SK0101,2025,90
SK0175,2024,70
SK0106,2021,27
SK0043,2023,45
SK0011,2026,30
SK0130,2021,46
SK0161,2024,86
SK0011,2021,11
SK0014,2024,71
SK0014,2022,42
SK0141,2026,83
SK0192,2025,62
SK0014,2026,85
SK0083,2026,80
SK0278,2026,52
SK0269,2024,44
SK0115,2024,35
SK0205,2025,22
SK0161,2026,19
SK0065,2025,31
SK0102,2022,29
SK0190,2023,35
SK0122,2021,85
SK0156,2021,96
SK0016,2026,27
SK0103,2025,28
SK0125,2023,94
SK0294,2024,17
SK0242,2025,75
SK0299,2024,29
SK0280,2022,44
SK0092,2021,76
SK0238,2021,36
SK0068,2026,50
SK0262,2024,36
SK0059,2024,39
SK0118,2025,45
SK0184,2021,63
SK0283,2022,42
SK0018,2021,54
SK0170,2026,92
SK0212,2022,85
SK0098,2023,47
SK0225,2022,72
SK0116,2023,18
SK0227,2021,21
SK0208,2026,77
SK0137,2021,41
SK0074,2025,11
SK0203,2023,43
SK0091,2021,72
SK0103,2022,94
SK0058,2022,85
SK0289,2023,81
SK0107,2024,49
SK0167,2023,15
SK0290,2023,43
SK0096,2024,64
SK0026,2024,92
SK0047,2022,45
SK0172,2023,38
SK0262,2026,34
SK0074,2025,17
SK0050,2025,78
SK0070,2024,42
SK0267,2022,32
SK0243,2024,26
SK0275,2023,74
SK0188,2023,12
SK0270,2024,27
SK0028,2025,78
SK0258,2023,58
SK0192,2021,29
SK0129,2024,68
SK0244,2025,55
SK0003,2023,87
SK0253,2021,81
SK0231,2023,60
SK0267,2023,37
SK0094,2021,56
SK0162,2022,66
SK0051,2021,33
SK0273,2021,99
SK0227,2024,81
SK0043,2023,19
SK0154,2026,57
SK0255,2026,14
SK0135,2026,94
SK0074,2022,12
SK0113,2025,82
SK0239,2025,94
SK0288,2021,45
SK0261,2021,99
SK0270,2022,34
SK0257,2026,88
SK0277,2026,39
SK0082,2021,33
SK0085,2021,97
SK0247,2021,86
SK0180,2026,15
SK0288,2024,62
SK0118,2024,93
SK0082,2026,98
SK0101,2024,62
SK0161,2024,83
SK0079,2025,97
SK0248,2022,88
SK0230,2023,57
SK0030,2025,10
SK0229,2021,91
SK0006,2026,57
SK0001,2024,69
SK0059,2024,85
SK0177,2022,39
SK0122,2026,92
SK0228,2026,26
SK0052,2023,40
SK0210,2021,57
SK0059,2025,29
SK0146,2025,65
SK0110,2026,20
SK0155,2024,86
SK0053,2022,40
SK0048,2023,37
SK0270,2025,50
SK0055,2026,25
SK0204,2026,48
SK0060,2024,79
SK0039,2023,22
SK0200,2024,42
SK0085,2022,49
SK0185,2021,77
SK0104,2025,72
SK0175,2026,16
SK0138,2024,69
SK0196,2022,26
SK0267,2023,86
SK0234,2021,91
SK0200,2023,53
SK0112,2025,62
SK0244,2022,78
SK0120,2023,35
SK0281,2021,76
SK0120,2022,14
SK0014,2025,66
SK0154,2021,33
SK0168,2022,69
SK0101,2026,36
SK0209,2026,19
SK0255,2023,67
SK0048,2023,53
SK0143,2023,89
SK0198,2025,59
SK0006,2021,55
SK0253,2021,26
SK0178,2026,88
SK0241,2024,35
SK0010,2026,82
SK0127,2024,16
SK0208,2021,76
SK0129,2025,16
SK0132,2022,23
SK0299,2021,16
SK0145,2023,58
SK0169,2025,25
SK0127,2024,34
SK0154,2021,43
SK0016,2023,28
SK0032,2021,10
SK0016,2024,87
SK0294,2022,27
SK0048,2024,65
SK0267,2021,77
SK0211,2021,90
SK0193,2025,52
SK0164,2021,62
SK0166,2026,90
SK0082,2025,83
SK0123,2021,42
SK0119,2021,57
SK0113,2025,16
SK0287,2021,12
SK0224,2026,62
SK0242,2026,49
SK0082,2026,71
SK0207,2021,64
SK0211,2023,43
SK0114,2025,60
SK0078,2026,24
SK0060,2022,64
SK0057,2022,77
SK0108,2024,62
SK0078,2022,39
SK0136,2026,56
SK0255,2022,44
SK0215,2026,50
SK0196,2021,16
SK0089,2024,34
SK0003,2023,26
SK0124,2022,15
SK0121,2024,41
SK0154,2024,49
SK0180,2026,82
SK0077,2022,94
SK0247,2024,94
SK0258,2024,40
SK0156,2026,85
SK0027,2024,15
SK0171,2025,94
SK0098,2025,40
SK0023,2023,13
SK0297,2021,93
SK0081,2026,72
SK0090,2026,83
SK0260,2025,37
SK0112,2026,55
SK0263,2022,64
SK0121,2026,11
SK0109,2024,30
SK0185,2023,41
SK0277,2025,41
SK0267,2022,54
SK0085,2021,98
SK0138,2021,43
SK0231,2023,79
SK0092,2021,72
SK0263,2024,80
SK0143,2024,40
SK0285,2026,22
SK0208,2025,84
SK0193,2023,48
SK0176,2026,40
SK0147,2023,16
SK0258,2021,42
SK0097,2026,32
SK0235,2026,38
SK0184,2021,15
SK0176,2023,37
SK0084,2025,25
SK0239,2022,16
SK0035,2023,97
SK0286,2021,19
SK0273,2025,42
SK0183,2022,72
SK0112,2022,69
SK0286,2024,57
SK0045,2022,34
SK0053,2026,18
SK0233,2025,35
SK0217,2021,55
SK0256,2023,34
SK0086,2021,65
SK0215,2022,18
SK0072,2026,76
SK0298,2021,94
SK0170,2023,24
SK0284,2026,28
SK0097,2026,91
SK0240,2024,50
SK0151,2022,63
SK0107,2021,85
SK0254,2025,83
SK0222,2024,84
SK0294,2022,95
SK0121,2021,24
SK0049,2025,72
SK0095,2023,22
SK0239,2025,88
SK0134,2023,90
SK0103,2021,62
SK0174,2026,74
SK0050,2022,96
SK0154,2021,95
SK0292,2024,94
SK0296,2026,78
SK0010,2022,91
SK0029,2025,33
SK0093,2022,75
SK0002,2025,70
SK0109,2021,20
SK0283,2021,45
SK0065,2021,92
SK0237,2022,62
SK0166,2024,68
SK0081,2024,30
SK0067,2024,38
SK0229,2021,94
SK0158,2023,97
SK0089,2026,83
SK0060,2026,30
SK0147,2026,44
SK0262,2021,51
SK0152,2025,54
SK0088,2021,52
SK0081,2021,53
SK0187,2023,27
SK0291,2025,12
SK0268,2026,44
SK0253,2023,44
SK0157,2024,68
SK0268,2025,99
SK0030,2025,99
SK0264,2021,36
SK0286,2023,22
SK0271,2023,53
SK0235,2024,12
SK0043,2024,97
SK0198,2025,91
SK0147,2026,55
SK0181,2023,66
SK0250,2021,13
SK0105,2023,13
SK0065,2024,10
SK0084,2021,13
SK0298,2026,15
SK0240,2024,17
SK0234,2026,92
SK0244,2025,38
SK0110,2025,43
SK0120,2024,36
SK0116,2026,30
SK0156,2026,21
SK0196,2025,27
SK0036,2021,68
SK0027,2023,68
SK0068,2021,19
SK0126,2025,69
SK0285,2025,77
SK0121,2021,65
SK0086,2026,13
SK0060,2024,18
SK0065,2023,14
SK0174,2023,74
SK0229,2024,69
SK0084,2024,96
SK0258,2022,48
SK0027,2024,88
SK0053,2022,80
SK0184,2023,48
SK0104,2026,50
SK0241,2025,89
SK0237,2026,37
SK0164,2021,27
SK0045,2025,56
SK0037,2021,84
SK0004,2026,63
SK0191,2024,62
SK0204,2024,13
SK0266,2024,91
SK0175,2023,50
SK0018,2023,79
SK0173,2024,94
SK0256,2021,38
SK0156,2023,64
SK0042,2023,19
SK0202,2026,18
SK0054,2024,77
SK0232,2024,71
SK0167,2021,67
SK0299,2022,48
SK0127,2022,91
SK0297,2022,91
SK0250,2022,74
SK0034,2023,91
SK0047,2025,86
SK0011,2026,76
SK0300,2024,16
SK0103,2026,24
SK0134,2024,33
SK0208,2024,21
SK0257,2024,79
SK0288,2023,88
SK0002,2023,58
SK0069,2026,39
SK0166,2023,33
SK0260,2024,64
SK0246,2025,49
SK0122,2025,74
SK0135,2026,24
SK0048,2023,70
SK0022,2025,52
SK0179,2022,36
SK0200,2025,97
SK0163,2021,48
SK0114,2022,90
SK0042,2022,35
SK0013,2023,52
SK0257,2025,57
SK0129,2025,33
SK0233,2025,49
SK0249,2023,89
SK0090,2026,21
SK0050,2025,74
SK0183,2023,38
SK0219,2023,82
SK0266,2025,13
SK0269,2025,82
SK0090,2022,64
SK0018,2023,49
SK0043,2024,29
SK0130,2024,64
SK0110,2023,16
SK0249,2021,78
SK0249,2023,19
SK0283,2025,16
SK0159,2021,11
SK0078,2024,34
SK0218,2023,66
SK0178,2022,47
SK0236,2023,41
SK0175,2022,18
SK0041,2024,45
SK0084,2025,59
SK0017,2025,83
SK0155,2022,52
SK0021,2024,34
SK0075,2026,60
SK0166,2022,20
SK0177,2025,48
SK0081,2024,45
SK0017,2021,18
SK0217,2022,70
SK0186,2022,81
SK0047,2023,47
SK0050,2021,39
SK0113,2022,78
SK0046,2023,21
SK0188,2021,15
SK0261,2023,33
SK0009,2023,51
SK0003,2024,38
SK0075,2022,98
SK0035,2021,44
SK0016,2023,21
SK0020,2023,53
SK0280,2026,36
SK0245,2023,30
SK0102,2022,21
SK0290,2026,90
SK0008,2024,35
SK0274,2021,62
SK0275,2026,44
SK0209,2026,87
SK0060,2021,15
SK0289,2025,91
SK0158,2024,37
SK0104,2025,39
SK0056,2026,99
SK0079,2024,95
SK0128,2023,65
SK0278,2021,27
SK0191,2025,18
SK0226,2025,59
SK0109,2026,19
SK0069,2022,85
SK0102,2022,79
SK0272,2023,19
SK0185,2024,88
SK0063,2021,98
SK0175,2026,49
SK0138,2022,81
SK0158,2022,18
SK0296,2026,13
SK0034,2026,76
SK0217,2026,67
SK0066,2023,87
SK0006,2024,55
SK0004,2023,83
SK0167,2026,73
SK0030,2022,58
SK0221,2023,34
SK0120,2021,63
SK0194,2024,75
SK0174,2022,42
SK0005,2021,77
SK0269,2023,32
SK0228,2026,82
SK0085,2024,76
SK0236,2026,52
SK0127,2023,85
SK0267,2021,19
SK0221,2024,41
SK0297,2021,26
SK0010,2021,66
SK0288,2022,71
SK0235,2026,34
SK0073,2025,31
SK0166,2023,24
SK0297,2025,56
SK0065,2024,30
SK0188,2022,45
SK0078,2023,51
SK0253,2023,58
SK0233,2023,85
SK0183,2025,90
SK0056,2021,61
SK0221,2021,82
SK0144,2024,88
SK0287,2026,41
SK0195,2022,66
SK0171,2021,24
SK0060,2026,47
SK0223,2026,52
SK0005,2026,31
SK0010,2022,51
SK0097,2021,52
SK0179,2026,71
SK0256,2026,39
SK0007,2026,27
SK0027,2021,18
SK0008,2025,80
SK0186,2024,87
SK0186,2026,13
SK0100,2023,94
SK0298,2025,85
SK0139,2021,86
SK0143,2023,40
SK0143,2023,23
SK0055,2022,49
SK0103,2025,41
SK0152,2023,75
SK0130,2022,39
SK0218,2023,49
SK0220,2026,57
SK0249,2023,42
SK0218,2021,67
SK0118,2023,20
SK0263,2026,67
SK0268,2022,18
SK0083,2025,72
SK0073,2025,12
SK0237,2025,46
SK0096,2023,26
SK0001,2026,97
SK0095,2025,29
SK0230,2022,92
SK0135,2024,22
SK0245,2026,23
SK0233,2022,43
SK0277,2023,50
SK0284,2024,40
SK0073,2025,75
SK0148,2024,88
SK0040,2025,50
SK0249,2026,43
SK0081,2026,58
SK0212,2023,21
SK0147,2022,14
SK0129,2025,63
SK0150,2022,40
SK0299,2023,26
SK0151,2026,29
SK0178,2023,81
SK0202,2025,30
SK0212,2023,10
SK0236,2024,52
SK0072,2023,44
SK0194,2022,82
SK0020,2024,31
SK0092,2026,40
SK0235,2025,80
SK0069,2025,74
SK0086,2025,57
SK0035,2025,81
SK0089,2023,10
SK0189,2022,73
SK0094,2026,68
SK0115,2024,56
SK0113,2021,51
SK0287,2026,50
SK0114,2021,97
SK0166,2023,26
SK0033,2026,18
SK0064,2022,23
SK0162,2025,93
SK0262,2026,23
SK0103,2021,44
SK0151,2026,69
SK0068,2025,20
SK0070,2023,47
SK0157,2025,63
SK0069,2023,56
SK0125,2025,53
SK0111,2021,28
SK0099,2023,65
SK0083,2024,89
SK0291,2024,28
SK0200,2023,28
SK0254,2025,16
SK0087,2022,92
SK0079,2023,73
SK0156,2022,41
SK0199,2024,76
SK0262,2022,28
SK0019,2023,91
SK0217,2023,79
SK0231,2023,86
SK0238,2022,19
SK0080,2023,10
SK0168,2022,36
SK0158,2026,20
SK0058,2023,50
SK0064,2026,80
SK0253,2022,41
SK0253,2021,34
SK0147,2021,94
SK0068,2023,91
SK0111,2021,41
SK0186,2024,19
SK0120,2023,10
SK0088,2025,49
SK0168,2022,17
SK0125,2023,33
SK0134,2025,33
SK0072,2023,68
SK0013,2021,98
SK0159,2026,62
SK0143,2021,20
SK0063,2023,98
SK0158,2022,25
SK0110,2026,84
SK0104,2022,34
SK0241,2021,38
SK0257,2023,32
SK0267,2022,19
SK0103,2023,67
SK0087,2021,13
SK0072,2021,52
SK0285,2026,38
SK0103,2023,70
SK0041,2023,52
SK0265,2026,92
SK0104,2025,33
SK0180,2026,33
SK0155,2022,71
SK0007,2025,62
SK0284,2021,29
SK0245,2021,32
SK0247,2022,92
SK0204,2025,85
SK0146,2025,35
SK0040,2021,43
SK0078,2026,42
SK0167,2022,10
SK0019,2022,11
SK0260,2022,62
SK0109,2023,30
SK0038,2021,40
SK0107,2021,74
SK0097,2021,68
SK0191,2023,54
SK0094,2021,16
SK0191,2025,71
SK0128,2023,11
SK0197,2025,60
SK0059,2021,80
SK0042,2025,13
SK0110,2024,51
SK0087,2026,22
SK0207,2021,86
SK0128,2021,54
SK0171,2022,11
SK0054,2022,87
SK0116,2024,22
SK0165,2022,74
SK0282,2023,15
SK0162,2023,71
SK0227,2022,66
SK0006,2021,27
SK0190,2023,33
SK0198,2021,24
SK0139,2025,76
SK0235,2021,42
SK0169,2024,87
SK0048,2023,58
SK0143,2026,86
SK0199,2023,86
SK0290,2024,49
SK0272,2022,76
SK0018,2023,78
SK0120,2024,15
SK0056,2022,97
SK0069,2021,65
SK0187,2025,12
SK0067,2024,77
SK0115,2023,27
SK0113,2025,59
SK0134,2023,46
SK0228,2023,88
SK0014,2021,62
SK0174,2021,83
SK0262,2021,17
SK0257,2022,12
SK0018,2022,40
SK0070,2026,38
SK0226,2021,37
SK0247,2025,45
SK0114,2025,69
SK0165,2023,76
SK0252,2026,30
SK0146,2022,81
SK0288,2024,28
SK0283,2023,60
SK0193,2024,59
SK0023,2025,42
SK0295,2024,30
SK0132,2024,77
SK0109,2022,60
SK0292,2022,68
SK0012,2026,51
SK0141,2023,67
SK0014,2022,76
SK0243,2022,76
SK0006,2023,44
SK0210,2021,87
SK0054,2025,52
SK0255,2023,80
SK0062,2023,32
SK0299,2022,17
SK0056,2021,54
SK0096,2024,48
SK0093,2025,57
SK0174,2021,15
SK0261,2022,30
SK0097,2023,64
SK0051,2022,84
SK0230,2023,84
SK0238,2026,83
SK0068,2025,46
SK0209,2025,45
SK0115,2022,90
SK0027,2023,17
SK0226,2026,89
SK0113,2023,34
SK0193,2025,98
SK0184,2023,11
SK0162,2022,43
SK0069,2021,15
SK0214,2026,30
SK0095,2023,30
SK0251,2024,99
SK0019,2024,76
SK0103,2022,57
SK0022,2024,88
SK0179,2025,43
SK0179,2024,70
SK0299,2023,57
SK0074,2023,60
SK0023,2021,48
SK0001,2021,39
SK0181,2024,61
SK0235,2022,47
SK0251,2022,56
SK0293,2024,36
SK0064,2024,73
SK0298,2022,70
SK0214,2021,52
SK0030,2024,69
SK0213,2022,25
SK0049,2021,22
SK0095,2022,77
SK0218,2025,13
SK0202,2022,35
SK0186,2026,94
SK0110,2021,39
SK0182,2026,66
SK0036,2024,79
SK0240,2021,83
SK0184,2025,58
SK0179,2022,16
SK0258,2025,57
SK0135,2024,75
SK0015,2022,80
SK0089,2023,51
SK0122,2022,69
SK0045,2024,95
SK0038,2024,23
SK0005,2022,14
SK0264,2024,81
SK0263,2024,85
SK0176,2022,23
SK0192,2025,72
SK0007,2022,14
SK0238,2026,78
SK0006,2021,78
SK0152,2024,15
SK0297,2026,43
SK0128,2024,49
SK0176,2026,17
SK0115,2026,83
SK0161,2023,82
SK0280,2021,43
SK0165,2021,73
SK0166,2023,46
SK0018,2024,54
SK0117,2025,27
SK0140,2024,32
SK0201,2023,96
SK0181,2021,30
SK0068,2023,85
SK0182,2026,11
SK0194,2021,68
SK0019,2023,51
SK0187,2024,93
SK0255,2024,17
SK0196,2021,87
SK0023,2022,13
SK0059,2023,76
SK0194,2022,86
SK0109,2026,27
SK0248,2026,19
SK0076,2021,15
SK0005,2026,69
SK0061,2022,95
SK0278,2023,21
SK0021,2021,22
SK0287,2025,19
SK0075,2026,51
SK0088,2021,19
SK0218,2024,43
SK0267,2022,23
SK0119,2026,34
SK0299,2023,97
SK0167,2025,84
SK0017,2022,19
SK0079,2023,17
SK0174,2024,28
SK0104,2023,88
SK0247,2025,48
SK0057,2023,58
SK0137,2021,54
SK0197,2024,47
SK0071,2024,88
SK0003,2023,98
SK0022,2023,12
SK0168,2021,64
SK0092,2023,25
SK0211,2025,67
SK0277,2023,19
SK0229,2025,47
SK0146,2022,77
SK0283,2023,48
SK0089,2022,60
SK0159,2023,96
SK0110,2023,73
SK0091,2026,36
SK0139,2022,51
SK0100,2024,67
SK0112,2024,17
SK0017,2024,82
SK0131,2024,82
SK0054,2022,94
SK0165,2023,49
SK0159,2021,37
SK0219,2023,75
SK0204,2022,95
SK0198,2025,84
SK0236,2026,81
SK0285,2026,76
SK0062,2023,28
SK0013,2024,30
SK0246,2026,21
SK0200,2024,76
SK0157,2024,65
SK0224,2024,97
SK0262,2024,86
SK0250,2023,47
SK0085,2025,28
SK0154,2026,26
SK0296,2022,80
SK0249,2024,31
SK0163,2022,96
SK0265,2025,63
SK0041,2022,72
SK0067,2021,50
SK0280,2021,41
SK0026,2021,11
SK0122,2023,22
SK0147,2026,13
SK0064,2021,74
SK0148,2024,87
SK0078,2023,47
SK0210,2025,63
SK0092,2021,71
SK0199,2022,86
SK0086,2025,22
SK0191,2023,96
SK0046,2025,83
SK0297,2024,76
SK0045,2025,61
SK0014,2024,59
SK0023,2024,30
SK0214,2025,14
SK0168,2021,68
SK0084,2025,62
SK0054,2026,88
SK0035,2025,16
SK0300,2025,64
SK0279,2024,21
SK0066,2023,14
SK0001,2026,39
SK0275,2023,77
SK0212,2024,38
SK0258,2025,57
SK0251,2024,43
SK0155,2024,40
SK0078,2021,65
SK0195,2024,21
SK0225,2023,14
SK0230,2024,77
SK0205,2025,92
SK0050,2026,49
SK0224,2026,61
SK0285,2023,58
SK0289,2024,49
SK0029,2021,85
SK0210,2021,81
SK0165,2023,68
SK0046,2024,65
SK0254,2026,42
SK0194,2022,47
SK0250,2022,73
SK0194,2024,87
SK0012,2022,58
SK0130,2023,46
SK0175,2022,60
SK0082,2025,67
SK0153,2022,56
SK0080,2024,66
SK0071,2021,82
SK0191,2026,74
SK0201,2021,17
SK0100,2023,78
SK0114,2023,80
SK0281,2021,92
SK0285,2025,93
SK0037,2021,93
SK0207,2023,26
SK0235,2025,94
SK0289,2025,56
SK0263,2024,27
SK0067,2021,95
SK0052,2023,33
SK0086,2023,23
SK0112,2026,17
SK0021,2025,44
SK0255,2026,87
SK0106,2022,71
SK0081,2021,29
SK0112,2021,81
SK0001,2025,50
SK0254,2022,94
SK0004,2024,90
SK0163,2021,37
SK0114,2023,33
SK0092,2025,94
SK0231,2021,65
SK0238,2023,52
SK0247,2021,42
SK0184,2023,64
SK0202,2026,30
SK0041,2023,84
SK0117,2024,27
SK0192,2021,54
SK0182,2023,76
SK0003,2026,52
SK0103,2023,23
SK0299,2024,97
SK0264,2026,48
SK0161,2022,60
SK0245,2024,16
SK0108,2025,75
SK0130,2021,62
SK0093,2021,99
SK0229,2025,77
SK0244,2021,39
SK0300,2025,57
SK0297,2025,43
SK0155,2022,29
SK0254,2023,81
SK0270,2022,81
SK0069,2021,97
SK0149,2024,12
SK0092,2022,89
SK0195,2024,38
SK0064,2022,32
SK0228,2021,39
SK0282,2024,13
SK0011,2022,88
SK0222,2025,91
SK0001,2022,77
SK0279,2025,13
SK0231,2023,22
SK0133,2021,46
SK0040,2021,39
SK0216,2024,76
SK0212,2024,72
SK0112,2025,40
SK0072,2021,16
SK0087,2021,72
SK0159,2025,11
SK0205,2024,58
SK0090,2024,14
SK0054,2026,58
SK0276,2026,39
SK0250,2022,23
SK0090,2021,28
SK0228,2023,49
SK0024,2023,48
SK0185,2023,68
SK0251,2023,67
SK0105,2026,56
SK0271,2024,16
SK0237,2022,48
SK0030,2025,63
SK0147,2021,50
SK0294,2024,85
SK0214,2025,80
SK0097,2021,14
SK0286,2025,46
SK0095,2026,34
SK0166,2022,60
SK0007,2026,94
SK0062,2022,18
SK0078,2025,23
SK0076,2023,78
SK0034,2024,70
SK0104,2023,41
SK0061,2024,19
SK0107,2024,95
SK0269,2022,42
SK0110,2024,69
SK0247,2021,84
SK0011,2023,89
SK0175,2026,11
SK0101,2025,55
SK0275,2023,90
SK0150,2022,14
SK0049,2026,14
SK0188,2026,52
SK0140,2021,71
SK0045,2024,53
SK0144,2025,13
SK0172,2026,72
SK0253,2026,22
SK0268,2021,22
SK0176,2024,41
SK0300,2022,90
SK0150,2023,48
SK0006,2024,41
SK0117,2025,50
SK0185,2025,62
SK0035,2021,70
SK0105,2021,12
SK0098,2026,57
SK0003,2024,55
SK0201,2024,22
SK0047,2021,29
SK0018,2025,50
SK0093,2021,94
SK0047,2021,14
SK0157,2024,48
SK0213,2022,36
SK0099,2024,18
SK0033,2026,25
SK0003,2021,37
SK0238,2026,97
SK0016,2024,33
SK0083,2022,42
SK0146,2023,18
SK0002,2024,45
SK0207,2022,76
SK0223,2024,64
SK0109,2022,75
SK0159,2025,45
SK0236,2026,81
SK0093,2024,26
SK0021,2026,70
SK0170,2022,11
SK0090,2021,19
SK0083,2022,85
SK0257,2025,54
SK0126,2024,37
SK0241,2021,68
SK0103,2025,37
SK0296,2025,32
SK0077,2026,41
SK0054,2021,92
SK0147,2021,87
SK0171,2022,49
SK0099,2021,10
SK0261,2025,68
SK0193,2021,72
SK0300,2022,76
SK0172,2025,95
SK0052,2024,35
SK0297,2021,25
SK0235,2026,98
SK0175,2026,17
SK0128,2025,36
SK0035,2021,89
SK0269,2021,71
SK0212,2025,39
SK0210,2021,98
SK0175,2025,90
SK0162,2024,86
SK0122,2025,95
SK0034,2025,37
SK0155,2021,25
SK0164,2021,75
SK0083,2021,78
SK0127,2021,74
SK0267,2026,66
SK0257,2021,65
SK0282,2025,62
SK0220,2025,54
SK0161,2021,86
SK0181,2025,28
SK0269,2022,61
SK0182,2021,50
SK0295,2024,94
SK0042,2022,85
SK0023,2021,36
SK0103,2026,78
SK0215,2026,68
SK0120,2023,10
SK0087,2025,16
SK0281,2024,66
SK0293,2024,66
SK0147,2025,59
SK0151,2026,84
SK0300,2023,40
SK0213,2024,84
SK0279,2022,37
SK0114,2025,50
SK0132,2023,44
SK0258,2024,32
SK0060,2023,87
SK0223,2024,69
SK0070,2024,44
SK0101,2024,63
SK0207,2023,77
SK0285,2022,49
SK0001,2025,78
SK0168,2022,60
SK0082,2021,29
SK0178,2024,10
SK0297,2021,47
SK0136,2022,31
SK0191,2026,37
SK0190,2022,39
SK0089,2023,56
SK0020,2023,98
SK0090,2025,36
SK0174,2022,31
SK0213,2026,36
SK0166,2021,91
SK0095,2026,39
SK0091,2022,45
SK0039,2022,20
SK0167,2023,48
SK0132,2025,13
SK0044,2026,63
SK0057,2021,66
SK0135,2024,25
SK0261,2021,37
SK0252,2024,66
SK0134,2022,27
SK0015,2021,51
SK0187,2026,18
SK0263,2026,25
SK0008,2026,66
SK0260,2025,67
SK0052,2025,88
SK0088,2026,43
SK0229,2024,99
SK0281,2022,90
SK0261,2023,88
SK0091,2023,69
SK0230,2022,72
SK0214,2024,55
SK0103,2022,46
SK0008,2021,49
SK0284,2025,72
SK0073,2021,26
SK0199,2022,10
SK0032,2024,86
SK0027,2024,35
SK0157,2025,53
SK0235,2023,92
SK0201,2022,73
SK0245,2026,74
SK0132,2023,21
SK0148,2026,30
SK0219,2021,35
SK0270,2026,92
SK0105,2025,21
SK0172,2026,18
SK0075,2021,47
SK0181,2021,77
SK0069,2024,16
SK0089,2025,67
SK0189,2024,38
SK0286,2023,63
SK0272,2025,62
SK0269,2025,85
SK0087,2021,24
SK0171,2022,24
SK0013,2022,43
SK0010,2022,18
SK0271,2026,45
SK0216,2025,85
SK0192,2024,13
SK0203,2024,92
SK0190,2026,98
SK0276,2022,84
SK0299,2023,80
SK0026,2025,17
SK0110,2025,88
SK0260,2022,79
SK0287,2022,58
SK0095,2024,63
SK0190,2022,43
SK0264,2024,28
SK0164,2025,18
SK0132,2024,23
SK0172,2026,84
SK0012,2025,29
SK0171,2026,25
SK0021,2022,92
SK0046,2021,96
SK0221,2023,18
SK0290,2022,95
SK0019,2022,95
SK0241,2023,77
SK0257,2021,23
SK0246,2021,20
SK0290,2025,30
SK0222,2026,91
SK0121,2023,79
SK0293,2024,11
SK0049,2021,98
SK0184,2022,56
SK0121,2025,23
SK0029,2026,19
SK0290,2022,95
SK0195,2021,17
SK0136,2026,44
SK0214,2026,47
SK0258,2026,69
SK0248,2024,13
SK0092,2024,51
SK0225,2022,34
SK0037,2024,48
SK0266,2021,90
SK0178,2026,95
SK0149,2023,66
SK0200,2024,22
SK0153,2024,10
SK0038,2024,97
SK0077,2025,65
SK0226,2024,17
SK0193,2024,67
SK0186,2026,21
SK0139,2026,22
SK0207,2024,10
SK0113,2023,28
SK0013,2022,98
SK0003,2023,91
SK0002,2026,18
SK0017,2023,10
SK0250,2024,82
SK0257,2021,21
SK0257,2021,65
SK0076,2023,71
SK0233,2026,27
SK0132,2025,93
SK0050,2026,17
SK0006,2021,48
SK0100,2025,26
SK0050,2024,29
SK0197,2026,31
SK0266,2021,26
SK0123,2022,73
SK0110,2025,24
SK0146,2021,74
SK0087,2025,84
SK0145,2021,23
SK0197,2023,99
SK0169,2026,30
SK0192,2022,68
SK0092,2022,60
SK0192,2026,80
SK0053,2023,60
SK0219,2024,71
SK0247,2024,37
SK0052,2024,75
SK0137,2025,59
SK0186,2023,51
SK0006,2026,78
SK0266,2022,20
SK0190,2021,99
SK0047,2024,65
SK0122,2025,41
SK0027,2021,27
SK0095,2026,14
SK0233,2026,28
SK0083,2023,56
SK0255,2023,55
SK0131,2025,14
SK0113,2021,27
SK0065,2026,97
SK0224,2022,33
SK0300,2022,32
SK0298,2026,66
SK0275,2021,72
SK0264,2026,45
SK0170,2021,53
SK0219,2021,51
SK0208,2025,27
SK0196,2026,59
SK0077,2024,53
SK0044,2024,49
SK0272,2023,38
SK0185,2026,24
SK0083,2026,12
SK0098,2024,47
SK0015,2021,94
SK0187,2026,45
SK0295,2022,27
SK0113,2022,74
SK0205,2021,83
SK0034,2021,82
SK0108,2026,69
SK0252,2024,66
SK0280,2022,92
SK0129,2024,49
SK0262,2024,35
SK0225,2025,62
SK0019,2022,48
SK0239,2026,13
SK0216,2021,16
SK0047,2024,87
SK0226,2026,72
SK0183,2026,32
SK0297,2021,26
SK0133,2023,99
SK0187,2022,38
SK0231,2023,76
SK0149,2022,73
SK0049,2024,39
SK0193,2023,81
SK0178,2023,57
SK0203,2022,40
SK0026,2022,64
SK0117,2026,12
SK0176,2022,44
SK0110,2025,13
SK0179,2022,19
SK0243,2022,86
SK0198,2024,45
SK0083,2026,52
SK0046,2021,50
SK0151,2026,39
SK0181,2025,99
SK0247,2024,60
SK0255,2023,65
SK0044,2026,36
SK0045,2025,38
SK0217,2023,84
SK0166,2022,56
SK0078,2022,71
SK0238,2026,17
SK0194,2024,81
SK0176,2021,95
SK0019,2024,17
SK0296,2022,70
SK0216,2026,78
SK0074,2021,31
SK0210,2023,85
SK0145,2022,58
SK0082,2024,77
SK0233,2024,50
SK0272,2023,43
SK0210,2026,94
SK0174,2026,13
SK0115,2023,42
SK0147,2024,14
SK0069,2025,15
SK0155,2022,75
SK0238,2023,63
SK0187,2026,30
SK0241,2026,39
SK0224,2025,14
SK0238,2025,54
SK0103,2025,16
SK0177,2025,55
SK0089,2025,50
SK0084,2026,51
SK0041,2024,30
SK0135,2024,65
SK0230,2023,19
SK0250,2024,50
SK0235,2021,98
SK0254,2023,43
SK0187,2025,65
SK0161,2025,11
SK0082,2021,38
SK0033,2025,82
SK0204,2025,81
SK0299,2021,61
SK0027,2026,18
SK0269,2024,34
SK0186,2021,27
SK0273,2022,14
SK0246,2026,71
SK0164,2023,24
SK0145,2025,73
SK0294,2022,67
SK0250,2023,66
SK0087,2021,23
SK0266,2025,22
SK0131,2025,63
SK0044,2026,23
SK0277,2024,63
SK0069,2026,56
SK0269,2024,67
SK0066,2022,76
SK0258,2022,79
SK0237,2023,40
SK0244,2024,18
SK0062,2023,46
SK0065,2021,48
SK0135,2025,44
SK0133,2021,52
SK0080,2023,65
SK0058,2022,15
SK0004,2024,22
SK0261,2021,67
SK0164,2026,49
SK0256,2021,33
SK0009,2025,12
SK0097,2025,59
SK0266,2021,14
SK0212,2024,21
SK0035,2021,14
SK0263,2025,98
SK0289,2021,49
SK0270,2023,72
SK0212,2025,51
SK0050,2021,63
SK0043,2023,60
SK0006,2026,24
SK0157,2025,26
SK0273,2021,41
SK0249,2022,76
SK0067,2021,17
SK0074,2025,66
SK0233,2021,32
SK0112,2025,66
SK0093,2022,27
SK0281,2026,71
SK0066,2022,64
SK0011,2026,45
SK0096,2022,37
SK0090,2021,85
SK0049,2024,39
SK0054,2026,93
SK0180,2024,21
SK0011,2023,76
SK0147,2025,10
SK0226,2026,94
SK0279,2026,53
SK0003,2023,59
SK0115,2021,62
SK0219,2026,70
SK0212,2026,62
SK0249,2023,25
SK0164,2024,95
SK0216,2023,25
SK0202,2024,74
SK0112,2023,73
SK0046,2022,19
SK0182,2026,48
SK0234,2021,96
SK0192,2022,10
SK0032,2025,24
SK0019,2021,34
SK0097,2025,59
SK0049,2022,93
SK0007,2024,79
SK0186,2021,58
SK0173,2022,16
SK0152,2024,85
SK0057,2026,69
SK0067,2021,49
SK0178,2021,73
SK0284,2022,13
SK0173,2021,35
SK0021,2021,75
SK0289,2025,13
SK0232,2021,91
SK0075,2026,75
SK0298,2025,33
SK0017,2022,93
SK0079,2023,94
SK0137,2023,74
SK0261,2021,87
SK0017,2024,14
SK0118,2026,71
SK0013,2021,53
SK0088,2025,75
SK0055,2026,69
SK0240,2024,82
SK0190,2024,35
SK0048,2025,71
SK0034,2026,57
SK0051,2026,35
SK0292,2024,74
SK0041,2023,53
SK0191,2022,88
SK0074,2022,27
SK0089,2022,91
SK0227,2024,41
SK0138,2022,18
SK0081,2022,23
SK0255,2025,30
SK0244,2022,14
SK0268,2026,43
SK0130,2025,95
SK0126,2022,61
SK0005,2026,53
SK0226,2022,31
SK0108,2021,48
SK0081,2021,37
SK0078,2025,72
SK0198,2023,62
SK0147,2021,79
SK0039,2023,24
SK0188,2022,48
SK0221,2025,60
SK0031,2022,47
SK0009,2026,59
SK0089,2022,59
SK0153,2021,69
SK0009,2025,94
SK0233,2023,71
SK0098,2025,68
SK0085,2026,93
SK0146,2023,38
SK0254,2025,39
SK0125,2023,12
SK0141,2026,49
SK0073,2024,52
SK0251,2024,49
SK0300,2022,19
SK0188,2025,83
SK0095,2025,78
SK0094,2021,42
SK0142,2025,86
SK0205,2022,30
SK0211,2023,21
SK0259,2025,49
SK0244,2021,46
SK0267,2023,70
SK0255,2023,20
SK0237,2021,24
SK0128,2024,69
SK0294,2021,13
SK0123,2021,15
SK0269,2023,79
SK0150,2025,51
SK0022,2022,48
SK0179,2025,85
SK0240,2023,93
SK0274,2023,36
SK0228,2025,63
SK0160,2026,43
SK0159,2026,30
SK0114,2025,35
SK0188,2025,41
SK0051,2023,40
SK0244,2025,25
SK0287,2026,87
SK0006,2021,74
SK0216,2024,17
SK0236,2025,60
SK0016,2022,26
SK0287,2022,17
SK0259,2022,67
SK0075,2024,26
SK0215,2023,55
SK0103,2022,96
SK0008,2023,28
SK0035,2022,40
SK0086,2024,21
SK0299,2026,67
SK0077,2026,58
SK0203,2026,22
SK0214,2021,72
SK0210,2026,32
SK0264,2022,31
SK0118,2023,55
SK0033,2023,39
SK0072,2025,27
SK0138,2022,11
SK0170,2025,77
SK0193,2024,41
SK0103,2025,60
SK0033,2022,14
SK0078,2021,68
SK0188,2024,34
SK0083,2023,70
SK0203,2024,90
SK0039,2026,31
SK0209,2021,49
SK0101,2023,59
SK0243,2021,53
SK0197,2024,21
SK0087,2026,34
SK0060,2022,37
SK0138,2023,89
SK0257,2021,39
SK0087,2021,66
SK0173,2025,51
SK0234,2022,61
SK0124,2025,99
SK0023,2025,64
SK0128,2025,50
SK0039,2021,10
SK0036,2025,99
SK0184,2023,76
SK0103,2024,57
SK0055,2021,27
SK0050,2026,25
SK0281,2021,22
SK0059,2025,58
SK0188,2022,73
SK0168,2024,52
SK0227,2021,50
SK0261,2022,74
SK0100,2023,57
SK0168,2022,12
SK0132,2026,69
SK0084,2022,38
SK0274,2023,86
SK0107,2026,27
SK0125,2022,45
SK0193,2023,39
SK0121,2026,18
SK0018,2024,18
SK0284,2022,58
SK0023,2021,63
SK0133,2021,67
SK0123,2023,22
SK0176,2024,46
SK0032,2024,35
SK0151,2022,88
SK0059,2022,68
SK0217,2021,97
SK0147,2024,33
SK0213,2022,25
SK0146,2025,99
SK0207,2023,31
SK0261,2024,50
SK0167,2024,27
SK0186,2022,37
SK0283,2023,39
SK0020,2025,35
SK0293,2024,70
SK0180,2025,91
SK0055,2022,52
SK0161,2025,79
SK0139,2025,56
SK0300,2026,95
SK0270,2025,23
SK0279,2021,63
SK0180,2024,23
SK0213,2023,95
SK0042,2026,50
SK0109,2022,17
SK0050,2026,15
SK0013,2021,40
SK0064,2022,34
SK0160,2023,98
SK0103,2024,29
SK0100,2025,41
SK0044,2023,85
SK0037,2025,87
SK0055,2026,59
SK0062,2026,18
SK0063,2021,81
SK0050,2026,49
SK0156,2025,91
SK0174,2026,99
SK0009,2023,75
SK0099,2026,82
SK0257,2025,31
SK0294,2023,20
SK0053,2021,31
SK0063,2022,19
SK0274,2021,89
SK0140,2025,94
SK0201,2026,23
SK0231,2023,83
SK0228,2026,22
SK0080,2024,90
SK0162,2026,17
SK0172,2025,71
SK0240,2023,27
SK0259,2021,49
SK0001,2026,41
SK0272,2021,22
SK0068,2024,79
SK0108,2025,28
SK0287,2022,88
SK0071,2024,18
SK0219,2024,11
SK0200,2026,80
SK0171,2026,79
SK0174,2025,68
SK0217,2025,92
SK0072,2023,69
SK0058,2024,18
SK0275,2022,75
SK0254,2025,79
SK0296,2022,90
SK0106,2022,93
SK0035,2023,54
SK0113,2026,38
SK0108,2025,51
SK0131,2023,82
SK0021,2021,62
SK0099,2026,14
SK0045,2025,55
SK0169,2022,30
SK0213,2022,26
SK0172,2023,40
SK0239,2024,43
SK0189,2021,34
SK0100,2023,98
SK0238,2024,67
SK0005,2023,48
SK0172,2026,51
SK0194,2021,21
SK0153,2026,73
SK0243,2022,43
SK0256,2022,35
SK0138,2023,25
SK0087,2026,90
SK0034,2026,44
SK0179,2022,19
SK0233,2023,18
SK0198,2024,56
SK0082,2024,65
SK0073,2022,23
SK0146,2021,91
SK0083,2026,83
SK0025,2025,27
SK0260,2021,44
SK0005,2026,91
SK0140,2022,15
SK0203,2025,62
SK0290,2021,88
SK0231,2026,28
SK0043,2024,29
SK0198,2025,60
SK0138,2024,78
SK0293,2026,33
SK0245,2021,83
SK0073,2024,44
SK0037,2021,47
SK0202,2026,13
SK0298,2023,54
SK0228,2024,44
SK0133,2025,90
SK0194,2024,68
SK0270,2026,73
SK0063,2023,72
SK0142,2026,96
SK0036,2021,10
SK0098,2022,61
SK0146,2025,34
SK0290,2025,17
SK0078,2021,79
SK0283,2023,98
SK0233,2024,47
SK0140,2026,57
SK0104,2024,78
SK0214,2022,59
SK0131,2026,29
SK0244,2022,14
SK0132,2023,88
SK0254,2022,22
SK0277,2024,83
SK0275,2023,25
SK0244,2022,24
SK0139,2021,95
SK0223,2022,85
SK0244,2025,66
SK0045,2022,58
SK0067,2025,31
SK0296,2021,78
SK0037,2022,54
SK0113,2022,94
SK0292,2026,56
SK0188,2025,11
SK0274,2022,89
SK0057,2024,17
SK0153,2026,57
SK0228,2025,62
SK0251,2021,74
SK0048,2026,58
SK0142,2024,53
SK0222,2025,29
SK0280,2025,63
SK0184,2023,21
SK0205,2021,18
SK0085,2023,22
SK0188,2021,48
SK0265,2023,73
SK0174,2023,67
SK0125,2025,21
SK0020,2021,54
SK0103,2024,42
SK0235,2023,81
SK0291,2022,31
SK0213,2024,50
SK0145,2023,51
SK0238,2024,26
SK0034,2026,36
SK0230,2022,66
SK0061,2026,21
SK0078,2024,89
SK0182,2026,69
SK0213,2025,55
SK0208,2023,62
SK0067,2023,16
SK0002,2026,20
SK0247,2023,86
SK0245,2024,61
SK0065,2023,34
SK0128,2024,54
SK0100,2022,82
SK0079,2023,48
SK0045,2022,24
SK0082,2022,72
SK0254,2022,42
SK0058,2025,35
SK0249,2024,44
SK0113,2021,71
SK0100,2024,94
SK0103,2025,39
SK0022,2023,96
SK0160,2021,49
SK0008,2024,80
SK0079,2025,83
SK0035,2021,13
SK0158,2024,21
SK0249,2022,12
SK0289,2024,92
SK0149,2022,57
SK0091,2023,93
SK0294,2025,97
SK0184,2023,57
SK0144,2023,64
SK0027,2025,88
SK0024,2023,52
SK0249,2022,20
SK0134,2026,35
SK0234,2025,97
SK0095,2023,76
SK0267,2026,49
SK0127,2022,92
SK0042,2021,71
SK0119,2021,59
SK0117,2024,26
SK0239,2026,83
SK0230,2023,98
SK0173,2024,44
SK0173,2024,65
SK0170,2023,37
SK0113,2021,32
SK0058,2024,55
SK0268,2024,69
SK0145,2025,80
SK0140,2026,13
SK0143,2022,48
SK0093,2026,46
SK0189,2021,95
SK0222,2021,75
SK0300,2025,63
SK0239,2023,66
SK0016,2024,41
SK0197,2022,81
SK0136,2026,19
SK0170,2025,70
SK0226,2025,13
SK0039,2024,67
SK0015,2023,14
SK0186,2022,32
SK0160,2024,11
SK0180,2026,42
SK0147,2021,27
SK0162,2023,37
SK0218,2025,97
SK0103,2026,67
SK0245,2022,49
SK0167,2024,77
SK0043,2021,13
SK0115,2024,17
SK0068,2021,15
SK0136,2022,99
SK0030,2024,44
SK0238,2022,72
SK0173,2022,54
SK0060,2025,22
SK0178,2025,95
SK0071,2026,88
SK0065,2026,83
SK0026,2023,27
SK0078,2022,94
SK0234,2025,74
SK0147,2024,97
SK0217,2021,79
SK0061,2021,11
SK0156,2024,39
SK0281,2025,70
SK0266,2025,27
SK0097,2024,82
SK0132,2026,31
SK0227,2023,62
SK0296,2024,37
SK0212,2021,80
SK0144,2025,51
SK0023,2022,12
SK0067,2023,18
SK0146,2026,85
SK0242,2024,38
SK0248,2022,40
SK0204,2024,78
SK0174,2025,35
SK0185,2025,40
SK0289,2026,30
SK0149,2026,32
SK0069,2025,96
SK0178,2024,48
SK0110,2021,16
SK0276,2021,97
SK0057,2024,76
SK0285,2022,92
SK0059,2025,67
SK0033,2024,26
SK0243,2025,70
SK0153,2024,98
SK0100,2024,26
SK0076,2026,46
SK0065,2023,14
SK0285,2025,26
SK0122,2023,42
SK0049,2023,66
SK0259,2021,55
SK0062,2021,42
SK0212,2026,38
SK0184,2025,68
SK0052,2023,20
SK0158,2023,29
SK0051,2025,56
SK0202,2022,34
SK0248,2025,91
SK0227,2026,18
SK0140,2026,44
SK0288,2023,37
SK0263,2023,17
SK0182,2021,61
SK0206,2022,83
SK0150,2021,98
SK0212,2024,66
SK0296,2024,82
SK0226,2025,19
SK0095,2021,84
SK0209,2025,51
SK0117,2026,10
SK0241,2022,40
SK0011,2026,85
SK0087,2025,14
SK0284,2021,38
SK0175,2023,99
SK0036,2024,36
SK0002,2024,58
SK0111,2022,11
SK0179,2023,53
SK0062,2022,97
SK0038,2025,80
SK0144,2024,64
SK0188,2025,78
SK0131,2024,15
SK0059,2023,14
SK0118,2022,55
SK0012,2022,93
SK0019,2021,70
SK0172,2023,94
SK0025,2023,68
SK0221,2026,88
SK0060,2024,39
SK0054,2023,70
SK0078,2021,28
SK0267,2026,15
SK0134,2021,99
SK0270,2022,86
SK0114,2026,38
SK0029,2025,70
SK0195,2026,95
SK0227,2022,62
SK0167,2022,65
SK0004,2025,15
SK0183,2026,86
SK0195,2021,34
SK0069,2021,23
SK0281,2024,42
SK0125,2025,21
SK0006,2026,22
SK0283,2022,11
SK0250,2026,55
SK0276,2025,96
SK0059,2026,13
SK0296,2024,99
SK0262,2022,98
SK0091,2023,95
SK0297,2021,57
SK0092,2024,43
SK0101,2026,50
SK0016,2023,29
SK0268,2026,95
SK0141,2021,35
SK0189,2023,20
SK0256,2021,20
SK0165,2024,88
SK0130,2023,19
SK0094,2024,38
SK0235,2025,17
SK0107,2025,57
SK0157,2024,73
SK0119,2021,73
SK0087,2026,25
SK0112,2024,81
SK0172,2021,16
SK0284,2025,13
SK0146,2024,82
SK0024,2022,72
SK0050,2026,61
SK0258,2026,61
SK0167,2021,10
SK0212,2026,89
SK0264,2024,29
SK0285,2022,28
SK0026,2026,56
SK0111,2023,38
SK0234,2023,26
SK0181,2021,74
SK0042,2021,33
SK0218,2025,37
SK0208,2023,37
SK0213,2022,28
SK0167,2026,37
SK0265,2024,36
SK0167,2021,67
SK0279,2023,90
SK0217,2026,11
SK0154,2023,85
SK0205,2025,48
SK0040,2026,35
SK0290,2024,45
SK0283,2021,36
SK0073,2025,73
SK0200,2025,41
SK0217,2021,22
SK0126,2026,39
SK0012,2026,50
SK0077,2021,56
SK0289,2022,14
SK0054,2024,90
SK0266,2021,45
SK0231,2024,19
SK0188,2024,48
SK0237,2024,40
SK0031,2025,29
SK0110,2026,95
SK0076,2021,11
SK0055,2023,24
SK0111,2021,62
SK0184,2023,65
SK0284,2024,55
SK0061,2024,99
SK0042,2026,79
SK0285,2026,71
SK0211,2025,58
SK0165,2022,24
SK0149,2021,70
SK0093,2023,49
SK0145,2025,78
SK0134,2026,41
SK0141,2023,54
SK0280,2024,50
SK0083,2024,78
SK0053,2024,60
SK0012,2026,75
SK0264,2025,25
SK0117,2024,90
SK0059,2023,95
SK0091,2024,50
SK0211,2025,71
SK0129,2021,69
SK0105,2021,88
SK0280,2025,84
SK0154,2021,37
SK0055,2025,71
SK0098,2023,25
SK0120,2022,91
SK0179,2021,24
SK0120,2021,75
SK0041,2023,36
SK0276,2022,51
SK0217,2026,47
SK0169,2022,77
SK0173,2021,72
SK0065,2021,90
SK0243,2022,56
SK0198,2021,50
SK0191,2021,80
SK0234,2022,56
SK0170,2023,97
SK0124,2024,10
SK0213,2021,51
SK0051,2026,31
SK0017,2025,94
SK0236,2024,88
SK0294,2026,46
SK0069,2022,91
SK0187,2025,41
SK0139,2021,76
SK0245,2024,70
SK0089,2024,26
SK0011,2026,20
SK0086,2021,32
SK0219,2026,80
SK0125,2025,87
SK0101,2023,85
SK0213,2026,90
SK0070,2026,95
SK0286,2022,73
SK0250,2021,85
SK0279,2026,79
SK0251,2022,78
SK0216,2021,20
SK0139,2021,84
SK0092,2021,78
SK0235,2023,35
SK0069,2025,53
SK0038,2025,89
SK0214,2021,47
SK0277,2026,33
SK0132,2025,87
SK0263,2021,11
SK0232,2024,65
SK0282,2024,96
SK0042,2025,56
SK0201,2026,57
SK0219,2021,81
SK0013,2024,49
SK0134,2024,77
SK0120,2021,16
SK0147,2024,13
SK0154,2021,22
SK0118,2022,53
SK0002,2024,73
SK0047,2022,31
SK0172,2026,30
SK0235,2022,38
SK0275,2022,97
SK0174,2025,53
SK0037,2021,71
SK0065,2026,99
SK0209,2023,99
SK0125,2025,93
SK0141,2023,99
SK0271,2024,82
SK0042,2022,87
SK0088,2025,15
SK0107,2026,65
SK0077,2024,86
SK0027,2021,21
SK0027,2025,98
SK0133,2022,30
SK0244,2022,44
SK0116,2021,53
SK0280,2023,97
SK0153,2026,50
SK0139,2023,59
SK0048,2025,55
SK0198,2025,64
SK0091,2025,17
SK0108,2023,25
SK0224,2024,18
SK0086,2022,45
SK0030,2021,26
SK0086,2023,94
SK0043,2026,99
SK0115,2025,37
SK0172,2022,37
SK0212,2021,22
SK0230,2021,50
SK0130,2021,69
SK0026,2025,41
SK0268,2023,84
SK0228,2022,23
SK0118,2022,36
SK0269,2022,81
SK0154,2025,77
SK0003,2023,30
SK0181,2022,26
SK0224,2026,63
SK0012,2021,16
SK0049,2026,10
SK0056,2024,95
SK0192,2025,44
SK0068,2021,98
SK0270,2024,22
SK0153,2023,11
SK0276,2021,74
SK0140,2025,44
SK0177,2023,61
SK0071,2026,36
SK0086,2022,59
SK0122,2025,60
SK0236,2023,51
SK0262,2022,20
SK0142,2023,11
SK0173,2025,73
SK0057,2022,16
SK0034,2026,36
SK0238,2026,24
SK0056,2025,14
SK0051,2026,94
SK0215,2021,11
SK0043,2021,81
SK0154,2025,31
SK0295,2025,22
SK0116,2026,93
SK0050,2025,55
SK0223,2023,22
SK0273,2025,42
SK0087,2026,79
SK0226,2026,21
SK0165,2023,11
SK0224,2022,62
SK0204,2025,78
SK0085,2021,90
SK0186,2024,30
SK0087,2022,56
SK0261,2021,14
SK0031,2026,82
SK0296,2026,69
SK0248,2021,66
SK0133,2024,98
SK0174,2026,76
SK0245,2025,74
SK0081,2024,93
SK0264,2026,52
SK0124,2024,23
SK0084,2026,44
SK0221,2022,33
SK0274,2026,34
SK0096,2024,44
SK0007,2023,46
SK0111,2023,23
SK0250,2021,99
SK0292,2026,20
SK0296,2024,44
SK0205,2022,57
SK0044,2022,66
SK0178,2022,79
SK0021,2026,75
SK0204,2025,63
SK0188,2026,55
SK0280,2023,23
SK0198,2025,21
SK0287,2021,26
SK0163,2026,83
SK0137,2026,41
SK0076,2025,95
SK0003,2021,76
SK0074,2021,85
SK0106,2026,40
SK0003,2021,48
SK0039,2021,41
SK0185,2025,86
SK0164,2023,56
SK0180,2024,94
SK0261,2021,97
SK0040,2024,29
SK0220,2022,83
SK0140,2022,98
SK0231,2024,34
SK0052,2025,77
SK0294,2024,53
SK0027,2021,74
SK0160,2023,48
SK0024,2022,44
SK0008,2026,14
SK0077,2024,55
SK0285,2025,51
SK0081,2024,13
SK0200,2022,71
SK0129,2023,76
SK0134,2024,49
SK0280,2022,76
SK0217,2025,56
SK0221,2023,38
SK0154,2024,64
SK0033,2021,43
SK0281,2025,21
SK0117,2025,98
SK0290,2026,46
SK0030,2024,23
SK0155,2026,44
SK0039,2026,71
SK0198,2022,19
SK0014,2021,29
SK0074,2024,70
SK0182,2023,97
SK0189,2021,60
SK0282,2023,94
SK0070,2023,17
SK0037,2021,19
SK0022,2023,56
SK0131,2026,60
SK0212,2026,36
SK0217,2026,72
SK0188,2025,77
SK0230,2025,59
SK0201,2022,57
SK0250,2023,25
SK0094,2021,15
SK0086,2022,95
SK0221,2024,84
SK0035,2025,28
SK0034,2024,51
SK0199,2021,53
SK0007,2026,11
SK0299,2024,72
SK0049,2026,95
SK0155,2026,79
SK0214,2024,63
SK0125,2021,66
SK0170,2022,78
SK0066,2025,46
SK0076,2022,92
SK0190,2024,22
SK0059,2023,73
SK0283,2025,68
SK0266,2025,30
SK0003,2021,18
SK0022,2026,33
SK0078,2023,81
SK0065,2022,43
SK0019,2026,92
SK0290,2021,66
SK0045,2022,86
SK0164,2022,81
SK0276,2026,17
SK0127,2024,45
SK0297,2024,56
SK0188,2021,22
SK0125,2021,47
SK0194,2021,91
SK0265,2025,72
SK0279,2024,10
SK0296,2021,79
SK0006,2024,26
SK0241,2022,36
SK0220,2022,18
SK0017,2021,92
SK0261,2025,32
SK0080,2023,84
SK0157,2024,64
SK0027,2026,57
SK0057,2026,42
SK0235,2022,53
SK0122,2025,49
SK0257,2026,13
SK0284,2026,17
SK0249,2025,11
SK0224,2021,33
SK0121,2021,82
SK0191,2026,41
SK0085,2021,99
SK0097,2023,25
SK0278,2024,92
SK0015,2021,89
SK0247,2021,83
SK0181,2021,57
SK0279,2024,73
SK0110,2022,71
SK0107,2023,24
SK0061,2021,61
SK0289,2025,78
SK0256,2022,97
SK0055,2026,70
SK0094,2025,18
SK0016,2023,20
SK0246,2021,62
SK0061,2021,85
SK0189,2021,12
SK0034,2025,27
SK0138,2026,35
SK0013,2021,13
SK0218,2023,79
SK0095,2024,71
SK0189,2023,83
SK0143,2022,11
SK0228,2025,47
SK0099,2022,12
SK0291,2023,59
SK0245,2026,59
SK0260,2025,90
SK0126,2026,95
SK0172,2022,96
SK0178,2021,88
SK0277,2023,25
SK0046,2025,78
SK0127,2023,28
SK0274,2025,43
SK0214,2024,93
SK0223,2025,60
SK0219,2023,68
SK0293,2024,63
SK0272,2021,47
SK0209,2026,52
SK0007,2023,42
SK0066,2023,10
SK0080,2024,97
SK0111,2025,63
SK0019,2026,93
SK0082,2022,95
SK0146,2024,68
SK0167,2021,38
SK0036,2023,78
SK0114,2024,56
SK0290,2021,62
SK0237,2024,38
SK0166,2025,39
SK0283,2021,64
SK0018,2025,86
SK0167,2021,84
SK0207,2022,58
SK0070,2025,34
SK0219,2023,98
SK0102,2022,92
SK0211,2021,60
SK0060,2023,54
SK0053,2024,40
SK0215,2024,73
SK0296,2026,26
SK0262,2025,58
SK0076,2021,87
SK0184,2023,70
SK0261,2026,40
SK0056,2026,50
SK0144,2022,47
SK0021,2024,24
SK0166,2023,77
SK0202,2022,56
SK0050,2022,47
SK0228,2024,77
SK0045,2025,30
SK0299,2024,34
SK0283,2024,71
SK0103,2025,73
SK0168,2026,36
SK0251,2025,24
SK0295,2021,19
SK0183,2024,98
SK0150,2023,39
SK0161,2026,18
SK0262,2025,70
SK0034,2024,41
SK0122,2022,27
SK0024,2024,61
SK0251,2022,69
SK0191,2023,70
SK0146,2022,14
SK0038,2026,92
SK0243,2024,66
SK0078,2023,73
SK0135,2021,48
SK0030,2023,26
SK0063,2022,95
SK0103,2021,84
SK0045,2023,42
SK0263,2021,23
SK0053,2023,59
SK0018,2025,93
SK0182,2025,20
SK0211,2024,98
SK0042,2022,48
SK0230,2025,16
SK0058,2024,62
SK0034,2025,11
SK0007,2024,92
SK0188,2024,29
SK0065,2024,51
SK0064,2021,65
SK0210,2021,86
SK0080,2023,12
SK0057,2024,21
SK0300,2024,25
SK0002,2024,12
SK0014,2024,43
SK0087,2021,50
SK0191,2025,12
SK0086,2024,44
SK0146,2023,30
SK0167,2024,50
SK0259,2023,26
SK0242,2022,98
SK0085,2026,93
SK0142,2021,69
SK0040,2022,59
SK0292,2025,16
SK0061,2025,31
SK0294,2025,72
SK0076,2026,40
SK0129,2021,32
SK0141,2022,29
SK0155,2022,67
SK0282,2023,16
SK0212,2025,48
SK0076,2022,75
SK0161,2024,16
SK0205,2021,14
SK0217,2025,91
SK0056,2026,98
SK0300,2021,65
SK0021,2026,68
SK0019,2024,95
SK0029,2021,42
SK0162,2023,68
SK0171,2021,74
SK0096,2024,66
SK0286,2022,71
SK0215,2022,14
SK0011,2021,49
SK0065,2021,95
SK0125,2021,59
SK0060,2022,20
SK0019,2023,47
SK0203,2022,63
SK0040,2026,61
SK0243,2022,21
SK0070,2022,46
SK0030,2022,51
SK0046,2021,38
SK0047,2024,56
SK0181,2025,88
SK0298,2023,92
SK0038,2026,19
SK0196,2025,78
SK0034,2025,81
SK0080,2025,69
SK0131,2024,23
SK0219,2023,25
SK0242,2026,10
SK0163,2023,32
SK0282,2024,16
SK0067,2025,44
SK0025,2025,32
SK0112,2022,48
SK0245,2024,18
SK0049,2023,75
SK0136,2022,28
SK0128,2024,74
SK0250,2026,30
SK0186,2025,67
SK0260,2026,94
SK0113,2022,16
SK0027,2026,97
SK0017,2026,73
SK0241,2026,83
SK0145,2025,48
SK0208,2023,33
SK0064,2026,36
SK0299,2021,81
SK0015,2025,20
SK0014,2026,13
SK0144,2026,62
SK0075,2026,58
SK0040,2024,46
SK0213,2022,99
SK0193,2022,13
SK0207,2022,94
SK0058,2022,43
SK0192,2025,39
SK0207,2024,91
SK0096,2026,21
SK0092,2022,56
SK0271,2023,59
SK0132,2024,33
SK0162,2025,41
SK0292,2024,55
SK0268,2021,77
SK0027,2024,29
SK0207,2026,85
SK0234,2023,22
SK0057,2021,12
SK0018,2025,38
SK0135,2026,62
SK0007,2021,83
SK0009,2024,27
SK0207,2026,27
SK0280,2023,33
SK0034,2023,18
SK0251,2026,32
SK0155,2021,25
SK0030,2022,37
SK0153,2024,69
SK0214,2025,23
SK0206,2021,69
SK0163,2022,46
SK0113,2026,91
SK0059,2021,10
SK0076,2024,68
SK0020,2026,78
SK0176,2025,42
SK0061,2024,49
SK0032,2026,77
SK0232,2025,89
SK0001,2021,64
SK0242,2026,36
SK0056,2024,42
SK0095,2023,92
SK0174,2023,75
SK0015,2024,27
SK0033,2024,52
SK0185,2024,17
SK0247,2021,49
SK0049,2026,90
SK0049,2021,10
SK0076,2023,64
SK0179,2021,42
SK0007,2022,32
SK0272,2022,13
SK0080,2022,40
SK0028,2021,84
SK0140,2023,13
SK0084,2026,11
SK0005,2022,50
SK0258,2022,80
SK0145,2022,35
SK0105,2024,32
SK0021,2026,63
SK0276,2024,14
SK0036,2026,70
SK0078,2024,86
SK0102,2026,89
SK0068,2022,36
SK0195,2024,33
SK0054,2023,48
SK0290,2023,29
SK0122,2026,33
SK0215,2021,31
SK0016,2024,82
SK0070,2021,29
SK0283,2021,88
SK0237,2021,86
SK0173,2022,62
SK0060,2021,91
SK0159,2025,57
SK0259,2023,22
SK0248,2026,48
SK0119,2023,72
SK0106,2024,47
SK0096,2026,75
SK0291,2023,71
SK0131,2024,96
SK0016,2022,40
SK0044,2021,79
SK0174,2022,92
SK0246,2021,56
SK0212,2021,65
SK0140,2022,45
SK0077,2022,73
SK0224,2024,97
SK0123,2026,10
SK0253,2024,67
SK0281,2024,67
SK0239,2023,63
SK0167,2026,76
SK0295,2023,86
SK0297,2022,35
SK0076,2023,41
SK0135,2023,53
SK0059,2022,28
SK0075,2024,51
SK0109,2025,41
SK0091,2026,48
SK0156,2023,91
SK0288,2022,22
SK0198,2024,40
SK0213,2023,48
SK0177,2021,30
SK0006,2026,85
SK0091,2021,20
SK0148,2023,51
SK0110,2023,60
SK0203,2022,64
SK0038,2021,58
SK0090,2021,54
SK0066,2023,95
SK0160,2023,98
SK0212,2026,63
SK0174,2024,93
SK0028,2026,46
SK0095,2022,22
SK0041,2026,12
SK0115,2023,43
SK0294,2026,27
SK0055,2026,46
SK0134,2022,50
SK0199,2021,72
SK0127,2024,80
SK0138,2023,80
SK0184,2026,87
SK0271,2021,39
SK0117,2026,67
SK0267,2025,70
SK0119,2022,70
SK0146,2023,74
SK0271,2026,16
SK0059,2025,74
SK0231,2023,99
SK0028,2024,63
SK0241,2022,99
SK0253,2024,25
SK0021,2021,35
SK0077,2024,58
SK0132,2024,69
SK0107,2022,81
SK0116,2023,33
SK0108,2024,96
SK0206,2026,35
SK0051,2026,51
SK0293,2026,50
SK0278,2024,91
SK0152,2026,48
SK0102,2026,25
SK0052,2023,61
SK0063,2022,98
SK0057,2024,90
SK0143,2026,71
SK0188,2024,73
SK0015,2022,34
SK0245,2026,57
SK0157,2026,13
SK0261,2023,35
SK0288,2021,16
SK0013,2024,52
SK0280,2021,77
SK0065,2022,20
SK0164,2026,26
SK0093,2026,94
SK0123,2026,60
SK0066,2021,27
SK0069,2024,14
SK0199,2023,36
SK0060,2021,75
SK0188,2025,57
SK0023,2026,91
SK0300,2024,53
SK0016,2024,60
SK0279,2022,73
SK0295,2025,18
SK0245,2026,73
SK0022,2024,90
SK0225,2022,96
SK0243,2024,66
SK0063,2025,67
SK0277,2021,95
SK0246,2021,11
SK0008,2022,97
SK0014,2025,42
SK0067,2024,99
SK0148,2024,33
SK0223,2025,88
SK0208,2021,65
SK0190,2021,58
SK0158,2023,84
SK0035,2025,10
SK0291,2023,38
SK0105,2021,84
SK0188,2022,43
SK0263,2021,90
SK0117,2022,14
SK0183,2023,16
SK0194,2025,80
SK0275,2026,74
SK0153,2022,41
SK0011,2022,17
SK0176,2021,98
SK0219,2023,81
SK0010,2026,60
SK0115,2021,97
SK0243,2021,55
SK0248,2026,26
SK0151,2024,48
SK0256,2022,35
SK0053,2025,37
SK0034,2026,66
SK0060,2025,77
SK0286,2023,20
SK0183,2022,33
SK0214,2025,90
SK0091,2023,70
SK0093,2021,34
SK0285,2022,96
SK0206,2025,57
SK0121,2026,51
SK0024,2023,52
SK0267,2023,59
SK0293,2026,13
SK0200,2021,18
SK0174,2026,35
SK0257,2023,85
SK0243,2024,20
SK0160,2022,17
SK0077,2022,89
SK0090,2023,84
SK0139,2024,52
SK0240,2023,87
SK0210,2021,86
SK0261,2021,80
SK0131,2024,66
SK0080,2023,65
SK0144,2023,33
SK0257,2021,27
SK0143,2025,56
SK0125,2021,73
SK0018,2026,96
SK0049,2026,97
SK0245,2022,40
SK0080,2024,66
SK0045,2023,86
SK0047,2025,72
SK0227,2022,43
SK0152,2024,34
SK0164,2022,99
SK0207,2025,84
SK0110,2022,92
SK0218,2021,63
SK0132,2026,20
SK0258,2025,33
SK0229,2021,21
SK0189,2022,57
SK0284,2026,73
SK0178,2026,65
SK0143,2025,73
SK0005,2024,54
SK0199,2026,55
SK0021,2023,79
SK0153,2023,87
SK0134,2021,91
SK0250,2022,50
SK0011,2023,69
SK0157,2025,59
SK0172,2025,56
SK0267,2024,10
SK0031,2022,65
SK0025,2024,30
SK0017,2026,89
SK0150,2024,61
SK0012,2023,80
SK0187,2026,49
SK0185,2024,63
SK0061,2024,58
SK0252,2021,50
SK0200,2026,50
SK0240,2023,10
SK0081,2025,50
SK0169,2023,52
SK0064,2024,75
SK0090,2024,24
SK0189,2023,84
SK0055,2025,55
SK0066,2023,60
SK0014,2026,16
SK0249,2022,22
SK0262,2026,14
SK0096,2022,26
SK0031,2024,80
SK0214,2025,70
SK0064,2021,72
SK0114,2023,32
SK0219,2026,44
SK0281,2024,72
SK0099,2022,15
SK0121,2024,70
SK0278,2023,20
SK0096,2026,70
SK0035,2023,97
SK0150,2026,40
SK0152,2022,98
SK0081,2021,20
SK0150,2025,13
SK0017,2022,82
SK0059,2025,41
SK0039,2026,84
SK0229,2023,95
SK0156,2024,30
SK0276,2021,88
SK0194,2026,13
SK0233,2026,15
SK0075,2024,65
SK0114,2025,67
SK0155,2021,76
SK0091,2021,30
SK0263,2024,26
SK0211,2024,70
SK0060,2022,39
SK0164,2021,25
SK0177,2024,64
SK0154,2024,54
SK0011,2025,84
SK0179,2022,25
SK0115,2024,35
SK0286,2025,24
SK0007,2023,64
SK0181,2025,69
SK0055,2024,78
SK0242,2023,69
SK0283,2023,19
SK0106,2024,72
SK0125,2026,50
SK0198,2026,30
SK0132,2023,75
SK0119,2024,70
SK0260,2024,54
SK0181,2022,23
SK0054,2022,39
SK0226,2022,29
SK0003,2026,21
SK0208,2025,94
SK0027,2021,83
SK0084,2023,84
SK0117,2023,97
SK0199,2021,54
SK0117,2022,47
SK0196,2021,76
SK0220,2023,70
SK0202,2021,33
SK0027,2026,50
SK0178,2023,11
SK0118,2023,36
SK0056,2026,49
SK0231,2024,29
SK0277,2022,75
SK0221,2021,99
SK0101,2026,13
SK0096,2021,30
SK0253,2021,38
SK0151,2022,24
SK0167,2022,65
SK0133,2026,30
SK0248,2026,28
SK0122,2024,78
SK0232,2026,39
SK0262,2021,63
SK0181,2026,73
SK0079,2024,98
SK0201,2026,45
SK0177,2022,82
SK0251,2021,76
SK0075,2025,64
SK0134,2021,55
SK0130,2026,20
SK0066,2024,67
SK0093,2025,92
SK0212,2023,40
SK0209,2026,11
SK0278,2021,39
SK0136,2026,83
SK0251,2022,36
SK0139,2024,47
SK0267,2026,69
SK0010,2021,23
SK0210,2021,35
SK0123,2024,87
SK0300,2023,34
SK0117,2022,88
SK0215,2025,53
SK0002,2026,44
SK0064,2024,90
SK0290,2026,78
SK0273,2025,50
SK0215,2021,37
SK0266,2021,42
SK0055,2023,62
SK0164,2024,96
SK0172,2023,28
SK0204,2021,21
SK0199,2026,25
SK0284,2021,53
SK0293,2025,77
SK0060,2025,71
SK0041,2023,27
SK0244,2026,22
SK0010,2021,76
SK0168,2023,49
SK0229,2024,19
SK0039,2021,12
SK0027,2022,36
SK0154,2021,33
SK0248,2024,21
SK0065,2021,13
SK0121,2021,82
SK0261,2023,84
SK0041,2026,74
SK0230,2022,33
SK0133,2023,64
SK0293,2026,98
SK0282,2021,78
SK0037,2024,50
SK0206,2023,95
SK0001,2025,95
SK0018,2022,60
SK0043,2022,11
SK0216,2024,91
SK0050,2025,84
SK0074,2024,86
SK0225,2023,20
SK0237,2023,73
SK0012,2024,98
SK0271,2026,66
SK0021,2026,47
SK0038,2023,95
SK0233,2026,61
SK0214,2026,63
SK0034,2025,94
SK0033,2026,92
SK0219,2023,87
SK0251,2026,95
SK0287,2021,53
SK0280,2021,86
SK0056,2021,43
SK0027,2025,65
SK0250,2023,17
SK0250,2024,66
SK0039,2025,63
SK0296,2024,72
SK0070,2026,59
SK0024,2022,49
SK0294,2023,70
SK0034,2026,68
SK0214,2026,28
SK0257,2025,32
SK0225,2024,28
SK0257,2022,52
SK0114,2025,39
SK0090,2024,34
SK0039,2023,69
SK0125,2024,96
SK0228,2022,66
SK0288,2021,49
SK0034,2021,43
SK0151,2026,96
SK0180,2022,33
SK0007,2021,48
SK0040,2023,20
SK0143,2022,31
SK0078,2024,15
SK0020,2021,85
SK0181,2026,52
SK0001,2022,77
SK0263,2022,55
SK0161,2022,98
SK0299,2022,95
SK0019,2023,92
SK0137,2023,90
SK0113,2025,57
SK0281,2021,87
SK0057,2022,39
SK0229,2021,40
SK0119,2024,65
SK0066,2024,27
SK0046,2024,20
SK0284,2023,45
SK0151,2023,55
SK0045,2025,33
SK0226,2023,65
SK0298,2025,79
SK0292,2022,29
SK0278,2023,54
SK0007,2023,65
SK0194,2023,98
SK0015,2024,81
SK0267,2024,17
SK0272,2025,26
SK0127,2023,19
SK0098,2026,91
SK0072,2022,84
SK0207,2025,10
SK0160,2025,19
SK0048,2022,17
SK0275,2023,78
SK0131,2024,70
SK0035,2025,91
SK0157,2023,87
SK0235,2022,65
SK0175,2021,50
SK0001,2023,96
SK0118,2022,17
SK0093,2022,18
SK0193,2021,59
SK0291,2024,76
SK0159,2023,72
SK0255,2021,22
SK0217,2022,29
SK0076,2024,68
SK0181,2024,48
SK0222,2022,98
SK0113,2021,84
SK0041,2021,20
SK0180,2024,49
SK0066,2021,88
SK0209,2026,40
SK0207,2025,13
SK0144,2023,56
SK0056,2021,73
SK0198,2023,64
SK0130,2023,94
SK0274,2024,71
SK0284,2023,80
SK0156,2026,32
SK0291,2024,91
SK0173,2021,24
SK0146,2022,19
SK0275,2026,63
SK0296,2024,70
SK0264,2024,24
SK0106,2023,44
SK0183,2026,35
SK0117,2026,35
SK0131,2021,64
SK0234,2023,99
SK0229,2024,41
SK0001,2026,51
SK0049,2025,68
SK0155,2025,10
SK0008,2021,46
SK0078,2021,76
SK0132,2026,42
SK0171,2026,62
SK0207,2023,55
SK0240,2021,61
SK0208,2021,82
SK0165,2025,97
SK0211,2022,66
SK0193,2023,68
SK0008,2023,20
SK0066,2021,68
SK0230,2022,31
SK0176,2021,92
SK0233,2026,56
SK0279,2026,16
SK0079,2022,67
SK0049,2025,94
SK0212,2021,29
SK0155,2022,81
SK0010,2025,29
SK0282,2025,87
SK0082,2023,73
SK0128,2022,70
SK0128,2024,57
SK0274,2022,21
SK0132,2025,53
SK0078,2026,93
SK0289,2024,44
SK0111,2023,49
SK0252,2022,40
SK0126,2023,25
SK0053,2024,29
SK0080,2024,98
SK0164,2022,87
SK0187,2023,81
SK0096,2023,33
SK0190,2021,52
SK0170,2024,99
SK0113,2021,43
SK0252,2023,72
SK0137,2021,81
SK0139,2023,15
SK0288,2026,27
SK0259,2024,15
SK0220,2024,41
SK0081,2024,39
SK0236,2022,86
SK0010,2025,10
SK0204,2025,45
SK0099,2021,20
SK0226,2023,58
SK0228,2023,37
SK0077,2022,49
SK0168,2023,77
SK0130,2024,85
SK0195,2025,46
SK0244,2022,96
SK0223,2024,25
SK0195,2021,90
SK0229,2022,59
SK0031,2024,56
SK0249,2026,42
SK0204,2021,23
SK0274,2024,47
SK0220,2026,44
SK0218,2025,50
SK0184,2025,32
SK0005,2025,61
SK0052,2021,39
SK0292,2024,94
SK0182,2022,16
SK0009,2026,46
SK0110,2023,63
SK0293,2025,30
SK0127,2021,19
SK0182,2026,86
SK0228,2022,66
SK0289,2026,67
SK0147,2023,38
SK0032,2022,16
SK0123,2023,60
SK0225,2025,31
SK0030,2024,85
SK0032,2026,58
SK0218,2025,85
SK0017,2025,24
SK0004,2021,44
SK0256,2022,66
SK0291,2024,60
SK0260,2026,85
SK0018,2026,77
SK0182,2026,59
SK0031,2022,77
SK0199,2026,77
SK0176,2026,82
SK0256,2022,31
SK0074,2023,21
SK0003,2021,64
SK0235,2022,23
SK0104,2025,15
SK0123,2026,63
SK0250,2023,54
SK0152,2025,20
SK0276,2021,89
SK0028,2021,39
SK0085,2021,78
SK0199,2024,10
SK0192,2026,78
SK0012,2021,84
SK0077,2022,13
SK0296,2023,19
SK0225,2024,51
SK0174,2024,10
SK0056,2021,86
SK0285,2025,88
SK0112,2022,47
SK0221,2026,16
SK0164,2022,10
SK0151,2023,19
SK0164,2023,59
SK0019,2022,88
SK0119,2023,46
SK0072,2025,21
SK0254,2026,78
SK0001,2025,78
SK0216,2026,57
SK0280,2023,61
SK0173,2023,69
SK0007,2026,96
SK0257,2022,88
SK0137,2022,64
SK0229,2023,73
SK0147,2021,47
SK0117,2024,75
SK0160,2023,90
SK0140,2023,73
SK0146,2026,52
SK0158,2022,19
SK0123,2021,14
SK0169,2023,49
SK0038,2025,79
SK0057,2022,58
SK0299,2022,68
SK0032,2021,81
SK0102,2021,49
SK0004,2023,67
SK0241,2023,58
SK0146,2022,77
SK0211,2025,81
SK0253,2024,10
SK0064,2025,65
SK0045,2022,91
SK0136,2022,46
SK0244,2025,25
SK0063,2021,84
SK0160,2025,55
SK0009,2022,81
SK0115,2021,61
SK0104,2026,51
SK0268,2026,12
SK0010,2026,90
SK0218,2023,70
SK0056,2021,78
SK0287,2025,57
SK0296,2025,59
SK0143,2024,67
SK0023,2021,77
SK0230,2025,96
SK0201,2023,69
SK0179,2023,47
SK0049,2026,97
SK0103,2025,34
SK0258,2021,41
SK0019,2021,86
SK0157,2026,35
SK0081,2022,35
SK0037,2024,93
SK0030,2025,84
SK0125,2022,99
SK0097,2021,30
SK0081,2022,50
SK0052,2024,85
SK0038,2026,82
SK0226,2024,36
SK0208,2024,76
SK0229,2023,40
SK0091,2023,82
SK0053,2026,49
SK0074,2023,29
SK0108,2025,24
SK0043,2023,85
SK0159,2025,26
SK0270,2023,61
SK0213,2026,14
SK0295,2021,29
SK0271,2024,96
SK0288,2025,17
SK0055,2025,90
SK0153,2021,13
SK0089,2026,19
SK0131,2025,45
SK0239,2023,90
SK0192,2026,39
SK0023,2025,68
SK0102,2024,85
SK0015,2026,13
SK0178,2026,33
SK0148,2025,11
SK0272,2024,29
SK0271,2026,52
SK0255,2025,38
SK0103,2021,16
SK0199,2026,23
SK0118,2025,12
SK0145,2023,48
SK0260,2026,81
SK0164,2022,42
SK0198,2024,66
SK0218,2023,37
SK0230,2024,36
SK0143,2026,44
SK0119,2023,32
SK0167,2026,17
SK0193,2021,59
SK0142,2024,63
SK0279,2021,78
SK0137,2023,41
SK0191,2021,48
SK0139,2023,89
SK0065,2023,21
SK0218,2024,89
SK0173,2026,26
SK0176,2021,10
SK0271,2021,60
SK0282,2022,77
SK0123,2021,41
SK0189,2024,73
SK0206,2024,14
SK0137,2025,46
SK0243,2022,27
SK0159,2022,41
SK0215,2021,93
SK0118,2021,68
SK0091,2021,53
SK0208,2023,65
SK0055,2021,80
SK0248,2025,30
SK0178,2021,31
SK0268,2024,62
SK0003,2022,50
SK0224,2026,83
SK0269,2023,64
SK0220,2024,96
SK0045,2026,78
SK0170,2026,10
SK0143,2022,67
SK0255,2023,19
SK0011,2023,88
SK0079,2026,69
SK0021,2023,86
SK0258,2025,15
SK0252,2024,90
SK0203,2026,96
SK0063,2022,12
SK0055,2023,52
SK0195,2026,27
SK0215,2022,85
SK0121,2023,37
SK0239,2022,31
SK0167,2024,32
SK0071,2021,93
SK0007,2026,46
SK0010,2025,47
SK0092,2026,27
SK0178,2022,92
SK0117,2026,48
SK0030,2024,20
SK0203,2025,99
SK0267,2021,52
SK0174,2025,46
SK0190,2026,53
SK0228,2023,88
SK0137,2021,21
SK0020,2023,87
SK0181,2022,96
SK0256,2022,45
SK0050,2022,17
SK0293,2022,13
SK0024,2026,19
SK0171,2023,97
SK0036,2024,55
SK0221,2025,24
SK0009,2023,83
SK0285,2024,15
SK0248,2024,64
SK0208,2026,44
SK0060,2023,45
SK0224,2023,49
SK0261,2023,86
SK0262,2024,35
SK0235,2026,45
SK0080,2024,91
SK0223,2026,14
SK0220,2021,59
SK0142,2025,21
SK0182,2025,39
SK0187,2021,93
SK0059,2022,42
SK0003,2022,70
SK0144,2026,74
SK0147,2025,32
SK0043,2026,62
SK0014,2023,64
SK0054,2023,20
SK0177,2023,22
SK0055,2024,45
SK0032,2025,49
SK0161,2023,80
SK0281,2025,35
SK0126,2024,69
SK0265,2025,28
SK0154,2024,91
SK0063,2023,18
SK0026,2024,21
SK0298,2023,13
SK0042,2023,20
SK0013,2023,30
SK0008,2023,32
SK0266,2022,46
SK0094,2022,11
SK0249,2024,54
SK0121,2025,26
SK0160,2024,17
SK0236,2025,75
SK0298,2025,75
SK0055,2023,63
SK0030,2026,36
SK0237,2025,78
SK0096,2024,79
SK0280,2025,78
SK0042,2021,10
SK0057,2023,21
SK0146,2025,42
SK0021,2024,92
SK0040,2026,87
SK0084,2021,54
SK0086,2025,56
SK0272,2026,11
SK0231,2025,25
SK0135,2024,10
SK0143,2025,54
SK0287,2026,79
SK0012,2022,96
SK0191,2025,23
SK0150,2026,92
SK0155,2026,16
SK0094,2021,72
SK0113,2022,28
SK0123,2021,18
SK0088,2021,25
SK0150,2024,40
SK0263,2024,41
SK0137,2026,61
SK0300,2021,75
SK0037,2025,15
SK0021,2025,79
SK0243,2024,89
SK0086,2025,68
SK0004,2023,97
SK0281,2022,33
SK0017,2021,16
SK0193,2022,54
SK0177,2026,38
SK0241,2026,18
SK0116,2025,32
SK0189,2023,59
SK0188,2024,39
SK0289,2021,76
SK0021,2021,20
SK0041,2022,37
SK0272,2023,13
SK0092,2025,40
SK0026,2021,20
SK0009,2024,51
SK0289,2021,40
SK0011,2021,48
SK0296,2025,72
SK0208,2026,23
SK0239,2026,22
SK0022,2024,78
SK0214,2022,78
SK0125,2026,74
SK0021,2024,24
SK0104,2024,63
SK0086,2025,29
SK0103,2021,72
SK0059,2021,32
SK0075,2026,79
SK0163,2022,11
SK0086,2025,33
SK0295,2022,42
SK0018,2024,52
SK0209,2022,57
SK0027,2026,11
SK0078,2023,21
SK0062,2026,81
SK0094,2026,81
SK0008,2022,42
SK0195,2021,90
SK0042,2023,59
SK0206,2022,75
SK0008,2025,56
SK0084,2022,14
SK0060,2022,68
SK0120,2025,27
SK0041,2024,97
SK0156,2025,84
SK0168,2023,36
SK0092,2021,93
SK0098,2025,77
SK0033,2022,56
SK0203,2023,82
SK0048,2026,81
SK0284,2021,40
SK0190,2026,57
SK0152,2024,32
SK0267,2023,56
SK0171,2022,62
SK0229,2024,36
SK0030,2022,39
SK0254,2024,40
SK0274,2024,30
SK0256,2025,61
SK0253,2025,10
SK0027,2026,62
SK0039,2022,24
SK0283,2026,81
SK0264,2026,35
SK0062,2024,74
SK0077,2022,30
SK0269,2026,74
SK0267,2022,34
SK0072,2026,48
SK0019,2024,20
SK0245,2023,93
SK0001,2025,26
SK0293,2024,20
SK0255,2023,93
SK0033,2021,17
SK0091,2021,93
SK0008,2024,48
SK0008,2022,66
SK0065,2026,86
SK0185,2024,89
SK0136,2025,86
SK0252,2024,89
SK0117,2022,25
SK0267,2022,67
SK0240,2022,16
SK0165,2022,70
SK0111,2023,22
SK0239,2026,45
SK0130,2026,88
SK0099,2024,68
SK0277,2025,52
SK0196,2022,67
SK0003,2023,51
SK0207,2024,73
SK0135,2022,81
SK0075,2021,75
SK0157,2023,50
SK0260,2025,64
SK0175,2026,81
SK0056,2022,99
SK0231,2025,16
SK0068,2024,69
SK0253,2025,95
SK0182,2024,25
SK0126,2021,15
SK0227,2024,89
SK0023,2024,58
SK0211,2022,46
SK0269,2021,23
SK0127,2022,26
SK0051,2021,69
SK0276,2025,90
SK0283,2021,59
SK0049,2023,71
SK0029,2025,66
SK0229,2023,68
SK0076,2025,51
SK0023,2023,74
SK0190,2022,49
SK0113,2024,88
SK0089,2025,59
SK0280,2022,46
SK0031,2024,39
SK0276,2021,57
SK0100,2023,44
SK0028,2026,30
SK0170,2025,11
SK0298,2025,58
SK0145,2022,15
SK0256,2021,70
SK0070,2025,87
SK0015,2021,71
SK0015,2022,61
SK0032,2022,24
SK0252,2023,16
SK0029,2024,39
SK0133,2023,68
SK0004,2023,28
SK0073,2025,86
SK0245,2025,84
SK0188,2026,63
SK0125,2022,58
SK0177,2025,85
SK0114,2024,79
SK0190,2023,43
SK0065,2023,65
SK0070,2025,47
SK0020,2024,55
SK0074,2024,23
SK0246,2023,58
SK0176,2021,90
SK0043,2023,96
SK0198,2025,49
SK0238,2024,57
SK0237,2023,13
SK0209,2025,27
SK0176,2021,63
SK0249,2021,10
SK0050,2026,72
SK0231,2021,35
SK0030,2023,89
SK0220,2022,16
SK0282,2024,36
SK0296,2024,63
SK0124,2025,44
SK0084,2021,50
SK0206,2026,84
SK0188,2021,80
SK0111,2021,23
SK0042,2025,56
SK0299,2021,34
SK0076,2026,23
SK0250,2024,29
SK0024,2024,58
SK0128,2023,48
SK0121,2026,33
SK0075,2024,81
SK0169,2025,61
SK0155,2023,56
SK0209,2026,33
SK0018,2026,95
SK0168,2024,75
SK0192,2026,74
SK0244,2026,46
SK0177,2021,43
SK0123,2023,29
SK0117,2025,81
SK0101,2021,93
SK0286,2026,11
SK0056,2023,49
SK0173,2026,16
SK0285,2024,98
SK0016,2023,82
SK0204,2024,94
SK0196,2021,80
SK0192,2024,70
SK0155,2022,24
SK0048,2026,41
SK0146,2024,29
SK0154,2021,78
SK0169,2021,75
SK0243,2024,66
SK0197,2024,17
SK0057,2021,81
SK0177,2021,51
SK0026,2024,58
SK0155,2022,87
SK0251,2025,81
SK0059,2026,57
SK0088,2025,98
SK0282,2026,31
SK0054,2026,80
SK0085,2021,62
SK0162,2021,13
SK0120,2023,91
SK0239,2021,80
SK0107,2024,18
SK0064,2026,57
SK0042,2023,78
SK0294,2022,77
SK0172,2026,96
SK0157,2021,74
SK0086,2024,65
SK0245,2023,68
SK0278,2021,39
SK0052,2024,11
SK0038,2021,66
SK0249,2025,30
SK0231,2026,76
SK0080,2025,27
SK0179,2023,21
SK0158,2021,37
SK0184,2024,43
SK0166,2021,96
SK0177,2026,32
SK0091,2024,49
SK0115,2025,74
SK0285,2023,93
SK0013,2023,66
SK0005,2022,28
SK0044,2025,60
SK0292,2026,35
SK0046,2021,41
SK0276,2024,89
SK0206,2021,28
SK0275,2023,71
SK0067,2025,70
SK0028,2026,76
SK0281,2025,31
SK0043,2025,21
SK0084,2021,97
SK0266,2021,99
SK0227,2021,55
SK0035,2024,77
SK0116,2026,87
SK0127,2021,20
SK0291,2023,27
SK0231,2026,65
SK0283,2025,26
SK0221,2023,41
SK0050,2024,35
SK0013,2026,33
SK0094,2021,25
SK0188,2026,53
SK0018,2023,59
SK0231,2022,38
SK0194,2026,58
SK0087,2022,15
SK0081,2021,62
SK0292,2022,88
SK0052,2022,47
SK0258,2022,15
SK0097,2024,59
SK0178,2025,27
SK0008,2025,16
SK0082,2024,76
SK0285,2024,42
SK0050,2023,38
SK0200,2022,21
SK0116,2022,28
SK0167,2026,17
SK0241,2023,54
SK0081,2022,57
SK0256,2026,81
SK0263,2024,39
SK0098,2022,89
SK0166,2026,46
SK0120,2025,36
SK0201,2021,66
SK0059,2022,74
SK0097,2021,72
SK0271,2025,64
SK0205,2023,75
SK0180,2025,24
SK0175,2025,51
SK0260,2021,67
SK0071,2021,54
SK0166,2021,62
SK0122,2026,76
SK0066,2025,21
SK0048,2026,82
SK0130,2023,54
SK0044,2024,83
SK0296,2026,45
SK0160,2026,45
SK0015,2022,58
SK0170,2026,31
SK0223,2022,32
SK0089,2022,89
SK0108,2023,44
SK0230,2025,68
SK0008,2022,47
SK0162,2026,72
SK0155,2023,37
SK0039,2023,84
SK0246,2021,90
SK0126,2021,29
SK0268,2021,72
SK0069,2024,39
SK0162,2024,56
SK0161,2024,38
SK0219,2026,59
SK0014,2022,28
SK0292,2021,33
SK0271,2022,69
SK0030,2025,19
SK0236,2021,61
SK0088,2021,70
SK0152,2023,88
SK0239,2024,38
SK0123,2021,20
SK0063,2021,68
SK0268,2026,56
SK0195,2022,42
SK0080,2026,91
SK0098,2023,44
SK0067,2026,93
SK0259,2024,45
SK0168,2024,55
SK0042,2024,93
SK0044,2021,24
SK0244,2022,98
SK0252,2021,51
SK0238,2025,28
SK0024,2025,28
SK0116,2023,89
SK0265,2025,71
SK0175,2021,47
SK0063,2022,93
SK0199,2024,83
SK0096,2021,60
SK0174,2022,13
SK0010,2021,44
SK0091,2021,34
SK0021,2025,92
SK0254,2023,37
SK0007,2021,22
SK0007,2022,59
SK0197,2024,93
SK0050,2025,81
SK0170,2023,91
SK0015,2024,56
SK0040,2021,97
SK0222,2023,46
SK0294,2021,20
SK0026,2025,36
SK0035,2022,75
SK0137,2022,67
SK0087,2022,34
SK0256,2022,25
SK0042,2026,28
SK0165,2023,52
SK0051,2022,60
SK0070,2022,87
SK0297,2023,56
SK0011,2021,82
SK0118,2021,13
SK0190,2026,79
SK0265,2022,43
SK0129,2021,79
SK0161,2023,87
SK0131,2023,18
SK0111,2023,14
SK0161,2026,66
SK0297,2021,60
SK0071,2025,94
SK0046,2024,53
SK0018,2025,70
SK0161,2025,93
SK0111,2024,91
SK0059,2026,67
SK0079,2025,25
SK0204,2025,30
SK0160,2024,16
SK0021,2022,18
SK0230,2021,16
SK0020,2024,40
SK0263,2025,48
SK0045,2025,85
SK0279,2022,40
SK0217,2023,89
SK0021,2026,37
SK0105,2021,44
SK0264,2025,82
SK0148,2025,70
SK0001,2026,28
SK0082,2026,58
SK0061,2025,83
SK0205,2024,51
SK0071,2022,66
SK0161,2024,53
SK0204,2026,20
SK0002,2023,29
SK0062,2024,36
SK0046,2026,11
SK0289,2021,59
SK0005,2021,58
SK0164,2022,18
SK0060,2022,75
SK0253,2023,26
SK0299,2023,24
SK0268,2024,76
SK0244,2024,37
SK0207,2026,58
SK0008,2026,27
SK0233,2022,83
SK0258,2024,98
SK0042,2023,94
SK0142,2022,45
SK0022,2024,72
SK0187,2021,87
SK0285,2024,62
SK0139,2025,29
SK0004,2023,18
SK0120,2022,76
SK0231,2024,45
SK0016,2023,44
SK0077,2021,50
SK0086,2021,12
SK0095,2024,29
SK0209,2021,94
SK0207,2026,84
SK0263,2025,27
SK0031,2022,66
SK0117,2025,72
SK0243,2022,28
SK0293,2022,98
SK0197,2025,25
SK0159,2022,75
SK0249,2022,45
SK0279,2025,13
SK0034,2021,62
SK0114,2026,30
SK0210,2021,22
SK0209,2023,97
SK0193,2022,56
SK0049,2024,77
SK0118,2026,22
SK0295,2025,22
SK0113,2024,84
SK0181,2025,34
SK0204,2023,43
SK0135,2024,44
SK0090,2023,12
SK0163,2026,62
SK0120,2022,86
SK0183,2025,25
SK0152,2023,14
SK0299,2025,99
SK0216,2025,64
SK0081,2023,78
SK0035,2023,28
SK0064,2024,79
SK0036,2025,69
SK0167,2024,46
SK0255,2025,11
SK0176,2026,91
SK0285,2025,94
SK0034,2022,70
SK0188,2026,77
SK0287,2023,56
SK0171,2026,24
SK0045,2024,68
SK0248,2022,78
SK0103,2024,14
SK0201,2022,87
SK0173,2022,31
SK0295,2022,68
SK0286,2021,99
SK0035,2023,85
SK0115,2024,13
SK0250,2023,53
SK0047,2026,99
SK0029,2021,24
SK0280,2023,22
SK0255,2024,76
SK0163,2025,65
SK0031,2026,56
SK0076,2021,84
SK0129,2025,44
SK0032,2023,51
SK0010,2026,19
SK0210,2026,31
SK0071,2024,70
SK0019,2023,27
SK0060,2021,71
SK0057,2025,24
SK0152,2024,23
SK0269,2023,74
SK0248,2025,48
SK0240,2026,61
SK0035,2022,45
SK0118,2022,23
SK0062,2026,74
SK0217,2021,87
SK0166,2021,71
SK0070,2023,57
SK0193,2024,33
SK0147,2025,32
SK0038,2023,11
SK0034,2022,90
SK0267,2022,70
SK0124,2026,18
SK0110,2021,21
SK0047,2023,41
SK0024,2025,34
SK0185,2026,51
SK0143,2026,92
SK0239,2026,90
SK0196,2026,92
SK0271,2026,20
SK0127,2022,12
SK0018,2026,20
SK0098,2023,50
SK0011,2022,84
SK0218,2025,17
SK0105,2026,11
SK0056,2026,60
SK0001,2021,59
SK0292,2024,95
SK0046,2026,88
SK0051,2021,58
SK0245,2021,51
SK0232,2024,44
SK0041,2023,35
SK0022,2022,35
SK0096,2022,61
SK0190,2022,32
SK0034,2024,51
SK0273,2022,49
SK0069,2025,20
SK0250,2026,34
SK0006,2025,81
SK0050,2022,77
SK0205,2023,44
SK0074,2021,48
SK0202,2026,79
SK0032,2024,10
SK0058,2024,51
SK0028,2021,63
SK0074,2024,29
SK0084,2021,93
SK0159,2024,93
SK0072,2025,94
SK0088,2024,36
SK0146,2026,57
SK0073,2022,47
SK0029,2021,37
SK0073,2026,69
SK0297,2025,88
SK0015,2021,35
SK0223,2026,76
SK0215,2022,14
SK0042,2023,10
SK0199,2023,14
SK0032,2026,27
SK0036,2023,23
SK0172,2024,82
SK0021,2025,90
SK0180,2025,18
SK0028,2025,44
SK0208,2021,55
SK0206,2026,43
SK0082,2024,32
SK0202,2024,62
SK0155,2022,80
SK0239,2023,40
SK0177,2021,23
SK0296,2022,75
SK0209,2022,95
SK0189,2022,39
SK0025,2023,76
SK0032,2025,55
SK0150,2021,73
SK0089,2026,99
SK0293,2023,63
SK0247,2023,78
SK0109,2022,30
SK0179,2026,29
SK0232,2023,39
SK0109,2024,21
SK0027,2026,69
SK0127,2022,97
SK0146,2024,21
SK0196,2025,94
SK0150,2021,87
SK0169,2025,75
SK0071,2026,64
SK0054,2025,44
SK0201,2025,82
SK0184,2022,85
SK0097,2022,71
SK0017,2023,17
SK0286,2023,50
SK0141,2024,21
SK0233,2021,20
SK0158,2023,93
SK0044,2021,18
SK0051,2021,78
SK0135,2022,14
SK0108,2022,38
SK0059,2023,83
SK0202,2026,52
SK0282,2026,90
SK0288,2025,11
SK0201,2023,57
SK0155,2023,65
SK0255,2026,82
SK0099,2024,66
SK0202,2022,82
SK0239,2023,51
SK0263,2026,48
SK0060,2021,20
SK0064,2023,11
SK0161,2022,28
SK0136,2023,40
SK0119,2024,17
SK0037,2026,46
SK0059,2023,73
SK0033,2022,37
SK0031,2026,33
SK0230,2026,82
SK0010,2025,17
SK0250,2026,30
SK0016,2023,39
SK0013,2024,13
SK0174,2026,62
SK0088,2024,40
SK0271,2022,71
SK0240,2024,75
SK0274,2026,18
SK0131,2023,63
SK0121,2026,59
SK0181,2024,54
SK0172,2022,75
SK0183,2022,66
SK0111,2022,33
SK0005,2022,70
SK0025,2024,12
SK0178,2022,87
SK0048,2025,45
SK0142,2021,67
SK0063,2023,61
SK0073,2023,78
SK0006,2025,98
SK0038,2022,50
SK0004,2026,64
SK0214,2022,24
SK0244,2022,67
SK0109,2025,34
SK0175,2021,87
SK0277,2023,44
SK0051,2023,53
SK0040,2025,78
SK0081,2022,41
SK0186,2025,39
SK0096,2023,55
SK0187,2024,41
SK0211,2025,87
SK0050,2024,91
SK0203,2025,76
SK0186,2023,35
SK0086,2023,59
SK0173,2026,97
SK0001,2022,26
SK0252,2021,35
SK0041,2026,94
SK0086,2023,54
SK0043,2021,94
SK0052,2025,39
SK0159,2026,31
SK0088,2024,90
SK0179,2024,62
SK0121,2026,38
SK0057,2024,98
SK0075,2026,43
SK0080,2026,32
SK0028,2021,33
SK0167,2021,47
SK0169,2026,69
SK0245,2025,11
SK0200,2021,94
SK0297,2022,44
SK0277,2023,99
SK0219,2023,76
SK0048,2022,60
SK0037,2021,47
SK0264,2026,53
SK0273,2026,65
SK0066,2022,98
SK0061,2023,76
SK0061,2026,76
SK0297,2025,88
SK0022,2023,40
SK0247,2026,62
SK0110,2025,27
SK0197,2022,87
SK0023,2024,74
SK0266,2026,23
SK0282,2023,28
SK0183,2021,23
SK0124,2024,19
SK0296,2021,42
SK0201,2022,82
SK0122,2022,60
SK0107,2023,79
SK0065,2023,80
SK0106,2022,48
SK0167,2023,17
SK0105,2025,16
SK0062,2026,45
SK0265,2024,83
SK0054,2025,64
SK0256,2024,67
SK0283,2025,57
SK0036,2021,24
SK0186,2023,50
SK0155,2022,58
SK0135,2022,52
SK0241,2021,56
SK0295,2022,76
SK0028,2026,59
SK0292,2022,49
SK0015,2025,83
SK0201,2025,47
SK0143,2021,42
SK0177,2023,90
SK0287,2022,79
SK0092,2021,30
SK0267,2025,57
SK0160,2023,49
SK0137,2025,53
SK0168,2026,24
SK0268,2025,59
SK0075,2025,83
SK0008,2026,82
SK0127,2021,81
SK0195,2021,77
SK0039,2023,77
SK0060,2025,25
SK0127,2026,33
SK0032,2024,51
SK0024,2022,68
SK0136,2024,12
SK0071,2022,89
SK0275,2022,21
SK0131,2025,44
SK0188,2023,77
SK0156,2021,20
SK0159,2024,32
SK0041,2022,25
SK0219,2025,96
SK0168,2025,16
SK0087,2021,75
SK0182,2023,15
SK0261,2022,73
SK0232,2025,78
SK0101,2024,63
SK0115,2024,14
SK0203,2023,37
SK0233,2022,58
SK0036,2025,19
SK0145,2021,91
SK0159,2022,49
SK0239,2026,50
SK0260,2022,21
SK0150,2024,57
SK0148,2025,20
SK0236,2021,60
SK0298,2023,66
SK0078,2025,32
SK0182,2026,91
SK0171,2021,31
SK0126,2026,42
SK0027,2025,19
SK0222,2022,47
SK0294,2022,84
SK0105,2021,72
SK0294,2026,61
SK0288,2021,61
SK0006,2024,38
SK0173,2023,88
SK0056,2024,26
SK0115,2022,14
SK0041,2026,98
SK0266,2021,80
SK0220,2025,50
SK0290,2023,72
SK0088,2023,38
SK0235,2022,47
SK0081,2025,33
SK0190,2026,35
SK0035,2024,54
SK0058,2025,60
SK0150,2023,35
SK0027,2021,47
SK0151,2025,20
SK0010,2022,32
SK0073,2023,69
SK0142,2025,99
SK0031,2021,31
SK0021,2021,61
SK0123,2021,96
SK0114,2026,59
SK0221,2021,27
SK0079,2024,11
SK0168,2024,37
SK0078,2023,15
SK0063,2022,92
SK0018,2023,64
SK0119,2025,28
SK0211,2025,45
SK0007,2025,37
SK0187,2021,42
SK0249,2022,49
SK0181,2023,39
SK0062,2022,89
SK0285,2024,49
SK0092,2021,63
SK0223,2022,88
SK0162,2026,29
SK0079,2023,86
SK0103,2022,25
SK0093,2025,31
SK0231,2026,41
SK0110,2024,58
SK0112,2023,40
SK0043,2024,78
SK0069,2021,56
SK0061,2021,32
SK0025,2022,51
SK0241,2021,83
SK0227,2023,82
SK0168,2021,31
SK0135,2026,49
SK0246,2026,58
SK0088,2025,41
SK0176,2022,39
SK0203,2026,45
SK0067,2021,61
SK0274,2024,30
SK0216,2022,30
SK0256,2022,84
SK0038,2024,83
SK0025,2026,78
SK0295,2021,25
SK0021,2026,30
SK0298,2025,96
SK0129,2021,77
SK0137,2023,56
SK0163,2022,54
SK0127,2026,78
SK0175,2024,53
SK0221,2023,94
SK0051,2026,39
SK0138,2022,16
SK0162,2026,76
SK0252,2023,45
SK0103,2025,24
SK0064,2026,44
SK0204,2026,61
SK0047,2026,40
SK0104,2023,91
SK0273,2025,74
SK0238,2022,38
SK0151,2021,38
SK0287,2023,14
SK0020,2022,99
SK0034,2021,73
SK0149,2021,26
SK0119,2023,89
SK0203,2024,78
SK0163,2024,41
SK0149,2022,81
SK0296,2021,59
SK0252,2024,40
SK0113,2026,75
SK0175,2024,66
SK0191,2023,98
SK0222,2023,83
SK0165,2021,37
SK0127,2024,59
SK0024,2024,61
SK0295,2025,45
SK0087,2024,56
SK0077,2024,31
SK0164,2023,85
SK0015,2022,53
SK0212,2024,54
SK0026,2024,75
SK0184,2022,99
SK0140,2024,45
SK0283,2024,90
SK0270,2022,45
SK0015,2025,63
SK0074,2021,21
SK0129,2023,14
SK0047,2022,66
SK0195,2024,88
SK0048,2023,40
SK0080,2023,37
SK0091,2026,94
SK0107,2022,92
SK0232,2026,15
SK0034,2024,44
SK0231,2024,59
SK0008,2025,19
SK0227,2023,79
SK0287,2025,45
SK0285,2021,98
SK0101,2021,18
SK0262,2022,74
SK0165,2023,14
SK0039,2026,49
SK0039,2024,53
SK0019,2023,42
SK0219,2025,94
SK0135,2022,92
SK0137,2023,96
SK0107,2021,23
SK0021,2026,16
SK0153,2024,76
SK0218,2021,67
SK0297,2022,67
SK0043,2026,87
SK0118,2023,29
SK0104,2021,63
SK0187,2023,55
SK0003,2025,31
SK0146,2024,62
SK0145,2026,77
SK0068,2021,57
SK0032,2021,67
SK0283,2026,83
SK0195,2023,41
SK0242,2021,82
SK0216,2021,32
SK0049,2021,69
SK0174,2022,97
SK0293,2021,56
SK0052,2026,30
SK0233,2021,17
SK0047,2023,15
SK0121,2026,64
SK0251,2021,40
SK0266,2025,98
SK0286,2021,56
SK0113,2021,94
SK0109,2022,27
SK0120,2022,27
SK0178,2025,30
SK0283,2025,67
SK0197,2021,23
SK0148,2022,81
SK0203,2024,38
SK0267,2024,46
SK0057,2024,54
SK0020,2022,61
SK0063,2024,73
SK0093,2026,40
SK0005,2021,33
SK0084,2026,14
SK0186,2021,91
SK0228,2024,76
SK0260,2021,82
SK0156,2021,88
SK0037,2021,52
SK0035,2025,75
SK0099,2021,18
SK0066,2023,41
SK0150,2026,27
SK0043,2022,63
SK0288,2024,11
SK0130,2023,76
SK0106,2021,16
SK0043,2022,58
SK0166,2021,78
SK0288,2024,21
SK0203,2024,71
SK0175,2021,59
SK0018,2023,88
SK0036,2025,61
SK0069,2026,33
SK0070,2026,86
SK0073,2023,82
SK0039,2023,66
SK0131,2025,15
SK0202,2026,99
SK0260,2023,59
SK0197,2022,54
SK0271,2023,27
SK0131,2022,31
SK0166,2025,26
SK0137,2026,74
SK0068,2025,71
SK0175,2022,25
SK0124,2024,55
SK0267,2024,18
SK0274,2023,57
SK0088,2023,19
SK0077,2022,54
SK0028,2022,89
SK0286,2023,94
SK0252,2025,40
SK0009,2023,42
SK0091,2024,40
SK0242,2025,19
SK0137,2025,42
SK0208,2026,34
SK0144,2024,92
SK0148,2026,90
SK0010,2026,33
SK0251,2021,81
SK0149,2025,30
SK0108,2021,22
SK0172,2024,40
SK0292,2025,54
SK0221,2025,56
SK0177,2022,74
SK0202,2021,72
SK0163,2026,70
SK0250,2024,48
SK0223,2024,64
SK0195,2025,40
SK0089,2022,65
SK0001,2021,85
SK0157,2026,34
SK0013,2026,37
SK0012,2021,33
SK0179,2026,91
SK0129,2024,39
SK0081,2022,36
SK0008,2021,54
SK0286,2026,43
SK0047,2022,58
SK0059,2026,95
SK0001,2023,84
SK0104,2025,81
SK0015,2022,31
SK0200,2022,56
SK0115,2023,16
SK0119,2024,67
SK0049,2021,32
SK0062,2025,96
SK0001,2024,83
SK0095,2025,72
SK0180,2021,85
SK0136,2026,20
SK0070,2022,92
SK0115,2025,99
SK0090,2022,30
SK0090,2021,60
SK0294,2024,47
SK0018,2024,34
SK0182,2024,90
SK0171,2024,86
SK0050,2023,15
SK0025,2023,22
SK0109,2021,80
SK0040,2026,78
SK0146,2021,39
SK0010,2026,77
SK0086,2024,19
SK0189,2022,14
SK0295,2023,97
SK0045,2024,60
SK0084,2021,70
SK0088,2025,59
SK0262,2021,38
SK0040,2022,43
SK0116,2026,82
SK0119,2025,96
SK0178,2024,92
SK0147,2024,39
SK0102,2026,85
SK0190,2024,41
SK0054,2023,65
SK0235,2023,95
SK0011,2021,50
SK0038,2025,85
SK0048,2021,37
SK0112,2025,67
SK0279,2025,91
SK0068,2025,43
SK0143,2025,25
SK0197,2024,10
SK0170,2026,43
SK0009,2022,79
SK0174,2021,40
SK0268,2022,42
SK0125,2023,68
SK0132,2025,93
SK0118,2026,98
SK0101,2026,35
SK0134,2024,97
SK0176,2022,56
SK0257,2025,94
SK0299,2023,89
SK0272,2023,46
SK0103,2023,23
SK0291,2024,36
SK0119,2026,96
SK0297,2024,63
SK0001,2025,58
SK0119,2024,82
SK0123,2024,91
SK0093,2024,41
SK0182,2022,59
SK0009,2026,82
SK0125,2024,50
SK0256,2024,51
SK0251,2023,62
SK0145,2024,32
SK0239,2021,93
SK0073,2021,20
SK0285,2026,31
SK0148,2023,42
SK0242,2026,52
SK0230,2026,49
SK0081,2025,40
SK0183,2026,34
SK0134,2022,56
SK0254,2023,29
SK0129,2022,35
SK0257,2026,47
SK0121,2024,78
SK0087,2026,48
SK0047,2026,25
SK0152,2021,62
SK0276,2025,18
SK0119,2026,56
SK0136,2021,21
SK0191,2021,26
SK0100,2022,44
SK0064,2025,95
SK0132,2022,32
SK0288,2026,26
SK0191,2024,14
SK0084,2022,42
SK0174,2026,77
SK0075,2024,31
SK0117,2021,65
SK0015,2026,17
SK0038,2022,23
SK0106,2022,88
SK0175,2026,32
SK0246,2025,59
SK0121,2024,46
SK0208,2025,31
SK0267,2022,44
SK0014,2024,98
SK0036,2026,14
SK0135,2021,41
SK0173,2025,53
SK0237,2026,88
SK0154,2026,19
SK0055,2025,24
SK0178,2023,41
SK0256,2021,49
SK0197,2026,55
SK0073,2023,30
SK0290,2021,58
SK0206,2024,84
SK0105,2025,21
SK0142,2025,48
SK0060,2024,65
SK0002,2021,56
SK0100,2026,50
SK0023,2022,60
SK0001,2023,88
SK0249,2022,22
SK0046,2023,90
SK0160,2026,63
SK0037,2021,94
SK0299,2021,66
SK0165,2024,25
SK0249,2023,58
SK0247,2024,69
SK0293,2024,13
SK0014,2023,66
SK0291,2023,45
SK0020,2024,99
SK0129,2022,16
SK0169,2025,33
SK0193,2024,10
SK0058,2024,75
SK0204,2025,46
SK0289,2023,59
SK0001,2024,10
SK0227,2026,34
SK0040,2026,11
SK0096,2025,97
SK0278,2026,30
SK0034,2026,30
SK0182,2022,76
SK0278,2025,51
SK0107,2021,39
SK0135,2024,82
SK0107,2026,25
SK0008,2026,36
SK0016,2025,50
SK0135,2026,36
SK0153,2026,58
SK0249,2024,15
SK0038,2026,90
SK0085,2022,92
SK0207,2021,89
SK0202,2024,48
SK0131,2024,90
SK0277,2023,24
SK0261,2022,55
SK0001,2026,20
SK0242,2022,50
SK0290,2025,49
SK0166,2024,74
SK0244,2025,61
SK0027,2023,38
SK0236,2025,62
SK0044,2022,50
SK0252,2021,14
SK0161,2025,54
SK0115,2021,39
SK0181,2023,75
SK0256,2024,17
SK0277,2021,19
SK0030,2023,38
SK0243,2026,51
SK0231,2023,67
SK0008,2026,39
SK0008,2023,83
SK0013,2025,77
SK0170,2024,96
SK0085,2026,99
SK0184,2024,52
SK0291,2023,34
SK0152,2026,28
SK0242,2023,59
SK0165,2022,71
SK0050,2024,14
SK0034,2022,79
SK0240,2024,85
SK0282,2024,57
SK0227,2025,63
SK0249,2024,81
SK0187,2025,60
SK0159,2021,32
SK0174,2021,26
SK0144,2022,27
SK0233,2023,21
SK0109,2025,53
SK0151,2026,55
SK0122,2025,43
SK0241,2026,25
SK0199,2026,55
SK0285,2025,63
SK0112,2022,70
SK0027,2021,71
SK0130,2025,31
SK0077,2023,49
SK0081,2024,15
SK0155,2024,51
SK0174,2023,96
SK0170,2023,15
SK0193,2025,97
SK0240,2024,99
SK0195,2023,33
SK0181,2022,47
SK0029,2024,22
SK0294,2022,22
SK0040,2026,27
SK0068,2022,84
SK0230,2021,34
SK0260,2026,56
SK0286,2023,29
SK0150,2023,69
SK0164,2024,60
SK0197,2026,60
SK0028,2025,89
SK0137,2022,33
SK0051,2025,30
SK0151,2025,49
SK0137,2022,99
SK0083,2025,38
SK0045,2022,34
SK0108,2023,23
SK0297,2021,74
SK0232,2024,98
SK0186,2021,13
SK0117,2024,80
SK0152,2025,68
SK0024,2024,94
SK0188,2023,85
SK0230,2023,91
SK0237,2021,50
SK0266,2024,94
SK0112,2023,68
SK0136,2023,59
SK0296,2022,47
SK0224,2026,60
SK0254,2021,37
SK0069,2023,86
SK0258,2026,74
SK0140,2023,38
SK0223,2026,26
SK0210,2025,63
SK0293,2025,80
SK0008,2024,74
SK0271,2022,14
SK0170,2022,58
SK0017,2026,74
SK0026,2021,61
SK0102,2024,46
SK0012,2023,95
SK0224,2024,63
SK0168,2022,37
SK0191,2022,56
SK0058,2024,57
SK0201,2025,18
SK0293,2026,12
SK0072,2025,35
SK0123,2021,94
SK0086,2026,88
SK0044,2021,25
SK0264,2025,79
SK0083,2023,77
SK0283,2021,76
SK0003,2025,19
SK0088,2024,72
SK0206,2023,97
SK0126,2023,27
SK0084,2026,12
SK0056,2024,79
SK0235,2024,41
SK0274,2025,22
SK0137,2024,45
SK0183,2024,24
SK0104,2023,60
SK0050,2026,88
SK0164,2025,71
SK0175,2023,79
SK0277,2021,57
SK0283,2026,63
SK0263,2026,48
SK0035,2021,87
SK0024,2022,40
SK0221,2024,10
SK0124,2021,93
SK0225,2025,61
SK0158,2023,60
SK0196,2021,62
SK0149,2025,46
SK0182,2021,49
SK0015,2023,32
SK0069,2021,51
SK0284,2022,33
SK0192,2021,80
SK0117,2021,98
SK0119,2025,79
SK0211,2023,49
SK0277,2024,74
SK0242,2024,70
SK0241,2021,95
SK0143,2026,75
SK0044,2022,33
SK0023,2025,42
SK0082,2022,43
SK0051,2021,72
SK0283,2024,17
SK0208,2026,79
SK0222,2021,39
SK0217,2023,27
SK0148,2024,57
SK0137,2026,13
SK0097,2024,40
SK0072,2024,22
SK0143,2022,14
SK0052,2024,19
SK0138,2026,43
SK0183,2023,22
SK0298,2022,39
SK0095,2023,81
SK0180,2024,98
SK0178,2023,59
SK0155,2022,80
SK0282,2021,47
SK0228,2025,13
SK0125,2024,62
SK0246,2025,12
SK0161,2026,26
SK0298,2024,18
SK0266,2023,11
SK0252,2026,41
SK0008,2023,61
SK0010,2025,53
SK0033,2021,37
SK0140,2021,25
SK0114,2022,16
SK0204,2021,70
SK0225,2026,29
SK0128,2021,46
SK0098,2025,70
SK0250,2024,30
SK0084,2023,18
SK0205,2022,91
SK0032,2023,95
SK0088,2024,66
SK0091,2024,56
SK0016,2025,32
SK0007,2024,78
SK0144,2024,10
SK0198,2021,75
SK0223,2025,43
SK0067,2025,53
SK0243,2022,64
SK0041,2022,50
SK0174,2025,21
SK0042,2025,48
SK0134,2024,18
SK0240,2023,22
SK0178,2024,37
SK0198,2024,14
SK0180,2022,91
SK0038,2024,81
SK0019,2024,61
SK0067,2024,68
SK0162,2021,88
SK0166,2023,44
SK0056,2026,61
SK0080,2025,51
SK0160,2025,94
SK0135,2024,29
SK0261,2021,60
SK0014,2022,46
SK0034,2024,81
SK0260,2024,77
SK0004,2024,68
SK0046,2023,40
SK0193,2022,38
SK0014,2026,48
SK0176,2022,22
SK0069,2025,54
SK0168,2024,11
SK0242,2022,73
SK0274,2023,24
SK0144,2025,41
SK0251,2024,65
SK0287,2023,55
SK0085,2021,56
SK0116,2023,29
SK0063,2024,47
SK0143,2023,43
SK0212,2025,32
SK0187,2022,34
SK0290,2022,27
SK0071,2026,41
SK0171,2022,16
SK0280,2026,40
SK0079,2025,65
SK0256,2025,26
SK0032,2025,80
SK0023,2021,71
SK0268,2024,41
SK0272,2021,11
SK0234,2026,57
SK0170,2025,52
SK0163,2021,25
SK0195,2025,10
SK0254,2025,79
SK0165,2026,33
SK0118,2024,88
SK0073,2026,46
SK0009,2022,38
SK0184,2024,11
SK0146,2024,10
SK0204,2023,54
SK0213,2026,69
SK0107,2024,20
SK0176,2022,44
SK0028,2021,76
SK0164,2025,91
SK0077,2021,35
SK0197,2026,86
SK0101,2023,62
SK0040,2025,44
SK0062,2026,36
SK0211,2026,38
SK0143,2022,87
SK0261,2022,44
SK0166,2023,33
SK0122,2025,47
SK0140,2025,25
SK0116,2022,42
SK0194,2021,28
SK0032,2024,59
SK0202,2022,32
SK0181,2026,23
SK0223,2024,86
SK0092,2022,12
SK0166,2021,17
SK0137,2024,79
SK0270,2026,93
SK0164,2023,94
SK0016,2024,33
SK0270,2025,92
SK0300,2022,84
SK0190,2021,54
SK0227,2022,13
SK0275,2024,24
SK0043,2025,87
SK0161,2026,76
SK0128,2023,31
SK0070,2022,10
SK0128,2024,71
SK0051,2021,25
SK0069,2026,87
SK0012,2026,95
SK0252,2022,26
SK0256,2025,53
SK0198,2026,36
SK0101,2022,31
SK0057,2026,82
SK0272,2023,77
SK0009,2023,38
SK0042,2025,15
SK0253,2021,33
SK0061,2022,50
SK0089,2024,96
SK0188,2024,88
SK0005,2024,56
SK0245,2021,66
SK0215,2024,94
SK0100,2023,62
SK0123,2026,41
SK0244,2021,81
SK0007,2025,22
SK0181,2025,65
SK0185,2024,36
SK0226,2022,25
SK0098,2024,22
SK0234,2026,13
SK0025,2023,49
SK0049,2021,55
SK0078,2022,93
SK0048,2026,93
SK0270,2024,96
SK0094,2021,48
SK0193,2023,25
SK0086,2021,42
SK0269,2023,82
SK0278,2023,99
SK0037,2022,89
SK0166,2024,30
SK0196,2024,71
SK0031,2025,27
SK0167,2024,89
SK0195,2026,63
SK0085,2023,75
SK0293,2024,82
SK0213,2023,42
SK0164,2023,87
SK0093,2024,98
SK0085,2023,18
SK0138,2024,19
SK0020,2025,69
SK0087,2022,43
SK0083,2021,76
SK0200,2026,12
SK0129,2026,24
SK0117,2022,53
SK0122,2021,79
SK0060,2022,91
SK0217,2022,15
SK0089,2023,20
SK0291,2026,90
SK0043,2024,12
SK0024,2023,49
SK0097,2021,81
SK0294,2022,77
SK0172,2022,20
SK0146,2026,17
SK0100,2024,76
SK0143,2026,10
SK0154,2022,20
SK0237,2022,84
SK0041,2022,38
SK0091,2025,66
SK0007,2021,80
SK0012,2023,92
SK0039,2022,69
SK0208,2024,47
SK0285,2024,94
SK0182,2026,74
SK0105,2022,53
SK0181,2023,65
SK0106,2021,87
SK0207,2022,14
SK0081,2026,46
SK0259,2021,35
SK0253,2023,79
SK0255,2024,64
SK0228,2022,26
SK0187,2023,70
SK0200,2025,85
SK0195,2026,32
SK0008,2022,70
SK0194,2022,60
SK0060,2021,71
SK0039,2024,28
SK0155,2025,83
SK0035,2026,31
SK0194,2021,90
SK0239,2022,55
SK0148,2024,57
SK0150,2026,55
SK0221,2022,74
SK0216,2026,35
SK0205,2024,49
SK0135,2024,89
SK0102,2025,84
SK0146,2026,99
SK0201,2025,22
SK0056,2026,24
SK0031,2022,15
SK0249,2022,72
SK0251,2025,31
SK0028,2026,71
SK0030,2023,34
SK0275,2021,71
SK0077,2021,56
SK0033,2024,46
SK0133,2026,91
SK0167,2025,36
SK0143,2023,30
SK0093,2025,74
SK0147,2026,83
SK0011,2022,76
SK0173,2022,37
SK0246,2025,84
SK0135,2021,45
SK0220,2026,66
SK0186,2025,50
SK0033,2024,80
SK0065,2026,81
SK0240,2024,57
SK0050,2026,84
SK0269,2026,44
SK0275,2023,34
SK0131,2026,29
SK0068,2022,21
SK0140,2021,93
SK0046,2026,67
SK0029,2024,89
SK0144,2025,40
SK0092,2024,88
SK0141,2026,96
SK0176,2024,29
SK0106,2021,57
SK0002,2026,83
SK0177,2022,21
SK0133,2023,81
SK0183,2025,39
SK0278,2026,53
SK0253,2022,59
SK0267,2026,88
SK0076,2025,90
SK0114,2025,85
SK0060,2021,61
SK0201,2025,84
SK0148,2026,99
SK0192,2021,89
SK0029,2022,18
SK0258,2023,66
SK0046,2022,47
SK0064,2026,76
SK0182,2026,19
SK0116,2023,93
SK0098,2022,14
SK0135,2022,67
SK0159,2022,56
SK0042,2021,15
SK0158,2021,87
SK0097,2025,27
SK0048,2025,34
SK0246,2024,27
SK0071,2025,13
SK0256,2026,36
SK0300,2026,32
SK0261,2023,26
SK0010,2021,10
SK0139,2022,86
SK0113,2024,76
SK0108,2022,22
SK0021,2026,91
SK0077,2022,58
SK0104,2024,75
SK0280,2026,76
SK0134,2021,21
SK0017,2022,56
SK0203,2023,34
SK0211,2025,45
SK0258,2021,66
SK0233,2026,21
SK0260,2023,17
SK0004,2026,83
SK0278,2025,99
SK0111,2023,28
SK0131,2023,90
SK0070,2024,79
SK0164,2022,58
SK0195,2022,10
SK0236,2023,32
SK0145,2024,30
SK0240,2021,46
SK0263,2024,97
SK0214,2021,27
SK0128,2023,92
SK0033,2022,31
SK0009,2024,84
SK0158,2023,92
SK0153,2026,32
SK0045,2025,73
SK0254,2023,31
SK0129,2026,52
SK0001,2026,18
SK0174,2025,56
SK0035,2023,76
SK0043,2025,27
SK0123,2023,33
SK0134,2024,84
SK0054,2025,84
SK0232,2026,51
SK0184,2024,83
SK0292,2021,89
SK0224,2021,89
SK0154,2024,58
SK0078,2021,58
SK0239,2026,62
SK0196,2023,75
SK0044,2026,98
SK0260,2021,87
SK0004,2022,98
SK0259,2024,66
SK0099,2026,71
SK0231,2022,60
SK0165,2026,61
SK0138,2025,28
SK0052,2024,28
SK0271,2026,96
SK0171,2025,39
SK0276,2024,94
SK0213,2022,76
SK0229,2021,91
SK0009,2024,33
SK0216,2026,39
SK0193,2026,52
SK0115,2021,95
SK0127,2022,30
SK0275,2022,78
SK0162,2023,32
SK0266,2023,56
SK0300,2022,91
SK0118,2021,98
SK0142,2024,26
SK0228,2025,98
SK0079,2024,22
SK0061,2021,21
SK0103,2022,16
SK0135,2026,79
SK0122,2024,88
SK0016,2025,40
SK0239,2026,29
SK0254,2023,84
SK0229,2023,43
SK0185,2021,58
SK0021,2023,96
SK0009,2022,35
SK0248,2024,95
SK0210,2021,35
SK0017,2024,94
SK0240,2023,35
SK0290,2025,87
SK0073,2025,64
SK0188,2026,17
SK0247,2025,44
SK0233,2024,64
SK0139,2025,45
SK0043,2022,16
SK0279,2025,55
SK0112,2025,61
SK0043,2022,74
SK0285,2024,33
SK0126,2023,17
SK0046,2025,81
SK0012,2023,37
SK0144,2024,57
SK0050,2023,14
SK0090,2024,20
SK0048,2026,93
SK0036,2022,80
SK0192,2022,71
SK0172,2024,86
SK0264,2023,58
SK0214,2021,79
SK0215,2021,38
SK0297,2022,67
SK0300,2024,94
SK0248,2024,27
SK0253,2025,42
SK0052,2025,70
SK0087,2021,38
SK0149,2024,85
SK0161,2024,30
SK0099,2026,95
SK0226,2024,56
SK0122,2023,88
SK0072,2021,14
SK0026,2021,93
SK0148,2022,57
SK0221,2023,75
SK0073,2022,33
SK0209,2023,73
SK0185,2026,21
SK0101,2023,49
SK0269,2024,37
SK0047,2024,67
SK0043,2023,40
SK0250,2021,74
SK0118,2024,47
SK0268,2023,16
SK0211,2025,61
SK0203,2025,14
SK0229,2021,40
SK0257,2026,31
SK0124,2025,28
SK0268,2025,40
SK0171,2022,73
SK0182,2022,98
SK0278,2024,92
SK0172,2021,89
SK0207,2023,12
SK0274,2022,34
SK0172,2021,33
SK0070,2024,93
SK0213,2023,68
SK0256,2025,25
SK0172,2021,34
SK0211,2022,11
SK0078,2021,57
SK0060,2026,67
SK0297,2025,71
SK0216,2025,40
SK0142,2024,90
SK0233,2024,96
SK0095,2024,24
SK0288,2023,81
SK0054,2025,51
SK0197,2024,79
SK0090,2022,96
SK0056,2021,34
SK0298,2025,12
SK0211,2022,35
SK0186,2024,64
SK0273,2024,47
SK0194,2022,72
SK0201,2026,19
SK0082,2026,46
SK0299,2023,21
SK0109,2025,93
SK0252,2022,77
SK0071,2022,10
SK0093,2022,95
SK0057,2024,27
SK0053,2023,64
SK0131,2024,61
SK0295,2026,77
SK0045,2025,72
SK0296,2024,11
SK0034,2023,91
SK0235,2021,40
SK0190,2024,26
SK0145,2022,96
SK0040,2025,44
SK0245,2021,83
SK0265,2021,58
SK0032,2024,29
SK0190,2021,60
SK0245,2026,24
SK0096,2025,10
SK0225,2024,22
SK0025,2021,46
SK0051,2023,89
SK0005,2026,37
SK0133,2024,83
SK0101,2023,58
SK0010,2024,92
SK0189,2021,31
SK0042,2024,95
SK0169,2021,20
SK0295,2023,18
SK0146,2022,97
SK0191,2023,74
SK0005,2024,38
SK0121,2026,89
SK0242,2022,77
SK0208,2024,62
SK0182,2022,93
SK0020,2022,80
SK0123,2024,71
SK0137,2022,11
SK0013,2024,87
SK0111,2024,57
SK0237,2024,48
SK0192,2025,37
SK0027,2022,46
SK0028,2024,35
SK0099,2024,14
SK0281,2023,12
SK0050,2026,77
SK0028,2024,39
SK0043,2023,47
SK0258,2021,82
SK0038,2021,94
SK0180,2026,78
SK0182,2025,98
SK0217,2021,36
SK0118,2021,96
SK0284,2021,58
SK0266,2025,22
SK0254,2023,64
SK0256,2026,13
SK0278,2024,68
SK0216,2024,70
SK0072,2022,16
SK0070,2022,91
SK0126,2025,84
SK0179,2022,51
SK0258,2021,67
SK0256,2022,72
SK0226,2024,93
SK0277,2024,14
SK0271,2025,30
SK0021,2022,14
SK0137,2024,15
SK0036,2021,41
SK0207,2023,49
SK0080,2026,35
SK0181,2024,32
SK0119,2022,11
SK0183,2026,46
SK0032,2025,84
SK0279,2026,37
SK0013,2023,39
SK0136,2026,89
SK0096,2025,15
SK0204,2022,19
SK0135,2024,98
SK0159,2023,44
SK0025,2021,26
SK0258,2023,69
SK0126,2025,63
SK0180,2025,56
SK0288,2026,76
SK0159,2023,90
SK0256,2023,82
SK0138,2023,82
SK0243,2022,98
SK0148,2022,12
SK0114,2024,55
SK0286,2022,34
SK0043,2022,77
SK0118,2021,87
SK0274,2023,12
SK0049,2024,83
SK0272,2024,64
SK0164,2025,30
SK0152,2023,86
SK0042,2021,23
SK0170,2021,13
SK0251,2021,17
SK0171,2025,10
SK0192,2025,70
SK0231,2026,15
SK0072,2023,34
SK0201,2024,92
SK0082,2022,15
SK0115,2024,90
SK0267,2021,95
SK0030,2026,27
SK0071,2024,47
SK0196,2021,83
SK0111,2024,35
SK0204,2026,77
SK0197,2023,33
SK0180,2021,61
SK0222,2024,92
SK0258,2022,27
SK0125,2026,72
SK0057,2022,16
SK0062,2026,47
SK0111,2025,10
SK0210,2023,42
SK0108,2025,93
SK0011,2023,59
SK0003,2024,64
SK0162,2025,73
SK0212,2021,85
SK0058,2023,81
SK0273,2025,46
SK0253,2022,44
SK0173,2021,36
SK0018,2021,18
SK0088,2025,67
SK0221,2023,99
SK0150,2024,84
SK0282,2023,56
SK0148,2025,45
SK0219,2021,59
SK0196,2023,17
SK0082,2024,55
SK0245,2025,78
SK0020,2023,83
SK0177,2025,74
SK0140,2024,98
SK0126,2021,75
SK0110,2023,56
SK0294,2023,40
SK0082,2023,66
SK0160,2024,50
SK0211,2021,17
SK0208,2021,29
SK0144,2022,31
SK0167,2026,76
SK0075,2026,29
SK0171,2024,51
SK0289,2021,44
SK0296,2024,29
SK0162,2026,19
SK0052,2021,69
SK0061,2025,90
SK0282,2023,10
SK0045,2023,78
SK0052,2026,55
SK0138,2026,78
SK0085,2024,44
SK0005,2024,11
SK0178,2022,50
SK0235,2023,23
SK0286,2023,21
SK0044,2021,71
SK0065,2023,21
SK0088,2021,63
SK0241,2025,58
SK0070,2021,80
SK0102,2026,17
SK0182,2023,49
SK0146,2026,55
SK0247,2023,13
SK0068,2025,29
SK0045,2021,22
SK0208,2026,77
SK0194,2025,60
SK0104,2021,19
SK0126,2024,61
SK0023,2026,42
SK0257,2025,92
SK0183,2021,98
SK0063,2022,27
SK0276,2023,49
SK0241,2022,60
SK0100,2025,24
SK0129,2026,41
SK0229,2022,34
SK0087,2026,43
SK0259,2022,93
SK0186,2026,80
SK0014,2026,71
SK0254,2023,61
SK0286,2022,81
SK0168,2021,81
SK0208,2025,66
SK0264,2021,29
SK0189,2024,42
SK0187,2023,81
SK0176,2026,54
SK0098,2026,29
SK0145,2023,10
SK0266,2022,28
SK0116,2021,30
SK0101,2021,53
SK0176,2022,82
SK0086,2022,66
SK0053,2022,66
SK0131,2024,15
SK0134,2024,48
SK0112,2021,92
SK0179,2026,36
SK0197,2024,70
SK0204,2023,27
SK0207,2024,34
SK0101,2025,20
SK0141,2021,30
SK0077,2023,93
SK0218,2021,66
SK0047,2022,46
SK0254,2026,56
SK0209,2025,84
SK0231,2024,20
SK0182,2021,91
SK0274,2024,72
SK0164,2022,31
SK0130,2025,35
SK0014,2024,63
SK0253,2024,39
SK0116,2026,90
SK0082,2023,82
SK0185,2025,77
SK0277,2021,44
SK0068,2025,58
SK0151,2024,51
SK0237,2024,12
SK0174,2022,15
SK0103,2022,67
SK0132,2026,80
SK0046,2023,72
SK0062,2023,77
SK0042,2025,22
SK0046,2023,90
SK0185,2026,85
SK0049,2022,48
SK0081,2025,28
SK0010,2022,89
SK0279,2021,72
SK0075,2021,82
SK0157,2026,30
SK0127,2022,24
SK0294,2022,45
SK0016,2026,35
SK0040,2021,62
SK0248,2021,74
SK0298,2021,22
SK0122,2021,58
SK0193,2026,66
SK0190,2023,68
SK0128,2024,84
SK0030,2023,97
SK0298,2022,39
SK0073,2022,53
SK0028,2025,26
SK0133,2023,14
SK0187,2026,47
SK0231,2023,38
SK0103,2022,52
SK0131,2023,36
SK0045,2025,90
SK0220,2023,14
SK0135,2022,80
SK0277,2024,26
SK0167,2024,90
SK0203,2026,16
SK0136,2025,93
SK0225,2023,28
SK0059,2022,54
SK0244,2025,68
SK0064,2026,88
SK0049,2021,18
SK0200,2023,89
SK0297,2021,83
SK0134,2023,10
SK0177,2022,87
SK0081,2021,43
SK0029,2026,94
SK0192,2025,58
SK0097,2026,87
SK0283,2022,48
SK0244,2023,37
SK0066,2024,70
SK0073,2022,61
SK0024,2022,59
SK0282,2026,21
SK0132,2025,91
SK0270,2021,22
SK0251,2025,87
SK0129,2021,41
SK0016,2026,25
SK0057,2026,48
SK0132,2025,91
SK0017,2022,85
SK0078,2021,33
SK0172,2026,47
SK0052,2022,85
SK0151,2023,45
SK0023,2023,89
SK0203,2022,36
SK0228,2025,36
SK0094,2023,99
SK0023,2024,98
SK0107,2026,29
SK0300,2023,16
SK0111,2021,59
SK0278,2026,31
SK0106,2022,34
SK0092,2025,26
SK0018,2023,30
SK0288,2025,60
SK0276,2026,48
SK0156,2021,76
SK0109,2022,39
SK0166,2025,82
SK0118,2024,93
SK0128,2023,58
SK0166,2024,66
SK0219,2023,18
SK0205,2022,29
SK0295,2023,94
SK0179,2025,52
SK0108,2022,46
SK0133,2026,52
SK0029,2021,66
SK0268,2022,33
SK0205,2022,81
SK0168,2023,98
SK0065,2023,14
SK0292,2026,19
SK0087,2021,47
SK0061,2022,52
SK0295,2025,61
SK0197,2024,43
SK0204,2022,23
SK0166,2026,88
SK0019,2025,64
SK0055,2026,16
SK0101,2022,92
SK0214,2025,34
SK0023,2022,26
SK0090,2022,77
SK0134,2023,95
SK0111,2022,67
SK0053,2022,75
SK0225,2021,61
SK0001,2025,99
SK0140,2021,23
SK0209,2026,92
SK0111,2024,98
SK0274,2026,27
SK0081,2026,72
SK0289,2024,47
SK0297,2021,41
SK0145,2022,98
SK0137,2021,29
SK0216,2021,68
SK0285,2021,70
SK0113,2022,26
SK0030,2026,83
SK0150,2025,38
SK0224,2023,82
SK0064,2023,58
SK0178,2024,52
SK0113,2021,31
SK0234,2021,54
SK0171,2022,84
SK0230,2026,47
SK0087,2023,13
SK0010,2026,82
SK0059,2024,47
SK0139,2026,53
SK0003,2024,85
SK0256,2025,62
SK0131,2024,86
SK0141,2026,42
SK0020,2021,81
SK0166,2024,99
SK0187,2025,29
SK0120,2021,72
SK0279,2022,65
SK0286,2023,51
SK0109,2023,39
SK0214,2021,69
SK0197,2025,60
SK0052,2024,78
SK0222,2022,24
SK0136,2025,62
SK0197,2025,96
SK0298,2022,23
SK0202,2025,10
SK0012,2025,21
SK0193,2024,98
SK0081,2023,78
SK0057,2026,44
SK0230,2026,52
SK0008,2024,42
SK0197,2021,15
SK0112,2023,26
SK0223,2022,88
SK0224,2026,61
SK0044,2025,86
SK0253,2025,56
SK0126,2026,92
SK0092,2022,80
SK0273,2026,36
SK0021,2022,58
SK0124,2024,90
SK0059,2026,41
SK0234,2024,40
SK0292,2022,72
SK0071,2023,22
SK0045,2024,80
SK0177,2025,88
SK0115,2023,75
SK0017,2023,83
SK0136,2023,37
SK0120,2022,52
SK0194,2024,82
SK0027,2026,23
SK0291,2025,46
SK0204,2022,67
SK0133,2022,74
SK0042,2024,44
SK0263,2021,40
SK0245,2024,91
SK0079,2024,86
SK0149,2026,78
SK0067,2022,27
SK0053,2024,32
SK0188,2026,90
SK0052,2024,39
SK0294,2025,96
SK0019,2026,30
SK0219,2023,37
SK0115,2025,46
SK0066,2026,87
SK0221,2026,81
SK0265,2026,70
SK0012,2024,49
SK0177,2022,15
SK0034,2022,73
SK0094,2021,98
SK0150,2026,34
SK0125,2021,40
SK0085,2023,41
SK0221,2025,94
SK0056,2026,25
SK0173,2026,12
SK0176,2021,94
SK0118,2021,14
SK0276,2024,95
SK0180,2023,98
SK0291,2023,70
SK0263,2025,94
SK0159,2022,89
SK0197,2025,61
SK0220,2022,68
SK0057,2022,34
SK0150,2022,25
SK0290,2025,87
SK0085,2024,12
SK0198,2026,21
SK0226,2024,96
SK0221,2022,44
SK0003,2024,52
SK0088,2024,19
SK0042,2022,72
SK0025,2022,82
SK0120,2024,62
SK0028,2026,66
SK0119,2024,13
SK0148,2026,88
SK0131,2022,30
SK0201,2023,24
SK0173,2023,54
SK0058,2021,14
SK0214,2024,67
SK0259,2023,35
SK0264,2021,43
SK0229,2025,50
SK0058,2021,20
SK0212,2021,51
SK0168,2022,90
SK0187,2022,88
SK0286,2023,99
SK0034,2021,63
SK0262,2025,36
SK0220,2022,87
SK0281,2026,39
SK0295,2025,24
SK0146,2022,34
SK0159,2025,39
SK0128,2021,78
SK0192,2022,27
SK0100,2021,69
SK0155,2021,33
SK0193,2022,22
SK0021,2026,30
SK0182,2025,11
SK0115,2021,62
SK0131,2023,87
SK0136,2025,86
SK0085,2023,41
SK0275,2023,10
SK0046,2024,39
SK0226,2021,42
SK0099,2026,78
SK0065,2026,97
SK0030,2026,74
SK0230,2022,37
SK0085,2026,17
SK0108,2026,34
SK0191,2023,16
SK0010,2022,48
SK0057,2024,31
SK0084,2025,75
SK0190,2021,69
SK0151,2023,14
SK0164,2024,78
SK0232,2025,35
SK0001,2025,17
SK0044,2021,97
SK0126,2021,24
SK0184,2023,70
SK0254,2024,31
SK0038,2023,54
SK0297,2021,58
SK0086,2026,76
SK0247,2021,32
SK0045,2023,34
SK0225,2022,80
SK0234,2023,46
SK0066,2021,46
SK0126,2026,74
SK0248,2024,34
SK0106,2022,29
SK0295,2023,95
SK0218,2024,97
SK0273,2025,71
SK0140,2025,94
SK0233,2026,72
SK0235,2022,30
SK0012,2024,43
SK0121,2023,86
SK0211,2024,76
SK0085,2024,12
SK0298,2024,27
SK0260,2021,87
SK0136,2024,33
SK0258,2026,70
SK0049,2024,95
SK0232,2021,75
SK0296,2021,88
SK0259,2023,53
SK0132,2023,79
SK0218,2022,10
SK0009,2025,66
SK0176,2023,68
SK0075,2023,36
SK0289,2024,43
SK0111,2024,81
SK0082,2023,61
SK0201,2023,79
SK0112,2025,28
SK0187,2025,14
SK0040,2025,45
SK0014,2025,26
SK0056,2025,42
SK0249,2026,73
SK0185,2025,55
SK0100,2023,92
SK0259,2023,41
SK0058,2023,65
SK0273,2023,68
SK0136,2024,51
SK0053,2026,79
SK0032,2023,22
SK0108,2023,97
SK0195,2023,13
SK0055,2026,48
SK0204,2024,62
SK0006,2026,91
SK0194,2023,48
SK0288,2024,31
SK0054,2021,13
SK0174,2023,46
SK0003,2026,88
SK0275,2023,92
SK0237,2026,14
SK0028,2023,82
SK0238,2022,75
SK0164,2023,93
SK0119,2021,12
SK0026,2021,90
SK0012,2026,41
SK0199,2023,55
SK0147,2023,77
SK0234,2021,53
SK0216,2023,85
SK0037,2025,45
SK0060,2024,61
SK0201,2023,32
SK0254,2024,80
SK0001,2021,59
SK0197,2024,98
SK0153,2025,58
SK0177,2022,95
SK0026,2025,11
SK0036,2025,40
SK0021,2026,67
SK0064,2023,30
SK0186,2024,50
SK0162,2024,97
SK0057,2026,24
SK0241,2021,12
SK0229,2021,67
SK0116,2023,95
SK0278,2025,65
SK0114,2022,77
SK0054,2024,88
SK0180,2024,88
SK0246,2025,97
SK0105,2023,47
SK0251,2025,60
SK0243,2022,82
SK0287,2024,10
SK0272,2022,72
SK0071,2024,13
SK0275,2025,49
SK0253,2026,37
SK0094,2026,82
SK0062,2023,73
SK0246,2022,96
SK0110,2025,48
SK0116,2026,18
SK0020,2026,12
SK0049,2021,53
SK0248,2026,82
SK0271,2021,54
SK0274,2026,58
SK0237,2023,77
SK0144,2026,62
SK0100,2023,65
SK0282,2023,20
SK0020,2026,84
SK0299,2024,62
SK0045,2024,82
SK0065,2024,98
SK0053,2025,66
SK0229,2021,81
SK0238,2022,51
SK0242,2023,12
SK0275,2022,78
SK0037,2021,80
SK0047,2021,61
SK0110,2024,43
SK0194,2026,65
SK0133,2024,18
SK0101,2022,54
SK0292,2025,15
SK0222,2026,79
SK0253,2025,53
SK0084,2026,25
SK0105,2024,88
SK0145,2021,77
SK0219,2022,43
SK0291,2024,62
SK0298,2022,91
SK0024,2025,22
SK0173,2022,39
SK0149,2025,61
SK0063,2021,13
SK0258,2026,68
SK0137,2022,67
SK0099,2022,51
SK0230,2024,92
SK0115,2024,30
SK0262,2024,81
SK0114,2022,95
SK0271,2022,53
SK0060,2024,22
SK0168,2023,32
SK0299,2026,75
SK0294,2023,85
SK0094,2025,40
SK0288,2023,20
SK0211,2022,69
SK0010,2026,73
SK0186,2026,58
SK0035,2024,12
SK0207,2025,65
SK0205,2021,88
SK0270,2025,88
SK0125,2021,14
SK0013,2023,49
SK0081,2023,54
SK0208,2022,41
SK0014,2024,45
SK0193,2025,99
SK0048,2021,48
SK0116,2021,26
SK0228,2023,33
SK0168,2024,21
SK0237,2022,10
SK0008,2026,19
SK0240,2025,38
SK0102,2021,40
SK0194,2025,11
SK0285,2026,77
SK0053,2026,84
SK0167,2024,76
SK0004,2024,17
SK0164,2022,82
SK0144,2024,66
SK0257,2025,31
SK0147,2024,62
SK0152,2024,65
SK0055,2026,91
SK0113,2022,64
SK0068,2026,11
SK0178,2026,37
SK0099,2026,27
SK0197,2026,93
SK0233,2024,57
SK0096,2021,85
SK0143,2024,32
SK0159,2026,60
SK0122,2021,80
SK0069,2026,58
SK0129,2024,85
SK0259,2024,68
SK0005,2025,48
SK0278,2026,98
SK0138,2024,24
SK0046,2024,19
SK0167,2025,84
SK0252,2021,95
SK0230,2022,54
SK0158,2023,59
SK0264,2025,44
SK0229,2022,95
SK0243,2022,37
SK0089,2021,22
SK0214,2022,35
SK0096,2021,45
SK0114,2026,25
SK0259,2025,89
SK0081,2024,91
SK0300,2024,46
SK0066,2021,49
SK0031,2023,99
SK0060,2023,17
SK0182,2023,48
SK0122,2023,69
SK0129,2024,46
SK0155,2025,29
SK0098,2024,98
SK0078,2021,56
SK0275,2024,49
SK0074,2022,29
SK0216,2021,43
SK0113,2022,71
SK0087,2026,14
SK0042,2026,53
SK0285,2021,16
SK0062,2021,29
SK0292,2024,18
SK0205,2022,54
SK0051,2022,39
SK0232,2026,62
SK0238,2022,70
SK0292,2024,33
SK0033,2021,37
SK0283,2023,88
SK0260,2026,75
SK0275,2026,84
SK0148,2023,60
SK0127,2024,90
SK0127,2022,36
SK0077,2024,18
SK0031,2021,27
SK0012,2023,55
SK0257,2022,76
SK0295,2024,23
SK0151,2022,58
SK0276,2024,94
SK0144,2024,92
SK0189,2022,87
SK0035,2026,13
SK0286,2026,41
SK0107,2023,56
SK0060,2025,85
SK0010,2025,62
SK0181,2026,88
SK0062,2023,39
SK0214,2023,86
SK0193,2023,96
SK0256,2024,92
SK0200,2024,27
SK0296,2022,65
SK0220,2023,29
SK0034,2023,81
SK0246,2022,15
SK0248,2024,32
SK0105,2026,47
SK0153,2022,70
SK0265,2022,97
SK0125,2023,53
SK0264,2026,59
SK0006,2022,52
SK0243,2023,51
SK0097,2023,89
SK0277,2023,93
SK0159,2022,87
SK0045,2026,76
SK0174,2026,67
SK0293,2025,61
SK0299,2026,82
SK0287,2025,60
SK0110,2025,76
SK0144,2022,83
SK0096,2026,21
SK0139,2025,34
SK0285,2022,99
SK0070,2024,36
SK0161,2025,21
SK0176,2021,84
SK0041,2024,62
SK0121,2026,39
SK0047,2022,68
SK0109,2025,58
SK0281,2026,26
SK0226,2025,92
SK0205,2023,92
SK0283,2023,62
SK0028,2026,65
SK0016,2024,68
SK0272,2026,24
SK0233,2023,69
SK0102,2026,94
SK0286,2023,43
SK0295,2023,98
SK0019,2022,99
SK0293,2026,89
SK0116,2021,55
SK0146,2026,80
SK0261,2023,71
SK0046,2021,26
SK0238,2024,87
SK0166,2021,92
SK0289,2021,96
SK0143,2021,90
SK0074,2022,97
SK0110,2025,52
SK0209,2025,96
SK0040,2025,25
SK0018,2021,96
SK0059,2023,80
SK0136,2021,29
SK0224,2026,13
SK0282,2026,84
SK0112,2026,60
SK0281,2025,89
SK0251,2023,10
SK0048,2026,33
SK0141,2025,16
SK0121,2025,76
SK0054,2022,69
SK0186,2026,97
SK0127,2023,17
SK0129,2025,92
SK0218,2023,11
SK0013,2026,83
SK0049,2026,50
SK0047,2022,43
SK0149,2022,85
SK0222,2024,21
SK0140,2022,69
SK0212,2021,52
SK0176,2025,49
SK0013,2024,93
SK0251,2022,22
SK0159,2025,57
SK0194,2023,63
SK0261,2023,44
SK0129,2025,14
SK0129,2023,44
SK0016,2026,53
SK0163,2021,70
SK0198,2026,29
SK0265,2024,13
SK0190,2026,52
SK0108,2021,61
SK0162,2026,18
SK0057,2026,60
SK0089,2024,46
SK0020,2022,36
SK0101,2024,13
SK0042,2026,48
SK0060,2023,90
SK0223,2021,47
SK0118,2025,32
SK0039,2023,97
SK0294,2021,31
SK0055,2026,46
SK0132,2023,37
SK0259,2022,33
SK0013,2022,43
SK0300,2021,32
SK0172,2024,74
SK0008,2025,29
SK0182,2021,93
SK0224,2023,26
SK0007,2026,85
SK0173,2024,37
SK0269,2021,30
SK0255,2026,99
SK0188,2024,31
SK0035,2021,41
SK0027,2025,92
SK0218,2025,42
SK0155,2026,54
SK0214,2024,31
SK0211,2024,84
SK0036,2021,26
SK0182,2021,18
SK0244,2021,95
SK0032,2021,23
SK0275,2022,74
SK0227,2023,96
SK0029,2022,82
SK0275,2024,29
SK0036,2024,51
SK0122,2026,76
SK0085,2024,54
SK0127,2026,79
SK0109,2022,88
SK0273,2026,29
SK0275,2021,27
SK0278,2021,68
SK0056,2022,67
SK0056,2026,46
SK0260,2025,74
SK0153,2025,66
SK0179,2024,43
SK0226,2026,91
SK0176,2023,86
SK0228,2024,68
SK0213,2022,43
SK0260,2023,69
SK0039,2026,52
SK0272,2022,30
SK0229,2025,66
SK0079,2021,58
SK0235,2021,11
SK0064,2022,27
SK0255,2026,82
SK0081,2023,30
SK0265,2023,98
SK0146,2021,46
SK0235,2023,79
SK0213,2025,55
SK0055,2023,51
SK0230,2022,86
SK0224,2026,96
SK0289,2021,83
SK0002,2024,66
SK0208,2025,33
SK0289,2025,27
SK0211,2021,80
SK0200,2021,21
SK0165,2025,30
SK0223,2021,96
SK0023,2026,26
SK0030,2021,74
SK0275,2023,28
SK0095,2026,72
SK0079,2026,52
SK0171,2024,93
SK0275,2021,97
SK0153,2025,23
SK0014,2021,88
SK0268,2022,35
SK0132,2024,13
SK0102,2026,92
SK0049,2025,33
SK0053,2024,30
SK0223,2026,67
SK0103,2023,31
SK0299,2026,25
SK0061,2026,40
SK0010,2024,85
SK0215,2021,28
SK0243,2025,59
SK0205,2022,59
SK0248,2022,41
SK0058,2021,81
SK0009,2026,47
SK0247,2022,51
SK0115,2022,24
SK0233,2022,16
SK0187,2025,93
SK0193,2024,11
SK0110,2023,49
SK0190,2023,34
SK0243,2024,37
SK0206,2026,28
SK0255,2025,75
SK0074,2025,34
SK0283,2025,26
SK0084,2025,89
SK0142,2022,72
SK0148,2022,67
SK0271,2022,21
SK0097,2021,93
SK0051,2025,80
SK0156,2021,89
SK0148,2023,28
SK0080,2021,89
SK0051,2023,18
SK0017,2025,92
SK0249,2026,40
SK0267,2022,84
SK0049,2025,69
SK0291,2022,60
SK0026,2025,11
SK0089,2024,99
SK0058,2021,78
SK0064,2026,12
SK0233,2022,53
SK0102,2022,69
SK0018,2021,48
SK0071,2026,68
SK0174,2021,97
SK0166,2023,87
SK0151,2023,52
SK0263,2025,18
SK0192,2022,26
SK0058,2023,66
SK0238,2021,16
SK0174,2025,12
SK0017,2021,31
SK0137,2024,68
SK0154,2024,29
SK0295,2023,77
SK0284,2023,45
SK0249,2022,77
SK0023,2024,17
SK0265,2021,96
SK0195,2025,49
SK0232,2021,81
SK0191,2023,83
SK0149,2023,74
SK0094,2022,20
SK0041,2021,86
SK0087,2022,96
SK0129,2025,19
SK0106,2023,58
SK0096,2022,65
SK0170,2026,47
SK0227,2022,99
SK0066,2025,42
SK0245,2026,87
SK0048,2024,14
SK0058,2022,45
SK0284,2021,97
SK0023,2024,77
SK0229,2025,81
SK0218,2023,85
SK0155,2023,26
SK0169,2026,45
SK0239,2023,12
SK0233,2026,86
SK0110,2025,45
SK0220,2022,51
SK0118,2026,82
SK0194,2026,50
SK0100,2022,47
SK0200,2023,87
SK0278,2024,24
SK0226,2025,64
SK0065,2023,55
SK0102,2021,94
SK0118,2025,25
SK0249,2024,88
SK0186,2026,36
SK0093,2024,25
SK0288,2026,14
SK0282,2023,84
SK0101,2024,74
SK0058,2021,94
SK0287,2025,95
SK0064,2024,63
SK0184,2023,93
SK0052,2026,47
SK0223,2026,11
SK0043,2025,41
SK0060,2022,91
SK0083,2023,84
SK0187,2023,28
SK0277,2026,12
SK0102,2023,77
SK0078,2022,41
SK0016,2022,83
SK0271,2022,19
SK0155,2026,50
SK0096,2025,72
SK0272,2025,54
SK0098,2022,40
SK0162,2024,18
SK0190,2025,14
SK0259,2023,54
SK0011,2024,61
SK0165,2023,61
SK0031,2022,76
SK0273,2025,16
SK0199,2021,54
SK0119,2023,73
SK0258,2024,81
SK0075,2024,27
SK0043,2021,85
SK0159,2021,62
SK0055,2026,48
SK0129,2022,81
SK0278,2022,12
SK0014,2021,37
SK0097,2022,78
SK0129,2022,65
SK0182,2023,78
SK0275,2021,33
SK0165,2023,60
SK0248,2024,38
SK0215,2026,81
SK0116,2022,11
SK0018,2021,53
SK0255,2025,54
SK0194,2026,99
SK0281,2021,52
SK0138,2025,55
SK0270,2021,31
SK0109,2025,72
SK0211,2024,16
SK0255,2021,20
SK0121,2022,17
SK0149,2024,26
SK0077,2021,32
SK0098,2023,62
SK0268,2024,95
SK0235,2025,59
SK0256,2021,94
SK0284,2026,48
SK0128,2022,50
SK0024,2024,24
SK0119,2022,48
SK0147,2023,82
SK0279,2025,61
SK0290,2022,32
SK0030,2021,63
SK0004,2022,47
SK0130,2021,50
SK0080,2023,30
SK0177,2025,54
SK0181,2025,13
SK0059,2025,19
SK0274,2025,58
SK0145,2026,21
SK0289,2026,90
SK0177,2021,51
SK0192,2026,18
SK0222,2022,98
SK0006,2025,45
SK0217,2023,76
SK0027,2021,52
SK0028,2025,40
SK0004,2024,89
SK0168,2024,69
SK0249,2024,58
SK0238,2025,87
SK0139,2024,67
SK0202,2024,62
SK0294,2021,27
SK0270,2026,74
SK0105,2022,25
SK0239,2026,72
SK0184,2026,25
SK0094,2023,48
SK0023,2025,58
SK0192,2022,11
SK0274,2021,65
SK0191,2021,17
SK0085,2026,83
SK0247,2024,76
SK0059,2024,77
SK0136,2022,73
SK0032,2025,36
SK0076,2026,74
SK0032,2023,14
SK0084,2021,81
SK0023,2023,17
SK0056,2026,58
SK0280,2024,87
SK0002,2025,73
SK0010,2025,65
SK0260,2025,67
SK0151,2021,75
SK0255,2026,43
SK0011,2025,19
SK0060,2026,30
SK0001,2022,75
SK0244,2025,57
SK0137,2023,41
SK0267,2024,64
SK0140,2025,85
SK0030,2021,20
SK0190,2026,79
SK0254,2025,19
SK0221,2021,68
SK0275,2025,89
SK0291,2023,32
SK0044,2026,80
SK0242,2025,53
SK0083,2025,92
SK0038,2026,39
SK0196,2023,35
SK0195,2021,99
SK0008,2024,20
SK0084,2024,60
SK0084,2024,62
SK0286,2022,93
SK0136,2026,75
SK0079,2024,20
SK0052,2024,39
SK0187,2026,82
SK0270,2022,59
SK0162,2026,78
SK0131,2021,50
SK0053,2024,68
SK0263,2022,79
SK0040,2021,10
SK0153,2026,47
SK0099,2021,87
SK0134,2022,92
SK0160,2025,60
SK0178,2026,99
SK0039,2021,78
SK0089,2026,65
SK0070,2026,65
SK0206,2026,49
SK0138,2021,67
SK0117,2025,90
SK0200,2024,58
SK0161,2024,94
SK0072,2024,32
SK0212,2021,36
SK0228,2023,38
SK0288,2021,14
SK0094,2026,57
SK0280,2024,59
SK0263,2024,49
SK0023,2022,53
SK0043,2026,14
SK0138,2025,15
SK0046,2022,62
SK0135,2022,66
SK0128,2026,99
SK0045,2023,12
SK0240,2022,97
SK0266,2021,68
SK0151,2026,45
SK0068,2026,63
SK0112,2023,79
SK0131,2025,59
SK0079,2024,46
SK0150,2021,69
SK0075,2023,43
SK0277,2023,47
SK0071,2026,78
SK0078,2025,30
SK0249,2026,56
SK0298,2025,52
SK0257,2023,71
SK0034,2023,27
SK0168,2022,30
SK0224,2021,47
SK0192,2022,25
SK0185,2023,27
SK0232,2026,42
SK0265,2025,83
SK0003,2022,99
SK0048,2025,42
SK0112,2023,20
SK0009,2021,34
SK0206,2023,37
SK0007,2024,75
SK0054,2021,79
SK0026,2024,64
SK0122,2021,14
SK0152,2021,85
SK0143,2022,11
SK0129,2021,31
SK0160,2022,40
SK0192,2025,88
SK0048,2023,66
SK0226,2024,54
SK0007,2023,36
SK0118,2024,39
SK0069,2023,35
SK0251,2021,10
SK0154,2025,48
SK0274,2022,10
SK0072,2021,26
SK0069,2026,24
SK0006,2021,97
SK0023,2022,44
SK0026,2021,79
SK0143,2022,93
SK0102,2024,49
SK0123,2023,22
SK0169,2022,13
SK0245,2023,51
SK0204,2024,44
SK0077,2026,80
SK0284,2026,35
SK0224,2026,79
SK0059,2022,92
SK0005,2026,92
SK0070,2023,81
SK0140,2023,15
SK0117,2023,49
SK0280,2025,28
SK0077,2025,79
SK0215,2024,37
SK0292,2024,54
SK0219,2026,80
SK0239,2021,16
SK0271,2021,63
SK0024,2024,64
SK0052,2022,99
SK0005,2023,32
SK0018,2024,18
SK0125,2024,68
SK0284,2021,88
SK0115,2021,91
SK0267,2025,65
SK0093,2026,36
SK0158,2025,17
SK0208,2023,26
SK0300,2025,29
SK0140,2023,34
SK0168,2021,41
SK0086,2022,24
SK0103,2024,68
SK0044,2022,94
SK0012,2022,86
SK0097,2025,46
SK0068,2026,79
SK0171,2023,22
SK0089,2022,54
SK0293,2024,20
SK0277,2026,96
SK0219,2021,11
SK0197,2022,49
SK0189,2022,25
SK0257,2021,67
SK0006,2021,55
SK0084,2022,65
SK0300,2021,50
SK0128,2021,49
SK0048,2026,86
SK0205,2021,44
SK0129,2025,25
SK0012,2021,47
SK0155,2022,39
SK0141,2026,45
SK0271,2026,48
SK0137,2025,15
SK0123,2025,17
SK0067,2026,50
SK0208,2023,93
SK0206,2023,45
SK0027,2021,69
SK0222,2025,25
SK0160,2025,82
SK0066,2021,83
SK0158,2024,23
SK0195,2024,72
SK0133,2022,72
SK0143,2022,36
SK0038,2025,43
SK0025,2024,30
SK0263,2024,68
SK0180,2023,24
SK0078,2022,84
SK0089,2026,16
SK0085,2024,38
SK0073,2025,41
SK0267,2024,53
SK0082,2024,45
SK0284,2021,31
SK0255,2026,13
SK0043,2021,11
SK0046,2026,30
SK0112,2026,19
SK0242,2024,16
SK0298,2022,70
SK0164,2022,21
SK0053,2022,51
SK0183,2026,37
SK0242,2022,68
SK0206,2022,39
SK0267,2022,80
SK0187,2022,32
SK0037,2021,94
SK0029,2024,84
SK0226,2023,19
SK0165,2024,10
SK0276,2025,67
SK0164,2023,98
SK0235,2022,63
SK0150,2024,10
SK0201,2026,71
SK0285,2022,28
SK0024,2024,85
SK0010,2023,29
SK0042,2022,11
SK0212,2025,78
SK0249,2024,42
SK0046,2021,63
SK0163,2023,85
SK0132,2024,74
SK0047,2026,97
SK0076,2022,38
SK0002,2021,34
SK0236,2026,30
SK0091,2024,59
SK0106,2025,52
SK0198,2026,36
SK0063,2025,34
SK0250,2022,38
SK0142,2024,93
SK0059,2024,26
SK0164,2023,84
SK0146,2026,11
SK0284,2022,45
SK0299,2022,34
SK0231,2022,52
SK0159,2021,77
SK0300,2022,79
SK0203,2021,91
SK0182,2022,76
SK0148,2023,81
SK0195,2025,58
SK0193,2023,99
SK0102,2026,38
SK0134,2023,94
SK0056,2022,49
SK0163,2026,64
SK0161,2021,53
SK0193,2023,98
SK0286,2022,35
SK0010,2025,20
SK0053,2025,12
SK0227,2024,15
SK0227,2023,19
SK0165,2025,36
SK0023,2025,58
SK0263,2024,54
SK0111,2023,97
SK0075,2022,88
SK0034,2025,12
SK0107,2026,69
SK0259,2022,76
SK0231,2022,48
SK0219,2024,46
SK0252,2024,62
SK0005,2022,11
SK0248,2026,32
SK0007,2021,66
SK0298,2025,90
SK0236,2025,64
SK0036,2025,95
SK0260,2021,73
SK0063,2021,64
SK0155,2023,29
SK0043,2023,57
SK0208,2021,46
SK0232,2024,61
SK0018,2025,69
SK0228,2021,75
SK0287,2023,10
SK0254,2024,52
SK0141,2022,54
SK0013,2021,60
SK0182,2023,70
SK0215,2022,93
SK0248,2026,12
SK0250,2026,37
SK0142,2025,53
SK0089,2024,76
SK0023,2021,32
SK0063,2026,93
SK0239,2022,94
SK0004,2023,53
SK0041,2024,10
SK0144,2024,95
SK0069,2026,31
SK0133,2022,56
SK0019,2025,22
SK0283,2022,52
SK0045,2022,61
SK0205,2022,34
SK0074,2026,40
SK0167,2021,88
SK0193,2023,87
SK0106,2022,58
SK0072,2026,84
SK0075,2021,78
SK0001,2024,26
SK0099,2023,47
SK0011,2025,39
SK0107,2023,80
SK0028,2023,24
SK0129,2026,61
SK0033,2022,81
SK0273,2025,56
SK0282,2025,97
SK0249,2026,81
SK0006,2022,68
SK0070,2023,43
SK0269,2026,98
SK0282,2025,29
SK0281,2021,77
SK0242,2023,74
SK0102,2023,18
SK0222,2025,91
SK0157,2023,77
SK0021,2025,35
SK0133,2024,15
SK0209,2021,79
SK0011,2021,17
SK0072,2026,39
SK0022,2023,59
SK0232,2023,76
SK0056,2025,53
SK0147,2022,25
SK0055,2021,47
SK0059,2025,16
SK0031,2024,16
SK0244,2024,52
SK0227,2022,67
SK0285,2022,40
SK0191,2023,86
SK0186,2026,12
SK0212,2021,21
SK0232,2023,51
SK0200,2023,18
SK0150,2026,41
SK0179,2022,25
SK0081,2022,48
SK0048,2025,35
SK0028,2024,84
SK0180,2023,76
SK0282,2025,85
SK0173,2024,51
SK0137,2024,88
SK0011,2026,68
SK0139,2023,60
SK0120,2026,47
SK0267,2023,80
SK0025,2026,42
SK0160,2023,85
SK0008,2024,68
SK0170,2026,39
SK0040,2026,94
SK0010,2021,77
SK0239,2021,44
SK0053,2022,24
SK0118,2022,19
SK0121,2025,55
SK0189,2023,99
SK0062,2026,12
SK0136,2024,19
SK0113,2024,63
SK0100,2023,96
SK0015,2022,68
SK0057,2024,29
SK0228,2024,99
SK0135,2021,47
SK0275,2022,79
SK0080,2022,77
SK0192,2024,87
SK0177,2022,24
SK0244,2023,78
SK0080,2022,80
SK0058,2026,81
SK0250,2023,46
SK0200,2021,67
SK0078,2024,21
SK0219,2025,15
SK0011,2022,41
SK0186,2021,67
SK0252,2025,33
SK0063,2022,95
SK0291,2022,80
SK0257,2024,54
SK0067,2026,18
SK0250,2026,16
SK0145,2026,99
SK0127,2023,55
SK0207,2023,93
SK0274,2025,90
SK0037,2025,67
SK0138,2024,88
SK0172,2026,36
SK0202,2026,49
SK0089,2026,31
SK0135,2026,89
SK0062,2025,55
SK0043,2026,95
SK0288,2021,30
SK0194,2025,53
SK0240,2025,25
SK0160,2026,72
SK0204,2024,10
SK0229,2022,39
SK0200,2023,50
SK0044,2021,13
SK0005,2026,99
SK0042,2023,43
SK0020,2025,86
SK0073,2022,13
SK0089,2022,49
SK0286,2026,42
SK0029,2024,50
SK0285,2025,89
SK0056,2021,51
SK0002,2025,17
SK0178,2025,69
SK0274,2024,61
SK0286,2021,46
SK0250,2023,55
SK0163,2024,40
SK0048,2025,72
SK0066,2026,18
SK0222,2026,33
SK0176,2026,95
SK0064,2025,17
SK0269,2022,16
SK0152,2025,71
SK0063,2022,30
SK0278,2023,63
SK0121,2025,28
SK0208,2023,41
SK0176,2025,52
SK0246,2022,51
SK0149,2023,73
SK0114,2026,66
SK0068,2023,24
SK0014,2022,87
SK0052,2022,72
SK0047,2025,40
SK0084,2026,63
SK0219,2024,13
SK0203,2025,74
SK0295,2023,45
SK0096,2025,71
SK0186,2022,34
SK0025,2022,57
SK0265,2025,18
SK0238,2024,77
SK0272,2024,18
SK0208,2026,29
SK0230,2024,20
SK0287,2021,96
SK0074,2026,11
SK0164,2021,50
SK0300,2024,52
SK0183,2021,17
SK0086,2022,47
SK0019,2022,79
SK0132,2023,89
SK0047,2026,65
SK0040,2025,81
SK0146,2023,89
SK0248,2024,76
SK0161,2026,97
SK0013,2024,51
SK0192,2023,73
SK0066,2026,60
SK0115,2025,63
SK0255,2024,17
SK0229,2026,13
SK0118,2025,38
SK0137,2021,90
SK0258,2024,60
SK0053,2022,42
SK0176,2026,93
SK0015,2025,21
SK0283,2025,81
SK0066,2021,99
SK0223,2024,41
SK0247,2026,12
SK0134,2024,22
SK0051,2025,62
SK0128,2023,88
SK0184,2021,64
SK0266,2024,64
SK0296,2021,32
SK0092,2025,50
SK0009,2025,87
SK0064,2026,80
SK0156,2025,91
SK0224,2025,20
SK0078,2023,41
SK0226,2026,55
SK0177,2022,15
SK0275,2025,76
SK0068,2026,70
SK0203,2021,39
SK0067,2026,73
SK0123,2022,61
SK0043,2024,17
SK0111,2024,27
SK0281,2024,67
SK0075,2021,74
SK0150,2023,70
SK0248,2024,19
SK0244,2025,85
SK0108,2026,38
SK0257,2026,21
SK0141,2023,21
SK0205,2025,21
SK0293,2021,69
SK0115,2025,90
SK0144,2021,75
SK0263,2026,55
SK0195,2024,56
SK0248,2021,35
SK0252,2026,51
SK0117,2023,39
SK0029,2025,85
SK0204,2023,94
SK0201,2024,85
SK0221,2021,91
SK0087,2024,18
SK0201,2024,49
SK0262,2025,94
SK0091,2023,42
SK0270,2024,21
SK0142,2023,97
SK0033,2024,60
SK0018,2022,40
SK0290,2021,48
SK0149,2021,13
SK0246,2023,22
SK0272,2026,41
SK0196,2026,25
SK0288,2024,70
SK0243,2021,80
SK0067,2022,21
SK0173,2025,78
SK0160,2025,24
SK0068,2022,18
SK0254,2022,89
SK0230,2025,27
SK0074,2026,46
SK0055,2024,40
SK0001,2022,88
SK0253,2023,95
SK0240,2025,40
SK0069,2025,93
SK0005,2024,92
SK0238,2023,39
SK0146,2025,34
SK0204,2026,10
SK0023,2023,27
SK0143,2021,22
SK0113,2024,37
SK0044,2026,61
SK0186,2023,41
SK0218,2021,60
SK0195,2023,30
SK0198,2025,70
SK0274,2022,79
SK0252,2023,26
SK0094,2022,71
SK0242,2022,77
SK0276,2021,33
SK0202,2022,97
SK0299,2022,49
SK0300,2026,89
SK0001,2026,31
SK0213,2025,66
SK0115,2024,58
SK0118,2023,43
SK0275,2023,60
SK0175,2023,56
SK0057,2026,49
SK0026,2021,64
SK0177,2021,39
SK0299,2023,17
SK0286,2023,44
SK0224,2021,15
SK0066,2021,23
SK0029,2023,54
SK0150,2026,45
SK0107,2024,74
SK0248,2024,67
SK0298,2023,54
SK0019,2026,37
SK0099,2025,27
SK0049,2025,53
SK0169,2022,41
SK0070,2024,41
SK0051,2023,28
SK0300,2021,39
SK0052,2026,29
SK0215,2025,73
SK0085,2026,96
SK0281,2021,17
SK0138,2026,51
SK0087,2023,50
SK0100,2025,16
SK0139,2023,19
SK0200,2023,37
SK0098,2024,43
SK0266,2023,55
SK0042,2022,63
SK0080,2025,26
SK0145,2022,38
SK0144,2022,26
SK0184,2022,81
SK0197,2023,59
SK0270,2022,69
SK0257,2024,50
SK0032,2025,92
SK0242,2024,14
SK0217,2023,97
SK0117,2026,58
SK0162,2021,99
SK0181,2021,10
SK0127,2022,58
SK0014,2025,17
SK0097,2024,67
SK0059,2025,71
SK0138,2026,88
SK0207,2022,73
SK0279,2025,24
SK0279,2022,78
SK0003,2022,21
SK0106,2022,95
SK0006,2023,30
SK0297,2023,31
SK0159,2026,17
SK0070,2026,51
SK0109,2026,23
SK0133,2022,14
SK0154,2022,15
SK0058,2025,55
SK0274,2026,98
SK0288,2023,26
SK0196,2026,63
SK0156,2023,76
SK0177,2022,14
SK0201,2024,34
SK0104,2023,34
SK0259,2026,33
SK0222,2021,32
SK0237,2021,87
SK0144,2026,64
SK0067,2026,90
SK0002,2023,61
SK0170,2021,74
SK0246,2022,59
SK0084,2026,11
SK0015,2023,80
SK0074,2022,68
SK0266,2026,76
SK0298,2026,59
SK0290,2026,66
SK0183,2026,61
SK0195,2021,39
SK0042,2026,58
SK0168,2021,90
SK0273,2026,73
SK0297,2023,17
SK0141,2021,95
SK0032,2022,35
SK0046,2021,66
SK0001,2022,67
SK0289,2026,27
SK0249,2025,83
SK0123,2025,22
SK0276,2026,93
SK0290,2025,61
SK0013,2022,83
SK0293,2022,29
SK0115,2026,23
SK0155,2022,80
SK0048,2025,88
SK0035,2026,70
SK0286,2024,45
SK0250,2026,35
SK0129,2023,48
SK0113,2026,33
SK0142,2022,15
SK0070,2025,87
SK0257,2025,20
SK0069,2022,41
SK0056,2025,53
SK0213,2026,23
SK0023,2025,95
SK0104,2025,12
SK0299,2022,81
SK0133,2025,84
SK0026,2024,53
SK0196,2024,75
SK0047,2024,55
SK0257,2024,49
SK0207,2026,70
SK0003,2021,23
SK0016,2022,14
SK0010,2021,42
SK0204,2024,29
SK0298,2021,65
SK0177,2026,18
SK0235,2025,37
SK0044,2022,78
SK0102,2021,66
SK0022,2025,80
SK0156,2023,85
SK0063,2021,43
SK0188,2021,84
SK0261,2021,58
SK0256,2023,94
SK0071,2025,59
SK0167,2025,45
SK0133,2026,93
SK0277,2021,13
SK0187,2021,27
SK0154,2024,54
SK0259,2026,64
SK0050,2021,65
SK0195,2022,19
SK0068,2024,53
SK0045,2022,90
SK0130,2023,35
SK0272,2023,45
SK0068,2026,94
SK0168,2026,30
SK0089,2021,91
SK0104,2021,52
SK0176,2023,33
SK0104,2023,95
SK0141,2026,83
SK0087,2022,66
SK0144,2026,36
SK0284,2022,49
SK0228,2024,28
SK0239,2022,30
SK0152,2026,33
SK0286,2025,26
SK0160,2023,55
SK0162,2025,43
SK0052,2023,38
SK0280,2023,18
SK0058,2025,57
SK0269,2026,44
SK0234,2021,55
SK0074,2025,65
SK0275,2021,45
SK0210,2026,93
SK0052,2021,42
SK0211,2021,50
SK0298,2023,82
SK0144,2023,76
SK0116,2024,64
SK0033,2021,98
SK0069,2022,94
SK0067,2024,78
SK0298,2024,34
SK0086,2026,48
SK0078,2024,51
SK0062,2021,13
SK0003,2022,49
SK0093,2022,55
SK0139,2026,92
SK0081,2022,43
SK0127,2021,15
SK0070,2023,31
SK0199,2023,40
SK0245,2023,26
SK0090,2021,79
SK0178,2024,60
SK0291,2022,63
SK0289,2023,75
SK0043,2026,79
SK0206,2024,68
SK0141,2023,37
SK0080,2024,28
SK0110,2022,76
SK0022,2021,62
SK0042,2025,45
SK0162,2025,55
SK0195,2021,53
SK0176,2021,39
SK0158,2025,81
SK0243,2024,37
SK0034,2024,92
SK0207,2024,98
SK0249,2022,36
SK0012,2026,89
SK0100,2026,97
SK0286,2025,90
SK0204,2024,83
SK0244,2022,95
SK0028,2025,94
SK0228,2025,29
SK0266,2024,67
SK0115,2021,54
SK0290,2023,68
SK0147,2026,56
SK0287,2022,31
SK0133,2026,98
SK0109,2022,15
SK0142,2026,91
SK0198,2022,23
SK0283,2025,11
SK0079,2023,18
SK0271,2022,13
SK0259,2025,39
SK0244,2022,56
SK0227,2024,57
SK0097,2023,29
SK0068,2026,26
SK0247,2023,90
SK0281,2025,42
SK0086,2023,13
SK0282,2022,18
SK0023,2026,15
SK0017,2025,87
SK0112,2022,15
SK0122,2024,54
SK0172,2026,77
SK0265,2026,58
SK0133,2025,83
SK0086,2026,81
SK0216,2022,21
SK0059,2021,33
SK0116,2026,37
SK0167,2021,42
SK0142,2024,17
SK0175,2025,37
SK0279,2024,45
SK0098,2022,23
SK0005,2023,76
SK0010,2021,42
SK0177,2021,50
SK0149,2024,58
SK0262,2024,58
SK0088,2023,87
SK0251,2022,57
SK0247,2021,26
SK0249,2026,66
SK0265,2026,25
SK0260,2022,41
SK0181,2021,85
SK0290,2024,16
SK0148,2024,29
SK0127,2025,22
SK0178,2024,59
SK0117,2024,27
SK0139,2022,41
SK0001,2021,75
SK0262,2021,84
SK0041,2025,42
SK0172,2026,52
SK0050,2025,13
SK0072,2022,70
SK0093,2025,91
SK0032,2024,50
SK0175,2022,55
SK0199,2023,13
SK0026,2021,88
SK0106,2022,25
SK0067,2023,12
SK0046,2024,98
SK0081,2022,76
SK0139,2021,78
SK0127,2025,43
SK0265,2025,12
SK0178,2026,31
SK0096,2022,35
SK0024,2023,37
SK0220,2022,76
SK0300,2023,78
SK0274,2025,48
SK0065,2026,54
SK0085,2022,50
SK0221,2023,58
SK0175,2022,73
SK0178,2025,33
SK0170,2023,34
SK0134,2023,38
SK0226,2026,88
SK0243,2022,14
SK0138,2023,89
SK0116,2024,65
SK0186,2022,53
SK0055,2025,61
SK0035,2026,55
SK0220,2023,35
SK0107,2024,12
SK0061,2022,12
SK0042,2025,69
SK0152,2026,58
SK0010,2023,58
SK0254,2026,25
SK0054,2021,91
SK0129,2023,79
SK0114,2022,82
SK0124,2026,30
SK0179,2023,65
SK0091,2021,50
SK0019,2025,89
SK0122,2023,61
SK0157,2025,30
SK0269,2025,18
SK0283,2021,64
SK0292,2024,16
SK0294,2021,48
SK0096,2022,53
SK0252,2026,69
SK0154,2023,19
SK0212,2022,42
SK0136,2026,79
SK0209,2021,17
SK0123,2022,86
SK0236,2021,29
SK0140,2026,51
SK0107,2021,80
SK0046,2021,92
SK0164,2021,70
SK0010,2023,34
SK0286,2021,65
SK0126,2023,42
SK0037,2023,49
SK0209,2026,93
SK0184,2025,65
SK0020,2022,10
SK0237,2023,22
SK0282,2024,46
SK0239,2021,87
SK0004,2025,40
SK0144,2026,63
SK0260,2022,26
SK0163,2022,81
SK0074,2025,86
SK0284,2026,29
SK0235,2022,44
SK0215,2026,74
SK0041,2021,49
SK0120,2026,75
SK0085,2024,63
SK0087,2026,88
SK0063,2023,54
SK0184,2023,30
SK0169,2023,22
SK0063,2026,87
SK0109,2022,50
SK0214,2022,80
SK0080,2023,56
SK0295,2024,11
SK0162,2025,77
SK0286,2021,21
SK0078,2025,95
SK0012,2024,64
SK0300,2026,14
SK0233,2022,84
SK0176,2021,55
SK0194,2022,88
SK0232,2025,67
SK0070,2022,90
SK0039,2026,51
SK0117,2024,45
SK0244,2025,61
SK0086,2021,10
SK0042,2025,65
SK0184,2021,80
SK0026,2021,54
SK0083,2024,80
SK0127,2021,66
SK0054,2026,97
SK0005,2023,51
SK0186,2026,59
SK0252,2022,17
SK0154,2026,90
SK0286,2022,28
SK0211,2021,53
SK0138,2025,17
SK0121,2024,24
SK0080,2021,90
SK0194,2021,48
SK0130,2026,13
SK0112,2025,75
SK0225,2021,65
SK0296,2023,18
SK0203,2024,86
SK0115,2023,60
SK0258,2022,35
SK0001,2025,88
SK0227,2025,32
SK0221,2023,42
SK0258,2021,20
SK0168,2022,88
SK0118,2026,25
SK0138,2026,40
SK0098,2023,29
SK0206,2025,81
SK0206,2022,21
SK0292,2026,56
SK0057,2023,71
SK0196,2023,22
SK0061,2023,65
SK0094,2024,73
SK0188,2022,37
SK0157,2022,86
SK0260,2024,86
SK0039,2021,94
SK0222,2024,82
SK0237,2024,78
SK0015,2024,17
SK0244,2023,70
SK0026,2024,23
SK0095,2021,55
SK0035,2023,39
SK0080,2023,77
SK0104,2025,53
SK0028,2021,55
SK0151,2025,31
SK0118,2021,41
SK0219,2023,60
SK0078,2022,11
SK0081,2026,89
SK0065,2021,61
SK0118,2022,42
SK0144,2023,95
SK0278,2026,41
SK0203,2023,61
SK0049,2026,85
SK0089,2026,19
SK0140,2023,93
SK0157,2025,93
SK0109,2021,39
SK0202,2026,67
SK0020,2023,32
SK0088,2022,22
SK0026,2025,30
SK0152,2022,11
SK0276,2025,47
SK0185,2022,54
SK0125,2023,93
SK0096,2025,18
SK0106,2025,41
SK0162,2023,83
SK0295,2024,17
SK0012,2022,53
SK0293,2021,80
SK0034,2026,42
SK0238,2021,92
SK0280,2025,44
SK0047,2023,27
SK0026,2026,68
SK0048,2025,27
SK0113,2021,29
SK0215,2024,79
SK0087,2021,97
SK0166,2024,25
SK0237,2023,13
SK0263,2023,93
SK0209,2021,30
SK0093,2026,28
SK0257,2021,38
SK0238,2026,92
SK0231,2026,31
SK0050,2025,59
SK0148,2025,94
SK0299,2021,60
SK0196,2025,40
SK0044,2025,69
SK0145,2026,53
SK0149,2026,94
SK0036,2023,56
SK0164,2023,38
SK0211,2022,64
SK0208,2023,57
SK0031,2023,97
SK0188,2023,25
SK0019,2025,98
SK0171,2023,10
SK0238,2021,22
SK0062,2024,16
SK0072,2023,88
SK0224,2023,47
SK0128,2022,77
SK0119,2024,27
SK0001,2021,48
SK0293,2025,99
SK0070,2022,93
SK0132,2025,91
SK0109,2025,79
SK0157,2021,47
SK0221,2025,70
SK0295,2025,27
SK0063,2025,74
SK0219,2021,23
SK0124,2024,56
SK0020,2021,62
SK0109,2026,37
SK0163,2024,10
SK0204,2022,95
SK0158,2021,25
SK0072,2026,49
SK0106,2024,59
SK0239,2022,95
SK0214,2021,64
SK0048,2024,48
SK0218,2026,24
SK0137,2025,54
SK0260,2021,82
SK0179,2026,15
SK0117,2024,63
SK0088,2025,76
SK0039,2026,62
SK0214,2024,59
SK0075,2026,46
SK0250,2022,73
SK0279,2025,54
SK0144,2022,81
SK0030,2022,78
SK0008,2026,58
SK0260,2026,94
SK0178,2025,23
SK0088,2021,75
SK0266,2023,63
SK0174,2026,53
SK0117,2022,87
SK0028,2021,34
SK0214,2021,51
SK0056,2023,39
SK0094,2023,26
SK0280,2021,54
SK0154,2025,53
SK0159,2026,19
SK0254,2025,24
SK0118,2021,54
SK0192,2025,20
SK0009,2026,22
SK0179,2023,72
SK0164,2023,19
SK0007,2022,46
SK0232,2024,95
SK0299,2025,91
SK0168,2023,65
SK0194,2021,85
SK0213,2021,64
SK0280,2025,29
SK0016,2024,68
SK0153,2023,70
SK0280,2025,69
SK0050,2021,35
SK0082,2024,11
SK0119,2022,33
SK0138,2023,59
SK0185,2021,99
SK0177,2023,68
SK0113,2023,88
SK0231,2021,31
SK0215,2025,69
SK0191,2021,66
SK0025,2021,38
SK0144,2025,47
SK0102,2026,69
SK0076,2025,74
SK0181,2026,98
SK0225,2025,59
SK0234,2023,63
SK0120,2024,44
SK0239,2021,15
SK0199,2023,85
SK0282,2025,47
SK0197,2023,16
SK0071,2021,15
SK0164,2025,79
SK0053,2021,68
SK0124,2024,35
SK0061,2023,79
SK0205,2023,41
SK0240,2024,13
SK0191,2024,19
SK0300,2025,20
SK0274,2024,82
SK0006,2021,39
SK0163,2024,10
SK0062,2025,59
SK0141,2024,83
SK0278,2023,13
SK0180,2023,77
SK0299,2023,96
SK0116,2023,46
SK0031,2023,47
SK0220,2026,73
SK0117,2026,41
SK0065,2022,37
SK0275,2025,17
SK0025,2022,20
SK0277,2023,18
SK0226,2025,93
SK0066,2022,12
SK0175,2022,94
SK0191,2024,79
SK0148,2023,66
SK0164,2025,82
SK0099,2025,30
SK0139,2021,96
SK0041,2024,39
SK0236,2026,16
SK0023,2024,42
SK0131,2025,10
SK0039,2021,77
SK0297,2024,85
SK0105,2026,42
SK0080,2023,35
SK0261,2026,72
SK0152,2021,73
SK0195,2023,86
SK0033,2025,60
SK0135,2021,86
SK0112,2026,44
SK0011,2022,54
SK0197,2022,44
SK0091,2023,69
SK0296,2026,70
SK0185,2022,79
SK0054,2025,82
SK0237,2022,20
SK0270,2024,84
SK0175,2022,29
SK0225,2023,39
SK0231,2025,48
SK0050,2022,72
SK0218,2025,84
SK0199,2021,86
SK0165,2024,82
SK0171,2022,22
SK0080,2022,60
SK0007,2023,19
SK0132,2024,94
SK0005,2025,91
SK0099,2024,30
SK0274,2022,40
SK0201,2025,51
SK0227,2023,28
SK0130,2026,46
SK0256,2023,15
SK0156,2021,86
SK0098,2023,85
SK0180,2023,18
SK0069,2025,60
SK0169,2021,63
SK0182,2021,71
SK0101,2023,50
SK0297,2021,52
SK0207,2024,39
SK0028,2026,97
SK0121,2023,25
SK0088,2024,29
SK0204,2024,96
SK0245,2021,26
SK0217,2023,49
SK0162,2022,17
SK0021,2021,70
SK0223,2021,27
SK0299,2022,52
SK0013,2023,60
SK0097,2026,83
SK0276,2024,53
SK0026,2023,91
SK0275,2026,13
SK0296,2024,83
SK0256,2025,85
SK0279,2022,20
SK0078,2023,34
SK0020,2024,72
SK0141,2022,53
SK0153,2023,18
SK0074,2021,30
SK0198,2025,35
SK0299,2026,66
SK0227,2026,50
SK0242,2025,67
SK0233,2021,54
SK0277,2025,44
SK0125,2023,14
SK0138,2022,35
SK0237,2022,52
SK0187,2023,40
SK0191,2024,50
SK0074,2021,90
SK0112,2021,14
SK0277,2021,26
SK0028,2021,58
SK0042,2026,69
SK0054,2025,86
SK0115,2025,17
SK0252,2024,19
SK0010,2026,73
SK0137,2023,43
SK0036,2021,72
SK0270,2021,64
SK0163,2024,43
SK0272,2025,36
SK0223,2025,28
SK0062,2025,99
SK0108,2023,79
SK0293,2026,38
SK0108,2026,13
SK0260,2021,65
SK0231,2023,25
SK0289,2024,87
SK0053,2026,97
SK0095,2026,26
SK0014,2021,34
SK0153,2021,34
SK0093,2022,98
SK0148,2022,77
SK0228,2023,45
SK0100,2026,73
SK0045,2021,79
SK0158,2023,65
SK0011,2023,74
SK0166,2025,61
SK0146,2021,66
SK0120,2026,81
SK0055,2025,84
SK0234,2026,91
SK0016,2021,55
SK0204,2025,22
SK0135,2023,27
SK0178,2023,73
SK0120,2025,10
SK0027,2022,88
SK0127,2023,17
SK0297,2023,34
SK0055,2022,97
SK0258,2026,33
SK0200,2023,43
SK0282,2022,95
SK0079,2022,67
SK0052,2022,23
SK0275,2023,49
SK0126,2025,62
SK0151,2021,53
SK0002,2021,60
SK0210,2021,87
SK0094,2024,50
SK0252,2023,19
SK0267,2025,22
SK0214,2024,20
SK0209,2026,82
SK0008,2022,69
SK0135,2026,75
SK0190,2026,85
SK0164,2022,24
SK0075,2021,26
SK0205,2021,81
SK0099,2026,86
SK0150,2023,90
SK0194,2026,26
SK0088,2022,86
SK0154,2025,16
SK0048,2026,75
SK0047,2025,56
SK0028,2022,84
SK0171,2024,57
SK0053,2026,24
SK0230,2026,96
SK0246,2021,62
SK0005,2026,38
SK0030,2025,41
SK0190,2022,64
SK0283,2021,20
SK0173,2026,33
SK0041,2025,44
SK0124,2026,97
SK0142,2023,30
SK0005,2021,83
SK0180,2024,12
SK0209,2026,96
SK0057,2026,23
SK0043,2026,29
SK0178,2025,49
SK0056,2024,66
SK0143,2024,66
SK0279,2026,57
SK0286,2023,22
SK0295,2022,91
SK0043,2022,26
SK0272,2024,17
SK0194,2023,21
SK0283,2026,52
SK0270,2021,44
SK0075,2023,56
SK0111,2022,45
SK0074,2023,72
SK0188,2025,60
SK0055,2022,56
SK0033,2023,14
SK0204,2025,63
SK0037,2022,69
SK0260,2026,35
SK0028,2025,21
SK0082,2025,90
SK0100,2025,17
SK0220,2021,84
SK0255,2023,85
SK0061,2021,55
SK0105,2026,14
SK0199,2022,10
SK0263,2026,25
SK0149,2021,63
SK0009,2022,63
SK0214,2023,44
SK0166,2023,46
SK0079,2024,84
SK0128,2022,85
SK0239,2021,51
SK0289,2025,82
SK0287,2021,90
SK0217,2021,13
SK0019,2021,94
SK0218,2022,54
SK0138,2021,43
SK0159,2021,89
SK0060,2021,44
SK0013,2025,92
SK0288,2025,62
SK0032,2023,79
SK0082,2025,46
SK0209,2021,55
SK0209,2023,75
SK0221,2022,94
SK0012,2021,15
SK0261,2021,26
SK0138,2026,52
SK0146,2022,39
SK0237,2022,65
SK0070,2024,89
SK0155,2026,80
SK0136,2025,76
SK0015,2022,10
SK0201,2024,11
SK0251,2024,18
SK0144,2025,66
SK0228,2026,53
SK0179,2023,84
SK0084,2021,41
SK0008,2026,76
SK0214,2022,58
SK0147,2024,44
SK0026,2021,67
SK0270,2025,13
SK0268,2021,66
SK0207,2026,69
SK0167,2023,36
SK0090,2026,79
SK0201,2025,19
SK0255,2025,73
SK0010,2022,16
SK0142,2025,28
SK0200,2022,61
SK0285,2021,78
SK0224,2025,93
SK0163,2026,23
SK0021,2022,26
SK0161,2023,17
SK0228,2022,68
SK0228,2025,30
SK0279,2021,68
SK0263,2022,14
SK0090,2026,51
SK0261,2025,97
SK0261,2025,26
SK0129,2021,68
SK0046,2022,75
SK0208,2022,86
SK0052,2024,42
SK0250,2021,42
SK0130,2026,37
SK0113,2023,86
SK0203,2022,66
SK0246,2026,82
SK0128,2022,65
SK0241,2025,43
SK0039,2024,27
SK0103,2023,12
SK0108,2021,67
SK0144,2023,90
SK0123,2021,75
SK0040,2025,49
SK0242,2026,54
SK0131,2025,93
SK0227,2026,24
SK0066,2026,18
SK0204,2023,63
SK0213,2021,24
SK0090,2025,48
SK0087,2023,59
SK0254,2026,74
SK0260,2021,96
SK0002,2022,13
SK0255,2025,99
SK0225,2026,65
SK0226,2022,44
SK0127,2024,66
SK0186,2026,37
SK0059,2021,47
SK0236,2025,39
SK0164,2026,89
SK0163,2025,24
SK0009,2025,13
SK0018,2021,41
SK0171,2023,12
SK0051,2023,56
SK0251,2026,96
SK0182,2024,60
SK0222,2021,60
SK0044,2022,33
SK0279,2025,67
SK0246,2023,72
SK0248,2023,95
SK0066,2021,71
SK0170,2023,59
SK0038,2024,91
SK0175,2021,55
SK0018,2022,14
SK0245,2025,83
SK0211,2024,41
SK0150,2024,44
SK0013,2024,57
SK0241,2021,31
SK0023,2021,76
SK0072,2026,75
SK0213,2021,60
SK0010,2026,99
SK0115,2021,87
SK0111,2022,87
SK0205,2021,77
SK0229,2022,20
SK0120,2023,80
SK0079,2026,37
SK0051,2022,13
SK0271,2022,82
SK0106,2022,29
SK0118,2022,98
SK0221,2026,89
SK0212,2024,74
SK0197,2023,67
SK0280,2023,77
SK0148,2025,19
SK0182,2024,46
SK0132,2026,15
SK0142,2022,23
SK0035,2024,53
SK0168,2026,41
SK0262,2024,42
SK0240,2025,77
SK0296,2022,11
SK0050,2024,40
SK0080,2022,96
SK0210,2023,95
SK0289,2024,17
SK0261,2026,17
SK0287,2021,86
SK0027,2025,72
SK0212,2021,46
SK0078,2021,50
SK0254,2025,25
SK0002,2021,58
SK0189,2023,76
SK0016,2024,39
SK0013,2024,50
SK0132,2024,89
SK0225,2021,81
SK0049,2021,91
SK0122,2024,83
SK0158,2021,16
SK0071,2022,30
SK0087,2022,70
SK0206,2024,14
SK0082,2024,94
SK0297,2025,55
SK0104,2023,22
SK0013,2024,85
SK0008,2024,94
SK0245,2024,66
SK0205,2025,66
SK0035,2022,48
SK0086,2026,20
SK0018,2021,86
SK0253,2025,30
SK0264,2022,88
SK0249,2021,30
SK0189,2022,11
SK0062,2022,61
SK0007,2024,14
SK0133,2021,65
SK0252,2025,53
SK0173,2024,23
SK0012,2026,10
SK0246,2022,54
SK0260,2026,41
SK0294,2024,76
SK0198,2021,74
SK0170,2022,88
SK0041,2022,66
SK0048,2023,72
SK0123,2024,20
SK0276,2023,58
SK0216,2024,86
SK0285,2021,68
SK0228,2023,61
SK0164,2022,68
SK0276,2025,71
SK0095,2025,51
SK0086,2024,30
SK0192,2026,78
SK0008,2022,54
SK0039,2021,41
SK0300,2023,93
SK0230,2023,39
SK0279,2026,76
SK0054,2023,53
SK0164,2026,77
SK0206,2021,35
SK0024,2025,97
SK0293,2025,38
SK0254,2025,19
SK0230,2021,81
SK0107,2022,17
SK0058,2024,21
SK0082,2021,52
SK0292,2023,25
SK0215,2021,89
SK0138,2026,44
SK0269,2023,36
SK0285,2025,97
SK0236,2023,15
SK0285,2021,91
SK0136,2024,78
SK0001,2022,90
SK0199,2025,43
SK0098,2026,34
SK0252,2022,67
SK0093,2022,66
SK0144,2021,83
SK0181,2021,67
SK0122,2026,90
SK0191,2022,19
SK0228,2021,79
SK0124,2025,67
SK0173,2023,15
SK0268,2025,15
SK0104,2021,50
SK0012,2026,42
SK0148,2024,22
SK0269,2022,94
SK0066,2023,79
SK0240,2022,10
SK0065,2021,25
SK0275,2024,87
SK0098,2021,31
SK0064,2022,74
SK0079,2023,96
SK0011,2023,45
SK0079,2022,91
SK0202,2026,51
SK0050,2021,63
SK0132,2023,26
SK0083,2026,18
SK0014,2021,82
SK0146,2022,26
SK0122,2024,82
SK0078,2021,45
SK0258,2025,13
SK0259,2025,80
SK0103,2022,88
SK0129,2021,95
SK0191,2021,37
SK0281,2022,78
SK0046,2025,84
SK0176,2026,36
SK0217,2025,68
SK0198,2022,24
SK0236,2026,74
SK0167,2025,42
SK0200,2022,93
SK0109,2026,10
SK0218,2025,19
SK0175,2021,86
SK0092,2024,67
SK0198,2026,86
SK0128,2026,76
SK0229,2021,28
SK0293,2022,87
SK0187,2024,40
SK0288,2021,34
SK0217,2021,20
SK0154,2026,85
SK0231,2025,17
SK0284,2024,28
SK0073,2021,77
SK0191,2022,19
SK0144,2025,66
SK0073,2025,24
SK0011,2026,59
SK0200,2025,20
SK0188,2026,96
SK0215,2021,66
SK0300,2021,93
SK0034,2021,36
SK0156,2023,48
SK0129,2026,89
SK0229,2026,55
SK0012,2022,88
SK0142,2023,72
SK0037,2023,59
SK0040,2025,84
SK0032,2023,80
SK0277,2025,55
SK0179,2026,93
SK0077,2021,30
SK0114,2025,14
SK0069,2024,74
SK0111,2025,83
SK0121,2025,12
SK0045,2022,44
SK0183,2024,37
SK0221,2026,18
SK0048,2022,69
SK0130,2022,89
SK0226,2021,49
SK0075,2026,91
SK0197,2025,54
SK0148,2021,28
SK0222,2021,36
SK0300,2021,98
SK0085,2022,22
SK0233,2023,56
SK0211,2024,23
SK0031,2022,42
SK0140,2022,99
SK0147,2022,93
SK0126,2024,55
SK0115,2023,44
SK0034,2022,28
SK0110,2026,45
SK0111,2026,91
SK0005,2024,32
SK0173,2025,41
SK0034,2024,68
SK0287,2025,68
SK0039,2025,46
SK0158,2023,34
SK0030,2025,46
SK0209,2024,12
SK0044,2022,79
SK0272,2021,51
SK0090,2025,66
SK0139,2021,79
SK0038,2026,59
SK0079,2024,25
SK0152,2021,10
SK0178,2022,88
SK0274,2022,36
SK0300,2021,14
SK0040,2024,76
SK0053,2021,84
SK0006,2021,38
SK0071,2023,15
SK0065,2024,43
SK0146,2025,68
SK0133,2021,17
SK0222,2026,99
SK0070,2026,79
SK0043,2021,96
SK0290,2021,81
SK0129,2025,79
SK0199,2026,77
SK0004,2026,38
SK0130,2023,37
SK0109,2026,17
SK0153,2025,58
SK0159,2026,24
SK0050,2025,92
SK0072,2026,72
SK0186,2024,79
SK0211,2025,92
SK0193,2022,28
SK0205,2022,88
SK0119,2021,54
SK0013,2025,45
SK0027,2023,46
SK0237,2025,30
SK0119,2025,83
SK0255,2023,20
SK0295,2023,56
SK0005,2024,35
SK0005,2023,37
SK0036,2025,92
SK0230,2025,14
SK0283,2022,22
SK0287,2023,34
SK0029,2022,46
SK0100,2024,37
SK0011,2022,19
SK0079,2024,90
SK0282,2025,80
SK0179,2025,58
SK0249,2024,53
SK0021,2023,44
SK0039,2023,81
SK0006,2021,49
SK0120,2023,55
SK0104,2021,91
SK0195,2024,34
SK0035,2025,22
SK0134,2022,74
SK0073,2024,25
SK0038,2025,87
SK0038,2024,93
SK0041,2022,43
SK0088,2021,69
SK0250,2025,24
SK0257,2026,84
SK0080,2023,11
SK0262,2023,47
SK0055,2021,40
SK0249,2026,74
SK0033,2023,23
SK0291,2026,46
SK0015,2026,83
SK0192,2023,29
SK0086,2021,18
SK0200,2022,12
SK0003,2025,86
SK0057,2025,32
SK0196,2025,16
SK0246,2022,60
SK0264,2023,27
SK0255,2021,70
SK0154,2023,97
SK0244,2023,43
SK0251,2022,15
SK0283,2026,86
SK0027,2022,13
SK0103,2022,27
SK0063,2025,83
SK0007,2026,31
SK0099,2026,64
SK0288,2025,37
SK0076,2024,86
SK0068,2024,21
SK0261,2024,14
SK0252,2024,41
SK0195,2025,44
SK0193,2021,44
SK0209,2022,62
SK0004,2023,66
SK0125,2023,98
SK0040,2021,65
SK0198,2024,63
SK0249,2022,53
SK0089,2023,12
SK0199,2023,21
SK0224,2025,72
SK0070,2024,56
SK0274,2023,48
SK0193,2021,67
SK0028,2026,40
SK0006,2024,36
SK0031,2025,10
SK0116,2021,87
SK0271,2025,42
SK0034,2022,18
SK0074,2025,69
SK0053,2026,65
SK0291,2022,82
SK0028,2025,42
SK0064,2021,58
SK0014,2024,25
SK0195,2023,74
SK0053,2023,55
SK0199,2024,30
SK0190,2024,65
SK0287,2025,84
SK0019,2024,78
SK0128,2023,24
SK0278,2025,34
SK0036,2024,38
SK0295,2023,90
SK0300,2026,58
SK0130,2023,97
SK0228,2022,71
SK0136,2025,72
SK0230,2024,28
SK0009,2023,44
SK0233,2024,37
SK0171,2025,45
SK0266,2023,81
SK0271,2021,53
SK0188,2024,84
SK0141,2021,15
SK0243,2026,35
SK0137,2023,72
SK0292,2025,74
SK0183,2024,24
SK0181,2021,59
SK0168,2021,50
SK0019,2021,77
SK0210,2026,15
SK0248,2021,47
SK0144,2024,66
SK0241,2023,66
SK0086,2024,41
SK0091,2024,67
SK0006,2022,19
SK0205,2022,58
SK0039,2021,33
SK0299,2022,25
SK0135,2021,56
SK0011,2022,60
SK0236,2024,34
SK0015,2022,13
SK0243,2022,84
SK0143,2023,27
SK0205,2024,49
SK0183,2023,36
SK0268,2026,38
SK0174,2022,64
SK0105,2023,63
SK0131,2023,97
SK0165,2024,27
SK0171,2023,33
SK0058,2026,18
SK0110,2025,93
SK0143,2021,65
SK0210,2025,78
SK0281,2024,65
SK0148,2021,60
SK0109,2024,19
SK0283,2025,17
SK0019,2026,84
SK0236,2026,85
SK0230,2021,78
SK0224,2021,18
SK0081,2022,41
SK0020,2023,99
SK0228,2021,30
SK0153,2026,18
SK0191,2024,48
SK0033,2026,48
SK0074,2024,71
SK0177,2024,46
SK0019,2026,67
SK0019,2025,90
SK0024,2021,53
SK0028,2022,88
SK0284,2023,87
SK0145,2025,98
SK0048,2024,99
SK0261,2022,33
SK0052,2025,33
SK0015,2021,69
SK0224,2024,15
SK0182,2022,56
SK0286,2023,37
SK0159,2024,46
SK0123,2022,99
SK0135,2021,68
SK0219,2021,60
SK0104,2024,81
SK0294,2022,87
SK0072,2023,41
SK0158,2021,69
SK0168,2022,95
SK0212,2025,93
SK0106,2022,39
SK0230,2021,52
SK0300,2021,46
SK0019,2023,36
SK0128,2025,29
SK0033,2025,28
SK0194,2024,42
SK0010,2023,45
SK0086,2023,63
SK0081,2025,45
SK0241,2026,73
SK0182,2021,93
SK0019,2024,35
SK0188,2022,34
SK0218,2024,86
SK0152,2025,57
SK0233,2025,34
SK0005,2021,32
SK0275,2026,97
SK0246,2021,55
SK0117,2024,17
SK0287,2022,25
SK0240,2023,40
SK0130,2026,84
SK0144,2025,17
SK0127,2022,21
SK0131,2023,29
SK0094,2025,60
SK0259,2022,30
SK0200,2021,56
SK0040,2025,55
SK0208,2025,47
SK0261,2023,25
SK0251,2026,22
SK0142,2022,85
SK0041,2024,45
SK0047,2021,57
SK0258,2025,37
SK0146,2024,52
SK0270,2021,55
SK0283,2024,85
SK0049,2022,14
SK0166,2026,81
SK0081,2021,53
SK0189,2022,80
SK0297,2022,69
SK0076,2021,55
SK0097,2023,28
SK0018,2024,81
SK0167,2025,68
SK0281,2023,44
SK0201,2022,39
SK0155,2021,62
SK0075,2024,39
SK0211,2025,45
SK0026,2021,39
SK0024,2023,23
SK0174,2025,47
SK0066,2024,71
SK0231,2024,28
SK0018,2024,16
SK0111,2023,84
SK0246,2023,54
SK0012,2025,18
SK0037,2025,54
SK0272,2025,36
SK0286,2025,55
SK0032,2024,94
SK0129,2023,38
SK0170,2026,13
SK0095,2025,66
SK0088,2026,85
SK0295,2024,34
SK0100,2024,78
SK0149,2024,22
SK0148,2021,32
SK0185,2024,85
SK0205,2026,35
SK0049,2026,28
SK0273,2024,11
SK0220,2022,55
SK0082,2024,83
SK0300,2025,99
SK0151,2025,81
SK0161,2023,26
SK0141,2024,75
SK0177,2024,70
SK0174,2026,12
SK0115,2022,22
SK0231,2022,42
SK0118,2023,60
SK0169,2022,65
SK0231,2024,71
SK0145,2021,10
SK0238,2024,59
SK0085,2026,77
SK0171,2023,77
SK0085,2021,48
SK0203,2025,71
SK0212,2021,37
SK0057,2025,37
SK0113,2021,91
SK0068,2023,73
SK0023,2023,36
SK0125,2022,23
SK0074,2023,54
SK0261,2023,13
SK0170,2022,42
SK0018,2022,86
SK0258,2024,99
SK0052,2023,32
SK0056,2025,90
SK0296,2026,40
SK0117,2025,46
SK0192,2022,48
SK0056,2024,27
SK0236,2026,51
SK0298,2024,94
SK0233,2023,62
SK0288,2021,77
SK0202,2025,23
SK0249,2026,82
SK0133,2021,33
SK0061,2023,51
SK0117,2026,10
SK0267,2021,53
SK0072,2024,58
SK0045,2026,34
SK0190,2026,67
SK0098,2022,79
SK0169,2023,31
SK0122,2022,89
SK0174,2023,94
SK0163,2026,85
SK0157,2024,38
SK0211,2022,54
SK0117,2024,63
SK0112,2026,57
SK0261,2021,63
SK0152,2022,44
SK0103,2024,91
SK0050,2026,22
SK0274,2021,66
SK0143,2022,15
SK0060,2025,27
SK0021,2021,26
SK0184,2022,98
SK0069,2023,97
SK0193,2021,53
SK0250,2026,10
SK0130,2026,75
SK0286,2023,62
SK0023,2022,58
SK0068,2023,85
SK0247,2026,20
SK0278,2023,40
SK0009,2024,42
SK0012,2024,63
SK0266,2023,94
SK0092,2023,98
SK0119,2023,38
SK0214,2023,37
SK0255,2023,31
SK0213,2023,23
SK0240,2022,53
SK0232,2024,87
SK0075,2024,16
SK0219,2025,52
SK0057,2024,57
SK0018,2021,76
SK0241,2026,80
SK0226,2026,32
SK0101,2024,83
SK0045,2026,13
SK0159,2026,10
SK0266,2026,85
SK0145,2023,85
SK0096,2026,40
SK0083,2023,67
SK0189,2026,85
SK0023,2026,80
SK0157,2022,55
SK0291,2022,83
SK0142,2021,17
SK0098,2023,25
SK0076,2026,66
SK0058,2025,56
SK0185,2023,88
SK0244,2026,48
SK0015,2023,33
SK0056,2022,26
SK0167,2023,97
SK0257,2024,46
SK0153,2023,43
SK0196,2025,58
SK0093,2025,71
SK0008,2025,96
SK0045,2022,53
SK0182,2026,61
SK0136,2022,44
SK0122,2024,80
SK0090,2023,62
SK0131,2023,92
SK0272,2026,91
SK0089,2026,38
SK0228,2021,79
SK0021,2025,14
SK0113,2024,48
SK0020,2026,12
SK0083,2023,68
SK0239,2021,68
SK0194,2024,84
SK0134,2021,28
SK0180,2025,75
SK0233,2021,57
SK0071,2025,66
SK0083,2021,39
SK0062,2021,95
SK0120,2023,35
SK0196,2024,84
SK0290,2022,69
SK0242,2024,52
SK0242,2021,78
SK0176,2025,93
SK0149,2021,17
SK0195,2021,49
SK0289,2025,54
SK0295,2024,59
SK0023,2022,79
SK0093,2025,51
SK0116,2021,12
SK0068,2021,20
SK0207,2025,88
SK0060,2026,38
SK0281,2022,76
SK0256,2025,29
SK0052,2026,76
SK0112,2022,75
SK0272,2025,35
SK0234,2022,93
SK0244,2025,51
SK0188,2021,11
SK0197,2025,56
SK0022,2022,19
SK0225,2024,84
SK0144,2025,80
SK0116,2022,30
SK0146,2024,28
SK0046,2024,39
SK0282,2023,60
SK0011,2022,87
SK0198,2025,65
SK0010,2024,61
SK0004,2021,23
SK0268,2025,16
SK0288,2023,85
SK0080,2026,86
SK0219,2022,53
SK0059,2026,39
SK0080,2022,98
SK0195,2024,76
SK0178,2023,78
SK0239,2021,42
SK0168,2021,65
SK0271,2024,72
SK0060,2026,40
SK0005,2022,11
SK0273,2023,81
SK0127,2023,84
SK0237,2026,38
SK0077,2022,26
SK0122,2024,28
SK0038,2022,88
SK0121,2023,94
SK0201,2024,49
SK0206,2024,51
SK0088,2022,53
SK0040,2022,60
SK0039,2023,90
SK0188,2025,58
SK0095,2021,23
SK0157,2024,95
SK0269,2025,48
SK0189,2026,11
SK0080,2026,95
SK0161,2023,36
SK0037,2025,43
SK0034,2025,63
SK0121,2022,18
SK0214,2023,20
SK0201,2022,44
SK0220,2025,65
SK0132,2025,23
SK0040,2024,27
SK0178,2024,62
SK0056,2023,91
SK0001,2026,39
SK0209,2026,49
SK0161,2021,38
SK0045,2025,38
SK0174,2024,50
SK0036,2022,31
SK0155,2026,76
SK0034,2021,62
SK0109,2021,27
SK0133,2021,11
SK0024,2021,30
SK0127,2023,22
SK0006,2024,93
SK0018,2025,50
SK0113,2024,65
SK0118,2025,16
SK0005,2022,92
SK0219,2026,58
SK0271,2025,50
SK0105,2025,57
SK0052,2024,34
SK0199,2021,20
SK0270,2025,48
SK0072,2022,13
SK0229,2025,79
SK0141,2024,19
SK0112,2025,84
SK0026,2021,61
SK0059,2025,84
SK0241,2025,64
SK0268,2022,63
SK0112,2023,39
SK0137,2022,51
SK0187,2025,83
SK0280,2023,18
SK0127,2026,34
SK0002,2026,26
SK0060,2026,25
SK0267,2024,10
SK0163,2022,66
SK0025,2025,41
SK0264,2023,54
SK0108,2023,45
SK0110,2026,37
SK0023,2022,57
SK0204,2024,98
SK0177,2025,31
SK0180,2024,69
SK0134,2021,34
SK0094,2023,90
SK0009,2025,28
SK0127,2022,22
SK0138,2026,44
SK0125,2026,35
SK0076,2021,38
SK0163,2025,86
SK0162,2026,90
SK0267,2021,40
SK0009,2023,49
SK0044,2026,53
SK0194,2024,48
SK0134,2023,50
SK0082,2022,76
SK0248,2021,47
SK0010,2022,97
SK0122,2026,36
SK0204,2025,22
SK0274,2024,78
SK0038,2025,98
SK0262,2024,25
SK0187,2021,68
SK0219,2021,30
SK0287,2021,71
SK0247,2021,46
SK0212,2024,12
SK0274,2023,43
SK0046,2022,82
SK0273,2022,99
SK0067,2021,77
SK0047,2022,87
SK0169,2024,74
SK0184,2026,63
SK0256,2025,43
SK0192,2023,23
SK0167,2023,75
SK0100,2022,51
SK0133,2021,56
SK0259,2025,71
SK0020,2023,62
SK0114,2024,19
SK0298,2021,35
SK0041,2025,94
SK0115,2026,32
SK0282,2023,70
SK0298,2025,73
SK0023,2026,23
SK0180,2022,48
SK0144,2021,43
SK0266,2021,15
SK0202,2026,74
SK0061,2023,93
SK0046,2023,62
SK0007,2021,90
SK0092,2023,11
SK0099,2026,59
SK0009,2021,38
SK0015,2026,74
SK0144,2023,71
SK0232,2025,44
SK0156,2026,73
SK0117,2025,48
SK0254,2022,30
SK0055,2026,57
SK0233,2025,12
SK0238,2021,30
SK0106,2023,43
SK0166,2021,32
SK0292,2025,40
SK0217,2026,71
SK0071,2026,92
SK0243,2023,71
SK0233,2026,58
SK0056,2026,20
SK0189,2023,26
SK0034,2021,82
SK0141,2024,68
SK0033,2023,23
SK0137,2021,12
SK0247,2022,22
SK0250,2021,86
SK0172,2026,20
SK0101,2023,82
SK0037,2022,29
SK0013,2023,86
SK0148,2026,57
SK0123,2026,91
SK0152,2021,51
SK0073,2021,69
SK0264,2022,20
SK0263,2021,31
SK0138,2026,88
SK0198,2025,57
SK0124,2022,48
SK0035,2024,85
SK0283,2021,60
SK0134,2021,45
SK0013,2023,51
SK0009,2025,46
SK0225,2022,67
SK0023,2023,94
SK0287,2024,44
SK0082,2023,58
SK0281,2026,93
SK0063,2023,89
SK0153,2021,49
SK0048,2023,44
SK0037,2024,48
SK0293,2022,98
SK0005,2022,28
SK0288,2024,73
SK0178,2025,49
SK0154,2021,16
SK0012,2022,97
SK0069,2026,69
SK0261,2024,20
SK0123,2025,89
SK0284,2025,92
SK0237,2021,13
SK0122,2026,50
SK0097,2023,35
SK0132,2024,26
SK0160,2026,35
SK0270,2026,77
SK0005,2023,13
SK0027,2024,14
SK0169,2021,91
SK0160,2024,13
SK0193,2021,34
SK0217,2026,60
SK0088,2023,22
SK0180,2026,96
SK0134,2026,23
SK0083,2021,45
SK0072,2022,73
SK0157,2022,61
SK0239,2024,83
SK0048,2021,62
SK0182,2025,43
SK0280,2021,35
SK0141,2026,61
SK0178,2023,64
SK0028,2021,21
SK0041,2021,17
SK0168,2023,29
SK0273,2022,18
SK0255,2021,42
SK0062,2023,45
SK0242,2022,98
SK0155,2026,93
SK0004,2025,87
SK0029,2025,14
SK0149,2021,73
SK0179,2024,94
SK0010,2024,66
SK0169,2026,63
SK0004,2025,50
SK0108,2023,71
SK0130,2024,34
SK0238,2025,60
SK0041,2023,21
SK0049,2025,66
SK0239,2024,12
SK0101,2022,11
SK0079,2024,12
SK0060,2024,37
SK0274,2022,76
SK0222,2023,37
SK0117,2022,98
SK0100,2024,24
SK0043,2022,81
SK0090,2023,60
SK0091,2025,10
SK0049,2024,15
SK0178,2023,22
SK0253,2024,43
SK0196,2021,85
SK0035,2023,82
SK0211,2024,83
SK0286,2022,69
SK0098,2026,54
SK0253,2025,62
SK0179,2025,23
SK0195,2024,95
SK0241,2024,36
SK0053,2026,24
SK0029,2025,31
SK0299,2025,81
SK0193,2021,95
SK0058,2022,59
SK0290,2024,43
SK0208,2023,76
SK0260,2026,83
SK0218,2023,13
SK0136,2023,46
SK0237,2025,34
SK0164,2024,22
SK0031,2021,69
SK0209,2025,55
SK0132,2023,90
SK0181,2026,39
SK0289,2026,31
SK0265,2024,98
SK0238,2021,55
SK0189,2023,28
SK0205,2022,89
SK0274,2021,93
SK0075,2025,43
SK0296,2026,44
SK0228,2022,94
SK0175,2025,37
SK0019,2023,59
SK0256,2021,41
SK0095,2025,66
SK0125,2021,34
SK0171,2024,13
SK0022,2025,57
SK0187,2026,65
SK0110,2023,70
SK0082,2023,29
SK0063,2022,51
SK0203,2022,90
SK0054,2022,93
SK0226,2024,57
SK0088,2022,72
SK0047,2026,80
SK0168,2023,80
SK0069,2021,88
SK0242,2026,57
SK0057,2025,77
SK0249,2025,31
SK0131,2023,66
SK0172,2025,85
SK0075,2025,14
SK0218,2024,16
SK0027,2022,76
SK0144,2024,51
SK0036,2023,12
SK0078,2024,17
SK0080,2021,90
SK0043,2025,15
SK0168,2021,62
SK0252,2021,21
SK0171,2025,64
SK0228,2025,75
SK0263,2021,47
SK0207,2025,35
SK0091,2024,36
SK0212,2026,79
SK0027,2024,66
SK0196,2024,92
SK0251,2023,41
SK0140,2022,60
SK0290,2023,77
SK0280,2022,77
SK0158,2025,34
SK0240,2024,21
SK0211,2023,84
SK0262,2024,22
SK0140,2025,92
SK0200,2023,81
SK0184,2024,25
SK0266,2025,39
SK0250,2024,76
SK0086,2021,35
SK0100,2025,36
SK0214,2025,31
SK0057,2026,72
SK0059,2022,17
SK0163,2024,81
SK0254,2025,76
SK0184,2021,89
SK0237,2024,86
SK0009,2025,67
SK0179,2026,32
SK0161,2024,60
SK0149,2022,69
SK0096,2021,67
SK0226,2024,36
SK0258,2022,28
SK0014,2022,56
SK0131,2022,90
SK0265,2022,86
SK0084,2023,11
SK0049,2023,47
SK0082,2021,46
SK0285,2021,29
SK0042,2026,83
SK0293,2022,80
SK0073,2024,84
SK0141,2023,47
SK0209,2026,67
SK0001,2022,72
SK0037,2025,77
SK0265,2022,36
SK0014,2021,61
SK0293,2024,94
SK0264,2022,39
SK0170,2026,76
SK0265,2022,22
SK0040,2024,75
SK0259,2025,34
SK0183,2022,36
SK0090,2022,84
SK0110,2024,26
SK0014,2021,17
SK0180,2021,72
SK0189,2026,34
SK0190,2026,33
SK0234,2026,42
SK0270,2025,46
SK0142,2021,71
SK0140,2024,73
SK0184,2021,78
SK0253,2026,12
SK0120,2021,63
SK0228,2026,53
SK0102,2024,73
SK0050,2026,39
SK0162,2024,91
SK0269,2026,43
SK0111,2024,50
SK0190,2026,77
SK0291,2025,79
SK0261,2026,56
SK0177,2023,82
SK0127,2025,75
SK0196,2025,32
SK0198,2021,93
SK0298,2025,71
SK0192,2024,18
SK0032,2022,51
SK0126,2023,14
SK0150,2026,81
SK0100,2023,72
SK0272,2021,39
SK0151,2023,16
SK0136,2025,17
SK0079,2023,62
SK0024,2023,91
SK0092,2023,85
SK0130,2025,86
SK0094,2023,11
SK0014,2022,32
SK0237,2026,80
SK0222,2021,36
SK0199,2026,92
SK0118,2022,85
SK0172,2023,59
SK0013,2022,13
SK0230,2024,51
SK0141,2023,79
SK0236,2022,16
SK0179,2022,33
SK0021,2021,67
SK0120,2022,49
SK0183,2023,49
SK0221,2022,23
SK0097,2025,52
SK0135,2023,47
SK0252,2024,32
SK0104,2021,56
SK0092,2021,57
SK0231,2026,75
SK0081,2021,88
SK0194,2023,52
SK0222,2025,95
SK0272,2021,12
SK0137,2025,87
SK0243,2024,98
SK0259,2023,31
SK0260,2026,12
SK0245,2026,11
SK0254,2023,10
SK0020,2025,12
SK0015,2022,48
SK0056,2023,47
SK0186,2021,63
SK0079,2026,12
SK0255,2026,66
SK0140,2022,22
SK0041,2026,55
SK0231,2025,33
SK0048,2024,37
SK0286,2026,88
SK0272,2021,93
SK0051,2022,84
SK0229,2021,52
SK0036,2025,72
SK0097,2026,88
SK0254,2023,50
SK0214,2025,24
SK0292,2024,83
SK0082,2026,85
SK0079,2024,11
SK0166,2023,21
SK0120,2022,59
SK0099,2026,76
SK0108,2026,53
SK0109,2021,16
SK0043,2022,25
SK0262,2022,82
SK0130,2026,22
SK0249,2022,25
SK0200,2026,24
SK0259,2026,36
SK0047,2025,66
SK0265,2022,27
SK0054,2026,91
SK0019,2026,25
SK0167,2024,83
SK0074,2024,37
SK0031,2025,81
SK0268,2024,49
SK0271,2022,23
SK0125,2021,72
SK0123,2025,26
SK0103,2026,52
SK0164,2025,71
SK0014,2021,39
SK0037,2022,46
SK0135,2021,69
SK0065,2026,42
SK0081,2025,64
SK0067,2025,46
SK0043,2026,27
SK0143,2023,81
SK0173,2023,25
SK0087,2024,50
SK0017,2025,13
SK0189,2025,50
SK0120,2022,22
SK0256,2022,31
SK0041,2023,67
SK0230,2026,64
SK0142,2021,57
SK0062,2024,49
SK0125,2022,36
SK0003,2022,87
SK0283,2021,74
SK0118,2025,37
SK0005,2022,86
SK0290,2025,20
SK0143,2024,16
SK0010,2025,22
SK0084,2026,23
SK0290,2024,91
SK0081,2026,22
SK0218,2023,36
SK0254,2026,65
SK0157,2023,87
SK0202,2021,46
SK0150,2022,37
SK0136,2021,53
SK0055,2024,25
SK0158,2026,99
SK0279,2021,25
SK0113,2025,37
SK0095,2026,34
SK0247,2022,24
SK0131,2023,83
SK0105,2023,32
SK0148,2024,44
SK0140,2021,36
SK0198,2025,71
SK0208,2021,10
SK0042,2021,82
SK0210,2024,89
SK0130,2026,73
SK0260,2024,13
SK0293,2023,48
SK0026,2025,99
SK0177,2023,41
SK0112,2024,17
SK0134,2024,13
SK0157,2021,50
SK0251,2026,89
SK0027,2025,12
SK0191,2026,83
SK0040,2026,19
SK0130,2021,20
SK0292,2026,66
SK0011,2022,40
SK0245,2024,55
SK0054,2021,55
SK0006,2023,88
SK0015,2022,90
SK0047,2021,40
SK0138,2024,69
SK0059,2025,80
SK0051,2023,54
SK0121,2026,48
SK0269,2026,82
SK0287,2023,81
SK0245,2023,72
SK0090,2022,94
SK0018,2025,95
SK0213,2022,10
SK0224,2022,31
SK0267,2024,13
SK0117,2021,93
SK0073,2022,61
SK0293,2021,57
SK0240,2023,97
SK0174,2025,88
SK0098,2026,35
SK0120,2025,86
SK0072,2022,65
SK0207,2024,40
SK0113,2023,32
SK0225,2025,22
SK0037,2026,68
SK0030,2022,16
SK0216,2021,90
SK0202,2023,95
SK0049,2024,25
SK0079,2021,14
SK0190,2022,78
SK0223,2024,96
SK0293,2026,51
SK0173,2022,19
SK0018,2026,96
SK0113,2021,47
SK0118,2021,65
SK0242,2022,41
SK0037,2023,11
SK0189,2026,70
SK0020,2026,61
SK0038,2025,88
SK0240,2021,12
SK0059,2021,97
SK0076,2025,11
SK0029,2022,87
SK0102,2025,39
SK0034,2024,98
SK0275,2021,65
SK0053,2024,79
SK0247,2026,35
SK0290,2023,38
SK0183,2021,49
SK0208,2024,67
SK0281,2022,68
SK0096,2024,10
SK0169,2022,29
SK0154,2025,76
SK0114,2021,94
SK0073,2022,17
SK0014,2023,87
SK0118,2024,69
SK0159,2026,59
SK0057,2024,44
SK0048,2022,70
SK0140,2025,37
SK0250,2024,52
SK0048,2022,15
SK0062,2023,45
SK0199,2023,68
SK0283,2024,44
SK0294,2022,75
SK0028,2024,10
SK0046,2022,20
SK0185,2024,14
SK0095,2025,55
SK0147,2026,18
SK0086,2024,72
SK0163,2026,37
SK0211,2026,84
SK0299,2021,37
SK0230,2026,15
SK0201,2021,14
SK0090,2026,96
SK0247,2026,77
SK0259,2026,26
SK0262,2023,35
SK0292,2024,99
SK0161,2024,93
SK0091,2023,39
SK0145,2022,18
SK0219,2022,80
SK0263,2022,52
SK0169,2026,63
SK0203,2026,52
SK0075,2023,87
SK0170,2025,32
SK0265,2023,51
SK0258,2023,72
SK0109,2022,93
SK0063,2022,45
SK0035,2025,96
SK0273,2022,60
SK0289,2022,37
SK0296,2024,42
SK0208,2023,22
SK0270,2021,15
SK0093,2025,59
SK0164,2024,98
SK0273,2022,26
SK0046,2021,62
SK0023,2024,29
SK0212,2024,46
SK0062,2024,43
SK0079,2025,86
SK0046,2024,63
SK0046,2025,14
SK0046,2021,33
SK0001,2026,56
SK0262,2026,61
SK0147,2023,47
SK0156,2021,81
SK0250,2022,30
SK0057,2026,15
SK0065,2024,83
SK0043,2026,26
SK0266,2022,93
SK0239,2026,11
SK0289,2026,64
SK0202,2023,49
SK0203,2021,83
SK0266,2025,60
SK0034,2024,80
SK0211,2026,64
SK0026,2024,51
SK0115,2025,32
SK0048,2022,77
SK0253,2021,18
SK0144,2026,54
SK0127,2024,27
SK0113,2026,66
SK0189,2025,48
SK0259,2021,97
SK0262,2025,82
SK0068,2025,47
SK0062,2022,49
SK0010,2024,49
SK0147,2022,36
SK0002,2024,86
SK0021,2021,76
SK0267,2026,70
SK0106,2026,87
SK0270,2025,60
SK0072,2023,33
SK0265,2021,94
SK0083,2026,80
SK0125,2025,44
SK0243,2023,76
SK0005,2022,57
SK0252,2023,71
SK0119,2021,95
SK0262,2021,43
SK0181,2025,26
SK0293,2021,86
SK0046,2025,32
SK0215,2026,52
SK0060,2023,45
SK0235,2024,74
SK0107,2022,43
SK0164,2026,64
SK0115,2023,77
SK0237,2022,19
SK0271,2025,96
SK0269,2021,58
SK0070,2023,10
SK0065,2026,37
SK0194,2023,69
SK0099,2026,37
SK0023,2026,41
SK0266,2022,52
SK0276,2021,95
SK0061,2023,88
SK0238,2023,31
SK0050,2025,89
SK0298,2026,51
SK0082,2025,25
SK0035,2025,28
SK0183,2026,31
SK0088,2026,54
SK0125,2025,76
SK0090,2024,66
SK0232,2022,44
SK0264,2021,12
SK0160,2024,73
SK0288,2023,68
SK0276,2025,93
SK0039,2024,98
SK0140,2021,75
SK0145,2025,25
SK0249,2026,24
SK0052,2025,86
SK0238,2025,43
SK0001,2023,93
SK0194,2026,33
SK0268,2023,84
SK0141,2022,25
SK0267,2022,64
SK0064,2021,26
SK0092,2025,65
SK0217,2023,60
SK0251,2024,84
SK0183,2024,17
SK0034,2024,53
SK0144,2026,32
SK0162,2025,72
SK0166,2026,44
SK0232,2024,48
SK0208,2024,37
SK0136,2026,85
SK0119,2024,11
SK0064,2022,81
SK0016,2021,41
SK0224,2021,48
SK0281,2026,29
SK0005,2022,33
SK0047,2022,71
SK0078,2024,80
SK0246,2021,10
SK0185,2024,47
SK0210,2023,89
SK0038,2026,78
SK0133,2021,50
SK0049,2022,63
SK0124,2024,10
SK0013,2024,93
SK0099,2026,89
SK0117,2021,75
SK0090,2026,59
SK0164,2026,95
SK0116,2023,19
SK0048,2025,61
SK0133,2026,42
SK0009,2026,35
SK0037,2024,73
SK0010,2023,28
SK0288,2024,48
SK0072,2023,62
SK0012,2024,11
SK0290,2022,90
SK0040,2023,24
SK0137,2023,38
SK0244,2025,74
SK0199,2026,30
SK0104,2022,88
SK0153,2024,78
SK0212,2021,56
SK0247,2025,38
SK0003,2026,56
SK0170,2025,62
SK0007,2026,14
SK0293,2024,44
SK0235,2026,71
SK0197,2021,25
SK0063,2024,47
SK0155,2025,13
SK0208,2022,82
SK0140,2022,28
SK0140,2024,84
SK0245,2023,39
SK0205,2026,55
SK0192,2023,83
SK0095,2021,58
SK0045,2026,31
SK0058,2026,24
SK0139,2025,48
SK0056,2021,37
SK0209,2026,76
SK0212,2022,71
SK0172,2024,29
SK0292,2021,45
SK0209,2025,52
SK0233,2023,26
SK0249,2021,20
SK0064,2024,14
SK0151,2023,45
SK0190,2025,84
SK0122,2022,85
SK0013,2025,19
SK0108,2024,69
SK0001,2021,36
SK0213,2024,20
SK0025,2022,93
SK0055,2024,45
SK0213,2024,18
SK0260,2025,20
SK0297,2025,43
SK0063,2022,26
SK0018,2025,70
SK0135,2024,71
SK0072,2025,84
SK0074,2024,10
SK0023,2025,10
SK0101,2026,43
SK0020,2023,52
SK0174,2022,48
SK0120,2023,46
SK0055,2025,39
SK0174,2022,36
SK0215,2021,93
SK0146,2021,26
SK0209,2023,52
SK0223,2022,64
SK0131,2024,39
SK0058,2024,27
SK0031,2022,68
SK0086,2024,58
SK0001,2022,10
SK0065,2025,15
SK0188,2025,61
SK0126,2025,70
SK0051,2021,79
SK0196,2025,20
SK0171,2022,98
SK0016,2025,50
SK0265,2024,32
SK0140,2025,64
SK0273,2025,89
SK0092,2022,63
SK0166,2024,99
SK0035,2026,60
SK0071,2025,85
SK0094,2025,96
SK0090,2022,56
SK0283,2026,48
SK0033,2023,48
SK0188,2026,41
SK0246,2022,81
SK0175,2021,81
SK0006,2023,87
SK0113,2022,11
SK0170,2022,33
SK0036,2024,10
SK0165,2023,48
SK0197,2023,40
SK0183,2024,16
SK0003,2025,23
SK0211,2022,78
SK0142,2021,59
SK0045,2025,43
SK0074,2021,49
SK0139,2026,98
SK0081,2022,58
SK0080,2024,32
SK0105,2026,65
SK0169,2024,27
SK0114,2026,58
SK0040,2023,44
SK0210,2024,46
SK0161,2024,70
SK0215,2022,71
SK0021,2026,50
SK0094,2024,45
SK0068,2021,79
SK0282,2023,21
SK0094,2022,71
SK0187,2026,13
SK0226,2023,95
SK0104,2025,41
SK0125,2025,63
SK0007,2026,81
SK0299,2026,87
SK0097,2021,78
SK0068,2022,20
SK0213,2022,68
SK0263,2025,23
SK0167,2022,70
SK0153,2025,76
SK0286,2024,90
SK0237,2021,23
SK0004,2025,15
SK0045,2022,24
SK0260,2026,50
SK0263,2024,45
SK0061,2026,76
SK0278,2025,59
SK0261,2026,75
SK0284,2022,14
SK0186,2024,69
SK0154,2022,44
SK0079,2025,94
SK0110,2022,53
SK0042,2026,40
SK0048,2023,10
SK0022,2026,59
SK0071,2026,92
SK0246,2022,93
SK0278,2021,91
SK0012,2025,12
SK0168,2025,75
SK0051,2024,19
SK0104,2025,80
SK0051,2022,32
SK0135,2022,38
SK0131,2023,95
SK0042,2026,37
SK0183,2026,71
SK0279,2024,17
SK0098,2023,84
SK0300,2026,31
SK0065,2022,30
SK0001,2024,34
SK0290,2021,90
SK0172,2021,52
SK0006,2023,64
SK0194,2021,74
SK0259,2024,63
SK0176,2024,44
SK0170,2022,13
SK0239,2022,42
SK0206,2025,96
SK0233,2021,43
SK0100,2022,58
SK0243,2022,75
SK0293,2024,92
SK0129,2024,25
SK0095,2021,51
SK0118,2023,55
SK0211,2021,23
SK0294,2025,56
SK0196,2022,77
SK0182,2026,36
SK0246,2022,96
SK0091,2026,13
SK0137,2023,34
SK0244,2022,97
SK0289,2026,18
SK0141,2026,26
SK0045,2023,64
SK0209,2026,27
SK0152,2023,33
SK0225,2022,33
SK0044,2026,25
SK0199,2022,13
SK0219,2021,89
SK0035,2024,44
SK0063,2022,98
SK0050,2025,88
SK0067,2021,36
SK0294,2023,82
SK0006,2021,87
SK0005,2023,24
SK0249,2025,55
SK0125,2023,82
SK0118,2021,37
SK0177,2023,75
SK0005,2024,17
SK0236,2026,68
SK0097,2022,83
SK0084,2026,95
SK0115,2022,38
SK0122,2026,56
SK0128,2026,47
SK0181,2025,61
SK0268,2022,98
SK0095,2024,60
SK0052,2021,39
SK0130,2026,22
SK0248,2021,66
SK0284,2024,82
SK0296,2022,99
SK0093,2026,27
SK0044,2026,65
SK0217,2024,66
SK0004,2023,86
SK0030,2025,79
SK0047,2021,76
SK0193,2023,69
SK0109,2025,26
SK0108,2023,34
SK0234,2024,48
SK0284,2024,63
SK0207,2023,61
SK0291,2022,76
SK0213,2025,99
SK0009,2026,96
SK0274,2022,89
SK0132,2023,91
SK0054,2023,50
SK0276,2024,89
SK0171,2021,49
SK0066,2024,31
SK0167,2025,60
SK0217,2024,70
SK0095,2021,63
SK0183,2026,20
SK0106,2021,73
SK0176,2023,54
SK0126,2021,29
SK0228,2026,70
SK0227,2024,33
SK0290,2021,12
SK0081,2026,18
SK0089,2024,23
SK0221,2021,57
SK0009,2023,88
SK0002,2021,93
SK0001,2025,97
SK0027,2021,91
SK0299,2021,24
SK0146,2024,54
SK0048,2026,16
SK0267,2025,29
SK0038,2024,74
SK0253,2026,59
SK0162,2025,31
SK0105,2022,76
SK0131,2026,16
SK0265,2025,70
SK0068,2026,95
SK0099,2022,67
SK0179,2021,94
SK0139,2022,15
SK0278,2023,62
SK0132,2024,85
SK0277,2022,89
SK0206,2021,70
SK0260,2023,49
SK0111,2026,82
SK0273,2021,40
SK0184,2022,32
SK0001,2025,42
SK0023,2025,15
SK0121,2024,87
SK0094,2026,11
SK0137,2024,57
SK0281,2023,60
SK0173,2021,94
SK0028,2026,74
SK0023,2023,31
SK0291,2024,24
SK0287,2024,86
SK0117,2024,76
SK0262,2023,50
SK0069,2021,90
SK0233,2022,25
SK0144,2021,98
SK0077,2023,35
SK0142,2025,43
SK0229,2025,36
SK0222,2024,36
SK0266,2021,86
SK0174,2026,97
SK0058,2021,73
SK0165,2025,44
SK0128,2021,83
SK0261,2026,47
SK0225,2025,15
SK0046,2026,30
SK0178,2026,97
SK0109,2023,70
SK0202,2024,10
SK0173,2024,77
SK0055,2025,23
SK0018,2023,75
SK0297,2024,83
SK0193,2026,98
SK0011,2024,63
SK0286,2022,70
SK0243,2026,68
SK0177,2024,71
SK0175,2024,76
SK0144,2023,60
SK0250,2021,54
SK0171,2023,91
SK0016,2022,42
SK0043,2021,62
SK0236,2021,73
SK0189,2021,67
SK0002,2024,49
SK0026,2022,40
SK0024,2022,34
SK0260,2024,42
SK0297,2023,67
SK0078,2022,21
SK0196,2026,96
SK0193,2023,32
SK0183,2026,56
SK0254,2024,98
SK0136,2022,60
SK0214,2024,99
SK0266,2024,28
SK0139,2024,64
SK0200,2021,10
SK0204,2026,81
SK0052,2021,37
SK0155,2023,20
SK0109,2021,99
SK0296,2024,98
SK0132,2026,91
SK0123,2024,47
SK0215,2026,81
SK0126,2024,29
SK0217,2025,88
SK0168,2021,56
SK0118,2021,88
SK0024,2024,87
SK0290,2026,31
SK0038,2022,45
SK0146,2022,16
SK0215,2023,55
SK0012,2026,20
SK0078,2026,84
SK0168,2025,76
SK0054,2026,19
SK0026,2022,16
SK0259,2021,20
SK0132,2022,43
SK0133,2021,27
SK0081,2021,10
SK0215,2021,39
SK0284,2026,49
SK0167,2021,20
SK0090,2023,42
SK0272,2021,95
SK0025,2021,69
SK0289,2026,62
SK0194,2024,74
SK0103,2023,62
SK0107,2026,93
SK0068,2023,45
SK0159,2024,57
SK0237,2024,85
SK0247,2023,52
SK0141,2022,98
SK0292,2026,80
SK0219,2026,82
SK0075,2022,27
SK0171,2024,60
SK0128,2021,97
SK0131,2023,73
SK0170,2026,64
SK0040,2025,75
SK0112,2025,15
SK0109,2026,61
SK0047,2023,52
SK0169,2026,91
SK0219,2024,42
SK0126,2023,74
SK0015,2025,81
SK0033,2025,67
SK0049,2022,77
SK0165,2021,50
SK0049,2023,74
SK0125,2024,77
SK0097,2022,18
SK0161,2023,80
SK0133,2024,93
SK0052,2025,71
SK0238,2022,33
SK0039,2021,89
SK0259,2021,15
SK0203,2024,14
SK0214,2022,12
SK0029,2024,95
SK0227,2024,11
SK0107,2023,19
SK0176,2021,14
SK0297,2024,80
SK0029,2026,71
SK0300,2025,24
SK0001,2023,25
SK0147,2024,40
SK0098,2024,36
SK0117,2026,35
SK0203,2022,99
SK0030,2026,23
SK0153,2023,34
SK0188,2022,53
SK0216,2021,49
SK0132,2026,82
SK0013,2022,63
SK0013,2023,41
SK0184,2023,80
SK0039,2023,39
SK0237,2023,11
SK0115,2026,83
SK0242,2026,89
SK0207,2022,52
SK0194,2023,47
SK0014,2024,82
SK0226,2024,65
SK0280,2025,39
SK0104,2026,68
SK0086,2024,78
SK0104,2022,59
SK0126,2021,79
SK0285,2026,38
SK0206,2023,52
SK0116,2025,70
SK0081,2021,51
SK0105,2022,21
SK0068,2022,67
SK0204,2021,33
SK0109,2023,63
SK0100,2021,71
SK0294,2026,68
SK0238,2021,59
SK0232,2022,76
SK0198,2021,16
SK0215,2023,76
SK0189,2022,85
SK0027,2023,24
SK0238,2024,78
SK0254,2023,86
SK0075,2023,88
SK0020,2023,78
SK0023,2024,40
SK0017,2025,14
SK0189,2022,17
SK0128,2026,92
SK0010,2023,68
SK0191,2026,58
SK0125,2021,64
SK0061,2025,38
SK0171,2026,77
SK0154,2021,78
SK0038,2021,18
SK0115,2025,80
SK0077,2021,23
SK0170,2022,60
SK0112,2026,12
SK0278,2025,42
SK0118,2022,21
SK0077,2021,23
SK0207,2024,73
SK0293,2023,40
SK0097,2026,86
SK0139,2021,24
SK0115,2026,94
SK0063,2025,25
SK0034,2026,98
SK0084,2025,82
SK0040,2025,66
SK0119,2022,55
SK0023,2026,34
SK0067,2025,72
SK0101,2026,67
SK0174,2022,93
SK0240,2025,94
SK0160,2026,47
SK0183,2023,40
SK0278,2023,23
SK0169,2026,77
SK0144,2025,26
SK0102,2025,50
SK0124,2024,79
SK0131,2025,51
SK0122,2025,99
SK0145,2021,86
SK0083,2021,87
SK0074,2021,39
SK0057,2021,61
SK0003,2022,78
SK0103,2024,48
SK0255,2023,96
SK0253,2022,45
SK0206,2021,82
SK0034,2024,65
SK0288,2024,81
SK0273,2026,88
SK0142,2021,35
SK0249,2022,10
SK0051,2021,65
SK0057,2024,70
SK0164,2023,53
SK0058,2021,98
SK0014,2024,63
SK0297,2024,54
SK0133,2026,94
SK0108,2022,24
SK0208,2023,95
SK0205,2021,66
SK0249,2023,45
SK0170,2025,56
SK0208,2023,38
SK0252,2025,97
SK0047,2023,91
SK0281,2025,30
SK0066,2021,53
SK0216,2022,60
SK0003,2024,96
SK0119,2022,15
SK0093,2022,83
SK0204,2021,85
SK0260,2025,73
SK0245,2025,56
SK0041,2021,77
SK0189,2024,16
SK0211,2023,21
SK0060,2023,50
SK0202,2026,74
SK0188,2022,72
SK0262,2026,18
SK0191,2025,82
SK0151,2023,64
SK0166,2022,98
SK0134,2026,35
SK0148,2025,63
SK0204,2021,31
SK0070,2025,60
SK0168,2026,42
SK0119,2026,37
SK0264,2023,64
SK0223,2026,82
SK0265,2025,19
SK0234,2026,44
SK0269,2024,23
SK0053,2025,10
SK0119,2025,13
SK0054,2022,54
SK0075,2022,65
SK0261,2022,10
SK0010,2021,29
SK0034,2023,28
SK0131,2026,63
SK0291,2026,97
SK0030,2025,14
SK0207,2023,94
SK0078,2025,54
SK0231,2024,62
SK0190,2024,49
SK0191,2024,34
SK0116,2022,92
SK0251,2024,83
SK0071,2025,74
SK0051,2022,97
SK0279,2026,11
SK0169,2022,51
SK0167,2023,30
SK0036,2021,75
SK0006,2026,93
SK0284,2024,77
SK0054,2024,20
SK0157,2023,88
SK0206,2024,93
SK0096,2025,65
SK0229,2023,93
SK0231,2022,92
SK0211,2022,53
SK0297,2023,38
SK0084,2023,76
SK0300,2023,35
SK0053,2021,61
SK0064,2025,30
SK0115,2022,15
SK0188,2023,79
SK0194,2024,41
SK0035,2025,76
SK0271,2021,13
SK0183,2022,72
SK0130,2023,16
SK0248,2026,32
SK0277,2021,18
SK0009,2024,58
SK0205,2025,50
SK0275,2021,95
SK0130,2022,81
SK0161,2022,57
SK0180,2023,94
SK0218,2026,97
SK0294,2026,63
SK0002,2023,23
SK0261,2024,96
SK0225,2024,99
SK0123,2026,53
SK0283,2023,74
SK0284,2021,63
SK0006,2024,20
SK0102,2025,33
SK0233,2026,57
SK0053,2024,29
SK0107,2025,65
SK0193,2024,50
SK0293,2025,98
SK0127,2021,66
SK0257,2021,82
SK0165,2022,65
SK0226,2025,74
SK0037,2024,10
SK0024,2025,17
SK0174,2026,13
SK0300,2026,27
SK0296,2021,30
SK0217,2023,84
SK0048,2022,57
SK0278,2024,48
SK0108,2022,68
SK0182,2024,84
SK0120,2021,70
SK0054,2025,32
SK0180,2023,82
SK0102,2022,34
SK0148,2021,54
SK0272,2022,37
SK0014,2021,62
SK0168,2025,29
SK0075,2022,65
SK0293,2023,42
SK0277,2023,93
SK0035,2025,15
SK0032,2024,79
SK0198,2026,31
SK0043,2023,83
SK0246,2025,50
SK0085,2023,34
SK0055,2024,31
SK0162,2021,62
SK0122,2022,88
SK0261,2025,12
SK0214,2026,89
SK0163,2023,64
SK0017,2021,91
SK0103,2022,56
SK0202,2024,40
SK0197,2021,11
SK0296,2022,46
SK0174,2022,11
SK0245,2022,33
SK0096,2021,70
SK0266,2024,47
SK0164,2021,29
SK0110,2025,49
SK0245,2023,83
SK0166,2022,46
SK0169,2023,74
SK0161,2025,70
SK0215,2025,42
SK0277,2024,12
SK0094,2026,98
SK0087,2021,59
SK0119,2024,87
SK0149,2026,97
SK0140,2025,46
SK0162,2023,67
SK0189,2023,18
SK0265,2024,57
SK0166,2024,60
SK0269,2026,48
SK0068,2023,48
SK0067,2023,65
SK0258,2025,14
SK0292,2022,36
SK0204,2026,78
SK0002,2021,24
SK0080,2021,94
SK0182,2026,64
SK0112,2021,52
SK0190,2025,21
SK0241,2025,82
SK0181,2021,47
SK0272,2025,55
SK0020,2021,87
SK0208,2023,58
SK0077,2022,33
SK0130,2025,91
SK0035,2024,17
SK0026,2026,54
SK0249,2023,61
SK0095,2022,54
SK0250,2025,63
SK0052,2022,56
SK0063,2023,46
SK0124,2022,79
SK0040,2021,54
SK0172,2023,56
SK0131,2022,96
SK0289,2026,68
SK0091,2025,20
SK0153,2023,62
SK0197,2024,53
SK0218,2026,97
SK0145,2021,19
SK0086,2024,12
SK0020,2024,47
SK0097,2021,62
SK0283,2021,74
SK0071,2025,55
SK0086,2021,11
SK0109,2025,46
SK0253,2024,51
SK0141,2021,22
SK0036,2024,17
SK0280,2021,10
SK0189,2025,70
SK0097,2024,56
SK0016,2026,41
SK0139,2021,47
SK0079,2021,82
SK0270,2023,83
SK0252,2023,83
SK0222,2022,11
SK0042,2025,53
SK0260,2025,77
SK0296,2025,73
SK0208,2022,25
SK0052,2025,94
SK0094,2023,76
SK0032,2024,68
SK0040,2025,98
SK0009,2025,48
SK0093,2024,12
SK0259,2021,89
SK0062,2026,24
SK0112,2021,56
SK0033,2021,21
SK0236,2026,48
SK0006,2026,18
SK0045,2024,11
SK0175,2025,30
SK0083,2025,75
SK0218,2026,23
SK0292,2023,54
SK0254,2021,26
SK0294,2026,75
SK0148,2024,15
SK0264,2023,90
SK0230,2025,73
SK0203,2023,51
SK0270,2025,53
SK0277,2026,85
SK0282,2026,37
SK0031,2026,43
SK0103,2026,82
SK0169,2026,10
SK0223,2024,92
SK0181,2021,52
SK0143,2024,90
SK0274,2021,57
SK0061,2021,17
SK0182,2023,86
SK0012,2026,14
SK0279,2021,20
SK0131,2025,96
SK0078,2026,10
SK0132,2023,43
SK0242,2026,89
SK0113,2021,81
SK0131,2024,88
SK0127,2022,17
SK0194,2023,11
SK0225,2025,31
SK0126,2023,80
SK0190,2021,22
SK0197,2023,38
SK0196,2024,50
SK0292,2022,31
SK0051,2024,49
SK0286,2024,92
SK0124,2021,78
SK0065,2022,71
SK0066,2021,65
SK0192,2022,87
SK0253,2022,98
SK0080,2021,49
SK0296,2024,92
SK0016,2023,68
SK0232,2022,98
SK0240,2022,34
SK0161,2026,19
SK0053,2026,73
SK0122,2026,95
SK0064,2021,69
SK0149,2023,15
SK0030,2024,67
SK0067,2023,13
SK0028,2025,43
SK0084,2025,30
SK0198,2025,62
SK0010,2025,88
SK0058,2021,34
SK0102,2023,14
SK0038,2026,10
SK0079,2022,90
SK0185,2024,34
SK0281,2026,88
SK0258,2022,21
SK0288,2021,80
SK0095,2025,14
SK0044,2025,78
SK0016,2022,83
SK0282,2026,50
SK0151,2024,10
SK0210,2023,16
SK0253,2025,67
SK0257,2024,37
SK0184,2022,59
SK0280,2021,62
SK0277,2024,53
SK0179,2022,88
SK0132,2026,49
SK0244,2025,28
SK0080,2023,28
SK0249,2025,43
SK0060,2024,20
SK0006,2025,29
SK0077,2024,28
SK0291,2026,79
SK0295,2026,56
SK0053,2025,19
SK0242,2021,19
SK0084,2026,11
SK0131,2022,35
SK0012,2023,77
SK0059,2024,70
SK0165,2024,71
SK0082,2022,45
SK0037,2024,48
SK0059,2021,23
SK0084,2022,74
SK0213,2022,67
SK0051,2021,98
SK0262,2026,36
SK0024,2023,69
SK0290,2025,24
SK0012,2021,45
SK0300,2026,11
SK0014,2022,19
SK0192,2025,18
SK0001,2023,14
SK0023,2025,43
SK0217,2022,38
SK0195,2024,22
SK0090,2023,44
SK0247,2021,20
SK0041,2021,83
SK0003,2021,68
SK0020,2026,52
SK0019,2024,84
SK0039,2021,54
SK0256,2021,76
SK0142,2022,29
SK0045,2024,65
SK0252,2023,75
SK0036,2026,12
SK0178,2026,66
SK0202,2023,46
SK0093,2024,94
SK0274,2023,78
SK0194,2025,21
SK0052,2023,20
SK0110,2023,18
SK0187,2025,16
SK0157,2023,45
SK0154,2025,89
SK0089,2025,65
SK0236,2025,97
SK0280,2022,48
SK0245,2022,22
SK0212,2026,79
SK0294,2026,35
SK0188,2023,94
SK0106,2021,71
SK0229,2023,36
SK0117,2026,63
SK0199,2026,12
SK0111,2023,18
SK0227,2024,88
SK0136,2026,83
SK0295,2023,63
SK0011,2023,44
SK0270,2025,11
SK0223,2021,99
SK0064,2024,71
SK0221,2022,96
SK0058,2025,20
SK0250,2023,86
SK0070,2026,15
SK0252,2025,39
SK0147,2022,96
SK0298,2026,67
SK0159,2022,66
SK0210,2021,88
SK0252,2021,53
SK0270,2022,34
SK0036,2023,40
SK0215,2021,29
SK0005,2021,71
SK0089,2024,92
SK0018,2021,95
SK0228,2025,68
SK0099,2022,98
SK0041,2025,31
SK0144,2023,57
SK0115,2023,96
SK0075,2024,55
SK0080,2022,18
SK0105,2024,69
SK0016,2026,41
SK0153,2023,66
SK0290,2023,25
SK0211,2024,50
SK0142,2025,18
SK0170,2025,35
SK0266,2021,65
SK0220,2025,82
SK0189,2026,62
SK0254,2023,90
SK0285,2023,26
SK0193,2025,18
SK0229,2026,51
SK0233,2022,35
SK0058,2024,79
SK0163,2023,91
SK0050,2026,80
SK0178,2025,10
SK0112,2026,53
SK0144,2024,55
SK0212,2024,94
SK0125,2021,76
SK0278,2024,47
SK0120,2026,50
SK0052,2021,50
SK0124,2022,28
SK0294,2026,60
SK0281,2022,24
SK0077,2023,23
SK0204,2022,14
SK0039,2025,95
SK0262,2025,36
SK0269,2024,47
SK0163,2024,58
SK0163,2025,35
SK0264,2025,24
SK0104,2024,11
SK0074,2021,27
SK0092,2025,25
SK0268,2021,30
SK0289,2025,20
SK0013,2025,22
SK0114,2025,46
SK0175,2024,79
SK0084,2022,40
SK0011,2021,16
SK0047,2025,46
SK0253,2023,99
SK0229,2026,57
SK0229,2021,26
SK0191,2022,67
SK0058,2021,66
SK0136,2021,44
SK0208,2025,68
SK0230,2025,57
SK0024,2026,53
SK0102,2025,25
SK0139,2025,36
SK0190,2022,39
SK0094,2026,54
SK0138,2021,71
SK0168,2023,99
SK0188,2022,75
SK0258,2026,68
SK0287,2026,24
SK0232,2023,61
SK0140,2022,15
SK0039,2024,93
SK0279,2022,18
SK0156,2023,64
SK0106,2026,82
SK0197,2026,47
SK0047,2024,53
SK0119,2022,75
SK0245,2021,11
SK0175,2022,86
SK0142,2022,92
SK0266,2021,55
SK0011,2025,80
SK0201,2023,47
SK0141,2023,10
SK0054,2024,70
SK0117,2023,61
SK0226,2024,85
SK0263,2026,80
SK0058,2024,96
SK0012,2021,42
SK0024,2022,56
SK0028,2024,24
SK0109,2023,82
SK0176,2023,15
SK0041,2022,69
SK0189,2024,51
SK0170,2026,84
SK0140,2025,72
SK0291,2025,13
SK0297,2024,36
SK0261,2025,92
SK0049,2023,84
SK0166,2021,82
SK0057,2024,72
SK0078,2021,65
SK0221,2025,24
SK0047,2025,90
SK0005,2026,39
SK0299,2026,50
SK0030,2024,14
SK0246,2022,56
SK0108,2021,44
SK0212,2025,81
SK0016,2023,44
SK0042,2024,73
SK0140,2025,88
SK0220,2022,27
SK0132,2024,46
SK0270,2023,87
SK0066,2021,97
SK0199,2026,71
SK0052,2022,50
SK0236,2022,71
SK0052,2021,19
SK0185,2026,43
SK0206,2023,53
SK0148,2022,11
SK0048,2021,23
SK0012,2023,57
SK0191,2023,94
SK0235,2022,22
SK0157,2022,10
SK0155,2021,63
SK0012,2023,93
SK0084,2022,77
SK0211,2022,76
SK0176,2021,21
SK0291,2023,94
SK0048,2021,63
SK0130,2022,52
SK0002,2021,19
SK0132,2026,10
SK0005,2024,36
SK0022,2021,86
SK0254,2023,87
SK0184,2025,81
SK0234,2023,48
SK0185,2024,69
SK0066,2026,25
SK0009,2023,10
SK0261,2021,74
SK0250,2024,33
SK0285,2026,60
SK0262,2021,93
SK0172,2022,84
SK0293,2024,78
SK0257,2022,25
SK0018,2025,14
SK0223,2021,87
SK0214,2025,84
SK0049,2025,45
SK0094,2025,94
SK0240,2022,65
SK0076,2025,88
SK0216,2026,59
SK0086,2023,42
SK0207,2026,93
SK0037,2023,17
SK0273,2026,66
SK0220,2023,17
SK0275,2022,39
SK0012,2022,26
SK0249,2024,89
SK0245,2023,32
SK0245,2025,95
SK0010,2022,91
SK0271,2021,18
SK0297,2023,52
SK0127,2024,39
SK0082,2025,77
SK0043,2026,43
SK0209,2024,53
SK0108,2021,86
SK0125,2021,99
SK0122,2023,23
SK0281,2023,76
SK0037,2024,59
SK0065,2022,53
SK0262,2026,98
SK0266,2025,82
SK0082,2021,94
SK0244,2026,21
SK0264,2022,59
SK0193,2021,86
SK0178,2024,32
SK0213,2022,32
SK0172,2024,65
SK0022,2026,82
SK0300,2023,88
SK0008,2024,53
SK0117,2023,20
SK0155,2021,54
SK0037,2021,34
SK0113,2022,89
SK0082,2024,96
SK0291,2021,98
SK0107,2023,22
SK0286,2024,48
SK0294,2025,37
SK0241,2021,15
SK0210,2021,18
SK0251,2023,32
SK0287,2023,68
SK0136,2021,20
SK0206,2022,91
SK0153,2022,60
SK0002,2022,29
SK0189,2022,49
SK0267,2026,15
SK0185,2021,55
SK0160,2023,69
SK0030,2021,92
SK0206,2025,20
SK0170,2023,95
SK0151,2024,72
SK0226,2025,34
SK0285,2025,62
SK0148,2022,37
SK0261,2025,88
SK0257,2026,34
SK0296,2025,93
SK0165,2022,70
SK0236,2022,25
SK0031,2026,59
SK0263,2022,64
SK0115,2021,88
SK0269,2021,28
SK0098,2025,24
SK0266,2022,32
SK0095,2024,34
SK0232,2023,36
SK0046,2024,30
SK0262,2025,45
SK0119,2023,63
SK0164,2026,61
SK0263,2025,98
SK0049,2021,39
SK0086,2023,73
SK0227,2024,15
SK0118,2023,54
SK0208,2023,21
SK0260,2021,36
SK0061,2021,94
SK0283,2021,88
SK0196,2025,50
SK0268,2023,10
SK0257,2021,29
SK0290,2026,93
SK0001,2025,24
SK0189,2021,82
SK0012,2024,21
SK0003,2022,81
SK0201,2024,59
SK0057,2022,99
SK0281,2022,61
SK0048,2021,88
SK0015,2021,72
SK0096,2025,23
SK0199,2026,89
SK0013,2022,67
SK0047,2025,20
SK0114,2025,56
SK0239,2026,18
SK0005,2021,57
SK0259,2021,97
SK0039,2025,96
SK0057,2023,15
SK0120,2025,63
SK0103,2026,54
SK0259,2023,23
SK0234,2023,57
SK0153,2025,12
SK0236,2025,68
SK0299,2024,28
SK0116,2021,57
SK0280,2021,71
SK0134,2021,10
SK0089,2024,56
SK0209,2026,40
SK0127,2023,47
SK0210,2024,75
SK0232,2023,27
SK0227,2022,25
SK0108,2026,17
SK0169,2026,52
SK0044,2026,82
SK0294,2026,63
SK0197,2026,42
SK0047,2025,12
SK0194,2022,46
SK0185,2026,25
SK0150,2023,36
SK0153,2022,50
SK0105,2022,77
SK0022,2022,22
SK0249,2022,58
SK0050,2024,95
SK0150,2024,54
SK0205,2022,30
SK0150,2022,81
SK0205,2022,95
SK0137,2024,43
SK0279,2022,98
SK0161,2022,30
SK0167,2024,55
SK0188,2021,92
SK0192,2025,39
SK0175,2026,30
SK0165,2024,37
SK0296,2026,95
SK0269,2022,32
SK0074,2023,23
SK0132,2022,56
SK0193,2025,56
SK0289,2022,36
SK0144,2024,90
SK0292,2025,78
SK0052,2024,22
SK0185,2024,86
SK0070,2021,72
SK0033,2026,50
SK0218,2026,79
SK0232,2023,87
SK0215,2023,32
SK0170,2021,51
SK0276,2021,27
SK0022,2022,16
SK0092,2023,30
SK0195,2023,75
SK0215,2024,90
SK0172,2024,30
SK0064,2026,58
SK0116,2023,27
SK0090,2024,10
SK0248,2026,36
SK0065,2024,38
SK0254,2022,86
SK0122,2026,40
SK0008,2023,56
SK0239,2024,54
SK0060,2023,12
SK0097,2021,30
SK0110,2025,44
SK0002,2023,99
SK0109,2023,87
SK0253,2023,35
SK0234,2023,71
SK0033,2025,50
SK0047,2025,44
SK0058,2025,95
SK0013,2026,10
SK0022,2025,69
SK0093,2025,88
SK0177,2022,48
SK0007,2022,50
SK0015,2023,86
SK0069,2021,47
SK0060,2023,33
SK0019,2025,76
SK0120,2024,87
SK0065,2021,61
SK0064,2022,29
SK0262,2026,44
SK0245,2023,18
SK0258,2023,69
SK0228,2026,37
SK0140,2021,78
SK0029,2022,57
SK0213,2026,39
SK0013,2021,63
SK0289,2024,66
SK0164,2024,87
SK0212,2022,19
SK0034,2022,26
SK0036,2023,50
SK0299,2025,38
SK0003,2022,10
SK0086,2025,57
SK0114,2024,97
SK0237,2022,23
SK0004,2023,12
SK0068,2025,56
SK0077,2025,98
SK0177,2023,50
SK0261,2025,46
SK0012,2021,32
SK0086,2026,81
SK0064,2022,81
SK0102,2023,45
SK0272,2026,80
SK0082,2024,99
SK0244,2023,68
SK0038,2023,85
SK0267,2025,87
SK0069,2026,96
SK0285,2024,70
SK0090,2023,76
SK0174,2023,52
SK0124,2022,56
SK0072,2025,82
SK0187,2026,40
SK0005,2021,47
SK0261,2023,83
SK0068,2024,93
SK0073,2024,30
SK0265,2025,58
SK0150,2022,64
SK0215,2026,97
SK0138,2023,77
SK0247,2023,51
SK0087,2021,30
SK0066,2022,46
SK0209,2024,37
SK0154,2022,93
SK0262,2022,88
SK0246,2025,11
SK0024,2026,53
SK0032,2026,90
SK0001,2021,85
SK0158,2021,70
SK0031,2021,41
SK0004,2022,27
SK0150,2026,78
SK0147,2021,46
SK0237,2026,21
SK0139,2022,26
SK0275,2023,22
SK0109,2022,41
SK0102,2021,18
SK0105,2025,67
SK0146,2021,27
SK0133,2021,86
SK0289,2026,82
SK0279,2026,67
SK0260,2023,81
SK0164,2026,29
SK0197,2022,41
SK0200,2026,92
SK0084,2026,29
SK0226,2025,76
SK0114,2024,61
SK0227,2023,98
SK0018,2026,34
SK0086,2025,97
SK0204,2021,14
SK0286,2023,48
SK0170,2024,44
SK0149,2024,70
SK0173,2024,22
SK0280,2024,89
SK0205,2025,31
SK0070,2025,47
SK0009,2026,26
SK0072,2024,14
SK0276,2025,81
SK0276,2023,17
SK0266,2024,27
SK0299,2026,13
SK0134,2024,69
SK0204,2021,58
SK0064,2024,29
SK0145,2021,76
SK0029,2024,36
SK0006,2023,51
SK0240,2025,93
SK0147,2025,90
SK0058,2022,90
SK0117,2023,46
SK0243,2024,64
SK0095,2022,55
SK0278,2023,45
SK0248,2024,36
SK0162,2024,77
SK0067,2021,46
SK0141,2026,78
SK0154,2021,84
SK0105,2022,78
SK0249,2021,73
SK0196,2025,88
SK0259,2023,69
SK0289,2021,46
SK0275,2022,10
SK0243,2026,51
SK0104,2023,84
SK0188,2026,65
SK0131,2021,37
SK0182,2022,31
SK0291,2025,58
SK0015,2026,25
SK0296,2022,16
SK0280,2026,33
SK0053,2022,68
SK0152,2021,65
SK0104,2025,26
SK0024,2023,72
SK0228,2024,61
SK0145,2024,47
SK0162,2026,84
SK0130,2025,72
SK0254,2021,29
SK0092,2023,31
SK0289,2023,12
SK0244,2021,35
SK0040,2024,29
SK0278,2021,32
SK0218,2022,67
SK0294,2023,93
SK0150,2023,50
SK0145,2023,55
SK0277,2022,15
SK0127,2026,49
SK0146,2026,94
SK0195,2022,79
SK0074,2023,21
SK0064,2024,26
SK0261,2021,74
SK0128,2023,62
SK0250,2023,96
SK0108,2024,55
SK0118,2026,37
SK0294,2026,26
SK0050,2021,74
SK0080,2023,63
SK0247,2025,54
SK0052,2023,11
SK0147,2023,12
SK0265,2025,77
SK0239,2022,24
SK0287,2022,73
SK0214,2026,12
SK0188,2022,12
SK0270,2023,66
SK0052,2022,58
SK0149,2026,89
SK0015,2024,20
SK0067,2021,15
SK0126,2024,84
SK0257,2024,57
SK0198,2023,62
SK0210,2025,25
SK0142,2021,76
SK0151,2023,24
SK0097,2025,35
SK0207,2024,96
SK0177,2021,78
SK0208,2022,80
SK0259,2021,50
SK0084,2024,39
SK0198,2024,27
SK0046,2021,40
SK0021,2024,92
SK0128,2021,81
SK0006,2023,63
SK0065,2024,14
SK0290,2023,95
SK0239,2026,33
SK0057,2024,40
SK0020,2021,15
SK0149,2026,32
SK0147,2025,49
SK0127,2022,77
SK0268,2025,77
SK0047,2021,68
SK0276,2024,21
SK0134,2026,32
SK0089,2025,70
SK0157,2026,62
SK0221,2025,92
SK0128,2024,29
SK0025,2026,73
SK0129,2024,75
SK0287,2025,41
SK0174,2024,14
SK0056,2024,77
SK0007,2021,52
SK0264,2022,98
SK0070,2024,98
SK0244,2022,57
SK0223,2026,56
SK0299,2026,95
SK0006,2021,80
SK0254,2023,24
SK0006,2025,24
SK0230,2021,52
SK0088,2021,98
SK0046,2021,26
SK0052,2022,29
SK0071,2023,36
SK0047,2022,31
SK0285,2022,46
SK0245,2026,41
SK0107,2021,23
SK0253,2024,17
SK0237,2023,29
SK0199,2023,45
SK0278,2026,63
SK0009,2022,98
SK0015,2024,46
SK0005,2025,38
SK0186,2021,42
SK0246,2022,64
SK0240,2025,55
SK0215,2025,42
SK0178,2022,56
SK0292,2021,45
SK0249,2026,61
SK0115,2025,13
SK0258,2022,77
SK0007,2023,23
SK0293,2022,28
SK0089,2026,98
SK0126,2021,55
SK0022,2026,14
SK0134,2025,53
SK0269,2023,45
SK0128,2026,67
SK0091,2024,12
SK0161,2024,58
SK0194,2025,40
SK0056,2021,59
SK0181,2023,95
SK0122,2024,95
SK0156,2025,38
SK0200,2023,34
SK0160,2025,46
SK0177,2021,85
SK0013,2022,65
SK0282,2024,84
SK0031,2023,41
SK0169,2021,64
SK0247,2024,44
SK0214,2024,97
SK0159,2023,75
SK0133,2025,52
SK0121,2024,21
SK0047,2026,17
SK0170,2024,47
SK0122,2023,15
SK0050,2022,18
SK0237,2022,16
SK0294,2026,74
SK0051,2021,61
SK0268,2023,19
SK0043,2026,66
SK0176,2021,43
SK0024,2022,51
SK0166,2025,85
SK0029,2025,36
SK0161,2024,57
SK0162,2021,54
SK0108,2026,42
SK0079,2025,93
SK0158,2021,27
SK0141,2021,80
SK0105,2023,11
SK0047,2026,19
SK0198,2022,58
SK0180,2022,91
SK0298,2023,58
SK0066,2022,93
SK0024,2026,39
SK0254,2022,75
SK0121,2026,53
SK0071,2026,32
SK0290,2025,43
SK0075,2021,43
SK0019,2021,32
SK0248,2026,68
SK0236,2025,38
SK0205,2024,60
SK0263,2025,44
SK0208,2024,44
SK0007,2022,73
SK0211,2025,66
SK0003,2023,19
SK0060,2024,77
SK0294,2022,84
SK0033,2021,75
SK0065,2022,35
SK0092,2026,38
SK0066,2025,43
SK0070,2021,37
SK0095,2025,94
SK0009,2026,42
SK0070,2023,68
SK0009,2021,44
SK0139,2023,69
SK0045,2024,51
SK0196,2023,14
SK0289,2026,70
SK0070,2024,56
SK0100,2025,64
SK0079,2023,19
SK0005,2021,82
SK0288,2022,20
SK0149,2026,38
SK0236,2026,75
SK0157,2024,49
SK0233,2022,38
SK0255,2025,10
SK0145,2024,79
SK0165,2026,96
SK0278,2022,44
SK0151,2025,32
SK0123,2025,57
SK0194,2023,32
SK0089,2023,66
SK0157,2024,16
SK0080,2022,76
SK0080,2021,21
SK0294,2024,50
SK0215,2023,33
SK0100,2021,96
SK0095,2021,60
SK0043,2021,66
SK0181,2021,31
SK0151,2024,96
SK0234,2021,31
SK0095,2022,53
SK0199,2024,84
SK0005,2024,88
SK0154,2021,88
SK0005,2023,10
SK0272,2025,30
SK0275,2023,31
SK0117,2026,28
SK0213,2026,14
SK0212,2022,49
SK0061,2023,48
SK0160,2026,28
SK0015,2024,36
SK0072,2022,11
SK0072,2025,21
SK0206,2022,46
SK0186,2025,73
SK0148,2022,11
SK0022,2022,80
SK0292,2022,27
SK0004,2024,29
SK0253,2024,54
SK0017,2022,66
SK0281,2021,11
SK0036,2021,97
SK0222,2021,35
SK0084,2021,96
SK0003,2023,43
SK0159,2022,68
SK0111,2024,15
SK0143,2024,26
SK0009,2024,36
SK0226,2023,24
SK0282,2026,10
SK0051,2021,19
SK0032,2024,29
SK0189,2026,74
SK0087,2026,88
SK0045,2025,49
SK0287,2025,62
SK0294,2024,52
SK0061,2022,81
SK0104,2024,88
SK0069,2024,68
SK0146,2024,27
SK0221,2022,39
SK0220,2025,27
SK0049,2024,93
SK0073,2021,45
SK0268,2024,78
SK0234,2026,76
SK0211,2024,41
SK0048,2024,58
SK0292,2022,51
SK0020,2023,60
SK0246,2021,69
SK0063,2023,75
SK0248,2025,32
SK0208,2022,83
SK0248,2025,19
SK0205,2022,10
SK0199,2024,55
SK0201,2023,52
SK0185,2021,76
SK0060,2026,99
SK0096,2024,36
SK0182,2026,31
SK0218,2026,71
SK0060,2022,35
SK0254,2026,27
SK0096,2022,81
SK0256,2021,27
SK0233,2021,19
SK0195,2025,78
SK0032,2024,35
SK0196,2024,24
SK0107,2022,74
SK0193,2026,20
SK0141,2023,53
SK0281,2024,96
SK0084,2026,82
SK0170,2024,30
SK0161,2026,37
SK0181,2023,31
SK0014,2022,47
SK0084,2025,55
SK0159,2021,32
SK0042,2024,93
SK0180,2023,13
SK0192,2025,17
SK0069,2024,92
SK0058,2025,89
SK0011,2025,48
SK0116,2023,33
SK0199,2023,15
SK0130,2026,39
SK0097,2025,24
SK0060,2022,26
SK0161,2024,89
SK0110,2023,85
SK0109,2022,49
SK0281,2023,40
SK0080,2025,47
SK0075,2022,85
SK0287,2022,27
SK0290,2021,13
SK0200,2023,29
SK0061,2025,74
SK0022,2021,16
SK0078,2025,83
SK0015,2025,33
SK0096,2023,90
SK0168,2026,42
SK0270,2021,86
SK0009,2023,78
SK0099,2025,95
SK0245,2023,58
SK0233,2022,59
SK0284,2021,31
SK0099,2025,40
SK0179,2023,33
SK0031,2022,66
SK0013,2023,67
SK0157,2025,86
SK0083,2025,78
SK0214,2025,19
SK0285,2025,19
SK0131,2022,94
SK0297,2026,37
SK0061,2024,58
SK0089,2021,57
SK0018,2023,62
SK0047,2025,45
SK0215,2025,84
SK0019,2022,77
SK0119,2026,38
SK0240,2023,10
SK0108,2021,36
SK0091,2026,76
SK0025,2025,52
SK0036,2026,78
SK0127,2024,60
SK0040,2021,12
SK0174,2026,44
SK0018,2023,55
SK0286,2026,72
SK0231,2025,80
SK0094,2024,83
SK0021,2024,36
SK0230,2023,37
SK0164,2022,35
SK0088,2023,32
SK0151,2026,61
SK0008,2026,40
SK0176,2025,80
SK0297,2024,52
SK0181,2026,39
SK0147,2026,98
SK0003,2021,43
SK0050,2025,37
SK0091,2021,78
SK0107,2026,80
SK0047,2026,11
SK0065,2025,80
SK0096,2025,14
SK0017,2022,76
SK0199,2025,54
SK0010,2022,62
SK0234,2023,31
SK0288,2025,59
SK0098,2026,76
SK0181,2023,41
SK0093,2024,23
SK0244,2023,48
SK0244,2023,41
SK0067,2025,16
SK0223,2025,26
SK0280,2024,90
SK0007,2024,15
SK0034,2023,20
SK0160,2026,32
SK0032,2021,24
SK0134,2021,49
SK0246,2026,43
SK0209,2024,85
SK0261,2022,10
SK0129,2025,69
SK0210,2024,25
SK0019,2026,88
SK0025,2022,94
SK0277,2022,12
SK0009,2025,53
SK0286,2024,22
SK0071,2026,45
SK0036,2022,14
SK0185,2022,62
SK0020,2024,95
SK0061,2021,58
SK0282,2021,73
SK0220,2021,14
SK0090,2023,70
SK0179,2022,18
SK0174,2025,51
SK0300,2022,92
SK0147,2025,70
SK0279,2024,37
SK0146,2026,63
SK0218,2021,73
SK0010,2022,77
SK0249,2025,29
SK0039,2026,23
SK0125,2024,48
SK0104,2021,93
SK0018,2025,21
SK0220,2024,90
SK0192,2025,61
SK0158,2022,96
SK0189,2026,27
SK0256,2026,20
SK0111,2022,33
SK0192,2022,48
SK0143,2022,12
SK0062,2026,83
SK0137,2026,99
SK0077,2026,25
SK0175,2024,18
SK0007,2022,21
SK0117,2021,55
SK0093,2021,89
SK0286,2026,81
SK0119,2025,56
SK0244,2021,11
SK0151,2025,36
SK0005,2022,84
SK0012,2026,16
SK0013,2023,73
SK0062,2026,26
SK0093,2025,13
SK0203,2023,42
SK0081,2021,47
SK0195,2024,60
SK0045,2023,27
SK0027,2021,30
SK0288,2023,21
SK0138,2025,18
SK0119,2021,22
SK0140,2023,28
SK0227,2023,90
SK0071,2024,92
SK0066,2022,92
SK0172,2026,50
SK0043,2026,19
SK0157,2026,24
SK0238,2024,69
SK0205,2025,10
SK0121,2022,56
SK0255,2024,43
SK0141,2022,94
SK0149,2023,84
SK0298,2023,85
SK0263,2024,54
SK0227,2021,61
SK0194,2021,75
SK0094,2023,58
SK0270,2022,21
SK0299,2024,15
SK0280,2024,76
SK0183,2025,94
SK0011,2025,15
SK0199,2021,25
SK0085,2022,77
SK0075,2021,88
SK0056,2023,82
SK0108,2026,12
SK0025,2022,95
SK0278,2023,78
SK0001,2025,80
SK0029,2024,29
SK0171,2023,42
SK0275,2024,28
SK0165,2021,33
SK0296,2025,41
SK0140,2026,93
SK0202,2026,37
SK0139,2022,25
SK0060,2025,76
SK0086,2025,97
SK0270,2025,10
SK0069,2023,73
SK0299,2022,87
SK0232,2025,46
SK0201,2022,14
SK0171,2022,42
SK0139,2023,65
SK0235,2021,90
SK0009,2025,55
SK0115,2022,18
SK0221,2026,67
SK0159,2022,88
SK0146,2022,92
SK0099,2022,71
SK0284,2025,60
SK0040,2022,47
SK0284,2026,74
SK0294,2023,45
SK0111,2021,81
SK0014,2022,38
SK0300,2022,39
SK0276,2024,12
SK0100,2022,14
SK0243,2025,55
SK0075,2026,11
SK0248,2024,44
SK0106,2023,46
SK0278,2026,49
SK0157,2026,38
SK0021,2024,43
SK0084,2024,91
SK0136,2021,53
SK0113,2024,66
SK0087,2022,28
SK0063,2023,56
SK0270,2025,35
SK0118,2025,94
SK0292,2021,12
SK0117,2023,95
SK0147,2023,13
SK0135,2021,47
SK0122,2025,19
SK0203,2022,37
SK0238,2022,98
SK0235,2022,58
SK0036,2023,12
SK0204,2023,17
SK0224,2021,46
SK0265,2021,22
SK0224,2026,91
SK0280,2024,83
SK0007,2026,19
SK0151,2022,11
SK0143,2025,69
SK0122,2024,41
SK0081,2026,95
SK0209,2022,67
SK0146,2023,26
SK0221,2023,91
SK0035,2023,99
SK0018,2024,78
SK0202,2025,35
SK0257,2024,23
SK0035,2021,59
SK0057,2026,45
SK0029,2026,41
SK0077,2024,42
SK0129,2021,16
SK0086,2021,10
SK0250,2021,53
SK0225,2025,72
SK0243,2026,87
SK0115,2021,22
SK0190,2024,10
SK0099,2021,58
SK0255,2025,25
SK0152,2022,46
SK0295,2024,71
SK0255,2026,80
SK0163,2025,66
SK0133,2025,75
SK0218,2022,82
SK0231,2025,25
SK0085,2023,21
SK0015,2022,72
SK0228,2022,85
SK0189,2024,61
SK0129,2025,17
SK0060,2024,57
SK0150,2022,54
SK0281,2024,19
SK0204,2023,99
SK0031,2022,81
SK0168,2024,27
SK0132,2024,66
SK0015,2021,18
SK0280,2021,70
SK0121,2026,49
SK0267,2025,65
SK0194,2026,76
SK0268,2026,27
SK0052,2023,18
SK0137,2025,48
SK0194,2022,25
SK0030,2026,54
SK0102,2021,29
SK0158,2026,92
SK0143,2026,72
SK0268,2022,32
SK0272,2021,86
SK0290,2022,48
SK0139,2023,62
SK0022,2026,86
SK0159,2025,24
SK0273,2022,56
SK0082,2024,76
SK0261,2022,58
SK0131,2021,58
SK0180,2022,99
SK0099,2022,18
SK0024,2024,30
SK0220,2021,42
SK0069,2026,88
SK0063,2026,15
SK0097,2023,30
SK0186,2023,91
SK0017,2024,47
SK0150,2024,39
SK0147,2023,90
SK0147,2022,55
SK0299,2022,24
SK0201,2024,99
SK0294,2022,54
SK0194,2025,48
SK0186,2021,16
SK0259,2024,16
SK0069,2022,63
SK0070,2024,36
SK0038,2024,62
SK0294,2023,38
SK0054,2026,29
SK0159,2022,40
SK0030,2024,15
SK0195,2026,55
SK0065,2022,77
SK0192,2022,88
SK0274,2021,81
SK0077,2023,11
SK0245,2023,44
SK0279,2024,93
SK0210,2023,52
SK0109,2023,86
SK0137,2023,76
SK0209,2024,55
SK0252,2026,43
SK0108,2023,56
SK0093,2022,81
SK0191,2021,53
SK0140,2025,62
SK0116,2023,43
SK0160,2025,81
SK0072,2021,40
SK0156,2023,11
SK0129,2023,40
SK0144,2023,65
SK0154,2025,63
SK0179,2021,96
SK0041,2022,23
SK0260,2021,32
SK0182,2022,35
SK0134,2026,62
SK0231,2025,32
SK0104,2025,10
SK0159,2024,80
SK0179,2022,76
SK0230,2023,36
SK0173,2026,24
SK0047,2026,62
SK0140,2025,52
SK0238,2025,75
SK0154,2021,76
SK0253,2021,25
SK0132,2026,35
SK0291,2022,79
SK0176,2024,19
SK0145,2024,40
SK0010,2025,89
SK0003,2023,99
SK0012,2024,97
SK0088,2022,45
SK0068,2024,26
SK0221,2026,21
SK0082,2021,19
SK0074,2023,51
SK0075,2026,52
SK0243,2022,89
SK0292,2024,24
SK0174,2022,31
SK0007,2024,19
SK0076,2023,35
SK0263,2021,85
SK0104,2024,86
SK0199,2025,33
SK0290,2025,11
SK0213,2024,48
SK0242,2021,39
SK0158,2023,93
SK0100,2023,60
SK0037,2024,63
SK0101,2025,88
SK0162,2026,37
SK0142,2021,31
SK0137,2022,55
SK0221,2025,42
SK0216,2022,75
SK0062,2023,19
SK0077,2022,77
SK0231,2025,66
SK0036,2022,20
SK0019,2024,41
SK0018,2022,82
SK0195,2021,72
SK0135,2026,33
SK0251,2021,63
SK0098,2023,50
SK0048,2024,81
SK0252,2022,67
SK0102,2021,27
SK0074,2025,41
SK0244,2026,84
SK0168,2021,68
SK0137,2021,75
SK0208,2025,47
SK0015,2021,94
SK0148,2024,39
SK0185,2023,57
SK0177,2026,45
SK0053,2025,63
SK0255,2021,17
SK0041,2023,92
SK0178,2024,65
SK0219,2025,93
SK0006,2024,59
SK0036,2025,22
SK0053,2022,85
SK0256,2024,40
SK0246,2021,71
SK0154,2023,74
SK0091,2024,74
SK0163,2025,98
SK0042,2025,56
SK0059,2025,59
SK0169,2022,26
SK0292,2025,98
SK0002,2023,13
SK0022,2026,60
SK0026,2021,19
SK0092,2026,65
SK0282,2021,18
SK0158,2022,23
SK0016,2025,96
SK0257,2026,20
SK0084,2025,49
SK0144,2023,63
SK0174,2025,64
SK0108,2021,27
SK0007,2023,11
SK0028,2025,55
SK0218,2025,21
SK0175,2026,77
SK0291,2026,23
SK0265,2023,50
SK0175,2021,80
SK0205,2024,11
SK0147,2025,59
SK0017,2024,89
SK0031,2025,92
SK0269,2023,93
SK0080,2025,27
SK0026,2022,59
SK0188,2022,60
SK0185,2022,38
SK0248,2021,36
SK0006,2026,49
SK0066,2021,70
SK0038,2023,21
SK0078,2022,59
SK0279,2026,13
SK0126,2022,47
SK0023,2025,59
SK0166,2026,98
SK0283,2021,68
SK0183,2021,87
SK0233,2023,66
SK0265,2021,68
SK0113,2026,68
SK0247,2023,82
SK0226,2023,18
SK0195,2024,20
SK0192,2021,27
SK0203,2026,27
SK0260,2023,52
SK0195,2022,60
SK0271,2022,12
SK0114,2021,50
SK0161,2025,74
SK0059,2024,26
SK0040,2021,98
SK0163,2024,12
SK0260,2024,43
SK0039,2025,15
SK0213,2025,38
SK0233,2021,92
SK0184,2022,12
SK0026,2021,45
SK0099,2022,90
SK0026,2023,64
SK0184,2025,68
SK0241,2026,97
SK0016,2026,52
SK0050,2024,33
SK0056,2023,68
SK0045,2025,70
SK0056,2021,91
SK0222,2023,45
SK0079,2022,11
SK0053,2024,73
SK0177,2022,36
SK0226,2024,37
SK0030,2026,56
SK0170,2025,74
SK0125,2026,49
SK0158,2023,46
SK0243,2021,60
SK0123,2026,43
SK0054,2021,55
SK0035,2022,61
SK0129,2024,64
SK0147,2021,66
SK0150,2026,47
SK0137,2025,97
SK0074,2021,14
SK0157,2026,45
SK0198,2026,19
SK0093,2022,41
SK0217,2021,58
SK0096,2024,35
SK0272,2023,66
SK0066,2026,93
SK0040,2025,73
SK0244,2025,58
SK0067,2025,65
SK0134,2026,18
SK0250,2021,33
SK0243,2022,31
SK0251,2025,95
SK0240,2021,65
SK0140,2023,67
SK0182,2025,31
SK0274,2021,76
SK0220,2022,64
SK0246,2022,65
SK0094,2024,98
SK0008,2024,23
SK0131,2026,78
SK0239,2024,60
SK0149,2024,36
SK0001,2021,21
SK0072,2023,78
SK0259,2023,98
SK0181,2025,33
SK0083,2023,99
SK0083,2023,89
SK0288,2024,37
SK0180,2026,84
SK0260,2023,92
SK0256,2022,93
SK0010,2023,15
SK0002,2026,28
SK0052,2024,11
SK0032,2024,93
SK0277,2026,24
SK0031,2023,22
SK0297,2022,89
SK0023,2026,56
SK0268,2021,33
SK0008,2024,36
SK0020,2024,54
SK0011,2022,68
SK0138,2026,59
SK0097,2024,37
SK0023,2022,16
SK0156,2021,29
SK0204,2024,29
SK0264,2021,44
SK0064,2023,95
SK0184,2023,61
SK0007,2026,32
SK0121,2026,26
SK0250,2024,79
SK0161,2026,44
SK0289,2024,43
SK0158,2021,91
SK0282,2023,36
SK0291,2023,61
SK0112,2025,68
SK0199,2026,58
SK0129,2026,92
SK0086,2024,65
SK0068,2024,58
SK0055,2026,84
SK0124,2022,13
SK0118,2026,60
SK0053,2021,64
SK0110,2025,96
SK0029,2022,33
SK0147,2026,79
SK0127,2021,54
SK0275,2025,90
SK0247,2025,54
SK0111,2026,29
SK0103,2024,43
SK0152,2023,89
SK0052,2023,32
SK0035,2025,18
SK0267,2026,18
SK0064,2022,22
SK0084,2023,65
SK0276,2025,94
SK0243,2025,47
SK0122,2021,30
SK0064,2023,12
SK0258,2022,88
SK0132,2022,47
SK0038,2024,43
SK0012,2026,36
SK0277,2025,76
SK0223,2024,55
SK0293,2022,48
SK0292,2021,89
SK0219,2025,15
SK0044,2024,27
SK0124,2023,28
SK0019,2023,59
SK0132,2021,83
SK0021,2025,58
SK0210,2023,37
SK0214,2026,45
SK0298,2023,25
SK0287,2025,63
SK0198,2021,35
SK0178,2026,36
SK0112,2026,13
SK0054,2024,42
SK0261,2026,54
SK0161,2021,94
SK0116,2023,78
SK0218,2026,77
SK0218,2025,41
SK0032,2024,39
SK0033,2024,15
SK0030,2021,94
SK0165,2026,50
SK0253,2024,41
SK0141,2021,89
SK0201,2026,80
SK0245,2023,43
SK0021,2021,24
SK0247,2025,63
SK0024,2026,49
SK0128,2026,66
SK0041,2024,11
SK0228,2021,25
SK0092,2026,87
SK0004,2025,83
SK0151,2026,11
SK0092,2025,74
SK0116,2022,88
SK0154,2023,35
SK0070,2026,72
SK0151,2026,14
SK0059,2024,37
SK0219,2025,41
SK0134,2023,62
SK0097,2021,50
SK0009,2023,83
SK0134,2026,64
SK0139,2023,14
SK0139,2025,29
SK0292,2022,17
SK0160,2026,69
SK0300,2026,98
SK0058,2026,88
SK0220,2023,33
SK0120,2024,56
SK0229,2026,33
SK0255,2024,95
SK0095,2023,15
SK0219,2024,41
SK0277,2021,26
SK0039,2025,96
SK0152,2021,67
SK0246,2024,69
SK0159,2026,97
SK0283,2023,45
SK0092,2023,75
SK0180,2023,66
SK0156,2024,95
SK0169,2022,16
SK0294,2022,93
SK0242,2026,37
SK0081,2025,20
SK0039,2022,43
SK0033,2025,23
SK0136,2022,25
SK0153,2023,42
SK0095,2024,75
SK0276,2022,30
SK0220,2022,69
SK0270,2021,89
SK0273,2024,86
SK0166,2023,83
SK0229,2026,41
SK0041,2024,60
SK0156,2025,56
SK0059,2025,46
SK0126,2025,68
SK0017,2024,71
SK0243,2026,98
SK0204,2023,84
SK0141,2022,11
SK0034,2026,78
SK0034,2024,17
SK0208,2021,47
SK0238,2026,51
SK0126,2025,48
SK0210,2023,43
SK0288,2022,93
SK0055,2022,71
SK0097,2024,35
SK0055,2026,93
SK0218,2024,75
SK0218,2024,23
SK0196,2023,55
SK0195,2026,62
SK0103,2024,37
SK0241,2025,56
SK0206,2023,63
SK0294,2023,62
SK0153,2025,84
SK0292,2023,59
SK0266,2026,41
SK0250,2021,43
SK0250,2022,22
SK0010,2022,68
SK0242,2022,20
SK0033,2024,89
SK0055,2021,45
SK0253,2026,94
SK0069,2022,99
SK0052,2021,79
SK0121,2021,87
SK0117,2022,27
SK0149,2023,70
SK0198,2023,32
SK0132,2021,10
SK0286,2026,42
SK0067,2022,82
SK0227,2022,66
SK0197,2022,31
SK0111,2023,39
SK0029,2021,87
SK0085,2025,13
SK0204,2021,87
SK0057,2026,54
SK0075,2023,51
SK0077,2021,47
SK0032,2022,32
SK0283,2021,11
SK0046,2024,86
SK0251,2021,92
SK0068,2022,86
SK0157,2021,21
SK0102,2022,21
SK0031,2022,76
SK0182,2026,25
SK0227,2022,41
SK0137,2023,20
SK0087,2021,24
SK0191,2021,89
SK0014,2021,24
SK0204,2025,41
SK0174,2026,46
SK0150,2025,82
SK0116,2026,55
SK0140,2023,12
SK0130,2026,13
SK0248,2026,55
SK0197,2023,33
SK0242,2024,21
SK0022,2024,78
SK0256,2026,31
SK0016,2023,33
SK0259,2026,65
SK0156,2025,23
SK0160,2025,84
SK0090,2022,85
SK0184,2023,90
SK0201,2022,49
SK0135,2022,73
SK0048,2021,23
SK0272,2026,26
SK0184,2026,35
SK0052,2026,73
SK0206,2021,64
SK0198,2024,67
SK0081,2024,90
SK0213,2025,95
SK0039,2022,55
SK0279,2024,68
SK0132,2022,33
SK0141,2025,28
SK0171,2023,70
SK0135,2021,26
SK0182,2026,42
SK0268,2024,36
SK0120,2026,74
SK0276,2024,31
SK0238,2025,88
SK0048,2023,15
SK0121,2022,93
SK0210,2024,38
SK0051,2022,26
SK0182,2023,40
SK0192,2022,43
SK0272,2021,98
SK0025,2026,30
SK0210,2021,14
SK0249,2026,68
SK0128,2022,89
SK0071,2022,95
SK0003,2023,39
SK0063,2024,47
SK0099,2025,85
SK0132,2025,40
SK0027,2022,30
SK0030,2022,11
SK0146,2022,96
SK0187,2024,53
SK0121,2023,43
SK0080,2022,40
SK0014,2025,17
SK0026,2024,54
SK0041,2025,25
SK0166,2021,60
SK0220,2022,46
SK0063,2026,11
SK0213,2025,65
SK0044,2025,37
SK0284,2021,38
SK0141,2022,96
SK0273,2021,39
SK0157,2021,37
SK0288,2025,17
SK0011,2022,91
SK0121,2022,49
SK0178,2021,73
SK0080,2025,79
SK0016,2025,39
SK0055,2021,34
SK0246,2023,37
SK0208,2021,81
SK0091,2022,12
SK0051,2025,23
SK0147,2021,29
SK0161,2021,33
SK0040,2026,48
SK0290,2022,76
SK0002,2022,23
SK0113,2023,12
SK0298,2023,26
SK0109,2022,99
SK0173,2023,87
SK0295,2022,50
SK0097,2024,74
SK0190,2026,39
SK0242,2025,20
SK0170,2025,87
SK0164,2025,58
SK0080,2023,10
SK0071,2024,27
SK0230,2025,10
SK0237,2021,32
SK0049,2023,22
SK0102,2021,54
SK0126,2025,34
SK0171,2024,69
SK0276,2025,88
SK0035,2021,61
SK0266,2025,14
SK0173,2021,11
SK0267,2024,25
SK0035,2022,19
SK0122,2024,70
SK0241,2021,73
SK0075,2023,77
SK0249,2022,13
SK0008,2025,81
SK0257,2021,24
SK0058,2023,92
SK0028,2021,38
SK0107,2022,51
SK0112,2022,46
SK0171,2026,76
SK0296,2026,18
SK0296,2022,16
SK0200,2024,11
SK0001,2024,75
SK0224,2026,68
SK0177,2023,53
SK0284,2026,10
SK0189,2025,98
SK0279,2026,70
SK0018,2024,20
SK0138,2023,48
SK0098,2024,59
SK0262,2023,10
SK0294,2026,34
SK0154,2021,76
SK0279,2025,63
SK0203,2025,13
SK0254,2024,58
SK0107,2023,92
SK0102,2021,15
SK0007,2023,96
SK0128,2026,88
SK0257,2026,72
SK0137,2023,29
SK0191,2021,37
SK0296,2025,26
SK0267,2024,67
SK0102,2023,86
SK0237,2023,65
SK0220,2023,94
SK0222,2021,63
SK0162,2025,82
SK0034,2021,29
SK0186,2025,61
SK0186,2024,25
SK0167,2021,59
SK0132,2026,66
SK0148,2024,50
SK0281,2025,68
SK0125,2023,94
SK0088,2023,66
SK0003,2021,61
SK0250,2023,20
SK0290,2022,51
SK0262,2025,67
SK0224,2021,30
SK0034,2026,95
SK0263,2021,60
SK0063,2025,44
SK0148,2022,88
SK0081,2024,60
SK0227,2023,40
SK0020,2021,55
SK0269,2022,16
SK0122,2023,65
SK0084,2021,53
SK0178,2024,34
SK0224,2025,82
SK0098,2026,12
SK0120,2023,69
SK0022,2022,45
SK0300,2023,85
SK0161,2021,64
SK0056,2022,39
SK0262,2026,96
SK0226,2021,54
SK0156,2024,60
SK0283,2021,20
SK0189,2021,68
SK0295,2022,94
SK0104,2026,94
SK0239,2024,37
SK0163,2025,29
SK0068,2022,53
SK0144,2021,45
SK0239,2021,10
SK0155,2022,33
SK0204,2021,82
SK0232,2022,86
SK0261,2025,99
SK0048,2026,26
SK0247,2026,27
SK0123,2021,79
SK0107,2022,34
SK0046,2026,28
SK0135,2026,88
SK0080,2022,90
SK0287,2022,44
SK0109,2024,48
SK0075,2021,21
SK0180,2026,79
SK0284,2023,48
SK0018,2026,77
SK0167,2024,79
SK0291,2025,36
SK0132,2021,91
SK0232,2024,61
SK0004,2026,65
SK0138,2026,18
SK0060,2023,49
SK0163,2024,38
SK0207,2022,79
SK0218,2026,99
SK0093,2022,84
SK0170,2023,91
SK0269,2025,58
SK0259,2023,33
SK0009,2024,54
SK0249,2024,39
SK0056,2024,90
SK0118,2024,65
SK0228,2022,95
SK0014,2024,69
SK0244,2023,46
SK0004,2024,88
SK0184,2022,60
SK0262,2022,36
SK0128,2024,30
SK0248,2024,89
SK0163,2024,19
SK0152,2026,88
SK0147,2025,15
SK0261,2025,20
SK0168,2024,41
SK0206,2026,33
SK0181,2024,94
SK0175,2022,29
SK0012,2022,43
SK0176,2021,18
SK0006,2025,93
SK0144,2021,96
SK0009,2021,31
SK0157,2024,57
SK0227,2024,17
SK0088,2025,53
SK0199,2024,76
SK0087,2024,73
SK0039,2025,43
SK0227,2021,42
SK0147,2024,58
SK0109,2023,60
SK0166,2026,47
SK0238,2025,82
SK0252,2021,83
SK0045,2021,73
SK0298,2024,27
SK0252,2026,61
SK0266,2026,49
SK0180,2025,21
SK0049,2026,93
SK0037,2024,10
SK0106,2022,58
SK0027,2026,57
SK0130,2024,52
SK0039,2024,27
SK0183,2021,83
SK0017,2026,25
SK0127,2023,18
SK0015,2024,41
SK0039,2026,77
SK0278,2024,43
SK0130,2024,98
SK0281,2025,56
SK0249,2022,38
SK0046,2025,25
SK0174,2026,18
SK0142,2022,85
SK0265,2021,40
SK0180,2023,76
SK0204,2023,31
SK0107,2022,94
SK0220,2021,85
SK0021,2021,55
SK0265,2023,48
SK0266,2026,22
SK0289,2023,35
SK0221,2022,17
SK0074,2026,15
SK0264,2021,48
SK0175,2023,41
SK0296,2021,88
SK0228,2026,39
SK0299,2021,97
SK0208,2023,43
SK0221,2025,54
SK0112,2021,28
SK0268,2023,63
SK0238,2025,13
SK0041,2025,71
SK0162,2022,86
SK0080,2022,81
SK0178,2021,56
SK0065,2021,48
SK0018,2026,55
SK0245,2025,64
SK0163,2022,50
SK0152,2022,65
SK0216,2021,32
SK0287,2026,71
SK0283,2022,23
SK0253,2026,48
SK0166,2021,77
SK0176,2025,85
SK0272,2026,52
SK0222,2024,13
SK0277,2026,85
SK0188,2024,43
SK0047,2025,12
SK0128,2023,71
SK0010,2025,90
SK0159,2024,69
SK0075,2023,28
SK0297,2022,70
SK0101,2026,56
SK0174,2025,17
SK0196,2026,17
SK0120,2024,77
SK0230,2023,67
SK0194,2024,19
SK0223,2023,77
SK0033,2026,73
SK0249,2025,67
SK0070,2026,17
SK0237,2021,81
SK0292,2024,25
SK0051,2024,55
SK0018,2021,28
SK0142,2023,24
SK0135,2026,77
SK0197,2021,69
SK0081,2025,43
SK0005,2024,29
SK0128,2025,93
SK0230,2025,49
SK0126,2021,27
SK0175,2023,84
SK0267,2024,18
SK0090,2022,39
SK0263,2022,84
SK0300,2024,79
SK0206,2025,40
SK0092,2022,69
SK0028,2022,39
SK0283,2026,71
SK0162,2022,12
SK0059,2024,55
SK0117,2026,51
SK0106,2026,31
SK0203,2021,16
SK0293,2021,44
SK0223,2023,95
SK0235,2025,81
SK0023,2024,55
SK0071,2021,92
SK0100,2025,56
SK0032,2025,56
SK0261,2021,23
SK0239,2021,84
SK0201,2024,99
SK0159,2025,83
SK0052,2022,12
SK0090,2023,96
SK0271,2022,17
SK0200,2023,78
SK0261,2022,16
SK0070,2022,27
SK0186,2026,63
SK0281,2025,27
SK0138,2026,48
SK0255,2026,14
SK0174,2025,46
SK0019,2025,74
SK0221,2026,66
SK0216,2026,79
SK0106,2023,31
SK0282,2025,85
SK0209,2021,85
SK0132,2021,39
SK0091,2021,70
SK0181,2024,45
SK0037,2024,56
SK0009,2026,57
SK0273,2023,58
SK0292,2024,28
SK0177,2024,32
SK0124,2022,65
SK0006,2021,89
SK0270,2026,18
SK0104,2025,10
SK0113,2025,10
SK0292,2021,35
SK0139,2022,93
SK0261,2024,68
SK0092,2024,93
SK0173,2024,68
SK0088,2023,89
SK0174,2024,30
SK0246,2021,55
SK0203,2026,15
SK0165,2022,92
SK0085,2026,68
SK0251,2026,15
SK0202,2022,98
SK0245,2024,65
SK0118,2021,15
SK0003,2024,52
SK0109,2024,13
SK0022,2024,80
SK0162,2026,93
SK0044,2026,16
SK0098,2025,90
SK0128,2021,10
SK0069,2021,50
SK0288,2025,69
SK0275,2022,84
SK0283,2025,18
SK0283,2021,51
SK0277,2023,10
SK0247,2022,71
SK0028,2021,85
SK0060,2025,93
SK0299,2024,12
SK0167,2024,68
SK0230,2026,12
SK0227,2023,32
SK0150,2024,97
SK0164,2025,96
SK0147,2025,72
SK0106,2026,97
SK0221,2025,92
SK0129,2024,79
SK0065,2025,35
SK0286,2023,40
SK0149,2024,14
SK0196,2023,98
SK0039,2021,34
SK0210,2023,93
SK0184,2026,11
SK0110,2023,16
SK0137,2021,37
SK0242,2024,53
SK0299,2026,32
SK0095,2023,37
SK0127,2024,56
SK0196,2021,23
SK0177,2026,17
SK0175,2023,41
SK0177,2021,55
SK0154,2025,92
SK0125,2025,61
SK0109,2025,70
SK0012,2024,90
SK0001,2025,56
SK0121,2022,41
SK0004,2021,48
SK0284,2024,41
SK0223,2022,65
SK0126,2025,46
SK0094,2021,94
SK0174,2023,17
SK0100,2025,79
SK0001,2021,78
SK0155,2023,65
SK0028,2021,35
SK0105,2024,80
SK0117,2021,60
SK0180,2021,98
SK0078,2022,42
SK0012,2024,58
SK0093,2025,94
SK0034,2022,19
SK0214,2024,59
SK0197,2021,56
SK0115,2022,61
SK0013,2021,67
SK0109,2024,40
SK0160,2021,60
SK0024,2021,85
SK0173,2025,61
SK0272,2021,17
SK0009,2024,89
SK0022,2024,62
SK0002,2024,37
SK0128,2022,97
SK0269,2023,91
SK0133,2025,45
SK0155,2026,82
SK0036,2023,56
SK0248,2021,12
SK0083,2022,10
SK0229,2022,51
SK0236,2026,46
SK0109,2025,23
SK0044,2024,86
SK0118,2026,66
SK0140,2022,98
SK0223,2024,52
SK0255,2025,22
SK0179,2026,73
SK0054,2023,95
SK0049,2021,68
SK0027,2024,61
SK0247,2024,81
SK0072,2022,74
SK0050,2025,99
SK0036,2022,20
SK0095,2026,77
SK0219,2021,80
SK0272,2023,35
SK0150,2024,48
SK0238,2021,14
SK0019,2026,50
SK0013,2022,48
SK0290,2026,87
SK0256,2024,50
SK0236,2023,96
SK0246,2023,25
SK0044,2022,25
SK0180,2024,93
SK0021,2022,16
SK0235,2026,63
SK0050,2023,35
SK0254,2021,16
SK0223,2024,24
SK0300,2021,38
SK0005,2026,65
SK0058,2021,66
SK0211,2024,20
SK0127,2022,83
SK0130,2021,54
SK0088,2022,42
SK0244,2021,21
SK0032,2022,72
SK0220,2025,64
SK0220,2023,65
SK0202,2021,60
SK0052,2025,34
SK0002,2022,60
SK0057,2021,22
SK0171,2025,67
SK0220,2025,81
SK0136,2021,39
SK0038,2026,55
SK0024,2021,35
SK0074,2024,78
SK0057,2022,46
SK0255,2021,37
SK0141,2024,50
SK0177,2025,65
SK0053,2024,48
SK0294,2026,54
SK0264,2025,63
SK0262,2021,61
SK0102,2025,30
SK0240,2026,56
SK0297,2021,28
SK0197,2025,68
SK0265,2026,97
SK0131,2022,44
SK0176,2021,39
SK0097,2022,63
SK0199,2026,64
SK0112,2023,84
SK0173,2025,62
SK0286,2023,28
SK0228,2022,42
SK0192,2025,31
SK0152,2026,57
SK0199,2026,40
SK0085,2021,50
SK0092,2021,68
SK0035,2021,13
SK0174,2023,58
SK0273,2024,92
SK0185,2022,35
SK0289,2022,71
SK0141,2024,10
SK0284,2023,38
SK0024,2024,71
SK0192,2025,32
SK0029,2026,38
SK0242,2024,16
SK0149,2021,62
SK0155,2021,22
SK0020,2024,48
SK0154,2021,54
SK0219,2025,13
SK0293,2023,12
SK0250,2023,83
SK0203,2022,37
SK0059,2026,24
SK0151,2022,68
SK0097,2023,19
SK0119,2024,13
SK0077,2026,21
SK0068,2024,82
SK0242,2026,60
SK0013,2021,92
SK0175,2025,69
SK0174,2025,78
SK0241,2026,29
SK0145,2022,67
SK0145,2026,44
SK0122,2025,92
SK0038,2023,33
SK0204,2023,60
SK0052,2021,47
SK0050,2023,16
SK0265,2026,43
SK0127,2021,11
SK0262,2025,36
SK0266,2024,67
SK0118,2022,69
SK0280,2024,21
SK0153,2025,87
SK0264,2021,41
SK0219,2024,96
SK0040,2022,69
SK0115,2022,12
SK0046,2023,81
SK0134,2024,42
SK0227,2022,61
SK0298,2022,93
SK0244,2023,90
SK0120,2024,84
SK0029,2022,80
SK0291,2021,14
SK0031,2025,42
SK0235,2023,58
SK0070,2025,68
SK0219,2022,63
SK0013,2021,61
SK0145,2025,96
SK0119,2022,26
SK0198,2026,59
SK0078,2026,90
SK0039,2022,27
SK0033,2023,58
SK0207,2026,73
SK0276,2022,58
SK0299,2025,57
SK0128,2024,77
SK0263,2025,15
SK0093,2022,15
SK0123,2025,73
SK0164,2026,90
SK0004,2026,47
SK0193,2025,13
SK0205,2025,87
SK0043,2024,68
SK0066,2021,46
SK0233,2025,79
SK0275,2024,31
SK0296,2022,41
SK0157,2025,95
SK0286,2025,75
SK0081,2025,86
SK0220,2022,34
SK0108,2022,72
SK0244,2023,70
SK0146,2026,67
SK0220,2023,89
SK0177,2021,95
SK0156,2026,84
SK0185,2024,86
SK0265,2024,50
SK0165,2024,53
SK0029,2025,39
SK0251,2023,96
SK0032,2026,44
SK0141,2024,74
SK0230,2024,57
SK0298,2025,69
SK0203,2023,43
SK0189,2021,43
SK0295,2022,17
SK0116,2024,98
SK0239,2025,19
SK0237,2025,41
SK0004,2022,81
SK0231,2023,48
SK0171,2021,30
SK0276,2024,98
SK0288,2021,23
SK0177,2024,50
SK0033,2026,44
SK0217,2022,97
SK0137,2022,70
SK0221,2026,63
SK0117,2024,11
SK0148,2024,12
SK0102,2021,19
SK0083,2022,98
SK0092,2022,46
SK0146,2024,38
SK0248,2025,95
SK0168,2022,19
SK0142,2023,21
SK0014,2025,78
SK0065,2026,61
SK0251,2023,21
SK0075,2025,14
SK0027,2025,40
SK0080,2023,10
SK0250,2021,28
SK0239,2026,35
SK0296,2026,88
SK0084,2025,96
SK0280,2024,20
SK0177,2022,17
SK0228,2026,31
SK0270,2025,78
SK0289,2024,60
SK0294,2024,31
SK0177,2024,93
SK0162,2022,52
SK0166,2026,83
SK0003,2026,39
SK0190,2023,61
SK0289,2026,20
SK0094,2022,47
SK0216,2022,29
SK0154,2026,13
SK0256,2024,65
SK0267,2024,78
SK0112,2026,84
SK0012,2026,82
SK0242,2021,46
SK0171,2021,19
SK0118,2023,69
SK0026,2024,72
SK0244,2022,56
SK0145,2024,79
SK0290,2022,48
SK0207,2022,77
SK0008,2025,91
SK0135,2021,40
SK0192,2021,87
SK0134,2022,58
SK0066,2026,91
SK0295,2021,17
SK0138,2021,14
SK0223,2025,73
SK0180,2026,62
SK0158,2024,92
SK0287,2022,65
SK0125,2022,42
SK0142,2021,87
SK0294,2023,27
SK0215,2025,15
SK0146,2024,67
SK0146,2023,65
SK0056,2021,48
SK0009,2023,44
SK0117,2021,52
SK0269,2021,53
SK0220,2022,89
SK0072,2024,28
SK0260,2025,60
SK0300,2025,92
SK0078,2023,63
SK0287,2024,86
SK0292,2026,45
SK0096,2022,76
SK0215,2022,34
SK0257,2025,75
SK0287,2025,36
SK0049,2026,34
SK0244,2023,75
SK0074,2024,15
SK0031,2021,47
SK0235,2021,21
SK0222,2025,42
SK0016,2023,78
SK0198,2024,13
SK0126,2023,41
SK0034,2025,63
SK0266,2024,37
SK0069,2025,13
SK0136,2022,89
SK0127,2024,35
SK0212,2024,58
SK0190,2022,70
SK0167,2024,38
SK0158,2026,41
SK0217,2021,87
SK0198,2021,59
SK0041,2025,91
SK0079,2025,50
SK0196,2021,15
SK0289,2025,91
SK0103,2022,85
SK0160,2026,42
SK0172,2023,13
SK0026,2024,10
SK0075,2022,24
SK0105,2025,14
SK0248,2025,50
SK0127,2023,25
SK0204,2025,34
SK0134,2023,45
SK0078,2022,92
SK0181,2022,82
SK0159,2021,34
SK0166,2021,30
SK0052,2024,62
SK0195,2025,12
SK0095,2025,36
SK0257,2024,59
SK0048,2024,90
SK0222,2025,88
SK0289,2025,12
SK0250,2023,58
SK0286,2025,13
SK0231,2023,66
SK0197,2023,99
SK0214,2025,88
SK0250,2022,35
SK0082,2024,40
SK0214,2022,37
SK0150,2021,89
SK0198,2021,61
SK0034,2024,34
SK0092,2025,28
SK0080,2024,79
SK0266,2022,93
SK0008,2026,69
SK0068,2021,90
SK0151,2022,96
SK0189,2022,40
SK0127,2025,17
SK0185,2024,27
SK0006,2025,22
SK0130,2025,96
SK0274,2023,40
SK0142,2025,54
SK0293,2025,16
SK0017,2023,87
SK0178,2026,24
SK0221,2021,55
SK0134,2024,21
SK0141,2025,39
SK0007,2024,17
SK0001,2024,83
SK0068,2024,81
SK0084,2024,44
SK0124,2025,62
SK0112,2024,56
SK0099,2024,89
SK0249,2025,21
SK0181,2024,39
SK0283,2025,86
SK0179,2022,10
SK0028,2023,31
SK0255,2023,29
SK0253,2026,84
SK0246,2021,42
SK0262,2022,12
SK0195,2023,86
SK0073,2023,64
SK0018,2025,51
SK0148,2021,64
SK0210,2025,73
SK0001,2025,50
SK0170,2022,60
SK0191,2021,37
SK0009,2025,23
SK0241,2025,94
SK0096,2022,98
SK0219,2022,37
SK0027,2025,12
SK0115,2023,86
SK0029,2023,72
SK0140,2026,92
SK0171,2023,38
SK0242,2023,44
SK0205,2022,67
SK0079,2026,64
SK0272,2024,60
SK0028,2025,24
SK0157,2021,14
SK0246,2025,68
SK0276,2024,86
SK0042,2025,39
SK0274,2021,76
SK0227,2023,15
SK0231,2022,18
SK0017,2022,55
SK0120,2025,19
SK0225,2024,90
SK0213,2023,42
SK0022,2025,65
SK0102,2025,35
SK0071,2025,64
SK0093,2023,59
SK0099,2021,45
SK0036,2024,12
SK0270,2022,57
SK0204,2026,55
SK0145,2023,52
SK0273,2022,44
SK0077,2025,71
SK0120,2021,98
SK0186,2024,32
SK0226,2021,59
SK0010,2022,11
SK0194,2023,84
SK0052,2025,56
SK0211,2024,48
SK0233,2021,62
SK0214,2021,41
SK0189,2021,97
SK0135,2023,49
SK0145,2023,12
SK0049,2026,49
SK0218,2025,96
SK0246,2026,42
SK0262,2021,18
SK0200,2025,84
SK0285,2021,15
SK0271,2024,88
SK0073,2025,71
SK0186,2021,11
SK0013,2026,93
SK0129,2026,62
SK0035,2026,15
SK0199,2026,77
SK0086,2026,55
SK0118,2023,44
SK0048,2022,54
SK0293,2022,18
SK0275,2021,10
SK0240,2023,33
SK0282,2025,82
SK0189,2023,51
SK0111,2024,62
SK0124,2026,61
SK0143,2025,38
SK0183,2026,98
SK0143,2024,85
SK0101,2021,89
SK0049,2023,47
SK0061,2026,82
SK0115,2023,17
SK0166,2024,43
SK0080,2021,12
SK0263,2022,47
SK0198,2022,86
SK0085,2023,79
SK0198,2026,48
SK0177,2023,85
SK0019,2025,57
SK0055,2024,51
SK0205,2026,10
SK0190,2026,21
SK0084,2021,24
SK0030,2024,67
SK0153,2026,35
SK0069,2024,91
SK0138,2021,44
SK0041,2026,26
SK0213,2023,56
SK0063,2021,19
SK0293,2025,88
SK0156,2025,62
SK0297,2024,84
SK0029,2025,92
SK0054,2026,43
SK0056,2021,35
SK0066,2021,58
SK0272,2022,72
SK0241,2025,94
SK0294,2024,23
SK0073,2024,33
SK0133,2024,31
SK0034,2021,61
SK0160,2022,24
SK0014,2025,15
SK0185,2025,12
SK0139,2021,12
SK0176,2022,24
SK0215,2026,53
SK0013,2022,45
SK0041,2021,85
SK0121,2021,53
SK0258,2024,68
SK0201,2021,29
SK0222,2024,12
SK0188,2023,18
SK0109,2024,27
SK0083,2021,55
SK0016,2023,38
SK0222,2023,52
SK0132,2026,19
SK0167,2022,78
SK0249,2026,22
SK0064,2023,95
SK0267,2023,26
SK0118,2022,14
SK0249,2026,67
SK0128,2021,92
SK0036,2026,85
SK0194,2021,39
SK0129,2025,83
SK0219,2022,69
SK0023,2022,22
SK0033,2024,21
SK0126,2023,47
SK0122,2025,62
SK0230,2021,85
SK0240,2026,48
SK0146,2022,53
SK0168,2026,90
SK0189,2023,54
SK0153,2021,34
SK0074,2025,73
SK0251,2021,62
SK0068,2026,85
SK0042,2021,46
SK0242,2021,32
SK0161,2023,25
SK0238,2025,38
SK0213,2023,92
SK0186,2022,81
SK0120,2024,79
SK0227,2023,51
SK0195,2025,42
SK0256,2022,76
SK0163,2022,72
SK0279,2025,54
SK0111,2025,29
SK0183,2023,20
SK0022,2023,38
SK0233,2023,95
SK0139,2024,40
SK0186,2025,51
SK0025,2026,63
SK0278,2022,71
SK0169,2026,67
SK0259,2024,37
SK0118,2021,83
SK0181,2022,25
SK0198,2023,23
SK0002,2021,14
SK0225,2024,33
SK0102,2022,53
SK0099,2023,38
SK0013,2025,58
SK0053,2022,45
SK0097,2023,35
SK0260,2022,63
SK0231,2024,35
SK0052,2024,60
SK0068,2023,31
SK0020,2026,10
SK0190,2025,99
SK0037,2021,30
SK0109,2022,55
SK0078,2022,51
SK0071,2022,25
SK0006,2021,64
SK0212,2023,50
SK0161,2025,34
SK0134,2025,14
SK0061,2022,91
SK0054,2024,44
SK0144,2022,24
SK0289,2021,83
SK0242,2021,99
SK0092,2023,55
SK0069,2022,36
SK0097,2022,69
SK0087,2021,13
SK0191,2026,97
SK0162,2023,84
SK0066,2026,84
SK0101,2024,73
SK0243,2021,48
SK0063,2021,57
SK0149,2022,36
SK0221,2026,44
SK0184,2023,40
SK0140,2023,71
SK0071,2026,40
SK0281,2021,50
SK0228,2025,41
SK0241,2022,50
SK0081,2021,98
SK0010,2021,74
SK0215,2022,11
SK0216,2026,15
SK0111,2026,15
SK0025,2025,93
SK0086,2024,80
SK0222,2025,21
SK0005,2024,45
SK0133,2021,22
SK0029,2021,78
SK0195,2023,39
SK0274,2022,99
SK0095,2022,33
SK0072,2024,69
SK0108,2024,41
SK0028,2022,16
SK0255,2026,67
SK0165,2022,84
SK0075,2021,69
SK0227,2022,81
SK0214,2025,76
SK0060,2026,89
SK0177,2023,59
SK0250,2026,66
SK0029,2025,45
SK0092,2026,95
SK0053,2026,45
SK0084,2021,29
SK0038,2026,33
SK0275,2024,77
SK0257,2026,55
SK0290,2021,75
SK0251,2023,45
SK0106,2026,24
SK0273,2021,19
SK0151,2026,44
SK0213,2026,65
SK0285,2023,24
SK0039,2021,55
SK0104,2025,61
SK0193,2025,62
SK0280,2023,41
SK0264,2025,34
SK0207,2026,82
SK0233,2021,51
SK0075,2026,81
SK0245,2021,19
SK0025,2026,21
SK0224,2022,85
SK0133,2025,23
SK0296,2025,67
SK0208,2025,84
SK0257,2026,33
SK0171,2021,60
SK0115,2021,71
SK0094,2024,13
SK0246,2021,34
SK0250,2023,67
SK0078,2026,27
SK0009,2021,62
SK0198,2024,38
SK0292,2022,33
SK0064,2026,39
SK0149,2022,28
SK0225,2023,13
SK0295,2025,67
SK0287,2023,66
SK0278,2024,71
SK0091,2025,54
SK0263,2022,97
SK0115,2022,87
SK0287,2025,63
SK0241,2021,82
SK0229,2023,76
SK0176,2021,82
SK0211,2024,54
SK0268,2022,64
SK0089,2021,47
SK0246,2026,51
SK0142,2021,24
SK0015,2025,66
SK0222,2024,64
SK0015,2022,10
SK0276,2024,87
SK0207,2024,58
SK0234,2021,95
SK0124,2021,80
SK0263,2024,62
SK0024,2023,30
SK0009,2025,44
SK0216,2024,82
SK0172,2026,13
SK0255,2023,64
SK0015,2021,19
SK0092,2023,71
SK0082,2023,46
SK0173,2023,26
SK0103,2026,10
SK0227,2023,31
SK0082,2023,77
SK0189,2023,43
SK0224,2025,11
SK0049,2021,99
SK0166,2023,60
SK0119,2022,86
SK0185,2026,89
SK0115,2026,63
SK0099,2021,60
SK0026,2026,35
SK0217,2026,26
SK0162,2026,49
SK0024,2022,55
SK0222,2024,75
SK0023,2025,61
SK0255,2025,60
SK0179,2025,84
SK0019,2022,39
SK0039,2021,46
SK0232,2021,45
SK0166,2024,48
SK0230,2026,61
SK0099,2021,87
SK0210,2025,47
SK0035,2021,94
SK0054,2022,30
SK0223,2021,50
SK0199,2026,51
SK0249,2026,85
SK0026,2025,30
SK0052,2023,44
SK0027,2023,29
SK0251,2024,92
SK0255,2024,47
SK0105,2026,29
SK0073,2024,69
SK0263,2021,90
SK0040,2026,31
SK0266,2026,63
SK0158,2026,60
SK0099,2025,37
SK0014,2024,73
SK0019,2025,52
SK0174,2024,15
SK0060,2024,38
SK0084,2023,98
SK0185,2023,69
SK0008,2022,62
SK0269,2022,71
SK0124,2022,40
SK0146,2026,98
SK0129,2022,21
SK0034,2026,47
SK0186,2022,85
SK0203,2025,79
SK0087,2025,35
SK0271,2023,39
SK0235,2022,15
SK0260,2025,29
SK0112,2025,87
SK0057,2022,79
SK0133,2024,34
SK0268,2026,80
SK0001,2024,76
SK0155,2025,18
SK0098,2022,28
SK0089,2022,38
SK0229,2025,70
SK0208,2026,47
SK0199,2024,13
SK0197,2026,16
SK0229,2022,56
SK0118,2026,28
SK0194,2022,87
SK0131,2022,79
SK0162,2025,25
SK0261,2026,14
SK0057,2026,79
SK0068,2022,28
SK0095,2021,43
SK0157,2023,16
SK0081,2024,26
SK0285,2026,53
SK0152,2025,49
SK0108,2022,37
SK0137,2025,53
SK0035,2026,93
SK0120,2023,28
SK0158,2026,79
SK0183,2025,86
SK0026,2023,36
SK0234,2025,38
SK0229,2024,47
SK0038,2023,11
SK0118,2021,53
SK0244,2022,28
SK0279,2022,10
SK0213,2024,53
SK0159,2022,71
SK0021,2026,68
SK0172,2021,18
SK0112,2021,68
SK0153,2022,19
SK0123,2026,77
SK0022,2021,70
SK0266,2024,62
SK0059,2025,36
SK0187,2025,38
SK0143,2022,42
SK0053,2025,94
SK0030,2022,84
SK0245,2025,50
SK0157,2026,86
SK0222,2021,99
SK0069,2021,90
SK0018,2021,81
SK0142,2023,16
SK0202,2021,33
SK0166,2022,75
SK0220,2026,78
SK0062,2023,46
SK0262,2023,23
SK0162,2023,28
SK0048,2026,61
SK0263,2023,94
SK0233,2026,77
SK0273,2023,66
SK0036,2022,27
SK0087,2025,99
SK0271,2026,72
SK0148,2025,56
SK0218,2026,80
SK0100,2024,94
SK0191,2024,59
SK0221,2022,89
SK0179,2021,39
SK0084,2026,97
SK0149,2022,18
SK0291,2025,59
SK0088,2024,31
SK0086,2024,70
SK0193,2023,89
SK0055,2021,84
SK0077,2022,33
SK0067,2024,35
SK0299,2022,15
SK0154,2021,65
SK0034,2022,27
SK0200,2022,21
SK0174,2021,28
SK0116,2023,17
SK0298,2024,58
SK0279,2022,97
SK0238,2023,28
SK0242,2021,19
SK0020,2021,26
SK0011,2024,34
SK0145,2026,79
SK0197,2026,69
SK0165,2026,98
SK0087,2022,66
SK0147,2023,18
SK0254,2025,37
SK0146,2024,90
SK0235,2024,78
SK0099,2026,70
SK0046,2022,33
SK0031,2022,33
SK0250,2021,43
SK0265,2026,79
SK0064,2023,37
SK0289,2025,79
SK0057,2026,47
SK0125,2025,41
SK0273,2021,17
SK0106,2021,61
SK0207,2021,22
SK0062,2024,63
SK0160,2022,22
SK0084,2024,67
SK0296,2021,58
SK0240,2024,28
SK0240,2021,40
SK0260,2021,69
SK0210,2025,24
SK0023,2023,56
SK0104,2026,93
SK0032,2024,46
SK0172,2022,45
SK0084,2021,68
SK0128,2023,78
SK0007,2021,75
SK0073,2021,27
SK0100,2021,90
SK0007,2023,68
SK0166,2025,69
SK0094,2025,13
SK0229,2023,53
SK0182,2021,57
SK0159,2025,79
SK0219,2024,66
SK0203,2022,25
SK0292,2024,24
SK0026,2023,28
SK0040,2022,65
SK0189,2026,84
SK0238,2026,44
SK0061,2026,64
SK0291,2024,47
SK0146,2024,49
SK0091,2026,40
SK0264,2024,30
SK0156,2021,15
SK0129,2024,67
SK0206,2024,37
SK0126,2022,58
SK0076,2022,80
SK0002,2023,20
SK0239,2023,41
SK0146,2024,63
SK0179,2024,78
SK0101,2026,30
SK0052,2023,58
SK0037,2025,81
SK0295,2022,58
SK0124,2024,76
SK0030,2023,21
SK0038,2024,23
SK0064,2021,92
SK0219,2023,37
SK0067,2022,34
SK0246,2022,41
SK0096,2021,70
SK0034,2024,47
SK0085,2023,13
SK0035,2023,81
SK0184,2024,42
SK0244,2024,96
SK0271,2023,48
SK0111,2023,42
SK0187,2021,57
SK0232,2022,31
SK0171,2023,52
SK0274,2022,62
SK0164,2023,44
SK0217,2022,47
SK0130,2024,33
SK0280,2025,17
SK0152,2026,94
SK0067,2024,89
SK0290,2021,89
SK0220,2026,80
SK0238,2024,98
SK0122,2021,76
SK0132,2026,28
SK0051,2025,19
SK0251,2026,40
SK0288,2026,41
SK0033,2021,27
SK0274,2026,68
SK0072,2025,96
SK0107,2024,10
SK0284,2022,85
SK0010,2026,46
SK0293,2022,77
SK0251,2026,45
SK0235,2021,17
SK0122,2025,38
SK0213,2023,75
SK0004,2025,84
SK0112,2024,18
SK0118,2023,50
SK0140,2023,22
SK0291,2024,41
SK0148,2021,23
SK0257,2021,77
SK0134,2023,44
SK0090,2024,66
SK0272,2023,46
SK0057,2026,75
SK0098,2023,87
SK0234,2025,22
SK0270,2023,67
SK0027,2022,55
SK0160,2024,98
SK0010,2025,38
SK0123,2023,29
SK0052,2022,20
SK0012,2024,79
SK0048,2022,29
SK0233,2022,64
SK0179,2023,67
SK0277,2022,15
SK0177,2026,61
SK0005,2026,68
SK0274,2022,73
SK0295,2024,76
SK0083,2025,88
SK0151,2022,74
SK0073,2023,10
SK0114,2021,95
SK0191,2026,81
SK0054,2025,80
SK0100,2025,88
SK0073,2025,13
SK0040,2021,64
SK0068,2024,54
SK0252,2024,91
SK0063,2022,24
SK0132,2021,91
SK0300,2026,11
SK0222,2021,64
SK0004,2025,25
SK0070,2023,60
SK0117,2023,53
SK0036,2024,98
SK0216,2022,63
SK0116,2024,75
SK0188,2026,29
SK0067,2024,22
SK0283,2022,88
SK0242,2022,56
SK0125,2024,17
SK0166,2021,99
SK0290,2021,31
SK0214,2021,34
SK0024,2025,49
SK0144,2026,86
SK0189,2025,46
SK0225,2021,58
SK0283,2023,83
SK0254,2022,36
SK0124,2025,46
SK0218,2024,39
SK0002,2026,19
SK0155,2022,50
SK0138,2021,22
SK0172,2023,50
SK0076,2026,25
SK0247,2021,89
SK0084,2022,62
SK0230,2024,43
SK0284,2026,17
SK0037,2022,20
SK0074,2021,75
SK0054,2023,18
SK0220,2023,84
SK0282,2024,40
SK0155,2024,81
SK0138,2024,84
SK0076,2024,78
SK0003,2025,88
SK0066,2022,95
SK0003,2026,55
SK0168,2022,93
SK0235,2026,90
SK0282,2021,40
SK0138,2021,51
SK0133,2022,12
SK0164,2024,23
SK0031,2026,86
SK0155,2021,16
SK0110,2022,98
SK0222,2023,58
SK0025,2024,72
SK0151,2025,60
SK0258,2022,95
SK0032,2024,59
SK0086,2025,56
SK0141,2021,19
SK0228,2021,63
SK0147,2025,65
SK0227,2023,31
SK0036,2023,84
SK0273,2023,15
SK0235,2022,45
SK0217,2022,51
SK0191,2023,71
SK0129,2023,18
SK0218,2021,88
SK0249,2022,64
SK0061,2024,32
SK0241,2023,59
SK0011,2026,10
SK0189,2024,42
SK0025,2026,24
SK0117,2025,64
SK0015,2021,95
SK0008,2026,16
SK0151,2021,97
SK0030,2023,63
SK0023,2026,60
SK0019,2026,16
SK0167,2021,13
SK0150,2023,61
SK0033,2024,70
SK0174,2026,83
SK0158,2025,94
SK0067,2024,70
SK0120,2024,53
SK0069,2024,51
SK0017,2021,73
SK0038,2021,23
SK0049,2022,67
SK0093,2024,66
SK0029,2025,82
SK0287,2021,83
SK0299,2026,50
SK0239,2026,99
SK0042,2026,73
SK0268,2026,81
SK0002,2025,25
SK0097,2026,54
SK0021,2022,97
SK0176,2023,64
SK0234,2023,44
SK0081,2026,97
SK0011,2024,58
SK0100,2022,80
SK0068,2023,87
SK0283,2022,36
SK0224,2024,69
SK0123,2026,20
SK0079,2025,72
SK0022,2021,76
SK0020,2021,61
SK0231,2022,76
SK0059,2022,89
SK0090,2023,50
SK0188,2024,57
SK0204,2026,11
SK0178,2023,65
SK0270,2021,11
SK0066,2025,28
SK0130,2021,43
SK0052,2022,40
SK0270,2024,85
SK0299,2024,96
SK0088,2026,24
SK0253,2025,13
SK0237,2022,35
SK0050,2023,72
SK0015,2026,54
SK0276,2024,43
SK0017,2026,18
SK0218,2025,12
SK0093,2021,78
SK0046,2024,97
SK0204,2025,12
SK0159,2022,44
SK0283,2022,90
SK0063,2022,27
SK0129,2026,25
SK0161,2023,41
SK0260,2022,76
SK0159,2021,58
SK0111,2021,96
SK0241,2022,61
SK0150,2026,42
SK0088,2021,96
SK0035,2024,70
SK0068,2021,95
SK0267,2021,99
SK0142,2022,66
SK0244,2021,42
SK0080,2022,98
SK0099,2026,99
SK0072,2024,56
SK0052,2024,27
SK0266,2025,31
SK0217,2023,57
SK0021,2023,30
SK0185,2025,77
SK0264,2024,54
SK0062,2025,27
SK0280,2024,42
SK0245,2026,75
SK0220,2025,96
SK0265,2024,89
SK0105,2022,89
SK0284,2024,41
SK0227,2025,19
SK0087,2025,48
SK0184,2025,86
SK0123,2025,24
SK0257,2021,44
SK0100,2024,78
SK0271,2025,46
SK0122,2022,16
SK0086,2022,19
SK0126,2025,82
SK0105,2023,41
SK0142,2026,57
SK0029,2022,36
SK0132,2021,47
SK0109,2021,60
SK0245,2025,67
SK0161,2026,54
SK0188,2021,98
SK0277,2023,62
SK0065,2023,94
SK0262,2024,39
SK0186,2022,85
SK0232,2023,45
SK0084,2021,91
SK0258,2021,91
SK0006,2025,66
SK0136,2026,39
SK0223,2025,50
SK0246,2025,25
SK0110,2026,41
SK0106,2024,36
SK0064,2022,80
SK0110,2021,60
SK0125,2021,88
SK0029,2022,82
SK0036,2025,75
SK0029,2023,57
SK0063,2023,31
SK0297,2025,81
SK0234,2025,75
SK0176,2026,54
SK0193,2026,73
SK0127,2024,22
SK0199,2026,50
SK0098,2022,23
SK0068,2023,32
SK0174,2025,15
SK0161,2024,18
SK0059,2025,55
SK0180,2023,24
SK0179,2025,31
SK0274,2026,34
SK0158,2023,50
SK0178,2025,69
SK0015,2026,93
SK0190,2023,91
SK0007,2024,78
SK0125,2026,91
SK0021,2023,67
SK0006,2021,64
SK0071,2026,57
SK0027,2024,27
SK0124,2025,71
SK0270,2026,20
SK0095,2021,50
SK0269,2023,89
SK0200,2021,11
SK0028,2021,96
SK0231,2022,61
SK0162,2026,87
SK0134,2026,63
SK0078,2026,20
SK0255,2022,76
SK0290,2025,31
SK0071,2023,67
SK0192,2024,97
SK0050,2026,41
SK0221,2024,50
SK0042,2026,44
SK0207,2021,90
SK0293,2023,15
SK0258,2025,62
SK0108,2025,74
SK0138,2024,59
SK0046,2021,85
SK0117,2022,53
SK0006,2022,80
SK0069,2026,38
SK0056,2021,91
SK0243,2023,57
SK0005,2025,99
SK0216,2026,37
SK0242,2022,81
SK0087,2022,51
SK0282,2022,98
SK0050,2026,84
SK0022,2025,51
SK0060,2024,64
SK0223,2026,32
SK0178,2026,66
SK0023,2026,42
SK0047,2023,41
SK0289,2025,93
SK0262,2022,37
SK0145,2023,36
SK0208,2025,68
SK0115,2023,45
SK0260,2025,91
SK0229,2023,72
SK0192,2025,83
SK0139,2023,36
SK0246,2023,85
SK0027,2023,63
SK0101,2026,76
SK0156,2024,51
SK0216,2024,30
SK0016,2026,16
SK0127,2021,29
SK0060,2025,51
SK0186,2022,57
SK0134,2026,84
SK0233,2022,43
SK0042,2024,73
SK0041,2024,11
SK0018,2021,49
SK0187,2022,73
SK0123,2023,56
SK0147,2024,44
SK0055,2025,30
SK0096,2024,70
SK0199,2023,35
SK0270,2025,14
SK0139,2025,91
SK0211,2022,52
SK0023,2026,86
SK0199,2021,76
SK0032,2021,64
SK0117,2026,57
SK0232,2023,70
SK0187,2024,93
SK0271,2024,97
SK0230,2024,84
SK0191,2022,86
SK0075,2024,75
SK0153,2021,39
SK0002,2023,50
SK0056,2021,59
SK0062,2025,30
SK0194,2023,60
SK0091,2024,54
SK0227,2024,20
SK0185,2024,28
SK0051,2024,13
SK0019,2022,94
SK0244,2022,80
SK0268,2023,73
SK0054,2024,64
SK0093,2026,36
SK0095,2023,35
SK0020,2021,41
SK0151,2024,98
SK0258,2025,30
SK0205,2023,84
SK0075,2026,58
SK0100,2023,59
SK0208,2026,17
SK0294,2022,70
SK0021,2026,92
SK0286,2022,91
SK0253,2022,34
SK0185,2022,88
SK0293,2023,68
SK0250,2022,22
SK0259,2021,25
SK0128,2026,13
SK0225,2023,92
SK0132,2024,18
SK0172,2026,34
SK0101,2022,25
SK0038,2022,38
SK0214,2025,78
SK0143,2023,86
SK0090,2021,55
SK0063,2026,52
SK0023,2023,46
SK0005,2022,67
SK0169,2026,16
SK0087,2024,83
SK0152,2022,25
SK0199,2021,12
SK0183,2024,39
SK0106,2026,99
SK0065,2023,81
SK0017,2026,83
SK0107,2021,63
SK0022,2024,98
SK0231,2024,57
SK0261,2026,91
SK0003,2024,82
SK0158,2022,55
SK0030,2025,21
SK0078,2023,32
SK0054,2024,30
SK0096,2023,24
SK0013,2025,64
SK0005,2023,87
SK0039,2025,43
SK0202,2023,97
SK0028,2025,12
SK0109,2025,99
SK0264,2025,36
SK0209,2022,72
SK0143,2022,80
SK0296,2021,64
SK0195,2021,24
SK0169,2021,54
SK0023,2026,28
SK0251,2024,54
SK0093,2023,64
SK0078,2023,48
SK0048,2023,88
SK0034,2024,99
SK0153,2025,17
SK0089,2026,38
SK0051,2026,18
SK0252,2025,63
SK0217,2021,47
SK0277,2026,94
SK0252,2023,16
SK0256,2025,19
SK0251,2021,65
SK0238,2022,56
SK0008,2024,40
SK0228,2024,62
SK0053,2023,71
SK0210,2026,53
SK0209,2024,14
SK0036,2026,14
SK0265,2023,34
SK0056,2024,19
SK0041,2024,79
SK0072,2024,93
SK0298,2026,41
SK0101,2022,76
SK0068,2024,90
SK0003,2026,97
SK0189,2026,23
SK0075,2021,90
SK0236,2026,51
SK0092,2023,94
SK0191,2022,67
SK0184,2025,66
SK0036,2026,58
SK0057,2025,48
SK0029,2024,46
SK0173,2023,89
SK0249,2025,70
SK0157,2025,31
SK0275,2024,27
SK0007,2025,60
SK0210,2024,95
SK0274,2025,34
SK0211,2023,18
SK0193,2023,38
SK0047,2023,92
SK0144,2022,18
SK0031,2024,39
SK0263,2024,45
SK0087,2024,27
SK0204,2026,40
SK0074,2022,39
SK0277,2021,65
SK0147,2023,44
SK0220,2023,14
SK0013,2026,28
SK0259,2023,54
SK0109,2023,34
SK0167,2023,52
SK0061,2026,84
SK0145,2024,91
SK0222,2026,17
SK0259,2026,87
SK0037,2023,43
SK0246,2024,60
SK0279,2026,37
SK0253,2021,42
SK0009,2024,23
SK0126,2023,87
SK0174,2024,98
SK0017,2023,95
SK0147,2024,75
SK0258,2023,85
SK0128,2021,53
SK0124,2026,97
SK0149,2023,51
SK0118,2026,76
SK0051,2021,50
SK0271,2023,85
SK0277,2026,45
SK0068,2024,87
SK0193,2023,99
SK0071,2026,58
SK0223,2024,47
SK0289,2023,83
SK0047,2024,90
SK0119,2025,10
SK0141,2023,92
SK0008,2025,76
SK0244,2022,24
SK0079,2022,54
SK0237,2022,35
SK0218,2023,93
SK0008,2022,43
SK0176,2024,64
SK0090,2021,31
SK0123,2022,27
SK0291,2021,18
SK0005,2021,86
SK0122,2023,66
SK0253,2024,24
SK0127,2021,31
SK0076,2021,33
SK0152,2022,38
SK0244,2024,76
SK0249,2021,90
SK0174,2022,56
SK0094,2026,41
SK0102,2023,23
SK0130,2021,59
SK0262,2024,42
SK0207,2023,25
SK0277,2025,37
SK0007,2025,56
SK0175,2024,17
SK0151,2021,64
SK0100,2023,62
SK0084,2026,76
SK0277,2023,18
SK0058,2022,88
SK0202,2026,73
SK0111,2025,16
SK0110,2026,39
SK0096,2025,37
SK0259,2026,81
SK0257,2026,71
SK0062,2026,99
SK0062,2022,70
SK0294,2021,10
SK0115,2022,65
SK0220,2026,11
SK0025,2025,37
SK0224,2025,30
SK0216,2026,39
SK0122,2023,67
SK0158,2021,66
SK0071,2022,74
SK0269,2026,34
SK0042,2023,56
SK0004,2023,18
SK0240,2024,89
SK0116,2021,96
SK0047,2025,74
SK0236,2021,90
SK0092,2023,56
SK0120,2021,78
SK0087,2026,60
SK0144,2023,27
SK0235,2024,15
SK0227,2023,29
SK0210,2021,90
SK0004,2022,87
SK0083,2022,47
SK0192,2021,11
SK0174,2021,31
SK0087,2026,63
SK0226,2024,23
SK0246,2024,14
SK0057,2023,44
SK0260,2025,32
SK0184,2026,84
SK0099,2023,65
SK0208,2024,93
SK0094,2022,21
SK0044,2026,56
SK0179,2021,48
SK0048,2025,38
SK0024,2025,73
SK0097,2022,76
SK0096,2022,48
SK0071,2025,34
SK0274,2021,72
SK0047,2023,41
SK0240,2026,41
SK0078,2024,66
SK0093,2023,74
SK0054,2022,83
SK0263,2026,11
SK0237,2023,48
SK0262,2024,34
SK0204,2023,66
SK0118,2025,77
SK0056,2021,79
SK0038,2024,51
SK0248,2023,29
SK0288,2021,82
SK0128,2024,94
SK0231,2023,83
SK0058,2021,84
SK0130,2026,62
SK0244,2023,29
SK0273,2024,32
SK0214,2025,54
SK0066,2025,62
SK0251,2022,45
SK0207,2025,18
SK0099,2026,40
SK0120,2022,76
SK0241,2026,14
SK0030,2021,75
SK0245,2021,14
SK0032,2023,41
SK0273,2023,76
SK0097,2022,31
SK0135,2022,94
SK0234,2026,77
SK0235,2021,16
SK0232,2021,36
SK0234,2022,31
SK0064,2022,19
SK0113,2021,72
SK0171,2026,45
SK0102,2025,32
SK0144,2022,56
SK0009,2021,46
SK0221,2021,62
SK0215,2023,84
SK0160,2026,75
SK0209,2023,77
SK0016,2022,43
SK0186,2022,39
SK0289,2023,18
SK0148,2026,79
SK0178,2025,66
SK0173,2026,38
SK0108,2021,44
SK0141,2025,98
SK0132,2022,96
SK0025,2024,39
SK0193,2026,63
SK0252,2024,42
SK0116,2023,74
SK0218,2024,29
SK0025,2024,35
SK0005,2022,80
SK0176,2026,94
SK0286,2025,37
SK0004,2026,84
SK0005,2024,80
SK0079,2022,97
SK0208,2022,22
SK0034,2026,70
SK0299,2023,37
SK0179,2024,25
SK0140,2025,59
SK0059,2022,13
SK0292,2022,24
SK0070,2022,41
SK0265,2024,25
SK0031,2026,35
SK0162,2025,87
SK0279,2025,65
SK0124,2024,91
SK0116,2023,67
SK0180,2026,37
SK0036,2026,55
SK0219,2023,15
SK0179,2021,11
SK0257,2021,38
SK0057,2026,84
SK0111,2022,41
SK0257,2022,70
SK0119,2023,80
SK0192,2025,79
SK0125,2025,51
SK0068,2022,63
SK0067,2023,34
SK0103,2026,28
SK0140,2021,63
SK0183,2025,12
SK0214,2024,54
SK0189,2024,64
SK0121,2021,29
SK0063,2025,97
SK0154,2025,59
SK0076,2026,29
SK0169,2021,54
SK0125,2023,57
SK0040,2025,64
SK0019,2021,10
SK0130,2026,52
SK0079,2026,51
SK0275,2022,91
SK0064,2024,83
SK0076,2026,97
SK0225,2023,46
SK0274,2025,88
SK0202,2025,76
SK0223,2025,31
SK0019,2025,59
SK0064,2026,58
SK0198,2024,89
SK0290,2022,57
SK0209,2024,57
SK0040,2023,43
SK0217,2025,12
SK0052,2026,51
SK0058,2026,74
SK0075,2022,47
SK0025,2021,50
SK0120,2023,25
SK0271,2025,42
SK0069,2023,61
SK0098,2022,11
SK0224,2026,41
SK0025,2022,67
SK0070,2025,15
SK0290,2021,40
SK0248,2022,54
SK0073,2025,45
SK0141,2023,50
SK0240,2023,88
SK0039,2025,87
SK0229,2021,23
SK0235,2026,62
SK0246,2025,56
SK0009,2023,85
SK0120,2022,20
SK0026,2021,25
SK0041,2026,73
SK0267,2025,13
SK0162,2024,82
SK0130,2026,51
SK0137,2021,21
SK0291,2023,22
SK0129,2024,46
SK0199,2022,76
SK0232,2023,38
SK0121,2023,27
SK0058,2023,75
SK0096,2021,53
SK0278,2025,27
SK0057,2025,48
SK0297,2021,74
SK0229,2024,26
SK0149,2024,32
SK0105,2023,51
SK0142,2025,40
SK0225,2022,27
SK0288,2022,99
SK0189,2024,95
SK0111,2024,87
SK0165,2024,43
SK0065,2021,65
SK0293,2023,20
SK0161,2025,21
SK0233,2021,18
SK0151,2025,38
SK0243,2025,80
SK0046,2023,80
SK0035,2022,65
SK0253,2023,74
SK0214,2022,84
SK0154,2024,91
SK0215,2025,28
SK0156,2023,46
SK0094,2021,35
SK0127,2023,57
SK0200,2021,15
SK0248,2023,89
SK0232,2022,46
SK0078,2023,66
SK0151,2026,68
SK0237,2026,49
SK0022,2022,46
SK0287,2023,12
SK0057,2022,30
SK0226,2021,13
SK0153,2026,71
SK0181,2026,62
SK0075,2026,10
SK0112,2026,53
SK0246,2026,92
SK0299,2021,42
SK0271,2024,98
SK0065,2026,18
SK0161,2025,13
SK0166,2024,48
SK0226,2021,72
SK0130,2025,33
SK0035,2022,85
SK0255,2024,92
SK0114,2025,56
SK0118,2024,53
SK0080,2025,87
SK0164,2022,73
SK0285,2025,20
SK0011,2024,28
SK0020,2023,89
SK0165,2025,50
SK0122,2025,65
SK0046,2022,15
SK0271,2021,43
SK0208,2021,55
SK0064,2025,15
SK0251,2022,55
SK0138,2025,95
SK0229,2023,64
SK0215,2021,14
SK0199,2025,71
SK0048,2023,85
SK0087,2024,54
SK0248,2025,66
SK0288,2022,98
SK0127,2021,27
SK0144,2023,11
SK0090,2021,84
SK0214,2024,17
SK0042,2024,90
SK0281,2023,25
SK0277,2024,83
SK0183,2025,51
SK0143,2026,18
SK0231,2026,35
SK0054,2025,75
SK0130,2025,63
SK0127,2025,78
SK0202,2023,94
SK0147,2024,50
SK0185,2024,74
SK0220,2021,96
SK0148,2025,11
SK0108,2023,50
SK0062,2025,59
SK0248,2021,49
SK0232,2021,18
SK0244,2024,56
SK0260,2024,35
SK0217,2022,37
SK0079,2024,20
SK0214,2026,33
SK0244,2021,22
SK0086,2021,16
SK0143,2025,72
SK0094,2024,96
SK0200,2023,88
SK0199,2025,81
SK0079,2023,18
SK0164,2026,10
SK0240,2026,52
SK0167,2021,93
SK0118,2022,38
SK0131,2026,69
SK0215,2023,44
SK0047,2022,29
SK0121,2024,40
SK0004,2023,41
SK0280,2025,41
SK0176,2025,77
SK0112,2021,67
SK0281,2026,78
SK0155,2021,85
SK0061,2021,89
SK0066,2022,80
SK0092,2025,22
SK0281,2025,75
SK0164,2021,63
SK0095,2023,97
SK0011,2024,97
SK0221,2022,74
SK0026,2021,93
SK0129,2021,18
SK0089,2026,35
SK0137,2021,34
SK0295,2023,93
SK0238,2023,49
SK0224,2024,56
SK0218,2021,56
SK0263,2024,65
SK0112,2026,90
SK0161,2025,56
SK0099,2024,76
SK0139,2024,75
SK0133,2024,59
SK0076,2021,81
SK0294,2023,27
SK0129,2021,42
SK0038,2022,13
SK0135,2021,75
SK0024,2026,23
SK0184,2021,43
SK0283,2026,67
SK0102,2025,72
SK0162,2026,45
SK0207,2021,63
SK0130,2023,55
SK0144,2021,21
SK0186,2025,89
SK0037,2021,41
SK0239,2022,38
SK0131,2025,31
SK0147,2025,76
SK0073,2022,29
SK0022,2024,95
SK0224,2026,86
SK0216,2021,33
SK0101,2025,43
SK0021,2021,79
SK0022,2021,67
SK0032,2023,16
SK0087,2021,75
SK0021,2023,12
SK0030,2024,22
SK0096,2022,80
SK0169,2022,58
SK0091,2023,52
SK0022,2025,69
SK0118,2023,74
SK0279,2026,42
SK0097,2021,42
SK0033,2021,92
SK0070,2021,47
SK0046,2024,17
SK0225,2025,32
SK0131,2024,47
SK0139,2026,14
SK0222,2024,40
SK0119,2026,41
SK0186,2024,17
SK0226,2023,56
SK0147,2022,59
SK0156,2021,86
SK0173,2024,13
SK0261,2023,91
SK0160,2024,39
SK0184,2023,16
SK0199,2022,80
SK0146,2025,19
SK0123,2022,47
SK0039,2026,16
SK0036,2026,49
SK0146,2021,61
SK0114,2026,71
SK0205,2022,19
SK0204,2025,67
SK0271,2021,17
SK0143,2024,76
SK0010,2021,27
SK0162,2023,28
SK0034,2026,42
SK0155,2025,25
SK0133,2026,48
SK0219,2023,13
SK0115,2024,31
SK0204,2026,46
SK0253,2021,86
SK0184,2026,58
SK0115,2022,10
SK0177,2024,40
SK0010,2026,46
SK0166,2023,20
SK0255,2023,77
SK0088,2021,93
SK0127,2024,98
SK0286,2023,98
SK0082,2023,11
SK0110,2026,13
SK0154,2025,10
SK0296,2023,98
SK0244,2026,45
SK0009,2024,45
SK0137,2021,60
SK0244,2021,97
SK0216,2022,88
SK0215,2024,84
SK0209,2022,40
SK0114,2024,12
SK0027,2026,90
SK0153,2023,31
SK0103,2022,23
SK0038,2022,29
SK0297,2025,63
SK0299,2025,20
SK0107,2026,99
SK0253,2025,74
SK0060,2021,55
SK0199,2021,21
SK0044,2026,15
SK0265,2021,43
SK0233,2021,97
SK0177,2024,38
SK0214,2023,63
SK0108,2025,35
SK0068,2021,77
SK0187,2022,95
SK0181,2024,53
SK0122,2021,32
SK0068,2022,45
SK0263,2024,85
SK0172,2023,38
SK0106,2026,64
SK0250,2024,96
SK0036,2022,90
SK0074,2024,59
SK0166,2022,22
SK0260,2022,70
SK0174,2026,59
SK0257,2024,21
SK0032,2025,14
SK0262,2024,57
SK0226,2026,46
SK0252,2025,88
SK0115,2023,43
SK0068,2024,19
SK0272,2024,39
SK0297,2021,57
SK0053,2024,67
SK0081,2022,84
SK0245,2024,15
SK0022,2025,74
SK0110,2023,59
SK0090,2021,72
SK0262,2023,29
SK0114,2022,11
SK0056,2022,62
SK0067,2025,19
SK0001,2026,31
SK0070,2023,39
SK0144,2022,33
SK0149,2025,40
SK0085,2024,62
SK0295,2021,16
SK0249,2024,63
SK0063,2022,11
SK0011,2023,89
SK0066,2024,81
SK0045,2026,98
SK0196,2024,48
SK0273,2026,21
SK0079,2024,53
SK0123,2026,60
SK0196,2023,58
SK0123,2024,36
SK0296,2026,18
SK0147,2023,27
SK0047,2026,64
SK0154,2021,75
SK0229,2026,10
SK0258,2025,33
SK0252,2026,34
SK0181,2023,47
SK0183,2024,91
SK0044,2021,24
SK0177,2026,94
SK0107,2022,83
SK0146,2022,34
SK0148,2021,35
SK0050,2024,34
SK0286,2022,35
SK0160,2024,21
SK0172,2022,45
SK0104,2026,58
SK0265,2026,53
SK0013,2024,47
SK0029,2021,71
SK0245,2023,75
SK0281,2023,95
SK0127,2026,55
SK0069,2022,73
SK0190,2022,66
SK0023,2025,34
SK0165,2025,52
SK0214,2023,39
SK0081,2023,72
SK0234,2021,26
SK0300,2022,22
SK0126,2024,11
SK0016,2022,49
SK0209,2021,55
SK0294,2026,58
SK0017,2025,77
SK0120,2024,79
SK0176,2021,51
SK0044,2021,18
SK0243,2022,83
SK0231,2022,26
SK0220,2023,68
SK0063,2023,74
SK0233,2021,11
SK0128,2026,10
SK0274,2021,28
SK0069,2022,47
SK0081,2026,96
SK0044,2024,37
SK0055,2025,26
SK0100,2021,69
SK0114,2024,66
SK0277,2021,56
SK0300,2022,18
SK0265,2026,83
SK0120,2025,23
SK0233,2026,66
SK0066,2023,89
SK0218,2026,90
SK0046,2026,70
SK0293,2022,20
SK0116,2024,62
SK0084,2023,10
SK0133,2026,78
SK0103,2022,48
SK0113,2023,59
SK0172,2021,68
SK0110,2022,49
SK0033,2022,38
SK0248,2024,66
SK0218,2024,75
SK0150,2022,16
SK0075,2021,25
SK0073,2026,51
SK0095,2025,13
SK0030,2023,28
SK0264,2022,48
SK0046,2022,15
SK0278,2025,44
SK0122,2024,45
SK0123,2022,86
SK0090,2024,35
SK0285,2022,94
SK0031,2024,46
SK0194,2025,45
SK0205,2022,30
SK0011,2023,74
SK0136,2025,42
SK0284,2023,80
SK0074,2023,62
SK0111,2023,42
SK0182,2021,29
SK0294,2024,49
SK0202,2025,82
SK0247,2022,83
SK0044,2024,71
SK0044,2025,40
SK0299,2024,76
SK0016,2024,57
SK0262,2022,91
SK0230,2022,32
SK0295,2026,43
SK0154,2024,55
SK0219,2021,85
SK0157,2023,20
SK0111,2021,12
SK0173,2025,77
SK0120,2023,91
SK0066,2023,94
SK0141,2021,35
SK0087,2026,15
SK0133,2026,40
SK0050,2022,14
SK0236,2025,69
SK0098,2026,62
SK0157,2026,75
SK0044,2022,95
SK0081,2021,33
SK0151,2022,80
SK0091,2026,18
SK0064,2023,56
SK0217,2021,92
SK0050,2022,44
SK0024,2021,95
SK0139,2025,81
SK0043,2025,60
SK0081,2023,82
SK0082,2023,97
SK0038,2026,20
SK0104,2022,32
SK0023,2026,18
SK0280,2023,83
SK0189,2023,94
SK0204,2022,88
SK0264,2026,60
SK0223,2023,21
SK0109,2025,50
SK0220,2025,26
SK0028,2025,47
SK0138,2025,57
SK0268,2025,20
SK0112,2023,34
SK0193,2024,67
SK0155,2021,10
SK0176,2026,93
SK0285,2021,71
SK0194,2025,13
SK0211,2025,98
SK0285,2022,85
SK0231,2023,23
SK0108,2021,95
SK0038,2021,66
SK0229,2025,97
SK0005,2023,64
SK0120,2025,71
SK0017,2023,44
SK0003,2026,65
SK0195,2026,91
SK0200,2023,64
SK0025,2021,44
SK0099,2022,82
SK0190,2022,58
SK0275,2023,68
SK0233,2023,56
SK0042,2026,81
SK0094,2024,11
SK0148,2023,43
SK0087,2025,18
SK0029,2026,95
SK0058,2022,35
SK0013,2021,62
SK0295,2024,62
SK0063,2021,14
SK0187,2026,75
SK0294,2022,85
SK0240,2024,25
SK0275,2025,32
SK0248,2023,69
SK0153,2024,15
SK0163,2025,38
SK0043,2025,93
SK0024,2022,91
SK0085,2021,96
SK0078,2021,67
SK0251,2025,56
SK0095,2025,50
SK0290,2021,16
SK0124,2022,44
SK0287,2022,92
SK0155,2021,17
SK0262,2022,83
SK0247,2023,23
SK0105,2021,41
SK0293,2024,85
SK0064,2023,47
SK0013,2021,80
SK0237,2023,61
SK0142,2024,45
SK0289,2021,18
SK0006,2023,49
SK0221,2026,53
SK0121,2022,29
SK0134,2024,12
SK0193,2021,44
SK0033,2025,72
SK0116,2021,79
SK0283,2021,10
SK0193,2024,89
SK0260,2023,19
SK0151,2025,51
SK0141,2021,72
SK0299,2023,56
SK0161,2021,18
SK0075,2024,95
SK0096,2026,21
SK0062,2025,64
SK0114,2024,99
SK0115,2025,49
SK0250,2023,78
SK0285,2021,16
SK0032,2023,46
SK0232,2025,81
SK0281,2026,49
SK0206,2024,47
SK0045,2023,51
SK0021,2025,26
SK0085,2023,22
SK0178,2021,36
SK0292,2025,83
SK0175,2023,31
SK0208,2025,51
SK0073,2023,67
SK0121,2026,99
SK0099,2024,40
SK0091,2023,34
SK0061,2024,82
SK0211,2021,70
SK0228,2021,42
SK0155,2026,26
SK0196,2023,15
SK0116,2023,91
SK0208,2022,31
SK0096,2022,25
SK0048,2023,99
SK0007,2024,24
SK0255,2026,17
SK0177,2021,67
SK0181,2022,75
SK0124,2022,77
SK0122,2021,53
SK0268,2026,23
SK0090,2024,78
SK0025,2021,27
SK0242,2025,54
SK0166,2024,27
SK0121,2023,96
SK0035,2025,82
SK0154,2024,17
SK0098,2023,94
SK0256,2024,68
SK0254,2021,17
SK0200,2025,94
SK0015,2021,95
SK0161,2021,91
SK0056,2024,23
SK0288,2023,83
SK0181,2023,23
SK0088,2026,85
SK0172,2021,23
SK0264,2024,58
SK0130,2021,90
SK0045,2025,26
SK0118,2023,93
SK0192,2026,70
SK0145,2023,24
SK0279,2021,63
SK0024,2025,96
SK0223,2022,49
SK0038,2022,86
SK0166,2022,11
SK0161,2024,50
SK0251,2026,68
SK0212,2025,57
SK0225,2022,67
SK0224,2023,51
SK0222,2024,49
SK0183,2023,85
SK0023,2024,77
SK0064,2026,48
SK0119,2025,92
SK0268,2025,26
SK0143,2021,33
SK0251,2025,58
SK0289,2021,86
SK0058,2024,86
SK0094,2022,98
SK0029,2026,32
SK0198,2021,40
SK0202,2026,41
SK0153,2026,54
SK0083,2025,96
SK0125,2023,45
SK0165,2025,47
SK0246,2023,66
SK0291,2023,26
SK0276,2021,49
SK0133,2021,27
SK0016,2025,58
SK0066,2026,41
SK0062,2024,76
SK0157,2022,11
SK0112,2025,12
SK0229,2023,27
SK0023,2023,91
SK0137,2024,29
SK0141,2025,92
SK0175,2022,46
SK0247,2026,20
SK0170,2021,23
SK0132,2023,16
SK0276,2025,30
SK0148,2021,16
SK0164,2021,78
SK0170,2026,38
SK0178,2025,92
SK0248,2022,39
SK0090,2023,86
SK0262,2021,30
SK0066,2024,78
SK0141,2022,81
SK0062,2022,19
SK0050,2022,18
SK0141,2026,11
SK0295,2024,98
SK0001,2022,30
SK0007,2024,63
SK0057,2025,75
SK0189,2023,74
SK0150,2026,42
SK0281,2022,17
SK0109,2021,39
SK0036,2021,92
SK0216,2024,21
SK0209,2023,61
SK0159,2025,86
SK0270,2021,96
SK0127,2021,66
SK0219,2022,25
SK0035,2025,62
SK0143,2026,66
SK0049,2022,81
SK0276,2026,13
SK0218,2025,98
SK0205,2024,92
SK0101,2024,59
SK0159,2024,15
SK0138,2026,69
SK0049,2021,77
SK0126,2021,99
SK0167,2022,88
SK0224,2026,42
SK0224,2023,42
SK0235,2024,48
SK0169,2026,30
SK0211,2025,26
SK0074,2023,50
SK0137,2025,97
SK0155,2022,77
SK0090,2022,12
SK0118,2026,56
SK0151,2023,89
SK0236,2021,22
SK0165,2024,74
SK0185,2023,76
SK0285,2026,16
SK0019,2022,14
SK0293,2025,20
SK0074,2023,64
SK0080,2025,81
SK0253,2025,93
SK0064,2025,55
SK0251,2022,46
SK0191,2026,30
SK0280,2024,93
SK0034,2022,54
SK0231,2024,16
SK0247,2024,67
SK0115,2021,60
SK0057,2024,27
SK0006,2022,13
SK0159,2021,99
SK0189,2023,26
SK0281,2022,69
SK0086,2026,73
SK0132,2022,16
SK0210,2024,26
SK0136,2026,89
SK0101,2024,69
SK0083,2025,15
SK0277,2026,96
SK0099,2021,11
SK0290,2023,27
SK0238,2024,81
SK0116,2026,55
SK0142,2023,91
SK0294,2024,30
SK0142,2024,29
SK0166,2026,96
SK0244,2024,54
SK0152,2026,98
SK0281,2023,68
SK0061,2025,71
SK0181,2023,49
SK0038,2021,62
SK0199,2022,31
SK0068,2023,48
SK0279,2021,99
SK0015,2024,31
SK0265,2023,31
SK0113,2026,12
SK0176,2022,84
SK0124,2024,72
SK0295,2025,27
SK0007,2025,69
SK0198,2023,56
SK0041,2021,23
SK0256,2024,59
SK0196,2026,86
SK0021,2021,22
SK0045,2025,19
SK0205,2023,67
SK0254,2024,54
SK0066,2024,84
SK0176,2026,49
SK0208,2024,23
SK0008,2024,74
SK0033,2023,43
SK0111,2025,83
SK0115,2023,21
SK0234,2024,33
SK0071,2025,73
SK0170,2022,82
SK0298,2023,12
SK0295,2025,62
SK0090,2021,66
SK0068,2024,93
SK0077,2025,49
SK0226,2026,97
SK0098,2024,76
SK0147,2023,55
SK0069,2023,58
SK0271,2021,57
SK0293,2026,27
SK0213,2026,42
SK0145,2023,92
SK0273,2022,59
SK0167,2024,46
SK0004,2022,56
SK0091,2024,52
SK0262,2025,33
SK0060,2025,48
SK0090,2023,33
SK0273,2021,13
SK0093,2022,41
SK0141,2025,31
SK0272,2023,29
SK0148,2022,91
SK0039,2025,42
SK0073,2024,73
SK0179,2024,36
SK0079,2025,24
SK0246,2023,30
SK0198,2022,42
SK0229,2022,58
SK0066,2026,75
SK0048,2021,37
SK0108,2023,64
SK0135,2026,99
SK0123,2023,84
SK0210,2023,19
SK0028,2021,28
SK0142,2023,88
SK0022,2021,35
SK0155,2026,80
SK0139,2024,14
SK0082,2021,26
SK0267,2024,37
SK0125,2024,82
SK0113,2023,94
SK0016,2025,90
SK0242,2026,47
SK0133,2025,44
SK0225,2025,34
SK0010,2026,10
SK0167,2023,71
SK0054,2025,56
SK0078,2021,84
SK0120,2024,26
SK0149,2022,97
SK0254,2021,87
SK0044,2026,72
SK0078,2025,64
SK0130,2025,98
SK0232,2022,75
SK0027,2023,67
SK0169,2023,91
SK0067,2026,32
SK0214,2021,78
SK0026,2021,77
SK0056,2021,83
SK0017,2025,89
SK0123,2025,80
SK0256,2021,18
SK0121,2025,33
SK0109,2022,10
SK0184,2021,84
SK0219,2021,94
SK0221,2024,69
SK0046,2024,28
SK0281,2022,10
SK0102,2021,86
SK0217,2022,71
SK0201,2021,73
SK0277,2021,75
SK0094,2025,31
SK0293,2024,72
SK0159,2022,92
SK0020,2026,91
SK0193,2021,36
SK0285,2022,17
SK0138,2025,47
SK0285,2025,69
SK0201,2022,12
SK0152,2026,94
SK0148,2023,19
SK0284,2025,89
SK0242,2026,71
SK0135,2021,41
SK0217,2023,39
SK0146,2022,57
SK0025,2022,10
SK0065,2025,29
SK0066,2024,11
SK0051,2022,89
SK0238,2022,46
SK0234,2023,40
SK0277,2026,44
SK0253,2025,59
SK0127,2023,98
SK0176,2021,57
SK0060,2023,16
SK0132,2023,72
SK0073,2024,90
SK0168,2022,62
SK0190,2026,16
SK0230,2025,79
SK0036,2024,72
SK0241,2025,66
SK0271,2021,62
SK0116,2024,12
SK0102,2026,58
SK0197,2021,33
SK0229,2026,35
SK0037,2026,52
SK0219,2024,43
SK0243,2024,79
SK0246,2026,64
SK0086,2023,73
SK0232,2025,38
SK0290,2021,73
SK0168,2024,18
SK0159,2021,86
SK0206,2024,91
SK0291,2025,90
SK0169,2025,10
SK0195,2023,31
SK0027,2025,89
SK0208,2023,99
SK0118,2025,44
SK0250,2025,24
SK0227,2023,56
SK0132,2024,17
SK0203,2026,60
SK0268,2022,65
SK0140,2021,57
SK0248,2024,46
SK0252,2022,80
SK0224,2022,34
SK0015,2023,10
SK0140,2023,25
SK0036,2025,99
SK0149,2026,35
SK0078,2025,10
SK0250,2025,31
SK0183,2024,43
SK0155,2022,21
SK0191,2024,30
SK0081,2026,50
SK0021,2025,77
SK0005,2023,54
SK0186,2025,26
SK0176,2026,42
SK0180,2025,40
SK0035,2023,20
SK0047,2025,47
SK0039,2021,10
SK0042,2023,32
SK0205,2024,32
SK0094,2026,15
SK0202,2021,77
SK0039,2021,13
SK0011,2021,36
SK0136,2024,43
SK0078,2022,34
SK0187,2022,83
SK0045,2026,78
SK0103,2022,28
SK0045,2025,85
SK0205,2021,88
SK0122,2026,12
SK0251,2021,62
SK0043,2026,10
SK0260,2023,50
SK0185,2022,31
SK0186,2024,28
SK0040,2025,69
SK0051,2026,25
SK0102,2026,43
SK0038,2026,89
SK0254,2023,60
SK0121,2021,36
SK0136,2026,77
SK0128,2026,66
SK0167,2023,60
SK0112,2022,42
SK0115,2026,57
SK0267,2025,46
SK0294,2021,69
SK0068,2022,27
SK0247,2026,47
SK0188,2022,92
SK0292,2021,61
SK0153,2024,57
SK0093,2021,32
SK0009,2021,53
SK0258,2026,95
SK0027,2025,61
SK0175,2023,99
SK0257,2025,83
SK0045,2023,18
SK0166,2022,59
SK0171,2024,78
SK0159,2023,41
SK0134,2022,72
SK0188,2023,90
SK0010,2024,28
SK0272,2026,77
SK0118,2021,26
SK0142,2021,58
SK0277,2025,65
SK0063,2026,13
SK0213,2026,74
SK0245,2026,92
SK0257,2022,35
SK0021,2026,66
SK0170,2023,60
SK0191,2024,36
SK0083,2022,80
SK0075,2021,41
SK0219,2021,18
SK0151,2024,66
SK0011,2022,31
SK0047,2024,17
SK0199,2024,67
SK0117,2023,28
SK0025,2024,13
SK0104,2025,71
SK0151,2021,65
SK0183,2022,77
SK0110,2022,33
SK0104,2026,87
SK0199,2023,67
SK0216,2025,80
SK0048,2025,51
SK0285,2021,75
SK0186,2023,15
SK0134,2023,12
SK0063,2023,69
SK0221,2022,15
SK0207,2021,75
SK0199,2023,80
SK0121,2025,76
SK0218,2023,88
SK0034,2021,87
SK0037,2022,25
SK0112,2024,54
SK0068,2026,66
SK0128,2025,33
SK0171,2022,55
SK0300,2024,66
SK0113,2023,35
SK0226,2026,69
SK0211,2022,71
SK0178,2024,56
SK0253,2022,26
SK0176,2022,17
SK0193,2026,33
SK0006,2023,21
SK0001,2025,68
SK0191,2024,57
SK0078,2021,49
SK0059,2021,61
SK0182,2023,54
SK0282,2021,32
SK0168,2025,30
SK0022,2024,34
SK0244,2024,23
SK0242,2024,88
SK0214,2023,13
SK0091,2025,90
SK0048,2023,51
SK0284,2021,61
SK0259,2025,63
SK0243,2025,26
SK0008,2026,63
SK0265,2022,74
SK0180,2023,12
SK0297,2022,65
SK0197,2023,97
SK0189,2022,28
SK0235,2025,18
SK0009,2024,90
SK0143,2024,67
SK0212,2025,74
SK0096,2021,54
SK0193,2023,30
SK0162,2021,23
SK0288,2023,19
SK0082,2021,34
SK0085,2026,82
SK0284,2023,22
SK0279,2022,99
SK0198,2021,20
SK0230,2022,51
SK0136,2025,63
SK0137,2023,97
SK0248,2026,91
SK0156,2025,37
SK0243,2025,99
SK0169,2023,51
SK0148,2023,55
SK0233,2025,67
SK0106,2025,36
SK0033,2023,70
SK0166,2022,42
SK0110,2024,25
SK0217,2024,21
SK0265,2023,57
SK0287,2024,30
SK0160,2026,74
SK0293,2024,54
SK0164,2022,29
SK0239,2021,44
SK0184,2026,34
SK0143,2025,56
SK0263,2022,92
SK0106,2022,27
SK0277,2021,54
SK0037,2022,58
SK0232,2021,83
SK0018,2023,45
SK0284,2026,45
SK0190,2022,13
SK0184,2025,25
SK0151,2024,58
SK0286,2026,50
SK0253,2023,42
SK0042,2025,53
SK0057,2023,26
SK0274,2021,42
SK0186,2022,81
SK0172,2026,47
SK0039,2024,54
SK0284,2023,21
SK0124,2022,82
SK0256,2024,14
SK0270,2021,81
SK0142,2022,62
SK0119,2025,22
SK0013,2022,71
SK0273,2023,92
SK0278,2025,36
SK0063,2025,99
SK0094,2026,56
SK0088,2025,76
SK0025,2026,28
SK0138,2022,11
SK0231,2026,98
SK0180,2021,42
SK0249,2026,70
SK0197,2024,56
SK0122,2026,24
SK0023,2025,78
SK0180,2026,96
SK0063,2023,80
SK0069,2023,31
SK0197,2024,36
SK0074,2023,43
SK0066,2025,62
SK0290,2024,41
SK0043,2026,99
SK0280,2024,21
SK0159,2025,96
SK0076,2021,54
SK0131,2025,86
SK0255,2026,92
SK0230,2022,64
SK0194,2023,68
SK0240,2023,79
SK0010,2021,18
SK0255,2023,88
SK0239,2025,61
SK0283,2021,88
SK0169,2022,79
SK0259,2025,28
SK0159,2022,50
SK0252,2023,99
SK0199,2023,81
SK0015,2025,12
SK0195,2024,45
SK0297,2022,11
SK0232,2022,98
SK0198,2022,47
SK0083,2025,28
SK0075,2024,53
SK0276,2025,47
SK0202,2025,73
SK0142,2026,50
SK0295,2024,30
SK0246,2026,10
SK0237,2021,76
SK0170,2024,34
SK0179,2026,20
SK0113,2021,88
SK0116,2026,18
SK0050,2021,76
SK0294,2023,72
SK0128,2022,90
SK0015,2024,34
SK0218,2024,56
SK0056,2023,34
SK0023,2024,17
SK0162,2026,76
SK0285,2025,16
SK0169,2023,19
SK0015,2022,85
SK0117,2025,74
SK0085,2023,27
SK0052,2024,57
SK0038,2024,32
SK0223,2021,84
SK0172,2024,41
SK0265,2023,12
SK0109,2023,60
SK0228,2021,19
SK0043,2023,46
SK0136,2025,65
SK0158,2021,17
SK0277,2022,96
SK0028,2022,68
SK0052,2023,19
SK0285,2021,16
SK0237,2022,93
SK0272,2026,47
SK0213,2021,22
SK0082,2024,21
SK0273,2021,51
SK0105,2023,10
SK0263,2023,34
SK0109,2023,36
SK0210,2022,67
SK0293,2026,23
SK0041,2023,39
SK0185,2023,72
SK0244,2023,26
SK0001,2023,33
SK0033,2026,17
SK0137,2026,67
SK0154,2022,81
SK0070,2026,98
SK0252,2022,21
SK0048,2023,61
SK0174,2026,63
SK0007,2022,37
SK0197,2021,82
SK0160,2025,42
SK0011,2026,65
SK0067,2025,76
SK0165,2021,58
SK0130,2024,36
SK0238,2026,25
SK0115,2024,83
SK0139,2022,44
SK0188,2024,13
SK0009,2024,61
SK0176,2025,44
SK0038,2025,16
SK0221,2023,44
SK0079,2024,65
SK0023,2025,69
SK0077,2023,78
SK0238,2022,22
SK0209,2025,56
SK0006,2023,93
SK0144,2022,68
SK0075,2023,11
SK0093,2024,21
SK0171,2026,65
SK0180,2022,87
SK0236,2022,51
SK0225,2022,66
SK0242,2026,58
SK0042,2026,87
SK0217,2023,87
SK0281,2024,49
SK0164,2023,36
SK0133,2026,20
SK0059,2024,48
SK0014,2024,92
SK0103,2024,76
SK0141,2025,88
SK0080,2021,10
SK0029,2026,51
SK0057,2024,73
SK0108,2022,61
SK0290,2026,69
SK0045,2026,58
SK0221,2024,48
SK0025,2021,41
SK0071,2021,61
SK0037,2026,35
SK0229,2025,94
SK0183,2021,50
SK0149,2024,51
SK0080,2022,75
SK0076,2025,98
SK0071,2021,36
SK0134,2025,86
SK0149,2021,29
SK0173,2025,11
SK0126,2022,96
SK0105,2021,26
SK0175,2022,98
SK0029,2023,52
SK0210,2022,33
SK0217,2023,90
SK0108,2021,75
SK0065,2025,24
SK0224,2022,81
SK0137,2021,94
SK0215,2025,99
SK0289,2026,40
SK0141,2025,19
SK0264,2023,88
SK0296,2021,65
SK0056,2022,22
SK0120,2023,99
SK0212,2023,62
SK0003,2022,90
SK0222,2026,25
SK0211,2021,76
SK0049,2023,62
SK0103,2021,91
SK0079,2023,10
SK0234,2021,22
SK0119,2026,23
SK0245,2026,10
SK0087,2023,46
SK0023,2026,88
SK0082,2025,94
SK0218,2021,29
SK0148,2023,41
SK0120,2021,40
SK0025,2022,17
SK0016,2022,19
SK0042,2024,68
SK0067,2021,56
SK0161,2025,70
SK0169,2022,21
SK0196,2026,36
SK0244,2023,35
SK0015,2024,20
SK0183,2026,51
SK0201,2022,66
SK0164,2021,32
SK0082,2021,24
SK0026,2022,50
SK0120,2026,62
SK0207,2021,47
SK0097,2023,74
SK0011,2021,60
SK0037,2023,53
SK0030,2025,69
SK0275,2025,82
SK0090,2025,51
SK0162,2022,63
SK0105,2022,66
SK0209,2023,50
SK0019,2021,53
SK0134,2023,60
SK0062,2025,14
SK0294,2024,17
SK0028,2024,50
SK0020,2024,58
SK0019,2024,35
SK0262,2021,54
SK0169,2021,27
SK0286,2025,74
SK0099,2021,62
SK0022,2024,32
SK0079,2023,48
SK0096,2021,34
SK0222,2023,45
SK0206,2023,88
SK0210,2022,20
SK0121,2025,61
SK0190,2021,80
SK0176,2024,37
SK0119,2025,14
SK0067,2026,63
SK0131,2021,29
SK0027,2024,35
SK0257,2021,54
SK0083,2026,61
SK0126,2024,51
SK0193,2026,51
SK0010,2023,10
SK0272,2024,31
SK0269,2023,91
SK0212,2025,33
SK0274,2026,33
SK0236,2021,38
SK0134,2021,39
SK0272,2022,19
SK0087,2022,70
SK0069,2024,70
SK0061,2025,98
SK0239,2026,27
SK0191,2026,87
SK0279,2023,62
SK0160,2025,51
SK0166,2024,64
SK0144,2025,27
SK0119,2024,20
SK0267,2026,62
SK0276,2026,97
SK0132,2024,33
SK0223,2026,57
SK0242,2026,36
SK0202,2021,37
SK0085,2026,60
SK0001,2026,18
SK0005,2026,92
SK0087,2025,36
SK0089,2026,29
SK0075,2025,84
SK0109,2023,17
SK0037,2025,96
SK0240,2021,82
SK0070,2023,49
SK0240,2021,43
SK0250,2022,36
SK0057,2022,21
SK0067,2021,40
SK0274,2025,11
SK0214,2022,92
SK0284,2026,52
SK0031,2025,25
SK0197,2025,10
SK0084,2026,43
SK0159,2026,39
SK0198,2022,24
SK0121,2023,82
SK0211,2023,19
SK0228,2022,54
SK0281,2025,12
SK0050,2022,11
SK0167,2022,59
SK0296,2023,87
SK0072,2021,33
SK0052,2022,46
SK0232,2023,75
SK0136,2022,28
SK0073,2022,75
SK0237,2025,91
SK0118,2025,97
SK0173,2024,51
SK0234,2021,86
SK0170,2025,13
SK0208,2023,22
SK0205,2022,40
SK0091,2021,46
SK0048,2023,99
SK0005,2025,18
SK0161,2024,90
SK0218,2022,71
SK0215,2023,94
SK0027,2025,33
SK0129,2024,16
SK0071,2021,65
SK0223,2024,17
SK0064,2026,55
SK0159,2023,35
SK0143,2022,42
SK0039,2024,49
SK0259,2023,81
SK0130,2021,89
SK0147,2023,83
SK0144,2021,30
SK0151,2024,48
SK0010,2021,17
SK0163,2026,59
SK0181,2024,83
SK0161,2022,97
SK0192,2021,63
SK0147,2021,77
SK0123,2025,45
SK0069,2026,12
SK0275,2022,38
SK0127,2025,53
SK0079,2025,71
SK0159,2026,62
SK0061,2026,95
SK0054,2022,46
SK0232,2022,12
SK0175,2021,11
SK0113,2026,59
SK0105,2022,86
SK0096,2026,86
SK0075,2025,36
SK0291,2026,59
SK0271,2021,15
SK0175,2024,24
SK0031,2024,79
SK0108,2021,67
SK0245,2023,70
SK0269,2022,76
SK0151,2024,32
SK0041,2022,23
SK0052,2025,82
SK0184,2024,52
SK0111,2022,31
SK0082,2024,47
SK0245,2025,65
SK0223,2025,18
SK0132,2025,31
SK0115,2022,76
SK0153,2024,14
SK0244,2021,22
SK0227,2024,27
SK0176,2022,20
SK0182,2024,26
SK0225,2023,10
SK0138,2024,36
SK0083,2021,64
SK0111,2022,30
SK0028,2023,76
SK0158,2022,26
SK0247,2023,58
SK0014,2024,16
SK0274,2024,11
SK0001,2024,49
SK0170,2024,88
SK0167,2024,15
SK0150,2024,98
SK0123,2026,41
SK0264,2024,39
SK0132,2024,25
SK0099,2021,77
SK0080,2022,58
SK0127,2022,32
SK0097,2024,49
SK0287,2024,84
SK0169,2026,63
SK0052,2022,65
SK0018,2026,68
SK0051,2025,58
SK0161,2026,23
SK0207,2025,11
SK0226,2022,33
SK0148,2025,60
SK0296,2025,37
SK0131,2021,80
SK0012,2022,85
SK0131,2026,99
SK0123,2021,54
SK0075,2022,34
SK0275,2022,30
SK0273,2023,94
SK0246,2026,78
SK0214,2024,31
SK0061,2023,85
SK0107,2025,77
SK0037,2026,58
SK0017,2026,26
SK0027,2025,62
SK0289,2022,26
SK0059,2024,51
SK0189,2024,99
SK0265,2022,45
SK0271,2025,41
SK0135,2021,20
SK0247,2025,69
SK0164,2023,99
SK0227,2023,77
SK0175,2022,81
SK0100,2023,79
SK0258,2021,79
SK0163,2022,49
SK0180,2022,86
SK0023,2022,76
SK0281,2026,65
SK0066,2021,30
SK0119,2025,64
SK0300,2021,15
SK0158,2023,43
SK0154,2023,57
SK0180,2022,12
SK0038,2023,45
SK0150,2023,60
SK0215,2023,52
SK0242,2023,63
SK0037,2026,18
SK0212,2023,80
SK0026,2025,98
SK0108,2025,68
SK0282,2024,31
SK0174,2024,68
SK0204,2026,76
SK0124,2024,38
SK0161,2023,84
SK0004,2021,17
SK0030,2021,20
SK0167,2023,37
SK0281,2022,40
SK0188,2026,90
SK0118,2026,56
SK0181,2022,49
SK0188,2023,14
SK0145,2022,57
SK0214,2024,60
SK0087,2023,24
SK0287,2022,35
SK0256,2024,32
SK0032,2024,63
SK0051,2022,68
SK0243,2021,58
SK0004,2026,72
SK0264,2023,85
SK0019,2024,82
SK0046,2026,51
SK0237,2023,96
SK0277,2026,90
SK0267,2023,26
SK0255,2021,57
SK0206,2024,92
SK0090,2023,58
SK0159,2024,24
SK0140,2026,82
SK0125,2022,19
SK0136,2024,24
SK0148,2021,70
SK0024,2023,24
SK0211,2021,62
SK0279,2024,13
SK0079,2024,40
SK0006,2026,64
SK0082,2021,60
SK0126,2025,89
SK0029,2024,91
SK0271,2025,91
SK0235,2021,35
SK0223,2025,65
SK0134,2022,71
SK0022,2021,93
SK0055,2026,26
SK0193,2025,32
SK0080,2023,65
SK0158,2021,86
SK0024,2021,88
SK0181,2021,93
SK0023,2023,59
SK0277,2024,53
SK0282,2022,19
SK0075,2023,60
SK0145,2021,59
SK0164,2023,16
SK0039,2024,21
SK0271,2026,93
SK0015,2024,87
SK0280,2025,28
SK0018,2025,29
SK0088,2023,64
SK0146,2024,29
SK0219,2025,61
SK0146,2024,59
SK0265,2025,12
SK0279,2023,94
SK0237,2023,74
SK0001,2024,36
SK0156,2021,17
SK0247,2025,24
SK0110,2024,80
SK0263,2026,77
SK0182,2021,18
SK0207,2026,43
SK0249,2026,99
SK0228,2021,36
SK0131,2022,91
SK0008,2026,56
SK0146,2021,78
SK0032,2022,27
SK0287,2023,37
SK0010,2025,91
SK0255,2025,47
SK0230,2024,46
SK0196,2024,69
SK0127,2026,12
SK0068,2022,44
SK0139,2021,25
SK0187,2021,87
SK0135,2022,96
SK0153,2022,97
SK0196,2022,13
SK0269,2024,73
SK0220,2026,38
SK0127,2022,18
SK0073,2021,35
SK0126,2022,19
SK0041,2026,84
SK0252,2025,94
SK0123,2024,92
SK0034,2026,21
SK0237,2023,10
SK0169,2024,95
SK0020,2024,52
SK0038,2025,51
SK0251,2024,33
SK0048,2023,60
SK0051,2023,21
SK0002,2021,99
SK0189,2024,13
SK0136,2026,66
SK0191,2021,68
SK0113,2022,48
SK0245,2026,57
SK0237,2026,50
SK0212,2026,25
SK0109,2025,71
SK0194,2026,71
SK0056,2025,20
SK0172,2024,34
SK0177,2022,54
SK0184,2021,88
SK0140,2022,19
SK0226,2022,96
SK0005,2022,54
SK0177,2026,67
SK0145,2025,57
SK0276,2022,51
SK0101,2022,17
SK0123,2021,50
SK0243,2023,61
SK0188,2025,90
SK0188,2025,35
SK0006,2022,84
SK0103,2022,82
SK0043,2023,68
SK0003,2022,52
SK0296,2025,50
SK0265,2024,46
SK0129,2024,58
SK0137,2026,81
SK0070,2021,53
SK0130,2025,73
SK0253,2023,80
SK0200,2022,83
SK0023,2022,15
SK0246,2021,86
SK0080,2021,12
SK0110,2026,95
SK0234,2025,47
SK0128,2026,78
SK0015,2026,43
SK0061,2026,32
SK0137,2022,27
SK0099,2023,29
SK0095,2024,83
SK0225,2026,10
SK0270,2026,98
SK0113,2023,30
SK0186,2025,61
SK0269,2025,11
SK0193,2026,31
SK0072,2026,51
SK0201,2026,40
SK0142,2025,18
SK0232,2023,54
SK0060,2025,10
SK0106,2024,90
SK0199,2022,73
SK0043,2024,76
SK0152,2023,92
SK0220,2025,41
SK0071,2021,62
SK0159,2025,44
SK0213,2025,69
SK0001,2024,68
SK0039,2022,47
SK0256,2024,55
SK0194,2023,17
SK0101,2023,80
SK0290,2022,16
SK0049,2024,96
SK0152,2026,47
SK0087,2025,78
SK0181,2021,17
SK0259,2026,59
SK0286,2021,62
SK0112,2026,85
SK0250,2025,53
SK0046,2022,17
SK0256,2024,33
SK0203,2024,36
SK0114,2022,36
SK0170,2023,84
SK0060,2025,35
SK0065,2021,15
SK0291,2024,61
SK0199,2022,25
SK0086,2021,47
SK0095,2023,86
SK0008,2022,14
SK0219,2026,46
SK0009,2021,60
SK0226,2021,26
SK0055,2026,24
SK0058,2021,28
SK0242,2024,96
SK0045,2026,99
SK0004,2025,66
SK0226,2022,78
SK0059,2024,63
SK0173,2024,67
SK0224,2023,14
SK0184,2026,69
SK0214,2022,78
SK0013,2024,45
SK0140,2022,66
SK0223,2026,34
SK0003,2021,89
SK0273,2021,60
SK0191,2024,74
SK0088,2022,67
SK0019,2023,63
SK0294,2022,43
SK0158,2022,63
SK0196,2023,43
SK0038,2026,29
SK0053,2021,16
SK0278,2021,40
SK0067,2022,27
SK0281,2022,22
SK0021,2024,39
SK0283,2023,51
SK0113,2025,39
SK0243,2026,70
SK0185,2025,13
SK0219,2024,36
SK0117,2024,29
SK0196,2024,71
SK0300,2024,77
SK0059,2022,71
SK0177,2021,39
SK0125,2023,55
SK0053,2025,80
SK0051,2025,45
SK0145,2023,83
SK0125,2025,89
SK0096,2024,75
SK0083,2024,26
SK0007,2023,68
SK0104,2025,17
SK0073,2026,81
SK0013,2026,13
SK0166,2023,62
SK0117,2024,63
SK0094,2023,60
SK0075,2021,71
SK0111,2026,35
SK0252,2021,41
SK0295,2023,12
SK0239,2023,28
SK0194,2024,50
SK0257,2025,29
SK0258,2021,88
SK0291,2026,81
SK0067,2021,53
SK0192,2026,90
SK0043,2026,19
SK0064,2024,82
SK0290,2026,17
SK0194,2023,39
SK0146,2025,17
SK0110,2022,95
SK0120,2023,65
SK0202,2025,17
SK0104,2024,28
SK0209,2025,15
SK0134,2023,39
SK0172,2024,71
SK0197,2023,57
SK0018,2024,36
SK0283,2026,66
SK0085,2021,30
SK0036,2025,13
SK0180,2024,20
SK0066,2022,93
SK0269,2022,77
SK0189,2025,89
SK0094,2022,37
SK0044,2022,14
SK0203,2023,60
SK0076,2026,25
SK0087,2024,35
SK0202,2026,94
SK0283,2025,93
SK0230,2023,34
SK0128,2022,51
SK0247,2025,63
SK0209,2021,77
SK0127,2026,58
SK0285,2022,15
SK0077,2024,14
SK0234,2026,87
SK0009,2025,75
SK0080,2024,87
SK0041,2026,75
SK0256,2025,76
SK0198,2021,38
SK0193,2025,14
SK0136,2026,58
SK0072,2025,84
SK0047,2021,43
SK0116,2025,64
SK0120,2023,55
SK0183,2022,18
SK0034,2024,82
SK0103,2025,35
SK0281,2025,22
SK0199,2023,47
SK0169,2021,25
SK0074,2023,55
SK0193,2022,49
SK0151,2026,27
SK0145,2024,43
SK0292,2026,53
SK0155,2022,36
SK0074,2023,68
SK0250,2026,36
SK0223,2022,36
SK0236,2026,73
SK0046,2025,16
SK0149,2021,75
SK0131,2023,97
SK0210,2021,44
SK0239,2021,50
SK0142,2021,91
SK0030,2021,91
SK0075,2023,64
SK0084,2024,20
SK0033,2023,19
SK0253,2026,50
SK0283,2024,38
SK0246,2022,27
SK0053,2026,59
SK0118,2025,68
SK0087,2023,31
SK0018,2022,28
SK0050,2023,67
SK0104,2024,97
SK0106,2026,57
SK0021,2024,89
SK0238,2026,68
SK0144,2023,31
SK0135,2025,71
SK0093,2022,75
SK0035,2022,51
SK0258,2024,38
SK0286,2024,31
SK0285,2024,82
SK0283,2023,56
SK0044,2023,35
SK0166,2026,20
SK0210,2024,98
SK0234,2024,21
SK0117,2022,56
SK0239,2026,84
SK0216,2026,46
SK0076,2025,95
SK0145,2025,44
SK0204,2025,37
SK0221,2021,84
SK0278,2024,69
SK0156,2023,70
SK0220,2021,20
SK0268,2023,94
SK0067,2022,87
SK0253,2025,20
SK0224,2023,60
SK0253,2023,69
SK0231,2025,49
SK0221,2024,74
SK0094,2026,63
SK0198,2024,54
SK0023,2023,28
SK0068,2024,35
SK0030,2025,80
SK0254,2026,62
SK0150,2025,71
SK0035,2024,67
SK0020,2023,17
SK0175,2021,83
SK0116,2024,54
SK0114,2023,21
SK0295,2021,48
SK0228,2021,12
SK0110,2026,79
SK0003,2021,70
SK0003,2025,41
SK0086,2022,66
SK0195,2025,60
SK0171,2026,68
SK0008,2022,13
SK0079,2021,91
SK0173,2026,65
SK0280,2021,24
SK0297,2022,20
SK0105,2022,96
SK0202,2024,67
SK0256,2022,92
SK0161,2026,33
SK0167,2024,52
SK0094,2024,34
SK0054,2023,51
SK0289,2021,95
SK0250,2024,73
SK0116,2022,18
SK0133,2023,69
SK0231,2024,31
SK0179,2023,45
SK0018,2021,81
SK0204,2026,91
SK0266,2021,33
SK0008,2023,75
SK0240,2024,37
SK0254,2026,67
SK0087,2024,54
SK0161,2023,97
SK0200,2025,67
SK0088,2021,33
SK0241,2023,66
SK0054,2024,45
SK0214,2023,68
SK0266,2024,56
SK0254,2021,91
SK0071,2024,83
SK0071,2024,37
SK0206,2025,29
SK0222,2023,90
SK0125,2023,90
SK0232,2023,86
SK0050,2023,89
SK0156,2024,67
SK0037,2025,87
SK0108,2022,26
SK0007,2022,13
SK0185,2022,18
SK0209,2026,65
SK0161,2025,59
SK0279,2021,65
SK0278,2026,66
SK0086,2024,38
SK0047,2022,31
SK0055,2026,22
SK0175,2026,28
SK0173,2021,24
SK0255,2022,17
SK0243,2021,77
SK0243,2022,90
SK0058,2025,81
SK0096,2026,42
SK0018,2026,67
SK0133,2026,63
SK0123,2026,39
SK0203,2021,44
SK0015,2023,89
SK0187,2024,34
SK0124,2021,59
SK0007,2025,33
SK0131,2022,69
SK0191,2025,53
SK0050,2025,69
SK0097,2024,24
SK0087,2024,37
SK0052,2025,65
SK0029,2026,56
SK0300,2026,88
SK0224,2023,95
SK0214,2023,59
SK0092,2022,81
SK0273,2026,21
SK0242,2025,16
SK0042,2025,58
SK0276,2025,76
SK0286,2025,26
SK0062,2024,64
SK0036,2025,39
SK0270,2021,15
SK0254,2026,67
SK0249,2026,79
SK0101,2024,61
SK0253,2024,17
SK0277,2026,92
SK0200,2025,31
SK0115,2024,69
SK0275,2025,27
SK0232,2021,12
SK0102,2021,77
SK0161,2023,78
SK0013,2026,55
SK0005,2025,49
SK0245,2023,59
SK0020,2022,75
SK0285,2025,18
SK0129,2023,34
SK0251,2021,28
SK0118,2023,67
SK0088,2023,20
SK0050,2025,24
SK0114,2022,63
SK0155,2021,57
SK0285,2022,92
SK0230,2024,65
SK0072,2026,72
SK0260,2025,93
SK0202,2021,76
SK0117,2025,53
SK0222,2023,40
SK0297,2025,15
SK0080,2022,19
SK0237,2023,30
SK0292,2026,61
SK0189,2023,48
SK0018,2022,22
SK0098,2024,90
SK0027,2021,40
SK0210,2025,92
SK0077,2026,41
SK0123,2021,21
SK0245,2021,90
SK0022,2022,14
SK0032,2022,58
SK0211,2023,12
SK0131,2021,47
SK0132,2021,30
SK0094,2023,54
SK0195,2023,70
SK0172,2025,72
SK0180,2025,10
SK0136,2024,18
SK0281,2023,37
SK0025,2025,66
SK0242,2021,57
SK0211,2025,72
SK0032,2023,12
SK0156,2026,84
SK0238,2021,99
SK0094,2025,93
SK0122,2022,77
SK0278,2021,32
SK0151,2026,57
SK0073,2021,29
SK0189,2021,89
SK0275,2021,71
SK0158,2026,15
SK0092,2025,75
SK0140,2023,49
SK0040,2021,66
SK0271,2025,73
SK0299,2024,73
SK0191,2022,28
SK0089,2025,81
SK0008,2021,75
SK0064,2023,89
SK0261,2022,71
SK0272,2022,71
SK0174,2025,84
SK0243,2024,78
SK0225,2023,72
SK0241,2021,74
SK0011,2025,67
SK0165,2023,43
SK0015,2022,68
SK0056,2026,28
SK0292,2026,32
SK0294,2023,94
SK0104,2023,68
SK0293,2022,20
SK0088,2026,18
SK0221,2021,93
SK0003,2026,78
SK0177,2024,74
SK0198,2024,15
SK0135,2023,36
SK0131,2022,31
SK0036,2024,74
SK0261,2024,79
SK0151,2024,99
SK0043,2025,79
SK0043,2021,86
SK0160,2023,57
SK0042,2023,96
SK0225,2021,84
SK0134,2022,77
SK0260,2024,37
SK0290,2024,56
SK0266,2021,99
SK0156,2026,74
SK0036,2023,25
SK0033,2026,19
SK0287,2025,31
SK0143,2025,61
SK0163,2023,63
SK0044,2025,76
SK0067,2021,37
SK0179,2024,25
SK0147,2025,97
SK0238,2023,60
SK0185,2023,49
SK0160,2022,90
SK0028,2026,13
SK0201,2025,64
SK0053,2021,52
SK0200,2021,92
SK0285,2024,38
SK0193,2021,92
SK0152,2025,14
SK0078,2025,25
SK0067,2022,94
SK0218,2025,91
SK0186,2021,50
SK0260,2026,93
SK0161,2021,54
SK0165,2021,83
SK0042,2026,83
SK0175,2024,26
SK0050,2024,25
SK0121,2026,98
SK0251,2021,86
SK0187,2023,91
SK0131,2024,69
SK0073,2023,22
SK0073,2024,53
SK0262,2025,99
SK0023,2024,11
SK0298,2022,75
SK0104,2023,95
SK0065,2021,55
SK0084,2023,65
SK0162,2025,36
SK0137,2026,77
SK0082,2023,71
SK0124,2025,81
SK0250,2024,76
SK0289,2026,51
SK0086,2026,66
SK0026,2024,16
SK0192,2022,28
SK0197,2024,81
SK0230,2021,47
SK0156,2023,83
SK0259,2026,23
SK0208,2024,42
SK0152,2023,22
SK0121,2022,56
SK0197,2022,43
SK0028,2026,87
SK0035,2022,26
SK0278,2021,53
SK0157,2021,80
SK0258,2023,78
SK0195,2025,53
SK0025,2023,20
SK0139,2025,38
SK0155,2026,96
SK0190,2024,43
SK0138,2024,14
SK0072,2025,48
SK0257,2022,47
SK0223,2023,47
SK0129,2022,72
SK0046,2026,31
SK0291,2024,93
SK0079,2021,17
SK0026,2025,29
SK0067,2026,93
SK0211,2022,13
SK0197,2021,17
SK0228,2023,27
SK0130,2023,21
SK0168,2021,98
SK0229,2026,36
SK0208,2021,86
SK0140,2025,73
SK0002,2026,48
SK0034,2025,24
SK0223,2024,11
SK0056,2026,44
SK0086,2024,89
SK0049,2022,20
SK0280,2026,79
SK0031,2022,44
SK0061,2024,67
SK0275,2024,35
SK0196,2022,11
SK0101,2021,18
SK0012,2024,49
SK0081,2022,30
SK0031,2022,32
SK0180,2026,29
SK0014,2021,42
SK0134,2024,81
SK0037,2025,66
SK0216,2021,86
SK0070,2022,56
SK0097,2026,59
SK0175,2021,71
SK0065,2024,70
SK0073,2026,66
SK0223,2023,55
SK0117,2025,64
SK0158,2026,84
SK0028,2021,26
SK0096,2025,68
SK0147,2024,58
SK0137,2024,27
SK0195,2022,52
SK0297,2024,31
SK0156,2022,91
SK0072,2023,19
SK0253,2024,64
SK0129,2024,47
SK0299,2023,85
SK0135,2025,23
SK0052,2021,59
SK0019,2025,45
SK0112,2025,66
SK0063,2022,71
SK0159,2023,16
SK0044,2025,22
SK0261,2024,27
SK0199,2026,78
SK0198,2022,46
SK0085,2023,24
SK0022,2023,92
SK0300,2024,84
SK0261,2021,43
SK0227,2022,79
SK0208,2022,73
SK0057,2025,54
SK0101,2024,19
SK0047,2021,80
SK0289,2025,79
SK0046,2026,23
SK0115,2026,73
SK0261,2025,12
SK0059,2024,16
SK0143,2021,95
SK0022,2022,52
SK0025,2026,11
SK0257,2026,24
SK0252,2024,33
SK0211,2021,24
SK0133,2026,84
SK0170,2022,79
SK0175,2023,64
SK0096,2025,13
SK0295,2026,56
SK0095,2021,86
SK0139,2021,63
SK0070,2022,65
SK0234,2026,24
SK0232,2021,71
SK0181,2022,40
SK0081,2023,10
SK0088,2022,68
SK0079,2026,82
SK0279,2026,30
SK0072,2024,89
SK0106,2023,93
SK0224,2024,33
SK0205,2023,46
SK0218,2023,34
SK0120,2025,44
SK0200,2022,39
SK0128,2022,76
SK0196,2021,12
SK0068,2023,41
SK0070,2026,20
SK0087,2026,68
SK0086,2022,99
SK0020,2024,34
SK0005,2022,78
SK0040,2025,14
SK0028,2023,39
SK0127,2021,50
SK0073,2024,36
SK0005,2026,77
SK0001,2026,96
SK0228,2025,58
SK0287,2026,71
SK0222,2023,99
SK0028,2026,18
SK0248,2022,12
SK0058,2022,59
SK0274,2023,14
SK0068,2025,74
SK0230,2024,13
SK0096,2023,37
SK0238,2022,45
SK0257,2026,52
SK0002,2025,96
SK0049,2026,33
SK0122,2024,19
SK0181,2025,13
SK0007,2025,53
SK0060,2023,28
SK0071,2023,68
SK0135,2024,74
SK0092,2021,10
SK0279,2024,91
SK0125,2026,88
SK0026,2021,49
SK0227,2025,89
SK0243,2021,12
SK0173,2025,64
SK0204,2023,98
SK0081,2022,30
SK0199,2025,39
SK0065,2025,42
SK0216,2021,39
SK0141,2025,88
SK0106,2023,79
SK0091,2024,18
SK0295,2021,44
SK0154,2021,71
SK0138,2025,39
SK0148,2025,94
SK0086,2023,52
SK0205,2021,23
SK0236,2021,61
SK0114,2024,53
SK0177,2021,27
SK0085,2023,18
SK0266,2026,37
SK0234,2023,83
SK0283,2021,92
SK0053,2026,77
SK0136,2022,40
SK0075,2024,19
SK0021,2021,21
SK0212,2024,45
SK0168,2021,82
SK0047,2025,43
SK0204,2022,62
SK0164,2023,76
SK0100,2021,98
SK0153,2022,47
SK0237,2021,66
SK0168,2022,79
SK0027,2023,55
SK0253,2022,36
SK0225,2025,80
SK0025,2024,47
SK0158,2023,80
SK0172,2021,51
SK0195,2024,62
SK0170,2021,24
SK0037,2023,95
SK0191,2021,20
SK0299,2025,42
SK0230,2022,36
SK0112,2023,70
SK0173,2023,52
SK0051,2025,87
SK0238,2026,36
SK0108,2023,25
SK0239,2023,91
SK0044,2024,19
SK0023,2021,88
SK0003,2024,48
SK0197,2023,47
SK0147,2025,47
SK0053,2022,86
SK0165,2025,91
SK0102,2025,93
SK0214,2021,37
SK0271,2024,35
SK0269,2023,24
SK0083,2022,14
SK0064,2024,89
SK0060,2023,38
SK0232,2023,78
SK0146,2023,26
SK0120,2024,52
SK0010,2023,13
SK0287,2021,56
SK0039,2026,12
SK0286,2022,63
SK0072,2022,65
SK0069,2022,53
SK0296,2026,53
SK0230,2026,79
SK0060,2024,77
SK0286,2022,68
SK0246,2021,46
SK0291,2024,85
SK0104,2023,26
SK0099,2026,24
SK0195,2026,69
SK0213,2023,59
SK0272,2023,12
SK0130,2022,65
SK0088,2023,41
SK0092,2022,67
SK0073,2024,29
SK0024,2023,74
SK0058,2023,39
SK0199,2026,84
SK0039,2024,22
SK0163,2024,54
SK0294,2026,14
SK0178,2026,16
SK0212,2021,22
SK0265,2024,62
SK0021,2025,15
SK0096,2026,63
SK0111,2026,24
SK0188,2025,35
SK0087,2026,24
SK0015,2022,69
SK0291,2022,80
SK0121,2022,98
SK0195,2021,36
SK0131,2025,32
SK0164,2021,15
SK0097,2026,85
SK0070,2022,12
SK0206,2023,23
SK0181,2022,39
SK0261,2023,83
SK0298,2021,84
SK0010,2022,46
SK0008,2024,16
SK0035,2023,18
SK0296,2023,51
SK0256,2026,47
SK0073,2022,78
SK0004,2025,85
SK0152,2026,70
SK0111,2025,34
SK0252,2026,12
SK0019,2023,22
SK0044,2026,91
SK0080,2024,18
SK0245,2025,55
SK0103,2023,43
SK0173,2021,89
SK0022,2024,10
SK0234,2023,44
SK0091,2023,84
SK0118,2025,88
SK0176,2022,34
SK0149,2026,23
SK0102,2021,78
SK0055,2021,35
SK0149,2023,80
SK0025,2026,90
SK0176,2021,19
SK0009,2025,92
SK0293,2025,22
SK0078,2022,16
SK0050,2025,16
SK0118,2023,96
SK0269,2024,84
SK0219,2021,39
SK0287,2023,32
SK0196,2025,64
SK0092,2025,23
SK0169,2023,89
SK0269,2024,82
SK0156,2025,59
SK0096,2025,70
SK0072,2023,89
SK0033,2024,34
SK0293,2025,66
SK0053,2023,51
SK0056,2024,65
SK0086,2026,11
SK0233,2025,49
SK0258,2021,91
SK0270,2024,40
SK0091,2022,66
SK0038,2025,86
SK0145,2021,43
SK0203,2026,84
SK0004,2026,69
SK0067,2025,47
SK0180,2022,42
SK0107,2025,29
SK0271,2021,53
SK0055,2022,34
SK0180,2023,35
SK0126,2022,13
SK0162,2023,69
SK0092,2025,89
SK0117,2022,13
SK0001,2025,79
SK0152,2021,24
SK0207,2023,72
SK0037,2024,36
SK0133,2021,59
SK0285,2022,16
SK0078,2025,44
SK0056,2022,79
SK0209,2024,42
SK0280,2023,90
SK0052,2026,27
SK0290,2022,77
SK0103,2021,26
SK0204,2026,71
SK0283,2023,25
SK0234,2022,56
SK0177,2022,75
SK0230,2025,92
SK0265,2022,40
SK0116,2023,49
SK0130,2025,11
SK0130,2022,25
SK0020,2022,37
SK0176,2026,30
SK0058,2026,31
SK0141,2024,62
SK0027,2022,65
SK0012,2021,50
SK0220,2021,43
SK0106,2024,40
SK0214,2024,29
SK0070,2025,68
SK0044,2021,88
SK0160,2025,47
SK0035,2024,41
SK0117,2023,93
SK0192,2025,99
SK0001,2026,14
SK0163,2021,76
SK0274,2021,12
SK0117,2026,24
SK0195,2022,39
SK0176,2025,16
SK0054,2024,67
SK0228,2025,31
SK0145,2026,97
SK0170,2025,38
SK0209,2021,17
SK0058,2025,11
SK0035,2026,55
SK0028,2025,35
SK0013,2024,63
SK0005,2021,30
SK0185,2025,71
SK0192,2024,42
SK0041,2025,85
SK0230,2022,81
SK0170,2025,53
SK0255,2023,93
SK0028,2022,39
SK0030,2022,58
SK0132,2022,98
SK0181,2022,39
SK0237,2021,93
SK0113,2024,54
SK0283,2021,97
SK0136,2022,41
SK0085,2021,18
SK0276,2024,72
SK0031,2022,96
SK0138,2022,42
SK0004,2023,97
SK0112,2023,10
SK0162,2021,42
SK0129,2026,56
SK0107,2021,53
SK0161,2026,64
SK0156,2021,28
SK0266,2026,82
SK0089,2022,50
SK0041,2021,66
SK0147,2022,43
SK0082,2021,63
SK0046,2025,54
SK0135,2021,83
SK0091,2023,58
SK0184,2023,34
SK0173,2024,68
SK0122,2024,62
SK0258,2021,57
SK0173,2022,48
SK0051,2021,42
SK0018,2025,25
SK0192,2023,59
SK0251,2026,80
SK0067,2022,27
SK0110,2023,96
SK0171,2024,29
SK0139,2024,81
SK0221,2022,89
SK0160,2023,27
SK0141,2022,55
SK0171,2024,15
SK0041,2026,26
SK0263,2023,41
SK0281,2024,96
SK0001,2022,93
SK0178,2021,35
SK0260,2023,20
SK0210,2024,93
SK0221,2024,39
SK0091,2025,80
SK0064,2023,22
SK0247,2025,23
SK0148,2023,87
SK0259,2026,24
SK0261,2025,68
SK0076,2024,38
SK0135,2024,85
SK0111,2026,59
SK0047,2025,14
SK0206,2023,26
SK0200,2025,48
SK0196,2025,98
SK0085,2021,83
SK0087,2025,18
SK0296,2022,71
SK0158,2022,28
SK0104,2025,76
SK0184,2023,25
SK0212,2023,84
SK0186,2026,65
SK0229,2022,45
SK0203,2025,19
SK0053,2026,59
SK0028,2025,52
SK0239,2024,57
SK0223,2023,36
SK0249,2021,54
SK0038,2023,32
SK0281,2024,17
SK0099,2021,18
SK0224,2026,86
SK0155,2024,99
SK0018,2024,53
SK0254,2022,35
SK0112,2026,15
SK0100,2025,13
SK0015,2025,14
SK0265,2022,30
SK0050,2025,54
SK0030,2024,23
SK0264,2026,68
SK0130,2023,92
SK0144,2023,98
SK0198,2026,66
SK0149,2021,35
SK0117,2022,37
SK0022,2021,33
SK0058,2022,83
SK0010,2026,76
SK0271,2023,14
SK0148,2022,69
SK0032,2021,77
SK0004,2021,55
SK0075,2023,14
SK0230,2026,14
SK0170,2023,81
SK0254,2026,72
SK0094,2026,85
SK0152,2022,47
SK0203,2021,22
SK0116,2024,81
SK0164,2021,68
SK0147,2021,54
SK0240,2023,40
SK0252,2025,23
SK0245,2024,68
SK0170,2024,94
SK0064,2022,33
SK0145,2024,14
SK0224,2022,27
SK0230,2021,52
SK0074,2021,80
SK0062,2026,86
SK0103,2024,80
SK0246,2023,83
SK0065,2022,82
SK0181,2024,59
SK0068,2021,14
SK0083,2024,42
SK0177,2021,37
SK0052,2026,32
SK0082,2021,41
SK0058,2026,29
SK0284,2025,29
SK0210,2026,86
SK0032,2026,86
SK0177,2025,30
SK0234,2023,74
SK0089,2021,45
SK0035,2023,35
SK0255,2021,78
SK0016,2023,14
SK0171,2022,67
SK0005,2025,27
SK0236,2023,19
SK0278,2025,58
SK0291,2022,48
SK0122,2023,74
SK0299,2021,66
SK0043,2025,58
SK0275,2023,62
SK0168,2026,99
SK0051,2026,95
SK0045,2024,14
SK0081,2024,37
SK0099,2026,39
SK0199,2026,93
SK0175,2025,86
SK0093,2025,69
SK0121,2021,73
SK0148,2025,65
SK0007,2022,11
SK0250,2023,39
SK0186,2022,27
SK0076,2026,97
SK0090,2023,84
SK0101,2026,93
SK0245,2025,88
SK0201,2024,69
SK0193,2025,30
SK0074,2025,27
SK0095,2021,12
SK0208,2021,44
SK0286,2023,14
SK0289,2025,99
SK0091,2026,12
SK0128,2024,93
SK0265,2025,65
SK0059,2022,47
SK0067,2026,30
SK0075,2023,70
SK0202,2023,16
SK0241,2023,61
SK0222,2024,18
SK0065,2025,42
SK0098,2022,76
SK0053,2023,59
SK0012,2023,40
SK0038,2021,58
SK0221,2025,59
SK0285,2021,75
SK0233,2023,27
SK0184,2024,69
SK0284,2021,25
SK0120,2026,59
SK0090,2022,18
SK0255,2024,41
SK0027,2022,30
SK0254,2024,82
SK0025,2021,98
SK0280,2021,76
SK0119,2024,14
SK0267,2024,27
SK0199,2022,17
SK0044,2026,57
SK0227,2022,26
SK0265,2023,18
SK0018,2025,66
SK0093,2023,81
SK0064,2025,86
SK0103,2021,95
SK0199,2026,42
SK0081,2024,11
SK0081,2023,53
SK0023,2026,56
SK0210,2025,38
SK0223,2025,68
SK0133,2026,29
SK0079,2022,88
SK0208,2023,20
SK0028,2025,26
SK0013,2024,47
SK0031,2022,90
SK0199,2025,53
SK0055,2022,94
SK0046,2026,37
SK0132,2022,27
SK0240,2023,70
SK0020,2023,15
SK0280,2024,66
SK0105,2024,13
SK0138,2024,27
SK0100,2025,97
SK0038,2022,36
SK0246,2022,18
SK0111,2021,68
SK0028,2021,18
SK0089,2024,37
SK0207,2022,92
SK0241,2021,34
SK0226,2025,85
SK0025,2026,21
SK0232,2024,86
SK0233,2023,61
SK0089,2023,19
SK0128,2022,42
SK0225,2025,67
SK0075,2021,37
SK0195,2024,25
SK0270,2025,60
SK0181,2025,54
SK0285,2024,53
SK0162,2022,81
SK0290,2026,44
SK0075,2024,70
SK0094,2026,22
SK0237,2023,38
SK0174,2026,97
SK0041,2024,38
SK0045,2023,31
SK0075,2025,56
SK0177,2021,71
SK0276,2024,65
SK0176,2026,45
SK0233,2021,99
SK0025,2026,62
SK0055,2025,95
SK0192,2021,28
SK0260,2021,15
SK0046,2023,89
SK0188,2026,80
SK0296,2023,14
SK0041,2021,14
SK0097,2026,34
SK0186,2021,78
SK0215,2026,79
SK0166,2021,59
SK0263,2023,75
SK0174,2024,39
SK0180,2023,45
SK0030,2025,44
SK0279,2021,62
SK0001,2025,55
SK0057,2026,13
SK0299,2025,20
SK0208,2024,54
SK0127,2022,36
SK0005,2025,58
SK0233,2023,36
SK0269,2024,14
SK0228,2025,51
SK0235,2024,27
SK0285,2022,53
SK0162,2024,91
SK0254,2023,79
SK0195,2024,85
SK0208,2024,10
SK0294,2026,47
SK0160,2026,94
SK0229,2025,13
SK0227,2026,15
SK0112,2024,69
SK0140,2024,54
SK0104,2024,54
SK0028,2025,35
SK0209,2026,93
SK0028,2021,14
SK0247,2023,54
SK0266,2022,58
SK0142,2021,84
SK0010,2021,42
SK0012,2023,26
SK0046,2023,89
SK0078,2025,32
SK0119,2024,48
SK0036,2023,96
SK0206,2021,48
SK0094,2021,97
SK0047,2022,59
SK0043,2021,39
SK0119,2021,10
SK0022,2025,92
SK0093,2022,77
SK0204,2026,42
SK0253,2025,28
SK0185,2025,84
SK0194,2021,24
SK0004,2024,32
SK0102,2024,80
SK0139,2023,36
SK0066,2023,87
SK0256,2024,61
SK0132,2021,49
SK0181,2022,36
SK0130,2021,94
SK0112,2026,47
SK0126,2023,27
SK0073,2023,33
SK0132,2025,98
SK0229,2025,94
SK0117,2025,87
SK0093,2026,49
SK0071,2021,61
SK0207,2024,52
SK0034,2026,24
SK0287,2024,65
SK0068,2023,10
SK0291,2021,15
SK0020,2022,63
SK0234,2025,82
SK0268,2021,80
SK0230,2025,76
SK0248,2023,63
SK0160,2021,84
SK0089,2021,92
SK0174,2025,12
SK0030,2026,49
SK0004,2026,29
SK0147,2025,61
SK0288,2026,26
SK0044,2025,73
SK0018,2022,14
SK0250,2022,60
SK0233,2025,53
SK0213,2023,78
SK0016,2026,18
SK0232,2024,93
SK0199,2021,31
SK0178,2021,44
SK0124,2021,32
SK0179,2022,51
SK0281,2023,31
SK0090,2022,73
SK0069,2023,97
SK0112,2026,10
SK0068,2021,98
SK0209,2026,39
SK0175,2024,64
SK0072,2022,18
SK0047,2024,61
SK0264,2025,92
SK0151,2025,91
SK0104,2026,63
SK0192,2022,64
SK0029,2026,95
SK0250,2026,26
SK0079,2025,38
SK0141,2022,73
SK0236,2025,61
SK0265,2021,87
SK0080,2022,95
SK0101,2022,61
SK0166,2025,53
SK0069,2023,33
SK0098,2026,88
SK0189,2023,81
SK0098,2025,79
SK0152,2021,21
SK0009,2026,57
SK0184,2024,77
SK0103,2021,16
SK0092,2022,25
SK0156,2026,34
SK0228,2023,11
SK0281,2024,27
SK0281,2022,44
SK0094,2022,26
SK0275,2021,83
SK0132,2023,57
SK0147,2025,49
SK0191,2026,25
SK0033,2022,73
SK0196,2025,82
SK0088,2024,65
SK0108,2021,40
SK0175,2026,10
SK0048,2026,57
SK0004,2025,59
SK0284,2026,38
SK0223,2023,44
SK0054,2022,52
SK0056,2024,15
SK0294,2025,11
SK0292,2025,96
SK0145,2022,11
SK0081,2026,57
SK0056,2023,43
SK0085,2022,94
SK0229,2023,12
SK0145,2024,35
SK0008,2026,63
SK0192,2022,43
SK0161,2026,72
SK0160,2021,86
SK0286,2021,43
SK0298,2022,73
SK0126,2021,33
SK0035,2025,87
SK0032,2021,61
SK0017,2026,70
SK0076,2022,95
SK0255,2026,50
SK0229,2021,62
SK0090,2021,91
SK0156,2024,75
SK0171,2025,70
SK0030,2022,32
SK0286,2025,65
SK0009,2025,62
SK0065,2021,34
SK0030,2021,90
SK0131,2024,30
SK0259,2026,31
SK0157,2024,24
SK0129,2024,54
SK0058,2022,77
SK0015,2024,91
SK0112,2021,37
SK0048,2022,47
SK0258,2025,40
SK0085,2026,42
SK0149,2026,88
SK0126,2026,49
SK0027,2021,77
SK0239,2024,20
SK0144,2026,17
SK0249,2024,28
SK0239,2025,59
SK0063,2022,42
SK0051,2024,43
SK0040,2026,38
SK0260,2026,67
SK0288,2024,57
SK0038,2024,69
SK0086,2023,39
SK0081,2023,87
SK0077,2025,20
SK0086,2024,87
SK0266,2023,67
SK0013,2026,26
SK0232,2024,57
SK0140,2022,82
SK0117,2022,18
SK0156,2023,62
SK0020,2026,81
SK0264,2026,87
SK0188,2024,81
SK0116,2022,91
SK0098,2021,11
SK0001,2023,16
SK0191,2025,83
SK0031,2024,25
SK0156,2023,49
SK0054,2022,33
SK0079,2021,55
SK0287,2025,44
SK0234,2021,34
SK0300,2022,34
SK0023,2023,12
SK0020,2021,53
SK0013,2021,68
SK0130,2023,70
SK0089,2024,68
SK0009,2021,52
SK0205,2021,90
SK0162,2022,95
SK0244,2024,88
SK0054,2023,11
SK0293,2022,43
SK0042,2021,76
SK0158,2025,67
SK0144,2026,59
SK0230,2021,65
SK0083,2022,31
SK0098,2025,30
SK0140,2021,83
SK0091,2025,53
SK0073,2023,10
SK0263,2022,63
SK0072,2021,64
SK0142,2023,86
SK0271,2021,30
SK0062,2024,54
SK0015,2025,31
SK0239,2026,62
SK0082,2023,10
SK0059,2022,15
SK0216,2022,33
SK0145,2023,27
SK0151,2021,15
SK0038,2023,41
SK0299,2022,95
SK0045,2021,66
SK0106,2021,37
SK0171,2021,20
SK0102,2024,37
SK0002,2021,23
SK0231,2021,30
SK0191,2023,80
SK0050,2025,27
SK0214,2025,24
SK0186,2022,62
SK0081,2022,16
SK0112,2022,81
SK0201,2025,18
SK0270,2024,98
SK0144,2022,68
SK0261,2023,69
SK0186,2023,30
SK0172,2022,33
SK0155,2025,25
SK0098,2023,72
SK0045,2024,46
SK0220,2026,36
SK0181,2023,66
SK0146,2024,40
SK0162,2022,77
SK0211,2023,83
SK0137,2023,59
SK0118,2025,49
SK0254,2025,88
SK0298,2021,46
SK0129,2024,18
SK0058,2026,23
SK0003,2026,91
SK0254,2021,51
SK0231,2024,57
SK0190,2025,92
SK0143,2024,31
SK0097,2023,16
SK0171,2025,12
SK0131,2022,96
SK0017,2021,77
SK0115,2023,50
SK0151,2023,69
SK0005,2025,45
SK0148,2021,27
SK0010,2023,48
SK0164,2026,58
SK0043,2025,78
SK0001,2026,63
SK0010,2021,84
SK0061,2025,85
SK0112,2022,23
SK0001,2026,59
SK0015,2022,32
SK0177,2025,73
SK0294,2023,43
SK0281,2026,47
SK0004,2024,57
SK0164,2022,40
SK0077,2024,22
SK0101,2026,12
SK0205,2023,91
SK0074,2026,88
SK0115,2026,66
SK0300,2026,31
SK0262,2025,94
SK0229,2021,29
SK0081,2023,92
SK0189,2025,65
SK0024,2021,62
SK0022,2025,68
SK0086,2024,65
SK0024,2022,31
SK0083,2022,81
SK0261,2025,93
SK0005,2021,74
SK0201,2023,91
SK0231,2023,91
SK0080,2026,63
SK0050,2022,93
SK0265,2022,25
SK0120,2021,33
SK0054,2026,50
SK0014,2026,70
SK0105,2024,62
SK0170,2024,85
SK0104,2022,97
SK0242,2021,92
SK0284,2026,99
SK0219,2023,91
SK0145,2023,44
SK0206,2025,48
SK0126,2021,81
SK0204,2021,94
SK0212,2026,98
SK0067,2021,78
SK0051,2022,28
SK0118,2022,10
SK0043,2022,25
SK0094,2021,39
SK0223,2024,92
SK0265,2025,46
SK0064,2023,54
SK0169,2022,48
SK0061,2024,18
SK0243,2023,85
SK0163,2024,12
SK0089,2026,65
SK0185,2023,22
SK0137,2026,77
SK0102,2021,19
SK0055,2026,58
SK0068,2021,64
SK0057,2023,63
SK0044,2022,36
SK0250,2023,71
SK0270,2021,80
SK0163,2024,31
SK0018,2023,79
SK0098,2022,30
SK0125,2023,33
SK0081,2024,45
SK0053,2021,28
SK0030,2021,90
SK0059,2022,94
SK0291,2021,43
SK0116,2024,27
SK0293,2025,74
SK0282,2023,94
SK0170,2023,23
SK0115,2024,19
SK0261,2025,76
SK0107,2021,23
SK0106,2022,46
SK0066,2021,79
SK0099,2022,68
SK0213,2023,10
SK0072,2022,71
SK0035,2024,23
SK0192,2026,94
SK0294,2022,98
SK0214,2023,74
SK0159,2023,53
SK0029,2021,71
SK0243,2021,23
SK0129,2023,40
SK0259,2024,41
SK0215,2022,52
SK0106,2021,24
SK0060,2021,65
SK0282,2026,86
SK0298,2025,33
SK0212,2024,17
SK0266,2021,68
SK0003,2022,35
SK0134,2022,92
SK0143,2026,51
SK0077,2023,40
SK0295,2022,81
SK0207,2023,27
SK0169,2026,91
SK0080,2021,70
SK0289,2023,88
SK0152,2023,25
SK0058,2026,33
SK0132,2021,37
SK0212,2022,54
SK0244,2022,29
SK0221,2025,96
SK0005,2022,34
SK0289,2024,43
SK0267,2025,88
SK0266,2021,63
SK0248,2022,25
SK0012,2025,75
SK0198,2021,53
SK0279,2026,78
SK0226,2025,94
SK0150,2023,76
SK0020,2025,93
SK0276,2026,30
SK0123,2026,65
SK0164,2025,96
SK0003,2022,38
SK0144,2022,57
SK0034,2023,37
SK0192,2021,21
SK0220,2023,26
SK0069,2025,72
SK0075,2023,60
SK0146,2021,90
SK0178,2026,67
SK0082,2022,98
SK0279,2025,64
SK0002,2024,80
SK0053,2023,34
SK0244,2024,45
SK0002,2023,97
SK0294,2026,74
SK0159,2026,90
SK0293,2026,21
SK0271,2026,61
SK0125,2023,72
SK0057,2022,96
SK0002,2022,31
SK0285,2021,28
SK0116,2021,24
SK0251,2024,64
SK0023,2024,35
SK0019,2021,93
SK0032,2021,70
SK0041,2022,88
SK0035,2025,17
SK0171,2025,73
SK0069,2024,37
SK0021,2022,52
SK0196,2025,97
SK0032,2026,40
SK0187,2025,27
SK0243,2021,77
SK0140,2024,80
SK0028,2025,11
SK0017,2024,17
SK0042,2023,36
SK0267,2023,76
SK0297,2021,54
SK0151,2022,22
SK0107,2023,64
SK0141,2023,61
SK0063,2022,93
SK0026,2021,84
SK0128,2024,94
SK0090,2021,28
SK0059,2025,77
SK0159,2022,31
SK0246,2024,60
SK0255,2026,20
SK0177,2026,51
SK0036,2023,30
SK0276,2021,31
SK0059,2026,40
SK0175,2026,31
SK0064,2024,27
SK0155,2026,28
SK0124,2021,33
SK0140,2026,26
SK0125,2026,51
SK0250,2024,35
SK0251,2024,37
SK0286,2024,52
SK0157,2025,52
SK0074,2025,38
SK0195,2025,49
SK0148,2026,71
SK0278,2023,95
SK0115,2021,94
SK0298,2023,16
SK0039,2026,17
SK0130,2025,28
SK0293,2025,95
SK0003,2025,50
SK0161,2024,53
SK0183,2025,93
SK0056,2025,56
SK0175,2026,83
SK0041,2023,78
SK0167,2026,94
SK0211,2023,90
SK0221,2024,78
SK0186,2024,76
SK0199,2024,98
SK0201,2024,89
SK0009,2021,32
SK0285,2022,51
SK0252,2025,79
SK0287,2023,16
SK0195,2024,69
SK0207,2025,42
SK0067,2026,37
SK0121,2023,49
SK0041,2021,48
SK0263,2025,30
SK0062,2026,88
SK0218,2023,18
SK0269,2021,72
SK0286,2023,76
SK0090,2026,39
SK0047,2024,53
SK0074,2026,53
SK0288,2023,24
SK0092,2025,30
SK0014,2026,40
SK0236,2025,50
SK0243,2023,45
SK0044,2022,50
SK0264,2023,87
SK0115,2023,99
SK0267,2023,46
SK0005,2021,64
SK0216,2026,68
SK0269,2024,52
SK0108,2021,31
SK0252,2023,70
SK0097,2021,16
SK0239,2024,15
SK0152,2021,22
SK0039,2025,92
SK0103,2022,92
SK0285,2023,27
SK0083,2025,85
SK0105,2024,13
SK0129,2022,12
SK0128,2022,46
SK0081,2022,18
SK0008,2025,24
SK0171,2025,75
SK0285,2022,44
SK0097,2022,55
SK0007,2021,58
SK0295,2023,10
SK0084,2026,76
SK0135,2023,43
SK0213,2023,67
SK0113,2025,43
SK0046,2022,98
SK0152,2024,67
SK0200,2024,46
SK0043,2022,11
SK0039,2022,60
SK0156,2024,24
SK0114,2022,56
SK0273,2023,97
SK0058,2024,31
SK0194,2024,91
SK0240,2022,94
SK0135,2025,50
SK0292,2022,51
SK0175,2025,41
SK0267,2022,12
SK0219,2026,16
SK0061,2023,45
SK0082,2021,46
SK0176,2024,49
SK0172,2022,60
SK0233,2022,33
SK0110,2022,69
SK0218,2023,92
SK0164,2021,29
SK0057,2025,78
SK0061,2021,15
SK0043,2023,24
SK0131,2026,17
SK0203,2026,49
SK0179,2024,60
SK0061,2024,17
SK0060,2021,62
SK0188,2025,40
SK0111,2022,42
SK0121,2021,31
SK0300,2021,64
SK0107,2022,87
SK0050,2024,66
SK0215,2026,90
SK0121,2026,66
SK0065,2024,10
SK0281,2021,24
SK0024,2021,56
SK0011,2024,86
SK0060,2022,81
SK0058,2024,97
SK0107,2024,61
SK0136,2025,96
SK0125,2023,63
SK0031,2026,55
SK0089,2025,78
SK0031,2025,80
SK0019,2025,88
SK0219,2022,86
SK0065,2025,19
SK0010,2022,10
SK0244,2022,21
SK0159,2023,55
SK0169,2025,64
SK0159,2025,88
SK0161,2023,25
SK0033,2025,16
SK0078,2022,61
SK0146,2025,31
SK0224,2026,27
SK0068,2021,33
SK0093,2024,76
SK0287,2022,99
SK0205,2021,57
SK0149,2021,19
SK0100,2022,76
SK0195,2025,44
SK0142,2023,55
SK0241,2021,57
SK0127,2026,14
SK0276,2024,21
SK0075,2025,27
SK0143,2022,72
SK0242,2025,40
SK0015,2023,14
SK0095,2023,10
SK0109,2024,62
SK0058,2022,15
SK0037,2023,19
SK0096,2026,47
SK0275,2025,67
SK0059,2021,16
SK0168,2024,19
SK0105,2025,93
SK0093,2021,21
SK0242,2026,59
SK0120,2022,32
SK0095,2024,63
SK0297,2021,42
SK0181,2024,98
SK0044,2026,88
SK0219,2022,17
SK0079,2022,92
SK0142,2021,44
SK0145,2024,19
SK0069,2026,63
SK0124,2024,19
SK0086,2023,51
SK0166,2021,59
SK0206,2022,38
SK0164,2024,19
SK0171,2024,45
SK0195,2026,59
SK0072,2025,73
SK0161,2021,80
SK0193,2023,62
SK0134,2021,81
SK0140,2026,58
SK0094,2023,84
SK0181,2025,99
SK0169,2026,47
SK0180,2024,30
SK0294,2024,83
SK0074,2022,29
SK0245,2024,93
SK0187,2026,46
SK0161,2022,58
SK0088,2021,81
SK0209,2024,87
SK0300,2021,72
SK0167,2022,26
SK0224,2026,15
SK0200,2025,25
SK0247,2023,78
SK0004,2022,83
SK0283,2022,82
SK0034,2024,26
SK0114,2026,25
SK0177,2022,50
SK0178,2024,21
SK0074,2024,59
SK0124,2023,28
SK0188,2022,14
SK0031,2023,10
SK0097,2021,47
SK0062,2022,50
SK0294,2023,42
SK0062,2021,93
SK0200,2022,43
SK0094,2025,80
SK0298,2022,35
SK0265,2024,87
SK0010,2024,52
SK0139,2026,91
SK0057,2022,91
SK0047,2024,29
SK0205,2026,98
SK0080,2024,96
SK0077,2022,64
SK0097,2023,14
SK0242,2025,84
SK0252,2022,51
SK0226,2023,97
SK0295,2022,70
SK0185,2023,25
SK0281,2021,84
SK0031,2021,67
SK0069,2023,13
SK0251,2022,82
SK0014,2026,13
SK0082,2025,43
SK0110,2025,39
SK0182,2025,25
SK0106,2022,91
SK0135,2026,65
SK0276,2021,18
SK0283,2025,46
SK0059,2022,79
SK0112,2025,42
SK0042,2022,28
SK0213,2022,87
SK0154,2025,47
SK0227,2021,46
SK0012,2023,20
SK0152,2024,43
SK0240,2026,93
SK0041,2023,81
SK0059,2025,40
SK0204,2025,15
SK0222,2021,19
SK0007,2022,72
SK0233,2024,74
SK0149,2023,50
SK0147,2022,48
SK0087,2021,80
SK0021,2025,61
SK0275,2021,58
SK0080,2026,55
SK0039,2026,68
SK0081,2024,68
SK0268,2024,13
SK0292,2021,65
SK0018,2023,71
SK0190,2023,71
SK0250,2022,71
SK0041,2021,21
SK0074,2021,74
SK0247,2026,27
SK0156,2025,75
SK0191,2022,32
SK0098,2025,65
SK0224,2023,21
SK0110,2024,39
SK0093,2023,98
SK0289,2025,11
SK0183,2024,47
SK0210,2022,84
SK0223,2026,76
SK0200,2026,78
SK0207,2022,99
SK0177,2025,31
SK0234,2022,51
SK0228,2022,75
SK0189,2024,15
SK0293,2023,81
SK0282,2026,84
SK0067,2024,24
SK0226,2025,74
SK0224,2022,46
SK0081,2022,52
SK0126,2022,41
SK0187,2021,76
SK0254,2025,69
SK0193,2024,67
SK0252,2022,80
SK0146,2022,86
SK0253,2025,92
SK0147,2025,24
SK0094,2026,43
SK0151,2023,25
SK0234,2021,65
SK0140,2021,91
SK0022,2026,58
SK0028,2023,89
SK0207,2025,53
SK0212,2024,92
SK0179,2022,76
SK0035,2025,70
SK0146,2026,20
SK0181,2021,60
SK0278,2022,31
SK0005,2025,86
SK0001,2024,45
SK0170,2025,90
SK0142,2026,18
SK0010,2023,99
SK0092,2026,82
SK0281,2025,30
SK0192,2026,29
SK0102,2021,39
SK0071,2022,32
SK0051,2024,95
SK0035,2024,11
SK0042,2025,63
SK0123,2026,15
SK0285,2023,31
SK0062,2023,36
SK0256,2026,35
SK0179,2024,47
SK0273,2023,57
SK0233,2024,90
SK0104,2025,70
SK0141,2021,19
SK0167,2024,26
SK0211,2021,79
SK0108,2022,44
SK0114,2021,21
SK0254,2023,85
SK0070,2023,18
SK0267,2025,93
SK0182,2026,70
SK0112,2024,88
SK0154,2026,76
SK0282,2025,39
SK0266,2026,72
SK0191,2023,35
SK0012,2023,40
SK0071,2026,36
SK0267,2026,43
SK0156,2026,51
SK0173,2025,89
SK0043,2024,96
SK0040,2023,10
SK0029,2025,48
SK0280,2024,77
SK0098,2026,45
SK0138,2023,46
SK0059,2025,75
SK0172,2022,63
SK0140,2024,75
SK0134,2024,41
SK0250,2021,26
SK0060,2023,76
SK0090,2026,18
SK0058,2022,89
SK0192,2026,52
SK0254,2022,26
SK0081,2023,45
SK0211,2021,36
SK0168,2022,60
SK0210,2023,13
SK0242,2025,28
SK0101,2025,83
SK0152,2021,70
SK0184,2026,22
SK0161,2023,12
SK0051,2022,82
SK0084,2026,10
SK0280,2023,41
SK0006,2024,95
SK0233,2021,51
SK0072,2021,72
SK0172,2025,61
SK0035,2023,39
SK0281,2021,45
SK0230,2025,35
SK0098,2022,16
SK0032,2021,62
SK0289,2026,35
SK0228,2024,95
SK0156,2023,67
SK0123,2024,79
SK0085,2024,38
SK0289,2021,99
SK0102,2023,30
SK0007,2024,55
SK0139,2024,71
SK0207,2021,21
SK0056,2021,83
SK0057,2026,69
SK0194,2026,77
SK0268,2023,86
SK0022,2026,95
SK0016,2024,61
SK0203,2026,82
SK0220,2025,56
SK0137,2022,10
SK0269,2023,31
SK0089,2022,85
SK0143,2026,91
SK0169,2022,65
SK0023,2023,84
SK0194,2024,80
SK0253,2021,22
SK0125,2021,67
SK0080,2022,65
SK0147,2023,62
SK0036,2026,21
SK0297,2025,65
SK0209,2025,63
SK0108,2026,52
SK0218,2022,66
SK0143,2023,31
SK0001,2024,11
SK0079,2026,15
SK0036,2024,97
SK0076,2025,16
SK0256,2026,97
SK0266,2026,54
SK0002,2021,71
SK0190,2022,52
SK0048,2024,53
SK0187,2021,68
SK0273,2025,71
SK0260,2024,97
SK0157,2024,31
SK0300,2025,92
SK0108,2025,27
SK0212,2021,25
SK0117,2024,48
SK0236,2021,59
SK0023,2022,80
SK0020,2021,64
SK0040,2021,20
SK0250,2024,92
SK0082,2025,14
SK0068,2025,66
SK0254,2026,36
SK0287,2026,88
SK0019,2023,50
SK0159,2023,83
SK0151,2022,62
SK0053,2026,22
SK0038,2022,75
SK0126,2022,77
SK0193,2023,41
SK0276,2026,13
SK0179,2022,26
SK0243,2023,10
SK0263,2025,24
SK0244,2025,83
SK0066,2022,81
SK0145,2022,52
SK0087,2022,97
SK0176,2021,22
SK0048,2026,57
SK0245,2024,76
SK0032,2023,49
SK0087,2023,65
SK0223,2024,25
SK0195,2024,30
SK0043,2021,59
SK0073,2022,80
SK0183,2024,70
SK0185,2024,16
SK0174,2023,72
SK0175,2022,86
SK0231,2025,83
SK0262,2023,70
SK0257,2021,23
SK0176,2026,11
SK0184,2023,72
SK0090,2023,51
SK0291,2022,79
SK0135,2021,18
SK0253,2023,50
SK0201,2025,14
SK0173,2024,61
SK0069,2026,74
SK0106,2023,85
SK0233,2021,35
SK0127,2024,85
SK0130,2021,61
SK0020,2024,80
SK0259,2021,18
SK0199,2025,31
SK0132,2022,11
SK0280,2022,72
SK0285,2021,53
SK0252,2026,70
SK0114,2025,66
SK0008,2021,85
SK0294,2021,84
SK0130,2025,62
SK0196,2021,68
SK0265,2022,87
SK0162,2023,55
SK0010,2022,99
SK0062,2022,27
SK0158,2021,45
SK0225,2024,45
SK0240,2024,60
SK0274,2023,31
SK0080,2022,42
SK0001,2026,82
SK0271,2025,66
SK0208,2026,54
SK0026,2025,50
SK0019,2022,21
SK0107,2025,92
SK0187,2025,70
SK0208,2025,25
SK0149,2022,48
SK0076,2023,68
SK0258,2024,15
SK0229,2022,68
SK0260,2026,11
SK0141,2025,10
SK0221,2024,31
SK0109,2025,40
SK0238,2021,14
SK0293,2025,80
SK0208,2025,46
SK0099,2024,24
SK0272,2022,67
SK0018,2025,10
SK0252,2022,39
SK0256,2022,27
SK0140,2023,45
SK0069,2023,68
SK0177,2022,53
SK0026,2026,34
SK0128,2026,54
SK0027,2022,64
SK0018,2024,95
SK0211,2025,15
SK0173,2023,26
SK0063,2023,70
SK0095,2024,64
SK0264,2026,17
SK0171,2025,97
SK0161,2026,36
SK0169,2025,20
SK0024,2025,24
SK0155,2024,40
SK0055,2025,13
SK0273,2024,50
SK0261,2023,27
SK0227,2025,98
SK0040,2022,98
SK0207,2022,72
SK0081,2026,76
SK0106,2021,88
SK0186,2021,60
SK0087,2026,71
SK0298,2023,60
SK0166,2021,69
SK0270,2026,93
SK0157,2023,33
SK0130,2026,30
SK0155,2023,64
SK0130,2021,54
SK0210,2026,11
SK0074,2024,63
SK0241,2026,70
SK0164,2022,81
SK0139,2026,97
SK0075,2025,98
SK0034,2022,38
SK0040,2026,77
SK0076,2026,54
SK0115,2021,11
SK0255,2025,11
SK0203,2024,85
SK0227,2023,80
SK0064,2022,34
SK0162,2025,25
SK0103,2024,62
SK0281,2022,18
SK0159,2023,20
SK0149,2025,33
SK0001,2024,59
SK0293,2025,26
SK0087,2025,23
SK0199,2026,65
SK0260,2022,59
SK0194,2025,87
SK0264,2022,78
SK0017,2025,99
SK0159,2024,31
SK0182,2025,58
SK0035,2026,97
SK0071,2023,36
SK0210,2025,45
SK0257,2025,77
SK0112,2026,43
SK0251,2024,51
SK0282,2022,17
SK0186,2026,26
SK0156,2024,31
SK0124,2024,78
SK0097,2025,67
SK0078,2026,64
SK0299,2024,16
SK0187,2023,47
SK0220,2023,32
SK0259,2023,57
SK0009,2023,96
SK0257,2021,31
SK0200,2024,73
SK0225,2022,20
SK0179,2024,83
SK0015,2021,26
SK0270,2023,63
SK0138,2021,72
SK0038,2026,50
SK0035,2022,29
SK0126,2025,11
SK0280,2021,24
SK0028,2022,38
SK0061,2021,22
SK0217,2021,55
SK0295,2023,18
SK0157,2021,50
SK0267,2025,34
SK0185,2026,19
SK0130,2024,51
SK0039,2023,50
SK0121,2023,52
SK0161,2023,87
SK0258,2025,25
SK0086,2022,21
SK0095,2021,37
SK0238,2025,36
SK0034,2021,30
SK0154,2023,30
SK0134,2022,84
SK0252,2023,67
SK0139,2026,33
SK0053,2021,88
SK0239,2021,57
SK0166,2022,93
SK0084,2022,12
SK0066,2025,10
SK0240,2022,90
SK0212,2023,20
SK0022,2023,60
SK0065,2026,95
SK0172,2025,57
SK0004,2025,88
SK0121,2024,54
SK0296,2026,55
SK0274,2026,10
SK0092,2021,60
SK0179,2023,46
SK0210,2024,74
SK0056,2023,36
SK0146,2025,72
SK0167,2024,21
SK0120,2022,29
SK0059,2023,90
SK0092,2025,35
SK0274,2022,46
SK0043,2023,27
SK0059,2023,44
SK0240,2025,42
SK0255,2026,85
SK0139,2025,72
SK0223,2022,90
SK0054,2025,84
SK0163,2025,74
SK0085,2024,42
SK0139,2024,14
SK0202,2026,12
SK0064,2022,40
SK0271,2024,21
SK0255,2026,49
SK0274,2024,77
SK0045,2025,28
SK0175,2025,77
SK0047,2024,28
SK0275,2023,16
SK0170,2026,19
SK0210,2022,65
SK0291,2022,86
SK0141,2023,65
SK0006,2025,97
SK0294,2026,69
SK0183,2023,23
SK0039,2022,34
SK0232,2025,63
SK0105,2024,24
SK0241,2021,18
SK0300,2021,94
SK0261,2022,29
SK0226,2024,73
SK0290,2025,64
SK0145,2024,98
SK0107,2026,93
SK0011,2025,85
SK0257,2022,75
SK0024,2021,49
SK0265,2023,52
SK0229,2024,54
SK0204,2026,73
SK0042,2025,78
SK0166,2025,77
SK0038,2023,90
SK0196,2021,56
SK0294,2022,11
SK0165,2026,96
SK0066,2024,34
SK0033,2026,48
SK0189,2025,84
SK0006,2022,26
SK0190,2024,51
SK0183,2026,65
SK0100,2021,32
SK0095,2024,93
SK0191,2022,17
SK0017,2022,93
SK0127,2021,27
SK0173,2021,19
SK0088,2024,92
SK0209,2021,19
SK0096,2026,33
SK0150,2026,73
SK0274,2025,48
SK0300,2022,58
SK0196,2025,59
SK0004,2025,21
SK0046,2024,82
SK0232,2025,45
SK0012,2023,77
SK0131,2022,29
SK0188,2021,55
SK0156,2023,95
SK0075,2025,86
SK0016,2025,43
SK0191,2026,29
SK0198,2023,38
SK0079,2023,69
SK0037,2022,34
SK0132,2021,64
SK0018,2024,67
SK0081,2026,20
SK0264,2026,64
SK0187,2022,26
SK0199,2022,38
SK0273,2021,24
SK0218,2023,58
SK0174,2026,49
SK0264,2024,19
SK0251,2022,24
SK0215,2023,29
SK0210,2026,75
SK0209,2026,36
SK0034,2022,14
SK0115,2022,47
SK0268,2024,44
SK0022,2022,92
SK0280,2022,48
SK0018,2026,51
SK0010,2024,19
SK0244,2021,98
SK0264,2022,80
SK0092,2023,34
SK0207,2026,46
SK0111,2024,73
SK0123,2026,40
SK0244,2021,91
SK0246,2024,34
SK0159,2023,77
SK0033,2024,10
SK0270,2024,77
SK0261,2024,82
SK0107,2022,33
SK0164,2021,87
SK0161,2021,35
SK0013,2021,40
SK0097,2025,39
SK0266,2025,82
SK0253,2021,38
SK0258,2021,17
SK0284,2023,11
SK0254,2026,55
SK0238,2025,24
SK0108,2026,65
SK0181,2023,34
SK0152,2025,24
SK0150,2026,57
SK0053,2022,72
SK0147,2025,69
SK0219,2022,19
SK0287,2021,61
SK0079,2024,61
SK0214,2024,29
SK0114,2022,62
SK0189,2026,34
SK0177,2023,23
SK0147,2021,42
SK0172,2023,23
SK0259,2026,12
SK0071,2025,92
SK0155,2024,24
SK0158,2024,66
SK0293,2022,84
SK0133,2022,98
SK0236,2024,93
SK0251,2025,60
SK0171,2026,44
SK0044,2021,12
SK0242,2022,83
SK0188,2022,42
SK0158,2021,81
SK0299,2026,69
SK0237,2023,11
SK0204,2025,84
SK0239,2021,46
SK0109,2025,90
SK0097,2025,59
SK0064,2023,15
SK0012,2026,68
SK0097,2025,40
SK0273,2022,31
SK0249,2024,54
SK0071,2025,61
SK0138,2025,56
SK0202,2026,28
SK0026,2023,66
SK0027,2025,43
SK0292,2024,42
SK0152,2026,26
SK0027,2021,45
SK0126,2023,65
SK0186,2025,14
SK0223,2023,47
SK0218,2024,25
SK0170,2026,70
SK0063,2022,32
SK0224,2026,31
SK0070,2021,66
SK0123,2025,60
SK0298,2021,95
SK0029,2025,73
SK0153,2025,76
SK0053,2026,87
SK0293,2022,98
SK0040,2021,90
SK0204,2021,79
SK0137,2026,90
SK0265,2024,74
SK0068,2023,61
SK0209,2025,94
SK0032,2025,29
SK0235,2022,18
SK0070,2025,48
SK0159,2021,56
SK0069,2023,21
SK0286,2023,88
SK0237,2024,41
SK0280,2022,18
SK0237,2025,91
SK0279,2024,28
SK0184,2023,93
SK0065,2022,23
SK0288,2024,34
SK0027,2023,83
SK0160,2021,94
SK0082,2024,19
SK0035,2021,53
SK0028,2025,18
SK0103,2024,56
SK0165,2022,12
SK0149,2023,73
SK0103,2022,97
SK0263,2025,55
SK0040,2026,62
SK0291,2025,86
SK0208,2023,80
SK0271,2022,93
SK0299,2023,24
SK0130,2025,99
SK0200,2025,97
SK0126,2023,65
SK0001,2022,10
SK0240,2022,75
SK0263,2026,57
SK0148,2024,53
SK0171,2023,66
SK0023,2022,24
SK0279,2021,13
SK0061,2022,95
SK0095,2024,18
SK0237,2021,65
SK0123,2024,51
SK0208,2026,45
SK0248,2023,72
SK0049,2025,11
SK0278,2021,74
SK0079,2025,71
SK0030,2021,46
SK0064,2026,22
SK0227,2025,27
SK0132,2022,71
SK0027,2021,86
SK0214,2022,73
SK0294,2021,53
SK0045,2021,71
SK0242,2025,79
SK0093,2026,54
SK0111,2022,70
SK0161,2025,17
SK0205,2022,19
SK0023,2022,63
SK0005,2021,72
SK0091,2023,89
SK0051,2023,85
SK0195,2022,69
SK0070,2026,95
SK0059,2021,84
SK0118,2022,22
SK0139,2023,77
SK0155,2024,14
SK0118,2021,28
SK0079,2024,21
SK0032,2025,27
SK0294,2024,98
SK0003,2021,38
SK0230,2021,98
SK0299,2023,48
SK0288,2021,72
SK0184,2024,60
SK0129,2024,39
SK0049,2025,45
SK0009,2021,43
SK0276,2025,62
SK0096,2021,99
SK0016,2022,32
SK0129,2022,53
SK0179,2026,85
SK0078,2021,36
SK0037,2024,28
SK0227,2024,57
SK0065,2023,49
SK0047,2025,50
SK0025,2025,83
SK0078,2021,29
SK0269,2026,39
SK0053,2023,89
SK0274,2022,24
SK0133,2026,21
SK0246,2023,55
SK0247,2026,63
SK0286,2022,85
SK0089,2025,17
SK0140,2024,69
SK0152,2021,45
SK0255,2024,66
SK0090,2023,83
SK0230,2026,58
SK0186,2025,69
SK0188,2023,55
SK0089,2025,43
SK0158,2025,99
SK0256,2026,51
SK0259,2026,64
SK0179,2025,11
SK0237,2025,15
SK0286,2025,62
SK0290,2024,20
SK0074,2022,53
SK0121,2023,37
SK0002,2022,65
SK0124,2025,46
SK0057,2021,76
SK0155,2023,21
SK0167,2021,47
SK0271,2023,76
SK0001,2026,50
SK0134,2026,75
SK0244,2025,82
SK0278,2023,38
SK0119,2023,43
SK0253,2023,14
SK0249,2023,11
SK0015,2023,66
SK0127,2023,84
SK0101,2025,17
SK0201,2021,61
SK0210,2024,53
SK0242,2021,50
SK0157,2021,95
SK0008,2024,83
SK0242,2021,44
SK0117,2026,66
SK0053,2022,56
SK0243,2025,57
SK0258,2026,47
SK0050,2022,81
SK0079,2026,23
SK0185,2026,76
SK0106,2024,42
SK0086,2025,55
SK0028,2026,40
SK0226,2021,83
SK0272,2024,60
SK0037,2021,63
SK0105,2026,10
SK0181,2022,80
SK0163,2021,18
SK0290,2021,93
SK0206,2026,43
SK0273,2021,73
SK0096,2022,21
SK0163,2025,22
SK0280,2023,44
SK0162,2026,91
SK0048,2021,35
SK0092,2023,40
SK0227,2023,25
SK0176,2024,65
SK0153,2024,22
SK0149,2022,99
SK0030,2022,45
SK0163,2026,45
SK0179,2024,81
SK0113,2021,21
SK0099,2026,61
SK0190,2023,68
SK0091,2025,44
SK0078,2021,97
SK0060,2026,40
SK0288,2023,56
SK0262,2022,78
SK0300,2024,88
SK0251,2026,70
SK0039,2026,16
SK0278,2021,78
SK0181,2023,70
SK0206,2026,17
SK0247,2023,43
SK0026,2021,43
SK0017,2024,92
SK0085,2023,88
SK0262,2025,56
SK0228,2026,38
SK0118,2022,54
SK0014,2022,89
SK0084,2026,56
SK0270,2022,70
SK0122,2026,42
SK0224,2023,41
SK0174,2024,71
SK0292,2023,27
SK0227,2021,61
SK0145,2024,35
SK0113,2025,50
SK0148,2021,71
SK0234,2026,47
SK0101,2024,41
SK0251,2024,78
SK0039,2021,59
SK0046,2023,32
SK0029,2021,93
SK0087,2021,40
SK0003,2022,43
SK0262,2021,95
SK0037,2021,83
SK0027,2023,33
SK0295,2023,60
SK0293,2025,91
SK0246,2021,67
SK0153,2023,79
SK0094,2026,94
SK0300,2022,90
SK0189,2021,39
SK0176,2024,73
SK0145,2025,85
SK0173,2025,19
SK0230,2021,20
SK0044,2023,79
SK0130,2024,29
SK0040,2021,47
SK0010,2025,18
SK0192,2021,62
SK0213,2021,61
SK0059,2025,57
SK0204,2022,43
SK0023,2021,57
SK0099,2021,69
SK0044,2021,13
SK0141,2023,73
SK0209,2026,98
SK0008,2023,43
SK0148,2021,20
SK0043,2026,36
SK0193,2025,17
SK0002,2022,81
SK0261,2026,98
SK0222,2022,68
SK0203,2021,74
SK0059,2025,18
SK0219,2023,88
SK0255,2026,32
SK0246,2023,19
SK0213,2023,37
SK0135,2025,43
SK0268,2025,29
SK0137,2023,95
SK0066,2023,50
SK0191,2026,10
SK0165,2026,33
SK0169,2025,42
SK0121,2022,83
SK0272,2026,63
SK0272,2023,91
SK0132,2024,98
SK0036,2024,89
SK0187,2025,66
SK0093,2021,65
SK0058,2021,55
SK0260,2024,12
SK0149,2023,67
SK0039,2024,45
SK0072,2023,36
SK0060,2025,33
SK0068,2025,52
SK0291,2022,94
SK0227,2021,65
SK0245,2023,70
SK0039,2022,48
SK0101,2025,64
SK0215,2021,59
SK0190,2021,35
SK0121,2025,63
SK0206,2023,42
SK0011,2022,79
SK0201,2021,60
SK0169,2026,42
SK0087,2024,32
SK0010,2022,23
SK0276,2022,79
SK0185,2026,48
SK0285,2022,99
SK0201,2023,52
SK0195,2026,74
SK0095,2022,43
SK0204,2024,40
SK0012,2022,27
SK0051,2026,40
SK0046,2026,95
SK0141,2026,23
SK0019,2025,56
SK0243,2025,54
SK0156,2025,80
SK0260,2022,79
SK0019,2022,82
SK0172,2023,58
SK0185,2024,97
SK0029,2023,54
SK0034,2026,74
SK0183,2023,69
SK0120,2026,89
SK0285,2021,61
SK0107,2025,29
SK0202,2025,22
SK0084,2026,64
SK0208,2024,64
SK0042,2024,27
SK0188,2021,18
SK0249,2021,50
SK0177,2023,29
SK0217,2021,88
SK0075,2024,32
SK0238,2024,83
SK0278,2022,62
SK0017,2022,79
SK0167,2026,40
SK0259,2022,15
SK0034,2024,21
SK0239,2025,50
SK0090,2025,71
SK0127,2026,97
SK0060,2025,10
SK0289,2024,10
SK0300,2025,84
SK0120,2022,92
SK0284,2021,91
SK0248,2025,44
SK0042,2021,81
SK0126,2022,68
SK0051,2021,66
SK0074,2024,19
SK0214,2022,48
SK0288,2023,58
SK0272,2026,68
SK0017,2026,99
SK0109,2025,33
SK0226,2022,36
SK0026,2024,35
SK0265,2025,84
SK0274,2022,30
SK0213,2021,30
SK0168,2024,14
SK0029,2023,72
SK0135,2026,95
SK0041,2024,77
SK0214,2021,83
SK0111,2025,97
SK0035,2022,56
SK0040,2024,66
SK0298,2021,65
SK0248,2022,22
SK0217,2024,59
SK0225,2023,94
SK0034,2023,62
SK0228,2025,64
SK0207,2026,78
SK0034,2023,56
SK0017,2024,93
SK0140,2025,41
SK0248,2026,57
SK0132,2026,16
SK0216,2023,37
SK0243,2023,14
SK0095,2025,65
SK0219,2023,53
SK0097,2023,49
SK0119,2023,84
SK0293,2023,23
SK0100,2021,40
SK0028,2025,47
SK0078,2022,34
SK0191,2025,62
SK0100,2021,79
SK0025,2023,34
SK0156,2022,34
SK0262,2025,81
SK0185,2024,41
SK0185,2021,79
SK0283,2023,15
SK0073,2024,64
SK0028,2023,61
SK0154,2022,39
SK0146,2024,52
SK0232,2021,92
SK0211,2024,96
SK0127,2025,93
SK0279,2021,19
SK0129,2023,26
SK0111,2023,67
SK0086,2021,96
SK0191,2022,72
SK0049,2025,52
SK0186,2022,70
SK0173,2026,29
SK0109,2021,97
SK0058,2023,96
SK0179,2024,80
SK0173,2023,44
SK0070,2026,76
SK0183,2021,18
SK0145,2025,97
SK0208,2023,94
SK0064,2022,23
SK0224,2025,69
SK0033,2023,49
SK0236,2026,19
SK0162,2025,10
SK0250,2026,41
SK0234,2025,48
SK0192,2023,18
SK0118,2024,81
SK0032,2026,67
SK0221,2024,97
SK0023,2026,44
SK0242,2021,64
SK0192,2026,58
SK0096,2025,99
SK0120,2021,48
SK0038,2023,81
SK0191,2021,34
SK0156,2023,47
SK0086,2023,84
SK0176,2025,86
SK0069,2021,37
SK0110,2022,74
SK0202,2026,64
SK0084,2024,10
SK0215,2021,58
SK0104,2021,50
SK0145,2025,72
SK0092,2021,84
SK0198,2023,80
SK0262,2021,24
SK0031,2022,94
SK0189,2021,93
SK0213,2021,56
SK0190,2023,85
SK0187,2026,77
SK0117,2026,75
SK0243,2026,67
SK0293,2022,18
SK0265,2021,20
SK0046,2021,38
SK0161,2024,98
SK0231,2022,70
SK0081,2025,78
SK0277,2024,99
SK0179,2022,74
SK0293,2022,38
SK0286,2022,60
SK0087,2021,50
SK0192,2021,75
SK0154,2026,34
SK0158,2023,43
SK0247,2024,59
SK0021,2024,72
SK0196,2022,79
SK0132,2021,80
SK0240,2026,45
SK0292,2022,47
SK0031,2025,28
SK0279,2022,14
SK0233,2022,83
SK0131,2024,83
SK0257,2026,15
SK0243,2026,71
SK0140,2026,46
SK0215,2026,82
SK0023,2025,45
SK0170,2022,44
SK0158,2022,44
SK0220,2025,84
SK0089,2022,93
SK0030,2025,89
SK0008,2022,43
SK0062,2026,39
SK0273,2023,67
SK0009,2021,35
SK0088,2022,60
SK0002,2022,69
SK0183,2025,99
SK0115,2022,31
SK0065,2022,86
SK0272,2022,13
SK0186,2023,35
SK0182,2021,37
SK0057,2026,36
SK0109,2021,57
SK0040,2024,27
SK0101,2024,51
SK0247,2024,84
SK0282,2023,62
SK0106,2021,20
SK0179,2023,55
SK0119,2026,80
SK0227,2025,11
SK0226,2024,17
SK0186,2024,13
SK0256,2023,57
SK0232,2022,79
SK0265,2023,38
SK0105,2025,93
SK0080,2022,18
SK0058,2026,45
SK0094,2024,69
SK0009,2026,28
SK0114,2021,24
SK0149,2025,80
SK0198,2021,98
SK0028,2023,65
SK0288,2021,37
SK0092,2021,46
SK0251,2024,85
SK0038,2024,70
SK0021,2023,17
SK0064,2025,87
SK0180,2026,27
SK0219,2025,72
SK0016,2022,13
SK0227,2025,84
SK0017,2021,33
SK0179,2024,20
SK0100,2022,83
SK0300,2024,19
SK0214,2026,40
SK0281,2025,12
SK0182,2021,16
SK0291,2025,39
SK0049,2021,41
SK0019,2023,20
SK0040,2022,64
SK0025,2026,91
SK0123,2022,81
SK0049,2021,71
SK0169,2021,17
SK0007,2021,12
SK0089,2024,49
SK0073,2022,77
SK0093,2025,77
SK0105,2026,36
SK0196,2021,49
SK0109,2022,68
SK0198,2023,44
SK0082,2021,78
SK0030,2024,53
SK0172,2025,97
SK0245,2026,32
SK0080,2021,42
SK0180,2026,84
SK0287,2022,35
SK0037,2023,94
SK0001,2022,15
SK0077,2025,46
SK0143,2021,99
SK0181,2021,34
SK0017,2024,18
SK0241,2024,25
SK0188,2021,28
SK0021,2025,19
SK0114,2025,28
SK0200,2026,33
SK0280,2022,89
SK0143,2021,35
SK0171,2023,58
SK0160,2026,46
SK0137,2022,91
SK0295,2023,21
SK0034,2021,10
SK0263,2025,44
SK0014,2025,34
SK0202,2023,41
SK0215,2025,90
SK0259,2024,41
SK0220,2023,42
SK0128,2022,74
SK0145,2025,14
SK0284,2024,39
SK0113,2021,94
SK0022,2021,86
SK0085,2022,80
SK0284,2024,26
SK0080,2021,83
SK0054,2023,87
SK0282,2023,82
SK0101,2026,41
SK0298,2023,29
SK0216,2023,23
SK0247,2025,26
SK0174,2022,63
SK0005,2022,77
SK0025,2022,84
SK0010,2024,79
SK0020,2023,42
SK0213,2025,28
SK0087,2023,19
SK0002,2023,75
SK0280,2025,34
SK0072,2023,28
SK0169,2025,95
SK0269,2023,49
SK0277,2022,61
SK0053,2026,41
SK0200,2022,59
SK0135,2021,98
SK0011,2025,92
SK0294,2022,31
SK0252,2021,52
SK0256,2021,86
SK0268,2026,50
SK0138,2023,52
SK0282,2025,85
SK0264,2023,34
SK0064,2025,95
SK0089,2026,20
SK0029,2023,81
SK0192,2026,29
SK0157,2023,22
SK0057,2025,67
SK0194,2026,40
SK0105,2026,48
SK0103,2024,35
SK0284,2022,78
SK0185,2025,33
SK0097,2021,48
SK0049,2024,45
SK0216,2026,45
SK0010,2024,68
SK0232,2026,48
SK0012,2025,65
SK0224,2021,87
SK0035,2021,56
SK0073,2023,18
SK0016,2025,47
SK0170,2025,78
SK0086,2023,53
SK0295,2022,68
SK0151,2025,39
SK0160,2025,91
SK0020,2026,95
SK0117,2025,35
SK0130,2024,78
SK0104,2026,88
SK0154,2022,63
SK0084,2023,66
SK0270,2022,95
SK0127,2022,12
SK0261,2025,41
SK0023,2023,97
SK0048,2026,60
SK0121,2023,51
SK0130,2023,71
SK0136,2022,14
SK0013,2026,65
SK0201,2022,98
SK0229,2024,79
SK0121,2022,41
SK0019,2022,76
SK0129,2024,46
SK0080,2026,23
SK0117,2024,55
SK0132,2022,63
SK0021,2022,92
SK0033,2022,81
SK0013,2022,42
SK0279,2021,76
SK0238,2022,95
SK0264,2021,95
SK0108,2022,55
SK0212,2026,37
SK0249,2026,95
SK0065,2024,71
SK0036,2024,87
SK0106,2024,74
SK0066,2022,60
SK0116,2024,26
SK0125,2021,59
SK0250,2026,34
SK0214,2023,77
SK0012,2026,90
SK0064,2025,78
SK0253,2022,56
SK0097,2024,11
SK0124,2023,16
SK0007,2022,71
SK0239,2022,57
SK0259,2025,72
SK0096,2022,25
SK0211,2025,50
SK0150,2026,46
SK0061,2025,52
SK0224,2022,44
SK0167,2026,74
SK0289,2021,81
SK0038,2021,41
SK0102,2026,49
SK0002,2022,35
SK0106,2026,60
SK0174,2024,69
SK0225,2024,17
SK0024,2024,60
SK0092,2026,25
SK0008,2023,34
SK0021,2024,48
SK0191,2021,70
SK0144,2021,70
SK0229,2022,84
SK0042,2023,70
SK0207,2023,28
SK0156,2023,49
SK0289,2025,80
SK0258,2023,32
SK0150,2024,14
SK0228,2026,77
SK0195,2025,60
SK0230,2022,80
SK0180,2021,59
SK0292,2026,46
SK0094,2026,35
SK0121,2023,23
SK0194,2021,22
SK0043,2024,57
SK0014,2021,29
SK0183,2024,74
SK0101,2022,27
SK0044,2022,20
SK0286,2026,90
SK0150,2021,26
SK0099,2023,44
SK0210,2021,42
SK0089,2023,93
SK0127,2025,75
SK0091,2024,59
SK0043,2025,14
SK0294,2025,57
SK0055,2021,75
SK0144,2026,60
SK0187,2026,84
SK0252,2025,88
SK0047,2022,43
SK0254,2026,48
SK0194,2024,21
SK0234,2024,30
SK0061,2023,63
SK0004,2025,70
SK0156,2022,99
SK0213,2021,14
SK0104,2026,99
SK0157,2024,10
SK0057,2022,18
SK0064,2021,79
SK0084,2025,50
SK0268,2024,55
SK0104,2023,85
SK0112,2023,48
SK0279,2024,58
SK0283,2026,92
SK0106,2026,18
SK0280,2024,10
SK0300,2026,60
SK0130,2026,74
SK0296,2021,47
SK0102,2022,88
SK0064,2023,90
SK0020,2026,87
SK0202,2025,71
SK0295,2025,95
SK0284,2024,25
SK0063,2024,80
SK0021,2023,38
SK0244,2025,45
SK0244,2023,93
SK0083,2022,29
SK0187,2021,13
SK0161,2026,19
SK0240,2025,19
SK0159,2026,80
SK0235,2022,14
SK0064,2025,16
SK0051,2022,91
SK0008,2021,76
SK0059,2021,24
SK0092,2026,69
SK0200,2021,72
SK0163,2024,39
SK0214,2023,59
SK0014,2025,93
SK0179,2022,93
SK0055,2025,43
SK0039,2025,22
SK0114,2023,20
SK0211,2024,19
SK0290,2024,71
SK0125,2023,51
SK0143,2024,94
SK0018,2026,61
SK0122,2021,79
SK0267,2025,45
SK0260,2025,92
SK0044,2026,82
SK0155,2025,32
SK0110,2025,65
SK0155,2024,34
SK0042,2022,12
SK0030,2021,72
SK0069,2026,88
SK0017,2024,94
SK0235,2023,78
SK0263,2025,52
SK0141,2023,27
SK0244,2023,86
SK0002,2021,62
SK0253,2025,88
SK0272,2024,54
SK0082,2022,57
SK0269,2023,81
SK0034,2024,29
SK0051,2022,76
SK0174,2025,50
SK0162,2026,39
SK0189,2025,53
SK0063,2021,43
SK0028,2022,91
SK0234,2024,12
SK0024,2026,39
SK0217,2023,52
SK0062,2025,43
SK0261,2023,17
SK0221,2022,72
SK0241,2025,87
SK0079,2021,57
SK0071,2026,71
SK0192,2022,82
SK0105,2025,27
SK0086,2024,56
SK0289,2023,77
SK0081,2023,76
SK0290,2026,41
SK0085,2025,90
SK0089,2024,99
SK0083,2025,80
SK0124,2022,43
SK0216,2026,63
SK0170,2025,87
SK0058,2021,95
SK0293,2023,58
SK0282,2022,33
SK0176,2023,57
SK0011,2025,69
SK0225,2025,33
SK0151,2024,40
SK0060,2024,74
SK0210,2024,58
SK0160,2022,91
SK0147,2024,96
SK0122,2024,69
SK0258,2024,43
SK0121,2022,97
SK0118,2023,54
SK0037,2024,31
SK0299,2022,13
SK0262,2026,90
SK0012,2024,12
SK0104,2026,82
SK0202,2023,92
SK0220,2022,17
SK0082,2024,62
SK0158,2023,40
SK0292,2026,68
SK0281,2021,37
SK0212,2023,49
SK0043,2026,96
SK0112,2021,99
SK0166,2026,65
SK0256,2026,38
SK0242,2024,31
SK0167,2024,62
SK0286,2024,66
SK0096,2026,25
SK0019,2026,46
SK0246,2023,14
SK0214,2024,99
SK0001,2023,71
SK0058,2021,65
SK0005,2025,78
SK0268,2021,27
SK0232,2026,48
SK0161,2022,33
SK0181,2026,42
SK0126,2023,60
SK0180,2026,28
SK0042,2024,39
SK0225,2023,47
SK0163,2021,65
SK0121,2024,35
SK0128,2025,21
SK0005,2021,21
SK0053,2024,83
SK0293,2025,30
SK0171,2021,78
SK0189,2024,69
SK0148,2026,77
SK0101,2024,67
SK0201,2023,32
SK0142,2026,95
SK0124,2026,62
SK0272,2025,92
SK0172,2023,70
SK0123,2024,45
SK0138,2024,42
SK0198,2022,80
SK0235,2025,67
SK0267,2023,57
SK0291,2024,36
SK0226,2025,69
SK0115,2023,31
SK0039,2025,63
SK0108,2026,94
SK0147,2023,48
SK0077,2023,82
SK0266,2021,14
SK0268,2025,88
SK0117,2022,45
SK0009,2022,25
SK0212,2022,48
SK0230,2023,95
SK0050,2021,60
SK0292,2024,43
SK0208,2026,53
SK0011,2021,89
SK0038,2026,31
SK0185,2024,12
SK0174,2022,26
SK0146,2025,41
SK0074,2022,10
SK0074,2022,17
SK0205,2026,43
SK0027,2021,73
SK0096,2021,62
SK0086,2024,90
SK0276,2024,31
SK0213,2022,98
SK0155,2022,84
SK0177,2024,55
SK0128,2021,84
SK0059,2023,58
SK0080,2021,59
SK0214,2022,80
SK0264,2023,78
SK0081,2023,19
SK0068,2026,11
SK0066,2021,67
SK0064,2023,23
SK0040,2026,13
SK0143,2026,73
SK0163,2021,57
SK0192,2023,91
SK0173,2021,55
SK0263,2022,96
SK0207,2022,96
SK0141,2021,67
SK0239,2023,63
SK0118,2024,70
SK0081,2026,22
SK0139,2024,62
SK0071,2023,47
SK0148,2023,85
SK0056,2025,71
SK0239,2024,25
SK0300,2021,37
SK0112,2022,76
SK0128,2025,64
SK0171,2021,60
SK0068,2022,89
SK0210,2023,17
SK0287,2026,40
SK0116,2025,12
SK0167,2022,98
SK0299,2024,35
SK0262,2023,60
SK0166,2026,39
SK0185,2021,23
SK0081,2021,24
SK0126,2021,78
SK0135,2022,76
SK0014,2024,94
SK0119,2025,15
SK0172,2021,44
SK0183,2021,49
SK0030,2026,83
SK0110,2026,97
SK0213,2024,88
SK0020,2023,49
SK0197,2021,23
SK0253,2025,64
SK0103,2024,54
SK0263,2024,93
SK0068,2026,60
SK0142,2023,38
SK0170,2021,47
SK0230,2026,88
SK0139,2021,18
SK0245,2024,30
SK0201,2024,98
SK0107,2024,15
SK0003,2026,56
SK0168,2026,15
SK0288,2025,10
SK0113,2025,51
SK0013,2024,56
SK0092,2024,23
SK0089,2021,99
SK0246,2025,57
SK0135,2021,32
SK0253,2023,46
SK0198,2025,12
SK0255,2021,54
SK0120,2025,51
SK0180,2025,37
SK0022,2022,89
SK0152,2025,49
SK0086,2024,77
SK0140,2021,59
SK0017,2022,61
SK0210,2022,64
SK0237,2022,83
SK0048,2022,78
SK0197,2023,81
SK0017,2024,53
SK0072,2026,73
SK0266,2025,62
SK0187,2025,91
SK0006,2026,41
SK0236,2023,79
SK0240,2021,68
SK0112,2024,23
SK0103,2022,74
SK0184,2024,79
SK0118,2025,76
SK0054,2026,92
SK0215,2022,81
SK0047,2025,58
SK0036,2021,31
SK0150,2025,92
SK0275,2021,72
SK0097,2024,21
SK0003,2023,68
SK0233,2024,10
SK0159,2022,77
SK0283,2025,36
SK0091,2026,77
SK0050,2024,55
SK0167,2026,23
SK0299,2021,44
SK0251,2023,10
SK0206,2024,63
SK0021,2022,31
SK0127,2022,84
SK0168,2025,33
SK0116,2024,11
SK0138,2024,18
SK0202,2026,33
SK0069,2024,68
SK0009,2025,27
SK0093,2021,42
SK0277,2021,42
SK0145,2022,41
SK0021,2022,52
SK0221,2023,14
SK0165,2025,98
SK0272,2025,28
SK0168,2025,80
SK0188,2025,52
SK0092,2025,77
SK0059,2024,79
SK0050,2026,60
SK0243,2026,50
SK0097,2022,87
SK0086,2023,79
SK0259,2024,14
SK0146,2025,27
SK0068,2023,91
SK0212,2026,51
SK0049,2022,29
SK0036,2026,93
SK0241,2025,39
SK0271,2024,97
SK0008,2023,32
SK0052,2022,35
SK0167,2024,29
SK0123,2023,78
SK0104,2024,94
SK0208,2026,32
SK0165,2026,18
SK0094,2021,74
SK0141,2025,13
SK0030,2021,18
SK0253,2025,21
SK0151,2021,15
SK0125,2023,85
SK0087,2026,59
SK0195,2022,82
SK0092,2025,55
SK0010,2024,20
SK0183,2024,58
SK0180,2023,96
SK0081,2024,44
SK0125,2022,76
SK0100,2021,72
SK0057,2021,74
SK0117,2023,28
SK0171,2026,22
SK0141,2024,83
SK0074,2024,89
SK0214,2022,37
SK0183,2026,54
SK0187,2023,16
SK0030,2022,44
SK0029,2024,54
SK0061,2023,78
SK0173,2023,54
SK0206,2024,94
SK0151,2022,87
SK0027,2026,60
SK0007,2021,46
SK0065,2023,13
SK0108,2025,65
SK0024,2021,10
SK0161,2026,27
SK0056,2021,79
SK0178,2025,81
SK0069,2022,90
SK0060,2023,54
SK0160,2022,29
SK0046,2022,22
SK0045,2025,18
SK0208,2025,16
SK0143,2022,57
SK0067,2023,40
SK0001,2024,88
SK0099,2022,63
SK0140,2024,92
SK0025,2023,86
SK0171,2025,61
SK0136,2024,46
SK0260,2025,29
SK0073,2025,68
SK0144,2024,31
SK0293,2022,11
SK0253,2022,23
SK0086,2023,30
SK0204,2022,44
SK0230,2025,73
SK0148,2024,85
SK0150,2022,32
SK0297,2026,99
SK0225,2025,49
SK0027,2024,75
SK0091,2026,68
SK0163,2023,56
SK0222,2024,35
SK0285,2022,98
SK0149,2022,30
SK0226,2025,65
SK0102,2023,22
SK0239,2025,25
SK0269,2024,64
SK0209,2026,51
SK0064,2021,75
SK0299,2024,12
SK0196,2023,51
SK0059,2026,42
SK0169,2026,37
SK0056,2023,55
SK0131,2024,99
SK0251,2026,70
SK0110,2024,21
SK0002,2024,80
SK0084,2025,78
SK0069,2025,97
SK0084,2026,77
SK0004,2025,73
SK0100,2021,41
SK0271,2025,59
SK0063,2025,53
SK0248,2024,39
SK0093,2023,14
SK0290,2026,14
SK0037,2023,60
SK0035,2021,75
SK0278,2026,12
SK0257,2023,70
SK0211,2023,96
SK0040,2026,45
SK0007,2025,47
SK0140,2021,39
SK0081,2026,22
SK0263,2026,87
SK0265,2026,40
SK0256,2023,29
SK0136,2022,34
SK0261,2025,88
SK0190,2025,81
SK0067,2021,61
SK0043,2024,42
SK0204,2024,35
SK0289,2026,24
SK0174,2025,81
SK0202,2024,70
SK0221,2024,54
SK0179,2025,43
SK0059,2026,92
SK0112,2026,45
SK0086,2026,64
SK0297,2024,33
SK0269,2024,98
SK0150,2024,85
SK0193,2026,16
SK0047,2024,80
SK0083,2026,90
SK0144,2024,28
SK0048,2026,92
SK0175,2024,44
SK0284,2026,23
SK0221,2022,55
SK0226,2026,10
SK0174,2023,46
SK0119,2025,95
SK0113,2024,78
SK0124,2025,96
SK0275,2026,71
SK0228,2024,43
SK0126,2023,58
SK0134,2024,55
SK0281,2022,40
SK0086,2025,65
SK0198,2025,64
SK0011,2025,98
SK0185,2024,58
SK0044,2022,71
SK0208,2023,45
SK0271,2023,21
SK0038,2024,42
SK0022,2024,88
SK0067,2021,58
SK0271,2026,41
SK0293,2024,94
SK0180,2024,27
SK0292,2023,57
SK0288,2021,67
SK0158,2024,33
SK0216,2024,11
SK0036,2021,33
SK0203,2022,74
SK0281,2024,73
SK0136,2021,24
SK0216,2021,54
SK0216,2023,51
SK0280,2025,31
SK0034,2022,18
SK0137,2024,16
SK0296,2026,40
SK0262,2023,87
SK0209,2022,90
SK0281,2021,91
SK0231,2025,50
SK0096,2023,44
SK0017,2023,85
SK0139,2025,65
SK0138,2023,67
SK0125,2026,59
SK0085,2024,48
SK0252,2021,53
SK0238,2024,55
SK0099,2022,32
SK0105,2024,94
SK0067,2024,47
SK0271,2025,36
SK0132,2025,24
SK0104,2023,61
SK0161,2021,71
SK0205,2021,37
SK0110,2023,82
SK0257,2021,99
SK0166,2021,78
SK0014,2026,75
SK0171,2026,27
SK0161,2026,16
SK0085,2021,94
SK0069,2021,70
SK0063,2026,69
SK0211,2024,84
SK0123,2021,86
SK0159,2024,67
SK0213,2025,26
SK0141,2024,88
SK0222,2023,63
SK0248,2023,53
SK0060,2023,55
SK0123,2022,60
SK0063,2022,91
SK0181,2023,86
SK0291,2024,12
SK0268,2023,81
SK0038,2025,36
SK0215,2022,49
SK0253,2022,55
SK0041,2024,99
SK0275,2026,82
SK0142,2024,52
SK0229,2024,36
SK0270,2021,11
SK0025,2024,16
SK0129,2021,32
SK0159,2025,62
SK0051,2023,33
SK0219,2026,47
SK0244,2024,98
SK0179,2021,62
SK0197,2023,92
SK0003,2021,83
SK0091,2021,29
SK0078,2021,16
SK0053,2021,74
SK0225,2021,79
SK0223,2023,66
SK0121,2023,95
SK0146,2026,52
SK0085,2026,41
SK0029,2023,80
SK0240,2023,83
SK0056,2021,31
SK0240,2026,63
SK0085,2024,38
SK0156,2021,30
SK0075,2022,71
SK0119,2022,10
SK0105,2021,50
SK0105,2026,13
SK0284,2024,70
SK0063,2024,80
SK0163,2022,42
SK0180,2023,70
SK0293,2021,58
SK0090,2023,99
SK0153,2022,40
SK0061,2025,63
SK0257,2021,77
SK0123,2022,65
SK0130,2026,16
SK0130,2021,99
SK0131,2026,68
SK0185,2021,23
SK0206,2021,39
SK0214,2024,25
SK0044,2022,26
SK0142,2026,93
SK0109,2021,89
SK0202,2022,55
SK0284,2023,79
SK0123,2022,13
SK0253,2021,80
SK0157,2026,56
SK0243,2024,52
SK0109,2022,15
SK0194,2026,18
SK0229,2025,46
SK0111,2026,71
SK0267,2021,91
SK0188,2023,41
SK0145,2022,38
SK0263,2026,65
SK0109,2025,26
SK0235,2025,97
SK0099,2021,63
SK0223,2021,91
SK0231,2024,30
SK0140,2024,93
SK0273,2026,29
SK0274,2021,52
SK0164,2025,42
SK0093,2024,51
SK0229,2022,43
SK0026,2026,78
SK0216,2021,74
SK0050,2021,80
SK0156,2025,90
SK0300,2026,85
SK0094,2025,88
SK0120,2024,77
SK0219,2026,93
SK0174,2021,33
SK0042,2025,24
SK0128,2021,66
SK0124,2024,45
SK0276,2023,99
SK0031,2023,34
SK0061,2022,68
SK0220,2023,15
SK0037,2023,31
SK0206,2026,62
SK0294,2026,96
SK0016,2025,33
SK0226,2023,45
SK0157,2021,70
SK0038,2021,73
SK0197,2022,87
SK0023,2023,30
SK0009,2025,60
SK0189,2022,27
SK0062,2024,84
SK0188,2021,92
SK0275,2022,54
SK0195,2022,87
SK0156,2025,52
SK0065,2024,41
SK0200,2022,37
SK0039,2026,22
SK0052,2025,39
SK0031,2024,71
SK0241,2024,60
SK0204,2021,47
SK0155,2026,69
SK0057,2024,26
SK0259,2021,26
SK0163,2021,29
SK0210,2023,62
SK0242,2023,18
SK0213,2024,90
SK0079,2025,72
SK0070,2024,96
SK0202,2024,97
SK0284,2021,16
SK0092,2023,19
SK0287,2024,23
SK0140,2023,74
SK0114,2021,79
SK0222,2024,72
SK0174,2022,50
SK0054,2023,51
SK0288,2021,77
SK0242,2025,38
SK0272,2024,85
SK0046,2023,33
SK0191,2023,50
SK0295,2026,39
SK0026,2024,56
SK0207,2026,48
SK0184,2024,73
SK0113,2022,68
SK0266,2023,43
SK0279,2025,32
SK0142,2023,60
SK0037,2026,14
SK0126,2021,39
SK0284,2024,53
SK0215,2024,82
SK0259,2024,40
SK0082,2026,31
SK0250,2021,66
SK0056,2026,76
SK0012,2021,29
SK0057,2024,13
SK0039,2024,47
SK0259,2026,34
SK0225,2021,64
SK0080,2024,96
SK0207,2021,57
SK0176,2026,38
SK0157,2024,73
SK0152,2021,27
SK0061,2023,48
SK0026,2026,46
SK0018,2022,61
SK0048,2022,58
SK0149,2022,94
SK0276,2022,24
SK0122,2025,37
SK0298,2024,63
SK0086,2021,53
SK0072,2021,15
SK0223,2025,49
SK0092,2024,80
SK0136,2022,51
SK0050,2022,68
SK0184,2026,94
SK0015,2023,67
SK0147,2026,86
SK0291,2022,17
SK0228,2023,41
SK0163,2021,70
SK0109,2024,74
SK0045,2021,27
SK0245,2024,42
SK0049,2024,59
SK0253,2021,68
SK0169,2021,19
SK0198,2022,76
SK0238,2023,95
SK0233,2023,86
SK0074,2023,40
SK0142,2021,15
SK0180,2023,66
SK0211,2021,44
SK0223,2021,14
SK0057,2024,50
SK0136,2026,95
SK0198,2026,62
SK0169,2026,49
SK0231,2023,60
SK0121,2022,30
SK0163,2025,14
SK0105,2021,24
SK0118,2024,17
SK0127,2021,80
SK0049,2025,27
SK0193,2024,89
SK0268,2026,86
SK0268,2022,60
SK0032,2024,38
SK0095,2021,50
SK0229,2024,54
SK0107,2021,60
SK0210,2021,27
SK0140,2025,53
SK0171,2021,82
SK0189,2024,82
SK0024,2026,42
SK0096,2023,33
SK0086,2025,24
SK0217,2025,28
SK0068,2025,55
SK0047,2022,28
SK0062,2025,83
SK0104,2026,75
SK0226,2024,51
SK0049,2024,78
SK0254,2023,14
SK0096,2023,18
SK0162,2024,55
SK0127,2023,57
SK0225,2026,31
SK0022,2023,65
SK0037,2023,89
SK0038,2023,35
SK0272,2021,16
SK0086,2024,78
SK0037,2026,43
SK0048,2022,15
SK0044,2023,30
SK0098,2026,82
SK0062,2022,29
SK0290,2022,32
SK0077,2021,52
SK0223,2024,46
SK0265,2024,82
SK0010,2024,17
SK0016,2022,52
SK0172,2022,83
SK0151,2021,67
SK0094,2024,93
SK0223,2022,19
SK0239,2023,53
SK0216,2025,50
SK0018,2022,38
SK0156,2024,10
SK0263,2023,86
SK0042,2024,24
SK0127,2021,81
SK0297,2024,86
SK0292,2023,16
SK0204,2026,68
SK0120,2023,68
SK0300,2024,48
SK0254,2026,25
SK0177,2023,58
SK0089,2026,98
SK0278,2021,72
SK0109,2024,30
SK0292,2021,48
SK0249,2024,51
SK0038,2025,53
SK0140,2022,87
SK0272,2026,10
SK0265,2022,37
SK0037,2022,72
SK0224,2025,47
SK0049,2022,32
SK0071,2025,83
SK0132,2026,70
SK0140,2024,84
SK0171,2025,22
SK0027,2022,46
SK0074,2026,66
SK0131,2025,55
SK0198,2026,74
SK0127,2021,12
SK0134,2024,60
SK0109,2024,76
SK0004,2022,36
SK0192,2023,82
SK0172,2021,33
SK0204,2024,82
SK0230,2026,62
SK0292,2022,61
SK0250,2025,20
SK0224,2023,46
SK0142,2022,50
SK0109,2022,91
SK0234,2022,89
SK0105,2021,97
SK0180,2021,71
SK0073,2021,44
SK0177,2023,55
SK0163,2025,32
SK0084,2026,90
SK0285,2026,19
SK0185,2022,97
SK0162,2024,31
SK0027,2023,92
SK0043,2025,65
SK0143,2022,42
SK0021,2022,43
SK0204,2024,40
SK0067,2024,54
SK0205,2023,27
SK0016,2025,17
SK0140,2022,43
SK0086,2026,73
SK0112,2025,62
SK0283,2026,25
SK0013,2022,33
SK0130,2025,31
SK0295,2026,50
SK0292,2024,60
SK0216,2025,63
SK0101,2022,26
SK0152,2024,21
SK0042,2026,61
SK0159,2021,27
SK0252,2021,36
SK0050,2024,44
SK0286,2025,22
SK0292,2025,25
SK0004,2025,23
SK0173,2022,56
SK0290,2021,61
SK0282,2026,13
SK0259,2024,94
SK0052,2022,75
SK0220,2024,89
SK0197,2022,80
SK0287,2025,22
SK0205,2024,36
SK0113,2023,74
SK0192,2021,94
SK0138,2021,93
SK0217,2024,74
SK0264,2024,47
SK0263,2025,10
SK0149,2022,20
SK0110,2021,97
SK0225,2023,82
SK0035,2025,40
SK0015,2023,87
SK0045,2023,98
SK0153,2022,85
SK0095,2025,61
SK0081,2022,24
SK0233,2023,78
SK0197,2022,52
SK0210,2021,16
SK0211,2023,10
SK0002,2023,74
SK0040,2021,86
SK0143,2025,18
SK0001,2022,14
SK0278,2026,73
SK0197,2022,50
SK0274,2023,85
SK0273,2026,97
SK0285,2021,25
SK0262,2026,73
SK0188,2026,42
SK0035,2021,55
SK0040,2022,12
SK0084,2022,31
SK0087,2026,89
SK0018,2026,82
SK0041,2021,85
SK0192,2022,20
SK0160,2021,11
SK0156,2024,33
SK0168,2025,69
SK0008,2025,19
SK0162,2026,77
SK0149,2022,13
SK0011,2024,36
SK0168,2024,52
SK0113,2022,15
SK0217,2024,23
SK0165,2021,68
SK0085,2026,41
SK0145,2025,79
SK0261,2026,24
SK0168,2025,35
SK0226,2022,82
SK0011,2021,66
SK0196,2023,23
SK0285,2026,94
SK0204,2024,25
SK0113,2024,61
SK0297,2022,76
SK0252,2023,90
SK0165,2026,13
SK0205,2023,74
SK0057,2023,44
SK0017,2021,73
SK0299,2021,34
SK0087,2026,76
SK0140,2026,40
SK0121,2021,99
SK0163,2025,57
SK0071,2026,85
SK0050,2022,30
SK0295,2021,81
SK0195,2021,25
SK0290,2021,35
SK0251,2026,17
SK0140,2025,75
SK0002,2026,65
SK0180,2025,13
SK0284,2022,92
SK0282,2026,94
SK0265,2026,48
SK0187,2023,91
SK0241,2026,99
SK0229,2023,86
SK0290,2021,64
SK0220,2026,58
SK0212,2022,40
SK0183,2021,58
SK0131,2025,85
SK0275,2024,86
SK0254,2023,23
SK0167,2022,88
SK0236,2022,98
SK0219,2026,60
SK0051,2024,22
SK0076,2026,91
SK0070,2026,16
SK0119,2024,32
SK0192,2021,25
SK0027,2024,61
SK0267,2022,16
SK0004,2024,84
SK0024,2021,84
SK0267,2026,14
SK0026,2021,67
SK0295,2022,37
SK0074,2024,40
SK0224,2023,18
SK0237,2025,93
SK0166,2026,45
SK0128,2024,34
SK0117,2025,35
SK0038,2023,94
SK0108,2026,93
SK0238,2024,17
SK0161,2022,69
SK0276,2025,77
SK0072,2024,87
SK0178,2025,79
SK0290,2024,55
SK0126,2026,21
SK0210,2021,97
SK0238,2023,43
SK0151,2026,45
SK0174,2021,89
SK0233,2024,61
SK0173,2025,66
SK0025,2023,91
SK0234,2021,65
SK0179,2024,74
SK0110,2025,72
SK0237,2022,92
SK0054,2025,95
SK0181,2021,27
SK0013,2022,20
SK0059,2021,73
SK0276,2026,34
SK0180,2024,69
SK0129,2021,20
SK0097,2023,75
SK0271,2025,89
SK0140,2021,97
SK0013,2024,46
SK0154,2026,27
SK0233,2023,30
SK0288,2026,57
SK0219,2024,52
SK0210,2026,94
SK0139,2026,60
SK0281,2026,89
SK0260,2026,25
SK0040,2026,23
SK0285,2022,34
SK0129,2026,50
SK0122,2021,83
SK0269,2024,41
SK0188,2022,81
SK0005,2022,72
SK0184,2021,89
SK0165,2026,43
SK0116,2024,13
SK0198,2022,55
SK0184,2024,43
SK0174,2026,96
SK0239,2023,75
SK0173,2025,58
SK0069,2021,48
SK0227,2022,66
SK0099,2026,15
SK0006,2022,34
SK0235,2024,77
SK0230,2022,51
SK0251,2023,40
SK0014,2023,35
SK0232,2023,13
SK0195,2022,66
SK0091,2023,10
SK0025,2025,81
SK0153,2026,73
SK0121,2023,18
SK0131,2024,21
SK0002,2026,99
SK0015,2021,86
SK0201,2023,91
SK0185,2026,32
SK0114,2024,96
SK0240,2024,90
SK0243,2024,55
SK0196,2023,78
SK0122,2024,13
SK0044,2026,46
SK0121,2026,79
SK0282,2025,58
SK0035,2025,56
SK0076,2022,71
SK0065,2023,55
SK0100,2022,59
SK0103,2026,24
SK0213,2023,20
SK0048,2021,32
SK0182,2021,55
SK0234,2023,73
SK0163,2024,39
SK0221,2025,94
SK0012,2021,69
SK0163,2022,71
SK0244,2024,12
SK0285,2025,13
SK0095,2024,32
SK0080,2024,34
SK0227,2023,78
SK0139,2025,11
SK0246,2022,79
SK0060,2023,59
SK0084,2021,62
SK0011,2022,92
SK0255,2023,45
SK0090,2022,48
SK0044,2021,74
SK0175,2025,54
SK0218,2021,19
SK0298,2021,85
SK0057,2024,53
SK0048,2021,52
SK0024,2024,42
SK0186,2026,87
SK0297,2023,86
SK0196,2023,55
SK0220,2023,54
SK0200,2024,57
SK0295,2022,15
SK0232,2026,46
SK0195,2022,43
SK0049,2024,90
SK0116,2026,45
SK0076,2024,65
SK0061,2025,31
SK0206,2023,97
SK0210,2026,85
SK0254,2024,79
SK0043,2026,96
SK0147,2023,91
SK0130,2025,84
SK0130,2022,41
SK0179,2022,30
SK0015,2026,87
SK0170,2023,57
SK0002,2024,90
SK0104,2024,40
SK0180,2022,57
SK0136,2025,40
SK0023,2022,94
SK0215,2023,98
SK0214,2026,44
SK0008,2025,88
SK0235,2022,53
SK0104,2021,55
SK0155,2023,23
SK0007,2024,62
SK0222,2026,67
SK0117,2026,81
SK0289,2023,62
SK0056,2026,36
SK0226,2025,33
SK0245,2026,47
SK0141,2021,53
SK0076,2021,65
SK0232,2023,78
SK0172,2025,74
SK0262,2022,93
SK0094,2026,90
SK0204,2021,22
SK0101,2021,88
SK0109,2023,40
SK0253,2025,62
SK0051,2025,57
SK0217,2021,97
SK0184,2025,47
SK0077,2021,97
SK0186,2024,85
SK0230,2023,13
SK0049,2025,23
SK0295,2025,65
SK0171,2023,35
SK0294,2024,62
SK0263,2023,44
SK0079,2023,47
SK0277,2024,26
SK0096,2022,53
SK0022,2021,30
SK0253,2026,64
SK0067,2025,62
SK0213,2021,96
SK0274,2021,20
SK0177,2025,46
SK0156,2025,62
SK0014,2023,93
SK0277,2021,74
SK0048,2026,73
SK0100,2022,15
SK0127,2022,43
SK0001,2023,80
SK0109,2023,64
SK0085,2021,62
SK0025,2022,74
SK0174,2022,60
SK0227,2021,48
SK0147,2022,30
SK0232,2023,34
SK0209,2024,16
SK0206,2026,79
SK0204,2025,24
SK0219,2024,67
SK0164,2025,22
SK0218,2026,25
SK0211,2026,58
SK0244,2024,48
SK0268,2021,15
SK0026,2022,66
SK0228,2023,35
SK0068,2021,52
SK0099,2022,85
SK0074,2022,85
SK0064,2026,61
SK0230,2023,62
SK0275,2025,22
SK0244,2021,69
SK0207,2025,57
SK0237,2023,38
SK0040,2025,58
SK0203,2021,64
SK0058,2024,75
SK0240,2025,30
SK0088,2025,22
SK0049,2026,47
SK0177,2022,59
SK0112,2026,66
SK0081,2022,90
SK0275,2026,74
SK0021,2021,62
SK0153,2021,37
SK0187,2024,51
SK0264,2024,79
SK0120,2024,53
SK0136,2023,41
SK0096,2022,20
SK0047,2024,36
SK0010,2024,18
SK0154,2022,87
SK0107,2025,69
SK0280,2025,44
SK0227,2021,69
SK0185,2023,84
SK0060,2025,28
SK0219,2026,25
SK0127,2023,37
SK0078,2023,97
SK0163,2026,14
SK0048,2021,83
SK0256,2026,13
SK0029,2021,66
SK0159,2023,29
SK0168,2022,26
SK0082,2022,88
SK0029,2021,47
SK0077,2022,50
SK0043,2026,29
SK0042,2024,77
SK0195,2022,44
SK0031,2024,99
SK0012,2021,34
SK0100,2023,11
SK0179,2021,44
SK0275,2022,38
SK0039,2025,17
SK0204,2024,54
SK0247,2026,21
SK0092,2021,65
SK0017,2026,70
SK0210,2022,93
SK0013,2025,86
SK0118,2024,29
SK0247,2026,93
SK0196,2023,29
SK0286,2021,30
SK0098,2024,51
SK0102,2026,64
SK0036,2022,70
SK0284,2026,31
SK0048,2024,91
SK0011,2023,18
SK0028,2024,33
SK0120,2024,92
SK0180,2026,47
SK0189,2021,25
SK0247,2024,45
SK0163,2021,69
SK0165,2026,69
SK0167,2025,42
SK0100,2025,26
SK0271,2021,95
SK0023,2023,20
SK0169,2022,97
SK0182,2024,88
SK0232,2024,92
SK0245,2026,69
SK0168,2021,60
SK0091,2025,29
SK0281,2025,47
SK0155,2021,64
SK0186,2025,71
SK0215,2025,39
SK0207,2024,54
SK0101,2024,40
SK0070,2023,24
SK0289,2026,25
SK0065,2023,22
SK0104,2022,96
SK0106,2024,64
SK0163,2021,99
SK0297,2026,62
SK0005,2026,40
SK0097,2026,52
SK0266,2026,93
SK0099,2025,64
SK0240,2026,79
SK0159,2025,79
SK0004,2022,96
SK0054,2025,46
SK0205,2021,39
SK0065,2021,34
SK0091,2021,40
SK0140,2021,25
SK0101,2025,83
SK0106,2026,73
SK0177,2024,56
SK0057,2024,55
SK0082,2026,52
SK0073,2023,74
SK0074,2022,12
SK0204,2025,75
SK0215,2022,82
SK0189,2026,23
SK0181,2022,36
SK0289,2025,19
SK0237,2021,14
SK0169,2026,17
SK0149,2023,25
SK0181,2021,59
SK0214,2024,11
SK0121,2022,97
SK0014,2023,54
SK0083,2022,77
SK0097,2022,31
SK0098,2023,27
SK0223,2022,80
SK0267,2026,19
SK0033,2025,81
SK0219,2024,99
SK0119,2026,72
SK0282,2025,54
SK0146,2021,52
SK0107,2024,36
SK0290,2021,68
SK0059,2026,70
SK0261,2022,16
SK0283,2023,32
SK0279,2023,85
SK0127,2023,93
SK0026,2023,90
SK0139,2022,95
SK0134,2024,18
SK0147,2021,29
SK0080,2024,62
SK0126,2022,74
SK0054,2021,55
SK0127,2024,80
SK0058,2022,45
SK0265,2024,47
SK0174,2023,82
SK0213,2021,58
SK0036,2026,32
SK0100,2022,76
SK0274,2024,57
SK0113,2024,48
SK0165,2023,32
SK0112,2025,96
SK0151,2024,19
SK0271,2021,62
SK0169,2026,93
SK0098,2022,90
SK0282,2026,47
SK0164,2025,33
SK0119,2024,18
SK0119,2023,72
SK0094,2021,58
SK0193,2023,94
SK0282,2022,49
SK0118,2023,23
SK0074,2024,76
SK0189,2024,61
SK0002,2024,84
SK0229,2022,13
SK0149,2022,44
SK0252,2026,32
SK0113,2026,51
SK0088,2024,55
SK0279,2026,58
SK0190,2024,74
SK0183,2026,18
SK0238,2026,51
SK0288,2026,20
SK0045,2022,77
SK0284,2025,74
SK0118,2023,37
SK0001,2024,50
SK0215,2025,90
SK0058,2022,56
SK0010,2024,64
SK0168,2024,60
SK0275,2022,92
SK0235,2022,95
SK0297,2026,32
SK0114,2023,84
SK0001,2024,40
SK0074,2021,25
SK0300,2024,58
SK0120,2022,90
SK0157,2024,25
SK0080,2021,39
SK0251,2026,70
SK0010,2026,94
SK0044,2026,82
SK0135,2024,85
SK0088,2022,20
SK0242,2025,49
SK0290,2024,40
SK0274,2022,43
SK0252,2022,47
SK0179,2025,66
SK0258,2023,33
SK0181,2026,98
SK0233,2021,55
SK0251,2021,55
SK0213,2022,91
SK0156,2024,61
SK0226,2025,62
SK0013,2024,79
SK0116,2026,13
SK0245,2024,80
SK0153,2025,84
SK0287,2021,58
SK0122,2021,28
SK0175,2025,66
SK0028,2022,60
SK0234,2024,13
SK0107,2022,36
SK0153,2025,60
SK0214,2021,53
SK0013,2022,51
SK0028,2022,28
SK0162,2026,63
SK0277,2023,33
SK0283,2022,41
SK0049,2026,98
SK0226,2023,92
SK0179,2021,73
SK0049,2022,49
SK0239,2022,46
SK0008,2025,54
SK0134,2024,71
SK0069,2021,55
SK0298,2023,20
SK0229,2021,11
SK0061,2023,54
SK0226,2021,90
SK0131,2024,57
SK0129,2024,92
SK0197,2021,49
SK0198,2026,29
SK0097,2022,25
SK0174,2023,71
SK0224,2023,17
SK0250,2026,54
SK0271,2023,46
SK0098,2025,20
SK0018,2024,40
SK0208,2026,63
SK0093,2024,24
SK0253,2022,79
SK0105,2025,31
SK0168,2024,26
SK0073,2022,76
SK0166,2024,49
SK0194,2025,13
SK0180,2023,29
SK0156,2024,36
SK0077,2022,84
SK0082,2024,89
SK0107,2021,60
SK0135,2025,73
SK0177,2024,46
SK0273,2021,20
SK0241,2024,88
SK0106,2025,73
SK0078,2026,58
SK0199,2026,22
SK0123,2023,51
SK0274,2026,20
SK0108,2025,99
SK0067,2022,62
SK0051,2026,16
SK0188,2025,97
SK0202,2024,71
SK0040,2021,50
SK0047,2024,13
SK0152,2023,32
SK0078,2026,24
SK0110,2023,33
SK0113,2023,98
SK0232,2023,33
SK0088,2026,35
SK0245,2025,65
SK0038,2021,78
SK0272,2024,67
SK0242,2026,58
SK0069,2024,66
SK0250,2021,48
SK0284,2021,80
SK0106,2025,66
SK0041,2025,48
SK0020,2025,65
SK0053,2026,44
SK0298,2021,40
SK0078,2021,96
SK0106,2023,12
SK0090,2023,53
SK0168,2023,81
SK0288,2026,12
SK0156,2021,17
SK0114,2025,72
SK0256,2022,76
SK0137,2021,63
SK0058,2022,64
SK0066,2022,86
SK0071,2024,96
SK0168,2025,68
SK0217,2026,91
SK0098,2025,89
SK0297,2026,30
SK0276,2021,55
SK0270,2023,39
SK0281,2025,53
SK0094,2025,27
SK0110,2025,59
SK0023,2023,40
SK0072,2021,32
SK0208,2026,15
SK0034,2022,82
SK0227,2022,41
SK0168,2023,47
SK0083,2024,10
SK0206,2022,79
SK0084,2021,19
SK0234,2026,84
SK0212,2021,68
SK0144,2025,71
SK0030,2025,32
SK0065,2026,92
SK0167,2022,71
SK0195,2023,93
SK0041,2026,30
SK0027,2021,16
SK0015,2022,65
SK0178,2023,51
SK0229,2023,81
SK0097,2023,79
SK0124,2024,11
SK0162,2022,36
SK0191,2021,86
SK0037,2024,94
SK0256,2024,85
SK0123,2025,79
SK0256,2024,39
SK0036,2026,21
SK0108,2026,90
SK0297,2025,20
SK0105,2021,93
SK0035,2025,53
SK0234,2025,82
SK0178,2024,61
SK0246,2021,19
SK0135,2024,38
SK0127,2026,22
SK0152,2026,27
SK0117,2023,75
SK0041,2024,10
SK0140,2026,56
SK0042,2024,25
SK0276,2021,42
SK0001,2022,74
SK0216,2026,94
SK0127,2022,67
SK0180,2025,74
SK0020,2022,23
SK0049,2024,30
SK0183,2021,95
SK0126,2025,88
SK0088,2023,63
SK0051,2026,14
SK0260,2023,13
SK0259,2021,89
SK0041,2025,52
SK0284,2026,90
SK0088,2025,38
SK0240,2024,38
SK0144,2025,80
SK0079,2023,72
SK0088,2025,36
SK0022,2026,39
SK0074,2026,80
SK0084,2021,31
SK0192,2026,40
SK0099,2023,18
SK0265,2025,47
SK0025,2022,29
SK0015,2024,68
SK0145,2025,20
SK0020,2021,90
SK0027,2024,28
SK0089,2026,63
SK0124,2021,85
SK0065,2026,82
SK0203,2026,31
SK0003,2022,38
SK0077,2023,68
SK0035,2021,99
SK0238,2022,62
SK0093,2023,76
SK0064,2026,79
SK0021,2022,17
SK0061,2026,86
SK0120,2021,29
SK0004,2025,31
SK0025,2022,17
SK0062,2021,62
SK0138,2026,66
SK0021,2022,47
SK0023,2025,78
SK0229,2026,59
SK0249,2022,42
SK0116,2022,10
SK0123,2022,59
SK0161,2025,56
SK0031,2026,17
SK0006,2024,26
SK0238,2022,68
SK0053,2024,17
SK0012,2022,90
SK0202,2022,29
SK0049,2021,53
SK0108,2021,67
SK0097,2025,43
SK0071,2022,43
SK0130,2021,92
SK0255,2024,98
SK0082,2023,79
SK0267,2021,72
SK0269,2022,59
SK0044,2023,62
SK0035,2022,11
SK0082,2024,84
SK0023,2021,86
SK0144,2024,56
SK0050,2022,22
SK0017,2022,16
SK0240,2022,73
SK0228,2023,61
SK0207,2024,52
SK0043,2026,83
SK0121,2022,78
SK0263,2024,54
SK0129,2024,25
SK0266,2025,23
SK0059,2023,10
SK0260,2026,98
SK0214,2026,64
SK0216,2026,39
SK0271,2023,80
SK0247,2026,59
SK0045,2025,92
SK0108,2022,75
SK0206,2023,81
SK0258,2024,22
SK0038,2021,72
SK0192,2024,25
SK0183,2021,28
SK0036,2021,86
SK0252,2023,88
SK0087,2021,49
SK0146,2026,70
SK0149,2021,91
SK0135,2025,73
SK0298,2024,93
SK0271,2026,83
SK0277,2025,81
SK0186,2021,81
SK0156,2023,21
SK0037,2026,77
SK0012,2021,28
SK0210,2022,82
SK0288,2026,79
SK0001,2026,32
SK0278,2024,94
SK0110,2026,50
SK0187,2024,98
SK0275,2024,43
SK0019,2024,92
SK0176,2026,64
SK0104,2023,62
SK0043,2026,23
SK0011,2024,71
SK0233,2026,24
SK0066,2026,88
SK0188,2026,32
SK0173,2021,35
SK0116,2023,28
SK0192,2022,54
SK0218,2025,31
SK0059,2026,87
SK0055,2021,49
SK0024,2021,73
SK0227,2021,85
SK0093,2025,54
SK0068,2026,20
SK0262,2023,70
SK0099,2026,62
SK0160,2024,20
SK0071,2025,51
SK0263,2024,92
SK0064,2022,48
SK0189,2024,10
SK0168,2023,27
SK0031,2026,15
SK0160,2023,51
SK0191,2023,54
SK0136,2025,73
SK0191,2021,57
SK0272,2024,66
SK0244,2022,61
SK0124,2023,60
SK0192,2025,37
SK0046,2023,60
SK0157,2022,88
SK0271,2023,12
SK0272,2026,68
SK0214,2024,64
SK0053,2022,31
SK0123,2024,96
SK0022,2022,71
SK0277,2022,42
SK0087,2026,21
SK0279,2022,90
SK0149,2023,26
SK0211,2024,98
SK0273,2025,41
SK0019,2023,49
SK0255,2024,93
SK0081,2026,97
SK0294,2022,86
SK0240,2026,55
SK0273,2025,59
SK0112,2024,82
SK0146,2026,51
SK0189,2021,26
SK0030,2025,94
SK0108,2022,79
SK0050,2024,94
SK0205,2026,21
SK0044,2025,32
SK0152,2024,97
SK0263,2021,83
SK0157,2021,30
SK0129,2026,38
SK0252,2026,18
SK0121,2025,62
SK0116,2026,67
SK0190,2024,80
SK0189,2025,88
SK0260,2025,50
SK0172,2026,72
SK0261,2022,12
SK0012,2021,90
SK0217,2026,60
SK0203,2023,30
SK0195,2025,62
SK0029,2024,67
SK0026,2025,47
SK0270,2021,14
SK0203,2024,56
SK0057,2021,77
SK0250,2021,81
SK0225,2021,65
SK0030,2022,53
SK0177,2021,91
SK0076,2025,49
SK0121,2024,20
SK0057,2025,33
SK0275,2026,77
SK0123,2022,33
SK0227,2023,38
SK0070,2023,77
SK0226,2023,55
SK0269,2026,18
SK0001,2023,67
SK0208,2025,44
SK0206,2023,65
SK0099,2023,54
SK0289,2026,19
SK0255,2025,58
SK0055,2023,78
SK0279,2021,70
SK0117,2024,39
SK0004,2022,77
SK0295,2022,11
SK0021,2023,68
SK0001,2025,29
SK0095,2023,29
SK0036,2022,63
SK0265,2022,42
SK0114,2023,57
SK0209,2022,96
SK0055,2026,61
SK0277,2021,61
SK0266,2025,28
SK0057,2026,99
SK0142,2026,58
SK0248,2026,51
SK0038,2024,75
SK0110,2024,64
SK0178,2023,81
SK0020,2021,62
SK0088,2026,13
SK0225,2026,85
SK0096,2026,49
SK0033,2021,56
SK0134,2024,54
SK0219,2026,35
SK0190,2021,43
SK0091,2026,28
SK0080,2022,67
SK0118,2024,17
SK0286,2024,15
SK0046,2022,63
SK0185,2021,16
SK0098,2026,62
SK0210,2022,38
SK0166,2022,94
SK0261,2023,46
SK0040,2026,15
SK0056,2026,51
SK0275,2023,15
SK0068,2022,81
SK0223,2024,11
SK0059,2022,50
SK0231,2023,89
SK0224,2026,55
SK0106,2024,60
SK0279,2024,72
SK0038,2026,24
SK0084,2025,64
SK0083,2024,71
SK0145,2023,45
SK0181,2021,37
SK0162,2023,84
SK0117,2023,38
SK0289,2024,21
SK0253,2022,66
SK0248,2024,58
SK0189,2025,70
SK0116,2021,45
SK0079,2025,31
SK0180,2026,81
SK0270,2022,78
SK0242,2026,13
SK0167,2024,43
SK0192,2022,40
SK0040,2021,22
SK0138,2021,12
SK0172,2024,74
SK0085,2022,79
SK0204,2021,43
SK0016,2021,20
SK0090,2021,64
SK0287,2026,21
SK0128,2024,30
SK0035,2024,69
SK0247,2022,50
SK0111,2026,20
SK0054,2023,59
SK0251,2023,11
SK0146,2025,95
SK0150,2026,40
SK0249,2026,71
SK0063,2025,88
SK0297,2024,89
SK0151,2021,14
SK0026,2025,35
SK0035,2024,30
SK0266,2023,85
SK0066,2026,21
SK0105,2025,79
SK0125,2022,24
SK0007,2021,56
SK0169,2021,55
SK0189,2023,38
SK0210,2026,27
SK0032,2026,80
SK0195,2024,17
SK0226,2026,58
SK0211,2025,94
SK0281,2026,17
SK0124,2024,90
SK0024,2022,58
SK0141,2022,56
SK0262,2022,23
SK0156,2026,39
SK0092,2022,96
SK0113,2026,92
SK0208,2026,27
SK0274,2023,99
SK0029,2023,75
SK0057,2025,14
SK0068,2022,10
SK0242,2025,99
SK0031,2021,22
SK0170,2023,54
SK0089,2026,30
SK0103,2021,74
SK0022,2021,84
SK0229,2025,45
SK0298,2026,14
SK0282,2022,69
SK0209,2025,49
SK0226,2023,68
SK0021,2021,10
SK0114,2024,32
SK0029,2022,59
SK0061,2024,72
SK0181,2025,21
SK0204,2022,49
SK0201,2022,25
SK0285,2021,56
SK0033,2021,39
SK0035,2021,82
SK0016,2025,26
SK0263,2025,74
SK0085,2025,67
SK0003,2024,18
SK0300,2023,39
SK0125,2023,22
SK0072,2024,26
SK0054,2022,72
SK0080,2026,72
SK0010,2021,46
SK0245,2021,60
SK0285,2026,96
SK0223,2025,85
SK0274,2026,81
SK0274,2024,82
SK0004,2026,92
SK0238,2024,60
SK0180,2023,42
SK0013,2025,21
SK0067,2026,98
SK0050,2023,13
SK0224,2026,58
SK0058,2026,17
SK0138,2023,23
SK0288,2022,42
SK0032,2021,30
SK0196,2023,53
SK0176,2022,25
SK0051,2021,14
SK0196,2023,91
SK0175,2025,98
SK0014,2025,41
SK0194,2021,69
SK0027,2025,40
SK0075,2022,60
SK0048,2025,11
SK0082,2023,81
SK0106,2021,97
SK0122,2021,74
SK0290,2021,73
SK0217,2022,96
SK0226,2023,56
SK0245,2022,57
SK0133,2025,46
SK0212,2026,76
SK0196,2023,30
SK0299,2021,58
SK0113,2021,42
SK0286,2023,67
SK0228,2021,78
SK0161,2023,20
SK0229,2022,84
SK0300,2024,28
SK0052,2022,60
SK0088,2025,65
SK0144,2024,96
SK0069,2021,16
SK0155,2026,16
SK0090,2025,63
SK0296,2021,48
SK0251,2022,76
SK0199,2024,12
SK0128,2025,29
SK0280,2023,61
SK0067,2024,92
SK0162,2026,65
SK0228,2025,75
SK0181,2026,50
SK0113,2023,96
SK0289,2021,97
SK0163,2022,84
SK0058,2023,16
SK0188,2022,94
SK0149,2026,41
SK0267,2024,87
SK0013,2024,86
SK0053,2026,10
SK0086,2023,14
SK0087,2026,39
SK0206,2025,43
SK0221,2025,24
SK0068,2026,51
SK0037,2024,44
SK0157,2024,26
SK0103,2022,33
SK0138,2022,69
SK0276,2023,83
SK0266,2022,74
SK0207,2024,80
SK0191,2024,72
SK0237,2025,50
SK0041,2025,72
SK0096,2022,86
SK0117,2026,65
SK0191,2024,28
SK0174,2025,33
SK0263,2022,37
SK0150,2021,52
SK0019,2023,83
SK0036,2021,29
SK0176,2024,70
SK0188,2023,51
SK0243,2022,71
SK0141,2024,17
SK0285,2023,89
SK0026,2025,24
SK0109,2025,18
SK0291,2021,43
SK0135,2026,63
SK0286,2021,20
SK0144,2023,18
SK0275,2025,62
SK0183,2025,12
SK0208,2021,97
SK0019,2022,63
SK0063,2025,84
SK0097,2021,67
SK0061,2023,43
SK0028,2026,46
SK0074,2026,87
SK0200,2023,34
SK0287,2025,71
SK0151,2022,22
SK0080,2026,77
SK0068,2026,39
SK0044,2026,93
SK0053,2023,82
SK0205,2025,46
SK0296,2022,54
SK0269,2021,19
SK0057,2025,68
SK0197,2025,46
SK0131,2023,75
SK0248,2026,68
SK0058,2021,67
SK0019,2021,32
SK0233,2026,43
SK0192,2023,44
SK0187,2024,29
SK0031,2026,69
SK0191,2021,58
SK0059,2026,82
SK0001,2022,19
SK0267,2022,87
SK0250,2022,78
SK0128,2021,71
SK0027,2022,85
SK0130,2024,67
SK0123,2022,38
SK0117,2023,36
SK0191,2021,28
SK0045,2026,75
SK0170,2026,64
SK0254,2025,75
SK0268,2025,87
SK0184,2026,25
SK0283,2024,89
SK0037,2023,49
SK0152,2024,65
SK0013,2024,81
SK0240,2026,88
SK0218,2023,93
SK0126,2025,38
SK0163,2024,55
SK0276,2026,40
SK0060,2022,77
SK0250,2025,17
SK0229,2026,83
SK0087,2025,46
SK0028,2023,63
SK0135,2024,95
SK0159,2024,27
SK0083,2021,50
SK0212,2022,42
SK0184,2021,57
SK0073,2026,19
SK0163,2021,83
SK0148,2023,60
SK0065,2022,56
SK0204,2022,34
SK0060,2022,67
SK0043,2026,74
SK0273,2021,57
SK0198,2026,11
SK0242,2023,57
SK0009,2024,61
SK0090,2021,38
SK0023,2023,15
SK0242,2023,30
SK0030,2024,88
SK0045,2022,30
SK0094,2022,55
SK0081,2026,29
SK0093,2024,52
SK0062,2024,73
SK0154,2024,88
SK0129,2021,52
SK0193,2023,16
SK0195,2025,17
SK0076,2022,20
SK0289,2021,68
SK0234,2023,55
SK0236,2026,63
SK0233,2026,95
SK0242,2022,50
SK0060,2024,56
SK0268,2023,34
SK0180,2026,70
SK0188,2022,83
SK0299,2021,27
SK0062,2022,86
SK0240,2026,17
SK0002,2025,99
SK0299,2022,84
SK0084,2021,18
SK0202,2021,42
SK0066,2026,67
SK0154,2026,64
SK0153,2024,28
SK0197,2021,22
SK0201,2023,20
SK0121,2021,49
SK0233,2025,51
SK0177,2023,62
SK0252,2024,81
SK0299,2026,40
SK0092,2025,30
SK0286,2026,31
SK0195,2025,46
SK0174,2022,37
SK0238,2021,18
SK0046,2025,14
SK0039,2021,24
SK0144,2022,91
SK0101,2024,73
SK0100,2023,96
SK0284,2025,69
SK0064,2025,11
SK0257,2021,35
SK0277,2022,94
SK0050,2021,34
SK0150,2023,65
SK0291,2022,73
SK0193,2024,41
SK0021,2024,46
SK0085,2022,24
SK0058,2024,52
SK0141,2024,32
SK0233,2025,63
SK0280,2026,25
SK0004,2022,90
SK0278,2021,10
SK0162,2022,63
SK0203,2026,91
SK0074,2021,33
SK0064,2023,18
SK0210,2023,83
SK0199,2022,68
SK0137,2023,47
SK0269,2026,57
SK0135,2026,79
SK0104,2022,72
SK0142,2022,22
SK0064,2026,56
SK0003,2023,28
SK0019,2021,20
SK0140,2025,96
SK0047,2024,71
SK0234,2025,15
SK0269,2021,36
SK0122,2023,41
SK0149,2026,31
SK0006,2025,67
SK0021,2022,54
SK0266,2023,59
SK0065,2021,64
SK0187,2026,16
SK0260,2024,14
SK0189,2021,64
SK0125,2021,25
SK0187,2022,41
SK0078,2021,94
SK0241,2025,70
SK0176,2024,38
SK0126,2024,25
SK0263,2025,71
SK0293,2026,88
SK0164,2024,24
SK0287,2025,96
SK0038,2022,17
SK0031,2024,35
SK0179,2022,24
SK0226,2024,49
SK0201,2026,55
SK0257,2022,29
SK0123,2022,61
SK0199,2026,78
SK0259,2025,19
SK0127,2025,43
SK0084,2025,45
SK0259,2021,74
SK0183,2025,13
SK0275,2026,17
SK0196,2022,31
SK0202,2023,34
SK0168,2021,33
SK0134,2025,51
SK0088,2026,41
SK0280,2025,74
SK0133,2025,24
SK0081,2022,12
SK0125,2024,23
SK0108,2023,27
SK0076,2023,28
SK0097,2022,11
SK0287,2023,16
SK0089,2026,85
SK0288,2022,85
SK0289,2021,41
SK0167,2023,89
SK0109,2026,15
SK0300,2022,31
SK0292,2023,53
SK0035,2021,83
SK0055,2022,32
SK0050,2022,86
SK0018,2026,69
SK0032,2025,32
SK0258,2023,31
SK0063,2025,19
SK0251,2026,18
SK0300,2021,51
SK0205,2023,20
SK0051,2021,13
SK0194,2023,46
SK0215,2025,22
SK0062,2025,53
SK0120,2022,43
SK0238,2026,97
SK0246,2021,44
SK0191,2022,72
SK0069,2024,37
SK0109,2022,47
SK0111,2024,65
SK0094,2026,90
SK0025,2022,51
SK0287,2026,18
SK0205,2021,24
SK0096,2026,64
SK0118,2024,73
SK0111,2025,55
SK0009,2022,43
SK0234,2023,94
SK0005,2025,46
SK0056,2025,88
SK0241,2025,48
SK0269,2022,96
SK0088,2021,60
SK0047,2025,72
SK0146,2023,82
SK0099,2022,71
SK0089,2026,10
SK0024,2023,44
SK0056,2021,49
SK0170,2024,56
SK0244,2024,77
SK0170,2026,21
SK0152,2026,21
SK0236,2023,41
SK0260,2021,98
SK0158,2023,44
SK0138,2021,90
SK0095,2025,14
SK0271,2021,10
SK0071,2024,43
SK0021,2022,46
SK0276,2026,84
SK0116,2026,31
SK0198,2021,22
SK0023,2025,40
SK0114,2024,18
SK0039,2023,41
SK0055,2024,16
SK0042,2021,22
SK0276,2024,30
SK0066,2026,48
SK0037,2026,16
SK0233,2023,70
SK0235,2023,91
SK0273,2024,79
SK0085,2026,88
SK0239,2021,67
SK0082,2021,26
SK0021,2023,71
SK0023,2021,12
SK0093,2023,78
SK0217,2023,59
SK0015,2022,44
SK0031,2023,46
SK0039,2025,29
SK0205,2023,38
SK0275,2021,57
SK0060,2024,80
SK0270,2021,44
SK0144,2021,50
SK0075,2026,80
SK0032,2025,23
SK0139,2021,77
SK0070,2025,70
SK0216,2025,42
SK0081,2023,29
SK0271,2021,50
SK0018,2022,36
SK0241,2021,66
SK0078,2026,25
SK0116,2022,70
SK0055,2022,21
SK0260,2026,16
SK0128,2024,87
SK0164,2022,33
SK0290,2024,37
SK0150,2022,42
SK0158,2025,76
SK0158,2025,21
SK0292,2021,89
SK0030,2026,29
SK0269,2022,71
SK0067,2022,96
SK0077,2022,60
SK0159,2022,14
SK0251,2024,70
SK0274,2023,16
SK0159,2023,98
SK0205,2025,67
SK0221,2021,48
SK0272,2022,63
SK0247,2026,65
SK0100,2023,32
SK0245,2025,14
SK0206,2024,28
SK0200,2024,42
SK0255,2021,57
SK0045,2021,76
SK0289,2023,27
SK0051,2022,85
SK0287,2024,91
SK0094,2021,68
SK0246,2026,21
SK0023,2022,95
SK0081,2023,80
SK0070,2025,50
SK0283,2022,23
SK0100,2021,42
SK0051,2024,12
SK0206,2025,60
SK0186,2022,29
SK0032,2021,50
SK0045,2024,39
SK0012,2024,53
SK0041,2026,75
SK0034,2021,53
SK0147,2022,90
SK0087,2022,23
SK0153,2025,48
SK0062,2025,48
SK0285,2023,55
SK0289,2024,32
SK0080,2022,76
SK0241,2024,54
SK0102,2023,94
SK0138,2026,81
SK0020,2023,31
SK0080,2026,14
SK0007,2021,13
SK0158,2024,36
SK0088,2022,59
SK0077,2025,68
SK0068,2022,58
SK0010,2021,18
SK0227,2022,92
SK0217,2026,29
SK0048,2024,97
SK0058,2024,75
SK0107,2025,88
SK0034,2023,60
SK0268,2023,26
SK0027,2024,83
SK0276,2023,66
SK0064,2025,99
SK0029,2023,96
SK0068,2023,33
SK0120,2026,71
SK0219,2022,76
SK0197,2022,92
SK0074,2023,29
SK0030,2022,63
SK0167,2025,51
SK0269,2022,16
SK0210,2022,94
SK0211,2026,76
SK0220,2026,32
SK0093,2023,46
SK0226,2022,38
SK0253,2024,52
SK0139,2021,62
SK0095,2022,62
SK0193,2026,48
SK0225,2025,32
SK0109,2021,76
SK0259,2021,22
SK0051,2022,61
SK0237,2023,44
SK0086,2025,61
SK0066,2025,23
SK0284,2025,64
SK0102,2026,73
SK0175,2024,93
SK0017,2021,90
SK0222,2026,53
SK0285,2023,39
SK0227,2023,15
SK0099,2022,41
SK0233,2022,22
SK0215,2024,56
SK0047,2023,82
SK0256,2026,91
SK0038,2024,50
SK0193,2022,56
SK0022,2024,10
SK0058,2024,66
SK0147,2025,30
SK0043,2026,73
SK0276,2022,62
SK0255,2021,41
SK0097,2025,77
SK0013,2023,93
SK0042,2021,27
SK0091,2022,13
SK0025,2026,91
SK0224,2022,71
SK0202,2021,51
SK0080,2022,96
SK0239,2025,16
SK0010,2021,49
SK0056,2024,92
SK0299,2022,44
SK0270,2024,20
SK0217,2023,16
SK0086,2022,96
SK0013,2024,34
SK0106,2025,74
SK0261,2022,41
SK0167,2023,39
SK0275,2026,21
SK0192,2025,16
SK0071,2022,49
SK0153,2025,95
SK0058,2023,86
SK0255,2021,76
SK0009,2024,25
SK0294,2022,19
SK0168,2023,80
SK0037,2026,89
SK0076,2023,81
SK0267,2025,52
SK0272,2022,43
SK0003,2022,25
SK0148,2021,23
SK0012,2022,60
SK0002,2022,61
SK0201,2021,66
SK0196,2022,92
SK0018,2024,89
SK0150,2021,50
SK0023,2024,93
SK0262,2022,39
SK0281,2024,44
SK0176,2025,33
SK0222,2026,52
SK0174,2026,49
SK0004,2022,82
SK0122,2022,99
SK0085,2024,80
SK0142,2024,54
SK0047,2022,64
SK0101,2022,55
SK0273,2024,48
SK0043,2025,96
SK0201,2022,36
SK0034,2026,90
SK0065,2026,58
SK0208,2023,22
SK0083,2025,67
SK0038,2026,44
SK0297,2021,71
SK0155,2022,48
SK0195,2023,61
SK0144,2023,14
SK0177,2024,27
SK0272,2021,10
SK0189,2024,78
SK0279,2025,57
SK0046,2023,86
SK0012,2024,89
SK0148,2024,91
SK0173,2025,42
SK0058,2021,21
SK0186,2026,25
SK0042,2023,25
SK0196,2022,53
SK0039,2021,46
SK0257,2022,70
SK0004,2022,78
SK0241,2026,84
SK0148,2021,84
SK0118,2024,39
SK0014,2022,95
SK0103,2026,62
SK0256,2021,81
SK0101,2026,18
SK0164,2025,20
SK0182,2025,44
SK0189,2025,20
SK0024,2021,77
SK0099,2023,67
SK0163,2025,29
SK0038,2022,87
SK0202,2024,91
SK0282,2024,70
SK0284,2025,43
SK0035,2021,90
SK0198,2026,46
SK0035,2023,44
SK0017,2023,22
SK0085,2021,74
SK0297,2022,97
SK0277,2021,73
SK0183,2026,85
SK0164,2022,76
SK0082,2026,14
SK0183,2021,85
SK0219,2021,16
SK0149,2024,77
SK0120,2022,17
SK0281,2023,65
SK0225,2023,51
SK0255,2021,77
SK0081,2026,62
SK0242,2023,41
SK0002,2026,27
SK0058,2023,51
SK0155,2021,84
SK0160,2021,24
SK0068,2023,63
SK0271,2023,21
SK0080,2026,58
SK0275,2021,72
SK0025,2023,50
SK0299,2025,21
SK0268,2026,59
SK0028,2022,33
SK0078,2023,13
SK0215,2022,63
SK0238,2023,21
SK0207,2026,79
SK0190,2026,26
SK0056,2024,54
SK0030,2022,45
SK0217,2021,72
SK0007,2023,48
SK0128,2022,38
SK0061,2021,94
SK0261,2026,88
SK0186,2023,78
SK0072,2024,16
SK0055,2026,61
SK0194,2024,35
SK0182,2023,53
SK0098,2023,98
SK0269,2025,43
SK0287,2022,50
SK0220,2023,54
SK0231,2021,50
SK0241,2021,71
SK0013,2023,44
SK0118,2024,54
SK0022,2025,29
SK0217,2024,93
SK0189,2025,62
SK0011,2025,73
SK0114,2025,18
SK0236,2024,19
SK0152,2026,94
SK0207,2021,83
SK0032,2023,34
SK0173,2022,20
SK0151,2022,28
SK0187,2026,89
SK0229,2023,49
SK0297,2025,63
SK0031,2021,56
SK0032,2023,12
SK0091,2024,26
SK0019,2021,55
SK0251,2025,45
SK0196,2022,61
SK0181,2024,11
SK0256,2024,21
SK0219,2023,68
SK0162,2022,84
SK0049,2022,72
SK0280,2024,17
SK0223,2026,80
SK0107,2025,35
SK0228,2026,64
SK0131,2023,71
SK0013,2023,19
SK0298,2021,89
SK0286,2024,17
SK0036,2023,87
SK0183,2024,24
SK0246,2025,70
SK0044,2022,46
SK0077,2024,93
SK0007,2021,89
SK0118,2023,20
SK0010,2021,47
SK0123,2024,63
SK0102,2026,93
SK0286,2024,72
SK0216,2024,18
SK0131,2021,69
SK0050,2026,90
SK0037,2026,11
SK0033,2021,14
SK0223,2025,21
SK0221,2024,58
SK0255,2026,97
SK0260,2022,46
SK0188,2023,56
SK0157,2023,55
SK0294,2025,29
SK0276,2024,82
SK0296,2021,33
SK0219,2022,11
SK0168,2026,99
SK0063,2024,94
SK0015,2021,78
SK0048,2025,72
SK0136,2026,66
SK0150,2021,95
SK0004,2022,68
SK0012,2021,94
SK0086,2025,59
SK0137,2021,60
SK0034,2024,34
SK0009,2025,12
SK0226,2026,98
SK0122,2022,43
SK0117,2026,71
SK0261,2026,38
SK0251,2021,27
SK0022,2025,18
SK0072,2025,96
SK0048,2023,16
SK0257,2022,50
SK0167,2021,96
SK0239,2026,38
SK0043,2024,54
SK0198,2026,38
SK0175,2024,64
SK0245,2025,75
SK0230,2022,12
SK0003,2022,16
SK0234,2022,82
SK0227,2024,33
SK0032,2021,81
SK0137,2026,48
SK0070,2026,49
SK0183,2026,51
SK0273,2026,49
SK0234,2024,80
SK0102,2022,62
SK0045,2024,34
SK0183,2024,86
SK0143,2022,94
SK0114,2022,13
SK0005,2022,94
SK0053,2023,30
SK0183,2022,38
SK0113,2021,95
SK0002,2023,88
SK0074,2021,35
SK0007,2022,88
SK0039,2021,53
SK0168,2025,15
SK0185,2024,19
SK0243,2025,60
SK0250,2024,60
SK0204,2025,54
SK0038,2026,91
SK0136,2024,78
SK0230,2022,35
SK0252,2021,84
SK0056,2022,43
SK0192,2022,29
SK0180,2023,74
SK0040,2026,18
SK0256,2026,25
SK0133,2026,20
SK0061,2022,77
SK0114,2022,98
SK0186,2022,34
SK0104,2026,71
SK0173,2026,75
SK0202,2026,60
SK0158,2022,62
SK0166,2023,88
SK0174,2022,12
SK0194,2021,68
SK0296,2022,17
SK0172,2022,99
SK0299,2024,12
SK0145,2021,86
SK0021,2022,84
SK0282,2022,30
SK0221,2023,61
SK0036,2022,93
SK0277,2022,47
SK0195,2024,80
SK0116,2026,26
SK0064,2024,29
SK0066,2023,25
SK0117,2026,75
SK0167,2026,33
SK0199,2024,48
SK0106,2021,17
SK0052,2022,39
SK0035,2024,77
SK0116,2025,69
SK0065,2021,13
SK0115,2022,77
SK0186,2023,25
SK0008,2026,75
SK0203,2025,65
SK0048,2021,57
SK0179,2025,61
SK0075,2021,13
SK0182,2025,97
SK0028,2026,19
SK0295,2023,37
SK0057,2025,19
SK0217,2026,33
SK0118,2024,36
SK0163,2022,18
SK0171,2021,96
SK0264,2026,79
SK0064,2024,27
SK0186,2024,17
SK0183,2026,72
SK0235,2022,39
SK0179,2023,11
SK0135,2025,95
SK0253,2026,95
SK0179,2021,86
SK0271,2024,88
SK0268,2024,91
SK0134,2025,27
SK0067,2025,50
SK0019,2024,57
SK0093,2022,48
SK0063,2025,28
SK0298,2025,28
SK0227,2023,95
SK0091,2026,56
SK0023,2025,42
SK0074,2026,26
SK0222,2022,60
SK0261,2022,58
SK0284,2026,50
SK0099,2022,98
SK0064,2022,96
SK0158,2022,17
SK0186,2022,80
SK0240,2021,95
SK0274,2026,51
SK0164,2024,32
SK0189,2026,38
SK0024,2023,81
SK0142,2024,84
SK0228,2024,20
SK0176,2025,69
SK0009,2024,85
SK0168,2022,97
SK0019,2021,98
SK0131,2023,57
SK0105,2026,25
SK0286,2021,43
SK0100,2025,83
SK0127,2022,72
SK0263,2021,85
SK0228,2025,97
SK0153,2021,92
SK0002,2021,52
SK0192,2025,80
SK0049,2021,58
SK0238,2024,76
SK0177,2026,43
SK0156,2021,11
SK0088,2024,59
SK0207,2022,99
SK0066,2021,52
SK0070,2023,97
SK0133,2025,61
SK0013,2026,68
SK0259,2024,77
SK0148,2025,82
SK0090,2021,76
SK0035,2025,76
SK0165,2024,14
SK0055,2026,61
SK0206,2021,89
SK0204,2025,29
SK0184,2022,73
SK0202,2026,44
SK0275,2022,81
SK0274,2024,87
SK0109,2024,42
SK0073,2023,73
SK0184,2022,10
SK0096,2025,17
SK0209,2022,61
SK0060,2021,78
SK0212,2023,92
SK0176,2024,54
SK0227,2024,57
SK0016,2024,89
SK0051,2022,64
SK0034,2026,43
SK0142,2026,22
SK0167,2021,19
SK0237,2026,58
SK0012,2024,43
SK0174,2022,80
SK0149,2024,33
SK0251,2025,10
SK0038,2025,74
SK0146,2023,64
SK0009,2022,80
SK0075,2021,35
SK0051,2021,14
SK0110,2024,73
SK0044,2023,93
SK0234,2023,61
SK0254,2025,22
SK0135,2026,22
SK0218,2024,48
SK0119,2025,65
SK0258,2024,31
SK0120,2022,33
SK0084,2024,52
SK0141,2022,41
SK0055,2026,48
SK0117,2026,17
SK0158,2025,70
SK0153,2024,60
SK0142,2021,73
SK0255,2021,41
SK0069,2022,18
SK0090,2023,16
SK0249,2021,74
SK0108,2024,36
SK0081,2025,42
SK0024,2021,45
SK0066,2021,43
SK0111,2024,61
SK0052,2025,27
SK0203,2023,40
SK0300,2026,18
SK0281,2021,25
SK0014,2024,91
SK0203,2025,99
SK0029,2021,13
SK0026,2026,27
SK0077,2023,62
SK0102,2021,21
SK0090,2023,34
SK0205,2026,44
SK0261,2024,74
SK0054,2023,29
SK0032,2021,32
SK0208,2022,93
SK0265,2024,32
SK0100,2023,99
SK0243,2025,50
SK0177,2026,51
SK0158,2022,92
SK0081,2026,88
SK0209,2023,99
SK0167,2021,84
SK0269,2023,64
SK0088,2022,72
SK0079,2022,19
SK0052,2024,43
SK0060,2023,24
SK0173,2025,18
SK0013,2022,30
SK0232,2023,11
SK0127,2022,18
SK0143,2023,23
SK0175,2025,69
SK0228,2025,85
SK0128,2026,40
SK0065,2024,74
SK0220,2021,67
SK0232,2023,79
SK0139,2022,83
SK0066,2024,33
SK0300,2021,22
SK0061,2025,70
SK0118,2026,47
SK0045,2025,38
SK0104,2023,82
SK0266,2024,86
SK0092,2024,18
SK0002,2024,22
SK0208,2022,98
SK0257,2022,24
SK0276,2021,81
SK0292,2026,16
SK0227,2026,52
SK0026,2022,62
SK0138,2022,80
SK0200,2025,27
SK0192,2025,19
SK0220,2023,35
SK0063,2025,61
SK0125,2026,31
SK0171,2026,98
SK0060,2024,32
SK0277,2026,75
SK0208,2024,95
SK0287,2026,61
SK0030,2026,29
SK0261,2023,26
SK0118,2025,84
SK0004,2021,65
SK0283,2021,20
SK0115,2023,87
SK0096,2022,87
SK0204,2023,45
SK0256,2026,49
SK0123,2022,46
SK0134,2023,38
SK0233,2025,99
SK0024,2022,68
SK0225,2025,72
SK0082,2025,40
SK0091,2023,50
SK0142,2026,38
SK0283,2022,49
SK0014,2026,39
SK0036,2022,57
SK0135,2025,43
SK0269,2026,77
SK0229,2021,71
SK0072,2022,36
SK0046,2025,77
SK0241,2024,15
SK0119,2022,27
SK0187,2022,23
SK0186,2022,30
SK0061,2022,69
SK0276,2026,23
SK0130,2026,70
SK0185,2026,36
SK0295,2021,82
SK0271,2021,51
SK0135,2021,76
SK0230,2021,46
SK0150,2023,15
SK0126,2026,48
SK0288,2023,99
SK0178,2021,82
SK0006,2026,11
SK0109,2025,15
SK0149,2026,18
SK0211,2021,78
SK0055,2023,69
SK0056,2026,46
SK0115,2024,18
SK0300,2023,57
SK0112,2023,59
SK0279,2022,87
SK0087,2025,20
SK0025,2022,98
SK0133,2023,55
SK0110,2025,44
SK0267,2022,72
SK0295,2022,24
SK0214,2021,50
SK0190,2021,47
SK0243,2023,17
SK0061,2023,53
SK0007,2024,65
SK0258,2025,43
SK0117,2025,23
SK0295,2021,42
SK0047,2021,61
SK0136,2026,80
SK0277,2023,99
SK0109,2024,81
SK0172,2023,13
SK0133,2023,57
SK0081,2026,63
SK0300,2022,23
SK0273,2024,99
SK0171,2023,64
SK0263,2024,36
SK0144,2021,45
SK0121,2021,52
SK0122,2025,46
SK0237,2026,38
SK0168,2023,66
SK0029,2025,70
SK0275,2023,37
SK0158,2022,37
SK0296,2026,95
SK0033,2021,16
SK0133,2022,44
SK0194,2022,18
SK0285,2022,31
SK0252,2022,24
SK0269,2021,97
SK0095,2022,86
SK0253,2022,89
SK0145,2026,82
SK0292,2025,25
SK0129,2024,52
SK0090,2025,19
SK0076,2023,80
SK0067,2025,47
SK0030,2023,85
SK0065,2021,25
SK0108,2025,30
SK0277,2023,98
SK0050,2022,99
SK0215,2023,37
SK0235,2025,58
SK0079,2024,95
SK0104,2023,25
SK0068,2025,89
SK0264,2026,33
SK0077,2025,82
SK0253,2026,90
SK0243,2023,38
SK0033,2026,57
SK0018,2024,35
SK0255,2022,89
SK0003,2026,87
SK0116,2026,43
SK0016,2021,75
SK0255,2026,44
SK0237,2022,47
SK0157,2025,23
SK0136,2023,89
SK0062,2023,75
SK0163,2025,98
SK0073,2023,17
SK0243,2025,18
SK0278,2025,25
SK0087,2026,56
SK0103,2022,27
SK0114,2021,98
SK0115,2024,62
SK0265,2024,40
SK0080,2026,12
SK0083,2023,23
SK0293,2022,82
SK0011,2025,83
SK0154,2026,47
SK0043,2022,92
SK0240,2022,37
SK0032,2024,57
SK0227,2021,35
SK0064,2026,77
SK0273,2022,34
SK0032,2023,84
SK0044,2025,56
SK0052,2026,10
SK0238,2021,32
SK0112,2023,44
SK0283,2023,23
SK0199,2023,64
SK0085,2022,52
SK0086,2022,23
SK0237,2023,99
SK0018,2022,85
SK0140,2023,40
SK0155,2021,19
SK0234,2023,74
SK0181,2022,69
SK0144,2024,72
SK0232,2022,65
SK0260,2023,96
SK0254,2021,56
SK0102,2023,21
SK0003,2023,83
SK0175,2022,64
SK0102,2021,21
SK0020,2024,69
SK0100,2026,63
SK0288,2026,36
SK0282,2022,13
SK0078,2021,69
SK0079,2023,17
SK0282,2025,93
SK0100,2023,68
SK0088,2026,48
SK0093,2026,71
SK0119,2024,79
SK0224,2025,45
SK0064,2024,16
SK0102,2026,40
SK0052,2025,89
SK0079,2025,75
SK0114,2024,64
SK0064,2026,57
SK0019,2021,30
SK0192,2025,50
SK0002,2025,61
SK0277,2024,30
SK0112,2023,90
SK0075,2022,67
SK0223,2024,92
SK0005,2023,29
SK0009,2025,47
SK0024,2025,68
SK0277,2024,33
SK0127,2024,82
SK0220,2023,78
SK0150,2024,60
SK0287,2022,64
SK0235,2022,23
SK0249,2021,90
SK0073,2021,43
SK0057,2023,55
SK0246,2023,61
SK0059,2024,70
SK0182,2023,83
SK0217,2021,34
SK0066,2021,31
SK0062,2024,24
SK0221,2026,99
SK0057,2021,79
SK0101,2021,83
SK0138,2023,63
SK0254,2025,36
SK0024,2022,73
SK0117,2026,21
SK0258,2026,58
SK0240,2023,16
SK0066,2022,15
SK0185,2023,96
SK0107,2021,39
SK0072,2021,50
SK0148,2026,85
SK0159,2022,82
SK0033,2026,53
SK0265,2026,19
SK0086,2026,88
SK0037,2022,40
SK0168,2022,78
SK0288,2026,20
SK0149,2021,44
SK0113,2024,98
SK0046,2023,98
SK0261,2022,80
SK0170,2023,37
SK0245,2022,78
SK0178,2023,40
SK0174,2022,80
SK0138,2026,13
SK0178,2025,42
SK0149,2023,21
SK0137,2021,81
SK0043,2022,74
SK0118,2022,18
SK0103,2021,37
SK0025,2025,47
SK0273,2022,86
SK0007,2021,89
SK0290,2024,49
SK0270,2024,97
SK0144,2025,94
SK0016,2024,13
SK0042,2022,21
SK0166,2023,31
SK0224,2026,13
SK0113,2021,11
SK0182,2024,72
SK0149,2023,49
SK0030,2024,70
SK0249,2022,25
SK0168,2026,61
SK0109,2026,77
SK0059,2023,25
SK0179,2024,64
SK0271,2025,15
SK0021,2024,81
SK0003,2026,36
SK0212,2024,41
SK0282,2024,23
SK0185,2023,64
SK0193,2024,88
SK0155,2021,27
SK0139,2026,65
SK0076,2023,58
SK0089,2023,21
SK0070,2025,11
SK0025,2021,86
SK0262,2024,13
SK0058,2024,88
SK0167,2021,69
SK0283,2022,58
SK0123,2021,35
SK0269,2022,59
SK0230,2022,59
SK0066,2021,35
SK0030,2026,44
SK0010,2022,46
SK0078,2026,43
SK0063,2023,16
SK0049,2025,90
SK0159,2022,15
SK0128,2025,44
SK0233,2024,99
SK0295,2026,29
SK0264,2025,46
SK0129,2024,99
SK0014,2022,89
SK0217,2025,41
SK0095,2022,73
SK0132,2021,63
SK0168,2026,10
SK0120,2025,89
SK0276,2024,33
SK0259,2026,25
SK0005,2024,55
SK0183,2022,65
SK0115,2021,48
SK0153,2024,97
SK0168,2024,54
SK0215,2026,42
SK0037,2022,37
SK0286,2023,99
SK0075,2021,26
SK0030,2021,59
SK0078,2026,72
SK0142,2026,18
SK0087,2023,38
SK0163,2026,14
SK0183,2026,43
SK0009,2023,53
SK0298,2024,42
SK0020,2025,54
SK0025,2026,85
SK0126,2025,94
SK0243,2022,63
SK0049,2023,81
SK0047,2023,10
SK0028,2025,48
SK0178,2021,21
SK0003,2023,86
SK0215,2023,87
SK0222,2021,38
SK0189,2024,67
SK0216,2023,61
SK0285,2023,10
SK0031,2024,50
SK0006,2026,94
SK0129,2024,26
SK0130,2024,90
SK0156,2026,81
SK0188,2024,21
SK0125,2021,77
SK0006,2021,73
SK0202,2024,76
SK0012,2026,61
SK0101,2022,73
SK0253,2021,12
SK0013,2025,43
SK0038,2024,84
SK0099,2024,11
SK0214,2021,62
SK0167,2026,12
SK0279,2026,25
SK0215,2025,86
SK0071,2021,40
SK0299,2023,31
SK0053,2025,84
SK0205,2022,92
SK0176,2021,12
SK0078,2026,31
SK0283,2021,94
SK0251,2022,93
SK0191,2021,97
SK0062,2023,53
SK0060,2023,55
SK0094,2026,66
SK0298,2021,14
SK0209,2026,71
SK0285,2022,25
SK0077,2024,10
SK0097,2022,88
SK0285,2023,14
SK0289,2021,77
SK0023,2021,37
SK0050,2024,26
SK0226,2025,81
SK0033,2024,58
SK0123,2024,47
SK0268,2023,33
SK0255,2025,36
SK0039,2024,77
SK0015,2023,60
SK0068,2023,45
SK0045,2021,65
SK0197,2023,12
SK0110,2023,70
SK0052,2021,12
SK0283,2024,27
SK0209,2025,52
SK0187,2023,71
SK0226,2022,31
SK0255,2025,48
SK0144,2023,38
SK0205,2023,27
SK0268,2026,63
SK0214,2025,41
SK0279,2025,80
SK0095,2025,44
SK0178,2025,36
SK0003,2024,25
SK0004,2023,69
SK0134,2025,37
SK0141,2022,81
SK0087,2026,24
SK0260,2025,31
SK0146,2024,47
SK0195,2025,53
SK0224,2024,78
SK0007,2024,97
SK0205,2025,92
SK0294,2023,50
SK0199,2025,84
SK0030,2024,93
SK0202,2023,30
SK0110,2025,63
SK0063,2024,36
SK0281,2024,81
SK0295,2021,16
SK0147,2025,92
SK0186,2021,23
SK0289,2024,40
SK0156,2021,61
SK0061,2024,22
SK0019,2025,91
SK0268,2022,81
SK0020,2025,93
SK0208,2022,47
SK0008,2023,10
SK0133,2021,24
SK0270,2023,73
SK0087,2023,97
SK0060,2023,67
SK0285,2023,90
SK0299,2022,37
SK0188,2021,13
SK0180,2024,78
SK0108,2024,13
SK0122,2021,80
SK0003,2026,75
SK0159,2022,69
SK0080,2026,79
SK0077,2023,64
SK0105,2024,17
SK0149,2022,63
SK0112,2022,27
SK0050,2024,11
SK0212,2023,44
SK0112,2026,20
SK0145,2025,19
SK0130,2026,12
SK0190,2024,40
SK0162,2025,86
SK0195,2025,21
SK0176,2023,85
SK0180,2026,76
SK0048,2024,24
SK0257,2025,58
SK0140,2025,49
SK0121,2023,95
SK0113,2024,82
SK0142,2025,86
SK0165,2025,25
SK0063,2023,42
SK0177,2025,14
SK0137,2024,75
SK0200,2022,18
SK0282,2025,86
SK0275,2022,17
SK0281,2025,87
SK0053,2022,28
SK0088,2026,69
SK0069,2023,75
SK0052,2021,43
SK0234,2026,24
SK0224,2021,38
SK0095,2023,42
SK0257,2021,33
SK0135,2026,87
SK0174,2026,28
SK0150,2022,58
SK0220,2024,72
SK0001,2022,98
SK0263,2026,84
SK0022,2022,29
SK0155,2026,86
SK0170,2022,34
SK0177,2024,98
SK0214,2022,35
SK0010,2026,86
SK0231,2024,66
SK0241,2026,47
SK0280,2026,23
SK0241,2025,17
SK0182,2022,32
SK0143,2021,81
SK0047,2021,86
SK0282,2024,58
SK0268,2025,21
SK0173,2023,52
SK0297,2024,22
SK0210,2021,78
SK0136,2025,80
SK0139,2024,74
SK0028,2025,12
SK0026,2021,51
SK0209,2022,70
SK0166,2023,94
SK0297,2021,60
SK0072,2024,38
SK0232,2025,21
SK0039,2021,52
SK0042,2022,20
SK0005,2022,36
SK0058,2025,95
SK0272,2024,80
SK0211,2026,64
SK0126,2024,77
SK0163,2024,20
SK0095,2026,66
SK0172,2024,20
SK0272,2021,55
SK0168,2022,61
SK0125,2025,54
SK0240,2025,16
SK0223,2022,48
SK0261,2024,93
SK0228,2025,41
SK0026,2025,87
SK0140,2021,69
SK0296,2024,26
SK0285,2021,11
SK0107,2021,31
SK0140,2025,77
SK0206,2023,70
SK0026,2025,39
SK0222,2023,96
SK0201,2023,53
SK0060,2022,56
SK0285,2025,19
SK0020,2024,33
SK0118,2025,92
SK0007,2022,99
SK0105,2024,96
SK0277,2024,17
SK0183,2023,24
SK0201,2024,78
SK0204,2025,52
SK0106,2026,77
SK0212,2021,14
SK0010,2026,19
SK0253,2023,44
SK0161,2023,85
SK0282,2021,73
SK0124,2023,58
SK0068,2021,30
SK0079,2021,21
SK0098,2021,58
SK0166,2024,53
SK0255,2025,29
SK0230,2023,91
SK0152,2025,70
SK0262,2025,49
SK0064,2025,27
SK0295,2022,21
SK0003,2023,72
SK0151,2025,45
SK0290,2022,58
SK0039,2023,99
SK0127,2021,99
SK0164,2023,43
SK0296,2026,93
SK0168,2021,35
SK0003,2022,77
SK0135,2021,86
SK0245,2021,35
SK0005,2022,54
SK0025,2024,66
SK0026,2022,50
SK0122,2025,98
SK0218,2026,40
SK0126,2026,87
SK0043,2023,70
SK0021,2025,29
SK0263,2021,81
SK0060,2025,59
SK0246,2025,73
SK0230,2026,47
SK0028,2024,52
SK0008,2026,82
SK0146,2021,84
SK0248,2026,17
SK0249,2025,38
SK0083,2025,97
SK0158,2023,65
SK0027,2023,12
SK0017,2026,37
SK0044,2022,93
SK0205,2022,48
SK0226,2025,99
SK0185,2026,50
SK0243,2022,90
SK0061,2026,67
SK0168,2023,24
SK0144,2023,74
SK0247,2024,97
SK0233,2021,69
SK0101,2021,24
SK0107,2023,47
SK0199,2022,53
SK0216,2026,67
SK0154,2026,77
SK0138,2024,66
SK0200,2023,79
SK0158,2024,30
SK0289,2026,26
SK0257,2023,73
SK0291,2023,30
SK0266,2024,52
SK0176,2026,21
SK0116,2025,29
SK0154,2022,58
SK0042,2024,10
SK0265,2022,68
SK0159,2024,25
SK0033,2025,58
SK0044,2026,35
SK0215,2025,91
SK0166,2024,67
SK0062,2021,76
SK0060,2021,78
SK0057,2025,23
SK0122,2022,54
SK0037,2025,87
SK0278,2026,88
SK0293,2022,69
SK0062,2021,52
SK0068,2021,37
SK0184,2023,33
SK0176,2021,23
SK0080,2024,67
SK0093,2026,86
SK0033,2024,85
SK0130,2021,71
SK0285,2023,39
SK0135,2022,66
SK0057,2026,17
SK0121,2024,80
SK0172,2026,10
SK0067,2021,89
SK0062,2021,69
SK0182,2023,58
SK0230,2021,19
SK0295,2026,54
SK0239,2025,44
SK0055,2026,72
SK0062,2024,16
SK0287,2022,31
SK0120,2021,78
SK0047,2021,93
SK0262,2025,66
SK0281,2021,20
SK0142,2021,40
SK0081,2024,48
SK0139,2022,51
SK0064,2024,38
SK0069,2022,27
SK0144,2021,85
SK0223,2025,30
SK0287,2023,84
SK0049,2023,47
SK0220,2023,61
SK0172,2025,25
SK0104,2024,44
SK0191,2022,50
SK0059,2023,53
SK0218,2026,71
SK0191,2021,15
SK0152,2025,45
SK0182,2021,98
SK0210,2023,19
SK0143,2024,99
SK0209,2021,88
SK0289,2024,14
SK0259,2021,80
SK0034,2021,62
SK0182,2022,16
SK0125,2024,13
SK0173,2026,11
SK0018,2025,60
SK0049,2025,94
SK0135,2021,94
SK0221,2024,29
SK0150,2024,70
SK0165,2023,64
SK0208,2021,24
SK0208,2024,94
SK0078,2024,10
SK0166,2023,34
SK0261,2021,34
SK0100,2025,86
SK0075,2024,45
SK0234,2024,77
SK0292,2022,35
SK0105,2023,10
SK0219,2021,69
SK0118,2021,32
SK0250,2021,19
SK0174,2023,52
SK0157,2022,24
SK0212,2024,66
SK0132,2024,81
SK0098,2024,18
SK0198,2022,10
SK0204,2021,93
SK0033,2025,74
SK0099,2021,98
SK0073,2025,23
SK0009,2021,61
SK0091,2023,75
SK0116,2025,40
SK0182,2022,36
SK0081,2024,85
SK0137,2021,73
SK0299,2024,98
SK0148,2024,30
SK0049,2021,90
SK0215,2025,41
SK0205,2023,97
SK0180,2021,47
SK0052,2024,17
SK0120,2026,39
SK0091,2026,66
SK0010,2026,47
SK0260,2024,31
SK0283,2022,99
SK0036,2022,84
SK0139,2023,23
SK0270,2026,23
SK0266,2025,69
SK0271,2026,43
SK0049,2026,98
SK0017,2023,56
SK0182,2026,38
SK0180,2025,86
SK0215,2023,71
SK0077,2022,39
SK0135,2025,73
SK0288,2026,12
SK0139,2021,21
SK0010,2022,76
SK0218,2022,66
SK0270,2025,93
SK0238,2023,22
SK0167,2023,70
SK0043,2021,99
SK0069,2023,50
SK0270,2023,50
SK0300,2024,75
SK0200,2023,41
SK0199,2026,96
SK0232,2023,22
SK0133,2024,87
SK0200,2022,15
SK0111,2021,18
SK0016,2024,66
SK0249,2022,20
SK0031,2026,20
SK0033,2022,12
SK0158,2022,78
SK0023,2025,21
SK0185,2023,15
SK0069,2021,65
SK0214,2022,81
SK0277,2024,81
SK0003,2021,88
SK0061,2025,14
SK0163,2026,23
SK0284,2023,60
SK0213,2024,98
SK0291,2021,48
SK0202,2023,97
SK0194,2025,97
SK0224,2025,11
SK0049,2022,38
SK0025,2024,38
SK0084,2025,56
SK0223,2021,84
SK0017,2024,13
SK0014,2023,82
SK0132,2021,53
SK0170,2025,13
SK0106,2024,21
SK0202,2026,44
SK0278,2022,62
SK0208,2022,68
SK0166,2024,13
SK0120,2023,90
SK0078,2024,80
SK0254,2025,35
SK0011,2024,99
SK0249,2023,76
SK0153,2025,25
SK0232,2026,80
SK0264,2024,54
SK0135,2022,60
SK0142,2022,85
SK0075,2025,58
SK0254,2026,34
SK0041,2021,67
SK0252,2022,84
SK0085,2022,51
SK0043,2023,85
SK0088,2026,58
SK0172,2024,85
SK0165,2022,40
SK0245,2024,91
SK0142,2022,35
SK0022,2021,53
SK0140,2021,63
SK0269,2021,18
SK0178,2023,18
SK0059,2021,17
SK0136,2026,47
SK0045,2026,25
SK0058,2026,57
SK0106,2023,69
SK0289,2023,79
SK0166,2023,80
SK0291,2026,25
SK0251,2024,29
SK0200,2021,67
SK0057,2021,55
SK0124,2026,15
SK0280,2022,61
SK0145,2021,95
SK0120,2025,72
SK0062,2022,18
SK0132,2026,25
SK0219,2022,84
SK0106,2025,66
SK0273,2023,53
SK0184,2021,56
SK0188,2025,49
SK0101,2026,90
SK0020,2024,99
SK0214,2022,33
SK0006,2023,16
SK0132,2022,51
SK0005,2022,24
SK0063,2023,76
SK0283,2022,38
SK0105,2021,46
SK0268,2026,45
SK0248,2023,60
SK0183,2025,46
SK0259,2021,39
SK0153,2024,10
SK0261,2024,37
SK0032,2021,10
SK0210,2023,91
SK0194,2022,88
SK0245,2022,24
SK0045,2023,68
SK0112,2024,80
SK0070,2022,27
SK0199,2021,85
SK0036,2021,77
SK0297,2025,87
SK0179,2026,17
SK0187,2021,86
SK0153,2023,20
SK0205,2024,17
SK0221,2021,14
SK0065,2021,78
SK0003,2022,62
SK0224,2026,93
SK0212,2026,64
SK0128,2025,53
SK0050,2026,30
SK0015,2021,18
SK0059,2023,13
SK0102,2021,44
SK0022,2025,59
SK0062,2022,66
SK0173,2025,34
SK0025,2026,26
SK0073,2026,65
SK0164,2024,73
SK0186,2025,42
SK0107,2023,19
SK0229,2025,93
SK0111,2021,93
SK0012,2024,20
SK0200,2024,43
SK0071,2023,74
SK0142,2026,60
SK0250,2022,27
SK0167,2023,23
SK0073,2021,51
SK0044,2021,26
SK0102,2024,86
SK0052,2026,40
SK0031,2021,92
SK0230,2022,56
SK0043,2021,66
SK0112,2022,65
SK0282,2022,62
SK0155,2023,38
SK0243,2026,55
SK0016,2024,41
SK0294,2026,80
SK0019,2022,64
SK0155,2026,73
SK0291,2025,59
SK0031,2024,54
SK0157,2024,61
SK0042,2022,73
SK0022,2024,15
SK0152,2023,16
SK0235,2022,86
SK0115,2023,81
SK0143,2023,22
SK0179,2022,85
SK0032,2025,57
SK0042,2025,76
SK0294,2026,58
SK0094,2023,42
SK0108,2023,69
SK0269,2021,39
SK0024,2023,49
SK0113,2022,27
SK0029,2025,55
SK0275,2025,78
SK0175,2025,66
SK0273,2021,24
SK0134,2021,26
SK0071,2026,28
SK0021,2021,24
SK0133,2022,21
SK0093,2024,48
SK0102,2025,60
SK0109,2025,99
SK0272,2025,58
SK0287,2023,48
SK0146,2024,79
SK0289,2026,37
SK0285,2021,71
SK0156,2025,86
SK0057,2024,74
SK0138,2022,80
SK0038,2026,90
SK0167,2024,51
SK0116,2022,72
SK0068,2026,17
SK0050,2022,48
SK0066,2025,17
SK0199,2026,39
SK0224,2025,98
SK0025,2026,48
SK0107,2026,67
SK0251,2023,46
SK0264,2025,87
SK0278,2022,47
SK0231,2021,37
SK0116,2024,28
SK0256,2022,49
SK0040,2024,77
SK0035,2023,35
SK0299,2024,80
SK0053,2023,48
SK0048,2021,36
SK0059,2025,39
SK0182,2024,22
SK0163,2026,59
SK0259,2025,81
SK0188,2022,73
SK0131,2024,23
SK0239,2024,32
SK0076,2024,65
SK0031,2022,85
SK0068,2023,16
SK0092,2025,99
SK0147,2026,37
SK0120,2021,32
SK0209,2026,90
SK0248,2023,42
SK0219,2026,20
SK0203,2024,10
SK0108,2023,77
SK0027,2025,45
SK0040,2021,81
SK0102,2023,43
SK0134,2023,62
SK0138,2021,72
SK0184,2023,58
SK0192,2021,44
SK0290,2024,70
SK0044,2025,80
SK0186,2026,77
SK0258,2021,57
SK0020,2024,26
SK0007,2023,43
SK0117,2024,26
SK0233,2025,70
SK0179,2023,83
SK0018,2022,23
SK0094,2024,22
SK0091,2025,45
SK0139,2025,38
SK0153,2024,28
SK0047,2025,69
SK0132,2026,22
SK0058,2025,45
SK0047,2023,44
SK0106,2022,67
SK0021,2025,31
SK0245,2024,87
SK0179,2022,90
SK0238,2023,15
SK0222,2026,73
SK0153,2022,26
SK0250,2023,47
SK0196,2026,99
SK0266,2026,36
SK0198,2025,40
SK0142,2023,56
SK0055,2021,30
SK0073,2022,56
SK0286,2025,46
SK0281,2026,84
SK0245,2021,66
SK0148,2024,24
SK0112,2024,34
SK0278,2022,84
SK0004,2023,89
SK0205,2023,15
SK0276,2022,29
SK0065,2022,18
SK0130,2026,42
SK0299,2025,52
SK0127,2023,74
SK0031,2025,28
SK0291,2022,69
SK0225,2023,60
SK0153,2026,91
SK0269,2024,97
SK0289,2023,55
SK0250,2021,71
SK0209,2024,32
SK0039,2026,59
SK0255,2024,81
SK0262,2025,99
SK0284,2025,25
SK0159,2022,17
SK0085,2023,44
SK0264,2023,18
SK0208,2021,37
SK0067,2025,21
SK0136,2026,74
SK0261,2021,13
SK0070,2024,21
SK0105,2022,52
SK0022,2026,14
SK0128,2025,89
SK0104,2026,91
SK0168,2023,22
SK0149,2024,99
SK0004,2023,72
SK0296,2025,18
SK0045,2025,37
SK0098,2025,68
SK0240,2021,72
SK0058,2021,70
SK0297,2026,97
SK0225,2024,21
SK0285,2023,93
SK0148,2024,91
SK0091,2022,28
SK0273,2023,32
SK0155,2021,46
SK0087,2023,28
SK0133,2024,21
SK0257,2023,11
SK0148,2026,33
SK0053,2025,79
SK0068,2021,42
SK0134,2025,85
SK0022,2021,51
SK0130,2022,68
SK0035,2022,92
SK0244,2024,79
SK0223,2025,53
SK0251,2021,89
SK0223,2023,27
SK0197,2023,16
SK0036,2023,96
SK0004,2022,51
SK0238,2024,84
SK0176,2025,85
SK0130,2024,11
SK0197,2025,42
SK0144,2022,64
SK0038,2021,97
SK0193,2025,56
SK0188,2024,35
SK0098,2024,43
SK0172,2021,30
SK0021,2024,77
SK0031,2024,23
SK0295,2021,81
SK0002,2025,47
SK0155,2021,42
SK0126,2026,79
SK0137,2021,76
SK0278,2025,21
SK0014,2025,27
SK0130,2022,99
SK0053,2021,90
SK0152,2023,34
SK0118,2023,23
SK0127,2026,84
SK0131,2026,66
SK0289,2024,59
SK0238,2023,71
SK0127,2022,23
SK0104,2024,93
SK0229,2025,69
SK0106,2026,22
SK0283,2025,68
SK0145,2025,69
SK0124,2023,72
SK0248,2022,30
SK0033,2023,81
SK0016,2023,74
SK0095,2026,54
SK0200,2026,97
SK0063,2023,41
SK0024,2025,10
SK0246,2024,58
SK0234,2021,53
SK0080,2023,97
SK0043,2023,58
SK0243,2021,61
SK0053,2021,85
SK0269,2021,97
SK0160,2026,68
SK0300,2025,75
SK0224,2026,15
SK0065,2024,10
SK0262,2026,12
SK0197,2025,19
SK0136,2026,85
SK0235,2021,95
SK0189,2024,10
SK0284,2025,61
SK0180,2025,60
SK0239,2023,28
SK0134,2021,56
SK0207,2026,42
SK0144,2021,83
SK0251,2022,77
SK0295,2023,70
SK0035,2025,68
SK0139,2021,98
SK0087,2021,77
SK0244,2023,51
SK0177,2026,71
SK0207,2022,71
SK0170,2024,95
SK0140,2026,31
SK0177,2023,37
SK0061,2024,61
SK0223,2022,89
SK0039,2022,77
SK0217,2024,93
SK0236,2023,25
SK0285,2025,13
SK0132,2023,33
SK0214,2021,34
SK0159,2023,14
SK0027,2025,79
SK0048,2023,51
SK0139,2024,12
SK0013,2024,72
SK0288,2023,59
SK0021,2026,34
SK0073,2025,97
SK0108,2022,34
SK0278,2021,63
SK0208,2025,62
SK0125,2023,14
SK0083,2021,77
SK0229,2026,58
SK0296,2026,42
SK0230,2025,14
SK0067,2025,15
SK0238,2021,10
SK0212,2022,94
SK0105,2026,47
SK0191,2026,88
SK0105,2026,51
SK0247,2024,43
SK0198,2025,74
SK0272,2023,13
SK0241,2021,34
SK0032,2025,77
SK0066,2023,52
SK0287,2023,88
SK0041,2022,72
SK0190,2023,33
SK0093,2025,43
SK0166,2026,48
SK0013,2021,87
SK0281,2022,78
SK0042,2021,48
SK0264,2025,25
SK0241,2023,10
SK0100,2026,25
SK0206,2025,71
SK0005,2024,68
SK0051,2024,85
SK0001,2024,33
SK0252,2026,57
SK0174,2023,31
SK0130,2022,65
SK0174,2026,18
SK0191,2026,54
SK0100,2025,80
SK0251,2024,33
SK0292,2021,21
SK0024,2023,27
SK0245,2025,97
SK0189,2021,55
SK0075,2023,42
SK0291,2025,30
SK0082,2023,55
SK0105,2023,34
SK0243,2023,40
SK0180,2025,29
SK0248,2022,80
SK0253,2023,71
SK0018,2021,85
SK0260,2023,34
SK0181,2025,76
SK0291,2023,28
SK0100,2021,38
SK0287,2025,51
SK0033,2022,49
SK0161,2024,51
SK0299,2022,97
SK0254,2025,82
SK0181,2026,55
SK0032,2026,15
SK0238,2023,40
SK0271,2024,24
SK0156,2021,60
SK0192,2025,54
SK0276,2023,24
SK0049,2023,47
SK0050,2026,45
SK0097,2026,68
SK0086,2025,19
SK0005,2025,95
SK0239,2025,21
SK0085,2026,11
SK0176,2026,66
SK0102,2023,98
SK0259,2024,27
SK0106,2023,30
SK0135,2023,15
SK0036,2021,85
SK0253,2024,63
SK0177,2025,38
SK0093,2024,23
SK0048,2022,31
SK0080,2026,15
SK0097,2023,74
SK0017,2026,99
SK0047,2026,73
SK0105,2024,26
SK0034,2025,59
SK0251,2023,58
SK0225,2026,11
SK0151,2026,94
SK0212,2025,81
SK0252,2025,47
SK0264,2025,86
SK0064,2026,34
SK0110,2022,99
SK0192,2023,59
SK0267,2021,21
SK0295,2022,79
SK0014,2025,56
SK0254,2026,83
SK0262,2024,64
SK0077,2022,60
SK0059,2026,50
SK0043,2021,20
SK0015,2023,44
SK0175,2021,31
SK0168,2021,96
SK0113,2025,77
SK0015,2026,77
SK0070,2026,65
SK0101,2022,38
SK0216,2021,35
SK0140,2024,50
SK0205,2026,83
SK0007,2024,97
SK0040,2024,31
SK0290,2022,48
SK0059,2025,56
SK0069,2023,39
SK0052,2021,19
SK0159,2024,72
SK0088,2026,27
SK0014,2024,18
SK0158,2024,56
SK0180,2021,14
SK0240,2024,92
SK0021,2025,84
SK0150,2026,41
SK0054,2021,89
SK0205,2021,38
SK0084,2025,33
SK0160,2023,77
SK0240,2025,50
SK0114,2021,79
SK0040,2026,76
SK0300,2021,59
SK0069,2025,78
SK0076,2022,74
SK0195,2025,78
SK0213,2021,38
SK0178,2024,28
SK0159,2022,25
SK0177,2026,70
SK0233,2021,20
SK0278,2021,57
SK0116,2025,47
SK0060,2022,62
SK0224,2026,79
SK0005,2022,88
SK0100,2023,10
SK0266,2023,95
SK0008,2023,12
SK0170,2024,60
SK0136,2023,87
SK0268,2023,57
SK0274,2025,95
SK0147,2024,57
SK0168,2021,65
SK0128,2025,32
SK0035,2023,67
SK0286,2024,96
SK0262,2021,39
SK0173,2025,85
SK0027,2024,94
SK0069,2023,28
SK0151,2024,89
SK0178,2024,79
SK0181,2021,14
SK0022,2023,71
SK0235,2024,22
SK0176,2025,56
SK0204,2026,85
SK0124,2023,24
SK0254,2025,35
SK0184,2023,76
SK0190,2024,51
SK0062,2021,23
SK0140,2022,94
SK0265,2024,42
SK0171,2022,26
SK0209,2023,33
SK0171,2021,96
SK0279,2024,20
SK0300,2022,97
SK0043,2024,26
SK0286,2021,54
SK0118,2023,91
SK0121,2025,36
SK0034,2023,34
SK0248,2023,20
SK0084,2022,25
SK0294,2022,82
SK0277,2024,71
SK0131,2022,86
SK0201,2023,60
SK0095,2021,89
SK0165,2023,42
SK0110,2024,89
SK0015,2022,20
SK0147,2021,22
SK0250,2025,53
SK0154,2022,41
SK0264,2025,44
SK0217,2022,26
SK0145,2026,77
SK0287,2026,59
SK0151,2023,24
SK0144,2022,14
SK0243,2026,38
SK0215,2024,90
SK0243,2026,97
SK0272,2023,11
SK0265,2024,86
SK0231,2025,37
SK0100,2025,78
SK0251,2023,15
SK0261,2022,61
SK0147,2026,29
SK0019,2026,39
SK0049,2021,21
SK0252,2022,89
SK0029,2024,48
SK0174,2021,48
SK0103,2021,58
SK0108,2024,95
SK0268,2022,93
SK0012,2021,30
SK0292,2026,68
SK0098,2022,68
SK0209,2024,97
SK0025,2022,79
SK0268,2024,95
SK0223,2022,91
SK0171,2026,60
SK0109,2024,21
SK0021,2022,68
SK0041,2025,22
SK0034,2025,66
SK0092,2025,58
SK0296,2024,53
SK0200,2025,62
SK0074,2024,86
SK0142,2021,62
SK0005,2026,84
SK0144,2021,77
SK0091,2026,46
SK0152,2022,85
SK0264,2023,37
SK0047,2021,79
SK0186,2022,55
SK0259,2023,90
SK0122,2024,15
SK0178,2022,28
SK0185,2023,13
SK0090,2023,62
SK0028,2024,90
SK0110,2022,21
SK0172,2022,28
SK0017,2026,26
SK0071,2022,94
SK0060,2025,35
SK0070,2022,76
SK0202,2024,13
SK0149,2025,88
SK0194,2024,72
SK0132,2022,80
SK0170,2021,34
SK0227,2024,20
SK0207,2021,55
SK0012,2021,94
SK0268,2024,61
SK0249,2025,44
SK0124,2022,83
SK0041,2026,90
SK0234,2021,88
SK0113,2024,43
SK0276,2022,85
SK0185,2021,67
SK0261,2025,27
SK0166,2026,52
SK0280,2021,22
SK0152,2026,31
SK0064,2023,31
SK0009,2025,94
SK0142,2021,83
SK0118,2022,49
SK0048,2021,12
SK0135,2021,57
SK0239,2023,22
SK0220,2025,99
SK0041,2021,83
SK0090,2026,32
SK0079,2023,17
SK0080,2023,51
SK0237,2021,21
SK0258,2022,77
SK0139,2025,67
SK0296,2024,14
SK0015,2022,84
SK0135,2024,22
SK0156,2025,40
SK0106,2021,69
SK0254,2026,54
SK0187,2024,18
SK0241,2023,74
SK0148,2022,49
SK0023,2023,99
SK0234,2023,68
SK0077,2023,81
SK0225,2026,42
SK0023,2026,94
SK0162,2024,47
SK0117,2023,59
SK0247,2024,90
SK0113,2022,89
SK0222,2022,40
SK0195,2022,68
SK0205,2026,72
SK0227,2026,78
SK0127,2024,21
SK0222,2021,35
SK0004,2024,13
SK0279,2021,83
SK0051,2022,77
SK0141,2024,24
SK0182,2025,58
SK0286,2021,51
SK0238,2022,73
SK0281,2024,85
SK0240,2021,86
SK0023,2021,51
SK0206,2022,69
SK0013,2021,59
SK0200,2024,99
SK0168,2022,30
SK0214,2024,47
SK0012,2024,77
SK0067,2021,93
SK0295,2023,82
SK0010,2025,53
SK0210,2026,27
SK0067,2026,46
SK0254,2024,75
SK0156,2022,82
SK0059,2024,58
SK0229,2022,72
SK0292,2024,47
SK0088,2023,18
SK0083,2021,42
SK0171,2026,51
SK0045,2026,56
SK0006,2024,22
SK0144,2025,81
SK0142,2022,25
SK0090,2026,61
SK0156,2026,78
SK0119,2022,82
SK0274,2026,42
SK0163,2022,77
SK0097,2024,98
SK0062,2021,65
SK0058,2021,78
SK0124,2022,75
SK0111,2021,79
SK0136,2023,12
SK0076,2025,47
SK0234,2022,19
SK0017,2026,63
SK0109,2025,79
SK0278,2024,88
SK0160,2023,26
SK0241,2025,96
SK0205,2025,98
SK0072,2026,79
SK0066,2025,45
SK0215,2024,33
SK0262,2021,35
SK0026,2022,46
SK0195,2022,24
SK0176,2023,67
SK0217,2022,21
SK0181,2025,72
SK0094,2026,95
SK0029,2026,89
SK0041,2026,23
SK0130,2022,15
SK0186,2026,77
SK0189,2026,77
SK0270,2025,90
SK0136,2026,93
SK0145,2021,56
SK0081,2023,57
SK0065,2021,84
SK0017,2022,18
SK0250,2024,91
SK0267,2021,71
SK0280,2025,56
SK0133,2024,80
SK0199,2025,36
SK0267,2025,77
SK0131,2022,43
SK0183,2025,78
SK0073,2021,80
SK0166,2023,72
SK0097,2021,83
SK0066,2022,59
SK0003,2021,86
SK0014,2021,63
SK0050,2026,86
SK0177,2021,45
SK0196,2022,98
SK0078,2025,61
SK0007,2024,98
SK0018,2022,98
SK0299,2024,37
SK0091,2023,14
SK0129,2026,68
SK0134,2025,71
SK0159,2023,22
SK0114,2022,10
SK0013,2023,10
SK0204,2023,74
SK0056,2024,83
SK0146,2021,33
SK0082,2023,24
SK0163,2021,59
SK0212,2026,42
SK0068,2025,67
SK0158,2026,53
SK0134,2024,44
SK0166,2022,85
SK0168,2025,50
SK0239,2021,88
SK0219,2026,32
SK0220,2022,88
SK0286,2026,43
SK0006,2021,84
SK0223,2025,29
SK0280,2024,40
SK0266,2021,69
SK0151,2023,82
SK0045,2023,69
SK0101,2026,97
SK0199,2024,31
SK0186,2023,26
SK0218,2025,42
SK0003,2022,12
SK0189,2023,42
SK0182,2023,32
SK0102,2021,55
SK0296,2024,97
SK0094,2022,42
SK0283,2025,57
SK0009,2024,38
SK0179,2025,49
SK0280,2023,51
SK0043,2026,94
SK0179,2021,65
SK0060,2025,16
SK0295,2023,31
SK0055,2023,76
SK0204,2024,21
SK0110,2024,24
SK0018,2023,42
SK0109,2025,53
SK0247,2023,31
SK0017,2022,20
SK0276,2026,76
SK0242,2023,13
SK0248,2023,32
SK0017,2021,12
SK0123,2022,69
SK0230,2022,14
SK0151,2022,92
SK0138,2026,77
SK0093,2024,27
SK0128,2025,43
SK0028,2026,48
SK0253,2024,62
SK0183,2026,81
SK0283,2025,64
SK0130,2026,28
SK0195,2021,57
SK0248,2026,12
SK0062,2025,11
SK0025,2022,81
SK0193,2023,46
SK0071,2023,10
SK0020,2025,74
SK0042,2026,37
SK0285,2022,60
SK0092,2022,25
SK0271,2021,70
SK0245,2022,65
SK0002,2024,54
SK0200,2026,87
SK0211,2025,94
SK0129,2021,15
SK0104,2023,53
SK0086,2022,31
SK0022,2023,72
SK0102,2026,51
SK0270,2025,53
SK0125,2021,55
SK0232,2025,37
SK0240,2023,22
SK0237,2022,45
SK0274,2022,44
SK0147,2023,81
SK0229,2022,37
SK0205,2022,22
SK0159,2026,50
SK0219,2025,47
SK0031,2025,82
SK0229,2022,80
SK0283,2026,89
SK0252,2021,63
SK0062,2024,63
SK0144,2023,85
SK0057,2024,50
SK0015,2023,99
SK0248,2026,17
SK0296,2026,71
SK0237,2024,31
SK0011,2026,29
SK0048,2021,41
SK0041,2023,86
SK0189,2023,63
SK0127,2024,28
SK0002,2021,89
SK0017,2025,48
SK0256,2023,15
SK0253,2024,90
SK0093,2022,10
SK0164,2025,27
SK0161,2022,96
SK0031,2026,77
SK0108,2025,39
SK0072,2024,30
SK0175,2022,76
SK0214,2023,63
SK0299,2024,16
SK0076,2025,37
SK0142,2021,45
SK0254,2022,21
SK0130,2026,32
SK0088,2022,79
SK0212,2022,51
SK0064,2024,97
SK0089,2021,17
SK0050,2026,30
SK0151,2023,93
SK0139,2022,39
SK0266,2025,65
SK0167,2026,95
SK0277,2026,80
SK0090,2026,40
SK0023,2022,77
SK0119,2023,46
SK0041,2022,38
SK0169,2022,86
SK0214,2026,71
SK0242,2023,77
SK0168,2025,86
SK0054,2025,26
SK0248,2026,69
SK0174,2022,18
SK0030,2025,30
SK0021,2025,34
SK0300,2024,84
SK0034,2025,72
SK0069,2022,18
SK0231,2024,57
SK0082,2022,83
SK0167,2024,27
SK0016,2023,27
SK0070,2026,58
SK0111,2023,40
SK0297,2025,88
SK0257,2022,13
SK0074,2024,91
SK0041,2024,59
SK0231,2021,90
SK0241,2024,23
SK0279,2026,15
SK0181,2026,79
SK0290,2026,87
SK0230,2024,70
SK0246,2026,95
SK0190,2022,84
SK0266,2026,65
SK0117,2026,77
SK0114,2024,20
SK0016,2021,42
SK0044,2024,60
SK0132,2025,98
SK0233,2023,74
SK0020,2021,50
SK0275,2025,78
SK0059,2022,88
SK0022,2025,84
SK0068,2024,83
SK0244,2026,58
SK0209,2023,27
SK0260,2021,28
SK0089,2024,97
SK0075,2024,20
SK0051,2026,63
SK0202,2022,55
SK0102,2023,48
SK0162,2025,49
SK0134,2022,56
SK0259,2022,85
SK0049,2023,56
SK0057,2022,76
SK0128,2021,96
SK0206,2026,18
SK0031,2022,66
SK0044,2021,41
SK0031,2024,17
SK0013,2021,41
SK0061,2023,63
SK0187,2021,36
SK0205,2024,38
SK0008,2025,13
SK0037,2021,94
SK0081,2026,60
SK0037,2025,64
SK0008,2023,33
SK0041,2026,58
SK0007,2025,12
SK0035,2026,75
SK0235,2024,98
SK0144,2022,81
SK0148,2024,86
SK0185,2022,15
SK0023,2021,86
SK0087,2021,94
SK0195,2024,52
SK0100,2022,65
SK0153,2026,86
SK0030,2022,32
SK0238,2024,44
SK0234,2024,15
SK0045,2021,44
SK0138,2025,18
SK0137,2026,47
SK0167,2026,10
SK0006,2023,42
SK0016,2023,94
SK0008,2025,30
SK0207,2026,38
SK0198,2022,35
SK0065,2022,32
SK0033,2022,92
SK0275,2023,14
SK0281,2023,74
SK0047,2024,44
SK0053,2025,57
SK0205,2023,92
SK0156,2025,32
SK0196,2023,61
SK0012,2021,88
SK0016,2024,31
SK0173,2025,24
SK0066,2026,14
SK0075,2024,12
SK0248,2026,22
SK0131,2022,81
SK0099,2026,67
SK0102,2025,79
SK0240,2026,93
SK0241,2021,42
SK0263,2025,43
SK0272,2024,92
SK0183,2024,90
SK0252,2022,79
SK0006,2022,26
SK0191,2023,90
SK0075,2025,38
SK0137,2023,95
SK0260,2024,74
SK0038,2025,11
SK0115,2021,67
SK0173,2023,15
SK0153,2023,97
SK0119,2026,71
SK0234,2021,31
SK0010,2021,84
SK0063,2022,69
SK0187,2022,37
SK0279,2024,29
SK0129,2021,51
SK0116,2024,46
SK0001,2023,36
SK0154,2025,36
SK0082,2022,61
SK0186,2023,69
SK0194,2025,92
SK0178,2026,18
SK0294,2025,27
SK0266,2025,55
SK0141,2022,86
SK0057,2024,59
SK0262,2022,49
SK0028,2025,77
SK0201,2022,15
SK0280,2026,50
SK0132,2023,96
SK0256,2022,53
SK0280,2022,81
SK0071,2025,15
SK0241,2026,92
SK0278,2023,10
SK0192,2023,34
SK0208,2026,92
SK0107,2022,93
SK0263,2022,91
SK0219,2026,72
SK0041,2025,95
SK0191,2026,37
SK0177,2023,95
SK0003,2025,11
SK0200,2023,63
SK0181,2024,18
SK0081,2022,63
SK0298,2024,99
SK0287,2022,82
SK0253,2023,98
SK0230,2024,44
SK0092,2022,40
SK0237,2024,99
SK0223,2025,21
SK0294,2023,77
SK0108,2021,95
SK0189,2025,82
SK0268,2026,88
SK0003,2023,86
SK0292,2021,45
SK0196,2021,90
SK0181,2024,76
SK0083,2021,85
SK0039,2026,97
SK0001,2021,62
SK0077,2021,43
SK0277,2026,18
SK0046,2024,96
SK0265,2022,41
SK0272,2022,71
SK0233,2026,69
SK0078,2022,11
SK0276,2024,83
SK0251,2026,50
SK0217,2024,20
SK0187,2024,13
SK0156,2024,78
SK0027,2026,62
SK0235,2026,98
SK0284,2025,79
SK0160,2024,97
SK0109,2025,90
SK0046,2021,74
SK0169,2021,57
SK0212,2021,26
SK0055,2025,73
SK0018,2022,68
SK0263,2021,99
SK0081,2021,93
SK0104,2026,49
SK0275,2024,29
SK0173,2026,18
SK0166,2025,40
SK0016,2026,57
SK0224,2023,93
SK0180,2026,87
SK0165,2024,53
SK0260,2023,30
SK0208,2021,95
SK0082,2026,54
SK0020,2022,95
SK0190,2021,43
SK0099,2026,11
SK0027,2021,22
SK0142,2026,32
SK0284,2021,38
SK0032,2024,15
SK0180,2023,86
SK0096,2025,39
SK0244,2024,47
SK0268,2024,87
SK0066,2026,32
SK0035,2022,62
SK0010,2021,86
SK0115,2022,93
SK0228,2026,77
SK0030,2023,97
SK0084,2024,97
SK0136,2023,62
SK0171,2026,67
SK0197,2022,17
SK0091,2025,67
SK0278,2023,76
SK0094,2022,63
SK0107,2022,47
SK0211,2021,10
SK0012,2021,63
SK0150,2025,23
SK0244,2026,93
SK0131,2022,40
SK0216,2024,34
SK0244,2023,47
SK0138,2025,23
SK0214,2021,25
SK0028,2022,16
SK0126,2022,46
SK0210,2026,97
SK0248,2023,40
SK0273,2023,57
SK0162,2026,45
SK0231,2024,80
SK0264,2022,18
SK0150,2025,46
SK0213,2023,49
SK0081,2025,43
SK0211,2022,78
SK0246,2026,43
SK0011,2022,13
SK0010,2023,26
SK0036,2023,92
SK0187,2025,69
SK0197,2024,62
SK0160,2025,35
SK0085,2022,49
SK0268,2022,61
SK0098,2026,51
SK0241,2024,46
SK0085,2022,21
SK0178,2024,97
SK0156,2024,38
SK0205,2026,66
SK0253,2022,70
SK0196,2022,41
SK0121,2025,46
SK0088,2023,62
SK0217,2021,93
SK0171,2023,84
SK0030,2021,29
SK0201,2022,45
SK0033,2021,49
SK0217,2021,46
SK0300,2022,90
SK0267,2022,53
SK0128,2026,36
SK0097,2026,33
SK0096,2022,57
SK0010,2021,89
SK0058,2022,34
SK0229,2021,55
SK0216,2024,70
SK0189,2026,35
SK0262,2023,94
SK0028,2021,93
SK0290,2023,69
SK0275,2023,79
SK0161,2021,60
SK0298,2025,10
SK0197,2021,84
SK0015,2021,91
SK0126,2025,92
SK0203,2025,82
SK0257,2021,93
SK0040,2023,95
SK0044,2026,44
SK0287,2025,97
SK0056,2021,90
SK0165,2024,76
SK0034,2021,34
SK0233,2024,49
SK0265,2024,54
SK0246,2022,67
SK0005,2022,85
SK0127,2021,90
SK0280,2022,13
SK0124,2024,28
SK0051,2021,29
SK0143,2026,53
SK0093,2023,85
SK0032,2022,80
SK0056,2021,26
SK0175,2026,96
SK0172,2023,57
SK0122,2021,59
SK0107,2022,53
SK0288,2026,16
SK0296,2022,66
SK0219,2022,68
SK0134,2026,44
SK0297,2022,73
SK0043,2025,17
SK0194,2023,99
SK0269,2025,44
SK0030,2022,16
SK0045,2026,94
SK0086,2026,52
SK0065,2021,81
SK0023,2026,12
SK0224,2023,43
SK0300,2021,72
SK0193,2024,75
SK0083,2025,69
SK0204,2024,44
SK0149,2021,87
SK0072,2025,12
SK0196,2025,82
SK0186,2021,63
SK0253,2022,65
SK0170,2022,46
SK0205,2023,39
SK0035,2025,60
SK0211,2026,70
SK0264,2021,35
SK0068,2024,65
SK0270,2026,30
SK0209,2023,75
SK0226,2025,70
SK0236,2024,45
SK0107,2026,89
SK0147,2023,85
SK0261,2026,31
SK0151,2026,69
SK0080,2022,50
SK0228,2025,27
SK0160,2023,92
SK0128,2025,16
SK0116,2025,19
SK0031,2021,42
SK0160,2023,34
SK0088,2025,66
SK0291,2024,91
SK0271,2021,16
SK0001,2024,86
SK0286,2021,48
SK0154,2026,16
SK0108,2022,11
SK0158,2022,98
SK0188,2026,41
SK0018,2025,84
SK0086,2024,68
SK0069,2023,32
SK0215,2021,43
SK0035,2025,66
SK0254,2022,12
SK0253,2024,27
SK0250,2026,56
SK0240,2025,70
SK0172,2022,75
SK0066,2023,17
SK0119,2025,53
SK0069,2021,97
SK0174,2021,95
SK0129,2022,85
SK0176,2021,29
SK0255,2021,27
SK0093,2024,85
SK0012,2025,48
SK0282,2024,31
SK0110,2023,65
SK0199,2023,51
SK0217,2026,79
SK0195,2025,36
SK0217,2026,39
SK0300,2026,46
SK0241,2023,57
SK0276,2025,34
SK0126,2021,54
SK0044,2021,29
SK0267,2023,46
SK0244,2026,15
SK0281,2021,29
SK0035,2024,51
SK0221,2026,43
SK0033,2022,52
SK0244,2021,61
SK0219,2024,48
SK0192,2024,88
SK0230,2024,77
SK0015,2022,19
SK0171,2026,83
SK0085,2022,59
SK0022,2023,36
SK0179,2022,43
SK0258,2023,28
SK0004,2023,69
SK0073,2025,38
SK0009,2025,30
SK0110,2025,33
SK0063,2025,45
SK0278,2026,25
SK0091,2025,70
SK0049,2023,96
SK0150,2025,56
SK0158,2024,36
SK0075,2023,55
SK0090,2023,27
SK0006,2025,49
SK0151,2026,62
SK0016,2026,32
SK0105,2025,92
SK0020,2022,26
SK0244,2023,15
SK0006,2024,22
SK0022,2026,20
SK0158,2026,89
SK0247,2022,89
SK0164,2021,42
SK0176,2024,71
SK0192,2025,67
SK0145,2026,38
SK0238,2025,23
SK0155,2025,44
SK0024,2023,69
SK0291,2022,65
SK0140,2026,28
SK0125,2022,60
SK0192,2024,17
SK0287,2021,31
SK0278,2023,47
SK0298,2024,67
SK0040,2026,50
SK0212,2025,72
SK0023,2022,97
SK0281,2022,28
SK0270,2026,85
SK0121,2022,83
SK0044,2022,38
SK0080,2026,76
SK0174,2023,42
SK0102,2026,64
SK0075,2023,63
SK0026,2022,52
SK0104,2024,71
SK0233,2026,61
SK0293,2025,36
SK0165,2023,76
SK0018,2023,70
SK0259,2025,42
SK0255,2025,42
SK0101,2022,15
SK0105,2024,54
SK0239,2025,12
SK0020,2025,99
SK0193,2024,84
SK0193,2023,83
SK0022,2026,85
SK0289,2026,71
SK0084,2021,48
SK0221,2023,42
SK0264,2024,48
SK0074,2024,65
SK0027,2021,95
SK0227,2023,50
SK0078,2026,53
SK0220,2022,38
SK0199,2021,60
SK0136,2021,66
SK0238,2023,34
SK0071,2023,13
SK0014,2022,84
SK0004,2023,66
SK0057,2024,65
SK0246,2025,91
SK0051,2023,29
SK0268,2021,62
SK0253,2021,77
SK0017,2025,92
SK0275,2024,91
SK0226,2026,78
SK0162,2026,62
SK0025,2022,29
SK0209,2022,51
SK0111,2025,12
SK0161,2024,58
SK0276,2026,72
SK0007,2021,67
SK0072,2025,55
SK0068,2021,68
SK0047,2021,60
SK0003,2024,99
SK0066,2026,87
SK0096,2022,39
SK0293,2021,28
SK0237,2025,59
SK0159,2021,72
SK0165,2024,95
SK0121,2024,50
SK0199,2021,65
SK0237,2022,64
SK0238,2025,52
SK0221,2023,79
SK0131,2026,24
SK0231,2021,87
SK0170,2021,43
SK0122,2026,37
SK0191,2026,22
SK0113,2025,14
SK0108,2021,72
SK0138,2022,62
SK0210,2025,29
SK0065,2021,71
SK0086,2023,15
SK0159,2023,82
SK0112,2026,80
SK0075,2023,67
SK0053,2023,92
SK0198,2026,75
SK0090,2026,60
SK0261,2025,44
SK0148,2026,75
SK0181,2024,23
SK0071,2024,67
SK0021,2022,88
SK0178,2026,74
SK0098,2024,48
SK0091,2026,69
SK0068,2023,60
SK0024,2026,52
SK0195,2024,38
SK0180,2026,22
SK0220,2026,66
SK0254,2021,45
SK0036,2024,24
SK0289,2024,49
SK0298,2025,96
SK0052,2022,93
SK0078,2025,68
SK0079,2023,57
SK0298,2024,67
SK0122,2021,61
SK0284,2023,35
SK0189,2023,11
SK0295,2024,60
SK0217,2022,43
SK0013,2023,40
SK0004,2026,45
SK0260,2022,94
SK0141,2021,18
SK0282,2021,32
SK0236,2025,18
SK0257,2025,23
SK0090,2024,74
SK0050,2022,26
SK0242,2026,71
SK0147,2022,66
SK0144,2026,45
SK0294,2024,49
SK0256,2026,98
SK0116,2026,57
SK0069,2021,84
SK0247,2021,95
SK0102,2025,72
SK0046,2022,90
SK0025,2024,92
SK0288,2021,29
SK0065,2021,31
SK0063,2021,72
SK0242,2025,90
SK0139,2022,71
SK0284,2022,55
SK0156,2023,24
SK0013,2026,93
SK0232,2021,46
SK0093,2024,44
SK0229,2025,14
SK0020,2026,39
SK0215,2022,76
SK0198,2021,55
SK0063,2022,78
SK0140,2022,10
SK0298,2025,69
SK0128,2022,21
SK0072,2021,84
SK0274,2024,84
SK0126,2022,22
SK0120,2022,28
SK0262,2021,33
SK0064,2022,97
SK0207,2024,23
SK0010,2024,54
SK0178,2023,94
SK0249,2023,71
SK0132,2023,14
SK0170,2026,46
SK0089,2025,80
SK0240,2026,39
SK0024,2022,23
SK0165,2024,77
SK0080,2023,15
SK0240,2022,73
SK0080,2024,36
SK0183,2021,63
SK0109,2021,51
SK0298,2025,18
SK0068,2024,48
SK0102,2025,76
SK0242,2021,96
SK0123,2024,77
SK0019,2025,83
SK0060,2023,11
SK0102,2023,45
SK0057,2026,24
SK0039,2026,77
SK0075,2026,93
SK0005,2026,39
SK0033,2026,52
SK0252,2026,75
SK0094,2023,54
SK0142,2025,60
SK0068,2024,26
SK0232,2022,25
SK0061,2026,36
SK0029,2022,98
SK0054,2024,25
SK0126,2023,56
SK0091,2025,62
SK0210,2023,35
SK0028,2024,40
SK0059,2023,49
SK0100,2023,79
SK0090,2021,29
SK0117,2023,99
SK0143,2024,56
SK0114,2025,37
SK0159,2024,53
SK0151,2024,62
SK0018,2026,52
SK0179,2025,46
SK0228,2023,96
SK0188,2023,27
SK0183,2025,77
SK0189,2023,89
SK0040,2026,53
SK0037,2023,72
SK0216,2025,17
SK0230,2026,11
SK0105,2025,36
SK0211,2024,63
SK0212,2025,51
SK0118,2025,82
SK0181,2023,42
SK0058,2021,68
SK0169,2021,97
SK0286,2022,68
SK0021,2023,82
SK0256,2026,23
SK0190,2022,79
SK0042,2021,15
SK0107,2021,24
SK0156,2025,64
SK0114,2026,90
SK0233,2022,15
SK0125,2021,45
SK0254,2026,87
SK0269,2022,39
SK0207,2025,45
SK0196,2026,76
SK0214,2025,32
SK0163,2022,17
SK0273,2021,14
SK0268,2023,98
SK0276,2026,44
SK0118,2021,74
SK0112,2021,97
SK0187,2025,42
SK0294,2023,34
SK0187,2025,84
SK0279,2022,25
SK0052,2025,17
SK0129,2023,63
SK0081,2021,38
SK0191,2023,10
SK0181,2024,41
SK0066,2025,70
SK0298,2021,16
SK0235,2022,84
SK0104,2023,34
SK0043,2026,65
SK0020,2022,11
SK0206,2026,74
SK0229,2023,47
SK0103,2026,36
SK0200,2022,48
SK0241,2024,40
SK0227,2022,98
SK0095,2021,18
SK0203,2024,70
SK0177,2023,73
SK0120,2026,19
SK0288,2024,85
SK0062,2024,46
SK0190,2026,37
SK0036,2023,92
SK0209,2022,57
SK0124,2021,74
SK0130,2023,88
SK0205,2021,37
SK0016,2023,28
SK0135,2025,26
SK0286,2024,24
SK0155,2025,23
SK0206,2024,39
SK0237,2026,20
SK0142,2021,82
SK0050,2023,14
SK0283,2025,40
SK0154,2021,94
SK0105,2025,86
SK0282,2024,12
SK0096,2023,39
SK0090,2025,57
SK0239,2026,77
SK0098,2021,59
SK0150,2025,17
SK0201,2022,86
SK0190,2023,82
SK0248,2026,67
SK0086,2023,33
SK0027,2026,13
SK0159,2024,31
SK0201,2026,64
SK0172,2024,32
SK0007,2024,39
SK0156,2023,46
SK0212,2026,22
SK0022,2025,34
SK0010,2023,60
SK0300,2026,42
SK0209,2026,19
SK0156,2022,63
SK0212,2024,77
SK0009,2022,36
SK0200,2026,12
SK0271,2025,31
SK0098,2025,83
SK0069,2025,32
SK0020,2026,24
SK0233,2022,34
SK0039,2021,13
SK0055,2024,48
SK0299,2022,37
SK0258,2024,17
SK0183,2025,91
SK0109,2021,15
SK0264,2025,74
SK0254,2026,74
SK0145,2023,63
SK0245,2024,53
SK0287,2025,75
SK0222,2023,88
SK0017,2026,59
SK0009,2025,61
SK0004,2023,38
SK0189,2025,35
SK0171,2026,82
SK0027,2026,50
SK0100,2026,75
SK0197,2023,86
SK0109,2026,45
SK0051,2024,51
SK0133,2026,46
SK0152,2026,71
SK0170,2021,76
SK0260,2024,18
SK0288,2021,15
SK0193,2025,20
SK0155,2025,52
SK0152,2024,57
SK0076,2024,26
SK0139,2022,67
SK0165,2024,54
SK0242,2024,97
SK0037,2023,27
SK0156,2024,87
SK0059,2023,76
SK0064,2026,13
SK0203,2025,98
SK0172,2025,60
SK0158,2021,87
SK0222,2021,13
SK0246,2025,62
SK0226,2023,71
SK0147,2025,50
SK0279,2025,93
SK0021,2023,84
SK0204,2023,22
SK0150,2023,75
SK0256,2022,48
SK0254,2021,98
SK0188,2021,37
SK0257,2025,55
SK0184,2021,81
SK0259,2022,21
SK0235,2021,25
SK0018,2026,27
SK0016,2023,34
SK0097,2025,23
SK0251,2025,72
SK0200,2024,18
SK0022,2024,92
SK0182,2022,86
SK0239,2026,98
SK0283,2022,23
SK0263,2025,55
SK0023,2025,70
SK0179,2025,20
SK0078,2025,47
SK0205,2024,26
SK0006,2024,76
SK0132,2025,45
SK0080,2023,20
SK0273,2023,10
SK0111,2021,69
SK0118,2023,88
SK0011,2021,18
SK0195,2022,91
SK0019,2022,74
SK0077,2022,93
SK0292,2024,36
SK0057,2026,70
SK0298,2024,80
SK0222,2021,74
SK0162,2025,32
SK0164,2024,28
SK0230,2021,36
SK0268,2023,15
SK0254,2024,49
SK0255,2026,33
SK0061,2023,64
SK0125,2021,10
SK0200,2021,32
SK0136,2024,99
SK0288,2024,72
SK0098,2021,57
SK0254,2026,58
SK0124,2022,85
SK0093,2025,82
SK0090,2025,48
SK0005,2022,57
SK0057,2023,98
SK0054,2021,96
SK0229,2022,84
SK0236,2025,73
SK0112,2025,98
SK0218,2025,67
SK0147,2026,82
SK0274,2023,15
SK0017,2022,66
SK0199,2024,84
SK0193,2023,48
SK0210,2025,51
SK0143,2025,52
SK0070,2026,92
SK0191,2025,45
SK0076,2025,47
SK0118,2021,60
SK0103,2024,21
SK0040,2023,91
SK0145,2025,75
SK0033,2022,59
SK0057,2021,57
SK0094,2023,23
SK0055,2021,62
SK0073,2022,41
SK0046,2021,76
SK0227,2026,33
SK0187,2026,61
SK0274,2024,57
SK0056,2025,51
SK0187,2024,28
SK0004,2025,60
SK0105,2021,28
SK0212,2023,68
SK0297,2025,16
SK0273,2023,16
SK0011,2023,77
SK0218,2026,72
SK0252,2026,63
SK0240,2026,19
SK0094,2024,82
SK0106,2021,73
SK0091,2023,88
SK0253,2022,70
SK0288,2024,83
SK0103,2024,89
SK0092,2025,86
SK0226,2021,81
SK0064,2022,48
SK0222,2024,25
SK0167,2022,85
SK0009,2021,89
SK0193,2021,41
SK0040,2022,89
SK0180,2026,87
SK0137,2025,73
SK0259,2023,19
SK0049,2021,27
SK0131,2025,91
SK0042,2025,95
SK0040,2025,15
SK0028,2021,84
SK0094,2021,90
SK0071,2024,34
SK0269,2024,86
SK0093,2023,12
SK0046,2023,50
SK0296,2023,89
SK0026,2026,84
SK0213,2022,78
SK0108,2022,66
SK0041,2025,49
SK0191,2022,44
SK0050,2023,72
SK0114,2021,20
SK0038,2024,52
SK0222,2026,22
SK0046,2026,12
SK0197,2022,41
SK0218,2023,46
SK0078,2025,71
SK0219,2023,12
SK0194,2023,81
SK0193,2024,78
SK0230,2025,87
SK0031,2022,29
SK0186,2025,91
SK0028,2024,16
SK0086,2021,47
SK0190,2022,30
SK0085,2024,63
SK0093,2024,71
SK0161,2024,20
SK0279,2024,60
SK0219,2025,35
SK0081,2024,86
SK0055,2024,52
SK0144,2026,83
SK0270,2025,98
SK0082,2025,46
SK0209,2024,80
SK0128,2022,91
SK0148,2025,47
SK0265,2026,70
SK0186,2021,36
SK0125,2023,69
SK0270,2021,83
SK0199,2021,92
SK0144,2025,33
SK0031,2024,83
SK0002,2023,18
SK0046,2022,84
SK0264,2026,84
SK0232,2023,39
SK0136,2023,53
SK0203,2025,82
SK0153,2021,23
SK0028,2024,63
SK0155,2026,47
SK0136,2023,28
SK0289,2026,11
SK0149,2025,39
SK0021,2025,79
SK0025,2023,24
SK0141,2022,44
SK0203,2025,28
SK0159,2025,21
SK0200,2024,70
SK0239,2021,25
SK0195,2026,80
SK0109,2025,75
SK0150,2022,90
SK0174,2023,19
SK0130,2025,69
SK0007,2024,38
SK0121,2021,48
SK0024,2023,51
SK0096,2024,87
SK0160,2026,82
SK0023,2025,97
SK0198,2021,10
SK0059,2026,43
SK0213,2026,77
SK0157,2021,20
SK0047,2022,39
SK0021,2025,95
SK0277,2021,86
SK0214,2021,41
SK0183,2026,58
SK0272,2025,73
SK0107,2024,66
SK0019,2025,81
SK0281,2021,32
SK0266,2024,72
SK0224,2022,62
SK0267,2025,31
SK0273,2026,77
SK0040,2026,74
SK0066,2021,26
SK0069,2023,10
SK0251,2021,47
SK0201,2024,20
SK0289,2026,54
SK0294,2025,99
SK0074,2022,40
SK0035,2023,84
SK0032,2022,54
SK0068,2026,27
SK0230,2023,53
SK0281,2021,58
SK0007,2021,50
SK0092,2021,30
SK0057,2021,23
SK0241,2024,83
SK0160,2023,80
SK0080,2023,45
SK0296,2023,42
SK0127,2022,52
SK0086,2022,53
SK0018,2026,28
SK0150,2022,23
SK0070,2023,35
SK0096,2026,12
SK0131,2026,99
SK0123,2022,99
SK0278,2024,18
SK0147,2026,24
SK0229,2022,84
SK0041,2025,10
SK0130,2026,73
SK0242,2021,25
SK0249,2023,55
SK0167,2022,13
SK0067,2024,33
SK0190,2021,47
SK0062,2022,69
SK0236,2026,87
SK0173,2025,52
SK0159,2024,22
SK0097,2022,47
SK0014,2022,85
SK0244,2025,25
SK0277,2026,61
SK0265,2024,38
SK0015,2023,94
SK0264,2025,19
SK0257,2024,10
SK0075,2025,73
SK0001,2025,91
SK0106,2026,50
SK0156,2026,38
SK0086,2025,50
SK0116,2022,50
SK0119,2022,18
SK0126,2024,49
SK0014,2026,95
SK0096,2023,88
SK0135,2021,90
SK0201,2025,91
SK0093,2024,99
SK0263,2021,81
SK0078,2021,78
SK0069,2025,71
SK0147,2024,19
SK0251,2021,69
SK0189,2021,69
SK0214,2023,14
SK0243,2022,14
SK0127,2024,43
SK0041,2023,13
SK0184,2022,66
SK0281,2022,13
SK0061,2023,13
SK0222,2024,21
SK0166,2026,36
SK0138,2022,75
SK0016,2026,47
SK0141,2021,45
SK0213,2026,63
SK0106,2023,49
SK0243,2022,86
SK0209,2026,97
SK0058,2025,71
SK0274,2024,33
SK0130,2023,77
SK0259,2026,15
SK0055,2024,60
SK0135,2025,64
SK0165,2023,26
SK0101,2021,85
SK0295,2026,79
SK0182,2024,11
SK0043,2026,13
SK0216,2024,42
SK0108,2026,39
SK0038,2022,53
SK0289,2024,64
SK0069,2024,56
SK0058,2022,58
SK0039,2025,51
SK0146,2026,24
SK0225,2025,99
SK0067,2025,24
SK0254,2021,89
SK0026,2024,52
SK0294,2025,85
SK0205,2026,65
SK0045,2022,54
SK0222,2026,75
SK0078,2023,81
SK0003,2026,15
SK0031,2025,58
SK0249,2026,98
SK0262,2022,15
SK0031,2024,94
SK0169,2025,45
SK0202,2025,64
SK0288,2024,38
SK0067,2024,86
SK0253,2025,27
SK0243,2026,28
SK0047,2022,22
SK0226,2024,84
SK0067,2023,20
SK0190,2021,70
SK0280,2021,21
SK0144,2021,20
SK0179,2026,89
SK0299,2023,66
SK0015,2023,84
SK0167,2026,95
SK0004,2023,26
SK0044,2025,14
SK0282,2023,58
SK0132,2022,94
SK0214,2021,21
SK0130,2026,26
SK0200,2024,17
SK0286,2026,36
SK0022,2023,62
SK0100,2025,24
SK0289,2024,74
SK0261,2025,70
SK0001,2025,12
SK0267,2026,14
SK0056,2021,97
SK0025,2024,74
SK0272,2025,27
SK0176,2023,11
SK0037,2024,72
SK0009,2023,81
SK0211,2026,34
SK0192,2025,65
SK0209,2022,77
SK0261,2022,25
SK0190,2026,89
SK0082,2021,13
SK0184,2022,84
SK0091,2021,67
SK0275,2024,83
SK0129,2021,52
SK0142,2022,43
SK0082,2024,31
SK0176,2025,75
SK0096,2025,54
SK0048,2023,43
SK0135,2024,54
SK0300,2024,53
SK0236,2026,87
SK0090,2022,90
SK0016,2021,63
SK0003,2022,41
SK0282,2022,66
SK0289,2022,14
SK0053,2022,23
SK0282,2025,80
SK0206,2023,72
SK0185,2021,55
SK0076,2025,18
SK0206,2026,68
SK0290,2022,50
SK0146,2026,79
SK0013,2021,76
SK0060,2023,24
SK0128,2022,74
SK0156,2025,97
SK0167,2025,16
SK0151,2026,58
SK0234,2021,41
SK0080,2026,96
SK0297,2026,73
SK0085,2024,27
SK0219,2024,95
SK0135,2022,76
SK0004,2022,47
SK0150,2025,63
SK0013,2024,18
SK0263,2022,52
SK0047,2021,43
SK0208,2024,50
SK0216,2024,12
SK0248,2024,18
SK0013,2025,74
SK0278,2023,56
SK0137,2021,74
SK0224,2021,46
SK0254,2025,66
SK0154,2024,55
SK0120,2023,63
SK0019,2023,99
SK0199,2022,17
SK0167,2022,33
SK0014,2025,49
SK0088,2023,10
SK0037,2023,79
SK0176,2025,50
SK0051,2024,52
SK0088,2024,72
SK0222,2023,36
SK0222,2023,10
SK0016,2024,84
SK0128,2022,90
SK0262,2023,85
SK0080,2021,89
SK0059,2026,97
SK0133,2026,23
SK0288,2021,23
SK0137,2025,36
SK0124,2024,63
SK0209,2023,11
SK0266,2021,30
SK0140,2023,83
SK0025,2024,10
SK0232,2025,66
SK0053,2025,63
SK0238,2024,98
SK0068,2026,54
SK0250,2022,41
SK0118,2026,78
SK0014,2026,81
SK0161,2026,29
SK0282,2023,57
SK0050,2024,78
SK0199,2023,21
SK0203,2024,27
SK0013,2026,69
SK0155,2021,32
SK0016,2021,31
SK0082,2022,64
SK0114,2023,27
SK0244,2025,71
SK0111,2022,73
SK0236,2021,60
SK0156,2026,36
SK0134,2025,39
SK0208,2022,85
SK0114,2021,79
SK0160,2023,26
SK0279,2021,92
SK0157,2025,21
SK0218,2026,95
SK0274,2025,98
SK0147,2025,23
SK0153,2021,85
SK0233,2021,60
SK0181,2022,70
SK0103,2021,84
SK0273,2022,79
SK0202,2024,26
SK0076,2025,59
SK0263,2024,39
SK0149,2021,52
SK0254,2024,90
SK0292,2025,71
SK0280,2024,33
SK0203,2023,52
SK0061,2026,93
SK0014,2026,82
SK0251,2024,51
SK0146,2024,46
SK0291,2023,23
SK0117,2026,53
SK0215,2022,57
SK0097,2021,95
SK0112,2025,69
SK0195,2024,10
SK0228,2022,62
SK0095,2024,56
SK0089,2022,23
SK0275,2021,17
SK0169,2022,93
SK0243,2026,59
SK0012,2024,27
SK0295,2024,47
SK0261,2022,25
SK0284,2026,20
SK0057,2024,68
SK0115,2024,43
SK0102,2023,69
SK0178,2025,74
SK0166,2021,37
SK0043,2025,52
SK0201,2021,14
SK0074,2026,67
SK0033,2022,41
SK0272,2022,63
SK0166,2021,92
SK0164,2024,86
SK0115,2026,10
SK0233,2025,91
SK0127,2023,13
SK0221,2022,30
SK0074,2021,12
SK0061,2021,95
SK0128,2023,89
SK0189,2021,46
SK0059,2023,11
SK0200,2023,79
SK0126,2026,65
SK0247,2021,50
SK0249,2023,51
SK0079,2026,46
SK0026,2026,40
SK0203,2023,77
SK0051,2022,93
SK0135,2023,62
SK0046,2023,38
SK0203,2024,25
SK0030,2024,93
SK0159,2022,35
SK0067,2024,53
SK0085,2025,79
SK0237,2024,15
SK0245,2026,26
SK0062,2022,42
SK0146,2021,50
SK0054,2023,91
SK0158,2024,67
SK0040,2021,77
SK0123,2022,29
SK0130,2026,27
SK0279,2022,92
SK0004,2023,55
SK0042,2025,50
SK0087,2026,89
SK0111,2024,42
SK0234,2025,93
SK0090,2023,25
SK0299,2023,24
SK0256,2025,30
SK0263,2022,88
SK0033,2022,79
SK0182,2021,53
SK0084,2024,93
SK0064,2026,93
SK0119,2025,25
SK0232,2024,86
SK0165,2021,96
SK0236,2022,67
SK0019,2024,82
SK0023,2023,41
SK0188,2024,99
SK0011,2024,50
SK0150,2023,19
SK0124,2023,33
SK0263,2023,49
SK0205,2023,20
SK0126,2023,87
SK0047,2022,35
SK0033,2026,84
SK0216,2026,94
SK0247,2026,41
SK0291,2024,91
SK0140,2025,65
SK0150,2025,19
SK0030,2026,63
SK0058,2024,21
SK0106,2022,25
SK0232,2024,88
SK0035,2025,52
SK0172,2025,86
SK0148,2024,81
SK0199,2021,64
SK0285,2024,13
SK0218,2023,46
SK0246,2022,43
SK0114,2021,32
SK0254,2024,72
SK0072,2025,91
SK0106,2021,57
SK0273,2021,52
SK0195,2025,86
SK0186,2023,31
SK0060,2023,65
SK0124,2021,65
SK0201,2021,76
SK0235,2023,62
SK0286,2022,60
SK0273,2023,38
SK0292,2026,44
SK0092,2023,28
SK0149,2024,53
SK0187,2022,40
SK0154,2022,85
SK0297,2024,56
SK0189,2024,43
SK0140,2024,47
SK0208,2021,37
SK0269,2024,23
SK0144,2025,98
SK0216,2025,91
SK0133,2024,64
SK0246,2023,67
SK0118,2021,18
SK0056,2026,77
SK0116,2026,72
SK0184,2025,93
SK0290,2026,30
SK0084,2022,96
SK0104,2025,70
SK0213,2024,88
SK0222,2026,59
SK0272,2023,79
SK0118,2021,52
SK0199,2021,69
SK0029,2021,80
SK0094,2024,79
SK0086,2024,44
SK0269,2022,99
SK0009,2026,59
SK0094,2024,80
SK0158,2021,17
SK0058,2021,39
SK0203,2022,91
SK0164,2022,85
SK0253,2024,32
SK0203,2026,13
SK0162,2021,81
SK0012,2025,53
SK0136,2024,22
SK0244,2021,77
SK0012,2023,15
SK0281,2024,77
SK0049,2023,70
SK0177,2023,95
SK0220,2022,90
SK0089,2021,20
SK0257,2023,13
SK0284,2024,90
SK0050,2024,15
SK0300,2026,26
SK0017,2022,93
SK0025,2022,80
SK0055,2021,64
SK0116,2024,35
SK0134,2022,20
SK0296,2024,83
SK0170,2022,33
SK0261,2022,28
SK0102,2023,62
SK0073,2024,90
SK0032,2025,96
SK0203,2022,31
SK0005,2026,65
SK0122,2022,26
SK0281,2022,79
SK0036,2021,89
SK0289,2025,11
SK0232,2021,75
SK0283,2026,82
SK0234,2025,94
SK0252,2022,98
SK0131,2023,19
SK0055,2022,65
SK0144,2025,39
SK0288,2024,75
SK0046,2023,28
SK0249,2023,90
SK0279,2025,12
SK0101,2026,86
SK0209,2022,79
SK0289,2024,54
SK0180,2025,77
SK0113,2022,72
SK0174,2024,13
SK0206,2025,61
SK0157,2025,30
SK0001,2023,82
SK0130,2024,90
SK0179,2024,50
SK0221,2025,87
SK0176,2023,55
SK0030,2021,89
SK0079,2025,19
SK0236,2025,77
SK0225,2021,23
SK0144,2025,21
SK0150,2021,70
SK0071,2023,34
SK0142,2022,22
SK0107,2022,36
SK0093,2025,80
SK0021,2022,78
SK0283,2026,24
SK0001,2022,80
SK0100,2023,95
SK0076,2022,44
SK0145,2021,10
SK0182,2025,98
SK0034,2024,20
SK0146,2022,72
SK0270,2023,48
SK0285,2021,65
SK0241,2025,95
SK0084,2024,81
SK0116,2023,76
SK0057,2022,63
SK0243,2024,22
SK0106,2026,64
SK0108,2026,77
SK0153,2022,90
SK0300,2025,31
SK0155,2025,98
SK0226,2023,39
SK0241,2024,63
SK0167,2023,19
SK0286,2025,77
SK0088,2022,30
SK0293,2022,36
SK0026,2022,47
SK0014,2025,88
SK0154,2024,29
SK0170,2023,35
SK0232,2026,66
SK0269,2021,56
SK0180,2023,34
SK0181,2023,27
SK0063,2021,89
SK0032,2024,88
SK0110,2026,45
SK0026,2025,80
SK0038,2023,22
SK0147,2025,34
SK0294,2025,67
SK0083,2025,82
SK0013,2021,26
SK0086,2026,74
SK0171,2026,73
SK0204,2021,36
SK0127,2025,24
SK0133,2026,41
SK0213,2026,92
SK0060,2023,77
SK0135,2023,12
SK0192,2021,59
SK0269,2022,87
SK0261,2026,12
SK0070,2022,91
SK0295,2026,23
SK0157,2026,95
SK0264,2021,95
SK0108,2022,60
SK0040,2021,57
SK0248,2021,16
SK0086,2022,49
SK0127,2021,31
SK0028,2024,50
SK0090,2023,30
SK0226,2022,71
SK0007,2026,23
SK0047,2021,18
SK0148,2023,88
SK0181,2024,60
SK0100,2026,50
SK0287,2022,26
SK0189,2022,99
SK0261,2022,77
SK0111,2022,85
SK0215,2021,92
SK0078,2023,65
SK0232,2021,26
SK0214,2025,55
SK0271,2022,23
SK0244,2025,96
SK0045,2023,21
SK0076,2022,45
SK0061,2026,76
SK0003,2023,30
SK0281,2023,64
SK0198,2024,27
SK0135,2024,81
SK0173,2026,59
SK0047,2021,47
SK0187,2026,85
SK0287,2025,14
SK0039,2023,11
SK0215,2022,24
SK0288,2022,39
SK0144,2025,85
SK0122,2023,38
SK0269,2025,73
SK0138,2026,10
SK0161,2022,47
SK0004,2024,55
SK0158,2025,53
SK0074,2025,95
SK0054,2025,90
SK0100,2024,23
SK0147,2021,16
SK0059,2023,61
SK0044,2025,89
SK0029,2025,23
SK0157,2025,13
SK0299,2024,24
SK0167,2022,73
SK0215,2022,11
SK0087,2025,60
SK0273,2023,80
SK0222,2023,21
SK0005,2026,71
SK0085,2023,88
SK0266,2021,86
SK0035,2024,47
SK0278,2024,98
SK0296,2023,55
SK0078,2026,79
SK0003,2022,10
SK0109,2026,22
SK0207,2025,51
SK0277,2025,33
SK0278,2025,30
SK0165,2021,69
SK0259,2025,34
SK0121,2025,78
SK0014,2026,11
SK0060,2024,59
SK0273,2025,85
SK0208,2023,75
SK0271,2024,59
SK0047,2023,99
SK0284,2023,81
SK0287,2021,16
SK0112,2026,87
SK0296,2026,59
SK0194,2023,33
SK0220,2022,37
SK0212,2021,95
SK0136,2025,22
SK0219,2021,35
SK0177,2023,18
SK0027,2026,55
SK0288,2023,52
SK0108,2025,57
SK0247,2024,13
SK0032,2025,35
SK0140,2021,42
SK0266,2024,38
SK0293,2025,88
SK0107,2022,60
SK0081,2022,51
SK0053,2023,62
SK0084,2021,29
SK0245,2026,40
SK0161,2025,75
SK0296,2025,95
SK0163,2024,60
SK0074,2022,64
SK0256,2022,49
SK0023,2026,15
SK0290,2024,40
SK0108,2025,28
SK0222,2026,78
SK0102,2022,12
SK0018,2024,42
SK0154,2025,41
SK0243,2023,61
SK0169,2021,29
SK0222,2024,66
SK0249,2025,71
SK0085,2022,35
SK0119,2025,23
SK0008,2024,20
SK0022,2025,73
SK0238,2023,28
SK0009,2024,76
SK0287,2024,95
SK0094,2025,13
SK0235,2024,81
SK0032,2023,18
SK0258,2023,89
SK0213,2024,79
SK0198,2022,30
SK0270,2026,59
SK0114,2022,27
SK0015,2021,11
SK0219,2025,77
SK0015,2023,31
SK0184,2021,42
SK0110,2024,22
SK0199,2024,93
SK0218,2026,51
SK0282,2026,92
SK0112,2024,54
SK0005,2026,34
SK0008,2025,31
SK0271,2026,63
SK0233,2025,89
SK0267,2021,56
SK0185,2022,50
SK0166,2021,43
SK0176,2026,65
SK0243,2021,41
SK0018,2022,47
SK0200,2024,87
SK0186,2023,58
SK0244,2025,58
SK0225,2024,58
SK0077,2021,39
SK0176,2022,66
SK0097,2026,33
SK0210,2024,15
SK0145,2023,70
SK0220,2026,88
SK0033,2025,84
SK0092,2022,36
SK0129,2023,48
SK0274,2021,94
SK0265,2022,99
SK0191,2022,94
SK0263,2025,96
SK0013,2021,68
SK0165,2022,84
SK0079,2023,11
SK0191,2023,74
SK0228,2021,54
SK0221,2021,93
SK0276,2021,15
SK0186,2022,77
SK0244,2025,23
SK0291,2025,28
SK0171,2021,77
SK0076,2021,10
SK0214,2023,34
SK0221,2022,93
SK0046,2024,58
SK0122,2026,33
SK0263,2023,40
SK0040,2026,17
SK0008,2022,85
SK0085,2025,55
SK0105,2025,75
SK0202,2025,62
SK0131,2024,96
SK0247,2026,50
SK0023,2026,74
SK0169,2026,75
SK0285,2025,23
SK0041,2023,59
SK0092,2024,75
SK0018,2023,16
SK0299,2026,58
SK0257,2023,79
SK0147,2022,69
SK0037,2021,81
SK0271,2022,46
SK0248,2023,33
SK0063,2024,74
SK0284,2023,53
SK0162,2024,22
SK0060,2025,16
SK0123,2022,87
SK0134,2026,39
SK0279,2023,63
SK0151,2023,53
SK0033,2026,75
SK0254,2022,90
SK0261,2024,84
SK0201,2023,56
SK0231,2022,62
SK0217,2022,54
SK0136,2023,28
SK0048,2024,43
SK0052,2026,22
SK0072,2023,55
SK0290,2024,27
SK0141,2024,24
SK0199,2025,69
SK0163,2022,16
SK0285,2022,48
SK0027,2023,99
SK0159,2025,32
SK0119,2023,60
SK0145,2024,87
SK0036,2021,64
SK0217,2026,40
SK0230,2022,65
SK0051,2021,72
SK0295,2025,88
SK0177,2022,87
SK0142,2023,58
SK0172,2022,43
SK0013,2025,35
SK0123,2025,46
SK0083,2026,15
SK0096,2024,80
SK0052,2022,22
SK0021,2024,33
SK0090,2024,53
SK0095,2021,36
SK0274,2022,29
SK0132,2026,79
SK0249,2023,32
SK0145,2026,23
SK0160,2023,43
SK0168,2021,91
SK0166,2024,59
SK0278,2025,80
SK0108,2023,65
SK0078,2022,90
SK0200,2021,60
SK0107,2023,47
SK0003,2023,53
SK0182,2021,41
SK0052,2024,35
SK0207,2021,19
SK0036,2021,54
SK0160,2026,78
SK0295,2021,24
SK0197,2025,15
SK0039,2026,48
SK0078,2023,42
SK0064,2026,85
SK0232,2021,21
SK0099,2026,27
SK0138,2021,58
SK0241,2025,48
SK0185,2025,98
SK0116,2023,13
SK0156,2024,98
SK0060,2022,43
SK0062,2024,99
SK0133,2025,49
SK0149,2022,41
SK0066,2022,29
SK0106,2025,89
SK0252,2021,65
SK0151,2021,77
SK0258,2025,20
SK0191,2024,83
SK0130,2024,73
SK0230,2024,26
SK0015,2021,75
SK0187,2022,52
SK0250,2025,47
SK0282,2025,21
SK0097,2021,53
SK0026,2025,59
SK0268,2024,51
SK0030,2022,35
SK0241,2021,80
SK0143,2021,39
SK0185,2023,97
SK0268,2022,45
SK0129,2021,98
SK0128,2021,14
SK0165,2024,42
SK0028,2023,60
SK0034,2026,28
SK0003,2026,55
SK0248,2022,51
SK0270,2024,70
SK0158,2023,56
SK0147,2022,18
SK0260,2026,17
SK0010,2023,59
SK0241,2022,78
SK0035,2026,98
SK0016,2023,79
SK0175,2022,91
SK0016,2023,89
SK0090,2022,11
SK0288,2023,35
SK0169,2024,84
SK0094,2025,44
SK0150,2026,31
SK0240,2024,94
SK0206,2022,70
SK0011,2025,46
SK0194,2026,40
SK0089,2025,24
SK0017,2022,42
SK0079,2023,33
SK0104,2023,54
SK0133,2025,27
SK0202,2021,69
SK0073,2025,81
SK0054,2024,70
SK0125,2022,57
SK0165,2025,87
SK0295,2022,25
SK0027,2025,76
SK0153,2024,83
SK0104,2023,89
SK0131,2021,97
SK0136,2024,56
SK0021,2021,30
SK0249,2024,93
SK0098,2026,98
SK0132,2021,14
SK0271,2025,27
SK0097,2021,56
SK0219,2023,15
SK0267,2021,84
SK0204,2021,16
SK0151,2022,44
SK0047,2021,38
SK0097,2022,97
SK0166,2023,14
SK0288,2021,60
SK0260,2026,76
SK0205,2021,16
SK0074,2021,93
SK0280,2024,77
SK0221,2023,55
SK0268,2025,32
SK0008,2026,99
SK0026,2021,53
SK0246,2024,95
SK0244,2026,93
SK0111,2021,98
SK0054,2025,12
SK0075,2023,23
SK0255,2025,40
SK0033,2024,36
SK0118,2022,73
SK0274,2024,83
SK0237,2025,76
SK0081,2026,41
SK0066,2025,12
SK0175,2023,85
SK0201,2024,35
SK0053,2021,97
SK0028,2021,63
SK0197,2025,22
SK0276,2026,92
SK0221,2024,75
SK0204,2024,91
SK0006,2021,18
SK0271,2026,34
SK0281,2026,82
SK0098,2024,13
SK0003,2023,14
SK0235,2025,99
SK0200,2021,90
SK0290,2026,27
SK0038,2021,82
SK0196,2026,47
SK0133,2025,53
SK0211,2023,70
SK0163,2021,80
SK0200,2024,58
SK0240,2025,98
SK0143,2024,82
SK0096,2024,40
SK0025,2022,49
SK0006,2026,52
SK0139,2026,77
SK0231,2022,23
SK0042,2026,60
SK0268,2025,69
SK0300,2023,93
SK0138,2024,16
SK0076,2021,38
SK0254,2024,67
SK0033,2023,33
SK0113,2023,12
SK0172,2022,64
SK0062,2025,85
SK0186,2022,84
SK0141,2026,58
SK0064,2021,27
SK0099,2023,10
SK0125,2026,67
SK0093,2022,65
SK0027,2023,65
SK0143,2024,59
SK0188,2026,76
SK0194,2024,30
SK0181,2022,56
SK0268,2025,62
SK0101,2022,33
SK0253,2023,56
SK0133,2023,80
SK0149,2024,94
SK0012,2025,79
SK0141,2022,80
SK0271,2024,82
SK0190,2025,61
SK0237,2026,78
SK0122,2025,91
SK0040,2025,38
SK0215,2024,57
SK0072,2022,70
SK0154,2024,44
SK0018,2023,15
SK0077,2021,54
SK0169,2022,84
SK0240,2026,64
SK0214,2022,82
SK0138,2026,39
SK0081,2021,96
SK0232,2021,82
SK0295,2024,91
SK0134,2022,13
SK0165,2026,76
SK0254,2024,87
SK0237,2021,85
SK0212,2026,41
SK0293,2026,99
SK0158,2022,17
SK0100,2026,53
SK0058,2026,96
SK0048,2023,89
SK0127,2024,54
SK0127,2025,82
SK0055,2021,12
SK0274,2026,44
SK0142,2023,50
SK0113,2023,20
SK0084,2021,23
SK0113,2021,48
SK0017,2023,88
SK0269,2026,18
SK0241,2023,77
SK0038,2026,95
SK0183,2023,42
SK0067,2021,58
SK0069,2024,45
SK0194,2022,36
SK0058,2024,39
SK0161,2022,69
SK0280,2021,42
SK0190,2025,66
SK0239,2025,60
SK0060,2022,87
SK0176,2022,56
SK0119,2023,36
SK0211,2023,45
SK0021,2026,36
SK0183,2026,80
SK0276,2026,64
SK0038,2024,48
SK0220,2024,56
SK0031,2024,37
SK0029,2023,81
SK0016,2026,74
SK0001,2024,71
SK0281,2026,59
SK0194,2022,76
SK0064,2026,39
SK0267,2024,89
SK0216,2021,44
SK0218,2022,71
SK0181,2022,66
SK0074,2025,75
SK0183,2021,61
SK0296,2023,56
SK0149,2023,18
SK0115,2023,23
SK0086,2023,91
SK0279,2025,51
SK0264,2024,74
SK0176,2025,92
SK0149,2025,91
SK0118,2026,72
SK0285,2024,33
SK0167,2022,40
SK0197,2021,93
SK0055,2026,34
SK0079,2021,23
SK0157,2026,32
SK0271,2024,13
SK0156,2022,58
SK0234,2021,10
SK0208,2023,78
SK0214,2024,81
SK0143,2021,50
SK0073,2025,53
SK0242,2025,10
SK0215,2024,54
SK0251,2022,73
SK0030,2022,57
SK0269,2021,96
SK0023,2022,28
SK0173,2022,58
SK0144,2024,59
SK0202,2026,73
SK0022,2026,41
SK0131,2021,40
SK0200,2021,27
SK0204,2022,57
SK0228,2023,44
SK0166,2023,77
SK0041,2025,46
SK0064,2026,85
SK0151,2023,72
SK0032,2023,79
SK0037,2022,97
SK0177,2026,91
SK0124,2024,56
SK0208,2023,12
SK0070,2023,92
SK0131,2023,90
SK0146,2022,75
SK0112,2025,67
SK0171,2026,44
SK0101,2021,60
SK0179,2024,52
SK0271,2023,62
SK0124,2024,90
SK0191,2025,52
SK0296,2026,76
SK0278,2025,71
SK0037,2024,83
SK0024,2026,88
SK0160,2023,50
SK0269,2021,17
SK0071,2021,10
SK0059,2021,39
SK0219,2024,89
SK0054,2026,82
SK0261,2023,96
SK0014,2021,80
SK0081,2025,51
SK0058,2024,84
SK0148,2024,63
SK0289,2026,30
SK0277,2025,40
SK0118,2021,45
SK0118,2022,82
SK0199,2025,60
SK0166,2025,84
SK0294,2025,74
SK0051,2024,32
SK0214,2022,16
SK0201,2026,27
SK0026,2024,44
SK0010,2023,96
SK0165,2022,71
SK0116,2022,13
SK0001,2021,76
SK0297,2021,72
SK0258,2023,37
SK0018,2023,88
SK0225,2021,30
SK0230,2025,69
SK0057,2024,65
SK0045,2024,84
SK0057,2024,18
SK0184,2023,83
SK0054,2026,74
SK0265,2021,66
SK0011,2021,23
SK0282,2025,25
SK0113,2023,21
SK0270,2023,39
SK0206,2025,92
SK0185,2025,65
SK0280,2026,38
SK0191,2021,86
SK0089,2026,20
SK0058,2022,85
SK0084,2022,73
SK0292,2024,85
SK0248,2023,19
SK0116,2025,37
SK0073,2022,41
SK0118,2021,17
SK0162,2022,72
SK0046,2021,18
SK0273,2022,82
SK0025,2026,25
SK0203,2024,45
SK0195,2021,42
SK0153,2025,45
SK0152,2026,26
SK0192,2023,15
SK0178,2021,25
SK0270,2024,62
SK0113,2021,88
SK0217,2025,24
SK0074,2023,40
SK0150,2024,33
SK0105,2025,85
SK0192,2023,43
SK0013,2021,84
SK0052,2025,19
SK0119,2021,33
SK0262,2026,97
SK0194,2024,88
SK0258,2025,58
SK0281,2024,77
SK0132,2026,80
SK0297,2026,40
SK0277,2023,22
SK0117,2025,76
SK0193,2022,80
SK0244,2024,99
SK0156,2023,72
SK0059,2022,18
SK0205,2024,35
SK0062,2026,97
SK0021,2023,29
SK0086,2021,53
SK0033,2021,40
SK0136,2023,31
SK0177,2026,43
SK0037,2022,21
SK0055,2024,86
SK0079,2024,20
SK0103,2021,17
SK0045,2023,90
SK0220,2021,22
SK0259,2022,62
SK0218,2022,68
SK0293,2022,89
SK0082,2022,88
SK0245,2025,88
SK0180,2022,64
SK0221,2022,22
SK0054,2023,94
SK0180,2021,90
SK0069,2021,83
SK0119,2024,69
SK0132,2024,68
SK0101,2021,50
SK0227,2026,17
SK0140,2024,73
SK0192,2023,96
SK0060,2025,36
SK0133,2022,48
SK0104,2024,41
SK0059,2022,52
SK0004,2022,67
SK0113,2022,27
SK0296,2025,75
SK0192,2022,98
SK0030,2023,61
SK0220,2026,53
SK0253,2026,87
SK0255,2024,90
SK0209,2024,81
SK0081,2026,79
SK0181,2021,29
SK0299,2024,56
SK0153,2026,37
SK0258,2026,60
SK0133,2022,28
SK0033,2025,70
SK0056,2021,16
SK0278,2026,19
SK0158,2021,98
SK0238,2025,45
SK0250,2026,91
SK0219,2023,71
SK0229,2024,36
SK0204,2022,59
SK0073,2022,48
SK0279,2021,97
SK0252,2025,35
SK0011,2023,55
SK0225,2023,52
SK0160,2021,88
SK0045,2021,23
SK0237,2022,73
SK0220,2021,36
SK0180,2021,46
SK0142,2021,60
SK0158,2025,57
SK0041,2023,21
SK0084,2024,23
SK0196,2026,82
SK0089,2024,91
SK0189,2021,20
SK0215,2024,58
SK0237,2023,35
SK0062,2023,78
SK0175,2025,72
SK0034,2023,21
SK0012,2025,63
SK0223,2026,76
SK0227,2025,75
SK0050,2021,82
SK0036,2022,55
SK0108,2024,33
SK0173,2023,28
SK0040,2023,57
SK0148,2021,68
SK0022,2023,94
SK0050,2026,12
SK0194,2021,98
SK0027,2021,90
SK0233,2022,78
SK0159,2022,22
SK0187,2024,66
SK0184,2021,59
SK0274,2022,56
SK0096,2021,28
SK0143,2024,35
SK0055,2022,84
SK0097,2024,47
SK0070,2026,73
SK0279,2025,74
SK0272,2022,78
SK0162,2022,82
SK0298,2025,32
SK0080,2023,15
SK0097,2022,35
SK0244,2023,62
SK0255,2022,50
SK0179,2023,68
SK0187,2026,21
SK0212,2022,18
SK0219,2021,71
SK0006,2025,80
SK0071,2021,31
SK0145,2021,40
SK0283,2023,99
SK0207,2021,79
SK0206,2024,73
SK0213,2021,46
SK0209,2026,36
SK0075,2024,91
SK0042,2024,14
SK0161,2022,44
SK0197,2022,34
SK0075,2022,40
SK0058,2023,72
SK0134,2025,23
SK0235,2022,56
SK0253,2021,40
SK0169,2022,41
SK0118,2026,62
SK0001,2024,70
SK0213,2022,57
SK0268,2021,41
SK0280,2024,93
SK0131,2023,10
SK0002,2021,92
SK0043,2021,67
SK0262,2025,70
SK0227,2022,83
SK0132,2023,43
SK0192,2022,98
SK0235,2026,37
SK0055,2023,45
SK0091,2021,16
SK0155,2026,71
SK0229,2025,67
SK0111,2024,41
SK0039,2022,66
SK0031,2026,54
SK0039,2024,32
SK0008,2021,54
SK0171,2024,43
SK0081,2024,28
SK0209,2025,82
SK0226,2023,54
SK0235,2026,66
SK0222,2022,20
SK0116,2022,40
SK0198,2021,39
SK0281,2022,49
SK0050,2024,42
SK0252,2024,93
SK0168,2026,11
SK0040,2022,69
SK0011,2026,25
SK0288,2021,36
SK0220,2021,55
SK0278,2022,48
SK0037,2023,96
SK0104,2026,77
SK0095,2024,54
SK0282,2024,68
SK0231,2025,55
SK0084,2025,57
SK0015,2022,29
SK0218,2024,91
SK0087,2024,80
SK0125,2024,37
SK0277,2026,76
SK0086,2022,98
SK0084,2022,25
SK0127,2024,74
SK0146,2024,30
SK0208,2024,74
SK0094,2023,72
SK0291,2026,81
SK0134,2022,27
SK0271,2024,62
SK0262,2024,10
SK0230,2025,86
SK0086,2023,66
SK0124,2021,28
SK0296,2025,19
SK0222,2025,45
SK0288,2023,64
SK0052,2025,40
SK0056,2022,74
SK0046,2022,54
SK0040,2025,47
SK0251,2023,82
SK0161,2021,77
SK0024,2024,70
SK0081,2023,42
SK0277,2024,34
SK0133,2023,82
SK0181,2022,74
SK0078,2021,99
SK0227,2021,71
SK0152,2023,18
SK0149,2025,45
SK0216,2024,90
SK0207,2025,30
SK0094,2024,28
SK0108,2026,70
SK0282,2021,51
SK0224,2024,88
SK0130,2025,39
SK0172,2024,14
SK0118,2022,57
SK0132,2025,30
SK0148,2025,19
SK0174,2024,68
SK0091,2021,24
SK0075,2026,14
SK0240,2021,22
SK0132,2021,86
SK0158,2025,13
SK0252,2021,78
SK0206,2026,95
SK0026,2022,43
SK0121,2025,47
SK0206,2025,96
SK0255,2023,57
SK0215,2022,34
SK0155,2025,72
SK0117,2023,59
SK0141,2024,60
SK0062,2025,50
SK0243,2025,78
SK0183,2026,15
SK0231,2025,31
SK0288,2021,46
SK0090,2026,67
SK0009,2025,58
SK0213,2026,62
SK0227,2026,96
SK0063,2023,74
SK0035,2025,71
SK0238,2025,56
SK0023,2025,70
SK0046,2022,53
SK0039,2022,41
SK0186,2024,22
SK0171,2026,72
SK0209,2021,73
SK0115,2023,26
SK0190,2023,82
SK0065,2022,45
SK0045,2022,13
SK0226,2022,21
SK0246,2023,89
SK0085,2025,51
SK0267,2025,88
SK0266,2023,99
SK0166,2025,39
SK0138,2021,38
SK0202,2021,67
SK0242,2021,29
SK0235,2021,28
SK0102,2023,63
SK0021,2025,93
SK0268,2026,33
SK0120,2026,24
SK0116,2026,48
SK0218,2024,67
SK0116,2022,16
SK0252,2022,97
SK0079,2024,76
SK0043,2023,88
SK0028,2021,30
SK0045,2024,60
SK0247,2021,73
SK0198,2025,55
SK0277,2024,83
SK0090,2026,56
SK0242,2025,33
SK0110,2026,29
SK0169,2023,80
SK0055,2023,28
SK0083,2024,85
SK0154,2024,99
SK0185,2026,98
SK0127,2023,91
SK0048,2022,99
SK0205,2022,82
SK0262,2024,12
SK0060,2022,89
SK0238,2022,82
SK0248,2026,96
SK0019,2023,67
SK0191,2022,56
SK0262,2026,11
SK0228,2021,82
SK0025,2026,63
SK0297,2022,91
SK0077,2026,84
SK0120,2026,32
SK0137,2022,92
SK0263,2024,19
SK0151,2023,19
SK0169,2023,52
SK0083,2023,21
SK0020,2024,11
SK0133,2026,50
SK0067,2021,61
SK0277,2024,91
SK0025,2021,76
SK0051,2025,11
SK0033,2022,16
SK0287,2025,74
SK0059,2023,49
SK0048,2022,69
SK0219,2021,46
SK0044,2025,67
SK0079,2026,73
SK0225,2026,33
SK0069,2024,83
SK0222,2026,96
SK0005,2024,70
SK0274,2021,90
SK0104,2022,31
SK0207,2025,15
SK0113,2026,12
SK0192,2023,72
SK0086,2025,54
SK0189,2024,35
SK0056,2022,29
SK0124,2023,80
SK0285,2026,87
SK0284,2023,29
SK0077,2022,52
SK0147,2024,30
SK0049,2023,66
SK0005,2026,32
SK0141,2025,48
SK0103,2026,93
SK0104,2021,75
SK0289,2021,58
SK0006,2021,95
SK0293,2022,75
SK0023,2022,56
SK0172,2025,28
SK0029,2025,80
SK0068,2024,40
SK0078,2021,69
SK0001,2025,34
SK0132,2022,76
SK0175,2026,91
SK0224,2026,62
SK0097,2022,23
SK0024,2026,58
SK0233,2023,92
SK0146,2021,24
SK0299,2026,55
SK0002,2025,46
SK0261,2021,78
SK0177,2024,38
SK0284,2025,68
SK0075,2026,89
SK0186,2024,10
SK0032,2022,93
SK0140,2022,90
SK0038,2026,67
SK0095,2022,23
SK0270,2024,89
SK0017,2025,59
SK0050,2021,34
SK0248,2021,33
SK0043,2026,59
SK0287,2021,35
SK0280,2026,99
SK0188,2022,56
SK0115,2026,38
SK0046,2022,89
SK0139,2021,60
SK0292,2021,29
SK0017,2024,44
SK0080,2024,98
SK0199,2026,39
SK0163,2025,69
SK0089,2024,82
SK0006,2023,31
SK0119,2025,52
SK0226,2022,81
SK0107,2023,49
SK0037,2021,94
SK0255,2026,86
SK0110,2024,62
SK0258,2026,58
SK0070,2021,71
SK0160,2023,27
SK0152,2022,82
SK0150,2023,42
SK0067,2024,53
SK0114,2023,50
SK0234,2024,52
SK0290,2023,13
SK0191,2023,63
SK0003,2026,24
SK0223,2023,45
SK0275,2022,69
SK0295,2023,78
SK0076,2021,37
SK0110,2026,23
SK0077,2025,29
SK0162,2021,42
SK0098,2024,10
SK0249,2021,16
SK0040,2022,42
SK0064,2023,92
SK0243,2022,70
SK0280,2026,89
SK0258,2022,50
SK0164,2026,30
SK0199,2022,78
SK0206,2024,13
SK0131,2024,21
SK0238,2026,64
SK0272,2025,77
SK0221,2025,87
SK0273,2026,65
SK0054,2022,29
SK0118,2021,92
SK0054,2021,50
SK0220,2021,96
SK0266,2021,68
SK0232,2022,70
SK0005,2026,34
SK0071,2023,50
SK0100,2025,40
SK0006,2022,96
SK0153,2023,11
SK0238,2024,65
SK0120,2024,79
SK0166,2022,67
SK0034,2021,84
SK0276,2025,48
SK0040,2025,40
SK0134,2021,72
SK0272,2025,74
SK0225,2023,35
SK0113,2026,24
SK0120,2025,93
SK0079,2021,28
SK0120,2022,54
SK0150,2021,34
SK0057,2021,84
SK0165,2025,88
SK0122,2021,43
SK0173,2023,96
SK0032,2024,48
SK0020,2024,59
SK0264,2022,26
SK0018,2024,51
SK0245,2022,66
SK0230,2025,49
SK0199,2024,16
SK0156,2022,49
SK0123,2024,81
SK0149,2022,40
SK0006,2026,12
SK0036,2021,84
SK0011,2026,51
SK0150,2023,35
SK0183,2024,72
SK0091,2025,21
SK0075,2025,34
SK0207,2021,53
SK0042,2025,44
SK0143,2023,35
SK0043,2025,45
SK0204,2024,36
SK0145,2026,23
SK0123,2024,53
SK0012,2026,99
SK0103,2022,30
SK0201,2024,67
SK0178,2025,17
SK0179,2023,72
SK0070,2021,79
SK0283,2026,36
SK0175,2024,67
SK0220,2022,53
SK0014,2021,50
SK0151,2021,87
SK0187,2021,64
SK0030,2024,79
SK0115,2021,31
SK0163,2021,43
SK0298,2026,52
SK0180,2024,84
SK0096,2026,30
SK0001,2022,25
SK0159,2021,37
SK0274,2026,69
SK0171,2023,69
SK0013,2023,55
SK0066,2023,76
SK0236,2023,93
SK0300,2021,49
SK0130,2021,55
SK0182,2023,29
SK0165,2026,55
SK0133,2026,66
SK0074,2024,46
SK0213,2024,66
SK0282,2025,44
SK0097,2021,91
SK0048,2022,29
SK0245,2026,32
SK0142,2024,95
SK0270,2022,59
SK0292,2021,11
SK0044,2024,15
SK0217,2026,59
SK0211,2026,47
SK0155,2024,33
SK0188,2022,37
SK0091,2021,84
SK0229,2024,90
SK0019,2025,71
SK0287,2023,95
SK0012,2025,61
SK0033,2026,61
SK0066,2021,96
SK0226,2023,35
SK0011,2026,63
SK0199,2023,64
SK0227,2025,82
SK0034,2025,46
SK0047,2025,37
SK0225,2021,38
SK0012,2024,12
SK0027,2025,28
SK0003,2021,81
SK0273,2022,81
SK0156,2024,16
SK0261,2022,75
SK0043,2021,45
SK0265,2024,45
SK0298,2022,94
SK0297,2021,33
SK0045,2025,67
SK0025,2026,58
SK0241,2026,69
SK0187,2022,76
SK0094,2021,91
SK0141,2025,90
SK0120,2022,41
SK0251,2026,26
SK0133,2023,88
SK0024,2021,98
SK0059,2023,43
SK0030,2023,53
SK0077,2021,49
SK0032,2023,98
SK0026,2026,49
SK0030,2021,66
SK0270,2022,63
SK0113,2023,20
SK0199,2026,97
SK0006,2026,56
SK0161,2025,77
SK0170,2024,32
SK0207,2026,63
SK0276,2024,49
SK0021,2021,34
SK0135,2024,90
SK0138,2026,25
SK0073,2025,21
SK0293,2026,97
SK0258,2023,63
SK0198,2021,13
SK0101,2023,99
SK0192,2021,59
SK0065,2024,24
SK0247,2023,47
SK0044,2025,91
SK0233,2025,80
SK0236,2023,34
SK0221,2024,67
SK0096,2025,30
SK0157,2026,84
SK0078,2026,90
SK0167,2021,30
SK0127,2021,35
SK0265,2023,91
SK0156,2021,37
SK0141,2021,79
SK0274,2022,73
SK0218,2026,57
SK0298,2025,69
SK0144,2024,12
SK0212,2022,20
SK0277,2024,56
SK0272,2026,49
SK0058,2022,26
SK0174,2025,27
SK0225,2025,75
SK0005,2025,44
SK0253,2026,73
SK0209,2025,80
SK0194,2024,60
SK0151,2023,29
SK0098,2024,97
SK0298,2025,48
SK0215,2025,27
SK0048,2022,25
SK0272,2021,15
SK0138,2022,61
SK0037,2026,93
SK0241,2026,29
SK0116,2024,43
SK0043,2021,85
SK0265,2021,11
SK0091,2021,71
SK0296,2021,97
SK0099,2025,60
SK0071,2021,30
SK0066,2025,89
SK0070,2021,42
SK0090,2025,76
SK0287,2024,40
SK0294,2022,51
SK0003,2021,56
SK0020,2021,64
SK0134,2025,19
SK0134,2023,57
SK0296,2022,38
SK0175,2022,93
SK0168,2024,97
SK0238,2023,90
SK0180,2024,26
SK0188,2026,49
SK0275,2023,70
SK0298,2026,88
SK0173,2024,65
SK0063,2026,65
SK0244,2024,23
SK0071,2025,94
SK0111,2022,23
SK0145,2025,51
SK0162,2025,63
SK0081,2025,51
SK0005,2026,18
SK0108,2021,77
SK0178,2022,74
SK0125,2023,31
SK0261,2022,59
SK0056,2024,49
SK0008,2025,54
SK0131,2023,39
SK0122,2024,12
SK0134,2023,82
SK0228,2025,21
SK0218,2021,69
SK0215,2024,66
SK0063,2025,25
SK0178,2025,55
SK0082,2021,79
SK0093,2025,86
SK0202,2021,74
SK0220,2025,15
SK0267,2021,20
SK0271,2024,44
SK0283,2026,61
SK0226,2025,49
SK0050,2023,78
SK0109,2026,42
SK0015,2024,34
SK0183,2024,43
SK0066,2021,77
SK0265,2023,88
SK0037,2021,57
SK0179,2024,46
SK0277,2024,36
SK0019,2026,79
SK0224,2025,31
SK0107,2026,67
SK0106,2022,93
SK0287,2025,32
SK0032,2026,60
SK0098,2023,78
SK0004,2023,75
SK0293,2026,66
SK0082,2023,21
SK0086,2022,55
SK0048,2026,53
SK0125,2023,44
SK0049,2023,49
SK0205,2026,44
SK0071,2025,43
SK0175,2023,90
SK0121,2022,35
SK0175,2025,23
SK0155,2024,69
SK0010,2026,70
SK0157,2021,20
SK0219,2025,39
SK0159,2024,98
SK0245,2022,22
SK0126,2022,71
SK0226,2021,96
SK0282,2025,41
SK0069,2026,73
SK0287,2025,28
SK0278,2024,96
SK0122,2026,95
SK0246,2026,10
SK0237,2023,82
SK0183,2026,67
SK0199,2024,59
SK0099,2022,45
SK0186,2025,68
SK0025,2023,32
SK0050,2021,24
SK0013,2021,75
SK0091,2023,68
SK0218,2025,70
SK0208,2023,96
SK0282,2023,10
SK0155,2024,89
SK0177,2024,55
SK0225,2025,28
SK0095,2022,46
SK0019,2026,47
SK0224,2026,39
SK0037,2026,78
SK0141,2026,39
SK0150,2025,28
SK0057,2025,22
SK0254,2024,39
SK0063,2021,76
SK0238,2025,78
SK0290,2021,68
SK0281,2021,85
SK0187,2021,47
SK0027,2026,90
SK0221,2022,30
SK0095,2026,72
SK0248,2025,61
SK0038,2021,58
SK0104,2022,16
SK0090,2021,46
SK0134,2025,57
SK0226,2026,22
SK0014,2024,79
SK0055,2021,67
SK0009,2021,67
SK0067,2024,15
SK0140,2023,28
SK0017,2024,31
SK0063,2025,19
SK0078,2023,93
SK0138,2023,31
SK0115,2021,69
SK0274,2026,87
SK0183,2025,88
SK0127,2025,64
SK0257,2021,42
SK0017,2025,10
SK0119,2026,75
SK0216,2026,30
SK0137,2025,33
SK0026,2026,62
SK0197,2022,56
SK0300,2022,54
SK0278,2023,89
SK0209,2023,40
SK0260,2021,79
SK0155,2022,34
SK0146,2025,89
SK0263,2026,49
SK0108,2021,70
SK0127,2022,60
SK0214,2026,99
SK0123,2022,11
SK0244,2024,95
SK0288,2023,73
SK0049,2023,69
SK0012,2021,67
SK0259,2025,66
SK0290,2021,45
SK0001,2021,69
SK0136,2024,39
SK0223,2024,92
SK0234,2023,92
SK0114,2022,40
SK0025,2022,63
SK0044,2026,75
SK0026,2024,15
SK0062,2024,86
SK0191,2024,87
SK0034,2026,64
SK0291,2024,70
SK0239,2022,46
SK0106,2026,71
SK0248,2025,93
SK0016,2021,95
SK0194,2023,49
SK0284,2023,42
SK0032,2024,50
SK0188,2022,43
SK0142,2026,80
SK0019,2021,61
SK0214,2023,23
SK0026,2025,32
SK0202,2022,29
SK0031,2024,49
SK0080,2025,64
SK0032,2024,21
SK0068,2026,87
SK0021,2023,36
SK0249,2025,44
SK0203,2025,20
SK0289,2024,29
SK0136,2026,87
SK0299,2021,79
SK0068,2022,31
SK0103,2025,16
SK0101,2023,91
SK0255,2023,27
SK0016,2021,12
SK0208,2024,22
SK0257,2025,15
SK0189,2025,72
SK0128,2026,44
SK0127,2024,34
SK0019,2026,37
SK0283,2026,11
SK0021,2024,67
SK0179,2024,12
SK0143,2025,51
SK0028,2026,35
SK0179,2022,55
SK0079,2026,24
SK0029,2023,86
SK0074,2024,38
SK0228,2026,25
SK0204,2024,45
SK0019,2026,40
SK0026,2022,79
SK0018,2021,97
SK0125,2021,47
SK0242,2022,76
SK0210,2022,26
SK0160,2023,73
SK0072,2026,34
SK0207,2023,21
SK0207,2026,20
SK0030,2025,19
SK0117,2021,44
SK0103,2022,34
SK0081,2022,54
SK0291,2024,25
SK0265,2024,96
SK0139,2023,21
SK0232,2025,39
SK0114,2023,76
SK0257,2026,88
SK0288,2024,44
SK0071,2021,30
SK0058,2022,60
SK0259,2022,22
SK0009,2021,18
SK0126,2021,18
SK0223,2025,35
SK0110,2025,54
SK0239,2025,77
SK0221,2023,40
SK0300,2022,26
SK0083,2026,83
SK0096,2026,39
SK0267,2025,82
SK0227,2025,91
SK0117,2021,61
SK0290,2022,29
SK0014,2024,69
SK0038,2026,74
SK0236,2022,34
SK0051,2022,95
SK0114,2024,64
SK0128,2022,79
SK0228,2025,87
SK0063,2024,44
SK0181,2022,53
SK0299,2023,82
SK0193,2024,91
SK0238,2021,42
SK0138,2025,14
SK0123,2024,49
SK0151,2022,60
SK0023,2021,37
SK0249,2022,95
SK0115,2024,17
SK0264,2021,52
SK0250,2025,92
SK0161,2026,32
SK0181,2025,53
SK0058,2022,86
SK0197,2024,17
SK0221,2024,27
SK0191,2025,61
SK0065,2021,78
SK0089,2021,59
SK0005,2021,40
SK0171,2025,96
SK0066,2023,46
SK0091,2024,33
SK0219,2025,82
SK0227,2022,37
SK0062,2021,50
SK0050,2025,50
SK0197,2021,79
SK0152,2023,51
SK0076,2021,29
SK0162,2025,26
SK0103,2021,50
SK0261,2026,65
SK0072,2021,65
SK0264,2026,24
SK0129,2024,25
SK0076,2026,85
SK0275,2025,34
SK0196,2026,20
SK0130,2022,16
SK0228,2021,28
SK0001,2026,91
SK0218,2023,94
SK0286,2024,89
SK0192,2026,16
SK0228,2025,67
SK0207,2024,96
SK0147,2024,61
SK0034,2023,16
SK0171,2024,90
SK0039,2022,80
SK0219,2025,53
SK0015,2025,18
SK0279,2026,37
SK0206,2022,99
SK0028,2023,27
SK0221,2021,77
SK0064,2022,43
SK0221,2024,26
SK0146,2025,33
SK0196,2023,17
SK0256,2026,65
SK0213,2024,24
SK0219,2023,52
SK0217,2023,77
SK0248,2021,67
SK0158,2024,74
SK0003,2021,72
SK0105,2026,52
SK0050,2022,66
SK0170,2021,56
SK0043,2022,19
SK0246,2026,85
SK0253,2023,91
SK0221,2022,36
SK0065,2026,79
SK0003,2022,41
SK0086,2023,24
SK0091,2024,14
SK0065,2021,63
SK0129,2025,66
SK0037,2021,59
SK0280,2025,42
SK0154,2026,58
SK0087,2024,54
SK0090,2024,62
SK0282,2023,90
SK0220,2025,64
SK0118,2021,69
SK0015,2022,70
SK0244,2026,28
SK0188,2025,83
SK0133,2022,76
SK0112,2026,60
SK0186,2022,37
SK0187,2021,23
SK0003,2025,63
SK0035,2024,14
SK0238,2021,35
SK0043,2024,66
SK0165,2025,70
SK0161,2022,82
SK0002,2025,97
SK0255,2026,22
SK0061,2024,22
SK0230,2021,78
SK0070,2022,83
SK0076,2026,69
SK0126,2024,76
SK0054,2021,82
SK0078,2023,40
SK0254,2021,37
SK0233,2023,33
SK0271,2024,52
SK0013,2024,47
SK0002,2023,65
SK0066,2022,59
SK0154,2021,99
SK0251,2025,85
SK0109,2023,18
SK0168,2025,74
SK0215,2024,43
SK0166,2024,89
SK0279,2023,96
SK0071,2026,86
SK0282,2022,59
SK0042,2021,65
SK0201,2024,76
SK0223,2021,55
SK0060,2025,39
SK0138,2024,74
SK0099,2026,15
SK0297,2025,99
SK0197,2023,27
SK0120,2024,76
SK0258,2022,12
SK0140,2022,10
SK0087,2021,88
SK0088,2023,34
SK0111,2021,13
SK0266,2023,69
SK0141,2021,52
SK0064,2025,71
SK0121,2024,93
SK0152,2026,42
SK0150,2023,94
SK0040,2025,54
SK0236,2025,42
SK0235,2021,78
SK0028,2022,60
SK0242,2022,13
SK0274,2022,43
SK0167,2026,20
SK0167,2022,23
SK0154,2026,41
SK0142,2025,32
SK0288,2026,97
SK0217,2022,60
SK0003,2025,48
SK0149,2022,89
SK0099,2024,24
SK0261,2026,12
SK0132,2026,77
SK0115,2026,24
SK0296,2025,24
SK0135,2026,21
SK0226,2025,67
SK0082,2023,47
SK0282,2022,22
SK0088,2023,13
SK0296,2021,82
SK0257,2026,82
SK0138,2024,95
SK0259,2022,11
SK0160,2023,86
SK0075,2023,13
SK0237,2024,53
SK0272,2022,77
SK0041,2025,20
SK0299,2023,69
SK0295,2022,74
SK0090,2023,94
SK0029,2025,95
SK0042,2022,47
SK0098,2022,15
SK0006,2022,96
SK0251,2025,71
SK0215,2024,65
SK0165,2026,30
SK0199,2025,26
SK0109,2021,96
SK0045,2024,67
SK0234,2024,43
SK0111,2024,32
SK0044,2026,96
SK0249,2025,90
SK0169,2026,25
SK0288,2023,29
SK0027,2025,69
SK0198,2024,64
SK0254,2023,11
SK0282,2026,61
SK0078,2021,55
SK0092,2026,39
SK0296,2022,31
SK0093,2024,37
SK0274,2026,89
SK0037,2023,34
SK0164,2021,17
SK0062,2026,14
SK0133,2023,62
SK0212,2025,79
SK0202,2021,68
SK0005,2025,80
SK0101,2022,41
SK0150,2025,56
SK0058,2022,44
SK0003,2025,23
SK0174,2025,27
SK0093,2025,64
SK0024,2026,61
SK0096,2026,62
SK0247,2025,75
SK0030,2022,12
SK0208,2025,46
SK0182,2022,23
SK0173,2023,74
SK0213,2021,90
SK0268,2021,43
SK0297,2023,79
SK0052,2023,33
SK0106,2021,21
SK0221,2023,38
SK0160,2026,37
SK0125,2021,41
SK0233,2026,85
SK0100,2023,81
SK0255,2025,78
SK0081,2023,93
SK0093,2026,89
SK0057,2023,25
SK0295,2023,13
SK0298,2023,55
SK0125,2026,21
SK0243,2023,79
SK0235,2021,61
SK0297,2021,23
SK0093,2022,29
SK0237,2025,52
SK0053,2021,43
SK0256,2025,20
SK0151,2026,55
SK0090,2023,31
SK0044,2021,28
SK0246,2021,34
SK0217,2025,30
SK0209,2023,50
SK0133,2026,41
SK0287,2021,75
SK0127,2021,82
SK0153,2022,57
SK0240,2024,28
SK0090,2025,75
SK0269,2026,52
SK0170,2025,30
SK0233,2021,52
SK0272,2023,56
SK0293,2026,77
SK0032,2025,78
SK0256,2024,33
SK0297,2023,58
SK0268,2026,57
SK0256,2023,97
SK0023,2024,77
SK0168,2021,45
SK0234,2021,89
SK0100,2021,34
SK0023,2022,47
SK0100,2022,82
SK0038,2021,26
SK0284,2025,27
SK0296,2022,71
SK0219,2021,68
SK0052,2023,77
SK0103,2024,97
SK0194,2026,40
SK0076,2024,19
SK0254,2024,79
SK0100,2025,39
SK0006,2025,67
SK0031,2024,51
SK0009,2021,83
SK0184,2023,52
SK0232,2026,50
SK0239,2026,97
SK0252,2023,42
SK0268,2021,25
SK0063,2025,27
SK0074,2026,76
SK0243,2026,35
SK0161,2023,81
SK0073,2022,50
SK0277,2024,60
SK0254,2022,90
SK0063,2021,48
SK0293,2023,49
SK0126,2026,86
SK0284,2022,25
SK0079,2024,25
SK0288,2026,18
SK0141,2024,90
SK0215,2023,56
SK0205,2024,92
SK0260,2024,53
SK0171,2022,91
SK0219,2021,21
SK0143,2021,75
SK0125,2025,47
SK0170,2024,49
SK0139,2023,50
SK0277,2021,47
SK0245,2024,23
SK0206,2021,99
SK0062,2022,63
SK0110,2022,28
SK0135,2025,19
SK0026,2022,13
SK0266,2023,75
SK0148,2022,11
SK0055,2025,60
SK0114,2024,79
SK0063,2022,55
SK0026,2021,63
SK0006,2024,33
SK0073,2023,85
SK0100,2022,61
SK0256,2025,48
SK0213,2021,24
SK0079,2024,66
SK0199,2022,36
SK0014,2021,12
SK0072,2023,95
SK0202,2024,76
SK0294,2022,42
SK0207,2024,73
SK0183,2026,27
SK0263,2023,20
SK0276,2023,95
SK0022,2023,51
SK0213,2025,49
SK0286,2022,11
SK0237,2025,52
SK0076,2025,98
SK0271,2021,83
SK0190,2024,86
SK0198,2021,96
SK0278,2021,28
SK0115,2021,21
SK0054,2026,76
SK0141,2026,60
SK0244,2021,75
SK0247,2023,76
SK0076,2022,45
SK0133,2021,33
SK0129,2025,46
SK0268,2023,83
SK0065,2021,34
SK0020,2022,18
SK0287,2026,83
SK0101,2021,20
SK0280,2024,57
SK0181,2022,53
SK0163,2025,19
SK0116,2025,61
SK0251,2022,71
SK0130,2025,14
SK0058,2024,91
SK0229,2024,80
SK0104,2026,50
SK0178,2021,60
SK0268,2025,52
SK0198,2025,21
SK0221,2026,70
SK0291,2026,34
SK0138,2024,31
SK0213,2022,86
SK0213,2025,13
SK0050,2026,36
SK0033,2021,19
SK0036,2021,22
SK0091,2022,85
SK0093,2024,80
SK0127,2025,98
SK0240,2022,71
SK0113,2021,84
SK0222,2021,56
SK0298,2026,23
SK0022,2026,12
SK0291,2022,68
SK0122,2023,47
SK0171,2022,14
SK0236,2023,32
SK0159,2026,52
SK0223,2024,83
SK0155,2021,94
SK0180,2021,59
SK0168,2026,85
SK0254,2023,54
SK0161,2024,62
SK0037,2025,10
SK0016,2022,79
SK0082,2022,22
SK0243,2021,68
SK0171,2022,28
SK0219,2023,71
SK0054,2021,85
SK0018,2023,22
SK0287,2021,18
SK0208,2024,37
SK0077,2023,17
SK0129,2025,74
SK0203,2025,93
SK0120,2023,62
SK0152,2026,80
SK0126,2025,52
SK0283,2022,86
SK0067,2022,93
SK0210,2025,58
SK0006,2025,58
SK0044,2024,18
SK0190,2025,97
SK0032,2023,70
SK0226,2025,53
SK0294,2022,18
SK0221,2021,47
SK0124,2021,83
SK0237,2023,64
SK0026,2023,11
SK0077,2023,73
SK0078,2026,60
SK0107,2021,71
SK0066,2023,46
SK0203,2023,15
SK0171,2022,72
SK0245,2024,30
SK0287,2021,60
SK0052,2026,53
SK0141,2024,96
SK0001,2021,91
SK0107,2025,66
SK0281,2021,97
SK0183,2022,44
SK0084,2023,96
SK0223,2022,98
SK0084,2023,16
SK0039,2024,23
SK0230,2026,53
SK0288,2026,90
SK0117,2023,11
SK0117,2026,85
SK0077,2022,39
SK0072,2026,86
SK0012,2021,76
SK0265,2025,17
SK0282,2023,66
SK0072,2026,98
SK0139,2026,39
SK0181,2022,17
SK0296,2021,83
SK0256,2024,37
SK0143,2023,43
SK0085,2021,15
SK0113,2022,84
SK0192,2021,61
SK0260,2023,65
SK0209,2022,35
SK0112,2022,29
SK0063,2026,80
SK0290,2022,42
SK0207,2026,97
SK0278,2025,39
SK0051,2026,28
SK0231,2023,45
SK0116,2023,65
SK0195,2026,20
SK0278,2024,40
SK0207,2021,17
SK0283,2022,85
SK0125,2025,16
SK0179,2023,52
SK0220,2024,26
SK0230,2024,24
SK0290,2026,66
SK0032,2021,23
SK0027,2026,69
SK0160,2025,32
SK0294,2026,53
SK0258,2025,74
SK0212,2026,15
SK0041,2025,54
SK0009,2024,63
SK0230,2025,10
SK0115,2022,35
SK0165,2021,21
SK0023,2024,61
SK0005,2024,56
SK0228,2022,40
SK0050,2025,81
SK0021,2023,82
SK0161,2024,65
SK0291,2024,84
SK0002,2023,89
SK0290,2022,30
SK0202,2021,43
SK0180,2022,23
SK0243,2021,60
SK0221,2025,55
SK0018,2025,25
SK0190,2026,26
SK0267,2024,96
SK0067,2021,64
SK0218,2022,85
SK0002,2025,70
SK0241,2022,55
SK0189,2024,43
SK0252,2025,61
SK0206,2025,38
SK0037,2021,79
SK0251,2025,90
SK0216,2021,81
SK0249,2026,39
SK0183,2025,95
SK0241,2024,58
SK0167,2021,37
SK0158,2021,41
SK0194,2023,66
SK0168,2022,79
SK0140,2021,12
SK0159,2021,34
SK0238,2023,88
SK0215,2021,27
SK0094,2025,73
SK0101,2022,37
SK0109,2022,21
SK0285,2021,99
SK0099,2024,82
SK0166,2026,42
SK0122,2026,40
SK0063,2021,66
SK0184,2025,98
SK0216,2026,23
SK0050,2026,62
SK0084,2022,74
SK0043,2022,35
SK0118,2024,62
SK0203,2021,29
SK0193,2022,35
SK0229,2021,13
SK0037,2026,69
SK0290,2025,11
SK0131,2022,18
SK0300,2023,24
SK0053,2022,77
SK0141,2021,64
SK0043,2023,11
SK0164,2025,26
SK0105,2022,36
SK0268,2024,92
SK0115,2024,57
SK0168,2023,31
SK0172,2026,11
SK0023,2021,10
SK0091,2021,12
SK0181,2023,99
SK0207,2021,32
SK0242,2023,81
SK0148,2023,10
SK0098,2024,54
SK0140,2023,87
SK0114,2024,16
SK0170,2023,70
SK0156,2025,22
SK0040,2024,62
SK0100,2025,16
SK0279,2022,39
SK0042,2021,61
SK0171,2026,97
SK0102,2024,77
SK0240,2026,13
SK0108,2022,47
SK0118,2023,97
SK0023,2024,88
SK0189,2026,50
SK0186,2025,48
SK0198,2021,98
SK0140,2025,15
SK0119,2022,71
SK0284,2024,82
SK0007,2022,91
SK0225,2022,68
SK0138,2022,59
SK0044,2023,45
SK0180,2026,31
SK0006,2025,17
SK0084,2021,97
SK0146,2025,46
SK0002,2024,60
SK0212,2025,19
SK0209,2025,46
SK0048,2023,10
SK0194,2022,53
SK0170,2022,77
SK0146,2021,59
SK0298,2021,57
SK0060,2025,43
SK0244,2024,62
SK0167,2023,15
SK0042,2023,22
SK0172,2023,16
SK0122,2024,13
SK0076,2024,65
SK0224,2022,75
SK0082,2022,18
SK0209,2023,54
SK0244,2026,45
SK0160,2025,85
SK0232,2025,43
SK0053,2025,80
SK0253,2023,93
SK0206,2021,72
SK0116,2023,20
SK0107,2021,82
SK0029,2026,23
SK0093,2021,74
SK0256,2023,20
SK0243,2022,80
SK0298,2025,91
SK0021,2025,24
SK0225,2024,31
SK0189,2026,65
SK0183,2021,62
SK0242,2024,52
SK0290,2024,78
SK0275,2026,71
SK0029,2024,31
SK0053,2024,15
SK0293,2023,33
SK0231,2021,17
SK0097,2022,57
SK0149,2024,96
SK0034,2022,10
SK0119,2021,12
SK0246,2024,31
SK0157,2024,29
SK0285,2023,90
SK0182,2026,90
SK0232,2023,59
SK0190,2026,24
SK0156,2022,18
SK0280,2026,39
SK0102,2022,56
SK0055,2022,47
SK0129,2025,89
SK0225,2022,65
SK0110,2022,93
SK0222,2021,59
SK0023,2024,48
SK0091,2024,47
SK0088,2021,98
SK0220,2024,25
SK0112,2025,29
SK0111,2022,79
SK0134,2026,99
SK0291,2023,49
SK0271,2021,51
SK0197,2026,12
SK0142,2026,23
SK0032,2021,41
SK0207,2022,45
SK0244,2023,34
SK0002,2023,87
SK0150,2026,33
SK0107,2023,32
SK0286,2022,33
SK0259,2022,89
SK0261,2026,77
SK0018,2022,72
SK0244,2024,94
SK0001,2026,70
SK0177,2021,81
SK0038,2025,69
SK0175,2022,96
SK0097,2024,91
SK0017,2026,34
SK0033,2025,86
SK0176,2021,48
SK0213,2021,36
SK0075,2026,55
SK0011,2021,73
SK0028,2025,21
SK0257,2021,42
SK0138,2026,48
SK0053,2023,88
SK0269,2023,63
SK0119,2022,91
SK0271,2022,31
SK0116,2021,89
SK0021,2024,55
SK0027,2024,93
SK0081,2021,72
SK0256,2022,28
SK0116,2024,61
SK0290,2025,67
SK0199,2025,89
SK0182,2023,70
SK0218,2022,66
SK0101,2026,56
SK0230,2025,38
SK0040,2022,30
SK0174,2025,82
SK0253,2024,31
SK0047,2023,78
SK0271,2024,36
SK0041,2026,10
SK0133,2022,12
SK0112,2026,47
SK0142,2026,30
SK0243,2023,42
SK0068,2026,78
SK0056,2021,69
SK0030,2026,77
SK0193,2023,52
SK0207,2024,92
SK0260,2021,68
SK0019,2022,32
SK0236,2021,55
SK0265,2023,84
SK0070,2025,87
SK0242,2025,97
SK0112,2024,17
SK0251,2025,67
SK0167,2026,96
SK0110,2022,77
SK0006,2023,77
SK0292,2022,11
SK0086,2022,63
SK0071,2026,61
SK0288,2025,68
SK0062,2026,49
SK0238,2026,30
SK0262,2025,28
SK0277,2026,64
SK0044,2026,85
SK0293,2024,42
SK0025,2021,81
SK0287,2024,19
SK0138,2026,13
SK0076,2022,84
SK0198,2022,37
SK0187,2022,20
SK0283,2024,46
SK0014,2024,58
SK0175,2024,95
SK0287,2024,82
SK0250,2023,47
SK0177,2026,13
SK0187,2026,97
SK0046,2023,88
SK0252,2022,26
SK0054,2023,88
SK0227,2025,47
SK0159,2026,55
SK0215,2022,60
SK0048,2023,89
SK0037,2021,69
SK0251,2023,64
SK0152,2024,58
SK0097,2025,27
SK0144,2022,18
SK0111,2025,36
SK0172,2023,84
SK0229,2024,40
SK0204,2024,66
SK0003,2024,99
SK0293,2026,73
SK0296,2023,61
SK0270,2024,35
SK0143,2024,89
SK0260,2026,59
SK0066,2026,35
SK0158,2023,26
SK0062,2026,10
SK0070,2026,57
SK0285,2021,86
SK0139,2023,22
SK0097,2023,28
SK0098,2025,94
SK0085,2024,99
SK0050,2022,52
SK0144,2021,22
SK0036,2022,42
SK0064,2023,23
SK0177,2026,92
SK0011,2021,87
SK0116,2023,64
SK0052,2024,18
SK0262,2023,88
SK0038,2025,71
SK0252,2024,60
SK0103,2024,67
SK0119,2026,19
SK0253,2024,45
SK0252,2024,34
SK0200,2022,44
SK0181,2026,49
SK0008,2022,74
SK0267,2021,34
SK0056,2026,70
SK0067,2026,47
SK0256,2026,57
SK0123,2026,10
SK0123,2026,72
SK0058,2021,98
SK0214,2024,53
SK0107,2021,55
SK0032,2021,38
SK0061,2026,84
SK0238,2023,51
SK0151,2026,58
SK0274,2026,49
SK0006,2022,80
SK0212,2026,22
SK0267,2022,58
SK0239,2021,20
SK0291,2026,99
SK0150,2023,64
SK0176,2021,13
SK0231,2022,94
SK0080,2021,60
SK0007,2022,15
SK0064,2021,63
SK0263,2021,40
SK0028,2025,41
SK0176,2023,16
SK0170,2025,48
SK0159,2026,61
SK0108,2022,84
SK0111,2025,85
SK0282,2023,14
SK0049,2024,10
SK0099,2022,64
SK0048,2021,38
SK0028,2022,74
SK0200,2026,27
SK0007,2024,54
SK0256,2022,12
SK0283,2024,17
SK0008,2021,81
SK0277,2025,56
SK0241,2022,16
SK0001,2021,62
SK0207,2026,92
SK0176,2023,78
SK0006,2023,49
SK0265,2021,36
SK0094,2023,14
SK0181,2023,10
SK0238,2021,72
SK0077,2025,37
SK0191,2023,75
SK0074,2022,58
SK0101,2023,39
SK0186,2026,34
SK0026,2026,81
SK0287,2024,36
SK0001,2022,30
SK0050,2025,83
SK0096,2025,31
SK0282,2025,88
SK0275,2025,93
SK0245,2025,82
SK0015,2025,33
SK0030,2022,90
SK0230,2021,57
SK0082,2026,19
SK0195,2023,38
SK0219,2023,80
SK0208,2025,74
SK0257,2024,50
SK0006,2025,47
SK0146,2022,93
SK0086,2026,98
SK0241,2022,81
SK0036,2026,58
SK0172,2023,24
SK0116,2021,27
SK0020,2025,74
SK0256,2023,50
SK0134,2026,15
SK0261,2026,76
SK0081,2022,20
SK0002,2023,27
SK0058,2024,98
SK0037,2022,49
SK0196,2023,23
SK0269,2024,82
SK0066,2022,36
SK0239,2026,77
SK0175,2025,98
SK0154,2024,51
SK0133,2024,18
SK0053,2025,78
SK0190,2025,44
SK0083,2022,19
SK0055,2025,29
SK0158,2024,40
SK0185,2025,49
SK0234,2022,71
SK0158,2022,43
SK0276,2026,63
SK0296,2023,20
SK0001,2021,65
SK0168,2024,78
SK0074,2026,54
SK0039,2022,74
SK0110,2022,77
SK0218,2022,27
SK0240,2021,84
SK0014,2023,67
SK0056,2026,60
SK0069,2023,28
SK0124,2026,94
SK0122,2021,31
SK0105,2022,21
SK0136,2026,57
SK0079,2022,20
SK0150,2025,36
SK0180,2021,79
SK0029,2022,34
SK0264,2024,20
SK0024,2024,23
SK0089,2022,91
SK0117,2022,49
SK0140,2025,66
SK0205,2022,43
SK0061,2021,77
SK0076,2021,56
SK0174,2025,86
SK0052,2026,70
SK0185,2024,58
SK0231,2021,14
SK0104,2024,91
SK0243,2026,93
SK0100,2021,93
SK0049,2026,97
SK0062,2021,83
SK0063,2021,43
SK0278,2023,72
SK0003,2022,59
SK0167,2026,13
SK0252,2025,40
SK0217,2021,62
SK0113,2023,50
SK0183,2026,27
SK0107,2025,71
SK0062,2025,22
SK0293,2024,42
SK0053,2023,41
SK0142,2023,88
SK0197,2024,95
SK0261,2026,79
SK0226,2026,95
SK0114,2026,88
SK0095,2026,32
SK0044,2021,10
SK0183,2026,42
SK0195,2025,62
SK0203,2025,78
SK0176,2024,67
SK0021,2021,95
SK0056,2026,45
SK0060,2024,45
SK0166,2023,75
SK0104,2024,17
SK0200,2023,78
SK0031,2026,23
SK0247,2023,54
SK0184,2026,45
SK0266,2022,55
SK0256,2025,76
SK0062,2024,71
SK0218,2022,38
SK0146,2023,67
SK0072,2026,72
SK0288,2025,83
SK0209,2025,78
SK0240,2026,97
SK0149,2025,99
SK0085,2021,42
SK0136,2022,85
SK0232,2021,38
SK0290,2024,62
SK0258,2026,69
SK0267,2024,46
SK0227,2026,83
SK0233,2021,97
SK0272,2024,27
SK0086,2024,79
SK0040,2026,76
SK0300,2021,91
SK0218,2026,48
SK0065,2025,43
SK0237,2023,65
SK0244,2024,37
SK0288,2021,64
SK0176,2022,56
SK0074,2026,61
SK0116,2023,98
SK0157,2025,13
SK0107,2023,30
SK0277,2025,14
SK0192,2026,19
SK0229,2026,15
SK0141,2022,79
SK0244,2026,39
SK0258,2025,44
SK0274,2022,41
SK0073,2024,54
SK0057,2024,54
SK0122,2024,50
SK0041,2021,52
SK0243,2026,26
SK0031,2026,92
SK0151,2026,42
SK0117,2026,14
SK0201,2023,69
SK0044,2022,70
SK0212,2022,97
SK0163,2025,80
SK0120,2023,12
SK0194,2021,85
SK0216,2026,40
SK0282,2025,75
SK0013,2023,72
SK0285,2026,54
SK0297,2024,79
SK0088,2023,58
SK0263,2025,66
SK0291,2026,49
SK0232,2024,34
SK0215,2021,95
SK0216,2021,26
SK0221,2021,38
SK0283,2021,56
SK0041,2023,75
SK0002,2021,57
SK0296,2025,84
SK0239,2025,27
SK0225,2021,53
SK0295,2021,11
SK0173,2024,71
SK0025,2023,80
SK0105,2024,13
SK0109,2023,18
SK0074,2026,23
SK0095,2026,60
SK0097,2024,45
SK0138,2021,75
SK0189,2023,16
SK0269,2026,77
SK0082,2022,27
SK0191,2025,55
SK0154,2023,21
SK0028,2024,37
SK0061,2025,18
SK0230,2025,24
SK0192,2026,37
SK0208,2021,84
SK0141,2021,17
SK0029,2026,83
SK0141,2023,63
SK0212,2025,25
SK0098,2023,86
SK0014,2022,69
SK0063,2023,74
SK0124,2022,95
SK0138,2025,27
SK0278,2021,35
SK0228,2021,84
SK0061,2022,90
SK0298,2023,21
SK0085,2026,64
SK0290,2026,45
SK0238,2026,24
SK0080,2024,63
SK0014,2024,84
SK0032,2025,96
SK0097,2026,90
SK0010,2026,96
SK0230,2024,49
SK0295,2021,41
SK0268,2024,40
SK0008,2024,58
SK0217,2024,70
SK0155,2022,51
SK0145,2024,95
SK0186,2024,96
SK0108,2023,60
SK0160,2023,34
SK0200,2026,48
SK0109,2024,96
SK0009,2024,51
SK0239,2026,36
SK0156,2026,95
SK0264,2024,77
SK0204,2022,81
SK0023,2023,18
SK0253,2025,88
SK0288,2025,88
SK0158,2024,52
SK0198,2025,80
SK0145,2026,85
SK0080,2021,99
SK0299,2025,49
SK0283,2026,85
SK0035,2025,18
SK0294,2021,29
SK0090,2026,94
SK0211,2026,57
SK0248,2022,80
SK0242,2024,15
SK0257,2023,33
SK0150,2023,24
SK0013,2022,84
SK0047,2022,53
SK0127,2022,66
SK0154,2026,48
SK0089,2022,98
SK0278,2023,30
SK0262,2021,87
SK0260,2021,99
SK0235,2026,25
SK0074,2026,16
SK0202,2025,86
SK0196,2023,87
SK0244,2023,80
SK0246,2024,42
SK0033,2021,50
SK0291,2021,40
SK0229,2021,65
SK0234,2021,13
SK0021,2024,55
SK0076,2021,34
SK0096,2026,96
SK0213,2024,93
SK0107,2023,82
SK0196,2023,98
SK0160,2025,95
SK0086,2022,11
SK0144,2022,41
SK0048,2025,62
SK0168,2024,36
SK0178,2026,53
SK0180,2023,85
SK0007,2023,42
SK0138,2022,37
SK0140,2023,16
SK0015,2026,36
SK0220,2024,31
SK0294,2025,92
SK0005,2023,79
SK0049,2023,36
SK0197,2022,21
SK0166,2024,86
SK0209,2022,70
SK0213,2024,10
SK0255,2024,70
SK0279,2024,57
SK0005,2022,33
SK0221,2025,42
SK0022,2021,95
SK0149,2021,86
SK0195,2024,30
SK0121,2025,41
SK0201,2021,93
SK0210,2022,99
SK0149,2023,51
SK0041,2025,39
SK0041,2021,63
SK0174,2021,38
SK0134,2024,61
SK0289,2023,44
SK0234,2022,20
SK0243,2022,86
SK0197,2025,84
SK0242,2026,96
SK0207,2026,67
SK0034,2022,48
SK0134,2025,25
SK0137,2021,46
SK0200,2026,33
SK0075,2023,29
SK0068,2023,70
SK0070,2021,32
SK0121,2021,47
SK0023,2021,48
SK0194,2023,15
SK0233,2021,23
SK0092,2024,38
SK0292,2023,24
SK0043,2021,16
SK0300,2022,83
SK0024,2022,14
SK0294,2024,91
SK0221,2021,92
SK0080,2024,67
SK0289,2026,42
SK0240,2024,89
SK0091,2021,44
SK0109,2024,15
SK0114,2025,19
SK0300,2025,40
SK0155,2022,79
SK0031,2024,52
SK0230,2021,48
SK0044,2025,33
SK0250,2021,46
SK0092,2021,14
SK0119,2025,95
SK0262,2025,54
SK0256,2025,26
SK0286,2023,32
SK0049,2021,97
SK0174,2025,56
SK0265,2021,11
SK0078,2024,15
SK0068,2026,60
SK0042,2026,44
SK0280,2024,73
SK0047,2023,19
SK0210,2021,24
SK0046,2025,66
SK0182,2024,68
SK0021,2023,95
SK0212,2026,83
SK0106,2021,90
SK0200,2024,76
SK0170,2024,65
SK0061,2022,49
SK0123,2024,22
SK0129,2022,11
SK0253,2023,52
SK0195,2026,92
SK0210,2024,93
SK0220,2024,30
SK0102,2025,98
SK0162,2024,23
SK0111,2022,57
SK0117,2025,55
SK0155,2022,49
SK0131,2023,98
SK0008,2022,81
SK0126,2026,94
SK0162,2023,69
SK0294,2026,60
SK0029,2022,16
SK0289,2024,98
SK0266,2023,73
SK0284,2024,37
SK0001,2025,63
SK0231,2022,13
SK0206,2022,24
SK0254,2021,98
SK0231,2022,35
SK0139,2022,89
SK0048,2022,37
SK0235,2026,65
SK0209,2025,42
SK0077,2022,78
SK0243,2021,57
SK0002,2026,13
SK0251,2024,21
SK0071,2024,49
SK0246,2021,81
SK0049,2024,60
SK0211,2022,37
SK0159,2022,13
SK0073,2024,77
SK0213,2022,69
SK0097,2022,31
SK0001,2024,47
SK0208,2024,97
SK0024,2024,72
SK0025,2025,78
SK0208,2023,39
SK0007,2022,88
SK0175,2021,60
SK0134,2021,35
SK0110,2026,24
SK0111,2021,85
SK0006,2023,71
SK0206,2026,56
SK0054,2024,98
SK0048,2023,82
SK0118,2026,88
SK0273,2021,66
SK0124,2021,27
SK0020,2025,95
SK0243,2021,95
SK0160,2026,40
SK0096,2024,10
SK0018,2023,82
SK0215,2021,64
SK0150,2021,31
SK0034,2021,15
SK0069,2025,70
SK0253,2022,50
SK0285,2026,34
SK0054,2024,70
SK0045,2024,33
SK0224,2026,33
SK0144,2023,68
SK0184,2022,13
SK0138,2023,35
SK0191,2024,39
SK0208,2023,84
SK0256,2024,43
SK0067,2022,53
SK0144,2026,66
SK0042,2024,12
SK0084,2026,27
SK0124,2024,26
SK0300,2024,56
SK0139,2022,63
SK0037,2024,37
SK0086,2023,98
SK0105,2025,15
SK0188,2021,36
SK0036,2023,61
SK0197,2026,43
SK0034,2021,28
SK0042,2022,63
SK0241,2023,62
SK0127,2022,14
SK0259,2024,46
SK0123,2025,33
SK0024,2025,98
SK0281,2025,99
SK0048,2022,53
SK0024,2024,41
SK0079,2023,76
SK0043,2023,93
SK0065,2026,83
SK0023,2026,42
SK0200,2022,94
SK0294,2026,56
SK0021,2022,14
SK0151,2022,57
SK0220,2022,64
SK0032,2022,26
SK0194,2023,14
SK0063,2021,74
SK0260,2021,51
SK0037,2026,29
SK0119,2024,55
SK0214,2021,98
SK0014,2024,61
SK0130,2024,61
SK0089,2023,56
SK0285,2021,92
SK0165,2024,96
SK0137,2021,97
SK0203,2021,58
SK0244,2024,96
SK0148,2022,94
SK0062,2021,22
SK0249,2022,46
SK0271,2021,80
SK0217,2025,46
SK0150,2024,43
SK0142,2025,14
SK0225,2021,26
SK0120,2026,77
SK0238,2026,77
SK0119,2024,79
SK0283,2022,50
SK0001,2025,18
SK0294,2022,54
SK0104,2024,74
SK0125,2025,56
SK0174,2023,17
SK0279,2021,37
SK0221,2025,30
SK0250,2023,51
SK0172,2025,19
SK0063,2022,79
SK0228,2021,24
SK0032,2025,50
SK0199,2021,55
SK0170,2022,93
SK0009,2021,97
SK0156,2023,53
SK0169,2026,37
SK0099,2022,51
SK0075,2021,89
SK0278,2026,27
SK0062,2022,52
SK0300,2021,67
SK0048,2025,16
SK0195,2025,25
SK0015,2026,16
SK0168,2024,33
SK0237,2021,56
SK0117,2024,56
SK0178,2024,81
SK0285,2022,34
SK0078,2025,69
SK0153,2021,14
SK0140,2023,56
SK0298,2021,54
SK0171,2024,50
SK0275,2024,86
SK0155,2025,55
SK0038,2022,50
SK0152,2026,34
SK0291,2022,59
SK0185,2021,37
SK0260,2026,89
SK0298,2022,39
SK0241,2025,93
SK0107,2022,27
SK0250,2025,40
SK0106,2023,87
SK0245,2021,15
SK0125,2026,53
SK0113,2023,77
SK0003,2023,73
SK0143,2021,22
SK0228,2026,62
SK0115,2024,39
SK0081,2026,22
SK0156,2026,95
SK0105,2022,43
SK0008,2022,52
SK0041,2024,59
SK0274,2023,51
SK0071,2022,67
SK0015,2022,21
SK0250,2026,49
SK0252,2023,70
SK0010,2021,93
SK0073,2021,23
SK0046,2023,59
SK0200,2026,88
SK0188,2022,44
SK0231,2026,19
SK0022,2024,70
SK0144,2026,29
SK0046,2021,37
SK0236,2026,61
SK0074,2025,21
SK0268,2024,60
SK0156,2022,68
SK0239,2024,22
SK0124,2022,44
SK0250,2022,89
SK0021,2026,96
SK0183,2025,37
SK0300,2022,96
SK0244,2022,36
SK0276,2023,35
SK0253,2024,34
SK0134,2026,71
SK0174,2024,37
SK0232,2024,82
SK0220,2025,24
SK0164,2021,38
SK0292,2021,40
SK0212,2026,90
SK0248,2026,82
SK0002,2022,67
SK0175,2022,82
SK0057,2025,55
SK0245,2023,76
SK0254,2022,42
SK0117,2021,68
SK0016,2022,11
SK0244,2021,96
SK0221,2022,74
SK0062,2025,34
SK0015,2024,17
SK0098,2022,49
SK0251,2026,25
SK0036,2026,50
SK0006,2023,22
SK0093,2021,45
SK0151,2024,58
SK0286,2021,33
SK0085,2024,24
SK0052,2021,26
SK0080,2026,71
SK0015,2025,36
SK0134,2026,69
SK0265,2023,31
SK0173,2025,18
SK0232,2026,12
SK0297,2022,36
SK0192,2026,91
SK0016,2022,43
SK0096,2025,37
SK0263,2025,87
SK0296,2022,97
SK0070,2025,60
SK0040,2024,58
SK0221,2024,51
SK0201,2025,72
SK0033,2026,87
SK0258,2021,22
SK0255,2022,57
SK0200,2026,13
SK0270,2026,46
SK0013,2021,65
SK0142,2021,80
SK0007,2023,95
SK0074,2024,67
SK0231,2022,63
SK0219,2025,15
SK0168,2022,86
SK0085,2026,91
SK0216,2022,71
SK0202,2024,93
SK0140,2025,22
SK0227,2021,32
SK0085,2023,47
SK0278,2024,81
SK0071,2023,86
SK0008,2021,47
SK0287,2022,44
SK0123,2023,33
SK0175,2022,51
SK0213,2026,76
SK0091,2023,45
SK0230,2021,60
SK0126,2022,19
SK0020,2021,92
SK0279,2021,14
SK0073,2025,32
SK0150,2024,85
SK0047,2021,22
SK0039,2021,35
SK0268,2023,33
SK0064,2026,42
SK0258,2026,20
SK0062,2023,45
SK0283,2023,71
SK0079,2025,44
SK0031,2022,41
SK0008,2022,77
SK0143,2021,87
SK0276,2024,86
SK0099,2025,49
SK0184,2025,71
SK0036,2022,97
SK0261,2023,51
SK0249,2021,31
SK0262,2022,32
SK0212,2025,77
SK0110,2021,77
SK0088,2026,39
SK0255,2023,23
SK0014,2024,69
SK0070,2022,91
SK0213,2023,66
SK0139,2024,69
SK0289,2024,47
SK0086,2022,53
SK0219,2021,19
SK0220,2021,63
SK0129,2022,68
SK0261,2026,87
SK0275,2025,77
SK0210,2021,37
SK0047,2021,37
SK0091,2022,78
SK0226,2024,59
SK0042,2025,29
SK0273,2024,40
SK0070,2024,80
SK0196,2021,51
SK0013,2025,45
SK0124,2026,68
SK0066,2026,27
SK0201,2026,23
SK0229,2026,62
SK0198,2021,59
SK0191,2021,22
SK0084,2025,62
SK0099,2023,46
SK0235,2023,87
SK0252,2022,21
SK0105,2022,64
SK0138,2024,97
SK0134,2026,56
SK0122,2025,49
SK0140,2026,42
SK0283,2021,73
SK0183,2026,54
SK0020,2023,86
SK0164,2023,10
SK0121,2024,42
SK0034,2024,63
SK0212,2026,20
SK0053,2025,65
SK0196,2021,86
SK0278,2026,56
SK0116,2021,94
SK0268,2024,98
SK0014,2022,72
SK0176,2022,64
SK0167,2026,51
SK0073,2026,44
SK0140,2025,51
SK0086,2025,57
SK0017,2024,31
SK0017,2024,34
SK0265,2024,55
SK0038,2021,70
SK0167,2026,93
SK0013,2021,87
SK0125,2021,74
SK0021,2022,80
SK0239,2026,25
SK0190,2022,71
SK0094,2025,90
SK0171,2023,36
SK0263,2025,47
SK0136,2026,72
SK0255,2025,90
SK0145,2023,15
SK0217,2025,75
SK0240,2026,10
SK0002,2025,55
SK0108,2024,51
SK0205,2026,49
SK0193,2025,60
SK0184,2021,54
SK0038,2023,43
SK0286,2025,67
SK0191,2026,48
SK0167,2022,15
SK0051,2021,77
SK0265,2023,95
SK0127,2021,30
SK0250,2025,58
SK0124,2026,20
SK0033,2026,10
SK0100,2024,28
SK0023,2021,21
SK0001,2025,23
SK0280,2021,19
SK0082,2024,27
SK0155,2025,97
SK0105,2026,12
SK0161,2022,81
SK0082,2026,62
SK0284,2024,68
SK0061,2021,80
SK0295,2022,22
SK0110,2022,98
SK0036,2021,52
SK0175,2024,87
SK0227,2023,33
SK0224,2025,49
SK0211,2023,35
SK0183,2023,61
SK0272,2022,76
SK0024,2024,43
SK0167,2022,87
SK0276,2021,55
SK0173,2025,29
SK0247,2024,96
SK0116,2026,50
SK0003,2022,48
SK0012,2023,32
SK0084,2023,15
SK0291,2026,21
SK0242,2025,99
SK0041,2024,22
SK0021,2023,86
SK0275,2026,93
SK0161,2021,21
SK0096,2021,29
SK0036,2024,21
SK0231,2024,52
SK0299,2026,39
SK0021,2026,97
SK0199,2024,49
SK0256,2023,75
SK0132,2026,72
SK0291,2022,12
SK0159,2025,39
SK0244,2022,72
SK0211,2026,66
SK0179,2026,82
SK0018,2022,81
SK0282,2024,91
SK0224,2023,22
SK0261,2026,74
SK0064,2025,90
SK0030,2021,21
SK0243,2022,36
SK0099,2024,10
SK0202,2022,71
SK0089,2023,97
SK0035,2024,26
SK0203,2025,98
SK0089,2025,74
SK0182,2024,77
SK0013,2023,30
SK0262,2025,30
SK0037,2023,96
SK0296,2022,32
SK0164,2021,45
SK0081,2025,38
SK0213,2022,57
SK0164,2025,93
SK0035,2022,25
SK0168,2021,48
SK0117,2026,23
SK0142,2024,37
SK0193,2024,12
SK0024,2025,47
SK0198,2026,62
SK0282,2024,16
SK0299,2022,99
SK0143,2021,57
SK0060,2026,73
SK0288,2026,58
SK0205,2022,90
SK0200,2024,21
SK0143,2025,94
SK0257,2024,99
SK0169,2022,19
SK0008,2024,65
SK0109,2026,58
SK0180,2025,97
SK0013,2025,64
SK0244,2025,43
SK0280,2025,81
SK0290,2021,99
SK0182,2025,20
SK0274,2021,97
SK0148,2022,19
SK0007,2024,26
SK0071,2021,37
SK0114,2023,87
SK0106,2025,57
SK0116,2021,77
SK0083,2022,81
SK0100,2024,18
SK0296,2024,86
SK0290,2023,72
SK0154,2023,29
SK0250,2021,64
SK0159,2024,19
SK0129,2024,55
SK0251,2022,65
SK0082,2022,83
SK0262,2021,55
SK0129,2023,65
SK0040,2023,73
SK0071,2022,39
SK0171,2023,28
SK0294,2025,47
SK0208,2022,11
SK0163,2024,91
SK0279,2026,91
SK0055,2021,46
SK0080,2026,34
SK0249,2025,21
SK0275,2023,39
SK0057,2021,27
SK0190,2023,66
SK0017,2025,91
SK0214,2022,34
SK0030,2023,96
SK0011,2022,69
SK0131,2025,85
SK0190,2023,95
SK0015,2026,84
SK0016,2022,32
SK0104,2025,96
SK0031,2025,49
SK0153,2022,77
SK0191,2025,71
SK0083,2025,14
SK0240,2022,46
SK0035,2023,56
SK0215,2025,44
SK0144,2022,27
SK0193,2021,20
SK0198,2022,85
SK0251,2024,23
SK0134,2022,81
SK0300,2021,65
SK0044,2024,86
SK0132,2022,40
SK0219,2025,80
SK0066,2023,50
SK0092,2024,90
SK0060,2022,84
SK0181,2026,36
SK0082,2025,58
SK0292,2021,75
SK0148,2026,65
SK0041,2023,15
SK0268,2025,40
SK0183,2021,50
SK0087,2024,17
SK0106,2021,88
SK0002,2021,15
SK0115,2023,42
SK0281,2021,13
SK0249,2024,35
SK0002,2022,98
SK0007,2025,13
SK0010,2022,81
SK0001,2021,14
SK0092,2026,72
SK0079,2025,21
SK0226,2024,51
SK0132,2023,41
SK0118,2024,33
SK0105,2024,43
SK0217,2026,50
SK0216,2025,65
SK0217,2021,60
SK0208,2026,24
SK0043,2022,56
SK0038,2026,40
SK0128,2025,56
SK0102,2024,81
SK0295,2021,41
SK0009,2024,61
SK0268,2026,69
SK0137,2023,23
SK0222,2021,94
SK0262,2025,93
SK0226,2024,64
SK0194,2023,19
SK0199,2024,82
SK0254,2021,91
SK0222,2021,35
SK0235,2022,87
SK0014,2025,57
SK0150,2021,53
SK0241,2021,42
SK0263,2025,94
SK0216,2025,37
SK0215,2024,93
SK0148,2023,44
SK0209,2023,30
SK0081,2023,13
SK0149,2023,74
SK0264,2026,34
SK0152,2026,11
SK0264,2024,63
SK0070,2022,23
SK0280,2024,53
SK0052,2023,74
SK0103,2021,37
SK0149,2026,19
SK0154,2022,11
SK0222,2022,80
SK0294,2026,66
SK0055,2026,90
SK0253,2026,28
SK0269,2024,68
SK0074,2025,65
SK0131,2021,84
SK0076,2024,54
SK0195,2021,86
SK0294,2021,84
SK0263,2026,83
SK0288,2022,46
SK0028,2025,81
SK0010,2023,26
SK0119,2026,79
SK0102,2025,84
SK0156,2022,90
SK0258,2021,50
SK0162,2023,36
SK0134,2021,39
SK0015,2024,45
SK0210,2021,11
SK0290,2023,67
SK0239,2023,26
SK0268,2021,68
SK0148,2026,76
SK0121,2023,66
SK0254,2025,13
SK0031,2022,24
SK0212,2022,11
SK0007,2022,42
SK0268,2026,89
SK0187,2023,11
SK0194,2022,92
SK0105,2025,91
SK0221,2021,51
SK0281,2023,68
SK0154,2021,96
SK0247,2025,55
SK0079,2022,24
SK0254,2021,92
SK0007,2026,24
SK0199,2022,59
SK0280,2021,46
SK0236,2026,22
SK0259,2021,53
SK0223,2022,97
SK0087,2022,91
SK0168,2023,32
SK0085,2023,74
SK0031,2026,68
SK0029,2025,42
SK0115,2025,92
SK0109,2021,47
SK0111,2022,97
SK0196,2021,45
SK0103,2024,88
SK0007,2026,24
SK0069,2023,34
SK0184,2021,71
SK0141,2021,81
SK0065,2021,70
SK0271,2024,69
SK0296,2026,89
SK0093,2025,44
SK0252,2025,64
SK0179,2026,44
SK0159,2022,68
SK0217,2022,34
SK0173,2022,60
SK0008,2026,81
SK0164,2022,43
SK0118,2022,44
SK0116,2021,22
SK0095,2021,62
SK0056,2021,77
SK0181,2026,37
SK0106,2025,54
SK0259,2022,62
SK0206,2021,41
SK0099,2025,82
SK0221,2023,33
SK0162,2022,37
SK0214,2023,26
SK0232,2025,92
SK0255,2024,14
SK0105,2022,20
SK0283,2024,76
SK0025,2024,25
SK0217,2022,42
SK0071,2024,66
SK0235,2024,49
SK0246,2021,74
SK0060,2026,26
SK0163,2022,80
SK0233,2023,38
SK0173,2025,95
SK0239,2021,62
SK0218,2023,49
SK0122,2026,59
SK0185,2021,18
SK0208,2021,15
SK0222,2025,21
SK0065,2024,56
SK0293,2021,42
SK0027,2021,57
SK0123,2022,61
SK0095,2026,80
SK0005,2022,87
SK0193,2026,18
SK0133,2025,94
SK0195,2026,48
SK0220,2022,61
SK0251,2023,74
SK0256,2021,92
SK0075,2025,26
SK0042,2021,70
SK0142,2026,89
SK0182,2025,42
SK0229,2025,68
SK0026,2024,34
SK0148,2026,54
SK0241,2022,85
SK0276,2025,38
SK0210,2021,19
SK0079,2021,28
SK0060,2024,36
SK0106,2025,87
SK0210,2024,47
SK0095,2021,18
SK0196,2023,14
SK0107,2025,24
SK0023,2025,74
SK0190,2024,44
SK0080,2021,12
SK0015,2021,96
SK0236,2024,20
SK0169,2026,67
SK0263,2022,41
SK0138,2022,46
SK0212,2025,71
SK0096,2021,29
SK0109,2023,55
SK0158,2026,90
SK0085,2024,80
SK0278,2024,91
SK0179,2025,83
SK0065,2025,33
SK0165,2024,20
SK0238,2022,25
SK0055,2023,23
SK0250,2023,88
SK0030,2026,53
SK0149,2025,58
SK0263,2021,59
SK0191,2021,70
SK0016,2022,72
SK0108,2023,40
SK0068,2021,47
SK0227,2023,89
SK0002,2021,14
SK0081,2024,59
SK0022,2024,78
SK0252,2025,89
SK0083,2021,43
SK0298,2021,81
SK0154,2025,63
SK0116,2022,73
SK0025,2024,79
SK0244,2023,15
SK0127,2026,23
SK0001,2023,90
SK0277,2025,72
SK0124,2025,69
SK0249,2023,71
SK0034,2026,98
SK0235,2026,17
SK0094,2026,42
SK0256,2023,45
SK0190,2024,63
SK0001,2024,67
SK0030,2024,68
SK0096,2022,71
SK0134,2026,12
SK0040,2023,17
SK0044,2025,84
SK0235,2022,37
SK0186,2025,74
SK0075,2022,21
SK0192,2022,65
SK0241,2026,68
SK0244,2024,33
SK0262,2021,56
SK0154,2025,85
SK0076,2024,92
SK0020,2023,77
SK0005,2023,35
SK0165,2023,73
SK0183,2021,22
SK0208,2021,29
SK0206,2025,94
SK0026,2024,94
SK0155,2026,42
SK0274,2023,47
SK0183,2024,59
SK0167,2022,15
SK0102,2023,42
SK0274,2023,42
SK0122,2024,60
SK0159,2024,85
SK0295,2023,53
SK0185,2022,37
SK0052,2022,45
SK0183,2024,12
SK0010,2026,66
SK0235,2024,89
SK0103,2024,70
SK0290,2025,35
SK0294,2023,93
SK0129,2026,21
SK0162,2025,61
SK0096,2024,42
SK0015,2022,52
SK0282,2022,13
SK0179,2026,95
SK0125,2023,33
SK0237,2023,94
SK0221,2021,37
SK0229,2025,62
SK0059,2026,43
SK0081,2022,13
SK0032,2026,92
SK0042,2023,78
SK0019,2021,71
SK0033,2021,59
SK0144,2026,73
SK0251,2022,26
SK0196,2023,37
SK0011,2022,68
SK0180,2026,38
SK0115,2021,98
SK0143,2024,96
SK0221,2023,65
SK0156,2025,38
SK0197,2024,22
SK0172,2025,28
SK0266,2024,68
SK0292,2022,47
SK0266,2026,20
SK0183,2025,85
SK0050,2021,89
SK0185,2024,49
SK0168,2024,54
SK0267,2022,59
SK0009,2026,84
SK0003,2022,61
SK0180,2026,17
SK0007,2024,82
SK0069,2026,33
SK0062,2021,89
SK0139,2024,16
SK0180,2023,79
SK0268,2021,62
SK0068,2021,94
SK0052,2024,25
SK0073,2024,17
SK0297,2025,32
SK0033,2026,44
SK0019,2022,17
SK0159,2025,42
SK0211,2023,42
SK0156,2024,33
SK0056,2023,10
SK0162,2025,82
SK0020,2026,99
SK0220,2025,79
SK0034,2026,61
SK0236,2022,67
SK0079,2023,13
SK0254,2026,92
SK0065,2023,17
SK0150,2023,59
SK0005,2024,56
SK0261,2024,20
SK0035,2022,36
SK0193,2024,89
SK0191,2026,13
SK0098,2025,56
SK0268,2026,10
SK0295,2024,11
SK0195,2023,65
SK0093,2022,20
SK0105,2025,11
SK0259,2023,97
SK0288,2021,60
SK0184,2022,40
SK0074,2021,97
SK0058,2023,35
SK0203,2024,17
SK0012,2022,73
SK0250,2025,97
SK0231,2023,58
SK0247,2021,39
SK0135,2022,65
SK0108,2024,58
SK0294,2022,90
SK0139,2022,68
SK0234,2026,93
SK0138,2023,62
SK0195,2021,60
SK0202,2023,63
SK0168,2022,86
SK0091,2022,81
SK0046,2022,53
SK0160,2021,75
SK0228,2025,50
SK0048,2024,15
SK0110,2022,15
SK0065,2026,27
SK0297,2024,79
SK0163,2021,86
SK0109,2022,20
SK0281,2026,81
SK0156,2022,26
SK0146,2024,74
SK0238,2026,44
SK0108,2021,56
SK0049,2026,50
SK0219,2024,10
SK0165,2024,10
SK0274,2025,82
SK0022,2021,83
SK0198,2021,72
SK0088,2023,55
SK0178,2024,27
SK0261,2026,71
SK0025,2021,82
SK0235,2023,85
SK0040,2024,83
SK0053,2022,22
SK0011,2025,94
SK0234,2025,10
SK0166,2024,36
SK0184,2021,92
SK0066,2024,53
SK0104,2023,12
SK0012,2024,77
SK0188,2021,82
SK0105,2026,65
SK0104,2023,85
SK0141,2024,85
SK0098,2025,80
SK0291,2021,11
SK0246,2022,47
SK0278,2026,41
SK0024,2023,28
SK0291,2023,25
SK0179,2023,26
SK0045,2023,48
SK0157,2025,57
SK0100,2026,45
SK0269,2023,79
SK0052,2023,67
SK0063,2025,73
SK0076,2025,79
SK0038,2025,57
SK0189,2021,17
SK0085,2025,92
SK0115,2021,85
SK0227,2024,37
SK0243,2022,83
SK0103,2024,18
SK0246,2023,35
SK0138,2022,23
SK0142,2021,72
SK0077,2024,29
SK0192,2024,92
SK0278,2024,68
SK0036,2025,64
SK0104,2023,42
SK0289,2023,33
SK0255,2024,92
SK0259,2025,91
SK0247,2025,47
SK0231,2025,44
SK0216,2023,96
SK0170,2024,78
SK0209,2026,12
SK0030,2022,39
SK0241,2023,80
SK0210,2024,69
SK0131,2023,14
SK0289,2025,26
SK0094,2025,61
SK0218,2021,96
SK0029,2024,15
SK0080,2022,52
SK0135,2026,43
SK0272,2025,43
SK0085,2025,19
SK0180,2022,75
SK0184,2026,56
SK0136,2023,55
SK0126,2024,83
SK0042,2026,83
SK0300,2023,39
SK0184,2025,99
SK0153,2025,44
SK0111,2025,87
SK0182,2022,15
SK0291,2025,91
SK0047,2026,34
SK0066,2022,68
SK0034,2024,67
SK0151,2021,60
SK0196,2022,31
SK0233,2026,19
SK0014,2026,66
SK0192,2023,98
SK0195,2026,68
SK0277,2024,85
SK0231,2022,32
SK0180,2022,29
SK0181,2026,21
SK0186,2024,63
SK0049,2025,59
SK0190,2022,38
SK0135,2022,34
SK0269,2023,58
SK0198,2025,47
SK0276,2026,53
SK0296,2024,57
SK0253,2023,22
SK0251,2021,23
SK0298,2022,81
SK0277,2025,39
SK0033,2023,27
SK0058,2022,11
SK0163,2021,89
SK0086,2026,89
SK0267,2022,16
SK0160,2024,45
SK0132,2021,61
SK0054,2021,19
SK0017,2024,47
SK0227,2022,85
SK0247,2024,87
SK0157,2023,21
SK0064,2025,77
SK0114,2022,48
SK0079,2022,50
SK0040,2023,50
SK0206,2024,27
SK0074,2024,68
SK0212,2024,86
SK0231,2024,21
SK0174,2026,92
SK0127,2023,81
SK0008,2026,25
SK0119,2023,32
SK0172,2023,18
SK0300,2026,73
SK0018,2024,99
SK0175,2026,41
SK0292,2021,16
SK0035,2024,49
SK0236,2025,48
SK0070,2024,44
SK0250,2025,74
SK0071,2025,84
SK0231,2025,13
SK0008,2021,61
SK0098,2025,27
SK0112,2021,94
SK0080,2024,61
SK0185,2021,72
SK0252,2021,70
SK0165,2023,18
SK0084,2026,34
SK0199,2025,67
SK0101,2021,66
SK0005,2022,11
SK0070,2024,49
SK0131,2024,31
SK0126,2023,15
SK0020,2023,52
SK0055,2025,76
SK0231,2025,44
SK0158,2022,54
SK0080,2023,88
SK0004,2021,39
SK0003,2023,47
SK0075,2022,92
SK0203,2021,96
SK0002,2021,19
SK0249,2026,76
SK0272,2026,93
SK0185,2024,74
SK0137,2026,46
SK0123,2025,25
SK0055,2026,64
SK0169,2026,72
SK0118,2023,31
SK0295,2021,86
SK0291,2026,95
SK0281,2023,90
SK0267,2024,76
SK0014,2023,69
SK0197,2022,77
SK0048,2024,96
SK0296,2026,21
SK0224,2025,50
SK0146,2024,42
SK0267,2026,90
SK0110,2025,79
SK0161,2021,60
SK0234,2025,43
SK0268,2023,99
SK0087,2022,87
SK0034,2025,90
SK0263,2024,68
SK0067,2024,89
SK0225,2023,64
SK0027,2023,11
SK0139,2025,62
SK0168,2023,40
SK0115,2026,88
SK0099,2024,93
SK0162,2023,75
SK0217,2021,53
SK0050,2023,54
SK0010,2024,26
SK0131,2024,37
SK0027,2022,50
SK0105,2026,22
SK0142,2023,36
SK0198,2022,41
SK0146,2023,19
SK0074,2026,90
SK0161,2025,87
SK0048,2021,70
SK0264,2025,98
SK0038,2025,18
SK0004,2023,81
SK0233,2024,82
SK0009,2023,37
SK0141,2024,32
SK0262,2023,84
SK0271,2026,52
SK0075,2024,28
SK0116,2021,92
SK0134,2026,78
SK0069,2024,83
SK0137,2025,84
SK0110,2024,76
SK0085,2026,22
SK0244,2024,28
SK0091,2024,22
SK0192,2025,96
SK0212,2025,48
SK0237,2022,16
SK0188,2026,69
SK0266,2025,82
SK0231,2021,57
SK0286,2025,14
SK0091,2026,69
SK0232,2025,74
SK0235,2026,18
SK0299,2022,93
SK0029,2021,36
SK0129,2022,37
SK0219,2023,99
SK0179,2022,29
SK0166,2025,31
SK0067,2023,38
SK0092,2021,20
SK0175,2021,85
SK0198,2023,42
SK0205,2021,14
SK0281,2023,26
SK0130,2025,98
SK0193,2024,72
SK0108,2023,34
SK0021,2025,48
SK0240,2021,87
SK0261,2024,99
SK0029,2024,10
SK0267,2021,21
SK0164,2024,13
SK0168,2022,28
SK0035,2024,18
SK0267,2025,28
SK0265,2024,82
SK0187,2025,65
SK0036,2023,79
SK0060,2022,61
SK0300,2026,10
SK0212,2023,92
SK0247,2023,19
SK0095,2022,57
SK0136,2025,65
SK0061,2022,52
SK0106,2025,63
SK0106,2021,26
SK0090,2024,79
SK0254,2021,58
SK0291,2021,28
SK0089,2023,36
SK0300,2025,89
SK0152,2026,99
SK0157,2025,19
SK0100,2021,33
SK0028,2023,49
SK0223,2025,36
SK0234,2023,53
SK0112,2025,87
SK0185,2025,32
SK0256,2024,98
SK0099,2023,64
SK0249,2024,50
SK0243,2021,80
SK0188,2021,20
SK0152,2026,13
SK0293,2022,57
SK0148,2025,39
SK0292,2024,11
SK0136,2024,98
SK0269,2022,67
SK0133,2021,92
SK0217,2022,40
SK0127,2025,31
SK0186,2024,76
SK0137,2021,46
SK0207,2021,12
SK0080,2024,53
SK0012,2022,17
SK0259,2021,33
SK0218,2022,36
SK0277,2021,16
SK0122,2026,81
SK0165,2024,87
SK0179,2023,12
SK0039,2024,48
SK0284,2023,74
SK0140,2023,93
SK0015,2025,57
SK0105,2026,93
SK0191,2024,50
SK0027,2025,17
SK0210,2023,55
SK0293,2021,67
SK0163,2021,21
SK0158,2024,48
SK0207,2026,80
SK0228,2024,53
SK0026,2024,31
SK0176,2026,23
SK0213,2023,52
SK0167,2021,58
SK0075,2026,46
SK0185,2022,87
SK0248,2024,12
SK0147,2026,17
SK0242,2024,39
SK0231,2026,97
SK0005,2022,27
SK0069,2025,72
SK0120,2021,16
SK0200,2022,17
SK0182,2026,34
SK0090,2026,40
SK0278,2025,28
SK0176,2024,77
SK0066,2026,35
SK0012,2025,84
SK0068,2023,88
SK0196,2026,56
SK0178,2024,20
SK0251,2026,48
SK0219,2024,73
SK0107,2022,13
SK0267,2021,28
SK0161,2021,97
SK0174,2021,60
SK0231,2026,92
SK0014,2021,62
SK0218,2026,22
SK0285,2024,35
SK0101,2026,87
SK0165,2021,31
SK0105,2026,96
SK0088,2022,30
SK0072,2024,72
SK0097,2023,53
SK0229,2026,32
SK0286,2022,59
SK0116,2021,29
SK0167,2026,12
SK0130,2026,60
SK0199,2021,66
SK0116,2022,83
SK0116,2024,39
SK0050,2025,48
SK0147,2024,23
SK0280,2024,77
SK0113,2026,38
SK0196,2026,87
SK0223,2025,56
SK0109,2026,15
SK0296,2026,47
SK0134,2022,97
SK0130,2025,30
SK0166,2022,89
SK0171,2023,20
SK0142,2024,57
SK0215,2022,42
SK0053,2025,39
SK0143,2025,66
SK0143,2026,35
SK0014,2022,87
SK0203,2025,74
SK0216,2023,92
SK0185,2025,69
SK0199,2022,16
SK0206,2022,90
SK0130,2025,10
SK0170,2025,17
SK0222,2026,46
SK0016,2021,28
SK0107,2024,63
SK0081,2022,71
SK0059,2024,70
SK0211,2023,87
SK0026,2025,75
SK0060,2024,25
SK0239,2024,17
SK0178,2026,56
SK0273,2023,14
SK0107,2022,44
SK0074,2022,77
SK0145,2022,42
SK0294,2023,98
SK0254,2021,19
SK0113,2023,83
SK0073,2024,87
SK0064,2024,17
SK0252,2025,87
SK0241,2024,64
SK0108,2025,91
SK0296,2023,46
SK0104,2021,51
SK0190,2023,80
SK0289,2023,65
SK0260,2023,95
SK0201,2026,15
SK0261,2022,93
SK0231,2021,54
SK0291,2026,15
SK0090,2025,45
SK0046,2025,46
SK0171,2021,82
SK0138,2021,65
SK0235,2024,46
SK0098,2021,43
SK0164,2022,32
SK0284,2022,62
SK0277,2025,54
SK0089,2024,72
SK0234,2025,63
SK0073,2024,41
SK0081,2023,52
SK0022,2025,11
SK0115,2026,36
SK0296,2023,29
SK0013,2021,31
SK0004,2024,22
SK0297,2024,45
SK0077,2022,84
SK0165,2022,50
SK0060,2025,16
SK0120,2021,15
SK0128,2026,50
SK0029,2021,46
SK0039,2026,24
SK0143,2022,31
SK0130,2022,83
SK0089,2023,18
SK0132,2023,88
SK0153,2026,37
SK0111,2025,49
SK0014,2026,30
SK0114,2024,42
SK0205,2025,34
SK0023,2021,69
SK0075,2022,35
SK0207,2026,40
SK0180,2022,36
SK0172,2025,70
SK0183,2025,37
SK0198,2026,33
SK0231,2026,48
SK0108,2025,22
SK0062,2022,31
SK0196,2025,37
SK0143,2023,30
SK0039,2023,64
SK0110,2026,12
SK0120,2025,15
SK0274,2024,22
SK0023,2023,98
SK0109,2026,62
SK0049,2021,18
SK0092,2025,15
SK0006,2024,89
SK0286,2024,32
SK0273,2022,93
SK0048,2023,46
SK0198,2023,13
SK0147,2026,20
SK0053,2023,24
SK0253,2024,69
SK0011,2021,42
SK0250,2024,43
SK0157,2023,58
SK0129,2026,18
SK0073,2021,77
SK0002,2021,48
SK0199,2023,90
SK0064,2022,53
SK0095,2024,81
SK0039,2025,26
SK0147,2024,10
SK0081,2021,15
SK0280,2023,33
SK0048,2023,33
SK0028,2022,62
SK0230,2022,70
SK0113,2021,55
SK0131,2021,23
SK0233,2021,68
SK0274,2022,29
SK0009,2022,73
SK0177,2023,95
SK0116,2022,83
SK0063,2021,21
SK0293,2023,33
SK0277,2023,98
SK0240,2026,54
SK0239,2022,21
SK0226,2023,33
SK0220,2024,38
SK0091,2021,53
SK0215,2024,31
SK0044,2025,96
SK0148,2024,65
SK0119,2026,62
SK0277,2023,93
SK0265,2022,95
SK0015,2022,55
SK0127,2022,78
SK0141,2025,25
SK0013,2022,99
SK0254,2021,89
SK0245,2022,68
SK0020,2022,47
SK0246,2023,30
SK0252,2026,84
SK0072,2024,53
SK0273,2022,39
SK0188,2022,57
SK0260,2024,94
SK0107,2025,55
SK0036,2024,15
SK0297,2023,49
SK0180,2026,39
SK0254,2021,52
SK0095,2026,85
SK0207,2022,95
SK0211,2026,48
SK0118,2025,26
SK0151,2025,73
SK0084,2024,10
SK0147,2023,73
SK0295,2023,18
SK0056,2021,94
SK0185,2021,58
SK0128,2023,93
SK0005,2021,52
SK0096,2022,16
SK0184,2026,82
SK0068,2024,29
SK0059,2026,94
SK0296,2024,93
SK0133,2023,94
SK0182,2022,34
SK0171,2025,76
SK0055,2022,56
SK0205,2023,68
SK0097,2024,57
SK0003,2022,64
SK0093,2022,23
SK0002,2023,73
SK0062,2025,92
SK0271,2026,21
SK0246,2024,51
SK0090,2022,85
SK0145,2023,57
SK0164,2025,47
SK0167,2025,37
SK0157,2024,40
SK0067,2022,37
SK0275,2021,72
SK0127,2026,92
SK0201,2023,83
SK0109,2024,85
SK0042,2022,57
SK0060,2022,38
SK0189,2024,80
SK0245,2025,69
SK0156,2021,14
SK0052,2025,31
SK0230,2025,88
SK0283,2023,54
SK0087,2026,24
SK0127,2021,60
SK0168,2023,59
SK0006,2021,89
SK0159,2023,50
SK0007,2025,45
SK0024,2021,38
SK0070,2022,93
SK0020,2023,42
SK0298,2024,10
SK0157,2021,29
SK0030,2022,39
SK0101,2025,52
SK0245,2024,80
SK0063,2023,40
SK0206,2024,52
SK0150,2024,81
SK0123,2025,73
SK0019,2023,91
SK0226,2023,53
SK0079,2021,31
SK0056,2021,74
SK0202,2026,31
SK0248,2025,16
SK0195,2021,29
SK0258,2021,87
SK0125,2022,89
SK0108,2025,52
SK0229,2023,80
SK0036,2021,30
SK0229,2022,36
SK0141,2021,90
SK0238,2025,18
SK0224,2021,38
SK0076,2021,80
SK0085,2022,32
SK0125,2021,57
SK0214,2024,40
SK0059,2023,53
SK0127,2025,89
SK0268,2021,56
SK0118,2023,84
SK0158,2022,94
SK0258,2022,26
SK0132,2025,18
SK0298,2025,43
SK0190,2022,96
SK0113,2025,71
SK0003,2021,75
SK0246,2021,41
SK0134,2025,67
SK0111,2021,58
SK0209,2024,58
SK0059,2024,50
SK0105,2022,61
SK0270,2025,72
SK0036,2023,62
SK0297,2021,61
SK0090,2023,48
SK0089,2025,23
SK0006,2026,32
SK0021,2021,97
SK0082,2023,64
SK0225,2023,26
SK0055,2025,79
SK0023,2021,52
SK0177,2024,80
SK0023,2022,34
SK0150,2022,27
SK0114,2021,78
SK0078,2025,11
SK0213,2026,76
SK0292,2025,12
SK0123,2021,66
SK0051,2026,52
SK0278,2021,93
SK0169,2025,28
SK0010,2024,60
SK0249,2024,91
SK0143,2022,94
SK0088,2024,60
SK0228,2022,64
SK0240,2026,90
SK0231,2024,59
SK0119,2021,91
SK0231,2025,57
SK0255,2024,88
SK0089,2025,17
SK0059,2023,10
SK0156,2024,79
SK0104,2023,74
SK0113,2022,46
SK0051,2023,23
SK0026,2026,62
SK0223,2025,91
SK0137,2025,24
SK0072,2026,78
SK0011,2024,23
SK0225,2023,18
SK0066,2024,64
SK0032,2022,97
SK0191,2026,94
SK0071,2026,29
SK0286,2021,19
SK0169,2023,97
SK0121,2022,69
SK0122,2021,43
SK0193,2021,22
SK0050,2025,58
SK0276,2023,18
SK0248,2023,35
SK0064,2026,15
SK0140,2023,21
SK0125,2025,76
SK0148,2024,61
SK0297,2023,92
SK0176,2024,46
SK0283,2024,33
SK0149,2023,78
SK0116,2025,51
SK0166,2021,62
SK0058,2023,28
SK0293,2021,80
SK0173,2023,18
SK0223,2025,26
SK0049,2026,46
SK0250,2021,75
SK0020,2025,66
SK0160,2026,69
SK0008,2023,31
SK0073,2021,54
SK0113,2022,43
SK0293,2025,23
SK0084,2026,76
SK0175,2026,17
SK0075,2021,76
SK0106,2026,74
SK0004,2023,21
SK0152,2021,29
SK0066,2023,52
SK0187,2022,35
SK0037,2026,70
SK0076,2022,46
SK0218,2021,81
SK0141,2024,23
SK0018,2022,31
SK0108,2023,95
SK0298,2024,12
SK0164,2022,31
SK0148,2024,49
SK0277,2023,40
SK0102,2022,55
SK0122,2024,44
SK0047,2021,83
SK0231,2024,78
SK0237,2021,83
SK0011,2023,28
SK0208,2023,35
SK0029,2021,11
SK0161,2023,18
SK0105,2024,53
SK0239,2025,90
SK0228,2024,52
SK0089,2025,51
SK0123,2023,48
SK0130,2026,19
SK0282,2024,88
SK0182,2026,42
SK0148,2024,50
SK0024,2026,48
SK0203,2025,54
SK0134,2022,71
SK0160,2022,88
SK0222,2025,28
SK0075,2023,25
SK0029,2023,92
SK0226,2023,95
SK0196,2024,43
SK0218,2024,84
SK0118,2024,73
SK0050,2021,33
SK0265,2023,92
SK0263,2023,21
SK0214,2026,28
SK0064,2026,93
SK0087,2023,28
SK0109,2023,99
SK0010,2025,39
SK0264,2025,87
SK0156,2021,21
SK0026,2024,80
SK0033,2021,68
SK0045,2025,89
SK0085,2026,29
SK0025,2023,79
SK0121,2021,87
SK0115,2024,90
SK0047,2025,70
SK0212,2025,72
SK0090,2024,48
SK0029,2023,70
SK0143,2026,89
SK0218,2022,82
SK0182,2024,71
SK0184,2026,51
SK0235,2023,10
SK0198,2024,79
SK0145,2024,98
SK0259,2023,26
SK0278,2022,87
SK0088,2022,62
SK0234,2022,25
SK0099,2024,23
SK0193,2023,36
SK0233,2023,25
SK0227,2022,19
SK0071,2021,75
SK0249,2023,19
SK0281,2022,32
SK0018,2025,64
SK0287,2026,54
SK0158,2026,83
SK0183,2023,86
SK0084,2023,85
SK0222,2022,46
SK0246,2024,40
SK0098,2024,58
SK0233,2021,23
SK0086,2024,68
SK0277,2026,22
SK0117,2022,66
SK0213,2024,86
SK0200,2021,37
SK0111,2022,89
SK0028,2023,45
SK0157,2025,42
SK0189,2024,67
SK0161,2025,52
SK0178,2026,50
SK0283,2024,81
SK0112,2023,36
SK0245,2024,29
SK0200,2021,51
SK0228,2024,46
SK0055,2021,97
SK0172,2022,49
SK0096,2021,70
SK0109,2026,67
SK0190,2023,40
SK0294,2022,90
SK0264,2023,71
SK0022,2024,96
SK0259,2024,75
SK0174,2025,45
SK0179,2025,37
SK0104,2024,58
SK0208,2025,57
SK0138,2025,67
SK0243,2024,66
SK0266,2025,28
SK0140,2026,87
SK0037,2023,58
SK0082,2022,30
SK0132,2026,98
SK0103,2021,55
SK0156,2021,41
SK0126,2021,43
SK0141,2024,71
SK0083,2023,65
SK0091,2026,96
SK0026,2025,96
SK0147,2024,62
SK0129,2021,69
SK0124,2021,51
SK0283,2026,80
SK0169,2022,25
SK0221,2026,24
SK0170,2023,16
SK0065,2026,69
SK0130,2023,32
SK0060,2023,26
SK0074,2021,79
SK0127,2023,61
SK0256,2022,41
SK0146,2025,52
SK0174,2022,79
SK0228,2022,74
SK0026,2025,55
SK0053,2021,31
SK0240,2026,44
SK0300,2022,86
SK0015,2022,84
SK0280,2022,72
SK0110,2024,67
SK0231,2022,21
SK0117,2022,44
SK0299,2025,17
SK0078,2023,63
SK0255,2024,86
SK0066,2023,65
SK0223,2022,45
SK0248,2026,34
SK0180,2025,11
SK0200,2021,20
SK0126,2021,34
SK0292,2026,76
SK0236,2024,19
SK0117,2021,44
SK0016,2026,33
SK0192,2023,50
SK0153,2022,23
SK0041,2026,87
SK0251,2021,79
SK0029,2021,43
SK0254,2026,48
SK0244,2022,90
SK0019,2025,20
SK0001,2023,11
SK0192,2021,26
SK0131,2026,81
SK0003,2026,51
SK0062,2022,55
SK0238,2024,81
SK0190,2025,36
SK0029,2026,99
SK0194,2023,33
SK0018,2026,22
SK0181,2024,54
SK0293,2026,18
SK0097,2025,93
SK0223,2023,44
SK0276,2025,81
SK0288,2022,20
SK0034,2022,96
SK0018,2023,56
SK0171,2023,96
SK0006,2026,52
SK0221,2026,58
SK0037,2024,56
SK0264,2024,30
SK0006,2022,50
SK0015,2025,60
SK0035,2022,41
SK0251,2023,38
SK0147,2025,50
SK0215,2023,65
SK0129,2024,81
SK0270,2023,78
SK0185,2025,56
SK0130,2025,76
SK0116,2026,32
SK0050,2024,95
SK0177,2023,39
SK0215,2023,46
SK0022,2022,86
SK0002,2025,60
SK0287,2025,38
SK0033,2024,23
SK0258,2022,70
SK0091,2025,69
SK0162,2025,32
SK0103,2026,34
SK0131,2025,52
SK0093,2025,48
SK0292,2024,89
SK0286,2024,71
SK0049,2023,25
SK0149,2024,45
SK0287,2021,98
SK0257,2026,91
SK0276,2023,44
SK0199,2022,12
SK0016,2021,74
SK0086,2021,37
SK0026,2021,92
SK0050,2023,58
SK0289,2021,22
SK0062,2023,87
SK0032,2022,80
SK0059,2026,12
SK0063,2022,24
SK0062,2024,44
SK0199,2024,42
SK0172,2025,71
SK0185,2021,37
SK0156,2026,35
SK0010,2022,55
SK0223,2024,74
SK0093,2021,78
SK0042,2023,53
SK0275,2021,60
SK0257,2026,32
SK0038,2021,53
SK0094,2023,56
SK0172,2025,82
SK0178,2025,79
SK0280,2022,84
SK0043,2026,24
SK0012,2025,23
SK0223,2021,45
SK0212,2022,87
SK0027,2025,52
SK0271,2024,88
SK0191,2025,34
SK0086,2021,44
SK0058,2024,50
SK0027,2023,88
SK0066,2026,47
SK0122,2022,98
SK0210,2025,88
SK0173,2025,93
SK0078,2022,78
SK0226,2026,56
SK0290,2024,96
SK0030,2025,71
SK0234,2026,11
SK0013,2026,47
SK0228,2026,79
SK0059,2025,11
SK0108,2022,40
SK0248,2025,44
SK0141,2024,87
SK0131,2026,59
SK0287,2025,25
SK0140,2024,78
SK0015,2022,15
SK0045,2025,14
SK0191,2025,34
SK0229,2023,19
SK0233,2021,71
SK0292,2022,88
SK0080,2022,25
SK0068,2022,16
SK0271,2024,80
SK0197,2022,40
SK0074,2024,63
SK0114,2025,18
SK0095,2022,46
SK0063,2025,70
SK0140,2021,94
SK0170,2026,66
SK0242,2025,45
SK0110,2024,19
SK0016,2023,40
SK0088,2025,78
SK0200,2026,85
SK0051,2025,24
SK0108,2024,50
SK0040,2022,26
SK0100,2023,30
SK0292,2021,48
SK0231,2022,91
SK0115,2025,41
SK0289,2026,53
SK0270,2021,78
SK0024,2022,95
SK0167,2026,75
SK0145,2023,65
SK0297,2025,72
SK0022,2025,57
SK0113,2023,65
SK0259,2025,52
SK0242,2024,14
SK0156,2026,55
SK0093,2021,14
SK0216,2022,56
SK0180,2023,46
SK0140,2023,64
SK0251,2026,98
SK0183,2022,74
SK0009,2024,48
SK0100,2024,54
SK0259,2021,12
SK0143,2026,68
SK0051,2025,91
SK0159,2025,51
SK0124,2025,51
SK0010,2025,42
SK0141,2026,99
SK0253,2025,65
SK0134,2024,99
SK0296,2022,13
SK0052,2024,13
SK0056,2025,68
SK0137,2024,91
SK0119,2021,45
SK0125,2024,10
SK0185,2022,99
SK0180,2024,13
SK0176,2025,89
SK0156,2026,87
SK0251,2021,45
SK0228,2026,67
SK0123,2021,18
SK0024,2024,67
SK0155,2023,19
SK0091,2022,92
SK0109,2026,22
SK0084,2021,22
SK0222,2023,94
SK0003,2023,42
SK0175,2024,86
SK0095,2021,63
SK0042,2024,71
SK0200,2024,73
SK0158,2023,36
SK0078,2021,30
SK0218,2022,24
SK0194,2025,55
SK0165,2021,97
SK0064,2023,88
SK0016,2021,58
SK0168,2021,60
SK0046,2022,53
SK0235,2022,47
SK0183,2026,82
SK0297,2021,49
SK0046,2024,77
SK0256,2023,85
SK0123,2026,60
SK0174,2026,79
SK0159,2024,12
SK0260,2025,75
SK0252,2025,97
SK0026,2025,17
SK0260,2024,47
SK0214,2026,12
SK0159,2021,88
SK0082,2025,38
SK0010,2021,62
SK0226,2023,38
SK0066,2021,77
SK0157,2024,38
SK0009,2026,32
SK0139,2021,67
SK0244,2024,37
SK0066,2023,35
SK0080,2021,49
SK0280,2025,19
SK0155,2026,23
SK0226,2025,45
SK0082,2023,16
SK0203,2024,27
SK0294,2023,40
SK0169,2024,28
SK0057,2023,53
SK0278,2023,15
SK0077,2024,76
SK0167,2026,98
SK0032,2021,17
SK0165,2025,88
SK0273,2021,49
SK0151,2026,11
SK0159,2026,19
SK0075,2025,78
SK0211,2024,93
SK0191,2025,20
SK0056,2024,91
SK0233,2021,55
SK0192,2025,13
SK0036,2025,43
SK0292,2025,97
SK0012,2025,94
SK0299,2024,44
SK0147,2025,90
SK0265,2026,31
SK0150,2024,82
SK0147,2026,90
SK0074,2024,60
SK0108,2024,92
SK0027,2022,54
SK0189,2025,27
SK0297,2024,20
SK0164,2021,42
SK0113,2022,75
SK0189,2022,26
SK0121,2024,69
SK0144,2026,89
SK0148,2024,15
SK0228,2021,60
SK0216,2021,98
SK0091,2024,89
SK0188,2023,12
SK0123,2023,71
SK0087,2025,91
SK0263,2022,87
SK0290,2022,92
SK0225,2023,40
SK0287,2021,56
SK0288,2026,40
SK0225,2024,95
SK0021,2021,95
SK0088,2021,61
SK0190,2023,56
SK0036,2025,90
SK0266,2023,88
SK0257,2022,46
SK0093,2022,90
SK0167,2022,53
SK0239,2023,88
SK0152,2026,76
SK0081,2025,93
SK0131,2023,55
SK0162,2023,65
SK0043,2024,84
SK0188,2024,98
SK0163,2026,20
SK0074,2026,80
SK0074,2023,96
SK0114,2025,57
SK0056,2021,40
SK0052,2021,93
SK0146,2026,34
SK0174,2025,50
SK0189,2022,14
SK0083,2024,42
SK0217,2024,91
SK0196,2025,22
SK0143,2022,42
SK0210,2023,35
SK0291,2021,25
SK0277,2022,91
SK0052,2021,89
SK0190,2024,34
SK0235,2023,84
SK0200,2022,50
SK0030,2025,22
SK0242,2024,24
SK0021,2021,20
SK0047,2026,79
SK0083,2024,86
SK0086,2025,74
SK0191,2024,60
SK0131,2022,44
SK0065,2022,60
SK0167,2021,83
SK0157,2021,86
SK0032,2024,48
SK0086,2025,62
SK0111,2026,83
SK0176,2025,66
SK0168,2021,67
SK0022,2024,46
SK0140,2026,63
SK0278,2024,12
SK0031,2021,64
SK0043,2025,76
SK0189,2026,21
SK0236,2025,70
SK0027,2022,58
SK0251,2025,10
SK0067,2021,35
SK0130,2025,38
SK0212,2026,65
SK0211,2023,96
SK0283,2025,21
SK0072,2026,54
SK0094,2026,59
SK0196,2026,15
SK0118,2025,25
SK0058,2021,92
SK0018,2025,49
SK0280,2025,60
SK0214,2022,27
SK0121,2024,35
SK0269,2026,17
SK0192,2026,84
SK0069,2025,79
SK0168,2023,36
SK0229,2024,64
SK0063,2026,89
SK0171,2026,65
SK0113,2023,21
SK0256,2021,24
SK0028,2026,50
SK0196,2024,68
SK0163,2023,47
SK0269,2023,53
SK0061,2024,29
SK0080,2026,43
SK0279,2024,76
SK0281,2021,21
SK0265,2023,26
SK0049,2025,43
SK0131,2022,42
SK0097,2024,66
SK0074,2025,57
SK0070,2022,99
SK0031,2024,70
SK0082,2023,92
SK0219,2024,81
SK0085,2025,29
SK0185,2023,31
SK0008,2023,59
SK0038,2021,10
SK0148,2026,55
SK0141,2025,76
SK0222,2021,88
SK0093,2026,21
SK0024,2021,22
SK0125,2024,28
SK0094,2023,62
SK0060,2026,75
SK0053,2022,49
SK0088,2025,85
SK0270,2021,58
SK0086,2023,23
SK0214,2022,21
SK0074,2026,78
SK0088,2022,49
SK0195,2026,76
SK0236,2024,50
SK0269,2025,93
SK0035,2022,66
SK0181,2025,11
SK0286,2021,70
SK0092,2025,25
SK0038,2025,22
SK0011,2022,65
SK0151,2025,94
SK0106,2024,49
SK0018,2021,71
SK0064,2025,97
SK0145,2024,81
SK0279,2021,47
SK0259,2023,93
SK0254,2022,79
SK0112,2024,73
SK0074,2026,65
SK0259,2021,45
SK0090,2024,93
SK0240,2023,15
SK0200,2024,75
SK0147,2024,98
SK0179,2021,50
SK0114,2024,54
SK0161,2023,39
SK0107,2022,30
SK0228,2026,17
SK0166,2024,42
SK0166,2022,35
SK0252,2021,31
SK0122,2021,32
SK0142,2025,15
SK0024,2025,74
SK0267,2026,97
SK0293,2025,58
SK0046,2024,64
SK0123,2023,97
SK0120,2021,62
SK0170,2024,14
SK0015,2026,46
SK0031,2023,76
SK0111,2022,52
SK0146,2023,13
SK0123,2025,51
SK0271,2026,93
SK0044,2022,67
SK0002,2021,64
SK0096,2023,40
SK0211,2021,53
SK0005,2025,98
SK0122,2026,63
SK0199,2024,10
SK0232,2026,82
SK0255,2022,95
SK0246,2021,93
SK0248,2022,65
SK0095,2025,72
SK0221,2021,22
SK0164,2022,48
SK0215,2025,13
SK0185,2023,39
SK0276,2026,56
SK0078,2025,39
SK0159,2021,94
SK0046,2022,89
SK0065,2026,38
SK0236,2022,34
SK0090,2025,48
SK0018,2023,73
SK0288,2024,53
SK0278,2021,75
SK0118,2025,12
SK0085,2023,24
SK0256,2022,37
SK0035,2021,82
SK0027,2022,35
SK0074,2025,23
SK0264,2026,58
SK0108,2025,77
SK0054,2025,82
SK0300,2021,78
SK0022,2026,49
SK0039,2021,69
SK0268,2022,65
SK0206,2022,90
SK0172,2026,76
SK0094,2024,27
SK0084,2025,52
SK0287,2023,83
SK0193,2021,51
SK0269,2026,12
SK0070,2026,63
SK0164,2025,41
SK0284,2025,14
SK0259,2023,17
SK0206,2021,62
SK0173,2025,53
SK0286,2024,81
SK0101,2021,64
SK0260,2022,64
SK0271,2024,65
SK0135,2024,98
SK0168,2026,61
SK0147,2026,49
SK0161,2021,86
SK0187,2021,51
SK0145,2026,79
SK0031,2021,32
SK0148,2021,42
SK0215,2026,85
SK0157,2023,12
SK0125,2022,64
SK0146,2026,42
SK0137,2024,94
SK0106,2021,16
SK0060,2021,41
SK0086,2026,87
SK0217,2021,19
SK0172,2021,70
SK0160,2024,57
SK0025,2023,83
SK0295,2024,96
SK0275,2022,58
SK0277,2023,12
SK0285,2022,37
SK0193,2021,28
SK0140,2026,33
SK0258,2022,68
SK0209,2026,93
SK0238,2023,56
SK0055,2021,81
SK0100,2022,58
SK0198,2025,73
SK0294,2026,45
SK0121,2021,48
SK0156,2025,95
SK0106,2022,95
SK0240,2025,56
SK0171,2021,37
SK0164,2022,73
SK0225,2026,40
SK0214,2026,28
SK0043,2021,44
SK0035,2023,56
SK0104,2024,89
SK0052,2025,64
SK0117,2025,33
SK0184,2022,75
SK0099,2022,96
SK0125,2024,24
SK0121,2021,44
SK0123,2024,39
SK0244,2026,95
SK0182,2021,83
SK0125,2024,42
SK0300,2026,32
SK0267,2024,44
SK0007,2021,93
SK0061,2023,56
SK0242,2024,47
SK0158,2024,74
SK0169,2026,85
SK0147,2023,99
SK0037,2024,84
SK0139,2025,87
SK0191,2024,39
SK0202,2021,31
SK0242,2022,22
SK0137,2023,18
SK0131,2024,62
SK0149,2026,76
SK0052,2024,72
SK0297,2026,76
SK0101,2025,78
SK0212,2021,77
SK0015,2024,45
SK0151,2021,17
SK0279,2023,70
SK0152,2021,18
SK0289,2024,84
SK0171,2024,63
SK0193,2021,50
SK0170,2026,84
SK0195,2021,11
SK0179,2025,73
SK0073,2026,61
SK0268,2021,87
SK0031,2025,79
SK0023,2023,54
SK0027,2023,59
SK0193,2022,48
SK0112,2024,76
SK0209,2022,38
SK0128,2024,72
SK0101,2021,95
SK0252,2024,53
SK0144,2023,27
SK0271,2023,72
SK0216,2022,42
SK0189,2022,93
SK0181,2021,31
SK0180,2024,70
SK0060,2022,85
SK0108,2021,87
SK0116,2025,14
SK0171,2022,27
SK0043,2024,77
SK0230,2025,16
SK0222,2023,65
SK0270,2024,18
SK0181,2026,62
SK0199,2022,97
SK0022,2024,18
SK0128,2024,73
SK0215,2022,50
SK0298,2023,20
SK0277,2026,63
SK0150,2023,97
SK0167,2023,18
SK0211,2022,95
SK0013,2022,39
SK0258,2023,89
SK0280,2023,67
SK0046,2021,30
SK0063,2024,55
SK0111,2024,53
SK0058,2023,56
SK0154,2025,96
SK0163,2022,68
SK0074,2025,83
SK0184,2026,12
SK0078,2025,95
SK0036,2024,56
SK0274,2024,76
SK0042,2026,54
SK0109,2023,39
SK0286,2026,26
SK0157,2022,22
SK0169,2024,55
SK0228,2026,12
SK0082,2026,38
SK0108,2025,15
SK0290,2022,51
SK0048,2024,26
SK0178,2024,78
SK0246,2026,27
SK0246,2025,16
SK0219,2021,33
SK0027,2023,34
SK0030,2024,54
SK0058,2023,85
SK0143,2026,69
SK0225,2021,34
SK0099,2026,32
SK0054,2024,92
SK0118,2025,18
SK0230,2026,25
SK0103,2023,57
SK0192,2025,71
SK0203,2024,55
SK0010,2023,39
SK0271,2026,55
SK0249,2022,99
SK0169,2026,48
SK0082,2025,15
SK0269,2024,76
SK0227,2022,90
SK0167,2024,96
SK0015,2024,50
SK0208,2025,46
SK0009,2026,49
SK0159,2026,49
SK0045,2025,29
SK0252,2025,61
SK0294,2026,28
SK0114,2025,23
SK0255,2021,88
SK0146,2024,37
SK0292,2026,44
SK0021,2026,47
SK0102,2025,44
SK0154,2024,15
SK0249,2026,31
SK0228,2021,92
SK0029,2024,57
SK0001,2024,55
SK0070,2026,28
SK0294,2025,23
SK0042,2024,29
SK0083,2026,16
SK0276,2024,16
SK0127,2026,35
SK0252,2021,47
SK0025,2025,85
SK0040,2024,13
SK0263,2025,57
SK0116,2021,60
SK0266,2024,61
SK0142,2026,96
SK0295,2022,32
SK0026,2022,99
SK0229,2024,53
SK0155,2026,56
SK0098,2021,26
SK0086,2026,69
SK0296,2023,95
SK0145,2021,96
SK0172,2024,44
SK0266,2026,52
SK0257,2024,13
SK0172,2021,61
SK0175,2026,98
SK0269,2026,96
SK0048,2025,54
SK0070,2023,71
SK0114,2023,95
SK0202,2026,66
SK0006,2026,96
SK0064,2024,99
SK0289,2022,45
SK0031,2023,70
SK0256,2024,67
SK0237,2025,12
SK0278,2025,97
SK0263,2026,86
SK0025,2025,31
SK0101,2026,81
SK0171,2022,83
SK0296,2024,83
SK0047,2023,24
SK0271,2024,74
SK0081,2023,39
SK0179,2025,81
SK0100,2021,86
SK0097,2023,36
SK0062,2025,45
SK0172,2022,11
SK0017,2021,85
SK0275,2024,43
SK0026,2026,61
SK0212,2025,49
SK0234,2021,12
SK0263,2025,63
SK0287,2024,52
SK0255,2022,53
SK0276,2026,31
SK0099,2023,12
SK0258,2023,87
SK0114,2024,92
SK0205,2024,42
SK0122,2021,57
SK0110,2022,31
SK0158,2022,85
SK0174,2024,94
SK0192,2022,12
SK0293,2024,74
SK0098,2024,29
SK0098,2021,63
SK0160,2025,96
SK0147,2021,88
SK0098,2026,55
SK0055,2026,77
SK0287,2025,73
SK0270,2022,86
SK0048,2024,41
SK0055,2024,22
SK0018,2024,85
SK0297,2025,95
SK0191,2024,40
SK0178,2025,15
SK0282,2025,57
SK0095,2026,87
SK0195,2025,73
SK0156,2023,41
SK0069,2024,52
SK0254,2024,80
SK0294,2022,52
SK0150,2022,73
SK0127,2026,89
SK0216,2025,47
SK0172,2024,54
SK0168,2021,13
SK0196,2021,91
SK0226,2026,79
SK0087,2026,85
SK0035,2024,71
SK0143,2026,84
SK0176,2026,77
SK0098,2024,43
SK0012,2025,17
SK0162,2023,88
SK0216,2024,98
SK0296,2024,34
SK0169,2025,26
SK0034,2022,53
SK0297,2026,62
SK0268,2025,64
SK0251,2025,27
SK0065,2023,77
SK0164,2024,86
SK0295,2022,64
SK0003,2021,72
SK0106,2022,92
SK0090,2026,52
SK0125,2022,99
SK0034,2026,56
SK0211,2026,38
SK0254,2021,58
SK0267,2023,52
SK0104,2023,58
SK0155,2026,65
SK0109,2024,49
SK0042,2024,37
SK0026,2026,81
SK0084,2021,26
SK0040,2025,43
SK0241,2021,97
SK0237,2025,92
SK0300,2023,25
SK0175,2023,37
SK0199,2022,37
SK0129,2021,49
SK0194,2024,42
SK0023,2024,72
SK0231,2021,77
SK0015,2025,21
SK0157,2022,31
SK0163,2026,82
SK0257,2021,52
SK0113,2024,62
SK0021,2024,45
SK0214,2026,86
SK0258,2021,58
SK0072,2026,19
SK0072,2025,89
SK0044,2023,15
SK0019,2024,42
SK0146,2023,41
SK0068,2026,25
SK0123,2022,14
SK0145,2022,45
SK0272,2025,42
SK0188,2022,83
SK0018,2021,33
SK0101,2022,39
SK0174,2022,24
SK0197,2022,94
SK0118,2022,17
SK0075,2021,94
SK0211,2023,36
SK0263,2026,84
SK0238,2025,76
SK0193,2022,25
SK0278,2023,41
SK0006,2024,67
SK0270,2025,48
SK0187,2022,10
SK0274,2024,14
SK0151,2022,45
SK0275,2026,37
SK0198,2024,69
SK0005,2022,24
SK0211,2024,18
SK0053,2024,32
SK0103,2024,91
SK0199,2025,71
SK0268,2022,80
SK0194,2023,46
SK0252,2022,95
SK0151,2024,13
SK0237,2023,82
SK0272,2025,97
SK0005,2023,77
SK0007,2022,23
SK0255,2024,54
SK0282,2024,52
SK0098,2026,81
SK0098,2024,55
SK0118,2026,68
SK0278,2025,96
SK0200,2024,73
SK0216,2024,80
SK0116,2021,20
SK0092,2023,59
SK0179,2024,40
SK0106,2023,70
SK0269,2024,27
SK0201,2025,17
SK0246,2026,65
SK0064,2024,91
SK0232,2024,53
SK0166,2024,78
SK0074,2023,92
SK0180,2023,55
SK0106,2022,90
SK0108,2026,43
SK0022,2022,88
SK0073,2026,50
SK0147,2026,12
SK0074,2022,62
SK0061,2022,57
SK0052,2026,45
SK0134,2022,50
SK0135,2023,60
SK0102,2023,12
SK0105,2021,17
SK0189,2024,78
SK0279,2026,36
SK0262,2024,34
SK0059,2026,86
SK0191,2021,52
SK0213,2026,79
SK0141,2025,88
SK0042,2022,62
SK0116,2023,89
SK0284,2023,75
SK0283,2025,16
SK0164,2026,50
SK0023,2022,62
SK0231,2021,92
SK0252,2026,93
SK0127,2021,79
SK0011,2021,97
SK0048,2025,72
SK0066,2025,34
SK0096,2021,16
SK0218,2023,57
SK0129,2023,10
SK0247,2023,98
SK0272,2025,63
SK0294,2022,35
SK0155,2023,65
SK0120,2023,42
SK0103,2021,82
SK0195,2022,18
SK0151,2025,78
SK0073,2024,29
SK0295,2021,11
SK0001,2022,24
SK0234,2022,26
SK0093,2024,45
SK0217,2022,36
SK0272,2025,28
SK0187,2022,29
SK0163,2023,72
SK0215,2023,11
SK0171,2023,10
SK0293,2026,14
SK0125,2024,14
SK0062,2024,91
SK0245,2021,60
SK0129,2024,55
SK0253,2022,24
SK0142,2023,34
SK0069,2026,17
SK0246,2024,93
SK0111,2022,93
SK0189,2026,14
SK0230,2025,17
SK0298,2023,99
SK0179,2023,84
SK0206,2023,19
SK0205,2024,17
SK0242,2025,20
SK0089,2022,41
SK0142,2021,94
SK0291,2026,68
SK0053,2022,66
SK0205,2026,95
SK0290,2023,67
SK0009,2026,97
SK0013,2024,70
SK0006,2024,38
SK0249,2024,22
SK0279,2021,74
SK0042,2025,35
SK0027,2023,81
SK0173,2022,23
SK0092,2021,68
SK0230,2024,38
SK0216,2023,66
SK0178,2026,49
SK0196,2025,15
SK0222,2025,79
SK0261,2021,44
SK0293,2026,27
SK0196,2023,52
SK0169,2024,71
SK0016,2023,30
SK0295,2025,76
SK0007,2023,34
SK0066,2024,99
SK0217,2021,59
SK0104,2026,85
SK0093,2025,61
SK0040,2023,94
SK0029,2024,27
SK0245,2022,14
SK0096,2022,57
SK0085,2026,93
SK0015,2021,25
SK0119,2023,70
SK0048,2025,62
SK0137,2022,14
SK0122,2024,94
SK0289,2025,37
SK0129,2026,23
SK0237,2021,71
SK0020,2023,98
SK0046,2026,56
SK0254,2024,16
SK0300,2023,56
SK0201,2024,87
SK0116,2021,57
SK0260,2026,61
SK0241,2022,76
SK0240,2023,11
SK0255,2024,20
SK0145,2025,29
SK0255,2022,32
SK0211,2022,65
SK0281,2026,66
SK0005,2024,12
SK0267,2022,38
SK0271,2022,23
SK0155,2024,75
SK0215,2023,33
SK0288,2024,46
SK0263,2021,30
SK0219,2026,27
SK0049,2022,15
SK0128,2024,46
SK0184,2022,71
SK0207,2021,54
SK0217,2026,96
SK0078,2025,76
SK0078,2021,94
SK0180,2021,98
SK0125,2026,97
SK0243,2022,14
SK0152,2025,24
SK0151,2021,71
SK0016,2021,44
SK0078,2025,75
SK0210,2024,15
SK0295,2022,51
SK0005,2022,96
SK0066,2022,44
SK0094,2026,75
SK0197,2021,94
SK0010,2023,70
SK0145,2021,74
SK0167,2023,59
SK0044,2026,96
SK0113,2024,32
SK0022,2024,86
SK0079,2022,41
SK0111,2021,65
SK0251,2022,31
SK0166,2026,88
SK0134,2023,89
SK0049,2022,40
SK0264,2025,78
SK0019,2024,51
SK0145,2021,82
SK0228,2023,86
SK0098,2025,78
SK0052,2022,11
SK0294,2023,46
SK0240,2023,67
SK0176,2025,26
SK0067,2025,77
SK0297,2021,58
SK0089,2024,15
SK0242,2024,58
SK0215,2022,46
SK0105,2022,19
SK0182,2022,48
SK0033,2022,21
SK0046,2026,47
SK0164,2025,80
SK0289,2023,28
SK0056,2024,34
SK0291,2024,14
SK0171,2023,25
SK0174,2026,85
SK0117,2022,81
SK0293,2026,76
SK0149,2024,56
SK0230,2024,38
SK0265,2026,63
SK0123,2024,58
SK0088,2025,88
SK0187,2022,48
SK0269,2024,34
SK0056,2023,60
SK0288,2021,58
SK0137,2026,55
SK0009,2022,50
SK0293,2025,14
SK0221,2025,49
SK0031,2026,42
SK0124,2025,56
SK0260,2026,81
SK0288,2025,42
SK0197,2025,84
SK0282,2025,62
SK0245,2025,30
SK0132,2024,62
SK0073,2024,20
SK0158,2026,83
SK0282,2021,92
SK0098,2022,45
SK0286,2022,92
SK0127,2024,80
SK0016,2022,63
SK0133,2022,75
SK0285,2022,34
SK0084,2024,10
SK0217,2025,62
SK0190,2026,82
SK0046,2026,97
SK0295,2025,42
SK0082,2024,23
SK0145,2025,61
SK0181,2025,60
SK0192,2021,12
SK0173,2022,94
SK0294,2022,79
SK0240,2024,62
SK0051,2024,57
SK0216,2026,48
SK0109,2025,20
SK0110,2023,87
SK0132,2022,55
SK0289,2022,60
SK0136,2026,71
SK0193,2021,66
SK0150,2023,27
SK0093,2026,12
SK0008,2026,29
SK0062,2022,18
SK0282,2024,17
SK0247,2024,46
SK0176,2023,61
SK0204,2021,41
SK0215,2023,99
SK0244,2026,72
SK0188,2026,65
SK0290,2026,96
SK0028,2026,92
SK0252,2026,63
SK0172,2022,90
SK0075,2025,55
SK0237,2024,60
SK0226,2023,18
SK0079,2023,86
SK0282,2026,50
SK0184,2026,66
SK0187,2025,48
SK0268,2024,42
SK0145,2022,27
SK0053,2021,23
SK0160,2026,19
SK0002,2024,28
SK0127,2026,52
SK0242,2022,82
SK0152,2022,84
SK0061,2025,80
SK0176,2026,45
SK0266,2024,14
SK0217,2023,52
SK0244,2023,45
SK0191,2023,57
SK0138,2024,95
SK0110,2022,20
SK0142,2023,50
SK0140,2021,37
SK0277,2023,24
SK0085,2023,54
SK0223,2025,31
SK0265,2022,89
SK0134,2025,48
SK0193,2024,44
SK0168,2022,84
SK0182,2021,82
SK0159,2021,67
SK0078,2023,32
SK0079,2023,45
SK0188,2021,96
SK0241,2023,16
SK0041,2026,88
SK0234,2022,58
SK0041,2025,93
SK0238,2021,41
SK0286,2022,68
SK0109,2026,34
SK0154,2026,78
SK0258,2025,76
SK0069,2023,14
SK0119,2021,44
SK0129,2021,67
SK0109,2023,71
SK0233,2024,46
SK0029,2021,44
SK0126,2026,43
SK0238,2026,19
SK0251,2023,88
SK0251,2021,71
SK0017,2024,77
SK0065,2023,40
SK0291,2023,56
SK0089,2022,23
SK0099,2021,42
SK0250,2023,51
SK0186,2024,99
SK0188,2023,37
SK0078,2021,92
SK0116,2022,62
SK0219,2026,65
SK0167,2024,50
SK0098,2021,30
SK0121,2026,23
SK0093,2023,36
SK0038,2023,82
SK0251,2025,35
SK0295,2022,55
SK0254,2022,92
SK0203,2025,23
SK0075,2025,98
SK0130,2022,30
SK0155,2023,26
SK0268,2024,36
SK0046,2023,81
SK0009,2023,89
SK0204,2026,16
SK0254,2021,35
SK0201,2023,73
SK0273,2025,73
SK0060,2023,81
SK0188,2023,35
SK0187,2023,42
SK0291,2024,97
SK0042,2025,70
SK0034,2025,53
SK0299,2025,34
SK0051,2024,88
SK0016,2025,21
SK0103,2024,38
SK0038,2023,77
SK0001,2022,78
SK0081,2023,38
SK0017,2024,17
SK0002,2024,92
SK0171,2022,10
SK0111,2024,47
SK0012,2022,24
SK0215,2025,24
SK0208,2025,12
SK0176,2021,42
SK0286,2024,79
SK0208,2021,23
SK0156,2021,19
SK0107,2024,42
SK0197,2023,77
SK0260,2026,94
SK0191,2026,64
SK0182,2025,31
SK0019,2024,23
SK0178,2025,77
SK0291,2025,49
SK0217,2022,46
SK0012,2021,41
SK0269,2021,17
SK0190,2023,99
SK0247,2026,64
SK0075,2026,54
SK0139,2026,91
SK0149,2024,56
SK0056,2023,35
SK0197,2026,98
SK0020,2024,52
SK0012,2024,19
SK0169,2025,19
SK0235,2023,40
SK0272,2026,89
SK0068,2024,66
SK0138,2025,16
SK0078,2024,19
SK0120,2022,31
SK0153,2024,65
SK0058,2026,13
SK0142,2024,68
SK0264,2023,92
SK0056,2022,52
SK0287,2023,98
SK0077,2026,22
SK0171,2025,91
SK0218,2023,41
SK0219,2024,92
SK0036,2025,17
SK0291,2024,97
SK0101,2021,58
SK0083,2022,83
SK0111,2025,81
SK0008,2022,72
SK0292,2025,79
SK0277,2021,49
SK0131,2023,58
SK0089,2023,15
SK0072,2026,23
SK0298,2026,45
SK0177,2022,96
SK0200,2022,94
SK0160,2021,17
SK0279,2021,75
SK0050,2022,16
SK0210,2026,33
SK0026,2024,41
SK0046,2022,92
SK0219,2024,29
SK0233,2023,78
SK0037,2022,42
SK0211,2024,39
SK0276,2022,84
SK0262,2023,72
SK0127,2022,73
SK0123,2024,48
SK0007,2024,85
SK0278,2024,25
SK0150,2023,72
SK0033,2021,69
SK0194,2024,20
SK0278,2025,14
SK0263,2026,36
SK0296,2021,92
SK0097,2025,38
SK0063,2022,46
SK0201,2026,13
SK0030,2024,59
SK0079,2023,63
SK0198,2022,72
SK0124,2025,44
SK0246,2022,21
SK0128,2025,27
SK0090,2021,13
SK0228,2026,11
SK0140,2022,90
SK0188,2021,99
SK0078,2022,18
SK0137,2025,86
SK0060,2025,59
SK0010,2022,61
SK0143,2024,43
SK0217,2023,20
SK0278,2023,74
SK0228,2023,20
SK0080,2021,77
SK0259,2025,30
SK0143,2021,34
SK0219,2024,31
SK0183,2021,16
SK0057,2022,91
SK0083,2022,60
SK0250,2024,57
SK0010,2024,59
SK0053,2026,77
SK0038,2023,13
SK0081,2026,28
SK0165,2021,85
SK0079,2024,27
SK0091,2024,73
SK0095,2022,65
SK0152,2021,13
SK0218,2023,93
SK0028,2021,56
SK0032,2026,14
SK0150,2022,15
SK0042,2021,56
SK0267,2022,64
SK0181,2021,91
SK0179,2023,48
SK0074,2023,38
SK0149,2026,46
SK0280,2025,10
SK0088,2023,67
SK0161,2021,30
SK0257,2026,16
SK0133,2024,90
SK0075,2021,96
SK0044,2024,42
SK0045,2025,24
SK0257,2023,51
SK0204,2023,59
SK0124,2023,21
SK0172,2021,91
SK0283,2024,56
SK0212,2021,60
SK0300,2025,24
SK0126,2025,14
SK0002,2024,45
SK0094,2023,40
SK0298,2023,53
SK0254,2026,23
SK0004,2022,64
SK0297,2021,80
SK0121,2023,92
SK0056,2026,26
SK0128,2026,30
SK0166,2025,76
SK0002,2022,94
SK0102,2025,67
SK0035,2025,36
SK0144,2026,68
SK0207,2022,52
SK0237,2026,66
SK0003,2025,62
SK0118,2025,46
SK0112,2025,37
SK0004,2024,30
SK0267,2025,11
SK0077,2022,73
SK0014,2021,27
SK0236,2025,43
SK0252,2024,98
SK0047,2023,41
SK0212,2026,39
SK0299,2024,15
SK0286,2025,85
SK0018,2025,34
SK0152,2021,94
SK0204,2026,97
SK0164,2025,29
SK0089,2022,53
SK0066,2023,92
SK0230,2024,42
SK0196,2025,86
SK0153,2024,23
SK0103,2022,46
SK0139,2026,52
SK0020,2023,25
SK0216,2025,78
SK0155,2026,52
SK0016,2023,39
SK0298,2023,99
SK0291,2024,34
SK0006,2025,87
SK0167,2022,41
SK0241,2022,20
SK0156,2023,55
SK0059,2025,67
SK0169,2025,50
SK0079,2023,87
SK0013,2025,39
SK0210,2022,25
SK0098,2026,46
SK0194,2025,61
SK0294,2024,19
SK0206,2021,28
SK0110,2023,57
SK0245,2022,93
SK0268,2023,37
SK0220,2023,39
SK0244,2024,32
SK0040,2021,80
SK0155,2021,25
SK0195,2022,49
SK0198,2022,63
SK0071,2022,86
SK0264,2025,55
SK0289,2023,51
SK0121,2024,74
SK0102,2025,14
SK0015,2026,65
SK0235,2021,21
SK0269,2022,40
SK0220,2025,67
SK0263,2024,41
SK0038,2021,91
SK0031,2026,20
SK0132,2023,74
SK0190,2025,17
SK0235,2024,52
SK0202,2022,78
SK0010,2024,56
SK0295,2023,12
SK0067,2025,27
SK0153,2025,44
SK0230,2023,85
SK0200,2025,11
SK0132,2022,73
SK0056,2025,19
SK0164,2021,23
SK0036,2022,47
SK0188,2022,26
SK0240,2024,21
SK0243,2022,84
SK0222,2024,25
SK0141,2022,52
SK0263,2022,71
SK0203,2021,38
SK0143,2021,42
SK0017,2022,89
SK0004,2021,63
SK0065,2021,43
SK0100,2024,55
SK0070,2022,80
SK0056,2024,98
SK0057,2026,55
SK0154,2021,78
SK0031,2025,92
SK0282,2021,52
SK0032,2026,17
SK0066,2026,40
SK0286,2026,58
SK0229,2021,92
SK0016,2026,20
SK0151,2024,50
SK0170,2023,50
SK0289,2026,99
SK0055,2026,57
SK0290,2026,73
SK0296,2021,28
SK0240,2026,18
SK0148,2023,31
SK0002,2022,73
SK0237,2023,67
SK0111,2026,30
SK0214,2022,34
SK0140,2026,92
SK0144,2026,31
SK0053,2021,86
SK0186,2023,44
SK0080,2023,76
SK0221,2025,86
SK0014,2022,57
SK0175,2022,70
SK0280,2021,38
SK0111,2024,82
SK0166,2021,12
SK0234,2021,28
SK0171,2025,45
SK0114,2021,52
SK0197,2025,41
SK0189,2024,33
SK0018,2026,36
SK0164,2024,17
SK0221,2025,60
SK0117,2026,59
SK0247,2023,79
SK0140,2021,31
SK0220,2023,47
SK0139,2023,47
SK0018,2021,38
SK0111,2025,23
SK0228,2025,94
SK0161,2023,30
SK0056,2022,40
SK0226,2021,16
SK0282,2022,56
SK0171,2024,77
SK0073,2025,56
SK0228,2022,49
SK0216,2023,58
SK0200,2025,31
SK0234,2024,92
SK0104,2022,25
SK0262,2022,45
SK0180,2021,28
SK0151,2024,23
SK0016,2025,51
SK0030,2025,57
SK0113,2023,22
SK0011,2025,86
SK0109,2024,77
SK0167,2023,60
SK0221,2025,97
SK0045,2024,30
SK0154,2024,57
SK0047,2025,68
SK0116,2026,37
SK0246,2024,55
SK0294,2023,81
SK0182,2023,42
SK0118,2025,13
SK0043,2023,53
SK0057,2023,70
SK0001,2022,92
SK0178,2025,23
SK0124,2023,90
SK0189,2023,14
SK0110,2024,30
SK0051,2022,96
SK0186,2026,13
SK0255,2021,92
SK0220,2026,66
SK0076,2023,21
SK0186,2025,33
SK0149,2022,96
SK0125,2026,77
SK0269,2022,63
SK0029,2025,71
SK0003,2022,38
SK0111,2026,89
SK0267,2021,66
SK0039,2023,45
SK0015,2022,20
SK0055,2024,80
SK0191,2025,38
SK0170,2023,44
SK0195,2021,80
SK0080,2026,81
SK0235,2022,81
SK0116,2022,33
SK0222,2022,99
SK0236,2022,29
SK0210,2022,71
SK0014,2025,50
SK0070,2023,30
SK0048,2026,17
SK0174,2025,39
SK0129,2026,30
SK0078,2021,64
SK0049,2023,53
SK0191,2026,25
SK0153,2021,41
SK0207,2021,23
SK0185,2024,81
SK0206,2022,79
SK0086,2025,58
SK0019,2025,32
SK0016,2021,83
SK0286,2022,55
SK0053,2022,85
SK0028,2022,65
SK0011,2021,81
SK0120,2025,65
SK0013,2025,89
SK0048,2025,70
SK0004,2021,22
SK0090,2026,72
SK0026,2023,33
SK0147,2024,94
SK0182,2024,70
SK0179,2026,44
SK0243,2021,98
SK0211,2021,60
SK0201,2023,30
SK0176,2021,64
SK0299,2024,91
SK0116,2026,55
SK0176,2023,20
SK0008,2023,85
SK0152,2026,35
SK0141,2024,11
SK0292,2024,15
SK0256,2023,37
SK0091,2026,92
SK0063,2023,42
SK0150,2021,20
SK0137,2021,87
SK0038,2023,67
SK0036,2025,76
SK0127,2021,29
SK0212,2021,96
SK0174,2024,88
SK0156,2022,16
SK0162,2024,44
SK0048,2024,78
SK0200,2026,69
SK0123,2023,42
SK0008,2026,74
SK0274,2023,54
SK0226,2025,21
SK0197,2022,87
SK0111,2025,59
SK0114,2023,90
SK0193,2024,35
SK0238,2026,34
SK0168,2024,45
SK0045,2026,67
SK0138,2022,83
SK0047,2022,64
SK0107,2026,80
SK0184,2025,72
SK0029,2023,89
SK0147,2025,39
SK0030,2026,38
SK0260,2022,48
SK0241,2025,49
SK0038,2021,16
SK0042,2026,17
SK0165,2024,23
SK0038,2023,47
SK0064,2021,39
SK0006,2021,15
SK0004,2023,80
SK0048,2024,44
SK0227,2025,42
SK0113,2021,34
SK0196,2021,30
SK0134,2024,80
SK0031,2023,28
SK0105,2024,61
SK0168,2021,83
SK0106,2026,12
SK0256,2024,79
SK0015,2024,43
SK0079,2026,82
SK0170,2024,57
SK0012,2024,44
SK0114,2025,53
SK0139,2021,29
SK0196,2026,77
SK0157,2023,70
SK0105,2024,61
SK0207,2026,33
SK0067,2022,52
SK0249,2022,55
SK0167,2026,40
SK0173,2025,91
SK0278,2021,25
SK0053,2025,51
SK0243,2021,52
SK0025,2021,40
SK0008,2023,69
SK0207,2022,74
SK0208,2025,69
SK0224,2022,30
SK0174,2025,69
SK0088,2025,83
SK0163,2024,74
SK0044,2023,47
SK0083,2021,53
SK0266,2023,44
SK0083,2022,84
SK0146,2022,33
SK0296,2022,67
SK0006,2024,37
SK0076,2021,39
SK0293,2026,47
SK0044,2023,26
SK0249,2026,61
SK0008,2023,86
SK0071,2023,42
SK0247,2023,35
SK0106,2024,10
SK0055,2021,53
SK0182,2022,24
SK0233,2021,53
SK0135,2025,27
SK0294,2023,61
SK0166,2024,25
SK0039,2022,45
SK0217,2025,92
SK0056,2021,55
SK0015,2023,33
SK0046,2026,29
SK0110,2025,78
SK0226,2025,26
SK0165,2026,36
SK0180,2021,48
SK0158,2025,27
SK0152,2025,56
SK0012,2022,68
SK0072,2021,99
SK0257,2025,62
SK0270,2023,11
SK0137,2024,97
SK0202,2024,47
SK0297,2026,63
SK0011,2025,60
SK0022,2021,55
SK0084,2023,18
SK0200,2026,90
SK0140,2022,95
SK0287,2025,91
SK0155,2025,57
SK0038,2022,20
SK0110,2021,24
SK0115,2025,78
SK0228,2025,51
SK0107,2023,56
SK0118,2026,75
SK0258,2024,15
SK0190,2024,54
SK0007,2026,43
SK0149,2021,73
SK0202,2021,55
SK0232,2024,49
SK0046,2023,36
SK0163,2025,22
SK0240,2026,41
SK0274,2025,79
SK0156,2025,10
SK0281,2026,58
SK0024,2023,81
SK0229,2023,56
SK0229,2024,29
SK0028,2022,75
SK0126,2026,10
SK0259,2024,69
SK0222,2021,59
SK0073,2024,24
SK0176,2021,71
SK0288,2022,31
SK0068,2026,45
SK0077,2022,21
SK0294,2023,38
SK0124,2023,72
SK0145,2025,95
SK0034,2021,71
SK0083,2021,83
SK0218,2024,16
SK0055,2026,43
SK0269,2021,94
SK0246,2025,79
SK0149,2022,65
SK0255,2025,18
SK0003,2022,68
SK0093,2022,95
SK0070,2026,77
SK0071,2026,64
SK0019,2025,78
SK0271,2024,32
SK0297,2024,14
SK0180,2025,98
SK0006,2024,11
SK0173,2024,97
SK0085,2022,31
SK0191,2025,75
SK0031,2025,25
SK0173,2021,99
SK0001,2023,78
SK0020,2023,18
SK0200,2023,81
SK0066,2024,68
SK0063,2023,71
SK0246,2024,99
SK0116,2022,46
SK0217,2025,79
SK0204,2025,29
SK0132,2023,35
SK0091,2026,38
SK0021,2026,85
SK0029,2021,65
SK0098,2021,76
SK0081,2026,55
SK0160,2025,46
SK0063,2021,18
SK0180,2021,38
SK0072,2022,31
SK0075,2025,21
SK0171,2021,99
SK0062,2025,63
SK0089,2023,11
SK0205,2022,15
SK0239,2026,48
SK0120,2022,76
SK0268,2022,19
SK0002,2024,16
SK0141,2023,95
SK0182,2023,69
SK0277,2021,98
SK0232,2024,42
SK0035,2025,94
SK0219,2022,27
SK0227,2025,94
SK0232,2024,84
SK0205,2021,22
SK0209,2022,14
SK0255,2026,23
SK0134,2022,14
SK0106,2023,54
SK0221,2021,56
SK0209,2023,55
SK0121,2022,18
SK0002,2023,26
SK0252,2023,79
SK0155,2021,79
SK0043,2022,45
SK0156,2022,84
SK0136,2026,76
SK0250,2022,49
SK0267,2025,85
SK0244,2025,29
SK0124,2025,58
SK0075,2024,98
SK0113,2025,49
SK0134,2025,33
SK0165,2022,52
SK0297,2022,45
SK0255,2023,69
SK0094,2023,73
SK0106,2026,30
SK0225,2026,66
SK0010,2024,83
SK0087,2024,82
SK0067,2025,31
SK0183,2026,81
SK0065,2023,63
SK0039,2021,14
SK0252,2022,63
SK0037,2024,13
SK0007,2021,64
SK0155,2021,80
SK0281,2023,71
SK0029,2025,96
SK0121,2026,95
SK0226,2021,74
SK0024,2021,30
SK0113,2024,60
SK0261,2026,19
SK0020,2025,13
SK0238,2024,82
SK0078,2024,60
SK0056,2025,87
SK0099,2023,28
SK0287,2022,57
SK0272,2023,35
SK0124,2024,82
SK0026,2025,11
SK0224,2025,67
SK0208,2024,44
SK0037,2026,60
SK0239,2025,43
SK0212,2026,29
SK0247,2024,75
SK0174,2026,24
SK0080,2022,17
SK0178,2024,52
SK0287,2026,21
SK0153,2023,35
SK0248,2023,30
SK0067,2021,79
SK0215,2025,69
SK0133,2024,10
SK0067,2022,17
SK0277,2025,99
SK0237,2022,33
SK0269,2024,24
SK0244,2025,89
SK0029,2024,30
SK0184,2023,20
SK0218,2021,20
SK0055,2022,30
SK0064,2025,10
SK0261,2024,67
SK0282,2025,43
SK0010,2021,53
SK0111,2024,19
SK0213,2023,54
SK0264,2024,61
SK0104,2025,33
SK0203,2023,23
SK0083,2021,77
SK0137,2025,93
SK0073,2023,31
SK0135,2024,10
SK0295,2022,19
SK0284,2023,33
SK0067,2026,73
SK0063,2021,45
SK0117,2021,44
SK0189,2025,47
SK0092,2021,80
SK0053,2023,30
SK0261,2025,73
SK0082,2024,90
SK0023,2023,87
SK0153,2024,31
SK0120,2021,85
SK0183,2021,89
SK0278,2026,94
SK0077,2026,65
SK0248,2026,46
SK0278,2023,86
SK0102,2024,91
SK0221,2023,73
SK0196,2023,25
SK0256,2025,80
SK0116,2021,21
SK0242,2022,43
SK0075,2025,37
SK0218,2023,95
SK0233,2026,21
SK0001,2024,18
SK0147,2022,88
SK0137,2023,63
SK0127,2025,27
SK0220,2024,29
SK0018,2025,41
SK0057,2022,11
SK0227,2022,63
SK0060,2021,65
SK0279,2025,98
SK0292,2022,33
SK0010,2022,49
SK0148,2024,63
SK0270,2023,35
SK0256,2022,74
SK0196,2026,85
SK0046,2022,61
SK0283,2024,40
SK0042,2024,98
SK0090,2025,17
SK0200,2022,47
SK0210,2023,14
SK0188,2023,91
SK0252,2023,97
SK0198,2023,34
SK0009,2021,49
SK0176,2025,10
SK0052,2022,34
SK0110,2022,99
SK0125,2025,46
SK0221,2021,69
SK0081,2022,49
SK0118,2023,56
SK0109,2026,56
SK0231,2026,86
SK0199,2021,53
SK0216,2021,14
SK0057,2024,17
SK0094,2026,70
SK0256,2021,15
SK0054,2022,26
SK0243,2025,14
SK0255,2025,59
SK0079,2022,64
SK0176,2021,43
SK0297,2021,42
SK0209,2021,58
SK0193,2022,47
SK0141,2026,62
SK0216,2025,49
SK0089,2026,89
SK0025,2022,83
SK0184,2021,60
SK0179,2025,11
SK0117,2021,72
SK0286,2024,74
SK0058,2022,29
SK0133,2024,32
SK0024,2024,46
SK0057,2026,27
SK0112,2023,46
SK0119,2021,53
SK0185,2023,33
SK0077,2025,38
SK0214,2023,32
SK0138,2022,17
SK0198,2025,37
SK0114,2024,27
SK0122,2025,62
SK0229,2021,79
SK0034,2022,52
SK0216,2024,39
SK0293,2022,36
SK0052,2025,57
SK0021,2023,61
SK0288,2024,33
SK0080,2024,54
SK0068,2026,35
SK0032,2025,87
SK0266,2025,79
SK0082,2024,14
SK0042,2023,60
SK0165,2022,18
SK0063,2026,67
SK0018,2024,80
SK0031,2024,55
SK0053,2021,86
SK0252,2022,53
SK0132,2025,22
SK0177,2021,17
SK0092,2026,75
SK0046,2025,55
SK0270,2026,57
SK0049,2021,53
SK0060,2023,43
SK0004,2026,54
SK0058,2026,78
SK0206,2023,82
SK0205,2021,16
SK0139,2022,23
SK0007,2022,89
SK0108,2022,24
SK0160,2026,65
SK0162,2021,40
SK0270,2021,37
SK0076,2023,41
SK0248,2023,98
SK0277,2024,31
SK0177,2024,70
SK0012,2023,69
SK0013,2026,54
SK0007,2023,48
SK0211,2021,21
SK0089,2024,74
SK0156,2024,34
SK0275,2024,88
SK0259,2024,19
SK0003,2021,59
SK0280,2022,87
SK0057,2025,56
SK0214,2024,18
SK0256,2023,50
SK0175,2024,68
SK0244,2024,93
SK0179,2026,17
SK0293,2026,10
SK0224,2024,63
SK0078,2024,80
SK0288,2025,94
SK0106,2026,34
SK0179,2022,58
SK0179,2024,72
SK0004,2021,68
SK0128,2023,39
SK0283,2023,14
SK0171,2021,26
SK0216,2023,46
SK0238,2021,21
SK0187,2022,60
SK0119,2021,15
SK0275,2022,30
SK0025,2022,21
SK0237,2025,41
SK0101,2023,63
SK0126,2023,80
SK0148,2023,82
SK0002,2022,57
SK0100,2026,63
SK0054,2021,35
SK0229,2026,83
SK0254,2023,53
SK0170,2022,37
SK0230,2023,38
SK0076,2024,72
SK0262,2026,69
SK0083,2024,81
SK0229,2026,92
SK0272,2025,36
SK0288,2023,69
SK0216,2021,42
SK0144,2024,52
SK0006,2024,21
SK0272,2024,48
SK0203,2022,58
SK0291,2023,50
SK0002,2024,33
SK0024,2024,67
SK0231,2023,71
SK0179,2025,91
SK0001,2021,89
SK0036,2022,54
SK0068,2023,37
SK0121,2025,64
SK0185,2025,96
SK0044,2024,60
SK0220,2026,86
SK0300,2022,59
SK0112,2026,66
SK0086,2022,36
SK0038,2021,77
SK0163,2023,20
SK0006,2022,55
SK0241,2025,97
SK0120,2021,82
SK0039,2023,11
SK0288,2022,43
SK0134,2022,73
SK0118,2024,30
SK0195,2021,66
SK0237,2024,72
SK0127,2023,49
SK0253,2025,35
SK0086,2025,72
SK0034,2026,11
SK0198,2025,19
SK0145,2023,75
SK0202,2024,10
SK0296,2025,21
SK0208,2024,89
SK0252,2022,18
SK0267,2023,18
SK0009,2023,43
SK0233,2025,60
SK0107,2021,26
SK0218,2026,59
SK0164,2022,88
SK0213,2021,94
SK0110,2023,77
SK0101,2025,75
SK0157,2025,10
SK0252,2021,58
SK0218,2025,44
SK0125,2022,98
SK0245,2024,90
SK0088,2023,91
SK0015,2022,43
SK0284,2025,12
SK0165,2022,94
SK0142,2022,59
SK0234,2021,28
SK0058,2021,20
SK0019,2026,19
SK0075,2024,31
SK0063,2021,45
SK0009,2022,91
SK0300,2022,86
SK0094,2023,91
SK0020,2024,73
SK0043,2024,56
SK0199,2025,48
SK0072,2025,75
SK0181,2022,23
SK0181,2025,23
SK0050,2022,88
SK0120,2025,49
SK0034,2022,21
SK0277,2022,87
SK0297,2024,49
SK0232,2026,88
SK0084,2023,59
SK0183,2023,23
SK0152,2024,81
SK0244,2025,55
SK0069,2021,44
SK0018,2024,47
SK0220,2021,30
SK0277,2025,18
SK0218,2024,46
SK0109,2024,70
SK0282,2024,55
SK0037,2023,86
SK0113,2023,20
SK0234,2026,98
SK0226,2026,49
SK0018,2021,14
SK0229,2024,77
SK0300,2021,82
SK0107,2025,12
SK0294,2021,96
SK0220,2023,37
SK0237,2022,74
SK0112,2021,10
SK0226,2022,83
SK0045,2024,49
SK0270,2023,86
SK0286,2021,82
SK0222,2025,57
SK0293,2025,74
SK0139,2021,28
SK0097,2024,30
SK0026,2021,73
SK0285,2025,10
SK0213,2021,98
SK0114,2024,63
SK0280,2021,34
SK0250,2022,67
SK0125,2023,26
SK0149,2024,72
SK0060,2025,61
SK0261,2021,48
SK0281,2021,35
SK0187,2026,44
SK0235,2021,82
SK0014,2026,77
SK0153,2021,90
SK0049,2021,94
SK0116,2024,73
SK0036,2024,15
SK0012,2023,93
SK0110,2022,26
SK0132,2026,85
SK0105,2021,42
SK0126,2023,92
SK0267,2023,27
SK0288,2021,24
SK0065,2024,61
SK0092,2021,46
SK0059,2021,35
SK0092,2021,81
SK0164,2024,74
SK0119,2023,31
SK0079,2021,22
SK0061,2024,33
SK0075,2021,12
SK0176,2025,69
SK0240,2026,73
SK0286,2025,10
SK0063,2026,25
SK0044,2022,47
SK0181,2026,70
SK0180,2021,99
SK0036,2025,61
SK0176,2021,19
SK0263,2025,57
SK0002,2022,97
SK0025,2023,51
SK0232,2024,63
SK0267,2024,57
SK0076,2024,10
SK0063,2025,90
SK0273,2021,33
SK0105,2026,68
SK0053,2021,60
SK0282,2025,63
SK0220,2021,82
SK0297,2024,89
SK0122,2023,76
SK0254,2025,15
SK0026,2022,91
SK0189,2025,61
SK0029,2023,81
SK0114,2021,83
SK0113,2025,44
SK0289,2022,52
SK0028,2023,56
SK0076,2022,85
SK0281,2025,30
SK0169,2024,71
SK0299,2021,84
SK0058,2026,48
SK0294,2023,46
SK0282,2024,84
SK0262,2025,70
SK0258,2022,66
SK0144,2025,72
SK0269,2021,64
SK0014,2026,12
SK0223,2025,74
SK0135,2021,62
SK0117,2023,99
SK0050,2023,24
SK0066,2022,57
SK0160,2025,91
SK0063,2023,58
SK0120,2021,58
SK0172,2021,46
SK0168,2026,71
SK0225,2023,98
SK0029,2022,31
SK0260,2024,79
SK0073,2022,64
SK0027,2024,15
SK0077,2023,82
SK0173,2024,80
SK0075,2021,76
SK0059,2024,67
SK0152,2025,46
SK0140,2024,66
SK0264,2025,90
SK0129,2026,98
SK0017,2024,26
SK0038,2024,10
SK0180,2026,91
SK0224,2026,70
SK0152,2026,47
SK0289,2021,61
SK0195,2021,28
SK0283,2024,43
SK0183,2024,17
SK0249,2021,68
SK0245,2026,46
SK0278,2023,68
SK0018,2021,62
SK0082,2024,44
SK0227,2025,42
SK0032,2021,71
SK0244,2024,75
SK0296,2024,37
SK0296,2025,27
SK0024,2024,66
SK0191,2022,63
SK0057,2024,90
SK0238,2025,43
SK0011,2025,11
SK0003,2026,54
SK0086,2023,36
SK0080,2026,38
SK0084,2024,85
SK0268,2025,98
SK0013,2024,52
SK0167,2024,86
SK0010,2021,60
SK0027,2023,85
SK0298,2024,54
SK0135,2022,25
SK0253,2026,64
SK0089,2024,52
SK0114,2023,60
SK0295,2023,78
SK0102,2023,49
SK0227,2026,17
SK0076,2025,19
SK0122,2023,89
SK0125,2026,47
SK0283,2023,61
SK0078,2024,53
SK0053,2022,53
SK0101,2024,27
SK0262,2026,56
SK0093,2026,35
SK0137,2025,92
SK0199,2024,80
SK0176,2021,33
SK0162,2026,84
SK0083,2022,48
SK0093,2023,92
SK0238,2024,20
SK0188,2026,45
SK0078,2025,42
SK0246,2026,29
SK0060,2026,35
SK0143,2025,72
SK0233,2021,62
SK0007,2021,84
SK0102,2024,66
SK0172,2023,56
SK0026,2022,91
SK0120,2022,38
SK0159,2024,28
SK0258,2024,96
SK0173,2026,92
SK0295,2025,16
SK0049,2025,79
SK0034,2024,36
SK0169,2024,43
SK0299,2021,53
SK0299,2022,51
SK0159,2026,67
SK0142,2025,83
SK0215,2021,41
SK0138,2025,88
SK0144,2021,40
SK0150,2025,43
SK0248,2024,82
SK0087,2025,91
SK0092,2024,60
SK0161,2022,72
SK0263,2023,96
SK0134,2022,73
SK0211,2023,50
SK0266,2021,73
SK0282,2026,36
SK0232,2024,15
SK0280,2021,34
SK0092,2025,65
SK0275,2022,12
SK0162,2026,72
SK0034,2022,54
SK0240,2026,36
SK0228,2022,27
SK0081,2021,15
SK0119,2025,31
SK0004,2025,74
SK0104,2024,99
SK0012,2023,35
SK0049,2022,18
SK0048,2023,62
SK0183,2023,50
SK0040,2021,66
SK0091,2026,79
SK0125,2022,12
SK0039,2023,21
SK0054,2025,80
SK0022,2022,86
SK0150,2021,51
SK0291,2023,12
SK0110,2021,85
SK0049,2025,83
SK0195,2024,83
SK0175,2025,46
SK0164,2024,93
SK0224,2021,93
SK0163,2024,69
SK0012,2026,55
SK0013,2022,11
SK0021,2023,11
SK0224,2026,94
SK0192,2024,61
SK0092,2025,41
SK0081,2024,90
SK0118,2024,92
SK0022,2024,37
SK0133,2021,64
SK0051,2025,38
SK0066,2021,44
SK0189,2024,35
SK0175,2021,59
SK0279,2022,87
SK0075,2025,46
SK0269,2022,30
SK0234,2021,23
SK0119,2022,23
SK0131,2026,17
SK0031,2026,15
SK0219,2026,53
SK0276,2022,67
SK0127,2023,20
SK0256,2025,81
SK0015,2025,41
SK0041,2023,62
SK0039,2025,33
SK0267,2024,34
SK0074,2025,11
SK0226,2025,64
SK0155,2022,40
SK0280,2021,22
SK0012,2024,54
SK0177,2022,77
SK0264,2024,89
SK0256,2022,54
SK0204,2022,51
SK0050,2025,68
SK0253,2025,38
SK0285,2024,85
SK0082,2021,98
SK0143,2025,39
SK0251,2025,90
SK0029,2021,82
SK0123,2021,78
SK0245,2024,91
SK0195,2026,60
SK0299,2025,28
SK0268,2025,48
SK0121,2023,87
SK0262,2023,57
SK0181,2024,77
SK0089,2024,93
SK0202,2024,73
SK0086,2024,38
SK0035,2026,80
SK0204,2025,25
SK0143,2026,90
SK0138,2026,81
SK0116,2026,12
SK0112,2024,58
SK0105,2025,69
SK0263,2021,30
SK0275,2026,24
SK0218,2021,75
SK0128,2022,51
SK0105,2021,67
SK0012,2023,72
SK0186,2021,57
SK0181,2021,58
SK0220,2026,48
SK0124,2025,88
SK0266,2024,63
SK0165,2024,48
SK0060,2024,55
SK0011,2025,93
SK0085,2024,30
SK0042,2025,34
SK0012,2025,93
SK0113,2025,39
SK0112,2022,65
SK0165,2021,60
SK0030,2023,74
SK0051,2022,47
SK0208,2022,10
SK0129,2024,95
SK0044,2026,65
SK0129,2024,38
SK0071,2026,40
SK0253,2021,16
SK0043,2024,59
SK0001,2024,39
SK0217,2023,83
SK0007,2023,47
SK0265,2025,79
SK0155,2025,63
SK0231,2026,65
SK0235,2026,25
SK0117,2026,53
SK0116,2025,48
SK0026,2022,95
SK0145,2024,77
SK0072,2025,68
SK0215,2023,78
SK0219,2023,74
SK0200,2021,31
SK0133,2022,77
SK0060,2022,47
SK0028,2022,16
SK0179,2026,95
SK0059,2025,84
SK0219,2023,15
SK0212,2023,98
SK0226,2021,28
SK0082,2026,22
SK0207,2026,87
SK0132,2024,18
SK0233,2021,15
SK0022,2025,97
SK0093,2022,65
SK0240,2023,29
SK0046,2024,58
SK0175,2026,76
SK0044,2021,89
SK0262,2023,48
SK0297,2022,54
SK0161,2021,36
SK0085,2023,85
SK0073,2026,31
SK0174,2022,75
SK0125,2022,34
SK0090,2022,74
SK0300,2023,84
SK0139,2025,39
SK0043,2021,47
SK0159,2021,71
SK0259,2024,71
SK0232,2021,17
SK0275,2025,27
SK0267,2022,40
SK0142,2026,11
SK0172,2022,43
SK0245,2026,88
SK0037,2022,10
SK0062,2021,12
SK0191,2023,94
SK0191,2024,60
SK0073,2022,66
SK0124,2021,17
SK0173,2021,65
SK0089,2026,40
SK0166,2025,75
SK0300,2026,13
SK0020,2021,67
SK0178,2025,14
SK0147,2025,99
SK0268,2025,66
SK0214,2026,35
SK0153,2023,51
SK0203,2022,83
SK0020,2023,62
SK0114,2021,14
SK0178,2021,80
SK0141,2025,70
SK0152,2024,22
SK0157,2021,53
SK0261,2023,17
SK0049,2023,35
SK0211,2024,36
SK0264,2026,60
SK0243,2025,15
SK0029,2022,42
SK0054,2021,48
SK0027,2025,16
SK0248,2024,19
SK0151,2022,32
SK0027,2023,42
SK0036,2025,29
SK0178,2026,23
SK0162,2022,96
SK0108,2021,68
SK0210,2026,58
SK0085,2025,49
SK0201,2022,94
SK0160,2021,99
SK0135,2021,42
SK0257,2022,25
SK0237,2025,37
SK0060,2026,85
SK0278,2026,55
SK0139,2023,27
SK0117,2022,50
SK0180,2026,46
SK0219,2021,90
SK0100,2023,17
SK0225,2024,79
SK0220,2023,58
SK0065,2023,92
SK0230,2024,39
SK0209,2023,74
SK0178,2026,93
SK0093,2023,69
SK0026,2026,41
SK0299,2021,83
SK0279,2024,62
SK0170,2026,38
SK0300,2022,49
SK0143,2025,64
SK0123,2021,12
SK0142,2024,93
SK0053,2022,37
SK0165,2021,76
SK0003,2026,74
SK0071,2025,23
SK0014,2021,42
SK0272,2023,34
SK0147,2021,41
SK0175,2021,26
SK0287,2022,88
SK0003,2026,83
SK0152,2021,68
SK0045,2025,32
SK0187,2021,40
SK0011,2026,55
SK0051,2022,73
SK0176,2021,57
SK0211,2025,13
SK0084,2022,58
SK0260,2024,80
SK0212,2021,90
SK0260,2022,73
SK0229,2026,85
SK0037,2022,21
SK0125,2021,95
SK0128,2024,58
SK0035,2024,82
SK0078,2024,22
SK0276,2024,72
SK0198,2021,27
SK0010,2022,42
SK0274,2025,71
SK0118,2021,68
SK0068,2025,77
SK0124,2022,88
SK0017,2023,83
SK0216,2025,10
SK0230,2023,56
SK0081,2023,10
SK0222,2021,97
SK0055,2024,11
SK0053,2026,82
SK0186,2021,49
SK0184,2023,85
SK0155,2024,98
SK0219,2023,43
SK0203,2025,45
SK0071,2022,81
SK0230,2025,61
SK0183,2026,35
SK0107,2023,43
SK0272,2025,95
SK0020,2026,42
SK0243,2025,47
SK0132,2026,59
SK0143,2026,18
SK0300,2023,73
SK0025,2021,88
SK0086,2026,73
SK0294,2023,67
SK0283,2023,27
SK0158,2022,28
SK0265,2024,95
SK0194,2025,56
SK0067,2022,46
SK0006,2023,35
SK0018,2026,71
SK0100,2024,62
SK0191,2025,17
SK0022,2021,56
SK0220,2025,33
SK0115,2026,22
SK0104,2022,16
SK0190,2023,69
SK0009,2026,26
SK0212,2023,50
SK0080,2026,72
SK0001,2022,76
SK0124,2026,31
SK0165,2021,69
SK0168,2021,15
SK0189,2023,19
SK0284,2022,52
SK0078,2024,56
SK0286,2022,68
SK0004,2021,95
SK0063,2024,32
SK0178,2021,39
SK0169,2026,43
SK0186,2026,87
SK0143,2022,94
SK0098,2026,82
SK0231,2025,94
SK0201,2024,73
SK0153,2021,68
SK0214,2024,68
SK0005,2023,96
SK0093,2024,65
SK0268,2024,56
SK0170,2025,49
SK0142,2025,70
SK0017,2025,21
SK0009,2021,32
SK0288,2026,44
SK0169,2021,40
SK0297,2025,80
SK0135,2026,54
SK0089,2024,61
SK0070,2022,28
SK0158,2025,31
SK0258,2021,57
SK0085,2022,80
SK0195,2024,21
SK0136,2025,56
SK0269,2023,38
SK0006,2021,24
SK0265,2024,20
SK0081,2025,42
SK0253,2026,10
SK0011,2024,69
SK0252,2025,66
SK0128,2023,74
SK0089,2023,34
SK0008,2025,47
SK0069,2024,59
SK0043,2022,73
SK0169,2025,79
SK0244,2022,66
SK0062,2026,44
SK0155,2023,35
SK0284,2022,41
SK0047,2025,64
SK0169,2025,46
SK0254,2021,74
SK0109,2026,11
SK0042,2024,86
SK0047,2024,80
SK0244,2021,72
SK0072,2023,20
SK0204,2024,89
SK0082,2022,38
SK0288,2026,88
SK0220,2025,28
SK0246,2025,69
SK0269,2021,49
SK0072,2025,20
SK0093,2021,86
SK0171,2024,80
SK0037,2025,72
SK0160,2022,47
SK0281,2024,76
SK0140,2023,57
SK0183,2024,28
SK0175,2022,43
SK0261,2026,46
SK0088,2023,96
SK0035,2021,43
SK0189,2025,69
SK0045,2024,16
SK0173,2023,46
SK0248,2022,87
SK0139,2021,26
SK0166,2021,34
SK0203,2021,47
SK0262,2025,39
SK0080,2022,42
SK0195,2024,69
SK0285,2021,27
SK0262,2025,66
SK0265,2024,33
SK0049,2023,64
SK0287,2024,21
SK0012,2025,57
SK0245,2026,87
SK0093,2023,20
SK0298,2022,28
SK0124,2023,14
SK0232,2022,51
SK0054,2022,62
SK0127,2026,95
SK0068,2025,50
SK0290,2023,69
SK0027,2024,47
SK0147,2021,72
SK0090,2025,99
SK0129,2025,65
SK0218,2026,67
SK0216,2022,55
SK0224,2021,53
SK0037,2024,96
SK0216,2023,22
SK0057,2022,68
SK0102,2023,79
SK0169,2024,85
SK0205,2025,46
SK0144,2024,37
SK0247,2025,39
SK0129,2023,77
SK0086,2023,17
SK0243,2026,41
SK0247,2025,65
SK0126,2026,36
SK0030,2021,75
SK0087,2023,48
SK0092,2023,36
SK0199,2023,78
SK0185,2022,14
SK0106,2024,94
SK0125,2022,52
SK0115,2024,28
SK0182,2023,50
SK0109,2024,96
SK0020,2023,59
SK0277,2024,91
SK0008,2023,46
SK0170,2024,98
SK0223,2025,20
SK0298,2022,99
SK0054,2025,84
SK0264,2023,92
SK0142,2021,98
SK0225,2026,81
SK0107,2022,69
SK0190,2024,91
SK0018,2024,48
SK0147,2021,39
SK0245,2022,37
SK0134,2026,73
SK0077,2024,50
SK0229,2026,19
SK0168,2026,98
SK0043,2021,15
SK0189,2021,59
SK0016,2022,10
SK0251,2026,35
SK0008,2025,99
SK0250,2023,10
SK0276,2021,46
SK0143,2025,81
SK0099,2021,43
SK0010,2025,94
SK0043,2026,65
SK0182,2023,61
SK0182,2024,41
SK0051,2021,43
SK0178,2024,36
SK0254,2021,17
SK0208,2022,75
SK0096,2026,79
SK0274,2024,60
SK0278,2021,66
SK0189,2026,69
SK0111,2023,83
SK0260,2026,90
SK0133,2025,22
SK0244,2022,31
SK0210,2025,23
SK0190,2024,37
SK0189,2023,38
SK0110,2021,96
SK0050,2021,53
SK0097,2022,96
SK0260,2026,29
SK0216,2023,88
SK0023,2022,41
SK0088,2025,96
SK0158,2023,19
SK0237,2021,65
SK0203,2021,26
SK0188,2025,58
SK0153,2022,56
SK0062,2025,42
SK0095,2023,86
SK0231,2025,16
SK0018,2024,39
SK0136,2022,68
SK0249,2026,89
SK0020,2023,13
SK0267,2022,96
SK0115,2024,57
SK0106,2026,78
SK0187,2026,71
SK0165,2023,55
SK0117,2024,56
SK0050,2026,36
SK0098,2021,49
SK0149,2024,50
SK0014,2021,93
SK0115,2026,71
SK0218,2025,62
SK0106,2024,61
SK0194,2025,83
SK0167,2025,87
SK0139,2023,22
SK0181,2026,73
SK0160,2026,57
SK0101,2024,11
SK0163,2021,35
SK0210,2025,91
SK0168,2023,89
SK0001,2025,44
SK0066,2022,88
SK0266,2024,90
SK0108,2021,75
SK0278,2026,62
SK0276,2024,76
SK0218,2024,11
SK0246,2024,83
SK0024,2024,23
SK0007,2021,59
SK0165,2025,21
SK0266,2022,85
SK0246,2022,93
SK0217,2021,16
SK0029,2024,72
SK0129,2025,18
SK0299,2022,55
SK0100,2024,29
SK0133,2021,66
SK0235,2025,53
SK0184,2022,79
SK0056,2024,85
SK0231,2024,28
SK0174,2024,48
SK0184,2026,65
SK0298,2024,32
SK0017,2024,24
SK0174,2022,78
SK0151,2026,22
SK0113,2022,87
SK0257,2024,95
SK0080,2026,72
SK0044,2026,63
SK0118,2025,92
SK0190,2022,95
SK0002,2021,97
SK0060,2024,69
SK0270,2022,94
SK0116,2025,47
SK0054,2023,33
SK0200,2025,25
SK0277,2023,27
SK0271,2026,35
SK0198,2026,14
SK0051,2025,63
SK0032,2025,80
SK0284,2021,14
SK0173,2021,33
SK0166,2025,98
SK0222,2025,92
SK0177,2021,18
SK0236,2023,16
SK0006,2026,80
SK0066,2026,22
SK0103,2021,93
SK0244,2023,15
SK0238,2025,32
SK0245,2024,37
SK0249,2023,19
SK0300,2023,57
SK0218,2022,50
SK0177,2026,45
SK0164,2024,78
SK0260,2024,83
SK0035,2023,58
SK0292,2026,15
SK0069,2026,93
SK0291,2021,98
SK0290,2021,35
SK0047,2024,23
SK0195,2026,47
SK0217,2026,93
SK0010,2022,17
SK0026,2025,98
SK0151,2022,57
SK0132,2022,50
SK0001,2021,93
SK0043,2026,40
SK0156,2025,29
SK0113,2023,98
SK0104,2023,29
SK0095,2023,77
SK0178,2026,95
SK0137,2023,70
SK0089,2025,24
SK0155,2025,74
SK0273,2024,89
SK0289,2026,85
SK0248,2026,80
SK0058,2025,70
SK0287,2026,76
SK0092,2023,15
SK0195,2021,52
SK0210,2026,90
SK0014,2024,28
SK0107,2021,49
SK0109,2023,27
SK0043,2026,75
SK0080,2023,88
SK0200,2025,45
SK0219,2022,21
SK0077,2024,97
SK0099,2023,16
SK0044,2025,94
SK0073,2025,93
SK0260,2024,58
SK0200,2022,87
SK0144,2025,33
SK0198,2025,99
SK0110,2025,66
SK0206,2021,16
SK0132,2023,14
SK0192,2024,83
SK0163,2023,97
SK0205,2023,69
SK0160,2022,83
SK0034,2026,92
SK0060,2022,54
SK0227,2026,13
SK0127,2025,81
SK0050,2026,29
SK0042,2021,51
SK0240,2024,38
SK0134,2023,90
SK0134,2024,89
SK0071,2022,51
SK0063,2022,48
SK0179,2026,64
SK0229,2022,96
SK0177,2025,91
SK0283,2021,28
SK0111,2021,42
SK0100,2023,99
SK0114,2025,99
SK0244,2026,96
SK0160,2025,29
SK0126,2024,61
SK0101,2023,80
SK0109,2021,98
SK0020,2026,11
SK0090,2021,76
SK0136,2026,55
SK0153,2024,15
SK0265,2021,36
SK0292,2026,23
SK0061,2024,93
SK0021,2023,17
SK0202,2024,73
SK0073,2021,61
SK0245,2024,71
SK0106,2025,94
SK0258,2025,41
SK0140,2023,49
SK0106,2023,48
SK0262,2022,86
SK0144,2024,61
SK0098,2024,98
SK0143,2022,12
SK0042,2025,43
SK0035,2023,70
SK0227,2026,99
SK0269,2024,13
SK0210,2023,52
SK0270,2023,42
SK0290,2025,25
SK0193,2023,36
SK0267,2024,34
SK0162,2025,46
SK0027,2026,61
SK0256,2023,99
SK0223,2026,25
SK0028,2026,24
SK0021,2024,70
SK0167,2025,50
SK0171,2026,24
SK0171,2026,44
SK0181,2021,46
SK0069,2022,92
SK0236,2026,77
SK0234,2021,32
SK0038,2024,77
SK0095,2024,67
SK0140,2022,27
SK0179,2026,58
SK0049,2024,34
SK0294,2025,26
SK0028,2024,27
SK0024,2026,10
SK0021,2021,89
SK0160,2023,31
SK0279,2025,26
SK0028,2025,56
SK0195,2024,77
SK0047,2025,76
SK0083,2026,49
SK0295,2025,27
SK0210,2025,38
SK0043,2023,94
SK0251,2025,44
SK0059,2021,20
SK0216,2025,68
SK0048,2023,73
SK0145,2025,72
SK0060,2025,13
SK0257,2022,40
SK0225,2021,53
SK0003,2024,61
SK0299,2021,97
SK0229,2025,18
SK0128,2026,32
SK0265,2026,81
SK0023,2021,94
SK0128,2021,10
SK0068,2024,70
SK0086,2024,92
SK0109,2022,38
SK0039,2021,89
SK0115,2023,21
SK0243,2026,90
SK0150,2024,98
SK0146,2024,24
SK0208,2026,45
SK0252,2026,37
SK0093,2025,49
SK0160,2022,42
SK0053,2024,69
SK0185,2023,38
SK0095,2021,33
SK0092,2022,59
SK0179,2021,32
SK0286,2024,71
SK0257,2025,15
SK0168,2021,43
SK0031,2025,38
SK0133,2023,46
SK0071,2021,46
SK0102,2025,36
SK0109,2021,51
SK0053,2021,64
SK0243,2024,87
SK0046,2023,24
SK0127,2021,86
SK0244,2023,87
SK0117,2026,21
SK0082,2026,79
SK0022,2026,86
SK0192,2025,27
SK0170,2021,98
SK0034,2024,47
SK0268,2021,84
SK0140,2026,20
SK0157,2026,31
SK0165,2023,84
SK0155,2025,86
SK0099,2026,22
SK0148,2026,25
SK0064,2021,90
SK0109,2022,76
SK0146,2026,99
SK0087,2025,84
SK0188,2026,63
SK0144,2021,42
SK0292,2026,33
SK0102,2023,67
SK0127,2026,88
SK0256,2023,92
SK0252,2024,73
SK0144,2025,83
SK0166,2025,95
SK0214,2023,99
SK0247,2026,29
SK0001,2022,62
SK0078,2021,12
SK0220,2025,53
SK0290,2025,94
SK0285,2025,24
SK0198,2021,64
SK0194,2025,24
SK0004,2026,41
SK0153,2024,55
SK0190,2024,16
SK0189,2022,95
SK0158,2024,80
SK0027,2021,28
SK0015,2023,87
SK0029,2024,18
SK0277,2021,93
SK0023,2024,85
SK0260,2022,75
SK0015,2021,42
SK0270,2023,47
SK0217,2022,72
SK0047,2024,23
SK0220,2025,74
SK0147,2025,35
SK0030,2025,75
SK0291,2026,72
SK0177,2021,83
SK0224,2026,86
SK0277,2025,58
SK0149,2021,51
SK0067,2026,95
SK0187,2021,66
SK0282,2025,94
SK0121,2025,30
SK0155,2022,51
SK0186,2026,95
SK0257,2026,48
SK0222,2024,29
SK0289,2022,72
SK0162,2025,30
SK0091,2026,20
SK0283,2023,43
SK0139,2022,20
SK0194,2021,63
SK0060,2024,98
SK0011,2022,21
SK0245,2025,74
SK0176,2026,33
SK0285,2022,95
SK0048,2025,32
SK0240,2025,88
SK0043,2023,17
SK0286,2021,36
SK0008,2023,51
SK0150,2021,15
SK0248,2024,53
SK0008,2025,54
SK0056,2021,69
SK0264,2026,41
SK0238,2025,49
SK0122,2022,78
SK0267,2026,92
SK0018,2023,30
SK0255,2024,97
SK0291,2021,46
SK0274,2021,60
SK0173,2022,45
SK0008,2023,35
SK0034,2026,89
SK0076,2021,86
SK0257,2022,35
SK0017,2024,18
SK0200,2021,76
SK0243,2022,25
SK0138,2026,15
SK0001,2022,17
SK0240,2023,18
SK0188,2025,34
SK0278,2021,28
SK0172,2023,69
SK0289,2025,57
SK0251,2021,68
SK0091,2026,37
SK0259,2024,36
SK0042,2023,30
SK0092,2022,59
SK0067,2026,56
SK0106,2025,53
SK0220,2024,60
SK0076,2021,71
SK0161,2025,40
SK0013,2023,93
SK0015,2025,15
SK0009,2026,44
SK0171,2026,65
SK0016,2024,74
SK0109,2026,19
SK0299,2025,36
SK0020,2025,27
SK0245,2026,13
SK0085,2024,49
SK0044,2022,94
SK0015,2021,38
SK0183,2022,46
SK0283,2026,82
SK0181,2021,75
SK0013,2022,73
SK0142,2026,79
SK0222,2022,70
SK0068,2024,70
SK0064,2023,59
SK0255,2024,33
SK0193,2021,89
SK0040,2022,99
SK0190,2025,17
SK0051,2021,58
SK0164,2025,69
SK0177,2025,73
SK0133,2024,58
SK0232,2022,22
SK0233,2025,73
SK0047,2024,74
SK0066,2022,43
SK0068,2022,60
SK0183,2023,32
SK0172,2025,34
SK0084,2024,16
SK0036,2026,33
SK0282,2023,59
SK0142,2026,42
SK0053,2026,33
SK0124,2021,70
SK0087,2021,56
SK0015,2022,26
SK0180,2021,66
SK0236,2024,82
SK0037,2022,61
SK0248,2024,10
SK0239,2024,68
SK0163,2026,37
SK0291,2023,90
SK0144,2024,56
SK0260,2021,87
SK0054,2026,91
SK0234,2022,40
SK0049,2023,31
SK0073,2026,52
SK0032,2023,98
SK0100,2021,48
SK0112,2022,50
SK0185,2023,53
SK0219,2024,38
SK0117,2022,58
SK0089,2025,42
SK0115,2021,98
SK0060,2023,91
SK0250,2023,81
SK0235,2025,33
SK0245,2026,26
SK0279,2023,90
SK0275,2022,31
SK0252,2025,63
SK0048,2025,82
SK0266,2022,73
SK0139,2026,63
SK0038,2021,40
SK0240,2022,72
SK0191,2024,61
SK0042,2021,97
SK0274,2026,30
SK0201,2024,85
SK0129,2025,27
SK0247,2022,83
SK0111,2022,89
SK0257,2026,51
SK0254,2023,17
SK0300,2023,72
SK0216,2024,41
SK0112,2025,15
SK0070,2024,25
SK0076,2022,66
SK0127,2026,15
SK0251,2024,12
SK0285,2024,15
SK0128,2023,47
SK0046,2025,88
SK0016,2022,93
SK0203,2024,87
SK0153,2023,25
SK0065,2023,47
SK0280,2023,28
SK0067,2021,12
SK0001,2024,86
SK0118,2025,19
SK0172,2024,75
SK0086,2025,45
SK0266,2022,29
SK0095,2022,19
SK0225,2021,11
SK0141,2024,12
SK0248,2022,75
SK0279,2024,63
SK0059,2025,42
SK0121,2021,84
SK0244,2023,75
SK0226,2023,20
SK0087,2024,44
SK0044,2022,10
SK0042,2022,75
SK0077,2023,71
SK0021,2023,44
SK0125,2023,72
SK0118,2022,97
SK0246,2022,51
SK0118,2024,21
SK0053,2021,76
SK0002,2023,97
SK0207,2026,12
SK0038,2025,32
SK0003,2026,68
SK0028,2023,78
SK0206,2026,95
SK0071,2021,88
SK0019,2023,39
SK0184,2023,46
SK0223,2022,30
SK0142,2024,71
SK0029,2023,52
SK0215,2022,46
SK0178,2023,82
SK0006,2026,26
SK0265,2024,39
SK0140,2025,50
SK0059,2021,32
SK0079,2023,75
SK0259,2024,43
SK0116,2024,26
SK0017,2026,64
SK0249,2026,81
SK0238,2022,65
SK0183,2023,57
SK0262,2021,69
SK0014,2021,30
SK0160,2023,48
SK0232,2023,14
SK0200,2022,13
SK0257,2024,65
SK0275,2026,10
SK0077,2025,32
SK0177,2023,19
SK0189,2025,23
SK0021,2025,49
SK0122,2025,46
SK0031,2026,67
SK0139,2022,68
SK0157,2025,43
SK0032,2022,92
SK0040,2021,53
SK0119,2024,32
SK0058,2021,90
SK0018,2021,61
SK0074,2022,25
SK0138,2023,22
SK0210,2022,88
SK0291,2021,68
SK0043,2026,90
SK0293,2022,83
SK0020,2021,92
SK0248,2024,31
SK0268,2024,96
SK0038,2026,59
SK0048,2021,66
SK0148,2021,16
SK0129,2024,13
SK0197,2023,37
SK0022,2026,76
SK0287,2025,62
SK0067,2021,95
SK0237,2026,89
SK0086,2022,89
SK0034,2024,33
SK0168,2022,56
SK0263,2021,52
SK0064,2024,96
SK0198,2022,62
SK0205,2025,18
SK0172,2021,36
SK0192,2026,39
SK0238,2025,83
SK0052,2026,42
SK0100,2026,28
SK0163,2023,12
SK0019,2024,90
SK0053,2021,76
SK0189,2023,22
SK0242,2026,65
SK0205,2025,34
SK0187,2026,43
SK0169,2024,58
SK0058,2025,34
SK0044,2025,23
SK0099,2023,13
SK0132,2021,17
SK0152,2022,54
SK0123,2025,11
SK0093,2023,87
SK0275,2024,55
SK0231,2021,88
SK0082,2021,72
SK0258,2025,13
SK0295,2022,60
SK0117,2026,89
SK0098,2023,35
SK0242,2021,11
SK0143,2026,79
SK0010,2024,38
SK0070,2026,90
SK0263,2024,94
SK0299,2025,89
SK0260,2024,57
SK0070,2025,52
SK0205,2025,78
SK0036,2026,73
SK0276,2023,72
SK0245,2021,41
SK0102,2025,17
SK0218,2023,48
SK0172,2024,25
SK0269,2026,55
SK0126,2026,80
SK0199,2021,69
SK0090,2025,56
SK0133,2022,85
SK0070,2026,64
SK0162,2021,91
SK0122,2022,24
SK0161,2025,84
SK0092,2021,62
SK0009,2025,12
SK0223,2025,64
SK0037,2022,16
SK0056,2023,37
SK0283,2021,88
SK0166,2022,12
SK0052,2022,73
SK0018,2022,57
SK0230,2022,38
SK0193,2021,45
SK0264,2025,12
SK0036,2022,18
SK0135,2025,93
SK0201,2023,59
SK0141,2023,42
SK0278,2023,38
SK0101,2022,92
SK0139,2023,73
SK0256,2023,89
SK0297,2024,48
SK0041,2022,11
SK0170,2023,33
SK0017,2021,49
SK0209,2026,49
SK0220,2023,51
SK0296,2023,61
SK0140,2023,83
SK0021,2024,93
SK0139,2025,47
SK0107,2025,25
SK0166,2025,12
SK0046,2023,61
SK0257,2026,52
SK0042,2026,69
SK0232,2023,64
SK0005,2024,20
SK0105,2021,12
SK0192,2025,64
SK0089,2026,21
SK0036,2025,76
SK0052,2021,12
SK0072,2024,89
SK0117,2021,58
SK0129,2026,95
SK0218,2024,68
SK0152,2021,41
SK0077,2025,76
SK0114,2024,42
SK0225,2025,85
SK0027,2021,59
SK0115,2024,67
SK0230,2022,47
SK0146,2022,77
SK0138,2022,15
SK0150,2021,33
SK0237,2025,75
SK0142,2026,24
SK0207,2022,48
SK0279,2026,70
SK0104,2021,89
SK0186,2026,87
SK0276,2026,62
SK0144,2023,29
SK0036,2023,63
SK0291,2025,67
SK0162,2026,67
SK0203,2026,54
SK0152,2022,74
SK0234,2023,91
SK0240,2021,40
SK0264,2022,19
SK0213,2026,46
SK0142,2021,78
SK0113,2024,79
SK0283,2023,41
SK0126,2023,37
SK0045,2023,68
SK0220,2025,55
SK0126,2026,37
SK0116,2021,40
SK0156,2021,62
SK0247,2023,61
SK0058,2025,89
SK0114,2022,39
SK0156,2023,96
SK0040,2023,47
SK0234,2021,42
SK0073,2021,55
SK0037,2026,67
SK0209,2022,36
SK0062,2023,20
SK0300,2022,64
SK0137,2024,31
SK0003,2026,17
SK0191,2026,28
SK0049,2026,32
SK0036,2022,58
SK0212,2021,29
SK0214,2026,85
SK0272,2023,44
SK0212,2025,92
SK0126,2022,69
SK0232,2024,32
SK0043,2025,53
SK0094,2024,59
SK0169,2022,78
SK0154,2023,77
SK0052,2024,48
SK0217,2022,74
SK0105,2023,98
SK0262,2026,76
SK0211,2021,66
SK0086,2024,11
SK0224,2022,30
SK0111,2024,17
SK0272,2021,35
SK0084,2026,72
SK0063,2026,33
SK0270,2021,76
SK0103,2024,59
SK0096,2023,81
SK0299,2024,36
SK0031,2021,51
SK0289,2026,27
SK0164,2022,36
SK0222,2024,32
SK0258,2024,49
SK0019,2023,34
SK0130,2025,24
SK0233,2022,73
SK0214,2021,72
SK0120,2026,67
SK0207,2025,34
SK0242,2025,23
SK0148,2021,64
SK0059,2024,60
SK0019,2021,24
SK0143,2026,24
SK0121,2021,42
SK0191,2026,18
SK0145,2023,37
SK0035,2026,85
SK0114,2023,11
SK0052,2025,98
SK0128,2022,64
SK0254,2022,10
SK0183,2022,76
SK0169,2026,89
SK0214,2021,21
SK0018,2022,90
SK0140,2022,98
SK0038,2026,29
SK0215,2024,37
SK0203,2025,14
SK0017,2026,57
SK0290,2025,44
SK0110,2021,46
SK0270,2026,13
SK0154,2021,82
SK0077,2026,84
SK0048,2021,42
SK0230,2022,31
SK0278,2023,73
SK0119,2025,62
SK0033,2024,48
SK0157,2023,85
SK0259,2026,24
SK0251,2021,73
SK0089,2021,58
SK0093,2024,27
SK0084,2026,43
SK0248,2023,24
SK0154,2023,35
SK0258,2024,86
SK0242,2023,92
SK0211,2024,59
SK0268,2023,56
SK0115,2021,85
SK0160,2025,94
SK0193,2021,74
SK0121,2023,73
SK0155,2024,45
SK0114,2026,54
SK0262,2022,46
SK0269,2023,62
SK0163,2026,26
SK0242,2026,11
SK0076,2022,93
SK0258,2026,11
SK0239,2025,37
SK0250,2024,99
SK0070,2024,64
SK0074,2022,89
SK0080,2024,17
SK0036,2021,61
SK0222,2023,42
SK0106,2025,73
SK0198,2023,11
SK0300,2022,61
SK0061,2023,50
SK0293,2021,46
SK0145,2022,33
SK0259,2023,26
SK0138,2023,96
SK0070,2026,50
SK0184,2026,80
SK0012,2023,61
SK0111,2026,32
SK0098,2022,48
SK0062,2025,64
SK0264,2021,88
SK0081,2022,78
SK0143,2025,40
SK0113,2022,18
SK0050,2021,18
SK0134,2022,45
SK0033,2023,48
SK0139,2026,34
SK0021,2026,18
SK0196,2022,28
SK0228,2021,24
SK0254,2026,26
SK0242,2024,67
SK0200,2022,87
SK0264,2023,83
SK0281,2021,14
SK0153,2025,69
SK0204,2024,23
SK0213,2025,37
SK0067,2026,83
SK0130,2022,73
SK0272,2023,46
SK0079,2024,41
SK0270,2026,23
SK0082,2023,81
SK0299,2024,76
SK0252,2024,84
SK0186,2026,68
SK0276,2026,45
SK0124,2025,82
SK0084,2023,83
SK0069,2023,38
SK0138,2022,49
SK0130,2021,89
SK0014,2025,55
SK0018,2021,93
SK0031,2022,48
SK0182,2025,68
SK0080,2024,27
SK0158,2026,27
SK0168,2024,61
SK0045,2021,78
SK0012,2023,30
SK0152,2026,36
SK0002,2024,36
SK0263,2025,75
SK0155,2026,57
SK0149,2023,36
SK0052,2023,91
SK0095,2026,35
SK0165,2024,25
SK0029,2025,77
SK0064,2026,54
SK0055,2025,71
SK0027,2021,19
SK0099,2023,28
SK0049,2021,86
SK0119,2023,43
SK0250,2022,45
SK0093,2023,10
SK0008,2025,74
SK0217,2021,58
SK0274,2021,10
SK0111,2026,98
SK0040,2022,55
SK0039,2024,31
SK0108,2023,23
SK0048,2023,23
SK0162,2023,54
SK0199,2024,73
SK0279,2021,29
SK0227,2021,72
SK0291,2025,18
SK0048,2024,57
SK0229,2026,49
SK0139,2026,83
SK0284,2023,10
SK0246,2024,13
SK0258,2026,27
SK0100,2026,68
SK0077,2022,55
SK0286,2024,59
SK0258,2021,73
SK0039,2022,22
SK0130,2022,42
SK0041,2024,98
SK0077,2025,96
SK0019,2024,30
SK0284,2023,55
SK0120,2022,85
SK0148,2024,85
SK0228,2021,58
SK0180,2026,18
SK0263,2026,91
SK0144,2023,90
SK0168,2026,28
SK0103,2024,47
SK0120,2024,26
SK0203,2022,77
SK0104,2024,58
SK0213,2022,16
SK0234,2022,14
SK0067,2026,76
SK0286,2025,20
SK0179,2023,58
SK0138,2021,53
SK0294,2022,47
SK0154,2024,17
SK0239,2022,63
SK0087,2022,86
SK0120,2022,88
SK0107,2024,77
SK0201,2026,93
SK0070,2025,93
SK0062,2026,77
SK0131,2024,69
SK0072,2026,30
SK0022,2025,14
SK0227,2025,63
SK0062,2021,13
SK0026,2026,63
SK0276,2022,71
SK0111,2024,43
SK0182,2025,95
SK0012,2022,12
SK0139,2024,63
SK0291,2026,31
SK0120,2022,59
SK0003,2024,70
SK0113,2023,36
SK0288,2025,45
SK0234,2025,33
SK0138,2026,63
SK0110,2021,56
SK0268,2024,16
SK0245,2022,59
SK0267,2024,77
SK0196,2023,26
SK0258,2023,36
SK0203,2024,19
SK0114,2022,41
SK0259,2021,76
SK0187,2026,16
SK0228,2026,58
SK0015,2024,74
SK0091,2022,52
SK0005,2025,29
SK0114,2024,21
SK0083,2025,73
SK0079,2026,58
SK0085,2025,80
SK0004,2025,74
SK0221,2021,94
SK0097,2023,89
SK0299,2026,54
SK0249,2026,27
SK0252,2024,21
SK0107,2026,18
SK0056,2025,23
SK0213,2026,17
SK0181,2021,26
SK0090,2023,88
SK0134,2021,70
SK0138,2024,37
SK0278,2026,64
SK0130,2022,83
SK0016,2023,69
SK0169,2024,35
SK0251,2025,46
SK0234,2024,88
SK0293,2021,68
SK0061,2025,91
SK0173,2021,69
SK0160,2021,44
SK0129,2021,41
SK0289,2024,90
SK0058,2022,68
SK0241,2024,89
SK0244,2021,23
SK0220,2023,41
SK0156,2024,17
SK0013,2022,95
SK0154,2021,63
SK0043,2026,47
SK0026,2023,32
SK0173,2026,60
SK0269,2025,37
SK0250,2023,13
SK0053,2026,15
SK0011,2023,33
SK0086,2022,24
SK0097,2025,87
SK0287,2025,87
SK0070,2026,27
SK0257,2023,75
SK0144,2022,66
SK0197,2026,16
SK0090,2026,19
SK0020,2025,24
SK0065,2023,85
SK0292,2024,39
SK0128,2023,47
SK0263,2025,37
SK0247,2026,40
SK0239,2022,80
SK0070,2023,57
SK0165,2021,45
SK0155,2021,35
SK0197,2024,41
SK0061,2022,52
SK0092,2022,15
SK0138,2024,35
SK0025,2021,79
SK0013,2021,19
SK0254,2021,30
SK0109,2024,25
SK0260,2022,79
SK0108,2026,43
SK0116,2022,81
SK0072,2022,23
SK0037,2024,44
SK0245,2022,86
SK0020,2025,58
SK0146,2021,31
SK0100,2022,40
SK0214,2023,55
SK0191,2026,37
SK0061,2026,31
SK0011,2021,43
SK0137,2022,21
SK0267,2022,19
SK0071,2023,39
SK0173,2022,39
SK0107,2026,37
SK0269,2021,53
SK0051,2022,25
SK0069,2025,55
SK0007,2022,80
SK0249,2021,21
SK0241,2026,78
SK0147,2025,93
SK0127,2021,98
SK0038,2022,49
SK0200,2023,63
SK0005,2023,53
SK0161,2024,94
SK0206,2024,85
SK0024,2024,78
SK0044,2024,16
SK0290,2021,84
SK0074,2023,70
SK0265,2024,89
SK0205,2023,62
SK0247,2024,70
SK0144,2022,30
SK0002,2022,11
SK0084,2024,14
SK0051,2025,70
SK0137,2024,34
SK0013,2021,91
SK0108,2023,55
SK0165,2022,77
SK0252,2024,41
SK0179,2023,58
SK0144,2021,30
SK0153,2025,56
SK0248,2024,48
SK0298,2021,63
SK0179,2024,37
SK0271,2022,52
SK0079,2023,90
SK0205,2026,46
SK0233,2023,41
SK0067,2024,28
SK0085,2022,97
SK0134,2025,96
SK0075,2022,18
SK0030,2023,27
SK0242,2026,27
SK0293,2022,45
SK0030,2021,81
SK0246,2025,59
SK0149,2023,36
SK0170,2022,91
SK0103,2023,34
SK0253,2026,93
SK0239,2026,83
SK0010,2022,25
SK0103,2025,63
SK0153,2021,59
SK0165,2022,60
SK0036,2023,96
SK0195,2026,16
SK0154,2022,71
SK0210,2023,94
SK0056,2026,49
SK0025,2024,37
SK0210,2023,40
SK0180,2026,75
SK0011,2023,10
SK0283,2024,80
SK0044,2021,50
SK0265,2021,80
SK0109,2024,64
SK0045,2022,59
SK0209,2025,59
SK0222,2022,13
SK0016,2023,76
SK0237,2023,45
SK0129,2026,32
SK0176,2024,96
SK0018,2021,21
SK0168,2022,60
SK0212,2026,80
SK0134,2021,23
SK0015,2025,82
SK0082,2024,90
SK0120,2026,30
SK0287,2026,68
SK0171,2022,88
SK0111,2026,16
SK0095,2021,57
SK0206,2021,62
SK0091,2024,81
SK0264,2025,96
SK0241,2023,70
SK0261,2025,29
SK0236,2021,76
SK0252,2026,90
SK0248,2022,48
SK0008,2025,79
SK0045,2025,54
SK0083,2026,27
SK0197,2024,70
SK0163,2026,36
SK0128,2021,99
SK0047,2024,71
SK0147,2023,75
SK0202,2021,26
SK0243,2026,77
SK0096,2023,28
SK0229,2023,36
SK0026,2023,52
SK0275,2025,62
SK0016,2025,97
SK0057,2026,30
SK0046,2025,17
SK0209,2023,98
SK0263,2025,74
SK0023,2025,47
SK0037,2021,82
SK0178,2023,16
SK0294,2022,96
SK0167,2022,50
SK0136,2023,90
SK0143,2022,41
SK0103,2025,15
SK0130,2021,47
SK0288,2024,95
SK0001,2023,94
SK0271,2024,48
SK0186,2021,79
SK0038,2026,48
SK0172,2025,74
SK0287,2021,24
SK0233,2025,74
SK0173,2022,82
SK0118,2025,22
SK0086,2021,87
SK0232,2025,87
SK0048,2021,89
SK0134,2024,43
SK0284,2021,51
SK0173,2021,98
SK0175,2021,84
SK0022,2025,42
SK0111,2025,78
SK0052,2024,10
SK0293,2021,69
SK0111,2021,29
SK0170,2025,50
SK0063,2023,14
SK0172,2025,66
SK0152,2024,30
SK0175,2023,82
SK0152,2024,82
SK0269,2021,78
SK0226,2025,92
SK0169,2023,52
SK0159,2024,72
SK0237,2024,94
SK0095,2026,89
SK0206,2025,14
SK0232,2026,91
SK0112,2022,22
SK0162,2025,86
SK0167,2021,24
SK0066,2026,32
SK0116,2023,74
SK0266,2025,75
SK0037,2023,20
SK0019,2023,12
SK0291,2025,81
SK0078,2021,40
SK0182,2022,98
SK0181,2021,65
SK0063,2023,48
SK0122,2025,12
SK0160,2026,71
SK0260,2026,69
SK0167,2024,84
SK0003,2024,27
SK0268,2021,31
SK0142,2024,47
SK0008,2024,99
SK0225,2022,95
SK0257,2025,57
SK0181,2026,88
SK0077,2021,98
SK0290,2022,70
SK0096,2024,81
SK0223,2025,51
SK0095,2026,59
SK0261,2022,51
SK0260,2023,23
SK0125,2022,16
SK0163,2022,69
SK0273,2026,54
SK0250,2022,39
SK0299,2026,63
SK0120,2025,55
SK0291,2024,63
SK0113,2021,64
SK0252,2026,58
SK0222,2024,47
SK0010,2024,54
SK0003,2023,60
SK0234,2022,50
SK0281,2021,69
SK0166,2024,95
SK0299,2021,95
SK0145,2024,37
SK0276,2026,61
SK0171,2026,74
SK0228,2023,97
SK0185,2023,85
SK0211,2026,78
SK0138,2022,21
SK0241,2021,77
SK0031,2025,65
SK0155,2022,25
SK0167,2025,78
SK0164,2023,80
SK0240,2023,23
SK0133,2023,87
SK0124,2026,17
SK0126,2021,64
SK0019,2026,48
SK0156,2024,16
SK0042,2024,70
SK0001,2025,58
SK0110,2026,45
SK0149,2021,15
SK0275,2022,56
SK0182,2021,34
SK0004,2024,44
SK0133,2024,66
SK0156,2024,27
SK0094,2026,36
SK0040,2021,73
SK0123,2021,25
SK0211,2023,91
SK0033,2024,53
SK0232,2023,94
SK0193,2025,60
SK0096,2021,92
SK0003,2023,81
SK0190,2023,10
SK0223,2021,43
SK0157,2021,17
SK0124,2024,47
SK0026,2021,61
SK0083,2025,53
SK0086,2022,88
SK0148,2023,71
SK0290,2024,73
SK0029,2024,53
SK0153,2024,76
SK0189,2026,16
SK0016,2021,77
SK0102,2021,74
SK0259,2026,54
SK0166,2023,10
SK0081,2023,34
SK0194,2025,63
SK0194,2021,32
SK0014,2023,65
SK0008,2025,33
SK0168,2023,75
SK0092,2022,19
SK0160,2022,52
SK0067,2025,20
SK0052,2021,62
SK0006,2025,65
SK0044,2021,86
SK0105,2025,11
SK0227,2025,13
SK0255,2021,77
SK0049,2022,86
SK0117,2022,50
SK0019,2025,95
SK0128,2022,70
SK0001,2023,91
SK0195,2023,23
SK0182,2025,36
SK0178,2025,50
SK0178,2022,81
SK0244,2026,35
SK0142,2024,73
SK0186,2021,14
SK0193,2026,42
SK0221,2023,68
SK0070,2021,70
SK0142,2024,31
SK0032,2024,34
SK0227,2026,56
SK0265,2026,53
SK0103,2026,70
SK0100,2025,31
SK0006,2022,19
SK0246,2025,49
SK0299,2026,75
SK0254,2025,99
SK0133,2021,25
SK0263,2021,99
SK0060,2026,99
SK0266,2024,37
SK0289,2026,13
SK0026,2026,30
SK0187,2025,22
SK0017,2026,17
SK0004,2022,19
SK0274,2023,67
SK0237,2024,27
SK0195,2026,58
SK0059,2026,37
SK0035,2026,38
SK0296,2024,15
SK0080,2024,58
SK0155,2023,96
SK0049,2022,82
SK0003,2024,67
SK0178,2022,25
SK0283,2025,91
SK0046,2024,77
SK0258,2022,30
SK0133,2023,28
SK0170,2025,95
SK0100,2025,77
SK0016,2022,82
SK0055,2026,52
SK0278,2026,83
SK0020,2024,39
SK0138,2023,68
SK0072,2022,18
SK0260,2025,54
SK0165,2023,47
SK0256,2025,22
SK0139,2024,41
SK0151,2025,90
SK0251,2024,21
SK0197,2023,64
SK0230,2023,66
SK0132,2021,32
SK0059,2023,31
SK0256,2021,77
SK0258,2021,31
SK0090,2022,95
SK0244,2022,63
SK0296,2021,51
SK0055,2023,58
SK0176,2026,58
SK0222,2023,13
SK0240,2023,29
SK0172,2022,68
SK0215,2026,85
SK0183,2021,32
SK0083,2021,87
SK0086,2025,68
SK0095,2025,90
SK0085,2026,36
SK0158,2025,67
SK0060,2022,78
SK0202,2022,50
SK0220,2024,39
SK0258,2026,96
SK0216,2025,68
SK0010,2023,94
SK0209,2023,39
SK0136,2024,29
SK0193,2024,99
SK0293,2023,86
SK0182,2021,29
SK0066,2026,58
SK0243,2024,29
SK0213,2023,60
SK0019,2021,94
SK0248,2026,55
SK0253,2026,88
SK0089,2022,36
SK0046,2026,54
SK0047,2025,32
SK0172,2025,18
SK0064,2021,68
SK0112,2021,22
SK0008,2022,36
SK0270,2025,77
SK0242,2022,89
SK0142,2023,48
SK0111,2021,99
SK0192,2025,83
SK0283,2022,13
SK0092,2025,38
SK0171,2025,68
SK0171,2022,21
SK0188,2021,80
SK0277,2024,56
SK0285,2021,45
SK0046,2021,70
SK0234,2021,80
SK0197,2026,98
SK0103,2024,65
SK0159,2021,66
SK0164,2026,19
SK0261,2023,26
SK0108,2023,26
SK0036,2022,46
SK0001,2022,13
SK0293,2025,21
SK0149,2024,94
SK0227,2025,42
SK0087,2021,52
SK0157,2022,53
SK0088,2026,43
SK0195,2024,56
SK0159,2024,29
SK0232,2023,34
SK0014,2023,20
SK0034,2024,91
SK0209,2021,57
SK0043,2025,88
SK0165,2022,58
SK0220,2024,38
SK0001,2022,65
SK0262,2022,29
SK0078,2023,81
SK0289,2021,96
SK0156,2024,57
SK0040,2021,22
SK0089,2025,57
SK0286,2021,78
SK0274,2021,61
SK0168,2021,71
SK0096,2024,93
SK0130,2023,13
SK0223,2025,80
SK0256,2021,74
SK0097,2024,30
SK0040,2026,76
SK0015,2024,68
SK0210,2026,35
SK0055,2026,12
SK0064,2026,37
SK0156,2023,60
SK0085,2023,82
SK0195,2023,92
SK0066,2023,35
SK0280,2022,71
SK0062,2021,55
SK0216,2021,99
SK0110,2023,38
SK0215,2024,98
SK0124,2025,79
SK0008,2024,61
SK0222,2026,64
SK0089,2025,68
SK0162,2025,94
SK0240,2021,65
SK0111,2024,10
SK0221,2021,76
SK0059,2026,23
SK0038,2021,33
SK0120,2023,83
SK0073,2022,18
SK0069,2026,43
SK0119,2024,83
SK0204,2025,31
SK0293,2021,76
SK0194,2023,80
SK0265,2023,55
SK0237,2023,89
SK0236,2023,80
SK0146,2026,26
SK0101,2022,22
SK0260,2021,86
SK0087,2024,96
SK0068,2022,14
SK0184,2023,40
SK0097,2026,90
SK0238,2022,64
SK0064,2024,66
SK0162,2022,40
SK0061,2025,71
SK0142,2024,77
SK0143,2021,26
SK0194,2021,86
SK0027,2021,24
SK0101,2024,55
SK0149,2026,10
SK0076,2021,49
SK0015,2022,40
SK0189,2025,50
SK0243,2021,15
SK0204,2025,76
SK0014,2021,43
SK0041,2021,66
SK0040,2021,99
SK0289,2022,43
SK0088,2024,86
SK0257,2024,51
SK0068,2025,19
SK0164,2022,23
SK0250,2022,78
SK0264,2024,86
SK0268,2022,30
SK0207,2026,58
SK0040,2021,18
SK0171,2022,51
SK0159,2023,66
SK0276,2025,33
SK0186,2022,56
SK0153,2023,37
SK0239,2024,82
SK0123,2022,87
SK0197,2023,91
SK0284,2025,50
SK0227,2022,57
SK0250,2022,92
SK0030,2026,23
SK0053,2026,60
SK0159,2023,82
SK0087,2026,28
SK0135,2022,22
SK0020,2024,91
SK0119,2021,41
SK0270,2025,57
SK0188,2026,13
SK0274,2023,77
SK0264,2023,43
SK0072,2026,34
SK0183,2024,12
SK0215,2024,24
SK0207,2023,67
SK0016,2021,57
SK0150,2022,19
SK0050,2023,55
SK0269,2026,87
SK0105,2023,72
SK0057,2026,50
SK0096,2024,65
SK0221,2023,91
SK0003,2025,90
SK0040,2025,94
SK0226,2025,87
SK0077,2024,94
SK0070,2026,21
SK0033,2021,55
SK0283,2025,26
SK0251,2025,18
SK0250,2023,42
SK0190,2022,78
SK0121,2022,69
SK0171,2023,81
SK0060,2022,24
SK0093,2024,28
SK0229,2022,94
SK0225,2021,78
SK0206,2024,96
SK0130,2025,70
SK0282,2021,71
SK0166,2026,54
SK0015,2023,44
SK0230,2022,58
SK0268,2022,25
SK0072,2022,75
SK0194,2021,25
SK0116,2021,59
SK0071,2026,76
SK0061,2025,83
SK0125,2025,43
SK0180,2026,64
SK0014,2022,47
SK0064,2023,34
SK0202,2024,93
SK0149,2025,99
SK0031,2026,90
SK0135,2023,74
SK0055,2026,55
SK0199,2025,27
SK0285,2023,17
SK0295,2021,79
SK0069,2025,76
SK0105,2025,64
SK0158,2022,99
SK0275,2025,13
SK0030,2023,91
SK0045,2024,86
SK0151,2025,51
SK0039,2025,29
SK0131,2021,71
SK0018,2023,84
SK0083,2025,29
SK0236,2025,90
SK0240,2023,99
SK0059,2025,31
SK0025,2024,50
SK0007,2024,47
SK0002,2024,69
SK0202,2026,67
SK0224,2025,36
SK0173,2023,55
SK0109,2023,38
SK0185,2021,82
SK0249,2021,27
SK0205,2026,28
SK0153,2026,66
SK0205,2024,58
SK0072,2024,39
SK0117,2025,97
SK0046,2022,51
SK0072,2023,83
SK0200,2024,13
SK0027,2022,23
SK0245,2025,59
SK0109,2023,20
SK0030,2024,19
SK0110,2026,28
SK0044,2022,79
SK0150,2022,14
SK0008,2023,28
SK0281,2023,49
SK0219,2026,69
SK0193,2023,38
SK0261,2026,17
SK0144,2026,26
SK0116,2023,65
SK0252,2024,40
SK0130,2025,93
SK0260,2023,59
SK0067,2021,41
SK0241,2025,92
SK0022,2022,44
SK0240,2021,96
SK0101,2021,87
SK0264,2025,46
SK0081,2025,15
SK0290,2022,13
SK0134,2023,40
SK0299,2024,62
SK0281,2021,62
SK0099,2023,21
SK0205,2026,90
SK0276,2024,41
SK0083,2022,91
SK0064,2023,66
SK0257,2021,72
SK0160,2026,14
SK0196,2025,79
SK0004,2026,80
SK0020,2024,15
SK0194,2021,51
SK0152,2026,89
SK0189,2025,93
SK0183,2021,43
SK0281,2024,44
SK0005,2025,11
SK0099,2022,17
SK0085,2021,79
SK0007,2026,73
SK0222,2021,94
SK0015,2023,30
SK0177,2023,93
SK0122,2021,81
SK0212,2026,57
SK0018,2022,20
SK0060,2024,32
SK0156,2022,21
SK0017,2025,37
SK0141,2024,65
SK0270,2021,13
SK0220,2026,58
SK0031,2021,55
SK0188,2021,77
SK0230,2022,87
SK0116,2025,16
SK0091,2023,34
SK0060,2024,37
SK0150,2025,69
SK0086,2024,75
SK0080,2023,11
SK0093,2026,63
SK0175,2023,81
SK0237,2021,87
SK0088,2025,98
SK0029,2025,11
SK0150,2026,43
SK0144,2024,61
SK0273,2021,22
SK0001,2023,40
SK0154,2023,99
SK0220,2022,45
SK0187,2022,22
SK0222,2021,46
SK0149,2024,70
SK0154,2022,68
SK0184,2025,58
SK0018,2023,22
SK0212,2025,89
SK0132,2022,35
SK0112,2024,57
SK0048,2025,10
SK0023,2022,89
SK0237,2021,78
SK0037,2025,40
SK0039,2026,47
SK0055,2026,15
SK0097,2026,52
SK0150,2024,76
SK0156,2023,98
SK0172,2021,28
SK0027,2025,54
SK0237,2024,41
SK0291,2024,83
SK0167,2024,32
SK0157,2021,82
SK0288,2026,42
SK0170,2024,22
SK0286,2024,72
SK0184,2025,29
SK0192,2023,87
SK0117,2024,72
SK0192,2021,44
SK0198,2024,87
SK0246,2024,84
SK0203,2021,29
SK0116,2025,55
SK0262,2026,95
SK0153,2022,32
SK0028,2025,90
SK0171,2024,57
SK0010,2021,92
SK0091,2022,62
SK0215,2023,15
SK0187,2026,11
SK0021,2021,31
SK0066,2024,23
SK0115,2026,19
SK0073,2024,13
SK0179,2022,93
SK0229,2024,19
SK0298,2025,66
SK0212,2022,98
SK0182,2021,66
SK0264,2025,75
SK0240,2023,87
SK0262,2024,14
SK0195,2025,59
SK0058,2021,21
SK0221,2023,65
SK0166,2026,85
SK0217,2022,48
SK0014,2024,42
SK0178,2026,54
SK0051,2021,12
SK0159,2023,98
SK0026,2023,32
SK0049,2026,74
SK0105,2023,54
SK0217,2023,24
SK0241,2023,22
SK0140,2025,68
SK0012,2021,43
SK0042,2026,92
SK0295,2025,73
SK0256,2023,86
SK0193,2026,61
SK0163,2026,90
SK0221,2022,60
SK0089,2021,90
SK0252,2024,61
SK0217,2026,54
SK0175,2023,38
SK0119,2025,24
SK0033,2022,76
SK0091,2023,95
SK0048,2026,32
SK0220,2025,79
SK0256,2026,98
SK0076,2026,57
SK0231,2024,19
SK0163,2022,83
SK0152,2025,29
SK0270,2024,45
SK0221,2026,67
SK0064,2023,11
SK0061,2022,17
SK0295,2021,42
SK0290,2021,55
SK0113,2025,33
SK0075,2026,17
SK0250,2026,15
SK0208,2023,53
SK0230,2024,30
SK0290,2024,79
SK0205,2024,83
SK0038,2021,28
SK0214,2026,14
SK0161,2025,77
SK0162,2023,84
SK0145,2021,67
SK0254,2023,57
SK0263,2024,45
SK0291,2024,92
SK0217,2022,39
SK0187,2021,94
SK0195,2025,13
SK0118,2025,98
SK0164,2024,50
SK0043,2024,77
SK0010,2025,72
SK0212,2021,11
SK0208,2022,80
SK0267,2023,78
SK0149,2026,31
SK0048,2021,41
SK0208,2024,81
SK0008,2024,87
SK0004,2026,67
SK0070,2022,14
SK0129,2024,96
SK0062,2026,28
SK0079,2021,81
SK0090,2024,70
SK0236,2022,28
SK0276,2021,18
SK0262,2023,75
SK0180,2021,44
SK0166,2025,81
SK0116,2026,40
SK0191,2025,90
SK0012,2025,31
SK0061,2021,56
SK0184,2021,45
SK0230,2026,32
SK0222,2022,92
SK0139,2024,16
SK0240,2021,60
SK0160,2023,52
SK0299,2026,58
SK0228,2024,19
SK0291,2026,94
SK0129,2026,75
SK0052,2022,97
SK0148,2025,95
SK0113,2021,68
SK0185,2025,93
SK0207,2022,95
SK0248,2025,32
SK0242,2026,18
SK0166,2024,73
SK0103,2024,61
SK0215,2024,60
SK0180,2021,80
SK0019,2021,43
SK0147,2023,34
SK0192,2024,58
SK0006,2025,60
SK0250,2024,21
SK0203,2022,99
SK0293,2023,39
SK0260,2023,11
SK0276,2022,99
SK0026,2021,14
SK0284,2026,24
SK0239,2021,98
SK0272,2025,70
SK0194,2024,53
SK0033,2021,80
SK0126,2025,13
SK0128,2021,84
SK0237,2022,22
SK0198,2022,63
SK0127,2021,44
SK0067,2024,32
SK0187,2022,16
SK0156,2025,73
SK0104,2023,70
SK0001,2026,23
SK0032,2021,90
SK0249,2025,43
SK0170,2021,57
SK0173,2026,42
SK0261,2025,62
SK0056,2023,61
SK0077,2021,34
SK0246,2024,73
SK0194,2024,33
SK0012,2025,90
SK0281,2022,28
SK0275,2021,97
SK0236,2022,98
SK0279,2026,22
SK0051,2025,59
SK0231,2024,97
SK0010,2023,92
SK0030,2021,16
SK0167,2026,38
SK0060,2025,80
SK0050,2024,22
SK0266,2022,96
SK0064,2024,56
SK0172,2021,57
SK0206,2023,50
SK0209,2024,66
SK0240,2026,40
SK0184,2022,35
SK0160,2026,78
SK0030,2025,83
SK0171,2021,20
SK0034,2024,43
SK0247,2021,42
SK0232,2022,46
SK0248,2025,52
SK0264,2022,98
SK0167,2023,41
SK0106,2023,78
SK0106,2023,56
SK0065,2024,69
SK0296,2026,73
SK0236,2023,39
SK0023,2025,83
SK0269,2025,58
SK0197,2025,62
SK0290,2024,50
SK0095,2021,80
SK0255,2023,90
SK0160,2023,25
SK0029,2025,50
SK0163,2023,71
SK0219,2026,96
SK0095,2025,90
SK0267,2025,41
SK0105,2026,78
SK0278,2026,35
SK0035,2021,55
SK0280,2021,10
SK0274,2024,43
SK0015,2023,73
SK0296,2026,53
SK0264,2025,50
SK0227,2021,99
SK0277,2021,46
SK0198,2024,12
SK0205,2021,69
SK0169,2023,48
SK0140,2021,10
SK0045,2026,14
SK0252,2023,38
SK0223,2021,60
SK0054,2024,17
SK0286,2024,22
SK0019,2026,99
SK0133,2023,51
SK0135,2021,42
SK0158,2025,29
SK0200,2025,30
SK0286,2025,32
SK0066,2022,15
SK0057,2021,82
SK0071,2021,81
SK0257,2023,68
SK0221,2023,45
SK0064,2021,40
SK0132,2025,11
SK0076,2024,90
SK0001,2025,67
SK0275,2026,45
SK0076,2025,86
SK0137,2025,71
SK0026,2024,70
SK0299,2021,86
SK0233,2021,71
SK0114,2024,82
SK0032,2025,32
SK0287,2023,23
SK0115,2022,89
SK0089,2021,29
SK0112,2025,86
SK0085,2021,55
SK0300,2023,67
SK0093,2022,31
SK0262,2021,79
SK0208,2021,51
SK0101,2024,18
SK0152,2025,40
SK0215,2025,89
SK0076,2022,14
SK0242,2026,65
SK0051,2024,95
SK0206,2026,74
SK0159,2024,39
SK0162,2021,54
SK0265,2022,44
SK0227,2025,62
SK0045,2025,12
SK0009,2026,57
SK0054,2026,12
SK0120,2024,38
SK0073,2026,47
SK0172,2025,26
SK0205,2023,63
SK0233,2026,16
SK0098,2021,70
SK0113,2026,16
SK0251,2021,36
SK0016,2022,35
SK0168,2026,36
SK0165,2025,50
SK0061,2021,69
SK0240,2022,18
SK0180,2024,72
SK0223,2021,17
SK0174,2023,62
SK0086,2024,41
SK0151,2023,71
SK0137,2025,72
SK0238,2022,44
SK0035,2026,69
SK0164,2023,73
SK0098,2026,64
SK0153,2026,78
SK0075,2022,62
SK0283,2024,62
SK0114,2025,78
SK0217,2023,80
SK0142,2024,59
SK0075,2025,83
SK0004,2021,16
SK0123,2023,38
SK0159,2025,82
SK0003,2022,44
SK0167,2021,99
SK0143,2024,79
SK0209,2026,62
SK0112,2024,17
SK0286,2026,52
SK0162,2023,21
SK0245,2023,90
SK0249,2025,52
SK0252,2023,74
SK0033,2021,41
SK0126,2026,34
SK0112,2022,26
SK0160,2022,58
SK0062,2024,43
SK0039,2021,59
SK0034,2025,52
SK0057,2024,11
SK0088,2026,49
SK0214,2023,61
SK0151,2021,11
SK0154,2021,23
SK0202,2024,99
SK0121,2021,79
SK0243,2023,44
SK0142,2026,16
SK0110,2025,44
SK0241,2023,70
SK0209,2026,71
SK0113,2023,13
SK0129,2023,23
SK0269,2026,47
SK0203,2022,55
SK0150,2021,78
SK0064,2024,86
SK0180,2026,24
SK0100,2023,61
SK0227,2025,80
SK0054,2023,53
SK0289,2021,45
SK0283,2023,73
SK0085,2021,77
SK0073,2025,47
SK0084,2023,96
SK0119,2022,31
SK0216,2025,39
SK0266,2024,27
SK0237,2021,11
SK0235,2021,33
SK0219,2021,43
SK0287,2021,96
SK0063,2021,94
SK0218,2023,32
SK0143,2021,83
SK0140,2022,50
SK0183,2021,21
SK0033,2024,16
SK0031,2026,36
SK0017,2023,75
SK0174,2026,20
SK0132,2021,42
SK0051,2021,90
SK0287,2021,40
SK0013,2021,99
SK0175,2024,85
SK0023,2022,56
SK0210,2025,26
SK0269,2025,53
SK0201,2024,73
SK0035,2024,29
SK0300,2022,12
SK0010,2025,27
SK0208,2022,24
SK0208,2025,18
SK0209,2026,22
SK0243,2025,10
SK0160,2026,97
SK0164,2024,20
SK0033,2026,23
SK0151,2021,69
SK0289,2023,87
SK0262,2022,53
SK0127,2024,69
SK0228,2024,15
SK0002,2023,61
SK0227,2026,35
SK0209,2025,30
SK0023,2025,30
SK0253,2024,90
SK0004,2023,91
SK0055,2026,46
SK0205,2021,93
SK0008,2023,42
SK0113,2024,79
SK0053,2026,53
SK0223,2026,90
SK0276,2025,66
SK0269,2023,17
SK0050,2021,58
SK0171,2021,70
SK0190,2025,66
SK0010,2021,26
SK0287,2025,34
SK0022,2022,42
SK0250,2026,82
SK0105,2022,84
SK0068,2024,35
SK0272,2023,66
SK0012,2021,99
SK0279,2025,46
SK0246,2024,68
SK0148,2025,77
SK0253,2025,97
SK0075,2026,71
SK0295,2025,18
SK0221,2022,87
SK0128,2023,26
SK0092,2025,16
SK0052,2026,67
SK0126,2025,80
SK0022,2022,67
SK0300,2026,39
SK0011,2024,84
SK0019,2026,22
SK0066,2024,56
SK0166,2024,18
SK0253,2026,41
SK0089,2022,38
SK0139,2023,69
SK0108,2025,28
SK0189,2024,46
SK0101,2022,12
SK0045,2023,97
SK0037,2024,37
SK0098,2023,34
SK0015,2024,72
SK0082,2026,51
SK0232,2026,35
SK0273,2025,98
SK0145,2026,88
SK0084,2023,70
SK0269,2024,89
SK0142,2026,59
SK0223,2026,36
SK0071,2023,79
SK0170,2026,19
SK0107,2026,90
SK0018,2023,69
SK0154,2024,13
SK0245,2023,20
SK0156,2021,10
SK0121,2023,65
SK0179,2021,87
SK0062,2025,45
SK0293,2023,11
SK0256,2022,67
SK0159,2023,79
SK0274,2023,38
SK0106,2022,38
SK0091,2023,79
SK0201,2024,14
SK0127,2025,11
SK0109,2024,72
SK0176,2025,71
SK0232,2025,68
SK0127,2022,14
SK0133,2023,89
SK0296,2024,92
SK0267,2023,50
SK0164,2023,29
SK0185,2024,78
SK0270,2021,13
SK0231,2026,29
SK0201,2026,68
SK0276,2023,15
SK0099,2021,46
SK0188,2026,59
SK0268,2023,82
SK0089,2024,48
SK0126,2021,74
SK0177,2021,79
SK0186,2026,91
SK0214,2026,21
SK0154,2026,78
SK0096,2023,73
SK0091,2026,89
SK0287,2024,79
SK0251,2021,38
SK0280,2024,99
SK0065,2026,76
SK0122,2021,26
SK0279,2022,17
SK0259,2025,82
SK0161,2026,48
SK0264,2022,70
SK0133,2026,86
SK0002,2024,74
SK0045,2022,64
SK0192,2022,88
SK0174,2024,48
SK0126,2025,71
SK0080,2026,77
SK0063,2025,73
SK0172,2025,62
SK0290,2023,32
SK0074,2022,32
SK0061,2021,67
SK0106,2025,81
SK0214,2021,83
SK0185,2024,93
SK0080,2023,14
SK0050,2025,18
SK0265,2025,59
SK0275,2025,41
SK0260,2021,52
SK0219,2025,31
SK0277,2024,26
SK0270,2021,63
SK0070,2023,94
SK0209,2025,40
SK0187,2021,62
SK0263,2026,67
SK0223,2022,36
SK0203,2025,98
SK0127,2023,40
SK0191,2023,99
SK0054,2024,49
SK0132,2024,51
SK0010,2021,79
SK0161,2023,45
SK0183,2021,88
SK0185,2023,96
SK0010,2022,82
SK0265,2021,40
SK0083,2023,86
SK0297,2025,48
SK0009,2021,21
SK0150,2024,42
SK0275,2022,42
SK0300,2026,36
SK0045,2024,62
SK0107,2022,81
SK0223,2022,45
SK0255,2022,68
SK0003,2026,42
SK0206,2023,17
SK0186,2026,69
SK0246,2023,85
SK0240,2025,99
SK0219,2026,38
SK0061,2023,55
SK0263,2022,88
SK0206,2024,32
SK0188,2025,12
SK0008,2023,42
SK0182,2025,42
SK0175,2024,77
SK0155,2021,89
SK0078,2024,48
SK0070,2026,34
SK0058,2023,33
SK0145,2023,47
SK0298,2022,21
SK0129,2021,24
SK0271,2022,41
SK0192,2022,48
SK0299,2024,24
SK0050,2023,28
SK0155,2025,54
SK0043,2023,18
SK0263,2021,92
SK0300,2026,55
SK0263,2025,73
SK0050,2025,11
SK0051,2026,52
SK0114,2021,32
SK0095,2025,27
SK0111,2022,32
SK0070,2024,12
SK0146,2026,84
SK0143,2023,80
SK0004,2024,12
SK0092,2024,97
SK0157,2025,17
SK0041,2024,47
SK0118,2022,53
SK0026,2024,62
SK0080,2025,44
SK0172,2026,25
SK0132,2022,82
SK0011,2026,35
SK0025,2026,43
SK0291,2024,73
SK0195,2026,63
SK0037,2024,20
SK0172,2022,83
SK0043,2023,90
SK0144,2022,98
SK0057,2026,79
SK0065,2025,33
SK0243,2025,61
SK0094,2021,96
SK0124,2024,70
SK0293,2022,95
SK0123,2023,26
SK0107,2023,41
SK0276,2022,19
SK0019,2024,97
SK0189,2024,30
SK0078,2025,68
SK0018,2021,13
SK0034,2025,67
SK0282,2025,23
SK0265,2025,69
SK0240,2025,45
SK0257,2026,71
SK0202,2022,75
SK0220,2022,51
SK0257,2025,12
SK0280,2024,33
SK0016,2024,36
SK0086,2025,94
SK0268,2026,87
SK0284,2024,55
SK0288,2021,77
SK0122,2025,78
SK0268,2026,95
SK0208,2022,30
SK0218,2021,78
SK0218,2023,21
SK0211,2021,54
SK0261,2022,20
SK0234,2024,81
SK0053,2024,39
SK0182,2026,25
SK0277,2022,38
SK0055,2026,85
SK0054,2021,40
SK0244,2021,85
SK0034,2023,39
SK0058,2024,19
SK0283,2023,68
SK0208,2024,13
SK0088,2021,90
SK0216,2022,18
SK0178,2025,56
SK0099,2024,86
SK0115,2026,31
SK0216,2025,93
SK0232,2021,99
SK0224,2026,31
SK0155,2025,37
SK0103,2021,81
SK0206,2026,97
SK0028,2024,28
SK0049,2021,67
SK0216,2025,74
SK0266,2022,75
SK0066,2022,32
SK0157,2026,36
SK0288,2024,33
SK0041,2023,62
SK0267,2025,21
SK0282,2022,41
SK0001,2025,11
SK0136,2024,84
SK0199,2025,47
SK0089,2025,52
SK0025,2026,51
SK0127,2025,16
SK0254,2024,23
SK0093,2024,69
SK0022,2021,45
SK0127,2023,68
SK0151,2025,97
SK0247,2026,92
SK0298,2023,33
SK0150,2025,92
SK0200,2026,99
SK0121,2021,24
SK0071,2022,83
SK0253,2023,74
SK0229,2026,59
SK0298,2025,84
SK0135,2025,16
SK0146,2021,19
SK0189,2024,70
SK0132,2024,10
SK0012,2026,81
SK0005,2026,75
SK0131,2023,92
SK0165,2026,73
SK0083,2021,63
SK0162,2022,49
SK0086,2023,32
SK0258,2021,22
SK0179,2026,56
SK0258,2022,81
SK0013,2026,83
SK0050,2023,50
SK0105,2022,88
SK0140,2026,37
SK0179,2023,34
SK0280,2023,91
SK0011,2024,93
SK0145,2021,57
SK0229,2022,14
SK0030,2021,40
SK0093,2021,21
SK0046,2022,77
SK0282,2023,30
SK0287,2022,43
SK0151,2022,65
SK0063,2023,47
SK0216,2025,57
SK0150,2026,40
SK0021,2021,90
SK0229,2021,39
SK0237,2026,82
SK0012,2021,83
SK0137,2023,60
SK0045,2025,97
SK0117,2022,63
SK0029,2023,29
SK0038,2021,92
SK0077,2023,32
SK0145,2026,27
SK0201,2025,16
SK0109,2025,20
SK0212,2024,55
SK0025,2024,48
SK0219,2021,30
SK0264,2023,96
SK0159,2025,11
SK0050,2025,59
SK0054,2023,81
SK0044,2023,53
SK0171,2022,92
SK0003,2021,31
SK0293,2023,99
SK0148,2022,62
SK0250,2024,35
SK0293,2023,39
SK0013,2023,22
SK0200,2025,25
SK0284,2024,40
SK0235,2022,97
SK0064,2021,34
SK0130,2023,46
SK0061,2021,55
SK0192,2024,72
SK0104,2024,39
SK0075,2026,96
SK0150,2023,34
SK0233,2022,46
SK0080,2024,12
SK0290,2026,16
SK0082,2025,58
SK0164,2021,86
SK0260,2026,28
SK0139,2023,39
SK0273,2023,67
SK0076,2021,28
SK0246,2023,76
SK0154,2021,65
SK0207,2022,47
SK0144,2021,10
SK0293,2024,75
SK0009,2024,56
SK0164,2022,92
SK0170,2024,82
SK0135,2023,46
SK0175,2022,25
SK0032,2026,76
SK0258,2025,40
SK0058,2023,57
SK0300,2025,10
SK0176,2025,19
SK0214,2022,39
SK0010,2021,20
SK0219,2023,75
SK0163,2025,51
SK0281,2021,55
SK0054,2025,72
SK0179,2023,88
SK0216,2021,49
SK0268,2023,87
SK0230,2023,61
SK0009,2025,64
SK0261,2021,22
SK0062,2022,90
SK0208,2023,68
SK0030,2024,41
SK0123,2021,82
SK0096,2026,98
SK0292,2024,85
SK0089,2025,38
SK0158,2022,15
SK0011,2026,42
SK0029,2023,76
SK0152,2024,66
SK0179,2026,77
SK0228,2025,25
SK0039,2026,21
SK0109,2021,33
SK0243,2021,90
SK0233,2023,14
SK0096,2021,63
SK0283,2026,26
SK0059,2023,81
SK0170,2021,93
SK0015,2026,40
SK0004,2023,61
SK0257,2023,16
SK0125,2026,82
SK0211,2026,58
SK0264,2026,60
SK0262,2023,55
SK0254,2021,29
SK0271,2023,34
SK0129,2023,41
SK0136,2025,16
SK0260,2025,10
SK0005,2025,79
SK0162,2024,50
SK0004,2026,48
SK0168,2025,60
SK0208,2026,69
SK0006,2024,20
SK0071,2025,99
SK0138,2025,54
SK0107,2026,62
SK0062,2022,32
SK0071,2022,54
SK0183,2023,73
SK0123,2025,29
SK0151,2026,43
SK0038,2021,21
SK0124,2024,49
SK0142,2025,31
SK0011,2025,80
SK0124,2023,64
SK0166,2026,86
SK0129,2026,47
SK0176,2022,42
SK0149,2022,59
SK0264,2022,35
SK0271,2025,16
SK0007,2024,75
SK0011,2025,29
SK0248,2023,86
SK0159,2025,59
SK0097,2023,70
SK0282,2026,89
SK0001,2022,94
SK0079,2022,41
SK0129,2023,47
SK0172,2023,70
SK0297,2022,22
SK0152,2024,70
SK0252,2025,71
SK0216,2023,24
SK0283,2024,52
SK0145,2026,72
SK0111,2023,18
SK0288,2023,94
SK0208,2021,12
SK0216,2023,67
SK0271,2024,29
SK0202,2026,54
SK0202,2026,13
SK0039,2021,34
SK0120,2025,15
SK0034,2023,17
SK0023,2026,43
SK0205,2023,71
SK0189,2022,65
SK0298,2021,69
SK0017,2026,68
SK0183,2022,76
SK0079,2025,41
SK0208,2025,94
SK0052,2022,78
SK0121,2025,82
SK0141,2022,34
SK0128,2025,89
SK0165,2025,58
SK0158,2026,42
SK0068,2022,99
SK0119,2025,55
SK0023,2024,30
SK0162,2025,23
SK0016,2026,23
SK0232,2025,15
SK0029,2026,64
SK0109,2024,28
SK0002,2026,39
SK0239,2026,68
SK0263,2021,64
SK0274,2022,48
SK0116,2021,37
SK0192,2023,13
SK0124,2024,25
SK0134,2026,78
SK0014,2021,26
SK0087,2025,47
SK0152,2022,43
SK0094,2022,30
SK0298,2023,57
SK0091,2025,35
SK0260,2024,19
SK0013,2023,94
SK0173,2023,10
SK0185,2024,16
SK0085,2023,92
SK0101,2024,70
SK0265,2024,52
SK0046,2021,80
SK0243,2023,47
SK0118,2021,31
SK0115,2023,28
SK0048,2022,45
SK0300,2025,12
SK0216,2025,88
SK0247,2025,69
SK0195,2026,70
SK0056,2024,77
SK0044,2022,97
SK0179,2023,62
SK0205,2024,42
SK0184,2021,85
SK0170,2022,56
SK0130,2025,18
SK0078,2026,98
SK0126,2022,37
SK0056,2022,58
SK0091,2026,63
SK0194,2022,81
SK0144,2025,20
SK0074,2025,59
SK0167,2026,13
SK0051,2023,23
SK0132,2023,97
SK0237,2026,24
SK0293,2026,33
SK0003,2026,81
SK0246,2022,74
SK0109,2025,26
SK0053,2023,81
SK0274,2021,96
SK0236,2025,35
SK0071,2022,25
SK0162,2024,92
SK0250,2025,63
SK0083,2024,29
SK0116,2024,71
SK0158,2023,19
SK0222,2026,51
SK0081,2021,61
SK0122,2026,75
SK0249,2023,45
SK0004,2024,37
SK0153,2021,15
SK0163,2024,26
SK0146,2024,93
SK0269,2024,56
SK0087,2026,31
SK0132,2021,16
SK0002,2026,47
SK0111,2022,12
SK0235,2024,18
SK0068,2024,41
SK0021,2021,69
SK0208,2025,13
SK0001,2021,59
SK0144,2022,87
SK0044,2025,30
SK0121,2021,87
SK0173,2021,28
SK0024,2021,74
SK0015,2022,32
SK0285,2025,28
SK0238,2021,70
SK0232,2026,96
SK0089,2021,89
SK0259,2022,45
SK0252,2025,88
SK0033,2022,84
SK0003,2024,78
SK0232,2021,26
SK0296,2024,20
SK0239,2025,26
SK0182,2025,80
SK0086,2026,46
SK0215,2023,86
SK0024,2023,55
SK0059,2022,45
SK0213,2022,94
SK0182,2022,46
SK0058,2022,96
SK0261,2026,73
SK0288,2021,95
SK0194,2021,79
SK0217,2025,64
SK0048,2021,18
SK0229,2025,33
SK0194,2026,66
SK0142,2025,47
SK0080,2026,21
SK0130,2022,80
SK0192,2022,44
SK0272,2026,59
SK0258,2021,85
SK0031,2025,24
SK0086,2023,47
SK0257,2024,16
SK0125,2022,23
SK0104,2025,45
SK0120,2026,20
SK0284,2024,30
SK0167,2023,80
SK0223,2021,61
SK0173,2025,50
SK0245,2021,53
SK0193,2026,32
SK0041,2024,78
SK0193,2024,59
SK0052,2025,98
SK0187,2021,71
SK0027,2024,93
SK0254,2022,78
SK0270,2021,91
SK0163,2024,12
SK0148,2022,18
SK0117,2025,52
SK0174,2025,51
SK0186,2024,14
SK0157,2023,38
SK0003,2022,46
SK0104,2021,23
SK0065,2022,48
SK0231,2025,48
SK0086,2022,66
SK0276,2024,21
SK0047,2026,20
SK0257,2023,30
SK0212,2024,54
SK0174,2026,30
SK0192,2025,25
SK0258,2026,70
SK0117,2024,65
SK0284,2026,80
SK0185,2025,62
SK0108,2023,78
SK0003,2022,20
SK0276,2022,85
SK0294,2022,40
SK0300,2022,78
SK0074,2024,93
SK0201,2021,38
SK0215,2023,60
SK0184,2022,53
SK0167,2023,51
SK0225,2022,29
SK0073,2022,40
SK0255,2025,12
SK0139,2025,30
SK0186,2025,48
SK0079,2025,12
SK0095,2023,67
SK0096,2023,32
SK0293,2023,53
SK0183,2024,93
SK0241,2021,84
SK0015,2024,35
SK0153,2022,75
SK0163,2024,57
SK0008,2022,77
SK0025,2026,22
SK0274,2022,48
SK0101,2024,20
SK0116,2021,65
SK0247,2023,19
SK0213,2025,23
SK0191,2022,98
SK0234,2025,76
SK0011,2026,19
SK0088,2024,85
SK0210,2023,86
SK0090,2023,37
SK0112,2026,12
SK0061,2022,78
SK0029,2025,71
SK0285,2023,12
SK0122,2025,24
SK0189,2026,37
SK0159,2021,26
SK0122,2024,45
SK0261,2026,48
SK0012,2021,85
SK0077,2023,81
SK0185,2025,58
SK0087,2023,27
SK0102,2024,65
SK0147,2026,95
SK0133,2024,42
SK0113,2026,45
SK0067,2025,84
SK0168,2025,95
SK0225,2022,22
SK0127,2021,69
SK0066,2026,85
SK0203,2021,19
SK0062,2026,11
SK0296,2024,33
SK0016,2022,82
SK0180,2024,61
SK0246,2024,18
SK0253,2024,90
SK0265,2022,29
SK0057,2026,46
SK0120,2021,80
SK0105,2021,51
SK0233,2026,61
SK0089,2022,14
SK0085,2021,70
SK0033,2024,64
SK0186,2024,41
SK0080,2023,46
SK0040,2026,39
SK0264,2022,61
SK0014,2026,68
SK0216,2024,19
SK0256,2026,49
SK0238,2025,28
SK0020,2022,50
SK0053,2024,13
SK0118,2025,95
SK0171,2021,66
SK0085,2023,83
SK0138,2026,33
SK0298,2026,42
SK0281,2026,54
SK0144,2025,19
SK0009,2025,77
SK0176,2024,94
SK0244,2022,29
SK0102,2022,32
SK0033,2021,14
SK0220,2025,29
SK0170,2026,98
SK0092,2026,73
SK0156,2025,48
SK0112,2026,52
SK0171,2024,38
SK0140,2022,32
SK0265,2026,62
SK0002,2021,18
SK0287,2021,35
SK0075,2022,55
SK0232,2022,93
SK0089,2021,26
SK0122,2021,41
SK0268,2023,38
SK0277,2023,82
SK0235,2024,25
SK0041,2024,59
SK0067,2024,34
SK0268,2025,23
SK0274,2023,70
SK0057,2021,81
SK0256,2023,47
SK0203,2026,78
SK0050,2024,18
SK0163,2024,85
SK0145,2024,86
SK0096,2023,95
SK0075,2021,84
SK0096,2022,34
SK0090,2021,37
SK0290,2026,68
SK0175,2023,72
SK0258,2021,50
SK0050,2023,26
SK0159,2023,84
SK0079,2025,76
SK0087,2025,92
SK0249,2026,35
SK0022,2021,90
SK0140,2023,73
SK0183,2026,34
SK0276,2023,50
SK0024,2024,12
SK0066,2023,13
SK0018,2024,39
SK0238,2022,46
SK0037,2021,12
SK0165,2021,41
SK0210,2026,33
SK0151,2024,92
SK0092,2021,67
SK0176,2023,87
SK0062,2025,14
SK0175,2024,32
SK0175,2022,43
SK0033,2024,67
SK0109,2025,72
SK0096,2024,91
SK0086,2023,49
SK0207,2021,77
SK0185,2026,71
SK0290,2022,20
SK0060,2024,97
SK0036,2021,65
SK0182,2023,55
SK0249,2024,28
SK0249,2025,47
SK0149,2021,24
SK0092,2024,68
SK0056,2023,17
SK0115,2026,33
SK0004,2022,81
SK0286,2025,22
SK0108,2025,54
SK0135,2021,58
SK0041,2026,86
SK0186,2021,94
SK0079,2025,84
SK0048,2026,74
SK0212,2021,88
SK0279,2024,21
SK0275,2023,97
SK0224,2021,29
SK0171,2021,80
SK0243,2022,86
SK0201,2023,29
SK0165,2021,59
SK0052,2021,60
SK0250,2021,63
SK0157,2024,31
SK0118,2026,60
SK0194,2022,28
SK0152,2021,83
SK0222,2022,44
SK0215,2021,67
SK0106,2022,16
SK0202,2021,40
SK0023,2024,16
SK0043,2021,17
SK0143,2025,76
SK0184,2025,52
SK0106,2021,73
SK0130,2023,35
SK0268,2024,87
SK0180,2024,55
SK0222,2026,66
SK0070,2024,72
SK0131,2021,77
SK0073,2021,99
SK0006,2021,81
SK0147,2025,79
SK0204,2025,66
SK0298,2022,17
SK0219,2026,21
SK0298,2023,51
SK0234,2021,93
SK0028,2025,94
SK0198,2025,46
SK0178,2021,44
SK0196,2024,13
SK0173,2023,66
SK0194,2026,33
SK0157,2025,97
SK0233,2021,40
SK0088,2025,51
SK0225,2023,27
SK0074,2023,95
SK0201,2022,91
SK0117,2025,49
SK0251,2022,78
SK0019,2021,37
SK0288,2026,63
SK0075,2021,95
SK0032,2026,22
SK0103,2022,80
SK0119,2026,21
SK0095,2021,12
SK0147,2022,39
SK0237,2021,73
SK0151,2021,80
SK0210,2023,83
SK0214,2022,85
SK0275,2024,30
SK0118,2026,65
SK0014,2024,73
SK0067,2024,51
SK0122,2025,89
SK0262,2024,48
SK0156,2026,74
SK0269,2023,61
SK0019,2022,52
SK0293,2023,15
SK0061,2022,85
SK0152,2026,68
SK0195,2025,52
SK0252,2024,16
SK0231,2025,43
SK0257,2025,95
SK0031,2021,76
SK0020,2026,69
SK0129,2025,40
SK0252,2023,29
SK0110,2021,98
SK0257,2022,52
SK0013,2024,50
SK0119,2021,69
SK0169,2021,66
SK0251,2026,67
SK0129,2023,95
SK0243,2021,70
SK0259,2024,85
SK0180,2023,40
SK0227,2023,55
SK0117,2022,43
SK0247,2021,65
SK0164,2024,77
SK0129,2022,50
SK0257,2024,60
SK0171,2024,94
SK0228,2021,64
SK0240,2021,20
SK0043,2025,47
SK0240,2026,20
SK0121,2023,94
SK0269,2026,94
SK0213,2025,61
SK0253,2026,36
SK0009,2026,40
SK0077,2026,29
SK0259,2024,85
SK0033,2025,24
SK0141,2025,27
SK0025,2026,19
SK0291,2024,57
SK0013,2023,50
SK0255,2023,90
SK0154,2024,90
SK0228,2026,72
SK0245,2024,40
SK0058,2022,59
SK0001,2025,68
SK0164,2021,38
SK0184,2024,46
SK0283,2024,34
SK0276,2026,52
SK0178,2025,44
SK0036,2024,32
SK0282,2021,79
SK0207,2023,78
SK0183,2021,45
SK0263,2021,30
SK0287,2025,49
SK0266,2022,16
SK0263,2026,59
SK0069,2026,14
SK0119,2024,22
SK0070,2021,96
SK0038,2022,42
SK0021,2023,41
SK0291,2025,63
SK0167,2024,14
SK0263,2022,57
SK0045,2021,22
SK0149,2022,90
SK0001,2021,27
SK0211,2022,11
SK0127,2021,70
SK0010,2025,14
SK0162,2024,64
SK0108,2024,22
SK0229,2021,60
SK0161,2025,79
SK0212,2023,94
SK0099,2023,76
SK0130,2023,37
SK0268,2022,36
SK0021,2025,73
SK0127,2025,19
SK0191,2025,76
SK0137,2024,64
SK0027,2023,92
SK0197,2024,48
SK0241,2022,91
SK0299,2023,19
SK0123,2022,67
SK0292,2022,48
SK0080,2023,84
SK0120,2024,19
SK0075,2023,26
SK0203,2025,50
SK0205,2021,99
SK0159,2026,33
SK0161,2023,30
SK0186,2025,76
SK0155,2026,69
SK0233,2024,75
SK0289,2026,70
SK0138,2026,33
SK0156,2021,91
SK0117,2026,63
SK0068,2022,42
SK0174,2025,91
SK0016,2025,10
SK0159,2021,50
SK0107,2024,83
SK0220,2021,11
SK0102,2022,64
SK0189,2025,60
SK0023,2023,90
SK0066,2026,33
SK0114,2023,75
SK0176,2026,67
SK0112,2026,26
SK0148,2022,96
SK0276,2022,87
SK0038,2022,45
SK0203,2021,62
SK0246,2021,24
SK0040,2023,24
SK0186,2022,64
SK0014,2022,69
SK0061,2021,23
SK0038,2025,22
SK0266,2026,51
SK0159,2024,70
SK0093,2023,72
SK0207,2024,32
SK0227,2024,97
SK0007,2022,59
SK0060,2021,36
SK0077,2024,65
SK0133,2022,93
SK0074,2025,92
SK0145,2022,97
SK0264,2024,73
SK0219,2022,98
SK0011,2021,57
SK0241,2025,30
SK0045,2025,44
SK0064,2026,31
SK0257,2022,46
SK0026,2021,13
SK0031,2026,91
SK0064,2023,87
SK0033,2026,92
SK0054,2024,97
SK0057,2024,67
SK0056,2024,21
SK0025,2023,72
SK0035,2025,58
SK0221,2023,59
SK0101,2023,90
SK0269,2024,72
SK0089,2025,55
SK0289,2023,11
SK0052,2021,98
SK0251,2023,84
SK0072,2022,29
SK0187,2026,80
SK0028,2025,67
SK0052,2023,88
SK0275,2026,74
SK0020,2026,64
SK0258,2022,93
SK0273,2024,51
SK0122,2021,40
SK0076,2024,68
SK0138,2025,77
SK0275,2021,65
SK0064,2021,22
SK0189,2021,40
SK0032,2025,53
SK0186,2025,17
SK0207,2026,75
SK0159,2022,11
SK0102,2021,69
SK0140,2025,56
SK0203,2024,96
SK0147,2023,24
SK0057,2021,16
SK0214,2025,63
SK0187,2023,90
SK0020,2024,33
SK0272,2022,96
SK0280,2022,48
SK0081,2023,47
SK0279,2024,75
SK0210,2024,69
SK0045,2025,11
SK0167,2021,74
SK0248,2022,46
SK0199,2022,78
SK0093,2022,55
SK0076,2025,31
SK0169,2024,67
SK0139,2022,91
SK0246,2025,27
SK0110,2021,40
SK0209,2024,28
SK0288,2026,53
SK0110,2021,14
SK0089,2023,52
SK0090,2021,24
SK0169,2022,88
SK0127,2022,82
SK0002,2022,68
SK0127,2025,18
SK0174,2023,30
SK0289,2023,57
SK0113,2025,83
SK0051,2023,58
SK0199,2024,91
SK0231,2024,75
SK0113,2022,66
SK0251,2022,14
SK0270,2022,32
SK0293,2022,56
SK0279,2023,16
SK0165,2022,87
SK0182,2024,58
SK0296,2022,57
SK0165,2024,60
SK0168,2022,33
SK0154,2023,94
SK0143,2022,33
SK0156,2021,64
SK0031,2025,59
SK0128,2023,35
SK0149,2026,40
SK0065,2026,97
SK0107,2021,59
SK0093,2024,30
SK0100,2024,13
SK0211,2022,16
SK0248,2021,40
SK0065,2026,28
SK0226,2023,97
SK0200,2026,22
SK0011,2023,98
SK0079,2022,10
SK0189,2023,15
SK0117,2025,96
SK0153,2025,76
SK0201,2026,63
SK0184,2026,27
SK0030,2023,20
SK0039,2021,45
SK0156,2026,52
SK0117,2021,88
SK0052,2024,99
SK0129,2023,16
SK0053,2022,78
SK0165,2024,29
SK0150,2025,88
SK0090,2023,30
SK0020,2021,90
SK0252,2021,75
SK0246,2025,66
SK0057,2023,58
SK0082,2021,31
SK0024,2022,91
SK0145,2023,76
SK0214,2023,49
SK0199,2025,38
SK0225,2021,42
SK0194,2023,82
SK0179,2021,81
SK0063,2021,87
SK0263,2023,66
SK0250,2021,98
SK0270,2023,72
SK0060,2026,93
SK0123,2023,28
SK0293,2023,24
SK0202,2022,93
SK0146,2022,10
SK0242,2024,58
SK0056,2024,20
SK0062,2022,39
SK0216,2026,68
SK0089,2026,14
SK0020,2025,77
SK0253,2025,43
SK0205,2025,88
SK0043,2021,37
SK0072,2021,86
SK0172,2026,86
SK0123,2024,59
SK0159,2026,42
SK0113,2024,13
SK0213,2022,20
SK0060,2024,46
SK0090,2021,95
SK0073,2022,76
SK0173,2025,25
SK0023,2024,14
SK0038,2023,89
SK0143,2022,92
SK0015,2024,24
SK0070,2021,79
SK0174,2024,37
SK0074,2024,27
SK0190,2021,70
SK0259,2025,42
SK0084,2024,68
SK0020,2021,85
SK0007,2021,77
SK0128,2021,64
SK0194,2024,62
SK0134,2021,21
SK0037,2022,95
SK0261,2024,62
SK0157,2023,95
SK0194,2022,40
SK0053,2024,46
SK0243,2021,70
SK0296,2024,31
SK0073,2021,52
SK0023,2022,81
SK0043,2026,41
SK0022,2026,28
SK0088,2021,84
SK0105,2023,48
SK0060,2021,74
SK0289,2024,34
SK0106,2023,20
SK0068,2023,81
SK0137,2022,24
SK0299,2026,92
SK0176,2023,25
SK0013,2023,26
SK0275,2023,81
SK0260,2022,23
SK0270,2021,82
SK0027,2022,25
SK0253,2025,87
SK0100,2022,51
SK0220,2022,87
SK0114,2021,27
SK0163,2026,14
SK0089,2026,34
SK0080,2022,88
SK0278,2021,47
SK0006,2025,22
SK0053,2024,24
SK0136,2025,54
SK0264,2021,77
SK0260,2024,65
SK0207,2021,54
SK0245,2021,89
SK0167,2026,28
SK0028,2023,29
SK0062,2026,73
SK0106,2025,73
SK0260,2024,61
SK0281,2023,14
SK0217,2026,34
SK0243,2026,48
SK0246,2022,74
SK0030,2025,28
SK0018,2021,60
SK0299,2024,47
SK0282,2022,25
SK0185,2026,90
SK0141,2022,19
SK0191,2025,88
SK0039,2024,65
SK0159,2026,19
SK0120,2021,52
SK0118,2021,76
SK0116,2023,30
SK0019,2023,83
SK0284,2026,85
SK0221,2026,53
SK0163,2022,33
SK0186,2022,76
SK0077,2025,54
SK0080,2021,95
SK0287,2022,11
SK0193,2024,92
SK0182,2022,64
SK0054,2026,44
SK0031,2022,21
SK0218,2022,59
SK0121,2023,39
SK0190,2024,62
SK0294,2021,40
SK0190,2024,79
SK0061,2022,83
SK0192,2022,37
SK0189,2022,28
SK0299,2023,15
SK0091,2022,37
SK0193,2023,66
SK0136,2025,82
SK0213,2026,28
SK0290,2024,16
SK0010,2024,34
SK0061,2025,64
SK0289,2025,56
SK0294,2024,32
SK0262,2025,87
SK0035,2023,20
SK0064,2022,79
SK0154,2025,24
SK0027,2021,52
SK0112,2022,17
SK0135,2026,83
SK0089,2023,96
SK0169,2024,59
SK0004,2024,39
SK0236,2024,63
SK0064,2023,34
SK0014,2023,96
SK0101,2026,12
SK0218,2021,35
SK0101,2025,90
SK0252,2022,51
SK0232,2021,81
SK0227,2023,26
SK0050,2021,69
SK0089,2024,61
SK0287,2025,16
SK0214,2024,25
SK0233,2022,24
SK0127,2022,90
SK0041,2021,62
SK0053,2024,43
SK0102,2022,59
SK0163,2025,31
SK0145,2025,29
SK0028,2023,94
SK0283,2024,18
SK0014,2024,40
SK0146,2023,52
SK0268,2024,14
SK0172,2025,70
SK0250,2025,33
SK0265,2023,30
SK0194,2025,78
SK0189,2022,34
SK0066,2024,85
SK0078,2025,25
SK0147,2025,46
SK0117,2026,88
SK0026,2024,72
SK0124,2023,63
SK0264,2021,58
SK0186,2025,73
SK0163,2026,39
SK0199,2024,26
SK0188,2025,63
SK0264,2024,65
SK0262,2026,56
SK0048,2024,38
SK0051,2024,78
SK0221,2021,75
SK0243,2021,87
SK0274,2022,46
SK0082,2025,61
SK0166,2024,48
SK0181,2026,62
SK0029,2024,69
SK0108,2026,42
SK0295,2026,48
SK0072,2025,72
SK0147,2026,93
SK0116,2021,58
SK0050,2024,68
SK0133,2022,70
SK0094,2023,55
SK0146,2025,74
SK0226,2025,27
SK0222,2025,52
SK0125,2021,62
SK0183,2026,85
SK0129,2023,92
SK0046,2024,90
SK0057,2026,13
SK0124,2025,34
SK0077,2021,15
SK0105,2025,13
SK0208,2022,70
SK0053,2022,60
SK0023,2023,22
SK0230,2021,17
SK0160,2024,36
SK0133,2025,12
SK0111,2023,70
SK0012,2024,31
SK0289,2024,19
SK0127,2024,32
SK0141,2024,76
SK0213,2022,67
SK0221,2025,34
SK0118,2022,97
SK0083,2026,92
SK0110,2026,75
SK0287,2025,14
SK0078,2021,97
SK0268,2024,26
SK0036,2022,44
SK0021,2024,84
SK0110,2026,29
SK0029,2021,27
SK0092,2024,86
SK0242,2026,66
SK0235,2022,38
SK0250,2021,75
SK0206,2021,84
SK0182,2021,21
SK0031,2023,21
SK0209,2023,78
SK0278,2021,82
SK0254,2022,60
SK0113,2024,13
SK0155,2023,73
SK0169,2024,24
SK0175,2024,72
SK0146,2021,93
SK0235,2024,43
SK0018,2026,66
SK0141,2026,61
SK0119,2022,14
SK0153,2022,94
SK0137,2021,21
SK0290,2026,94
SK0244,2025,93
SK0154,2022,68
SK0067,2021,99
SK0285,2026,15
SK0292,2021,85
SK0213,2021,10
SK0240,2023,16
SK0262,2024,64
SK0193,2024,73
SK0256,2022,45
SK0159,2025,12
SK0014,2025,87
SK0095,2023,61
SK0099,2024,97
SK0220,2023,29
SK0111,2023,39
SK0081,2022,48
SK0039,2026,89
SK0101,2021,86
SK0286,2026,82
SK0292,2022,97
SK0071,2022,62
SK0028,2023,27
SK0292,2021,91
SK0035,2026,26
SK0097,2021,42
SK0086,2021,47
SK0031,2026,61
SK0165,2022,39
SK0148,2023,93
SK0266,2023,57
SK0134,2022,18
SK0161,2023,62
SK0083,2026,40
SK0079,2024,26
SK0239,2023,61
SK0256,2026,55
SK0197,2024,10
SK0215,2023,53
SK0066,2022,50
SK0182,2024,67
SK0084,2023,23
SK0030,2021,19
SK0063,2023,50
SK0297,2021,82
SK0210,2024,59
SK0249,2022,37
SK0234,2024,44
SK0106,2026,49
SK0143,2025,14
SK0287,2025,36
SK0132,2024,70
SK0211,2025,60
SK0232,2025,75
SK0290,2021,93
SK0016,2026,64
SK0262,2023,28
SK0189,2021,19
SK0099,2025,40
SK0047,2022,10
SK0175,2026,35
SK0265,2021,78
SK0261,2022,88
SK0090,2024,64
SK0185,2026,76
SK0062,2025,28
SK0069,2026,98
SK0070,2021,25
SK0059,2026,24
SK0040,2025,57
SK0079,2025,35
SK0284,2021,73
SK0228,2021,93
SK0057,2023,89
SK0222,2026,62
SK0224,2022,33
SK0084,2021,49
SK0105,2024,49
SK0191,2026,99
SK0290,2025,49
SK0251,2023,61
SK0130,2021,80
SK0281,2023,81
SK0283,2022,42
SK0264,2024,37
SK0212,2023,78
SK0267,2021,54
SK0125,2024,67
SK0251,2025,28
SK0180,2026,59
SK0233,2026,10
SK0151,2021,12
SK0042,2024,36
SK0167,2023,84
SK0259,2022,41
SK0185,2024,82
SK0157,2026,68
SK0288,2025,34
SK0041,2026,73
SK0300,2025,83
SK0162,2024,82
SK0165,2021,41
SK0277,2026,86
SK0003,2023,48
SK0155,2021,21
SK0021,2022,27
SK0026,2023,39
SK0288,2021,97
SK0056,2023,46
SK0243,2025,93
SK0119,2024,36
SK0298,2025,62
SK0204,2021,45
SK0036,2025,15
SK0087,2025,26
SK0236,2025,64
SK0021,2023,37
SK0128,2022,11
SK0084,2021,30
SK0278,2024,97
SK0140,2024,73
SK0124,2024,63
SK0125,2024,75
SK0115,2025,86
SK0227,2025,83
SK0037,2025,33
SK0144,2026,61
SK0288,2023,64
SK0285,2022,51
SK0136,2026,70
SK0290,2025,45
SK0132,2021,65
SK0049,2025,33
SK0093,2026,96
SK0176,2021,16
SK0036,2023,46
SK0230,2026,27
SK0108,2025,11
SK0011,2026,98
SK0115,2023,35
SK0033,2023,26
SK0005,2024,63
SK0012,2026,45
SK0023,2023,98
SK0186,2022,54
SK0251,2026,71
SK0093,2022,13
SK0128,2024,75
SK0055,2024,20
SK0218,2023,40
SK0228,2022,11
SK0060,2025,44
SK0265,2025,99
SK0074,2021,61
SK0198,2023,14
SK0036,2026,50
SK0040,2023,84
SK0037,2025,64
SK0203,2022,46
SK0142,2024,20
SK0276,2023,95
SK0065,2024,56
SK0077,2022,10
SK0265,2026,66
SK0127,2026,29
SK0160,2026,33
SK0009,2025,86
SK0089,2026,16
SK0029,2024,98
SK0182,2024,64
SK0130,2024,99
SK0224,2024,34
SK0066,2023,49
SK0071,2021,10
SK0052,2021,29
SK0260,2023,75
SK0134,2026,16
SK0187,2026,74
SK0249,2025,29
SK0066,2025,44
SK0249,2026,51
SK0102,2021,86
SK0080,2021,91
SK0214,2024,85
SK0144,2022,33
SK0141,2024,11
SK0041,2026,33
SK0266,2024,47
SK0106,2024,47
SK0266,2025,74
SK0008,2021,88
SK0228,2021,80
SK0129,2026,26
SK0288,2026,79
SK0300,2021,37
SK0175,2023,58
SK0292,2022,73
SK0168,2023,65
SK0156,2026,74
SK0130,2026,60
SK0108,2026,74
SK0167,2022,24
SK0013,2022,13
SK0263,2026,83
SK0061,2023,86
SK0147,2025,28
SK0011,2023,93
SK0261,2023,73
SK0037,2023,53
SK0118,2023,67
SK0154,2025,78
SK0258,2021,15
SK0198,2022,48
SK0078,2022,66
SK0122,2021,88
SK0082,2025,67
SK0105,2026,87
SK0215,2023,44
SK0040,2023,39
SK0195,2025,24
SK0255,2026,68
SK0224,2024,83
SK0295,2026,77
SK0222,2023,57
SK0151,2023,86
SK0004,2025,91
SK0271,2025,26
SK0284,2024,71
SK0213,2022,64
SK0285,2021,96
SK0228,2024,86
SK0143,2024,15
SK0122,2025,78
SK0222,2026,60
SK0029,2021,49
SK0151,2022,88
SK0262,2026,23
SK0048,2025,50
SK0124,2024,44
SK0030,2021,52
SK0279,2024,38
SK0186,2025,76
SK0233,2023,46
SK0168,2021,59
SK0241,2025,78
SK0101,2026,71
SK0249,2026,40
SK0239,2025,64
SK0086,2025,42
SK0007,2025,55
SK0064,2021,69
SK0158,2023,83
SK0082,2026,57
SK0003,2022,12
SK0211,2023,88
SK0186,2022,93
SK0001,2025,30
SK0102,2023,84
SK0171,2025,22
SK0300,2026,73
SK0143,2025,96
SK0024,2021,89
SK0143,2022,54
SK0074,2024,12
SK0158,2024,11
SK0293,2025,52
SK0296,2025,73
SK0232,2025,60
SK0011,2024,35
SK0072,2024,65
SK0273,2024,37
SK0014,2023,68
SK0287,2022,90
SK0181,2024,81
SK0284,2026,56
SK0048,2026,51
SK0206,2023,93
SK0266,2022,40
SK0227,2024,88
SK0096,2026,19
SK0017,2025,11
SK0100,2026,16
SK0236,2026,52
SK0104,2026,91
SK0076,2022,58
SK0089,2024,75
SK0134,2022,27
SK0067,2026,24
SK0115,2023,12
SK0289,2021,67
SK0123,2024,36
SK0192,2025,48
SK0184,2025,50
SK0144,2022,93
SK0271,2023,34
SK0255,2021,11
SK0126,2026,83
SK0145,2023,60
SK0286,2023,45
SK0154,2022,33
SK0104,2024,63
SK0017,2022,19
SK0248,2021,37
SK0298,2021,87
SK0017,2021,38
SK0031,2023,33
SK0044,2024,75
SK0199,2025,92
SK0032,2023,26
SK0297,2026,36
SK0262,2025,39
SK0148,2025,49
SK0132,2025,72
SK0173,2021,31
SK0248,2025,32
SK0023,2021,38
SK0229,2026,87
SK0121,2024,35
SK0283,2021,62
SK0213,2026,41
SK0245,2022,52
SK0264,2025,36
SK0261,2023,55
SK0247,2023,41
SK0123,2021,63
SK0053,2023,95
SK0278,2021,71
SK0178,2024,49
SK0166,2021,12
SK0033,2022,52
SK0294,2023,94
SK0191,2026,53
SK0177,2022,71
SK0158,2023,35
SK0001,2022,66
SK0274,2022,34
SK0291,2023,18
SK0137,2026,44
SK0175,2026,47
SK0146,2023,19
SK0109,2026,74
SK0070,2024,22
SK0037,2026,97
SK0251,2021,37
SK0237,2024,88
SK0038,2024,73
SK0214,2023,54
SK0145,2025,89
SK0243,2024,92
SK0162,2025,90
SK0099,2026,17
SK0089,2022,41
SK0142,2024,82
SK0208,2021,57
SK0148,2026,80
SK0281,2024,21
SK0140,2024,15
SK0131,2021,65
SK0164,2022,25
SK0125,2021,56
SK0102,2022,59
SK0025,2022,34
SK0224,2026,24
SK0037,2025,32
SK0271,2022,92
SK0208,2021,40
SK0299,2024,86
SK0171,2026,19
SK0025,2023,43
SK0195,2024,25
SK0274,2025,42
SK0200,2023,30
SK0101,2026,78
SK0256,2022,73
SK0204,2026,98
SK0154,2026,40
SK0256,2022,75
SK0039,2025,59
SK0116,2021,58
SK0157,2023,98
SK0278,2024,58
SK0071,2021,29
SK0036,2023,83
SK0047,2021,73
SK0093,2024,87
SK0221,2024,12
SK0262,2024,35
SK0164,2024,20
SK0160,2023,25
SK0011,2021,94
SK0083,2026,40
SK0177,2026,50
SK0086,2026,26
SK0150,2022,28
SK0016,2026,19
SK0261,2026,91
SK0201,2021,38
SK0270,2021,18
SK0142,2026,29
SK0227,2026,72
SK0233,2024,83
SK0067,2022,71
SK0210,2024,74
SK0198,2023,15
SK0071,2022,59
SK0186,2025,78
SK0017,2021,37
SK0010,2024,15
SK0195,2021,75
SK0215,2023,76
SK0230,2025,67
SK0215,2025,23
SK0081,2025,24
SK0162,2026,48
SK0112,2022,73
SK0205,2022,87
SK0081,2021,36
SK0167,2026,42
SK0017,2025,74
SK0223,2025,49
SK0078,2026,20
SK0173,2026,51
SK0157,2024,68
SK0065,2024,71
SK0236,2023,93
SK0032,2021,44
SK0293,2026,78
SK0254,2024,30
SK0252,2024,50
SK0010,2022,31
SK0095,2022,28
SK0046,2024,41
SK0232,2022,12
SK0259,2024,81
SK0250,2025,63
SK0107,2021,63
SK0050,2025,88
SK0084,2024,78
SK0075,2023,18
SK0267,2021,48
SK0271,2022,73
SK0080,2022,57
SK0195,2025,38
SK0027,2026,29
SK0243,2023,25
SK0199,2022,16
SK0012,2021,19
SK0130,2021,19
SK0116,2022,71
SK0067,2021,84
SK0245,2025,35
SK0179,2025,25
SK0029,2026,37
SK0116,2023,95
SK0203,2023,46
SK0181,2025,21
SK0161,2026,70
SK0248,2021,43
SK0115,2023,39
SK0240,2023,18
SK0015,2026,77
SK0286,2021,84
SK0185,2022,78
SK0004,2023,46
SK0280,2025,50
SK0111,2025,32
SK0279,2024,97
SK0025,2024,20
SK0041,2022,77
SK0217,2021,42
SK0205,2021,44
SK0072,2025,65
SK0183,2022,16
SK0017,2026,79
SK0169,2022,64
SK0213,2026,59
SK0194,2026,96
SK0149,2023,98
SK0178,2026,62
SK0177,2026,10
SK0291,2025,45
SK0090,2025,75
SK0014,2023,84
SK0211,2022,14
SK0042,2022,21
SK0161,2026,89
SK0213,2022,70
SK0292,2025,78
SK0207,2026,68
SK0124,2026,28
SK0248,2023,29
SK0193,2026,63
SK0063,2021,72
SK0268,2023,97
SK0138,2026,35
SK0292,2025,55
SK0229,2025,89
SK0172,2022,49
SK0056,2022,74
SK0160,2024,11
SK0262,2024,27
SK0273,2022,77
SK0120,2022,37
SK0138,2023,36
SK0291,2023,69
SK0290,2025,24
SK0275,2021,26
SK0276,2026,27
SK0122,2022,53
SK0166,2024,68
SK0271,2024,65
SK0291,2023,41
SK0286,2021,78
SK0225,2021,22
SK0036,2021,59
SK0055,2024,83
SK0300,2024,97
SK0226,2022,40
SK0214,2023,98
SK0087,2025,35
SK0181,2025,83
SK0005,2021,81
SK0046,2023,53
SK0139,2021,84
SK0036,2022,46
SK0168,2021,59
SK0299,2021,20
SK0259,2021,17
SK0297,2021,46
SK0277,2021,37
SK0146,2021,24
SK0195,2026,21
SK0063,2023,50
SK0171,2022,86
SK0148,2025,95
SK0191,2025,76
SK0029,2026,65
SK0046,2022,43
SK0066,2021,67
SK0063,2022,97
SK0268,2024,88
SK0073,2021,87
SK0153,2024,86
SK0118,2023,16
SK0249,2024,36
SK0204,2022,84
SK0260,2022,71
SK0009,2025,81
SK0011,2021,75
SK0012,2022,23
SK0174,2023,46
SK0259,2026,85
SK0014,2022,30
SK0114,2022,26
SK0241,2024,73
SK0158,2024,79
SK0273,2025,40
SK0140,2021,12
SK0075,2023,75
SK0113,2021,85
SK0034,2021,58
SK0277,2024,21
SK0279,2024,90
SK0098,2023,96
SK0115,2021,65
SK0104,2023,81
SK0122,2024,82
SK0215,2025,45
SK0154,2025,77
SK0070,2022,12
SK0163,2024,33
SK0022,2022,79
SK0044,2023,62
SK0006,2021,14
SK0182,2021,86
SK0165,2022,42
SK0127,2024,19
SK0227,2024,21
SK0192,2026,21
SK0035,2024,51
SK0274,2023,73
SK0269,2024,92
SK0057,2021,76
SK0109,2026,44
SK0059,2022,73
SK0097,2025,77
SK0067,2024,92
SK0095,2021,82
SK0238,2025,72
SK0103,2023,27
SK0256,2026,79
SK0175,2026,80
SK0223,2022,53
SK0291,2024,93
SK0058,2024,14
SK0276,2025,31
SK0268,2023,47
SK0001,2023,67
SK0124,2024,93
SK0272,2025,24
SK0011,2024,18
SK0088,2022,58
SK0188,2026,88
SK0192,2022,33
SK0018,2023,92
SK0286,2021,99
SK0117,2026,47
SK0088,2023,33
SK0146,2026,64
SK0265,2025,62
SK0294,2021,41
SK0087,2024,67
SK0177,2023,94
SK0234,2023,62
SK0005,2026,39
SK0188,2024,68
SK0144,2026,26
SK0289,2023,27
SK0286,2024,98
SK0200,2023,29
SK0032,2024,54
SK0050,2022,81
SK0124,2024,56
SK0264,2021,98
SK0073,2024,10
SK0044,2022,41
SK0234,2023,47
SK0161,2025,89
SK0103,2023,30
SK0217,2023,86
SK0088,2021,56
SK0240,2023,36
SK0033,2025,20
SK0101,2024,42
SK0153,2022,50
SK0198,2026,32
SK0291,2021,37
SK0046,2021,11
SK0144,2024,13
SK0207,2023,96
SK0103,2022,45
SK0185,2022,66
SK0295,2026,67
SK0172,2021,17
SK0098,2021,40
SK0152,2023,62
SK0254,2026,14
SK0066,2023,89
SK0164,2024,28
SK0110,2025,18
SK0224,2024,81
SK0122,2025,96
SK0189,2023,76
SK0198,2021,25
SK0209,2021,98
SK0230,2021,50
SK0151,2023,12
SK0204,2025,94
SK0221,2025,21
SK0260,2026,10
SK0053,2025,42
SK0138,2023,58
SK0075,2024,77
SK0137,2025,25
SK0278,2025,31
SK0157,2021,21
SK0275,2024,73
SK0047,2024,16
SK0232,2025,35
SK0229,2022,29
SK0181,2021,73
SK0289,2024,80
SK0061,2026,54
SK0085,2022,71
SK0267,2023,86
SK0121,2026,72
SK0211,2021,97
SK0023,2025,83
SK0040,2022,79
SK0189,2023,53
SK0189,2021,73
SK0221,2026,14
SK0102,2025,71
SK0157,2026,19
SK0258,2021,92
SK0229,2026,88
SK0010,2022,14
SK0032,2024,65
SK0102,2022,69
SK0272,2021,67
SK0167,2025,26
SK0279,2023,49
SK0086,2023,90
SK0088,2021,65
SK0161,2026,77
SK0293,2025,69
SK0141,2023,44
SK0196,2025,14
SK0246,2022,70
SK0208,2026,95
SK0214,2021,51
SK0224,2026,87
SK0159,2026,24
SK0125,2025,83
SK0114,2023,33
SK0137,2024,72
SK0219,2023,22
SK0251,2025,82
SK0055,2021,16
SK0224,2022,13
SK0152,2023,92
SK0092,2021,88
SK0064,2024,77
SK0027,2022,17
SK0185,2022,88
SK0220,2021,10
SK0008,2022,79
SK0061,2022,94
SK0166,2023,98
SK0293,2021,42
SK0089,2024,57
SK0285,2021,22
SK0033,2023,71
SK0205,2026,42
SK0263,2024,50
SK0152,2023,60
SK0194,2025,20
SK0094,2023,11
SK0089,2026,12
SK0121,2022,39
SK0204,2022,42
SK0265,2022,54
SK0272,2021,27
SK0179,2021,23
SK0202,2023,24
SK0053,2025,93
SK0001,2026,67
SK0079,2026,51
SK0057,2025,22
SK0202,2021,96
SK0105,2023,25
SK0217,2024,15
SK0239,2022,24
SK0212,2023,10
SK0021,2021,57
SK0032,2021,54
SK0113,2026,86
SK0117,2024,20
SK0190,2026,10
SK0175,2023,55
SK0166,2022,97
SK0254,2024,54
SK0262,2021,59
SK0103,2026,16
SK0269,2026,96
SK0039,2022,53
SK0096,2025,66
SK0010,2021,88
SK0161,2022,36
SK0121,2026,55
SK0287,2026,61
SK0215,2021,15
SK0211,2021,24
SK0277,2022,36
SK0179,2026,69
SK0032,2025,17
SK0058,2023,47
SK0274,2021,57
SK0163,2025,95
SK0040,2021,65
SK0007,2021,53
SK0089,2025,19
SK0154,2023,61
SK0027,2024,38
SK0270,2022,88
SK0186,2023,11
SK0284,2021,31
SK0207,2023,17
SK0065,2025,80
SK0277,2024,16
SK0278,2024,63
SK0050,2025,76
SK0282,2026,21
SK0068,2026,40
SK0231,2024,57
SK0123,2025,44
SK0050,2022,56
SK0207,2026,19
SK0158,2022,44
SK0213,2026,17
SK0229,2023,77
SK0083,2021,51
SK0232,2025,62
SK0075,2023,29
SK0076,2023,69
SK0088,2021,65
SK0008,2026,49
SK0178,2023,16
SK0129,2025,14
SK0058,2022,63
SK0268,2024,50
SK0276,2022,51
SK0188,2024,92
SK0231,2024,77
SK0035,2022,95
SK0117,2025,69
SK0208,2026,43
SK0227,2025,41
SK0185,2024,50
SK0146,2022,64
SK0133,2024,98
SK0288,2024,27
SK0260,2022,17
SK0236,2023,46
SK0180,2023,34
SK0228,2023,64
SK0084,2022,98
SK0111,2026,62
SK0059,2026,95
SK0300,2024,64
SK0051,2021,13
SK0233,2025,32
SK0148,2021,28
SK0239,2026,42
SK0190,2026,82
SK0223,2026,31
SK0284,2025,12
SK0015,2025,88
SK0270,2022,11
SK0043,2026,55
SK0226,2021,77
SK0267,2024,96
SK0033,2025,39
SK0275,2021,38
SK0291,2022,81
SK0261,2022,65
SK0214,2025,88
SK0281,2026,73
SK0200,2025,83
SK0218,2023,28
SK0202,2026,15
SK0135,2025,21
SK0176,2021,47
SK0121,2023,22
SK0015,2023,76
SK0182,2021,12
SK0198,2023,16
SK0196,2026,41
SK0007,2025,34
SK0274,2023,45
SK0015,2025,26
SK0079,2026,91
SK0189,2025,67
SK0120,2021,64
SK0001,2023,74
SK0123,2023,21
SK0146,2022,46
SK0198,2023,84
SK0129,2024,77
SK0215,2024,95
SK0263,2026,40
SK0296,2021,37
SK0001,2023,16
SK0279,2022,39
SK0159,2023,65
SK0265,2023,28
SK0201,2021,12
SK0289,2023,78
SK0238,2025,59
SK0191,2024,35
SK0002,2022,35
SK0170,2023,31
SK0185,2023,49
SK0060,2026,57
SK0300,2023,97
SK0094,2022,55
SK0005,2021,73
SK0200,2023,78
SK0121,2025,87
SK0041,2025,11
SK0023,2023,86
SK0236,2021,69
SK0161,2022,17
SK0132,2024,51
SK0159,2025,16
SK0048,2026,79
SK0055,2024,48
SK0037,2024,19
SK0220,2021,17
SK0187,2023,45
SK0191,2023,94
SK0217,2022,54
SK0138,2025,46
SK0159,2026,48
SK0053,2023,27
SK0114,2021,47
SK0148,2023,66
SK0115,2024,58
SK0038,2024,91
SK0163,2022,30
SK0290,2025,34
SK0067,2025,14
SK0035,2025,82
SK0018,2021,51
SK0026,2026,55
SK0177,2021,61
SK0091,2024,13
SK0001,2023,90
SK0057,2023,75
SK0100,2023,93
SK0100,2026,21
SK0199,2021,81
SK0213,2022,98
SK0055,2021,32
SK0227,2024,59
SK0052,2025,92
SK0090,2024,65
SK0177,2026,95
SK0021,2024,10
SK0049,2022,17
SK0083,2026,65
SK0116,2024,95
SK0141,2021,92
SK0264,2023,32
SK0191,2023,69
SK0022,2021,37
SK0184,2024,29
SK0265,2022,18
SK0185,2022,28
SK0206,2022,79
SK0020,2021,18
SK0120,2025,20
SK0069,2022,87
SK0212,2026,57
SK0145,2024,63
SK0106,2025,42
SK0177,2021,62
SK0225,2023,77
SK0098,2024,65
SK0259,2021,74
SK0097,2024,81
SK0209,2021,77
SK0229,2026,58
SK0110,2021,42
SK0106,2024,71
SK0128,2022,26
SK0151,2026,23
SK0221,2021,10
SK0139,2021,19
SK0013,2023,88
SK0190,2022,45
SK0121,2024,41
SK0058,2024,37
SK0037,2021,31
SK0257,2025,63
SK0202,2022,60
SK0273,2023,93
SK0014,2022,87
SK0213,2021,54
SK0257,2022,57
SK0178,2025,78
SK0054,2022,86
SK0105,2025,70
SK0207,2022,34
SK0275,2025,16
SK0271,2023,63
SK0196,2021,97
SK0197,2025,19
SK0064,2022,72
SK0095,2022,96
SK0259,2024,28
SK0062,2026,23
SK0259,2025,91
SK0157,2024,25
SK0071,2024,33
SK0064,2024,21
SK0250,2025,95
SK0065,2024,77
SK0026,2024,36
SK0188,2025,42
SK0283,2026,73
SK0279,2022,73
SK0145,2022,91
SK0109,2021,57
SK0099,2023,85
SK0036,2025,69
SK0209,2022,65
SK0001,2023,39
SK0243,2026,67
SK0135,2024,83
SK0207,2024,95
SK0265,2022,84
SK0018,2026,36
SK0172,2022,37
SK0194,2025,38
SK0221,2024,90
SK0187,2024,31
SK0098,2025,11
SK0179,2026,68
SK0114,2026,33
SK0130,2024,17
SK0249,2023,76
SK0051,2024,84
SK0214,2023,96
SK0114,2024,78
SK0242,2021,66
SK0130,2023,44
SK0047,2024,30
SK0089,2024,13
SK0254,2026,36
SK0260,2021,40
SK0238,2025,72
SK0073,2023,84
SK0281,2021,10
SK0174,2026,62
SK0019,2025,31
SK0275,2026,37
SK0255,2021,32
SK0001,2026,79
