project_id,skill_id,required_proficiency
PRJ3937,SK0200,2
PRJ1956,SK0150,4
PRJ3918,SK0286,2
PRJ0654,SK0117,3
PRJ0156,SK0006,3
PRJ2763,SK0016,3
PRJ2537,SK0164,4
PRJ2654,SK0129,4
PRJ2022,SK0004,2
PRJ2290,SK0059,3
PRJ2198,SK0157,3
PRJ2218,SK0124,4
PRJ0421,SK0108,2
PRJ2611,SK0093,4
PRJ2464,SK0091,3
PRJ3507,SK0275,3
PRJ4153,SK0030,3
PRJ1299,SK0047,4
PRJ2224,SK0254,4
PRJ2467,SK0075,4
PRJ4123,SK0247,2
PRJ2228,SK0115,4
PRJ4276,SK0157,2
PRJ0025,SK0226,2
PRJ3361,SK0129,4
PRJ3345,SK0176,3
PRJ0253,SK0269,4
PRJ4234,SK0194,3
PRJ2800,SK0212,2
PRJ0352,SK0216,3
PRJ1755,SK0074,3
PRJ0943,SK0079,3
PRJ1962,SK0201,4
PRJ4992,SK0259,3
PRJ1584,SK0117,3
PRJ2722,SK0083,4
PRJ2047,SK0217,2
PRJ4941,SK0293,4
PRJ2942,SK0084,4
PRJ1802,SK0129,2
PRJ2972,SK0238,2
PRJ4339,SK0196,3
PRJ2603,SK0279,4
PRJ2500,SK0294,3
PRJ4937,SK0082,2
PRJ2483,SK0066,3
PRJ3219,SK0196,4
PRJ4422,SK0093,3
PRJ2803,SK0009,4
PRJ2695,SK0030,4
PRJ4957,SK0110,3
PRJ2343,SK0125,2
PRJ2743,SK0120,3
PRJ3964,SK0242,3
PRJ4056,SK0142,3
PRJ3834,SK0262,3
PRJ0352,SK0239,4
PRJ4602,SK0032,2
PRJ1942,SK0195,3
PRJ1637,SK0253,3
PRJ2037,SK0255,2
PRJ2442,SK0298,2
PRJ3593,SK0249,3
PRJ2560,SK0278,2
PRJ3841,SK0016,2
PRJ2133,SK0069,3
PRJ4308,SK0071,2
PRJ2579,SK0152,3
PRJ2340,SK0010,2
PRJ1736,SK0123,2
PRJ3666,SK0144,3
PRJ1108,SK0064,4
PRJ3077,SK0299,4
PRJ1734,SK0080,3
PRJ1840,SK0211,3
PRJ4137,SK0154,3
PRJ3535,SK0260,3
PRJ0580,SK0147,2
PRJ3844,SK0053,4
PRJ1111,SK0052,2
PRJ2533,SK0025,3
PRJ2665,SK0267,3
PRJ4772,SK0100,4
PRJ1907,SK0212,3
PRJ2134,SK0103,2
PRJ2823,SK0174,2
PRJ3310,SK0255,4
PRJ3175,SK0275,2
PRJ1682,SK0265,3
PRJ2929,SK0059,4
PRJ0158,SK0258,2
PRJ3089,SK0090,3
PRJ1719,SK0267,3
PRJ1218,SK0064,4
PRJ1664,SK0218,4
PRJ0584,SK0173,2
PRJ0656,SK0233,4
PRJ2383,SK0269,3
PRJ0197,SK0263,4
PRJ3209,SK0141,3
PRJ0407,SK0296,3
PRJ1740,SK0210,4
PRJ4875,SK0084,4
PRJ2315,SK0025,4
PRJ2933,SK0279,3
PRJ2714,SK0036,3
PRJ2227,SK0272,2
PRJ3322,SK0098,3
PRJ1586,SK0238,2
PRJ3755,SK0267,2
PRJ0217,SK0137,4
PRJ3551,SK0178,4
PRJ3591,SK0059,4
PRJ2191,SK0180,3
PRJ3887,SK0092,3
PRJ1531,SK0179,4
PRJ2294,SK0047,3
PRJ4626,SK0024,3
PRJ3126,SK0269,4
PRJ2947,SK0094,3
PRJ2103,SK0285,2
PRJ4755,SK0299,2
PRJ4728,SK0100,3
PRJ4418,SK0209,2
PRJ1572,SK0047,3
PRJ1797,SK0124,3
PRJ3374,SK0007,4
PRJ3391,SK0009,2
PRJ1346,SK0259,4
PRJ1490,SK0075,4
PRJ1901,SK0297,3
PRJ2794,SK0049,4
PRJ3245,SK0286,4
PRJ1359,SK0080,2
PRJ1675,SK0064,2
PRJ3595,SK0018,2
PRJ1186,SK0146,2
PRJ4472,SK0289,3
PRJ2192,SK0040,2
PRJ0572,SK0050,4
PRJ1098,SK0271,4
PRJ0925,SK0290,4
PRJ4553,SK0217,3
PRJ2676,SK0013,4
PRJ0987,SK0210,2
PRJ0575,SK0178,2
PRJ3722,SK0130,3
PRJ1456,SK0085,3
PRJ2662,SK0155,4
PRJ0569,SK0275,3
PRJ1552,SK0141,4
PRJ3846,SK0299,2
PRJ4112,SK0213,4
PRJ3174,SK0197,3
PRJ3350,SK0147,4
PRJ4760,SK0229,2
PRJ4502,SK0012,4
PRJ1300,SK0247,4
PRJ4074,SK0236,2
PRJ0699,SK0017,2
PRJ1112,SK0104,2
PRJ3343,SK0116,4
PRJ2258,SK0120,2
PRJ2600,SK0173,4
PRJ4815,SK0116,3
PRJ4520,SK0173,4
PRJ3345,SK0206,3
PRJ4507,SK0285,4
PRJ0924,SK0100,3
PRJ3383,SK0161,4
PRJ0640,SK0120,2
PRJ4538,SK0229,2
PRJ2177,SK0155,3
PRJ2113,SK0257,2
PRJ1257,SK0134,3
PRJ1848,SK0202,3
PRJ1831,SK0086,4
PRJ2826,SK0158,4
PRJ1405,SK0270,4
PRJ2034,SK0255,4
PRJ1197,SK0076,2
PRJ1377,SK0061,3
PRJ2464,SK0259,3
PRJ4914,SK0073,2
PRJ1711,SK0037,2
PRJ2001,SK0191,4
PRJ1347,SK0050,2
PRJ4495,SK0103,4
PRJ1961,SK0183,2
PRJ4385,SK0263,3
PRJ3961,SK0130,3
PRJ2675,SK0218,3
PRJ3108,SK0076,3
PRJ2477,SK0095,4
PRJ2577,SK0236,2
PRJ4965,SK0078,2
PRJ0755,SK0197,3
PRJ0289,SK0229,2
PRJ4482,SK0189,2
PRJ4593,SK0119,2
PRJ4101,SK0290,2
PRJ0263,SK0256,2
PRJ0626,SK0110,3
PRJ4170,SK0101,4
PRJ3688,SK0285,2
PRJ2048,SK0290,3
PRJ0629,SK0073,4
PRJ4445,SK0220,4
PRJ1416,SK0178,4
PRJ2965,SK0096,3
PRJ4365,SK0271,2
PRJ2203,SK0110,2
PRJ1026,SK0162,2
PRJ2631,SK0071,3
PRJ4009,SK0275,2
PRJ4237,SK0180,2
PRJ0483,SK0080,4
PRJ2904,SK0143,3
PRJ1917,SK0298,3
PRJ0589,SK0118,2
PRJ3986,SK0008,2
PRJ1014,SK0268,3
PRJ1273,SK0077,4
PRJ3590,SK0183,2
PRJ3805,SK0046,3
PRJ2516,SK0296,4
PRJ0199,SK0169,3
PRJ2928,SK0265,2
PRJ1190,SK0125,2
PRJ0637,SK0080,3
PRJ0744,SK0048,4
PRJ0696,SK0189,4
PRJ0265,SK0050,3
PRJ1998,SK0040,4
PRJ0872,SK0089,4
PRJ3308,SK0203,4
PRJ0822,SK0157,4
PRJ2251,SK0117,4
PRJ4176,SK0082,4
PRJ2153,SK0218,2
PRJ2033,SK0028,2
PRJ0951,SK0089,4
PRJ0078,SK0095,2
PRJ0629,SK0063,3
PRJ3895,SK0114,2
PRJ3859,SK0037,3
PRJ4781,SK0282,3
PRJ1837,SK0124,4
PRJ1694,SK0041,4
PRJ2501,SK0243,3
PRJ1631,SK0276,3
PRJ0847,SK0269,4
PRJ0101,SK0006,2
PRJ1985,SK0005,4
PRJ3328,SK0172,3
PRJ2102,SK0228,3
PRJ1778,SK0120,4
PRJ0807,SK0145,2
PRJ3997,SK0239,4
PRJ4542,SK0242,2
PRJ0943,SK0237,4
PRJ1379,SK0089,4
PRJ0111,SK0017,4
PRJ3532,SK0126,2
PRJ1656,SK0140,4
PRJ2994,SK0158,4
PRJ3726,SK0236,3
PRJ3612,SK0004,2
PRJ1208,SK0190,2
PRJ4879,SK0027,3
PRJ2579,SK0072,3
PRJ2363,SK0082,2
PRJ1925,SK0112,4
PRJ3467,SK0028,2
PRJ4880,SK0138,2
PRJ4660,SK0110,3
PRJ1062,SK0279,3
PRJ3238,SK0223,2
PRJ3036,SK0120,3
PRJ3599,SK0186,4
PRJ2348,SK0005,2
PRJ2547,SK0083,4
PRJ0689,SK0109,2
PRJ3253,SK0086,2
PRJ4936,SK0213,4
PRJ1504,SK0144,4
PRJ0870,SK0051,3
PRJ1588,SK0076,2
PRJ2438,SK0073,2
PRJ2647,SK0068,2
PRJ2100,SK0203,2
PRJ0357,SK0135,2
PRJ4358,SK0150,2
PRJ1354,SK0101,4
PRJ2555,SK0292,3
PRJ1468,SK0167,4
PRJ3013,SK0059,4
PRJ4789,SK0139,4
PRJ1491,SK0147,2
PRJ4867,SK0022,2
PRJ2977,SK0052,4
PRJ4668,SK0035,4
PRJ4671,SK0066,2
PRJ0195,SK0162,2
PRJ2302,SK0190,3
PRJ3092,SK0150,4
PRJ3874,SK0066,4
PRJ1905,SK0122,3
PRJ3911,SK0135,3
PRJ2489,SK0165,4
PRJ2646,SK0122,3
PRJ4323,SK0107,4
PRJ2777,SK0074,4
PRJ4262,SK0100,3
PRJ2048,SK0297,4
PRJ2834,SK0188,3
PRJ2459,SK0142,3
PRJ4549,SK0026,2
PRJ2706,SK0167,4
PRJ1460,SK0135,3
PRJ3523,SK0293,3
PRJ3856,SK0184,3
PRJ2940,SK0075,3
PRJ0622,SK0139,4
PRJ0157,SK0115,3
PRJ3642,SK0184,2
PRJ0594,SK0089,3
PRJ4286,SK0003,4
PRJ4872,SK0141,4
PRJ2086,SK0251,2
PRJ4393,SK0291,2
PRJ3898,SK0133,4
PRJ4070,SK0242,4
PRJ0978,SK0097,2
PRJ3041,SK0024,4
PRJ2127,SK0286,2
PRJ1070,SK0234,3
PRJ0163,SK0220,3
PRJ4204,SK0095,4
PRJ3432,SK0099,3
PRJ3259,SK0211,2
PRJ4757,SK0051,4
PRJ4326,SK0263,3
PRJ3542,SK0144,2
PRJ1920,SK0296,2
PRJ2517,SK0175,3
PRJ1979,SK0215,2
PRJ1146,SK0048,2
PRJ3126,SK0113,4
PRJ1569,SK0140,3
PRJ0915,SK0136,4
PRJ2374,SK0275,2
PRJ1360,SK0066,4
PRJ2451,SK0128,4
PRJ2152,SK0027,2
PRJ0306,SK0070,2
PRJ3372,SK0038,2
PRJ3798,SK0298,3
PRJ2352,SK0185,4
PRJ1366,SK0136,2
PRJ4181,SK0138,4
PRJ2687,SK0250,2
PRJ1072,SK0126,4
PRJ4229,SK0077,2
PRJ1207,SK0048,2
PRJ0491,SK0064,3
PRJ4212,SK0286,3
PRJ3095,SK0158,2
PRJ4356,SK0093,4
PRJ3671,SK0069,3
PRJ3383,SK0047,2
PRJ2436,SK0012,4
PRJ3507,SK0212,4
PRJ0219,SK0151,2
PRJ1513,SK0179,3
PRJ1972,SK0264,3
PRJ2777,SK0240,4
PRJ3494,SK0049,2
PRJ2834,SK0089,4
PRJ2962,SK0052,3
PRJ2736,SK0182,2
PRJ4181,SK0263,3
PRJ2652,SK0012,2
PRJ1298,SK0231,4
PRJ0359,SK0282,3
PRJ1414,SK0082,2
PRJ3601,SK0214,2
PRJ2568,SK0234,2
PRJ1127,SK0184,2
PRJ1183,SK0146,4
PRJ2250,SK0222,2
PRJ0387,SK0185,4
PRJ3699,SK0006,3
PRJ0333,SK0050,4
PRJ3381,SK0283,3
PRJ4143,SK0220,4
PRJ2002,SK0010,2
PRJ4613,SK0249,3
PRJ4177,SK0005,3
PRJ1117,SK0179,4
PRJ1563,SK0239,4
PRJ1261,SK0201,2
PRJ0944,SK0141,3
PRJ3567,SK0272,2
PRJ1863,SK0071,3
PRJ0079,SK0287,3
PRJ3109,SK0089,2
PRJ0701,SK0031,3
PRJ3389,SK0079,2
PRJ4037,SK0299,3
PRJ0100,SK0276,4
PRJ2445,SK0209,2
PRJ4710,SK0239,2
PRJ1965,SK0149,2
PRJ1923,SK0145,3
PRJ0517,SK0198,2
PRJ0695,SK0015,3
PRJ4004,SK0171,3
PRJ0198,SK0185,4
PRJ2315,SK0117,4
PRJ3140,SK0035,2
PRJ1890,SK0262,3
PRJ4381,SK0297,4
PRJ3239,SK0269,2
PRJ1009,SK0112,4
PRJ3482,SK0091,2
PRJ3905,SK0276,3
PRJ0334,SK0182,4
PRJ0285,SK0026,4
PRJ0862,SK0039,4
PRJ1137,SK0098,2
PRJ4789,SK0093,3
PRJ0150,SK0150,4
PRJ1898,SK0243,2
PRJ4967,SK0059,4
PRJ2632,SK0145,2
PRJ3792,SK0169,4
PRJ2660,SK0142,2
PRJ0642,SK0120,3
PRJ1900,SK0221,3
PRJ0882,SK0058,2
PRJ1737,SK0288,3
PRJ4972,SK0129,4
PRJ4070,SK0152,4
PRJ1223,SK0046,2
PRJ2544,SK0082,3
PRJ2454,SK0124,4
PRJ1635,SK0146,3
PRJ4327,SK0150,4
PRJ2141,SK0273,4
PRJ4302,SK0261,2
PRJ1575,SK0064,2
PRJ1732,SK0083,2
PRJ1672,SK0019,4
PRJ0670,SK0048,3
PRJ2963,SK0011,4
PRJ1594,SK0248,4
PRJ0278,SK0185,3
PRJ2936,SK0222,3
PRJ2011,SK0210,4
PRJ4666,SK0289,3
PRJ0957,SK0184,3
PRJ2499,SK0127,2
PRJ3977,SK0276,3
PRJ2679,SK0173,3
PRJ1137,SK0177,3
PRJ3497,SK0231,2
PRJ1627,SK0091,3
PRJ2555,SK0185,3
PRJ1040,SK0270,3
PRJ3546,SK0136,2
PRJ4043,SK0146,4
PRJ4766,SK0066,4
PRJ4218,SK0070,3
PRJ4240,SK0205,2
PRJ0449,SK0054,4
PRJ4064,SK0112,3
PRJ2687,SK0081,2
PRJ4805,SK0022,3
PRJ2699,SK0036,2
PRJ1396,SK0114,3
PRJ0676,SK0093,4
PRJ3459,SK0145,2
PRJ1195,SK0148,3
PRJ2859,SK0032,2
PRJ4193,SK0277,3
PRJ1900,SK0227,2
PRJ3872,SK0269,4
PRJ4835,SK0060,3
PRJ2723,SK0185,2
PRJ3202,SK0061,4
PRJ4222,SK0218,2
PRJ2607,SK0037,2
PRJ2711,SK0209,2
PRJ2635,SK0101,3
PRJ4692,SK0233,2
PRJ4200,SK0165,4
PRJ1198,SK0098,4
PRJ0449,SK0077,2
PRJ1880,SK0071,3
PRJ3629,SK0105,3
PRJ2392,SK0082,2
PRJ3607,SK0292,2
PRJ3499,SK0150,2
PRJ4852,SK0231,3
PRJ4204,SK0017,4
PRJ2901,SK0129,2
PRJ2748,SK0208,4
PRJ4083,SK0300,4
PRJ0092,SK0091,2
PRJ3382,SK0080,4
PRJ3933,SK0165,2
PRJ4473,SK0253,2
PRJ2206,SK0038,4
PRJ2824,SK0183,3
PRJ4275,SK0187,3
PRJ0461,SK0066,4
PRJ2163,SK0046,2
PRJ1323,SK0257,2
PRJ2614,SK0258,4
PRJ2225,SK0256,4
PRJ4140,SK0121,3
PRJ4428,SK0258,2
PRJ4481,SK0024,3
PRJ4360,SK0117,4
PRJ1265,SK0253,2
PRJ4897,SK0287,2
PRJ0742,SK0004,4
PRJ1166,SK0183,4
PRJ1526,SK0053,3
PRJ2348,SK0220,3
PRJ0633,SK0073,2
PRJ4648,SK0288,3
PRJ4245,SK0137,3
PRJ2951,SK0010,4
PRJ3159,SK0002,4
PRJ3549,SK0269,4
PRJ0492,SK0135,4
PRJ0257,SK0067,3
PRJ3954,SK0215,3
PRJ2765,SK0255,4
PRJ3646,SK0057,2
PRJ3195,SK0140,2
PRJ1404,SK0298,4
PRJ1655,SK0256,4
PRJ0492,SK0203,3
PRJ4814,SK0113,4
PRJ4210,SK0187,3
PRJ2894,SK0187,2
PRJ2496,SK0043,4
PRJ2443,SK0164,2
PRJ1082,SK0153,2
PRJ0896,SK0045,3
PRJ3087,SK0081,3
PRJ3829,SK0069,4
PRJ1487,SK0102,2
PRJ4670,SK0067,2
PRJ0863,SK0219,3
PRJ0333,SK0029,3
PRJ1405,SK0039,2
PRJ3678,SK0187,2
PRJ2804,SK0112,2
PRJ4218,SK0297,3
PRJ2001,SK0184,2
PRJ2843,SK0165,4
PRJ4994,SK0092,4
PRJ2731,SK0243,2
PRJ0619,SK0208,4
PRJ3400,SK0273,3
PRJ2491,SK0124,4
PRJ0444,SK0117,2
PRJ3419,SK0174,2
PRJ3463,SK0091,4
PRJ2226,SK0044,4
PRJ3489,SK0146,2
PRJ4130,SK0214,2
PRJ4036,SK0146,2
PRJ0955,SK0222,3
PRJ4965,SK0247,2
PRJ0840,SK0031,2
PRJ3393,SK0153,3
PRJ3139,SK0175,4
PRJ3012,SK0176,4
PRJ3326,SK0213,2
PRJ1235,SK0242,4
PRJ0939,SK0212,2
PRJ3007,SK0167,3
PRJ1057,SK0227,2
PRJ2773,SK0216,4
PRJ4745,SK0137,3
PRJ0158,SK0280,2
PRJ2444,SK0146,4
PRJ0549,SK0295,4
PRJ2971,SK0290,3
PRJ1422,SK0118,4
PRJ1553,SK0084,4
PRJ2388,SK0241,4
PRJ3743,SK0180,2
PRJ0957,SK0081,4
PRJ0589,SK0049,2
PRJ3695,SK0092,2
PRJ0570,SK0057,4
PRJ2439,SK0143,4
PRJ1360,SK0260,2
PRJ1168,SK0023,3
PRJ3536,SK0066,2
PRJ0928,SK0008,3
PRJ3317,SK0160,4
PRJ2128,SK0284,3
PRJ1018,SK0232,2
PRJ4522,SK0137,4
PRJ1004,SK0289,4
PRJ3312,SK0246,4
PRJ1425,SK0257,2
PRJ2987,SK0209,2
PRJ3717,SK0244,2
PRJ0481,SK0027,4
PRJ3727,SK0217,2
PRJ4877,SK0024,3
PRJ2260,SK0257,2
PRJ4611,SK0034,4
PRJ1998,SK0023,2
PRJ0156,SK0060,2
PRJ4836,SK0194,3
PRJ4396,SK0061,2
PRJ3335,SK0140,4
PRJ4992,SK0209,4
PRJ4464,SK0018,3
PRJ4599,SK0086,2
PRJ2545,SK0226,2
PRJ2705,SK0208,4
PRJ1024,SK0225,2
PRJ4809,SK0289,4
PRJ4063,SK0182,4
PRJ3571,SK0084,2
PRJ3037,SK0047,4
PRJ4000,SK0156,4
PRJ3761,SK0032,2
PRJ0679,SK0234,4
PRJ3265,SK0229,2
PRJ4881,SK0002,3
PRJ0839,SK0106,4
PRJ2338,SK0261,4
PRJ1421,SK0075,2
PRJ3676,SK0207,2
PRJ1552,SK0107,3
PRJ2852,SK0216,3
PRJ2459,SK0150,3
PRJ0165,SK0143,3
PRJ1058,SK0166,4
PRJ0985,SK0282,4
PRJ4540,SK0240,4
PRJ2920,SK0198,2
PRJ2373,SK0028,3
PRJ3343,SK0128,3
PRJ0811,SK0092,3
PRJ4045,SK0100,3
PRJ4208,SK0152,2
PRJ2962,SK0272,3
PRJ3546,SK0224,4
PRJ0139,SK0286,3
PRJ0004,SK0192,3
PRJ3959,SK0187,3
PRJ3382,SK0211,4
PRJ3396,SK0058,4
PRJ1355,SK0053,2
PRJ3321,SK0020,4
PRJ2830,SK0001,2
PRJ1045,SK0122,2
PRJ3257,SK0130,3
PRJ2254,SK0118,4
PRJ0109,SK0296,3
PRJ0349,SK0154,2
PRJ0524,SK0190,4
PRJ1753,SK0278,4
PRJ1830,SK0262,4
PRJ2878,SK0086,2
PRJ2988,SK0017,3
PRJ4659,SK0067,4
PRJ4267,SK0136,4
PRJ3722,SK0081,4
PRJ2409,SK0173,4
PRJ2175,SK0207,4
PRJ4734,SK0083,2
PRJ3890,SK0086,3
PRJ3110,SK0061,4
PRJ3254,SK0041,3
PRJ1638,SK0039,3
PRJ0172,SK0262,3
PRJ3173,SK0115,3
PRJ0253,SK0061,2
PRJ4069,SK0134,4
PRJ2003,SK0007,3
PRJ4661,SK0158,4
PRJ2029,SK0010,4
PRJ4160,SK0240,2
PRJ4531,SK0069,3
PRJ0856,SK0232,3
PRJ3783,SK0152,3
PRJ4646,SK0242,3
PRJ2532,SK0283,4
PRJ3148,SK0092,2
PRJ3917,SK0141,4
PRJ0170,SK0026,3
PRJ2086,SK0094,3
PRJ4390,SK0201,3
PRJ0338,SK0030,2
PRJ2722,SK0059,2
PRJ0988,SK0021,3
PRJ2445,SK0085,2
PRJ3484,SK0071,4
PRJ1490,SK0150,3
PRJ0430,SK0275,4
PRJ0818,SK0077,3
PRJ4904,SK0181,2
PRJ0284,SK0124,3
PRJ1789,SK0102,2
PRJ0739,SK0036,4
PRJ3776,SK0034,4
PRJ2006,SK0089,2
PRJ0726,SK0230,4
PRJ4876,SK0238,4
PRJ2832,SK0051,3
PRJ0447,SK0097,4
PRJ3677,SK0195,4
PRJ0590,SK0133,4
PRJ1883,SK0087,2
PRJ1522,SK0036,3
PRJ4970,SK0044,2
PRJ4447,SK0023,3
PRJ0101,SK0029,2
PRJ3055,SK0182,2
PRJ2929,SK0086,4
PRJ2708,SK0093,2
PRJ1142,SK0146,2
PRJ4674,SK0047,4
PRJ1767,SK0153,3
PRJ1839,SK0081,2
PRJ3514,SK0293,2
PRJ3269,SK0252,4
PRJ0366,SK0076,4
PRJ3426,SK0038,2
PRJ1689,SK0043,4
PRJ2967,SK0293,4
PRJ3021,SK0186,3
PRJ1303,SK0101,4
PRJ0774,SK0020,2
PRJ0556,SK0174,2
PRJ3530,SK0268,3
PRJ2354,SK0037,4
PRJ1996,SK0196,4
PRJ3150,SK0109,2
PRJ4202,SK0237,4
PRJ3628,SK0078,3
PRJ4028,SK0282,3
PRJ2865,SK0018,3
PRJ2817,SK0185,4
PRJ2410,SK0280,2
PRJ1296,SK0239,3
PRJ3644,SK0079,2
PRJ0487,SK0276,3
PRJ2362,SK0201,4
PRJ2008,SK0185,4
PRJ2795,SK0294,3
PRJ4569,SK0019,4
PRJ4006,SK0062,2
PRJ4062,SK0042,4
PRJ3709,SK0110,2
PRJ4613,SK0203,3
PRJ4473,SK0137,3
PRJ1960,SK0095,4
PRJ4729,SK0144,4
PRJ4860,SK0170,4
PRJ0107,SK0056,3
PRJ4333,SK0259,4
PRJ3133,SK0068,2
PRJ3230,SK0148,4
PRJ2816,SK0026,2
PRJ3994,SK0276,2
PRJ0772,SK0174,2
PRJ3730,SK0272,3
PRJ1288,SK0245,3
PRJ2803,SK0158,2
PRJ2919,SK0263,3
PRJ0825,SK0168,3
PRJ1963,SK0035,4
PRJ4280,SK0144,2
PRJ0148,SK0282,3
PRJ1539,SK0236,4
PRJ0537,SK0108,4
PRJ0128,SK0148,2
PRJ4303,SK0069,4
PRJ4334,SK0038,2
PRJ0227,SK0107,2
PRJ2446,SK0179,2
PRJ2093,SK0105,4
PRJ1245,SK0117,4
PRJ1937,SK0108,4
PRJ0318,SK0022,2
PRJ4155,SK0101,4
PRJ1987,SK0005,3
PRJ2208,SK0138,3
PRJ2204,SK0056,2
PRJ4959,SK0126,2
PRJ0781,SK0110,3
PRJ0025,SK0019,4
PRJ3874,SK0104,2
PRJ3445,SK0193,4
PRJ1850,SK0003,4
PRJ0723,SK0172,4
PRJ2623,SK0036,2
PRJ0475,SK0074,4
PRJ1398,SK0206,3
PRJ4604,SK0117,3
PRJ1634,SK0194,2
PRJ2569,SK0276,4
PRJ2175,SK0253,2
PRJ0239,SK0046,4
PRJ4691,SK0178,3
PRJ1573,SK0244,3
PRJ2890,SK0213,4
PRJ0610,SK0056,2
PRJ4573,SK0287,3
PRJ3626,SK0277,2
PRJ2230,SK0034,4
PRJ0529,SK0241,3
PRJ4591,SK0158,2
PRJ3317,SK0255,3
PRJ4893,SK0023,2
PRJ0382,SK0107,4
PRJ3252,SK0099,4
PRJ4958,SK0168,3
PRJ3646,SK0064,3
PRJ4404,SK0123,4
PRJ3673,SK0232,2
PRJ1103,SK0156,2
PRJ1566,SK0001,2
PRJ2708,SK0281,2
PRJ3240,SK0189,2
PRJ4483,SK0287,3
PRJ2955,SK0053,3
PRJ0752,SK0144,4
PRJ1579,SK0013,4
PRJ0253,SK0006,3
PRJ2249,SK0088,4
PRJ2974,SK0258,2
PRJ2050,SK0265,3
PRJ1532,SK0197,3
PRJ2004,SK0257,2
PRJ4159,SK0288,3
PRJ3494,SK0102,2
PRJ2020,SK0271,4
PRJ0723,SK0223,3
PRJ4546,SK0278,2
PRJ4184,SK0079,3
PRJ0392,SK0189,4
PRJ4002,SK0295,4
PRJ4991,SK0140,2
PRJ2797,SK0229,2
PRJ3533,SK0038,4
PRJ2170,SK0084,2
PRJ3220,SK0124,4
PRJ1139,SK0095,3
PRJ0903,SK0163,4
PRJ4323,SK0198,4
PRJ1626,SK0275,3
PRJ2211,SK0170,2
PRJ2254,SK0276,4
PRJ4124,SK0003,3
PRJ0574,SK0063,4
PRJ4902,SK0184,2
PRJ3820,SK0274,3
PRJ0102,SK0040,2
PRJ0325,SK0254,3
PRJ1992,SK0045,2
PRJ3314,SK0086,3
PRJ3817,SK0273,3
PRJ4844,SK0005,2
PRJ0387,SK0090,2
PRJ2813,SK0229,2
PRJ3055,SK0158,2
PRJ4286,SK0011,2
PRJ1358,SK0244,2
PRJ2182,SK0153,4
PRJ2034,SK0128,2
PRJ4206,SK0020,4
PRJ4946,SK0296,2
PRJ2201,SK0156,2
PRJ2771,SK0263,2
PRJ2285,SK0129,2
PRJ2401,SK0023,3
PRJ3946,SK0113,3
PRJ3596,SK0066,2
PRJ2486,SK0209,3
PRJ1036,SK0282,2
PRJ4417,SK0098,2
PRJ3259,SK0124,4
PRJ2241,SK0041,4
PRJ1490,SK0266,4
PRJ2415,SK0124,4
PRJ2083,SK0037,4
PRJ1686,SK0240,4
PRJ3394,SK0177,4
PRJ1875,SK0040,2
PRJ1390,SK0241,4
PRJ4388,SK0199,3
PRJ4100,SK0202,4
PRJ4115,SK0086,4
PRJ0374,SK0085,2
PRJ1704,SK0017,2
PRJ1514,SK0270,2
PRJ4137,SK0011,2
PRJ2094,SK0267,3
PRJ0763,SK0193,2
PRJ0163,SK0145,2
PRJ3806,SK0143,3
PRJ2475,SK0190,2
PRJ0092,SK0053,2
PRJ4593,SK0293,3
PRJ1749,SK0049,3
PRJ3169,SK0033,2
PRJ3988,SK0126,3
PRJ0331,SK0166,2
PRJ2577,SK0107,4
PRJ3956,SK0165,2
PRJ2757,SK0179,4
PRJ3478,SK0222,2
PRJ0733,SK0014,2
PRJ0695,SK0272,4
PRJ3758,SK0219,3
PRJ4774,SK0268,2
PRJ4266,SK0023,4
PRJ1208,SK0049,4
PRJ4811,SK0253,3
PRJ1034,SK0272,3
PRJ1350,SK0267,4
PRJ4494,SK0060,2
PRJ2789,SK0273,3
PRJ2000,SK0282,4
PRJ0195,SK0161,4
PRJ4723,SK0024,3
PRJ0100,SK0079,4
PRJ3650,SK0269,3
PRJ4076,SK0120,2
PRJ3735,SK0277,3
PRJ3897,SK0080,2
PRJ3210,SK0253,3
PRJ4725,SK0143,3
PRJ1309,SK0090,2
PRJ3560,SK0027,4
PRJ3975,SK0185,4
PRJ2734,SK0298,4
PRJ4145,SK0199,4
PRJ4806,SK0175,2
PRJ0116,SK0014,3
PRJ0095,SK0032,4
PRJ1837,SK0067,3
PRJ1333,SK0214,4
PRJ0557,SK0060,4
PRJ1817,SK0018,4
PRJ0354,SK0044,2
PRJ0101,SK0018,4
PRJ2611,SK0167,4
PRJ3482,SK0219,2
PRJ1370,SK0155,3
PRJ0179,SK0006,2
PRJ0328,SK0225,3
PRJ0317,SK0268,3
PRJ4471,SK0269,3
PRJ3726,SK0160,2
PRJ4466,SK0095,2
PRJ1520,SK0027,3
PRJ0522,SK0223,3
PRJ0764,SK0039,4
PRJ3215,SK0231,2
PRJ1298,SK0285,3
PRJ4951,SK0097,3
PRJ3049,SK0256,2
PRJ4827,SK0114,3
PRJ0669,SK0204,2
PRJ4213,SK0203,3
PRJ4644,SK0247,2
PRJ3005,SK0081,3
PRJ1887,SK0107,2
PRJ3406,SK0090,2
PRJ0995,SK0124,4
PRJ3768,SK0254,2
PRJ1246,SK0206,3
PRJ4694,SK0207,3
PRJ0440,SK0020,4
PRJ4715,SK0108,4
PRJ1630,SK0256,2
PRJ0131,SK0212,4
PRJ0990,SK0247,2
PRJ2736,SK0206,3
PRJ3389,SK0282,2
PRJ1248,SK0223,4
PRJ3805,SK0065,4
PRJ3598,SK0245,4
PRJ4827,SK0242,2
PRJ4110,SK0197,4
PRJ2660,SK0203,4
PRJ3667,SK0182,2
PRJ3343,SK0268,4
PRJ1171,SK0070,4
PRJ0515,SK0002,4
PRJ4736,SK0249,2
PRJ3668,SK0058,3
PRJ3965,SK0129,3
PRJ3672,SK0133,2
PRJ0239,SK0138,4
PRJ3997,SK0270,3
PRJ4062,SK0144,2
PRJ3671,SK0144,4
PRJ2261,SK0260,3
PRJ2502,SK0167,4
PRJ3637,SK0252,3
PRJ3373,SK0260,4
PRJ0923,SK0140,2
PRJ3686,SK0253,4
PRJ1990,SK0011,4
PRJ2700,SK0218,2
PRJ4135,SK0266,4
PRJ2766,SK0154,3
PRJ3657,SK0029,4
PRJ2409,SK0037,2
PRJ2137,SK0172,2
PRJ3482,SK0291,4
PRJ3273,SK0012,4
PRJ2796,SK0054,2
PRJ0322,SK0269,2
PRJ4487,SK0283,4
PRJ3368,SK0265,3
PRJ4072,SK0120,2
PRJ0631,SK0126,3
PRJ4043,SK0021,2
PRJ2917,SK0264,3
PRJ3457,SK0143,3
PRJ2560,SK0248,3
PRJ3342,SK0238,4
PRJ1262,SK0037,3
PRJ1243,SK0207,3
PRJ1846,SK0013,2
PRJ3683,SK0166,4
PRJ4939,SK0093,4
PRJ4457,SK0089,4
PRJ2063,SK0174,2
PRJ1596,SK0249,2
PRJ4892,SK0236,3
PRJ3692,SK0186,3
PRJ1912,SK0104,2
PRJ1852,SK0268,3
PRJ2083,SK0018,2
PRJ1603,SK0258,4
PRJ1861,SK0263,3
PRJ1707,SK0251,3
PRJ3568,SK0109,2
PRJ4549,SK0294,3
PRJ1322,SK0010,3
PRJ1776,SK0066,3
PRJ0913,SK0045,2
PRJ3610,SK0288,4
PRJ3281,SK0242,2
PRJ2524,SK0019,4
PRJ1920,SK0229,4
PRJ2773,SK0139,4
PRJ2463,SK0273,3
PRJ4601,SK0033,3
PRJ0892,SK0241,2
PRJ4880,SK0072,2
PRJ3461,SK0058,2
PRJ2469,SK0186,2
PRJ1302,SK0160,2
PRJ2023,SK0016,2
PRJ1428,SK0202,4
PRJ3616,SK0264,3
PRJ2196,SK0014,4
PRJ1429,SK0156,4
PRJ2528,SK0018,3
PRJ4981,SK0202,4
PRJ3580,SK0172,3
PRJ4328,SK0283,3
PRJ0813,SK0184,4
PRJ2616,SK0260,4
PRJ0681,SK0225,2
PRJ2105,SK0252,3
PRJ3590,SK0023,2
PRJ2820,SK0196,2
PRJ4980,SK0172,3
PRJ2132,SK0011,4
PRJ4202,SK0205,3
PRJ4867,SK0077,4
PRJ2633,SK0299,3
PRJ0342,SK0025,4
PRJ4878,SK0043,2
PRJ4591,SK0038,3
PRJ0467,SK0058,4
PRJ4756,SK0010,4
PRJ4467,SK0183,4
PRJ1196,SK0145,2
PRJ2517,SK0174,2
PRJ2148,SK0086,2
PRJ0492,SK0010,2
PRJ4286,SK0164,3
PRJ1190,SK0249,2
PRJ2524,SK0297,3
PRJ0642,SK0001,4
PRJ2187,SK0072,4
PRJ1508,SK0216,3
PRJ1511,SK0204,2
PRJ3267,SK0292,2
PRJ1942,SK0189,4
PRJ3083,SK0267,3
PRJ0025,SK0206,3
PRJ1741,SK0212,3
PRJ1597,SK0061,4
PRJ1374,SK0064,2
PRJ1809,SK0157,4
PRJ3780,SK0054,2
PRJ3842,SK0245,3
PRJ4973,SK0231,2
PRJ4626,SK0113,3
PRJ3078,SK0147,4
PRJ3366,SK0141,4
PRJ2360,SK0105,2
PRJ4653,SK0013,4
PRJ0675,SK0156,3
PRJ2928,SK0064,2
PRJ1209,SK0010,3
PRJ3227,SK0137,4
PRJ0668,SK0260,3
PRJ1372,SK0279,3
PRJ3301,SK0296,3
PRJ2521,SK0043,2
PRJ3174,SK0212,4
PRJ0341,SK0286,3
PRJ2002,SK0099,3
PRJ3316,SK0056,2
PRJ0817,SK0194,3
PRJ0110,SK0011,2
PRJ3794,SK0295,2
PRJ3803,SK0270,3
PRJ3249,SK0148,4
PRJ2513,SK0217,2
PRJ4253,SK0225,4
PRJ3772,SK0253,4
PRJ0965,SK0140,2
PRJ3110,SK0048,4
PRJ1840,SK0045,2
PRJ1218,SK0120,2
PRJ3038,SK0148,2
PRJ0106,SK0182,3
PRJ0728,SK0228,3
PRJ2073,SK0242,3
PRJ3958,SK0291,3
PRJ2096,SK0252,4
PRJ0460,SK0013,3
PRJ3550,SK0069,4
PRJ2742,SK0180,3
PRJ2943,SK0295,2
PRJ1296,SK0105,4
PRJ2912,SK0092,4
PRJ0766,SK0183,3
PRJ4191,SK0263,2
PRJ4826,SK0107,3
PRJ4721,SK0001,4
PRJ3318,SK0003,4
PRJ2858,SK0057,3
PRJ1904,SK0121,4
PRJ2013,SK0050,4
PRJ4608,SK0144,2
PRJ1415,SK0059,4
PRJ1656,SK0103,4
PRJ2786,SK0186,4
PRJ4426,SK0072,4
PRJ4255,SK0035,3
PRJ3743,SK0233,3
PRJ3486,SK0261,4
PRJ3677,SK0274,4
PRJ1536,SK0203,4
PRJ0801,SK0069,4
PRJ4127,SK0100,2
PRJ2720,SK0119,2
PRJ0859,SK0241,3
PRJ3332,SK0241,2
PRJ4326,SK0200,2
PRJ2620,SK0241,4
PRJ4428,SK0130,2
PRJ0943,SK0026,3
PRJ4260,SK0203,2
PRJ2985,SK0023,2
PRJ2975,SK0100,4
PRJ4777,SK0158,2
PRJ4569,SK0075,2
PRJ2110,SK0037,4
PRJ0121,SK0136,2
PRJ3725,SK0171,3
PRJ1208,SK0088,3
PRJ3711,SK0003,4
PRJ1267,SK0294,2
PRJ3279,SK0050,2
PRJ0558,SK0261,2
PRJ2567,SK0173,2
PRJ4120,SK0184,3
PRJ4859,SK0115,3
PRJ1137,SK0113,4
PRJ0975,SK0095,4
PRJ4250,SK0281,3
PRJ2068,SK0201,3
PRJ3000,SK0036,4
PRJ4799,SK0070,2
PRJ1419,SK0219,2
PRJ2933,SK0239,2
PRJ3314,SK0118,4
PRJ3165,SK0036,3
PRJ4302,SK0011,3
PRJ1622,SK0285,4
PRJ0436,SK0015,4
PRJ1247,SK0027,3
PRJ1022,SK0025,3
PRJ0968,SK0290,2
PRJ2316,SK0212,4
PRJ2540,SK0097,2
PRJ3902,SK0117,4
PRJ2216,SK0219,2
PRJ2941,SK0108,3
PRJ2865,SK0202,4
PRJ3412,SK0059,2
PRJ4901,SK0246,4
PRJ4962,SK0020,2
PRJ0196,SK0252,4
PRJ2649,SK0126,2
PRJ2902,SK0150,2
PRJ3384,SK0274,4
PRJ0556,SK0285,4
PRJ1383,SK0160,3
PRJ0635,SK0221,2
PRJ1643,SK0223,4
PRJ1367,SK0167,3
PRJ0781,SK0057,4
PRJ3907,SK0058,3
PRJ4953,SK0015,2
PRJ2890,SK0138,2
PRJ3683,SK0214,2
PRJ0218,SK0231,4
PRJ1473,SK0183,4
PRJ4774,SK0280,2
PRJ3211,SK0141,2
PRJ4072,SK0226,3
PRJ1717,SK0168,4
PRJ1437,SK0250,2
PRJ4770,SK0044,2
PRJ0608,SK0138,2
PRJ4193,SK0034,4
PRJ1463,SK0230,2
PRJ2890,SK0030,3
PRJ2143,SK0132,4
PRJ0948,SK0054,3
PRJ2242,SK0199,3
PRJ3195,SK0174,3
PRJ1396,SK0166,3
PRJ3861,SK0147,2
PRJ1862,SK0031,3
PRJ4023,SK0188,4
PRJ3888,SK0144,3
PRJ1007,SK0232,4
PRJ4026,SK0259,2
PRJ1674,SK0205,4
PRJ0048,SK0084,4
PRJ2423,SK0094,4
PRJ2425,SK0006,4
PRJ2454,SK0267,4
PRJ2608,SK0261,4
PRJ0165,SK0053,2
PRJ4731,SK0193,3
PRJ3208,SK0202,3
PRJ0747,SK0140,2
PRJ1676,SK0259,4
PRJ2493,SK0300,2
PRJ3083,SK0216,4
PRJ4510,SK0129,2
PRJ0152,SK0123,4
PRJ4073,SK0183,3
PRJ4424,SK0290,3
PRJ1256,SK0280,2
PRJ4723,SK0005,4
PRJ4620,SK0023,2
PRJ3735,SK0295,4
PRJ2150,SK0190,2
PRJ4819,SK0006,4
PRJ2729,SK0037,4
PRJ2639,SK0068,2
PRJ1722,SK0058,2
PRJ2041,SK0047,4
PRJ3130,SK0103,3
PRJ4494,SK0271,3
PRJ4272,SK0258,4
PRJ3983,SK0195,4
PRJ4197,SK0201,2
PRJ1499,SK0133,3
PRJ3200,SK0053,4
PRJ1374,SK0159,4
PRJ3944,SK0263,4
PRJ4265,SK0082,3
PRJ4070,SK0183,4
PRJ2805,SK0094,3
PRJ2393,SK0229,2
PRJ4017,SK0144,3
PRJ0041,SK0158,3
PRJ4693,SK0292,3
PRJ2163,SK0200,3
PRJ1837,SK0141,4
PRJ0499,SK0125,3
PRJ0823,SK0112,4
PRJ3719,SK0091,2
PRJ0478,SK0040,4
PRJ2561,SK0230,4
PRJ1592,SK0111,3
PRJ4152,SK0263,3
PRJ3868,SK0290,4
PRJ3138,SK0070,3
PRJ4458,SK0033,2
PRJ0208,SK0109,2
PRJ3983,SK0233,2
PRJ4660,SK0181,2
PRJ1991,SK0143,4
PRJ0261,SK0233,4
PRJ2541,SK0030,4
PRJ1040,SK0238,4
PRJ1457,SK0190,3
PRJ3955,SK0150,2
PRJ0125,SK0050,4
PRJ4646,SK0161,4
PRJ4572,SK0260,4
PRJ1438,SK0007,3
PRJ1105,SK0257,3
PRJ0818,SK0263,3
PRJ0881,SK0052,3
PRJ2729,SK0068,4
PRJ4191,SK0097,3
PRJ0582,SK0245,4
PRJ4061,SK0069,4
PRJ0287,SK0128,4
PRJ0073,SK0150,4
PRJ3479,SK0053,2
PRJ0769,SK0248,3
PRJ4358,SK0274,2
PRJ4116,SK0210,4
PRJ4588,SK0065,2
PRJ3856,SK0284,4
PRJ0616,SK0275,4
PRJ2702,SK0030,2
PRJ0890,SK0258,3
PRJ4172,SK0144,4
PRJ1079,SK0230,2
PRJ0253,SK0067,2
PRJ3264,SK0023,3
PRJ1786,SK0039,4
PRJ0567,SK0266,2
PRJ4422,SK0056,3
PRJ1909,SK0266,4
PRJ3336,SK0076,4
PRJ2063,SK0081,3
PRJ0862,SK0191,2
PRJ2956,SK0014,4
PRJ2096,SK0257,3
PRJ3162,SK0031,2
PRJ1076,SK0053,4
PRJ0403,SK0091,3
PRJ1320,SK0221,2
PRJ1220,SK0013,4
PRJ0650,SK0148,2
PRJ4586,SK0281,3
PRJ1016,SK0126,2
PRJ2058,SK0117,3
PRJ2984,SK0273,2
PRJ0814,SK0045,4
PRJ4590,SK0012,2
PRJ2619,SK0290,3
PRJ0896,SK0143,3
PRJ0781,SK0278,4
PRJ0275,SK0188,3
PRJ3667,SK0006,4
PRJ4773,SK0055,2
PRJ0149,SK0187,2
PRJ0127,SK0281,3
PRJ3434,SK0220,3
PRJ2037,SK0107,4
PRJ1693,SK0020,4
PRJ3464,SK0262,2
PRJ0976,SK0187,2
PRJ0231,SK0299,4
PRJ1914,SK0029,4
PRJ0085,SK0102,4
PRJ3715,SK0212,3
PRJ3715,SK0156,2
PRJ0990,SK0265,2
PRJ0185,SK0050,2
PRJ2731,SK0079,3
PRJ2509,SK0093,4
PRJ3954,SK0133,2
PRJ0972,SK0165,2
PRJ0595,SK0191,3
PRJ4392,SK0125,2
PRJ3645,SK0216,2
PRJ0724,SK0187,3
PRJ2253,SK0225,4
PRJ2912,SK0019,4
PRJ4989,SK0060,4
PRJ2347,SK0083,4
PRJ2193,SK0074,4
PRJ3838,SK0027,3
PRJ3467,SK0141,4
PRJ4645,SK0145,3
PRJ4520,SK0300,4
PRJ0245,SK0164,4
PRJ4436,SK0066,4
PRJ4354,SK0131,2
PRJ4905,SK0138,4
PRJ0074,SK0028,3
PRJ1836,SK0039,4
PRJ3469,SK0255,3
PRJ1888,SK0170,3
PRJ1049,SK0177,4
PRJ0325,SK0274,2
PRJ0268,SK0244,2
PRJ2315,SK0271,4
PRJ1382,SK0081,2
PRJ0548,SK0114,2
PRJ3744,SK0210,3
PRJ3726,SK0296,3
PRJ2534,SK0172,4
PRJ4819,SK0225,4
PRJ1480,SK0238,4
PRJ0070,SK0226,3
PRJ3121,SK0047,4
PRJ2010,SK0034,4
PRJ1589,SK0221,2
PRJ1706,SK0070,3
PRJ2738,SK0049,2
PRJ0159,SK0298,4
PRJ1708,SK0249,3
PRJ1162,SK0249,4
PRJ1287,SK0239,4
PRJ2651,SK0132,3
PRJ1069,SK0144,2
PRJ1188,SK0157,3
PRJ1888,SK0287,4
PRJ2294,SK0145,2
PRJ0378,SK0171,4
PRJ0955,SK0185,3
PRJ3342,SK0236,2
PRJ3132,SK0182,4
PRJ1200,SK0166,4
PRJ2991,SK0212,4
PRJ4941,SK0177,3
PRJ4273,SK0290,4
PRJ4001,SK0193,2
PRJ1876,SK0291,2
PRJ4068,SK0031,3
PRJ0751,SK0203,2
PRJ4332,SK0020,2
PRJ1601,SK0260,3
PRJ4430,SK0086,4
PRJ1219,SK0234,3
PRJ4851,SK0181,3
PRJ4451,SK0159,2
PRJ4256,SK0032,2
PRJ3838,SK0075,3
PRJ4404,SK0111,4
PRJ0951,SK0103,4
PRJ4842,SK0050,2
PRJ0366,SK0149,2
PRJ4061,SK0090,4
PRJ0473,SK0227,2
PRJ0826,SK0258,2
PRJ3391,SK0071,2
PRJ0762,SK0183,2
PRJ1104,SK0212,4
PRJ0890,SK0207,2
PRJ4084,SK0181,2
PRJ3675,SK0112,2
PRJ1965,SK0155,4
PRJ4255,SK0282,3
PRJ2531,SK0219,3
PRJ0729,SK0203,3
PRJ0361,SK0145,2
PRJ2674,SK0180,4
PRJ0637,SK0054,3
PRJ4703,SK0216,2
PRJ4966,SK0115,4
PRJ3580,SK0039,3
PRJ1878,SK0264,2
PRJ4625,SK0256,3
PRJ2762,SK0195,3
PRJ2471,SK0155,2
PRJ4527,SK0035,4
PRJ0104,SK0001,2
PRJ1323,SK0132,4
PRJ0788,SK0275,4
PRJ0735,SK0072,3
PRJ2828,SK0275,2
PRJ3012,SK0132,2
PRJ4912,SK0249,4
PRJ3592,SK0268,4
PRJ3407,SK0119,2
PRJ3562,SK0113,4
PRJ0567,SK0258,3
PRJ4623,SK0188,4
PRJ2683,SK0199,2
PRJ4375,SK0119,2
PRJ1755,SK0061,2
PRJ4080,SK0277,3
PRJ1396,SK0147,2
PRJ3217,SK0056,3
PRJ2041,SK0213,4
PRJ3896,SK0139,2
PRJ4137,SK0067,2
PRJ2891,SK0072,4
PRJ4608,SK0184,2
PRJ2345,SK0244,4
PRJ4317,SK0255,3
PRJ2188,SK0299,3
PRJ4664,SK0005,3
PRJ1647,SK0065,2
PRJ1791,SK0186,3
PRJ0086,SK0207,3
PRJ0406,SK0168,2
PRJ0226,SK0183,3
PRJ3898,SK0206,4
PRJ0724,SK0075,4
PRJ3162,SK0112,3
PRJ4963,SK0180,2
PRJ4220,SK0127,3
PRJ4087,SK0003,4
PRJ2085,SK0177,2
PRJ4538,SK0265,3
PRJ2588,SK0166,2
PRJ0515,SK0275,3
PRJ1753,SK0154,2
PRJ2051,SK0285,3
PRJ1764,SK0172,2
PRJ1059,SK0179,4
PRJ3054,SK0176,4
PRJ1250,SK0059,2
PRJ2690,SK0123,3
PRJ4411,SK0252,3
PRJ4668,SK0237,4
PRJ2558,SK0217,3
PRJ1358,SK0162,4
PRJ1809,SK0157,3
PRJ2718,SK0051,4
PRJ2755,SK0122,3
PRJ0653,SK0112,3
PRJ2171,SK0102,2
PRJ2752,SK0208,2
PRJ4886,SK0280,4
PRJ1018,SK0293,2
PRJ0153,SK0174,3
PRJ3791,SK0138,2
PRJ4270,SK0127,4
PRJ0197,SK0009,3
PRJ0041,SK0039,4
PRJ4303,SK0093,4
PRJ3847,SK0094,4
PRJ0258,SK0098,3
PRJ2981,SK0183,4
PRJ4354,SK0022,3
PRJ0524,SK0122,2
PRJ0964,SK0057,3
PRJ4010,SK0142,3
PRJ3377,SK0105,3
PRJ2138,SK0228,3
PRJ3694,SK0147,3
PRJ2120,SK0295,3
PRJ2984,SK0185,3
PRJ4364,SK0217,4
PRJ1501,SK0187,3
PRJ3855,SK0076,2
PRJ0589,SK0284,4
PRJ3907,SK0201,4
PRJ4536,SK0274,2
PRJ2297,SK0104,4
PRJ2910,SK0028,4
PRJ0951,SK0297,3
PRJ3429,SK0015,2
PRJ3481,SK0078,2
PRJ2807,SK0267,4
PRJ4613,SK0257,4
PRJ3677,SK0156,4
PRJ3023,SK0120,3
PRJ4464,SK0091,3
PRJ3523,SK0299,2
PRJ2123,SK0025,3
PRJ4691,SK0281,3
PRJ2800,SK0176,4
PRJ3315,SK0230,2
PRJ0573,SK0199,4
PRJ2711,SK0265,4
PRJ0979,SK0112,3
PRJ0874,SK0129,2
PRJ3529,SK0289,2
PRJ3402,SK0147,3
PRJ0573,SK0047,2
PRJ4200,SK0234,3
PRJ3735,SK0081,2
PRJ2367,SK0003,4
PRJ1594,SK0051,2
PRJ4451,SK0282,2
PRJ0462,SK0014,2
PRJ1178,SK0075,3
PRJ4024,SK0272,3
PRJ1388,SK0136,2
PRJ3805,SK0109,4
PRJ0378,SK0056,4
PRJ2483,SK0296,4
PRJ3905,SK0130,2
PRJ3367,SK0246,3
PRJ0594,SK0001,3
PRJ3000,SK0220,4
PRJ3725,SK0078,3
PRJ4808,SK0197,2
PRJ0987,SK0210,4
PRJ4652,SK0143,4
PRJ1680,SK0152,3
PRJ4870,SK0074,3
PRJ2348,SK0182,4
PRJ2658,SK0076,3
PRJ0622,SK0245,2
PRJ2536,SK0112,3
PRJ4434,SK0293,2
PRJ4264,SK0234,2
PRJ2506,SK0286,2
PRJ2260,SK0120,3
PRJ4999,SK0187,4
PRJ2149,SK0066,3
PRJ3210,SK0020,3
PRJ3434,SK0101,3
PRJ3870,SK0096,2
PRJ1350,SK0078,4
PRJ2743,SK0245,4
PRJ4261,SK0272,2
PRJ2732,SK0002,3
PRJ0307,SK0259,3
PRJ4400,SK0287,2
PRJ2185,SK0049,3
PRJ2500,SK0231,4
PRJ4074,SK0290,4
PRJ4553,SK0009,4
PRJ0159,SK0058,4
PRJ1865,SK0067,4
PRJ1393,SK0057,4
PRJ0172,SK0127,4
PRJ1420,SK0300,3
PRJ1972,SK0160,2
PRJ4926,SK0259,4
PRJ1439,SK0223,3
PRJ0882,SK0086,2
PRJ3076,SK0206,2
PRJ1890,SK0292,4
PRJ1113,SK0231,4
PRJ2981,SK0181,2
PRJ1726,SK0182,3
PRJ3159,SK0161,4
PRJ3734,SK0237,3
PRJ1765,SK0196,4
PRJ3396,SK0156,3
PRJ0977,SK0047,3
PRJ3797,SK0053,4
PRJ3286,SK0244,4
PRJ0624,SK0134,2
PRJ4328,SK0216,4
PRJ4363,SK0080,2
PRJ1557,SK0018,3
PRJ0711,SK0115,4
PRJ4780,SK0155,2
PRJ4904,SK0275,2
PRJ3176,SK0187,4
PRJ0660,SK0179,3
PRJ2790,SK0244,2
PRJ4633,SK0149,3
PRJ4284,SK0271,2
PRJ3619,SK0075,3
PRJ0952,SK0041,4
PRJ0744,SK0023,4
PRJ0300,SK0207,4
PRJ2170,SK0042,2
PRJ4189,SK0219,2
PRJ4415,SK0173,3
PRJ1081,SK0286,3
PRJ2720,SK0266,3
PRJ3715,SK0251,4
PRJ2240,SK0090,3
PRJ2012,SK0280,2
PRJ4561,SK0293,4
PRJ0371,SK0290,4
PRJ4696,SK0136,3
PRJ4479,SK0150,4
PRJ3754,SK0105,2
PRJ3442,SK0274,2
PRJ4318,SK0194,2
PRJ4027,SK0261,4
PRJ3807,SK0009,4
PRJ1529,SK0076,2
PRJ2194,SK0134,2
PRJ4533,SK0141,2
PRJ1600,SK0109,3
PRJ3107,SK0026,4
PRJ1647,SK0176,3
PRJ0606,SK0026,4
PRJ4385,SK0184,4
PRJ2983,SK0087,4
PRJ1532,SK0218,3
PRJ1044,SK0219,3
PRJ2962,SK0257,4
PRJ4359,SK0131,4
PRJ2216,SK0158,3
PRJ4430,SK0202,2
PRJ3986,SK0250,3
PRJ1203,SK0134,2
PRJ2611,SK0121,2
PRJ3893,SK0128,2
PRJ3440,SK0148,4
PRJ0371,SK0261,4
PRJ2335,SK0270,2
PRJ1095,SK0274,4
PRJ4570,SK0263,3
PRJ0613,SK0153,4
PRJ3703,SK0048,3
PRJ1813,SK0037,4
PRJ4526,SK0298,2
PRJ2635,SK0022,2
PRJ2614,SK0162,3
PRJ2063,SK0089,3
PRJ0159,SK0018,2
PRJ3762,SK0204,2
PRJ0774,SK0002,4
PRJ1008,SK0174,4
PRJ2403,SK0300,2
PRJ1897,SK0163,3
PRJ1943,SK0256,4
PRJ0984,SK0273,4
PRJ4865,SK0090,4
PRJ1241,SK0010,3
PRJ0438,SK0136,4
PRJ0654,SK0170,4
PRJ2110,SK0059,3
PRJ1139,SK0127,2
PRJ1521,SK0057,3
PRJ3591,SK0083,4
PRJ2565,SK0267,3
PRJ3600,SK0072,4
PRJ4848,SK0122,3
PRJ2171,SK0293,3
PRJ0120,SK0014,2
PRJ0640,SK0300,2
PRJ3184,SK0219,2
PRJ3583,SK0153,3
PRJ1044,SK0191,2
PRJ0835,SK0052,3
PRJ1206,SK0005,3
PRJ0499,SK0116,2
PRJ3123,SK0134,3
PRJ1927,SK0003,2
PRJ3046,SK0255,4
PRJ4772,SK0016,4
PRJ1176,SK0093,3
PRJ3163,SK0289,4
PRJ4963,SK0034,2
PRJ3198,SK0209,2
PRJ3716,SK0141,2
PRJ4452,SK0044,4
PRJ1288,SK0068,2
PRJ0568,SK0179,4
PRJ2357,SK0277,4
PRJ3090,SK0273,4
PRJ3390,SK0077,3
PRJ3487,SK0155,4
PRJ3611,SK0266,2
PRJ2212,SK0163,2
PRJ2206,SK0107,3
PRJ2330,SK0066,2
PRJ1303,SK0104,2
PRJ2414,SK0090,2
PRJ3219,SK0147,3
PRJ0834,SK0155,3
PRJ0252,SK0034,2
PRJ4214,SK0185,4
PRJ2190,SK0294,2
PRJ2239,SK0258,2
PRJ2738,SK0197,4
PRJ4494,SK0151,2
PRJ0961,SK0232,4
PRJ2093,SK0284,2
PRJ3748,SK0179,2
PRJ2325,SK0277,3
PRJ3535,SK0195,2
PRJ4598,SK0225,3
PRJ1868,SK0042,2
PRJ2940,SK0265,2
PRJ3917,SK0206,4
PRJ2326,SK0217,2
PRJ3105,SK0241,4
PRJ3192,SK0043,3
PRJ3739,SK0088,4
PRJ3913,SK0291,3
PRJ3023,SK0220,2
PRJ0903,SK0260,4
PRJ3109,SK0138,2
PRJ2073,SK0047,2
PRJ3767,SK0178,4
PRJ3872,SK0134,3
PRJ1697,SK0008,2
PRJ3057,SK0124,2
PRJ3135,SK0194,4
PRJ1891,SK0190,3
PRJ0495,SK0274,2
PRJ2429,SK0036,4
PRJ2885,SK0213,2
PRJ3866,SK0170,2
PRJ4413,SK0244,2
PRJ0356,SK0190,4
PRJ4826,SK0262,2
PRJ2148,SK0205,4
PRJ0474,SK0057,2
PRJ2389,SK0225,4
PRJ0419,SK0259,3
PRJ0590,SK0187,2
PRJ3573,SK0095,2
PRJ4269,SK0063,4
PRJ4185,SK0013,4
PRJ1170,SK0240,3
PRJ3966,SK0234,4
PRJ0603,SK0076,2
PRJ3220,SK0112,4
PRJ3181,SK0004,2
PRJ1576,SK0249,2
PRJ2322,SK0047,2
PRJ0646,SK0139,4
PRJ3449,SK0042,3
PRJ2856,SK0049,4
PRJ0664,SK0048,2
PRJ2626,SK0130,3
PRJ0693,SK0249,3
PRJ1541,SK0098,4
PRJ3867,SK0020,2
PRJ4222,SK0131,3
PRJ3997,SK0207,2
PRJ4195,SK0029,4
PRJ1977,SK0255,2
PRJ4502,SK0095,4
PRJ1661,SK0118,2
PRJ1507,SK0037,3
PRJ4796,SK0040,3
PRJ1044,SK0170,2
PRJ2823,SK0236,3
PRJ3526,SK0151,2
PRJ1325,SK0271,2
PRJ3522,SK0299,2
PRJ4128,SK0097,4
PRJ2843,SK0300,3
PRJ4980,SK0278,3
PRJ2337,SK0171,3
PRJ2766,SK0265,4
PRJ0173,SK0286,3
PRJ2113,SK0054,3
PRJ3924,SK0119,2
PRJ2162,SK0079,2
PRJ3915,SK0162,2
PRJ0601,SK0071,2
PRJ4353,SK0254,4
PRJ3694,SK0119,4
PRJ3070,SK0262,4
PRJ3472,SK0296,2
PRJ0799,SK0164,3
PRJ2416,SK0130,2
PRJ4569,SK0261,4
PRJ4001,SK0231,3
PRJ1819,SK0252,4
PRJ2803,SK0056,4
PRJ1087,SK0106,4
PRJ3062,SK0066,3
PRJ2829,SK0150,4
PRJ3084,SK0004,2
PRJ0953,SK0055,4
PRJ0620,SK0006,3
PRJ0906,SK0016,3
PRJ2109,SK0100,3
PRJ0401,SK0119,3
PRJ1280,SK0287,4
PRJ0930,SK0178,2
PRJ4656,SK0172,4
PRJ0222,SK0117,3
PRJ0982,SK0062,2
PRJ2601,SK0024,4
PRJ0133,SK0095,3
PRJ4221,SK0169,3
PRJ1488,SK0238,3
PRJ2490,SK0012,2
PRJ1107,SK0234,4
PRJ1364,SK0251,2
PRJ0853,SK0234,4
PRJ0475,SK0234,2
PRJ2916,SK0067,2
PRJ3974,SK0006,4
PRJ2623,SK0048,4
PRJ3219,SK0046,3
PRJ3365,SK0024,3
PRJ3326,SK0054,2
PRJ2439,SK0176,2
PRJ0724,SK0126,4
PRJ0902,SK0211,3
PRJ4678,SK0018,4
PRJ1200,SK0036,2
PRJ3953,SK0005,3
PRJ4415,SK0041,4
PRJ4593,SK0172,3
PRJ2242,SK0015,4
PRJ1098,SK0197,4
PRJ2353,SK0155,3
PRJ2671,SK0240,2
PRJ0042,SK0083,3
PRJ0224,SK0159,3
PRJ3206,SK0170,4
PRJ0425,SK0234,2
PRJ4709,SK0252,4
PRJ2432,SK0015,2
PRJ4833,SK0001,3
PRJ2906,SK0027,3
PRJ1336,SK0048,3
PRJ2596,SK0177,2
PRJ4283,SK0186,2
PRJ3122,SK0038,3
PRJ0480,SK0236,3
PRJ3382,SK0199,3
PRJ4881,SK0086,4
PRJ2747,SK0248,4
PRJ4523,SK0256,4
PRJ2968,SK0057,4
PRJ1162,SK0281,4
PRJ1173,SK0161,3
PRJ3516,SK0297,3
PRJ2719,SK0109,3
PRJ4543,SK0152,3
PRJ2868,SK0179,2
PRJ2398,SK0076,3
PRJ1018,SK0231,2
PRJ3920,SK0163,2
PRJ4850,SK0111,3
PRJ2633,SK0018,4
PRJ4824,SK0100,2
PRJ4347,SK0260,3
PRJ4113,SK0209,3
PRJ1513,SK0180,4
PRJ3246,SK0073,4
PRJ3484,SK0278,2
PRJ1892,SK0018,3
PRJ0460,SK0196,4
PRJ2042,SK0048,3
PRJ3542,SK0200,2
PRJ0409,SK0272,4
PRJ3273,SK0152,2
PRJ1390,SK0072,2
PRJ1155,SK0168,2
PRJ1728,SK0231,4
PRJ1528,SK0014,4
PRJ2738,SK0247,4
PRJ4015,SK0202,2
PRJ0763,SK0056,3
PRJ4072,SK0064,2
PRJ4683,SK0025,4
PRJ4150,SK0142,4
PRJ1494,SK0005,2
PRJ2495,SK0094,4
PRJ4733,SK0194,4
PRJ4421,SK0097,4
PRJ2048,SK0069,2
PRJ3143,SK0109,2
PRJ4248,SK0263,2
PRJ0939,SK0105,3
PRJ0024,SK0128,2
PRJ1815,SK0003,2
PRJ2177,SK0039,2
PRJ1592,SK0015,2
PRJ1854,SK0176,2
PRJ2151,SK0067,4
PRJ4747,SK0129,3
PRJ1979,SK0149,2
PRJ1892,SK0082,2
PRJ2536,SK0093,4
PRJ1094,SK0237,4
PRJ2490,SK0139,2
PRJ1806,SK0281,2
PRJ1702,SK0119,3
PRJ4748,SK0133,3
PRJ4472,SK0038,3
PRJ1506,SK0287,2
PRJ3212,SK0050,3
PRJ3832,SK0041,4
PRJ4647,SK0050,4
PRJ1283,SK0237,2
PRJ0230,SK0159,2
PRJ2300,SK0040,2
PRJ0900,SK0145,3
PRJ4392,SK0268,4
PRJ3399,SK0127,4
PRJ2672,SK0036,2
PRJ4063,SK0234,3
PRJ4037,SK0085,3
PRJ2112,SK0078,4
PRJ0918,SK0168,4
PRJ3076,SK0145,2
PRJ4332,SK0090,4
PRJ0181,SK0214,3
PRJ4455,SK0149,4
PRJ3130,SK0017,3
PRJ4105,SK0024,3
PRJ4025,SK0200,2
PRJ0944,SK0056,2
PRJ1492,SK0284,2
PRJ0195,SK0255,4
PRJ3258,SK0079,2
PRJ2793,SK0117,4
PRJ4486,SK0081,2
PRJ1948,SK0033,4
PRJ3050,SK0147,4
PRJ0490,SK0144,2
PRJ4629,SK0204,2
PRJ0981,SK0158,3
PRJ1060,SK0242,2
PRJ4888,SK0069,4
PRJ3670,SK0179,2
PRJ3260,SK0101,4
PRJ1649,SK0248,2
PRJ3917,SK0118,4
PRJ0511,SK0036,2
PRJ1580,SK0176,2
PRJ0829,SK0004,4
PRJ0401,SK0081,4
PRJ3869,SK0223,3
PRJ4728,SK0090,2
PRJ0029,SK0120,4
PRJ1555,SK0064,3
PRJ4790,SK0040,4
PRJ3138,SK0005,4
PRJ2519,SK0082,4
PRJ4822,SK0297,3
PRJ0111,SK0010,2
PRJ0723,SK0253,4
PRJ4422,SK0170,4
PRJ4105,SK0296,2
PRJ1437,SK0064,4
PRJ2961,SK0192,2
PRJ4895,SK0234,4
PRJ3330,SK0231,4
PRJ3071,SK0183,2
PRJ3889,SK0227,2
PRJ2038,SK0211,2
PRJ0093,SK0128,3
PRJ2251,SK0166,2
PRJ3402,SK0088,4
PRJ1202,SK0227,2
PRJ1345,SK0004,3
PRJ3472,SK0254,2
PRJ0055,SK0075,4
PRJ3792,SK0073,2
PRJ0428,SK0112,2
PRJ2304,SK0121,3
PRJ2994,SK0133,2
PRJ0507,SK0141,4
PRJ1332,SK0187,2
PRJ4276,SK0260,3
PRJ0616,SK0197,2
PRJ4823,SK0019,2
PRJ3852,SK0201,2
PRJ3932,SK0081,2
PRJ0728,SK0212,2
PRJ3406,SK0054,4
PRJ0367,SK0030,3
PRJ2329,SK0064,2
PRJ1888,SK0087,3
PRJ0122,SK0284,2
PRJ3441,SK0295,3
PRJ3006,SK0232,3
PRJ3276,SK0134,2
PRJ4522,SK0238,3
PRJ4077,SK0149,4
PRJ0546,SK0150,3
PRJ4980,SK0197,2
PRJ2043,SK0193,3
PRJ2399,SK0295,4
PRJ0633,SK0192,3
PRJ1669,SK0021,2
PRJ0069,SK0162,3
PRJ2839,SK0133,3
PRJ1263,SK0101,4
PRJ0400,SK0200,4
PRJ3030,SK0207,4
PRJ1121,SK0229,2
PRJ4614,SK0023,2
PRJ4281,SK0034,2
PRJ1929,SK0084,4
PRJ4055,SK0018,2
PRJ4511,SK0231,2
PRJ1104,SK0031,4
PRJ3341,SK0181,4
PRJ2691,SK0005,4
PRJ2151,SK0089,3
PRJ1183,SK0191,4
PRJ0394,SK0174,3
PRJ1615,SK0189,3
PRJ1994,SK0103,2
PRJ4859,SK0242,4
PRJ0879,SK0263,4
PRJ3764,SK0031,3
PRJ1725,SK0255,2
PRJ4858,SK0111,2
PRJ2550,SK0130,4
PRJ3793,SK0077,4
PRJ4574,SK0182,4
PRJ3709,SK0141,4
PRJ0426,SK0248,3
PRJ1594,SK0065,3
PRJ0906,SK0238,4
PRJ4120,SK0236,2
PRJ3926,SK0106,4
PRJ1199,SK0250,2
PRJ2032,SK0289,3
PRJ3913,SK0153,4
PRJ1556,SK0279,4
PRJ1328,SK0097,4
PRJ3862,SK0253,3
PRJ4177,SK0140,4
PRJ3435,SK0013,3
PRJ4479,SK0192,4
PRJ4187,SK0002,4
PRJ4885,SK0055,3
PRJ2718,SK0150,2
PRJ4801,SK0204,3
PRJ4459,SK0269,3
PRJ2517,SK0214,3
PRJ4015,SK0072,4
PRJ4466,SK0170,2
PRJ1392,SK0166,2
PRJ1264,SK0162,4
PRJ1823,SK0287,4
PRJ4183,SK0252,4
PRJ2843,SK0280,2
PRJ2011,SK0047,3
PRJ2419,SK0116,3
PRJ2044,SK0270,2
PRJ1251,SK0207,2
PRJ2733,SK0266,4
PRJ2503,SK0297,4
PRJ4407,SK0088,4
PRJ4964,SK0135,4
PRJ1087,SK0221,3
PRJ2499,SK0061,2
PRJ4013,SK0212,2
PRJ1301,SK0238,3
PRJ0495,SK0007,2
PRJ1557,SK0298,2
PRJ0087,SK0270,2
PRJ0950,SK0249,2
PRJ0378,SK0282,2
PRJ2567,SK0276,3
PRJ1728,SK0168,2
PRJ4357,SK0036,2
PRJ2766,SK0091,3
PRJ2769,SK0006,4
PRJ4412,SK0223,3
PRJ2945,SK0211,2
PRJ0282,SK0074,3
PRJ3261,SK0057,2
PRJ0809,SK0280,2
PRJ3502,SK0163,3
PRJ1070,SK0091,3
PRJ4247,SK0228,4
PRJ3362,SK0089,4
PRJ1169,SK0154,4
PRJ4170,SK0020,3
PRJ0841,SK0100,3
PRJ4540,SK0048,3
PRJ4718,SK0037,4
PRJ2486,SK0112,3
PRJ4859,SK0275,3
PRJ1798,SK0022,3
PRJ0379,SK0088,3
PRJ0430,SK0034,3
PRJ4358,SK0283,4
PRJ1011,SK0209,3
PRJ4765,SK0196,3
PRJ0880,SK0297,2
PRJ0022,SK0020,4
PRJ1988,SK0082,4
PRJ3295,SK0039,3
PRJ0035,SK0282,2
PRJ0987,SK0193,2
PRJ4404,SK0029,4
PRJ4395,SK0155,3
PRJ0804,SK0087,3
PRJ4265,SK0271,4
PRJ3541,SK0276,2
PRJ0289,SK0043,4
PRJ2552,SK0159,2
PRJ2720,SK0152,2
PRJ0590,SK0174,4
PRJ1164,SK0195,4
PRJ4876,SK0236,2
PRJ1849,SK0066,3
PRJ3975,SK0152,3
PRJ2174,SK0186,3
PRJ1217,SK0264,2
PRJ0295,SK0025,3
PRJ3442,SK0203,3
PRJ4515,SK0269,2
PRJ3223,SK0100,2
PRJ4827,SK0286,4
PRJ4892,SK0273,3
PRJ1701,SK0113,2
PRJ3691,SK0219,3
PRJ0139,SK0135,4
PRJ1161,SK0020,2
PRJ2662,SK0239,4
PRJ2873,SK0284,2
PRJ3009,SK0213,2
PRJ0106,SK0038,3
PRJ0772,SK0237,2
PRJ2560,SK0207,4
PRJ4786,SK0275,2
PRJ2033,SK0094,2
PRJ0055,SK0146,2
PRJ0015,SK0293,2
PRJ4672,SK0070,3
PRJ4412,SK0088,2
PRJ2300,SK0050,2
PRJ3008,SK0268,3
PRJ3844,SK0136,2
PRJ3598,SK0082,4
PRJ4650,SK0264,4
PRJ0154,SK0122,3
PRJ2645,SK0294,3
PRJ3688,SK0114,2
PRJ2514,SK0206,4
PRJ0987,SK0164,2
PRJ0688,SK0241,2
PRJ4950,SK0184,2
PRJ2855,SK0034,4
PRJ1193,SK0257,3
PRJ3223,SK0148,3
PRJ1606,SK0182,4
PRJ4202,SK0198,3
PRJ1549,SK0033,3
PRJ0816,SK0277,3
PRJ3577,SK0060,4
PRJ1468,SK0151,2
PRJ3823,SK0279,4
PRJ3281,SK0147,3
PRJ1794,SK0002,2
PRJ0610,SK0178,3
PRJ1000,SK0049,2
PRJ3158,SK0229,3
PRJ0977,SK0033,3
PRJ3350,SK0008,3
PRJ3948,SK0126,3
PRJ0116,SK0019,2
PRJ4848,SK0015,2
PRJ2034,SK0245,3
PRJ0290,SK0119,2
PRJ0497,SK0132,3
PRJ4046,SK0291,4
PRJ3982,SK0104,4
PRJ1762,SK0199,4
PRJ2479,SK0005,2
PRJ2160,SK0072,2
PRJ2798,SK0281,2
PRJ1925,SK0193,3
PRJ4983,SK0152,2
PRJ3978,SK0269,2
PRJ0336,SK0196,2
PRJ3606,SK0010,3
PRJ4863,SK0258,2
PRJ2638,SK0217,4
PRJ4011,SK0232,2
PRJ2170,SK0252,2
PRJ4110,SK0198,3
PRJ2020,SK0178,4
PRJ1901,SK0112,4
PRJ2068,SK0127,4
PRJ4675,SK0010,4
PRJ4635,SK0222,3
PRJ1224,SK0292,3
PRJ4174,SK0217,3
PRJ4493,SK0273,4
PRJ0917,SK0193,2
PRJ1605,SK0026,3
PRJ1936,SK0156,3
PRJ3835,SK0234,4
PRJ0349,SK0208,2
PRJ4474,SK0167,4
PRJ0187,SK0267,4
PRJ1903,SK0254,4
PRJ3561,SK0173,3
PRJ0230,SK0050,4
PRJ1644,SK0029,3
PRJ1356,SK0279,2
PRJ1409,SK0029,2
PRJ1473,SK0117,4
PRJ1803,SK0295,3
PRJ4634,SK0077,3
PRJ0116,SK0251,4
PRJ4460,SK0251,3
PRJ1427,SK0155,2
PRJ1023,SK0228,3
PRJ4464,SK0024,3
PRJ4366,SK0296,4
PRJ4545,SK0177,3
PRJ3603,SK0217,4
PRJ3784,SK0182,4
PRJ1909,SK0139,3
PRJ4996,SK0076,2
PRJ3733,SK0251,2
PRJ3954,SK0003,4
PRJ4076,SK0155,2
PRJ0071,SK0205,3
PRJ0921,SK0141,3
PRJ3215,SK0079,2
PRJ4196,SK0038,2
PRJ4229,SK0042,4
PRJ3689,SK0077,2
PRJ4607,SK0038,3
PRJ0429,SK0164,4
PRJ2578,SK0090,3
PRJ4839,SK0044,3
PRJ3208,SK0135,4
PRJ1277,SK0061,3
PRJ2575,SK0202,4
PRJ4557,SK0150,4
PRJ1573,SK0174,2
PRJ2509,SK0136,2
PRJ1286,SK0291,2
PRJ4736,SK0251,2
PRJ4378,SK0241,4
PRJ3871,SK0008,4
PRJ2596,SK0134,3
PRJ2829,SK0202,4
PRJ4937,SK0066,2
PRJ1447,SK0053,4
PRJ0812,SK0153,3
PRJ3937,SK0213,3
PRJ0571,SK0219,4
PRJ2143,SK0044,4
PRJ0799,SK0017,4
PRJ2140,SK0084,2
PRJ3558,SK0263,2
PRJ3831,SK0106,3
PRJ4306,SK0159,4
PRJ2386,SK0028,3
PRJ3995,SK0161,4
PRJ1033,SK0165,2
PRJ1169,SK0143,4
PRJ3251,SK0214,2
PRJ3962,SK0126,4
PRJ1367,SK0146,4
PRJ4008,SK0299,2
PRJ3808,SK0263,2
PRJ0356,SK0183,2
PRJ3254,SK0137,4
PRJ2132,SK0098,3
PRJ3582,SK0068,3
PRJ3852,SK0239,2
PRJ3523,SK0277,2
PRJ1450,SK0033,2
PRJ0607,SK0127,3
PRJ0583,SK0101,2
PRJ0170,SK0246,2
PRJ2215,SK0055,2
PRJ4757,SK0206,3
PRJ3053,SK0231,4
PRJ4751,SK0204,2
PRJ3368,SK0121,3
PRJ4622,SK0136,4
PRJ1943,SK0152,2
PRJ4676,SK0231,3
PRJ0167,SK0134,2
PRJ4195,SK0265,3
PRJ1040,SK0256,3
PRJ0844,SK0197,2
PRJ1204,SK0223,2
PRJ2240,SK0236,4
PRJ2101,SK0072,4
PRJ3999,SK0283,4
PRJ2146,SK0299,4
PRJ1459,SK0240,3
PRJ1232,SK0196,2
PRJ2432,SK0171,2
PRJ0874,SK0218,2
PRJ0376,SK0043,4
PRJ3348,SK0008,4
PRJ4484,SK0079,2
PRJ0931,SK0247,4
PRJ4342,SK0112,3
PRJ4913,SK0228,2
PRJ1570,SK0038,4
PRJ0513,SK0292,2
PRJ0043,SK0101,3
PRJ0174,SK0140,2
PRJ3980,SK0100,2
PRJ4749,SK0088,3
PRJ2537,SK0181,2
PRJ1480,SK0049,2
PRJ1576,SK0039,3
PRJ4060,SK0148,3
PRJ1076,SK0101,2
PRJ3326,SK0250,3
PRJ3686,SK0031,3
PRJ4542,SK0220,2
PRJ3231,SK0012,3
PRJ0474,SK0218,2
PRJ1326,SK0235,3
PRJ2628,SK0222,4
PRJ2820,SK0250,3
PRJ3966,SK0214,2
PRJ0030,SK0291,2
PRJ0128,SK0278,2
PRJ0377,SK0017,2
PRJ1008,SK0296,3
PRJ4250,SK0114,3
PRJ1654,SK0016,2
PRJ3213,SK0006,2
PRJ2450,SK0150,3
PRJ2039,SK0176,4
PRJ4620,SK0257,4
PRJ0426,SK0208,2
PRJ4306,SK0053,3
PRJ4994,SK0148,4
PRJ3709,SK0249,2
PRJ0085,SK0292,4
PRJ1660,SK0047,4
PRJ3819,SK0234,2
PRJ2465,SK0281,2
PRJ3453,SK0012,2
PRJ1531,SK0075,3
PRJ1472,SK0208,2
PRJ2482,SK0040,4
PRJ0429,SK0088,4
PRJ1799,SK0174,2
PRJ2860,SK0298,3
PRJ3948,SK0152,3
PRJ3924,SK0105,4
PRJ1055,SK0056,2
PRJ4909,SK0209,2
PRJ4556,SK0162,4
PRJ4989,SK0195,2
PRJ1357,SK0268,2
PRJ3853,SK0064,2
PRJ0948,SK0256,4
PRJ2202,SK0215,2
PRJ2831,SK0156,2
PRJ0766,SK0211,4
PRJ4665,SK0038,2
PRJ3548,SK0277,2
PRJ2170,SK0136,3
PRJ2408,SK0043,2
PRJ1316,SK0210,2
PRJ1074,SK0142,4
PRJ3747,SK0212,3
PRJ3090,SK0041,2
PRJ3297,SK0249,3
PRJ2925,SK0165,4
PRJ0303,SK0017,2
PRJ3578,SK0295,3
PRJ1688,SK0285,2
PRJ4177,SK0040,3
PRJ4094,SK0285,3
PRJ4116,SK0291,2
PRJ3250,SK0208,4
PRJ3667,SK0280,2
PRJ0072,SK0203,4
PRJ1359,SK0165,3
PRJ4266,SK0137,2
PRJ0425,SK0221,3
PRJ1524,SK0195,4
PRJ3064,SK0288,3
PRJ1586,SK0254,4
PRJ3540,SK0214,2
PRJ2917,SK0298,4
PRJ1516,SK0210,4
PRJ4905,SK0227,4
PRJ4472,SK0249,3
PRJ3188,SK0131,2
PRJ3468,SK0240,4
PRJ2343,SK0084,3
PRJ3769,SK0005,4
PRJ1991,SK0004,4
PRJ4714,SK0149,4
PRJ1547,SK0097,2
PRJ1519,SK0157,2
PRJ3429,SK0023,2
PRJ2065,SK0144,3
PRJ1675,SK0197,2
PRJ1573,SK0067,3
PRJ3819,SK0158,2
PRJ0997,SK0186,4
PRJ0636,SK0101,2
PRJ1195,SK0098,2
PRJ1878,SK0268,2
PRJ4766,SK0135,3
PRJ1602,SK0237,4
PRJ3862,SK0266,4
PRJ4595,SK0025,3
PRJ3227,SK0147,2
PRJ1216,SK0007,4
PRJ1452,SK0108,4
PRJ1719,SK0278,2
PRJ1632,SK0151,2
PRJ1053,SK0239,4
PRJ4063,SK0033,3
PRJ2174,SK0133,3
PRJ0923,SK0163,2
PRJ2720,SK0022,3
PRJ4089,SK0225,4
PRJ3191,SK0072,4
PRJ1473,SK0204,4
PRJ2574,SK0297,3
PRJ1916,SK0066,4
PRJ1972,SK0278,3
PRJ3070,SK0254,2
PRJ0455,SK0070,2
PRJ0571,SK0005,3
PRJ4598,SK0126,2
PRJ1179,SK0296,2
PRJ2332,SK0162,3
PRJ0383,SK0241,4
PRJ3191,SK0220,4
PRJ4899,SK0174,4
PRJ2911,SK0257,2
PRJ4301,SK0254,3
PRJ0934,SK0096,2
PRJ2401,SK0158,3
PRJ0605,SK0195,4
PRJ1097,SK0083,3
PRJ2234,SK0194,3
PRJ2938,SK0149,3
PRJ2607,SK0074,3
PRJ1767,SK0004,4
PRJ3338,SK0042,4
PRJ2373,SK0195,3
PRJ3329,SK0141,4
PRJ1631,SK0289,3
PRJ1134,SK0196,4
PRJ4217,SK0185,4
PRJ0993,SK0017,3
PRJ4452,SK0159,4
PRJ4749,SK0247,4
PRJ1397,SK0297,4
PRJ2869,SK0261,3
PRJ3111,SK0199,3
PRJ4327,SK0203,2
PRJ3617,SK0171,3
PRJ2377,SK0237,4
PRJ0069,SK0001,2
PRJ0309,SK0213,4
PRJ0121,SK0289,3
PRJ2074,SK0235,4
PRJ3792,SK0092,4
PRJ1750,SK0048,2
PRJ2797,SK0013,3
PRJ1952,SK0277,3
PRJ3007,SK0050,2
PRJ3650,SK0246,3
PRJ3803,SK0075,2
PRJ0196,SK0055,4
PRJ1547,SK0246,2
PRJ4457,SK0038,3
PRJ2521,SK0279,2
PRJ3179,SK0237,2
PRJ2471,SK0204,4
PRJ3621,SK0168,3
PRJ2095,SK0079,2
PRJ4747,SK0119,4
PRJ4672,SK0176,2
PRJ3002,SK0009,4
PRJ3485,SK0145,4
PRJ0067,SK0076,4
PRJ2789,SK0220,3
PRJ1524,SK0226,3
PRJ1137,SK0134,3
PRJ1278,SK0294,2
PRJ1247,SK0152,3
PRJ3097,SK0038,3
PRJ4844,SK0031,3
PRJ0523,SK0233,4
PRJ3281,SK0212,3
PRJ1903,SK0259,4
PRJ0801,SK0243,2
PRJ0369,SK0025,2
PRJ3927,SK0081,2
PRJ1618,SK0159,4
PRJ2137,SK0238,3
PRJ0976,SK0011,2
PRJ4928,SK0219,4
PRJ4593,SK0013,4
PRJ0390,SK0192,2
PRJ4703,SK0083,3
PRJ4931,SK0218,3
PRJ3247,SK0050,2
PRJ4218,SK0091,2
PRJ4817,SK0076,4
PRJ1643,SK0067,3
PRJ3822,SK0098,2
PRJ1670,SK0151,2
PRJ3389,SK0070,3
PRJ1264,SK0155,4
PRJ2403,SK0186,2
PRJ4710,SK0235,4
PRJ3884,SK0277,3
PRJ0496,SK0063,2
PRJ2064,SK0192,2
PRJ2415,SK0243,3
PRJ4344,SK0267,3
PRJ1440,SK0046,3
PRJ4504,SK0049,3
PRJ0066,SK0063,4
PRJ1645,SK0063,4
PRJ1144,SK0227,2
PRJ3552,SK0122,2
PRJ1021,SK0145,3
PRJ0862,SK0297,2
PRJ0176,SK0296,2
PRJ4706,SK0185,2
PRJ2363,SK0182,2
PRJ4257,SK0237,4
PRJ4268,SK0126,3
PRJ0187,SK0153,4
PRJ4146,SK0083,4
PRJ0251,SK0224,2
PRJ3091,SK0065,4
PRJ0415,SK0177,4
PRJ2590,SK0292,3
PRJ1828,SK0262,4
PRJ2853,SK0257,4
PRJ0402,SK0140,2
PRJ4821,SK0068,3
PRJ2646,SK0271,2
PRJ1662,SK0260,2
PRJ4614,SK0145,4
PRJ2166,SK0267,2
PRJ4246,SK0052,2
PRJ0747,SK0041,4
PRJ1541,SK0227,4
PRJ4011,SK0183,4
PRJ4522,SK0298,3
PRJ1327,SK0213,3
PRJ4788,SK0259,4
PRJ1691,SK0237,3
PRJ4754,SK0028,3
PRJ1250,SK0092,2
PRJ2736,SK0061,2
PRJ3566,SK0048,2
PRJ1331,SK0059,2
PRJ2039,SK0049,2
PRJ1681,SK0180,2
PRJ1407,SK0114,2
PRJ1289,SK0175,2
PRJ3560,SK0206,4
PRJ3051,SK0219,4
PRJ1816,SK0095,4
PRJ2393,SK0183,4
PRJ3254,SK0019,2
PRJ3973,SK0233,4
PRJ1716,SK0194,4
PRJ3268,SK0259,3
PRJ2864,SK0224,2
PRJ1067,SK0022,3
PRJ3777,SK0090,3
PRJ1350,SK0068,3
PRJ1272,SK0256,3
PRJ1336,SK0188,4
PRJ4308,SK0255,4
PRJ1108,SK0013,2
PRJ0803,SK0191,4
PRJ3410,SK0241,3
PRJ0595,SK0270,2
PRJ2603,SK0193,3
PRJ3025,SK0002,3
PRJ3580,SK0151,4
PRJ4420,SK0271,4
PRJ4938,SK0010,4
PRJ4337,SK0166,2
PRJ2479,SK0241,3
PRJ2963,SK0175,4
PRJ1364,SK0038,4
PRJ3318,SK0256,3
PRJ3393,SK0298,2
PRJ0020,SK0166,2
PRJ4838,SK0102,4
PRJ2006,SK0040,3
PRJ3500,SK0295,3
PRJ1108,SK0273,2
PRJ4841,SK0154,4
PRJ3320,SK0251,3
PRJ0364,SK0051,3
PRJ0590,SK0017,4
PRJ2449,SK0176,3
PRJ0939,SK0108,2
PRJ3430,SK0040,4
PRJ4184,SK0016,3
PRJ4695,SK0036,3
PRJ2499,SK0037,2
PRJ4133,SK0191,2
PRJ4553,SK0049,2
PRJ2044,SK0176,4
PRJ3395,SK0063,4
PRJ2136,SK0126,3
PRJ4096,SK0119,4
PRJ3859,SK0037,2
PRJ1759,SK0253,4
PRJ1014,SK0224,3
PRJ2454,SK0212,2
PRJ1192,SK0211,2
PRJ3532,SK0053,4
PRJ3755,SK0242,3
PRJ1339,SK0019,4
PRJ3616,SK0234,3
PRJ1185,SK0169,3
PRJ2379,SK0268,3
PRJ1895,SK0219,3
PRJ4084,SK0213,4
PRJ1106,SK0297,3
PRJ1274,SK0084,4
PRJ2782,SK0154,4
PRJ3192,SK0074,2
PRJ0437,SK0172,3
PRJ0640,SK0070,2
PRJ2842,SK0025,4
PRJ1675,SK0232,4
PRJ0868,SK0299,2
PRJ4390,SK0271,2
PRJ1322,SK0099,2
PRJ3808,SK0129,3
PRJ4013,SK0153,4
PRJ0701,SK0226,3
PRJ4148,SK0230,2
PRJ2877,SK0098,4
PRJ1153,SK0239,2
PRJ4732,SK0235,2
PRJ2658,SK0165,4
PRJ2479,SK0173,4
PRJ1967,SK0234,3
PRJ0648,SK0202,4
PRJ1808,SK0282,3
PRJ4805,SK0255,4
PRJ0585,SK0062,4
PRJ2924,SK0238,2
PRJ3753,SK0137,4
PRJ3320,SK0001,2
PRJ0200,SK0204,2
PRJ2616,SK0027,2
PRJ1204,SK0053,3
PRJ2918,SK0263,3
PRJ1188,SK0202,3
PRJ4303,SK0175,2
PRJ1800,SK0203,4
PRJ4576,SK0139,2
PRJ1322,SK0264,4
PRJ2404,SK0244,2
PRJ4247,SK0299,2
PRJ1618,SK0205,2
PRJ1603,SK0007,2
PRJ3077,SK0222,3
PRJ0553,SK0189,3
PRJ3787,SK0077,4
PRJ3803,SK0228,4
PRJ2705,SK0200,2
PRJ4663,SK0052,4
PRJ1136,SK0056,3
PRJ0388,SK0259,2
PRJ1656,SK0291,3
PRJ4780,SK0002,3
PRJ3182,SK0299,3
PRJ2239,SK0002,2
PRJ2031,SK0265,2
PRJ3334,SK0252,4
PRJ3291,SK0261,3
PRJ4925,SK0033,2
PRJ3883,SK0262,2
PRJ1167,SK0027,3
PRJ2961,SK0199,4
PRJ4501,SK0072,4
PRJ3280,SK0208,4
PRJ4152,SK0116,4
PRJ4384,SK0007,2
PRJ3806,SK0079,4
PRJ4537,SK0130,3
PRJ4552,SK0149,4
PRJ2020,SK0189,4
PRJ0148,SK0289,2
PRJ1430,SK0043,4
PRJ2533,SK0003,3
PRJ1966,SK0215,3
PRJ4766,SK0238,2
PRJ1231,SK0181,2
PRJ4672,SK0150,2
PRJ0106,SK0115,4
PRJ0144,SK0242,4
PRJ4340,SK0041,3
PRJ4575,SK0211,2
PRJ4882,SK0213,4
PRJ3030,SK0124,4
PRJ0782,SK0130,4
PRJ0893,SK0077,4
PRJ2070,SK0062,2
PRJ3180,SK0166,2
PRJ3636,SK0047,3
PRJ4332,SK0224,4
PRJ4674,SK0153,2
PRJ4670,SK0120,3
PRJ1018,SK0221,3
PRJ3582,SK0267,2
PRJ2161,SK0166,4
PRJ3322,SK0145,2
PRJ4519,SK0143,4
PRJ3762,SK0185,2
PRJ3093,SK0195,3
PRJ1237,SK0252,2
PRJ1155,SK0117,2
PRJ4142,SK0221,4
PRJ2206,SK0039,4
PRJ2261,SK0123,2
PRJ1708,SK0098,3
PRJ1173,SK0297,3
PRJ4796,SK0055,4
PRJ4324,SK0123,4
PRJ3608,SK0130,2
PRJ0068,SK0185,2
PRJ4955,SK0093,2
PRJ3479,SK0107,4
PRJ0782,SK0029,4
PRJ3001,SK0265,3
PRJ3834,SK0283,3
PRJ0759,SK0050,4
PRJ2807,SK0236,3
PRJ0350,SK0058,3
PRJ1701,SK0050,4
PRJ0923,SK0221,2
PRJ3190,SK0195,4
PRJ4728,SK0014,4
PRJ3230,SK0002,2
PRJ3721,SK0182,2
PRJ4333,SK0130,3
PRJ1501,SK0150,2
PRJ3776,SK0295,4
PRJ3455,SK0191,4
PRJ0728,SK0253,3
PRJ4118,SK0041,2
PRJ1992,SK0288,2
PRJ1832,SK0261,4
PRJ3727,SK0151,2
PRJ3275,SK0056,3
PRJ1194,SK0260,2
PRJ4290,SK0006,2
PRJ1548,SK0191,2
PRJ0693,SK0153,2
PRJ2321,SK0005,2
PRJ1978,SK0148,4
PRJ3718,SK0145,2
PRJ0153,SK0208,2
PRJ1986,SK0251,4
PRJ2543,SK0131,4
PRJ4102,SK0110,3
PRJ0651,SK0005,3
PRJ2833,SK0073,2
PRJ3677,SK0227,2
PRJ0454,SK0054,2
PRJ4965,SK0242,2
PRJ3453,SK0120,2
PRJ2622,SK0099,3
PRJ1157,SK0234,4
PRJ1182,SK0029,4
PRJ2658,SK0234,3
PRJ4175,SK0241,2
PRJ3378,SK0124,4
PRJ4536,SK0075,3
PRJ1695,SK0003,2
PRJ3909,SK0190,4
PRJ0710,SK0238,3
PRJ1814,SK0073,2
PRJ3959,SK0043,2
PRJ0490,SK0293,2
PRJ4990,SK0060,3
PRJ3875,SK0252,2
PRJ2409,SK0282,2
PRJ3029,SK0300,2
PRJ3469,SK0110,3
PRJ3154,SK0062,2
PRJ0276,SK0150,4
PRJ1938,SK0226,3
PRJ3644,SK0215,2
PRJ2543,SK0009,2
PRJ2236,SK0039,2
PRJ4430,SK0053,4
PRJ1621,SK0010,2
PRJ0813,SK0164,2
PRJ3895,SK0166,2
PRJ0490,SK0228,2
PRJ4596,SK0298,2
PRJ1561,SK0215,4
PRJ1917,SK0136,3
PRJ4172,SK0083,3
PRJ0651,SK0059,3
PRJ4896,SK0049,3
PRJ4009,SK0088,4
PRJ2039,SK0016,4
PRJ2561,SK0242,2
PRJ4608,SK0249,2
PRJ3289,SK0064,3
PRJ3119,SK0275,2
PRJ0149,SK0137,2
PRJ3045,SK0038,4
PRJ0716,SK0273,4
PRJ0939,SK0059,2
PRJ4945,SK0038,4
PRJ4811,SK0076,2
PRJ4373,SK0263,4
PRJ2512,SK0219,2
PRJ3108,SK0149,2
PRJ2428,SK0082,4
PRJ0041,SK0176,2
PRJ2525,SK0290,2
PRJ1686,SK0093,2
PRJ2876,SK0203,3
PRJ4040,SK0256,3
PRJ4905,SK0059,4
PRJ3766,SK0178,2
PRJ4315,SK0290,3
PRJ3388,SK0279,2
PRJ4663,SK0168,4
PRJ4487,SK0196,3
PRJ2443,SK0217,2
PRJ1085,SK0051,4
PRJ0213,SK0060,4
PRJ0166,SK0270,2
PRJ2719,SK0134,2
PRJ0077,SK0029,2
PRJ4691,SK0006,4
PRJ1324,SK0110,4
PRJ1006,SK0192,3
PRJ0364,SK0258,3
PRJ3831,SK0061,2
PRJ1551,SK0222,2
PRJ4340,SK0245,2
PRJ3921,SK0138,4
PRJ1188,SK0300,4
PRJ3870,SK0153,4
PRJ4254,SK0031,2
PRJ3159,SK0017,3
PRJ1579,SK0236,4
PRJ4803,SK0253,4
PRJ1299,SK0281,2
PRJ3926,SK0243,2
PRJ3425,SK0025,2
PRJ1056,SK0283,2
PRJ0544,SK0192,4
PRJ1210,SK0002,4
PRJ4288,SK0157,3
PRJ0408,SK0231,4
PRJ1059,SK0161,4
PRJ0085,SK0038,3
PRJ0755,SK0099,4
PRJ0935,SK0154,4
PRJ0925,SK0295,2
PRJ4926,SK0217,4
PRJ2156,SK0055,3
PRJ3282,SK0206,4
PRJ1305,SK0181,3
PRJ2762,SK0119,2
PRJ0299,SK0277,3
PRJ1132,SK0082,3
PRJ3609,SK0218,2
PRJ2969,SK0282,2
PRJ1339,SK0230,4
PRJ3694,SK0173,2
PRJ4419,SK0230,2
PRJ1049,SK0026,2
PRJ2282,SK0164,3
PRJ1012,SK0223,4
PRJ1502,SK0039,2
PRJ2488,SK0267,3
PRJ4744,SK0253,4
PRJ4940,SK0165,4
PRJ2308,SK0232,4
PRJ4855,SK0135,3
PRJ2098,SK0114,2
PRJ3829,SK0061,2
PRJ3022,SK0054,2
PRJ1414,SK0221,2
PRJ3985,SK0050,3
PRJ3064,SK0071,4
PRJ4568,SK0296,4
PRJ4117,SK0083,2
PRJ0090,SK0009,4
PRJ3892,SK0067,2
PRJ0196,SK0225,3
PRJ1013,SK0010,4
PRJ0126,SK0079,2
PRJ3732,SK0064,3
PRJ4353,SK0094,2
PRJ4950,SK0098,2
PRJ0571,SK0124,2
PRJ4718,SK0264,3
PRJ1719,SK0028,4
PRJ0812,SK0101,2
PRJ4811,SK0054,3
PRJ2011,SK0103,3
PRJ4680,SK0060,4
PRJ1480,SK0217,4
PRJ3964,SK0242,4
PRJ1826,SK0216,3
PRJ4999,SK0256,2
PRJ2850,SK0227,3
PRJ4308,SK0011,2
PRJ4697,SK0115,4
PRJ2939,SK0187,2
PRJ3516,SK0063,2
PRJ1930,SK0027,3
PRJ4185,SK0016,2
PRJ1609,SK0157,4
PRJ3115,SK0017,2
PRJ4232,SK0074,4
PRJ3223,SK0049,4
PRJ4714,SK0237,2
PRJ2121,SK0240,2
PRJ0409,SK0218,3
PRJ2699,SK0010,3
PRJ2318,SK0248,3
PRJ3460,SK0217,3
PRJ4388,SK0163,4
PRJ3716,SK0214,3
PRJ0389,SK0254,2
PRJ4075,SK0144,3
PRJ3418,SK0267,2
PRJ0852,SK0235,2
PRJ1553,SK0167,3
PRJ2652,SK0141,3
PRJ2892,SK0218,4
PRJ3129,SK0166,4
PRJ3460,SK0007,2
PRJ2304,SK0088,2
PRJ2088,SK0077,2
PRJ2508,SK0228,3
PRJ3415,SK0006,3
PRJ0095,SK0036,3
PRJ1025,SK0066,3
PRJ1240,SK0150,2
PRJ0626,SK0105,4
PRJ3306,SK0092,3
PRJ3000,SK0022,2
PRJ0055,SK0244,2
PRJ2800,SK0249,2
PRJ0243,SK0251,4
PRJ2812,SK0247,2
PRJ1257,SK0079,2
PRJ4940,SK0065,3
PRJ3560,SK0011,4
PRJ4756,SK0259,4
PRJ2817,SK0026,2
PRJ3606,SK0046,2
PRJ2239,SK0113,3
PRJ4641,SK0300,2
PRJ4009,SK0192,4
PRJ1987,SK0166,3
PRJ0430,SK0219,3
PRJ1085,SK0151,4
PRJ0409,SK0125,3
PRJ3244,SK0241,2
PRJ0133,SK0058,3
PRJ3772,SK0084,2
PRJ1968,SK0089,2
PRJ0846,SK0291,2
PRJ2342,SK0043,2
PRJ1490,SK0141,2
PRJ1827,SK0027,3
PRJ0992,SK0120,4
PRJ0042,SK0005,4
PRJ2956,SK0013,3
PRJ2845,SK0266,2
PRJ1807,SK0229,2
PRJ3623,SK0099,3
PRJ1260,SK0058,3
PRJ0714,SK0199,2
PRJ4786,SK0146,4
PRJ1040,SK0070,4
PRJ4165,SK0273,2
PRJ3453,SK0200,3
PRJ3425,SK0228,4
PRJ0620,SK0250,3
PRJ4132,SK0073,3
PRJ3163,SK0222,3
PRJ1288,SK0254,4
PRJ3335,SK0146,4
PRJ1116,SK0216,2
PRJ4466,SK0117,2
PRJ4564,SK0144,3
PRJ0441,SK0243,4
PRJ0364,SK0014,2
PRJ0010,SK0128,4
PRJ4064,SK0008,3
PRJ2711,SK0071,2
PRJ0764,SK0137,3
PRJ0511,SK0281,3
PRJ2317,SK0261,2
PRJ0063,SK0097,2
PRJ3166,SK0010,3
PRJ4023,SK0086,2
PRJ4092,SK0070,3
PRJ4255,SK0246,3
PRJ1336,SK0264,2
PRJ3799,SK0243,4
PRJ3401,SK0081,4
PRJ0360,SK0086,4
PRJ1858,SK0035,4
PRJ4172,SK0208,4
PRJ0161,SK0136,2
PRJ4554,SK0135,3
PRJ0285,SK0284,4
PRJ4032,SK0232,2
PRJ3031,SK0023,3
PRJ0316,SK0104,3
PRJ4937,SK0071,4
PRJ3892,SK0249,4
PRJ0725,SK0190,3
PRJ1893,SK0295,3
PRJ1097,SK0082,3
PRJ4224,SK0256,3
PRJ2430,SK0178,4
PRJ4739,SK0258,2
PRJ3981,SK0212,3
PRJ1168,SK0200,2
PRJ4644,SK0005,3
PRJ4966,SK0098,4
PRJ1517,SK0045,2
PRJ2699,SK0167,3
PRJ1551,SK0204,2
PRJ4399,SK0111,2
PRJ0084,SK0036,4
PRJ0268,SK0027,3
PRJ3328,SK0016,4
PRJ2379,SK0130,4
PRJ4067,SK0250,2
PRJ0126,SK0092,2
PRJ3348,SK0086,3
PRJ0263,SK0199,3
PRJ0199,SK0033,2
PRJ2207,SK0107,4
PRJ3281,SK0068,4
PRJ1152,SK0080,3
PRJ0061,SK0255,2
PRJ0501,SK0186,2
PRJ3745,SK0148,3
PRJ2015,SK0038,4
PRJ1637,SK0170,4
PRJ1382,SK0114,2
PRJ1313,SK0064,2
PRJ1998,SK0024,2
PRJ3350,SK0108,4
PRJ1248,SK0062,3
PRJ1820,SK0291,3
PRJ2462,SK0274,2
PRJ4389,SK0049,2
PRJ0658,SK0088,2
PRJ1158,SK0066,4
PRJ0455,SK0173,4
PRJ2850,SK0283,3
PRJ2228,SK0231,4
PRJ3998,SK0094,2
PRJ2525,SK0114,4
PRJ4477,SK0126,3
PRJ0588,SK0116,2
PRJ0397,SK0123,4
PRJ3193,SK0245,4
PRJ2399,SK0160,4
PRJ3732,SK0081,3
PRJ1507,SK0003,3
PRJ4948,SK0217,4
PRJ0380,SK0282,3
PRJ2495,SK0035,2
PRJ3235,SK0050,2
PRJ1874,SK0077,2
PRJ2747,SK0064,3
PRJ4531,SK0042,3
PRJ0303,SK0215,4
PRJ4807,SK0267,2
PRJ1499,SK0220,3
PRJ0585,SK0033,4
PRJ3187,SK0162,3
PRJ2854,SK0086,4
PRJ1107,SK0117,3
PRJ0880,SK0290,4
PRJ1688,SK0280,2
PRJ3807,SK0127,4
PRJ0114,SK0275,2
PRJ3962,SK0097,4
PRJ1449,SK0144,4
PRJ3605,SK0173,2
PRJ1213,SK0180,3
PRJ1661,SK0001,3
PRJ3286,SK0134,4
PRJ2719,SK0219,4
PRJ2377,SK0287,2
PRJ2828,SK0098,3
PRJ0686,SK0192,4
PRJ0065,SK0285,3
PRJ2557,SK0289,2
PRJ2523,SK0267,2
PRJ1940,SK0107,3
PRJ3693,SK0149,4
PRJ3973,SK0029,3
PRJ2066,SK0114,4
PRJ1085,SK0013,3
PRJ2412,SK0157,3
PRJ3397,SK0186,2
PRJ2455,SK0154,4
PRJ1531,SK0244,3
PRJ2996,SK0237,3
PRJ4898,SK0151,4
PRJ3542,SK0007,3
PRJ2883,SK0012,3
PRJ2753,SK0107,3
PRJ1076,SK0132,4
PRJ1842,SK0268,3
PRJ2453,SK0066,3
PRJ4801,SK0292,2
PRJ2298,SK0264,3
PRJ1455,SK0013,2
PRJ4833,SK0057,4
PRJ1645,SK0098,3
PRJ0295,SK0018,3
PRJ1727,SK0064,3
PRJ3993,SK0193,4
PRJ0650,SK0170,3
PRJ0334,SK0045,2
PRJ1736,SK0295,4
PRJ4823,SK0067,3
PRJ4687,SK0028,4
PRJ2091,SK0191,2
PRJ1780,SK0114,4
PRJ4796,SK0055,3
PRJ3869,SK0041,4
PRJ2441,SK0100,4
PRJ0074,SK0257,4
PRJ1847,SK0187,3
PRJ3380,SK0173,2
PRJ3031,SK0050,4
PRJ4606,SK0184,2
PRJ1466,SK0033,4
PRJ3883,SK0296,2
PRJ2331,SK0187,4
PRJ2121,SK0275,2
PRJ1566,SK0027,4
PRJ2096,SK0047,2
PRJ2433,SK0057,2
PRJ2248,SK0109,3
PRJ1623,SK0190,2
PRJ2318,SK0022,4
PRJ3350,SK0185,2
PRJ4442,SK0150,4
PRJ0889,SK0299,2
PRJ3655,SK0277,4
PRJ0511,SK0078,4
PRJ3154,SK0032,4
PRJ2815,SK0152,2
PRJ3188,SK0020,3
PRJ0456,SK0264,4
PRJ0681,SK0051,3
PRJ4059,SK0057,2
PRJ2388,SK0111,2
PRJ0882,SK0210,2
PRJ1537,SK0197,4
PRJ3005,SK0166,3
PRJ4441,SK0289,4
PRJ0794,SK0057,2
PRJ3464,SK0239,4
PRJ4713,SK0056,4
PRJ4504,SK0290,3
PRJ3275,SK0245,2
PRJ0689,SK0022,4
PRJ4937,SK0184,4
PRJ1468,SK0147,2
PRJ1240,SK0107,2
PRJ3400,SK0156,2
PRJ2793,SK0279,3
PRJ4837,SK0096,2
PRJ0468,SK0131,3
PRJ4932,SK0027,2
PRJ1358,SK0110,2
PRJ3710,SK0049,2
PRJ2432,SK0136,2
PRJ1721,SK0088,4
PRJ1293,SK0038,2
PRJ0896,SK0143,3
PRJ4097,SK0155,3
PRJ4076,SK0101,3
PRJ3910,SK0080,3
PRJ4087,SK0153,3
PRJ0375,SK0193,2
PRJ1917,SK0067,2
PRJ3251,SK0219,2
PRJ2561,SK0075,2
PRJ1505,SK0158,3
PRJ0553,SK0049,3
PRJ4034,SK0212,4
PRJ3730,SK0254,2
PRJ0205,SK0144,2
PRJ4121,SK0227,3
PRJ3330,SK0007,2
PRJ0479,SK0233,4
PRJ0989,SK0053,3
PRJ4071,SK0016,2
PRJ0812,SK0127,4
PRJ4341,SK0228,3
PRJ2876,SK0113,2
PRJ0678,SK0025,4
PRJ0371,SK0142,4
PRJ4610,SK0285,4
PRJ3055,SK0119,4
PRJ4748,SK0222,3
PRJ2414,SK0093,4
PRJ0027,SK0189,4
PRJ3232,SK0076,2
PRJ1599,SK0120,3
PRJ2057,SK0197,2
PRJ4770,SK0010,3
PRJ4780,SK0058,2
PRJ2535,SK0277,4
PRJ4873,SK0180,4
PRJ1023,SK0248,3
PRJ2784,SK0149,2
PRJ4948,SK0287,4
PRJ2103,SK0198,4
PRJ1575,SK0224,2
PRJ4666,SK0255,4
PRJ2341,SK0149,2
PRJ0114,SK0084,3
PRJ2552,SK0282,2
PRJ3395,SK0164,2
PRJ2067,SK0234,4
PRJ3019,SK0253,4
PRJ1191,SK0147,4
PRJ2095,SK0083,3
PRJ4313,SK0133,3
PRJ1332,SK0122,4
PRJ3478,SK0272,3
PRJ0869,SK0280,4
PRJ0967,SK0045,3
PRJ1504,SK0004,3
PRJ4262,SK0071,4
PRJ4395,SK0118,2
PRJ1738,SK0257,3
PRJ0509,SK0252,4
PRJ4818,SK0134,4
PRJ2071,SK0067,4
PRJ0686,SK0025,2
PRJ3508,SK0077,3
PRJ4762,SK0131,2
PRJ1691,SK0051,3
PRJ3536,SK0075,3
PRJ3230,SK0102,2
PRJ3129,SK0022,4
PRJ1954,SK0116,4
PRJ2091,SK0049,4
PRJ4267,SK0092,2
PRJ4793,SK0073,2
PRJ3793,SK0033,2
PRJ4495,SK0088,2
PRJ4096,SK0212,3
PRJ4950,SK0149,3
PRJ3570,SK0011,3
PRJ1850,SK0061,3
PRJ3550,SK0094,2
PRJ3162,SK0119,4
PRJ1358,SK0213,2
PRJ2887,SK0041,3
PRJ4872,SK0233,2
PRJ3975,SK0113,3
PRJ4697,SK0268,2
PRJ1992,SK0298,4
PRJ1364,SK0262,2
PRJ1436,SK0080,4
PRJ4286,SK0116,2
PRJ4535,SK0093,2
PRJ1058,SK0151,3
PRJ4181,SK0187,2
PRJ1324,SK0241,4
PRJ2192,SK0282,3
PRJ3539,SK0200,2
PRJ2798,SK0135,4
PRJ2571,SK0194,4
PRJ4803,SK0125,2
PRJ0889,SK0030,2
PRJ4603,SK0244,4
PRJ1423,SK0287,2
PRJ4284,SK0243,4
PRJ4626,SK0184,2
PRJ3205,SK0262,3
PRJ1277,SK0149,2
PRJ1425,SK0013,2
PRJ0974,SK0029,2
PRJ2526,SK0223,3
PRJ0232,SK0090,2
PRJ1662,SK0146,2
PRJ3364,SK0056,4
PRJ3574,SK0021,4
PRJ0823,SK0079,2
PRJ1072,SK0070,3
PRJ2513,SK0075,4
PRJ3035,SK0286,4
PRJ1325,SK0085,4
PRJ3965,SK0048,4
PRJ2928,SK0197,3
PRJ1665,SK0199,3
PRJ4833,SK0286,4
PRJ4489,SK0113,4
PRJ0606,SK0185,4
PRJ1383,SK0096,3
PRJ2719,SK0217,2
PRJ4897,SK0259,4
PRJ3663,SK0252,2
PRJ4298,SK0218,4
PRJ0324,SK0016,2
PRJ3652,SK0025,4
PRJ1929,SK0280,4
PRJ4325,SK0162,4
PRJ2467,SK0214,2
PRJ4409,SK0056,2
PRJ1974,SK0245,2
PRJ1323,SK0196,2
PRJ3378,SK0134,4
PRJ1803,SK0040,4
PRJ3110,SK0287,3
PRJ0729,SK0175,4
PRJ4180,SK0202,4
PRJ4362,SK0267,2
PRJ3950,SK0132,2
PRJ3152,SK0221,3
PRJ0313,SK0009,3
PRJ3281,SK0198,4
PRJ1553,SK0216,3
PRJ1735,SK0277,4
PRJ4470,SK0215,4
PRJ2707,SK0175,2
PRJ4267,SK0096,3
PRJ0183,SK0183,4
PRJ3145,SK0290,3
PRJ3065,SK0190,2
PRJ1595,SK0063,2
PRJ0219,SK0276,4
PRJ3631,SK0254,3
PRJ2261,SK0002,3
PRJ0597,SK0046,2
PRJ4764,SK0147,3
PRJ1688,SK0181,4
PRJ4689,SK0055,3
PRJ1408,SK0256,4
PRJ0114,SK0104,4
PRJ1477,SK0023,3
PRJ0110,SK0080,2
PRJ0306,SK0188,2
PRJ3835,SK0233,2
PRJ2881,SK0069,3
PRJ4201,SK0139,2
PRJ4250,SK0217,4
PRJ3488,SK0118,3
PRJ0786,SK0042,3
PRJ0488,SK0231,3
PRJ3732,SK0206,4
PRJ4211,SK0136,2
PRJ2405,SK0128,2
PRJ2098,SK0196,3
PRJ1602,SK0221,4
PRJ0177,SK0182,4
PRJ0458,SK0266,4
PRJ4734,SK0107,4
PRJ3471,SK0191,3
PRJ1857,SK0048,3
PRJ4261,SK0058,4
PRJ2849,SK0102,2
PRJ4637,SK0269,4
PRJ1896,SK0106,4
PRJ2040,SK0204,3
PRJ3893,SK0158,2
PRJ2752,SK0066,3
PRJ0279,SK0033,3
PRJ3730,SK0137,3
PRJ3311,SK0099,2
PRJ0603,SK0187,2
PRJ2055,SK0179,4
PRJ1601,SK0208,3
PRJ4762,SK0285,4
PRJ3972,SK0250,2
PRJ3691,SK0232,3
PRJ0719,SK0203,3
PRJ0327,SK0137,2
PRJ4283,SK0167,4
PRJ4477,SK0048,4
PRJ1556,SK0243,4
PRJ0769,SK0132,2
PRJ0730,SK0230,3
PRJ1725,SK0121,2
PRJ3656,SK0079,4
PRJ0955,SK0149,2
PRJ2127,SK0137,2
PRJ2619,SK0264,4
PRJ1784,SK0184,4
PRJ0031,SK0134,2
PRJ0295,SK0043,2
PRJ3878,SK0226,2
PRJ4828,SK0021,3
PRJ1785,SK0056,3
PRJ1332,SK0247,2
PRJ2267,SK0028,3
PRJ0889,SK0254,4
PRJ0463,SK0175,4
PRJ3380,SK0192,2
PRJ1769,SK0300,2
PRJ3757,SK0231,2
PRJ0906,SK0148,2
PRJ2544,SK0082,4
PRJ0460,SK0014,3
PRJ4481,SK0215,4
PRJ3921,SK0187,3
PRJ3625,SK0267,4
PRJ4247,SK0258,3
PRJ2075,SK0039,4
PRJ1113,SK0219,2
PRJ3278,SK0041,3
PRJ1613,SK0002,2
PRJ4761,SK0008,4
PRJ3047,SK0196,4
PRJ4822,SK0198,3
PRJ0676,SK0017,2
PRJ1946,SK0147,2
PRJ0894,SK0035,2
PRJ0497,SK0050,4
PRJ3815,SK0221,2
PRJ3039,SK0289,2
PRJ0420,SK0240,4
PRJ1171,SK0285,3
PRJ0145,SK0197,2
PRJ3518,SK0046,3
PRJ1892,SK0019,3
PRJ3588,SK0079,3
PRJ4578,SK0090,3
PRJ4869,SK0242,3
PRJ4110,SK0244,3
PRJ3053,SK0275,2
PRJ0156,SK0123,3
PRJ0766,SK0059,3
PRJ3428,SK0153,3
PRJ0959,SK0022,4
PRJ3133,SK0027,4
PRJ1742,SK0043,2
PRJ4944,SK0023,3
PRJ1047,SK0003,3
PRJ2368,SK0247,3
PRJ2588,SK0080,2
PRJ2847,SK0092,2
PRJ4836,SK0272,2
PRJ0960,SK0141,2
PRJ0787,SK0164,4
PRJ2492,SK0126,3
PRJ4007,SK0256,4
PRJ1893,SK0265,4
PRJ0311,SK0079,2
PRJ2024,SK0294,2
PRJ2982,SK0100,3
PRJ4950,SK0028,4
PRJ4533,SK0014,3
PRJ3321,SK0080,2
PRJ4660,SK0074,3
PRJ3449,SK0096,2
PRJ4843,SK0125,3
PRJ1103,SK0238,3
PRJ0898,SK0005,4
PRJ4920,SK0153,4
PRJ4581,SK0036,2
PRJ3063,SK0283,3
PRJ3692,SK0105,2
PRJ4830,SK0120,4
PRJ1866,SK0044,3
PRJ1959,SK0072,4
PRJ0770,SK0003,3
PRJ4279,SK0068,4
PRJ3873,SK0004,3
PRJ4554,SK0136,4
PRJ2732,SK0119,4
PRJ1447,SK0008,3
PRJ4818,SK0070,3
PRJ2235,SK0124,4
PRJ1908,SK0007,3
PRJ2673,SK0265,2
PRJ1186,SK0023,4
PRJ4085,SK0155,4
PRJ1664,SK0028,3
PRJ4980,SK0282,3
PRJ3490,SK0086,4
PRJ4471,SK0165,2
PRJ1973,SK0219,4
PRJ2932,SK0005,2
PRJ0989,SK0248,4
PRJ3909,SK0001,3
PRJ3242,SK0243,4
PRJ3877,SK0242,4
PRJ1267,SK0268,2
PRJ2981,SK0232,2
PRJ4253,SK0025,2
PRJ2426,SK0284,3
PRJ1098,SK0118,3
PRJ1984,SK0256,2
PRJ0028,SK0080,4
PRJ2489,SK0044,3
PRJ1177,SK0004,3
PRJ3808,SK0248,3
PRJ4144,SK0144,3
PRJ2124,SK0074,3
PRJ4754,SK0178,2
PRJ0351,SK0198,2
PRJ1800,SK0008,4
PRJ3812,SK0295,3
PRJ4836,SK0261,3
PRJ2505,SK0149,3
PRJ2845,SK0289,2
PRJ4815,SK0205,4
PRJ3770,SK0240,4
PRJ1367,SK0111,2
PRJ2616,SK0092,2
PRJ2882,SK0285,2
PRJ4531,SK0014,4
PRJ0864,SK0192,2
PRJ3769,SK0255,3
PRJ1972,SK0108,4
PRJ4808,SK0139,3
PRJ4592,SK0286,2
PRJ4789,SK0252,3
PRJ3825,SK0015,2
PRJ2373,SK0150,4
PRJ4449,SK0190,2
PRJ3302,SK0209,2
PRJ2169,SK0216,4
PRJ4379,SK0292,4
PRJ2156,SK0177,4
PRJ2457,SK0148,2
PRJ4221,SK0160,4
PRJ0770,SK0063,4
PRJ2994,SK0216,2
PRJ3448,SK0195,4
PRJ4677,SK0164,2
PRJ0496,SK0045,3
PRJ3057,SK0138,3
PRJ0729,SK0257,3
PRJ2174,SK0141,2
PRJ3813,SK0030,4
PRJ2478,SK0252,4
PRJ3683,SK0194,3
PRJ4557,SK0197,2
PRJ1571,SK0147,4
PRJ0457,SK0265,2
PRJ0775,SK0244,2
PRJ0066,SK0283,2
PRJ3571,SK0181,3
PRJ0876,SK0012,3
PRJ1916,SK0092,3
PRJ3405,SK0149,4
PRJ2298,SK0062,2
PRJ1456,SK0107,4
PRJ3641,SK0130,2
PRJ2460,SK0255,3
PRJ1769,SK0188,2
PRJ4585,SK0146,2
PRJ2019,SK0099,3
PRJ0181,SK0238,4
PRJ4112,SK0095,3
PRJ4920,SK0244,2
PRJ4692,SK0252,4
PRJ0491,SK0300,3
PRJ1542,SK0007,4
PRJ4848,SK0086,4
PRJ3638,SK0083,2
PRJ4625,SK0108,2
PRJ2208,SK0026,2
PRJ4770,SK0023,3
PRJ3683,SK0073,4
PRJ1597,SK0062,4
PRJ2780,SK0275,4
PRJ1688,SK0138,3
PRJ0475,SK0241,3
PRJ0464,SK0265,2
PRJ4781,SK0125,2
PRJ1418,SK0237,4
PRJ4727,SK0289,3
PRJ0438,SK0021,2
PRJ4275,SK0056,4
PRJ2270,SK0262,3
PRJ2044,SK0201,2
PRJ2297,SK0156,2
PRJ1338,SK0177,4
PRJ4350,SK0198,4
PRJ1244,SK0238,4
PRJ3328,SK0199,3
PRJ0198,SK0082,4
PRJ0201,SK0223,4
PRJ0596,SK0199,3
PRJ0307,SK0104,3
PRJ1132,SK0120,2
PRJ4281,SK0008,3
PRJ4345,SK0061,2
PRJ2209,SK0262,3
PRJ1564,SK0064,2
PRJ4570,SK0048,3
PRJ1120,SK0278,3
PRJ0639,SK0164,3
PRJ3610,SK0237,3
PRJ4763,SK0231,2
PRJ2297,SK0224,3
PRJ0484,SK0204,3
PRJ4772,SK0281,4
PRJ4870,SK0231,2
PRJ3454,SK0212,3
PRJ2920,SK0115,2
PRJ4391,SK0245,2
PRJ3262,SK0083,3
PRJ0833,SK0132,2
PRJ0971,SK0130,2
PRJ0857,SK0181,2
PRJ4238,SK0129,4
PRJ2217,SK0089,3
PRJ4314,SK0013,2
PRJ1487,SK0083,4
PRJ3268,SK0226,3
PRJ1003,SK0244,2
PRJ4595,SK0075,4
PRJ2411,SK0275,4
PRJ1230,SK0075,4
PRJ2318,SK0260,2
PRJ1676,SK0289,2
PRJ0936,SK0111,4
PRJ0067,SK0140,2
PRJ3729,SK0019,2
PRJ0498,SK0157,2
PRJ0856,SK0091,2
PRJ4333,SK0052,4
PRJ4396,SK0106,3
PRJ4121,SK0165,3
PRJ2020,SK0095,2
PRJ2816,SK0178,3
PRJ0287,SK0126,3
PRJ4732,SK0083,3
PRJ2032,SK0183,2
PRJ4775,SK0048,4
PRJ1065,SK0175,2
PRJ1321,SK0003,3
PRJ2120,SK0010,4
PRJ4226,SK0299,2
PRJ2112,SK0185,2
PRJ0948,SK0034,3
PRJ0165,SK0041,4
PRJ4412,SK0182,2
PRJ4437,SK0052,3
PRJ1002,SK0070,2
PRJ4473,SK0107,2
PRJ2348,SK0176,2
PRJ0232,SK0053,3
PRJ1724,SK0035,3
PRJ2664,SK0075,3
PRJ4601,SK0063,2
PRJ4444,SK0059,2
PRJ3467,SK0089,3
PRJ3992,SK0081,4
PRJ3172,SK0008,4
PRJ3442,SK0098,4
PRJ4528,SK0031,3
PRJ3195,SK0065,4
PRJ1862,SK0049,4
PRJ0763,SK0208,4
PRJ3661,SK0203,3
PRJ1802,SK0271,2
PRJ3329,SK0249,2
PRJ4219,SK0211,2
PRJ4233,SK0256,3
PRJ2666,SK0113,3
PRJ2167,SK0105,2
PRJ4161,SK0251,2
PRJ1538,SK0178,4
PRJ4964,SK0192,3
PRJ0250,SK0071,3
PRJ3467,SK0033,2
PRJ0308,SK0300,2
PRJ1828,SK0043,2
PRJ4076,SK0156,4
PRJ0005,SK0171,3
PRJ4332,SK0137,3
PRJ2856,SK0150,4
PRJ2664,SK0146,4
PRJ2421,SK0097,4
PRJ4025,SK0240,4
PRJ2134,SK0167,3
PRJ3139,SK0188,4
PRJ0459,SK0057,2
PRJ0751,SK0062,4
PRJ3252,SK0091,3
PRJ0104,SK0012,2
PRJ2793,SK0142,2
PRJ4521,SK0021,2
PRJ1188,SK0033,4
PRJ1936,SK0224,3
PRJ1471,SK0015,2
PRJ0974,SK0144,2
PRJ4840,SK0038,2
PRJ0349,SK0015,4
PRJ3206,SK0269,2
PRJ3715,SK0243,4
PRJ2977,SK0115,2
PRJ3683,SK0011,4
PRJ0152,SK0078,4
PRJ0186,SK0018,3
PRJ1999,SK0055,2
PRJ3963,SK0289,4
PRJ1880,SK0163,4
PRJ1971,SK0128,4
PRJ2918,SK0053,3
PRJ2981,SK0288,2
PRJ1093,SK0001,3
PRJ4784,SK0261,2
PRJ2562,SK0201,4
PRJ2970,SK0131,3
PRJ0051,SK0146,2
PRJ3024,SK0023,2
PRJ0118,SK0098,3
PRJ2885,SK0014,2
PRJ0524,SK0050,4
PRJ2681,SK0073,4
PRJ1311,SK0191,2
PRJ2149,SK0192,3
PRJ4773,SK0012,4
PRJ3983,SK0243,4
PRJ2751,SK0056,2
PRJ3320,SK0202,4
PRJ3259,SK0145,3
PRJ2991,SK0182,2
PRJ0180,SK0045,2
PRJ2270,SK0153,2
PRJ0087,SK0060,2
PRJ3331,SK0219,2
PRJ3707,SK0228,4
PRJ0089,SK0116,3
PRJ2506,SK0038,3
PRJ0973,SK0246,2
PRJ4543,SK0272,4
PRJ1256,SK0235,2
PRJ1871,SK0292,2
PRJ0721,SK0103,3
PRJ2988,SK0017,4
PRJ1534,SK0072,4
PRJ4903,SK0022,4
PRJ3821,SK0274,3
PRJ4689,SK0042,4
PRJ2173,SK0176,3
PRJ2174,SK0109,4
PRJ3451,SK0158,3
PRJ2907,SK0008,3
PRJ0277,SK0203,2
PRJ0301,SK0034,3
PRJ3928,SK0170,4
PRJ2981,SK0185,4
PRJ4713,SK0100,2
PRJ1665,SK0174,3
PRJ1238,SK0143,4
PRJ3400,SK0062,2
PRJ2690,SK0136,4
PRJ4313,SK0165,3
PRJ2029,SK0132,4
PRJ2868,SK0046,2
PRJ0421,SK0069,3
PRJ0732,SK0033,4
PRJ4486,SK0174,3
PRJ3580,SK0218,2
PRJ4921,SK0004,4
PRJ3896,SK0221,2
PRJ4830,SK0243,2
PRJ2331,SK0250,2
PRJ4054,SK0017,4
PRJ2613,SK0159,2
PRJ3393,SK0041,3
PRJ1011,SK0065,3
PRJ3205,SK0271,4
PRJ4463,SK0188,4
PRJ0805,SK0049,2
PRJ4365,SK0159,3
PRJ4033,SK0224,2
PRJ1085,SK0256,3
PRJ1526,SK0167,3
PRJ4796,SK0226,3
PRJ3824,SK0036,3
PRJ1020,SK0037,4
PRJ3007,SK0197,4
PRJ2669,SK0086,4
PRJ1262,SK0200,2
PRJ1735,SK0258,2
PRJ2787,SK0229,4
PRJ0873,SK0163,3
PRJ1120,SK0079,2
PRJ4781,SK0145,3
PRJ1934,SK0015,2
PRJ2699,SK0229,3
PRJ0990,SK0242,4
PRJ1496,SK0073,4
PRJ4629,SK0082,4
PRJ3633,SK0246,4
PRJ3670,SK0294,4
PRJ4276,SK0036,4
PRJ0533,SK0136,4
PRJ4015,SK0004,3
PRJ3538,SK0123,3
PRJ2316,SK0198,2
PRJ1184,SK0234,4
PRJ0331,SK0148,4
PRJ2770,SK0275,4
PRJ0466,SK0003,3
PRJ0604,SK0061,2
PRJ2426,SK0185,4
PRJ2465,SK0234,4
PRJ0325,SK0131,4
PRJ4534,SK0102,3
PRJ3862,SK0152,2
PRJ0087,SK0234,4
PRJ0172,SK0084,3
PRJ2387,SK0057,3
PRJ3866,SK0260,2
PRJ4252,SK0284,4
PRJ3749,SK0290,2
PRJ2529,SK0033,4
PRJ2294,SK0050,2
PRJ0043,SK0029,2
PRJ3407,SK0262,2
PRJ1802,SK0022,4
PRJ0426,SK0228,2
PRJ2466,SK0276,2
PRJ1836,SK0231,4
PRJ3156,SK0282,3
PRJ4603,SK0234,4
PRJ3345,SK0225,4
PRJ0103,SK0154,2
PRJ4053,SK0140,4
PRJ0005,SK0296,4
PRJ3179,SK0136,2
PRJ4601,SK0065,4
PRJ1399,SK0280,2
PRJ3710,SK0286,2
PRJ4223,SK0178,3
PRJ1722,SK0181,2
PRJ2576,SK0069,3
PRJ1865,SK0143,3
PRJ2824,SK0143,3
PRJ1301,SK0192,2
PRJ3128,SK0224,2
PRJ4175,SK0061,4
PRJ4879,SK0192,4
PRJ1998,SK0148,2
PRJ2954,SK0035,3
PRJ0483,SK0133,3
PRJ3889,SK0081,4
PRJ2389,SK0057,2
PRJ2870,SK0044,3
PRJ2908,SK0191,3
PRJ3006,SK0238,3
PRJ4755,SK0016,3
PRJ0043,SK0143,3
PRJ4057,SK0019,3
PRJ2262,SK0268,2
PRJ3177,SK0207,2
PRJ4124,SK0025,2
PRJ2544,SK0026,2
PRJ1421,SK0257,4
PRJ3380,SK0016,2
PRJ3653,SK0012,4
PRJ4693,SK0235,4
PRJ0902,SK0014,3
PRJ3603,SK0253,4
PRJ3304,SK0042,3
PRJ4831,SK0201,4
PRJ1953,SK0122,4
PRJ0312,SK0193,2
PRJ3943,SK0122,4
PRJ3769,SK0077,4
PRJ4035,SK0043,2
PRJ2193,SK0263,4
PRJ4282,SK0042,2
PRJ1282,SK0116,3
PRJ4851,SK0233,4
PRJ4532,SK0166,2
PRJ2282,SK0156,4
PRJ1486,SK0098,3
PRJ2059,SK0300,3
PRJ3907,SK0172,2
PRJ0380,SK0071,2
PRJ2578,SK0049,2
PRJ4522,SK0215,2
PRJ0984,SK0155,2
PRJ2420,SK0158,4
PRJ1172,SK0050,2
PRJ4861,SK0298,2
PRJ4486,SK0300,4
PRJ2295,SK0280,3
PRJ4316,SK0021,3
PRJ4324,SK0162,2
PRJ3253,SK0093,2
PRJ2432,SK0008,3
PRJ0859,SK0217,4
PRJ3254,SK0001,3
PRJ2161,SK0233,2
PRJ3724,SK0114,4
PRJ3206,SK0019,3
PRJ3065,SK0125,3
PRJ0713,SK0293,4
PRJ1339,SK0080,3
PRJ0210,SK0127,4
PRJ4294,SK0213,3
PRJ3378,SK0062,3
PRJ1896,SK0029,3
PRJ1009,SK0078,4
PRJ3579,SK0023,2
PRJ0303,SK0144,4
PRJ4020,SK0233,2
PRJ2218,SK0137,3
PRJ2675,SK0052,4
PRJ4083,SK0134,4
PRJ0179,SK0034,3
PRJ4494,SK0027,4
PRJ0477,SK0135,2
PRJ3098,SK0204,2
PRJ1927,SK0223,3
PRJ1015,SK0282,3
PRJ3175,SK0070,2
PRJ4018,SK0249,3
PRJ4455,SK0187,3
PRJ3956,SK0209,2
PRJ3751,SK0132,3
PRJ0592,SK0258,4
PRJ2755,SK0170,4
PRJ3682,SK0278,2
PRJ2760,SK0061,4
PRJ4599,SK0022,2
PRJ0747,SK0067,4
PRJ3232,SK0022,3
PRJ3669,SK0236,3
PRJ0766,SK0265,4
PRJ1040,SK0247,3
PRJ4665,SK0062,3
PRJ3099,SK0230,4
PRJ3506,SK0271,3
PRJ2933,SK0248,2
PRJ1748,SK0202,2
PRJ0673,SK0106,4
PRJ2909,SK0093,2
PRJ3389,SK0283,4
PRJ1894,SK0001,2
PRJ4073,SK0121,2
PRJ0528,SK0087,4
PRJ1624,SK0044,2
PRJ4054,SK0008,4
PRJ3010,SK0078,2
PRJ1714,SK0213,2
PRJ3426,SK0167,2
PRJ2290,SK0050,2
PRJ4338,SK0265,3
PRJ3992,SK0263,4
PRJ3470,SK0029,3
PRJ0985,SK0012,3
PRJ2447,SK0061,3
PRJ4026,SK0278,2
PRJ0203,SK0021,2
PRJ0929,SK0293,2
PRJ1186,SK0284,4
PRJ2956,SK0109,4
PRJ0665,SK0249,2
PRJ1802,SK0239,4
PRJ0232,SK0211,4
PRJ4649,SK0250,2
PRJ3061,SK0182,2
PRJ0477,SK0022,3
PRJ2424,SK0062,2
PRJ0695,SK0220,4
PRJ0335,SK0283,4
PRJ1516,SK0128,4
PRJ3420,SK0140,2
PRJ4999,SK0053,3
PRJ1557,SK0132,2
PRJ4374,SK0156,3
PRJ0841,SK0148,2
PRJ0471,SK0004,3
PRJ4364,SK0114,4
PRJ3768,SK0085,2
PRJ2800,SK0134,4
PRJ4702,SK0056,2
PRJ2327,SK0163,2
PRJ0840,SK0193,2
PRJ2535,SK0234,2
PRJ2323,SK0040,3
PRJ1777,SK0271,2
PRJ2837,SK0233,3
PRJ2732,SK0187,4
PRJ0600,SK0173,4
PRJ0636,SK0059,3
PRJ1515,SK0079,3
PRJ2948,SK0029,4
PRJ2848,SK0104,2
PRJ1622,SK0171,2
PRJ0539,SK0198,4
PRJ2737,SK0111,2
PRJ0100,SK0143,2
PRJ1097,SK0091,2
PRJ1235,SK0155,3
PRJ1879,SK0105,3
PRJ1008,SK0253,2
PRJ4738,SK0264,2
PRJ0266,SK0264,4
PRJ1808,SK0235,2
PRJ3888,SK0186,3
PRJ2249,SK0183,3
PRJ3857,SK0010,2
PRJ1259,SK0233,2
PRJ0350,SK0011,3
PRJ3088,SK0226,4
PRJ3516,SK0268,3
PRJ3347,SK0214,2
PRJ0556,SK0062,2
PRJ3085,SK0170,3
PRJ3815,SK0293,4
PRJ4100,SK0143,4
PRJ1140,SK0084,2
PRJ4501,SK0103,4
PRJ2065,SK0158,4
PRJ3544,SK0071,4
PRJ0707,SK0047,2
PRJ2174,SK0032,2
PRJ4807,SK0088,3
PRJ3430,SK0145,3
PRJ3573,SK0271,2
PRJ3833,SK0024,2
PRJ4555,SK0012,3
PRJ3772,SK0099,2
PRJ4965,SK0170,2
PRJ0932,SK0253,2
PRJ3251,SK0024,4
PRJ0297,SK0229,3
PRJ3829,SK0183,4
PRJ0986,SK0274,4
PRJ4241,SK0195,3
PRJ4777,SK0139,4
PRJ1523,SK0080,3
PRJ0860,SK0178,3
PRJ4245,SK0266,4
PRJ0881,SK0070,2
PRJ2684,SK0232,3
PRJ3717,SK0024,4
PRJ2045,SK0228,3
PRJ3668,SK0223,4
PRJ4722,SK0273,2
PRJ4145,SK0242,2
PRJ4882,SK0248,3
PRJ2846,SK0099,3
PRJ2903,SK0227,4
PRJ4241,SK0081,3
PRJ0890,SK0294,3
PRJ1965,SK0130,4
PRJ0465,SK0052,4
PRJ2624,SK0148,2
PRJ2659,SK0198,3
PRJ2552,SK0033,4
PRJ1969,SK0046,4
PRJ1927,SK0268,4
PRJ3771,SK0191,2
PRJ4353,SK0274,4
PRJ4506,SK0079,2
PRJ2349,SK0189,2
PRJ4714,SK0140,4
PRJ1399,SK0060,4
PRJ4839,SK0012,4
PRJ4826,SK0094,3
PRJ2089,SK0015,2
PRJ2956,SK0286,2
PRJ2109,SK0234,2
PRJ1632,SK0122,3
PRJ1488,SK0212,2
PRJ4848,SK0208,2
PRJ0497,SK0283,3
PRJ0136,SK0067,4
PRJ0621,SK0230,3
PRJ4558,SK0085,2
PRJ3884,SK0249,4
PRJ0207,SK0213,4
PRJ2246,SK0012,4
PRJ2930,SK0021,4
PRJ3826,SK0225,2
PRJ2661,SK0269,3
PRJ2448,SK0103,2
PRJ2513,SK0212,3
PRJ3468,SK0248,3
PRJ1499,SK0123,4
PRJ0763,SK0061,2
PRJ0069,SK0143,3
PRJ1506,SK0132,3
PRJ0157,SK0004,3
PRJ1282,SK0009,2
PRJ4454,SK0037,4
PRJ2042,SK0218,2
PRJ3508,SK0217,2
PRJ4933,SK0128,2
PRJ0806,SK0012,3
PRJ0461,SK0287,3
PRJ4788,SK0111,2
PRJ2658,SK0130,2
PRJ4304,SK0276,3
PRJ1163,SK0250,2
PRJ3629,SK0080,3
PRJ2009,SK0180,2
PRJ4133,SK0208,3
PRJ3866,SK0227,3
PRJ3452,SK0249,3
PRJ4792,SK0153,4
PRJ3457,SK0291,4
PRJ0181,SK0176,4
PRJ0786,SK0228,2
PRJ2130,SK0031,2
PRJ4149,SK0239,3
PRJ2174,SK0043,2
PRJ2198,SK0070,2
PRJ4761,SK0266,4
PRJ4718,SK0284,2
PRJ2115,SK0011,3
PRJ2578,SK0014,4
PRJ3257,SK0162,2
PRJ3052,SK0233,4
PRJ1105,SK0106,3
PRJ2207,SK0155,4
PRJ3177,SK0265,4
PRJ0072,SK0125,2
PRJ3378,SK0037,2
PRJ1183,SK0030,4
PRJ1047,SK0146,4
PRJ2598,SK0118,3
PRJ4106,SK0178,3
PRJ3975,SK0281,2
PRJ3270,SK0234,3
PRJ4858,SK0155,2
PRJ0611,SK0036,2
PRJ3268,SK0267,3
PRJ1616,SK0165,3
PRJ4738,SK0272,3
PRJ1585,SK0215,3
PRJ3770,SK0085,3
PRJ2854,SK0092,4
PRJ1768,SK0225,3
PRJ4568,SK0189,4
PRJ0400,SK0090,2
PRJ2852,SK0220,2
PRJ2404,SK0273,3
PRJ0335,SK0112,2
PRJ4801,SK0141,2
PRJ3378,SK0130,3
PRJ1967,SK0040,3
PRJ2064,SK0115,4
PRJ1876,SK0071,3
PRJ3052,SK0281,2
PRJ3648,SK0122,2
PRJ2260,SK0152,2
PRJ3767,SK0126,3
PRJ2996,SK0178,3
PRJ3289,SK0030,2
PRJ4044,SK0004,3
PRJ1369,SK0299,2
PRJ2401,SK0068,2
PRJ2847,SK0205,4
PRJ0506,SK0219,2
PRJ3465,SK0075,3
PRJ1373,SK0182,3
PRJ1432,SK0072,2
PRJ0421,SK0295,2
PRJ3322,SK0007,4
PRJ3679,SK0222,3
PRJ2946,SK0217,3
PRJ1701,SK0151,4
PRJ3433,SK0241,2
PRJ0370,SK0041,3
PRJ0901,SK0177,3
PRJ2812,SK0038,4
PRJ0761,SK0016,4
PRJ1087,SK0090,2
PRJ3674,SK0157,4
PRJ3801,SK0186,2
PRJ1020,SK0184,4
PRJ2996,SK0086,3
PRJ0877,SK0036,4
PRJ1461,SK0186,3
PRJ0087,SK0182,2
PRJ1415,SK0195,3
PRJ1516,SK0021,2
PRJ2375,SK0058,2
PRJ4635,SK0141,4
PRJ1040,SK0291,3
PRJ2971,SK0192,3
PRJ3625,SK0216,3
PRJ0864,SK0102,3
PRJ0577,SK0239,4
PRJ1696,SK0170,3
PRJ4131,SK0092,2
PRJ1923,SK0125,4
PRJ1915,SK0201,4
PRJ0974,SK0155,4
PRJ2558,SK0013,2
PRJ3422,SK0300,4
PRJ4271,SK0079,2
PRJ1781,SK0011,3
PRJ4850,SK0119,3
PRJ4401,SK0038,2
PRJ3893,SK0166,2
PRJ3620,SK0220,2
PRJ0851,SK0078,4
PRJ1991,SK0177,3
PRJ1768,SK0117,3
PRJ2131,SK0147,3
PRJ0082,SK0236,2
PRJ2493,SK0115,4
PRJ2221,SK0103,2
PRJ2778,SK0096,4
PRJ2654,SK0164,4
PRJ0089,SK0266,3
PRJ0744,SK0083,4
PRJ2951,SK0211,3
PRJ2337,SK0181,3
PRJ4073,SK0247,4
PRJ3217,SK0190,4
PRJ4712,SK0107,3
PRJ1985,SK0024,2
PRJ3160,SK0126,3
PRJ4669,SK0110,4
PRJ4930,SK0119,4
PRJ1047,SK0144,4
PRJ1152,SK0096,4
PRJ1960,SK0237,3
PRJ3709,SK0055,2
PRJ4926,SK0193,4
PRJ0042,SK0095,2
PRJ3366,SK0267,4
PRJ0195,SK0129,4
PRJ2772,SK0141,3
PRJ0688,SK0282,2
PRJ4069,SK0065,3
PRJ4408,SK0024,3
PRJ0088,SK0269,4
PRJ1476,SK0249,3
PRJ2400,SK0013,3
PRJ3450,SK0272,3
PRJ4183,SK0266,3
PRJ4234,SK0138,4
PRJ3485,SK0051,2
PRJ3774,SK0022,3
PRJ2527,SK0064,4
PRJ4008,SK0024,4
PRJ4803,SK0165,2
PRJ3501,SK0119,3
PRJ0562,SK0283,4
PRJ2555,SK0207,3
PRJ1385,SK0102,3
PRJ2315,SK0125,2
PRJ2482,SK0211,4
PRJ2325,SK0051,2
PRJ0883,SK0008,4
PRJ2695,SK0086,2
PRJ3454,SK0292,3
PRJ3014,SK0075,2
PRJ4031,SK0257,3
PRJ4508,SK0255,2
PRJ4043,SK0082,2
PRJ2971,SK0259,3
PRJ0325,SK0146,4
PRJ3642,SK0119,4
PRJ4952,SK0130,4
PRJ3661,SK0025,4
PRJ1177,SK0243,3
PRJ2892,SK0108,2
PRJ2218,SK0273,3
PRJ3097,SK0144,3
PRJ3766,SK0177,3
PRJ2784,SK0044,4
PRJ2374,SK0143,4
PRJ4659,SK0257,2
PRJ4219,SK0171,4
PRJ1855,SK0218,3
PRJ3263,SK0077,2
PRJ3397,SK0287,2
PRJ3201,SK0060,2
PRJ4787,SK0072,4
PRJ4450,SK0018,2
PRJ1734,SK0043,2
PRJ3703,SK0259,2
PRJ2384,SK0091,3
PRJ0227,SK0059,3
PRJ0559,SK0002,3
PRJ0163,SK0253,3
PRJ1199,SK0212,4
PRJ1625,SK0132,2
PRJ3108,SK0046,2
PRJ4782,SK0279,4
PRJ0181,SK0266,3
PRJ4727,SK0210,3
PRJ1778,SK0280,4
PRJ1132,SK0118,3
PRJ2116,SK0244,4
PRJ1171,SK0008,2
PRJ3278,SK0108,2
PRJ2635,SK0296,4
PRJ1656,SK0170,3
PRJ4688,SK0080,2
PRJ4874,SK0154,3
PRJ3160,SK0152,3
PRJ4550,SK0143,3
PRJ4315,SK0258,3
PRJ0839,SK0129,3
PRJ0317,SK0235,2
PRJ3273,SK0268,4
PRJ2644,SK0173,4
PRJ2404,SK0167,4
PRJ4260,SK0019,3
PRJ1368,SK0265,4
PRJ3603,SK0156,3
PRJ4128,SK0196,4
PRJ2398,SK0178,3
PRJ1271,SK0272,3
PRJ2156,SK0254,2
PRJ4400,SK0232,3
PRJ1699,SK0227,2
PRJ1721,SK0104,4
PRJ2770,SK0228,3
PRJ0722,SK0141,2
PRJ2286,SK0262,4
PRJ3421,SK0184,2
PRJ3293,SK0041,4
PRJ2991,SK0134,3
PRJ3779,SK0005,4
PRJ2042,SK0144,3
PRJ1258,SK0274,2
PRJ3902,SK0256,4
PRJ1682,SK0223,3
PRJ2743,SK0186,2
PRJ4661,SK0291,3
PRJ3498,SK0026,4
PRJ0562,SK0110,3
PRJ4590,SK0102,2
PRJ3118,SK0110,2
PRJ2305,SK0259,3
PRJ4798,SK0272,3
PRJ4330,SK0036,3
PRJ4880,SK0154,3
PRJ3246,SK0138,4
PRJ3693,SK0177,4
PRJ2790,SK0287,2
PRJ1014,SK0063,2
PRJ4011,SK0195,2
PRJ4679,SK0219,2
PRJ3547,SK0117,4
PRJ0567,SK0298,4
PRJ0179,SK0093,2
PRJ4021,SK0254,4
PRJ0889,SK0164,2
PRJ1423,SK0268,3
PRJ0335,SK0264,3
PRJ0694,SK0094,4
PRJ2012,SK0088,4
PRJ0850,SK0067,4
PRJ0150,SK0002,4
PRJ1652,SK0234,2
PRJ4303,SK0026,2
PRJ0695,SK0238,3
PRJ4782,SK0046,2
PRJ3725,SK0041,4
PRJ0995,SK0138,4
PRJ1296,SK0026,2
PRJ4849,SK0135,2
PRJ2356,SK0012,2
PRJ0503,SK0221,2
PRJ1366,SK0201,4
PRJ4697,SK0186,4
PRJ2330,SK0155,2
PRJ4705,SK0176,3
PRJ3401,SK0028,3
PRJ3306,SK0048,4
PRJ4465,SK0157,4
PRJ0584,SK0060,2
PRJ1890,SK0124,3
PRJ3910,SK0185,3
PRJ3866,SK0129,4
PRJ1098,SK0092,4
PRJ3906,SK0135,4
PRJ1168,SK0038,3
PRJ3610,SK0064,4
PRJ1728,SK0104,4
PRJ1829,SK0191,3
PRJ0246,SK0052,4
PRJ3938,SK0107,2
PRJ0421,SK0088,3
PRJ0015,SK0217,2
PRJ1942,SK0096,4
PRJ4077,SK0115,4
PRJ2571,SK0251,2
PRJ0962,SK0093,4
PRJ3174,SK0224,2
PRJ3345,SK0088,4
PRJ1255,SK0175,4
PRJ0665,SK0162,4
PRJ4162,SK0233,3
PRJ1713,SK0010,4
PRJ2108,SK0249,4
PRJ0255,SK0008,4
PRJ4416,SK0034,4
PRJ1024,SK0033,4
PRJ4501,SK0156,3
PRJ3771,SK0161,3
PRJ0239,SK0280,2
PRJ1954,SK0276,2
PRJ2887,SK0179,4
PRJ3969,SK0265,4
PRJ4527,SK0146,3
PRJ1075,SK0119,4
PRJ2955,SK0106,4
PRJ1671,SK0234,2
PRJ2414,SK0040,3
PRJ3122,SK0120,3
PRJ2285,SK0009,2
PRJ4527,SK0092,3
PRJ3963,SK0027,4
PRJ4453,SK0091,4
PRJ3925,SK0176,2
PRJ1355,SK0213,2
PRJ3218,SK0250,3
PRJ2748,SK0256,4
PRJ3798,SK0020,4
PRJ1455,SK0249,2
PRJ3865,SK0033,2
PRJ3286,SK0078,4
PRJ1896,SK0192,2
PRJ2191,SK0226,3
PRJ2270,SK0185,4
PRJ4228,SK0154,3
PRJ3832,SK0029,4
PRJ2850,SK0269,2
PRJ3251,SK0166,2
PRJ4888,SK0004,4
PRJ3389,SK0012,3
PRJ0018,SK0212,4
PRJ2968,SK0061,4
PRJ1660,SK0289,4
PRJ3712,SK0084,4
PRJ4361,SK0047,4
PRJ2975,SK0182,3
PRJ3659,SK0212,2
PRJ3479,SK0059,4
PRJ4492,SK0041,2
PRJ1118,SK0203,2
PRJ3728,SK0134,3
PRJ1496,SK0122,2
PRJ4493,SK0063,3
PRJ4979,SK0071,3
PRJ4380,SK0177,3
PRJ1876,SK0112,4
PRJ1864,SK0193,4
PRJ1106,SK0260,3
PRJ4221,SK0017,2
PRJ0997,SK0149,2
PRJ3950,SK0189,3
PRJ3486,SK0272,2
PRJ4792,SK0050,3
PRJ0116,SK0083,3
PRJ2514,SK0256,4
PRJ1260,SK0182,3
PRJ2865,SK0081,2
PRJ1398,SK0191,4
PRJ3665,SK0067,2
PRJ2867,SK0294,2
PRJ4049,SK0038,3
PRJ0620,SK0181,3
PRJ0398,SK0266,4
PRJ1900,SK0246,2
PRJ4589,SK0152,3
PRJ3272,SK0212,3
PRJ1297,SK0223,4
PRJ0921,SK0228,2
PRJ4299,SK0153,4
PRJ2893,SK0018,2
PRJ3984,SK0066,3
PRJ1631,SK0050,3
PRJ1774,SK0192,4
PRJ4359,SK0024,2
PRJ3947,SK0242,3
PRJ2645,SK0289,4
PRJ1370,SK0260,3
PRJ2808,SK0257,2
PRJ4864,SK0107,4
PRJ4937,SK0037,3
PRJ3825,SK0233,3
PRJ2297,SK0269,2
PRJ2527,SK0213,4
PRJ2475,SK0243,2
PRJ2634,SK0274,3
PRJ4307,SK0290,3
PRJ3328,SK0140,4
PRJ3324,SK0222,4
PRJ0673,SK0088,4
PRJ0094,SK0133,3
PRJ1540,SK0088,4
PRJ2738,SK0255,3
PRJ4090,SK0139,3
PRJ3143,SK0266,4
PRJ3286,SK0065,3
PRJ0090,SK0284,2
PRJ1949,SK0060,2
PRJ0711,SK0080,4
PRJ4462,SK0236,2
PRJ3160,SK0166,4
PRJ0605,SK0226,3
PRJ2024,SK0010,2
PRJ0829,SK0059,3
PRJ3798,SK0060,2
PRJ1206,SK0249,4
PRJ2067,SK0142,3
PRJ1495,SK0194,2
PRJ1407,SK0066,2
PRJ0364,SK0075,3
PRJ0335,SK0151,4
PRJ1656,SK0254,4
PRJ3336,SK0186,2
PRJ0793,SK0218,4
PRJ4107,SK0295,3
PRJ3339,SK0086,3
PRJ4405,SK0247,3
PRJ1784,SK0064,3
PRJ3719,SK0264,3
PRJ0425,SK0275,3
PRJ2006,SK0037,2
PRJ2210,SK0261,4
PRJ4601,SK0130,2
PRJ3931,SK0233,2
PRJ0923,SK0291,2
PRJ4527,SK0238,4
PRJ2347,SK0103,3
PRJ0213,SK0089,4
PRJ4068,SK0005,4
PRJ3980,SK0156,2
PRJ1921,SK0235,2
PRJ3405,SK0206,2
PRJ3486,SK0034,2
PRJ0303,SK0079,2
PRJ3249,SK0214,3
PRJ1851,SK0176,4
PRJ0823,SK0134,3
PRJ3674,SK0126,3
PRJ2096,SK0201,3
PRJ3117,SK0002,2
PRJ1344,SK0166,4
PRJ2298,SK0027,3
PRJ4443,SK0096,3
PRJ3732,SK0059,3
PRJ1079,SK0220,2
PRJ1618,SK0133,2
PRJ2885,SK0093,2
PRJ1784,SK0030,4
PRJ4568,SK0062,3
PRJ2893,SK0291,2
PRJ1365,SK0161,4
PRJ2602,SK0099,2
PRJ4438,SK0177,2
PRJ0269,SK0274,4
PRJ0113,SK0198,4
PRJ0704,SK0050,2
PRJ2512,SK0173,3
PRJ0631,SK0136,2
PRJ3276,SK0156,3
PRJ2968,SK0046,2
PRJ0707,SK0245,3
PRJ1078,SK0206,4
PRJ2822,SK0187,3
PRJ1566,SK0247,3
PRJ2348,SK0198,3
PRJ3469,SK0097,3
PRJ2474,SK0260,4
PRJ2577,SK0168,4
PRJ2417,SK0115,2
PRJ2060,SK0152,2
PRJ1243,SK0056,4
PRJ2348,SK0053,4
PRJ4677,SK0037,4
PRJ4348,SK0083,4
PRJ0890,SK0182,4
PRJ1237,SK0066,3
PRJ4354,SK0121,4
PRJ3183,SK0155,2
PRJ2758,SK0193,4
PRJ1830,SK0188,4
PRJ1040,SK0257,4
PRJ2585,SK0138,2
PRJ3373,SK0248,2
PRJ2131,SK0036,4
PRJ4163,SK0193,2
PRJ1225,SK0196,2
PRJ2084,SK0066,2
PRJ0913,SK0201,3
PRJ4860,SK0148,4
PRJ2326,SK0206,2
PRJ1282,SK0280,3
PRJ4761,SK0024,2
PRJ4684,SK0208,2
PRJ3926,SK0195,3
PRJ0381,SK0088,3
PRJ4925,SK0240,4
PRJ1329,SK0261,3
PRJ1070,SK0139,3
PRJ3746,SK0218,3
PRJ2830,SK0212,4
PRJ2804,SK0057,4
PRJ1482,SK0121,3
PRJ1936,SK0038,3
PRJ1637,SK0294,2
PRJ3484,SK0023,3
PRJ2164,SK0117,2
PRJ3515,SK0081,3
PRJ1117,SK0093,4
PRJ3585,SK0227,2
PRJ2685,SK0171,4
PRJ4483,SK0295,3
PRJ4354,SK0252,4
PRJ3761,SK0135,4
PRJ0527,SK0286,2
PRJ2373,SK0089,3
PRJ3828,SK0065,4
PRJ3269,SK0007,3
PRJ1906,SK0046,3
PRJ1384,SK0006,3
PRJ0222,SK0183,4
PRJ4422,SK0120,3
PRJ3101,SK0020,2
PRJ1765,SK0207,2
PRJ4213,SK0016,4
PRJ2473,SK0121,4
PRJ0085,SK0096,4
PRJ0275,SK0078,2
PRJ1587,SK0281,4
PRJ2918,SK0057,3
PRJ3801,SK0285,2
PRJ3905,SK0176,2
PRJ2358,SK0084,2
PRJ0042,SK0142,2
PRJ4916,SK0114,2
PRJ2791,SK0236,4
PRJ0177,SK0281,3
PRJ2173,SK0292,2
PRJ0014,SK0054,3
PRJ2904,SK0289,2
PRJ4380,SK0146,2
PRJ4648,SK0141,4
PRJ1872,SK0155,3
PRJ2010,SK0189,2
PRJ1867,SK0298,4
PRJ2784,SK0037,3
PRJ1174,SK0093,4
PRJ0764,SK0060,2
PRJ2490,SK0195,3
PRJ0645,SK0075,4
PRJ0032,SK0125,3
PRJ1308,SK0016,2
PRJ3334,SK0194,3
PRJ3046,SK0002,4
PRJ0742,SK0073,3
PRJ4229,SK0091,2
PRJ4014,SK0148,2
PRJ3016,SK0064,3
PRJ3577,SK0224,2
PRJ1944,SK0105,3
PRJ0292,SK0294,2
PRJ2479,SK0070,3
PRJ4599,SK0022,3
PRJ0290,SK0275,2
PRJ1121,SK0161,3
PRJ2294,SK0095,3
PRJ4127,SK0294,2
PRJ4207,SK0014,4
PRJ3701,SK0204,4
PRJ4805,SK0279,4
PRJ3379,SK0155,3
PRJ1455,SK0193,3
PRJ0917,SK0007,2
PRJ0219,SK0056,4
PRJ0678,SK0263,2
PRJ2611,SK0210,3
PRJ1026,SK0059,4
PRJ4042,SK0103,4
PRJ4356,SK0292,4
PRJ3721,SK0124,3
PRJ4198,SK0171,3
PRJ1467,SK0133,2
PRJ1821,SK0295,4
PRJ0763,SK0086,2
PRJ3596,SK0004,4
PRJ1081,SK0221,3
PRJ1412,SK0252,2
PRJ0642,SK0123,2
PRJ2489,SK0151,3
PRJ2604,SK0003,4
PRJ4307,SK0003,4
PRJ0234,SK0061,2
PRJ4279,SK0236,2
PRJ2545,SK0158,3
PRJ4260,SK0102,4
PRJ3821,SK0078,2
PRJ3537,SK0088,2
PRJ0317,SK0221,2
PRJ2199,SK0278,3
PRJ4407,SK0160,4
PRJ0300,SK0102,2
PRJ4694,SK0034,2
PRJ1888,SK0187,3
PRJ2699,SK0079,4
PRJ3858,SK0118,2
PRJ2213,SK0094,4
PRJ3258,SK0291,3
PRJ1114,SK0008,3
PRJ0122,SK0207,3
PRJ1594,SK0241,2
PRJ2536,SK0133,4
PRJ3503,SK0044,2
PRJ0749,SK0223,4
PRJ0449,SK0019,2
PRJ3086,SK0025,2
PRJ3719,SK0171,2
PRJ2909,SK0093,3
PRJ0856,SK0054,2
PRJ4681,SK0149,2
PRJ2691,SK0244,4
PRJ3778,SK0096,2
PRJ3753,SK0099,4
PRJ4492,SK0097,4
PRJ4392,SK0032,2
PRJ3409,SK0157,2
PRJ0611,SK0069,2
PRJ2784,SK0283,3
PRJ3118,SK0129,3
PRJ1928,SK0270,4
PRJ0335,SK0073,4
PRJ4090,SK0033,3
PRJ3642,SK0179,3
PRJ1897,SK0299,2
PRJ4266,SK0213,4
PRJ3219,SK0211,2
PRJ2518,SK0040,4
PRJ0849,SK0164,3
PRJ0171,SK0022,4
PRJ4275,SK0210,2
PRJ3919,SK0025,2
PRJ0767,SK0097,3
PRJ3424,SK0261,4
PRJ4098,SK0092,3
PRJ4835,SK0100,4
PRJ3013,SK0219,3
PRJ3675,SK0082,4
PRJ4224,SK0138,4
PRJ3994,SK0196,4
PRJ0998,SK0147,4
PRJ4554,SK0199,2
PRJ3906,SK0260,4
PRJ3191,SK0297,3
PRJ0645,SK0174,2
PRJ3584,SK0243,4
PRJ1388,SK0075,4
PRJ3300,SK0148,4
PRJ2990,SK0237,3
PRJ0451,SK0159,2
PRJ1403,SK0134,4
PRJ4108,SK0174,3
PRJ2233,SK0089,2
PRJ2238,SK0264,3
PRJ0764,SK0234,3
PRJ2774,SK0300,4
PRJ0063,SK0162,2
PRJ3469,SK0189,4
PRJ1893,SK0054,4
PRJ1626,SK0074,2
PRJ2626,SK0028,3
PRJ1021,SK0227,3
PRJ4178,SK0284,3
PRJ2775,SK0151,4
PRJ2358,SK0089,4
PRJ3612,SK0250,3
PRJ0538,SK0173,4
PRJ4069,SK0133,3
PRJ3708,SK0180,3
PRJ2867,SK0064,4
PRJ1651,SK0068,4
PRJ0973,SK0062,2
PRJ0477,SK0031,2
PRJ1058,SK0043,2
PRJ4153,SK0291,3
PRJ2962,SK0047,4
PRJ0111,SK0190,4
PRJ1788,SK0185,4
PRJ4474,SK0208,4
PRJ1511,SK0279,4
PRJ1245,SK0143,4
PRJ0731,SK0187,3
PRJ3682,SK0108,3
PRJ0802,SK0273,4
PRJ1718,SK0057,2
PRJ4063,SK0157,3
PRJ2936,SK0125,2
PRJ1588,SK0007,2
PRJ3918,SK0187,4
PRJ2759,SK0003,3
PRJ2895,SK0036,3
PRJ3505,SK0067,2
PRJ3959,SK0157,4
PRJ2077,SK0055,4
PRJ4293,SK0294,3
PRJ2141,SK0168,4
PRJ4903,SK0217,3
PRJ3139,SK0136,2
PRJ4200,SK0143,3
PRJ3601,SK0289,3
PRJ3573,SK0234,2
PRJ1024,SK0077,2
PRJ0870,SK0270,2
PRJ1862,SK0186,2
PRJ0632,SK0088,2
PRJ2520,SK0030,2
PRJ4549,SK0221,4
PRJ3092,SK0197,3
PRJ2109,SK0108,2
PRJ1591,SK0193,4
PRJ1831,SK0119,2
PRJ1681,SK0085,3
PRJ2569,SK0105,4
PRJ0438,SK0106,2
PRJ1673,SK0173,3
PRJ0273,SK0168,3
PRJ3946,SK0185,3
PRJ2303,SK0180,2
PRJ1456,SK0239,3
PRJ1481,SK0120,2
PRJ0486,SK0287,4
PRJ2424,SK0293,2
PRJ4976,SK0182,2
PRJ2783,SK0288,3
PRJ1442,SK0266,2
PRJ3418,SK0006,4
PRJ4805,SK0031,2
PRJ4945,SK0209,3
PRJ2802,SK0157,4
PRJ4592,SK0135,4
PRJ3744,SK0164,2
PRJ0915,SK0118,4
PRJ2670,SK0051,2
PRJ4698,SK0066,2
PRJ4327,SK0220,2
PRJ2091,SK0186,4
PRJ2710,SK0035,2
PRJ0355,SK0050,3
PRJ1430,SK0107,3
PRJ1327,SK0140,4
PRJ4575,SK0034,2
PRJ3837,SK0127,4
PRJ4553,SK0131,3
PRJ4435,SK0227,2
PRJ1943,SK0189,2
PRJ3021,SK0115,3
PRJ2446,SK0188,4
PRJ1127,SK0176,4
PRJ4212,SK0053,2
PRJ0022,SK0068,3
PRJ4026,SK0198,4
PRJ2341,SK0277,4
PRJ1682,SK0011,3
PRJ1150,SK0048,2
PRJ2551,SK0129,2
PRJ4621,SK0276,3
PRJ2659,SK0002,4
PRJ1214,SK0179,3
PRJ2600,SK0080,2
PRJ2176,SK0030,2
PRJ1582,SK0192,3
PRJ3387,SK0267,3
PRJ2467,SK0236,4
PRJ0001,SK0248,3
PRJ0469,SK0188,2
PRJ3060,SK0069,3
PRJ2502,SK0226,4
PRJ0876,SK0032,2
PRJ2067,SK0178,4
PRJ4124,SK0246,3
PRJ3768,SK0264,4
PRJ2814,SK0271,2
PRJ3858,SK0009,2
PRJ2581,SK0046,3
PRJ0442,SK0219,4
PRJ2339,SK0268,4
PRJ3624,SK0115,2
PRJ2010,SK0006,2
PRJ2435,SK0193,2
PRJ2393,SK0094,4
PRJ3701,SK0147,3
PRJ3577,SK0190,4
PRJ1320,SK0181,2
PRJ0953,SK0110,4
PRJ4531,SK0254,3
PRJ3548,SK0096,4
PRJ4420,SK0043,4
PRJ0941,SK0285,4
PRJ0251,SK0113,3
PRJ2561,SK0235,3
PRJ2256,SK0257,3
PRJ3399,SK0053,3
PRJ0119,SK0134,2
PRJ1749,SK0293,4
PRJ4346,SK0199,2
PRJ3021,SK0296,3
PRJ0773,SK0218,2
PRJ2521,SK0223,2
PRJ2306,SK0057,3
PRJ2590,SK0135,4
PRJ1684,SK0143,4
PRJ4426,SK0014,3
PRJ4854,SK0185,2
PRJ0406,SK0274,4
PRJ0645,SK0086,2
PRJ4261,SK0270,4
PRJ3335,SK0230,3
PRJ4470,SK0127,4
PRJ2559,SK0151,3
PRJ3476,SK0152,2
PRJ1754,SK0250,2
PRJ1524,SK0066,3
PRJ0193,SK0002,3
PRJ1336,SK0198,3
PRJ2248,SK0194,3
PRJ0065,SK0008,4
PRJ2050,SK0084,2
PRJ4214,SK0204,3
PRJ2795,SK0123,3
PRJ3535,SK0247,4
PRJ4576,SK0294,2
PRJ4287,SK0020,4
PRJ2170,SK0052,2
PRJ3478,SK0111,4
PRJ3727,SK0105,3
PRJ3667,SK0056,4
PRJ1531,SK0213,3
PRJ3524,SK0189,3
PRJ3204,SK0180,4
PRJ2962,SK0154,2
PRJ4567,SK0192,4
PRJ2078,SK0088,4
PRJ4898,SK0278,4
PRJ1905,SK0128,4
PRJ3801,SK0248,2
PRJ1070,SK0073,4
PRJ2171,SK0218,2
PRJ4400,SK0198,3
PRJ1306,SK0201,2
PRJ0721,SK0092,3
PRJ2007,SK0217,4
PRJ2740,SK0250,2
PRJ3432,SK0045,4
PRJ3933,SK0220,3
PRJ0492,SK0195,4
PRJ2628,SK0048,2
PRJ2161,SK0073,3
PRJ0403,SK0215,3
PRJ2103,SK0062,4
PRJ4172,SK0028,3
PRJ3881,SK0300,3
PRJ3989,SK0223,2
PRJ0667,SK0130,3
PRJ4754,SK0054,4
PRJ1679,SK0111,3
PRJ1384,SK0120,4
PRJ2035,SK0220,4
PRJ2269,SK0026,4
PRJ3975,SK0144,4
PRJ0553,SK0037,2
PRJ4717,SK0106,3
PRJ1076,SK0034,4
PRJ3811,SK0071,2
PRJ0372,SK0190,3
PRJ1467,SK0117,2
PRJ4408,SK0284,3
PRJ3713,SK0047,2
PRJ2278,SK0290,2
PRJ2241,SK0267,4
PRJ2771,SK0010,4
PRJ4717,SK0044,3
PRJ3964,SK0087,4
PRJ4413,SK0027,3
PRJ2531,SK0061,2
PRJ3768,SK0024,4
PRJ1185,SK0120,2
PRJ0858,SK0072,3
PRJ4568,SK0040,4
PRJ0209,SK0200,2
PRJ4471,SK0138,3
PRJ4748,SK0057,4
PRJ1262,SK0123,2
PRJ0985,SK0094,2
PRJ2027,SK0037,2
PRJ1801,SK0179,4
PRJ2485,SK0133,3
PRJ1333,SK0241,2
PRJ4920,SK0292,4
PRJ1833,SK0106,2
PRJ1292,SK0257,4
PRJ0437,SK0180,3
PRJ4813,SK0284,4
PRJ3560,SK0168,4
PRJ0793,SK0258,3
PRJ2803,SK0217,3
PRJ3188,SK0161,2
PRJ3634,SK0152,4
PRJ0668,SK0138,3
PRJ0185,SK0116,2
PRJ1356,SK0250,4
PRJ1102,SK0115,3
PRJ0080,SK0167,4
PRJ3463,SK0097,4
PRJ2899,SK0143,3
PRJ0533,SK0046,2
PRJ1795,SK0241,4
PRJ3849,SK0200,2
PRJ2433,SK0133,4
PRJ2014,SK0137,2
PRJ2440,SK0042,3
PRJ0176,SK0161,2
PRJ3248,SK0141,3
PRJ4109,SK0197,3
PRJ3261,SK0250,2
PRJ4470,SK0215,2
PRJ3623,SK0001,3
PRJ0149,SK0008,3
PRJ1627,SK0058,3
PRJ0351,SK0072,3
PRJ3954,SK0262,4
PRJ1587,SK0125,2
PRJ3259,SK0094,2
PRJ4535,SK0212,4
PRJ3313,SK0215,2
PRJ2722,SK0248,2
PRJ2730,SK0081,2
PRJ0317,SK0180,3
PRJ1404,SK0031,2
PRJ1641,SK0118,2
PRJ1693,SK0263,2
PRJ1717,SK0017,4
PRJ3564,SK0105,3
PRJ1870,SK0102,3
PRJ4734,SK0025,2
PRJ4489,SK0191,2
PRJ0086,SK0135,3
PRJ4523,SK0059,4
PRJ0699,SK0101,2
PRJ0334,SK0274,3
PRJ4760,SK0006,3
PRJ0629,SK0160,4
PRJ0212,SK0011,4
PRJ0666,SK0052,4
PRJ4759,SK0220,3
PRJ2745,SK0147,4
PRJ2266,SK0134,2
PRJ3551,SK0106,2
PRJ0047,SK0221,2
PRJ0306,SK0158,3
PRJ3058,SK0251,3
PRJ0872,SK0222,4
PRJ2153,SK0191,3
PRJ0692,SK0002,3
PRJ2967,SK0259,3
PRJ2465,SK0175,3
PRJ3731,SK0280,4
PRJ1464,SK0268,3
PRJ3303,SK0111,3
PRJ2241,SK0114,4
PRJ2406,SK0083,3
PRJ0628,SK0298,4
PRJ1915,SK0018,2
PRJ4397,SK0110,3
PRJ1185,SK0171,4
PRJ1407,SK0129,2
PRJ1171,SK0124,4
PRJ3730,SK0058,2
PRJ3096,SK0289,3
PRJ3343,SK0071,3
PRJ4818,SK0127,2
PRJ0682,SK0048,2
PRJ3499,SK0118,4
PRJ0098,SK0107,3
PRJ3189,SK0194,2
PRJ1163,SK0234,2
PRJ1136,SK0046,2
PRJ1704,SK0179,2
PRJ0205,SK0146,3
PRJ1711,SK0185,3
PRJ2908,SK0160,2
PRJ4457,SK0107,2
PRJ1183,SK0177,4
PRJ0267,SK0169,3
PRJ3215,SK0090,3
PRJ2599,SK0049,3
PRJ0261,SK0218,2
PRJ1857,SK0034,3
PRJ3047,SK0173,3
PRJ2344,SK0150,4
PRJ1022,SK0056,4
PRJ2962,SK0064,3
PRJ0705,SK0044,3
PRJ3336,SK0027,4
PRJ0459,SK0248,3
PRJ2937,SK0180,3
PRJ3168,SK0070,2
PRJ4360,SK0190,2
PRJ1474,SK0024,2
PRJ2573,SK0014,4
PRJ0860,SK0275,4
PRJ1996,SK0274,3
PRJ4268,SK0136,2
PRJ1549,SK0300,2
PRJ1582,SK0043,2
PRJ4411,SK0130,4
PRJ1754,SK0273,2
PRJ4004,SK0107,4
PRJ2735,SK0131,4
PRJ2106,SK0101,4
PRJ3958,SK0161,2
PRJ2985,SK0085,3
PRJ0453,SK0218,2
PRJ0964,SK0148,4
PRJ0785,SK0058,4
PRJ3955,SK0153,2
PRJ0944,SK0035,4
PRJ3443,SK0031,2
PRJ1277,SK0102,4
PRJ2185,SK0082,3
PRJ4599,SK0257,4
PRJ0040,SK0158,3
PRJ1516,SK0070,4
PRJ0235,SK0243,3
PRJ4393,SK0099,4
PRJ4824,SK0011,3
PRJ3908,SK0281,3
PRJ4372,SK0242,3
PRJ2829,SK0167,2
PRJ3834,SK0077,2
PRJ1323,SK0134,2
PRJ1862,SK0005,4
PRJ4986,SK0065,3
PRJ0612,SK0069,3
PRJ1012,SK0191,2
PRJ4341,SK0158,4
PRJ0504,SK0177,2
PRJ2813,SK0194,3
PRJ3144,SK0054,4
PRJ1562,SK0032,2
PRJ0938,SK0158,4
PRJ1393,SK0229,4
PRJ4903,SK0269,4
PRJ1435,SK0059,4
PRJ1551,SK0299,3
PRJ2175,SK0278,2
PRJ4683,SK0094,4
PRJ0048,SK0074,4
PRJ1360,SK0273,4
PRJ2284,SK0087,3
PRJ0912,SK0001,2
PRJ1159,SK0202,2
PRJ3871,SK0217,4
PRJ0250,SK0229,4
PRJ0807,SK0080,2
PRJ2504,SK0273,3
PRJ2517,SK0109,3
PRJ4807,SK0111,4
PRJ4745,SK0063,4
PRJ1771,SK0216,3
PRJ4379,SK0072,2
PRJ4734,SK0259,3
PRJ3394,SK0143,3
PRJ1054,SK0297,4
PRJ2208,SK0233,4
PRJ1486,SK0055,4
PRJ0027,SK0087,4
PRJ2550,SK0006,3
PRJ2003,SK0254,3
PRJ0657,SK0290,4
PRJ1173,SK0078,2
PRJ2823,SK0087,2
PRJ4405,SK0106,3
PRJ3717,SK0153,2
PRJ1901,SK0114,4
PRJ0334,SK0096,3
PRJ2891,SK0291,3
PRJ2016,SK0093,2
PRJ3346,SK0088,4
PRJ1307,SK0232,4
PRJ1494,SK0099,3
PRJ0113,SK0139,4
PRJ4781,SK0223,3
PRJ4679,SK0273,2
PRJ0409,SK0103,3
PRJ3364,SK0013,3
PRJ0185,SK0070,4
PRJ4966,SK0121,3
PRJ4765,SK0276,2
PRJ4249,SK0174,3
PRJ1536,SK0120,2
PRJ4104,SK0158,4
PRJ1622,SK0049,2
PRJ0365,SK0016,3
PRJ4343,SK0039,4
PRJ3026,SK0203,3
PRJ0063,SK0066,3
PRJ3715,SK0134,4
PRJ1535,SK0046,2
PRJ2567,SK0209,3
PRJ4054,SK0176,2
PRJ2301,SK0049,3
PRJ1272,SK0111,2
PRJ0190,SK0170,4
PRJ1011,SK0035,2
PRJ0333,SK0180,3
PRJ0571,SK0068,4
PRJ4795,SK0281,4
PRJ3826,SK0262,2
PRJ4842,SK0003,2
PRJ3900,SK0270,4
PRJ4921,SK0252,4
PRJ2076,SK0101,2
PRJ1391,SK0052,4
PRJ2010,SK0287,4
PRJ2144,SK0230,3
PRJ3722,SK0114,3
PRJ4520,SK0255,2
PRJ2052,SK0288,4
PRJ4841,SK0294,3
PRJ2408,SK0178,4
PRJ4404,SK0080,3
PRJ0342,SK0300,4
PRJ2309,SK0159,3
PRJ1156,SK0281,3
PRJ4734,SK0119,4
PRJ3339,SK0272,2
PRJ0100,SK0263,3
PRJ0698,SK0228,3
PRJ4705,SK0068,3
PRJ2311,SK0244,2
PRJ2810,SK0226,3
PRJ2975,SK0286,2
PRJ2569,SK0078,3
PRJ1317,SK0045,3
PRJ1067,SK0126,4
PRJ2756,SK0119,2
PRJ4040,SK0208,3
PRJ0671,SK0298,4
PRJ4394,SK0197,2
PRJ0249,SK0010,4
PRJ1476,SK0195,4
PRJ0666,SK0014,3
PRJ4148,SK0124,3
PRJ3195,SK0187,3
PRJ1434,SK0168,2
PRJ4441,SK0149,2
PRJ3660,SK0055,2
PRJ3471,SK0111,2
PRJ1532,SK0024,3
PRJ3367,SK0164,3
PRJ1111,SK0109,2
PRJ4250,SK0037,2
PRJ2247,SK0084,4
PRJ4999,SK0290,2
PRJ4562,SK0278,2
PRJ4237,SK0299,4
PRJ4119,SK0028,2
PRJ4077,SK0214,4
PRJ0703,SK0114,2
PRJ4280,SK0021,4
PRJ4279,SK0103,2
PRJ3988,SK0001,4
PRJ4259,SK0108,2
PRJ4991,SK0172,3
PRJ1490,SK0277,3
PRJ1656,SK0079,4
PRJ1817,SK0192,3
PRJ1055,SK0115,2
PRJ1447,SK0247,4
PRJ1575,SK0136,3
PRJ3703,SK0245,2
PRJ3081,SK0004,4
PRJ4049,SK0287,2
PRJ4856,SK0154,3
PRJ4081,SK0238,4
PRJ3975,SK0287,4
PRJ3618,SK0036,3
PRJ0968,SK0004,3
PRJ0514,SK0172,3
PRJ4523,SK0042,4
PRJ1606,SK0228,3
PRJ4188,SK0295,4
PRJ2517,SK0144,3
PRJ3945,SK0109,2
PRJ3062,SK0267,4
PRJ1061,SK0073,3
PRJ3965,SK0194,4
PRJ3017,SK0232,2
PRJ2743,SK0206,3
PRJ4334,SK0132,3
PRJ4005,SK0021,3
PRJ4749,SK0277,3
PRJ3559,SK0139,2
PRJ2349,SK0141,4
PRJ2845,SK0071,4
PRJ1264,SK0209,4
PRJ2001,SK0061,2
PRJ0267,SK0268,3
PRJ1822,SK0048,4
PRJ2286,SK0121,2
PRJ2151,SK0165,2
PRJ0148,SK0019,4
PRJ3578,SK0186,2
PRJ4288,SK0086,4
PRJ2764,SK0094,4
PRJ4871,SK0065,4
PRJ1095,SK0116,4
PRJ0771,SK0299,2
PRJ0424,SK0056,3
PRJ0648,SK0004,2
PRJ3231,SK0042,2
PRJ2807,SK0094,2
PRJ3562,SK0225,2
PRJ0057,SK0040,2
PRJ0170,SK0296,3
PRJ0894,SK0234,2
PRJ1038,SK0002,2
PRJ0233,SK0265,4
PRJ1773,SK0024,2
PRJ2872,SK0065,2
PRJ0669,SK0188,4
PRJ2519,SK0038,3
PRJ2373,SK0169,2
PRJ0228,SK0101,2
PRJ3037,SK0300,2
PRJ1100,SK0008,2
PRJ1344,SK0274,2
PRJ2785,SK0167,3
PRJ1692,SK0175,2
PRJ3682,SK0103,4
PRJ4595,SK0030,4
PRJ2164,SK0036,4
PRJ0065,SK0003,3
PRJ3868,SK0283,4
PRJ1232,SK0010,4
PRJ4587,SK0116,4
PRJ0197,SK0286,2
PRJ1952,SK0140,4
PRJ2554,SK0073,3
PRJ3103,SK0291,2
PRJ1054,SK0224,3
PRJ2371,SK0223,4
PRJ0438,SK0099,3
PRJ1408,SK0154,3
PRJ1629,SK0249,3
PRJ3015,SK0237,2
PRJ3839,SK0048,3
PRJ3793,SK0221,4
PRJ4739,SK0072,2
PRJ4439,SK0077,2
PRJ1982,SK0150,2
PRJ2993,SK0245,4
PRJ3280,SK0015,2
PRJ0649,SK0078,2
PRJ0566,SK0012,2
PRJ1920,SK0255,2
PRJ3166,SK0044,2
PRJ2839,SK0045,3
PRJ2296,SK0031,4
PRJ1449,SK0294,2
PRJ0407,SK0172,2
PRJ2468,SK0094,3
PRJ4179,SK0033,2
PRJ2679,SK0033,4
PRJ3414,SK0277,2
PRJ0690,SK0285,4
PRJ4270,SK0009,3
PRJ4746,SK0038,4
PRJ1394,SK0104,3
PRJ3557,SK0205,4
PRJ2187,SK0041,4
PRJ1104,SK0120,4
PRJ2532,SK0075,3
PRJ0945,SK0074,2
PRJ4525,SK0076,3
PRJ3965,SK0242,2
PRJ3211,SK0047,3
PRJ0557,SK0047,3
PRJ0193,SK0163,3
PRJ3802,SK0047,2
PRJ2850,SK0039,2
PRJ2802,SK0275,3
PRJ1645,SK0279,3
PRJ1060,SK0085,3
PRJ3545,SK0183,4
PRJ0953,SK0123,4
PRJ4709,SK0014,4
PRJ0998,SK0031,4
PRJ2050,SK0132,3
PRJ0457,SK0217,4
PRJ1061,SK0165,2
PRJ1659,SK0223,3
PRJ0377,SK0180,2
PRJ0877,SK0225,4
PRJ0319,SK0025,4
PRJ1370,SK0163,3
PRJ4223,SK0088,4
PRJ3880,SK0242,2
PRJ3920,SK0134,2
PRJ0460,SK0035,4
PRJ0589,SK0011,3
PRJ3197,SK0109,3
PRJ3573,SK0261,3
PRJ4224,SK0264,3
PRJ1103,SK0258,4
PRJ2042,SK0106,4
PRJ4584,SK0162,4
PRJ4815,SK0202,3
PRJ4475,SK0274,2
PRJ4558,SK0267,4
PRJ1157,SK0285,4
PRJ3660,SK0264,3
PRJ1304,SK0213,3
PRJ2061,SK0167,3
PRJ4464,SK0188,2
PRJ2506,SK0167,4
PRJ0889,SK0138,3
PRJ4940,SK0149,4
PRJ3744,SK0008,3
PRJ1323,SK0240,4
PRJ0985,SK0138,4
PRJ0023,SK0027,2
PRJ0127,SK0001,3
PRJ2961,SK0229,2
PRJ1126,SK0116,3
PRJ3013,SK0005,3
PRJ4578,SK0172,2
PRJ2540,SK0065,4
PRJ3777,SK0178,2
PRJ2627,SK0284,3
PRJ0171,SK0269,4
PRJ4807,SK0108,2
PRJ4185,SK0177,2
PRJ2472,SK0145,4
PRJ2854,SK0250,2
PRJ4399,SK0102,2
PRJ1940,SK0003,2
PRJ4512,SK0158,4
PRJ4625,SK0065,4
PRJ0948,SK0169,4
PRJ3071,SK0180,4
PRJ4767,SK0057,3
PRJ0316,SK0199,4
PRJ2138,SK0295,4
PRJ1764,SK0122,3
PRJ2167,SK0241,4
PRJ1473,SK0175,4
PRJ4298,SK0253,3
PRJ1688,SK0001,3
PRJ1417,SK0297,2
PRJ1496,SK0090,4
PRJ1884,SK0021,3
PRJ0674,SK0249,2
PRJ3107,SK0219,3
PRJ4588,SK0240,4
PRJ4859,SK0225,3
PRJ3605,SK0228,2
PRJ2826,SK0248,3
PRJ2366,SK0098,2
PRJ0517,SK0295,4
PRJ4403,SK0120,2
PRJ1338,SK0050,3
PRJ1365,SK0032,4
PRJ2846,SK0197,3
PRJ0609,SK0114,4
PRJ4146,SK0182,3
PRJ3436,SK0216,2
PRJ2588,SK0199,3
PRJ3252,SK0121,2
PRJ1403,SK0041,3
PRJ4347,SK0161,2
PRJ0159,SK0149,4
PRJ0401,SK0011,2
PRJ1506,SK0098,2
PRJ0225,SK0082,4
PRJ0959,SK0295,4
PRJ4216,SK0126,3
PRJ0938,SK0160,4
PRJ2823,SK0244,3
PRJ2301,SK0053,3
PRJ4314,SK0179,3
PRJ1973,SK0246,4
PRJ0697,SK0037,4
PRJ1398,SK0059,4
PRJ3673,SK0120,2
PRJ4760,SK0234,3
PRJ3901,SK0109,3
PRJ4393,SK0300,2
PRJ0667,SK0209,3
PRJ2938,SK0217,2
PRJ3752,SK0141,4
PRJ1998,SK0231,2
PRJ3379,SK0255,4
PRJ2925,SK0134,3
PRJ2790,SK0100,2
PRJ4590,SK0048,3
PRJ0325,SK0126,3
PRJ3147,SK0119,2
PRJ2135,SK0242,2
PRJ3785,SK0167,3
PRJ4243,SK0060,3
PRJ3811,SK0187,3
PRJ2338,SK0069,2
PRJ4673,SK0238,2
PRJ4643,SK0114,4
PRJ4804,SK0138,2
PRJ4481,SK0072,4
PRJ3885,SK0252,2
PRJ4964,SK0020,3
PRJ4986,SK0077,2
PRJ4477,SK0222,3
PRJ4673,SK0285,3
PRJ4340,SK0180,4
PRJ0713,SK0264,4
PRJ2462,SK0071,3
PRJ1356,SK0198,4
PRJ1970,SK0046,4
PRJ0227,SK0259,4
PRJ3996,SK0037,4
PRJ4660,SK0206,3
PRJ4830,SK0260,4
PRJ4018,SK0089,4
PRJ1581,SK0216,4
PRJ1148,SK0175,4
PRJ3473,SK0204,3
PRJ2756,SK0214,2
PRJ0399,SK0259,2
PRJ1006,SK0003,3
PRJ4468,SK0274,4
PRJ3770,SK0048,4
PRJ3741,SK0047,4
PRJ3948,SK0058,2
PRJ0122,SK0068,2
PRJ4182,SK0290,2
PRJ1268,SK0190,4
PRJ0398,SK0281,4
PRJ4651,SK0240,2
PRJ2613,SK0277,2
PRJ2630,SK0124,4
PRJ0349,SK0007,2
PRJ1629,SK0032,2
PRJ4092,SK0206,4
PRJ3094,SK0296,2
PRJ2244,SK0144,4
PRJ0322,SK0139,4
PRJ3789,SK0040,3
PRJ3512,SK0160,4
PRJ3290,SK0179,4
PRJ4489,SK0099,3
PRJ3239,SK0201,4
PRJ3180,SK0028,4
PRJ4341,SK0037,3
PRJ0537,SK0231,4
PRJ1926,SK0107,2
PRJ2249,SK0105,4
PRJ4614,SK0145,2
PRJ2652,SK0150,4
PRJ1671,SK0099,2
PRJ0168,SK0061,4
PRJ2710,SK0255,4
PRJ1009,SK0019,3
PRJ0373,SK0214,3
PRJ4514,SK0014,3
PRJ1077,SK0270,3
PRJ4460,SK0269,3
PRJ4025,SK0164,3
PRJ2595,SK0025,3
PRJ0423,SK0221,2
PRJ3092,SK0183,2
PRJ3123,SK0067,3
PRJ4119,SK0289,4
PRJ3469,SK0177,3
PRJ4498,SK0171,3
PRJ1741,SK0284,3
PRJ4528,SK0082,3
PRJ4561,SK0208,4
PRJ2830,SK0089,4
PRJ3498,SK0270,2
PRJ2580,SK0299,2
PRJ2907,SK0135,4
PRJ0592,SK0034,2
PRJ1174,SK0167,3
PRJ2098,SK0109,2
PRJ2831,SK0043,4
PRJ0048,SK0149,3
PRJ2904,SK0256,2
PRJ4577,SK0064,3
PRJ4933,SK0074,4
PRJ4921,SK0228,4
PRJ0959,SK0211,3
PRJ4387,SK0202,2
PRJ4050,SK0080,3
PRJ3637,SK0142,4
PRJ0784,SK0235,2
PRJ1011,SK0135,3
PRJ4115,SK0126,2
PRJ2580,SK0121,2
PRJ0610,SK0020,3
PRJ4922,SK0068,3
PRJ3764,SK0043,4
PRJ3800,SK0150,2
PRJ1985,SK0123,4
PRJ4584,SK0192,2
PRJ3220,SK0112,4
PRJ2227,SK0201,2
PRJ2775,SK0251,3
PRJ4025,SK0044,2
PRJ1494,SK0277,2
PRJ0127,SK0214,3
PRJ4360,SK0090,2
PRJ1386,SK0100,4
PRJ2789,SK0184,3
PRJ2451,SK0229,3
PRJ1857,SK0042,3
PRJ3415,SK0052,4
PRJ0129,SK0240,4
PRJ2957,SK0183,3
PRJ1211,SK0211,2
PRJ1617,SK0114,4
PRJ2665,SK0220,4
PRJ4874,SK0132,3
PRJ0268,SK0129,4
PRJ4526,SK0093,2
PRJ3242,SK0179,3
PRJ2831,SK0027,4
PRJ0709,SK0136,3
PRJ4083,SK0152,2
PRJ2870,SK0276,4
PRJ4822,SK0247,3
PRJ1254,SK0081,3
PRJ3585,SK0258,3
PRJ3250,SK0155,4
PRJ3000,SK0165,4
PRJ3189,SK0061,2
PRJ4739,SK0126,2
PRJ3468,SK0006,2
PRJ0464,SK0204,3
PRJ3441,SK0283,4
PRJ0755,SK0252,2
PRJ3055,SK0295,3
PRJ1377,SK0131,4
PRJ0155,SK0199,4
PRJ1842,SK0128,2
PRJ1439,SK0145,2
PRJ2476,SK0166,2
PRJ2875,SK0252,3
PRJ0976,SK0031,3
PRJ3175,SK0059,4
PRJ4885,SK0045,2
PRJ0359,SK0024,2
PRJ4162,SK0012,3
PRJ1831,SK0123,3
PRJ4477,SK0242,2
PRJ4068,SK0265,3
PRJ0442,SK0017,4
PRJ0047,SK0281,3
PRJ0801,SK0166,4
PRJ0244,SK0222,4
PRJ3154,SK0187,3
PRJ2611,SK0133,2
PRJ1624,SK0222,3
PRJ2392,SK0085,2
PRJ0987,SK0061,3
PRJ2103,SK0040,3
PRJ2458,SK0285,4
PRJ3052,SK0038,3
PRJ4542,SK0020,4
PRJ1859,SK0043,4
PRJ2024,SK0150,4
PRJ0358,SK0196,2
PRJ4793,SK0219,2
PRJ4517,SK0188,2
PRJ0201,SK0032,3
PRJ3751,SK0083,4
PRJ1767,SK0263,4
PRJ0554,SK0072,3
PRJ1820,SK0242,3
PRJ0580,SK0290,4
PRJ0020,SK0257,4
PRJ4494,SK0259,4
PRJ4188,SK0193,4
PRJ2219,SK0069,2
PRJ3231,SK0142,2
PRJ1438,SK0123,4
PRJ4840,SK0204,4
PRJ4086,SK0230,2
PRJ4105,SK0118,4
PRJ3246,SK0291,2
PRJ3811,SK0137,3
PRJ0929,SK0251,2
PRJ3222,SK0050,2
PRJ3499,SK0286,2
PRJ4201,SK0120,3
PRJ0679,SK0007,4
PRJ1412,SK0139,4
PRJ1389,SK0277,4
PRJ2923,SK0213,4
PRJ2900,SK0034,3
PRJ4984,SK0156,4
PRJ3195,SK0286,3
PRJ1339,SK0234,2
PRJ2370,SK0092,2
PRJ1933,SK0194,2
PRJ4967,SK0017,4
PRJ4908,SK0089,4
PRJ2217,SK0043,3
PRJ3428,SK0057,2
PRJ0328,SK0020,3
PRJ0287,SK0144,4
PRJ1816,SK0218,4
PRJ1205,SK0276,3
PRJ2849,SK0003,2
PRJ0214,SK0094,4
PRJ4428,SK0271,4
PRJ4753,SK0283,2
PRJ1519,SK0096,3
PRJ4510,SK0241,2
PRJ3503,SK0287,4
PRJ1864,SK0110,2
PRJ0080,SK0268,2
PRJ3682,SK0148,2
PRJ1656,SK0083,2
PRJ0548,SK0121,3
PRJ3012,SK0217,3
PRJ2034,SK0239,3
PRJ1904,SK0288,3
PRJ3875,SK0228,2
PRJ0167,SK0297,2
PRJ4253,SK0017,2
PRJ3306,SK0248,2
PRJ4687,SK0227,3
PRJ0461,SK0169,3
PRJ3609,SK0178,2
PRJ4838,SK0026,4
PRJ1436,SK0288,2
PRJ2760,SK0233,2
PRJ2481,SK0134,2
PRJ2611,SK0054,4
PRJ2958,SK0136,3
PRJ2847,SK0238,2
PRJ4066,SK0186,2
PRJ1155,SK0185,4
PRJ2343,SK0051,4
PRJ3782,SK0121,4
PRJ3309,SK0158,2
PRJ4885,SK0097,2
PRJ1832,SK0075,2
PRJ2631,SK0055,3
PRJ0399,SK0274,4
PRJ0677,SK0018,2
PRJ3981,SK0095,2
PRJ0928,SK0079,3
PRJ3122,SK0189,4
PRJ4657,SK0196,3
PRJ3578,SK0042,3
PRJ1415,SK0265,3
PRJ3906,SK0253,2
PRJ2729,SK0191,2
PRJ1105,SK0247,4
PRJ1933,SK0237,4
PRJ4574,SK0286,2
PRJ4266,SK0183,2
PRJ2029,SK0144,2
PRJ1819,SK0156,2
PRJ1218,SK0033,2
PRJ4656,SK0158,4
PRJ2483,SK0182,2
PRJ1142,SK0146,3
PRJ3454,SK0103,3
PRJ1942,SK0058,2
PRJ0826,SK0114,4
PRJ2520,SK0046,3
PRJ2537,SK0108,2
PRJ4890,SK0116,3
PRJ0248,SK0101,2
PRJ0591,SK0253,2
PRJ1795,SK0113,3
PRJ1466,SK0250,2
PRJ3716,SK0120,2
PRJ2164,SK0041,2
PRJ3957,SK0270,4
PRJ2668,SK0185,3
PRJ1522,SK0001,2
PRJ0570,SK0125,3
PRJ0241,SK0062,2
PRJ3606,SK0040,2
PRJ0507,SK0126,3
PRJ2884,SK0219,4
PRJ3622,SK0040,4
PRJ3986,SK0117,2
PRJ2209,SK0088,3
PRJ2098,SK0275,2
PRJ2430,SK0179,2
PRJ2489,SK0287,2
PRJ3840,SK0104,2
PRJ2210,SK0143,2
PRJ0093,SK0264,4
PRJ3810,SK0261,2
PRJ4977,SK0095,3
PRJ0508,SK0283,2
PRJ3984,SK0256,4
PRJ3618,SK0208,4
PRJ3966,SK0040,2
PRJ3339,SK0028,3
PRJ1194,SK0094,4
PRJ4003,SK0221,2
PRJ2729,SK0178,3
PRJ3538,SK0162,2
PRJ1973,SK0081,3
PRJ2516,SK0144,2
PRJ0744,SK0208,2
PRJ2810,SK0056,4
PRJ0242,SK0187,4
PRJ0410,SK0230,2
PRJ3862,SK0054,3
PRJ3562,SK0186,3
PRJ0101,SK0165,4
PRJ2311,SK0068,3
PRJ0831,SK0085,2
PRJ0467,SK0001,3
PRJ2166,SK0035,4
PRJ1290,SK0232,4
PRJ1797,SK0067,2
PRJ4639,SK0214,4
PRJ4970,SK0175,2
PRJ2685,SK0127,4
PRJ3022,SK0146,3
PRJ2828,SK0276,2
PRJ0806,SK0034,2
PRJ0526,SK0008,4
PRJ1649,SK0196,4
PRJ2627,SK0174,2
PRJ3215,SK0172,3
PRJ2212,SK0288,2
PRJ4826,SK0035,3
PRJ4497,SK0115,2
PRJ2837,SK0225,2
PRJ0464,SK0201,3
PRJ4271,SK0174,3
PRJ2828,SK0189,4
PRJ2285,SK0174,2
PRJ2797,SK0047,2
PRJ3450,SK0065,4
PRJ2550,SK0278,3
PRJ1437,SK0079,3
PRJ2836,SK0166,2
PRJ0030,SK0061,2
PRJ4631,SK0074,3
PRJ2117,SK0042,4
PRJ2024,SK0128,3
PRJ1168,SK0047,3
PRJ3413,SK0212,2
PRJ0011,SK0294,3
PRJ4965,SK0024,2
PRJ1429,SK0268,3
PRJ0917,SK0073,4
PRJ1174,SK0115,3
PRJ2764,SK0235,2
PRJ4890,SK0133,2
PRJ0181,SK0177,2
PRJ1299,SK0264,4
PRJ3870,SK0272,4
PRJ1138,SK0258,3
PRJ1934,SK0198,4
PRJ3417,SK0199,3
PRJ2703,SK0292,4
PRJ3125,SK0218,2
PRJ4883,SK0215,4
PRJ2875,SK0018,2
PRJ0917,SK0142,3
PRJ4470,SK0114,2
PRJ0838,SK0097,4
PRJ0384,SK0037,2
PRJ2810,SK0146,3
PRJ0438,SK0238,4
PRJ2068,SK0115,3
PRJ3233,SK0130,3
PRJ0747,SK0175,2
PRJ0725,SK0217,2
PRJ1194,SK0277,3
PRJ0489,SK0065,4
PRJ0744,SK0040,3
PRJ2271,SK0115,3
PRJ4994,SK0021,3
PRJ3593,SK0128,4
PRJ1697,SK0300,2
PRJ3480,SK0037,2
PRJ3322,SK0229,2
PRJ0348,SK0251,3
PRJ4852,SK0140,3
PRJ3800,SK0051,4
PRJ3159,SK0257,3
PRJ4831,SK0251,4
PRJ3554,SK0098,2
PRJ1214,SK0230,2
PRJ0606,SK0204,3
PRJ4109,SK0257,3
PRJ0516,SK0223,2
PRJ3384,SK0039,2
PRJ3014,SK0290,4
PRJ1709,SK0168,2
PRJ3498,SK0264,2
PRJ0848,SK0204,2
PRJ2388,SK0222,3
PRJ1432,SK0262,3
PRJ4855,SK0120,3
PRJ4977,SK0017,3
PRJ0502,SK0208,3
PRJ1214,SK0129,3
PRJ2611,SK0242,4
PRJ4675,SK0069,4
PRJ0147,SK0144,2
PRJ4019,SK0294,4
PRJ2570,SK0038,2
PRJ1905,SK0031,4
PRJ3940,SK0020,2
PRJ4753,SK0069,4
PRJ2150,SK0126,4
PRJ3413,SK0015,3
PRJ4723,SK0025,4
PRJ4073,SK0119,2
PRJ0800,SK0066,3
PRJ3343,SK0297,4
PRJ3981,SK0247,4
PRJ2752,SK0043,3
PRJ4539,SK0273,4
PRJ0948,SK0042,3
PRJ3384,SK0021,3
PRJ0104,SK0228,3
PRJ4311,SK0109,2
PRJ2573,SK0174,4
PRJ0307,SK0096,3
PRJ1899,SK0169,2
PRJ0724,SK0083,2
PRJ2351,SK0033,2
PRJ2724,SK0128,2
PRJ4438,SK0214,4
PRJ3856,SK0189,3
PRJ4753,SK0214,3
PRJ3817,SK0057,3
PRJ2910,SK0046,3
PRJ2107,SK0101,2
PRJ3518,SK0018,2
PRJ0761,SK0078,4
PRJ4382,SK0030,4
PRJ2435,SK0239,4
PRJ4215,SK0162,3
PRJ3355,SK0068,2
PRJ2203,SK0263,4
PRJ2959,SK0199,4
PRJ1817,SK0169,2
PRJ3862,SK0019,2
PRJ1882,SK0029,2
PRJ2706,SK0220,2
PRJ4880,SK0171,2
PRJ0349,SK0194,4
PRJ2019,SK0210,3
PRJ2252,SK0121,3
PRJ0695,SK0018,4
PRJ4556,SK0114,2
PRJ0713,SK0108,2
PRJ2169,SK0140,4
PRJ2711,SK0128,4
PRJ4307,SK0294,3
PRJ3588,SK0192,3
PRJ0696,SK0103,3
PRJ3405,SK0071,4
PRJ2094,SK0215,4
PRJ4698,SK0023,4
PRJ4661,SK0051,3
PRJ0435,SK0055,4
PRJ0337,SK0003,3
PRJ3471,SK0289,3
PRJ2911,SK0185,3
PRJ3522,SK0011,3
PRJ4826,SK0239,4
PRJ2277,SK0157,4
PRJ4375,SK0120,2
PRJ3862,SK0282,2
PRJ1878,SK0103,2
PRJ2534,SK0192,3
PRJ1099,SK0241,3
PRJ2908,SK0216,3
PRJ4505,SK0242,4
PRJ2915,SK0133,3
PRJ1837,SK0118,2
PRJ2281,SK0298,3
PRJ3940,SK0149,4
PRJ4577,SK0245,4
PRJ0669,SK0058,4
PRJ2580,SK0135,4
PRJ4410,SK0177,3
PRJ0280,SK0132,3
PRJ3682,SK0252,2
PRJ1572,SK0068,2
PRJ3171,SK0282,4
PRJ1224,SK0084,4
PRJ2085,SK0224,4
PRJ0432,SK0267,3
PRJ3020,SK0089,3
PRJ4406,SK0032,2
PRJ0391,SK0235,4
PRJ0369,SK0250,4
PRJ3386,SK0114,4
PRJ3693,SK0208,2
PRJ1315,SK0077,4
PRJ4647,SK0058,2
PRJ3807,SK0005,4
PRJ3523,SK0254,3
PRJ1933,SK0244,4
PRJ3967,SK0029,2
PRJ1960,SK0184,4
PRJ2428,SK0236,3
PRJ4535,SK0129,2
PRJ4092,SK0183,2
PRJ0675,SK0258,3
PRJ1222,SK0073,3
PRJ2712,SK0178,3
PRJ0352,SK0102,3
PRJ1770,SK0202,4
PRJ1638,SK0102,3
PRJ4297,SK0176,4
PRJ4549,SK0165,2
PRJ3367,SK0070,4
PRJ1432,SK0094,3
PRJ3661,SK0132,2
PRJ3581,SK0295,3
PRJ4179,SK0191,4
PRJ2714,SK0277,4
PRJ2178,SK0233,2
PRJ0950,SK0247,3
PRJ3762,SK0162,4
PRJ1987,SK0132,2
PRJ4067,SK0099,4
PRJ2606,SK0292,3
PRJ2056,SK0202,2
PRJ0269,SK0009,2
PRJ4976,SK0007,3
PRJ1227,SK0040,2
PRJ2131,SK0104,4
PRJ4407,SK0117,4
PRJ4106,SK0032,2
PRJ3413,SK0001,2
PRJ4421,SK0053,3
PRJ3320,SK0138,3
PRJ2307,SK0117,2
PRJ3348,SK0173,3
PRJ4900,SK0174,3
PRJ2106,SK0200,2
PRJ1782,SK0206,4
PRJ2442,SK0131,4
PRJ1991,SK0216,2
PRJ4919,SK0110,3
PRJ0886,SK0067,2
PRJ0128,SK0009,4
PRJ0312,SK0221,4
PRJ0633,SK0282,2
PRJ4131,SK0265,3
PRJ4402,SK0114,4
PRJ3943,SK0228,2
PRJ0457,SK0180,2
PRJ3669,SK0152,3
PRJ3082,SK0199,2
PRJ4331,SK0044,3
PRJ3579,SK0199,4
PRJ2472,SK0102,4
PRJ3925,SK0013,2
PRJ1837,SK0168,3
PRJ4915,SK0157,3
PRJ3315,SK0173,2
PRJ1281,SK0294,4
PRJ1380,SK0187,2
PRJ2096,SK0292,2
PRJ2793,SK0017,4
PRJ3360,SK0054,2
PRJ1527,SK0086,3
PRJ0114,SK0042,2
PRJ4040,SK0296,2
PRJ1132,SK0025,3
PRJ2958,SK0034,4
PRJ2899,SK0059,4
PRJ1987,SK0086,2
PRJ2618,SK0050,2
PRJ0477,SK0246,4
PRJ0059,SK0224,4
PRJ3874,SK0106,2
PRJ3057,SK0264,2
PRJ4554,SK0114,3
PRJ2857,SK0030,4
PRJ2352,SK0204,3
PRJ0071,SK0131,4
PRJ0285,SK0295,2
PRJ0837,SK0048,3
PRJ3645,SK0034,2
PRJ1486,SK0235,3
PRJ3021,SK0238,2
PRJ2858,SK0166,3
PRJ0260,SK0134,4
PRJ0790,SK0161,3
PRJ2044,SK0212,4
PRJ2323,SK0201,4
PRJ3833,SK0022,3
PRJ4428,SK0068,4
PRJ3199,SK0090,4
PRJ1392,SK0270,2
PRJ1963,SK0161,3
PRJ0416,SK0254,4
PRJ4137,SK0042,4
PRJ1872,SK0037,3
PRJ1155,SK0286,2
PRJ1746,SK0071,3
PRJ3258,SK0263,2
PRJ1911,SK0010,3
PRJ4897,SK0273,2
PRJ4093,SK0209,3
PRJ1494,SK0137,3
PRJ1362,SK0135,2
PRJ0167,SK0258,3
PRJ1024,SK0216,4
PRJ1895,SK0013,4
PRJ4052,SK0220,2
PRJ4043,SK0086,2
PRJ3543,SK0181,2
PRJ4969,SK0043,3
PRJ3816,SK0277,4
PRJ3902,SK0130,3
PRJ2675,SK0049,2
PRJ0701,SK0036,4
PRJ0670,SK0248,2
PRJ0697,SK0211,3
PRJ0733,SK0014,2
PRJ0978,SK0123,4
PRJ4265,SK0202,2
PRJ2048,SK0093,3
PRJ1475,SK0205,3
PRJ4380,SK0281,2
PRJ2239,SK0096,3
PRJ4291,SK0225,3
PRJ2522,SK0243,4
PRJ4074,SK0040,3
PRJ3838,SK0085,2
PRJ2578,SK0186,3
PRJ3615,SK0015,3
PRJ2549,SK0167,3
PRJ4063,SK0040,2
PRJ0271,SK0029,2
PRJ2836,SK0257,3
PRJ4926,SK0176,3
PRJ4398,SK0202,2
PRJ4464,SK0099,2
PRJ4983,SK0019,3
PRJ1103,SK0130,3
PRJ2604,SK0213,2
PRJ2628,SK0281,3
PRJ4585,SK0009,2
PRJ4022,SK0034,2
PRJ4554,SK0129,2
PRJ1028,SK0191,3
PRJ3190,SK0051,2
PRJ3183,SK0097,2
PRJ1421,SK0078,4
PRJ1093,SK0065,2
PRJ4442,SK0130,3
PRJ0208,SK0083,3
PRJ4104,SK0098,4
PRJ2791,SK0101,3
PRJ1825,SK0281,3
PRJ2693,SK0244,2
PRJ2752,SK0235,4
PRJ1780,SK0293,2
PRJ3698,SK0227,4
PRJ3785,SK0266,2
PRJ0602,SK0277,2
PRJ2015,SK0003,3
PRJ3894,SK0189,2
PRJ0894,SK0108,2
PRJ2172,SK0239,3
PRJ1811,SK0273,4
PRJ3573,SK0235,2
PRJ4699,SK0249,3
PRJ4554,SK0088,2
PRJ4054,SK0028,3
PRJ1260,SK0045,2
PRJ2408,SK0295,2
PRJ0397,SK0246,3
PRJ4042,SK0220,3
PRJ1403,SK0052,3
PRJ4176,SK0178,2
PRJ1569,SK0060,4
PRJ1352,SK0057,3
PRJ2655,SK0112,2
PRJ4964,SK0126,3
PRJ3193,SK0252,2
PRJ2344,SK0040,3
PRJ0003,SK0163,3
PRJ1425,SK0130,2
PRJ0435,SK0158,2
PRJ1909,SK0025,2
PRJ4443,SK0126,4
PRJ3758,SK0096,3
PRJ4181,SK0204,3
PRJ4597,SK0100,2
PRJ2741,SK0155,2
PRJ1275,SK0033,2
PRJ2180,SK0035,4
PRJ0368,SK0296,2
PRJ0003,SK0213,3
PRJ1296,SK0032,2
PRJ1281,SK0137,2
PRJ3083,SK0087,2
PRJ3224,SK0066,3
PRJ0932,SK0247,4
PRJ0244,SK0136,3
PRJ4600,SK0134,3
PRJ3111,SK0227,2
PRJ0277,SK0156,2
PRJ2642,SK0035,4
PRJ3446,SK0277,3
PRJ3409,SK0186,2
PRJ3772,SK0256,2
PRJ0355,SK0015,3
PRJ3500,SK0065,4
PRJ4735,SK0029,3
PRJ2869,SK0030,3
PRJ2845,SK0237,4
PRJ0967,SK0101,4
PRJ3154,SK0231,2
PRJ1467,SK0186,2
PRJ4202,SK0275,2
PRJ1958,SK0146,2
PRJ3273,SK0289,3
PRJ3669,SK0182,2
PRJ2805,SK0111,4
PRJ1293,SK0263,3
PRJ1213,SK0058,3
PRJ0923,SK0292,4
PRJ1672,SK0134,2
PRJ3256,SK0238,4
PRJ4105,SK0299,3
PRJ2646,SK0123,4
PRJ3219,SK0262,2
PRJ2621,SK0243,3
PRJ3853,SK0258,3
PRJ0337,SK0273,4
PRJ0309,SK0084,3
PRJ1163,SK0268,3
PRJ0790,SK0029,3
PRJ1677,SK0164,3
PRJ4589,SK0163,3
PRJ4450,SK0279,2
PRJ4144,SK0125,3
PRJ1985,SK0188,3
PRJ2216,SK0245,3
PRJ3743,SK0118,4
PRJ2805,SK0128,2
PRJ1298,SK0143,4
PRJ1250,SK0261,2
PRJ0978,SK0297,3
PRJ4734,SK0029,2
PRJ0683,SK0290,4
PRJ2096,SK0294,4
PRJ2446,SK0027,2
PRJ0805,SK0178,2
PRJ2535,SK0280,2
PRJ2346,SK0158,3
PRJ2418,SK0275,3
PRJ1951,SK0241,3
PRJ0962,SK0171,2
PRJ0197,SK0247,2
PRJ3140,SK0063,3
PRJ0530,SK0071,4
PRJ3218,SK0048,4
PRJ0228,SK0131,3
PRJ3655,SK0159,4
PRJ2844,SK0106,3
PRJ3892,SK0114,3
PRJ2076,SK0241,3
PRJ2583,SK0280,4
PRJ0491,SK0074,2
PRJ2838,SK0274,2
PRJ4885,SK0080,3
PRJ0168,SK0081,4
PRJ4290,SK0253,3
PRJ1311,SK0286,4
PRJ3127,SK0102,3
PRJ2028,SK0057,3
PRJ4166,SK0123,3
PRJ3923,SK0064,3
PRJ4529,SK0142,4
PRJ0819,SK0023,3
PRJ4297,SK0061,2
PRJ4916,SK0108,4
PRJ1828,SK0211,4
PRJ3953,SK0146,2
PRJ4749,SK0095,4
PRJ1317,SK0122,4
PRJ2154,SK0263,2
PRJ2308,SK0057,4
PRJ1244,SK0038,3
PRJ2571,SK0150,2
PRJ4683,SK0164,2
PRJ2014,SK0106,2
PRJ0506,SK0045,2
PRJ4825,SK0292,4
PRJ2297,SK0092,4
PRJ1394,SK0108,3
PRJ4054,SK0097,3
PRJ4557,SK0194,3
PRJ3581,SK0124,4
PRJ3675,SK0203,4
PRJ4806,SK0246,2
PRJ0506,SK0098,3
PRJ3200,SK0159,3
PRJ0722,SK0023,3
PRJ3384,SK0176,3
PRJ1540,SK0124,4
PRJ4568,SK0108,3
PRJ3215,SK0189,4
PRJ2921,SK0166,4
PRJ3566,SK0070,4
PRJ3521,SK0183,3
PRJ3817,SK0300,2
PRJ2609,SK0091,2
PRJ1933,SK0125,2
PRJ3620,SK0067,4
PRJ1498,SK0044,4
PRJ1365,SK0041,2
PRJ3872,SK0058,4
PRJ4681,SK0007,2
PRJ1007,SK0294,2
PRJ0240,SK0253,3
PRJ0665,SK0178,3
PRJ4644,SK0282,3
PRJ0573,SK0228,2
PRJ0285,SK0186,3
PRJ1042,SK0147,3
PRJ2892,SK0292,2
PRJ3700,SK0132,2
PRJ0993,SK0022,4
PRJ2559,SK0164,4
PRJ0079,SK0234,4
PRJ0359,SK0016,3
PRJ0777,SK0262,2
PRJ3480,SK0221,4
PRJ2478,SK0061,3
PRJ2413,SK0053,3
PRJ3052,SK0244,4
PRJ2822,SK0288,2
PRJ1797,SK0128,4
PRJ2036,SK0266,3
PRJ0210,SK0120,3
PRJ0970,SK0220,2
PRJ0357,SK0233,4
PRJ4264,SK0163,4
PRJ2460,SK0052,3
PRJ2660,SK0248,2
PRJ3056,SK0010,3
PRJ2762,SK0041,3
PRJ0825,SK0092,2
PRJ4185,SK0285,2
PRJ3419,SK0045,2
PRJ1485,SK0107,3
PRJ4321,SK0240,2
PRJ1232,SK0111,4
PRJ1050,SK0177,2
PRJ3431,SK0145,4
PRJ4389,SK0055,3
PRJ3824,SK0049,2
PRJ0095,SK0173,3
PRJ4656,SK0131,4
PRJ1971,SK0045,4
PRJ4035,SK0026,3
PRJ4571,SK0231,3
PRJ4003,SK0161,2
PRJ2390,SK0014,4
PRJ1833,SK0029,2
PRJ2485,SK0116,3
PRJ2697,SK0189,2
PRJ2094,SK0038,4
PRJ1002,SK0262,3
PRJ0179,SK0186,4
PRJ4949,SK0175,3
PRJ4126,SK0187,2
PRJ3651,SK0224,4
PRJ3376,SK0069,2
PRJ1559,SK0164,3
PRJ3703,SK0006,3
PRJ2573,SK0188,3
PRJ0206,SK0134,4
PRJ0484,SK0157,3
PRJ0255,SK0239,2
PRJ3275,SK0286,2
PRJ0931,SK0159,3
PRJ0512,SK0128,3
PRJ1020,SK0002,3
PRJ1909,SK0079,2
PRJ2084,SK0032,3
PRJ4328,SK0174,2
PRJ1374,SK0206,2
PRJ4895,SK0249,4
PRJ2168,SK0279,4
PRJ4479,SK0131,4
PRJ0426,SK0047,2
PRJ4496,SK0115,4
PRJ1919,SK0246,2
PRJ0098,SK0298,3
PRJ1506,SK0266,4
PRJ3133,SK0005,3
PRJ3349,SK0094,3
PRJ0558,SK0009,3
PRJ2498,SK0149,4
PRJ0327,SK0220,3
PRJ2448,SK0281,2
PRJ4805,SK0066,2
PRJ0824,SK0300,3
PRJ1104,SK0162,3
PRJ1287,SK0077,3
PRJ4813,SK0166,4
PRJ3161,SK0244,4
PRJ0642,SK0041,2
PRJ2604,SK0225,2
PRJ4992,SK0200,2
PRJ0211,SK0156,3
PRJ0591,SK0154,2
PRJ2759,SK0276,2
PRJ0996,SK0249,4
PRJ4811,SK0205,4
PRJ2170,SK0205,3
PRJ0119,SK0094,2
PRJ4853,SK0146,2
PRJ1360,SK0034,4
PRJ3893,SK0025,3
PRJ1695,SK0157,2
PRJ1717,SK0197,2
PRJ4283,SK0128,2
PRJ2648,SK0266,4
PRJ4900,SK0010,2
PRJ1317,SK0293,2
PRJ4472,SK0260,3
PRJ0609,SK0018,3
PRJ3476,SK0055,3
PRJ3808,SK0015,3
PRJ0282,SK0255,3
PRJ1286,SK0045,2
PRJ3366,SK0067,4
PRJ4852,SK0218,3
PRJ0400,SK0177,2
PRJ4225,SK0157,3
PRJ1824,SK0156,3
PRJ1543,SK0091,2
PRJ4577,SK0190,2
PRJ2531,SK0279,4
PRJ4640,SK0258,2
PRJ0882,SK0234,2
PRJ1156,SK0052,3
PRJ2124,SK0055,2
PRJ4146,SK0180,4
PRJ1232,SK0223,4
PRJ0308,SK0133,4
PRJ4643,SK0279,2
PRJ4170,SK0156,4
PRJ3846,SK0107,2
PRJ4533,SK0052,3
PRJ4267,SK0218,3
PRJ0904,SK0256,4
PRJ4775,SK0099,3
PRJ4546,SK0128,2
PRJ2827,SK0067,2
PRJ4212,SK0108,4
PRJ0823,SK0217,2
PRJ1724,SK0258,3
PRJ1204,SK0071,2
PRJ0353,SK0089,3
PRJ4960,SK0178,3
PRJ3927,SK0111,3
PRJ3974,SK0080,2
PRJ0811,SK0051,3
PRJ1260,SK0239,4
PRJ3044,SK0002,2
PRJ0771,SK0141,2
PRJ3305,SK0020,3
PRJ0652,SK0243,4
PRJ0985,SK0270,2
PRJ2561,SK0031,4
PRJ0115,SK0239,4
PRJ0218,SK0259,3
PRJ4368,SK0275,4
PRJ2999,SK0003,2
PRJ0200,SK0094,2
PRJ3108,SK0024,4
PRJ1316,SK0019,3
PRJ3079,SK0015,4
PRJ4995,SK0154,2
PRJ4150,SK0225,3
PRJ0397,SK0147,2
PRJ1835,SK0050,4
PRJ4222,SK0299,3
PRJ4225,SK0021,4
PRJ4111,SK0035,3
PRJ1978,SK0257,2
PRJ4396,SK0095,2
PRJ2479,SK0070,3
PRJ3096,SK0129,3
PRJ4507,SK0279,4
PRJ1546,SK0297,4
PRJ3719,SK0161,2
PRJ1929,SK0223,4
PRJ3115,SK0279,3
PRJ3634,SK0075,4
PRJ3730,SK0181,2
PRJ2906,SK0203,3
PRJ3783,SK0049,3
PRJ2948,SK0197,2
PRJ0163,SK0096,4
PRJ4924,SK0293,3
PRJ0392,SK0270,2
PRJ3622,SK0106,3
PRJ1330,SK0268,3
PRJ1483,SK0115,3
PRJ2780,SK0051,2
PRJ0667,SK0107,4
PRJ2599,SK0025,4
PRJ4796,SK0095,2
PRJ4660,SK0221,2
PRJ0445,SK0143,4
PRJ0001,SK0142,3
PRJ4745,SK0015,4
PRJ0930,SK0258,3
PRJ4632,SK0146,2
PRJ3851,SK0243,3
PRJ3765,SK0021,2
PRJ4522,SK0261,3
PRJ4928,SK0297,2
PRJ0517,SK0084,4
PRJ4338,SK0272,2
PRJ4082,SK0103,4
PRJ1814,SK0196,2
PRJ0676,SK0002,4
PRJ0876,SK0046,2
PRJ4851,SK0081,4
PRJ1221,SK0078,4
PRJ1341,SK0264,4
PRJ2791,SK0250,3
PRJ3000,SK0134,4
PRJ1841,SK0125,2
PRJ1340,SK0180,2
PRJ2353,SK0123,3
PRJ0042,SK0090,3
PRJ4458,SK0226,4
PRJ0934,SK0044,3
PRJ4524,SK0209,4
PRJ4042,SK0026,3
PRJ4698,SK0214,4
PRJ4399,SK0175,4
PRJ0282,SK0123,3
PRJ0201,SK0252,4
PRJ3908,SK0283,3
PRJ4786,SK0104,3
PRJ0331,SK0053,3
PRJ1111,SK0269,3
PRJ3670,SK0196,2
PRJ2115,SK0270,3
PRJ2747,SK0156,2
PRJ0267,SK0159,3
PRJ2631,SK0018,2
PRJ3866,SK0219,4
PRJ0681,SK0183,4
PRJ0648,SK0283,4
PRJ4200,SK0292,4
PRJ3259,SK0079,4
PRJ1078,SK0098,3
PRJ1760,SK0169,3
PRJ0915,SK0135,4
PRJ2721,SK0045,3
PRJ1405,SK0128,4
PRJ2000,SK0185,2
PRJ2134,SK0167,3
PRJ3383,SK0189,3
PRJ0116,SK0124,4
PRJ4153,SK0079,4
PRJ4496,SK0081,4
PRJ1084,SK0224,2
PRJ0574,SK0010,2
PRJ0805,SK0117,4
PRJ1577,SK0275,2
PRJ0653,SK0107,4
PRJ2529,SK0243,2
PRJ1583,SK0256,3
PRJ2871,SK0028,3
PRJ3664,SK0120,3
PRJ1441,SK0277,3
PRJ3292,SK0221,4
PRJ0535,SK0268,3
PRJ4371,SK0162,3
PRJ0558,SK0075,4
PRJ0543,SK0250,2
PRJ0734,SK0216,4
PRJ4256,SK0129,4
PRJ4009,SK0103,2
PRJ2849,SK0111,3
PRJ0096,SK0108,3
PRJ2339,SK0142,4
PRJ3765,SK0041,2
PRJ3130,SK0078,2
PRJ1777,SK0245,4
PRJ2056,SK0231,3
PRJ4097,SK0050,4
PRJ1872,SK0055,3
PRJ1200,SK0029,3
PRJ4945,SK0073,4
PRJ1153,SK0130,3
PRJ3055,SK0170,2
PRJ4124,SK0197,3
PRJ2949,SK0218,4
PRJ1483,SK0166,3
PRJ1438,SK0148,4
PRJ0621,SK0222,3
PRJ3232,SK0160,3
PRJ2733,SK0073,4
PRJ3245,SK0240,2
PRJ2524,SK0109,4
PRJ0026,SK0004,4
PRJ3934,SK0065,4
PRJ0524,SK0182,3
PRJ0036,SK0003,2
PRJ3140,SK0194,4
PRJ1422,SK0168,2
PRJ0423,SK0169,3
PRJ3718,SK0097,2
PRJ4741,SK0042,4
PRJ3755,SK0138,3
PRJ4353,SK0299,2
PRJ0459,SK0244,3
PRJ3535,SK0092,2
PRJ0277,SK0134,2
PRJ4462,SK0270,3
PRJ0096,SK0255,2
PRJ3864,SK0124,3
PRJ0692,SK0098,4
PRJ2095,SK0069,2
PRJ2804,SK0109,4
PRJ0316,SK0035,4
PRJ0803,SK0267,4
PRJ2677,SK0278,3
PRJ4635,SK0232,3
PRJ0134,SK0245,4
PRJ0133,SK0258,3
PRJ0542,SK0261,4
PRJ4278,SK0172,3
PRJ3340,SK0051,2
PRJ3127,SK0177,4
PRJ4835,SK0208,3
PRJ4676,SK0118,4
PRJ0254,SK0244,4
PRJ0949,SK0051,2
PRJ3594,SK0229,2
PRJ4455,SK0128,2
PRJ1045,SK0048,3
PRJ3847,SK0011,2
PRJ4221,SK0086,4
PRJ4445,SK0140,3
PRJ3315,SK0037,4
PRJ2209,SK0280,2
PRJ4164,SK0213,4
PRJ1747,SK0171,4
PRJ4486,SK0191,3
PRJ3744,SK0133,4
PRJ1417,SK0085,3
PRJ1893,SK0141,3
PRJ4757,SK0070,2
PRJ4312,SK0185,3
PRJ0493,SK0102,4
PRJ1532,SK0223,4
PRJ3898,SK0033,3
PRJ3710,SK0151,3
PRJ3172,SK0293,4
PRJ0416,SK0007,4
PRJ3656,SK0018,4
PRJ0416,SK0172,4
PRJ2690,SK0042,4
PRJ4538,SK0265,2
PRJ3523,SK0223,2
PRJ0248,SK0126,2
PRJ0361,SK0282,4
PRJ0208,SK0025,3
PRJ3740,SK0097,2
PRJ2699,SK0229,4
PRJ2103,SK0287,3
PRJ0576,SK0149,3
PRJ3195,SK0100,3
PRJ1906,SK0145,3
PRJ4486,SK0151,3
PRJ0619,SK0281,2
PRJ0337,SK0243,4
PRJ4643,SK0094,3
PRJ3422,SK0146,4
PRJ0467,SK0197,3
PRJ2988,SK0041,4
PRJ2633,SK0261,2
PRJ0998,SK0076,4
PRJ4906,SK0249,3
PRJ2049,SK0087,2
PRJ2379,SK0222,3
PRJ1408,SK0086,4
PRJ1903,SK0117,3
PRJ1876,SK0166,3
PRJ2990,SK0219,3
PRJ3402,SK0280,2
PRJ3549,SK0160,2
PRJ0079,SK0112,4
PRJ4011,SK0040,4
PRJ3699,SK0142,3
PRJ2451,SK0216,4
PRJ2346,SK0201,2
PRJ0375,SK0173,3
PRJ1734,SK0225,4
PRJ0318,SK0177,3
PRJ0421,SK0218,3
PRJ2494,SK0061,3
PRJ2485,SK0255,2
PRJ4745,SK0298,3
PRJ3966,SK0128,4
PRJ1426,SK0176,4
PRJ4130,SK0048,4
PRJ2049,SK0294,2
PRJ3551,SK0111,3
PRJ1741,SK0022,2
PRJ3679,SK0089,4
PRJ2387,SK0022,3
PRJ0176,SK0296,4
PRJ0378,SK0181,4
PRJ3628,SK0287,2
PRJ0583,SK0176,3
PRJ0769,SK0164,3
PRJ2000,SK0096,4
PRJ0515,SK0254,4
PRJ0211,SK0211,3
PRJ0080,SK0164,2
PRJ1894,SK0267,4
PRJ2169,SK0300,3
PRJ2237,SK0040,2
PRJ2127,SK0057,2
PRJ1621,SK0214,2
PRJ0110,SK0158,2
PRJ2890,SK0255,4
PRJ0475,SK0192,3
PRJ2609,SK0218,4
PRJ2743,SK0083,2
PRJ4570,SK0253,2
PRJ2653,SK0052,2
PRJ3246,SK0214,3
PRJ4452,SK0146,4
PRJ2120,SK0249,2
PRJ2103,SK0298,3
PRJ3207,SK0093,2
PRJ3385,SK0208,4
PRJ0347,SK0129,4
PRJ3810,SK0149,2
PRJ2266,SK0110,2
PRJ3291,SK0124,4
PRJ3243,SK0236,3
PRJ4900,SK0259,2
PRJ4591,SK0074,4
PRJ1179,SK0020,3
PRJ0846,SK0248,3
PRJ0794,SK0219,3
PRJ1636,SK0025,4
PRJ2592,SK0119,3
PRJ2054,SK0298,3
PRJ0946,SK0166,3
PRJ0778,SK0081,2
PRJ3052,SK0053,3
PRJ4066,SK0085,4
PRJ0404,SK0122,3
PRJ2196,SK0181,2
PRJ4018,SK0262,4
PRJ1720,SK0112,4
PRJ0409,SK0004,2
PRJ1764,SK0269,2
PRJ4728,SK0153,3
PRJ3998,SK0139,4
PRJ2896,SK0254,4
PRJ1608,SK0051,4
PRJ3859,SK0266,3
PRJ4546,SK0083,3
PRJ3174,SK0269,3
PRJ4218,SK0300,4
PRJ4053,SK0234,4
PRJ2940,SK0239,4
PRJ3041,SK0028,3
PRJ1055,SK0242,3
PRJ1373,SK0100,4
PRJ1220,SK0066,3
PRJ3511,SK0285,4
PRJ2135,SK0194,4
PRJ0773,SK0095,4
PRJ3522,SK0071,3
PRJ0785,SK0297,3
PRJ0851,SK0100,3
PRJ3568,SK0012,4
PRJ0669,SK0150,4
PRJ0680,SK0156,4
PRJ0994,SK0156,3
PRJ0415,SK0244,2
PRJ4204,SK0258,4
PRJ1271,SK0030,3
PRJ1839,SK0007,3
PRJ3709,SK0300,3
PRJ2576,SK0124,3
PRJ3569,SK0007,4
PRJ4164,SK0231,4
PRJ3087,SK0134,2
PRJ3675,SK0257,4
PRJ4418,SK0016,2
PRJ3357,SK0076,2
PRJ2215,SK0052,3
PRJ2494,SK0280,3
PRJ3410,SK0173,2
PRJ1406,SK0279,2
PRJ2783,SK0084,3
PRJ0313,SK0151,2
PRJ4482,SK0109,3
PRJ4724,SK0286,3
PRJ3313,SK0211,3
PRJ4384,SK0229,3
PRJ0145,SK0245,2
PRJ4536,SK0127,3
PRJ2274,SK0178,2
PRJ1706,SK0093,4
PRJ3278,SK0233,2
PRJ4885,SK0217,2
PRJ1755,SK0009,4
PRJ3626,SK0204,2
PRJ0180,SK0153,3
PRJ3080,SK0078,3
PRJ2403,SK0096,3
PRJ4519,SK0154,2
PRJ1166,SK0015,4
PRJ1041,SK0114,4
PRJ0627,SK0278,3
PRJ2097,SK0146,3
PRJ2211,SK0160,4
PRJ1113,SK0146,3
PRJ0961,SK0092,3
PRJ3023,SK0272,4
PRJ0253,SK0283,2
PRJ3193,SK0103,4
PRJ1181,SK0164,4
PRJ3872,SK0151,2
PRJ2308,SK0272,2
PRJ2675,SK0169,3
PRJ4513,SK0083,2
PRJ1673,SK0022,2
PRJ1705,SK0087,2
PRJ1279,SK0023,4
PRJ1906,SK0204,4
PRJ2376,SK0001,2
PRJ3518,SK0131,2
PRJ2265,SK0236,3
PRJ3054,SK0207,3
PRJ1188,SK0004,2
PRJ0126,SK0287,3
PRJ3911,SK0078,4
PRJ0347,SK0231,3
PRJ0757,SK0157,4
PRJ3115,SK0262,2
PRJ1197,SK0258,2
PRJ1380,SK0087,2
PRJ2905,SK0246,4
PRJ0437,SK0075,2
PRJ3974,SK0098,3
PRJ2616,SK0176,3
PRJ1442,SK0067,3
PRJ1579,SK0024,4
PRJ0094,SK0171,4
PRJ1923,SK0224,2
PRJ4776,SK0289,3
PRJ2062,SK0259,3
PRJ4618,SK0012,2
PRJ1044,SK0148,3
PRJ0880,SK0097,4
PRJ3548,SK0071,3
PRJ1368,SK0102,3
PRJ3331,SK0071,3
PRJ4727,SK0275,2
PRJ0719,SK0085,2
PRJ2665,SK0004,4
PRJ4737,SK0003,2
PRJ3218,SK0164,3
PRJ3983,SK0133,3
PRJ1460,SK0189,3
PRJ2024,SK0066,2
PRJ2344,SK0240,2
PRJ2927,SK0178,4
PRJ1537,SK0093,2
PRJ3937,SK0289,3
PRJ2406,SK0097,2
PRJ4482,SK0288,2
PRJ4196,SK0021,3
PRJ1471,SK0200,3
PRJ3861,SK0193,3
PRJ3543,SK0139,2
PRJ1429,SK0113,4
PRJ2029,SK0215,4
PRJ2843,SK0017,3
PRJ1591,SK0258,4
PRJ3325,SK0139,3
PRJ1561,SK0101,2
PRJ2180,SK0032,4
PRJ1359,SK0165,3
PRJ0554,SK0070,4
PRJ4603,SK0020,4
PRJ3503,SK0254,2
PRJ4865,SK0134,3
PRJ1257,SK0162,4
PRJ2766,SK0240,4
PRJ1967,SK0007,3
PRJ0937,SK0048,4
PRJ1990,SK0227,4
PRJ0536,SK0104,3
PRJ1377,SK0118,3
PRJ4800,SK0099,2
PRJ3051,SK0151,2
PRJ3827,SK0198,4
PRJ4520,SK0291,2
PRJ0091,SK0063,2
PRJ4898,SK0017,3
PRJ3557,SK0052,3
PRJ0094,SK0216,3
PRJ3115,SK0022,2
PRJ0414,SK0298,2
PRJ3726,SK0106,3
PRJ3303,SK0256,3
PRJ0860,SK0006,2
PRJ1689,SK0064,2
PRJ3164,SK0260,2
PRJ4558,SK0076,4
PRJ1450,SK0096,3
PRJ2815,SK0117,3
PRJ1958,SK0130,4
PRJ4706,SK0283,2
PRJ0440,SK0236,2
PRJ0706,SK0042,2
PRJ1881,SK0137,3
PRJ4896,SK0250,4
PRJ0319,SK0195,3
PRJ4798,SK0184,4
PRJ0817,SK0059,4
PRJ1042,SK0058,2
PRJ3463,SK0113,4
PRJ3414,SK0066,4
PRJ4130,SK0255,4
PRJ1466,SK0165,3
PRJ1152,SK0055,2
PRJ2522,SK0293,4
PRJ1653,SK0128,4
PRJ1600,SK0180,3
PRJ3527,SK0241,4
PRJ2468,SK0017,3
PRJ0134,SK0223,3
PRJ1303,SK0014,4
PRJ2778,SK0228,3
PRJ1562,SK0115,4
PRJ0383,SK0250,2
PRJ2332,SK0041,2
PRJ1866,SK0033,3
PRJ0480,SK0181,4
PRJ4198,SK0116,2
PRJ1189,SK0125,3
PRJ4946,SK0009,2
PRJ1035,SK0064,3
PRJ0060,SK0069,2
PRJ4805,SK0075,3
PRJ3851,SK0246,3
PRJ0027,SK0096,3
PRJ3260,SK0118,3
PRJ3697,SK0201,4
PRJ2197,SK0198,4
PRJ4693,SK0015,2
PRJ3748,SK0003,2
PRJ0769,SK0259,2
PRJ0623,SK0080,4
PRJ4996,SK0136,2
PRJ4954,SK0157,4
PRJ1336,SK0268,4
PRJ2224,SK0093,4
PRJ3631,SK0198,3
PRJ0958,SK0042,3
PRJ1134,SK0052,3
PRJ1685,SK0098,2
PRJ3672,SK0035,3
PRJ4300,SK0261,3
PRJ4697,SK0197,4
PRJ4083,SK0262,3
PRJ0799,SK0189,2
PRJ2997,SK0116,4
PRJ3550,SK0196,2
PRJ1695,SK0029,4
PRJ2052,SK0067,2
PRJ3852,SK0276,2
PRJ2892,SK0017,2
PRJ3526,SK0184,3
PRJ0428,SK0288,2
PRJ1766,SK0245,3
PRJ4756,SK0080,2
PRJ4470,SK0047,2
PRJ0003,SK0269,4
PRJ0748,SK0145,2
PRJ2197,SK0065,4
PRJ1430,SK0020,3
PRJ3870,SK0080,4
PRJ1553,SK0112,3
PRJ4541,SK0159,3
PRJ4795,SK0054,2
PRJ3232,SK0273,3
PRJ3455,SK0126,2
PRJ2604,SK0264,3
PRJ4136,SK0131,4
PRJ4810,SK0135,2
PRJ2991,SK0015,3
PRJ3706,SK0246,4
PRJ4795,SK0208,4
PRJ4552,SK0091,3
PRJ2319,SK0207,4
PRJ1798,SK0168,2
PRJ4523,SK0267,4
PRJ0098,SK0146,3
PRJ2550,SK0235,4
PRJ4860,SK0080,3
PRJ2829,SK0113,3
PRJ4978,SK0039,2
PRJ3817,SK0085,2
PRJ3090,SK0045,4
PRJ2877,SK0164,2
PRJ2415,SK0131,4
PRJ4127,SK0166,3
PRJ0492,SK0149,4
PRJ1589,SK0262,4
PRJ2638,SK0160,3
PRJ0878,SK0077,4
PRJ1863,SK0228,4
PRJ4345,SK0219,2
PRJ0299,SK0218,3
PRJ4716,SK0077,3
PRJ4374,SK0228,3
PRJ2169,SK0060,3
PRJ2458,SK0083,3
PRJ0844,SK0035,3
PRJ0025,SK0220,4
PRJ3562,SK0035,4
PRJ1251,SK0147,3
PRJ4504,SK0193,3
PRJ2494,SK0007,4
PRJ4226,SK0248,4
PRJ3539,SK0224,4
PRJ0148,SK0186,2
PRJ3126,SK0213,4
PRJ2230,SK0140,3
PRJ0410,SK0125,2
PRJ1470,SK0150,4
PRJ0134,SK0168,2
PRJ1514,SK0069,3
PRJ4909,SK0058,4
PRJ1898,SK0189,2
PRJ0612,SK0201,3
PRJ0008,SK0258,2
PRJ2730,SK0059,2
PRJ2602,SK0068,3
PRJ0750,SK0190,2
PRJ2224,SK0008,3
PRJ0593,SK0011,4
PRJ3122,SK0051,3
PRJ2810,SK0078,4
PRJ0083,SK0043,2
PRJ3626,SK0197,3
PRJ2440,SK0283,3
PRJ3857,SK0021,2
PRJ4076,SK0104,4
PRJ3906,SK0257,2
PRJ2273,SK0210,4
PRJ2301,SK0164,2
PRJ2080,SK0036,3
PRJ1178,SK0098,4
PRJ3502,SK0098,2
PRJ3758,SK0159,2
PRJ3177,SK0091,3
PRJ2788,SK0229,4
PRJ2939,SK0234,4
PRJ0297,SK0225,2
PRJ3645,SK0196,3
PRJ0283,SK0046,3
PRJ4780,SK0186,2
PRJ3085,SK0005,3
PRJ4186,SK0198,3
PRJ4305,SK0121,2
PRJ1397,SK0177,4
PRJ2710,SK0061,4
PRJ0270,SK0231,3
PRJ4589,SK0048,4
PRJ1520,SK0011,2
PRJ4863,SK0281,2
PRJ1185,SK0122,2
PRJ4103,SK0153,2
PRJ0343,SK0070,2
PRJ1481,SK0187,4
PRJ4036,SK0053,2
PRJ3452,SK0257,4
PRJ2233,SK0116,4
PRJ3528,SK0089,2
PRJ1192,SK0127,3
PRJ3671,SK0027,4
PRJ4935,SK0287,4
PRJ4755,SK0212,3
PRJ0194,SK0178,3
PRJ4872,SK0285,3
PRJ4521,SK0076,3
PRJ3272,SK0031,4
PRJ4598,SK0135,2
PRJ2192,SK0176,2
PRJ3430,SK0024,2
PRJ3391,SK0004,3
PRJ1306,SK0066,4
PRJ0947,SK0219,3
PRJ3744,SK0156,2
PRJ4389,SK0005,2
PRJ3633,SK0062,4
PRJ4447,SK0120,4
PRJ4646,SK0071,3
PRJ2713,SK0177,3
PRJ1431,SK0031,3
PRJ3802,SK0097,4
PRJ3172,SK0208,2
PRJ0910,SK0045,4
PRJ2112,SK0037,4
PRJ0537,SK0292,2
PRJ4143,SK0116,4
PRJ2044,SK0144,3
PRJ4963,SK0244,2
PRJ0206,SK0061,2
PRJ2256,SK0135,4
PRJ3339,SK0196,3
PRJ3641,SK0197,2
PRJ2140,SK0263,4
PRJ4934,SK0184,2
PRJ3000,SK0029,4
PRJ1502,SK0264,4
PRJ2815,SK0101,4
PRJ3942,SK0150,2
PRJ0280,SK0222,3
PRJ1260,SK0239,4
PRJ2414,SK0075,2
PRJ2085,SK0168,3
PRJ3583,SK0036,4
PRJ1311,SK0119,4
PRJ4804,SK0295,2
PRJ0550,SK0114,3
PRJ1446,SK0253,3
PRJ2555,SK0161,3
PRJ0829,SK0276,2
PRJ1701,SK0099,3
PRJ0319,SK0168,3
PRJ0808,SK0229,4
PRJ3742,SK0121,3
PRJ0756,SK0264,3
PRJ1878,SK0272,3
PRJ0493,SK0033,2
PRJ1255,SK0167,4
PRJ4820,SK0147,3
PRJ4456,SK0266,3
PRJ4759,SK0242,2
PRJ4647,SK0144,2
PRJ1900,SK0291,3
PRJ1069,SK0080,3
PRJ2443,SK0210,3
PRJ4362,SK0035,4
PRJ4255,SK0097,4
PRJ1548,SK0220,2
PRJ0980,SK0245,3
PRJ0427,SK0158,2
PRJ2652,SK0109,4
PRJ3060,SK0149,4
PRJ2473,SK0002,4
PRJ1854,SK0265,4
PRJ2453,SK0057,3
PRJ0146,SK0197,4
PRJ4840,SK0252,2
PRJ4009,SK0277,2
PRJ4553,SK0057,4
PRJ3964,SK0239,4
PRJ3880,SK0109,2
PRJ2250,SK0291,4
PRJ3550,SK0205,3
PRJ3334,SK0109,3
PRJ3050,SK0041,3
PRJ4781,SK0145,3
PRJ2596,SK0163,2
PRJ2021,SK0177,2
PRJ2747,SK0077,3
PRJ4302,SK0244,4
PRJ3609,SK0034,2
PRJ3158,SK0264,2
PRJ1142,SK0139,3
PRJ2996,SK0123,4
PRJ0069,SK0239,4
PRJ2456,SK0181,2
PRJ1323,SK0112,4
PRJ0111,SK0167,3
PRJ2013,SK0006,4
PRJ4719,SK0078,4
PRJ2020,SK0263,3
PRJ2588,SK0006,2
PRJ4192,SK0285,4
PRJ0375,SK0266,4
PRJ2753,SK0024,2
PRJ1803,SK0104,3
PRJ4725,SK0009,2
PRJ0329,SK0052,4
PRJ0631,SK0158,3
PRJ1961,SK0268,2
PRJ3380,SK0212,2
PRJ2693,SK0100,4
PRJ0316,SK0174,4
PRJ0545,SK0224,3
PRJ3827,SK0013,3
PRJ4112,SK0237,2
PRJ4365,SK0032,3
PRJ1377,SK0023,2
PRJ4803,SK0003,2
PRJ4030,SK0260,2
PRJ0198,SK0067,3
PRJ3155,SK0069,2
PRJ4527,SK0098,4
PRJ3842,SK0217,4
PRJ0766,SK0223,2
PRJ4308,SK0227,4
PRJ0950,SK0136,2
PRJ2995,SK0075,2
PRJ3172,SK0007,2
PRJ2889,SK0013,2
PRJ3519,SK0178,2
PRJ0154,SK0067,3
PRJ2445,SK0111,4
PRJ0187,SK0095,4
PRJ4675,SK0191,2
PRJ3703,SK0292,4
PRJ3215,SK0163,3
PRJ0006,SK0214,3
PRJ2080,SK0041,2
PRJ0525,SK0215,2
PRJ0901,SK0036,3
PRJ0877,SK0070,2
PRJ4080,SK0274,3
PRJ3511,SK0026,4
PRJ0782,SK0215,3
PRJ2011,SK0246,4
PRJ1065,SK0076,3
PRJ0848,SK0189,3
PRJ4471,SK0214,2
PRJ2168,SK0156,2
PRJ2151,SK0046,2
PRJ3010,SK0223,3
PRJ1004,SK0284,2
PRJ0599,SK0233,2
PRJ3108,SK0084,3
PRJ2470,SK0095,4
PRJ3128,SK0127,3
PRJ2523,SK0137,2
PRJ0575,SK0191,4
PRJ4421,SK0071,3
PRJ0843,SK0283,4
PRJ3752,SK0150,2
PRJ1482,SK0172,2
PRJ1714,SK0079,4
PRJ1815,SK0166,3
PRJ4186,SK0280,3
PRJ2660,SK0300,2
PRJ4273,SK0032,3
PRJ2240,SK0108,3
PRJ1832,SK0273,2
PRJ2271,SK0099,4
PRJ4745,SK0276,2
PRJ1971,SK0287,4
PRJ0951,SK0041,2
PRJ2122,SK0196,2
PRJ0849,SK0139,2
PRJ2108,SK0261,3
PRJ2008,SK0112,2
PRJ4340,SK0209,3
PRJ2563,SK0184,3
PRJ1346,SK0273,4
PRJ3388,SK0229,2
PRJ3351,SK0255,3
PRJ2945,SK0270,4
PRJ0297,SK0256,3
PRJ4858,SK0065,4
PRJ1270,SK0129,4
PRJ4182,SK0258,3
PRJ1044,SK0229,4
PRJ3980,SK0156,2
PRJ1862,SK0192,2
PRJ4304,SK0026,4
PRJ3857,SK0250,4
PRJ3173,SK0039,2
PRJ1884,SK0081,2
PRJ0938,SK0137,2
PRJ3742,SK0151,3
PRJ4614,SK0274,4
PRJ3376,SK0237,3
PRJ4778,SK0115,4
PRJ2137,SK0229,3
PRJ0218,SK0216,4
PRJ0214,SK0038,2
PRJ2578,SK0101,2
PRJ2074,SK0139,3
PRJ3949,SK0071,3
PRJ4843,SK0044,4
PRJ0333,SK0166,3
PRJ4711,SK0026,2
PRJ0878,SK0004,4
PRJ0413,SK0176,4
PRJ3306,SK0130,2
PRJ4762,SK0001,2
PRJ1757,SK0215,4
PRJ4153,SK0077,3
PRJ0054,SK0283,4
PRJ3102,SK0094,4
PRJ0338,SK0250,2
PRJ4200,SK0234,3
PRJ0955,SK0165,4
PRJ1932,SK0239,4
PRJ1962,SK0185,4
PRJ1573,SK0226,4
PRJ2815,SK0275,4
PRJ2846,SK0202,4
PRJ4749,SK0076,3
PRJ3797,SK0283,4
PRJ0311,SK0201,3
PRJ0289,SK0023,2
PRJ4255,SK0273,3
PRJ3066,SK0133,2
PRJ1192,SK0212,4
PRJ4384,SK0057,3
PRJ4040,SK0021,4
PRJ2936,SK0254,3
PRJ1496,SK0270,2
PRJ3998,SK0144,2
PRJ3324,SK0005,2
PRJ2603,SK0203,4
PRJ3728,SK0222,4
PRJ0024,SK0167,2
PRJ3702,SK0042,2
PRJ4354,SK0271,4
PRJ1207,SK0267,4
PRJ1998,SK0194,3
PRJ1429,SK0150,3
PRJ3955,SK0102,2
PRJ0759,SK0206,3
PRJ0188,SK0117,3
PRJ3721,SK0046,4
PRJ2025,SK0206,3
PRJ4490,SK0277,4
PRJ0926,SK0241,4
PRJ0136,SK0024,2
PRJ2341,SK0075,4
PRJ3179,SK0090,2
PRJ0614,SK0217,2
PRJ4986,SK0201,3
PRJ2151,SK0279,3
PRJ3205,SK0196,4
PRJ2902,SK0035,3
PRJ3818,SK0121,2
PRJ4129,SK0255,4
PRJ4635,SK0118,3
PRJ4624,SK0010,4
PRJ1593,SK0039,3
PRJ1406,SK0100,2
PRJ1912,SK0274,4
PRJ1824,SK0272,2
PRJ0866,SK0277,2
PRJ2481,SK0263,4
PRJ1276,SK0032,4
PRJ1853,SK0226,2
PRJ1392,SK0094,4
PRJ0624,SK0067,2
PRJ3409,SK0210,2
PRJ4209,SK0035,4
PRJ1570,SK0295,4
PRJ2983,SK0287,3
PRJ0775,SK0239,2
PRJ2381,SK0218,4
PRJ0209,SK0196,3
PRJ4240,SK0239,2
PRJ3819,SK0055,3
PRJ0864,SK0087,2
PRJ1935,SK0046,4
PRJ2753,SK0149,2
PRJ4613,SK0250,2
PRJ2101,SK0189,4
PRJ4326,SK0235,3
PRJ4252,SK0186,2
PRJ3107,SK0261,2
PRJ2366,SK0093,4
PRJ1379,SK0070,2
PRJ4027,SK0237,4
PRJ1786,SK0077,3
PRJ4756,SK0056,2
PRJ0696,SK0089,2
PRJ3496,SK0110,2
PRJ3092,SK0134,4
PRJ2111,SK0158,4
PRJ1981,SK0295,4
PRJ1714,SK0282,3
PRJ1366,SK0061,3
PRJ0552,SK0250,4
PRJ3388,SK0150,2
PRJ1414,SK0083,2
PRJ3798,SK0085,3
PRJ3464,SK0067,4
PRJ2572,SK0256,4
PRJ4860,SK0023,3
PRJ3345,SK0177,3
PRJ3213,SK0074,4
PRJ0285,SK0269,3
PRJ3432,SK0117,3
PRJ0990,SK0049,2
PRJ0211,SK0180,3
PRJ4934,SK0211,3
PRJ2234,SK0205,3
PRJ2680,SK0287,4
PRJ4789,SK0195,2
PRJ2309,SK0202,2
PRJ4128,SK0067,3
PRJ3538,SK0214,2
PRJ4167,SK0234,4
PRJ2080,SK0258,4
PRJ2009,SK0117,3
PRJ3749,SK0162,3
PRJ3694,SK0047,4
PRJ2362,SK0281,2
PRJ1495,SK0038,3
PRJ2806,SK0063,4
PRJ3657,SK0006,4
PRJ0683,SK0125,3
PRJ4266,SK0249,3
PRJ4165,SK0187,2
PRJ2154,SK0224,2
PRJ3920,SK0196,2
PRJ3410,SK0006,4
PRJ1303,SK0241,4
PRJ1840,SK0039,4
PRJ2701,SK0133,3
PRJ1571,SK0116,2
PRJ4561,SK0116,4
PRJ1966,SK0279,2
PRJ1596,SK0057,2
PRJ3106,SK0076,2
PRJ2013,SK0231,4
PRJ1624,SK0038,2
PRJ1667,SK0122,4
PRJ0644,SK0020,2
PRJ2008,SK0285,3
PRJ1476,SK0287,3
PRJ1677,SK0173,3
PRJ0764,SK0055,2
PRJ0538,SK0144,2
PRJ1101,SK0245,4
PRJ2398,SK0276,2
PRJ1117,SK0034,2
PRJ2567,SK0052,3
PRJ3761,SK0001,2
PRJ4035,SK0278,3
PRJ3466,SK0013,2
PRJ2713,SK0157,3
PRJ4039,SK0123,3
PRJ4950,SK0292,4
PRJ4289,SK0201,2
PRJ1075,SK0206,3
PRJ0873,SK0175,2
PRJ2994,SK0227,3
PRJ0124,SK0048,3
PRJ2418,SK0272,3
PRJ3735,SK0130,2
PRJ3646,SK0044,3
PRJ4249,SK0234,3
PRJ3491,SK0196,2
PRJ4555,SK0163,4
PRJ1248,SK0122,3
PRJ2947,SK0168,4
PRJ3133,SK0260,2
PRJ1520,SK0211,2
PRJ0343,SK0058,2
PRJ3260,SK0170,4
PRJ3190,SK0018,3
PRJ3216,SK0104,4
PRJ0163,SK0100,3
PRJ2898,SK0011,4
PRJ0421,SK0072,4
PRJ3862,SK0239,3
PRJ1508,SK0133,2
PRJ2751,SK0244,4
PRJ4608,SK0182,4
PRJ4125,SK0142,3
PRJ3811,SK0093,2
PRJ1415,SK0294,2
PRJ2513,SK0142,2
PRJ2844,SK0127,3
PRJ0060,SK0067,4
PRJ2862,SK0211,4
PRJ4413,SK0076,3
PRJ3762,SK0102,4
PRJ3565,SK0185,2
PRJ1040,SK0174,3
PRJ3712,SK0285,2
PRJ2002,SK0029,3
PRJ1899,SK0207,2
PRJ3053,SK0079,2
PRJ2488,SK0011,2
PRJ2646,SK0075,4
PRJ3330,SK0052,2
PRJ2132,SK0237,3
PRJ3128,SK0141,2
PRJ4488,SK0237,2
PRJ3487,SK0270,2
PRJ4926,SK0113,3
PRJ4052,SK0040,2
PRJ1152,SK0091,4
PRJ1198,SK0028,3
PRJ0655,SK0233,4
PRJ4378,SK0073,4
PRJ0065,SK0016,3
PRJ3622,SK0188,3
PRJ0958,SK0288,4
PRJ0632,SK0072,3
PRJ1729,SK0270,3
PRJ0543,SK0154,2
PRJ2104,SK0228,2
PRJ3071,SK0136,2
PRJ3758,SK0104,4
PRJ1800,SK0243,2
PRJ1452,SK0235,4
PRJ1275,SK0217,2
PRJ1030,SK0218,3
PRJ1634,SK0120,4
PRJ4376,SK0189,3
PRJ0520,SK0261,2
PRJ4059,SK0177,4
PRJ2397,SK0155,3
PRJ3006,SK0037,4
PRJ1547,SK0022,2
PRJ0168,SK0063,4
PRJ4904,SK0219,4
PRJ3399,SK0211,2
PRJ4104,SK0283,3
PRJ3169,SK0031,2
PRJ0511,SK0199,4
PRJ2884,SK0189,3
PRJ0789,SK0108,3
PRJ0391,SK0290,2
PRJ2712,SK0261,3
PRJ2142,SK0022,4
PRJ2275,SK0149,4
PRJ1992,SK0017,4
PRJ0197,SK0296,2
PRJ0699,SK0200,2
PRJ2928,SK0058,4
PRJ2282,SK0142,2
PRJ4528,SK0280,3
PRJ1756,SK0296,2
PRJ0570,SK0082,3
PRJ2041,SK0046,4
PRJ1819,SK0298,3
PRJ0391,SK0020,4
PRJ1735,SK0110,3
PRJ4416,SK0292,4
PRJ1685,SK0013,4
PRJ4534,SK0051,4
PRJ0530,SK0208,2
PRJ4547,SK0012,3
PRJ1987,SK0124,2
PRJ4181,SK0183,3
PRJ0540,SK0108,3
PRJ1099,SK0181,4
PRJ4982,SK0125,3
PRJ3008,SK0251,2
PRJ1045,SK0004,2
PRJ3879,SK0243,2
PRJ0261,SK0295,2
PRJ0946,SK0038,4
PRJ0412,SK0044,2
PRJ3598,SK0165,4
PRJ0547,SK0280,3
PRJ1744,SK0073,4
PRJ2602,SK0195,3
PRJ3025,SK0093,3
PRJ0134,SK0037,2
PRJ1741,SK0261,3
PRJ0005,SK0015,3
PRJ3561,SK0272,3
PRJ1380,SK0123,3
PRJ4424,SK0266,2
PRJ3677,SK0235,2
PRJ0839,SK0180,2
PRJ3397,SK0163,4
PRJ1288,SK0047,4
PRJ2943,SK0200,3
PRJ0703,SK0118,2
PRJ3955,SK0113,3
PRJ2138,SK0009,2
PRJ0896,SK0221,4
PRJ3822,SK0185,4
PRJ4519,SK0183,3
PRJ3401,SK0222,4
PRJ4409,SK0265,2
PRJ4092,SK0207,2
PRJ1917,SK0247,2
PRJ2540,SK0012,3
PRJ1618,SK0088,2
PRJ3474,SK0003,4
PRJ4807,SK0042,4
PRJ2104,SK0234,2
PRJ1061,SK0133,2
PRJ3366,SK0260,4
PRJ1314,SK0012,2
PRJ0811,SK0280,4
PRJ1198,SK0051,2
PRJ2640,SK0254,4
PRJ1849,SK0098,2
PRJ0907,SK0295,3
PRJ3671,SK0055,4
PRJ1432,SK0202,2
PRJ3026,SK0135,2
PRJ2094,SK0278,2
PRJ2590,SK0162,3
PRJ0806,SK0214,3
PRJ1899,SK0052,4
PRJ3574,SK0111,4
PRJ0808,SK0168,3
PRJ3651,SK0258,3
PRJ2803,SK0278,3
PRJ3111,SK0032,4
PRJ0741,SK0153,2
PRJ1151,SK0015,2
PRJ1506,SK0068,2
PRJ4715,SK0121,3
PRJ0804,SK0168,2
PRJ3666,SK0065,2
PRJ3271,SK0089,4
PRJ1406,SK0248,2
PRJ1969,SK0227,2
PRJ4769,SK0129,3
PRJ4792,SK0095,4
PRJ1973,SK0029,3
PRJ1477,SK0017,2
PRJ3726,SK0065,3
PRJ4586,SK0239,4
PRJ4199,SK0200,3
PRJ4789,SK0219,4
PRJ2081,SK0010,4
PRJ2245,SK0300,2
PRJ1277,SK0005,3
PRJ2752,SK0163,3
PRJ1161,SK0158,2
PRJ1671,SK0083,2
PRJ4795,SK0146,2
PRJ0971,SK0227,4
PRJ0624,SK0249,2
PRJ0282,SK0015,2
PRJ1163,SK0061,3
PRJ1772,SK0072,4
PRJ1860,SK0108,4
PRJ4719,SK0222,4
PRJ0439,SK0112,2
PRJ4009,SK0084,2
PRJ0603,SK0090,3
PRJ2221,SK0235,2
PRJ3117,SK0167,3
PRJ4261,SK0165,3
PRJ2329,SK0184,3
PRJ4758,SK0023,3
PRJ3511,SK0153,3
PRJ2995,SK0289,4
PRJ2452,SK0024,2
PRJ2050,SK0123,2
PRJ4009,SK0174,4
PRJ3923,SK0031,2
PRJ2753,SK0246,4
PRJ4745,SK0212,2
PRJ1304,SK0258,4
PRJ3315,SK0220,4
PRJ2836,SK0026,3
PRJ4345,SK0043,4
PRJ4969,SK0194,3
PRJ1295,SK0041,2
PRJ1919,SK0023,3
PRJ3192,SK0018,3
PRJ0214,SK0040,4
PRJ0812,SK0008,2
PRJ3930,SK0235,4
PRJ3550,SK0089,3
PRJ0180,SK0134,3
PRJ0001,SK0164,4
PRJ0931,SK0219,4
PRJ0666,SK0056,3
PRJ2776,SK0086,2
PRJ2152,SK0058,3
PRJ2518,SK0232,3
PRJ2971,SK0282,2
PRJ3368,SK0108,2
PRJ2905,SK0153,4
PRJ4317,SK0143,2
PRJ4810,SK0027,3
PRJ2463,SK0254,3
PRJ3957,SK0206,3
PRJ1671,SK0168,2
PRJ3768,SK0286,2
PRJ0059,SK0072,4
PRJ2684,SK0245,4
PRJ1527,SK0289,4
PRJ4299,SK0253,3
PRJ4495,SK0118,3
PRJ1885,SK0211,2
PRJ2859,SK0116,4
PRJ3237,SK0188,4
PRJ0152,SK0099,4
PRJ0320,SK0077,4
PRJ1422,SK0048,4
PRJ0829,SK0073,3
PRJ3702,SK0088,3
PRJ0949,SK0122,2
PRJ0349,SK0271,2
PRJ3088,SK0139,2
PRJ4404,SK0016,4
PRJ4032,SK0263,2
PRJ0253,SK0005,2
PRJ3981,SK0251,3
PRJ2953,SK0145,4
PRJ3092,SK0291,3
PRJ4629,SK0263,2
PRJ3876,SK0142,2
PRJ2874,SK0203,2
PRJ4586,SK0247,3
PRJ1753,SK0209,3
PRJ1105,SK0183,4
PRJ0959,SK0255,2
PRJ2470,SK0277,2
PRJ4124,SK0277,2
PRJ2179,SK0020,3
PRJ4292,SK0251,3
PRJ1349,SK0009,4
PRJ4755,SK0155,3
PRJ4814,SK0134,2
PRJ0230,SK0277,2
PRJ2835,SK0269,2
PRJ0669,SK0084,2
PRJ0107,SK0201,3
PRJ4230,SK0169,3
PRJ1498,SK0020,4
PRJ0078,SK0262,4
PRJ4144,SK0171,3
PRJ2299,SK0162,2
PRJ2558,SK0142,4
PRJ2426,SK0102,2
PRJ2775,SK0132,4
PRJ0509,SK0235,4
PRJ1196,SK0206,2
PRJ4344,SK0184,4
PRJ3964,SK0103,3
PRJ1552,SK0197,3
PRJ0439,SK0060,3
PRJ0888,SK0071,2
PRJ1929,SK0126,3
PRJ3959,SK0170,2
PRJ0423,SK0122,2
PRJ2594,SK0198,4
PRJ0554,SK0270,4
PRJ3203,SK0162,2
PRJ3695,SK0013,4
PRJ3912,SK0122,3
PRJ1092,SK0024,4
PRJ2722,SK0284,2
PRJ1976,SK0114,2
PRJ3715,SK0198,3
PRJ4824,SK0203,3
PRJ4759,SK0200,3
PRJ1842,SK0288,2
PRJ3215,SK0121,2
PRJ3437,SK0211,3
PRJ1387,SK0226,4
PRJ0787,SK0289,4
PRJ3579,SK0195,4
PRJ0790,SK0171,2
PRJ3448,SK0066,3
PRJ1667,SK0054,4
PRJ4993,SK0175,3
PRJ3226,SK0153,2
PRJ0797,SK0285,3
PRJ1926,SK0113,4
PRJ1167,SK0270,2
PRJ0505,SK0246,3
PRJ1294,SK0101,4
PRJ3189,SK0209,2
PRJ1270,SK0074,2
PRJ1048,SK0193,2
PRJ2736,SK0105,3
PRJ2000,SK0037,2
PRJ2324,SK0270,2
PRJ3571,SK0153,2
PRJ2617,SK0276,4
PRJ2669,SK0238,4
PRJ4942,SK0115,3
PRJ4083,SK0134,3
PRJ2219,SK0129,3
PRJ2199,SK0099,3
PRJ4174,SK0185,3
PRJ3357,SK0241,4
PRJ0713,SK0095,2
PRJ2290,SK0237,3
PRJ0010,SK0116,3
PRJ1179,SK0230,3
PRJ2154,SK0165,3
PRJ3070,SK0026,4
PRJ4897,SK0162,2
PRJ3214,SK0189,2
PRJ4403,SK0100,2
PRJ0418,SK0263,4
PRJ0384,SK0013,4
PRJ0860,SK0110,3
PRJ2195,SK0004,4
PRJ2797,SK0205,3
PRJ1517,SK0218,2
PRJ4767,SK0019,2
PRJ2582,SK0057,2
PRJ3075,SK0066,4
PRJ1423,SK0166,4
PRJ0065,SK0006,3
PRJ0323,SK0086,4
PRJ1464,SK0077,3
PRJ2574,SK0239,3
PRJ4508,SK0286,4
PRJ2625,SK0232,3
PRJ4048,SK0142,4
PRJ1687,SK0102,3
PRJ2478,SK0223,3
PRJ0351,SK0026,3
PRJ0257,SK0251,2
PRJ4346,SK0251,3
PRJ3036,SK0054,2
PRJ4651,SK0098,2
PRJ0727,SK0269,4
PRJ2633,SK0255,3
PRJ4240,SK0110,2
PRJ0458,SK0074,4
PRJ2504,SK0143,3
PRJ4033,SK0102,3
PRJ2949,SK0027,3
PRJ4196,SK0251,4
PRJ3886,SK0098,3
PRJ2509,SK0166,4
PRJ1211,SK0034,4
PRJ4926,SK0160,4
PRJ0064,SK0246,4
PRJ3801,SK0150,2
PRJ4909,SK0180,2
PRJ3228,SK0116,4
PRJ0254,SK0260,3
PRJ0666,SK0005,4
PRJ0725,SK0247,3
PRJ4691,SK0034,3
PRJ2550,SK0090,4
PRJ2111,SK0042,2
PRJ4050,SK0153,3
PRJ1427,SK0290,2
PRJ3610,SK0192,3
PRJ0623,SK0102,2
PRJ2338,SK0006,4
PRJ3361,SK0158,4
PRJ2763,SK0082,2
PRJ0905,SK0084,3
PRJ0317,SK0245,2
PRJ0779,SK0185,3
PRJ1597,SK0210,3
PRJ3846,SK0008,4
PRJ3412,SK0081,4
PRJ4848,SK0163,4
PRJ4421,SK0227,4
PRJ2448,SK0119,2
PRJ3772,SK0038,4
PRJ0706,SK0204,4
PRJ4299,SK0261,3
PRJ4768,SK0288,4
PRJ2510,SK0213,2
PRJ4320,SK0091,2
PRJ3586,SK0220,3
PRJ1244,SK0048,3
PRJ4237,SK0169,4
PRJ2745,SK0182,3
PRJ3639,SK0086,3
PRJ2937,SK0091,4
PRJ0626,SK0269,2
PRJ0153,SK0029,4
PRJ3612,SK0192,2
PRJ0640,SK0158,4
PRJ1250,SK0260,2
PRJ3540,SK0179,3
PRJ0232,SK0228,3
PRJ0199,SK0093,3
PRJ2419,SK0211,2
PRJ2992,SK0183,4
PRJ3285,SK0103,4
PRJ4840,SK0048,2
PRJ2518,SK0250,3
PRJ3856,SK0160,2
PRJ1535,SK0169,3
PRJ3743,SK0274,4
PRJ0483,SK0218,4
PRJ4173,SK0259,3
PRJ2915,SK0066,2
PRJ0305,SK0087,3
PRJ2917,SK0190,4
PRJ1565,SK0064,4
PRJ4128,SK0017,4
PRJ2344,SK0247,4
PRJ1465,SK0127,2
PRJ3917,SK0214,2
PRJ2486,SK0294,4
PRJ2633,SK0183,4
PRJ2083,SK0026,2
PRJ0520,SK0035,3
PRJ1311,SK0203,4
PRJ2122,SK0239,4
PRJ1844,SK0228,4
PRJ1962,SK0274,3
PRJ4437,SK0030,2
PRJ3472,SK0037,2
PRJ3986,SK0021,4
PRJ5000,SK0131,4
PRJ3935,SK0185,4
PRJ4338,SK0242,2
PRJ4619,SK0165,4
PRJ1521,SK0050,2
PRJ3485,SK0233,3
PRJ1944,SK0060,2
PRJ4618,SK0087,4
PRJ3733,SK0164,2
PRJ1621,SK0141,4
PRJ2233,SK0036,3
PRJ1990,SK0154,4
PRJ4544,SK0288,2
PRJ3729,SK0036,4
PRJ1843,SK0292,3
PRJ4457,SK0189,2
PRJ0712,SK0280,3
PRJ2738,SK0218,2
PRJ0329,SK0246,3
PRJ1669,SK0091,3
PRJ4814,SK0267,2
PRJ0986,SK0295,2
PRJ1474,SK0296,4
PRJ0506,SK0090,3
PRJ4951,SK0172,4
PRJ0173,SK0171,2
PRJ3016,SK0001,3
PRJ3848,SK0126,3
PRJ0319,SK0099,4
PRJ4703,SK0043,4
PRJ4000,SK0156,3
PRJ0639,SK0129,4
PRJ4808,SK0292,4
PRJ4708,SK0125,3
PRJ0808,SK0072,3
PRJ4519,SK0034,3
PRJ0796,SK0006,3
PRJ3310,SK0042,2
PRJ0843,SK0161,2
PRJ1030,SK0286,2
PRJ1559,SK0157,4
PRJ3530,SK0038,2
PRJ4462,SK0198,3
PRJ4126,SK0253,2
PRJ0504,SK0214,4
PRJ1265,SK0162,2
PRJ4726,SK0166,4
PRJ4681,SK0214,4
PRJ0883,SK0108,3
PRJ2335,SK0063,2
PRJ3076,SK0057,4
PRJ3790,SK0161,2
PRJ1298,SK0160,4
PRJ2773,SK0020,3
PRJ3798,SK0109,3
PRJ0339,SK0167,3
PRJ3816,SK0024,4
PRJ2981,SK0282,2
PRJ4326,SK0114,3
PRJ2616,SK0202,3
PRJ1644,SK0145,2
PRJ4548,SK0048,3
PRJ4427,SK0150,2
PRJ2774,SK0081,2
PRJ1844,SK0109,2
PRJ4350,SK0254,2
PRJ4152,SK0156,4
PRJ3451,SK0011,3
PRJ4553,SK0182,4
PRJ3744,SK0269,2
PRJ3971,SK0233,4
PRJ0927,SK0265,2
PRJ0963,SK0220,4
PRJ2676,SK0130,3
PRJ2029,SK0045,2
PRJ3929,SK0071,3
PRJ4834,SK0278,3
PRJ4084,SK0024,4
PRJ1946,SK0233,4
PRJ4154,SK0058,3
PRJ2883,SK0227,4
PRJ0249,SK0208,3
PRJ4484,SK0087,2
PRJ4602,SK0221,4
PRJ3760,SK0181,2
PRJ1100,SK0041,4
PRJ2880,SK0043,4
PRJ4503,SK0277,4
PRJ4867,SK0025,2
PRJ3065,SK0097,4
PRJ1901,SK0299,3
PRJ0672,SK0165,2
PRJ1173,SK0045,3
PRJ0214,SK0208,2
PRJ3000,SK0056,2
PRJ3950,SK0007,4
PRJ2715,SK0217,2
PRJ3473,SK0105,3
PRJ1743,SK0246,4
PRJ3876,SK0124,4
PRJ1931,SK0026,3
PRJ3731,SK0240,2
PRJ1726,SK0152,3
PRJ1617,SK0002,3
PRJ4325,SK0130,4
PRJ1855,SK0216,2
PRJ4352,SK0045,4
PRJ4256,SK0199,2
PRJ2542,SK0058,2
PRJ2098,SK0086,3
PRJ0220,SK0114,4
PRJ2910,SK0242,4
PRJ0611,SK0022,3
PRJ3669,SK0270,3
PRJ2131,SK0135,2
PRJ2227,SK0098,3
PRJ2206,SK0038,4
PRJ1241,SK0187,3
PRJ1216,SK0107,3
PRJ0513,SK0102,2
PRJ3072,SK0032,4
PRJ3628,SK0235,2
PRJ3284,SK0093,2
PRJ1990,SK0253,2
PRJ3259,SK0298,3
PRJ2182,SK0206,4
PRJ0856,SK0214,4
PRJ1158,SK0086,3
PRJ3191,SK0241,4
PRJ4571,SK0269,4
PRJ4918,SK0223,2
PRJ4500,SK0094,2
PRJ0568,SK0170,3
PRJ0017,SK0267,4
PRJ0633,SK0019,2
PRJ4740,SK0219,2
PRJ4492,SK0273,4
PRJ2938,SK0046,4
PRJ2809,SK0019,3
PRJ1604,SK0065,3
PRJ2082,SK0183,4
PRJ4995,SK0221,2
PRJ1407,SK0245,4
PRJ1170,SK0171,3
PRJ2668,SK0144,4
PRJ3182,SK0089,4
PRJ0633,SK0061,3
PRJ1432,SK0155,3
PRJ0675,SK0275,3
PRJ4382,SK0181,2
PRJ4112,SK0213,3
PRJ1538,SK0272,4
PRJ0150,SK0125,4
PRJ2699,SK0067,3
PRJ0638,SK0038,4
PRJ0884,SK0076,4
PRJ1869,SK0251,4
PRJ0354,SK0156,2
PRJ1130,SK0017,4
PRJ1751,SK0180,2
PRJ2789,SK0024,4
PRJ2815,SK0131,3
PRJ2035,SK0205,2
PRJ1263,SK0096,4
PRJ1491,SK0223,3
PRJ4884,SK0095,4
PRJ4292,SK0076,3
PRJ1355,SK0293,4
PRJ1405,SK0180,3
PRJ2469,SK0047,4
PRJ3514,SK0198,2
PRJ0038,SK0252,3
PRJ3165,SK0223,2
PRJ3589,SK0067,3
PRJ2879,SK0300,4
PRJ0907,SK0034,2
PRJ1694,SK0099,2
PRJ2033,SK0169,3
PRJ1026,SK0273,4
PRJ2813,SK0001,2
PRJ1927,SK0010,2
PRJ2300,SK0105,3
PRJ2376,SK0046,3
PRJ2620,SK0192,4
PRJ2130,SK0035,4
PRJ1144,SK0174,3
PRJ3490,SK0041,3
PRJ1988,SK0271,2
PRJ0110,SK0239,3
PRJ4490,SK0018,4
PRJ3686,SK0048,2
PRJ3345,SK0055,3
PRJ4514,SK0242,3
PRJ1793,SK0008,3
PRJ3657,SK0027,4
PRJ1455,SK0085,4
PRJ1111,SK0047,2
PRJ2430,SK0262,2
PRJ3335,SK0216,2
PRJ0775,SK0219,3
PRJ1561,SK0208,3
PRJ3350,SK0008,3
PRJ0306,SK0092,4
PRJ3277,SK0252,2
PRJ1626,SK0184,3
PRJ1309,SK0074,4
PRJ2755,SK0183,4
PRJ1105,SK0009,3
PRJ4237,SK0044,4
PRJ0616,SK0262,4
PRJ3915,SK0053,2
PRJ1941,SK0205,2
PRJ1356,SK0101,4
PRJ4065,SK0274,4
PRJ3193,SK0106,2
PRJ2116,SK0255,4
PRJ0059,SK0231,3
PRJ1015,SK0156,2
PRJ1055,SK0229,3
PRJ3341,SK0205,3
PRJ1401,SK0204,3
PRJ3128,SK0150,4
PRJ4101,SK0207,3
PRJ0400,SK0162,4
PRJ0046,SK0284,3
PRJ3661,SK0169,4
PRJ3222,SK0109,2
PRJ3884,SK0234,3
PRJ2911,SK0215,4
PRJ2635,SK0260,2
PRJ1320,SK0147,3
PRJ1245,SK0028,3
PRJ4918,SK0021,4
PRJ2953,SK0066,4
PRJ3246,SK0256,3
PRJ4076,SK0228,2
PRJ0799,SK0256,2
PRJ3265,SK0254,3
PRJ3955,SK0133,3
PRJ0187,SK0101,4
PRJ2610,SK0002,4
PRJ3409,SK0132,4
PRJ3545,SK0040,3
PRJ0390,SK0109,4
PRJ2730,SK0269,3
PRJ1976,SK0128,2
PRJ3898,SK0260,4
PRJ2485,SK0182,2
PRJ4528,SK0106,2
PRJ1429,SK0183,4
PRJ3902,SK0174,3
PRJ4747,SK0072,4
PRJ0871,SK0201,3
PRJ3048,SK0138,2
PRJ3593,SK0130,3
PRJ4778,SK0278,4
PRJ2201,SK0186,3
PRJ2540,SK0092,3
PRJ1735,SK0193,3
PRJ0397,SK0072,3
PRJ0725,SK0271,2
PRJ4411,SK0255,2
PRJ1377,SK0136,3
PRJ3708,SK0154,3
PRJ3796,SK0272,3
PRJ0469,SK0086,2
PRJ1805,SK0256,3
PRJ4884,SK0136,4
PRJ3380,SK0217,2
PRJ4723,SK0163,2
PRJ2299,SK0055,3
PRJ3799,SK0081,3
PRJ3727,SK0096,4
PRJ4843,SK0074,3
PRJ4721,SK0040,2
PRJ3019,SK0115,2
PRJ1380,SK0227,2
PRJ4537,SK0018,2
PRJ0809,SK0252,3
PRJ3833,SK0086,2
PRJ0485,SK0132,2
PRJ4986,SK0185,3
PRJ1980,SK0111,4
PRJ2843,SK0206,3
PRJ2170,SK0116,3
PRJ0918,SK0290,3
PRJ1707,SK0199,3
PRJ3791,SK0267,4
PRJ1139,SK0139,2
PRJ3584,SK0233,2
PRJ4596,SK0017,2
PRJ3595,SK0299,2
PRJ4788,SK0131,4
PRJ1538,SK0292,2
PRJ3342,SK0259,3
PRJ3807,SK0250,4
PRJ3630,SK0287,3
PRJ1561,SK0239,2
PRJ0296,SK0268,4
PRJ0844,SK0144,4
PRJ0047,SK0172,2
PRJ0130,SK0146,3
PRJ4643,SK0208,4
PRJ4881,SK0181,2
PRJ2803,SK0152,3
PRJ3628,SK0019,2
PRJ3386,SK0217,4
PRJ4766,SK0098,2
PRJ0717,SK0114,3
PRJ2730,SK0011,2
PRJ3612,SK0008,4
PRJ2165,SK0124,2
PRJ2027,SK0237,4
PRJ4040,SK0195,3
PRJ2642,SK0062,3
PRJ2957,SK0252,2
PRJ1329,SK0225,4
PRJ4267,SK0284,2
PRJ3393,SK0061,3
PRJ2959,SK0207,2
PRJ0548,SK0230,4
PRJ0947,SK0201,2
PRJ1421,SK0055,2
PRJ0147,SK0266,3
PRJ4402,SK0299,2
PRJ0512,SK0096,2
PRJ4774,SK0297,4
PRJ4305,SK0053,2
PRJ1614,SK0168,3
PRJ4045,SK0034,2
PRJ4039,SK0114,3
PRJ0784,SK0240,2
PRJ1870,SK0300,3
PRJ2761,SK0231,4
PRJ4298,SK0127,4
PRJ4134,SK0086,2
PRJ4066,SK0161,4
PRJ1511,SK0075,2
PRJ1610,SK0281,2
PRJ4540,SK0217,4
PRJ0011,SK0144,3
PRJ1163,SK0169,2
PRJ0032,SK0065,2
PRJ4815,SK0283,3
PRJ4658,SK0097,4
PRJ1539,SK0181,3
PRJ0665,SK0059,4
PRJ0936,SK0287,2
PRJ1641,SK0255,4
PRJ4385,SK0258,3
PRJ3641,SK0285,3
PRJ2409,SK0168,2
PRJ3427,SK0292,2
PRJ2372,SK0019,3
PRJ3826,SK0161,3
PRJ1833,SK0026,4
PRJ3490,SK0156,4
PRJ4354,SK0051,2
PRJ1236,SK0052,2
PRJ2138,SK0248,2
PRJ2913,SK0002,3
PRJ4457,SK0108,2
PRJ2711,SK0146,2
PRJ2012,SK0016,3
PRJ1737,SK0215,2
PRJ2582,SK0084,3
PRJ4673,SK0073,2
PRJ1664,SK0245,3
PRJ4051,SK0236,3
PRJ2717,SK0031,4
PRJ0714,SK0144,3
PRJ4806,SK0058,4
PRJ3180,SK0236,4
PRJ3390,SK0245,4
PRJ2442,SK0110,4
PRJ0203,SK0018,2
PRJ1211,SK0253,2
PRJ2634,SK0030,4
PRJ4274,SK0220,2
PRJ1116,SK0278,2
PRJ4748,SK0030,3
PRJ2650,SK0215,3
PRJ2743,SK0146,2
PRJ0044,SK0154,3
PRJ0311,SK0059,4
PRJ2715,SK0292,4
PRJ4727,SK0288,3
PRJ1031,SK0015,3
PRJ1210,SK0145,3
PRJ1374,SK0023,3
PRJ4139,SK0116,2
PRJ3763,SK0047,4
PRJ0717,SK0295,2
PRJ0300,SK0240,2
PRJ2865,SK0212,4
PRJ3380,SK0003,3
PRJ2356,SK0119,3
PRJ2312,SK0265,4
PRJ2007,SK0202,2
PRJ4352,SK0012,3
PRJ3588,SK0186,4
PRJ1021,SK0127,4
PRJ1011,SK0212,3
PRJ4145,SK0206,2
PRJ4311,SK0221,2
PRJ0169,SK0107,2
PRJ3114,SK0060,4
PRJ2946,SK0287,4
PRJ2007,SK0027,4
PRJ1781,SK0034,4
PRJ4463,SK0175,3
PRJ4066,SK0133,3
PRJ0839,SK0296,4
PRJ4984,SK0124,2
PRJ0774,SK0132,2
PRJ1667,SK0092,3
PRJ1314,SK0053,4
PRJ3727,SK0228,4
PRJ0436,SK0019,2
PRJ2739,SK0250,3
PRJ2972,SK0036,3
PRJ1986,SK0016,4
PRJ0384,SK0129,3
PRJ4781,SK0106,2
PRJ3358,SK0112,2
PRJ1100,SK0059,2
PRJ0209,SK0093,2
PRJ1402,SK0029,3
PRJ2177,SK0131,4
PRJ2801,SK0004,3
PRJ3426,SK0244,2
PRJ0879,SK0206,2
PRJ2067,SK0049,3
PRJ4593,SK0051,3
PRJ2212,SK0063,2
PRJ0520,SK0038,2
PRJ1402,SK0047,2
PRJ0109,SK0036,2
PRJ2520,SK0204,3
PRJ1176,SK0244,2
PRJ4715,SK0039,3
PRJ2611,SK0051,4
PRJ2791,SK0222,4
PRJ0876,SK0293,3
PRJ4777,SK0137,2
PRJ2659,SK0066,2
PRJ0499,SK0144,4
PRJ1712,SK0191,4
PRJ0104,SK0080,4
PRJ4367,SK0283,2
PRJ2284,SK0261,4
PRJ3586,SK0275,2
PRJ3952,SK0024,3
PRJ0026,SK0106,4
PRJ4255,SK0015,2
PRJ2360,SK0272,2
PRJ3510,SK0036,3
PRJ1265,SK0210,2
PRJ1067,SK0037,3
PRJ2804,SK0140,2
PRJ4713,SK0100,2
PRJ4264,SK0275,3
PRJ0362,SK0169,4
PRJ4168,SK0116,3
PRJ4224,SK0248,4
PRJ2206,SK0180,4
PRJ3122,SK0159,3
PRJ0818,SK0028,3
PRJ4013,SK0129,3
PRJ0205,SK0197,3
PRJ0099,SK0147,3
PRJ1042,SK0033,3
PRJ3073,SK0106,4
PRJ0734,SK0196,4
PRJ3085,SK0133,4
PRJ3060,SK0128,2
PRJ3618,SK0015,4
PRJ2467,SK0036,3
PRJ0353,SK0281,3
PRJ1341,SK0131,2
PRJ4639,SK0257,3
PRJ4449,SK0087,3
PRJ1528,SK0137,3
PRJ3138,SK0247,4
PRJ1414,SK0204,3
PRJ0994,SK0039,2
PRJ4722,SK0079,3
PRJ0549,SK0183,3
PRJ2934,SK0154,3
PRJ2524,SK0012,3
PRJ4962,SK0125,2
PRJ3469,SK0174,2
PRJ3920,SK0060,3
PRJ4547,SK0183,2
PRJ2919,SK0271,3
PRJ1860,SK0153,2
PRJ3299,SK0050,2
PRJ1618,SK0002,4
PRJ3617,SK0038,2
PRJ0168,SK0243,3
PRJ3820,SK0086,3
PRJ3879,SK0216,3
PRJ2570,SK0016,4
PRJ3751,SK0064,4
PRJ0337,SK0289,4
PRJ1837,SK0279,3
PRJ4496,SK0077,2
PRJ2561,SK0279,2
PRJ1098,SK0033,4
PRJ1410,SK0089,3
PRJ4910,SK0120,4
PRJ0779,SK0074,2
PRJ0911,SK0196,2
PRJ4547,SK0063,2
PRJ4459,SK0054,4
PRJ2422,SK0209,4
PRJ0642,SK0059,4
PRJ1659,SK0170,2
PRJ2024,SK0046,3
PRJ2431,SK0029,3
PRJ0941,SK0106,3
PRJ4113,SK0251,3
PRJ0436,SK0030,3
PRJ3680,SK0067,2
PRJ0052,SK0112,4
PRJ3742,SK0051,3
PRJ1027,SK0065,4
PRJ4644,SK0107,3
PRJ3003,SK0015,3
PRJ3498,SK0006,3
PRJ0759,SK0168,4
PRJ0016,SK0075,4
PRJ1980,SK0069,4
PRJ2661,SK0166,4
PRJ2762,SK0203,3
PRJ0596,SK0248,4
PRJ3927,SK0233,3
PRJ4622,SK0014,4
PRJ1411,SK0012,2
PRJ2340,SK0222,3
PRJ1722,SK0125,3
PRJ3875,SK0276,2
PRJ4673,SK0272,2
PRJ1905,SK0178,3
PRJ2587,SK0186,3
PRJ3961,SK0077,2
PRJ4340,SK0079,4
PRJ0650,SK0097,3
PRJ4146,SK0201,3
PRJ4147,SK0074,3
PRJ3496,SK0200,2
PRJ1028,SK0244,3
PRJ0659,SK0012,4
PRJ3341,SK0102,2
PRJ0266,SK0013,2
PRJ2993,SK0116,2
PRJ3132,SK0251,2
PRJ2972,SK0190,4
PRJ2210,SK0231,4
PRJ0302,SK0211,3
PRJ1869,SK0166,2
PRJ2902,SK0102,4
PRJ4911,SK0024,4
PRJ2716,SK0086,4
PRJ2654,SK0026,2
PRJ4375,SK0132,4
PRJ2093,SK0219,4
PRJ0868,SK0039,4
PRJ3720,SK0283,3
PRJ1645,SK0285,4
PRJ3176,SK0161,2
PRJ3538,SK0032,4
PRJ2090,SK0052,4
PRJ3351,SK0089,3
PRJ4867,SK0173,4
PRJ4253,SK0195,2
PRJ2381,SK0068,2
PRJ4894,SK0288,3
PRJ0669,SK0033,3
PRJ4984,SK0167,3
PRJ0910,SK0160,2
PRJ1051,SK0238,3
PRJ4964,SK0106,4
PRJ3160,SK0078,3
PRJ1008,SK0078,4
PRJ1637,SK0196,2
PRJ0933,SK0093,2
PRJ1623,SK0178,3
PRJ4439,SK0058,3
PRJ2235,SK0091,4
PRJ3779,SK0134,3
PRJ4607,SK0165,2
PRJ2837,SK0231,4
PRJ3869,SK0181,4
PRJ0325,SK0250,2
PRJ0982,SK0077,3
PRJ0426,SK0093,4
PRJ4496,SK0107,2
PRJ1220,SK0110,3
PRJ0610,SK0037,4
PRJ0034,SK0216,3
PRJ2752,SK0269,4
PRJ3305,SK0234,4
PRJ3107,SK0139,4
PRJ3941,SK0195,3
PRJ4622,SK0199,4
PRJ1941,SK0113,2
PRJ2468,SK0284,2
PRJ4813,SK0155,4
PRJ4364,SK0174,4
PRJ2239,SK0188,4
PRJ4011,SK0122,2
PRJ0101,SK0133,4
PRJ3021,SK0186,2
PRJ2780,SK0211,3
PRJ1727,SK0191,4
PRJ3396,SK0120,4
PRJ1984,SK0214,3
PRJ3326,SK0102,4
PRJ1622,SK0290,4
PRJ4021,SK0082,3
PRJ1575,SK0202,2
PRJ4018,SK0143,3
PRJ3048,SK0273,3
PRJ4287,SK0054,4
PRJ0205,SK0272,4
PRJ1495,SK0136,2
PRJ3161,SK0266,4
PRJ3967,SK0249,4
PRJ4264,SK0067,3
PRJ2616,SK0075,4
PRJ4920,SK0103,2
PRJ3079,SK0229,2
PRJ1417,SK0083,2
PRJ0153,SK0048,3
PRJ4352,SK0229,4
PRJ3373,SK0046,4
PRJ2605,SK0256,4
PRJ4470,SK0210,4
PRJ4749,SK0269,4
PRJ4337,SK0269,4
PRJ2289,SK0052,2
PRJ2740,SK0159,2
PRJ1877,SK0016,3
PRJ1364,SK0007,2
PRJ3108,SK0288,2
PRJ4959,SK0082,4
PRJ0346,SK0271,2
PRJ0241,SK0033,2
PRJ0369,SK0042,2
PRJ1969,SK0154,4
PRJ3811,SK0184,3
PRJ4821,SK0018,2
PRJ3190,SK0005,4
PRJ3227,SK0023,3
PRJ0436,SK0245,2
PRJ2741,SK0026,2
PRJ2568,SK0235,2
PRJ1627,SK0188,4
PRJ2771,SK0153,3
PRJ1754,SK0043,3
PRJ0673,SK0016,2
PRJ1794,SK0190,3
PRJ3775,SK0045,2
PRJ0594,SK0090,3
PRJ3565,SK0135,4
PRJ1582,SK0242,2
PRJ3249,SK0215,2
PRJ3758,SK0127,2
PRJ3243,SK0157,3
PRJ4557,SK0093,3
PRJ1787,SK0064,3
PRJ0235,SK0086,3
PRJ4199,SK0182,4
PRJ0885,SK0172,4
PRJ1161,SK0221,2
PRJ0243,SK0170,4
PRJ3655,SK0235,4
PRJ3043,SK0297,2
PRJ4969,SK0094,4
PRJ2352,SK0050,4
PRJ0248,SK0087,3
PRJ4911,SK0195,4
PRJ0692,SK0290,3
PRJ0379,SK0104,4
PRJ4583,SK0051,3
PRJ2591,SK0220,3
PRJ0308,SK0211,2
PRJ3526,SK0300,2
PRJ1947,SK0017,2
PRJ2577,SK0042,4
PRJ0377,SK0299,2
PRJ4599,SK0251,3
PRJ3167,SK0041,4
PRJ2636,SK0120,4
PRJ2962,SK0083,4
PRJ2459,SK0164,2
PRJ2347,SK0012,3
PRJ1949,SK0118,2
PRJ0112,SK0119,4
PRJ2978,SK0201,4
PRJ2034,SK0289,2
PRJ1356,SK0174,2
PRJ4726,SK0245,2
PRJ1322,SK0218,3
PRJ0089,SK0244,2
PRJ0913,SK0203,3
PRJ0976,SK0140,4
PRJ1053,SK0188,4
PRJ3037,SK0205,4
PRJ4944,SK0109,3
PRJ0481,SK0159,2
PRJ2215,SK0155,2
PRJ1323,SK0158,4
PRJ4568,SK0237,2
PRJ4278,SK0288,2
PRJ0905,SK0228,2
PRJ2685,SK0262,3
PRJ3494,SK0050,2
PRJ3752,SK0173,3
PRJ1460,SK0111,2
PRJ0486,SK0119,4
PRJ1818,SK0224,3
PRJ0054,SK0231,4
PRJ3625,SK0202,3
PRJ2212,SK0001,4
PRJ1930,SK0235,2
PRJ4481,SK0295,3
PRJ3621,SK0264,3
PRJ2763,SK0008,3
PRJ4821,SK0266,2
PRJ1442,SK0070,4
PRJ3079,SK0017,4
PRJ2715,SK0292,4
PRJ2598,SK0197,4
PRJ0240,SK0140,4
PRJ3065,SK0097,2
PRJ2861,SK0035,3
PRJ1397,SK0257,2
PRJ1222,SK0197,3
PRJ0217,SK0124,3
PRJ1118,SK0002,3
PRJ1860,SK0269,4
PRJ0541,SK0097,3
PRJ3891,SK0294,2
PRJ0760,SK0210,3
PRJ4473,SK0199,4
PRJ1094,SK0175,2
PRJ3699,SK0196,2
PRJ3935,SK0279,4
PRJ0632,SK0053,2
PRJ3472,SK0157,2
PRJ0993,SK0092,2
PRJ0357,SK0294,4
PRJ2232,SK0092,4
PRJ4535,SK0022,4
PRJ0309,SK0246,3
PRJ1909,SK0057,3
PRJ4228,SK0153,2
PRJ0845,SK0173,3
PRJ4214,SK0280,4
PRJ0200,SK0015,2
PRJ1441,SK0036,4
PRJ0129,SK0181,2
PRJ2828,SK0198,4
PRJ2990,SK0254,2
PRJ4920,SK0178,4
PRJ1548,SK0197,3
PRJ3942,SK0155,2
PRJ0300,SK0057,4
PRJ1183,SK0159,2
PRJ2617,SK0114,4
PRJ2389,SK0020,2
PRJ1151,SK0107,3
PRJ0750,SK0168,3
PRJ3871,SK0193,4
PRJ2114,SK0225,4
PRJ3905,SK0223,2
PRJ3668,SK0130,3
PRJ0921,SK0241,3
PRJ3895,SK0203,4
PRJ0239,SK0143,2
PRJ4332,SK0088,3
PRJ4143,SK0261,2
PRJ0890,SK0221,4
PRJ1376,SK0066,2
PRJ1800,SK0286,2
PRJ3802,SK0099,4
PRJ2345,SK0160,4
PRJ4111,SK0183,3
PRJ4095,SK0094,4
PRJ0351,SK0161,3
PRJ0461,SK0057,2
PRJ4174,SK0283,4
PRJ4536,SK0179,3
PRJ0584,SK0149,3
PRJ4322,SK0066,3
PRJ2503,SK0059,4
PRJ0281,SK0092,2
PRJ1341,SK0183,4
PRJ2408,SK0138,4
PRJ1974,SK0062,3
PRJ2992,SK0148,4
PRJ1223,SK0213,3
PRJ3912,SK0182,3
PRJ4878,SK0145,2
PRJ4475,SK0150,4
PRJ1225,SK0279,2
PRJ0382,SK0022,2
PRJ2147,SK0094,4
PRJ4029,SK0046,3
PRJ4191,SK0098,2
PRJ1081,SK0229,2
PRJ2892,SK0161,3
PRJ1811,SK0133,2
PRJ0064,SK0252,2
PRJ3844,SK0230,2
PRJ1500,SK0073,3
PRJ3871,SK0150,4
PRJ1277,SK0233,2
PRJ1900,SK0107,2
PRJ0766,SK0081,2
PRJ1411,SK0059,4
PRJ3820,SK0173,2
PRJ1615,SK0048,2
PRJ1613,SK0052,4
PRJ3449,SK0142,2
PRJ3234,SK0129,4
PRJ3151,SK0068,2
PRJ3257,SK0256,2
PRJ4396,SK0138,4
PRJ4698,SK0282,4
PRJ4092,SK0023,3
PRJ2887,SK0050,2
PRJ3785,SK0217,2
PRJ3642,SK0187,3
PRJ0506,SK0040,3
PRJ2509,SK0224,2
PRJ0871,SK0233,3
PRJ4208,SK0001,3
PRJ0274,SK0011,3
PRJ4700,SK0056,4
PRJ3957,SK0191,3
PRJ3004,SK0001,2
PRJ0829,SK0015,2
PRJ3611,SK0037,2
PRJ4367,SK0052,3
PRJ4527,SK0231,3
PRJ3885,SK0064,3
PRJ1806,SK0300,2
PRJ3377,SK0085,4
PRJ1554,SK0064,3
PRJ3415,SK0181,3
PRJ0449,SK0232,2
PRJ3142,SK0295,2
PRJ4086,SK0102,3
PRJ1838,SK0282,2
PRJ2451,SK0183,4
PRJ1738,SK0168,3
PRJ3615,SK0232,3
PRJ2410,SK0120,4
PRJ3429,SK0007,4
PRJ3772,SK0043,4
PRJ1747,SK0042,4
PRJ2380,SK0077,3
PRJ1960,SK0244,4
PRJ2308,SK0233,2
PRJ2245,SK0057,4
PRJ1246,SK0151,2
PRJ2529,SK0216,2
PRJ4974,SK0246,2
PRJ2660,SK0213,3
PRJ3745,SK0091,4
PRJ4184,SK0088,4
PRJ1874,SK0031,3
PRJ2891,SK0228,3
PRJ1711,SK0239,2
PRJ3780,SK0102,2
PRJ2125,SK0069,4
PRJ3590,SK0062,2
PRJ2049,SK0126,3
PRJ2023,SK0217,3
PRJ4885,SK0264,4
PRJ4785,SK0300,3
PRJ1642,SK0249,4
PRJ1257,SK0213,3
PRJ3493,SK0007,3
PRJ0118,SK0170,4
PRJ0001,SK0035,2
PRJ0608,SK0039,2
PRJ2630,SK0011,4
PRJ1953,SK0124,3
PRJ0023,SK0083,3
PRJ2697,SK0041,3
PRJ4357,SK0066,3
PRJ0469,SK0082,3
PRJ0244,SK0249,4
PRJ2707,SK0276,2
PRJ3704,SK0290,4
PRJ4182,SK0192,3
PRJ0730,SK0103,4
PRJ2064,SK0024,3
PRJ4790,SK0153,4
PRJ2949,SK0046,3
PRJ3151,SK0148,2
PRJ3075,SK0121,3
PRJ1008,SK0270,4
PRJ3153,SK0109,4
PRJ2414,SK0215,3
PRJ4467,SK0165,4
PRJ3791,SK0143,3
PRJ4948,SK0261,3
PRJ1482,SK0166,4
PRJ3675,SK0025,2
PRJ4196,SK0266,2
PRJ3769,SK0118,2
PRJ1566,SK0244,2
PRJ1280,SK0065,3
PRJ1452,SK0285,2
PRJ1672,SK0171,4
PRJ3193,SK0241,4
PRJ4813,SK0232,4
PRJ3145,SK0136,3
PRJ2098,SK0164,2
PRJ0035,SK0027,4
PRJ2521,SK0079,2
PRJ2333,SK0212,2
PRJ3687,SK0078,2
PRJ4346,SK0182,4
PRJ0900,SK0040,4
PRJ3898,SK0143,2
PRJ2905,SK0164,4
PRJ2244,SK0235,2
PRJ4954,SK0256,4
PRJ3653,SK0028,3
PRJ1477,SK0007,2
PRJ0985,SK0204,4
PRJ4012,SK0161,2
PRJ4996,SK0226,4
PRJ3158,SK0288,2
PRJ2622,SK0012,2
PRJ0129,SK0246,4
PRJ3044,SK0181,4
PRJ1501,SK0266,4
PRJ1238,SK0013,2
PRJ1789,SK0107,3
PRJ1558,SK0146,3
PRJ3144,SK0157,4
PRJ4706,SK0030,3
PRJ1976,SK0157,3
PRJ2096,SK0006,4
PRJ1532,SK0064,4
PRJ4878,SK0007,4
PRJ1169,SK0187,2
PRJ1009,SK0074,4
PRJ2490,SK0047,2
PRJ3218,SK0155,4
PRJ3123,SK0186,2
PRJ2336,SK0283,4
PRJ0178,SK0233,2
PRJ2516,SK0022,2
PRJ0999,SK0142,4
PRJ4506,SK0072,4
PRJ0805,SK0213,2
PRJ1693,SK0234,4
PRJ4105,SK0040,2
PRJ0901,SK0245,3
PRJ2237,SK0123,4
PRJ0478,SK0205,3
PRJ2228,SK0299,3
PRJ2858,SK0209,3
PRJ2501,SK0177,3
PRJ2022,SK0188,2
PRJ3624,SK0190,3
PRJ4586,SK0140,2
PRJ0408,SK0170,2
PRJ0445,SK0223,3
PRJ3405,SK0136,2
PRJ0991,SK0232,3
PRJ1333,SK0158,4
PRJ4176,SK0006,3
PRJ4140,SK0254,4
PRJ4974,SK0225,3
PRJ3463,SK0193,2
PRJ3970,SK0034,2
PRJ2821,SK0173,2
PRJ2833,SK0269,2
PRJ2364,SK0040,4
PRJ3636,SK0180,2
PRJ2746,SK0223,3
PRJ3579,SK0126,2
PRJ3455,SK0157,3
PRJ1413,SK0032,4
PRJ1603,SK0269,4
PRJ3683,SK0149,4
PRJ3284,SK0275,2
PRJ0519,SK0069,3
PRJ1459,SK0183,3
PRJ4594,SK0288,2
PRJ3200,SK0045,4
PRJ1302,SK0081,3
PRJ3883,SK0085,2
PRJ4767,SK0027,3
PRJ1959,SK0213,3
PRJ1007,SK0022,3
PRJ2359,SK0278,3
PRJ4860,SK0117,2
PRJ0728,SK0107,4
PRJ3321,SK0182,4
PRJ3529,SK0248,2
PRJ3665,SK0079,4
PRJ3931,SK0124,3
PRJ0956,SK0126,2
PRJ0858,SK0268,3
PRJ2198,SK0272,2
PRJ1923,SK0001,2
PRJ0301,SK0215,4
PRJ0882,SK0042,2
PRJ4309,SK0155,4
PRJ3093,SK0215,2
PRJ3942,SK0262,3
PRJ3813,SK0241,3
PRJ0703,SK0043,4
PRJ0282,SK0278,2
PRJ3194,SK0126,2
PRJ4655,SK0106,2
PRJ3794,SK0245,3
PRJ2196,SK0177,3
PRJ0935,SK0252,4
PRJ0919,SK0116,2
PRJ0265,SK0102,4
PRJ3829,SK0005,3
PRJ3801,SK0046,2
PRJ3326,SK0050,3
PRJ0780,SK0180,2
PRJ3478,SK0300,4
PRJ2586,SK0227,4
PRJ1227,SK0235,4
PRJ1448,SK0063,2
PRJ3774,SK0022,2
PRJ0747,SK0003,2
PRJ3403,SK0173,2
PRJ2807,SK0014,2
PRJ4685,SK0040,4
PRJ1076,SK0246,2
PRJ1437,SK0197,3
PRJ0223,SK0185,4
PRJ2764,SK0132,2
PRJ2577,SK0004,3
PRJ0639,SK0034,2
PRJ4160,SK0147,3
PRJ3331,SK0267,4
PRJ2197,SK0170,3
PRJ3197,SK0203,3
PRJ2402,SK0017,2
PRJ1237,SK0086,4
PRJ4362,SK0031,3
PRJ0438,SK0029,2
PRJ3994,SK0262,3
PRJ4692,SK0071,2
PRJ0379,SK0091,4
PRJ4125,SK0227,2
PRJ1778,SK0074,4
PRJ3583,SK0086,2
PRJ3051,SK0128,4
PRJ0131,SK0206,2
PRJ1973,SK0102,4
PRJ1713,SK0249,4
PRJ1831,SK0015,2
PRJ4081,SK0062,2
PRJ4243,SK0026,3
PRJ3653,SK0144,2
PRJ3922,SK0149,4
PRJ4562,SK0178,4
PRJ3827,SK0192,2
PRJ0872,SK0143,3
PRJ3194,SK0270,4
PRJ4368,SK0219,2
PRJ1246,SK0260,3
PRJ1196,SK0004,4
PRJ0841,SK0222,3
PRJ0327,SK0030,4
PRJ1372,SK0291,3
PRJ4083,SK0220,3
PRJ2668,SK0199,2
PRJ0311,SK0050,2
PRJ4780,SK0022,4
PRJ4993,SK0049,4
PRJ2169,SK0140,2
PRJ4976,SK0025,2
PRJ3100,SK0101,4
PRJ2365,SK0073,2
PRJ3848,SK0268,4
PRJ1737,SK0164,2
PRJ3471,SK0143,2
PRJ0055,SK0188,2
PRJ0791,SK0087,4
PRJ3554,SK0076,4
PRJ3649,SK0151,3
PRJ4239,SK0031,2
PRJ1629,SK0226,2
PRJ4278,SK0228,3
PRJ0434,SK0162,2
PRJ4639,SK0204,3
PRJ2223,SK0233,3
PRJ0469,SK0089,4
PRJ4148,SK0261,3
PRJ1886,SK0122,4
PRJ4500,SK0063,3
PRJ3447,SK0179,3
PRJ4939,SK0181,3
PRJ0573,SK0018,4
PRJ0210,SK0081,4
PRJ1057,SK0256,2
PRJ3787,SK0237,2
PRJ3172,SK0075,3
PRJ2361,SK0263,3
PRJ2911,SK0036,3
PRJ0819,SK0068,4
PRJ4044,SK0184,4
PRJ0599,SK0073,2
PRJ1081,SK0265,3
PRJ4535,SK0076,3
PRJ2494,SK0064,3
PRJ0717,SK0156,2
PRJ0904,SK0037,4
PRJ0778,SK0064,4
PRJ4658,SK0017,4
PRJ3033,SK0091,4
PRJ0545,SK0201,4
PRJ2912,SK0100,2
PRJ1379,SK0152,2
PRJ4721,SK0087,3
PRJ3199,SK0115,2
PRJ1137,SK0193,3
PRJ1969,SK0057,4
PRJ0427,SK0056,3
PRJ0464,SK0117,4
PRJ2286,SK0030,4
PRJ4987,SK0015,3
PRJ3283,SK0296,2
PRJ2507,SK0035,4
PRJ2576,SK0201,3
PRJ1330,SK0215,3
PRJ3259,SK0075,3
PRJ2363,SK0200,3
PRJ0001,SK0156,2
PRJ0398,SK0019,4
PRJ2508,SK0293,2
PRJ0482,SK0134,3
PRJ1837,SK0079,2
PRJ0100,SK0217,4
PRJ3358,SK0146,3
PRJ2295,SK0018,3
PRJ3585,SK0208,3
PRJ1323,SK0264,3
PRJ3415,SK0229,4
PRJ1404,SK0246,3
PRJ4138,SK0248,3
PRJ3822,SK0160,4
PRJ2950,SK0253,4
PRJ2651,SK0283,2
PRJ1428,SK0167,3
PRJ2548,SK0179,4
PRJ3442,SK0262,3
PRJ0470,SK0211,2
PRJ1848,SK0034,4
PRJ4663,SK0180,2
PRJ1625,SK0144,3
PRJ3543,SK0146,4
PRJ1253,SK0285,4
PRJ1716,SK0222,3
PRJ3757,SK0270,3
PRJ4742,SK0174,2
PRJ1731,SK0063,3
PRJ3941,SK0085,2
PRJ4385,SK0122,4
PRJ4363,SK0058,2
PRJ0212,SK0094,4
PRJ3340,SK0279,2
PRJ2271,SK0008,2
PRJ1869,SK0063,2
PRJ4099,SK0198,3
PRJ0533,SK0101,4
PRJ0220,SK0154,4
PRJ1634,SK0206,4
PRJ1218,SK0092,3
PRJ0431,SK0138,3
PRJ2304,SK0107,3
PRJ1877,SK0174,2
PRJ3673,SK0248,3
PRJ3059,SK0013,2
PRJ3456,SK0008,2
PRJ4544,SK0057,2
PRJ3621,SK0132,3
PRJ0555,SK0172,3
PRJ4168,SK0022,2
PRJ3452,SK0236,3
PRJ0618,SK0222,4
PRJ3294,SK0033,3
PRJ2787,SK0023,3
PRJ0087,SK0216,3
PRJ0504,SK0032,4
PRJ4224,SK0126,3
PRJ0431,SK0006,3
PRJ1006,SK0218,4
PRJ1852,SK0218,2
PRJ2851,SK0028,3
PRJ4221,SK0104,2
PRJ0329,SK0076,3
PRJ3028,SK0130,3
PRJ2246,SK0008,3
PRJ3787,SK0151,3
PRJ1116,SK0075,2
PRJ4490,SK0100,3
PRJ0271,SK0010,2
PRJ3806,SK0279,3
PRJ1978,SK0106,3
PRJ3031,SK0300,2
PRJ4632,SK0066,3
PRJ1232,SK0082,3
PRJ4877,SK0248,2
PRJ3393,SK0041,4
PRJ0646,SK0037,2
PRJ3555,SK0136,3
PRJ0044,SK0123,4
PRJ2716,SK0090,2
PRJ4460,SK0253,3
PRJ4948,SK0017,4
PRJ3398,SK0274,3
PRJ2776,SK0166,2
PRJ0517,SK0034,4
PRJ2528,SK0078,3
PRJ1982,SK0099,4
PRJ2858,SK0205,3
PRJ1523,SK0156,3
PRJ3922,SK0193,4
PRJ2580,SK0126,3
PRJ4023,SK0005,4
PRJ2143,SK0128,3
PRJ1798,SK0266,4
PRJ3947,SK0237,4
PRJ3031,SK0261,2
PRJ0231,SK0299,2
PRJ4390,SK0122,3
PRJ4124,SK0017,4
PRJ3732,SK0245,3
PRJ3093,SK0092,2
PRJ1071,SK0206,4
PRJ0807,SK0003,4
PRJ0169,SK0032,2
PRJ3418,SK0111,4
PRJ0018,SK0058,3
PRJ2026,SK0151,3
PRJ2251,SK0247,4
PRJ3085,SK0281,2
PRJ1592,SK0175,2
PRJ2731,SK0034,4
PRJ0071,SK0257,4
PRJ4673,SK0158,4
PRJ0361,SK0087,2
PRJ3601,SK0244,3
PRJ3988,SK0165,4
PRJ2089,SK0260,3
PRJ0783,SK0210,2
PRJ2554,SK0004,4
PRJ3364,SK0163,2
PRJ4312,SK0159,2
PRJ2800,SK0205,2
PRJ0741,SK0197,2
PRJ1600,SK0001,2
PRJ0281,SK0018,2
PRJ0281,SK0195,3
PRJ0514,SK0259,3
PRJ4315,SK0170,3
PRJ1931,SK0299,3
PRJ2884,SK0014,3
PRJ0293,SK0273,3
PRJ2865,SK0142,3
PRJ1805,SK0121,2
PRJ1788,SK0218,2
PRJ4308,SK0175,4
PRJ0392,SK0293,3
PRJ2102,SK0030,2
PRJ0631,SK0254,4
PRJ3099,SK0238,3
PRJ0366,SK0289,4
PRJ2657,SK0094,4
PRJ3452,SK0202,2
PRJ3490,SK0019,2
PRJ3408,SK0198,3
PRJ2460,SK0299,3
PRJ0905,SK0099,3
PRJ4100,SK0012,2
PRJ2833,SK0098,2
PRJ4525,SK0008,3
PRJ1284,SK0172,4
PRJ1583,SK0070,2
PRJ0092,SK0078,4
PRJ4519,SK0051,3
PRJ2547,SK0160,2
PRJ4717,SK0115,3
PRJ1339,SK0273,2
PRJ4788,SK0126,2
PRJ4513,SK0044,2
PRJ1001,SK0201,2
PRJ3274,SK0281,2
PRJ0505,SK0141,3
PRJ1147,SK0041,4
PRJ0115,SK0203,4
PRJ0561,SK0154,4
PRJ4495,SK0228,4
PRJ2413,SK0292,2
PRJ4870,SK0176,3
PRJ4624,SK0011,3
PRJ1321,SK0297,4
PRJ4592,SK0058,4
PRJ1599,SK0134,2
PRJ1921,SK0296,4
PRJ4122,SK0287,4
PRJ0046,SK0098,4
PRJ3202,SK0264,3
PRJ0817,SK0079,3
PRJ0667,SK0078,3
PRJ2596,SK0082,3
PRJ2152,SK0171,4
PRJ2972,SK0289,3
PRJ3290,SK0009,2
PRJ0866,SK0211,2
PRJ0942,SK0295,4
PRJ1108,SK0203,3
PRJ2483,SK0215,4
PRJ0981,SK0094,3
PRJ3607,SK0041,2
PRJ3602,SK0190,4
PRJ3370,SK0252,2
PRJ3659,SK0200,2
PRJ1436,SK0265,3
PRJ1023,SK0184,4
PRJ0672,SK0002,4
PRJ3530,SK0097,4
PRJ4900,SK0200,4
PRJ1059,SK0090,3
PRJ0429,SK0042,2
PRJ0680,SK0192,2
PRJ0409,SK0076,4
PRJ0558,SK0289,4
PRJ4284,SK0200,3
PRJ2010,SK0269,2
PRJ0251,SK0260,4
PRJ4127,SK0271,3
PRJ4689,SK0091,3
PRJ1361,SK0207,4
PRJ2319,SK0204,4
PRJ3057,SK0061,2
PRJ1326,SK0280,2
PRJ3208,SK0178,3
PRJ3288,SK0042,3
PRJ1358,SK0136,2
PRJ4190,SK0184,3
PRJ3827,SK0250,2
PRJ4657,SK0230,3
PRJ3474,SK0162,4
PRJ0277,SK0259,3
PRJ1739,SK0253,4
PRJ1538,SK0042,4
PRJ2510,SK0020,3
PRJ1637,SK0074,2
PRJ0104,SK0234,3
PRJ4331,SK0145,2
PRJ3745,SK0095,2
PRJ0043,SK0281,4
PRJ1273,SK0087,3
PRJ1564,SK0242,3
PRJ4864,SK0186,3
PRJ0960,SK0029,3
PRJ1591,SK0208,3
PRJ4064,SK0296,3
PRJ1734,SK0003,3
PRJ1703,SK0236,4
PRJ3138,SK0149,4
PRJ3243,SK0108,4
PRJ4916,SK0140,3
PRJ2582,SK0015,3
PRJ4030,SK0164,2
PRJ4421,SK0183,3
PRJ3662,SK0154,2
PRJ4534,SK0262,2
PRJ1610,SK0091,4
PRJ3282,SK0008,4
PRJ3217,SK0057,3
PRJ2297,SK0240,2
PRJ3307,SK0181,2
PRJ0307,SK0092,4
PRJ1588,SK0272,2
PRJ4478,SK0190,4
PRJ1909,SK0201,3
PRJ3151,SK0146,2
PRJ4549,SK0145,2
PRJ2776,SK0067,4
PRJ2490,SK0245,4
PRJ3471,SK0029,4
PRJ2369,SK0232,3
PRJ3283,SK0223,4
PRJ4237,SK0018,2
PRJ1682,SK0231,3
PRJ2847,SK0144,3
PRJ3849,SK0142,4
PRJ3856,SK0116,2
PRJ2777,SK0192,3
PRJ4211,SK0206,2
PRJ2959,SK0240,4
PRJ2836,SK0212,3
PRJ3591,SK0084,2
PRJ4728,SK0172,3
PRJ1228,SK0157,3
PRJ2550,SK0074,4
PRJ2978,SK0086,2
PRJ3074,SK0281,3
PRJ2289,SK0278,2
PRJ2164,SK0257,3
PRJ4805,SK0107,4
PRJ4126,SK0049,2
PRJ0452,SK0058,2
PRJ4746,SK0191,3
PRJ4248,SK0062,4
PRJ3812,SK0262,4
PRJ3292,SK0154,3
PRJ2536,SK0254,3
PRJ1294,SK0293,3
PRJ1306,SK0285,3
PRJ1390,SK0157,2
PRJ3684,SK0005,2
PRJ2437,SK0233,3
PRJ1049,SK0201,3
PRJ3818,SK0091,4
PRJ3251,SK0214,3
PRJ0425,SK0257,3
PRJ3847,SK0249,2
PRJ1678,SK0018,4
PRJ4242,SK0292,2
PRJ3901,SK0132,2
PRJ0814,SK0134,4
PRJ3233,SK0226,2
PRJ4379,SK0233,2
PRJ4153,SK0249,3
PRJ0415,SK0285,4
PRJ2888,SK0248,3
PRJ0419,SK0243,4
PRJ0130,SK0114,3
PRJ4882,SK0100,4
PRJ0048,SK0082,4
PRJ3138,SK0262,4
PRJ4843,SK0051,3
PRJ2324,SK0266,4
PRJ2615,SK0190,4
PRJ1478,SK0298,3
PRJ4703,SK0018,2
PRJ1567,SK0024,4
PRJ3071,SK0014,3
PRJ1724,SK0259,4
PRJ0544,SK0116,2
PRJ2540,SK0240,4
PRJ3044,SK0289,3
PRJ0222,SK0009,4
PRJ3900,SK0277,2
PRJ0962,SK0104,4
PRJ3231,SK0134,4
PRJ2828,SK0133,2
PRJ4911,SK0064,2
PRJ0020,SK0102,2
PRJ4784,SK0223,2
PRJ2669,SK0217,2
PRJ2411,SK0267,3
PRJ4101,SK0212,3
PRJ3119,SK0298,2
PRJ0947,SK0279,3
PRJ0751,SK0081,4
PRJ4268,SK0105,4
PRJ4422,SK0059,2
PRJ3961,SK0192,4
PRJ1917,SK0208,3
PRJ1667,SK0066,4
PRJ2680,SK0146,4
PRJ3159,SK0247,3
PRJ4979,SK0245,3
PRJ3058,SK0216,4
PRJ1153,SK0250,4
PRJ2268,SK0103,2
PRJ3855,SK0235,3
PRJ2004,SK0223,4
PRJ0183,SK0109,3
PRJ4003,SK0031,2
PRJ4254,SK0145,4
PRJ2948,SK0028,4
PRJ1656,SK0023,3
PRJ4109,SK0138,3
PRJ0792,SK0218,4
PRJ3394,SK0063,4
PRJ3476,SK0249,2
PRJ3559,SK0050,3
PRJ4961,SK0030,2
PRJ3270,SK0216,3
PRJ0355,SK0027,4
PRJ4324,SK0264,4
PRJ2472,SK0247,2
PRJ1367,SK0244,2
PRJ3562,SK0045,4
PRJ0974,SK0003,4
PRJ4744,SK0158,4
PRJ3269,SK0286,3
PRJ3283,SK0070,2
PRJ1064,SK0032,3
PRJ4531,SK0092,3
PRJ4835,SK0098,3
PRJ2882,SK0270,4
PRJ3755,SK0195,2
PRJ0084,SK0191,3
PRJ1605,SK0169,2
PRJ3726,SK0209,3
PRJ4451,SK0103,4
PRJ1119,SK0136,3
PRJ0460,SK0131,3
PRJ0007,SK0209,2
PRJ3271,SK0287,2
PRJ2829,SK0286,3
PRJ2312,SK0024,2
PRJ1859,SK0270,4
PRJ3778,SK0199,4
PRJ2762,SK0080,2
PRJ1921,SK0142,4
PRJ4817,SK0250,3
PRJ2830,SK0279,4
PRJ3718,SK0046,2
PRJ1951,SK0104,4
PRJ3946,SK0163,4
PRJ2886,SK0045,2
PRJ3385,SK0240,4
PRJ3165,SK0263,3
PRJ1765,SK0150,3
PRJ4957,SK0263,4
PRJ1191,SK0209,2
PRJ3242,SK0221,2
PRJ4707,SK0094,2
PRJ3376,SK0059,4
PRJ2944,SK0243,4
PRJ1361,SK0075,3
PRJ0372,SK0041,2
PRJ4966,SK0251,4
PRJ0281,SK0127,3
PRJ1850,SK0001,4
PRJ4386,SK0150,2
PRJ0124,SK0269,4
PRJ0959,SK0046,4
PRJ2685,SK0183,3
PRJ4482,SK0153,2
PRJ2224,SK0144,4
PRJ2868,SK0036,4
PRJ0115,SK0139,2
PRJ3571,SK0206,3
PRJ1783,SK0128,4
PRJ4100,SK0017,2
PRJ4316,SK0054,2
PRJ4731,SK0247,2
PRJ0762,SK0122,2
PRJ4359,SK0196,2
PRJ0393,SK0223,2
PRJ1452,SK0036,2
PRJ3320,SK0164,3
PRJ0133,SK0003,3
PRJ1372,SK0298,2
PRJ0258,SK0179,2
PRJ1053,SK0217,2
PRJ2564,SK0233,3
PRJ0792,SK0175,2
PRJ3672,SK0203,3
PRJ0383,SK0050,4
PRJ1468,SK0189,4
PRJ2775,SK0068,3
PRJ2980,SK0106,2
PRJ3258,SK0226,2
PRJ4513,SK0169,3
PRJ1158,SK0252,4
PRJ1331,SK0126,2
PRJ0304,SK0134,3
PRJ4567,SK0136,2
PRJ0310,SK0177,2
PRJ3339,SK0203,3
PRJ1904,SK0156,3
PRJ0690,SK0070,2
PRJ3330,SK0069,2
PRJ0159,SK0123,4
PRJ0725,SK0057,3
PRJ1498,SK0144,4
PRJ2730,SK0222,4
PRJ2273,SK0079,4
PRJ3057,SK0014,2
PRJ2801,SK0217,4
PRJ4311,SK0195,3
PRJ1294,SK0113,4
PRJ1826,SK0197,3
PRJ2553,SK0289,4
PRJ2977,SK0226,3
PRJ4997,SK0065,4
PRJ2108,SK0288,4
PRJ1123,SK0008,2
PRJ2576,SK0108,3
PRJ4031,SK0115,3
PRJ0587,SK0109,2
PRJ2711,SK0074,4
PRJ2353,SK0260,3
PRJ2250,SK0248,3
PRJ3627,SK0033,4
PRJ4285,SK0173,3
PRJ4083,SK0141,2
PRJ0812,SK0300,2
PRJ2787,SK0232,4
PRJ3969,SK0195,2
PRJ1952,SK0009,4
PRJ3625,SK0102,2
PRJ1208,SK0214,4
PRJ3525,SK0209,3
PRJ2524,SK0290,4
PRJ1517,SK0066,2
PRJ0307,SK0047,2
PRJ1390,SK0118,2
PRJ3001,SK0043,3
PRJ4797,SK0209,3
PRJ4406,SK0078,4
PRJ2273,SK0110,2
PRJ1054,SK0065,3
PRJ0002,SK0136,3
PRJ4341,SK0289,4
PRJ4280,SK0171,4
PRJ0800,SK0208,2
PRJ2744,SK0283,3
PRJ2373,SK0254,2
PRJ1255,SK0137,3
PRJ0061,SK0023,2
PRJ1934,SK0063,4
PRJ3456,SK0058,4
PRJ0066,SK0203,4
PRJ2197,SK0075,2
PRJ1586,SK0237,3
PRJ1072,SK0298,4
PRJ2054,SK0204,2
PRJ0944,SK0094,4
PRJ4028,SK0294,3
PRJ0096,SK0238,3
PRJ2167,SK0123,2
PRJ2967,SK0228,3
PRJ3832,SK0169,3
PRJ1594,SK0115,3
PRJ0057,SK0100,2
PRJ2888,SK0230,2
PRJ3772,SK0038,4
PRJ1020,SK0217,4
PRJ1292,SK0240,3
PRJ1005,SK0133,3
PRJ2665,SK0230,3
PRJ2344,SK0023,2
PRJ3427,SK0153,3
PRJ1203,SK0278,2
PRJ3082,SK0128,2
PRJ0925,SK0009,4
PRJ2282,SK0249,4
PRJ3545,SK0247,3
PRJ3810,SK0239,4
PRJ1671,SK0222,3
PRJ3147,SK0020,3
PRJ3505,SK0190,2
PRJ2974,SK0191,3
PRJ0550,SK0123,2
PRJ2523,SK0144,4
PRJ1995,SK0053,2
PRJ1724,SK0032,2
PRJ1410,SK0221,4
PRJ2068,SK0151,2
PRJ0501,SK0165,4
PRJ2593,SK0201,2
PRJ4315,SK0003,3
PRJ3432,SK0296,2
PRJ1198,SK0246,3
PRJ2566,SK0067,2
PRJ4718,SK0269,4
PRJ4355,SK0120,4
PRJ1037,SK0191,3
PRJ2423,SK0278,4
PRJ3117,SK0018,2
PRJ1732,SK0255,4
PRJ4774,SK0057,2
PRJ0055,SK0018,3
PRJ2837,SK0144,3
PRJ3731,SK0008,4
PRJ4879,SK0145,3
PRJ0945,SK0195,2
PRJ4145,SK0246,3
PRJ1153,SK0181,4
PRJ0159,SK0121,2
PRJ3669,SK0195,3
PRJ3140,SK0041,2
PRJ2463,SK0298,3
PRJ0411,SK0030,2
PRJ2154,SK0209,4
PRJ3704,SK0096,3
PRJ3101,SK0273,4
PRJ1959,SK0285,3
PRJ2440,SK0261,4
PRJ3763,SK0122,3
PRJ0433,SK0125,4
PRJ3382,SK0195,4
PRJ2275,SK0095,2
PRJ4274,SK0268,2
PRJ1806,SK0147,4
PRJ1560,SK0062,3
PRJ0454,SK0056,4
PRJ2817,SK0046,3
PRJ3942,SK0284,2
PRJ1968,SK0249,3
PRJ4588,SK0269,4
PRJ4855,SK0238,4
PRJ1258,SK0152,4
PRJ0953,SK0152,4
PRJ3597,SK0244,2
PRJ2889,SK0131,2
PRJ2258,SK0222,4
PRJ2056,SK0076,2
PRJ3962,SK0241,4
PRJ2832,SK0197,2
PRJ2766,SK0267,4
PRJ0583,SK0080,2
PRJ1264,SK0247,3
PRJ2527,SK0280,4
PRJ0382,SK0051,3
PRJ3938,SK0173,2
PRJ4462,SK0204,4
PRJ2954,SK0150,4
PRJ0487,SK0237,4
PRJ4834,SK0107,2
PRJ3076,SK0018,3
PRJ4405,SK0235,3
PRJ4620,SK0027,2
PRJ3979,SK0215,4
PRJ4861,SK0137,4
PRJ0665,SK0209,2
PRJ1219,SK0030,3
PRJ4851,SK0230,3
PRJ0869,SK0284,3
PRJ2564,SK0267,3
PRJ1526,SK0203,2
PRJ0115,SK0011,3
PRJ2116,SK0187,2
PRJ3650,SK0203,3
PRJ0123,SK0026,3
PRJ1629,SK0092,4
PRJ3626,SK0007,2
PRJ0318,SK0205,2
PRJ2432,SK0245,3
PRJ0318,SK0296,2
PRJ0176,SK0297,3
PRJ4287,SK0098,3
PRJ0377,SK0300,4
PRJ1206,SK0092,3
PRJ1382,SK0238,4
PRJ3065,SK0224,2
PRJ4917,SK0168,4
PRJ1451,SK0086,3
PRJ2548,SK0166,4
PRJ3080,SK0151,2
PRJ1517,SK0088,4
PRJ4232,SK0135,3
PRJ2909,SK0067,3
PRJ2655,SK0048,2
PRJ3664,SK0055,2
PRJ0058,SK0206,3
PRJ1316,SK0205,2
PRJ0376,SK0253,3
PRJ1538,SK0291,2
PRJ1115,SK0294,3
PRJ1140,SK0017,2
PRJ2010,SK0004,3
PRJ0072,SK0026,4
PRJ0234,SK0299,4
PRJ2154,SK0034,3
PRJ4085,SK0215,4
PRJ0048,SK0103,4
PRJ2332,SK0273,4
PRJ1979,SK0028,4
PRJ1556,SK0256,2
PRJ0733,SK0108,2
PRJ3503,SK0210,4
PRJ0079,SK0276,4
PRJ0614,SK0068,2
PRJ0119,SK0002,2
PRJ3497,SK0227,3
PRJ3123,SK0077,4
PRJ2406,SK0213,3
PRJ4078,SK0186,3
PRJ3877,SK0202,2
PRJ2813,SK0141,2
PRJ4173,SK0212,2
PRJ2518,SK0104,3
PRJ1546,SK0173,3
PRJ1366,SK0071,2
PRJ0396,SK0230,4
PRJ0442,SK0195,3
PRJ2197,SK0113,3
PRJ0519,SK0020,3
PRJ4777,SK0064,3
PRJ4020,SK0282,2
PRJ0708,SK0265,2
PRJ4837,SK0048,3
PRJ2775,SK0281,4
PRJ0509,SK0282,2
PRJ4428,SK0089,2
PRJ3546,SK0021,3
PRJ2398,SK0271,2
PRJ3131,SK0075,2
PRJ3834,SK0178,2
PRJ0289,SK0111,2
PRJ2411,SK0179,4
PRJ3177,SK0014,3
PRJ3922,SK0229,3
PRJ4698,SK0015,2
PRJ2311,SK0174,4
PRJ4431,SK0111,2
PRJ1816,SK0243,3
PRJ4246,SK0050,3
PRJ1608,SK0090,2
PRJ2260,SK0211,2
PRJ2755,SK0116,4
PRJ3807,SK0196,2
PRJ3578,SK0127,4
PRJ0671,SK0234,2
PRJ1185,SK0086,2
PRJ1413,SK0145,3
PRJ0216,SK0052,2
PRJ3719,SK0162,3
PRJ0688,SK0007,4
PRJ2163,SK0288,3
PRJ2946,SK0051,3
PRJ1530,SK0043,3
PRJ0218,SK0258,2
PRJ4787,SK0162,3
PRJ3526,SK0196,3
PRJ1260,SK0284,2
PRJ0668,SK0265,4
PRJ1912,SK0164,2
PRJ4098,SK0224,3
PRJ0984,SK0015,3
PRJ2943,SK0141,3
PRJ0367,SK0256,4
PRJ0642,SK0209,3
PRJ0414,SK0210,4
PRJ4128,SK0233,4
PRJ1946,SK0236,2
PRJ4841,SK0074,4
PRJ0162,SK0298,4
PRJ4506,SK0261,2
PRJ4411,SK0182,3
PRJ0557,SK0047,2
PRJ0385,SK0121,2
PRJ3190,SK0235,2
PRJ2532,SK0192,3
PRJ2114,SK0247,2
PRJ0346,SK0010,2
PRJ0142,SK0281,3
PRJ4032,SK0228,2
PRJ4418,SK0002,2
PRJ0149,SK0278,2
PRJ2105,SK0203,4
PRJ1542,SK0251,3
PRJ1233,SK0282,4
PRJ4099,SK0087,3
PRJ0297,SK0150,2
PRJ4815,SK0122,3
PRJ4414,SK0004,3
PRJ1113,SK0019,2
PRJ2533,SK0252,4
PRJ3088,SK0020,3
PRJ4780,SK0212,2
PRJ1327,SK0160,4
PRJ4943,SK0240,2
PRJ3733,SK0043,3
PRJ0038,SK0153,2
PRJ1095,SK0294,2
PRJ3345,SK0292,2
PRJ4377,SK0092,4
PRJ2087,SK0176,3
PRJ1134,SK0112,4
PRJ2917,SK0149,2
PRJ1168,SK0117,4
PRJ1856,SK0039,2
PRJ3818,SK0286,4
PRJ3470,SK0181,3
PRJ3067,SK0139,3
PRJ4080,SK0139,4
PRJ2028,SK0073,2
PRJ2541,SK0085,2
PRJ2522,SK0065,2
PRJ0353,SK0239,4
PRJ0129,SK0078,3
PRJ3080,SK0014,3
PRJ3611,SK0021,4
PRJ4923,SK0262,2
PRJ0790,SK0109,2
PRJ2640,SK0215,4
PRJ1141,SK0277,2
PRJ3501,SK0206,4
PRJ2396,SK0293,4
PRJ0682,SK0240,2
PRJ4519,SK0086,4
PRJ1207,SK0044,4
PRJ0204,SK0011,4
PRJ4064,SK0150,3
PRJ4322,SK0157,3
PRJ0985,SK0151,2
PRJ3445,SK0060,3
PRJ4717,SK0186,3
PRJ4056,SK0271,4
PRJ0790,SK0106,3
PRJ2432,SK0294,3
PRJ4330,SK0219,4
PRJ0048,SK0127,2
PRJ2053,SK0294,3
PRJ0494,SK0161,3
PRJ2816,SK0086,4
PRJ3039,SK0029,3
PRJ3966,SK0288,3
PRJ4793,SK0007,3
PRJ4219,SK0049,2
PRJ4700,SK0132,4
PRJ1875,SK0028,2
PRJ0071,SK0017,4
PRJ2718,SK0179,3
PRJ0479,SK0083,3
PRJ0381,SK0056,4
PRJ1803,SK0224,3
PRJ0341,SK0226,4
PRJ2708,SK0168,4
PRJ4674,SK0029,3
PRJ1853,SK0257,3
PRJ1356,SK0133,3
PRJ3413,SK0225,2
PRJ1782,SK0279,4
PRJ3419,SK0146,3
PRJ2913,SK0229,2
PRJ4615,SK0255,2
PRJ3327,SK0089,2
PRJ3937,SK0276,3
PRJ0742,SK0022,2
PRJ4341,SK0227,3
PRJ2334,SK0189,3
PRJ4545,SK0019,3
PRJ0306,SK0082,2
PRJ2687,SK0191,4
PRJ0307,SK0230,3
PRJ0817,SK0050,2
PRJ4573,SK0128,2
PRJ2262,SK0054,4
PRJ2150,SK0062,4
PRJ1040,SK0130,3
PRJ4989,SK0230,2
PRJ3184,SK0015,3
PRJ3611,SK0151,3
PRJ1445,SK0155,4
PRJ0001,SK0024,4
PRJ2969,SK0238,3
PRJ4314,SK0036,4
PRJ4546,SK0187,3
PRJ4769,SK0083,3
PRJ4058,SK0005,4
PRJ1278,SK0261,4
PRJ4482,SK0228,2
PRJ0734,SK0191,2
PRJ4811,SK0193,2
PRJ4096,SK0299,4
PRJ0774,SK0041,3
PRJ3535,SK0274,4
PRJ2758,SK0103,3
PRJ0401,SK0099,4
PRJ4564,SK0071,4
PRJ3167,SK0075,3
PRJ1056,SK0219,3
PRJ2787,SK0230,4
PRJ2723,SK0023,2
PRJ2506,SK0290,2
PRJ3492,SK0080,4
PRJ3629,SK0215,4
PRJ4889,SK0212,4
PRJ3745,SK0092,3
PRJ1863,SK0096,4
PRJ4426,SK0227,4
PRJ4002,SK0058,3
PRJ2472,SK0210,2
PRJ4790,SK0198,2
PRJ2704,SK0079,3
PRJ3581,SK0272,4
PRJ0161,SK0160,2
PRJ2475,SK0083,4
PRJ0454,SK0114,2
PRJ0571,SK0229,2
PRJ0595,SK0101,4
PRJ2307,SK0134,3
PRJ2890,SK0089,2
PRJ4479,SK0186,4
PRJ4940,SK0097,4
PRJ0300,SK0232,2
PRJ0119,SK0198,2
PRJ1929,SK0034,2
PRJ3917,SK0116,2
PRJ0062,SK0007,4
PRJ0177,SK0152,3
PRJ4310,SK0196,3
PRJ4389,SK0244,3
PRJ0445,SK0023,2
PRJ3696,SK0184,4
PRJ2240,SK0088,4
PRJ0652,SK0126,3
PRJ0020,SK0286,4
PRJ0139,SK0225,3
PRJ3249,SK0241,3
PRJ2958,SK0092,2
PRJ0129,SK0068,2
PRJ0031,SK0019,3
PRJ2711,SK0014,2
PRJ2815,SK0220,2
PRJ3017,SK0249,3
PRJ3527,SK0077,2
PRJ0162,SK0162,4
PRJ1132,SK0066,4
PRJ3616,SK0050,4
PRJ0521,SK0261,3
PRJ0444,SK0254,2
PRJ1733,SK0216,4
PRJ3991,SK0095,4
PRJ2948,SK0146,2
PRJ2395,SK0270,3
PRJ4907,SK0225,2
PRJ2949,SK0060,2
PRJ2606,SK0124,4
PRJ0119,SK0212,2
PRJ4616,SK0240,3
PRJ1435,SK0126,4
PRJ3342,SK0124,4
PRJ1580,SK0153,3
PRJ2638,SK0253,2
PRJ3456,SK0020,2
PRJ0010,SK0140,3
PRJ4723,SK0159,2
PRJ2961,SK0201,4
PRJ0279,SK0288,2
PRJ3913,SK0051,2
PRJ3972,SK0170,4
PRJ4735,SK0192,4
PRJ1475,SK0049,3
PRJ0113,SK0231,4
PRJ4431,SK0063,2
PRJ1329,SK0281,3
PRJ3421,SK0190,4
PRJ4494,SK0006,2
PRJ4662,SK0247,2
PRJ1918,SK0266,2
PRJ2452,SK0243,2
PRJ4173,SK0143,3
PRJ0103,SK0078,2
PRJ4222,SK0179,4
PRJ3469,SK0223,4
PRJ4672,SK0275,4
PRJ0370,SK0190,4
PRJ3494,SK0039,4
PRJ2342,SK0001,4
PRJ1237,SK0161,2
PRJ2312,SK0074,3
PRJ2512,SK0112,2
PRJ4615,SK0116,4
PRJ2451,SK0028,3
PRJ1283,SK0037,4
PRJ2547,SK0006,3
PRJ3542,SK0211,4
PRJ3417,SK0115,2
PRJ3051,SK0063,4
PRJ2371,SK0028,3
PRJ3465,SK0154,3
PRJ2023,SK0096,4
PRJ3975,SK0203,3
PRJ4013,SK0239,3
PRJ2486,SK0193,4
PRJ0256,SK0299,4
PRJ1323,SK0168,2
PRJ2895,SK0106,2
PRJ3185,SK0050,2
PRJ1007,SK0027,4
PRJ4838,SK0127,3
PRJ0598,SK0153,3
PRJ2976,SK0241,2
PRJ2083,SK0183,4
PRJ4647,SK0252,3
PRJ2526,SK0111,3
PRJ2204,SK0105,3
PRJ4005,SK0232,4
PRJ1860,SK0007,3
PRJ3026,SK0267,4
PRJ3734,SK0273,3
PRJ4641,SK0115,4
PRJ2210,SK0129,4
PRJ2116,SK0019,3
PRJ1305,SK0249,4
PRJ4083,SK0264,3
PRJ1148,SK0212,3
PRJ3544,SK0003,4
PRJ2289,SK0033,2
PRJ1032,SK0007,4
PRJ1426,SK0250,3
PRJ0508,SK0146,4
PRJ0250,SK0075,2
PRJ3386,SK0297,4
PRJ2231,SK0063,3
PRJ1136,SK0018,2
PRJ0959,SK0139,4
PRJ0221,SK0031,3
PRJ2968,SK0137,3
PRJ1849,SK0098,4
PRJ3954,SK0043,4
PRJ1892,SK0036,2
PRJ0361,SK0162,2
PRJ2032,SK0138,2
PRJ3041,SK0178,4
PRJ4902,SK0013,4
PRJ4377,SK0030,3
PRJ4463,SK0019,3
PRJ0235,SK0250,3
PRJ3270,SK0229,3
PRJ1230,SK0086,2
PRJ2278,SK0020,4
PRJ4862,SK0111,4
PRJ1756,SK0020,4
PRJ3544,SK0265,2
PRJ4555,SK0073,3
PRJ3034,SK0264,3
PRJ1812,SK0238,4
PRJ1332,SK0231,4
PRJ0709,SK0156,2
PRJ2855,SK0208,4
PRJ3661,SK0008,4
PRJ1242,SK0083,2
PRJ0935,SK0243,2
PRJ4135,SK0123,4
PRJ4898,SK0232,2
PRJ0706,SK0132,4
PRJ1786,SK0225,3
PRJ4483,SK0274,4
PRJ0034,SK0173,2
PRJ4759,SK0270,4
PRJ3857,SK0074,3
PRJ4932,SK0113,4
PRJ1650,SK0221,2
PRJ2287,SK0145,4
PRJ0179,SK0049,2
PRJ0215,SK0090,2
PRJ1789,SK0282,4
PRJ1988,SK0091,3
PRJ2638,SK0102,4
PRJ2102,SK0244,2
PRJ2803,SK0041,4
PRJ1735,SK0019,4
PRJ0602,SK0025,3
PRJ0670,SK0058,4
PRJ0602,SK0215,3
PRJ1501,SK0023,4
PRJ2937,SK0167,3
PRJ1384,SK0180,4
PRJ4016,SK0124,2
PRJ1798,SK0003,4
PRJ4546,SK0274,2
PRJ2274,SK0259,3
PRJ1295,SK0288,2
PRJ3306,SK0234,2
PRJ1835,SK0199,2
PRJ2347,SK0183,2
PRJ0204,SK0105,3
PRJ1061,SK0269,4
PRJ2920,SK0154,3
PRJ2558,SK0211,4
PRJ2738,SK0134,3
PRJ4100,SK0057,2
PRJ3722,SK0127,4
PRJ4433,SK0045,3
PRJ4246,SK0149,2
PRJ2973,SK0016,2
PRJ2838,SK0087,3
PRJ1618,SK0005,3
PRJ1739,SK0151,2
PRJ2313,SK0037,4
PRJ1674,SK0205,2
PRJ0508,SK0061,3
PRJ3417,SK0008,3
PRJ1211,SK0151,4
PRJ4757,SK0142,3
PRJ1569,SK0133,2
PRJ4219,SK0205,2
PRJ0184,SK0226,3
PRJ1897,SK0253,2
PRJ0863,SK0161,2
PRJ4910,SK0009,2
PRJ2446,SK0061,3
PRJ4334,SK0153,3
PRJ0929,SK0219,2
PRJ2517,SK0184,2
PRJ0554,SK0254,4
PRJ2762,SK0276,2
PRJ0349,SK0161,3
PRJ1181,SK0125,2
PRJ1098,SK0013,4
PRJ1962,SK0124,3
PRJ4188,SK0184,4
PRJ2272,SK0151,4
PRJ4632,SK0047,2
PRJ2897,SK0107,3
PRJ1890,SK0229,4
PRJ4621,SK0228,2
PRJ0075,SK0250,3
PRJ4196,SK0237,4
PRJ0891,SK0116,4
PRJ3992,SK0168,3
PRJ4271,SK0162,4
PRJ2866,SK0048,3
PRJ0399,SK0188,2
PRJ1842,SK0079,2
PRJ0229,SK0037,2
PRJ2834,SK0220,2
PRJ4968,SK0060,4
PRJ0975,SK0133,4
PRJ3646,SK0023,4
PRJ1497,SK0288,3
PRJ3172,SK0172,4
PRJ0595,SK0262,2
PRJ0946,SK0040,2
PRJ0549,SK0144,2
PRJ1975,SK0074,4
PRJ3899,SK0171,2
PRJ2841,SK0056,4
PRJ0874,SK0170,2
PRJ1279,SK0256,4
PRJ0775,SK0150,4
PRJ0001,SK0254,4
PRJ2994,SK0083,4
PRJ4861,SK0105,3
PRJ0549,SK0298,2
PRJ3672,SK0149,2
PRJ2847,SK0149,3
PRJ4581,SK0027,3
PRJ4855,SK0246,4
PRJ2296,SK0271,4
PRJ3291,SK0029,2
PRJ1544,SK0201,2
PRJ0677,SK0136,3
PRJ3749,SK0195,2
PRJ2903,SK0001,4
PRJ4456,SK0097,2
PRJ2151,SK0241,4
PRJ0409,SK0043,4
PRJ1436,SK0233,2
PRJ2131,SK0130,4
PRJ4675,SK0273,2
PRJ1148,SK0103,3
PRJ1223,SK0034,4
PRJ4385,SK0220,3
PRJ4364,SK0247,2
PRJ1371,SK0158,3
PRJ0716,SK0270,2
PRJ3313,SK0039,2
PRJ2492,SK0278,3
PRJ3100,SK0241,2
PRJ3088,SK0203,3
PRJ1838,SK0229,3
PRJ2654,SK0217,4
PRJ4466,SK0042,2
PRJ1176,SK0188,3
PRJ3687,SK0056,2
PRJ1480,SK0215,2
PRJ4670,SK0011,4
PRJ1739,SK0107,2
PRJ1061,SK0117,3
PRJ4307,SK0299,3
PRJ4367,SK0214,2
PRJ2382,SK0110,4
PRJ1420,SK0127,4
PRJ2655,SK0030,3
PRJ4342,SK0195,3
PRJ4528,SK0066,4
PRJ4901,SK0273,3
PRJ3327,SK0172,2
PRJ3561,SK0097,4
PRJ3000,SK0160,4
PRJ1249,SK0096,3
PRJ1836,SK0146,3
PRJ4348,SK0289,2
PRJ1105,SK0103,4
PRJ3441,SK0179,2
PRJ2040,SK0253,4
PRJ3924,SK0275,2
PRJ2028,SK0065,4
PRJ4462,SK0093,3
PRJ3481,SK0006,4
PRJ4699,SK0035,2
PRJ3453,SK0248,2
PRJ1823,SK0158,4
PRJ0136,SK0078,3
PRJ3850,SK0249,4
PRJ3958,SK0182,2
PRJ2814,SK0079,3
PRJ2414,SK0131,3
PRJ3875,SK0140,4
PRJ3366,SK0063,2
PRJ4827,SK0239,4
PRJ0162,SK0003,3
PRJ0735,SK0091,3
PRJ2070,SK0206,2
PRJ3457,SK0028,4
PRJ1590,SK0101,3
PRJ3612,SK0237,3
PRJ4173,SK0085,3
PRJ4835,SK0203,4
PRJ0766,SK0133,4
PRJ0404,SK0192,2
PRJ0749,SK0288,3
PRJ1986,SK0296,3
PRJ3270,SK0256,3
PRJ4833,SK0274,3
PRJ1812,SK0235,4
PRJ2624,SK0159,2
PRJ0154,SK0221,3
PRJ3047,SK0220,4
PRJ2898,SK0022,4
PRJ4779,SK0291,4
PRJ4657,SK0047,2
PRJ0474,SK0057,3
PRJ2444,SK0077,4
PRJ1562,SK0231,2
PRJ2181,SK0007,4
PRJ3824,SK0184,2
PRJ2114,SK0164,4
PRJ1278,SK0208,3
PRJ0080,SK0210,3
PRJ0002,SK0264,4
PRJ4736,SK0178,3
PRJ2460,SK0190,2
PRJ2702,SK0008,4
PRJ1651,SK0267,4
PRJ4856,SK0017,2
PRJ1327,SK0201,2
PRJ1151,SK0010,3
PRJ1741,SK0058,2
PRJ2563,SK0271,4
PRJ2946,SK0001,2
PRJ2718,SK0101,4
PRJ0514,SK0109,4
PRJ1069,SK0083,3
PRJ0528,SK0240,3
PRJ4997,SK0083,2
PRJ3838,SK0097,4
PRJ1489,SK0138,3
PRJ3556,SK0261,2
PRJ0742,SK0266,4
PRJ2832,SK0262,3
PRJ2170,SK0011,2
PRJ3922,SK0084,4
PRJ0682,SK0261,4
PRJ3519,SK0109,3
PRJ4063,SK0176,3
PRJ4050,SK0294,4
PRJ4218,SK0227,2
PRJ3646,SK0198,4
PRJ3909,SK0036,4
PRJ1190,SK0293,3
PRJ3081,SK0273,3
PRJ4104,SK0289,2
PRJ1953,SK0159,4
PRJ2345,SK0200,4
PRJ2154,SK0078,2
PRJ2908,SK0134,3
PRJ4429,SK0023,3
PRJ4650,SK0247,2
PRJ1836,SK0003,3
PRJ4375,SK0104,3
PRJ1278,SK0098,3
PRJ2228,SK0128,2
PRJ2138,SK0090,3
PRJ3472,SK0298,2
PRJ1436,SK0043,3
PRJ0381,SK0258,4
PRJ0007,SK0256,2
PRJ2560,SK0130,2
PRJ1205,SK0065,4
PRJ0212,SK0077,4
PRJ4268,SK0015,4
PRJ0850,SK0145,2
PRJ2341,SK0218,2
PRJ1795,SK0002,4
PRJ4174,SK0125,2
PRJ2735,SK0038,3
PRJ3147,SK0227,4
PRJ2843,SK0075,4
PRJ0273,SK0210,4
PRJ4467,SK0034,4
PRJ4006,SK0208,3
PRJ3566,SK0280,4
PRJ1704,SK0266,4
PRJ4100,SK0140,4
PRJ3304,SK0160,4
PRJ4748,SK0074,2
PRJ0462,SK0199,3
PRJ1776,SK0183,4
PRJ2560,SK0239,4
PRJ0863,SK0030,3
PRJ1137,SK0211,2
PRJ0482,SK0196,2
PRJ0803,SK0136,2
PRJ1050,SK0097,4
PRJ2698,SK0235,4
PRJ3711,SK0125,4
PRJ3160,SK0079,3
PRJ1149,SK0187,2
PRJ0695,SK0196,2
PRJ1744,SK0227,3
PRJ3096,SK0178,4
PRJ0483,SK0108,4
PRJ3417,SK0174,2
PRJ3321,SK0058,3
PRJ0438,SK0200,2
PRJ2866,SK0066,4
PRJ0026,SK0044,2
PRJ4640,SK0027,4
PRJ4934,SK0227,3
PRJ3461,SK0292,3
PRJ3002,SK0223,3
PRJ0403,SK0127,3
PRJ1417,SK0030,3
PRJ2877,SK0217,3
PRJ4310,SK0152,2
PRJ3782,SK0178,3
PRJ3395,SK0008,4
PRJ2728,SK0125,2
PRJ4844,SK0073,3
PRJ1809,SK0250,2
PRJ3606,SK0226,3
PRJ2110,SK0233,3
PRJ4816,SK0118,2
PRJ3977,SK0142,4
PRJ3851,SK0100,3
PRJ3783,SK0096,4
PRJ3865,SK0089,4
PRJ4509,SK0229,4
PRJ2938,SK0267,4
PRJ4310,SK0262,3
PRJ0616,SK0013,2
PRJ2171,SK0190,4
PRJ3673,SK0081,2
PRJ3471,SK0159,3
PRJ0041,SK0105,3
PRJ3129,SK0203,4
PRJ3111,SK0272,4
PRJ0058,SK0211,4
PRJ3739,SK0021,3
PRJ2167,SK0218,3
PRJ0416,SK0295,3
PRJ1933,SK0124,2
PRJ2480,SK0188,2
PRJ0050,SK0248,2
PRJ1773,SK0101,4
PRJ2559,SK0239,2
PRJ3569,SK0114,3
PRJ3826,SK0194,2
PRJ2400,SK0064,2
PRJ4018,SK0074,2
PRJ4428,SK0271,2
PRJ4451,SK0110,2
PRJ0915,SK0097,3
PRJ1303,SK0299,4
PRJ3314,SK0252,3
PRJ0429,SK0288,2
PRJ1774,SK0079,3
PRJ4261,SK0240,3
PRJ2144,SK0148,3
PRJ4234,SK0201,4
PRJ0695,SK0151,3
PRJ3526,SK0066,3
PRJ4011,SK0092,4
PRJ1114,SK0274,2
PRJ3042,SK0050,3
PRJ0410,SK0178,2
PRJ2502,SK0164,3
PRJ3777,SK0242,3
PRJ4048,SK0064,2
PRJ4514,SK0175,4
PRJ0821,SK0055,3
PRJ1893,SK0061,3
PRJ3896,SK0160,3
PRJ0986,SK0210,4
PRJ3000,SK0193,3
PRJ2620,SK0117,4
PRJ2861,SK0006,2
PRJ4346,SK0022,2
PRJ3376,SK0239,2
PRJ0994,SK0225,4
PRJ1944,SK0263,3
PRJ3773,SK0154,4
PRJ1241,SK0294,4
PRJ1216,SK0085,2
PRJ1728,SK0196,4
PRJ3780,SK0148,2
PRJ2946,SK0280,4
PRJ2654,SK0039,3
PRJ3795,SK0236,3
PRJ3804,SK0246,3
PRJ3959,SK0103,2
PRJ0873,SK0294,2
PRJ4354,SK0195,3
PRJ3476,SK0229,4
PRJ1158,SK0284,2
PRJ2452,SK0233,3
PRJ3444,SK0278,4
PRJ4772,SK0255,3
PRJ1915,SK0251,3
PRJ1297,SK0166,2
PRJ0483,SK0116,2
PRJ3938,SK0063,4
PRJ0167,SK0272,2
PRJ1220,SK0006,3
PRJ2486,SK0015,4
PRJ4890,SK0022,4
PRJ2542,SK0199,3
PRJ2580,SK0256,4
PRJ1135,SK0207,2
PRJ0885,SK0061,2
PRJ4310,SK0196,3
PRJ4698,SK0300,2
PRJ2557,SK0250,4
PRJ1024,SK0040,4
PRJ1120,SK0075,3
PRJ2829,SK0236,2
PRJ1397,SK0268,2
PRJ4910,SK0082,3
PRJ1738,SK0005,4
PRJ3402,SK0194,4
PRJ2337,SK0091,4
PRJ0147,SK0122,3
PRJ0017,SK0254,3
PRJ0839,SK0063,4
PRJ0632,SK0216,2
PRJ3643,SK0055,4
PRJ4371,SK0279,3
PRJ0192,SK0009,3
PRJ3591,SK0067,3
PRJ1757,SK0274,3
PRJ4987,SK0279,4
PRJ0123,SK0114,2
PRJ2507,SK0087,3
PRJ2160,SK0096,2
PRJ2737,SK0055,4
PRJ3992,SK0134,4
PRJ1226,SK0190,2
PRJ3014,SK0056,3
PRJ3747,SK0239,3
PRJ0402,SK0035,3
PRJ3402,SK0033,4
PRJ1572,SK0248,2
PRJ4083,SK0091,3
PRJ3953,SK0019,4
PRJ0027,SK0264,2
PRJ0240,SK0060,4
PRJ3487,SK0244,3
PRJ4033,SK0023,2
PRJ4479,SK0067,3
PRJ1248,SK0201,2
PRJ4502,SK0128,4
PRJ0914,SK0066,4
PRJ3389,SK0056,3
PRJ0680,SK0115,2
PRJ4934,SK0083,3
PRJ0340,SK0239,3
PRJ3217,SK0156,3
PRJ1228,SK0223,4
PRJ2547,SK0211,3
PRJ3933,SK0095,2
PRJ3350,SK0076,2
PRJ2537,SK0179,2
PRJ3790,SK0293,2
PRJ0190,SK0026,2
PRJ2469,SK0098,3
PRJ1594,SK0206,2
PRJ0712,SK0004,2
PRJ1291,SK0263,2
PRJ2022,SK0174,4
PRJ2380,SK0141,4
PRJ2744,SK0277,3
PRJ1009,SK0250,2
PRJ0607,SK0224,4
PRJ1036,SK0121,3
PRJ1187,SK0191,4
PRJ1957,SK0033,4
PRJ2772,SK0160,2
PRJ0487,SK0117,2
PRJ4272,SK0112,4
PRJ1171,SK0173,3
PRJ1395,SK0226,2
PRJ3226,SK0236,2
PRJ1073,SK0271,3
PRJ1666,SK0129,4
PRJ3216,SK0116,3
PRJ2547,SK0058,2
PRJ3728,SK0133,2
PRJ4772,SK0245,3
PRJ0845,SK0223,4
PRJ1953,SK0118,4
PRJ0724,SK0223,3
PRJ0934,SK0222,2
PRJ0632,SK0147,4
PRJ4977,SK0024,4
PRJ4185,SK0109,4
PRJ0589,SK0284,2
PRJ2083,SK0132,2
PRJ4450,SK0163,3
PRJ0632,SK0211,2
PRJ1964,SK0275,3
PRJ4642,SK0298,2
PRJ4916,SK0222,2
PRJ2174,SK0271,4
PRJ3113,SK0090,3
PRJ2062,SK0238,3
PRJ2832,SK0278,4
PRJ1090,SK0199,4
PRJ3445,SK0239,4
PRJ1223,SK0143,4
PRJ1838,SK0234,2
PRJ0097,SK0272,4
PRJ4535,SK0100,2
PRJ3922,SK0210,2
PRJ2031,SK0089,2
PRJ0805,SK0230,3
PRJ1559,SK0186,4
PRJ3231,SK0249,2
PRJ1274,SK0163,2
PRJ2144,SK0175,3
PRJ3858,SK0204,2
PRJ2483,SK0156,2
PRJ4883,SK0298,3
PRJ1055,SK0254,3
PRJ1599,SK0285,2
PRJ0149,SK0268,3
PRJ2408,SK0046,2
PRJ3380,SK0219,3
PRJ1996,SK0042,2
PRJ4387,SK0086,4
PRJ0649,SK0221,3
PRJ1526,SK0064,4
PRJ3540,SK0087,2
PRJ0313,SK0195,3
PRJ2813,SK0019,3
PRJ3696,SK0265,3
PRJ4406,SK0278,3
PRJ2353,SK0209,4
PRJ0767,SK0155,3
PRJ1688,SK0279,4
PRJ1584,SK0286,2
PRJ4075,SK0194,4
PRJ4935,SK0267,4
PRJ4075,SK0040,3
PRJ3744,SK0024,4
PRJ2524,SK0242,3
PRJ0542,SK0080,3
PRJ3043,SK0052,2
PRJ2896,SK0222,4
PRJ1959,SK0229,4
PRJ0846,SK0211,3
PRJ0925,SK0177,3
PRJ3522,SK0188,3
PRJ4150,SK0058,4
PRJ0944,SK0178,4
PRJ3238,SK0206,3
PRJ3478,SK0188,3
PRJ1307,SK0002,2
PRJ1170,SK0094,3
PRJ1253,SK0158,3
PRJ1979,SK0262,4
PRJ2236,SK0064,3
PRJ0629,SK0211,3
PRJ0732,SK0065,4
PRJ4054,SK0173,4
PRJ1968,SK0057,3
PRJ1458,SK0182,2
PRJ4002,SK0124,4
PRJ0242,SK0021,2
PRJ0808,SK0214,4
PRJ2103,SK0161,4
PRJ4324,SK0270,2
PRJ2685,SK0047,3
PRJ3280,SK0139,4
PRJ3430,SK0190,4
PRJ0296,SK0277,2
PRJ0282,SK0287,2
PRJ0237,SK0141,2
PRJ0995,SK0179,4
PRJ3245,SK0209,3
PRJ3696,SK0163,3
PRJ4741,SK0171,4
PRJ2427,SK0248,2
PRJ2085,SK0123,2
PRJ4879,SK0218,4
PRJ2770,SK0265,4
PRJ1269,SK0151,3
PRJ0870,SK0269,2
PRJ0441,SK0202,3
PRJ3442,SK0085,4
PRJ0400,SK0017,2
PRJ2121,SK0087,3
PRJ4006,SK0164,4
PRJ3201,SK0170,4
PRJ1976,SK0045,4
PRJ1227,SK0173,3
PRJ3161,SK0297,2
PRJ4722,SK0049,4
PRJ2342,SK0007,2
PRJ3509,SK0193,4
PRJ3018,SK0139,4
PRJ2142,SK0017,2
PRJ3530,SK0194,4
PRJ1480,SK0300,2
PRJ2587,SK0080,3
PRJ1911,SK0228,2
PRJ0320,SK0145,3
PRJ2804,SK0161,4
PRJ1461,SK0297,2
PRJ2540,SK0001,4
PRJ1342,SK0109,3
PRJ0866,SK0128,2
PRJ0910,SK0209,4
PRJ0584,SK0192,3
PRJ3952,SK0239,3
PRJ2227,SK0157,2
PRJ1089,SK0292,4
PRJ0719,SK0178,3
PRJ1742,SK0220,2
PRJ4606,SK0205,2
PRJ3682,SK0082,2
PRJ4745,SK0141,2
PRJ4789,SK0236,4
PRJ3622,SK0142,2
PRJ0834,SK0176,2
PRJ3753,SK0128,2
PRJ1359,SK0207,4
PRJ2644,SK0065,4
PRJ3885,SK0103,2
PRJ2638,SK0213,3
PRJ1349,SK0247,4
PRJ2288,SK0026,4
PRJ1130,SK0162,4
PRJ2112,SK0194,4
PRJ3374,SK0102,2
PRJ2173,SK0125,3
PRJ3660,SK0243,4
PRJ0039,SK0079,3
PRJ2895,SK0054,2
PRJ3303,SK0241,2
PRJ3044,SK0033,4
PRJ0614,SK0294,2
PRJ2865,SK0049,3
PRJ0194,SK0048,2
PRJ2010,SK0249,2
PRJ2892,SK0039,3
PRJ3163,SK0091,2
PRJ3533,SK0106,3
PRJ1244,SK0125,4
PRJ4563,SK0126,2
PRJ3106,SK0144,2
PRJ2474,SK0192,3
PRJ2371,SK0112,2
PRJ0253,SK0193,2
PRJ2674,SK0245,4
PRJ1307,SK0077,3
PRJ3072,SK0272,4
PRJ1199,SK0266,4
PRJ1171,SK0108,3
PRJ0091,SK0022,3
PRJ4308,SK0184,2
PRJ2966,SK0286,3
PRJ2403,SK0092,3
PRJ0994,SK0140,3
PRJ2036,SK0196,3
PRJ3578,SK0175,3
PRJ3247,SK0118,3
PRJ0112,SK0249,2
PRJ3868,SK0029,3
PRJ2178,SK0239,3
PRJ4713,SK0101,2
PRJ3571,SK0100,3
PRJ3253,SK0126,2
PRJ3838,SK0178,4
PRJ4798,SK0211,2
PRJ2962,SK0060,4
PRJ0085,SK0062,3
PRJ4932,SK0111,3
PRJ2734,SK0124,3
PRJ4430,SK0264,2
PRJ4122,SK0140,2
PRJ0647,SK0170,2
PRJ2164,SK0265,3
PRJ3897,SK0093,4
PRJ0866,SK0279,4
PRJ1841,SK0165,2
PRJ0739,SK0281,2
PRJ2664,SK0156,2
PRJ1948,SK0196,4
PRJ0590,SK0299,2
PRJ0515,SK0118,2
PRJ1984,SK0100,4
PRJ2862,SK0072,3
PRJ4652,SK0074,2
PRJ1048,SK0108,3
PRJ0283,SK0243,3
PRJ2840,SK0185,4
PRJ3209,SK0299,4
PRJ4607,SK0013,4
PRJ2478,SK0142,3
PRJ3544,SK0021,3
PRJ4900,SK0012,3
PRJ3222,SK0287,3
PRJ2607,SK0198,4
PRJ2088,SK0235,3
PRJ3025,SK0023,3
PRJ0333,SK0296,3
PRJ0841,SK0290,4
PRJ4484,SK0229,2
PRJ0436,SK0216,2
PRJ2110,SK0036,4
PRJ0058,SK0237,2
PRJ4201,SK0022,4
PRJ1442,SK0247,3
PRJ2582,SK0288,2
PRJ2149,SK0286,4
PRJ1571,SK0152,4
PRJ1082,SK0205,2
PRJ3927,SK0099,2
PRJ1982,SK0121,2
PRJ0085,SK0034,3
PRJ4550,SK0183,3
PRJ1111,SK0113,2
PRJ1861,SK0066,3
PRJ3768,SK0259,2
PRJ2109,SK0175,4
PRJ3569,SK0271,2
PRJ4880,SK0026,3
PRJ1183,SK0259,3
PRJ1869,SK0299,2
PRJ1091,SK0100,3
PRJ0929,SK0044,2
PRJ0169,SK0300,2
PRJ2179,SK0158,4
PRJ2377,SK0200,4
PRJ0406,SK0262,2
PRJ2932,SK0060,3
PRJ2343,SK0050,3
PRJ0377,SK0131,3
PRJ3389,SK0168,3
PRJ3163,SK0010,4
PRJ0498,SK0142,4
PRJ2452,SK0180,2
PRJ0581,SK0279,2
PRJ0396,SK0081,4
PRJ4990,SK0094,4
PRJ1112,SK0018,2
PRJ2448,SK0024,4
PRJ4905,SK0287,4
PRJ4481,SK0099,2
PRJ1670,SK0095,3
PRJ3175,SK0177,2
PRJ0084,SK0178,3
PRJ3904,SK0118,4
PRJ1480,SK0042,4
PRJ2310,SK0072,3
PRJ3126,SK0227,3
PRJ4953,SK0235,3
PRJ4602,SK0098,3
PRJ3465,SK0252,3
PRJ4043,SK0207,3
PRJ4372,SK0216,2
PRJ4237,SK0278,3
PRJ2908,SK0293,4
PRJ4740,SK0232,3
PRJ1779,SK0265,2
PRJ1745,SK0013,4
PRJ3308,SK0178,4
PRJ3174,SK0035,2
PRJ4928,SK0296,3
PRJ4524,SK0093,2
PRJ2398,SK0265,3
PRJ4305,SK0077,3
PRJ4717,SK0008,3
PRJ1662,SK0247,4
PRJ0500,SK0289,3
PRJ2680,SK0100,2
PRJ3383,SK0129,4
PRJ2609,SK0027,4
PRJ3330,SK0172,4
PRJ2991,SK0034,4
PRJ4799,SK0152,2
PRJ4230,SK0041,4
PRJ3203,SK0095,2
PRJ2085,SK0167,3
PRJ1678,SK0048,3
PRJ3470,SK0104,4
PRJ1675,SK0034,2
PRJ4778,SK0017,2
PRJ4836,SK0198,2
PRJ4291,SK0060,2
PRJ1749,SK0231,2
PRJ3625,SK0118,3
PRJ0926,SK0241,2
PRJ1529,SK0078,2
PRJ3722,SK0235,4
PRJ1497,SK0277,4
PRJ4196,SK0147,3
PRJ1724,SK0018,4
PRJ1532,SK0184,2
PRJ3875,SK0252,4
PRJ4790,SK0250,3
PRJ4142,SK0161,2
PRJ2861,SK0287,2
PRJ2888,SK0014,4
PRJ0241,SK0004,4
PRJ1601,SK0192,4
PRJ3254,SK0156,2
PRJ3438,SK0136,3
PRJ2012,SK0244,4
PRJ4732,SK0051,4
PRJ3030,SK0066,2
PRJ4458,SK0082,2
PRJ1861,SK0231,4
PRJ2926,SK0052,2
PRJ1346,SK0112,2
PRJ0652,SK0048,3
PRJ0142,SK0269,4
PRJ1359,SK0063,4
PRJ4034,SK0016,3
PRJ2879,SK0221,4
PRJ0299,SK0204,3
PRJ4525,SK0212,3
PRJ1420,SK0205,2
PRJ2666,SK0249,3
PRJ3494,SK0187,2
PRJ3054,SK0288,4
PRJ3567,SK0197,4
PRJ0357,SK0067,3
PRJ2480,SK0179,2
PRJ2129,SK0025,2
PRJ1987,SK0177,4
PRJ2488,SK0179,3
PRJ3317,SK0102,4
PRJ0579,SK0013,4
PRJ2003,SK0068,3
PRJ3228,SK0266,2
PRJ2408,SK0020,4
PRJ4961,SK0010,4
PRJ3395,SK0137,4
PRJ0613,SK0186,3
PRJ3321,SK0026,2
PRJ0550,SK0182,2
PRJ3878,SK0215,3
PRJ4086,SK0143,4
PRJ3964,SK0141,3
PRJ4102,SK0158,4
PRJ1585,SK0115,4
PRJ3068,SK0182,2
PRJ3930,SK0006,3
PRJ3257,SK0051,3
PRJ1997,SK0275,2
PRJ0283,SK0140,4
PRJ3014,SK0212,4
PRJ1224,SK0026,2
PRJ1768,SK0035,4
PRJ0874,SK0028,4
PRJ4863,SK0287,2
PRJ0893,SK0211,4
PRJ3503,SK0120,4
PRJ3955,SK0026,3
PRJ0949,SK0273,3
PRJ2350,SK0105,2
PRJ4846,SK0031,4
PRJ3782,SK0119,4
PRJ4891,SK0212,3
PRJ4727,SK0017,2
PRJ3011,SK0071,3
PRJ2756,SK0109,3
PRJ2245,SK0094,2
PRJ0575,SK0116,3
PRJ4981,SK0216,2
PRJ0990,SK0005,4
PRJ2209,SK0115,3
PRJ1669,SK0237,2
PRJ0017,SK0116,4
PRJ1570,SK0012,3
PRJ0759,SK0004,2
PRJ3114,SK0042,3
PRJ1393,SK0217,4
PRJ1363,SK0223,4
PRJ2394,SK0129,4
PRJ1471,SK0037,2
PRJ3386,SK0261,3
PRJ1537,SK0135,4
PRJ3122,SK0159,2
PRJ1946,SK0276,4
PRJ2236,SK0188,4
PRJ4043,SK0117,4
PRJ2967,SK0117,3
PRJ0489,SK0225,2
PRJ3563,SK0229,3
PRJ4321,SK0200,3
PRJ0472,SK0162,4
PRJ4814,SK0162,4
PRJ2192,SK0128,3
PRJ1008,SK0281,2
PRJ4488,SK0056,2
PRJ0472,SK0098,4
PRJ3005,SK0095,3
PRJ0148,SK0067,2
PRJ4934,SK0125,2
PRJ0529,SK0233,3
PRJ4431,SK0184,3
PRJ3613,SK0087,2
PRJ1306,SK0018,2
PRJ4871,SK0235,3
PRJ2487,SK0050,2
PRJ3120,SK0245,4
PRJ4688,SK0182,4
PRJ2474,SK0240,4
PRJ2723,SK0196,4
PRJ3654,SK0188,2
PRJ3669,SK0245,4
PRJ0465,SK0092,2
PRJ3411,SK0251,3
PRJ0238,SK0148,2
PRJ2185,SK0290,2
PRJ3752,SK0227,2
PRJ1118,SK0241,3
PRJ0634,SK0067,4
PRJ0748,SK0118,3
PRJ0449,SK0156,2
PRJ4929,SK0032,4
PRJ2373,SK0219,2
PRJ1285,SK0051,3
PRJ2594,SK0113,4
PRJ0991,SK0077,3
PRJ1350,SK0253,2
PRJ1255,SK0144,4
PRJ0416,SK0103,4
PRJ1921,SK0102,3
PRJ4641,SK0055,3
PRJ2846,SK0272,3
PRJ2450,SK0075,2
PRJ3365,SK0175,2
PRJ3831,SK0005,2
PRJ2755,SK0281,3
PRJ2232,SK0102,4
PRJ2241,SK0145,3
PRJ4712,SK0263,3
PRJ2508,SK0145,3
PRJ0769,SK0183,2
PRJ2691,SK0075,4
PRJ2038,SK0262,3
PRJ2836,SK0022,3
PRJ3553,SK0086,4
PRJ2131,SK0022,2
PRJ4185,SK0118,3
PRJ2418,SK0222,3
PRJ3018,SK0177,4
PRJ3016,SK0197,4
PRJ4571,SK0025,2
PRJ0391,SK0015,4
PRJ2802,SK0271,2
PRJ1472,SK0203,4
PRJ3911,SK0107,4
PRJ3388,SK0007,4
PRJ3854,SK0041,3
PRJ4224,SK0252,2
PRJ2031,SK0220,2
PRJ1141,SK0086,2
PRJ4945,SK0113,4
PRJ0260,SK0066,2
PRJ4736,SK0241,4
PRJ0492,SK0256,4
PRJ0772,SK0168,2
PRJ0229,SK0279,3
PRJ0067,SK0106,2
PRJ3290,SK0133,4
PRJ0202,SK0187,4
PRJ2490,SK0300,3
PRJ0887,SK0097,3
PRJ2132,SK0254,3
PRJ1744,SK0035,3
PRJ2038,SK0275,3
PRJ3939,SK0109,3
PRJ1578,SK0154,2
PRJ2650,SK0178,3
PRJ4254,SK0094,2
PRJ0001,SK0292,4
PRJ4663,SK0170,3
PRJ3221,SK0133,3
PRJ0269,SK0243,2
PRJ0123,SK0152,3
PRJ3420,SK0256,2
PRJ0345,SK0231,2
PRJ2596,SK0128,3
PRJ1351,SK0286,2
PRJ4270,SK0112,2
PRJ3293,SK0232,3
PRJ4786,SK0291,3
PRJ3675,SK0144,4
PRJ0881,SK0271,4
PRJ0266,SK0057,4
PRJ1482,SK0288,2
PRJ2467,SK0212,4
PRJ4508,SK0218,4
PRJ1307,SK0178,4
PRJ0799,SK0138,2
PRJ3493,SK0108,4
PRJ2055,SK0268,2
PRJ3130,SK0079,4
PRJ0899,SK0091,2
PRJ2326,SK0173,2
PRJ0810,SK0236,2
PRJ3650,SK0163,3
PRJ4120,SK0157,3
PRJ0835,SK0050,4
PRJ4644,SK0044,4
PRJ2007,SK0048,3
PRJ2553,SK0190,4
PRJ1464,SK0277,3
PRJ0082,SK0216,2
PRJ3058,SK0015,4
PRJ2933,SK0006,4
PRJ3055,SK0091,4
PRJ4729,SK0049,3
PRJ2196,SK0052,4
PRJ4570,SK0182,4
PRJ4170,SK0265,3
PRJ1993,SK0268,3
PRJ2587,SK0104,2
PRJ4003,SK0054,3
PRJ0400,SK0220,3
PRJ0915,SK0267,4
PRJ1800,SK0240,2
PRJ4056,SK0206,3
PRJ0921,SK0053,2
PRJ0035,SK0049,2
PRJ0509,SK0169,2
PRJ0668,SK0184,3
PRJ2805,SK0106,2
PRJ3422,SK0268,3
PRJ1355,SK0167,2
PRJ4477,SK0035,3
PRJ1129,SK0007,2
PRJ2209,SK0264,3
PRJ3313,SK0049,2
PRJ1315,SK0209,4
PRJ0388,SK0116,2
PRJ2698,SK0008,4
PRJ3974,SK0082,4
PRJ0250,SK0247,3
PRJ1216,SK0113,2
PRJ3953,SK0189,4
PRJ2156,SK0183,3
PRJ3569,SK0264,3
PRJ1483,SK0097,2
PRJ2896,SK0050,4
PRJ0531,SK0018,3
PRJ2656,SK0202,3
PRJ4818,SK0221,2
PRJ2649,SK0213,3
PRJ1357,SK0212,2
PRJ4106,SK0139,3
PRJ1845,SK0085,3
PRJ1729,SK0157,4
PRJ3051,SK0209,2
PRJ0382,SK0117,2
PRJ0474,SK0248,4
PRJ1200,SK0027,3
PRJ2208,SK0014,3
PRJ2482,SK0253,2
PRJ2926,SK0047,3
PRJ2406,SK0168,4
PRJ0165,SK0074,4
PRJ1481,SK0179,4
PRJ1263,SK0191,2
PRJ4409,SK0013,2
PRJ0634,SK0217,4
PRJ2578,SK0147,4
PRJ2435,SK0250,4
PRJ3424,SK0138,2
PRJ3969,SK0233,3
PRJ4401,SK0205,4
PRJ4661,SK0146,4
PRJ2294,SK0198,3
PRJ0057,SK0244,2
PRJ0268,SK0299,2
PRJ0984,SK0130,3
PRJ2401,SK0187,4
PRJ0825,SK0244,2
PRJ3345,SK0236,4
PRJ1664,SK0103,2
PRJ3043,SK0142,3
PRJ4200,SK0010,3
PRJ0440,SK0033,4
PRJ0997,SK0010,2
PRJ4458,SK0003,3
PRJ2967,SK0086,2
PRJ3431,SK0279,2
PRJ0218,SK0196,2
PRJ1081,SK0251,4
PRJ1635,SK0260,2
PRJ2964,SK0007,3
PRJ0946,SK0206,2
PRJ4805,SK0075,3
PRJ4607,SK0003,2
PRJ1493,SK0291,2
PRJ1282,SK0041,3
PRJ0767,SK0206,2
PRJ0876,SK0285,2
PRJ2554,SK0291,2
PRJ3989,SK0268,3
PRJ3526,SK0291,3
PRJ3680,SK0258,4
PRJ0802,SK0009,2
PRJ4687,SK0234,4
PRJ0964,SK0237,3
PRJ1769,SK0257,3
PRJ4786,SK0252,3
PRJ1301,SK0020,4
PRJ3622,SK0207,4
PRJ4191,SK0115,4
PRJ2942,SK0111,2
PRJ2888,SK0082,3
PRJ1366,SK0188,4
PRJ3720,SK0175,2
PRJ0584,SK0013,4
PRJ3862,SK0143,4
PRJ0406,SK0186,3
PRJ0452,SK0122,4
PRJ1223,SK0208,4
PRJ4303,SK0148,3
PRJ3544,SK0007,2
PRJ2255,SK0176,4
PRJ3145,SK0220,4
PRJ2171,SK0292,3
PRJ2767,SK0145,3
PRJ4798,SK0009,3
PRJ0333,SK0277,4
PRJ0098,SK0089,3
PRJ0678,SK0122,2
PRJ4896,SK0262,4
PRJ0050,SK0226,4
PRJ3139,SK0089,4
PRJ3467,SK0061,4
PRJ1260,SK0128,4
PRJ0179,SK0120,3
PRJ1021,SK0142,4
PRJ2424,SK0284,3
PRJ1149,SK0186,4
PRJ3165,SK0228,3
PRJ3530,SK0300,4
PRJ2720,SK0210,4
PRJ4917,SK0033,3
PRJ4643,SK0061,3
PRJ1604,SK0237,4
PRJ4121,SK0196,4
PRJ0657,SK0056,2
PRJ1905,SK0088,4
PRJ3530,SK0091,3
PRJ4705,SK0184,4
PRJ0856,SK0023,4
PRJ0523,SK0080,2
PRJ2775,SK0285,2
PRJ1270,SK0093,2
PRJ1165,SK0081,2
PRJ4612,SK0292,2
PRJ2698,SK0188,4
PRJ2065,SK0241,2
PRJ3001,SK0273,2
PRJ4967,SK0264,3
PRJ3119,SK0118,4
PRJ4132,SK0220,2
PRJ3516,SK0182,2
PRJ1716,SK0261,4
PRJ0838,SK0058,2
PRJ3321,SK0078,4
PRJ3393,SK0038,2
PRJ0739,SK0032,3
PRJ4966,SK0174,4
PRJ4514,SK0172,3
PRJ3619,SK0022,2
PRJ4063,SK0242,2
PRJ0104,SK0082,4
PRJ0003,SK0256,2
PRJ4503,SK0196,2
PRJ0657,SK0151,3
PRJ3101,SK0253,2
PRJ4309,SK0266,4
PRJ0500,SK0184,3
PRJ0614,SK0058,4
PRJ1361,SK0136,4
PRJ3316,SK0215,2
PRJ0984,SK0205,4
PRJ1577,SK0104,3
PRJ4044,SK0080,3
PRJ2474,SK0279,2
PRJ0840,SK0056,3
PRJ2171,SK0173,3
PRJ1254,SK0169,4
PRJ0201,SK0233,4
PRJ3878,SK0122,3
PRJ1879,SK0128,4
PRJ3886,SK0079,4
PRJ2921,SK0045,3
PRJ4971,SK0243,3
PRJ4739,SK0010,2
PRJ4546,SK0008,2
PRJ3779,SK0110,3
PRJ0637,SK0104,3
PRJ4892,SK0259,3
PRJ1345,SK0135,4
PRJ1821,SK0180,2
PRJ1403,SK0028,3
PRJ3805,SK0111,2
PRJ0879,SK0290,4
PRJ3744,SK0078,2
PRJ1165,SK0193,4
PRJ3783,SK0109,3
PRJ4167,SK0125,4
PRJ1586,SK0286,4
PRJ0792,SK0066,3
PRJ4945,SK0125,4
PRJ1927,SK0230,4
PRJ0954,SK0204,2
PRJ2420,SK0061,3
PRJ0837,SK0035,3
PRJ1611,SK0064,4
PRJ2955,SK0085,4
PRJ0850,SK0221,3
PRJ0291,SK0239,2
PRJ4889,SK0111,4
PRJ1818,SK0081,4
PRJ2578,SK0016,2
PRJ0094,SK0038,3
PRJ1373,SK0194,2
PRJ2396,SK0062,3
PRJ0494,SK0166,4
PRJ2017,SK0103,3
PRJ4425,SK0093,4
PRJ2681,SK0257,2
PRJ0390,SK0188,3
PRJ2927,SK0048,3
PRJ4029,SK0258,2
PRJ1738,SK0077,3
PRJ1868,SK0165,2
PRJ0752,SK0261,4
PRJ4504,SK0241,4
PRJ3293,SK0293,4
PRJ3627,SK0167,3
PRJ4243,SK0037,2
PRJ3486,SK0047,4
PRJ1251,SK0033,2
PRJ0732,SK0082,4
PRJ0971,SK0219,4
PRJ4081,SK0089,4
PRJ4561,SK0085,4
PRJ2052,SK0092,3
PRJ4137,SK0229,3
PRJ4256,SK0071,3
PRJ1586,SK0102,4
PRJ3945,SK0279,3
PRJ2412,SK0156,3
PRJ3999,SK0248,2
PRJ0688,SK0036,3
PRJ2618,SK0182,2
PRJ2842,SK0208,2
PRJ4732,SK0262,3
PRJ4167,SK0010,4
PRJ3082,SK0059,2
PRJ0942,SK0087,2
PRJ4809,SK0299,2
PRJ0702,SK0260,4
PRJ3492,SK0138,4
PRJ2190,SK0273,3
PRJ0623,SK0242,4
PRJ4453,SK0206,2
PRJ1428,SK0187,2
PRJ2311,SK0287,4
PRJ0532,SK0149,2
PRJ0111,SK0167,2
PRJ1450,SK0210,2
PRJ3896,SK0055,3
PRJ0758,SK0290,3
PRJ2690,SK0213,3
PRJ4126,SK0034,4
PRJ1461,SK0203,4
PRJ2806,SK0037,4
PRJ2635,SK0198,2
PRJ4277,SK0075,3
PRJ3826,SK0244,3
PRJ1635,SK0137,4
PRJ1341,SK0193,3
PRJ3338,SK0269,4
PRJ2958,SK0200,3
PRJ3893,SK0242,2
PRJ3653,SK0243,2
PRJ2037,SK0220,4
PRJ2059,SK0157,2
PRJ0076,SK0127,3
PRJ1183,SK0163,4
PRJ3165,SK0054,4
PRJ4596,SK0240,2
PRJ0633,SK0045,3
PRJ0671,SK0139,4
PRJ4195,SK0259,3
PRJ4291,SK0033,2
PRJ0050,SK0059,4
PRJ2682,SK0214,2
PRJ4591,SK0097,3
PRJ1571,SK0012,3
PRJ4868,SK0072,3
PRJ3443,SK0112,4
PRJ1999,SK0126,4
PRJ0920,SK0220,2
PRJ0334,SK0224,4
PRJ3297,SK0019,3
PRJ0404,SK0173,3
PRJ0511,SK0171,4
PRJ1361,SK0216,4
PRJ0111,SK0157,4
PRJ2430,SK0135,3
PRJ1260,SK0118,4
PRJ3358,SK0169,2
PRJ2998,SK0073,2
PRJ0729,SK0135,2
PRJ4815,SK0015,3
PRJ2984,SK0041,4
PRJ0950,SK0250,3
PRJ3410,SK0264,3
PRJ2216,SK0203,3
PRJ3980,SK0121,4
PRJ1532,SK0249,3
PRJ0186,SK0269,2
PRJ3603,SK0035,4
PRJ1936,SK0151,3
PRJ3432,SK0233,2
PRJ2920,SK0143,4
PRJ3226,SK0237,3
PRJ1557,SK0186,3
PRJ3834,SK0222,2
PRJ1643,SK0275,2
PRJ1952,SK0026,2
PRJ3042,SK0106,4
PRJ2608,SK0060,2
PRJ4518,SK0030,3
PRJ3673,SK0037,2
PRJ2636,SK0298,3
PRJ4208,SK0060,2
PRJ1691,SK0142,4
PRJ3601,SK0080,3
PRJ4511,SK0200,4
PRJ0879,SK0088,3
PRJ0394,SK0124,4
PRJ0650,SK0238,4
PRJ3041,SK0240,2
PRJ3018,SK0221,4
PRJ0071,SK0039,4
PRJ4614,SK0046,4
PRJ2457,SK0272,3
PRJ4558,SK0172,3
PRJ3133,SK0202,3
PRJ4224,SK0220,2
PRJ4361,SK0047,4
PRJ2381,SK0183,2
PRJ0011,SK0100,3
PRJ1475,SK0185,2
PRJ2672,SK0094,2
PRJ3600,SK0073,4
PRJ1032,SK0030,3
PRJ1113,SK0116,2
PRJ1870,SK0109,2
PRJ4830,SK0103,4
PRJ4897,SK0285,4
PRJ1831,SK0231,2
PRJ3193,SK0030,2
PRJ4439,SK0274,4
PRJ3897,SK0005,2
PRJ2511,SK0264,4
PRJ3187,SK0146,4
PRJ2546,SK0296,4
PRJ3675,SK0116,2
PRJ3473,SK0226,2
PRJ4238,SK0283,3
PRJ3490,SK0163,4
PRJ4596,SK0041,3
PRJ1255,SK0046,2
PRJ1493,SK0181,2
PRJ3304,SK0152,2
PRJ4968,SK0045,2
PRJ3571,SK0202,3
PRJ4338,SK0204,4
PRJ1578,SK0167,3
PRJ2376,SK0273,3
PRJ2755,SK0151,2
PRJ1196,SK0253,2
PRJ1606,SK0118,2
PRJ4481,SK0254,4
PRJ1380,SK0256,2
PRJ0061,SK0124,3
PRJ2354,SK0277,3
PRJ4579,SK0132,4
PRJ1138,SK0106,3
PRJ1092,SK0021,4
PRJ1853,SK0267,2
PRJ3452,SK0025,4
PRJ3531,SK0032,3
PRJ0476,SK0030,3
PRJ0008,SK0162,3
PRJ4159,SK0291,3
PRJ1029,SK0022,3
PRJ0120,SK0025,2
PRJ2790,SK0077,2
PRJ1064,SK0127,2
PRJ0836,SK0173,4
PRJ4901,SK0255,3
PRJ2766,SK0154,4
PRJ3703,SK0138,2
PRJ4025,SK0103,2
PRJ4818,SK0122,2
PRJ3893,SK0112,3
PRJ4362,SK0288,2
PRJ2521,SK0297,3
PRJ0162,SK0134,3
PRJ1269,SK0198,2
PRJ3302,SK0183,3
PRJ4781,SK0189,2
PRJ4039,SK0030,3
PRJ4083,SK0183,3
PRJ0459,SK0197,3
PRJ4257,SK0152,2
PRJ4363,SK0011,2
PRJ1939,SK0078,4
PRJ1914,SK0132,3
PRJ4969,SK0047,4
PRJ0314,SK0055,2
PRJ1285,SK0223,4
PRJ0024,SK0197,4
PRJ3850,SK0136,4
PRJ1748,SK0244,3
PRJ4923,SK0077,2
PRJ4180,SK0014,4
PRJ1471,SK0023,2
PRJ2744,SK0262,3
PRJ4987,SK0029,2
PRJ2675,SK0079,2
PRJ1860,SK0147,4
PRJ4504,SK0260,2
PRJ3620,SK0185,2
PRJ2958,SK0138,4
PRJ4137,SK0091,3
PRJ2243,SK0164,2
PRJ1408,SK0118,3
PRJ3279,SK0254,3
PRJ0253,SK0160,4
PRJ1272,SK0071,3
PRJ1036,SK0233,2
PRJ1720,SK0040,2
PRJ3045,SK0031,4
PRJ0055,SK0089,3
PRJ0764,SK0097,3
PRJ1940,SK0092,4
PRJ3963,SK0201,2
PRJ1284,SK0001,4
PRJ3538,SK0038,3
PRJ0873,SK0073,4
PRJ0325,SK0110,4
PRJ4203,SK0090,2
PRJ0119,SK0144,3
PRJ0299,SK0083,2
PRJ3446,SK0079,4
PRJ3178,SK0129,3
PRJ0907,SK0236,3
PRJ2648,SK0014,2
PRJ0388,SK0136,3
PRJ2745,SK0095,4
PRJ0117,SK0272,3
PRJ0148,SK0018,4
PRJ4323,SK0007,2
PRJ3891,SK0157,2
PRJ1993,SK0039,3
PRJ1147,SK0134,3
PRJ0137,SK0001,4
PRJ3885,SK0279,3
PRJ2490,SK0053,2
PRJ1097,SK0111,3
PRJ1956,SK0060,4
PRJ1283,SK0122,2
PRJ1779,SK0096,3
PRJ3435,SK0024,4
PRJ1053,SK0205,3
PRJ0194,SK0281,3
PRJ2659,SK0119,3
PRJ0779,SK0151,4
PRJ2912,SK0216,3
PRJ1443,SK0168,3
PRJ0741,SK0034,3
PRJ4418,SK0252,3
PRJ3863,SK0006,4
PRJ1343,SK0215,3
PRJ3097,SK0297,3
PRJ3221,SK0268,3
PRJ4610,SK0003,3
PRJ3276,SK0155,2
PRJ2131,SK0299,4
PRJ3354,SK0047,4
PRJ1489,SK0148,4
PRJ2690,SK0002,2
PRJ3800,SK0232,2
PRJ2613,SK0178,2
PRJ0975,SK0006,3
PRJ3503,SK0151,3
PRJ0951,SK0232,4
PRJ1595,SK0127,4
PRJ0540,SK0033,3
PRJ1801,SK0210,3
PRJ3898,SK0260,2
PRJ0792,SK0115,4
PRJ0651,SK0271,2
PRJ2228,SK0109,3
PRJ3988,SK0248,3
PRJ3303,SK0228,2
PRJ1474,SK0097,2
PRJ1221,SK0122,3
PRJ2560,SK0103,3
PRJ4910,SK0176,2
PRJ4770,SK0221,2
PRJ3928,SK0145,3
PRJ0459,SK0216,4
PRJ0128,SK0027,3
PRJ2928,SK0283,4
PRJ3655,SK0195,3
PRJ4763,SK0283,3
PRJ0609,SK0112,4
PRJ0109,SK0287,2
PRJ0294,SK0032,4
PRJ0414,SK0156,4
PRJ2849,SK0141,4
PRJ2916,SK0094,4
PRJ1365,SK0261,4
PRJ2539,SK0230,3
PRJ0658,SK0060,2
PRJ2405,SK0142,2
PRJ1894,SK0213,2
PRJ0624,SK0141,3
PRJ3223,SK0034,4
PRJ0927,SK0089,4
PRJ4549,SK0236,4
PRJ4475,SK0116,3
PRJ4675,SK0068,2
PRJ4396,SK0192,3
PRJ0633,SK0140,4
PRJ4898,SK0121,4
PRJ0639,SK0047,2
PRJ3557,SK0057,4
PRJ3439,SK0110,3
PRJ1848,SK0096,2
PRJ0430,SK0105,3
PRJ4006,SK0068,4
PRJ2395,SK0061,4
PRJ0998,SK0061,2
PRJ2627,SK0254,2
PRJ3493,SK0215,2
PRJ2208,SK0214,3
PRJ3315,SK0082,3
PRJ3144,SK0086,3
PRJ2684,SK0204,3
PRJ3691,SK0080,4
PRJ1307,SK0191,3
PRJ1217,SK0247,3
PRJ2067,SK0013,4
PRJ4125,SK0034,2
PRJ1379,SK0098,4
PRJ3644,SK0249,2
PRJ2986,SK0107,4
PRJ0369,SK0002,2
PRJ3403,SK0233,3
PRJ2126,SK0191,2
PRJ3422,SK0059,2
PRJ0324,SK0216,3
PRJ3295,SK0141,4
PRJ1906,SK0186,3
PRJ0981,SK0060,4
PRJ1698,SK0199,2
PRJ0491,SK0113,2
PRJ2061,SK0085,4
PRJ3479,SK0091,4
PRJ3886,SK0138,4
PRJ0886,SK0210,4
PRJ4159,SK0091,3
PRJ4533,SK0049,2
PRJ2306,SK0269,4
PRJ1220,SK0004,2
PRJ0705,SK0263,3
PRJ4760,SK0062,4
PRJ4951,SK0269,3
PRJ0390,SK0118,3
PRJ4390,SK0195,4
PRJ2584,SK0221,2
PRJ2456,SK0182,2
PRJ0991,SK0027,4
PRJ3595,SK0038,4
PRJ0438,SK0230,2
PRJ2376,SK0053,4
PRJ0394,SK0085,3
PRJ1169,SK0169,2
PRJ3896,SK0143,3
PRJ3395,SK0043,3
PRJ3187,SK0276,4
PRJ4830,SK0049,4
PRJ2009,SK0035,3
PRJ1095,SK0094,2
PRJ0909,SK0200,2
PRJ1414,SK0285,4
PRJ3447,SK0085,4
PRJ0385,SK0226,3
PRJ2316,SK0141,3
PRJ0553,SK0131,2
PRJ3014,SK0224,2
PRJ4925,SK0150,3
PRJ0545,SK0210,4
PRJ2905,SK0168,3
PRJ1441,SK0189,3
PRJ1919,SK0087,2
PRJ3350,SK0288,3
PRJ1141,SK0237,2
PRJ0050,SK0179,3
PRJ3003,SK0117,3
PRJ0031,SK0244,4
PRJ4488,SK0291,3
PRJ3190,SK0171,2
PRJ2445,SK0043,2
PRJ3409,SK0015,4
PRJ3067,SK0298,3
PRJ0282,SK0243,4
PRJ4558,SK0141,3
PRJ3915,SK0227,3
PRJ4983,SK0271,3
PRJ2292,SK0039,3
PRJ1356,SK0155,3
PRJ4616,SK0282,4
PRJ3820,SK0011,3
PRJ1271,SK0005,4
PRJ2030,SK0109,4
PRJ1614,SK0270,3
PRJ1154,SK0235,4
PRJ1083,SK0171,2
PRJ1744,SK0137,2
PRJ1092,SK0218,3
PRJ2404,SK0016,3
PRJ3201,SK0065,4
PRJ2342,SK0138,2
PRJ0419,SK0230,3
PRJ0544,SK0002,2
PRJ0866,SK0229,2
PRJ0318,SK0235,4
PRJ0210,SK0100,3
PRJ1586,SK0148,2
PRJ4951,SK0192,3
PRJ4640,SK0213,3
PRJ4147,SK0164,3
PRJ0605,SK0293,4
PRJ0979,SK0096,3
PRJ1339,SK0203,3
PRJ2561,SK0225,2
PRJ3467,SK0101,2
PRJ2460,SK0247,2
PRJ2781,SK0208,2
PRJ3106,SK0235,3
PRJ4342,SK0116,4
PRJ2439,SK0050,4
PRJ4953,SK0105,3
PRJ3889,SK0213,3
PRJ1932,SK0222,4
PRJ3278,SK0096,2
PRJ0181,SK0017,4
PRJ2117,SK0277,2
PRJ1887,SK0196,4
PRJ4327,SK0276,3
PRJ3073,SK0225,4
PRJ1873,SK0274,4
PRJ0246,SK0037,3
PRJ3955,SK0110,3
PRJ3150,SK0128,2
PRJ2828,SK0066,4
PRJ3265,SK0136,3
PRJ3451,SK0247,3
PRJ0617,SK0216,2
PRJ2952,SK0096,2
PRJ4159,SK0162,3
PRJ2822,SK0166,2
PRJ1944,SK0264,4
PRJ0771,SK0011,3
PRJ3125,SK0184,3
PRJ4724,SK0176,4
PRJ3688,SK0117,2
PRJ2918,SK0291,4
PRJ3743,SK0218,4
PRJ4952,SK0265,2
PRJ2861,SK0063,2
PRJ3201,SK0092,2
PRJ3887,SK0243,2
PRJ1760,SK0122,4
PRJ3617,SK0261,3
PRJ1142,SK0081,2
PRJ4602,SK0250,4
PRJ1382,SK0255,3
PRJ4155,SK0287,3
PRJ1820,SK0171,4
PRJ2284,SK0019,4
PRJ3136,SK0157,4
PRJ4466,SK0219,4
PRJ2119,SK0157,2
PRJ1559,SK0136,4
PRJ3932,SK0026,4
PRJ4462,SK0186,4
PRJ0026,SK0042,3
PRJ4166,SK0260,3
PRJ4554,SK0068,3
PRJ1156,SK0036,2
PRJ1599,SK0097,4
PRJ4020,SK0249,2
PRJ4164,SK0018,3
PRJ3080,SK0041,2
PRJ4400,SK0062,3
PRJ2623,SK0207,2
PRJ2550,SK0102,2
PRJ0786,SK0083,3
PRJ1196,SK0275,4
PRJ0064,SK0187,3
PRJ2419,SK0024,4
PRJ4900,SK0091,2
PRJ4804,SK0096,3
PRJ0765,SK0247,4
PRJ0383,SK0171,2
PRJ1415,SK0244,2
PRJ4763,SK0133,4
PRJ0477,SK0016,4
PRJ0497,SK0248,3
PRJ1111,SK0118,2
PRJ0695,SK0121,4
PRJ4422,SK0016,2
PRJ3493,SK0108,4
PRJ4915,SK0132,3
PRJ0516,SK0141,2
PRJ0323,SK0094,3
PRJ0242,SK0135,4
PRJ0709,SK0014,2
PRJ4908,SK0255,4
PRJ2021,SK0266,2
PRJ0692,SK0203,4
PRJ0735,SK0174,3
PRJ1776,SK0206,2
PRJ0722,SK0276,4
PRJ3095,SK0273,3
PRJ1435,SK0231,2
PRJ4755,SK0297,4
PRJ4412,SK0062,3
PRJ3610,SK0114,3
PRJ3830,SK0146,4
PRJ1136,SK0187,2
PRJ4586,SK0111,2
PRJ2068,SK0264,3
PRJ3726,SK0170,3
PRJ2528,SK0192,3
PRJ3921,SK0039,3
PRJ4187,SK0234,3
PRJ2414,SK0092,4
PRJ3149,SK0282,4
PRJ2946,SK0287,2
PRJ3659,SK0041,4
PRJ1821,SK0246,2
PRJ1534,SK0010,4
PRJ1369,SK0265,3
PRJ1944,SK0190,2
PRJ4753,SK0064,3
PRJ1153,SK0259,2
PRJ3591,SK0189,3
PRJ2639,SK0041,2
PRJ2784,SK0096,2
PRJ4139,SK0206,4
PRJ0014,SK0074,4
PRJ1156,SK0282,2
PRJ2993,SK0096,3
PRJ3380,SK0058,2
PRJ3478,SK0207,4
PRJ3130,SK0214,3
PRJ1651,SK0163,4
PRJ3857,SK0109,3
PRJ1565,SK0220,2
PRJ3563,SK0062,4
PRJ4935,SK0100,3
PRJ3052,SK0240,3
PRJ1273,SK0024,4
PRJ0413,SK0208,3
PRJ4984,SK0133,4
PRJ4139,SK0033,4
PRJ2251,SK0177,3
PRJ3408,SK0011,4
PRJ4664,SK0116,2
PRJ1638,SK0229,4
PRJ1801,SK0088,3
PRJ3291,SK0226,4
PRJ1612,SK0029,2
PRJ0709,SK0208,3
PRJ1470,SK0165,3
PRJ4094,SK0228,2
PRJ2082,SK0119,3
PRJ2608,SK0201,2
PRJ1225,SK0211,2
PRJ1954,SK0065,4
PRJ4135,SK0247,4
PRJ1451,SK0272,4
PRJ1099,SK0224,2
PRJ1997,SK0011,4
PRJ0150,SK0070,2
PRJ3113,SK0280,3
PRJ4632,SK0196,4
PRJ4182,SK0271,4
PRJ3870,SK0079,2
PRJ0691,SK0050,2
PRJ0387,SK0114,3
PRJ2532,SK0227,2
PRJ3891,SK0040,2
PRJ0230,SK0020,3
PRJ4990,SK0231,2
PRJ1246,SK0040,2
PRJ1062,SK0164,3
PRJ3998,SK0137,4
PRJ0310,SK0086,3
PRJ2158,SK0084,2
PRJ3610,SK0248,3
PRJ0906,SK0021,2
PRJ2522,SK0212,3
PRJ1142,SK0242,4
PRJ0307,SK0267,2
PRJ2037,SK0128,2
PRJ4529,SK0107,2
PRJ4804,SK0260,2
PRJ1442,SK0260,3
PRJ3929,SK0051,3
PRJ4378,SK0159,2
PRJ2991,SK0120,2
PRJ4340,SK0250,3
PRJ3552,SK0030,3
PRJ3492,SK0019,2
PRJ4372,SK0161,2
PRJ3698,SK0243,2
PRJ1675,SK0234,2
PRJ4720,SK0140,4
PRJ3272,SK0220,3
PRJ4479,SK0035,3
PRJ3544,SK0265,3
PRJ2624,SK0185,3
PRJ1819,SK0231,4
PRJ0533,SK0041,2
PRJ4838,SK0258,2
PRJ1012,SK0129,4
PRJ0384,SK0202,4
PRJ0773,SK0262,2
PRJ4449,SK0272,4
PRJ0274,SK0085,3
PRJ3021,SK0284,4
PRJ3657,SK0229,2
PRJ0670,SK0130,4
PRJ4869,SK0012,4
PRJ4433,SK0051,2
PRJ3716,SK0087,4
PRJ0884,SK0241,4
PRJ2882,SK0143,3
PRJ0102,SK0034,3
PRJ4250,SK0120,3
PRJ2393,SK0231,2
PRJ3349,SK0275,3
PRJ2339,SK0283,3
PRJ0193,SK0183,3
PRJ4938,SK0076,4
PRJ1584,SK0257,3
PRJ0683,SK0283,4
PRJ3989,SK0122,4
PRJ1911,SK0119,4
PRJ0107,SK0283,2
PRJ2033,SK0109,3
PRJ4355,SK0067,2
PRJ0950,SK0224,4
PRJ3482,SK0206,4
PRJ2850,SK0192,3
PRJ1308,SK0033,2
PRJ0620,SK0136,2
PRJ2605,SK0094,2
PRJ4410,SK0235,4
PRJ0229,SK0145,4
PRJ4742,SK0262,2
PRJ3574,SK0233,4
PRJ3004,SK0112,3
PRJ4250,SK0126,2
PRJ2018,SK0168,4
PRJ0878,SK0217,2
PRJ3514,SK0064,3
PRJ3609,SK0248,4
PRJ3381,SK0221,4
PRJ2544,SK0293,3
PRJ3980,SK0285,3
PRJ4643,SK0277,2
PRJ1492,SK0156,3
PRJ2444,SK0062,2
PRJ2580,SK0272,2
PRJ3502,SK0272,3
PRJ0627,SK0124,3
PRJ4281,SK0056,2
PRJ1753,SK0165,2
PRJ2697,SK0164,2
PRJ3776,SK0084,2
PRJ3767,SK0096,2
PRJ0700,SK0188,2
PRJ2733,SK0247,4
PRJ1359,SK0150,4
PRJ4863,SK0092,4
PRJ3655,SK0158,2
PRJ2246,SK0085,2
PRJ3363,SK0103,2
PRJ0065,SK0200,2
PRJ4747,SK0094,3
PRJ0066,SK0235,3
PRJ3280,SK0112,3
PRJ1049,SK0290,2
PRJ3011,SK0157,4
PRJ2680,SK0038,2
PRJ2861,SK0201,4
PRJ0895,SK0080,2
PRJ2738,SK0157,2
PRJ0766,SK0156,3
PRJ2789,SK0115,2
PRJ2505,SK0041,3
PRJ4915,SK0003,4
PRJ1599,SK0115,2
PRJ4647,SK0050,3
PRJ4550,SK0006,4
PRJ4716,SK0286,2
PRJ0896,SK0005,3
PRJ3548,SK0025,4
PRJ2376,SK0018,2
PRJ1181,SK0214,4
PRJ4515,SK0078,3
PRJ1334,SK0238,3
PRJ0111,SK0180,4
PRJ0667,SK0161,2
PRJ2669,SK0203,2
PRJ1480,SK0272,3
PRJ0444,SK0125,4
PRJ4903,SK0135,4
PRJ3373,SK0064,2
PRJ1138,SK0021,3
PRJ4070,SK0271,4
PRJ3342,SK0088,2
PRJ2742,SK0081,2
PRJ2057,SK0171,2
PRJ3806,SK0204,4
PRJ3697,SK0063,4
PRJ2417,SK0023,4
PRJ3752,SK0024,3
PRJ2226,SK0078,2
PRJ1296,SK0289,4
PRJ3655,SK0168,3
PRJ1970,SK0074,4
PRJ4085,SK0016,4
PRJ0625,SK0036,2
PRJ1554,SK0294,4
PRJ1154,SK0257,3
PRJ2892,SK0300,4
PRJ0330,SK0129,3
PRJ3597,SK0205,2
PRJ4490,SK0280,2
PRJ1584,SK0282,3
PRJ0566,SK0039,3
PRJ3653,SK0156,2
PRJ0271,SK0063,4
PRJ4173,SK0257,4
PRJ1415,SK0184,3
PRJ2987,SK0123,2
PRJ4924,SK0125,4
PRJ2392,SK0228,2
PRJ2015,SK0172,2
PRJ4732,SK0054,4
PRJ1156,SK0006,3
PRJ2129,SK0296,3
PRJ4301,SK0255,2
PRJ2584,SK0061,3
PRJ2557,SK0082,3
PRJ4685,SK0089,2
PRJ2221,SK0158,2
PRJ2161,SK0250,3
PRJ3200,SK0288,4
PRJ0223,SK0130,3
PRJ2097,SK0261,4
PRJ0186,SK0251,2
PRJ2106,SK0060,4
PRJ3555,SK0072,3
PRJ3935,SK0174,4
PRJ4297,SK0206,2
PRJ1928,SK0168,3
PRJ3743,SK0088,4
PRJ3202,SK0266,2
PRJ3666,SK0275,3
PRJ0533,SK0024,2
PRJ0838,SK0182,3
PRJ1144,SK0271,3
PRJ0751,SK0068,3
PRJ1364,SK0022,2
PRJ1241,SK0155,4
PRJ1264,SK0273,2
PRJ2745,SK0295,4
PRJ1531,SK0126,2
PRJ0319,SK0093,4
PRJ3109,SK0012,4
PRJ0842,SK0219,4
PRJ1440,SK0080,2
PRJ4352,SK0238,3
PRJ1343,SK0037,3
PRJ1304,SK0261,4
PRJ2488,SK0189,2
PRJ1084,SK0271,3
PRJ0472,SK0028,4
PRJ0630,SK0279,2
PRJ1870,SK0293,2
PRJ2298,SK0098,2
PRJ2348,SK0072,4
PRJ0392,SK0066,3
PRJ0109,SK0143,3
PRJ2151,SK0203,2
PRJ3264,SK0266,2
PRJ1960,SK0208,2
PRJ0842,SK0102,3
PRJ1718,SK0181,2
PRJ4479,SK0021,3
PRJ4433,SK0048,3
PRJ4319,SK0115,4
PRJ0556,SK0136,2
PRJ2548,SK0039,4
PRJ2269,SK0067,4
PRJ0163,SK0122,2
PRJ3061,SK0168,2
PRJ3691,SK0035,3
PRJ1177,SK0269,2
PRJ2960,SK0262,3
PRJ0776,SK0244,3
PRJ0329,SK0138,3
PRJ0353,SK0008,2
PRJ3744,SK0158,2
PRJ3444,SK0229,2
PRJ0541,SK0014,2
PRJ0864,SK0039,4
PRJ2992,SK0122,3
PRJ3768,SK0074,2
PRJ3106,SK0267,3
PRJ3192,SK0151,4
PRJ1090,SK0087,4
PRJ3511,SK0021,3
PRJ0437,SK0282,2
PRJ0181,SK0092,2
PRJ1697,SK0148,3
PRJ1126,SK0182,2
PRJ1288,SK0095,3
PRJ4507,SK0220,2
PRJ2104,SK0300,4
PRJ2669,SK0142,3
PRJ2066,SK0082,4
PRJ3228,SK0258,2
PRJ1956,SK0034,3
PRJ3513,SK0162,3
PRJ4397,SK0249,3
PRJ3866,SK0028,4
PRJ2540,SK0012,3
PRJ4746,SK0089,4
PRJ2510,SK0027,4
PRJ4947,SK0060,4
PRJ3569,SK0300,3
PRJ4664,SK0076,3
PRJ0115,SK0146,2
PRJ2465,SK0050,4
PRJ2930,SK0163,2
PRJ2802,SK0001,2
PRJ3702,SK0228,4
PRJ4003,SK0061,3
PRJ4150,SK0085,2
PRJ3386,SK0295,4
PRJ4527,SK0281,3
PRJ0026,SK0155,2
PRJ0063,SK0073,2
PRJ3022,SK0260,3
PRJ3523,SK0036,4
PRJ0503,SK0233,2
PRJ3336,SK0038,3
PRJ2105,SK0145,4
PRJ0155,SK0143,2
PRJ4892,SK0283,2
PRJ2280,SK0256,3
PRJ1673,SK0196,3
PRJ4796,SK0130,3
PRJ0529,SK0042,2
PRJ3943,SK0097,2
PRJ0069,SK0181,2
PRJ4028,SK0050,2
PRJ2228,SK0104,4
PRJ4937,SK0128,3
PRJ3221,SK0075,3
PRJ1090,SK0075,4
PRJ0980,SK0294,4
PRJ1199,SK0273,2
PRJ0352,SK0108,4
PRJ4201,SK0144,3
PRJ4663,SK0166,3
PRJ3428,SK0093,4
PRJ2359,SK0082,2
PRJ0601,SK0265,4
PRJ1998,SK0145,3
PRJ4089,SK0041,3
PRJ4601,SK0228,4
PRJ1690,SK0280,2
PRJ4221,SK0008,4
PRJ1546,SK0272,3
PRJ3453,SK0062,3
PRJ2962,SK0283,2
PRJ1857,SK0211,4
PRJ2783,SK0228,3
PRJ0848,SK0133,3
PRJ0995,SK0037,2
PRJ1066,SK0168,2
PRJ1666,SK0296,4
PRJ2946,SK0204,4
PRJ4049,SK0061,2
PRJ1768,SK0154,3
PRJ4611,SK0300,2
PRJ1569,SK0116,2
PRJ0894,SK0170,2
PRJ0741,SK0179,3
PRJ4665,SK0153,4
PRJ2184,SK0293,3
PRJ1559,SK0235,2
PRJ2852,SK0182,3
PRJ2227,SK0264,2
PRJ1428,SK0053,4
PRJ4009,SK0264,4
PRJ0083,SK0252,4
PRJ0146,SK0072,2
PRJ4247,SK0044,4
PRJ2460,SK0007,4
PRJ3237,SK0165,2
PRJ3024,SK0035,4
PRJ1443,SK0237,2
PRJ2714,SK0288,4
PRJ4900,SK0281,3
PRJ2579,SK0225,4
PRJ1214,SK0064,3
PRJ3746,SK0050,4
PRJ1825,SK0214,3
PRJ1965,SK0229,4
PRJ1431,SK0035,4
PRJ0384,SK0150,2
PRJ0097,SK0284,2
PRJ4644,SK0259,2
PRJ4476,SK0190,4
PRJ3138,SK0232,2
PRJ0448,SK0140,3
PRJ4948,SK0028,4
PRJ0327,SK0202,3
PRJ4352,SK0106,4
PRJ0848,SK0074,3
PRJ3384,SK0190,2
PRJ1127,SK0245,3
PRJ1589,SK0206,4
PRJ2965,SK0105,2
PRJ2190,SK0224,2
PRJ3591,SK0151,3
PRJ4768,SK0268,3
PRJ1752,SK0023,2
PRJ3061,SK0298,2
PRJ1155,SK0242,2
PRJ3167,SK0205,3
PRJ2606,SK0116,3
PRJ4916,SK0284,3
PRJ4550,SK0239,3
PRJ4078,SK0040,2
PRJ2912,SK0108,2
PRJ2054,SK0270,4
PRJ0523,SK0068,2
PRJ4749,SK0231,4
PRJ4831,SK0291,2
PRJ0752,SK0166,2
PRJ3854,SK0240,4
PRJ3332,SK0165,3
PRJ0132,SK0184,4
PRJ1990,SK0249,3
PRJ2548,SK0209,2
PRJ3619,SK0032,2
PRJ3913,SK0252,3
PRJ3494,SK0194,4
PRJ3411,SK0098,4
PRJ3993,SK0063,4
PRJ1612,SK0064,3
PRJ4390,SK0153,4
PRJ0960,SK0192,4
PRJ4407,SK0254,3
PRJ4521,SK0211,4
PRJ2188,SK0289,3
PRJ4833,SK0175,4
PRJ1968,SK0006,4
PRJ1958,SK0130,4
PRJ3804,SK0239,4
PRJ0737,SK0025,3
PRJ0104,SK0090,3
PRJ0237,SK0135,2
PRJ3533,SK0178,2
PRJ1054,SK0060,2
PRJ0158,SK0184,2
PRJ2595,SK0128,2
PRJ2827,SK0090,3
PRJ4953,SK0219,3
PRJ3915,SK0237,2
PRJ2123,SK0283,4
PRJ3547,SK0116,4
PRJ2821,SK0273,2
PRJ2379,SK0079,2
PRJ2023,SK0210,3
PRJ0856,SK0215,4
PRJ4059,SK0046,3
PRJ4301,SK0051,2
PRJ0713,SK0287,4
PRJ0080,SK0268,4
PRJ2487,SK0107,2
PRJ0518,SK0108,3
PRJ4219,SK0106,2
PRJ1862,SK0050,4
PRJ0681,SK0292,4
PRJ0509,SK0200,3
PRJ2671,SK0016,3
PRJ0527,SK0245,3
PRJ2268,SK0007,3
PRJ3881,SK0066,4
PRJ2881,SK0212,3
PRJ2784,SK0110,3
PRJ1149,SK0217,3
PRJ0468,SK0240,3
PRJ0638,SK0141,3
PRJ1810,SK0285,3
PRJ0805,SK0206,4
PRJ2128,SK0100,4
PRJ1112,SK0194,3
PRJ1209,SK0291,2
PRJ3643,SK0176,4
PRJ0139,SK0283,2
PRJ3898,SK0024,3
PRJ3853,SK0103,4
PRJ1254,SK0037,2
PRJ4159,SK0208,4
PRJ4116,SK0217,4
PRJ2611,SK0095,4
PRJ2574,SK0172,3
PRJ3352,SK0181,2
PRJ0007,SK0136,4
PRJ3018,SK0171,3
PRJ1427,SK0246,2
PRJ0659,SK0284,3
PRJ1581,SK0035,3
PRJ4391,SK0295,4
PRJ0159,SK0200,3
PRJ2524,SK0021,2
PRJ3640,SK0087,2
PRJ1685,SK0093,2
PRJ1843,SK0067,4
PRJ0457,SK0181,3
PRJ2500,SK0215,3
PRJ4488,SK0047,2
PRJ4989,SK0248,2
PRJ3915,SK0009,3
PRJ2314,SK0086,4
PRJ0473,SK0256,3
PRJ3559,SK0185,4
PRJ4254,SK0088,4
PRJ3704,SK0145,4
PRJ0344,SK0276,3
PRJ1184,SK0092,2
PRJ4729,SK0296,3
PRJ4950,SK0181,2
PRJ1170,SK0068,4
PRJ1599,SK0055,2
PRJ3537,SK0218,4
PRJ4514,SK0241,3
PRJ1936,SK0089,2
PRJ4896,SK0188,2
PRJ0922,SK0230,3
PRJ4984,SK0119,3
PRJ2230,SK0197,3
PRJ3685,SK0130,3
PRJ4787,SK0192,3
PRJ1941,SK0211,2
PRJ3369,SK0019,2
PRJ1981,SK0182,4
PRJ2626,SK0068,3
PRJ1192,SK0123,4
PRJ4624,SK0033,4
PRJ0103,SK0211,3
PRJ2447,SK0287,4
PRJ0021,SK0243,4
PRJ4014,SK0164,4
PRJ2091,SK0134,4
PRJ4371,SK0123,3
PRJ4755,SK0113,3
PRJ3855,SK0205,3
PRJ3464,SK0076,3
PRJ0941,SK0275,4
PRJ0677,SK0238,2
PRJ2260,SK0238,3
PRJ4961,SK0078,2
PRJ0722,SK0234,2
PRJ2078,SK0093,4
PRJ3236,SK0150,4
PRJ3615,SK0002,3
PRJ4077,SK0284,2
PRJ2387,SK0151,2
PRJ1692,SK0146,2
PRJ1636,SK0275,4
PRJ0691,SK0295,2
PRJ4753,SK0215,4
PRJ1306,SK0128,2
PRJ3667,SK0078,4
PRJ3261,SK0300,4
PRJ1394,SK0114,3
PRJ0741,SK0099,4
PRJ1623,SK0251,4
PRJ4275,SK0041,4
PRJ1975,SK0088,3
PRJ0558,SK0052,3
PRJ4201,SK0004,3
PRJ1818,SK0168,2
PRJ4213,SK0056,4
PRJ1826,SK0205,4
PRJ2621,SK0064,2
PRJ3881,SK0087,2
PRJ1477,SK0070,4
PRJ2207,SK0064,3
PRJ4988,SK0079,3
PRJ2738,SK0206,3
PRJ3308,SK0062,3
PRJ4929,SK0016,3
PRJ1203,SK0110,4
PRJ4135,SK0118,3
PRJ1373,SK0057,2
PRJ2655,SK0146,3
PRJ4414,SK0042,4
PRJ4328,SK0244,4
PRJ0071,SK0211,2
PRJ2733,SK0102,2
PRJ0730,SK0057,4
PRJ3816,SK0030,4
PRJ1488,SK0185,4
PRJ3483,SK0110,3
PRJ3008,SK0080,3
PRJ0164,SK0194,4
PRJ4050,SK0115,4
PRJ0172,SK0193,3
PRJ3527,SK0217,2
PRJ4910,SK0168,3
PRJ1222,SK0107,3
PRJ3445,SK0095,4
PRJ1773,SK0283,2
PRJ3914,SK0243,3
PRJ1692,SK0280,4
PRJ3478,SK0149,4
PRJ4900,SK0047,2
PRJ4630,SK0042,2
PRJ3310,SK0266,2
PRJ4755,SK0224,3
PRJ1732,SK0034,3
PRJ2324,SK0063,4
PRJ3601,SK0285,2
PRJ4721,SK0072,2
PRJ2823,SK0160,2
PRJ1230,SK0027,4
PRJ2605,SK0218,3
PRJ1846,SK0237,2
PRJ4009,SK0153,2
PRJ2608,SK0191,3
PRJ4670,SK0105,4
PRJ2865,SK0028,2
PRJ3372,SK0275,2
PRJ4672,SK0050,4
PRJ2394,SK0113,3
PRJ1956,SK0151,2
PRJ4890,SK0186,4
PRJ1951,SK0002,2
PRJ2629,SK0129,4
PRJ3502,SK0003,4
PRJ1205,SK0232,4
PRJ4307,SK0298,4
PRJ2728,SK0063,3
PRJ1413,SK0085,4
PRJ1261,SK0148,4
PRJ4026,SK0124,2
PRJ0113,SK0261,4
PRJ4867,SK0134,3
PRJ3017,SK0063,2
PRJ2309,SK0260,4
PRJ2651,SK0248,4
PRJ3843,SK0035,3
PRJ0176,SK0178,2
PRJ3948,SK0153,2
PRJ2225,SK0299,2
PRJ3232,SK0194,4
PRJ3710,SK0135,4
PRJ1373,SK0126,2
PRJ2593,SK0069,2
PRJ2166,SK0013,4
PRJ2910,SK0138,4
PRJ1819,SK0229,3
PRJ0358,SK0049,3
PRJ1759,SK0085,2
PRJ3381,SK0101,2
PRJ3382,SK0290,4
PRJ2585,SK0266,4
PRJ2685,SK0147,4
PRJ3156,SK0140,2
PRJ2256,SK0193,3
PRJ2408,SK0241,4
PRJ3788,SK0140,3
PRJ2381,SK0176,2
PRJ0053,SK0121,4
PRJ3568,SK0190,2
PRJ4852,SK0235,4
PRJ3777,SK0279,3
PRJ4152,SK0175,4
PRJ0067,SK0262,3
PRJ2937,SK0148,3
PRJ4578,SK0114,3
PRJ4969,SK0275,4
PRJ4571,SK0054,3
PRJ3663,SK0297,3
PRJ2203,SK0042,3
PRJ1561,SK0271,2
PRJ2029,SK0036,4
PRJ3591,SK0086,2
PRJ1036,SK0081,2
PRJ1351,SK0217,3
PRJ4105,SK0174,3
PRJ2909,SK0271,3
PRJ2957,SK0038,3
PRJ0674,SK0035,3
PRJ0235,SK0235,2
PRJ2353,SK0093,2
PRJ4894,SK0196,4
PRJ4117,SK0066,3
PRJ2879,SK0100,2
PRJ2070,SK0181,2
PRJ0638,SK0204,2
PRJ2089,SK0020,4
PRJ3174,SK0237,4
PRJ4567,SK0284,3
PRJ3276,SK0139,4
PRJ3326,SK0254,2
PRJ3725,SK0157,2
PRJ3781,SK0179,3
PRJ2847,SK0218,3
PRJ4602,SK0269,2
PRJ2049,SK0245,3
PRJ3893,SK0256,4
PRJ4129,SK0223,4
PRJ1146,SK0278,4
PRJ0765,SK0012,3
PRJ4649,SK0234,4
PRJ1585,SK0201,2
PRJ2350,SK0085,3
PRJ3577,SK0278,3
PRJ4354,SK0246,2
PRJ1794,SK0114,3
PRJ0895,SK0184,3
PRJ1399,SK0104,4
PRJ3466,SK0104,2
PRJ0782,SK0229,4
PRJ2857,SK0032,4
PRJ0660,SK0296,3
PRJ1133,SK0218,4
PRJ1219,SK0169,3
PRJ0185,SK0190,4
PRJ3461,SK0298,3
PRJ0957,SK0170,3
PRJ0273,SK0053,4
PRJ1476,SK0125,3
PRJ2613,SK0187,2
PRJ2850,SK0252,3
PRJ4139,SK0227,4
PRJ4884,SK0089,3
PRJ2048,SK0053,3
PRJ2925,SK0118,3
PRJ3340,SK0213,2
PRJ3048,SK0140,2
PRJ2224,SK0056,2
PRJ3000,SK0094,3
PRJ2533,SK0073,3
PRJ4079,SK0170,4
PRJ3071,SK0172,3
PRJ2322,SK0055,4
PRJ0542,SK0105,2
PRJ3044,SK0250,3
PRJ0277,SK0088,2
PRJ0310,SK0108,4
PRJ1743,SK0125,4
PRJ4934,SK0048,4
PRJ4887,SK0007,2
PRJ1183,SK0179,3
PRJ4971,SK0107,2
PRJ0041,SK0141,2
PRJ1149,SK0148,4
PRJ1542,SK0043,4
PRJ3411,SK0241,4
PRJ0976,SK0281,4
PRJ2320,SK0067,3
PRJ1008,SK0175,4
PRJ0892,SK0088,3
PRJ2715,SK0254,4
PRJ0051,SK0033,2
PRJ0931,SK0163,2
PRJ0075,SK0271,3
PRJ4856,SK0260,3
PRJ1913,SK0054,3
PRJ3328,SK0075,4
PRJ0248,SK0284,4
PRJ3091,SK0161,4
PRJ0594,SK0010,4
PRJ1295,SK0202,4
PRJ4538,SK0127,4
PRJ1494,SK0118,2
PRJ0057,SK0181,3
PRJ4015,SK0226,3
PRJ0897,SK0256,4
PRJ4008,SK0127,3
PRJ0396,SK0275,2
PRJ3798,SK0102,3
PRJ4448,SK0218,3
PRJ3731,SK0047,3
PRJ4618,SK0266,3
PRJ2394,SK0211,4
PRJ4857,SK0290,3
PRJ4881,SK0213,3
PRJ2775,SK0273,2
PRJ0198,SK0162,4
PRJ3419,SK0209,3
PRJ0151,SK0120,2
PRJ2966,SK0123,4
PRJ2843,SK0151,4
PRJ2842,SK0158,3
PRJ2706,SK0100,3
PRJ3361,SK0017,3
PRJ4768,SK0232,3
PRJ3541,SK0129,3
PRJ1922,SK0269,2
PRJ1380,SK0298,4
PRJ1546,SK0074,4
PRJ1219,SK0139,3
PRJ1784,SK0090,2
PRJ3045,SK0127,4
PRJ3134,SK0016,3
PRJ0528,SK0034,3
PRJ1441,SK0186,3
PRJ4703,SK0110,2
PRJ4953,SK0001,4
PRJ0756,SK0287,3
PRJ0442,SK0043,3
PRJ4316,SK0024,3
PRJ4852,SK0038,2
PRJ1667,SK0145,3
PRJ2739,SK0101,4
PRJ0923,SK0161,4
PRJ2214,SK0299,4
PRJ1622,SK0054,4
PRJ3174,SK0161,3
PRJ1319,SK0159,2
PRJ3874,SK0158,4
PRJ1695,SK0244,3
PRJ2307,SK0240,3
PRJ0711,SK0194,3
PRJ2866,SK0272,4
PRJ0120,SK0120,4
PRJ0326,SK0130,3
PRJ0790,SK0200,3
PRJ0566,SK0157,2
PRJ1254,SK0004,3
PRJ0792,SK0268,3
PRJ3461,SK0167,2
PRJ4357,SK0285,2
PRJ0851,SK0246,2
PRJ3342,SK0005,2
PRJ3259,SK0061,3
PRJ3099,SK0231,2
PRJ4108,SK0187,3
PRJ3415,SK0252,3
PRJ1051,SK0178,2
PRJ1645,SK0098,4
PRJ3753,SK0228,2
PRJ3014,SK0279,3
PRJ0386,SK0052,4
PRJ4520,SK0208,3
PRJ3956,SK0162,2
PRJ4336,SK0049,2
PRJ2913,SK0277,3
PRJ2492,SK0254,2
PRJ0190,SK0252,3
PRJ1194,SK0212,3
PRJ3962,SK0171,4
PRJ1076,SK0089,3
PRJ3845,SK0207,3
PRJ0567,SK0286,2
PRJ0821,SK0254,4
PRJ1387,SK0171,3
PRJ3648,SK0158,4
PRJ0616,SK0060,3
PRJ4252,SK0064,4
PRJ4848,SK0161,3
PRJ1694,SK0057,2
PRJ1941,SK0276,2
PRJ2505,SK0056,3
PRJ0493,SK0156,2
PRJ3372,SK0221,4
PRJ1305,SK0278,4
PRJ4451,SK0229,2
PRJ2101,SK0038,3
PRJ0218,SK0276,2
PRJ4176,SK0071,2
PRJ0674,SK0050,3
PRJ2497,SK0295,2
PRJ1905,SK0149,3
PRJ3555,SK0101,3
PRJ1080,SK0210,3
PRJ0512,SK0064,4
PRJ0298,SK0008,3
PRJ1260,SK0177,4
PRJ0870,SK0095,4
PRJ3133,SK0061,2
PRJ0438,SK0107,3
PRJ2193,SK0138,4
PRJ1033,SK0070,2
PRJ0309,SK0222,4
PRJ4484,SK0214,2
PRJ2742,SK0291,4
PRJ2689,SK0015,3
PRJ4972,SK0048,3
PRJ2503,SK0023,4
PRJ1785,SK0294,2
PRJ2057,SK0265,4
PRJ4709,SK0131,4
PRJ2444,SK0075,3
PRJ1699,SK0193,3
PRJ0361,SK0200,3
PRJ3225,SK0251,3
PRJ2649,SK0049,2
PRJ2241,SK0061,3
PRJ3664,SK0089,4
PRJ3513,SK0128,2
PRJ0857,SK0150,3
PRJ2679,SK0061,2
PRJ2315,SK0221,3
PRJ1085,SK0231,4
PRJ2549,SK0159,4
PRJ4249,SK0294,2
PRJ3396,SK0093,2
PRJ3656,SK0297,2
PRJ4321,SK0146,2
PRJ1866,SK0287,4
PRJ4574,SK0085,3
PRJ1163,SK0217,3
PRJ1633,SK0075,3
PRJ0460,SK0278,4
PRJ4094,SK0095,2
PRJ1721,SK0267,2
PRJ0562,SK0042,2
PRJ4806,SK0025,4
PRJ0301,SK0170,3
PRJ1757,SK0013,2
PRJ1201,SK0284,2
PRJ1489,SK0111,4
PRJ3360,SK0153,4
PRJ4522,SK0132,3
PRJ3995,SK0062,4
PRJ3162,SK0220,4
PRJ4317,SK0249,4
PRJ4937,SK0221,4
PRJ1417,SK0190,3
PRJ1565,SK0087,4
PRJ3720,SK0266,3
PRJ4049,SK0188,4
PRJ4837,SK0161,4
PRJ2443,SK0230,2
PRJ4403,SK0017,4
PRJ3199,SK0051,3
PRJ3434,SK0262,2
PRJ3730,SK0164,4
PRJ0191,SK0198,2
PRJ1072,SK0175,3
PRJ2475,SK0217,4
PRJ0391,SK0275,4
PRJ4932,SK0085,3
PRJ2498,SK0012,2
PRJ1111,SK0011,4
PRJ1151,SK0009,2
PRJ3401,SK0024,3
PRJ3025,SK0025,4
PRJ0907,SK0020,4
PRJ2295,SK0021,3
PRJ0074,SK0292,3
PRJ3438,SK0003,3
PRJ4174,SK0285,3
PRJ3584,SK0155,2
PRJ4388,SK0158,3
PRJ4884,SK0095,3
PRJ2450,SK0139,3
PRJ2088,SK0075,4
PRJ2416,SK0059,3
PRJ0165,SK0047,3
PRJ1886,SK0274,4
PRJ1186,SK0017,2
PRJ3968,SK0021,4
PRJ0805,SK0299,2
PRJ2410,SK0041,4
PRJ0444,SK0290,3
PRJ4060,SK0264,4
PRJ4654,SK0107,3
PRJ3793,SK0168,3
PRJ2784,SK0054,4
PRJ4246,SK0125,4
PRJ4054,SK0050,3
PRJ4976,SK0268,2
PRJ0956,SK0250,3
PRJ3143,SK0154,3
PRJ3527,SK0295,2
PRJ2536,SK0031,3
PRJ1722,SK0249,2
PRJ0055,SK0169,2
PRJ1375,SK0227,4
PRJ1358,SK0221,3
PRJ0136,SK0121,4
PRJ2991,SK0060,4
PRJ4286,SK0169,4
PRJ3369,SK0084,4
PRJ4888,SK0091,3
PRJ1518,SK0278,4
PRJ1163,SK0075,3
PRJ3436,SK0035,4
PRJ4723,SK0133,2
PRJ3397,SK0125,4
PRJ1208,SK0142,2
PRJ4542,SK0253,3
PRJ4632,SK0178,2
PRJ3470,SK0249,3
PRJ2021,SK0064,3
PRJ1894,SK0114,3
PRJ4067,SK0246,3
PRJ1085,SK0168,2
PRJ2961,SK0012,4
PRJ1110,SK0175,3
PRJ1739,SK0048,2
PRJ1804,SK0238,2
PRJ4020,SK0198,3
PRJ0508,SK0157,2
PRJ4406,SK0158,4
PRJ3921,SK0041,2
PRJ0672,SK0037,3
PRJ2800,SK0281,4
PRJ3833,SK0220,2
PRJ4492,SK0103,4
PRJ2559,SK0185,3
PRJ4771,SK0001,4
PRJ4129,SK0186,3
PRJ1090,SK0114,3
PRJ2431,SK0006,2
PRJ1693,SK0019,4
PRJ2023,SK0178,3
PRJ3983,SK0045,3
PRJ4512,SK0027,4
PRJ0045,SK0072,4
PRJ1320,SK0253,3
PRJ2495,SK0282,3
PRJ0126,SK0076,2
PRJ4974,SK0101,2
PRJ2882,SK0259,4
PRJ0008,SK0233,3
PRJ4896,SK0061,4
PRJ3239,SK0208,4
PRJ4472,SK0049,3
PRJ1427,SK0226,2
PRJ0040,SK0014,2
PRJ2484,SK0169,4
PRJ1931,SK0206,3
PRJ1364,SK0137,4
PRJ0377,SK0212,3
PRJ4758,SK0027,4
PRJ4928,SK0139,3
PRJ3029,SK0074,3
PRJ0369,SK0069,3
PRJ3264,SK0230,2
PRJ4561,SK0235,4
PRJ2919,SK0034,4
PRJ3217,SK0158,2
PRJ1115,SK0282,3
PRJ2814,SK0217,4
PRJ0870,SK0202,2
PRJ3779,SK0117,2
PRJ1891,SK0180,2
PRJ3714,SK0061,2
PRJ4635,SK0141,3
PRJ0404,SK0030,4
PRJ3773,SK0077,3
PRJ0427,SK0076,2
PRJ3134,SK0066,3
PRJ4475,SK0167,4
PRJ3325,SK0184,2
PRJ2364,SK0117,2
PRJ3737,SK0211,4
PRJ1083,SK0118,4
PRJ0718,SK0225,2
PRJ3545,SK0087,3
PRJ3789,SK0019,2
PRJ4670,SK0009,4
PRJ3764,SK0116,3
PRJ1961,SK0192,4
PRJ4665,SK0294,4
PRJ0588,SK0192,4
PRJ2775,SK0265,3
PRJ3167,SK0111,3
PRJ0689,SK0233,4
PRJ2524,SK0252,4
PRJ2653,SK0075,4
PRJ1600,SK0045,4
PRJ0785,SK0204,2
PRJ4926,SK0036,4
PRJ1133,SK0121,2
PRJ3259,SK0032,4
PRJ2175,SK0210,3
PRJ3902,SK0200,4
PRJ2609,SK0083,2
PRJ0849,SK0173,2
PRJ2255,SK0053,3
PRJ1070,SK0206,3
PRJ2529,SK0064,3
PRJ3610,SK0220,4
PRJ0953,SK0298,4
PRJ1923,SK0226,2
PRJ2254,SK0134,3
PRJ0071,SK0209,2
PRJ1828,SK0061,2
PRJ4902,SK0220,2
PRJ2190,SK0022,4
PRJ1108,SK0270,3
PRJ4166,SK0159,3
PRJ4807,SK0252,2
PRJ1124,SK0179,2
PRJ4161,SK0239,3
PRJ4714,SK0063,4
PRJ3110,SK0124,2
PRJ4198,SK0288,4
PRJ0808,SK0276,2
PRJ1851,SK0229,2
PRJ0273,SK0229,2
PRJ0621,SK0071,3
PRJ4436,SK0145,4
PRJ1110,SK0018,4
PRJ2060,SK0155,4
PRJ2655,SK0156,2
PRJ0185,SK0223,2
PRJ3473,SK0254,4
PRJ1206,SK0184,3
PRJ3208,SK0165,2
PRJ0092,SK0191,2
PRJ1834,SK0185,3
PRJ1542,SK0172,3
PRJ2911,SK0044,3
PRJ2971,SK0144,2
PRJ4918,SK0160,2
PRJ3096,SK0157,2
PRJ3714,SK0058,4
PRJ1082,SK0001,3
PRJ0627,SK0046,3
PRJ4536,SK0240,4
PRJ3918,SK0067,2
PRJ1292,SK0148,3
PRJ3384,SK0117,3
PRJ3744,SK0046,2
PRJ1005,SK0236,4
PRJ2481,SK0010,3
PRJ1499,SK0036,2
PRJ4817,SK0240,2
PRJ2774,SK0040,4
PRJ4182,SK0088,2
PRJ2588,SK0072,3
PRJ2325,SK0066,2
PRJ4889,SK0030,4
PRJ3022,SK0007,4
PRJ1289,SK0230,3
PRJ0175,SK0158,3
PRJ2935,SK0281,3
PRJ0780,SK0224,4
PRJ1812,SK0119,2
PRJ1851,SK0297,2
PRJ4889,SK0007,3
PRJ0234,SK0190,4
PRJ2888,SK0013,2
PRJ1769,SK0147,3
PRJ4325,SK0142,4
PRJ3950,SK0102,3
PRJ0463,SK0148,3
PRJ3987,SK0254,2
PRJ0493,SK0199,3
PRJ4194,SK0300,2
PRJ4815,SK0173,3
PRJ4692,SK0156,4
PRJ3401,SK0068,3
PRJ3266,SK0076,3
PRJ3378,SK0021,4
PRJ1277,SK0072,4
PRJ0508,SK0249,2
PRJ3557,SK0110,4
PRJ4061,SK0255,2
PRJ4741,SK0207,3
PRJ3530,SK0155,4
PRJ1699,SK0037,2
PRJ3247,SK0223,2
PRJ0108,SK0165,2
PRJ0472,SK0184,3
PRJ2793,SK0156,4
PRJ2236,SK0141,2
PRJ1679,SK0007,2
PRJ0522,SK0074,3
PRJ3199,SK0283,3
PRJ3086,SK0234,4
PRJ1337,SK0081,4
PRJ2991,SK0171,4
PRJ4746,SK0013,3
PRJ3936,SK0172,3
PRJ0618,SK0053,2
PRJ1266,SK0017,2
PRJ1500,SK0045,2
PRJ0871,SK0030,2
PRJ0730,SK0032,4
PRJ0001,SK0029,3
PRJ0944,SK0090,3
PRJ4939,SK0230,4
PRJ0158,SK0141,3
PRJ0204,SK0077,2
PRJ2524,SK0165,4
PRJ0904,SK0070,4
PRJ1630,SK0227,3
PRJ4963,SK0137,4
PRJ1836,SK0150,3
PRJ3640,SK0088,2
PRJ0142,SK0280,2
PRJ3195,SK0161,4
PRJ3788,SK0180,4
PRJ4335,SK0259,4
PRJ0758,SK0186,3
PRJ3285,SK0168,4
PRJ1581,SK0191,4
PRJ3903,SK0243,3
PRJ2395,SK0001,2
PRJ3698,SK0211,3
PRJ4256,SK0285,2
PRJ2731,SK0275,3
PRJ2352,SK0068,4
PRJ0585,SK0253,2
PRJ1269,SK0091,2
PRJ3258,SK0023,3
PRJ3920,SK0025,4
PRJ4600,SK0077,4
PRJ2069,SK0038,4
PRJ1138,SK0225,2
PRJ3221,SK0224,2
PRJ2954,SK0034,2
PRJ1672,SK0284,4
PRJ0495,SK0168,2
PRJ2583,SK0056,2
PRJ0955,SK0285,4
PRJ0470,SK0248,2
PRJ0506,SK0293,3
PRJ3430,SK0114,3
PRJ2324,SK0164,2
PRJ4637,SK0138,3
PRJ1062,SK0240,2
PRJ3211,SK0169,3
PRJ4335,SK0065,3
PRJ0295,SK0139,3
PRJ3295,SK0061,2
PRJ4487,SK0169,2
PRJ0560,SK0036,2
PRJ4945,SK0123,3
PRJ0600,SK0180,4
PRJ3904,SK0122,3
PRJ2190,SK0120,3
PRJ3558,SK0221,3
PRJ0214,SK0253,2
PRJ4743,SK0063,4
PRJ1071,SK0102,4
PRJ4138,SK0026,2
PRJ3834,SK0172,2
PRJ2035,SK0292,2
PRJ1896,SK0236,2
PRJ0197,SK0273,4
PRJ0919,SK0286,2
PRJ2668,SK0084,2
PRJ2087,SK0080,4
PRJ4543,SK0082,4
PRJ4379,SK0094,3
PRJ0190,SK0053,2
PRJ4114,SK0012,2
PRJ1041,SK0257,3
PRJ4636,SK0010,3
PRJ1367,SK0141,3
PRJ1970,SK0079,3
PRJ2421,SK0208,3
PRJ2180,SK0016,2
PRJ1312,SK0089,2
PRJ1576,SK0282,3
PRJ1250,SK0272,3
PRJ3674,SK0228,3
PRJ1683,SK0287,2
PRJ1972,SK0034,3
PRJ1216,SK0237,4
PRJ3430,SK0010,3
PRJ1294,SK0068,3
PRJ2064,SK0011,3
PRJ3014,SK0246,2
PRJ4427,SK0184,4
PRJ2836,SK0289,3
PRJ4292,SK0224,3
PRJ2364,SK0228,3
PRJ4619,SK0203,3
PRJ2028,SK0194,3
PRJ2923,SK0151,3
PRJ2677,SK0195,3
PRJ0158,SK0050,4
PRJ1170,SK0049,4
PRJ4039,SK0262,3
PRJ1550,SK0155,2
PRJ3294,SK0244,2
PRJ2271,SK0289,3
PRJ0437,SK0132,2
PRJ0148,SK0027,2
PRJ1644,SK0108,2
PRJ4243,SK0298,3
PRJ1140,SK0163,2
PRJ0500,SK0093,3
PRJ4011,SK0171,4
PRJ2386,SK0291,2
PRJ4957,SK0064,3
PRJ4605,SK0061,2
PRJ2336,SK0134,2
PRJ1035,SK0151,2
PRJ4277,SK0254,4
PRJ2225,SK0279,2
PRJ1010,SK0013,4
PRJ0247,SK0207,3
PRJ4508,SK0286,3
PRJ4988,SK0242,3
PRJ0202,SK0248,2
PRJ2499,SK0080,4
PRJ3885,SK0106,2
PRJ4835,SK0056,3
PRJ1338,SK0278,3
PRJ3619,SK0067,3
PRJ1453,SK0042,2
PRJ3761,SK0241,3
PRJ2526,SK0143,4
PRJ4574,SK0115,3
PRJ0595,SK0200,3
PRJ4230,SK0188,2
PRJ3512,SK0290,3
PRJ1736,SK0002,4
PRJ0987,SK0250,3
PRJ0936,SK0066,4
PRJ3590,SK0083,4
PRJ3346,SK0136,4
PRJ4551,SK0214,2
PRJ2722,SK0144,3
PRJ4058,SK0006,3
PRJ4403,SK0230,3
PRJ3713,SK0254,2
PRJ3526,SK0040,4
PRJ0567,SK0047,3
PRJ4343,SK0079,4
PRJ1426,SK0019,4
PRJ0834,SK0114,4
PRJ0188,SK0221,3
PRJ1259,SK0188,3
PRJ2381,SK0118,3
PRJ2332,SK0153,3
PRJ2529,SK0257,3
PRJ3659,SK0138,4
PRJ3482,SK0242,4
PRJ4367,SK0018,3
PRJ1673,SK0086,2
PRJ0866,SK0274,2
PRJ4954,SK0092,2
PRJ4465,SK0199,4
PRJ0799,SK0056,3
PRJ0966,SK0066,4
PRJ2082,SK0161,4
PRJ4629,SK0180,3
PRJ2799,SK0080,2
PRJ2267,SK0110,3
PRJ4119,SK0081,2
PRJ2084,SK0081,3
PRJ4397,SK0144,3
PRJ2588,SK0020,4
PRJ4260,SK0189,2
PRJ2886,SK0073,2
PRJ0216,SK0246,3
PRJ2839,SK0099,2
PRJ1190,SK0197,2
PRJ1617,SK0043,2
PRJ0846,SK0134,4
PRJ1445,SK0264,3
PRJ4930,SK0094,3
PRJ4560,SK0112,4
PRJ3431,SK0032,3
PRJ0577,SK0173,2
PRJ2622,SK0219,4
PRJ3743,SK0178,2
PRJ1155,SK0268,2
PRJ2525,SK0163,2
PRJ1870,SK0216,4
PRJ0125,SK0040,2
PRJ2564,SK0177,4
PRJ2479,SK0286,4
PRJ0447,SK0222,4
PRJ1132,SK0199,2
PRJ2200,SK0187,2
PRJ3624,SK0151,3
PRJ3324,SK0294,2
PRJ0341,SK0299,2
PRJ1708,SK0193,2
PRJ4022,SK0248,3
PRJ3584,SK0117,2
PRJ4128,SK0159,2
PRJ3714,SK0203,4
PRJ2079,SK0059,2
PRJ4770,SK0237,2
PRJ0713,SK0222,3
PRJ3002,SK0018,3
PRJ2750,SK0245,4
PRJ2584,SK0085,4
PRJ0061,SK0247,4
PRJ0083,SK0056,2
PRJ0963,SK0028,4
PRJ1663,SK0062,2
PRJ4149,SK0088,2
PRJ0117,SK0038,3
PRJ3971,SK0064,2
PRJ2596,SK0171,3
PRJ2827,SK0265,2
PRJ4734,SK0293,4
PRJ4112,SK0252,2
PRJ1729,SK0040,2
PRJ3829,SK0064,3
PRJ4823,SK0244,4
PRJ3090,SK0137,3
PRJ2607,SK0186,3
PRJ3133,SK0198,3
PRJ1673,SK0280,2
PRJ1389,SK0144,3
PRJ1585,SK0268,3
PRJ3892,SK0129,4
PRJ4719,SK0060,4
PRJ3022,SK0265,2
PRJ4666,SK0149,4
PRJ2727,SK0282,3
PRJ0166,SK0259,3
PRJ3001,SK0060,4
PRJ3711,SK0068,3
PRJ3149,SK0057,2
PRJ1401,SK0128,2
PRJ1936,SK0257,2
PRJ1852,SK0049,4
PRJ1423,SK0231,4
PRJ1706,SK0053,4
PRJ4606,SK0020,3
PRJ1923,SK0140,3
PRJ0975,SK0208,2
PRJ0457,SK0125,2
PRJ0829,SK0024,3
PRJ2828,SK0278,2
PRJ1493,SK0170,2
PRJ4834,SK0145,4
PRJ2958,SK0190,3
PRJ1397,SK0117,3
PRJ2378,SK0002,4
PRJ4246,SK0235,2
PRJ0357,SK0217,3
PRJ1294,SK0271,2
PRJ0209,SK0130,4
PRJ2997,SK0198,2
PRJ2037,SK0268,3
PRJ2171,SK0134,4
PRJ3575,SK0236,2
PRJ0977,SK0092,4
PRJ1997,SK0190,2
PRJ4909,SK0248,4
PRJ4062,SK0160,4
PRJ4506,SK0192,4
PRJ2442,SK0089,4
PRJ1090,SK0153,3
PRJ4681,SK0183,4
PRJ4776,SK0048,4
PRJ1485,SK0197,4
PRJ0218,SK0007,4
PRJ0850,SK0171,2
PRJ2210,SK0248,2
PRJ3400,SK0078,2
PRJ3557,SK0206,2
PRJ3964,SK0090,2
PRJ4884,SK0255,4
PRJ2948,SK0054,4
PRJ3234,SK0227,2
PRJ0463,SK0231,3
PRJ3750,SK0158,3
PRJ4780,SK0041,3
PRJ3916,SK0081,2
PRJ0244,SK0152,3
PRJ2985,SK0038,4
PRJ1153,SK0142,4
PRJ4560,SK0278,2
PRJ1447,SK0250,2
PRJ2454,SK0263,4
PRJ2245,SK0231,2
PRJ4096,SK0156,2
PRJ1652,SK0046,2
PRJ0779,SK0259,4
PRJ2545,SK0054,3
PRJ0164,SK0105,2
PRJ2687,SK0041,3
PRJ1382,SK0285,3
PRJ2842,SK0058,3
PRJ1305,SK0199,4
PRJ0460,SK0026,3
PRJ2091,SK0176,4
PRJ1883,SK0153,4
PRJ3322,SK0099,4
PRJ0555,SK0043,3
PRJ1039,SK0274,3
PRJ1856,SK0257,4
PRJ1102,SK0066,2
PRJ4532,SK0217,3
PRJ2790,SK0195,4
PRJ2743,SK0148,3
PRJ1482,SK0276,3
PRJ2712,SK0048,3
PRJ0108,SK0063,4
PRJ1335,SK0280,4
PRJ2409,SK0287,4
PRJ2947,SK0081,4
PRJ4955,SK0068,4
PRJ0430,SK0216,4
PRJ0503,SK0013,2
PRJ2647,SK0216,2
PRJ2414,SK0144,2
PRJ4321,SK0021,3
PRJ3596,SK0180,2
PRJ3910,SK0117,3
PRJ4614,SK0211,3
PRJ0064,SK0192,2
PRJ1542,SK0255,2
PRJ1840,SK0176,3
PRJ2723,SK0188,2
PRJ0304,SK0041,4
PRJ2030,SK0268,2
PRJ2030,SK0289,3
PRJ0110,SK0118,4
PRJ1309,SK0019,3
PRJ2225,SK0246,4
PRJ4764,SK0066,2
PRJ4326,SK0022,4
PRJ0226,SK0221,4
PRJ0416,SK0124,2
PRJ0210,SK0272,4
PRJ4014,SK0044,3
PRJ0129,SK0056,4
PRJ0773,SK0136,3
PRJ2988,SK0112,3
PRJ3375,SK0216,2
PRJ3663,SK0005,4
PRJ0959,SK0033,4
PRJ0390,SK0090,3
PRJ3340,SK0085,2
PRJ3506,SK0081,2
PRJ0684,SK0152,4
PRJ4443,SK0170,3
PRJ0838,SK0039,4
PRJ3617,SK0098,3
PRJ1622,SK0203,3
PRJ4176,SK0220,3
PRJ3280,SK0107,4
PRJ3891,SK0177,2
PRJ2563,SK0242,3
PRJ4922,SK0192,4
PRJ0921,SK0157,4
PRJ0222,SK0146,4
PRJ0854,SK0187,4
PRJ0128,SK0096,4
PRJ0509,SK0212,3
PRJ0847,SK0250,2
PRJ1666,SK0199,3
PRJ3243,SK0157,2
PRJ4879,SK0019,3
PRJ1857,SK0192,4
PRJ0456,SK0147,3
PRJ3660,SK0278,4
PRJ0934,SK0171,3
PRJ4908,SK0138,2
PRJ1642,SK0089,4
PRJ4717,SK0052,2
PRJ4265,SK0146,2
PRJ1802,SK0240,4
PRJ1586,SK0099,3
PRJ2007,SK0129,4
PRJ0387,SK0296,3
PRJ0305,SK0206,2
PRJ3341,SK0108,4
PRJ3384,SK0068,2
PRJ4932,SK0046,4
PRJ0668,SK0113,2
PRJ1301,SK0242,4
PRJ3510,SK0185,4
PRJ4228,SK0068,2
PRJ2853,SK0273,4
PRJ2722,SK0264,4
PRJ1427,SK0094,4
PRJ0377,SK0161,2
PRJ1671,SK0103,3
PRJ0342,SK0142,3
PRJ4777,SK0188,3
PRJ3454,SK0250,3
PRJ3149,SK0243,4
PRJ3345,SK0147,2
PRJ3816,SK0285,2
PRJ2984,SK0055,4
PRJ1103,SK0030,4
PRJ4654,SK0101,2
PRJ2274,SK0202,4
PRJ2206,SK0159,4
PRJ3319,SK0217,3
PRJ1276,SK0268,4
PRJ0328,SK0063,2
PRJ1823,SK0298,3
PRJ0094,SK0185,2
PRJ2944,SK0239,4
PRJ3524,SK0224,3
PRJ3160,SK0139,3
PRJ0280,SK0300,4
PRJ0419,SK0085,4
PRJ0519,SK0215,4
PRJ4357,SK0217,2
PRJ4972,SK0153,4
PRJ1663,SK0002,4
PRJ0182,SK0195,4
PRJ1618,SK0224,2
PRJ0646,SK0286,4
PRJ1708,SK0105,3
PRJ3352,SK0198,4
PRJ1347,SK0295,3
PRJ4441,SK0016,3
PRJ0359,SK0006,4
PRJ3817,SK0123,2
PRJ0748,SK0132,4
PRJ0316,SK0163,3
PRJ0589,SK0162,4
PRJ3035,SK0108,2
PRJ0275,SK0222,3
PRJ2340,SK0180,2
PRJ1024,SK0197,2
PRJ4858,SK0134,2
PRJ1119,SK0256,3
PRJ2770,SK0156,3
PRJ0989,SK0285,2
PRJ2917,SK0054,2
PRJ3505,SK0081,4
PRJ3225,SK0037,4
PRJ1791,SK0187,2
PRJ3396,SK0274,3
PRJ0744,SK0168,4
PRJ2306,SK0233,3
PRJ0006,SK0047,2
PRJ4642,SK0178,4
PRJ4321,SK0015,2
PRJ3993,SK0070,2
PRJ4366,SK0160,3
PRJ2544,SK0111,4
PRJ3455,SK0294,4
PRJ2234,SK0294,4
PRJ0328,SK0024,4
PRJ0628,SK0285,3
PRJ0725,SK0061,2
PRJ4054,SK0247,4
PRJ4555,SK0031,2
PRJ2074,SK0249,4
PRJ0468,SK0080,2
PRJ0508,SK0042,2
PRJ0853,SK0014,4
PRJ1937,SK0042,3
PRJ4571,SK0245,4
PRJ1411,SK0281,2
PRJ4346,SK0279,2
PRJ1718,SK0084,3
PRJ2872,SK0285,3
PRJ0945,SK0260,3
PRJ2484,SK0211,4
PRJ1524,SK0098,4
PRJ2344,SK0106,2
PRJ1377,SK0224,3
PRJ2303,SK0202,2
PRJ1686,SK0010,2
PRJ4863,SK0227,2
PRJ4187,SK0032,3
PRJ0845,SK0135,3
PRJ0085,SK0232,4
PRJ4803,SK0244,2
PRJ2075,SK0224,2
PRJ0620,SK0130,3
PRJ2097,SK0290,2
PRJ4606,SK0227,4
PRJ0256,SK0204,3
PRJ4055,SK0165,4
PRJ0173,SK0091,3
PRJ4584,SK0068,2
PRJ4268,SK0166,3
PRJ3127,SK0054,3
PRJ1226,SK0069,2
PRJ4334,SK0206,4
PRJ0254,SK0292,4
PRJ3291,SK0247,2
PRJ1994,SK0073,4
PRJ2180,SK0140,4
PRJ4868,SK0004,4
PRJ2266,SK0228,4
PRJ1665,SK0089,2
PRJ0173,SK0003,2
PRJ0419,SK0197,2
PRJ4963,SK0257,4
PRJ1356,SK0246,3
PRJ1573,SK0070,4
PRJ0634,SK0164,2
PRJ4239,SK0184,2
PRJ0583,SK0050,4
PRJ4538,SK0212,4
PRJ4096,SK0143,3
PRJ2578,SK0035,4
PRJ1712,SK0025,2
PRJ2359,SK0034,4
PRJ0615,SK0022,3
PRJ0817,SK0115,2
PRJ0019,SK0238,4
PRJ1584,SK0125,3
PRJ1306,SK0288,3
PRJ3178,SK0262,3
PRJ2145,SK0021,3
PRJ0833,SK0003,2
PRJ2510,SK0262,2
PRJ2832,SK0238,3
PRJ3505,SK0116,3
PRJ2968,SK0170,4
PRJ0086,SK0191,2
PRJ1187,SK0040,4
PRJ4738,SK0074,4
PRJ0533,SK0138,4
PRJ1879,SK0148,4
PRJ4755,SK0096,3
PRJ4790,SK0220,2
PRJ2378,SK0208,3
PRJ2288,SK0058,2
PRJ0157,SK0233,3
PRJ0958,SK0245,3
PRJ3608,SK0202,2
PRJ4810,SK0258,2
PRJ0278,SK0098,2
PRJ3808,SK0122,3
PRJ0801,SK0047,4
PRJ2018,SK0114,2
PRJ1658,SK0071,4
PRJ0519,SK0114,2
PRJ2937,SK0193,3
PRJ1178,SK0285,4
PRJ2563,SK0271,4
PRJ1000,SK0233,4
PRJ1522,SK0115,4
PRJ0060,SK0225,2
PRJ4187,SK0074,4
PRJ0739,SK0165,3
PRJ4790,SK0202,2
PRJ3991,SK0090,4
PRJ0587,SK0169,2
PRJ4378,SK0094,3
PRJ3482,SK0118,4
PRJ2503,SK0134,3
PRJ3927,SK0264,2
PRJ0899,SK0107,2
PRJ3048,SK0225,3
PRJ4341,SK0151,2
PRJ0719,SK0243,3
PRJ4405,SK0174,4
PRJ4398,SK0296,2
PRJ4499,SK0253,3
PRJ1049,SK0297,3
PRJ4602,SK0004,3
PRJ1211,SK0011,2
PRJ1673,SK0254,4
PRJ4976,SK0171,4
PRJ0866,SK0085,2
PRJ1130,SK0260,2
PRJ3635,SK0270,3
PRJ4906,SK0007,4
PRJ1792,SK0018,4
PRJ2806,SK0134,3
PRJ0581,SK0109,4
PRJ0173,SK0181,3
PRJ2222,SK0073,4
PRJ4045,SK0078,4
PRJ1798,SK0078,2
PRJ3270,SK0245,3
PRJ4146,SK0079,2
PRJ4987,SK0275,4
PRJ4000,SK0040,4
PRJ0817,SK0083,4
PRJ1083,SK0220,3
PRJ4565,SK0056,3
PRJ4561,SK0266,3
PRJ1768,SK0099,2
PRJ0108,SK0231,3
PRJ4224,SK0018,2
PRJ0152,SK0041,2
PRJ0085,SK0059,3
PRJ2030,SK0293,2
PRJ0331,SK0050,4
PRJ0213,SK0025,3
PRJ4735,SK0230,3
PRJ1602,SK0149,4
PRJ1190,SK0255,4
PRJ1026,SK0092,4
PRJ0679,SK0052,4
PRJ4213,SK0048,2
PRJ0414,SK0088,3
PRJ2135,SK0293,2
PRJ4051,SK0118,4
PRJ3300,SK0195,4
PRJ3445,SK0140,4
PRJ4896,SK0268,2
PRJ0145,SK0252,2
PRJ3062,SK0012,3
PRJ2752,SK0213,3
PRJ2687,SK0118,2
PRJ2690,SK0184,3
PRJ3440,SK0297,3
PRJ3464,SK0188,3
PRJ0221,SK0076,2
PRJ0983,SK0011,2
PRJ3675,SK0047,2
PRJ3542,SK0132,2
PRJ3525,SK0051,4
PRJ3833,SK0176,4
PRJ2101,SK0025,2
PRJ1782,SK0065,2
PRJ0756,SK0056,4
PRJ0039,SK0131,2
PRJ1041,SK0187,3
PRJ3762,SK0002,4
PRJ4263,SK0015,2
PRJ1742,SK0247,3
PRJ2223,SK0190,3
PRJ1929,SK0117,2
PRJ3521,SK0121,3
PRJ3114,SK0004,4
PRJ0799,SK0040,3
PRJ0060,SK0208,3
PRJ0148,SK0002,3
PRJ2796,SK0067,2
PRJ3441,SK0127,3
PRJ2163,SK0179,3
PRJ4765,SK0043,2
PRJ0793,SK0052,3
PRJ3447,SK0110,3
PRJ0629,SK0131,4
PRJ2712,SK0193,3
PRJ4008,SK0010,3
PRJ3226,SK0006,3
PRJ4569,SK0176,4
PRJ1945,SK0231,4
PRJ4416,SK0091,4
PRJ2310,SK0220,3
PRJ0950,SK0258,3
PRJ0771,SK0168,3
PRJ4762,SK0174,2
PRJ0449,SK0208,4
PRJ1212,SK0161,2
PRJ0560,SK0087,2
PRJ1667,SK0075,2
PRJ2146,SK0178,4
PRJ4854,SK0202,3
PRJ4654,SK0033,3
PRJ3771,SK0028,4
PRJ2278,SK0216,2
PRJ1226,SK0131,4
PRJ0137,SK0081,3
PRJ2777,SK0259,4
PRJ2924,SK0272,3
PRJ1978,SK0037,4
PRJ4457,SK0300,3
PRJ2590,SK0242,3
PRJ1648,SK0136,2
PRJ0068,SK0152,4
PRJ2427,SK0178,4
PRJ3471,SK0224,3
PRJ3432,SK0129,3
PRJ1551,SK0015,2
PRJ2491,SK0197,2
PRJ0955,SK0204,2
PRJ2797,SK0272,3
PRJ3335,SK0058,2
PRJ4976,SK0086,3
PRJ4619,SK0051,4
PRJ0636,SK0136,4
PRJ0600,SK0164,3
PRJ3769,SK0212,3
PRJ1445,SK0222,3
PRJ3530,SK0083,2
PRJ1151,SK0272,2
PRJ3266,SK0227,3
PRJ3298,SK0083,3
PRJ2895,SK0054,2
PRJ0730,SK0169,3
PRJ3605,SK0108,3
PRJ4637,SK0083,2
PRJ4015,SK0124,4
PRJ3532,SK0146,4
PRJ3081,SK0080,2
PRJ3689,SK0122,2
PRJ2768,SK0271,3
PRJ2986,SK0167,4
PRJ3564,SK0219,2
PRJ0883,SK0193,3
PRJ2659,SK0156,2
PRJ2262,SK0011,2
PRJ3086,SK0163,3
PRJ0740,SK0092,2
PRJ2708,SK0279,3
PRJ0548,SK0204,4
PRJ4551,SK0102,4
PRJ2021,SK0069,4
PRJ0235,SK0026,3
PRJ3134,SK0282,4
PRJ0229,SK0298,4
PRJ1083,SK0062,4
PRJ3011,SK0103,3
PRJ3626,SK0141,2
PRJ3657,SK0187,3
PRJ2665,SK0025,3
PRJ0011,SK0096,3
PRJ3227,SK0178,3
PRJ1112,SK0168,3
PRJ3925,SK0092,2
PRJ2387,SK0294,3
PRJ4592,SK0090,4
PRJ3066,SK0086,2
PRJ2848,SK0102,4
PRJ4010,SK0085,3
PRJ2087,SK0271,4
PRJ0123,SK0027,4
PRJ4964,SK0086,2
PRJ0856,SK0270,3
PRJ1211,SK0197,4
PRJ3959,SK0244,2
PRJ4264,SK0266,3
PRJ4362,SK0265,4
PRJ3193,SK0143,4
PRJ2261,SK0296,2
PRJ0681,SK0122,2
PRJ3114,SK0220,3
PRJ0705,SK0277,2
PRJ2874,SK0129,4
PRJ2792,SK0150,3
PRJ2845,SK0136,3
PRJ1190,SK0200,3
PRJ4650,SK0028,3
PRJ3186,SK0168,4
PRJ1975,SK0050,4
PRJ2835,SK0008,4
PRJ3592,SK0135,2
PRJ1486,SK0160,4
PRJ1661,SK0060,2
PRJ1292,SK0227,3
PRJ4161,SK0213,2
PRJ2883,SK0084,3
PRJ3658,SK0152,2
PRJ1856,SK0001,4
PRJ4288,SK0015,4
PRJ3929,SK0023,4
PRJ3006,SK0279,2
PRJ1409,SK0121,2
PRJ0769,SK0058,3
PRJ4685,SK0277,3
PRJ2442,SK0077,3
PRJ1634,SK0194,4
PRJ0077,SK0036,3
PRJ0632,SK0236,2
PRJ1580,SK0267,3
PRJ1118,SK0168,3
PRJ0144,SK0156,2
PRJ4631,SK0052,3
PRJ3407,SK0217,4
PRJ2463,SK0028,4
PRJ0167,SK0207,2
PRJ2773,SK0115,3
PRJ1422,SK0275,3
PRJ1236,SK0196,4
PRJ1338,SK0084,4
PRJ0585,SK0225,2
PRJ1269,SK0123,2
PRJ3005,SK0184,3
PRJ1931,SK0296,2
PRJ0337,SK0204,3
PRJ1120,SK0168,2
PRJ3084,SK0124,3
PRJ1944,SK0020,3
PRJ3373,SK0199,4
PRJ4635,SK0074,2
PRJ2449,SK0094,4
PRJ2807,SK0171,2
PRJ2527,SK0148,4
PRJ2081,SK0185,4
PRJ0949,SK0017,3
PRJ4563,SK0063,3
PRJ4025,SK0050,2
PRJ0511,SK0200,4
PRJ4807,SK0187,2
PRJ1645,SK0049,4
PRJ4864,SK0260,4
PRJ2570,SK0240,2
PRJ3967,SK0060,4
PRJ1961,SK0132,4
PRJ4581,SK0232,4
PRJ4573,SK0183,4
PRJ4312,SK0039,4
PRJ1565,SK0064,3
PRJ2962,SK0159,2
PRJ1774,SK0019,4
PRJ0292,SK0159,3
PRJ2126,SK0233,3
PRJ1952,SK0158,3
PRJ0100,SK0080,4
PRJ4024,SK0123,2
PRJ2565,SK0122,2
PRJ3088,SK0007,2
PRJ4674,SK0196,4
PRJ2920,SK0122,4
PRJ1882,SK0026,4
PRJ0078,SK0114,3
PRJ4496,SK0017,2
PRJ1559,SK0190,4
PRJ4665,SK0248,2
PRJ0572,SK0189,2
PRJ0941,SK0291,4
PRJ0770,SK0069,4
PRJ3801,SK0139,3
PRJ2241,SK0047,3
PRJ0788,SK0262,2
PRJ1640,SK0214,3
PRJ3151,SK0170,2
PRJ0604,SK0036,2
PRJ1748,SK0234,3
PRJ4226,SK0168,3
PRJ2334,SK0222,2
PRJ3446,SK0284,2
PRJ4932,SK0135,3
PRJ1765,SK0139,4
PRJ1973,SK0268,2
PRJ3847,SK0173,2
PRJ2589,SK0084,2
PRJ4087,SK0242,4
PRJ2917,SK0046,4
PRJ3490,SK0275,4
PRJ3190,SK0031,3
PRJ1355,SK0097,3
PRJ4309,SK0246,4
PRJ0788,SK0079,4
PRJ0577,SK0073,2
PRJ4463,SK0273,2
PRJ1014,SK0131,4
PRJ4452,SK0066,2
PRJ3108,SK0146,2
PRJ3013,SK0299,3
PRJ4913,SK0286,3
PRJ1607,SK0251,3
PRJ4493,SK0231,2
PRJ2286,SK0048,2
PRJ3977,SK0058,4
PRJ3512,SK0137,3
PRJ1245,SK0175,4
PRJ1430,SK0123,3
PRJ1867,SK0198,3
PRJ4091,SK0232,3
PRJ1016,SK0130,4
PRJ0266,SK0128,4
PRJ0570,SK0160,3
PRJ3704,SK0096,4
PRJ3153,SK0062,3
PRJ1600,SK0085,3
PRJ4599,SK0123,3
PRJ0801,SK0268,4
PRJ4260,SK0105,2
PRJ2031,SK0034,3
PRJ1989,SK0042,3
PRJ0280,SK0121,3
PRJ3616,SK0044,2
PRJ0119,SK0287,2
PRJ1674,SK0085,2
PRJ3123,SK0041,4
PRJ0269,SK0105,3
PRJ0747,SK0250,4
PRJ4484,SK0183,3
PRJ4261,SK0062,3
PRJ2865,SK0232,2
PRJ2241,SK0201,2
PRJ2781,SK0166,3
PRJ4925,SK0286,2
PRJ3685,SK0152,4
PRJ3489,SK0133,3
PRJ4810,SK0264,4
PRJ3925,SK0260,3
PRJ1634,SK0108,3
PRJ2376,SK0004,3
PRJ1980,SK0083,4
PRJ4830,SK0010,4
PRJ1420,SK0097,3
PRJ0143,SK0253,2
PRJ2499,SK0052,3
PRJ3132,SK0035,2
PRJ4322,SK0065,3
PRJ4901,SK0177,3
PRJ2723,SK0135,4
PRJ3460,SK0220,3
PRJ4457,SK0261,3
PRJ0166,SK0078,4
PRJ1169,SK0175,4
PRJ1286,SK0061,4
PRJ3050,SK0205,4
PRJ4871,SK0218,4
PRJ2197,SK0246,4
PRJ0355,SK0245,2
PRJ0802,SK0198,4
PRJ2135,SK0055,3
PRJ1268,SK0113,4
PRJ3385,SK0120,4
PRJ2529,SK0186,2
PRJ2548,SK0212,3
PRJ4815,SK0157,3
PRJ3905,SK0253,3
PRJ3683,SK0246,2
PRJ3759,SK0126,3
PRJ3438,SK0127,4
PRJ3750,SK0159,3
PRJ2524,SK0124,2
PRJ0592,SK0244,3
PRJ3939,SK0096,4
PRJ1149,SK0050,4
PRJ4097,SK0035,2
PRJ0051,SK0036,3
PRJ2980,SK0294,4
PRJ3957,SK0115,2
PRJ1885,SK0087,2
PRJ1129,SK0049,4
PRJ0713,SK0118,3
PRJ2219,SK0233,2
PRJ0602,SK0156,2
PRJ4236,SK0102,3
PRJ4064,SK0174,3
PRJ4094,SK0020,2
PRJ3244,SK0112,2
PRJ0024,SK0042,2
PRJ3060,SK0194,2
PRJ3099,SK0073,4
PRJ1046,SK0062,2
PRJ2640,SK0037,4
PRJ4108,SK0196,3
PRJ2796,SK0054,3
PRJ4289,SK0189,3
PRJ2129,SK0294,3
PRJ0052,SK0063,3
PRJ1755,SK0188,4
PRJ2667,SK0046,2
PRJ1600,SK0028,2
PRJ1345,SK0119,2
PRJ4245,SK0126,2
PRJ3904,SK0060,4
PRJ4556,SK0018,3
PRJ0030,SK0082,2
PRJ4582,SK0080,2
PRJ0411,SK0009,3
PRJ1045,SK0230,2
PRJ4803,SK0019,4
PRJ3860,SK0236,4
PRJ3082,SK0037,3
PRJ3789,SK0282,4
PRJ2319,SK0261,2
PRJ3364,SK0172,4
PRJ0099,SK0157,4
PRJ3995,SK0214,2
PRJ4065,SK0201,4
PRJ0716,SK0019,4
PRJ4315,SK0025,4
PRJ3668,SK0206,3
PRJ3281,SK0175,4
PRJ2924,SK0235,2
PRJ0501,SK0234,4
PRJ2589,SK0283,3
PRJ2174,SK0204,2
PRJ3456,SK0251,3
PRJ1205,SK0107,2
PRJ4055,SK0233,4
PRJ0958,SK0133,4
PRJ3976,SK0155,3
PRJ2044,SK0185,4
PRJ2831,SK0137,3
PRJ4572,SK0063,2
PRJ1776,SK0157,2
PRJ4780,SK0059,2
PRJ0251,SK0036,4
PRJ1761,SK0035,3
PRJ4688,SK0015,4
PRJ0698,SK0027,4
PRJ4272,SK0092,4
PRJ1844,SK0297,2
PRJ4141,SK0251,4
PRJ3403,SK0259,2
PRJ4309,SK0196,4
PRJ0275,SK0062,4
PRJ2250,SK0035,2
PRJ2819,SK0034,4
PRJ2241,SK0185,2
PRJ3595,SK0074,4
PRJ3220,SK0194,4
PRJ4799,SK0181,3
PRJ0019,SK0175,4
PRJ2309,SK0230,2
PRJ4845,SK0056,3
PRJ4739,SK0110,3
PRJ2136,SK0206,4
PRJ4319,SK0049,4
PRJ4797,SK0026,2
PRJ2608,SK0292,4
PRJ4110,SK0267,2
PRJ2101,SK0018,4
PRJ4214,SK0137,2
PRJ1217,SK0293,2
PRJ2879,SK0270,3
PRJ3800,SK0118,3
PRJ3714,SK0083,4
PRJ2286,SK0239,3
PRJ0980,SK0087,2
PRJ3726,SK0087,4
PRJ3801,SK0107,2
PRJ1215,SK0299,4
PRJ0969,SK0136,3
PRJ2065,SK0274,2
PRJ1050,SK0177,2
PRJ4864,SK0181,2
PRJ0583,SK0217,3
PRJ3920,SK0288,4
PRJ1996,SK0003,2
PRJ0961,SK0129,2
PRJ4912,SK0233,3
PRJ2583,SK0110,3
PRJ1485,SK0099,2
PRJ1340,SK0219,3
PRJ1328,SK0270,3
PRJ4740,SK0271,2
PRJ2413,SK0165,4
PRJ4976,SK0085,4
PRJ3266,SK0205,4
PRJ0409,SK0268,4
PRJ1421,SK0101,3
PRJ0343,SK0237,2
PRJ0152,SK0101,2
PRJ4576,SK0235,4
PRJ1909,SK0097,4
PRJ0970,SK0132,3
PRJ0907,SK0227,2
PRJ1802,SK0016,3
PRJ1463,SK0166,3
PRJ1929,SK0093,2
PRJ4161,SK0136,2
PRJ4395,SK0210,4
PRJ0756,SK0169,4
PRJ3582,SK0033,2
PRJ3606,SK0122,4
PRJ1593,SK0054,3
PRJ3470,SK0106,2
PRJ4179,SK0053,2
PRJ2030,SK0218,3
PRJ2088,SK0061,2
PRJ1955,SK0199,4
PRJ1589,SK0232,2
PRJ0759,SK0189,4
PRJ2088,SK0052,3
PRJ0104,SK0007,2
PRJ4616,SK0132,3
PRJ1689,SK0151,2
PRJ1549,SK0135,3
PRJ2875,SK0194,4
PRJ3359,SK0232,3
PRJ0159,SK0130,2
PRJ2223,SK0096,4
PRJ2029,SK0177,3
PRJ0440,SK0178,3
PRJ0889,SK0024,3
PRJ0067,SK0124,4
PRJ2803,SK0235,3
PRJ4684,SK0114,4
PRJ3017,SK0178,3
PRJ4792,SK0048,3
PRJ1923,SK0077,2
PRJ4964,SK0151,2
PRJ0310,SK0219,4
PRJ1134,SK0214,4
PRJ0037,SK0286,3
PRJ1663,SK0253,3
PRJ0553,SK0078,3
PRJ4253,SK0055,4
PRJ3810,SK0122,3
PRJ2293,SK0244,4
PRJ2081,SK0039,2
PRJ3559,SK0118,3
PRJ3852,SK0170,4
PRJ0919,SK0045,4
PRJ2418,SK0253,3
PRJ2847,SK0015,4
PRJ3493,SK0052,4
PRJ2492,SK0025,4
PRJ3358,SK0294,4
PRJ3437,SK0284,4
PRJ0850,SK0126,3
PRJ1431,SK0003,2
PRJ2493,SK0273,2
PRJ2837,SK0125,3
PRJ1689,SK0068,3
PRJ2334,SK0096,4
PRJ1434,SK0109,2
PRJ1372,SK0196,4
PRJ4275,SK0074,3
PRJ4020,SK0203,4
PRJ0052,SK0299,4
PRJ4856,SK0177,4
PRJ3247,SK0038,2
PRJ1806,SK0089,3
PRJ1352,SK0243,3
PRJ3167,SK0018,2
PRJ2644,SK0222,3
PRJ3997,SK0016,2
PRJ1365,SK0283,2
PRJ4696,SK0098,2
PRJ4209,SK0162,2
PRJ4991,SK0182,3
PRJ3610,SK0155,2
PRJ4497,SK0084,3
PRJ0340,SK0023,2
PRJ3880,SK0228,2
PRJ1468,SK0003,4
PRJ2922,SK0016,4
PRJ0780,SK0081,3
PRJ0690,SK0133,4
PRJ0465,SK0168,2
PRJ3394,SK0288,3
PRJ2275,SK0043,4
PRJ0947,SK0213,2
PRJ1465,SK0102,4
PRJ2992,SK0191,2
PRJ4285,SK0222,4
PRJ4563,SK0068,3
PRJ4724,SK0048,3
PRJ4188,SK0170,2
PRJ0982,SK0184,3
PRJ2708,SK0146,4
PRJ2758,SK0276,2
PRJ0337,SK0251,2
PRJ3458,SK0093,3
PRJ4395,SK0141,4
PRJ4546,SK0027,3
PRJ2487,SK0123,4
PRJ4457,SK0008,4
PRJ4978,SK0086,2
PRJ1229,SK0009,2
PRJ3212,SK0089,4
PRJ2581,SK0197,2
PRJ1570,SK0058,3
PRJ4752,SK0139,2
PRJ4441,SK0103,2
PRJ2591,SK0061,2
PRJ0926,SK0188,2
PRJ4576,SK0125,4
PRJ4810,SK0081,3
PRJ4784,SK0170,4
PRJ4170,SK0083,3
PRJ1740,SK0139,3
PRJ1714,SK0285,3
PRJ2754,SK0176,2
PRJ4926,SK0063,4
PRJ4350,SK0288,2
PRJ4081,SK0088,3
PRJ0364,SK0076,4
PRJ2427,SK0076,3
PRJ3348,SK0229,2
PRJ4405,SK0201,4
PRJ1019,SK0248,4
PRJ0322,SK0197,2
PRJ4723,SK0264,2
PRJ4265,SK0074,2
PRJ3826,SK0111,2
PRJ2456,SK0024,4
PRJ4806,SK0238,2
PRJ3907,SK0245,3
PRJ1560,SK0146,4
PRJ0774,SK0090,2
PRJ1890,SK0175,3
PRJ0475,SK0179,4
PRJ2276,SK0178,4
PRJ1209,SK0181,3
PRJ1668,SK0214,3
PRJ1363,SK0284,3
PRJ1480,SK0043,3
PRJ2075,SK0282,4
PRJ0658,SK0070,2
PRJ0584,SK0002,2
PRJ3592,SK0234,2
PRJ0826,SK0231,4
PRJ2763,SK0045,2
PRJ4762,SK0284,4
PRJ3825,SK0086,4
PRJ0589,SK0174,4
PRJ0409,SK0088,2
PRJ1544,SK0056,2
PRJ4397,SK0250,3
PRJ4940,SK0149,2
PRJ0847,SK0276,3
PRJ3685,SK0103,2
PRJ1175,SK0015,3
PRJ4348,SK0117,2
PRJ1987,SK0025,2
PRJ2183,SK0101,3
PRJ2976,SK0263,4
PRJ3001,SK0227,3
PRJ4038,SK0239,4
PRJ4858,SK0297,4
PRJ4581,SK0150,2
PRJ0676,SK0072,3
PRJ0154,SK0054,2
PRJ0224,SK0218,2
PRJ1512,SK0256,3
PRJ2877,SK0158,2
PRJ3356,SK0097,3
PRJ4769,SK0233,2
PRJ4391,SK0113,2
PRJ1533,SK0238,2
PRJ4729,SK0284,4
PRJ1412,SK0091,4
PRJ0431,SK0134,2
PRJ0692,SK0005,4
PRJ1048,SK0053,4
PRJ2938,SK0160,4
PRJ4963,SK0059,4
PRJ2457,SK0173,2
PRJ0852,SK0299,3
PRJ1952,SK0130,2
PRJ0616,SK0001,4
PRJ4998,SK0217,2
PRJ0891,SK0138,2
PRJ3811,SK0268,4
PRJ3703,SK0237,4
PRJ4543,SK0202,2
PRJ1026,SK0151,4
PRJ3338,SK0082,2
PRJ4129,SK0273,3
PRJ0441,SK0258,2
PRJ2156,SK0284,3
PRJ4311,SK0244,4
PRJ0976,SK0132,2
PRJ0850,SK0180,2
PRJ4599,SK0141,2
PRJ0282,SK0019,2
PRJ2597,SK0275,2
PRJ0936,SK0015,3
PRJ2633,SK0095,4
PRJ2424,SK0186,4
PRJ0240,SK0026,4
PRJ1303,SK0275,3
PRJ4747,SK0280,4
PRJ1466,SK0181,4
PRJ3618,SK0012,2
PRJ1947,SK0090,3
PRJ4145,SK0152,3
PRJ4587,SK0109,3
PRJ4677,SK0232,4
PRJ1255,SK0084,2
PRJ0569,SK0185,2
PRJ0166,SK0270,2
PRJ1949,SK0289,2
PRJ1262,SK0037,4
PRJ2817,SK0286,3
PRJ4970,SK0277,2
PRJ3893,SK0194,2
PRJ4799,SK0230,3
PRJ0289,SK0023,2
PRJ3328,SK0139,2
PRJ2651,SK0280,3
PRJ1925,SK0247,3
PRJ1802,SK0255,2
PRJ0976,SK0220,3
PRJ2286,SK0104,2
PRJ2226,SK0133,3
PRJ2971,SK0035,3
PRJ1148,SK0209,2
PRJ4048,SK0300,3
PRJ2560,SK0076,3
PRJ0818,SK0045,3
PRJ1867,SK0283,4
PRJ0562,SK0110,3
PRJ1720,SK0127,4
PRJ2642,SK0148,4
PRJ3231,SK0229,3
PRJ3841,SK0042,4
PRJ2319,SK0070,2
PRJ0510,SK0193,2
PRJ3504,SK0266,2
PRJ4220,SK0034,3
PRJ4824,SK0088,4
PRJ1145,SK0208,3
PRJ2446,SK0155,4
PRJ4419,SK0234,4
PRJ0303,SK0242,2
PRJ2752,SK0045,2
PRJ0695,SK0085,2
PRJ3743,SK0193,2
PRJ4433,SK0248,2
PRJ0012,SK0237,4
PRJ2919,SK0097,3
PRJ2227,SK0001,3
PRJ2920,SK0028,3
PRJ4104,SK0186,2
PRJ3427,SK0074,4
PRJ1784,SK0047,4
PRJ4833,SK0056,2
PRJ2859,SK0077,3
PRJ1224,SK0141,3
PRJ1236,SK0272,2
PRJ2454,SK0021,2
PRJ2920,SK0136,4
PRJ0886,SK0298,3
PRJ3560,SK0026,4
PRJ0895,SK0266,3
PRJ0846,SK0099,4
PRJ3315,SK0229,3
PRJ0981,SK0055,3
PRJ0336,SK0014,4
PRJ2126,SK0011,4
PRJ3664,SK0071,2
PRJ0764,SK0056,3
PRJ4395,SK0133,4
PRJ2873,SK0277,3
PRJ1945,SK0112,4
PRJ0285,SK0117,2
PRJ1638,SK0041,4
PRJ3675,SK0285,3
PRJ3851,SK0101,4
PRJ4285,SK0227,4
PRJ4821,SK0282,3
PRJ3248,SK0019,3
PRJ0615,SK0152,2
PRJ1822,SK0056,2
PRJ2463,SK0061,2
PRJ3829,SK0296,3
PRJ2395,SK0253,4
PRJ0195,SK0096,4
PRJ0161,SK0097,2
PRJ1252,SK0292,3
PRJ1933,SK0249,4
PRJ2746,SK0021,2
PRJ4534,SK0190,3
PRJ0914,SK0201,4
PRJ2073,SK0172,2
PRJ0806,SK0145,3
PRJ0531,SK0053,3
PRJ0949,SK0190,4
PRJ4813,SK0300,2
PRJ2709,SK0166,3
PRJ0882,SK0085,3
PRJ3387,SK0038,4
PRJ4232,SK0100,4
PRJ0305,SK0191,2
PRJ4962,SK0199,2
PRJ3257,SK0046,2
PRJ3519,SK0067,2
PRJ4523,SK0162,3
PRJ4576,SK0056,3
PRJ2739,SK0086,2
PRJ4825,SK0175,2
PRJ0428,SK0038,4
PRJ4326,SK0300,3
PRJ4818,SK0007,4
PRJ0727,SK0061,3
PRJ1816,SK0072,2
PRJ2929,SK0117,3
PRJ3930,SK0275,3
PRJ1663,SK0131,4
PRJ1345,SK0035,2
PRJ4759,SK0203,4
PRJ3845,SK0057,4
PRJ2000,SK0063,3
PRJ3491,SK0166,4
PRJ2635,SK0193,2
PRJ4944,SK0290,3
PRJ3882,SK0160,4
PRJ3971,SK0261,4
PRJ3749,SK0197,3
PRJ1920,SK0136,4
PRJ3723,SK0254,4
PRJ2904,SK0042,4
PRJ3803,SK0141,3
PRJ2380,SK0280,2
PRJ3554,SK0006,2
PRJ0143,SK0239,4
PRJ0644,SK0181,4
PRJ0013,SK0025,4
PRJ3812,SK0274,2
PRJ2368,SK0019,3
PRJ4792,SK0295,2
PRJ2757,SK0016,4
PRJ2542,SK0221,3
PRJ4345,SK0298,2
PRJ4888,SK0209,4
PRJ3402,SK0050,3
PRJ3093,SK0021,2
PRJ1875,SK0224,3
PRJ0097,SK0035,2
PRJ4098,SK0139,2
PRJ2711,SK0087,3
PRJ4512,SK0061,3
PRJ4286,SK0136,2
PRJ4045,SK0218,4
PRJ0383,SK0037,3
PRJ4957,SK0058,2
PRJ1128,SK0129,2
PRJ2171,SK0249,2
PRJ0018,SK0287,2
PRJ2684,SK0027,4
PRJ2510,SK0155,3
PRJ4953,SK0258,3
PRJ4417,SK0289,3
PRJ1604,SK0291,3
PRJ0275,SK0081,4
PRJ0600,SK0197,4
PRJ3819,SK0275,2
PRJ0973,SK0214,3
PRJ4713,SK0218,3
PRJ4860,SK0228,4
PRJ1098,SK0013,2
PRJ0038,SK0035,4
PRJ4899,SK0265,4
PRJ0490,SK0087,2
PRJ3255,SK0005,3
PRJ4323,SK0285,2
PRJ0569,SK0207,2
PRJ2552,SK0020,3
PRJ3562,SK0264,3
PRJ2900,SK0275,3
PRJ3691,SK0173,4
PRJ3082,SK0007,3
PRJ2664,SK0279,2
PRJ2335,SK0051,3
PRJ3341,SK0028,2
PRJ4586,SK0132,3
PRJ0712,SK0267,2
PRJ1187,SK0226,2
PRJ3101,SK0145,2
PRJ1755,SK0259,3
PRJ0976,SK0158,4
PRJ1480,SK0134,4
PRJ1387,SK0040,3
PRJ4576,SK0292,2
PRJ2007,SK0167,2
PRJ2120,SK0113,3
PRJ3089,SK0284,2
PRJ2859,SK0180,2
PRJ2466,SK0123,4
PRJ2923,SK0263,3
PRJ2213,SK0279,2
PRJ3320,SK0082,3
PRJ3198,SK0259,3
PRJ3425,SK0035,4
PRJ0084,SK0177,4
PRJ0230,SK0165,3
PRJ1469,SK0170,3
PRJ3637,SK0251,4
PRJ1571,SK0221,2
PRJ0540,SK0022,4
PRJ4533,SK0150,2
PRJ4481,SK0130,3
PRJ4104,SK0250,4
PRJ4193,SK0209,2
PRJ3076,SK0219,4
PRJ5000,SK0281,4
PRJ3369,SK0086,4
PRJ2736,SK0078,3
PRJ2333,SK0262,4
PRJ1687,SK0289,2
PRJ0136,SK0170,2
PRJ2612,SK0274,3
PRJ0502,SK0038,2
PRJ4872,SK0191,2
PRJ2512,SK0278,2
PRJ3637,SK0089,3
PRJ2720,SK0120,2
PRJ0142,SK0249,2
PRJ1944,SK0295,3
PRJ1934,SK0147,2
PRJ2844,SK0234,2
PRJ3695,SK0140,3
PRJ1057,SK0220,3
PRJ0355,SK0023,2
PRJ4811,SK0247,2
PRJ0521,SK0033,2
PRJ1137,SK0279,2
PRJ1336,SK0087,3
PRJ1274,SK0271,4
PRJ2783,SK0168,4
PRJ1336,SK0260,3
PRJ2504,SK0180,2
PRJ0596,SK0079,3
PRJ1396,SK0025,3
PRJ1796,SK0024,4
PRJ1961,SK0232,2
PRJ1415,SK0249,2
PRJ2791,SK0089,3
PRJ3615,SK0119,4
PRJ4088,SK0186,3
PRJ4300,SK0113,4
PRJ4898,SK0143,3
PRJ3922,SK0007,3
PRJ2130,SK0081,3
PRJ0596,SK0204,4
PRJ2606,SK0051,2
PRJ4853,SK0253,4
PRJ1320,SK0269,4
PRJ0242,SK0002,2
PRJ1587,SK0188,4
PRJ1488,SK0078,4
PRJ2816,SK0219,2
PRJ1909,SK0083,2
PRJ2573,SK0275,3
PRJ2952,SK0262,2
PRJ0444,SK0078,2
PRJ1231,SK0294,4
PRJ0857,SK0007,2
PRJ0025,SK0178,3
PRJ0801,SK0240,2
PRJ1604,SK0034,4
PRJ4500,SK0025,4
PRJ2907,SK0117,2
PRJ0445,SK0020,2
PRJ1564,SK0232,3
PRJ0552,SK0090,4
PRJ3906,SK0161,3
PRJ2838,SK0266,4
PRJ2290,SK0158,2
PRJ3997,SK0183,2
PRJ2021,SK0090,4
PRJ4943,SK0143,3
PRJ1710,SK0187,4
PRJ4941,SK0055,3
PRJ1325,SK0023,2
PRJ3877,SK0245,2
PRJ4259,SK0284,4
PRJ0289,SK0223,3
PRJ3947,SK0235,4
PRJ0647,SK0009,2
PRJ2531,SK0175,4
PRJ3495,SK0036,3
PRJ3898,SK0130,4
PRJ4942,SK0031,4
PRJ3320,SK0074,2
PRJ1216,SK0047,2
PRJ1301,SK0065,3
PRJ2910,SK0027,4
PRJ1910,SK0246,3
PRJ3870,SK0186,3
PRJ4975,SK0008,4
PRJ0272,SK0099,2
PRJ4812,SK0208,2
PRJ4002,SK0175,3
PRJ4902,SK0199,2
PRJ0600,SK0294,3
PRJ3275,SK0134,3
PRJ0678,SK0254,4
PRJ3879,SK0214,3
PRJ1721,SK0287,3
PRJ3492,SK0033,4
PRJ4149,SK0004,2
PRJ3245,SK0200,2
PRJ1402,SK0282,2
PRJ3776,SK0075,4
PRJ3756,SK0262,4
PRJ0514,SK0135,4
PRJ4676,SK0140,3
PRJ2116,SK0162,4
PRJ0904,SK0028,3
PRJ2804,SK0009,2
PRJ3423,SK0202,3
PRJ3018,SK0034,3
PRJ1590,SK0173,4
PRJ1660,SK0227,3
PRJ3097,SK0165,2
PRJ4960,SK0192,2
PRJ0875,SK0271,2
PRJ2044,SK0223,4
PRJ4397,SK0054,4
PRJ3978,SK0087,2
PRJ0125,SK0091,3
PRJ1336,SK0261,3
PRJ1023,SK0237,4
PRJ2665,SK0026,2
PRJ1014,SK0239,2
PRJ2133,SK0012,2
PRJ4136,SK0029,2
PRJ4762,SK0036,3
PRJ0462,SK0284,3
PRJ2460,SK0127,2
PRJ1504,SK0290,2
PRJ4054,SK0113,2
PRJ2264,SK0055,4
PRJ3381,SK0129,2
PRJ1529,SK0289,3
PRJ3471,SK0148,2
PRJ2513,SK0264,4
PRJ3573,SK0188,4
PRJ4057,SK0203,4
PRJ2007,SK0251,3
PRJ2695,SK0131,2
PRJ2598,SK0086,4
PRJ0437,SK0188,4
PRJ4606,SK0037,2
PRJ4419,SK0130,2
PRJ2835,SK0232,3
PRJ2136,SK0156,4
PRJ2682,SK0226,2
PRJ1588,SK0060,3
PRJ2651,SK0049,4
PRJ1111,SK0169,3
PRJ1842,SK0089,2
PRJ4714,SK0194,3
PRJ0696,SK0001,4
PRJ3809,SK0081,3
PRJ2727,SK0193,2
PRJ1535,SK0079,4
PRJ0322,SK0105,4
PRJ3733,SK0087,4
PRJ0492,SK0056,3
PRJ2135,SK0171,4
PRJ3678,SK0042,3
PRJ3465,SK0238,2
PRJ1605,SK0200,2
PRJ1306,SK0083,2
PRJ0165,SK0254,4
PRJ4245,SK0085,2
PRJ3775,SK0270,4
PRJ4604,SK0205,4
PRJ4712,SK0044,3
PRJ3032,SK0168,4
PRJ4373,SK0086,2
PRJ2971,SK0007,2
PRJ1653,SK0213,3
PRJ3297,SK0061,3
PRJ1003,SK0196,4
PRJ2461,SK0040,4
PRJ0611,SK0194,2
PRJ0200,SK0231,2
PRJ3101,SK0195,4
PRJ1818,SK0095,4
PRJ3478,SK0075,2
PRJ1695,SK0113,4
PRJ2714,SK0073,4
PRJ1707,SK0281,3
PRJ2039,SK0197,3
PRJ0809,SK0190,3
PRJ4208,SK0226,4
PRJ4494,SK0271,2
PRJ1078,SK0123,4
PRJ0013,SK0238,2
PRJ2767,SK0200,4
PRJ1517,SK0102,2
PRJ0491,SK0128,3
PRJ1905,SK0087,2
PRJ0417,SK0195,4
PRJ2387,SK0009,2
PRJ4707,SK0290,4
PRJ2052,SK0220,3
PRJ3843,SK0170,4
PRJ2251,SK0020,4
PRJ3413,SK0145,4
PRJ4781,SK0167,3
PRJ4183,SK0121,2
PRJ2089,SK0071,2
PRJ1863,SK0190,3
PRJ0460,SK0155,3
PRJ4929,SK0190,3
PRJ4477,SK0067,3
PRJ1189,SK0142,4
PRJ2098,SK0210,4
PRJ3263,SK0069,3
PRJ4181,SK0016,3
PRJ1511,SK0152,3
PRJ1248,SK0098,3
PRJ2871,SK0045,3
PRJ3750,SK0256,4
PRJ0170,SK0249,3
PRJ4606,SK0203,2
PRJ4640,SK0200,2
PRJ1603,SK0251,2
PRJ3807,SK0215,2
PRJ3300,SK0277,2
PRJ0692,SK0184,4
PRJ3175,SK0280,2
PRJ3036,SK0057,3
PRJ1759,SK0200,4
PRJ0083,SK0027,3
PRJ1129,SK0094,3
PRJ4350,SK0051,2
PRJ2173,SK0184,3
PRJ3125,SK0238,3
PRJ0465,SK0170,4
PRJ0644,SK0040,2
PRJ2997,SK0129,2
PRJ4322,SK0030,4
PRJ0207,SK0016,4
PRJ2156,SK0029,4
PRJ3858,SK0255,3
PRJ2077,SK0190,4
PRJ1547,SK0215,3
PRJ0873,SK0023,4
PRJ2340,SK0176,2
PRJ1562,SK0195,2
PRJ2961,SK0227,2
PRJ0360,SK0235,4
PRJ3454,SK0060,4
PRJ0017,SK0120,4
PRJ1747,SK0291,4
PRJ3391,SK0122,4
PRJ3668,SK0096,4
PRJ4935,SK0073,4
PRJ4422,SK0068,2
PRJ4258,SK0168,4
PRJ4890,SK0230,4
PRJ1028,SK0194,2
PRJ1796,SK0228,4
PRJ1060,SK0250,2
PRJ0919,SK0179,2
PRJ0255,SK0099,2
PRJ0514,SK0290,3
PRJ1881,SK0229,4
PRJ1209,SK0120,2
PRJ2201,SK0220,4
PRJ4253,SK0247,4
PRJ4450,SK0209,3
PRJ0213,SK0219,3
PRJ2427,SK0178,4
PRJ4567,SK0113,3
PRJ1919,SK0233,3
PRJ3493,SK0039,4
PRJ0910,SK0078,2
PRJ0414,SK0224,3
PRJ1537,SK0024,3
PRJ1961,SK0225,2
PRJ0723,SK0296,3
PRJ4677,SK0188,3
PRJ3534,SK0172,4
PRJ0825,SK0218,3
PRJ2225,SK0192,3
PRJ2833,SK0194,3
PRJ3407,SK0269,4
PRJ3321,SK0148,2
PRJ2029,SK0282,3
PRJ2512,SK0030,3
PRJ3035,SK0025,2
PRJ0495,SK0072,4
PRJ0169,SK0124,2
PRJ4227,SK0081,4
PRJ2928,SK0079,4
PRJ4879,SK0198,3
PRJ2777,SK0300,3
PRJ4166,SK0211,4
PRJ0568,SK0194,2
PRJ1056,SK0113,3
PRJ3290,SK0001,2
PRJ2758,SK0099,2
PRJ4100,SK0024,3
PRJ2656,SK0204,2
PRJ2985,SK0195,2
PRJ3100,SK0179,2
PRJ4649,SK0251,4
PRJ3777,SK0052,3
PRJ4594,SK0208,3
PRJ4268,SK0008,4
PRJ4338,SK0118,2
PRJ1482,SK0123,2
PRJ4175,SK0044,3
PRJ4550,SK0188,3
PRJ4507,SK0230,2
PRJ2847,SK0120,2
PRJ2687,SK0047,2
PRJ0328,SK0045,4
PRJ1025,SK0028,2
PRJ3488,SK0295,3
PRJ4125,SK0096,3
PRJ0662,SK0099,2
PRJ4011,SK0130,2
PRJ1964,SK0124,3
PRJ2372,SK0056,3
PRJ2155,SK0034,3
PRJ1107,SK0078,3
PRJ0471,SK0202,4
PRJ0890,SK0149,4
PRJ0571,SK0185,2
PRJ2501,SK0288,4
PRJ2699,SK0192,4
PRJ0961,SK0232,2
PRJ4415,SK0058,4
PRJ3267,SK0118,3
PRJ2627,SK0222,3
PRJ2542,SK0173,3
PRJ3198,SK0275,4
PRJ0254,SK0218,3
PRJ3952,SK0020,2
PRJ0814,SK0026,3
PRJ3998,SK0252,4
PRJ2868,SK0298,2
PRJ1971,SK0077,4
PRJ1608,SK0298,4
PRJ1778,SK0087,4
PRJ1935,SK0190,2
PRJ4922,SK0170,4
PRJ2028,SK0024,2
PRJ0904,SK0163,3
PRJ1043,SK0228,2
PRJ3460,SK0004,4
PRJ1114,SK0197,3
PRJ1848,SK0043,2
PRJ1876,SK0072,3
PRJ2937,SK0075,3
PRJ4447,SK0258,2
PRJ2523,SK0004,2
PRJ0763,SK0091,2
PRJ2409,SK0001,4
PRJ3429,SK0276,3
PRJ3170,SK0162,2
PRJ4689,SK0283,2
PRJ2596,SK0283,3
PRJ0139,SK0196,3
PRJ4538,SK0039,2
PRJ4118,SK0174,2
PRJ0069,SK0271,3
PRJ1457,SK0262,2
PRJ0950,SK0271,2
PRJ1027,SK0034,3
PRJ0948,SK0012,2
PRJ2470,SK0067,2
PRJ1440,SK0166,3
PRJ3442,SK0256,2
PRJ3302,SK0010,4
PRJ4502,SK0024,2
PRJ1465,SK0027,3
PRJ4323,SK0081,2
PRJ1761,SK0135,4
PRJ3332,SK0146,3
PRJ2786,SK0237,2
PRJ2068,SK0300,2
PRJ2002,SK0041,3
PRJ4051,SK0255,4
PRJ2837,SK0194,4
PRJ0329,SK0287,4
PRJ0701,SK0288,2
PRJ0155,SK0273,2
PRJ0936,SK0050,2
PRJ1373,SK0294,4
PRJ0579,SK0126,2
PRJ4414,SK0267,3
PRJ2245,SK0042,2
PRJ2542,SK0051,2
PRJ0669,SK0149,2
PRJ1390,SK0174,3
PRJ2459,SK0130,2
PRJ2188,SK0122,3
PRJ3302,SK0244,2
PRJ2402,SK0108,2
PRJ0695,SK0037,3
PRJ2226,SK0249,4
PRJ3642,SK0291,3
PRJ2116,SK0136,2
PRJ3888,SK0028,4
PRJ2084,SK0174,4
PRJ2420,SK0034,2
PRJ1837,SK0147,3
PRJ1152,SK0158,3
PRJ0902,SK0285,4
PRJ4807,SK0244,3
