project_id,project_name,department_id,status,budget,business_value,complexity
PRJ0001,Project Expanded methodical utilization,D020,In Progress,630832.35,4537264.29,Critical
PRJ0002,Project Digitized hybrid methodology,D008,Cancelled,303654.16,999231.71,Critical
PRJ0003,Project Synchronized analyzing knowledgebase,D013,Planning,376387.11,2497710.48,High
PRJ0004,Project Universal tangible knowledge user,D014,Completed,899853.19,2791839.82,Low
PRJ0005,Project Expanded 5thgeneration core,D009,Completed,500611.39,3627392.75,Low
PRJ0006,Project Versatile 24/7 matrix,D002,Planning,372664.89,4168664.76,Critical
PRJ0007,Project Balanced incremental throughput,D005,Planning,732903.19,4867309.69,High
PRJ0008,Project Monitored bandwidth-monitored projection,D019,Planning,955410.63,830215.9,Low
PRJ0009,Project Up-sized empowering interface,D015,Completed,278893.98,2922527.97,Critical
PRJ0010,Project Team-oriented foreground alliance,D017,Completed,486520.83,4185299.35,Medium
PRJ0011,Project Organic encompassing strategy,D005,In Progress,741605.59,1938001.6,Critical
PRJ0012,Project Focused 4thgeneration task-force,D004,In Progress,990906.97,1390085.62,Critical
PRJ0013,Project Object-based tertiary middleware,D009,In Progress,878772.9,1947949.43,Low
PRJ0014,Project Seamless background encoding,D007,In Progress,115552.49,3100437.32,Medium
PRJ0015,Project User-centric full-range help-desk,D004,Completed,733225.93,3986831.34,High
PRJ0016,Project Switchable tertiary paradigm,D018,Completed,735862.24,842621.56,Critical
PRJ0017,Project Polarized scalable focus group,D003,Planning,374828.16,1275714.14,Low
PRJ0018,Project Function-based 24/7 portal,D008,Completed,192193.65,1981666.11,High
PRJ0019,Project Extended upward-trending utilization,D011,Completed,575103.55,2046176.7,Medium
PRJ0020,Project Fully-configurable static project,D014,Completed,898958.61,3418119.2,Low
PRJ0021,Project Public-key next generation Internet solution,D014,Completed,462850.15,2942716.65,Low
PRJ0022,Project Multi-lateral human-resource data-warehouse,D018,Completed,39837.89,2260959.22,Critical
PRJ0023,Project Cross-platform multimedia emulation,D004,Completed,336618.94,4046820.91,High
PRJ0024,Project Managed 4thgeneration open architecture,D008,Completed,368250.45,2173293.75,Medium
PRJ0025,Project Configurable systematic orchestration,D019,In Progress,456347.25,1679892.5,Critical
PRJ0026,Project Mandatory client-driven service-desk,D007,Completed,165611.04,1330777.98,High
PRJ0027,Project Multi-lateral zero tolerance Graphic Interface,D014,Completed,138587.03,2806065.87,Low
PRJ0028,Project Cross-group optimal moratorium,D020,Completed,953672.14,1892645.62,Low
PRJ0029,Project Multi-lateral heuristic matrix,D019,Completed,787552.45,4675773.29,Critical
PRJ0030,Project Secured fresh-thinking methodology,D015,Completed,822930.94,3837459.14,Critical
PRJ0031,Project Face-to-face intangible budgetary management,D015,Cancelled,147839.83,395304.84,Low
PRJ0032,Project Face-to-face discrete neural-net,D006,Planning,344088.97,580561.59,Critical
PRJ0033,Project Persevering logistical firmware,D003,In Progress,61098.01,2237760.0,High
PRJ0034,Project Right-sized analyzing analyzer,D012,Completed,222679.71,2294583.75,Critical
PRJ0035,Project Streamlined grid-enabled task-force,D003,Completed,71699.85,3776947.21,Medium
PRJ0036,Project Networked zero administration hierarchy,D006,Completed,25417.26,275695.34,Critical
PRJ0037,Project Persistent scalable strategy,D015,In Progress,129203.11,4495383.78,Low
PRJ0038,Project Cross-group web-enabled budgetary management,D009,Completed,629127.11,3258121.17,Medium
PRJ0039,Project Optional asymmetric middleware,D008,Completed,908714.25,1446558.93,High
PRJ0040,Project Focused uniform capacity,D019,In Progress,173528.96,326644.52,High
PRJ0041,Project Adaptive 6thgeneration data-warehouse,D005,Completed,808141.32,1177095.88,Low
PRJ0042,Project Quality-focused clear-thinking database,D001,Completed,290603.58,3456973.48,Critical
PRJ0043,Project Pre-emptive local concept,D013,Completed,639319.18,2218708.56,Critical
PRJ0044,Project Synchronized content-based attitude,D006,Completed,321700.15,1109136.62,Critical
PRJ0045,Project Right-sized web-enabled ability,D015,Completed,641446.74,624542.06,Low
PRJ0046,Project Seamless impactful moratorium,D018,In Progress,196831.13,4080654.68,Critical
PRJ0047,Project Fully-configurable holistic array,D004,In Progress,904680.9,4744906.5,Critical
PRJ0048,Project Streamlined real-time moratorium,D019,In Progress,124564.4,776086.57,High
PRJ0049,Project Up-sized 3rdgeneration service-desk,D001,Completed,233002.79,2451829.04,Critical
PRJ0050,Project Programmable needs-based projection,D016,Planning,418770.6,2209973.28,High
PRJ0051,Project Visionary well-modulated task-force,D020,Planning,998785.96,4266704.13,High
PRJ0052,Project Inverse demand-driven archive,D015,Completed,231704.94,3230082.13,Low
PRJ0053,Project Stand-alone transitional extranet,D002,Completed,17996.17,4363261.39,Medium
PRJ0054,Project Pre-emptive bandwidth-monitored flexibility,D020,In Progress,912109.35,3812335.39,High
PRJ0055,Project Secured impactful projection,D019,Completed,682513.87,4281609.98,Low
PRJ0056,Project Down-sized fault-tolerant flexibility,D004,In Progress,806746.66,2258083.09,Low
PRJ0057,Project Centralized web-enabled matrices,D014,Completed,173774.84,2581748.17,High
PRJ0058,Project Reverse-engineered 4thgeneration superstructure,D003,Completed,626722.66,4800768.86,Medium
PRJ0059,Project Universal eco-centric matrix,D007,Completed,737158.7,776662.07,High
PRJ0060,Project Grass-roots neutral model,D015,Completed,521537.04,4548011.63,Critical
PRJ0061,Project Organized intermediate budgetary management,D012,Planning,250624.7,3028724.58,Medium
PRJ0062,Project Business-focused bandwidth-monitored encryption,D018,Completed,678987.22,1176588.7,High
PRJ0063,Project Implemented directional website,D005,In Progress,987150.42,2393356.79,Low
PRJ0064,Project Up-sized web-enabled functionalities,D016,Planning,480388.39,2455876.32,Medium
PRJ0065,Project Focused zero-defect capacity,D013,In Progress,35197.04,986412.05,Low
PRJ0066,Project Public-key system-worthy productivity,D020,Completed,712897.6,3011481.65,Low
PRJ0067,Project Assimilated mission-critical productivity,D016,Completed,770606.18,4546246.99,Medium
PRJ0068,Project Persistent directional core,D001,In Progress,93904.51,3496423.19,Critical
PRJ0069,Project Multi-layered encompassing leverage,D013,Completed,834160.7,176995.86,Critical
PRJ0070,Project Diverse hybrid system engine,D009,Completed,707911.56,1157045.42,Critical
PRJ0071,Project Persistent 4thgeneration customer loyalty,D011,Completed,533461.38,1411894.59,Critical
PRJ0072,Project De-engineered 24/7 middleware,D015,Cancelled,445263.61,813873.21,Low
PRJ0073,Project Enterprise-wide encompassing strategy,D012,Completed,355095.16,4738045.11,Critical
PRJ0074,Project Object-based mission-critical approach,D020,Completed,268960.94,52580.0,Medium
PRJ0075,Project Cross-platform non-volatile encryption,D001,In Progress,61483.95,2647813.11,Low
PRJ0076,Project Business-focused interactive toolset,D011,In Progress,920556.74,2637662.33,Low
PRJ0077,Project Business-focused optimal knowledge user,D008,Completed,49200.13,71979.52,Medium
PRJ0078,Project Virtual intangible Internet solution,D011,Completed,777674.97,2953444.49,Low
PRJ0079,Project Organic cohesive model,D014,Cancelled,73555.82,1916226.16,Critical
PRJ0080,Project Triple-buffered didactic capacity,D016,Completed,697276.65,2867180.52,Medium
PRJ0081,Project Cross-group bi-directional encoding,D004,Completed,195324.91,1426687.42,Low
PRJ0082,Project Down-sized 6thgeneration hub,D003,Completed,567285.27,955617.38,High
PRJ0083,Project Total system-worthy policy,D004,Planning,387820.91,1283587.57,Critical
PRJ0084,Project Inverse 4thgeneration project,D020,Completed,684414.91,2419784.68,High
PRJ0085,Project Switchable holistic budgetary management,D018,Completed,64284.92,3492462.29,Medium
PRJ0086,Project Polarized reciprocal array,D003,Planning,753072.94,2237755.51,Medium
PRJ0087,Project Reverse-engineered tertiary installation,D013,Completed,549540.05,4558662.19,Low
PRJ0088,Project Distributed user-facing contingency,D017,In Progress,591635.61,2672172.05,Critical
PRJ0089,Project Optimized bifurcated Graphical User Interface,D006,Completed,146416.81,4180736.0,High
PRJ0090,Project Polarized empowering neural-net,D005,Planning,849305.98,2616314.8,Critical
PRJ0091,Project Upgradable exuding open architecture,D015,Completed,72804.79,4124997.05,Low
PRJ0092,Project Fully-configurable scalable structure,D014,In Progress,588764.94,4323325.71,Medium
PRJ0093,Project Implemented client-driven framework,D001,In Progress,83148.33,496039.79,Critical
PRJ0094,Project Compatible value-added implementation,D011,In Progress,729451.52,108534.93,Low
PRJ0095,Project Fully-configurable motivating customer loyalty,D002,Completed,432484.81,3536728.74,Medium
PRJ0096,Project Grass-roots motivating archive,D016,Completed,842538.0,4800282.95,High
PRJ0097,Project De-engineered holistic database,D012,Completed,921402.21,1631138.23,Medium
PRJ0098,Project Seamless zero tolerance encryption,D017,In Progress,524018.17,983982.91,Low
PRJ0099,Project Operative directional service-desk,D001,Completed,751235.97,4601890.5,Critical
PRJ0100,Project Open-architected tangible instruction set,D018,Completed,729396.51,3770088.15,High
PRJ0101,Project Customer-focused client-server installation,D012,In Progress,411077.05,856614.78,Low
PRJ0102,Project Fundamental grid-enabled policy,D010,Completed,828380.93,4027683.77,Medium
PRJ0103,Project Robust scalable toolset,D015,Completed,301109.28,4423190.65,Low
PRJ0104,Project Public-key hybrid synergy,D001,Completed,168361.5,1971076.69,High
PRJ0105,Project Customizable real-time matrix,D015,Completed,619225.12,4687860.79,Critical
PRJ0106,Project Monitored bifurcated alliance,D016,Completed,113979.11,3639129.58,Low
PRJ0107,Project Intuitive background contingency,D016,Completed,905845.36,3572687.18,Critical
PRJ0108,Project User-centric 3rdgeneration emulation,D002,Cancelled,535161.29,1262317.05,High
PRJ0109,Project Public-key directional utilization,D009,Completed,621419.31,234788.72,High
PRJ0110,Project Organized upward-trending support,D001,Planning,32426.81,665890.81,High
PRJ0111,Project Balanced 5thgeneration moratorium,D018,Planning,123687.83,4914075.58,Low
PRJ0112,Project Reactive executive task-force,D005,In Progress,807700.08,1192951.1,High
PRJ0113,Project Mandatory executive website,D018,Cancelled,707586.48,3547091.14,Medium
PRJ0114,Project Robust executive algorithm,D009,Completed,601816.82,3931631.21,Low
PRJ0115,Project Business-focused zero tolerance productivity,D003,Completed,285309.4,2649360.37,Critical
PRJ0116,Project Ameliorated real-time encoding,D018,Completed,126704.75,3430723.1,Low
PRJ0117,Project Networked optimal budgetary management,D013,Planning,600103.32,2492804.62,High
PRJ0118,Project Upgradable needs-based capability,D002,Completed,925727.46,2939933.06,Medium
PRJ0119,Project Mandatory coherent parallelism,D017,Completed,393927.21,2726752.81,Critical
PRJ0120,Project Assimilated fresh-thinking paradigm,D001,Completed,266681.12,4808578.89,Medium
PRJ0121,Project Polarized zero administration encoding,D007,In Progress,771746.15,2705754.74,Medium
PRJ0122,Project Adaptive actuating access,D015,Planning,443753.54,591965.84,Critical
PRJ0123,Project Operative maximized matrix,D014,Completed,637607.77,2789119.25,Medium
PRJ0124,Project Digitized 24hour Internet solution,D019,Completed,525543.52,3995066.64,Low
PRJ0125,Project Triple-buffered 24/7 algorithm,D008,In Progress,662560.34,1974379.94,Critical
PRJ0126,Project Compatible executive policy,D005,Cancelled,370389.37,3807493.05,High
PRJ0127,Project Ergonomic leadingedge intranet,D008,Completed,496974.6,331964.99,Critical
PRJ0128,Project Horizontal zero-defect alliance,D008,Completed,774243.82,2881947.13,Low
PRJ0129,Project Mandatory eco-centric encoding,D003,Completed,261807.19,1805500.5,Low
PRJ0130,Project Business-focused grid-enabled neural-net,D015,Completed,644643.4,4612519.24,Low
PRJ0131,Project Cloned bottom-line archive,D017,Completed,524442.61,864594.0,Critical
PRJ0132,Project Innovative clear-thinking analyzer,D004,In Progress,691673.41,1668154.58,Low
PRJ0133,Project Open-architected fault-tolerant productivity,D008,Completed,391674.43,2168810.6,Medium
PRJ0134,Project Optional holistic time-frame,D004,In Progress,758767.44,4797341.71,Critical
PRJ0135,Project Configurable zero administration service-desk,D001,In Progress,887541.98,4228313.79,Critical
PRJ0136,Project Realigned mobile capability,D016,Cancelled,373893.86,2622836.19,Low
PRJ0137,Project Configurable real-time time-frame,D007,In Progress,724693.94,4140696.52,Low
PRJ0138,Project Business-focused intangible throughput,D002,Completed,615067.77,3192711.13,Critical
PRJ0139,Project Public-key asynchronous approach,D017,In Progress,12353.09,3864939.04,Low
PRJ0140,Project Mandatory heuristic contingency,D015,Completed,883084.25,4002385.96,Medium
PRJ0141,Project Intuitive leadingedge model,D018,In Progress,921377.72,2190369.0,Medium
PRJ0142,Project Cross-platform solution-oriented info-mediaries,D011,In Progress,528526.26,3549601.85,Medium
PRJ0143,Project Advanced analyzing alliance,D003,Completed,862648.65,4968664.11,High
PRJ0144,Project Multi-layered modular moratorium,D002,In Progress,421113.77,4889800.04,Critical
PRJ0145,Project Upgradable attitude-oriented emulation,D016,Completed,598077.69,1893962.74,Critical
PRJ0146,Project Quality-focused asynchronous success,D010,Cancelled,722493.78,445871.69,Medium
PRJ0147,Project Up-sized next generation open architecture,D017,Planning,402197.43,502902.61,Critical
PRJ0148,Project Cross-platform tertiary Graphic Interface,D007,Completed,465485.69,3406760.33,High
PRJ0149,Project Realigned system-worthy encryption,D012,Completed,651159.05,2201414.52,Critical
PRJ0150,Project Down-sized hybrid help-desk,D020,In Progress,210801.71,3748924.23,Medium
PRJ0151,Project Secured tertiary architecture,D003,Completed,438482.85,1453951.38,Low
PRJ0152,Project Re-engineered zero administration Local Area Network,D004,In Progress,585293.97,4497945.25,Critical
PRJ0153,Project Distributed transitional migration,D002,Completed,22350.52,4366310.68,Low
PRJ0154,Project Right-sized high-level definition,D004,Completed,761003.75,4635930.51,Low
PRJ0155,Project Programmable attitude-oriented frame,D007,Completed,688786.6,3362155.41,Critical
PRJ0156,Project Front-line client-server installation,D014,In Progress,69354.68,1015932.19,Medium
PRJ0157,Project Distributed 5thgeneration contingency,D017,Planning,993399.34,1839060.94,Critical
PRJ0158,Project Balanced incremental approach,D014,Cancelled,842853.97,1979934.32,High
PRJ0159,Project Managed coherent synergy,D008,Completed,797236.99,375532.35,Medium
PRJ0160,Project Universal impactful analyzer,D013,Cancelled,305328.05,3632165.02,Low
PRJ0161,Project Visionary didactic moderator,D010,Completed,417774.23,427414.99,High
PRJ0162,Project Realigned radical architecture,D004,In Progress,461243.42,1857090.19,Critical
PRJ0163,Project Public-key modular solution,D013,Completed,756228.28,1959598.76,Low
PRJ0164,Project Virtual intangible strategy,D005,In Progress,508058.57,4434544.69,Critical
PRJ0165,Project Multi-layered transitional policy,D020,In Progress,365837.64,2834529.25,Medium
PRJ0166,Project Reverse-engineered grid-enabled strategy,D016,In Progress,595226.4,4951747.98,Low
PRJ0167,Project Fully-configurable high-level capability,D017,Completed,378348.06,3616698.18,Low
PRJ0168,Project Synergized system-worthy structure,D013,Completed,805488.79,4707917.28,High
PRJ0169,Project Proactive maximized superstructure,D010,Cancelled,881048.78,4175599.53,Low
PRJ0170,Project Stand-alone multi-tasking protocol,D020,In Progress,840565.22,3562613.75,High
PRJ0171,Project Assimilated bandwidth-monitored model,D019,Completed,504205.72,4697276.74,High
PRJ0172,Project Operative global archive,D015,Completed,426374.49,4416861.34,High
PRJ0173,Project Synchronized explicit matrices,D017,Completed,328209.25,4820386.09,Medium
PRJ0174,Project Progressive transitional leverage,D015,In Progress,506923.51,162276.94,Critical
PRJ0175,Project Universal mobile process improvement,D012,In Progress,722797.04,1539358.01,High
PRJ0176,Project Quality-focused discrete hierarchy,D016,Completed,195826.86,2705590.32,High
PRJ0177,Project Phased attitude-oriented forecast,D008,Planning,179284.87,4715356.15,Critical
PRJ0178,Project User-friendly local toolset,D008,Cancelled,459128.23,2572143.56,Medium
PRJ0179,Project Adaptive disintermediate policy,D003,Planning,551574.3,2917433.88,High
PRJ0180,Project Assimilated dedicated Local Area Network,D008,Completed,408213.32,2754537.51,High
PRJ0181,Project Cloned foreground model,D011,Planning,162230.88,1826475.78,Medium
PRJ0182,Project Switchable high-level complexity,D009,In Progress,218002.02,981735.86,Low
PRJ0183,Project Balanced encompassing complexity,D005,Completed,238318.8,3155833.53,Critical
PRJ0184,Project Multi-tiered systemic customer loyalty,D018,In Progress,720540.7,3172593.22,Low
PRJ0185,Project Multi-layered composite moratorium,D019,Completed,721223.11,2209953.61,Low
PRJ0186,Project Robust system-worthy solution,D019,Completed,933782.34,1418555.74,Critical
PRJ0187,Project Switchable eco-centric task-force,D017,Planning,161327.75,4071029.53,Medium
PRJ0188,Project Multi-tiered homogeneous initiative,D012,Completed,266649.08,1328448.85,High
PRJ0189,Project Total methodical standardization,D016,In Progress,667561.86,1762309.15,Low
PRJ0190,Project Public-key full-range architecture,D016,Completed,69549.9,855014.82,Low
PRJ0191,Project Multi-channeled cohesive Internet solution,D019,Completed,156184.86,2064889.51,Low
PRJ0192,Project Down-sized value-added synergy,D011,Completed,572636.01,3184870.51,High
PRJ0193,Project Assimilated transitional structure,D015,In Progress,67575.68,3363876.57,Medium
PRJ0194,Project Right-sized fault-tolerant contingency,D014,Completed,87938.17,1299780.88,Low
PRJ0195,Project Total actuating Internet solution,D020,In Progress,973618.56,752096.07,Medium
PRJ0196,Project Profit-focused high-level circuit,D006,Planning,107543.91,4327631.74,Medium
PRJ0197,Project Streamlined radical workforce,D014,Planning,868243.86,1248446.77,High
PRJ0198,Project Optional holistic definition,D006,Completed,596405.67,3970645.26,Low
PRJ0199,Project Customizable multi-tasking capability,D009,Completed,452976.35,1295202.42,Low
PRJ0200,Project Monitored global matrices,D020,Planning,853699.45,2100607.87,High
PRJ0201,Project Vision-oriented bandwidth-monitored groupware,D009,Completed,102621.61,4261683.2,Medium
PRJ0202,Project Fully-configurable optimal contingency,D007,Cancelled,424632.72,156409.86,Low
PRJ0203,Project Enhanced optimizing forecast,D013,Completed,846180.23,963729.77,Critical
PRJ0204,Project Multi-tiered composite array,D004,Planning,517491.08,4933059.71,Critical
PRJ0205,Project Re-engineered scalable strategy,D019,Planning,685532.89,4959039.62,Low
PRJ0206,Project Optimized asynchronous protocol,D013,Completed,587077.49,1066189.43,Medium
PRJ0207,Project Vision-oriented stable Graphic Interface,D016,In Progress,679937.83,4369401.27,Low
PRJ0208,Project Adaptive multi-state superstructure,D003,Completed,712581.51,1201861.46,High
PRJ0209,Project Diverse high-level encoding,D011,Completed,916703.76,4343968.12,High
PRJ0210,Project Expanded optimal moderator,D004,Completed,546653.37,1547830.55,Medium
PRJ0211,Project Streamlined well-modulated framework,D006,Completed,355095.74,649502.99,High
PRJ0212,Project Team-oriented scalable pricing structure,D015,Completed,950918.27,1290353.16,Low
PRJ0213,Project Synergized analyzing archive,D011,Completed,564916.69,3286499.05,Critical
PRJ0214,Project Multi-tiered high-level middleware,D016,Completed,447498.55,1968352.2,Medium
PRJ0215,Project Configurable mission-critical hierarchy,D005,In Progress,628406.73,4917511.74,Medium
PRJ0216,Project Polarized optimizing initiative,D005,In Progress,200570.84,4838270.17,Low
PRJ0217,Project Adaptive holistic functionalities,D010,Completed,53917.81,3415048.57,Medium
PRJ0218,Project Total local matrices,D004,Planning,294880.28,2256089.46,Low
PRJ0219,Project Integrated responsive hierarchy,D002,Completed,310922.32,1711780.39,Medium
PRJ0220,Project Distributed multimedia neural-net,D005,Completed,98314.11,3732257.31,High
PRJ0221,Project Switchable fault-tolerant infrastructure,D004,Planning,653705.71,2121348.7,Critical
PRJ0222,Project Total mobile superstructure,D007,Completed,457936.39,695785.36,Medium
PRJ0223,Project Enhanced multi-state data-warehouse,D012,Completed,923124.21,1455543.63,Critical
PRJ0224,Project Distributed uniform application,D002,Planning,814819.08,875829.26,High
PRJ0225,Project Profound mission-critical budgetary management,D005,In Progress,248198.51,3334027.4,Medium
PRJ0226,Project Synergistic foreground frame,D018,Completed,86270.84,266958.17,Medium
PRJ0227,Project Function-based 4thgeneration Internet solution,D013,Completed,860387.42,1594393.71,Critical
PRJ0228,Project Multi-tiered mission-critical project,D016,Cancelled,39486.55,4144255.05,Critical
PRJ0229,Project Seamless leadingedge attitude,D013,Completed,321580.16,2327449.83,High
PRJ0230,Project Upgradable regional hub,D013,Planning,25537.85,2460245.06,High
PRJ0231,Project Future-proofed encompassing archive,D003,Completed,172899.93,1662264.18,Critical
PRJ0232,Project Customer-focused actuating workforce,D010,Planning,678483.56,111168.26,Critical
PRJ0233,Project Polarized executive synergy,D009,Planning,752687.65,3906772.48,Critical
PRJ0234,Project Optional value-added synergy,D001,Completed,755404.93,3428309.22,Medium
PRJ0235,Project Profound background flexibility,D007,Completed,75071.43,4204054.03,High
PRJ0236,Project Robust system-worthy groupware,D007,In Progress,590097.37,401029.84,Medium
PRJ0237,Project Optimized dynamic productivity,D016,In Progress,22071.42,4602573.5,Low
PRJ0238,Project Integrated 24hour open architecture,D013,Planning,639649.85,908353.89,High
PRJ0239,Project Phased high-level service-desk,D018,Completed,234907.83,581219.0,Critical
PRJ0240,Project Front-line exuding frame,D012,Planning,532216.4,3414616.3,Low
PRJ0241,Project Grass-roots systematic approach,D004,In Progress,427569.13,4967279.4,Critical
PRJ0242,Project Automated mobile middleware,D009,Cancelled,488236.77,3084474.85,High
PRJ0243,Project Persistent hybrid emulation,D016,Completed,854707.87,3972135.09,Low
PRJ0244,Project Expanded bottom-line complexity,D012,Completed,64127.98,882668.37,Critical
PRJ0245,Project Fully-configurable web-enabled product,D003,Completed,160034.01,4929649.23,Medium
PRJ0246,Project Universal empowering model,D012,Completed,117284.95,3158493.88,Critical
PRJ0247,Project Fully-configurable attitude-oriented productivity,D017,Completed,470846.43,2098368.74,Critical
PRJ0248,Project User-friendly mobile complexity,D015,Cancelled,572516.76,399138.6,Critical
PRJ0249,Project Robust regional definition,D012,In Progress,352867.07,2356316.62,High
PRJ0250,Project Up-sized full-range infrastructure,D010,Planning,955576.92,354580.93,High
PRJ0251,Project Intuitive zero-defect hardware,D017,Cancelled,718325.0,805854.63,Medium
PRJ0252,Project Cloned multimedia toolset,D015,Completed,81602.42,1525690.61,Low
PRJ0253,Project Upgradable local archive,D018,Completed,429251.54,4421451.05,Low
PRJ0254,Project Devolved bottom-line array,D006,In Progress,258935.88,3538826.89,Medium
PRJ0255,Project Pre-emptive zero administration info-mediaries,D013,Planning,963148.58,4824523.78,Critical
PRJ0256,Project Streamlined context-sensitive forecast,D016,Completed,584336.3,3930117.82,Low
PRJ0257,Project Customizable real-time analyzer,D018,In Progress,788604.66,881237.12,Low
PRJ0258,Project Persevering empowering framework,D017,In Progress,839147.95,3851650.48,High
PRJ0259,Project Horizontal non-volatile moderator,D011,In Progress,43671.9,4817904.95,High
PRJ0260,Project Diverse dedicated open architecture,D008,Completed,336817.66,291075.46,High
PRJ0261,Project Horizontal asynchronous product,D014,Completed,951874.28,4748611.58,High
PRJ0262,Project Re-engineered actuating moderator,D020,Completed,907215.68,3548078.93,Low
PRJ0263,Project Re-contextualized static software,D002,Planning,494623.83,1859507.7,Critical
PRJ0264,Project Future-proofed discrete Local Area Network,D002,Planning,953039.02,449576.23,Critical
PRJ0265,Project Open-architected static complexity,D013,In Progress,673129.86,1140954.42,High
PRJ0266,Project Adaptive intangible customer loyalty,D016,Completed,811295.69,2959465.78,Medium
PRJ0267,Project Enhanced background methodology,D016,In Progress,890276.84,1358043.28,Critical
PRJ0268,Project Innovative scalable support,D007,Planning,50996.85,3296161.82,Low
PRJ0269,Project Grass-roots directional model,D018,In Progress,380253.89,863888.95,High
PRJ0270,Project Seamless uniform focus group,D006,Completed,603781.69,4546537.98,Low
PRJ0271,Project Intuitive modular complexity,D019,Completed,15110.64,3003454.26,Medium
PRJ0272,Project Devolved incremental policy,D013,Planning,581871.59,1082623.38,High
PRJ0273,Project Programmable didactic open system,D014,Completed,296580.98,1444302.99,High
PRJ0274,Project Assimilated non-volatile model,D011,Planning,593245.66,4515758.52,High
PRJ0275,Project Pre-emptive mobile open system,D011,Completed,716208.44,1736969.14,Medium
PRJ0276,Project Sharable eco-centric orchestration,D013,In Progress,121387.47,1479096.45,Critical
PRJ0277,Project Focused object-oriented projection,D020,Cancelled,720304.48,1118505.61,Medium
PRJ0278,Project Exclusive 24/7 budgetary management,D001,Planning,87256.01,1538066.45,Critical
PRJ0279,Project Enhanced discrete artificial intelligence,D008,Completed,782898.07,4965721.64,Critical
PRJ0280,Project Cloned impactful approach,D018,Completed,672577.09,912841.31,High
PRJ0281,Project Vision-oriented asymmetric instruction set,D013,Completed,571139.18,199490.17,Low
PRJ0282,Project Front-line dedicated analyzer,D019,Completed,371182.88,2298284.24,Low
PRJ0283,Project Implemented disintermediate throughput,D018,In Progress,711023.05,3740095.93,High
PRJ0284,Project Seamless dedicated website,D011,Completed,885685.42,728221.09,Critical
PRJ0285,Project Reduced 24/7 data-warehouse,D007,In Progress,290017.66,3200476.75,Low
PRJ0286,Project Streamlined human-resource core,D012,In Progress,367383.02,1329980.9,Medium
PRJ0287,Project Customer-focused reciprocal leverage,D018,In Progress,986644.9,109560.52,Medium
PRJ0288,Project Managed needs-based contingency,D005,Completed,491597.74,3825078.45,Low
PRJ0289,Project Team-oriented human-resource infrastructure,D007,In Progress,790591.66,4211439.5,Low
PRJ0290,Project Cloned maximized secured line,D001,Completed,692188.55,3962013.59,Low
PRJ0291,Project Managed impactful approach,D019,Planning,166814.09,2452926.03,Low
PRJ0292,Project Self-enabling secondary concept,D020,In Progress,975034.42,4499183.05,Critical
PRJ0293,Project Right-sized multi-tasking system engine,D010,In Progress,887103.52,4457068.08,Low
PRJ0294,Project Persevering 3rdgeneration leverage,D006,Completed,287078.07,4055311.34,Low
PRJ0295,Project Profound bottom-line matrix,D008,In Progress,990152.21,3882997.93,Critical
PRJ0296,Project Profound zero-defect core,D004,Planning,706771.21,4492834.37,Low
PRJ0297,Project Focused human-resource customer loyalty,D012,Completed,594346.34,1698193.26,Low
PRJ0298,Project Public-key global Graphic Interface,D012,Planning,217372.03,1952076.92,High
PRJ0299,Project Down-sized local workforce,D014,In Progress,435001.11,4923375.85,Low
PRJ0300,Project Multi-layered mission-critical standardization,D016,Completed,931791.03,4038866.35,Medium
PRJ0301,Project Front-line web-enabled functionalities,D011,Completed,934655.95,3633333.77,Low
PRJ0302,Project Pre-emptive coherent migration,D009,In Progress,341781.85,4508207.95,High
PRJ0303,Project Multi-lateral intermediate info-mediaries,D005,Cancelled,198282.47,3807194.81,Medium
PRJ0304,Project Implemented discrete website,D007,Completed,183947.78,3436572.42,Medium
PRJ0305,Project Compatible bi-directional structure,D019,In Progress,250926.83,208849.58,Low
PRJ0306,Project Reduced asynchronous analyzer,D007,Completed,116844.58,877887.89,Low
PRJ0307,Project Object-based responsive intranet,D015,Completed,169672.25,4575347.59,Critical
PRJ0308,Project Balanced user-facing collaboration,D016,Cancelled,283948.65,485182.49,Low
PRJ0309,Project Stand-alone upward-trending solution,D016,In Progress,252173.97,2723088.72,Low
PRJ0310,Project User-centric logistical installation,D005,Completed,585089.11,4618393.37,Critical
PRJ0311,Project Cross-platform stable website,D010,Completed,514948.74,1219897.78,Medium
PRJ0312,Project Versatile well-modulated toolset,D007,Completed,161836.71,1769029.32,Low
PRJ0313,Project Business-focused fault-tolerant emulation,D005,Cancelled,488407.54,3364705.77,Low
PRJ0314,Project Universal asymmetric artificial intelligence,D012,In Progress,473305.33,2551881.61,Critical
PRJ0315,Project Synergistic systemic parallelism,D014,Completed,186291.52,1420060.27,Medium
PRJ0316,Project Up-sized 5thgeneration interface,D012,In Progress,35800.93,1504411.77,Medium
PRJ0317,Project Programmable mission-critical archive,D018,Completed,967232.03,1994806.29,Low
PRJ0318,Project Quality-focused homogeneous open system,D014,Completed,687038.89,2184995.3,Medium
PRJ0319,Project Streamlined zero tolerance knowledge user,D018,In Progress,300953.41,3657130.22,High
PRJ0320,Project Innovative system-worthy customer loyalty,D018,Planning,494677.25,1363938.86,High
PRJ0321,Project Enterprise-wide clear-thinking algorithm,D003,Completed,558507.06,1548573.84,Low
PRJ0322,Project Switchable real-time alliance,D012,Planning,843317.41,4404920.5,High
PRJ0323,Project Streamlined encompassing forecast,D018,Completed,158442.73,3370926.46,Low
PRJ0324,Project Progressive demand-driven hierarchy,D001,Planning,887452.85,4645639.12,High
PRJ0325,Project Diverse asynchronous synergy,D013,Planning,152930.83,4239819.15,Critical
PRJ0326,Project Devolved 24hour model,D017,Planning,654521.2,3474158.49,Critical
PRJ0327,Project Focused well-modulated projection,D009,Completed,427417.0,3866756.02,High
PRJ0328,Project Total multimedia budgetary management,D010,In Progress,492156.65,623469.23,Critical
PRJ0329,Project Configurable didactic Local Area Network,D016,Completed,210983.99,4524624.45,Critical
PRJ0330,Project Multi-tiered client-server framework,D013,Planning,368265.85,108270.85,High
PRJ0331,Project Synergistic responsive process improvement,D012,In Progress,755302.55,3309778.12,Medium
PRJ0332,Project Expanded bifurcated customer loyalty,D009,Planning,256866.68,1125033.46,Medium
PRJ0333,Project Cross-group holistic contingency,D006,Planning,930741.32,4143925.69,High
PRJ0334,Project Expanded next generation moderator,D004,Completed,37458.57,1328093.56,High
PRJ0335,Project Universal 4thgeneration hierarchy,D010,Completed,786092.99,4021900.89,High
PRJ0336,Project Fundamental disintermediate service-desk,D013,Completed,482364.42,3931303.21,Low
PRJ0337,Project Right-sized cohesive service-desk,D020,In Progress,822794.5,1705151.82,Critical
PRJ0338,Project Compatible zero administration projection,D002,Planning,902873.27,2845404.75,Medium
PRJ0339,Project Business-focused discrete database,D016,In Progress,235400.19,4298540.47,Critical
PRJ0340,Project Synchronized encompassing frame,D010,Completed,256926.16,2599669.45,High
PRJ0341,Project Future-proofed attitude-oriented array,D001,Planning,516387.6,4872376.53,High
PRJ0342,Project Stand-alone transitional knowledgebase,D012,Cancelled,209134.84,2498810.08,Critical
PRJ0343,Project Ameliorated scalable parallelism,D011,Completed,622233.72,2458971.84,Critical
PRJ0344,Project Public-key asymmetric monitoring,D008,Completed,215867.07,3459369.6,Critical
PRJ0345,Project Fully-configurable clear-thinking info-mediaries,D020,Completed,40355.26,3664626.66,High
PRJ0346,Project Devolved intermediate challenge,D005,In Progress,287929.85,2808072.25,Critical
PRJ0347,Project Open-source zero administration encryption,D020,Completed,485997.33,3852803.68,Low
PRJ0348,Project Networked even-keeled hub,D012,Completed,341508.23,3122974.68,Medium
PRJ0349,Project Ameliorated actuating moderator,D006,Completed,865725.81,2044655.38,Critical
PRJ0350,Project Visionary full-range protocol,D018,In Progress,736554.21,1087511.33,Low
PRJ0351,Project Multi-layered reciprocal structure,D007,In Progress,64557.19,426359.6,High
PRJ0352,Project Distributed interactive paradigm,D012,In Progress,187553.66,482935.46,Medium
PRJ0353,Project Persistent neutral orchestration,D008,Cancelled,703349.08,3921046.43,Medium
PRJ0354,Project Programmable next generation solution,D014,Completed,918416.38,1429197.53,Critical
PRJ0355,Project Synergized optimizing circuit,D014,Completed,946301.01,2022060.22,High
PRJ0356,Project Secured high-level toolset,D001,Planning,733713.52,4536849.54,Low
PRJ0357,Project Networked leadingedge data-warehouse,D002,Completed,536515.78,4135573.42,Medium
PRJ0358,Project De-engineered stable moderator,D011,In Progress,615474.83,4469776.35,Low
PRJ0359,Project Assimilated upward-trending firmware,D008,Completed,60306.85,2157567.16,Medium
PRJ0360,Project Networked fault-tolerant productivity,D015,Completed,310031.76,3952301.32,Low
PRJ0361,Project Exclusive mobile attitude,D006,In Progress,742137.99,2357559.5,Low
PRJ0362,Project Synergistic zero-defect concept,D006,Completed,354533.92,764243.92,Low
PRJ0363,Project Proactive bi-directional ability,D009,Planning,156731.02,3212446.59,Low
PRJ0364,Project Re-engineered bi-directional archive,D008,Completed,759936.76,1536373.53,Critical
PRJ0365,Project Stand-alone zero tolerance info-mediaries,D006,In Progress,428099.08,2007769.88,Medium
PRJ0366,Project Reactive empowering core,D020,Completed,232478.16,684618.95,Low
PRJ0367,Project Assimilated systematic infrastructure,D009,In Progress,673691.86,4943887.28,Medium
PRJ0368,Project Networked national strategy,D003,Cancelled,123634.05,3017019.94,Low
PRJ0369,Project Expanded intermediate help-desk,D010,In Progress,731272.16,292654.21,Medium
PRJ0370,Project Horizontal uniform service-desk,D019,Completed,610955.89,1455183.32,Medium
PRJ0371,Project Triple-buffered zero-defect hierarchy,D014,Cancelled,267044.75,972803.6,High
PRJ0372,Project Operative neutral paradigm,D007,Completed,548307.2,3641027.06,Critical
PRJ0373,Project Diverse contextually-based success,D007,Completed,450026.11,1914927.07,High
PRJ0374,Project Optimized reciprocal functionalities,D005,Completed,865229.58,377384.04,High
PRJ0375,Project Face-to-face bi-directional structure,D012,In Progress,282635.21,1398140.95,Critical
PRJ0376,Project Reverse-engineered holistic array,D005,Completed,531648.59,2700139.18,High
PRJ0377,Project Cross-group web-enabled extranet,D011,Completed,403187.76,2357709.07,Medium
PRJ0378,Project Operative client-driven time-frame,D018,Completed,422008.46,2334010.44,Medium
PRJ0379,Project Quality-focused zero administration leverage,D003,Completed,323153.19,4089383.28,Medium
PRJ0380,Project Organized stable time-frame,D009,Planning,399489.76,3730959.9,High
PRJ0381,Project Enhanced mission-critical focus group,D006,In Progress,675815.25,3473543.66,Critical
PRJ0382,Project Synergized value-added artificial intelligence,D015,Completed,887767.0,260452.33,Critical
PRJ0383,Project Compatible object-oriented array,D003,In Progress,604392.03,3564106.86,High
PRJ0384,Project Object-based exuding functionalities,D008,Planning,222928.29,1653988.19,High
PRJ0385,Project Robust fault-tolerant array,D009,In Progress,817855.06,2310264.75,Medium
PRJ0386,Project Self-enabling 24hour help-desk,D017,In Progress,391856.24,2446449.71,Critical
PRJ0387,Project Inverse leadingedge implementation,D020,Completed,730924.92,2184850.64,Critical
PRJ0388,Project Reactive scalable benchmark,D016,Completed,660253.29,2325337.48,Critical
PRJ0389,Project Re-contextualized background groupware,D011,In Progress,434476.8,962362.42,Critical
PRJ0390,Project Future-proofed client-server neural-net,D011,In Progress,256087.81,3871838.41,Low
PRJ0391,Project De-engineered 4thgeneration Graphical User Interface,D003,Completed,928835.41,3088233.97,High
PRJ0392,Project Re-engineered client-driven collaboration,D019,In Progress,846887.58,2195251.32,High
PRJ0393,Project Expanded 24/7 migration,D003,In Progress,255273.09,2578998.01,Medium
PRJ0394,Project Pre-emptive systematic open system,D004,Planning,270604.96,4782322.07,High
PRJ0395,Project Polarized stable frame,D018,Completed,645066.04,3557786.27,Medium
PRJ0396,Project Diverse homogeneous info-mediaries,D006,In Progress,966593.35,1966862.31,Critical
PRJ0397,Project Sharable methodical help-desk,D004,Planning,528956.21,1983082.48,Medium
PRJ0398,Project Realigned hybrid extranet,D019,Planning,917500.19,4034830.85,Medium
PRJ0399,Project Advanced explicit architecture,D020,Planning,224798.54,3086713.96,Critical
PRJ0400,Project Down-sized full-range moderator,D014,Completed,577339.61,2321392.33,High
PRJ0401,Project Devolved executive customer loyalty,D001,Planning,932168.37,2925924.98,Low
PRJ0402,Project Versatile optimal product,D014,Completed,623433.89,4381754.97,Low
PRJ0403,Project Intuitive multi-state access,D018,In Progress,796225.82,63913.61,High
PRJ0404,Project Persevering homogeneous firmware,D008,In Progress,258282.89,1797780.83,High
PRJ0405,Project Centralized empowering adapter,D011,In Progress,531246.61,2569623.65,Low
PRJ0406,Project Customer-focused bandwidth-monitored benchmark,D008,In Progress,221472.54,3871660.46,Low
PRJ0407,Project User-centric intermediate knowledgebase,D014,In Progress,136765.75,990637.45,Low
PRJ0408,Project Switchable value-added service-desk,D002,Completed,352685.53,1182153.03,Critical
PRJ0409,Project Enterprise-wide directional function,D012,In Progress,506859.66,3045775.87,Low
PRJ0410,Project Realigned multi-state budgetary management,D006,Completed,459983.1,368486.77,Critical
PRJ0411,Project Right-sized 3rdgeneration benchmark,D010,Completed,777514.08,420162.67,Low
PRJ0412,Project Object-based asynchronous groupware,D002,In Progress,472706.06,4926957.8,Low
PRJ0413,Project Implemented 5thgeneration capability,D004,In Progress,167169.33,2190079.36,Low
PRJ0414,Project Self-enabling interactive task-force,D006,Cancelled,771274.59,1312076.7,High
PRJ0415,Project Re-engineered coherent archive,D001,Completed,852322.52,4629923.11,Low
PRJ0416,Project Balanced holistic info-mediaries,D013,In Progress,862874.4,206071.43,Medium
PRJ0417,Project Object-based client-server contingency,D017,Completed,691422.46,3271680.5,High
PRJ0418,Project Reduced client-server circuit,D009,Completed,677720.82,3260254.3,Medium
PRJ0419,Project Reduced high-level artificial intelligence,D015,Completed,740267.47,213124.85,Medium
PRJ0420,Project Realigned needs-based process improvement,D005,Completed,858620.38,1303132.73,Critical
PRJ0421,Project Universal systematic intranet,D012,In Progress,143136.72,875963.83,Low
PRJ0422,Project Self-enabling 24/7 emulation,D009,Completed,674912.26,2204281.54,High
PRJ0423,Project Enterprise-wide bifurcated conglomeration,D012,In Progress,987553.65,1928537.04,Critical
PRJ0424,Project Ameliorated disintermediate ability,D004,Completed,110380.48,332333.21,Critical
PRJ0425,Project Implemented bifurcated infrastructure,D012,In Progress,302389.12,3660988.9,Low
PRJ0426,Project Re-contextualized mobile core,D017,In Progress,997837.34,4234041.21,Low
PRJ0427,Project Proactive user-facing throughput,D017,Planning,226407.67,2618690.41,Critical
PRJ0428,Project Polarized optimal algorithm,D018,In Progress,465015.78,3577435.17,High
PRJ0429,Project Up-sized well-modulated encoding,D015,Completed,464030.77,3597214.88,Low
PRJ0430,Project Organic human-resource ability,D005,Completed,174644.48,1112455.02,Critical
PRJ0431,Project Persistent systemic concept,D006,Completed,336332.02,3078968.78,High
PRJ0432,Project Reactive foreground customer loyalty,D005,In Progress,343931.32,618300.39,Low
PRJ0433,Project Fully-configurable client-driven ability,D003,Completed,257943.16,1084935.07,Medium
PRJ0434,Project Profound human-resource ability,D014,In Progress,213504.12,2124855.25,Low
PRJ0435,Project Customer-focused neutral installation,D019,Planning,686692.79,381465.39,Low
PRJ0436,Project Re-contextualized bifurcated challenge,D007,Planning,451083.43,4165483.87,Medium
PRJ0437,Project Cross-platform national open architecture,D010,Completed,27212.36,3618671.23,Critical
PRJ0438,Project Enterprise-wide responsive structure,D005,In Progress,538050.36,2935351.61,Critical
PRJ0439,Project Networked optimizing product,D013,Planning,885408.71,2033937.98,Critical
PRJ0440,Project Public-key encompassing capacity,D002,Completed,564717.95,1804077.51,High
PRJ0441,Project Reactive systematic info-mediaries,D004,In Progress,49370.52,4101023.63,Medium
PRJ0442,Project Compatible bottom-line service-desk,D013,Completed,572904.04,1766957.89,High
PRJ0443,Project Balanced executive hierarchy,D020,In Progress,813192.14,4646510.84,Low
PRJ0444,Project Front-line responsive forecast,D013,Completed,797883.1,2507665.56,High
PRJ0445,Project Managed tertiary info-mediaries,D004,Cancelled,426733.04,3712081.87,Low
PRJ0446,Project Cross-platform needs-based matrix,D017,Cancelled,866893.09,1655205.64,High
PRJ0447,Project Public-key dedicated algorithm,D005,Planning,316835.89,3658307.91,Medium
PRJ0448,Project Grass-roots static instruction set,D003,In Progress,893846.67,478220.89,Low
PRJ0449,Project Ergonomic client-driven task-force,D012,Completed,371611.02,999649.71,Critical
PRJ0450,Project Optional human-resource time-frame,D013,Planning,992313.45,2589465.01,Medium
PRJ0451,Project Quality-focused modular access,D007,In Progress,410791.16,1508796.39,Medium
PRJ0452,Project Business-focused logistical leverage,D008,In Progress,804862.97,4384156.7,Critical
PRJ0453,Project Profound real-time software,D016,In Progress,902242.43,4011132.28,High
PRJ0454,Project Reduced optimal projection,D007,Completed,47169.85,204386.36,Critical
PRJ0455,Project Synchronized asymmetric instruction set,D019,Planning,266103.82,2829188.14,High
PRJ0456,Project Front-line optimizing access,D010,Completed,638892.25,262062.76,Critical
PRJ0457,Project Progressive context-sensitive algorithm,D002,Planning,494581.9,1402136.78,High
PRJ0458,Project Centralized mobile model,D010,In Progress,132461.01,4121793.92,Medium
PRJ0459,Project Proactive reciprocal portal,D009,In Progress,873374.78,1403918.19,Low
PRJ0460,Project Re-engineered hybrid knowledgebase,D010,Planning,583658.03,106252.98,Critical
PRJ0461,Project Assimilated executive complexity,D015,Planning,185577.81,2714234.85,Medium
PRJ0462,Project Multi-channeled human-resource toolset,D003,In Progress,313067.74,3493853.58,Low
PRJ0463,Project Public-key content-based migration,D002,Planning,621410.79,4665253.74,High
PRJ0464,Project Team-oriented 6thgeneration projection,D011,In Progress,841309.06,2416534.15,Critical
PRJ0465,Project Operative bi-directional benchmark,D006,Completed,379731.32,2426117.75,High
PRJ0466,Project Programmable solution-oriented challenge,D014,Completed,642461.02,3694831.63,Low
PRJ0467,Project Compatible empowering paradigm,D005,In Progress,398563.7,1677297.75,Low
PRJ0468,Project Seamless regional hardware,D006,Planning,114623.28,2031665.79,High
PRJ0469,Project Synchronized multimedia challenge,D011,In Progress,109229.98,1998011.2,Medium
PRJ0470,Project Re-contextualized mobile forecast,D020,In Progress,221201.16,1363732.95,Critical
PRJ0471,Project Secured interactive architecture,D010,In Progress,290751.91,4421447.52,Medium
PRJ0472,Project Multi-channeled explicit installation,D013,Completed,734137.88,310709.9,Medium
PRJ0473,Project Profit-focused system-worthy hub,D011,Completed,263425.26,3733854.71,Critical
PRJ0474,Project Open-architected uniform productivity,D004,In Progress,189903.91,3019184.95,Low
PRJ0475,Project Inverse multi-tasking emulation,D019,In Progress,524932.53,594299.39,Low
PRJ0476,Project Expanded demand-driven concept,D005,Planning,190782.27,3055789.62,High
PRJ0477,Project Programmable real-time system engine,D009,Completed,406496.0,3160871.13,Medium
PRJ0478,Project Vision-oriented 24/7 secured line,D009,Completed,757212.73,2729300.81,Low
PRJ0479,Project Centralized responsive process improvement,D019,Planning,230143.92,4032617.9,Critical
PRJ0480,Project Organic impactful success,D012,Completed,891656.88,3054775.97,Critical
PRJ0481,Project Switchable multimedia artificial intelligence,D018,Completed,625366.43,4694653.05,Medium
PRJ0482,Project Compatible stable analyzer,D005,Completed,388187.91,1224978.56,Critical
PRJ0483,Project Centralized optimal groupware,D009,In Progress,548614.3,889609.2,Low
PRJ0484,Project Innovative 24hour attitude,D007,Planning,489872.05,3238408.88,Critical
PRJ0485,Project Automated high-level interface,D017,Completed,403776.68,2740019.54,Critical
PRJ0486,Project Customer-focused intermediate core,D003,Completed,432441.06,2503185.59,Medium
PRJ0487,Project Monitored fresh-thinking portal,D019,Completed,514462.0,4262350.21,High
PRJ0488,Project Robust clear-thinking budgetary management,D013,In Progress,461684.92,3454405.81,Low
PRJ0489,Project Organized encompassing software,D008,Completed,22655.89,4078227.48,Critical
PRJ0490,Project Quality-focused explicit forecast,D015,Completed,161399.49,2369004.01,High
PRJ0491,Project Operative 4thgeneration approach,D008,Planning,621181.0,1096252.89,Low
PRJ0492,Project Devolved foreground emulation,D019,In Progress,383000.6,2542492.86,Critical
PRJ0493,Project Virtual 24/7 extranet,D010,In Progress,927951.6,2961954.85,Medium
PRJ0494,Project Operative multi-state website,D018,Completed,430409.84,4300229.45,Critical
PRJ0495,Project Intuitive 3rdgeneration software,D017,Completed,866673.23,2589780.52,High
PRJ0496,Project Sharable well-modulated adapter,D004,In Progress,379144.3,4918915.45,Low
PRJ0497,Project Realigned empowering paradigm,D007,Planning,537433.11,2097143.69,Low
PRJ0498,Project Stand-alone zero administration moratorium,D017,Completed,126026.58,938717.79,High
PRJ0499,Project Networked grid-enabled archive,D017,Completed,992907.5,4664365.81,Low
PRJ0500,Project Universal hybrid neural-net,D011,Completed,911020.34,1254191.18,Critical
PRJ0501,Project Multi-channeled even-keeled structure,D018,Completed,571099.25,2917042.95,Medium
PRJ0502,Project Integrated neutral infrastructure,D009,Completed,599847.06,1349272.61,Medium
PRJ0503,Project Focused clear-thinking benchmark,D010,Completed,152619.75,788628.41,High
PRJ0504,Project Face-to-face analyzing archive,D011,Completed,341636.39,3314522.26,High
PRJ0505,Project Business-focused needs-based budgetary management,D015,In Progress,819109.13,4072391.75,Critical
PRJ0506,Project Advanced value-added software,D017,In Progress,588049.21,3598276.88,High
PRJ0507,Project Automated leadingedge moderator,D015,In Progress,261611.51,302381.43,Critical
PRJ0508,Project Centralized discrete solution,D002,In Progress,620161.26,1288347.89,Medium
PRJ0509,Project Synergized 24hour artificial intelligence,D010,Completed,236193.93,4458159.79,Medium
PRJ0510,Project Horizontal transitional infrastructure,D004,Cancelled,816353.79,4905383.37,Low
PRJ0511,Project User-friendly regional emulation,D011,Completed,273314.13,819172.22,High
PRJ0512,Project Fundamental 3rdgeneration matrix,D020,Completed,809838.04,3486488.78,Critical
PRJ0513,Project Stand-alone fresh-thinking moderator,D010,Completed,516440.16,3203662.74,High
PRJ0514,Project Down-sized discrete intranet,D007,Completed,749803.95,3964356.27,Low
PRJ0515,Project Universal scalable help-desk,D009,Cancelled,123175.11,2472974.14,Low
PRJ0516,Project Monitored solution-oriented Graphic Interface,D010,Planning,819207.65,4342887.17,High
PRJ0517,Project Multi-tiered global capability,D004,Completed,636464.99,4641162.95,High
PRJ0518,Project Organized hybrid service-desk,D007,Completed,282004.73,4418448.81,Critical
PRJ0519,Project Extended hybrid open architecture,D003,Completed,688972.76,2736097.49,Low
PRJ0520,Project Re-engineered logistical moratorium,D013,Completed,359975.47,507854.08,Low
PRJ0521,Project Team-oriented dedicated encryption,D014,Completed,832238.44,3326396.37,Critical
PRJ0522,Project Progressive 24hour knowledgebase,D011,In Progress,653995.47,1417669.82,Critical
PRJ0523,Project Operative empowering encoding,D011,In Progress,202697.78,2524428.5,High
PRJ0524,Project Focused 3rdgeneration contingency,D019,In Progress,896228.16,3720999.94,Medium
PRJ0525,Project Fully-configurable intermediate methodology,D008,In Progress,851499.71,4286141.17,Medium
PRJ0526,Project Multi-layered transitional website,D016,In Progress,112441.45,334496.31,High
PRJ0527,Project Optimized 3rdgeneration approach,D004,In Progress,627172.4,1155206.13,Critical
PRJ0528,Project Cross-platform context-sensitive framework,D006,Planning,863848.83,1996021.77,Medium
PRJ0529,Project Digitized high-level definition,D019,Completed,562204.64,2323920.12,Low
PRJ0530,Project Diverse directional interface,D018,Completed,86097.73,322689.57,Low
PRJ0531,Project Reactive uniform protocol,D013,Completed,796456.42,1972029.52,Critical
PRJ0532,Project Diverse multi-state software,D008,Completed,190050.22,2008111.94,Critical
PRJ0533,Project Monitored disintermediate orchestration,D003,In Progress,53985.62,4512077.58,Critical
PRJ0534,Project Networked homogeneous array,D008,Planning,932438.72,3849938.49,Critical
PRJ0535,Project Enterprise-wide didactic intranet,D003,Cancelled,251554.99,345693.01,Critical
PRJ0536,Project Innovative coherent architecture,D009,In Progress,63311.8,2693308.04,Critical
PRJ0537,Project User-centric maximized hierarchy,D015,In Progress,172103.71,1853050.92,High
PRJ0538,Project User-friendly executive secured line,D012,Completed,685222.38,1293369.88,Medium
PRJ0539,Project Team-oriented well-modulated Local Area Network,D017,Completed,519691.72,4834093.75,Low
PRJ0540,Project Streamlined methodical archive,D011,In Progress,636215.07,3645110.94,Low
PRJ0541,Project Polarized empowering orchestration,D018,Completed,96440.95,2472580.44,High
PRJ0542,Project Focused user-facing ability,D013,Completed,643774.45,2427338.38,Low
PRJ0543,Project Grass-roots zero tolerance website,D007,In Progress,683617.63,4432817.49,High
PRJ0544,Project Open-architected holistic circuit,D003,Completed,446444.27,1238233.49,Low
PRJ0545,Project Versatile dedicated hierarchy,D010,Completed,650706.76,2002541.94,High
PRJ0546,Project Seamless radical hardware,D006,In Progress,498238.34,2422877.72,Low
PRJ0547,Project Pre-emptive coherent capability,D012,In Progress,363769.71,2926744.23,Low
PRJ0548,Project Reactive systemic forecast,D001,Planning,996432.27,1539755.9,Medium
PRJ0549,Project Re-engineered user-facing circuit,D013,Completed,586824.69,4914497.57,Low
PRJ0550,Project Face-to-face heuristic Graphical User Interface,D014,In Progress,499264.11,2390125.45,Low
PRJ0551,Project Networked local matrix,D001,Completed,58505.38,4990154.12,Critical
PRJ0552,Project Exclusive actuating process improvement,D020,Completed,35679.41,3839009.39,Medium
PRJ0553,Project Centralized demand-driven capacity,D018,Completed,996820.33,4659682.03,Medium
PRJ0554,Project Operative clear-thinking Internet solution,D014,Completed,834138.1,3863972.73,Medium
PRJ0555,Project Quality-focused intangible productivity,D003,In Progress,11105.15,264655.93,High
PRJ0556,Project Distributed encompassing capability,D011,Planning,318621.23,3514357.49,Low
PRJ0557,Project Visionary actuating success,D014,Completed,559111.35,4420386.24,Low
PRJ0558,Project Configurable scalable Internet solution,D012,Completed,886305.78,688164.01,High
PRJ0559,Project Business-focused neutral functionalities,D014,In Progress,177720.42,4103205.25,Low
PRJ0560,Project Universal attitude-oriented software,D016,Completed,535167.85,1084151.67,Medium
PRJ0561,Project De-engineered responsive artificial intelligence,D015,Planning,819749.21,119784.29,Critical
PRJ0562,Project Reactive holistic moratorium,D006,Completed,858883.45,177503.06,Low
PRJ0563,Project Implemented heuristic Graphic Interface,D017,Completed,399893.31,4889253.55,Critical
PRJ0564,Project Switchable disintermediate synergy,D001,In Progress,576105.26,1686821.42,Critical
PRJ0565,Project Visionary bottom-line secured line,D011,In Progress,828532.68,4908387.75,Critical
PRJ0566,Project Fundamental directional standardization,D001,Cancelled,322323.05,1069166.31,Critical
PRJ0567,Project Decentralized next generation neural-net,D001,Completed,127163.85,3712925.04,Critical
PRJ0568,Project Business-focused reciprocal parallelism,D001,Planning,801331.56,190024.55,Critical
PRJ0569,Project Cross-platform maximized framework,D018,Completed,878615.52,1213106.62,High
PRJ0570,Project Proactive global toolset,D012,In Progress,714414.51,4276551.19,Critical
PRJ0571,Project Persevering 3rdgeneration capability,D019,Planning,372948.13,4791417.95,High
PRJ0572,Project Distributed exuding moderator,D004,In Progress,198811.46,2132766.43,High
PRJ0573,Project Multi-layered 3rdgeneration superstructure,D015,Completed,760394.7,4905017.35,Critical
PRJ0574,Project Balanced clear-thinking conglomeration,D004,Cancelled,622055.05,1893370.07,Critical
PRJ0575,Project Multi-channeled maximized parallelism,D001,Completed,270888.77,4939811.22,High
PRJ0576,Project User-centric hybrid circuit,D008,Completed,275650.19,376244.18,Low
PRJ0577,Project Exclusive homogeneous support,D018,Completed,525951.76,3218208.44,Medium
PRJ0578,Project Face-to-face methodical function,D011,Completed,590717.39,3753209.45,Medium
PRJ0579,Project Front-line value-added secured line,D001,In Progress,337871.43,4659442.26,High
PRJ0580,Project Synergistic high-level system engine,D006,In Progress,860456.03,2686580.7,High
PRJ0581,Project Reverse-engineered multi-tasking website,D005,Completed,764053.17,593850.95,Medium
PRJ0582,Project Persevering foreground service-desk,D009,Completed,63568.85,176551.36,Medium
PRJ0583,Project Quality-focused human-resource analyzer,D019,Planning,727963.94,3850516.28,Low
PRJ0584,Project Centralized needs-based collaboration,D010,Completed,966235.4,186190.67,Low
PRJ0585,Project Pre-emptive directional time-frame,D016,Completed,783124.58,1777658.69,Critical
PRJ0586,Project Balanced eco-centric structure,D019,Completed,157893.18,3484544.89,Low
PRJ0587,Project Operative systematic open system,D018,Completed,883607.61,3351151.84,High
PRJ0588,Project Reverse-engineered well-modulated product,D001,Completed,167941.07,3203097.68,Low
PRJ0589,Project Realigned needs-based access,D008,In Progress,858982.24,1980242.64,Critical
PRJ0590,Project Triple-buffered scalable array,D006,In Progress,133858.64,707523.32,High
PRJ0591,Project Inverse 5thgeneration budgetary management,D013,Completed,739152.48,3604524.21,Critical
PRJ0592,Project Grass-roots system-worthy portal,D018,Completed,814290.59,1226665.42,High
PRJ0593,Project Programmable demand-driven core,D001,In Progress,867824.55,2688292.12,Low
PRJ0594,Project Advanced clear-thinking parallelism,D010,Completed,906681.51,2056625.3,Low
PRJ0595,Project Upgradable local budgetary management,D002,In Progress,72710.1,2326275.38,Critical
PRJ0596,Project Mandatory bi-directional website,D016,In Progress,656282.54,4225099.25,Critical
PRJ0597,Project Mandatory modular open architecture,D020,Completed,651100.67,1185019.15,Low
PRJ0598,Project Enterprise-wide grid-enabled firmware,D005,Completed,481329.07,4758854.98,High
PRJ0599,Project Progressive neutral paradigm,D013,Completed,239054.62,3561033.72,Medium
PRJ0600,Project Pre-emptive neutral definition,D015,Completed,177421.71,4582012.98,High
PRJ0601,Project Public-key heuristic implementation,D020,Completed,770346.61,3636524.64,Low
PRJ0602,Project Total 24/7 encoding,D009,Completed,383856.54,3937625.15,Critical
PRJ0603,Project Fully-configurable systematic methodology,D012,Completed,393887.58,4900431.39,Low
PRJ0604,Project Re-contextualized 24/7 success,D009,Completed,320322.76,1562431.42,High
PRJ0605,Project Optimized impactful architecture,D010,Completed,468916.33,2723910.08,Critical
PRJ0606,Project Implemented human-resource moderator,D010,Completed,385974.31,2941582.56,Critical
PRJ0607,Project Stand-alone web-enabled approach,D009,Completed,193644.7,3088192.05,Medium
PRJ0608,Project Focused cohesive artificial intelligence,D015,Completed,460161.47,2853576.05,High
PRJ0609,Project Fundamental solution-oriented flexibility,D011,Completed,955834.66,3275856.86,Medium
PRJ0610,Project Focused executive intranet,D003,In Progress,975768.48,4124611.44,Critical
PRJ0611,Project Multi-tiered modular capacity,D020,Completed,483267.92,4693179.72,Medium
PRJ0612,Project Expanded exuding synergy,D009,Planning,502725.91,4658875.06,Critical
PRJ0613,Project Organized homogeneous application,D017,In Progress,436784.93,4910724.49,High
PRJ0614,Project Upgradable real-time superstructure,D004,Completed,349556.45,3576509.72,Critical
PRJ0615,Project Persevering context-sensitive secured line,D003,Completed,340629.37,1351126.81,Critical
PRJ0616,Project Vision-oriented dynamic product,D017,Planning,337262.77,1310899.94,Critical
PRJ0617,Project Expanded optimal software,D020,Completed,599076.27,143873.79,Low
PRJ0618,Project Up-sized fault-tolerant parallelism,D007,Planning,798789.35,3538362.1,Low
PRJ0619,Project Versatile content-based firmware,D008,In Progress,522007.03,730977.09,Critical
PRJ0620,Project De-engineered bottom-line success,D017,Completed,983800.69,3747527.14,Critical
PRJ0621,Project Integrated heuristic moderator,D020,In Progress,636334.26,1217692.98,Low
PRJ0622,Project Re-engineered next generation utilization,D015,Completed,774437.54,4699026.43,Low
PRJ0623,Project Streamlined grid-enabled implementation,D017,Completed,820388.4,2450500.47,Critical
PRJ0624,Project Customizable even-keeled open system,D018,Completed,529309.62,2578488.93,Medium
PRJ0625,Project Extended bandwidth-monitored forecast,D016,Completed,76529.58,3615957.99,Medium
PRJ0626,Project Organic intermediate orchestration,D012,Planning,426986.77,1618920.34,High
PRJ0627,Project Profound tangible framework,D001,Cancelled,306228.92,424252.59,Critical
PRJ0628,Project Programmable scalable neural-net,D017,Completed,177401.16,4401141.51,High
PRJ0629,Project Realigned 3rdgeneration support,D018,Completed,394657.23,2921497.79,High
PRJ0630,Project Down-sized client-server moderator,D019,Cancelled,675027.8,3721303.86,High
PRJ0631,Project Managed next generation moratorium,D005,Completed,394959.14,4068297.36,Low
PRJ0632,Project Virtual maximized system engine,D012,Planning,630784.4,1231503.4,High
PRJ0633,Project Balanced holistic productivity,D001,Planning,744516.85,1277483.01,High
PRJ0634,Project Reactive analyzing challenge,D003,Planning,226355.2,4661891.66,High
PRJ0635,Project Distributed web-enabled instruction set,D009,In Progress,965647.1,526766.04,Low
PRJ0636,Project Right-sized content-based access,D010,In Progress,872821.72,137081.67,High
PRJ0637,Project Robust systemic application,D009,Completed,28314.75,4872496.17,Medium
PRJ0638,Project Adaptive transitional implementation,D015,Planning,32297.17,2607815.14,Low
PRJ0639,Project Adaptive analyzing matrices,D012,Completed,39451.24,2256353.11,Critical
PRJ0640,Project Organized grid-enabled infrastructure,D009,In Progress,591876.6,612435.54,Medium
PRJ0641,Project Digitized encompassing moderator,D017,In Progress,867503.34,565931.84,Critical
PRJ0642,Project Automated eco-centric synergy,D013,Completed,966263.6,4208765.81,Critical
PRJ0643,Project Re-contextualized national Local Area Network,D006,Completed,466832.36,3354811.13,Medium
PRJ0644,Project Automated encompassing policy,D012,Completed,429995.68,2606440.46,Critical
PRJ0645,Project Sharable maximized instruction set,D011,Cancelled,46439.27,1483636.86,Medium
PRJ0646,Project Digitized background methodology,D018,Completed,399764.96,143482.04,Critical
PRJ0647,Project Innovative clear-thinking parallelism,D006,Completed,117190.89,436647.99,High
PRJ0648,Project Innovative tertiary time-frame,D008,In Progress,319690.63,2670198.07,Low
PRJ0649,Project Grass-roots 24hour circuit,D009,Completed,303905.48,3722451.64,Low
PRJ0650,Project Vision-oriented foreground product,D015,Completed,982927.34,624169.8,Medium
PRJ0651,Project Vision-oriented composite hardware,D005,Completed,53138.38,3019436.55,High
PRJ0652,Project Expanded analyzing groupware,D017,Completed,702445.35,505242.97,High
PRJ0653,Project Team-oriented attitude-oriented focus group,D005,Completed,181922.99,1259600.88,High
PRJ0654,Project Networked client-server interface,D019,In Progress,446039.59,898416.75,Critical
PRJ0655,Project Decentralized radical archive,D005,Completed,703831.74,3355866.07,Medium
PRJ0656,Project Fully-configurable eco-centric workforce,D012,Planning,680869.82,3819087.55,Low
PRJ0657,Project Customer-focused fresh-thinking project,D011,Planning,186931.75,4303193.53,Low
PRJ0658,Project Programmable tangible info-mediaries,D015,Completed,210150.65,2496255.26,Low
PRJ0659,Project Grass-roots bandwidth-monitored support,D015,Cancelled,511205.24,301659.32,Medium
PRJ0660,Project Assimilated systematic Graphic Interface,D014,In Progress,175073.17,4237207.37,Low
PRJ0661,Project Reduced methodical implementation,D005,Planning,638044.41,1513897.34,Low
PRJ0662,Project Multi-lateral non-volatile structure,D011,Planning,224928.27,3416167.56,Medium
PRJ0663,Project Organized hybrid leverage,D003,Planning,927995.87,3286305.8,Critical
PRJ0664,Project Pre-emptive tangible hierarchy,D008,Cancelled,249776.53,1139761.11,Medium
PRJ0665,Project Re-engineered solution-oriented task-force,D012,Completed,43968.9,291075.35,High
PRJ0666,Project Robust even-keeled paradigm,D020,Completed,252946.11,4904871.0,High
PRJ0667,Project Assimilated client-server artificial intelligence,D015,Completed,259137.31,4881972.01,Medium
PRJ0668,Project Expanded optimizing firmware,D018,Planning,648257.23,1825446.75,Critical
PRJ0669,Project Focused homogeneous infrastructure,D005,Completed,233443.41,848080.85,Critical
PRJ0670,Project Pre-emptive next generation adapter,D013,Cancelled,832642.15,1629929.32,High
PRJ0671,Project Team-oriented value-added algorithm,D017,In Progress,304318.5,971777.73,Low
PRJ0672,Project Synergistic secondary core,D012,Completed,452020.99,4457287.08,Low
PRJ0673,Project Horizontal asynchronous alliance,D018,Completed,480437.94,3623370.87,Critical
PRJ0674,Project Centralized foreground time-frame,D008,Planning,42570.73,2019971.51,Low
PRJ0675,Project Multi-tiered multimedia projection,D017,Completed,672860.16,1651421.76,High
PRJ0676,Project Open-source value-added knowledge user,D008,Completed,896451.02,2613253.05,High
PRJ0677,Project Compatible high-level time-frame,D001,In Progress,431976.06,973951.27,Medium
PRJ0678,Project Re-engineered dedicated info-mediaries,D016,In Progress,690330.3,2012823.69,Low
PRJ0679,Project Monitored transitional paradigm,D002,Planning,194242.61,1288751.11,Low
PRJ0680,Project Compatible leadingedge protocol,D001,Completed,361675.45,464286.22,Medium
PRJ0681,Project Quality-focused full-range matrix,D003,Completed,118756.52,449037.5,Critical
PRJ0682,Project Virtual solution-oriented Local Area Network,D002,Completed,883050.53,250669.41,Medium
PRJ0683,Project Programmable mission-critical encryption,D007,Completed,801059.71,4458365.33,High
PRJ0684,Project Exclusive content-based access,D017,Completed,615114.45,2103622.0,High
PRJ0685,Project Intuitive multi-tasking attitude,D007,Completed,583864.39,4127511.81,High
PRJ0686,Project Multi-tiered exuding framework,D004,Completed,382939.19,3522836.1,Low
PRJ0687,Project Secured eco-centric collaboration,D013,Completed,404454.24,4333080.5,Medium
PRJ0688,Project Upgradable 6thgeneration open architecture,D020,Completed,438880.63,86647.17,Low
PRJ0689,Project Versatile contextually-based algorithm,D008,Completed,39761.15,4986084.29,High
PRJ0690,Project Re-engineered object-oriented framework,D007,In Progress,640941.55,2556274.72,Medium
PRJ0691,Project Mandatory client-server throughput,D001,Completed,882922.95,4946076.92,Low
PRJ0692,Project Exclusive logistical firmware,D007,Completed,349871.01,1733701.65,High
PRJ0693,Project Cloned real-time alliance,D001,In Progress,912103.37,243025.64,Critical
PRJ0694,Project Vision-oriented background alliance,D005,Completed,809595.63,2912594.02,Medium
PRJ0695,Project Multi-layered stable orchestration,D006,In Progress,975227.2,3322118.63,High
PRJ0696,Project Balanced tangible artificial intelligence,D003,Completed,227215.57,2053894.25,High
PRJ0697,Project Universal content-based implementation,D019,Completed,207693.92,3834320.9,High
PRJ0698,Project User-centric homogeneous focus group,D020,Cancelled,669337.65,477122.97,High
PRJ0699,Project Total maximized ability,D009,In Progress,356518.1,3651217.85,Critical
PRJ0700,Project Up-sized attitude-oriented process improvement,D001,Planning,895797.35,921092.88,Medium
PRJ0701,Project Sharable systemic alliance,D009,Completed,614249.11,1054609.63,Low
PRJ0702,Project Intuitive dynamic encoding,D010,In Progress,949292.11,2049768.26,High
PRJ0703,Project Devolved object-oriented artificial intelligence,D006,Completed,388447.88,2619768.28,Medium
PRJ0704,Project Operative client-driven groupware,D011,In Progress,401366.3,974830.09,Low
PRJ0705,Project Secured asymmetric capability,D004,Completed,435972.81,4263857.76,High
PRJ0706,Project Cross-group contextually-based success,D016,Planning,716291.29,937430.88,Critical
PRJ0707,Project Enterprise-wide systemic standardization,D007,Completed,461225.08,1066160.49,High
PRJ0708,Project Streamlined mission-critical website,D018,Completed,508321.95,2245010.95,High
PRJ0709,Project Enhanced next generation help-desk,D001,Planning,322324.47,3499686.29,Medium
PRJ0710,Project Persevering dedicated concept,D016,Completed,709397.08,1964383.39,High
PRJ0711,Project Versatile 24/7 projection,D002,Completed,470242.0,3399641.55,Low
PRJ0712,Project Configurable secondary toolset,D006,Completed,17758.26,2963617.76,Low
PRJ0713,Project Customizable contextually-based complexity,D012,In Progress,870415.87,4990007.79,High
PRJ0714,Project Horizontal 6thgeneration architecture,D001,Completed,141907.58,4015139.69,Critical
PRJ0715,Project Upgradable tangible contingency,D011,Completed,223842.07,1833818.93,Low
PRJ0716,Project Programmable 24/7 pricing structure,D010,Planning,162007.28,4956502.5,High
PRJ0717,Project Distributed zero administration protocol,D005,Completed,576980.18,1948138.08,High
PRJ0718,Project Virtual bandwidth-monitored interface,D019,In Progress,148854.95,3154296.75,Low
PRJ0719,Project Horizontal transitional service-desk,D017,Completed,960773.35,246160.93,Medium
PRJ0720,Project Public-key systematic info-mediaries,D015,Completed,386911.84,2270014.02,Low
PRJ0721,Project Secured disintermediate project,D018,Planning,284600.28,261507.17,Low
PRJ0722,Project Grass-roots client-server extranet,D013,Completed,581483.08,2732595.89,Low
PRJ0723,Project Digitized client-driven moderator,D004,Completed,578315.35,3536731.97,Medium
PRJ0724,Project Secured asymmetric data-warehouse,D011,In Progress,244704.7,117401.5,Critical
PRJ0725,Project Customer-focused national website,D018,Completed,795756.96,530280.81,High
PRJ0726,Project Down-sized intangible infrastructure,D012,Planning,464385.97,305879.6,High
PRJ0727,Project Multi-lateral encompassing utilization,D020,In Progress,350448.58,1501518.63,Low
PRJ0728,Project Customer-focused analyzing array,D003,Completed,114596.06,4845950.55,High
PRJ0729,Project Integrated full-range array,D001,Completed,905555.99,3375675.46,High
PRJ0730,Project Realigned needs-based policy,D020,In Progress,977036.45,4261871.36,Low
PRJ0731,Project Reduced solution-oriented focus group,D008,In Progress,107994.83,1164700.26,High
PRJ0732,Project Front-line even-keeled workforce,D002,Completed,467139.67,1414114.33,Medium
PRJ0733,Project Automated optimal time-frame,D017,Completed,175487.28,1862660.92,High
PRJ0734,Project Extended bi-directional complexity,D017,Planning,346744.31,3756895.96,Low
PRJ0735,Project Integrated exuding info-mediaries,D012,In Progress,509146.51,1963628.74,Critical
PRJ0736,Project Persevering asynchronous projection,D009,Planning,594307.91,1533194.46,High
PRJ0737,Project Fundamental full-range Graphical User Interface,D009,Planning,322911.58,4032302.5,Medium
PRJ0738,Project Synergized mission-critical analyzer,D020,Completed,930969.52,1770748.05,Medium
PRJ0739,Project User-friendly logistical knowledgebase,D010,In Progress,485032.77,3287307.24,Medium
PRJ0740,Project Quality-focused 3rdgeneration process improvement,D011,Completed,624009.9,3430223.44,Critical
PRJ0741,Project Managed full-range standardization,D010,Completed,29932.11,2401542.42,Critical
PRJ0742,Project Managed responsive software,D003,Completed,967628.55,132138.64,Medium
PRJ0743,Project Function-based heuristic protocol,D003,Completed,33987.41,2670088.46,High
PRJ0744,Project Visionary homogeneous project,D018,Completed,14660.69,4742581.51,Critical
PRJ0745,Project Vision-oriented 5thgeneration complexity,D004,Completed,86128.15,59994.11,Critical
PRJ0746,Project Vision-oriented intangible protocol,D015,Planning,275673.76,2143672.06,Low
PRJ0747,Project Profound coherent secured line,D004,In Progress,434844.81,2993435.67,High
PRJ0748,Project Advanced systematic pricing structure,D013,Completed,158629.43,2666501.41,High
PRJ0749,Project Advanced dynamic moratorium,D006,Completed,641487.69,2711423.63,High
PRJ0750,Project Programmable solution-oriented utilization,D005,Planning,60260.1,4758586.54,Low
PRJ0751,Project Networked methodical hub,D010,In Progress,810396.26,3411442.34,Medium
PRJ0752,Project Adaptive human-resource paradigm,D003,Completed,476855.64,4936215.78,Critical
PRJ0753,Project Multi-lateral 3rdgeneration superstructure,D004,Completed,881839.33,1434669.94,Medium
PRJ0754,Project Robust regional solution,D008,Planning,947843.58,76908.8,Medium
PRJ0755,Project Re-engineered attitude-oriented productivity,D005,Planning,458165.57,1945652.99,High
PRJ0756,Project Up-sized dedicated ability,D007,Planning,410958.4,1128961.64,High
PRJ0757,Project Decentralized tertiary matrices,D007,Completed,383367.69,2733850.73,Critical
PRJ0758,Project Enhanced directional firmware,D017,In Progress,447349.06,1628445.62,High
PRJ0759,Project Innovative clear-thinking core,D004,Completed,359186.73,4752122.6,Critical
PRJ0760,Project Innovative human-resource capability,D014,Completed,757306.23,756205.83,Critical
PRJ0761,Project Optional homogeneous benchmark,D020,Planning,956347.11,4119302.0,Low
PRJ0762,Project Centralized responsive attitude,D003,Completed,916235.78,4448868.63,Medium
PRJ0763,Project Progressive empowering knowledge user,D003,In Progress,837285.06,492348.02,Critical
PRJ0764,Project Synergistic even-keeled budgetary management,D018,Completed,17370.85,4090866.77,Critical
PRJ0765,Project Compatible zero-defect ability,D006,In Progress,710615.53,1008996.31,Critical
PRJ0766,Project Synergistic client-driven pricing structure,D003,Completed,280236.46,2375527.45,Medium
PRJ0767,Project Right-sized asymmetric Graphic Interface,D019,In Progress,762021.26,1768410.49,Low
PRJ0768,Project Compatible 24/7 migration,D003,In Progress,105385.02,1347279.8,Medium
PRJ0769,Project Cross-platform static process improvement,D009,In Progress,138036.46,3236018.63,Low
PRJ0770,Project Ameliorated homogeneous service-desk,D012,Completed,175461.45,3808800.26,High
PRJ0771,Project Pre-emptive contextually-based hub,D006,In Progress,519524.75,177607.93,Low
PRJ0772,Project Fully-configurable object-oriented data-warehouse,D004,Completed,792300.62,2471100.96,Low
PRJ0773,Project Centralized neutral middleware,D003,Completed,647231.89,1624963.33,Low
PRJ0774,Project Optional stable structure,D004,Completed,103865.53,2641208.33,Medium
PRJ0775,Project Team-oriented modular approach,D005,Planning,431982.5,2143031.78,Medium
PRJ0776,Project Open-architected next generation algorithm,D011,Completed,212200.0,1012576.03,Low
PRJ0777,Project Decentralized global orchestration,D007,Completed,341553.51,3240604.88,Low
PRJ0778,Project Horizontal uniform archive,D018,Completed,522560.98,898508.65,Low
PRJ0779,Project Seamless encompassing implementation,D005,Completed,381381.24,4046723.6,Critical
PRJ0780,Project Monitored zero administration extranet,D020,In Progress,394039.66,2521127.68,Medium
PRJ0781,Project Profit-focused radical monitoring,D012,Completed,290509.49,2839595.94,Medium
PRJ0782,Project De-engineered empowering product,D006,Completed,48943.19,2765751.74,Critical
PRJ0783,Project Profound directional superstructure,D016,Completed,548523.96,4241640.54,High
PRJ0784,Project Digitized attitude-oriented artificial intelligence,D001,In Progress,882460.97,4702955.65,Medium
PRJ0785,Project Face-to-face maximized help-desk,D002,In Progress,200622.5,2001064.36,High
PRJ0786,Project Customer-focused foreground framework,D003,Completed,914401.55,1065513.6,Medium
PRJ0787,Project Organic mobile artificial intelligence,D003,Completed,579014.65,1594260.51,Medium
PRJ0788,Project Virtual contextually-based time-frame,D012,Planning,896079.41,4173188.32,High
PRJ0789,Project Progressive homogeneous complexity,D008,In Progress,643148.87,1803701.27,Medium
PRJ0790,Project Enhanced high-level capacity,D008,Completed,14216.17,3096672.64,Low
PRJ0791,Project Face-to-face next generation open system,D008,Planning,432812.27,2796860.8,Low
PRJ0792,Project Universal bifurcated time-frame,D013,Completed,96829.93,3723891.77,Medium
PRJ0793,Project Optimized optimal challenge,D012,Completed,610677.5,1039397.82,High
PRJ0794,Project Adaptive 3rdgeneration moderator,D019,Completed,373494.3,736959.71,Critical
PRJ0795,Project Team-oriented background architecture,D004,Completed,939625.74,2986758.67,Medium
PRJ0796,Project Organized secondary groupware,D009,Completed,188881.92,4497667.5,Critical
PRJ0797,Project Cross-group systemic contingency,D007,Cancelled,330597.03,190903.8,Medium
PRJ0798,Project Managed cohesive solution,D019,Planning,866592.13,1071298.1,Medium
PRJ0799,Project Profit-focused incremental encoding,D009,In Progress,916709.61,1414014.96,Low
PRJ0800,Project Proactive hybrid collaboration,D014,In Progress,788476.01,460363.72,Critical
PRJ0801,Project Down-sized 24/7 task-force,D015,Completed,69362.44,924924.7,Critical
PRJ0802,Project De-engineered composite Graphical User Interface,D001,In Progress,46482.03,2134416.32,Critical
PRJ0803,Project Re-engineered value-added array,D005,In Progress,352494.64,4754906.5,High
PRJ0804,Project Optional optimizing model,D004,In Progress,261224.24,2357625.85,High
PRJ0805,Project Down-sized real-time time-frame,D006,Completed,555440.83,4447441.58,Medium
PRJ0806,Project Compatible multi-state secured line,D020,Cancelled,209480.91,1584388.18,Medium
PRJ0807,Project User-friendly interactive implementation,D005,In Progress,521124.64,1493933.01,High
PRJ0808,Project Virtual modular support,D004,In Progress,364631.06,1180144.02,Medium
PRJ0809,Project Reactive content-based migration,D015,Completed,372651.41,401405.17,High
PRJ0810,Project Stand-alone logistical open architecture,D005,In Progress,962448.06,3872391.45,High
PRJ0811,Project Reactive demand-driven standardization,D018,Planning,974208.81,1549751.36,Critical
PRJ0812,Project Horizontal upward-trending extranet,D013,Completed,633505.81,2561893.39,Low
PRJ0813,Project Optimized transitional array,D017,In Progress,385014.1,2861823.37,Critical
PRJ0814,Project Multi-channeled empowering hierarchy,D012,Completed,364836.91,3157736.91,Medium
PRJ0815,Project Secured exuding ability,D012,Completed,976666.44,4828618.25,High
PRJ0816,Project Distributed actuating circuit,D009,Completed,691032.07,3099322.78,Low
PRJ0817,Project Reverse-engineered uniform analyzer,D004,Completed,522528.27,4563889.12,Medium
PRJ0818,Project Reactive encompassing open system,D015,Planning,452463.49,588109.3,Medium
PRJ0819,Project Phased even-keeled matrix,D008,In Progress,536209.11,3117118.02,Low
PRJ0820,Project Down-sized national knowledgebase,D014,Completed,450518.15,2333792.44,Critical
PRJ0821,Project Total 4thgeneration help-desk,D020,Completed,953474.79,2315800.71,Critical
PRJ0822,Project Face-to-face homogeneous initiative,D011,Planning,805091.02,4236448.96,Low
PRJ0823,Project Realigned human-resource forecast,D010,In Progress,199792.74,3258626.85,Medium
PRJ0824,Project Organic bottom-line encryption,D020,Planning,99918.33,1869203.03,Low
PRJ0825,Project Fully-configurable dedicated projection,D011,Planning,962964.16,3538078.47,High
PRJ0826,Project Balanced mission-critical flexibility,D011,In Progress,506034.97,2778100.84,Critical
PRJ0827,Project Ergonomic human-resource parallelism,D013,Cancelled,324527.49,211645.51,Medium
PRJ0828,Project User-friendly holistic projection,D017,Completed,918691.86,814996.17,Low
PRJ0829,Project Extended directional ability,D016,In Progress,164379.39,1740215.91,High
PRJ0830,Project Exclusive multi-tasking archive,D017,In Progress,167302.78,2948277.69,High
PRJ0831,Project Multi-layered user-facing core,D005,In Progress,120972.12,3783537.63,Medium
PRJ0832,Project Managed mobile database,D017,Planning,67144.9,4757427.34,Medium
PRJ0833,Project Monitored multimedia firmware,D006,Completed,908328.88,2744407.1,High
PRJ0834,Project Assimilated 5thgeneration task-force,D008,In Progress,78745.01,3308217.88,Critical
PRJ0835,Project Streamlined didactic framework,D007,Completed,358230.9,889348.7,Critical
PRJ0836,Project Multi-lateral multi-tasking installation,D020,Completed,327067.48,1957391.29,Medium
PRJ0837,Project Versatile object-oriented interface,D012,Completed,264152.66,2216726.77,Medium
PRJ0838,Project Streamlined asynchronous instruction set,D007,Completed,79544.83,1150226.62,Medium
PRJ0839,Project Pre-emptive background projection,D004,Completed,105119.52,1273090.08,Medium
PRJ0840,Project Function-based local adapter,D019,Completed,278780.96,4927336.21,Critical
PRJ0841,Project Implemented multi-tasking hierarchy,D018,Completed,86598.66,4202163.01,Medium
PRJ0842,Project Operative multi-tasking functionalities,D002,Completed,37495.42,219073.97,Critical
PRJ0843,Project Right-sized optimizing function,D017,Completed,899468.25,588571.29,Medium
PRJ0844,Project Open-architected national Graphic Interface,D019,In Progress,36524.6,106338.52,Medium
PRJ0845,Project Future-proofed 4thgeneration flexibility,D019,Completed,35539.33,3879811.97,Medium
PRJ0846,Project Synergistic real-time moderator,D020,In Progress,903723.01,4817562.95,Medium
PRJ0847,Project Persistent human-resource parallelism,D008,Completed,820481.54,3347225.65,Low
PRJ0848,Project Robust asynchronous superstructure,D016,In Progress,897048.49,4222690.04,Low
PRJ0849,Project Public-key client-driven protocol,D006,Planning,221350.44,191249.06,Low
PRJ0850,Project Organic mobile implementation,D009,Completed,895344.23,925833.98,High
PRJ0851,Project Vision-oriented responsive info-mediaries,D001,In Progress,458113.42,2975636.32,Low
PRJ0852,Project Grass-roots system-worthy intranet,D018,In Progress,742425.77,1873818.76,Low
PRJ0853,Project Self-enabling coherent open system,D006,In Progress,363720.96,2572744.76,Medium
PRJ0854,Project Future-proofed local utilization,D012,In Progress,473529.29,2927856.71,Low
PRJ0855,Project Horizontal needs-based customer loyalty,D004,Completed,120079.14,669400.75,Critical
PRJ0856,Project Open-source real-time system engine,D019,Planning,574929.95,1730262.95,Medium
PRJ0857,Project Balanced methodical info-mediaries,D010,Completed,667899.8,862329.62,High
PRJ0858,Project Cloned intangible toolset,D019,Planning,140138.64,3265080.68,High
PRJ0859,Project Multi-tiered foreground analyzer,D011,Completed,266847.18,880306.93,Low
PRJ0860,Project Robust disintermediate circuit,D018,Completed,25819.41,1400884.88,Medium
PRJ0861,Project Realigned bandwidth-monitored software,D017,Completed,373473.39,4927377.21,Low
PRJ0862,Project Profound maximized protocol,D011,Completed,578982.35,2445444.99,Low
PRJ0863,Project Open-source client-driven implementation,D008,Planning,938837.93,4930859.67,Critical
PRJ0864,Project Open-source motivating challenge,D001,In Progress,551313.42,2295533.31,Medium
PRJ0865,Project Fully-configurable intermediate projection,D008,Completed,315569.68,1158839.25,High
PRJ0866,Project De-engineered needs-based firmware,D013,Completed,397155.84,4669461.03,Medium
PRJ0867,Project Re-contextualized object-oriented infrastructure,D003,Completed,355741.47,1023793.21,Low
PRJ0868,Project Reactive empowering knowledgebase,D017,Planning,470148.44,1101927.43,Medium
PRJ0869,Project Exclusive 4thgeneration policy,D001,In Progress,438593.66,3739587.98,Medium
PRJ0870,Project Managed discrete alliance,D011,Completed,962064.78,2895706.03,Low
PRJ0871,Project Organic background capability,D020,In Progress,63419.59,848726.42,Critical
PRJ0872,Project Organized local collaboration,D006,Completed,700755.26,1134907.4,Critical
PRJ0873,Project Persevering composite process improvement,D010,Cancelled,108199.99,4341117.14,Critical
PRJ0874,Project Cloned demand-driven neural-net,D014,Completed,78563.19,807093.81,High
PRJ0875,Project Decentralized systemic project,D018,Completed,999631.99,157219.86,High
PRJ0876,Project Down-sized logistical core,D007,In Progress,546235.6,183966.92,Low
PRJ0877,Project Customizable bi-directional process improvement,D013,In Progress,569851.66,4662550.88,Critical
PRJ0878,Project Synchronized cohesive collaboration,D007,Completed,738745.23,243882.51,Medium
PRJ0879,Project Mandatory 24/7 benchmark,D003,Completed,58701.54,3252918.25,High
PRJ0880,Project Fundamental background success,D019,Completed,836332.23,4527088.83,Medium
PRJ0881,Project Open-source system-worthy matrices,D008,Completed,193961.22,1606143.58,High
PRJ0882,Project Extended high-level ability,D004,Completed,295181.48,4791901.89,High
PRJ0883,Project Face-to-face upward-trending architecture,D012,Completed,492321.71,4742272.41,Medium
PRJ0884,Project Digitized asynchronous encryption,D013,Completed,131174.57,4978431.03,High
PRJ0885,Project Fundamental high-level task-force,D011,Completed,528019.74,1041865.82,Critical
PRJ0886,Project Vision-oriented bandwidth-monitored encryption,D013,In Progress,117237.94,2104747.3,Critical
PRJ0887,Project Expanded content-based process improvement,D016,Completed,173630.84,2028825.05,Medium
PRJ0888,Project Open-source contextually-based function,D002,Completed,449799.8,3750599.67,Medium
PRJ0889,Project Multi-layered systemic product,D018,Completed,146081.08,2293544.2,Critical
PRJ0890,Project Diverse zero tolerance middleware,D003,Completed,986295.57,411354.12,Critical
PRJ0891,Project Reactive multi-state function,D011,Completed,277172.76,3517679.41,Critical
PRJ0892,Project Compatible scalable methodology,D002,Completed,747319.57,4917987.1,Critical
PRJ0893,Project Realigned coherent framework,D005,Planning,324738.8,2046070.89,Medium
PRJ0894,Project Synergistic asynchronous definition,D011,Completed,319162.94,4771795.43,Low
PRJ0895,Project Profit-focused needs-based core,D018,In Progress,155148.51,3658602.76,Critical
PRJ0896,Project Configurable uniform standardization,D019,Completed,180775.98,2664366.07,Low
PRJ0897,Project Reduced maximized parallelism,D014,Completed,964584.42,1017220.22,Medium
PRJ0898,Project Extended zero administration intranet,D007,In Progress,136584.82,4794250.48,High
PRJ0899,Project Customer-focused bifurcated artificial intelligence,D010,Planning,61505.22,1089394.07,Critical
PRJ0900,Project Total exuding firmware,D003,Completed,730680.2,3046908.8,Low
PRJ0901,Project Fundamental intangible forecast,D019,Completed,816300.33,739193.02,Low
PRJ0902,Project Robust non-volatile open architecture,D001,Completed,958878.29,4310448.44,High
PRJ0903,Project Grass-roots zero-defect monitoring,D016,In Progress,833779.55,1368029.53,Medium
PRJ0904,Project Reactive secondary info-mediaries,D006,In Progress,822668.51,4624146.37,High
PRJ0905,Project Implemented maximized interface,D001,In Progress,949169.52,1232712.36,Critical
PRJ0906,Project Up-sized dedicated forecast,D008,Completed,320416.79,2042592.73,Low
PRJ0907,Project Advanced multi-tasking paradigm,D011,Cancelled,276282.33,4784196.51,Low
PRJ0908,Project Phased exuding product,D007,Completed,506063.54,1457586.11,Critical
PRJ0909,Project Seamless human-resource capability,D017,Completed,267222.3,2729064.17,Critical
PRJ0910,Project Exclusive optimizing encryption,D007,Completed,786099.41,3551227.41,Medium
PRJ0911,Project Integrated secondary algorithm,D020,Completed,681655.18,880902.85,Critical
PRJ0912,Project Multi-tiered logistical definition,D017,Planning,726253.93,4448944.18,Low
PRJ0913,Project Cross-platform demand-driven approach,D012,In Progress,891175.79,3429426.5,Medium
PRJ0914,Project Fundamental asynchronous groupware,D002,Completed,156831.45,641567.94,Low
PRJ0915,Project Profound bi-directional protocol,D015,Planning,264460.97,4676899.32,High
PRJ0916,Project Customer-focused responsive architecture,D013,Completed,379103.41,1005052.04,Low
PRJ0917,Project Upgradable foreground Graphical User Interface,D005,Completed,857330.33,2514070.71,Low
PRJ0918,Project Operative transitional orchestration,D018,Planning,167442.39,1737267.88,Low
PRJ0919,Project Multi-lateral high-level Local Area Network,D007,Completed,60826.9,3547402.27,Critical
PRJ0920,Project Decentralized analyzing time-frame,D009,Completed,641673.94,2278926.57,Critical
PRJ0921,Project Inverse tertiary circuit,D013,Completed,344142.61,1469211.06,High
PRJ0922,Project Networked global task-force,D004,Completed,242264.94,80461.87,High
PRJ0923,Project Persistent 6thgeneration Local Area Network,D003,Completed,503999.5,1832977.07,Critical
PRJ0924,Project Horizontal modular firmware,D019,Planning,615079.8,1125672.31,Low
PRJ0925,Project Enterprise-wide asymmetric frame,D008,Completed,818953.1,691077.12,Medium
PRJ0926,Project Stand-alone clear-thinking functionalities,D011,Completed,855694.42,3002532.06,Critical
PRJ0927,Project Right-sized content-based migration,D004,Completed,169573.17,4812428.68,Medium
PRJ0928,Project Robust empowering product,D008,Completed,874289.48,2543431.13,Critical
PRJ0929,Project Mandatory holistic strategy,D005,In Progress,311469.35,3807974.08,Medium
PRJ0930,Project Face-to-face analyzing website,D012,Planning,640430.04,107306.78,Medium
PRJ0931,Project Total bifurcated emulation,D015,Completed,930918.93,3557726.25,Critical
PRJ0932,Project Exclusive systematic array,D005,Planning,262433.46,343632.07,Critical
PRJ0933,Project Automated intangible synergy,D001,Completed,704246.85,4646607.77,Medium
PRJ0934,Project User-centric local utilization,D014,Completed,730700.72,3776481.27,High
PRJ0935,Project Open-architected regional capability,D005,In Progress,573320.34,1045974.25,Low
PRJ0936,Project Implemented interactive benchmark,D020,Completed,910596.43,1025283.3,Medium
PRJ0937,Project Open-architected client-server pricing structure,D020,In Progress,436669.63,482927.01,High
PRJ0938,Project Extended clear-thinking extranet,D013,Completed,651273.3,4804573.08,Medium
PRJ0939,Project Customer-focused discrete hub,D019,Completed,250727.15,1653468.66,Critical
PRJ0940,Project Reduced dedicated array,D006,In Progress,396101.17,2222709.7,Medium
PRJ0941,Project Streamlined upward-trending success,D003,Planning,63486.35,570591.7,Low
PRJ0942,Project Sharable fresh-thinking monitoring,D020,Planning,545531.87,3859355.92,Medium
PRJ0943,Project Proactive secondary frame,D016,Completed,336549.59,3989760.29,Low
PRJ0944,Project Configurable explicit policy,D008,Completed,324617.21,1589449.05,Low
PRJ0945,Project User-friendly tangible attitude,D018,Completed,826617.6,4164966.15,Low
PRJ0946,Project Balanced coherent Graphic Interface,D019,Completed,383861.45,3874632.27,Low
PRJ0947,Project Advanced tangible pricing structure,D017,Completed,418247.43,899724.88,Low
PRJ0948,Project Re-engineered dynamic toolset,D020,Completed,873995.34,3525753.27,Critical
PRJ0949,Project Synchronized upward-trending customer loyalty,D014,Completed,57930.48,2448474.6,Medium
PRJ0950,Project Right-sized zero administration knowledgebase,D010,In Progress,833229.18,1009227.92,High
PRJ0951,Project Organic fault-tolerant model,D015,Planning,586145.99,2853397.69,Critical
PRJ0952,Project Grass-roots neutral emulation,D010,In Progress,653405.45,2750009.42,Critical
PRJ0953,Project Cross-platform 3rdgeneration framework,D015,In Progress,362125.36,785494.0,Critical
PRJ0954,Project Cross-platform needs-based knowledge user,D019,Completed,676321.31,2464633.53,Critical
PRJ0955,Project Networked composite focus group,D012,In Progress,902092.24,2612550.4,Critical
PRJ0956,Project Customizable object-oriented encoding,D003,Completed,581118.4,1005696.73,High
PRJ0957,Project Reduced attitude-oriented definition,D010,Completed,219138.58,3499756.24,Medium
PRJ0958,Project Reverse-engineered mobile complexity,D017,Completed,536832.76,574839.0,Low
PRJ0959,Project Pre-emptive 24/7 Graphical User Interface,D013,Completed,97696.66,4291489.43,High
PRJ0960,Project Polarized transitional structure,D006,In Progress,512210.58,2171930.77,Low
PRJ0961,Project Multi-tiered regional Graphic Interface,D016,Completed,691322.47,1689129.0,Critical
PRJ0962,Project Implemented dedicated attitude,D005,Completed,551793.85,3018853.36,Low
PRJ0963,Project Vision-oriented context-sensitive customer loyalty,D013,Planning,68803.18,4542823.95,High
PRJ0964,Project Customizable needs-based open system,D005,In Progress,716363.61,4674412.04,High
PRJ0965,Project Public-key next generation productivity,D001,Completed,949342.68,479074.04,Critical
PRJ0966,Project Organic background analyzer,D018,Completed,184900.86,2945240.96,Low
PRJ0967,Project Reverse-engineered contextually-based emulation,D001,Completed,553733.89,3386370.89,Critical
PRJ0968,Project Grass-roots zero tolerance access,D015,In Progress,215541.17,3059727.21,Low
PRJ0969,Project Streamlined high-level collaboration,D013,Planning,835788.39,4665056.5,Medium
PRJ0970,Project Upgradable multi-state focus group,D011,Completed,674988.08,2610467.17,Critical
PRJ0971,Project Innovative actuating workforce,D013,Completed,362112.2,2302765.72,Medium
PRJ0972,Project Multi-lateral 6thgeneration challenge,D015,Planning,141129.93,575100.43,Critical
PRJ0973,Project Profit-focused asynchronous firmware,D015,Completed,351544.32,1490304.6,Medium
PRJ0974,Project Synergized asymmetric capacity,D017,In Progress,559466.31,1797381.77,High
PRJ0975,Project Object-based radical analyzer,D017,In Progress,379320.87,672993.54,High
PRJ0976,Project Profit-focused tertiary pricing structure,D005,In Progress,270952.89,2092820.19,Low
PRJ0977,Project Fully-configurable systemic knowledgebase,D005,In Progress,529104.26,3880995.42,High
PRJ0978,Project Compatible full-range methodology,D004,Completed,767792.21,1223193.97,Medium
PRJ0979,Project Team-oriented multi-state leverage,D014,Completed,34591.33,4637950.55,Low
PRJ0980,Project Horizontal background service-desk,D014,Completed,17718.18,2598798.69,High
PRJ0981,Project Exclusive tangible adapter,D013,Cancelled,696965.83,3911665.63,Medium
PRJ0982,Project Enhanced multi-state website,D017,Completed,875272.7,2174586.87,Low
PRJ0983,Project Persistent mission-critical project,D015,Planning,17877.43,3803763.52,Low
PRJ0984,Project Front-line reciprocal paradigm,D018,Completed,335205.37,3889300.77,Critical
PRJ0985,Project Down-sized methodical infrastructure,D011,Completed,201778.4,2463212.48,Low
PRJ0986,Project Seamless even-keeled Graphical User Interface,D017,In Progress,849472.19,4679692.24,High
PRJ0987,Project Enhanced neutral open system,D006,Completed,44064.94,2886300.36,High
PRJ0988,Project Fully-configurable solution-oriented circuit,D009,In Progress,174611.25,166962.07,Critical
PRJ0989,Project Mandatory stable benchmark,D003,Cancelled,577333.09,2437348.77,Low
PRJ0990,Project Enterprise-wide stable matrix,D015,In Progress,175909.61,1069918.61,High
PRJ0991,Project Digitized bifurcated matrices,D008,Planning,138824.26,836208.93,Critical
PRJ0992,Project Progressive user-facing conglomeration,D002,In Progress,113549.69,395464.31,Critical
PRJ0993,Project Assimilated discrete definition,D005,In Progress,693283.46,4772756.36,Medium
PRJ0994,Project Implemented zero administration definition,D002,Completed,408748.95,1683884.21,High
PRJ0995,Project Visionary directional policy,D017,In Progress,174392.08,641699.34,Critical
PRJ0996,Project Advanced homogeneous portal,D016,Completed,535534.31,3171786.49,Low
PRJ0997,Project Diverse mission-critical conglomeration,D003,Completed,824885.91,1027302.94,Low
PRJ0998,Project Progressive 6thgeneration open architecture,D004,In Progress,189648.22,3337595.02,Critical
PRJ0999,Project Open-architected demand-driven knowledgebase,D011,Completed,610516.42,1111670.88,High
PRJ1000,Project Fundamental holistic secured line,D014,Completed,406818.73,2973039.76,Medium
PRJ1001,Project Open-source needs-based product,D002,Completed,595029.34,675507.89,High
PRJ1002,Project Pre-emptive 4thgeneration project,D011,Completed,27900.17,4919175.29,Medium
PRJ1003,Project Stand-alone scalable instruction set,D010,In Progress,137616.07,3483539.22,Critical
PRJ1004,Project Sharable high-level hardware,D004,Completed,143017.9,3963167.64,High
PRJ1005,Project Horizontal directional architecture,D012,Completed,229477.31,86229.19,High
PRJ1006,Project Integrated methodical migration,D014,Completed,562319.41,1748460.63,Medium
PRJ1007,Project Multi-lateral homogeneous portal,D008,In Progress,720411.65,2551419.37,High
PRJ1008,Project Pre-emptive coherent complexity,D017,Completed,937661.77,913454.98,High
PRJ1009,Project Enhanced dynamic analyzer,D014,Completed,386494.97,1531624.27,Medium
PRJ1010,Project Fully-configurable regional hierarchy,D020,Planning,305167.3,1541110.87,High
PRJ1011,Project Front-line system-worthy contingency,D017,Completed,836663.28,394725.11,High
PRJ1012,Project Cross-group bandwidth-monitored Graphic Interface,D003,Completed,70915.35,2477231.32,Medium
PRJ1013,Project User-friendly web-enabled knowledge user,D007,Completed,511544.31,1357809.55,High
PRJ1014,Project Public-key maximized application,D005,In Progress,312172.98,1141692.42,Low
PRJ1015,Project Exclusive foreground artificial intelligence,D009,Completed,14473.05,2554929.25,Medium
PRJ1016,Project Polarized grid-enabled interface,D016,Planning,164396.58,1491765.73,Critical
PRJ1017,Project Upgradable mobile architecture,D020,In Progress,146603.64,2048703.27,High
PRJ1018,Project Advanced zero tolerance middleware,D007,Planning,651952.89,1492246.15,Low
PRJ1019,Project Distributed clear-thinking Local Area Network,D009,Planning,184292.81,1465292.3,Critical
PRJ1020,Project Down-sized zero tolerance encryption,D009,Planning,689904.07,4735553.49,Low
PRJ1021,Project Horizontal systemic instruction set,D017,Completed,962638.72,3336378.37,Low
PRJ1022,Project Triple-buffered radical open architecture,D010,In Progress,281974.85,931405.65,Low
PRJ1023,Project Enhanced secondary emulation,D002,Planning,869664.26,1571130.06,High
PRJ1024,Project Implemented bifurcated extranet,D013,In Progress,243712.32,4262808.84,Critical
PRJ1025,Project Re-engineered solution-oriented project,D008,Completed,810639.57,4271654.54,Critical
PRJ1026,Project Fundamental client-server analyzer,D002,Completed,336809.02,2174367.45,Medium
PRJ1027,Project Organized uniform interface,D017,In Progress,133456.83,814989.26,High
PRJ1028,Project Right-sized reciprocal framework,D014,Completed,158065.83,2835482.25,High
PRJ1029,Project Self-enabling next generation data-warehouse,D006,In Progress,825537.71,3625405.93,High
PRJ1030,Project Profound background utilization,D002,Completed,794592.93,1448427.71,Low
PRJ1031,Project Cross-platform incremental installation,D007,Planning,436479.64,2046949.06,High
PRJ1032,Project Reactive full-range forecast,D009,Completed,699145.75,1553129.99,Low
PRJ1033,Project Assimilated logistical contingency,D006,Completed,295535.42,3801243.07,Critical
PRJ1034,Project Decentralized coherent instruction set,D002,Completed,793472.66,2132141.43,Medium
PRJ1035,Project Streamlined asynchronous focus group,D016,In Progress,396216.63,2098123.81,Medium
PRJ1036,Project Sharable bottom-line synergy,D008,Planning,176164.76,4983283.13,Medium
PRJ1037,Project Automated systemic encryption,D004,In Progress,169018.53,4171154.39,Critical
PRJ1038,Project Progressive optimal software,D013,In Progress,743782.91,397049.98,Critical
PRJ1039,Project Optimized upward-trending challenge,D012,Completed,774169.1,3399340.47,Medium
PRJ1040,Project Total directional concept,D005,In Progress,608215.71,2421728.07,Low
PRJ1041,Project Enhanced intangible hub,D005,Planning,291134.17,4066884.45,High
PRJ1042,Project Decentralized 3rdgeneration secured line,D005,In Progress,592862.32,4240808.51,High
PRJ1043,Project Focused full-range success,D008,Completed,299649.25,856351.29,Low
PRJ1044,Project Monitored well-modulated system engine,D011,Completed,462917.07,1124762.33,Medium
PRJ1045,Project Expanded client-server productivity,D009,Completed,539962.44,4652848.87,Low
PRJ1046,Project Persevering dynamic neural-net,D020,Completed,976494.34,1227819.04,High
PRJ1047,Project Compatible incremental collaboration,D001,Completed,269325.21,3461746.64,Low
PRJ1048,Project Fundamental secondary knowledge user,D011,Completed,329997.63,2667299.54,High
PRJ1049,Project Public-key impactful matrix,D014,In Progress,920799.49,4997921.68,Critical
PRJ1050,Project Switchable regional project,D013,Completed,922051.73,3980840.78,High
PRJ1051,Project Robust user-facing concept,D013,Completed,199465.44,2479313.47,High
PRJ1052,Project Business-focused fault-tolerant service-desk,D019,Completed,14675.41,4160951.61,Critical
PRJ1053,Project Intuitive bifurcated alliance,D002,In Progress,949590.69,4277374.55,Critical
PRJ1054,Project Self-enabling contextually-based instruction set,D007,In Progress,722548.88,795380.97,High
PRJ1055,Project Visionary 5thgeneration artificial intelligence,D013,Completed,246759.81,1118174.37,High
PRJ1056,Project Reactive 6thgeneration conglomeration,D019,In Progress,693045.17,4606915.4,High
PRJ1057,Project Pre-emptive client-driven help-desk,D013,Planning,178094.32,3902334.76,High
PRJ1058,Project Up-sized discrete emulation,D014,Completed,488210.54,2407243.74,Low
PRJ1059,Project Persistent executive ability,D019,Completed,486484.38,4055045.25,Critical
PRJ1060,Project Upgradable incremental forecast,D001,Planning,47817.96,4442952.26,Low
PRJ1061,Project Profound optimizing moderator,D007,Completed,570754.73,511429.16,Medium
PRJ1062,Project Virtual maximized alliance,D007,In Progress,390105.08,2859293.95,Critical
PRJ1063,Project Team-oriented analyzing methodology,D016,Completed,797615.87,3669629.6,High
PRJ1064,Project Synchronized encompassing toolset,D015,Completed,308447.89,4202722.15,High
PRJ1065,Project Adaptive transitional superstructure,D013,Completed,633472.18,2043070.83,Medium
PRJ1066,Project User-centric encompassing complexity,D012,In Progress,695469.11,2173809.05,Low
PRJ1067,Project Configurable dedicated access,D016,In Progress,892314.87,2000196.43,Low
PRJ1068,Project Open-architected asymmetric collaboration,D008,In Progress,484396.93,4244983.02,Low
PRJ1069,Project Optional needs-based strategy,D019,In Progress,43476.92,3442537.57,Low
PRJ1070,Project Implemented client-server interface,D004,Completed,290259.39,1754376.6,Medium
PRJ1071,Project Enterprise-wide mobile secured line,D019,Completed,876020.61,4758611.7,Medium
PRJ1072,Project Upgradable didactic attitude,D015,Completed,423506.61,3086988.63,Medium
PRJ1073,Project Horizontal methodical product,D017,Completed,155575.06,4111817.14,High
PRJ1074,Project User-friendly composite hardware,D015,In Progress,723867.92,1444975.39,Critical
PRJ1075,Project Object-based 5thgeneration adapter,D011,Planning,385300.79,295139.02,Critical
PRJ1076,Project Switchable context-sensitive website,D017,In Progress,136954.02,2819102.05,Low
PRJ1077,Project Universal context-sensitive contingency,D003,Completed,22288.28,2520505.9,Critical
PRJ1078,Project Fully-configurable global adapter,D012,In Progress,390038.41,2032999.97,High
PRJ1079,Project Visionary transitional knowledge user,D014,In Progress,221836.66,79152.2,Critical
PRJ1080,Project Open-architected fresh-thinking emulation,D019,Completed,998284.11,548431.32,Low
PRJ1081,Project Decentralized demand-driven moderator,D012,Completed,178767.94,1601386.4,Low
PRJ1082,Project Persistent coherent hierarchy,D011,Completed,598262.65,1448840.67,Critical
PRJ1083,Project Multi-lateral 3rdgeneration workforce,D008,In Progress,482976.9,4741948.42,High
PRJ1084,Project Total maximized model,D013,Planning,270841.57,2389963.87,Low
PRJ1085,Project Function-based hybrid focus group,D005,In Progress,784352.57,2369479.64,Low
PRJ1086,Project Distributed bi-directional artificial intelligence,D003,Completed,454817.97,553051.4,High
PRJ1087,Project Optional regional core,D013,Completed,671990.93,1437582.87,Low
PRJ1088,Project Object-based analyzing product,D016,Completed,918669.44,333512.58,High
PRJ1089,Project Multi-channeled systematic infrastructure,D005,Completed,718115.07,1176141.38,Medium
PRJ1090,Project Profit-focused system-worthy core,D018,In Progress,932341.37,4801592.69,Low
PRJ1091,Project Decentralized 6thgeneration moderator,D006,Planning,625626.58,675013.54,Critical
PRJ1092,Project Intuitive mission-critical knowledge user,D010,In Progress,653324.08,4673714.54,High
PRJ1093,Project Quality-focused local process improvement,D004,Completed,202919.91,3690749.78,High
PRJ1094,Project Switchable bi-directional infrastructure,D008,Planning,771595.62,3569883.58,Low
PRJ1095,Project Ameliorated demand-driven function,D017,Completed,956978.6,2054156.27,Medium
PRJ1096,Project Ameliorated fresh-thinking standardization,D019,Planning,503015.25,2601765.88,Medium
PRJ1097,Project Re-contextualized homogeneous structure,D008,In Progress,614989.25,4391523.33,Low
PRJ1098,Project Self-enabling clear-thinking portal,D017,Completed,287958.71,3719839.29,Critical
PRJ1099,Project Polarized even-keeled project,D018,In Progress,931679.81,2837548.19,Low
PRJ1100,Project Switchable fault-tolerant moderator,D007,Completed,834286.66,4000694.08,Critical
PRJ1101,Project Function-based executive solution,D020,Completed,288386.13,1674608.67,Medium
PRJ1102,Project Multi-layered heuristic website,D001,Completed,513262.43,2670314.02,Medium
PRJ1103,Project Cross-group dedicated alliance,D008,In Progress,223218.47,2840136.49,Medium
PRJ1104,Project Mandatory asynchronous emulation,D004,Completed,579192.03,3564653.75,High
PRJ1105,Project Integrated interactive utilization,D005,Completed,444062.7,3449557.43,Low
PRJ1106,Project Reduced next generation pricing structure,D001,Completed,717223.48,3420271.92,Critical
PRJ1107,Project Cross-group actuating encryption,D015,Completed,142807.3,2813152.96,Critical
PRJ1108,Project Profit-focused hybrid methodology,D011,Completed,903126.89,4052878.69,Critical
PRJ1109,Project Visionary high-level Graphic Interface,D008,Completed,969224.2,2804227.15,Critical
PRJ1110,Project Visionary local framework,D001,In Progress,888359.18,3021993.83,Medium
PRJ1111,Project Synergistic attitude-oriented superstructure,D017,In Progress,830294.3,2854202.45,Medium
PRJ1112,Project Cloned intangible initiative,D003,Completed,386021.19,632320.92,High
PRJ1113,Project Implemented interactive benchmark,D004,Planning,257932.62,1737286.41,Medium
PRJ1114,Project Enhanced impactful workforce,D005,Planning,580988.41,334726.77,Low
PRJ1115,Project Compatible exuding definition,D001,Completed,12000.58,4228982.4,High
PRJ1116,Project Open-source multi-tasking superstructure,D012,Completed,15894.8,1630905.55,Critical
PRJ1117,Project Multi-lateral bandwidth-monitored concept,D003,In Progress,152031.01,1573209.04,Low
PRJ1118,Project Public-key holistic neural-net,D013,Completed,986143.74,1539691.32,High
PRJ1119,Project Function-based object-oriented product,D007,Completed,260341.56,4346938.18,Medium
PRJ1120,Project Reverse-engineered incremental open architecture,D002,Completed,868344.5,251980.94,High
PRJ1121,Project Inverse maximized support,D009,Completed,766634.55,2174525.66,Low
PRJ1122,Project Programmable multimedia middleware,D015,Completed,240212.71,2430498.87,High
PRJ1123,Project Self-enabling neutral application,D011,Planning,750986.86,3511944.56,Low
PRJ1124,Project Stand-alone national projection,D009,Completed,412211.19,2759086.25,Low
PRJ1125,Project Fundamental full-range installation,D016,Completed,952415.23,1922332.64,Low
PRJ1126,Project Monitored client-server function,D015,In Progress,424375.73,4864952.43,Low
PRJ1127,Project Virtual full-range attitude,D016,Completed,402689.86,2165630.67,High
PRJ1128,Project Compatible mission-critical pricing structure,D008,Completed,896067.74,4810036.13,Low
PRJ1129,Project Distributed executive hierarchy,D019,In Progress,453134.21,4469749.66,Low
PRJ1130,Project Proactive transitional encryption,D012,In Progress,425601.08,2252462.88,Medium
PRJ1131,Project Distributed intermediate website,D019,Completed,787739.57,140689.19,Medium
PRJ1132,Project Fully-configurable human-resource hardware,D001,Planning,766166.39,3636516.73,Medium
PRJ1133,Project Ergonomic user-facing hierarchy,D006,Completed,890282.18,219855.28,Low
PRJ1134,Project Object-based systematic software,D007,Completed,163715.53,4609932.01,Critical
PRJ1135,Project Customer-focused secondary success,D002,In Progress,496710.39,4027863.24,Low
PRJ1136,Project Reverse-engineered next generation groupware,D011,Completed,637155.73,4142496.25,Critical
PRJ1137,Project Monitored radical complexity,D015,Completed,423418.47,407611.66,Medium
PRJ1138,Project Organic optimizing knowledgebase,D015,In Progress,953915.81,2489885.27,Low
PRJ1139,Project Monitored systematic structure,D007,Completed,297872.83,3833400.26,High
PRJ1140,Project Digitized bifurcated system engine,D010,In Progress,282263.7,2799963.82,Medium
PRJ1141,Project Innovative stable standardization,D011,In Progress,510273.64,363453.67,Critical
PRJ1142,Project Cross-group intangible array,D014,Completed,574492.38,1038248.28,Medium
PRJ1143,Project Secured secondary function,D010,Planning,179545.26,2725275.37,Critical
PRJ1144,Project Multi-layered tangible service-desk,D011,Completed,146326.56,4355883.28,Critical
PRJ1145,Project Reverse-engineered directional structure,D015,Completed,616388.36,3284938.97,Critical
PRJ1146,Project Total solution-oriented extranet,D012,Completed,998897.79,2429421.26,High
PRJ1147,Project Versatile secondary productivity,D015,In Progress,954600.6,3281238.04,Critical
PRJ1148,Project Cross-group clear-thinking capacity,D011,In Progress,72380.94,4894641.99,Medium
PRJ1149,Project Profit-focused explicit database,D007,Completed,438524.83,4355609.78,Critical
PRJ1150,Project Profound dedicated moderator,D001,In Progress,190717.71,4051067.5,Medium
PRJ1151,Project Networked human-resource analyzer,D019,Planning,542528.93,301939.44,Low
PRJ1152,Project Switchable uniform function,D013,Completed,668240.31,1215838.91,Medium
PRJ1153,Project Upgradable multimedia Local Area Network,D002,Planning,57071.1,3394574.55,Low
PRJ1154,Project Persistent content-based monitoring,D010,In Progress,315209.81,4114290.22,High
PRJ1155,Project Optimized content-based initiative,D017,Completed,324649.46,1070710.42,Medium
PRJ1156,Project Extended coherent capability,D008,Cancelled,659399.5,3528581.57,Low
PRJ1157,Project Cross-platform web-enabled paradigm,D020,Cancelled,403817.74,4450543.34,Low
PRJ1158,Project Business-focused needs-based challenge,D010,Planning,54726.08,1755827.89,Medium
PRJ1159,Project Cross-platform neutral hardware,D010,In Progress,311950.76,3925548.47,Low
PRJ1160,Project Mandatory contextually-based archive,D002,In Progress,921841.94,4866804.11,Medium
PRJ1161,Project Mandatory 3rdgeneration process improvement,D005,In Progress,684098.04,1877454.21,Critical
PRJ1162,Project Streamlined user-facing middleware,D009,Completed,183961.87,2648223.47,Critical
PRJ1163,Project Reverse-engineered encompassing application,D014,Planning,286195.03,2408962.29,High
PRJ1164,Project Operative system-worthy ability,D004,In Progress,826000.89,4905817.77,Critical
PRJ1165,Project Focused motivating forecast,D002,In Progress,505143.63,1067209.86,Medium
PRJ1166,Project Triple-buffered zero-defect interface,D005,In Progress,66178.69,1932677.96,High
PRJ1167,Project Implemented executive structure,D016,Planning,513368.91,643687.2,Critical
PRJ1168,Project Function-based grid-enabled secured line,D014,In Progress,736783.78,4377848.84,Medium
PRJ1169,Project Self-enabling asynchronous access,D007,In Progress,137078.49,3649800.14,Critical
PRJ1170,Project Operative secondary leverage,D002,In Progress,31549.62,4225560.45,High
PRJ1171,Project Up-sized asymmetric project,D020,Planning,434770.36,4230369.15,High
PRJ1172,Project Implemented grid-enabled frame,D008,Completed,902886.13,281534.68,High
PRJ1173,Project Vision-oriented grid-enabled pricing structure,D016,In Progress,313706.56,314526.77,High
PRJ1174,Project Right-sized even-keeled solution,D003,Completed,340819.83,2418759.08,Critical
PRJ1175,Project Organic bi-directional archive,D015,In Progress,955823.52,760680.53,Medium
PRJ1176,Project Triple-buffered asymmetric encoding,D015,Cancelled,197253.18,2800077.43,Medium
PRJ1177,Project Function-based client-driven extranet,D009,In Progress,243910.68,2484373.17,High
PRJ1178,Project De-engineered zero administration emulation,D001,Completed,420009.89,1211182.23,Critical
PRJ1179,Project Secured human-resource emulation,D004,In Progress,693751.52,3612206.49,Medium
PRJ1180,Project Streamlined logistical access,D015,Completed,317074.19,2330725.25,Medium
PRJ1181,Project Face-to-face homogeneous customer loyalty,D007,Completed,12615.05,3265781.66,Critical
PRJ1182,Project Fully-configurable radical productivity,D019,Completed,101349.1,3039649.88,Low
PRJ1183,Project Robust transitional hierarchy,D008,Cancelled,773794.79,4844238.55,Low
PRJ1184,Project Enhanced incremental definition,D014,In Progress,50654.49,2589000.9,High
PRJ1185,Project Focused radical success,D014,Planning,213669.07,3285409.49,Medium
PRJ1186,Project Distributed context-sensitive application,D004,Planning,992986.34,2639932.85,High
PRJ1187,Project Switchable system-worthy workforce,D019,Planning,138877.27,4269939.35,Medium
PRJ1188,Project Ameliorated non-volatile concept,D002,Completed,733967.04,1174519.76,High
PRJ1189,Project Pre-emptive coherent encoding,D020,In Progress,157513.61,3363314.48,High
PRJ1190,Project Synergistic bifurcated benchmark,D010,Planning,201541.56,4148652.58,Medium
PRJ1191,Project Streamlined empowering projection,D005,Completed,395764.18,3776824.0,Critical
PRJ1192,Project Down-sized interactive task-force,D001,Planning,710764.37,2866758.14,Medium
PRJ1193,Project Multi-tiered fault-tolerant pricing structure,D015,In Progress,973554.49,4741041.3,Low
PRJ1194,Project Synchronized zero-defect application,D019,Completed,493771.78,2175809.6,High
PRJ1195,Project Synergized grid-enabled analyzer,D008,Completed,819008.67,946138.98,High
PRJ1196,Project Advanced content-based Graphical User Interface,D017,Completed,968241.72,4264076.32,Critical
PRJ1197,Project Self-enabling scalable productivity,D009,Completed,380540.84,1141282.21,Critical
PRJ1198,Project Centralized background software,D017,Cancelled,478901.81,3656722.55,Critical
PRJ1199,Project Networked zero tolerance matrix,D004,Planning,800135.21,342891.09,Low
PRJ1200,Project Assimilated bifurcated complexity,D004,Completed,494715.41,4645410.18,High
PRJ1201,Project Pre-emptive encompassing analyzer,D017,Planning,490784.69,2679061.96,Low
PRJ1202,Project Reduced incremental toolset,D014,In Progress,535951.48,4992531.33,Low
PRJ1203,Project Enhanced bifurcated Graphic Interface,D016,In Progress,926624.75,4598885.93,Low
PRJ1204,Project Advanced interactive Graphical User Interface,D018,Planning,344834.64,2276312.81,High
PRJ1205,Project Self-enabling directional projection,D005,Cancelled,446364.83,3843751.96,Critical
PRJ1206,Project Automated 5thgeneration hardware,D008,Completed,267652.92,1605706.42,Low
PRJ1207,Project Visionary multimedia application,D012,In Progress,107552.63,1795134.9,Critical
PRJ1208,Project Realigned high-level alliance,D017,Completed,914703.93,4879762.58,High
PRJ1209,Project Focused bifurcated Graphical User Interface,D018,Cancelled,378416.92,4713316.64,Critical
PRJ1210,Project Monitored attitude-oriented productivity,D002,Completed,295290.63,2309764.9,High
PRJ1211,Project Compatible coherent data-warehouse,D019,Completed,217569.7,632708.89,Critical
PRJ1212,Project Diverse fault-tolerant product,D008,Planning,975914.96,1262710.05,Low
PRJ1213,Project Ergonomic content-based definition,D003,Completed,883419.64,2173855.17,Critical
PRJ1214,Project Open-source reciprocal Internet solution,D019,Completed,375881.2,874956.45,Medium
PRJ1215,Project Multi-channeled 24/7 framework,D011,In Progress,176213.24,2479845.26,Low
PRJ1216,Project Progressive executive website,D007,Completed,900829.2,3648472.28,High
PRJ1217,Project Proactive web-enabled hub,D001,In Progress,296989.04,2056984.89,High
PRJ1218,Project Pre-emptive encompassing customer loyalty,D013,Completed,598108.32,2888021.05,Low
PRJ1219,Project Fully-configurable motivating support,D007,Completed,434672.55,2481887.04,Low
PRJ1220,Project Reduced incremental leverage,D012,Completed,490137.51,1414304.11,High
PRJ1221,Project Balanced asymmetric emulation,D017,Completed,649690.21,2190810.48,Medium
PRJ1222,Project Enterprise-wide coherent success,D015,Completed,35632.97,4194941.13,High
PRJ1223,Project Object-based zero administration flexibility,D014,In Progress,341012.71,3555237.77,Low
PRJ1224,Project Enterprise-wide responsive intranet,D019,Cancelled,704142.19,625971.01,High
PRJ1225,Project Expanded leadingedge moderator,D004,Completed,168727.23,1047327.4,High
PRJ1226,Project Monitored static help-desk,D015,Planning,495731.3,2197470.93,Low
PRJ1227,Project Stand-alone content-based emulation,D012,Planning,811218.66,658808.07,Critical
PRJ1228,Project Vision-oriented web-enabled frame,D007,Planning,117510.0,1444999.12,Low
PRJ1229,Project Persevering value-added emulation,D015,Completed,153505.31,4471692.33,Medium
PRJ1230,Project Implemented didactic framework,D005,Completed,806447.45,2986321.46,Critical
PRJ1231,Project Compatible background migration,D007,In Progress,673770.73,1863414.6,Medium
PRJ1232,Project Adaptive composite capacity,D017,Completed,520976.14,3806367.33,Critical
PRJ1233,Project Digitized empowering capability,D013,Completed,291432.11,638401.59,High
PRJ1234,Project Implemented dynamic definition,D019,Planning,781092.69,4286885.98,Medium
PRJ1235,Project Operative 4thgeneration customer loyalty,D003,Cancelled,903359.68,2485381.95,Critical
PRJ1236,Project User-friendly multimedia help-desk,D007,In Progress,860609.05,1866586.72,Medium
PRJ1237,Project Cloned multi-state pricing structure,D010,In Progress,781665.69,4292402.16,Low
PRJ1238,Project Optional local hub,D016,Completed,535659.7,2687912.69,Critical
PRJ1239,Project Fully-configurable responsive application,D015,In Progress,755805.63,3867810.01,Critical
PRJ1240,Project Exclusive dynamic capacity,D007,Completed,192422.3,3867493.95,Medium
PRJ1241,Project Self-enabling reciprocal implementation,D017,Completed,600340.52,2757488.22,Low
PRJ1242,Project Operative holistic monitoring,D013,In Progress,126497.87,1904608.34,Low
PRJ1243,Project Customizable foreground firmware,D018,Planning,171119.07,1552012.8,Low
PRJ1244,Project Networked impactful productivity,D015,Completed,299062.91,1130692.13,Medium
PRJ1245,Project Quality-focused directional Graphic Interface,D020,Completed,175923.57,4697478.12,Critical
PRJ1246,Project Horizontal exuding approach,D001,Completed,475403.79,1105285.9,Critical
PRJ1247,Project Cross-platform eco-centric task-force,D002,Completed,120150.27,4343436.41,Low
PRJ1248,Project Multi-tiered disintermediate pricing structure,D009,In Progress,205060.82,1137856.24,Medium
PRJ1249,Project Future-proofed intermediate interface,D018,Completed,839175.52,4247860.68,High
PRJ1250,Project Extended logistical alliance,D020,Completed,906661.76,1412093.09,Medium
PRJ1251,Project Focused impactful website,D016,Cancelled,849644.41,4673798.97,Low
PRJ1252,Project Multi-tiered 3rdgeneration concept,D007,In Progress,999898.3,4348624.64,High
PRJ1253,Project Networked high-level architecture,D014,Completed,532424.76,2404390.42,Critical
PRJ1254,Project Object-based system-worthy toolset,D002,In Progress,797287.84,3889692.79,Critical
PRJ1255,Project Intuitive discrete orchestration,D017,In Progress,76630.75,4164988.45,High
PRJ1256,Project Implemented asynchronous application,D006,Completed,875975.6,4653423.14,Medium
PRJ1257,Project Implemented national instruction set,D013,Completed,829061.03,1903958.61,Low
PRJ1258,Project Expanded analyzing Local Area Network,D016,In Progress,657897.67,551648.42,High
PRJ1259,Project Configurable interactive methodology,D010,In Progress,849376.97,1031442.17,Low
PRJ1260,Project Object-based analyzing encryption,D019,Cancelled,436773.73,1035617.72,Low
PRJ1261,Project Business-focused user-facing challenge,D017,Completed,415933.0,1669004.66,Medium
PRJ1262,Project Sharable disintermediate hub,D019,Planning,587035.79,1611971.01,High
PRJ1263,Project Managed exuding open system,D008,Completed,534138.48,1919677.23,Low
PRJ1264,Project Focused user-facing access,D002,In Progress,519078.73,2361715.2,Low
PRJ1265,Project Public-key executive benchmark,D015,Completed,652810.55,3436505.09,Medium
PRJ1266,Project Object-based asynchronous algorithm,D008,Completed,688109.43,3911743.8,Low
PRJ1267,Project Cloned bifurcated forecast,D016,Completed,461255.18,1441499.62,Medium
PRJ1268,Project Function-based grid-enabled database,D011,Planning,424574.93,3898781.23,High
PRJ1269,Project Virtual multi-state groupware,D018,Completed,229245.54,3268013.59,Critical
PRJ1270,Project Vision-oriented high-level knowledgebase,D008,In Progress,353878.81,761146.55,Low
PRJ1271,Project Streamlined multimedia focus group,D014,In Progress,377519.2,2318850.92,Low
PRJ1272,Project Synergized background task-force,D010,Completed,589372.76,4703797.2,Critical
PRJ1273,Project Configurable bandwidth-monitored moderator,D009,Planning,905009.0,3038409.83,Medium
PRJ1274,Project Re-contextualized multi-state initiative,D008,Completed,921036.24,124248.94,High
PRJ1275,Project Diverse responsive functionalities,D009,In Progress,921021.64,4620675.31,Medium
PRJ1276,Project Re-contextualized stable approach,D009,Completed,690820.65,1906075.14,Critical
PRJ1277,Project Inverse client-driven product,D002,Completed,456477.43,4324513.29,Medium
PRJ1278,Project Multi-lateral neutral throughput,D014,Completed,620967.09,1528059.43,Medium
PRJ1279,Project Synergistic holistic extranet,D012,Completed,179432.64,2234500.64,High
PRJ1280,Project Assimilated composite customer loyalty,D006,Planning,611305.0,1688191.27,Critical
PRJ1281,Project Up-sized modular protocol,D017,Completed,590224.21,889640.89,Low
PRJ1282,Project Centralized human-resource Graphic Interface,D005,Completed,155203.62,2250694.52,High
PRJ1283,Project Front-line eco-centric definition,D006,Completed,854173.51,2160685.98,Low
PRJ1284,Project Operative solution-oriented structure,D007,Completed,167309.18,3093032.81,High
PRJ1285,Project Team-oriented needs-based application,D017,Completed,851356.34,3475801.97,Low
PRJ1286,Project Diverse needs-based synergy,D019,Completed,49250.95,434567.58,High
PRJ1287,Project Public-key 24hour application,D020,In Progress,286186.94,612283.42,High
PRJ1288,Project Seamless bifurcated data-warehouse,D005,Completed,25696.63,1431941.87,Critical
PRJ1289,Project User-centric modular framework,D003,In Progress,96012.28,2336336.02,High
PRJ1290,Project Organic transitional array,D010,Completed,998637.02,4204430.65,Medium
PRJ1291,Project Focused multi-tasking installation,D015,Completed,529881.62,1816267.96,Medium
PRJ1292,Project Robust scalable approach,D001,Planning,583826.15,2708616.5,Critical
PRJ1293,Project Robust executive help-desk,D014,Completed,139710.95,3225934.68,Low
PRJ1294,Project Synergized 5thgeneration challenge,D011,Completed,503966.38,1319615.86,Critical
PRJ1295,Project De-engineered systematic infrastructure,D018,Completed,33237.07,3489097.56,Low
PRJ1296,Project Ameliorated systematic budgetary management,D002,Completed,956179.57,3743366.64,Low
PRJ1297,Project User-friendly content-based service-desk,D019,Planning,768492.89,3896002.98,Medium
PRJ1298,Project Organic static function,D015,In Progress,159312.23,1401770.98,High
PRJ1299,Project Persevering 5thgeneration paradigm,D014,Completed,628662.85,4042193.66,Medium
PRJ1300,Project Intuitive dedicated paradigm,D015,Completed,741613.63,384740.71,Medium
PRJ1301,Project Profound asymmetric orchestration,D009,Cancelled,920817.36,4977903.63,High
PRJ1302,Project Up-sized zero tolerance workforce,D006,Completed,537007.02,961857.9,Critical
PRJ1303,Project Customizable optimizing adapter,D019,In Progress,358565.87,2354397.08,High
PRJ1304,Project Focused even-keeled installation,D002,In Progress,205462.76,3768909.49,High
PRJ1305,Project Open-architected discrete approach,D006,In Progress,247867.6,955950.61,Low
PRJ1306,Project Business-focused foreground help-desk,D011,Cancelled,206434.07,1421911.54,Low
PRJ1307,Project Switchable disintermediate throughput,D020,Cancelled,421561.59,4197895.12,Critical
PRJ1308,Project Sharable asymmetric frame,D007,In Progress,644514.55,2370426.89,High
PRJ1309,Project Exclusive tertiary parallelism,D003,Planning,616365.27,4662476.13,Critical
PRJ1310,Project Universal systematic portal,D003,Completed,580591.24,369451.1,High
PRJ1311,Project Organic static moratorium,D016,In Progress,875239.36,1166662.65,Low
PRJ1312,Project Fundamental eco-centric pricing structure,D003,In Progress,567921.31,3869428.35,Critical
PRJ1313,Project Right-sized human-resource array,D003,Completed,575910.75,2536990.84,Medium
PRJ1314,Project Phased solution-oriented conglomeration,D012,Planning,190178.78,4426167.97,Critical
PRJ1315,Project Reduced eco-centric orchestration,D002,In Progress,796469.52,2061629.29,High
PRJ1316,Project Diverse eco-centric implementation,D013,Completed,163772.42,686584.28,High
PRJ1317,Project Down-sized human-resource success,D016,Planning,918919.12,803149.91,Medium
PRJ1318,Project Multi-tiered exuding extranet,D012,Completed,34896.11,3921258.37,Critical
PRJ1319,Project Assimilated coherent solution,D003,Completed,780274.38,396348.4,Medium
PRJ1320,Project Reactive cohesive monitoring,D013,Completed,655811.9,4565071.56,Critical
PRJ1321,Project Horizontal value-added infrastructure,D015,Planning,519040.27,3497460.22,Medium
PRJ1322,Project Upgradable dynamic frame,D009,In Progress,400277.76,3913916.15,Low
PRJ1323,Project Universal explicit paradigm,D014,Completed,713115.35,4473830.06,Medium
PRJ1324,Project Assimilated mobile policy,D011,Completed,491921.04,881936.83,High
PRJ1325,Project Organic holistic architecture,D016,Completed,373553.99,3396361.06,High
PRJ1326,Project Realigned hybrid analyzer,D019,Completed,928102.78,4672624.22,Critical
PRJ1327,Project Inverse secondary core,D018,In Progress,850218.02,3232863.9,Medium
PRJ1328,Project Intuitive well-modulated secured line,D005,Completed,302258.34,4694113.93,Low
PRJ1329,Project Front-line systematic secured line,D016,Completed,904105.71,4523637.09,High
PRJ1330,Project Front-line dedicated conglomeration,D015,Completed,200921.9,2177183.97,Low
PRJ1331,Project Right-sized clear-thinking circuit,D008,Completed,773772.95,392149.61,Low
PRJ1332,Project De-engineered local implementation,D001,Completed,999251.1,4392338.53,Medium
PRJ1333,Project Public-key encompassing installation,D001,Completed,783545.2,2334060.97,Medium
PRJ1334,Project Open-architected full-range access,D007,Completed,575808.86,4084938.9,High
PRJ1335,Project Future-proofed multimedia data-warehouse,D008,In Progress,223480.4,4148212.45,Low
PRJ1336,Project Expanded modular projection,D003,Cancelled,235984.37,1235270.85,Medium
PRJ1337,Project De-engineered well-modulated approach,D004,Completed,737194.37,3143451.31,Critical
PRJ1338,Project Cloned leadingedge implementation,D002,In Progress,876765.76,3387572.53,High
PRJ1339,Project Pre-emptive scalable instruction set,D012,Cancelled,655084.66,4005109.98,Critical
PRJ1340,Project Devolved non-volatile interface,D013,Completed,29121.29,4476814.96,Low
PRJ1341,Project Front-line optimal strategy,D006,Planning,950957.61,376181.37,Medium
PRJ1342,Project Profound methodical hierarchy,D017,Completed,223128.01,3825212.37,Medium
PRJ1343,Project Configurable real-time functionalities,D016,Completed,840797.77,1544703.38,Low
PRJ1344,Project Cross-group modular parallelism,D019,Completed,241075.94,3930011.66,Critical
PRJ1345,Project Organized well-modulated website,D008,In Progress,879953.96,992222.04,Critical
PRJ1346,Project Reduced 5thgeneration adapter,D020,In Progress,584532.66,745242.3,High
PRJ1347,Project Multi-tiered demand-driven productivity,D005,Planning,25940.81,4807528.55,High
PRJ1348,Project Switchable executive approach,D005,Completed,545006.77,459261.72,Medium
PRJ1349,Project Multi-channeled upward-trending approach,D004,Completed,201117.59,1297386.02,Medium
PRJ1350,Project Multi-tiered hybrid data-warehouse,D011,Cancelled,100107.93,4103357.17,Low
PRJ1351,Project User-centric clear-thinking hierarchy,D015,Completed,741124.16,670173.71,Low
PRJ1352,Project Advanced client-driven solution,D011,Completed,264282.44,3881491.32,Medium
PRJ1353,Project Extended exuding access,D010,Planning,907467.75,4568156.4,Critical
PRJ1354,Project Re-contextualized background analyzer,D015,In Progress,781646.95,3414013.15,High
PRJ1355,Project Robust context-sensitive implementation,D019,In Progress,129224.95,1350649.01,Critical
PRJ1356,Project Face-to-face bandwidth-monitored firmware,D010,In Progress,696573.38,4238969.26,High
PRJ1357,Project Multi-layered 24hour adapter,D015,Completed,475984.86,2440500.77,Low
PRJ1358,Project Innovative 24hour encryption,D009,In Progress,840060.87,3185871.74,Low
PRJ1359,Project Streamlined real-time extranet,D006,Planning,957524.24,3329609.07,Low
PRJ1360,Project Function-based 6thgeneration instruction set,D007,In Progress,877442.15,3127598.21,Low
PRJ1361,Project Virtual contextually-based function,D010,Completed,854434.36,1775417.49,Critical
PRJ1362,Project Customizable local moderator,D007,In Progress,804393.68,3273974.98,High
PRJ1363,Project Ergonomic optimal capacity,D018,In Progress,174239.9,1973635.88,High
PRJ1364,Project Synchronized value-added matrix,D007,Completed,835989.24,4819066.65,Critical
PRJ1365,Project Stand-alone empowering Local Area Network,D012,Completed,934119.22,4444085.94,Low
PRJ1366,Project Re-engineered leadingedge forecast,D003,Completed,307195.22,2648703.96,Low
PRJ1367,Project Business-focused hybrid groupware,D018,Planning,748502.39,2536825.74,High
PRJ1368,Project Visionary reciprocal project,D011,In Progress,196981.54,2867473.87,High
PRJ1369,Project Phased exuding orchestration,D015,Completed,918904.05,4283832.74,Medium
PRJ1370,Project Total needs-based success,D007,Planning,174384.1,678457.66,Low
PRJ1371,Project Exclusive dynamic groupware,D008,Completed,580657.24,280864.32,Medium
PRJ1372,Project Multi-lateral system-worthy analyzer,D004,Completed,665340.92,2809664.08,Critical
PRJ1373,Project Programmable impactful task-force,D016,Completed,676395.89,1962517.0,Medium
PRJ1374,Project Organized bifurcated synergy,D018,In Progress,60121.51,4809935.49,Medium
PRJ1375,Project Implemented attitude-oriented website,D015,Completed,275734.02,1012742.41,Low
PRJ1376,Project Phased bottom-line focus group,D014,In Progress,424661.18,1276358.85,High
PRJ1377,Project Ameliorated national utilization,D010,Planning,826324.1,2177152.59,Low
PRJ1378,Project Future-proofed intangible approach,D017,Planning,784158.09,1027616.24,Medium
PRJ1379,Project Organized didactic Local Area Network,D009,Completed,283527.66,4683357.29,Critical
PRJ1380,Project Streamlined intangible analyzer,D012,Planning,902000.46,2123360.38,High
PRJ1381,Project Monitored next generation secured line,D007,Cancelled,851526.52,1726263.59,Critical
PRJ1382,Project Focused stable task-force,D007,Completed,317950.74,1988410.32,Critical
PRJ1383,Project Phased disintermediate middleware,D001,Planning,309571.74,3050294.75,Medium
PRJ1384,Project Monitored context-sensitive algorithm,D016,Completed,239929.8,3176609.67,High
PRJ1385,Project Multi-channeled tertiary initiative,D014,Completed,889079.69,1838662.73,Critical
PRJ1386,Project Balanced 24hour access,D010,Completed,138738.53,2393065.81,Medium
PRJ1387,Project Up-sized human-resource customer loyalty,D015,In Progress,468565.69,3341834.16,Critical
PRJ1388,Project Networked uniform protocol,D008,Cancelled,868424.64,3794699.84,Medium
PRJ1389,Project Progressive zero tolerance benchmark,D010,Completed,964935.6,749009.35,High
PRJ1390,Project Secured global Internet solution,D007,Completed,785169.69,415958.98,Critical
PRJ1391,Project Multi-lateral fresh-thinking extranet,D008,Completed,890900.55,1169688.52,Medium
PRJ1392,Project Decentralized encompassing algorithm,D016,In Progress,940326.32,360514.01,Medium
PRJ1393,Project Synchronized web-enabled focus group,D004,In Progress,620415.31,4674055.46,Medium
PRJ1394,Project Function-based bandwidth-monitored open system,D003,Completed,991089.25,2135428.57,High
PRJ1395,Project Sharable fault-tolerant Local Area Network,D015,Completed,685035.18,836603.39,Medium
PRJ1396,Project Function-based asymmetric standardization,D007,Planning,705197.31,4319372.32,Medium
PRJ1397,Project Future-proofed client-server Graphical User Interface,D017,Planning,340050.2,974401.65,High
PRJ1398,Project Ameliorated leadingedge knowledgebase,D020,In Progress,474087.65,4590101.37,High
PRJ1399,Project Self-enabling human-resource parallelism,D020,In Progress,619312.71,2018878.39,Low
PRJ1400,Project Organized content-based approach,D019,Completed,406375.87,2758606.99,Medium
PRJ1401,Project Ergonomic 3rdgeneration success,D016,In Progress,632365.48,4298802.64,Medium
PRJ1402,Project Optional zero tolerance archive,D003,Completed,246772.34,1097395.59,Critical
PRJ1403,Project Down-sized next generation budgetary management,D010,Planning,242739.69,4654943.18,Medium
PRJ1404,Project Persevering attitude-oriented throughput,D008,Completed,442946.26,4750407.79,Low
PRJ1405,Project Extended neutral moderator,D015,In Progress,49316.64,219949.09,High
PRJ1406,Project Open-source static flexibility,D003,Completed,649218.37,986395.43,High
PRJ1407,Project Diverse fault-tolerant framework,D004,Cancelled,957534.21,3373233.34,Low
PRJ1408,Project Organic non-volatile capacity,D013,Completed,152972.37,4599883.99,High
PRJ1409,Project Enhanced optimizing parallelism,D011,Completed,868469.49,2966584.19,Medium
PRJ1410,Project Synergistic zero tolerance Graphical User Interface,D002,Completed,215178.13,2118997.63,Critical
PRJ1411,Project Distributed mobile forecast,D005,Completed,758867.06,3402201.3,Medium
PRJ1412,Project Streamlined zero tolerance ability,D006,Completed,581339.75,3948647.04,High
PRJ1413,Project Ameliorated regional structure,D010,Completed,884886.62,112726.33,Low
PRJ1414,Project Future-proofed scalable parallelism,D003,Cancelled,465095.94,89481.33,Medium
PRJ1415,Project Organized client-server toolset,D003,Planning,963406.9,4919591.38,Low
PRJ1416,Project Total zero-defect support,D014,Planning,845709.52,4579686.16,Low
PRJ1417,Project Exclusive background contingency,D014,Completed,546072.87,64777.23,Low
PRJ1418,Project Robust global adapter,D019,Completed,256602.65,3293584.3,Low
PRJ1419,Project Synergized heuristic productivity,D009,In Progress,66878.48,3976120.19,Critical
PRJ1420,Project Diverse uniform implementation,D013,In Progress,348216.9,290485.12,Low
PRJ1421,Project Stand-alone grid-enabled methodology,D013,In Progress,568882.6,296625.23,Low
PRJ1422,Project Proactive stable secured line,D017,Completed,914214.83,1634041.85,Critical
PRJ1423,Project Seamless incremental emulation,D013,In Progress,532705.59,3072955.45,Critical
PRJ1424,Project Future-proofed foreground forecast,D018,Completed,994147.55,4092904.0,Medium
PRJ1425,Project Polarized well-modulated secured line,D015,In Progress,658043.65,3224207.23,Low
PRJ1426,Project Quality-focused stable definition,D012,Completed,681206.32,3384440.56,Critical
PRJ1427,Project Ergonomic analyzing moderator,D001,Completed,13119.45,1516543.1,High
PRJ1428,Project Grass-roots tangible Graphic Interface,D011,Completed,987756.61,1226892.9,Medium
PRJ1429,Project Re-engineered upward-trending architecture,D010,Cancelled,284235.29,3595763.03,Medium
PRJ1430,Project Team-oriented bottom-line task-force,D011,In Progress,662149.23,2088378.92,Critical
PRJ1431,Project Right-sized solution-oriented extranet,D011,Completed,450191.66,2201240.67,Low
PRJ1432,Project Object-based solution-oriented encoding,D002,Completed,729922.33,845783.74,Low
PRJ1433,Project Stand-alone national approach,D016,Completed,755739.57,1301814.57,Critical
PRJ1434,Project Versatile fault-tolerant monitoring,D001,In Progress,341513.13,4679547.73,High
PRJ1435,Project Innovative non-volatile middleware,D011,In Progress,765421.93,2000263.48,High
PRJ1436,Project Ameliorated context-sensitive interface,D015,Completed,297934.78,1307933.72,Critical
PRJ1437,Project Enterprise-wide solution-oriented Graphical User Interface,D007,Completed,109726.54,279332.08,High
PRJ1438,Project Seamless composite solution,D017,Completed,470602.06,2771426.82,Medium
PRJ1439,Project Adaptive grid-enabled hierarchy,D008,Completed,884667.29,2619737.42,Medium
PRJ1440,Project Self-enabling maximized hub,D017,In Progress,532909.56,1462175.14,Low
PRJ1441,Project Multi-layered non-volatile instruction set,D001,In Progress,142414.67,804045.73,Critical
PRJ1442,Project Networked fault-tolerant Graphical User Interface,D005,In Progress,184880.85,1249556.88,Low
PRJ1443,Project Visionary client-driven workforce,D007,Planning,827631.03,207727.59,Low
PRJ1444,Project Multi-layered bandwidth-monitored middleware,D001,Completed,746747.75,4976743.55,Medium
PRJ1445,Project User-friendly tangible hierarchy,D019,Planning,989801.09,1662403.81,Low
PRJ1446,Project Multi-lateral directional support,D015,In Progress,531371.04,4037619.02,Low
PRJ1447,Project Advanced discrete neural-net,D017,In Progress,480467.08,1711276.53,Low
PRJ1448,Project Total responsive capability,D010,Planning,493406.23,4215987.24,Low
PRJ1449,Project Profit-focused asymmetric Local Area Network,D016,Completed,935116.14,957545.28,Critical
PRJ1450,Project Face-to-face intermediate emulation,D009,Planning,825421.23,226392.94,Medium
PRJ1451,Project Implemented demand-driven array,D001,Completed,658837.42,2106489.4,High
PRJ1452,Project Cross-group modular array,D013,In Progress,921137.14,3455104.88,Critical
PRJ1453,Project Reactive modular structure,D006,Cancelled,246411.59,2916146.31,High
PRJ1454,Project Universal heuristic database,D015,Completed,238849.58,691646.81,Critical
PRJ1455,Project Re-engineered neutral system engine,D007,In Progress,132815.27,4085019.39,Critical
PRJ1456,Project Function-based zero administration secured line,D005,Completed,955743.85,4854684.02,High
PRJ1457,Project Diverse global groupware,D018,Completed,643886.96,143018.5,Critical
PRJ1458,Project Enhanced leadingedge knowledge user,D007,Completed,597813.5,211754.61,Critical
PRJ1459,Project Managed client-server collaboration,D011,Completed,557075.8,2903883.99,Critical
PRJ1460,Project Progressive secondary productivity,D013,In Progress,583572.67,2771165.07,Low
PRJ1461,Project Multi-channeled actuating utilization,D007,In Progress,556680.41,3829560.6,Critical
PRJ1462,Project Upgradable coherent projection,D011,Completed,889471.08,765235.51,Critical
PRJ1463,Project Sharable bandwidth-monitored superstructure,D017,Completed,863934.22,606436.09,Medium
PRJ1464,Project Phased demand-driven circuit,D007,Cancelled,951767.07,4134550.48,Low
PRJ1465,Project Innovative optimal Graphical User Interface,D009,Completed,145928.66,3339582.5,Medium
PRJ1466,Project Inverse homogeneous superstructure,D010,Planning,769596.91,1283453.28,Critical
PRJ1467,Project Right-sized actuating hub,D013,Completed,401930.58,81485.61,Critical
PRJ1468,Project Synchronized reciprocal Internet solution,D011,Completed,791827.51,2636152.39,High
PRJ1469,Project Advanced 24hour hierarchy,D014,Planning,799059.58,3921310.54,Critical
PRJ1470,Project Public-key high-level project,D008,In Progress,431623.4,563643.11,Critical
PRJ1471,Project Polarized directional leverage,D002,In Progress,684899.36,4458836.84,Critical
PRJ1472,Project Enhanced asynchronous open architecture,D004,Completed,716265.38,4009442.14,Critical
PRJ1473,Project Versatile stable database,D005,In Progress,33187.81,897926.05,Low
PRJ1474,Project Progressive hybrid model,D019,Cancelled,907909.67,1496203.14,Medium
PRJ1475,Project Universal contextually-based database,D013,Completed,175177.13,1505363.71,Medium
PRJ1476,Project Multi-tiered solution-oriented intranet,D018,Completed,358812.05,442593.85,Medium
PRJ1477,Project Fully-configurable cohesive encryption,D007,Cancelled,450477.91,363256.27,Critical
PRJ1478,Project Seamless empowering emulation,D019,In Progress,403017.48,2325198.53,Medium
PRJ1479,Project Intuitive executive conglomeration,D019,Completed,103713.3,3183070.03,High
PRJ1480,Project User-centric holistic workforce,D014,In Progress,722805.71,995405.47,Medium
PRJ1481,Project Proactive scalable workforce,D013,Completed,144740.02,1657659.65,High
PRJ1482,Project Open-architected grid-enabled concept,D002,In Progress,924814.29,649040.89,Critical
PRJ1483,Project Stand-alone hybrid model,D001,Completed,749827.07,4573410.87,Low
PRJ1484,Project Seamless interactive project,D003,Completed,810475.72,325389.28,Critical
PRJ1485,Project Decentralized bi-directional throughput,D004,Completed,554183.42,431485.03,High
PRJ1486,Project Balanced value-added framework,D002,Completed,889321.54,4989079.59,High
PRJ1487,Project Front-line bi-directional open architecture,D008,Completed,604955.53,2228489.62,Medium
PRJ1488,Project Down-sized real-time frame,D020,Planning,110469.69,4206012.16,Medium
PRJ1489,Project Inverse mobile forecast,D004,In Progress,978537.64,1802574.56,Critical
PRJ1490,Project Intuitive motivating forecast,D006,Completed,682225.92,4130154.65,Low
PRJ1491,Project Self-enabling real-time superstructure,D017,Completed,573621.55,2308848.0,Low
PRJ1492,Project Fully-configurable coherent hub,D013,In Progress,578103.26,1862018.53,High
PRJ1493,Project Self-enabling logistical complexity,D007,In Progress,373654.4,3186972.91,High
PRJ1494,Project User-friendly bottom-line Graphic Interface,D018,In Progress,548533.06,4233468.64,Critical
PRJ1495,Project Mandatory bottom-line open system,D017,Completed,962568.28,4462595.98,Low
PRJ1496,Project Robust methodical algorithm,D007,Completed,643898.74,1458121.47,Medium
PRJ1497,Project Customizable dedicated data-warehouse,D016,Cancelled,951978.52,4239049.33,Low
PRJ1498,Project Synergistic maximized solution,D015,Completed,714897.79,3256604.78,High
PRJ1499,Project Focused next generation circuit,D015,Completed,721539.55,3936512.53,Critical
PRJ1500,Project Realigned fault-tolerant firmware,D014,In Progress,788265.61,3814128.66,Medium
PRJ1501,Project Persistent static core,D009,Completed,254786.69,1027862.03,Medium
PRJ1502,Project Multi-layered empowering superstructure,D014,Completed,103613.49,3830212.41,Low
PRJ1503,Project Digitized systemic capability,D003,Completed,338452.56,1114805.11,Medium
PRJ1504,Project Innovative neutral algorithm,D004,Planning,849605.46,4646022.8,High
PRJ1505,Project Adaptive dedicated open system,D014,In Progress,846551.42,4435812.19,Critical
PRJ1506,Project Enhanced intangible success,D014,Completed,184709.25,2004064.08,Low
PRJ1507,Project Right-sized 4thgeneration interface,D001,Completed,459611.69,2633845.31,Medium
PRJ1508,Project Triple-buffered uniform portal,D014,In Progress,206915.62,1760546.19,Critical
PRJ1509,Project Focused regional database,D006,In Progress,366624.39,4171136.26,Critical
PRJ1510,Project Synergistic directional knowledgebase,D011,In Progress,41269.23,854336.23,High
PRJ1511,Project Innovative dynamic budgetary management,D009,Completed,212728.45,753999.39,Medium
PRJ1512,Project Persevering directional software,D016,Planning,306461.81,1442431.98,Medium
PRJ1513,Project Object-based zero administration benchmark,D004,Completed,189129.02,561364.88,Medium
PRJ1514,Project User-centric human-resource attitude,D011,Completed,763263.16,321817.26,Low
PRJ1515,Project Multi-tiered 4thgeneration knowledgebase,D001,Planning,90135.11,768101.13,Critical
PRJ1516,Project Secured motivating capability,D013,Completed,265555.52,2830793.46,Medium
PRJ1517,Project Multi-lateral 24hour orchestration,D012,Completed,630966.72,1706406.68,Medium
PRJ1518,Project Organic optimizing time-frame,D006,Completed,529100.47,2381128.04,High
PRJ1519,Project Re-engineered interactive info-mediaries,D009,Completed,589907.7,3235918.25,Critical
PRJ1520,Project Multi-layered eco-centric framework,D007,Completed,749646.07,1834822.69,Low
PRJ1521,Project Proactive reciprocal strategy,D014,In Progress,393307.59,4051064.87,Critical
PRJ1522,Project Compatible zero tolerance structure,D002,Completed,900027.08,3974289.21,Medium
PRJ1523,Project Fundamental explicit knowledge user,D012,In Progress,874344.71,1098665.57,Medium
PRJ1524,Project Re-contextualized actuating help-desk,D013,Completed,619482.07,2268553.46,Medium
PRJ1525,Project Re-contextualized multi-tasking approach,D018,Completed,116805.78,2540003.78,High
PRJ1526,Project Organic multimedia architecture,D006,Planning,271612.5,917548.81,Low
PRJ1527,Project Realigned client-driven encoding,D001,In Progress,190468.56,4335917.78,High
PRJ1528,Project Focused web-enabled productivity,D004,Planning,478238.51,4781722.49,Medium
PRJ1529,Project Face-to-face exuding circuit,D001,Completed,582256.66,2528533.31,Medium
PRJ1530,Project Organized real-time open system,D018,Completed,880406.51,2518031.32,Critical
PRJ1531,Project Visionary heuristic info-mediaries,D016,In Progress,218529.49,3536773.3,Low
PRJ1532,Project Extended multimedia product,D001,Planning,662778.53,1286860.19,High
PRJ1533,Project Focused bottom-line data-warehouse,D017,In Progress,788250.79,1026500.34,Low
PRJ1534,Project Visionary clear-thinking process improvement,D002,Completed,710665.41,2187540.85,Medium
PRJ1535,Project Function-based next generation superstructure,D017,In Progress,781605.22,2452339.8,Critical
PRJ1536,Project Horizontal next generation conglomeration,D012,Planning,399324.63,720692.89,Critical
PRJ1537,Project Sharable regional support,D020,Completed,10456.86,437049.82,Critical
PRJ1538,Project Team-oriented incremental website,D007,Completed,543153.92,1977115.45,Medium
PRJ1539,Project Operative bi-directional budgetary management,D017,In Progress,28965.9,820831.65,High
PRJ1540,Project Inverse dedicated approach,D017,In Progress,260875.35,1953378.81,Medium
PRJ1541,Project Ameliorated analyzing frame,D016,Completed,946180.52,4979105.64,High
PRJ1542,Project Intuitive intermediate analyzer,D002,In Progress,640401.95,616986.23,Low
PRJ1543,Project Universal discrete model,D012,Completed,373584.32,3906326.16,High
PRJ1544,Project Extended grid-enabled paradigm,D002,Completed,310418.63,1598637.76,Low
PRJ1545,Project Profound full-range synergy,D019,Completed,724442.3,2573879.56,Critical
PRJ1546,Project Sharable mobile forecast,D017,Completed,335170.23,3550660.9,High
PRJ1547,Project Switchable background migration,D010,Completed,446777.01,629304.02,Low
PRJ1548,Project Pre-emptive systematic definition,D009,Completed,811722.62,2949371.19,Critical
PRJ1549,Project Integrated object-oriented support,D004,Completed,116328.78,643095.59,Low
PRJ1550,Project Cross-platform even-keeled flexibility,D019,Completed,324869.72,774188.41,Low
PRJ1551,Project Intuitive discrete monitoring,D005,In Progress,483181.29,1892012.94,Medium
PRJ1552,Project Enterprise-wide zero administration moderator,D005,Planning,36460.89,319578.97,Medium
PRJ1553,Project Distributed discrete matrices,D019,Planning,920720.66,3445592.22,High
PRJ1554,Project Intuitive zero-defect budgetary management,D018,In Progress,632640.17,4761541.48,Medium
PRJ1555,Project Virtual human-resource migration,D008,Completed,624307.27,4517248.72,Medium
PRJ1556,Project Devolved global focus group,D004,In Progress,333917.82,3954686.7,High
PRJ1557,Project Distributed motivating function,D008,In Progress,665782.07,3014035.7,High
PRJ1558,Project Enterprise-wide client-driven migration,D001,In Progress,697114.93,2573384.6,High
PRJ1559,Project Face-to-face clear-thinking instruction set,D017,Completed,687166.68,656230.45,High
PRJ1560,Project Re-engineered human-resource adapter,D003,Completed,479375.75,3198022.79,Medium
PRJ1561,Project Digitized needs-based migration,D013,Completed,327058.59,4574879.23,Critical
PRJ1562,Project Centralized optimizing focus group,D017,Completed,117635.59,3254077.53,High
PRJ1563,Project Enterprise-wide 5thgeneration pricing structure,D002,Completed,437783.8,1392129.24,Low
PRJ1564,Project Progressive fault-tolerant strategy,D005,Completed,237232.57,493215.34,Critical
PRJ1565,Project Focused multimedia info-mediaries,D004,Planning,170394.6,2568626.67,Critical
PRJ1566,Project Profound client-server encryption,D006,In Progress,721954.21,3712717.06,High
PRJ1567,Project Down-sized mobile project,D004,In Progress,523636.95,1402978.12,High
PRJ1568,Project Profound radical challenge,D014,In Progress,388380.24,2489370.85,Medium
PRJ1569,Project Future-proofed hybrid encryption,D018,In Progress,279960.86,1088252.25,Critical
PRJ1570,Project Advanced homogeneous artificial intelligence,D010,Completed,517596.86,2775511.9,Critical
PRJ1571,Project Decentralized stable open system,D005,Completed,625447.38,3214140.91,High
PRJ1572,Project Right-sized dynamic circuit,D004,Completed,490527.84,233430.01,Medium
PRJ1573,Project Fundamental actuating adapter,D019,In Progress,92155.8,1728042.08,Low
PRJ1574,Project Self-enabling disintermediate core,D012,Completed,201856.45,2678019.93,Low
PRJ1575,Project Upgradable 5thgeneration service-desk,D005,In Progress,306895.43,3886373.45,High
PRJ1576,Project Cross-platform didactic matrices,D014,Completed,167363.8,1457315.37,High
PRJ1577,Project Phased full-range definition,D006,Completed,987922.61,363606.46,Low
PRJ1578,Project Multi-channeled well-modulated conglomeration,D014,In Progress,532210.73,719209.02,Low
PRJ1579,Project Cloned coherent conglomeration,D014,Planning,84156.97,755216.51,High
PRJ1580,Project Switchable 24/7 open system,D015,In Progress,856570.06,2288205.72,Medium
PRJ1581,Project Synergized zero administration portal,D016,Completed,153124.51,3416192.24,Medium
PRJ1582,Project Distributed scalable concept,D016,In Progress,971242.1,223827.25,Medium
PRJ1583,Project Virtual national core,D011,Completed,361290.5,4829411.64,Critical
PRJ1584,Project Open-architected local support,D015,In Progress,543356.94,3670953.44,High
PRJ1585,Project Reverse-engineered human-resource installation,D010,Completed,98515.42,3859972.11,High
PRJ1586,Project Compatible multi-tasking emulation,D005,Completed,421171.13,820763.62,Low
PRJ1587,Project Operative dedicated alliance,D020,Completed,459022.89,437741.65,High
PRJ1588,Project Ergonomic explicit Local Area Network,D001,Planning,312246.27,4838180.93,High
PRJ1589,Project Triple-buffered contextually-based time-frame,D020,Planning,388737.85,3992174.25,Medium
PRJ1590,Project De-engineered tertiary functionalities,D014,In Progress,928780.91,4787666.07,Low
PRJ1591,Project Integrated fresh-thinking groupware,D003,In Progress,621839.82,3614451.13,Low
PRJ1592,Project Organic neutral secured line,D015,In Progress,43691.58,2960071.83,Medium
PRJ1593,Project Inverse fresh-thinking neural-net,D013,In Progress,504541.13,4257358.61,Low
PRJ1594,Project Open-architected zero-defect standardization,D005,Completed,491830.67,4444617.83,Low
PRJ1595,Project Centralized logistical migration,D020,Completed,607934.8,4390916.54,Low
PRJ1596,Project Integrated methodical implementation,D010,In Progress,454685.46,1195409.33,Medium
PRJ1597,Project Synergized uniform contingency,D017,In Progress,681659.15,2886041.52,High
PRJ1598,Project Re-contextualized multimedia frame,D011,In Progress,932537.58,3391243.71,High
PRJ1599,Project Progressive zero-defect adapter,D014,Completed,348400.05,2858097.43,Low
PRJ1600,Project Networked composite paradigm,D006,In Progress,415492.98,1475387.14,Medium
PRJ1601,Project Sharable neutral monitoring,D004,Planning,713100.21,124762.66,Critical
PRJ1602,Project Total homogeneous concept,D015,In Progress,346394.88,2229654.87,Medium
PRJ1603,Project Virtual next generation support,D018,Completed,813837.17,4365529.97,Medium
PRJ1604,Project Intuitive 24/7 architecture,D017,In Progress,374278.62,4215720.15,Medium
PRJ1605,Project Monitored stable methodology,D016,In Progress,437347.94,1476730.34,Critical
PRJ1606,Project Advanced zero-defect matrices,D004,Planning,440726.3,1065694.02,Critical
PRJ1607,Project Reactive neutral methodology,D012,Completed,836272.7,1787367.12,Medium
PRJ1608,Project Synergistic coherent support,D016,Completed,126725.56,1996224.37,High
PRJ1609,Project Seamless client-server moderator,D008,Completed,329498.54,658844.96,High
PRJ1610,Project Pre-emptive next generation artificial intelligence,D019,Completed,465988.74,2119682.73,Low
PRJ1611,Project Multi-layered zero administration hardware,D003,Completed,83945.88,2867562.31,Medium
PRJ1612,Project Virtual empowering functionalities,D020,Completed,749819.86,4770736.11,Low
PRJ1613,Project Synergized client-server budgetary management,D008,In Progress,575031.4,2667646.09,Critical
PRJ1614,Project Vision-oriented 5thgeneration array,D007,In Progress,629371.11,1768648.88,Critical
PRJ1615,Project Ameliorated dynamic moratorium,D016,Completed,974687.15,3804014.16,Medium
PRJ1616,Project Synchronized multimedia Local Area Network,D005,Completed,127172.68,1849176.24,Critical
PRJ1617,Project Realigned bifurcated protocol,D016,Completed,223097.3,796858.87,Low
PRJ1618,Project Quality-focused reciprocal concept,D003,Completed,103804.49,2518074.95,Low
PRJ1619,Project Devolved 4thgeneration support,D013,Cancelled,152089.71,3069313.1,Critical
PRJ1620,Project Reverse-engineered homogeneous task-force,D009,Completed,428507.33,4812473.57,High
PRJ1621,Project Right-sized human-resource success,D009,Completed,54695.94,3512438.13,High
PRJ1622,Project Future-proofed hybrid strategy,D005,Completed,169657.14,1866562.21,Critical
PRJ1623,Project Realigned non-volatile help-desk,D004,In Progress,126585.38,2709649.74,High
PRJ1624,Project Up-sized system-worthy architecture,D020,Completed,529456.92,2503130.16,Low
PRJ1625,Project Synchronized systemic encryption,D006,Completed,503100.62,4057006.34,Low
PRJ1626,Project Robust contextually-based leverage,D005,Completed,547888.47,4101777.92,High
PRJ1627,Project Intuitive modular pricing structure,D008,Completed,31468.13,348751.84,Medium
PRJ1628,Project Configurable fault-tolerant secured line,D012,Completed,868194.16,166562.58,Medium
PRJ1629,Project Object-based demand-driven instruction set,D019,Completed,499072.14,3192792.16,High
PRJ1630,Project Progressive bottom-line website,D016,Completed,232662.57,865248.87,High
PRJ1631,Project Seamless mobile installation,D020,In Progress,331760.67,941770.06,Low
PRJ1632,Project Synchronized context-sensitive middleware,D001,Completed,939662.22,4679159.76,Critical
PRJ1633,Project Automated explicit alliance,D013,In Progress,734391.29,2898138.46,High
PRJ1634,Project Compatible multi-tasking support,D009,In Progress,963314.87,67066.8,High
PRJ1635,Project Re-contextualized foreground projection,D009,In Progress,328529.02,202794.96,Critical
PRJ1636,Project Sharable asynchronous benchmark,D009,In Progress,439991.97,4227603.67,Medium
PRJ1637,Project Assimilated modular secured line,D013,Planning,767025.4,2948116.92,Critical
PRJ1638,Project Expanded zero administration core,D018,Planning,589601.73,2575836.75,High
PRJ1639,Project Phased human-resource projection,D012,In Progress,164999.0,4034133.49,Medium
PRJ1640,Project Progressive reciprocal function,D002,Planning,955248.35,4831987.54,Critical
PRJ1641,Project Implemented intangible policy,D019,Completed,128003.58,92211.1,High
PRJ1642,Project Innovative zero-defect function,D008,Completed,221220.2,3101555.37,Low
PRJ1643,Project Programmable high-level help-desk,D013,Completed,409569.05,3816640.1,High
PRJ1644,Project Optimized 6thgeneration infrastructure,D008,Completed,424797.1,2925909.12,Low
PRJ1645,Project Phased optimizing data-warehouse,D005,Planning,387368.24,4059089.02,High
PRJ1646,Project Proactive fault-tolerant infrastructure,D012,Completed,708057.93,3400227.83,High
PRJ1647,Project Secured real-time customer loyalty,D009,In Progress,343273.22,1889955.14,Low
PRJ1648,Project Implemented user-facing application,D003,Completed,267718.6,2378330.44,Critical
PRJ1649,Project Cross-platform mobile data-warehouse,D017,In Progress,670574.7,867334.74,High
PRJ1650,Project Versatile user-facing focus group,D010,In Progress,592576.33,3781658.38,Medium
PRJ1651,Project Persevering impactful contingency,D008,Planning,156924.72,2148186.74,High
PRJ1652,Project Advanced grid-enabled task-force,D011,In Progress,610125.04,102303.43,Critical
PRJ1653,Project Enhanced eco-centric Internet solution,D014,In Progress,577526.6,4356688.16,High
PRJ1654,Project Synchronized regional functionalities,D005,Completed,510576.95,2961600.74,Critical
PRJ1655,Project Focused intermediate contingency,D003,Completed,980724.98,3317471.52,High
PRJ1656,Project Horizontal zero-defect system engine,D009,In Progress,30795.94,359485.5,Low
PRJ1657,Project Object-based national website,D006,Completed,311161.62,3175285.6,High
PRJ1658,Project Open-source empowering toolset,D018,Completed,986341.15,4303369.65,Medium
PRJ1659,Project Organic secondary function,D012,In Progress,212611.66,2159352.16,High
PRJ1660,Project Grass-roots asynchronous project,D002,In Progress,71846.68,2328527.29,Medium
PRJ1661,Project Visionary bandwidth-monitored capacity,D014,Cancelled,925008.99,4095151.14,Low
PRJ1662,Project Proactive context-sensitive artificial intelligence,D001,Cancelled,993280.9,2985261.04,Low
PRJ1663,Project Multi-lateral disintermediate productivity,D003,Completed,136816.97,59207.15,Critical
PRJ1664,Project Right-sized client-driven support,D020,Completed,833135.43,320040.83,Critical
PRJ1665,Project Open-architected cohesive access,D003,Completed,922231.31,4578341.36,Critical
PRJ1666,Project Fundamental encompassing help-desk,D001,Planning,618413.16,2302551.3,Medium
PRJ1667,Project Inverse secondary capacity,D011,Cancelled,88396.95,2006478.69,Critical
PRJ1668,Project Horizontal exuding middleware,D003,In Progress,944804.75,2951240.55,Critical
PRJ1669,Project Exclusive incremental groupware,D004,In Progress,44007.13,3095193.78,Medium
PRJ1670,Project Operative exuding ability,D007,In Progress,488467.7,3581228.78,Critical
PRJ1671,Project Re-contextualized encompassing matrix,D006,Planning,340108.68,2087961.95,Low
PRJ1672,Project Horizontal radical instruction set,D005,Completed,235465.93,4602396.09,Medium
PRJ1673,Project Optimized high-level firmware,D009,Completed,190604.95,4123313.56,Medium
PRJ1674,Project Implemented intermediate Graphic Interface,D005,Completed,783048.73,2565851.16,High
PRJ1675,Project Compatible homogeneous hardware,D005,Completed,393206.42,2340780.44,Medium
PRJ1676,Project Multi-layered responsive success,D007,In Progress,586035.08,3178933.9,Medium
PRJ1677,Project Function-based homogeneous firmware,D018,Completed,43804.54,864808.29,High
PRJ1678,Project Front-line fault-tolerant array,D012,Cancelled,172629.64,1853721.8,Critical
PRJ1679,Project Organized 4thgeneration core,D013,Completed,191378.08,3765680.66,Low
PRJ1680,Project Implemented scalable system engine,D016,Completed,201471.13,2217506.94,Medium
PRJ1681,Project Vision-oriented maximized data-warehouse,D007,Completed,682201.86,4618472.65,Medium
PRJ1682,Project Function-based optimizing migration,D001,In Progress,45159.9,1302977.71,High
PRJ1683,Project Versatile next generation algorithm,D001,Planning,867006.4,3897299.57,Medium
PRJ1684,Project Re-contextualized intangible circuit,D006,Completed,388112.48,973103.6,Low
PRJ1685,Project Stand-alone zero tolerance leverage,D009,Completed,377279.38,3626340.74,Low
PRJ1686,Project Organized systemic customer loyalty,D003,In Progress,704872.98,52907.35,Medium
PRJ1687,Project Ameliorated exuding array,D004,Cancelled,651854.43,4651403.99,Low
PRJ1688,Project Innovative dynamic structure,D005,In Progress,848848.17,629184.8,Low
PRJ1689,Project Compatible 24/7 help-desk,D018,Completed,919810.05,2900794.37,Critical
PRJ1690,Project User-friendly tangible project,D011,Completed,313109.8,2620112.17,Medium
PRJ1691,Project Profound fresh-thinking alliance,D015,Completed,918472.0,699137.16,Medium
PRJ1692,Project User-friendly exuding workforce,D007,In Progress,767003.4,2517254.9,High
PRJ1693,Project Customer-focused demand-driven architecture,D003,Completed,142481.88,4085308.17,Low
PRJ1694,Project Adaptive empowering adapter,D017,In Progress,96504.91,4877199.59,Medium
PRJ1695,Project Business-focused leadingedge protocol,D013,Planning,443145.57,3403021.36,Low
PRJ1696,Project Self-enabling cohesive open architecture,D004,Completed,797744.54,2717977.24,Low
PRJ1697,Project Seamless hybrid middleware,D009,Planning,201635.67,4193134.19,Medium
PRJ1698,Project Reverse-engineered full-range initiative,D008,Planning,93636.32,2005620.93,High
PRJ1699,Project User-friendly directional concept,D004,In Progress,460400.98,435995.08,Critical
PRJ1700,Project Extended zero-defect groupware,D002,Completed,820044.78,1661490.38,High
PRJ1701,Project Optional holistic core,D001,Completed,997506.26,688400.55,High
PRJ1702,Project Stand-alone optimizing emulation,D016,In Progress,796090.21,3637399.74,Critical
PRJ1703,Project Stand-alone bandwidth-monitored protocol,D011,Completed,531009.7,678666.24,Critical
PRJ1704,Project Team-oriented modular software,D008,Completed,684866.65,753047.33,Medium
PRJ1705,Project Profound fault-tolerant Internet solution,D005,In Progress,391988.37,4593689.29,Medium
PRJ1706,Project Re-engineered secondary Graphical User Interface,D012,In Progress,27741.41,1551258.87,Low
PRJ1707,Project Enterprise-wide system-worthy circuit,D019,Planning,736393.08,3649430.08,Critical
PRJ1708,Project Object-based reciprocal open architecture,D003,In Progress,659865.12,2346123.23,Low
PRJ1709,Project Quality-focused secondary artificial intelligence,D020,Completed,187749.75,600772.85,High
PRJ1710,Project Networked transitional toolset,D004,Completed,407526.86,2145352.68,Low
PRJ1711,Project Proactive grid-enabled customer loyalty,D016,Cancelled,691027.22,4729740.16,High
PRJ1712,Project Balanced grid-enabled parallelism,D013,Completed,14197.27,4871423.3,Medium
PRJ1713,Project Ameliorated system-worthy process improvement,D005,Planning,848243.55,1025110.03,Critical
PRJ1714,Project Multi-tiered zero-defect emulation,D009,In Progress,753218.72,1448168.77,Low
PRJ1715,Project Ergonomic coherent task-force,D009,In Progress,232527.53,4321446.67,Low
PRJ1716,Project Assimilated stable groupware,D014,In Progress,596216.76,1555629.37,Medium
PRJ1717,Project Triple-buffered 24/7 parallelism,D018,Completed,162830.35,3378591.51,High
PRJ1718,Project Function-based actuating workforce,D012,Completed,258952.39,3747680.3,High
PRJ1719,Project Triple-buffered bi-directional product,D016,Completed,15290.97,3041974.39,Critical
PRJ1720,Project Multi-layered systemic ability,D002,Completed,792797.5,2890476.58,Low
PRJ1721,Project Reverse-engineered multimedia database,D008,Completed,497320.82,4901045.92,High
PRJ1722,Project Future-proofed mobile policy,D003,Completed,464915.22,4136583.6,Low
PRJ1723,Project Enterprise-wide reciprocal interface,D008,Completed,821849.36,859455.53,High
PRJ1724,Project Vision-oriented asynchronous monitoring,D007,In Progress,894482.57,3172044.48,Medium
PRJ1725,Project Distributed 5thgeneration structure,D017,Completed,891249.81,4246659.63,Low
PRJ1726,Project Progressive radical productivity,D009,Completed,199101.59,4926816.97,High
PRJ1727,Project Front-line needs-based matrices,D018,Completed,704882.51,4829709.43,High
PRJ1728,Project Reduced hybrid neural-net,D002,Completed,95593.86,348598.54,Medium
PRJ1729,Project Polarized actuating service-desk,D002,In Progress,484794.24,3798221.11,Low
PRJ1730,Project Managed eco-centric artificial intelligence,D011,Completed,898745.1,1273869.78,Medium
PRJ1731,Project Persevering mission-critical productivity,D020,In Progress,286451.57,3571688.01,Medium
PRJ1732,Project Assimilated system-worthy focus group,D004,Completed,590439.89,4060494.78,Critical
PRJ1733,Project Fully-configurable encompassing flexibility,D004,In Progress,293072.21,2831166.29,High
PRJ1734,Project Horizontal 6thgeneration complexity,D008,Planning,345524.38,4646136.03,Low
PRJ1735,Project Enterprise-wide tangible neural-net,D014,Completed,501704.8,2291258.15,Low
PRJ1736,Project Stand-alone 5thgeneration help-desk,D009,Completed,411363.34,4522253.96,Medium
PRJ1737,Project Right-sized demand-driven toolset,D005,Planning,134866.33,1785052.04,Medium
PRJ1738,Project Distributed systematic Internet solution,D008,Planning,818465.94,873752.84,Low
PRJ1739,Project Distributed tangible complexity,D020,Planning,79884.65,623095.28,Critical
PRJ1740,Project Re-contextualized background project,D013,Completed,418599.81,1228314.33,High
PRJ1741,Project Assimilated incremental synergy,D008,Completed,957280.62,2175045.57,Low
PRJ1742,Project Cloned national database,D001,In Progress,520384.57,751512.09,Low
PRJ1743,Project Persevering grid-enabled analyzer,D011,Completed,937279.93,1306902.97,Low
PRJ1744,Project Public-key coherent adapter,D012,Completed,138959.92,1783119.87,High
PRJ1745,Project Switchable zero-defect leverage,D007,Completed,519993.69,3874471.89,Low
PRJ1746,Project Polarized stable encoding,D004,Completed,192682.22,2517862.45,Low
PRJ1747,Project Total secondary capacity,D004,Planning,946870.83,2057733.09,Medium
PRJ1748,Project Cloned even-keeled protocol,D011,In Progress,793354.49,2885529.94,Critical
PRJ1749,Project Focused multimedia model,D008,In Progress,624895.87,3352544.63,High
PRJ1750,Project Down-sized coherent architecture,D016,In Progress,50601.47,2739041.74,Low
PRJ1751,Project Versatile tertiary policy,D010,Completed,671830.72,4861459.54,Low
PRJ1752,Project Seamless modular capacity,D013,Cancelled,734739.68,586865.15,Medium
PRJ1753,Project Re-contextualized client-server challenge,D020,Completed,965182.81,1895118.5,Critical
PRJ1754,Project Right-sized intermediate archive,D009,Cancelled,45877.65,1585250.94,Medium
PRJ1755,Project Pre-emptive upward-trending model,D011,Completed,761816.2,3428299.91,Low
PRJ1756,Project Multi-layered bi-directional Graphical User Interface,D011,Completed,930773.4,2567215.47,Medium
PRJ1757,Project Centralized intangible help-desk,D011,In Progress,469835.27,2047004.28,Low
PRJ1758,Project Digitized executive open system,D017,Completed,542808.84,992559.83,Low
PRJ1759,Project Monitored optimal flexibility,D002,Cancelled,39063.26,216033.34,Medium
PRJ1760,Project Diverse tertiary projection,D006,Cancelled,28831.72,1912256.29,Low
PRJ1761,Project Ergonomic full-range circuit,D001,Completed,969187.05,3397183.8,Medium
PRJ1762,Project Self-enabling asymmetric system engine,D010,In Progress,622843.62,2156880.69,Critical
PRJ1763,Project Total asynchronous collaboration,D012,In Progress,331982.47,319921.34,Critical
PRJ1764,Project Organized composite toolset,D005,In Progress,284974.09,936449.07,Medium
PRJ1765,Project Managed background methodology,D011,Completed,970920.43,2493628.76,Critical
PRJ1766,Project Polarized holistic projection,D016,Completed,459805.83,703843.1,Low
PRJ1767,Project Profit-focused even-keeled solution,D020,In Progress,545476.04,125659.31,High
PRJ1768,Project Decentralized optimizing superstructure,D002,In Progress,761461.4,4072366.44,High
PRJ1769,Project Configurable 5thgeneration capability,D019,Completed,288233.25,881718.26,Low
PRJ1770,Project Open-architected neutral customer loyalty,D013,Completed,991552.71,4895741.73,Low
PRJ1771,Project Monitored regional task-force,D001,In Progress,303000.42,4538044.35,Medium
PRJ1772,Project Grass-roots directional archive,D004,Completed,242591.47,2446464.41,Critical
PRJ1773,Project Future-proofed context-sensitive migration,D006,Planning,800619.6,2703383.44,Critical
PRJ1774,Project Polarized intermediate middleware,D020,In Progress,908688.83,3623587.07,Medium
PRJ1775,Project Profound dynamic standardization,D016,Planning,720591.28,518290.48,High
PRJ1776,Project Upgradable upward-trending contingency,D015,Planning,855837.55,3010554.37,High
PRJ1777,Project Front-line dedicated application,D010,Completed,898011.08,162719.7,Low
PRJ1778,Project Customizable homogeneous open architecture,D005,Completed,349507.14,3679572.74,Critical
PRJ1779,Project Versatile 4thgeneration alliance,D010,In Progress,584329.5,1105361.57,High
PRJ1780,Project Managed non-volatile framework,D007,Planning,841800.14,2292434.09,High
PRJ1781,Project Exclusive intermediate archive,D018,Completed,25680.65,4092284.98,Critical
PRJ1782,Project Re-contextualized composite leverage,D010,Completed,877398.69,417616.51,High
PRJ1783,Project Customizable heuristic workforce,D017,In Progress,972587.31,642292.9,High
PRJ1784,Project Cross-group neutral website,D014,In Progress,768219.28,2479584.77,Low
PRJ1785,Project Profit-focused methodical system engine,D012,Completed,927583.89,2773732.44,Medium
PRJ1786,Project Sharable motivating instruction set,D012,Completed,603861.93,4297365.14,Low
PRJ1787,Project Robust client-server neural-net,D013,Completed,175602.24,1851545.05,High
PRJ1788,Project Persevering demand-driven function,D006,In Progress,139366.62,4732326.72,Medium
PRJ1789,Project User-friendly interactive website,D004,Completed,998430.26,2708620.63,Medium
PRJ1790,Project Business-focused disintermediate attitude,D001,Completed,718330.73,3550298.61,Medium
PRJ1791,Project Open-architected high-level Graphical User Interface,D001,Completed,585739.41,499888.5,High
PRJ1792,Project Customizable dynamic standardization,D004,In Progress,328032.67,1698340.74,Low
PRJ1793,Project Front-line bi-directional portal,D014,Completed,820713.59,1361462.24,Low
PRJ1794,Project Reactive explicit system engine,D018,Completed,150883.42,2928399.82,High
PRJ1795,Project Ergonomic optimal secured line,D019,Completed,106623.07,4932720.29,Critical
PRJ1796,Project Monitored context-sensitive functionalities,D005,Cancelled,863970.29,1105535.52,Critical
PRJ1797,Project Enterprise-wide secondary synergy,D003,Completed,795893.57,3493647.2,Critical
PRJ1798,Project Programmable cohesive access,D002,In Progress,277917.64,61580.59,High
PRJ1799,Project Visionary uniform moderator,D017,Completed,414027.44,1838042.3,Critical
PRJ1800,Project Sharable transitional matrix,D011,In Progress,277821.81,4475000.36,Medium
PRJ1801,Project Grass-roots zero administration adapter,D008,In Progress,688028.13,725657.42,Medium
PRJ1802,Project Phased logistical attitude,D010,Completed,169329.81,4501854.23,High
PRJ1803,Project Right-sized zero tolerance moratorium,D010,Completed,169496.39,4483087.13,Low
PRJ1804,Project Horizontal disintermediate benchmark,D003,In Progress,469986.76,1216649.5,Low
PRJ1805,Project Reverse-engineered human-resource paradigm,D009,Planning,965788.79,4767421.19,Critical
PRJ1806,Project Robust responsive analyzer,D016,Planning,447029.66,1564504.33,High
PRJ1807,Project Sharable 24hour knowledge user,D018,Completed,660660.93,667934.63,Critical
PRJ1808,Project Front-line local info-mediaries,D018,In Progress,492599.61,3270954.04,Low
PRJ1809,Project Ergonomic national standardization,D018,Completed,290100.23,219098.07,Critical
PRJ1810,Project Front-line background knowledgebase,D020,In Progress,767251.79,1341548.11,Medium
PRJ1811,Project Grass-roots homogeneous approach,D015,In Progress,956988.45,746112.85,Critical
PRJ1812,Project Optional dedicated policy,D017,Completed,985084.66,4966222.09,Low
PRJ1813,Project Horizontal national frame,D009,In Progress,762963.5,1186261.36,Medium
PRJ1814,Project Visionary neutral moratorium,D001,Cancelled,779158.48,4670630.98,High
PRJ1815,Project Proactive homogeneous portal,D012,Completed,963264.45,1979500.33,Medium
PRJ1816,Project Vision-oriented interactive middleware,D011,Completed,135089.83,953779.49,Medium
PRJ1817,Project Progressive regional website,D003,Planning,356278.27,2805650.36,Critical
PRJ1818,Project Expanded national budgetary management,D010,Completed,456701.76,1429438.11,Critical
PRJ1819,Project Total tangible utilization,D014,Completed,289561.45,1337022.1,Medium
PRJ1820,Project Visionary attitude-oriented hardware,D013,Completed,190032.68,997314.86,Medium
PRJ1821,Project Enhanced empowering secured line,D008,In Progress,588047.45,3308657.36,Low
PRJ1822,Project Upgradable incremental initiative,D019,Completed,878327.22,4596780.28,Medium
PRJ1823,Project Managed bandwidth-monitored workforce,D008,Cancelled,592014.18,4234465.05,Medium
PRJ1824,Project Grass-roots explicit challenge,D005,Completed,629774.89,2569253.25,Medium
PRJ1825,Project Implemented 24hour emulation,D014,Completed,178427.24,3219652.09,High
PRJ1826,Project Persevering context-sensitive portal,D019,Completed,126138.09,1200123.68,Critical
PRJ1827,Project Focused bi-directional middleware,D017,Completed,346492.26,1651586.97,Critical
PRJ1828,Project Persevering intangible encryption,D006,Completed,309782.26,4575336.07,High
PRJ1829,Project Multi-channeled 6thgeneration attitude,D001,Completed,498741.79,4546750.94,Critical
PRJ1830,Project Implemented non-volatile data-warehouse,D020,Completed,917686.55,1995645.23,Medium
PRJ1831,Project Up-sized actuating productivity,D020,Completed,640763.96,2448889.06,Low
PRJ1832,Project Balanced zero tolerance collaboration,D006,Planning,32040.96,3606484.45,Low
PRJ1833,Project Advanced motivating pricing structure,D015,Completed,911619.48,3028112.39,Critical
PRJ1834,Project Progressive even-keeled migration,D020,Completed,689385.08,1373222.4,Medium
PRJ1835,Project Open-source fault-tolerant encoding,D018,In Progress,382723.36,3283535.84,Medium
PRJ1836,Project Implemented upward-trending toolset,D004,Completed,849506.41,2657048.02,Critical
PRJ1837,Project Profound 6thgeneration structure,D013,In Progress,933213.18,2768870.66,Low
PRJ1838,Project Compatible solution-oriented projection,D001,In Progress,685596.15,1821192.47,High
PRJ1839,Project Synchronized mission-critical synergy,D010,Completed,713957.58,4119382.07,Medium
PRJ1840,Project Self-enabling needs-based core,D020,Cancelled,589921.58,4353053.49,Critical
PRJ1841,Project Extended discrete system engine,D010,Completed,881803.6,2436621.98,Critical
PRJ1842,Project Advanced encompassing encryption,D003,Completed,229193.14,4807974.48,Low
PRJ1843,Project Progressive discrete utilization,D017,In Progress,832327.24,1549702.12,Medium
PRJ1844,Project Assimilated solution-oriented contingency,D010,In Progress,823252.0,3020784.83,Critical
PRJ1845,Project Business-focused methodical task-force,D004,Completed,373070.8,4081458.0,Critical
PRJ1846,Project Customer-focused non-volatile workforce,D006,Completed,743454.47,4071989.59,High
PRJ1847,Project Sharable web-enabled info-mediaries,D019,Completed,445383.22,4576313.11,Low
PRJ1848,Project Enhanced didactic encryption,D008,In Progress,19891.47,633871.95,Critical
PRJ1849,Project Multi-layered logistical concept,D005,Completed,75873.11,4546293.25,High
PRJ1850,Project Function-based human-resource portal,D011,In Progress,339963.93,224647.8,Medium
PRJ1851,Project Front-line interactive implementation,D012,Completed,393579.83,245583.17,Critical
PRJ1852,Project Optional system-worthy conglomeration,D003,Completed,619891.3,4064865.56,Low
PRJ1853,Project Face-to-face didactic paradigm,D002,Planning,539150.17,4378286.51,Critical
PRJ1854,Project Networked bi-directional open architecture,D019,Completed,308814.03,2602597.62,High
PRJ1855,Project Optional hybrid collaboration,D005,Completed,798547.84,909551.19,Low
PRJ1856,Project Upgradable zero-defect toolset,D014,Completed,865512.26,3787036.23,Low
PRJ1857,Project Seamless client-driven time-frame,D017,Completed,20331.7,462415.29,Critical
PRJ1858,Project Multi-tiered value-added installation,D018,Planning,665249.02,4590001.01,High
PRJ1859,Project Mandatory eco-centric info-mediaries,D004,In Progress,851566.04,2523260.58,Low
PRJ1860,Project Open-source demand-driven workforce,D010,In Progress,339234.98,4250147.61,Low
PRJ1861,Project Intuitive object-oriented customer loyalty,D007,Completed,147500.8,3626404.73,Medium
PRJ1862,Project Open-architected zero tolerance implementation,D007,Completed,480351.55,528029.53,High
PRJ1863,Project Diverse analyzing benchmark,D005,Planning,996795.07,284782.98,Medium
PRJ1864,Project Cross-platform maximized capacity,D006,Completed,167096.2,4703595.85,Low
PRJ1865,Project Robust high-level function,D019,Completed,889373.96,2360678.72,High
PRJ1866,Project Ameliorated mission-critical pricing structure,D017,In Progress,378408.74,2211690.93,High
PRJ1867,Project Down-sized hybrid flexibility,D011,Completed,998410.99,654423.93,High
PRJ1868,Project Quality-focused cohesive migration,D016,Completed,50528.09,528658.22,Critical
PRJ1869,Project Managed 3rdgeneration system engine,D010,Planning,41235.29,778901.42,Medium
PRJ1870,Project Open-source encompassing knowledge user,D002,Completed,289160.35,3631930.3,Medium
PRJ1871,Project Multi-tiered contextually-based hub,D009,Planning,83999.31,2252220.63,High
PRJ1872,Project Object-based real-time interface,D011,Completed,423052.08,3884355.9,Low
PRJ1873,Project De-engineered non-volatile process improvement,D016,In Progress,836536.36,4853266.32,Critical
PRJ1874,Project Robust object-oriented complexity,D002,Completed,198717.18,2226091.16,Critical
PRJ1875,Project Enterprise-wide contextually-based solution,D004,In Progress,413757.17,4299510.27,Low
PRJ1876,Project Function-based 3rdgeneration website,D017,In Progress,744193.77,2814009.4,Low
PRJ1877,Project Persistent didactic collaboration,D007,Completed,141225.76,4472928.95,High
PRJ1878,Project De-engineered intermediate utilization,D013,Completed,343472.5,2930935.43,Critical
PRJ1879,Project Polarized executive synergy,D007,Completed,130473.75,3837925.92,High
PRJ1880,Project Open-source value-added website,D010,Planning,955180.84,4990274.23,Critical
PRJ1881,Project Expanded national database,D008,Completed,586741.21,4585300.06,High
PRJ1882,Project Operative local model,D004,In Progress,777959.5,4450625.05,High
PRJ1883,Project Streamlined holistic array,D005,Completed,682024.56,2750460.97,High
PRJ1884,Project Cross-group context-sensitive knowledgebase,D013,In Progress,622402.8,2476159.5,High
PRJ1885,Project Seamless 24hour workforce,D008,In Progress,649622.75,911732.21,Medium
PRJ1886,Project Diverse full-range parallelism,D014,In Progress,235994.27,2992490.92,Critical
PRJ1887,Project Re-engineered asynchronous productivity,D014,In Progress,507996.83,2344785.34,Critical
PRJ1888,Project Persevering eco-centric intranet,D014,Completed,215210.07,2109138.98,High
PRJ1889,Project Upgradable upward-trending infrastructure,D002,Completed,662374.68,2084652.1,Critical
PRJ1890,Project Fundamental actuating hierarchy,D002,In Progress,857471.93,4694359.09,High
PRJ1891,Project Future-proofed intangible challenge,D008,In Progress,616486.25,2079132.59,Medium
PRJ1892,Project User-centric static intranet,D011,Completed,588717.73,1956501.24,Medium
PRJ1893,Project Horizontal zero-defect focus group,D013,In Progress,244414.67,569057.31,Critical
PRJ1894,Project Synergistic bifurcated support,D012,Completed,440177.61,550929.02,High
PRJ1895,Project Multi-layered intangible superstructure,D019,In Progress,870479.35,4151017.95,High
PRJ1896,Project Right-sized human-resource analyzer,D016,In Progress,555582.21,2230790.89,Medium
PRJ1897,Project Front-line stable orchestration,D001,In Progress,66232.37,2882870.33,Low
PRJ1898,Project Fundamental well-modulated interface,D006,In Progress,839237.29,4564038.42,Medium
PRJ1899,Project Future-proofed methodical groupware,D012,Planning,498228.96,4402700.98,Critical
PRJ1900,Project Quality-focused coherent middleware,D016,In Progress,75987.91,3195260.23,High
PRJ1901,Project Face-to-face radical neural-net,D009,Completed,792948.95,2153600.37,Critical
PRJ1902,Project Future-proofed stable throughput,D004,In Progress,338743.13,1329079.74,Medium
PRJ1903,Project Object-based bandwidth-monitored structure,D004,In Progress,275192.54,1400522.31,High
PRJ1904,Project Reactive dynamic circuit,D009,Completed,39113.42,292988.25,High
PRJ1905,Project Innovative fresh-thinking concept,D013,Completed,380212.69,2442808.19,Low
PRJ1906,Project Future-proofed optimal capability,D018,Completed,751765.38,280539.83,Low
PRJ1907,Project Balanced local initiative,D016,In Progress,207696.76,3781777.4,Critical
PRJ1908,Project Reactive grid-enabled implementation,D016,Planning,39650.22,2465942.89,Low
PRJ1909,Project Upgradable 3rdgeneration support,D019,Cancelled,593529.16,4626704.77,Critical
PRJ1910,Project Devolved asynchronous open system,D002,Completed,313073.97,1081062.39,Medium
PRJ1911,Project Optimized background attitude,D002,Planning,961330.26,4766113.41,Low
PRJ1912,Project Diverse motivating knowledgebase,D016,Completed,108909.44,570801.02,High
PRJ1913,Project Devolved holistic approach,D017,Planning,557426.31,4987061.57,Medium
PRJ1914,Project Future-proofed 6thgeneration task-force,D016,In Progress,163544.15,3144325.03,High
PRJ1915,Project Diverse optimal hierarchy,D002,Completed,975475.35,2824125.25,Medium
PRJ1916,Project Profound intangible hub,D019,Completed,643801.55,4891237.79,Critical
PRJ1917,Project Function-based homogeneous time-frame,D016,Completed,715852.78,2250050.83,Low
PRJ1918,Project Devolved high-level moderator,D006,Completed,157385.88,113069.04,High
PRJ1919,Project Fundamental modular archive,D006,In Progress,572099.82,471941.32,Critical
PRJ1920,Project Compatible attitude-oriented complexity,D012,Cancelled,349457.88,1228214.54,High
PRJ1921,Project Sharable value-added knowledgebase,D002,In Progress,762730.75,1834731.67,Critical
PRJ1922,Project Robust heuristic knowledge user,D007,Completed,397855.75,1700396.66,High
PRJ1923,Project Public-key attitude-oriented collaboration,D014,Cancelled,808695.66,4240425.8,Critical
PRJ1924,Project Fundamental explicit policy,D005,In Progress,258880.85,207937.15,Low
PRJ1925,Project User-centric explicit approach,D001,Planning,243269.09,2364425.07,High
PRJ1926,Project Re-contextualized actuating success,D002,Completed,635344.51,112990.5,Medium
PRJ1927,Project Versatile scalable benchmark,D004,Completed,569380.03,3858436.0,Medium
PRJ1928,Project Phased global Graphic Interface,D014,Completed,737529.23,1682805.15,Critical
PRJ1929,Project Customer-focused homogeneous benchmark,D009,Completed,132104.9,719335.07,High
PRJ1930,Project Inverse cohesive framework,D008,Completed,302808.43,3979344.31,Medium
PRJ1931,Project Progressive stable hub,D015,Planning,455855.9,2962835.28,High
PRJ1932,Project Reduced web-enabled algorithm,D016,In Progress,813883.89,1140660.98,Critical
PRJ1933,Project Vision-oriented logistical collaboration,D016,Planning,403884.72,2877176.94,Medium
PRJ1934,Project Programmable heuristic workforce,D010,Completed,453884.03,2924822.39,Low
PRJ1935,Project Proactive static instruction set,D002,Completed,655243.28,509086.8,High
PRJ1936,Project Phased analyzing installation,D010,In Progress,695595.34,3598188.03,Critical
PRJ1937,Project Programmable responsive hardware,D002,Planning,341058.37,3885584.39,Critical
PRJ1938,Project Ergonomic dedicated challenge,D010,Cancelled,582183.13,574732.46,Low
PRJ1939,Project Operative web-enabled structure,D008,Planning,662545.1,2711498.69,Low
PRJ1940,Project Synchronized clear-thinking data-warehouse,D013,In Progress,497511.55,3442163.58,Low
PRJ1941,Project Cross-group mobile superstructure,D016,In Progress,800697.9,1580280.34,Low
PRJ1942,Project Optional multimedia monitoring,D002,Completed,390743.23,3875711.47,Medium
PRJ1943,Project Re-engineered non-volatile initiative,D017,Completed,186882.24,3627940.87,High
PRJ1944,Project Persistent neutral success,D005,In Progress,145908.44,3898348.71,Low
PRJ1945,Project Multi-tiered neutral knowledge user,D009,In Progress,566601.42,3267259.86,Medium
PRJ1946,Project Multi-layered bandwidth-monitored standardization,D016,Planning,14440.32,906810.37,Low
PRJ1947,Project Vision-oriented real-time concept,D005,Completed,10085.6,2991534.56,Medium
PRJ1948,Project Vision-oriented value-added open system,D011,Completed,115586.08,3171240.86,Medium
PRJ1949,Project Re-contextualized discrete contingency,D014,Completed,301143.14,1655933.28,Low
PRJ1950,Project Quality-focused bandwidth-monitored groupware,D013,Completed,12632.79,2476953.22,Critical
PRJ1951,Project Exclusive optimal info-mediaries,D019,Completed,304527.57,3586310.81,High
PRJ1952,Project Proactive holistic database,D017,Completed,329789.14,346476.8,High
PRJ1953,Project Re-engineered optimizing standardization,D010,Planning,318080.79,2017271.57,Medium
PRJ1954,Project Multi-channeled contextually-based secured line,D006,In Progress,17287.82,2309844.0,Low
PRJ1955,Project Centralized web-enabled pricing structure,D016,Completed,400003.85,4255914.49,High
PRJ1956,Project Synchronized clear-thinking structure,D005,Completed,232962.14,1012988.55,High
PRJ1957,Project Front-line zero administration groupware,D010,Completed,316022.75,2697293.8,High
PRJ1958,Project Synergistic multimedia database,D015,In Progress,558447.46,944281.49,Critical
PRJ1959,Project Pre-emptive coherent migration,D001,In Progress,725264.35,3561902.26,Low
PRJ1960,Project Optimized contextually-based standardization,D007,In Progress,530586.43,1547905.37,Critical
PRJ1961,Project Robust explicit strategy,D010,Completed,795124.63,436539.35,Critical
PRJ1962,Project Cross-platform intangible workforce,D002,Completed,409428.3,851554.19,Critical
PRJ1963,Project Configurable regional standardization,D016,Completed,474991.85,2776540.78,Medium
PRJ1964,Project Reactive composite synergy,D010,Cancelled,650311.76,2956107.99,Medium
PRJ1965,Project Phased regional policy,D019,Completed,746306.42,2520127.01,High
PRJ1966,Project Phased regional collaboration,D017,Planning,523174.37,679691.36,Low
PRJ1967,Project Innovative clear-thinking firmware,D004,In Progress,54246.6,138164.57,Low
PRJ1968,Project Implemented zero-defect collaboration,D005,Completed,188308.27,706011.0,High
PRJ1969,Project Universal discrete matrix,D017,In Progress,125175.46,3473781.54,Medium
PRJ1970,Project Object-based grid-enabled interface,D020,Completed,505960.88,4465725.99,Critical
PRJ1971,Project Monitored clear-thinking toolset,D001,Planning,266656.92,1568615.45,Low
PRJ1972,Project Organic bi-directional matrix,D013,Planning,764943.34,2509981.31,Critical
PRJ1973,Project Pre-emptive maximized methodology,D014,Planning,23573.18,4143333.71,High
PRJ1974,Project Persevering high-level groupware,D001,In Progress,224549.59,2953774.27,Medium
PRJ1975,Project Exclusive bandwidth-monitored hub,D015,In Progress,442417.69,3202691.39,Low
PRJ1976,Project Fundamental next generation focus group,D019,Completed,356005.02,2040192.04,Critical
PRJ1977,Project Centralized local matrices,D010,Completed,538630.27,736096.3,Critical
PRJ1978,Project Multi-layered attitude-oriented implementation,D018,Completed,883482.25,2591075.21,Critical
PRJ1979,Project Re-engineered upward-trending toolset,D011,Planning,249191.82,2745176.66,Critical
PRJ1980,Project Pre-emptive analyzing approach,D002,Completed,992732.1,578777.42,Low
PRJ1981,Project Secured non-volatile project,D002,In Progress,420017.31,2082116.85,Medium
PRJ1982,Project Monitored impactful alliance,D016,Cancelled,864684.68,3419472.54,Low
PRJ1983,Project Intuitive non-volatile hub,D010,Completed,353832.44,3265371.38,Medium
PRJ1984,Project Focused client-server protocol,D003,Completed,654082.96,2225329.69,Low
PRJ1985,Project Down-sized maximized synergy,D002,Completed,999733.59,1470970.75,Critical
PRJ1986,Project Cross-platform local solution,D015,Planning,968975.88,2469499.33,High
PRJ1987,Project Assimilated secondary application,D005,Completed,621145.58,2467933.22,Low
PRJ1988,Project Front-line homogeneous Graphic Interface,D012,Completed,152193.27,882488.65,Low
PRJ1989,Project Fundamental scalable secured line,D005,Cancelled,783033.38,3310347.46,Critical
PRJ1990,Project Assimilated solution-oriented knowledge user,D010,In Progress,641203.93,4914512.55,Medium
PRJ1991,Project Configurable executive matrix,D007,Completed,657957.74,2854675.29,High
PRJ1992,Project Upgradable uniform throughput,D013,Planning,46972.34,3842076.94,High
PRJ1993,Project Multi-channeled real-time collaboration,D007,Planning,491816.57,3251251.03,Medium
PRJ1994,Project Open-source local help-desk,D008,Completed,748453.9,1581814.75,Critical
PRJ1995,Project Grass-roots dynamic task-force,D017,Completed,712527.83,1741916.17,High
PRJ1996,Project Self-enabling web-enabled artificial intelligence,D001,Completed,690086.04,953406.71,High
PRJ1997,Project User-centric client-server circuit,D005,Completed,51413.8,1251996.33,Medium
PRJ1998,Project Vision-oriented intermediate standardization,D016,In Progress,34620.35,2392524.84,Critical
PRJ1999,Project Profound stable hub,D012,Completed,385731.46,1125476.64,High
PRJ2000,Project Pre-emptive asymmetric matrix,D008,Completed,458741.3,3115544.95,Critical
PRJ2001,Project Re-contextualized responsive core,D009,Completed,680602.38,828399.51,Critical
PRJ2002,Project Cross-group heuristic support,D017,Completed,229004.82,2791301.53,Low
PRJ2003,Project Re-engineered actuating installation,D004,Completed,101765.02,2157951.34,High
PRJ2004,Project Object-based dynamic model,D016,In Progress,87921.09,3355116.49,Medium
PRJ2005,Project Seamless stable encoding,D013,In Progress,623298.65,318799.36,Medium
PRJ2006,Project Front-line heuristic strategy,D015,Cancelled,591598.31,1904682.39,Critical
PRJ2007,Project Organized content-based solution,D013,In Progress,995575.29,2975436.05,Critical
PRJ2008,Project Stand-alone impactful policy,D018,Completed,350075.33,2651173.23,Low
PRJ2009,Project Integrated homogeneous functionalities,D016,Completed,328442.38,3874983.79,High
PRJ2010,Project Customer-focused grid-enabled conglomeration,D018,Completed,502982.22,2766621.04,Medium
PRJ2011,Project Virtual non-volatile budgetary management,D016,Completed,536140.38,3011967.73,Medium
PRJ2012,Project Sharable bifurcated data-warehouse,D007,In Progress,225194.85,2395182.74,High
PRJ2013,Project Assimilated uniform model,D014,Planning,740291.86,3342012.68,Critical
PRJ2014,Project Team-oriented heuristic matrices,D006,Completed,930070.35,660630.16,Medium
PRJ2015,Project Synchronized clear-thinking alliance,D008,In Progress,437664.03,1891401.57,Low
PRJ2016,Project Reverse-engineered dedicated infrastructure,D012,Completed,508574.34,3841557.65,Low
PRJ2017,Project Multi-channeled exuding hub,D007,Completed,921278.02,3601812.3,Low
PRJ2018,Project Assimilated methodical Local Area Network,D012,Completed,928667.38,3466774.26,Low
PRJ2019,Project Total modular structure,D008,Completed,263942.12,4244467.88,Low
PRJ2020,Project Extended stable infrastructure,D002,Planning,80093.21,4854801.68,Critical
PRJ2021,Project Fundamental disintermediate matrices,D006,In Progress,936398.08,3813881.52,Low
PRJ2022,Project Visionary multimedia circuit,D010,Completed,212217.11,2168664.17,High
PRJ2023,Project Cross-group fresh-thinking policy,D006,In Progress,575819.67,1201014.74,High
PRJ2024,Project Organized empowering hub,D009,In Progress,482921.87,3112433.96,Low
PRJ2025,Project Cross-group exuding toolset,D019,Cancelled,53535.3,4802310.45,High
PRJ2026,Project Stand-alone value-added structure,D015,Planning,883954.25,2937654.37,Low
PRJ2027,Project Right-sized maximized model,D016,Planning,698252.31,898182.37,Medium
PRJ2028,Project Fundamental fresh-thinking open system,D002,In Progress,973880.54,870390.59,Low
PRJ2029,Project User-friendly client-driven encryption,D017,Planning,262197.67,1467998.13,Critical
PRJ2030,Project Polarized neutral conglomeration,D016,Planning,294403.34,126927.8,High
PRJ2031,Project Polarized exuding synergy,D001,In Progress,258669.06,3590058.16,Low
PRJ2032,Project Up-sized background groupware,D002,Completed,253501.31,2604254.97,Low
PRJ2033,Project Digitized dynamic time-frame,D018,Completed,871009.97,4424602.54,Critical
PRJ2034,Project Multi-tiered upward-trending budgetary management,D006,Completed,868650.31,3230117.26,Critical
PRJ2035,Project Universal motivating hierarchy,D004,In Progress,38398.76,4443113.27,High
PRJ2036,Project Total disintermediate synergy,D011,Completed,595113.95,965343.25,High
PRJ2037,Project Realigned real-time paradigm,D013,Completed,911871.44,1967086.85,High
PRJ2038,Project Streamlined high-level conglomeration,D016,Completed,797029.9,4731125.21,Low
PRJ2039,Project Stand-alone bifurcated orchestration,D012,Completed,304503.96,1557138.24,Low
PRJ2040,Project Horizontal disintermediate contingency,D017,Completed,515880.96,4409212.25,Low
PRJ2041,Project Compatible zero-defect open system,D009,Planning,568673.52,463065.7,High
PRJ2042,Project Public-key empowering superstructure,D009,Completed,888523.63,1710499.73,High
PRJ2043,Project Monitored encompassing matrix,D020,In Progress,368827.75,2846583.62,High
PRJ2044,Project Streamlined full-range conglomeration,D018,Completed,405212.46,597304.78,High
PRJ2045,Project Team-oriented maximized installation,D005,Cancelled,678077.56,2601854.43,Critical
PRJ2046,Project Open-source background approach,D015,Planning,662245.14,4909621.47,Medium
PRJ2047,Project Ameliorated grid-enabled archive,D013,In Progress,558088.61,4865685.7,High
PRJ2048,Project Stand-alone stable challenge,D013,Completed,414592.71,707799.31,Critical
PRJ2049,Project Ergonomic user-facing implementation,D010,Planning,551051.03,4412783.84,Medium
PRJ2050,Project Extended empowering time-frame,D013,Planning,278017.27,3186758.67,Low
PRJ2051,Project Future-proofed client-driven function,D014,Completed,813445.56,1727276.12,Critical
PRJ2052,Project Cross-platform fault-tolerant adapter,D015,Completed,392129.38,87735.63,High
PRJ2053,Project Total content-based service-desk,D009,Planning,337787.93,4839704.64,Low
PRJ2054,Project Organic composite benchmark,D005,In Progress,629528.54,2420608.33,Medium
PRJ2055,Project Cross-platform next generation parallelism,D003,Planning,128202.2,4883355.61,High
PRJ2056,Project Multi-layered leadingedge monitoring,D011,Planning,660847.18,4021649.41,Low
PRJ2057,Project Ergonomic global infrastructure,D013,Completed,258699.93,658764.39,Medium
PRJ2058,Project Cross-platform bi-directional structure,D007,In Progress,705890.81,2754747.62,High
PRJ2059,Project Customizable regional ability,D001,Completed,218702.41,2432039.87,Medium
PRJ2060,Project Face-to-face tangible workforce,D003,Completed,739970.69,2971827.59,Low
PRJ2061,Project Fundamental zero tolerance product,D001,Completed,671704.5,1276703.89,Medium
PRJ2062,Project Visionary global approach,D019,In Progress,152474.32,2036757.68,Low
PRJ2063,Project Triple-buffered exuding protocol,D013,Completed,537327.86,3606636.01,Medium
PRJ2064,Project Streamlined logistical middleware,D001,Cancelled,468670.83,352259.98,Low
PRJ2065,Project Up-sized didactic emulation,D007,Completed,162652.97,3644754.06,High
PRJ2066,Project Enhanced full-range approach,D017,Completed,314319.75,1097880.16,Critical
PRJ2067,Project Inverse user-facing capability,D015,Completed,413136.81,1304741.2,Medium
PRJ2068,Project Reverse-engineered exuding infrastructure,D001,Planning,670922.99,2750966.62,Low
PRJ2069,Project User-friendly stable open system,D007,Planning,165240.04,2343386.39,High
PRJ2070,Project Reverse-engineered bi-directional synergy,D012,In Progress,464196.28,469936.47,Medium
PRJ2071,Project Inverse holistic algorithm,D018,In Progress,669586.66,4499100.13,High
PRJ2072,Project Digitized context-sensitive utilization,D007,In Progress,814609.95,2118337.97,Medium
PRJ2073,Project Synergized user-facing open system,D011,Completed,805341.46,1255134.02,Critical
PRJ2074,Project Optional value-added firmware,D019,Completed,326732.3,747317.18,High
PRJ2075,Project Operative transitional standardization,D010,Planning,969605.04,2134386.62,Critical
PRJ2076,Project Horizontal 5thgeneration capability,D006,In Progress,878632.9,1583243.08,High
PRJ2077,Project Decentralized didactic frame,D009,Completed,141993.21,4188511.2,Medium
PRJ2078,Project Total modular software,D007,In Progress,935872.18,3022866.78,Critical
PRJ2079,Project Polarized web-enabled ability,D003,In Progress,819095.79,339553.56,Critical
PRJ2080,Project Polarized analyzing strategy,D015,In Progress,128482.5,3478066.6,Low
PRJ2081,Project Networked mobile synergy,D015,Completed,857126.68,2317204.58,Low
PRJ2082,Project Fundamental executive functionalities,D012,In Progress,803480.37,3080378.43,Critical
PRJ2083,Project Reactive dedicated encryption,D009,Completed,410393.95,3121922.17,Low
PRJ2084,Project Optimized responsive system engine,D003,Completed,409312.15,1201252.69,Medium
PRJ2085,Project Upgradable local groupware,D007,In Progress,579215.93,3966924.69,High
PRJ2086,Project Customizable neutral interface,D009,Completed,546451.54,3371713.59,Critical
PRJ2087,Project Triple-buffered well-modulated Graphic Interface,D017,Planning,557725.64,1109701.82,Low
PRJ2088,Project Stand-alone coherent policy,D006,Planning,507253.59,4723332.08,High
PRJ2089,Project Virtual composite database,D020,In Progress,407121.58,3917228.13,Low
PRJ2090,Project Ergonomic national pricing structure,D008,Completed,966711.37,1235180.61,High
PRJ2091,Project Stand-alone bottom-line moratorium,D015,In Progress,525867.08,4677374.94,High
PRJ2092,Project Innovative hybrid focus group,D002,In Progress,978610.16,2093987.32,High
PRJ2093,Project Proactive uniform flexibility,D001,Completed,277327.82,4937404.69,Low
PRJ2094,Project Universal methodical alliance,D010,Completed,984650.34,4181560.86,Medium
PRJ2095,Project Multi-lateral non-volatile orchestration,D012,Completed,25811.66,3014046.57,Medium
PRJ2096,Project Organic full-range moderator,D002,In Progress,61984.57,1689479.99,Low
PRJ2097,Project Persevering fresh-thinking neural-net,D007,Completed,867508.17,322528.97,High
PRJ2098,Project Quality-focused background secured line,D005,Completed,604772.18,2149841.39,Critical
PRJ2099,Project Exclusive national challenge,D016,Completed,593860.63,1343872.69,High
PRJ2100,Project Enterprise-wide user-facing knowledge user,D014,Completed,668686.08,4202280.69,Critical
PRJ2101,Project Synchronized value-added help-desk,D009,Completed,56006.56,3139316.44,Low
PRJ2102,Project Progressive mission-critical system engine,D009,Completed,275692.31,3188086.64,Critical
PRJ2103,Project Automated client-driven projection,D017,Completed,396218.33,1310785.91,Critical
PRJ2104,Project Secured homogeneous policy,D005,In Progress,684876.81,4782254.69,Low
PRJ2105,Project Organic fresh-thinking approach,D017,Completed,376859.39,2500895.53,Medium
PRJ2106,Project Reduced neutral capability,D001,Completed,946911.26,4896810.88,Critical
PRJ2107,Project Function-based fault-tolerant structure,D006,Completed,809977.43,1616683.8,Critical
PRJ2108,Project Right-sized bi-directional benchmark,D002,Completed,489837.44,1074543.07,Critical
PRJ2109,Project Organized responsive success,D014,In Progress,450389.24,603400.73,Low
PRJ2110,Project Innovative asymmetric model,D004,Planning,968546.01,2809169.52,Medium
PRJ2111,Project Horizontal tangible orchestration,D018,Planning,588272.89,665558.71,Critical
PRJ2112,Project Virtual modular superstructure,D001,Planning,267946.72,2696286.87,Medium
PRJ2113,Project Integrated bifurcated matrices,D008,Completed,150459.35,3858299.38,Medium
PRJ2114,Project Multi-layered logistical service-desk,D020,In Progress,634559.49,3676163.75,Low
PRJ2115,Project Configurable actuating function,D002,In Progress,108155.33,4812648.6,Medium
PRJ2116,Project Down-sized hybrid flexibility,D017,In Progress,259083.87,1954147.03,Low
PRJ2117,Project Down-sized full-range protocol,D011,Completed,132506.27,3702355.02,High
PRJ2118,Project Upgradable 5thgeneration support,D010,In Progress,535970.18,3122125.22,Medium
PRJ2119,Project Profound context-sensitive product,D017,In Progress,319121.38,813239.64,High
PRJ2120,Project Cross-platform bi-directional process improvement,D010,Completed,562749.19,3616437.95,Low
PRJ2121,Project Cloned logistical support,D003,In Progress,344958.09,1036834.62,Medium
PRJ2122,Project Implemented actuating structure,D018,Completed,731528.62,3812077.1,Low
PRJ2123,Project Ameliorated composite pricing structure,D006,Completed,169890.4,1876878.7,Medium
PRJ2124,Project Programmable local hierarchy,D011,Completed,589825.37,4250789.91,Medium
PRJ2125,Project Phased impactful Internet solution,D002,In Progress,660059.41,4380294.18,High
PRJ2126,Project Streamlined reciprocal portal,D013,Completed,287076.99,354505.03,High
PRJ2127,Project Extended regional instruction set,D011,Planning,690348.88,1882973.87,Critical
PRJ2128,Project Virtual non-volatile ability,D004,Planning,177033.83,65279.0,Medium
PRJ2129,Project Optimized composite conglomeration,D008,Completed,178947.73,2447824.06,Critical
PRJ2130,Project Organized 24hour neural-net,D006,Completed,555103.72,896711.84,High
PRJ2131,Project Re-engineered transitional definition,D008,In Progress,716189.0,4549252.66,Critical
PRJ2132,Project Object-based tertiary architecture,D006,In Progress,810458.75,1224248.66,High
PRJ2133,Project Profound human-resource hardware,D006,Completed,328012.14,3945446.67,High
PRJ2134,Project Versatile web-enabled algorithm,D010,Completed,935214.91,1728573.53,Medium
PRJ2135,Project Optional fresh-thinking database,D001,In Progress,560872.76,710206.87,Medium
PRJ2136,Project Synergized incremental extranet,D016,Completed,225533.78,2736542.48,Low
PRJ2137,Project Proactive web-enabled service-desk,D019,In Progress,210639.92,1896990.62,Medium
PRJ2138,Project Automated systematic hub,D004,Planning,130365.82,3978535.03,Low
PRJ2139,Project Vision-oriented 24/7 Local Area Network,D003,Completed,728261.34,3814949.53,Critical
PRJ2140,Project Managed static capability,D015,In Progress,142954.01,1121506.41,Low
PRJ2141,Project Managed 5thgeneration firmware,D007,Completed,288528.46,3954564.18,Medium
PRJ2142,Project Visionary zero tolerance structure,D018,Completed,977498.85,1904076.66,Critical
PRJ2143,Project Realigned global paradigm,D001,Cancelled,330857.49,1752313.74,Low
PRJ2144,Project Object-based directional solution,D002,In Progress,899347.58,2096008.13,High
PRJ2145,Project Integrated systemic toolset,D015,Planning,15329.73,2835367.76,Medium
PRJ2146,Project Multi-layered demand-driven standardization,D009,Completed,477488.94,751131.98,Low
PRJ2147,Project Pre-emptive optimizing circuit,D015,Completed,372797.56,970337.43,Medium
PRJ2148,Project Fundamental analyzing analyzer,D019,In Progress,848016.96,3812740.62,Low
PRJ2149,Project Seamless systematic solution,D002,In Progress,349425.78,3955315.5,High
PRJ2150,Project Customizable attitude-oriented productivity,D012,Completed,804641.07,3286799.83,High
PRJ2151,Project Realigned disintermediate capability,D012,In Progress,663019.46,1131113.5,Medium
PRJ2152,Project Business-focused regional productivity,D003,Completed,568809.65,2419800.98,Critical
PRJ2153,Project Extended 5thgeneration flexibility,D019,In Progress,797294.59,4119058.82,Low
PRJ2154,Project Reduced explicit model,D015,Completed,630163.46,1669860.99,Medium
PRJ2155,Project Front-line upward-trending orchestration,D012,Completed,457689.91,1785216.09,Medium
PRJ2156,Project De-engineered zero tolerance customer loyalty,D014,Completed,463022.92,288971.53,High
PRJ2157,Project Synchronized global collaboration,D008,Planning,197056.07,2957538.27,Low
PRJ2158,Project Front-line 3rdgeneration orchestration,D002,Completed,539681.02,3863493.23,Low
PRJ2159,Project Implemented modular parallelism,D005,Cancelled,434635.1,3140386.64,Critical
PRJ2160,Project Enhanced bandwidth-monitored Graphic Interface,D015,Completed,513700.46,4872928.71,Medium
PRJ2161,Project Balanced executive architecture,D018,In Progress,488459.02,2661967.96,Critical
PRJ2162,Project Multi-layered motivating open system,D009,Completed,191283.2,1874347.0,Critical
PRJ2163,Project Organized dedicated algorithm,D016,Completed,569488.49,1558416.99,Medium
PRJ2164,Project Ameliorated fresh-thinking synergy,D012,Completed,990616.93,632112.63,High
PRJ2165,Project Reduced secondary approach,D020,In Progress,797441.87,114505.91,Critical
PRJ2166,Project Distributed 4thgeneration matrices,D013,Completed,842617.21,3162384.15,Medium
PRJ2167,Project Optional didactic help-desk,D020,Planning,389649.83,3491716.62,Critical
PRJ2168,Project Profit-focused reciprocal pricing structure,D004,In Progress,425269.85,3010887.2,Medium
PRJ2169,Project Fully-configurable scalable process improvement,D017,Cancelled,725115.85,1295063.01,Low
PRJ2170,Project Streamlined content-based strategy,D012,Completed,960134.02,51962.53,High
PRJ2171,Project User-centric 3rdgeneration circuit,D003,In Progress,437271.38,3533525.84,Critical
PRJ2172,Project Optimized human-resource contingency,D016,Cancelled,605555.18,1903520.4,Medium
PRJ2173,Project Intuitive attitude-oriented parallelism,D006,In Progress,992052.54,4728076.14,Medium
PRJ2174,Project Profit-focused regional groupware,D020,Completed,620232.06,2968558.01,Low
PRJ2175,Project Open-architected composite policy,D012,In Progress,96349.9,245197.8,Medium
PRJ2176,Project Automated user-facing structure,D019,Cancelled,617028.3,4467511.97,Critical
PRJ2177,Project Seamless regional archive,D007,Completed,252751.02,2188567.27,Low
PRJ2178,Project Organic zero-defect migration,D005,In Progress,211850.35,2355379.14,Low
PRJ2179,Project Re-engineered zero administration emulation,D003,In Progress,460830.52,2147061.21,Medium
PRJ2180,Project Right-sized contextually-based Graphical User Interface,D009,Completed,141145.11,3584997.23,Critical
PRJ2181,Project Enterprise-wide real-time monitoring,D016,In Progress,139989.63,1922867.45,Medium
PRJ2182,Project Compatible 24hour ability,D006,Completed,227905.79,810237.32,High
PRJ2183,Project Front-line modular matrices,D004,In Progress,29567.88,4602263.03,Medium
PRJ2184,Project Universal multi-tasking moratorium,D011,Planning,880896.16,1144522.99,Critical
PRJ2185,Project Front-line next generation Graphic Interface,D007,In Progress,370063.39,4888906.14,Critical
PRJ2186,Project Enhanced reciprocal open architecture,D020,Completed,827772.16,4288230.03,Critical
PRJ2187,Project User-centric national contingency,D014,Completed,245679.2,1252576.03,Critical
PRJ2188,Project Synergized asynchronous conglomeration,D011,Planning,262412.62,1103731.53,Medium
PRJ2189,Project Diverse 24hour paradigm,D002,Completed,402888.02,818408.6,Critical
PRJ2190,Project Progressive demand-driven synergy,D001,Completed,954690.3,3201409.57,High
PRJ2191,Project Robust leadingedge Internet solution,D004,Completed,874656.33,3069438.78,Medium
PRJ2192,Project Distributed global firmware,D016,In Progress,135558.85,1074609.02,Medium
PRJ2193,Project Reverse-engineered incremental database,D017,Completed,162656.46,3402470.28,Low
PRJ2194,Project Persevering national function,D006,Completed,45232.66,581824.82,Critical
PRJ2195,Project Quality-focused actuating success,D002,Completed,942349.77,2564490.45,High
PRJ2196,Project Up-sized zero administration info-mediaries,D001,Planning,250907.31,3118109.38,Medium
PRJ2197,Project Virtual coherent alliance,D007,In Progress,314485.51,3358926.11,High
PRJ2198,Project Public-key solution-oriented info-mediaries,D015,In Progress,878435.08,723686.23,Medium
PRJ2199,Project Expanded neutral forecast,D010,Completed,645240.73,671349.8,Critical
PRJ2200,Project Progressive local benchmark,D010,Completed,14784.05,2151150.37,High
PRJ2201,Project Down-sized scalable access,D013,Completed,553019.26,1535051.51,Low
PRJ2202,Project Focused intermediate application,D018,In Progress,938636.7,2611909.5,Low
PRJ2203,Project Cross-group 24/7 implementation,D002,Cancelled,732589.41,1797559.5,High
PRJ2204,Project Programmable static concept,D017,Completed,728816.09,4643933.86,Medium
PRJ2205,Project Cross-group intermediate algorithm,D015,In Progress,744139.21,4162421.63,Medium
PRJ2206,Project Reverse-engineered bottom-line Graphic Interface,D013,Planning,509392.56,1409536.43,Critical
PRJ2207,Project Open-source intangible policy,D001,In Progress,180399.17,2402185.14,Critical
PRJ2208,Project Multi-layered responsive concept,D011,Completed,307844.71,463414.27,Low
PRJ2209,Project Reactive 4thgeneration frame,D010,In Progress,22752.4,1803658.58,High
PRJ2210,Project Optimized intangible function,D009,Cancelled,57854.35,1606788.09,Low
PRJ2211,Project Profound leadingedge emulation,D016,Completed,313042.73,3186440.63,High
PRJ2212,Project Automated 24hour functionalities,D008,Completed,179485.69,2804755.23,Critical
PRJ2213,Project Streamlined methodical workforce,D017,Planning,161993.04,4000734.41,High
PRJ2214,Project Horizontal 4thgeneration parallelism,D008,Completed,847736.0,3745183.04,Medium
PRJ2215,Project Front-line hybrid moderator,D015,In Progress,281291.39,1630279.61,Critical
PRJ2216,Project Ameliorated dynamic hardware,D002,Planning,211414.44,1343939.07,Critical
PRJ2217,Project Multi-lateral mobile definition,D013,Completed,214120.08,2445797.79,Medium
PRJ2218,Project Innovative interactive challenge,D019,Completed,698109.8,2375871.25,Medium
PRJ2219,Project Customer-focused content-based product,D001,In Progress,664839.48,3942772.27,Critical
PRJ2220,Project Upgradable bandwidth-monitored customer loyalty,D019,Completed,135646.15,931309.29,Critical
PRJ2221,Project De-engineered homogeneous parallelism,D016,Planning,447774.59,1018796.01,High
PRJ2222,Project Pre-emptive contextually-based intranet,D011,Planning,207915.71,775759.1,Low
PRJ2223,Project Sharable demand-driven installation,D012,In Progress,536090.9,2987171.42,Critical
PRJ2224,Project User-friendly multimedia groupware,D018,Completed,995370.08,1896792.35,High
PRJ2225,Project Business-focused multimedia workforce,D010,Completed,960225.54,67026.71,Critical
PRJ2226,Project Open-source methodical policy,D002,Completed,253623.73,2820513.84,Critical
PRJ2227,Project Pre-emptive 6thgeneration strategy,D019,Completed,577658.41,4894543.49,Low
PRJ2228,Project Monitored multimedia utilization,D017,Completed,189322.32,225017.09,Critical
PRJ2229,Project Future-proofed optimal Graphical User Interface,D002,Completed,686236.66,3586925.94,Medium
PRJ2230,Project Digitized foreground utilization,D012,Planning,394752.98,1427018.84,Low
PRJ2231,Project Right-sized modular encoding,D004,In Progress,315456.67,2376872.49,Medium
PRJ2232,Project Enhanced tangible knowledge user,D006,Completed,561931.48,2292207.74,Low
PRJ2233,Project Enhanced optimizing Graphic Interface,D015,Completed,113171.49,480684.09,Low
PRJ2234,Project Distributed optimizing knowledgebase,D008,Completed,252121.71,1660388.22,Medium
PRJ2235,Project Customizable foreground Graphic Interface,D002,Completed,709078.86,3266400.29,High
PRJ2236,Project Sharable executive knowledge user,D005,Completed,302592.31,3907453.14,High
PRJ2237,Project Ameliorated transitional collaboration,D003,Planning,426772.41,1027298.06,Low
PRJ2238,Project Re-engineered secondary attitude,D006,Completed,452974.62,1941485.85,Low
PRJ2239,Project Adaptive explicit framework,D011,Completed,571306.99,4445749.84,High
PRJ2240,Project Reverse-engineered empowering encoding,D018,Completed,996343.7,3416203.81,High
PRJ2241,Project Multi-channeled grid-enabled Internet solution,D014,Completed,137513.08,3793607.11,High
PRJ2242,Project Triple-buffered grid-enabled help-desk,D012,Completed,303621.28,4113856.56,Low
PRJ2243,Project Persevering multi-tasking array,D018,Completed,993236.59,281716.88,High
PRJ2244,Project Profit-focused maximized data-warehouse,D012,Completed,721641.69,463506.06,High
PRJ2245,Project Configurable explicit support,D011,Cancelled,85639.55,3366856.92,Medium
PRJ2246,Project Self-enabling interactive database,D017,Completed,149306.89,3064659.84,Medium
PRJ2247,Project Exclusive didactic conglomeration,D011,Completed,784715.66,1162650.04,High
PRJ2248,Project Total 24/7 conglomeration,D020,Cancelled,487356.55,1192406.09,Medium
PRJ2249,Project Reverse-engineered responsive application,D017,In Progress,822274.68,2142810.25,Low
PRJ2250,Project Face-to-face multi-tasking analyzer,D009,Completed,340541.33,2455771.84,High
PRJ2251,Project Open-source 24/7 moratorium,D003,Planning,200414.72,1301630.32,Low
PRJ2252,Project Object-based static analyzer,D001,In Progress,717387.89,563600.81,Medium
PRJ2253,Project Organic fresh-thinking interface,D001,Completed,936446.73,2293209.8,Critical
PRJ2254,Project Re-engineered interactive flexibility,D010,Completed,756344.78,536468.26,Critical
PRJ2255,Project Optional reciprocal infrastructure,D008,In Progress,325927.12,4902762.01,Medium
PRJ2256,Project Front-line global hierarchy,D009,Cancelled,727299.21,1677238.0,Critical
PRJ2257,Project Total clear-thinking contingency,D013,In Progress,750935.57,4489575.19,Low
PRJ2258,Project Optimized executive moratorium,D018,In Progress,742271.8,2431831.54,Critical
PRJ2259,Project Inverse maximized capability,D008,Planning,660884.74,3342236.09,Critical
PRJ2260,Project Implemented content-based help-desk,D010,Completed,893975.85,3076742.57,Critical
PRJ2261,Project Right-sized didactic hub,D020,Planning,992933.0,4712072.15,Low
PRJ2262,Project Enterprise-wide fault-tolerant customer loyalty,D002,Completed,334114.99,2567872.96,Critical
PRJ2263,Project Configurable directional forecast,D002,Completed,770267.39,1844370.39,Medium
PRJ2264,Project Enhanced 6thgeneration website,D016,Completed,642455.1,615486.89,Low
PRJ2265,Project Down-sized bandwidth-monitored array,D017,In Progress,322932.09,1325327.97,Low
PRJ2266,Project Integrated directional functionalities,D015,In Progress,835668.54,1735062.11,Medium
PRJ2267,Project Proactive encompassing knowledge user,D011,Planning,621962.52,4163443.35,High
PRJ2268,Project Secured local circuit,D009,Completed,866865.99,1901769.26,High
PRJ2269,Project Balanced solution-oriented infrastructure,D005,Cancelled,572486.8,272980.91,Low
PRJ2270,Project Upgradable secondary Graphic Interface,D006,In Progress,844221.54,3441030.66,Critical
PRJ2271,Project Intuitive optimal approach,D012,Completed,241725.92,3789216.53,Medium
PRJ2272,Project Reduced multi-state synergy,D010,Planning,158055.15,754156.27,Medium
PRJ2273,Project User-friendly attitude-oriented alliance,D017,In Progress,876704.06,4921581.65,Low
PRJ2274,Project Open-architected value-added service-desk,D002,Completed,366453.43,1540382.31,Low
PRJ2275,Project Pre-emptive hybrid open system,D011,Completed,448573.03,1382546.69,Low
PRJ2276,Project Multi-lateral radical benchmark,D009,Completed,460041.8,4604960.2,Critical
PRJ2277,Project Re-engineered human-resource access,D012,Completed,404534.5,687319.88,Critical
PRJ2278,Project Virtual eco-centric implementation,D015,In Progress,353678.5,2817081.55,Low
PRJ2279,Project Optional composite knowledge user,D010,Completed,953955.57,476945.18,Critical
PRJ2280,Project Exclusive bandwidth-monitored throughput,D001,In Progress,38678.91,1120848.81,Medium
PRJ2281,Project Function-based transitional product,D009,Completed,929212.23,1918399.75,High
PRJ2282,Project Re-engineered motivating ability,D007,Completed,909287.8,3789037.67,Medium
PRJ2283,Project Future-proofed zero administration framework,D019,Completed,841409.22,2094367.55,Low
PRJ2284,Project Persevering 6thgeneration emulation,D020,Completed,889085.74,1881045.07,Low
PRJ2285,Project Front-line multi-state productivity,D013,Completed,510983.82,4421858.59,High
PRJ2286,Project Multi-layered encompassing migration,D017,Planning,214548.69,3239120.37,Medium
PRJ2287,Project Configurable value-added Local Area Network,D018,Cancelled,146643.61,2825470.08,Low
PRJ2288,Project Seamless systematic paradigm,D014,In Progress,659104.85,4521183.6,Medium
PRJ2289,Project Networked directional concept,D018,In Progress,507727.98,3346443.11,Critical
PRJ2290,Project Upgradable bifurcated matrices,D003,Planning,29374.06,4924833.25,Low
PRJ2291,Project Pre-emptive explicit encryption,D013,In Progress,755904.89,139002.62,High
PRJ2292,Project Ergonomic logistical Graphical User Interface,D020,Completed,244521.48,230056.73,Medium
PRJ2293,Project Seamless heuristic info-mediaries,D005,Completed,382996.9,84558.74,Critical
PRJ2294,Project Organic scalable moratorium,D002,In Progress,148744.85,3471498.39,High
PRJ2295,Project Enhanced encompassing complexity,D016,In Progress,285585.0,2890724.13,High
PRJ2296,Project Compatible client-server challenge,D007,In Progress,668865.3,3995396.38,High
PRJ2297,Project Reduced zero tolerance task-force,D017,Completed,619199.39,992507.35,Low
PRJ2298,Project Vision-oriented composite interface,D013,Completed,398798.11,3356071.1,High
PRJ2299,Project Decentralized static Local Area Network,D013,Completed,271623.81,3383276.43,Medium
PRJ2300,Project Visionary zero tolerance standardization,D011,Planning,485266.98,3968482.55,Medium
PRJ2301,Project Compatible exuding intranet,D019,In Progress,915965.6,1383016.98,Critical
PRJ2302,Project Team-oriented multi-tasking software,D019,In Progress,937915.06,4995393.16,Medium
PRJ2303,Project Optional national system engine,D017,Completed,643440.54,422913.69,Low
PRJ2304,Project Balanced leadingedge access,D003,In Progress,873542.37,1064963.27,Medium
PRJ2305,Project Integrated multi-state artificial intelligence,D016,Completed,616709.76,3363446.36,Low
PRJ2306,Project Stand-alone coherent leverage,D002,Completed,986559.48,2586018.62,High
PRJ2307,Project Organized asymmetric support,D020,In Progress,883541.17,1541975.91,Critical
PRJ2308,Project Digitized zero-defect support,D007,Cancelled,734642.46,4906939.15,High
PRJ2309,Project Total 3rdgeneration orchestration,D003,Completed,239115.63,1833424.82,Medium
PRJ2310,Project Fully-configurable system-worthy parallelism,D017,Planning,588426.61,859787.42,Medium
PRJ2311,Project Optimized system-worthy application,D019,Completed,447539.48,2091024.47,Medium
PRJ2312,Project Intuitive human-resource interface,D006,Completed,761293.33,1099475.43,High
PRJ2313,Project Fully-configurable well-modulated productivity,D013,In Progress,939644.35,4131450.05,Medium
PRJ2314,Project Cloned incremental portal,D010,Planning,943462.32,505893.3,High
PRJ2315,Project User-friendly solution-oriented help-desk,D006,Completed,165334.17,4096067.94,Critical
PRJ2316,Project Stand-alone executive toolset,D003,Completed,195401.48,714621.4,Low
PRJ2317,Project Streamlined dedicated parallelism,D003,Planning,584364.24,490939.2,Low
PRJ2318,Project Front-line client-server hardware,D009,Planning,915546.89,263384.46,Medium
PRJ2319,Project Centralized secondary intranet,D006,Completed,373760.29,2087120.05,Medium
PRJ2320,Project Enterprise-wide well-modulated architecture,D017,In Progress,486221.94,3808407.75,Medium
PRJ2321,Project Front-line composite model,D004,In Progress,801400.09,1488768.6,Low
PRJ2322,Project Managed value-added framework,D007,Cancelled,155613.88,4292072.95,Critical
PRJ2323,Project Vision-oriented composite moderator,D004,In Progress,221411.87,2975213.26,Critical
PRJ2324,Project Expanded tangible strategy,D015,In Progress,174420.35,1865840.5,Critical
PRJ2325,Project Optimized motivating initiative,D015,In Progress,683035.17,2887291.39,High
PRJ2326,Project Progressive hybrid groupware,D004,In Progress,716578.91,4791773.16,Low
PRJ2327,Project Universal eco-centric emulation,D009,Completed,578726.51,1387502.65,Low
PRJ2328,Project Pre-emptive tangible matrices,D019,In Progress,176163.56,3709040.69,Critical
PRJ2329,Project Enterprise-wide high-level product,D014,Planning,120302.54,4563896.42,Low
PRJ2330,Project Programmable well-modulated task-force,D013,Cancelled,526980.03,2312826.27,High
PRJ2331,Project Focused tertiary benchmark,D008,In Progress,550418.59,3312019.67,Low
PRJ2332,Project Front-line intangible archive,D010,Completed,849414.12,1508263.22,Critical
PRJ2333,Project Cross-platform heuristic orchestration,D005,Completed,701707.99,77172.87,Critical
PRJ2334,Project Synergistic next generation protocol,D004,Completed,327018.56,2726241.66,Critical
PRJ2335,Project Object-based dynamic knowledge user,D019,Completed,554204.8,2198265.82,Critical
PRJ2336,Project Synergistic 3rdgeneration structure,D012,Cancelled,227044.96,455681.93,High
PRJ2337,Project Seamless exuding functionalities,D012,Completed,830111.43,2655750.31,Medium
PRJ2338,Project Self-enabling multi-state open architecture,D006,Completed,319634.48,1209418.18,High
PRJ2339,Project Operative dedicated throughput,D015,In Progress,104837.12,4546944.01,High
PRJ2340,Project Object-based local forecast,D001,Completed,157088.51,4569341.31,High
PRJ2341,Project Reduced solution-oriented infrastructure,D007,Completed,344114.49,3419139.89,Medium
PRJ2342,Project Inverse intermediate algorithm,D017,Completed,183629.1,1925627.23,Medium
PRJ2343,Project Versatile hybrid leverage,D002,In Progress,202475.25,4128917.12,Low
PRJ2344,Project Business-focused mobile productivity,D013,Completed,888519.32,242708.21,Low
PRJ2345,Project Grass-roots eco-centric Graphic Interface,D013,Planning,186266.88,4208517.26,Medium
PRJ2346,Project Decentralized holistic support,D012,Completed,178907.37,1473466.44,Critical
PRJ2347,Project Upgradable 24hour analyzer,D006,In Progress,653540.62,2350727.84,High
PRJ2348,Project Reactive holistic encryption,D016,In Progress,778690.57,1772824.67,High
PRJ2349,Project Automated zero administration Graphical User Interface,D010,In Progress,846349.31,2734880.32,High
PRJ2350,Project Seamless optimal projection,D004,In Progress,535792.78,697050.6,Critical
PRJ2351,Project Pre-emptive intermediate migration,D015,Planning,720759.23,3241905.7,Low
PRJ2352,Project Function-based mission-critical Internet solution,D019,In Progress,540292.16,936192.16,Critical
PRJ2353,Project Customizable fresh-thinking concept,D008,Completed,502238.01,1741698.36,High
PRJ2354,Project Innovative regional protocol,D016,In Progress,344477.06,4305407.26,Medium
PRJ2355,Project Synergized zero tolerance archive,D007,Completed,210133.63,3447168.46,High
PRJ2356,Project Right-sized systemic encryption,D004,Completed,135578.12,4280470.12,Low
PRJ2357,Project Cloned non-volatile focus group,D017,Completed,327802.68,1387173.65,Critical
PRJ2358,Project Fundamental directional synergy,D011,Completed,955216.44,630089.94,Medium
PRJ2359,Project Diverse fault-tolerant circuit,D016,In Progress,728912.73,4874939.96,Medium
PRJ2360,Project Intuitive incremental website,D005,In Progress,618908.61,3292369.55,Critical
PRJ2361,Project Seamless cohesive analyzer,D008,In Progress,416976.73,2496384.02,Critical
PRJ2362,Project Multi-layered next generation focus group,D001,Completed,441580.9,192997.15,Low
PRJ2363,Project Multi-layered human-resource system engine,D011,Completed,558129.47,3508237.46,Medium
PRJ2364,Project Focused even-keeled hub,D008,In Progress,773569.43,337226.05,Low
PRJ2365,Project Down-sized foreground algorithm,D011,Completed,902003.94,2377071.13,Medium
PRJ2366,Project Distributed content-based protocol,D012,Completed,798428.62,923695.66,Critical
PRJ2367,Project Multi-tiered full-range utilization,D012,Planning,760484.0,3414065.53,High
PRJ2368,Project Object-based fault-tolerant algorithm,D003,Completed,528933.05,3563614.69,Critical
PRJ2369,Project Streamlined cohesive alliance,D004,In Progress,949933.68,2475644.4,Medium
PRJ2370,Project Quality-focused 24hour encoding,D014,Completed,206292.63,607803.49,Low
PRJ2371,Project Enhanced zero-defect support,D002,Completed,667045.82,4416178.56,High
PRJ2372,Project Versatile homogeneous open system,D020,Completed,402568.23,3182307.18,Medium
PRJ2373,Project Visionary asynchronous structure,D001,Completed,677230.12,4542525.82,Low
PRJ2374,Project Total full-range data-warehouse,D001,Completed,896982.38,1834177.31,High
PRJ2375,Project Proactive executive benchmark,D014,Completed,513637.92,3301595.8,Medium
PRJ2376,Project Face-to-face responsive standardization,D003,In Progress,702987.9,4507216.12,High
PRJ2377,Project Advanced 6thgeneration circuit,D020,Completed,927286.24,1937804.32,Low
PRJ2378,Project Compatible bandwidth-monitored data-warehouse,D015,Completed,609375.35,4423805.47,Low
PRJ2379,Project Re-engineered asynchronous ability,D019,Completed,163613.77,1239368.22,Medium
PRJ2380,Project Visionary 3rdgeneration access,D006,Completed,117510.21,3516499.97,Critical
PRJ2381,Project Up-sized responsive matrices,D015,In Progress,318533.73,4144169.83,High
PRJ2382,Project Vision-oriented client-server budgetary management,D012,In Progress,556681.63,3175219.73,High
PRJ2383,Project Object-based heuristic access,D013,Completed,651657.55,718967.28,Critical
PRJ2384,Project Self-enabling hybrid throughput,D005,In Progress,518555.22,987869.37,Low
PRJ2385,Project Grass-roots intangible approach,D019,Planning,516213.34,1545567.39,Low
PRJ2386,Project Advanced stable groupware,D016,Completed,993892.83,4325172.71,High
PRJ2387,Project Vision-oriented grid-enabled knowledgebase,D011,Completed,688289.13,2574415.76,Critical
PRJ2388,Project Synergistic coherent open system,D008,Completed,863373.14,3831050.82,High
PRJ2389,Project Mandatory local frame,D001,Completed,527307.52,1237584.19,Medium
PRJ2390,Project Cloned real-time Local Area Network,D018,Completed,123537.48,4862408.56,Medium
PRJ2391,Project Networked 5thgeneration structure,D009,Planning,179112.62,1784967.39,High
PRJ2392,Project Versatile dynamic neural-net,D012,Completed,196745.43,3255574.91,Medium
PRJ2393,Project Enhanced composite system engine,D001,In Progress,983661.2,4633826.22,Critical
PRJ2394,Project Fundamental cohesive Internet solution,D019,Completed,935156.63,889919.66,Low
PRJ2395,Project Quality-focused asymmetric website,D005,Completed,345597.18,2238064.86,High
PRJ2396,Project Public-key motivating structure,D012,Completed,221099.4,1740163.49,Critical
PRJ2397,Project Ameliorated 5thgeneration synergy,D019,In Progress,437713.27,4663917.93,Critical
PRJ2398,Project Robust national productivity,D017,Completed,805886.7,2552252.78,Medium
PRJ2399,Project User-centric bottom-line approach,D019,In Progress,314711.13,554300.67,High
PRJ2400,Project Focused eco-centric hierarchy,D012,In Progress,570183.88,3989514.56,Low
PRJ2401,Project Programmable encompassing neural-net,D007,Planning,745276.58,3873800.34,Low
PRJ2402,Project Right-sized optimizing matrices,D012,Completed,821098.71,3136633.19,Low
PRJ2403,Project Synchronized grid-enabled function,D017,Completed,124028.44,2459043.9,Medium
PRJ2404,Project Extended transitional attitude,D007,In Progress,483396.84,4963018.79,Low
PRJ2405,Project Operative next generation orchestration,D004,Cancelled,732177.42,1386471.35,Medium
PRJ2406,Project Cloned zero-defect throughput,D008,Completed,69833.24,2247669.33,High
PRJ2407,Project Synchronized encompassing frame,D017,Completed,49403.14,593516.17,Low
PRJ2408,Project Self-enabling executive middleware,D003,Completed,911302.67,949123.6,High
PRJ2409,Project Adaptive mission-critical migration,D019,Planning,670738.24,2939874.54,Critical
PRJ2410,Project Multi-channeled impactful extranet,D011,Completed,624955.53,3957044.63,High
PRJ2411,Project Focused background customer loyalty,D019,Completed,861198.66,2378154.34,High
PRJ2412,Project Monitored context-sensitive Graphical User Interface,D014,Completed,344360.43,824559.91,Low
PRJ2413,Project Front-line mobile paradigm,D006,Completed,904292.54,4211741.04,Critical
PRJ2414,Project Innovative high-level Internet solution,D014,Completed,712988.19,2717770.47,Medium
PRJ2415,Project Advanced impactful encryption,D001,Completed,329068.06,1674199.01,Medium
PRJ2416,Project Polarized mobile support,D017,Planning,420014.14,2964371.77,Medium
PRJ2417,Project Horizontal secondary neural-net,D001,In Progress,953066.29,769576.11,Low
PRJ2418,Project Centralized bifurcated flexibility,D012,Completed,654001.24,3012621.92,Critical
PRJ2419,Project Extended dynamic Graphic Interface,D003,In Progress,113616.67,3497555.95,High
PRJ2420,Project Assimilated eco-centric archive,D009,Planning,607567.87,1288416.65,Critical
PRJ2421,Project Implemented analyzing open system,D017,Completed,512478.93,3760485.82,Critical
PRJ2422,Project Self-enabling grid-enabled contingency,D012,In Progress,228000.88,4685483.42,High
PRJ2423,Project Persistent logistical strategy,D006,Planning,159740.35,995604.93,Critical
PRJ2424,Project Innovative bottom-line leverage,D005,Completed,199825.35,1699400.89,High
PRJ2425,Project Self-enabling upward-trending open architecture,D003,Completed,189330.58,1675270.65,Medium
PRJ2426,Project De-engineered radical protocol,D009,Cancelled,13203.94,3110633.83,Medium
PRJ2427,Project User-centric grid-enabled interface,D005,Completed,603991.57,2730213.03,Critical
PRJ2428,Project Switchable 5thgeneration function,D018,Completed,568480.51,2876253.36,Low
PRJ2429,Project Intuitive needs-based moderator,D017,Planning,272368.16,2267878.78,High
PRJ2430,Project Multi-channeled mission-critical benchmark,D001,Completed,269426.98,1268385.91,Medium
PRJ2431,Project Compatible zero administration frame,D010,Completed,159854.2,134415.88,Low
PRJ2432,Project Up-sized fault-tolerant complexity,D013,In Progress,400630.44,1072849.99,Critical
PRJ2433,Project Future-proofed 6thgeneration infrastructure,D014,In Progress,335550.62,4515241.52,High
PRJ2434,Project Progressive solution-oriented throughput,D003,In Progress,770707.99,1668057.22,Medium
PRJ2435,Project Stand-alone modular flexibility,D016,Completed,132086.36,63396.14,Medium
PRJ2436,Project Synchronized bandwidth-monitored intranet,D005,In Progress,857842.27,2319423.95,High
PRJ2437,Project Inverse interactive orchestration,D007,Planning,525345.95,3431604.41,Critical
PRJ2438,Project Re-engineered executive software,D003,Completed,631421.91,1938815.65,Low
PRJ2439,Project Enterprise-wide content-based hierarchy,D014,In Progress,633025.53,285326.13,High
PRJ2440,Project Visionary systematic help-desk,D006,Completed,687062.83,3168038.83,Medium
PRJ2441,Project Versatile intermediate orchestration,D019,In Progress,230310.74,1773034.86,High
PRJ2442,Project Organized intangible knowledge user,D007,Planning,913252.92,793337.46,High
PRJ2443,Project Innovative responsive access,D002,Completed,464108.36,1948866.41,High
PRJ2444,Project Total motivating success,D001,Completed,537676.25,2688997.84,Low
PRJ2445,Project Re-contextualized directional leverage,D016,Completed,960340.37,4551864.32,Low
PRJ2446,Project Seamless client-server artificial intelligence,D020,Planning,886953.76,96128.16,Medium
PRJ2447,Project Multi-layered transitional solution,D019,In Progress,850960.14,2963229.98,Critical
PRJ2448,Project Persistent system-worthy encoding,D013,Completed,227468.38,2644410.43,Medium
PRJ2449,Project Function-based executive product,D020,In Progress,847980.83,4023623.59,Low
PRJ2450,Project Profit-focused homogeneous capability,D008,Completed,147723.44,1190298.92,Critical
PRJ2451,Project Compatible maximized Graphic Interface,D004,Planning,339924.37,507056.71,Low
PRJ2452,Project Cross-platform fault-tolerant structure,D005,In Progress,945530.67,942900.29,Medium
PRJ2453,Project Multi-lateral bottom-line algorithm,D016,Completed,364405.88,418550.77,High
PRJ2454,Project De-engineered 4thgeneration superstructure,D003,Completed,518442.41,827760.74,Medium
PRJ2455,Project Profit-focused system-worthy capability,D017,Completed,161459.35,1533183.06,Critical
PRJ2456,Project Focused systematic frame,D014,In Progress,856976.16,1531151.19,High
PRJ2457,Project Reduced multi-state functionalities,D018,Completed,116282.04,3752845.82,Low
PRJ2458,Project Front-line 24hour collaboration,D002,Planning,229556.39,268313.2,High
PRJ2459,Project Re-contextualized non-volatile adapter,D005,Completed,614169.81,558057.59,Critical
PRJ2460,Project Focused coherent moratorium,D013,Completed,577694.73,2546905.14,Critical
PRJ2461,Project Optimized mobile superstructure,D008,Cancelled,18579.36,1365002.65,Low
PRJ2462,Project Reduced asymmetric groupware,D014,Planning,968094.33,867116.81,Critical
PRJ2463,Project Multi-layered multi-tasking database,D015,Cancelled,880533.84,2499396.49,Critical
PRJ2464,Project Grass-roots bandwidth-monitored frame,D008,Completed,136758.0,1639956.07,High
PRJ2465,Project Upgradable analyzing encryption,D003,In Progress,632390.14,1209980.17,High
PRJ2466,Project Adaptive dynamic database,D020,In Progress,289192.93,3237048.28,Low
PRJ2467,Project Mandatory zero-defect open system,D006,In Progress,109666.82,4082589.83,Low
PRJ2468,Project Horizontal coherent focus group,D017,In Progress,704092.24,357413.3,Low
PRJ2469,Project Multi-layered attitude-oriented neural-net,D010,In Progress,396736.61,2286383.15,Medium
PRJ2470,Project Digitized background toolset,D020,Completed,859155.04,1136183.61,High
PRJ2471,Project Object-based holistic contingency,D008,Completed,84423.25,1286399.33,Critical
PRJ2472,Project Pre-emptive systemic data-warehouse,D004,In Progress,422773.25,2301306.91,High
PRJ2473,Project Down-sized local emulation,D013,Planning,873124.11,813735.08,High
PRJ2474,Project Profit-focused regional capacity,D006,Completed,861329.3,3045367.29,High
PRJ2475,Project Self-enabling attitude-oriented emulation,D016,Completed,919170.57,1114209.27,Medium
PRJ2476,Project Automated real-time archive,D014,Completed,135271.6,4605576.74,Low
PRJ2477,Project Multi-lateral mission-critical encoding,D001,Completed,120363.1,2976739.81,Medium
PRJ2478,Project Adaptive hybrid secured line,D019,In Progress,468561.9,1058723.22,High
PRJ2479,Project Robust real-time encryption,D020,In Progress,611660.33,3368910.89,Critical
PRJ2480,Project Open-source disintermediate secured line,D008,Completed,902916.36,4702958.53,High
PRJ2481,Project Intuitive logistical moderator,D006,In Progress,91361.22,3938825.56,Medium
PRJ2482,Project Down-sized coherent software,D017,Completed,826292.09,1431526.27,High
PRJ2483,Project Customizable responsive workforce,D007,Completed,384634.13,178326.22,Low
PRJ2484,Project Operative clear-thinking solution,D004,In Progress,174861.87,3877079.67,Low
PRJ2485,Project Expanded national matrix,D002,Completed,883419.87,2284831.66,Medium
PRJ2486,Project Visionary transitional intranet,D013,Completed,937104.09,4654973.21,High
PRJ2487,Project Universal tertiary encryption,D002,Cancelled,733125.82,1660744.84,Medium
PRJ2488,Project Polarized 24hour circuit,D007,In Progress,816003.95,2389236.05,Critical
PRJ2489,Project Cloned fault-tolerant budgetary management,D008,Completed,512421.92,2775761.43,Medium
PRJ2490,Project Monitored mission-critical open system,D017,Completed,271189.71,4668968.36,Medium
PRJ2491,Project Optional intangible interface,D018,In Progress,117781.35,2514982.38,Low
PRJ2492,Project Expanded holistic implementation,D019,Completed,731183.5,2114001.64,High
PRJ2493,Project Monitored systemic budgetary management,D013,Planning,920548.2,4702706.93,Medium
PRJ2494,Project Re-contextualized client-driven time-frame,D013,Completed,672540.91,4025418.75,Medium
PRJ2495,Project Expanded solution-oriented concept,D009,In Progress,635907.36,4006832.74,Low
PRJ2496,Project Realigned explicit workforce,D009,Completed,112616.92,193010.62,High
PRJ2497,Project Pre-emptive fault-tolerant alliance,D018,Completed,699037.97,198886.26,Critical
PRJ2498,Project Polarized client-server system engine,D005,Completed,444786.51,686700.39,High
PRJ2499,Project Re-engineered web-enabled instruction set,D015,Completed,49361.19,3046699.8,Low
PRJ2500,Project Reverse-engineered needs-based standardization,D003,In Progress,550737.39,548260.22,Medium
PRJ2501,Project Optimized cohesive software,D012,In Progress,881402.43,4410384.14,Medium
PRJ2502,Project Cross-platform object-oriented solution,D019,Completed,821725.94,1528937.74,Critical
PRJ2503,Project Optimized logistical neural-net,D008,In Progress,579945.32,519839.85,Critical
PRJ2504,Project Organized local contingency,D009,Cancelled,826048.42,1543605.19,Critical
PRJ2505,Project Triple-buffered modular leverage,D010,Completed,741181.53,1361896.87,High
PRJ2506,Project Upgradable multi-tasking projection,D006,Completed,788098.27,1337540.49,Low
PRJ2507,Project Fundamental zero tolerance synergy,D004,Completed,997037.62,1759237.57,Critical
PRJ2508,Project Triple-buffered mobile customer loyalty,D016,Planning,793749.3,2294779.64,High
PRJ2509,Project Distributed 4thgeneration structure,D013,Planning,916633.19,2038522.1,Critical
PRJ2510,Project Business-focused asynchronous workforce,D004,Cancelled,79551.94,4889021.24,Low
PRJ2511,Project Vision-oriented 6thgeneration Internet solution,D003,In Progress,642042.15,2153396.39,High
PRJ2512,Project Triple-buffered multi-tasking success,D011,Completed,279661.22,3219625.55,High
PRJ2513,Project Reverse-engineered web-enabled superstructure,D019,In Progress,865074.19,3162894.12,Low
PRJ2514,Project Diverse composite concept,D011,Planning,812957.22,4663547.04,Low
PRJ2515,Project Versatile bifurcated toolset,D006,Completed,214238.41,4388915.61,Critical
PRJ2516,Project Public-key bandwidth-monitored open system,D002,In Progress,907635.31,1849745.49,Medium
PRJ2517,Project Reactive zero administration Local Area Network,D014,In Progress,210885.69,4646429.83,Medium
PRJ2518,Project Advanced human-resource installation,D015,Cancelled,637633.23,4558641.05,Low
PRJ2519,Project Pre-emptive maximized standardization,D013,Planning,527593.43,1862159.18,High
PRJ2520,Project Stand-alone impactful access,D007,Completed,460457.99,963216.6,Low
PRJ2521,Project Upgradable mission-critical knowledgebase,D018,Completed,605312.3,972603.47,Medium
PRJ2522,Project Cross-platform executive functionalities,D013,Completed,477529.76,1936793.76,High
PRJ2523,Project Enterprise-wide eco-centric system engine,D012,Completed,716276.68,2824105.13,High
PRJ2524,Project Expanded fault-tolerant analyzer,D003,Completed,629995.19,4054080.01,Medium
PRJ2525,Project Advanced interactive capability,D002,Completed,603410.09,1611602.22,Medium
PRJ2526,Project Streamlined multi-tasking moratorium,D011,In Progress,429841.74,4347935.86,Critical
PRJ2527,Project Customizable empowering access,D006,Completed,830795.71,1949025.35,Medium
PRJ2528,Project Grass-roots directional concept,D018,Completed,105379.86,4795010.89,Critical
PRJ2529,Project Adaptive methodical intranet,D002,Planning,827778.39,4530035.33,Medium
PRJ2530,Project Implemented global migration,D012,Completed,152448.4,2603214.2,High
PRJ2531,Project Organic exuding application,D011,Planning,199769.53,4941434.55,Critical
PRJ2532,Project Synchronized modular groupware,D007,Completed,882420.78,1595490.09,High
PRJ2533,Project Compatible user-facing solution,D013,Completed,805804.78,1604108.43,Medium
PRJ2534,Project Function-based tertiary info-mediaries,D009,Planning,378581.32,4880685.02,Critical
PRJ2535,Project Innovative grid-enabled standardization,D004,Completed,331378.36,880151.68,Critical
PRJ2536,Project Down-sized empowering application,D003,Completed,289760.3,3476845.19,Low
PRJ2537,Project Reactive mobile firmware,D013,Completed,810892.12,4509960.52,Critical
PRJ2538,Project De-engineered systematic analyzer,D005,In Progress,491680.13,3208078.87,Low
PRJ2539,Project Quality-focused even-keeled flexibility,D017,Completed,474661.65,1019211.67,Low
PRJ2540,Project Open-source fault-tolerant definition,D011,Planning,622032.79,469119.19,Medium
PRJ2541,Project Fundamental empowering intranet,D002,Completed,443945.45,3997984.38,Low
PRJ2542,Project Advanced interactive policy,D015,Completed,723118.47,2137825.56,Low
PRJ2543,Project Operative intangible project,D020,Cancelled,943934.46,2044720.69,Low
PRJ2544,Project Decentralized demand-driven policy,D010,Planning,63492.96,2648378.72,Medium
PRJ2545,Project Exclusive motivating parallelism,D008,Completed,420864.76,4127209.97,Critical
PRJ2546,Project Versatile dedicated focus group,D007,Completed,405483.91,3933500.06,Critical
PRJ2547,Project Proactive mobile strategy,D009,Completed,680096.31,4980932.26,High
PRJ2548,Project Re-engineered homogeneous projection,D020,In Progress,886918.07,1984196.67,High
PRJ2549,Project Cross-group zero-defect secured line,D016,Completed,383911.99,1568026.17,Critical
PRJ2550,Project Customizable bi-directional application,D012,Completed,695474.24,4864250.45,High
PRJ2551,Project Ergonomic directional moderator,D004,Planning,674662.07,4957209.28,Medium
PRJ2552,Project Secured bandwidth-monitored matrices,D005,Completed,565456.79,2157493.4,Critical
PRJ2553,Project Exclusive asynchronous standardization,D007,Completed,728001.85,4237424.4,High
PRJ2554,Project Expanded needs-based interface,D010,In Progress,757401.82,4763190.47,Critical
PRJ2555,Project Inverse discrete focus group,D003,Planning,440163.47,1800818.96,Low
PRJ2556,Project Polarized bandwidth-monitored archive,D010,In Progress,505040.95,286045.77,High
PRJ2557,Project Realigned uniform leverage,D013,Completed,463875.5,3270116.27,Critical
PRJ2558,Project Ameliorated coherent moderator,D013,Completed,27789.23,2525889.94,Low
PRJ2559,Project Optional stable interface,D011,Completed,341240.06,4059062.29,Critical
PRJ2560,Project Enterprise-wide client-server intranet,D006,Completed,564623.47,3996765.36,High
PRJ2561,Project User-centric multi-state conglomeration,D004,Planning,271348.5,1522570.45,Medium
PRJ2562,Project Upgradable 4thgeneration project,D008,In Progress,617737.89,1484498.73,Medium
PRJ2563,Project Synergistic actuating hierarchy,D008,Planning,893094.48,3106816.22,Critical
PRJ2564,Project Realigned system-worthy artificial intelligence,D018,Completed,399957.43,168861.39,Low
PRJ2565,Project Triple-buffered demand-driven monitoring,D020,In Progress,638422.47,2276549.4,Medium
PRJ2566,Project Profit-focused systemic ability,D001,In Progress,508907.61,1790845.84,Critical
PRJ2567,Project Profit-focused incremental structure,D002,Completed,974472.62,4907794.15,Critical
PRJ2568,Project Up-sized bifurcated Graphic Interface,D011,Planning,891371.15,3325108.8,High
PRJ2569,Project Team-oriented grid-enabled groupware,D016,Planning,448371.41,3975541.44,Critical
PRJ2570,Project Team-oriented 5thgeneration structure,D002,Planning,914822.05,3582744.64,Critical
PRJ2571,Project Adaptive human-resource structure,D003,Completed,966687.1,3110779.64,Medium
PRJ2572,Project Progressive methodical projection,D010,In Progress,951342.25,3062715.65,Low
PRJ2573,Project Up-sized encompassing protocol,D015,Planning,196056.1,4024693.54,Low
PRJ2574,Project Programmable attitude-oriented projection,D011,Completed,211813.48,605372.19,High
PRJ2575,Project Up-sized foreground website,D009,Completed,18899.66,1066141.07,Critical
PRJ2576,Project Triple-buffered content-based encoding,D005,In Progress,344346.61,2942441.85,High
PRJ2577,Project Total holistic pricing structure,D014,Completed,251238.71,2852206.45,Medium
PRJ2578,Project Compatible asynchronous initiative,D017,Planning,513943.85,1570741.84,Medium
PRJ2579,Project Focused regional flexibility,D009,In Progress,696017.32,4563061.57,High
PRJ2580,Project Customer-focused fresh-thinking throughput,D003,In Progress,162152.53,463039.33,Medium
PRJ2581,Project Public-key attitude-oriented implementation,D020,In Progress,75103.83,4184445.93,Critical
PRJ2582,Project Digitized multi-state synergy,D018,Planning,989977.39,2796076.7,Medium
PRJ2583,Project Managed content-based capability,D002,Completed,65733.68,1102761.1,Low
PRJ2584,Project Exclusive value-added moratorium,D013,Completed,40682.23,3872315.27,High
PRJ2585,Project Digitized neutral array,D012,Completed,317525.92,825279.54,Low
PRJ2586,Project Devolved 6thgeneration moderator,D013,Completed,30450.2,3371331.35,Low
PRJ2587,Project Fundamental 4thgeneration alliance,D020,Completed,290112.49,1351054.23,Low
PRJ2588,Project Decentralized incremental matrix,D002,Cancelled,575472.04,2356431.82,Critical
PRJ2589,Project Down-sized didactic archive,D020,Planning,406020.92,2206871.4,Medium
PRJ2590,Project Decentralized optimal Graphical User Interface,D003,Completed,861608.61,4931070.61,High
PRJ2591,Project Pre-emptive multi-state initiative,D005,In Progress,141643.45,684972.94,Low
PRJ2592,Project Robust grid-enabled pricing structure,D018,Cancelled,917743.84,3346804.25,Low
PRJ2593,Project Triple-buffered clear-thinking task-force,D004,Completed,134980.15,1043454.6,Medium
PRJ2594,Project Re-contextualized cohesive budgetary management,D014,In Progress,772195.87,4708466.84,Low
PRJ2595,Project Innovative heuristic Graphical User Interface,D018,Completed,478912.93,4861292.21,Critical
PRJ2596,Project Multi-lateral solution-oriented open system,D006,Completed,984010.98,3547454.15,High
PRJ2597,Project Stand-alone systematic adapter,D020,In Progress,364890.9,4056848.18,Critical
PRJ2598,Project Organic zero-defect alliance,D007,Completed,681743.78,1303401.33,High
PRJ2599,Project Focused zero-defect implementation,D008,In Progress,620368.78,1583620.93,Medium
PRJ2600,Project Distributed zero tolerance approach,D012,In Progress,452704.85,4232249.05,Low
PRJ2601,Project Ameliorated composite installation,D016,Completed,644921.75,95142.09,Critical
PRJ2602,Project Devolved transitional structure,D018,Planning,112834.88,4935554.26,Low
PRJ2603,Project Innovative attitude-oriented approach,D009,Completed,452917.12,163861.0,High
PRJ2604,Project Networked encompassing toolset,D020,Completed,588042.53,2009263.51,Low
PRJ2605,Project Digitized multi-state service-desk,D005,Completed,288065.42,178311.76,Medium
PRJ2606,Project Up-sized stable system engine,D001,In Progress,18628.08,2037430.02,High
PRJ2607,Project Customer-focused mission-critical Local Area Network,D014,Completed,186846.09,587055.53,Medium
PRJ2608,Project Progressive client-driven encryption,D004,Completed,273045.04,1587868.28,High
PRJ2609,Project Optimized encompassing groupware,D001,Planning,592830.84,312060.56,Medium
PRJ2610,Project Seamless upward-trending service-desk,D002,In Progress,832291.97,1357806.44,High
PRJ2611,Project Digitized zero administration data-warehouse,D019,In Progress,580318.73,3642450.72,Low
PRJ2612,Project Networked value-added focus group,D014,In Progress,670311.31,4815210.27,Low
PRJ2613,Project Team-oriented neutral interface,D020,Completed,446223.47,625311.06,High
PRJ2614,Project User-friendly mobile data-warehouse,D016,Planning,201019.92,581321.12,Critical
PRJ2615,Project Persevering mobile contingency,D003,In Progress,920367.79,763618.15,Low
PRJ2616,Project Implemented systematic workforce,D010,Completed,561617.41,4985035.26,Medium
PRJ2617,Project Business-focused uniform complexity,D007,In Progress,837072.2,2581984.51,High
PRJ2618,Project Proactive systemic knowledgebase,D016,In Progress,346706.28,2225791.03,Medium
PRJ2619,Project Digitized mission-critical Graphic Interface,D017,Completed,495056.24,56389.87,Critical
PRJ2620,Project Organic object-oriented leverage,D018,Planning,804890.15,2209508.7,Critical
PRJ2621,Project Business-focused composite ability,D007,Planning,395876.5,4401795.03,Medium
PRJ2622,Project Front-line asymmetric protocol,D016,Completed,603232.92,3093639.64,High
PRJ2623,Project Cross-group didactic middleware,D014,Completed,544492.87,3960094.49,Medium
PRJ2624,Project Enterprise-wide impactful customer loyalty,D003,Completed,939417.41,4360179.18,Low
PRJ2625,Project Diverse grid-enabled firmware,D014,Completed,789965.86,4943835.25,Medium
PRJ2626,Project Decentralized bottom-line data-warehouse,D015,Completed,513558.91,820445.33,Critical
PRJ2627,Project Profound responsive capability,D012,Planning,530956.94,4575391.33,High
PRJ2628,Project Ameliorated tertiary artificial intelligence,D004,Completed,819658.74,2243182.67,Critical
PRJ2629,Project Persistent global firmware,D003,In Progress,178306.72,1369102.94,High
PRJ2630,Project Multi-layered hybrid structure,D009,Completed,370292.97,1024080.24,Critical
PRJ2631,Project Cloned contextually-based intranet,D012,In Progress,634982.45,245555.48,Medium
PRJ2632,Project Profound bi-directional Graphic Interface,D013,Planning,455777.91,952639.81,Medium
PRJ2633,Project Mandatory optimal framework,D013,Cancelled,592750.76,2878655.14,High
PRJ2634,Project Customizable explicit groupware,D020,Cancelled,83701.94,4242523.92,Low
PRJ2635,Project Exclusive executive help-desk,D006,Completed,30591.01,590923.68,Critical
PRJ2636,Project Re-contextualized impactful service-desk,D008,Completed,844628.13,1413512.4,Low
PRJ2637,Project Optional stable matrices,D014,In Progress,146319.57,1539830.87,High
PRJ2638,Project Switchable explicit framework,D019,Completed,482331.23,2899001.97,Medium
PRJ2639,Project Visionary logistical architecture,D013,Completed,711311.3,2765000.71,Low
PRJ2640,Project Multi-channeled system-worthy productivity,D017,Completed,555834.27,437048.11,Medium
PRJ2641,Project Reduced solution-oriented projection,D019,Completed,453629.59,4492137.44,Low
PRJ2642,Project Profound hybrid functionalities,D019,Cancelled,13552.84,3493976.8,Medium
PRJ2643,Project Implemented client-driven functionalities,D009,In Progress,222194.31,2765658.29,Medium
PRJ2644,Project Open-source needs-based analyzer,D004,Completed,201070.94,2450369.94,Medium
PRJ2645,Project Synergistic transitional challenge,D013,Planning,495837.84,2038511.54,Low
PRJ2646,Project Programmable disintermediate framework,D003,Completed,157381.95,4579922.64,Low
PRJ2647,Project Reduced background matrices,D017,Completed,809360.72,3878895.85,Medium
PRJ2648,Project Implemented transitional hierarchy,D018,Completed,29451.02,3101485.14,High
PRJ2649,Project Right-sized contextually-based system engine,D003,Completed,449694.63,1424029.59,High
PRJ2650,Project Re-engineered coherent info-mediaries,D010,Planning,600996.43,136832.02,Medium
PRJ2651,Project Right-sized non-volatile secured line,D011,Planning,995001.34,2957056.0,Critical
PRJ2652,Project Right-sized systemic implementation,D018,In Progress,214703.17,327754.87,Critical
PRJ2653,Project Up-sized transitional service-desk,D005,In Progress,601276.32,2333389.42,Low
PRJ2654,Project Business-focused object-oriented analyzer,D010,Completed,354469.03,2618780.65,High
PRJ2655,Project Re-engineered human-resource encryption,D011,In Progress,129605.43,2485765.14,High
PRJ2656,Project Robust asymmetric frame,D012,Completed,51291.89,1075008.37,Low
PRJ2657,Project Universal bottom-line workforce,D017,Completed,941936.56,1075475.38,High
PRJ2658,Project Managed impactful concept,D008,Completed,699018.23,1859509.63,Critical
PRJ2659,Project Cross-group asymmetric algorithm,D011,Completed,850042.25,3697323.06,Medium
PRJ2660,Project Organized mission-critical customer loyalty,D001,Completed,365962.76,697591.95,Medium
PRJ2661,Project Customer-focused client-server contingency,D018,Completed,499408.66,2362073.65,Critical
PRJ2662,Project Diverse exuding installation,D014,Planning,351093.22,4482348.5,Critical
PRJ2663,Project Automated radical installation,D007,In Progress,787107.72,2360671.28,High
PRJ2664,Project Open-source leadingedge application,D008,Completed,249575.71,2095122.16,Low
PRJ2665,Project Profound zero administration concept,D006,Completed,275971.65,3698658.57,Critical
PRJ2666,Project Balanced actuating synergy,D011,Planning,564562.77,3630153.21,High
PRJ2667,Project Cloned optimal core,D015,Completed,576031.5,3229497.09,Critical
PRJ2668,Project Configurable global emulation,D011,Planning,962540.56,1847710.89,High
PRJ2669,Project Cloned attitude-oriented synergy,D020,Planning,546145.94,290825.41,High
PRJ2670,Project Configurable explicit projection,D018,Completed,307739.85,2215062.12,Medium
PRJ2671,Project Object-based real-time toolset,D019,In Progress,482837.53,836018.07,Low
PRJ2672,Project Cross-group even-keeled forecast,D016,In Progress,231444.41,3999442.22,Medium
PRJ2673,Project Self-enabling holistic methodology,D001,Planning,183475.62,4566027.06,Medium
PRJ2674,Project Versatile static product,D001,Completed,981504.11,3070257.62,Low
PRJ2675,Project Universal multi-state benchmark,D014,Completed,517889.95,3752325.91,High
PRJ2676,Project Networked local capability,D010,Completed,812313.9,3725756.66,Critical
PRJ2677,Project Function-based zero administration hierarchy,D003,In Progress,498627.72,4392354.82,Medium
PRJ2678,Project Optional contextually-based hardware,D016,In Progress,232036.93,1710079.09,Low
PRJ2679,Project De-engineered human-resource paradigm,D009,In Progress,338029.28,1035999.79,High
PRJ2680,Project Adaptive well-modulated open system,D020,Completed,172598.61,3212101.56,High
PRJ2681,Project Grass-roots bandwidth-monitored core,D013,In Progress,380102.49,948065.38,Critical
PRJ2682,Project Public-key multi-state structure,D009,Planning,827212.86,3491160.5,High
PRJ2683,Project Exclusive leadingedge flexibility,D008,Planning,190622.65,3327066.06,Medium
PRJ2684,Project Public-key zero-defect neural-net,D017,Completed,336139.68,3260062.75,Medium
PRJ2685,Project Re-contextualized 24hour success,D008,Cancelled,114172.44,305810.45,Low
PRJ2686,Project Object-based systemic open architecture,D003,Planning,341247.45,3969970.09,Critical
PRJ2687,Project Realigned intermediate circuit,D015,In Progress,439851.57,4140449.68,Medium
PRJ2688,Project Decentralized modular hardware,D017,In Progress,415061.03,2400229.02,High
PRJ2689,Project User-friendly zero tolerance core,D020,Completed,694801.7,4372885.26,Critical
PRJ2690,Project Business-focused solution-oriented application,D018,Completed,336430.43,855352.41,Medium
PRJ2691,Project Synergistic 24hour approach,D018,Completed,934402.61,3349888.18,Medium
PRJ2692,Project Function-based asymmetric website,D013,In Progress,520174.96,2377754.04,Critical
PRJ2693,Project Realigned analyzing middleware,D003,Completed,731938.15,297528.44,Medium
PRJ2694,Project Synchronized tangible moratorium,D020,Completed,597386.14,3430020.97,High
PRJ2695,Project Persistent context-sensitive pricing structure,D018,In Progress,559249.9,3444785.27,Critical
PRJ2696,Project Front-line client-server strategy,D010,In Progress,204330.54,4453586.52,Medium
PRJ2697,Project Stand-alone multimedia support,D020,In Progress,919598.39,1586861.0,Medium
PRJ2698,Project Decentralized transitional definition,D001,In Progress,366994.44,2708919.57,Low
PRJ2699,Project Diverse contextually-based paradigm,D010,In Progress,813612.49,2315161.95,Critical
PRJ2700,Project Multi-layered non-volatile architecture,D008,Completed,637887.8,158579.52,Critical
PRJ2701,Project Adaptive global focus group,D011,In Progress,533054.64,1264380.73,High
PRJ2702,Project Assimilated executive initiative,D001,In Progress,301395.41,4339680.27,Medium
PRJ2703,Project Virtual cohesive solution,D015,In Progress,236554.65,3767326.22,Low
PRJ2704,Project Multi-lateral coherent encryption,D006,In Progress,597236.64,227649.8,Medium
PRJ2705,Project Virtual static Local Area Network,D006,In Progress,879628.04,3133203.4,Medium
PRJ2706,Project Front-line national pricing structure,D012,Completed,773152.3,1558975.56,High
PRJ2707,Project Reduced logistical concept,D011,In Progress,276625.5,4085341.62,Low
PRJ2708,Project Ameliorated client-server middleware,D008,Completed,327174.32,3548335.18,Critical
PRJ2709,Project Robust demand-driven firmware,D014,Completed,548082.66,938773.37,High
PRJ2710,Project Cross-platform multi-tasking capability,D011,Planning,954136.3,3980356.45,Critical
PRJ2711,Project Configurable optimizing definition,D006,Planning,326888.14,4990784.46,Low
PRJ2712,Project Phased composite orchestration,D013,Completed,469721.98,3402433.34,Low
PRJ2713,Project Compatible multimedia contingency,D018,In Progress,233338.59,1819034.37,Medium
PRJ2714,Project Open-source dynamic paradigm,D018,In Progress,498573.93,754848.03,Low
PRJ2715,Project Implemented composite budgetary management,D020,In Progress,860907.45,4567400.51,Medium
PRJ2716,Project Profound high-level attitude,D003,Completed,716765.75,1064918.55,Critical
PRJ2717,Project Distributed eco-centric Graphical User Interface,D006,Completed,742494.57,4275681.65,Medium
PRJ2718,Project Expanded 5thgeneration model,D012,In Progress,596863.74,4684926.59,Low
PRJ2719,Project Balanced tangible complexity,D006,In Progress,12160.88,2451451.99,High
PRJ2720,Project Public-key responsive access,D013,Planning,550887.9,3330134.87,Medium
PRJ2721,Project Versatile 5thgeneration help-desk,D004,Completed,727324.08,699173.87,Medium
PRJ2722,Project Multi-lateral systemic open architecture,D019,Completed,195922.24,3318213.66,Medium
PRJ2723,Project Right-sized didactic concept,D004,Completed,121621.84,4303522.16,Medium
PRJ2724,Project Multi-channeled zero administration service-desk,D005,Completed,37609.65,3349200.58,High
PRJ2725,Project Organic maximized core,D004,Planning,914413.49,3064004.11,Medium
PRJ2726,Project Self-enabling full-range moratorium,D012,Completed,666861.26,4108415.43,Low
PRJ2727,Project Team-oriented dedicated matrix,D010,In Progress,389369.77,4375844.36,Low
PRJ2728,Project Polarized secondary solution,D006,Completed,434441.18,2078233.76,Low
PRJ2729,Project Pre-emptive modular interface,D008,Completed,257927.05,3414777.59,Critical
PRJ2730,Project Object-based 24hour methodology,D005,Completed,422141.59,704298.41,Low
PRJ2731,Project Automated explicit concept,D004,In Progress,330450.68,3351791.74,High
PRJ2732,Project Progressive non-volatile installation,D014,Completed,277764.76,1337376.17,Critical
PRJ2733,Project Robust contextually-based system engine,D002,In Progress,597806.93,1568843.1,Medium
PRJ2734,Project Switchable zero tolerance neural-net,D008,Cancelled,177136.77,1481650.52,Critical
PRJ2735,Project Object-based client-driven analyzer,D010,Completed,508628.55,1598652.65,High
PRJ2736,Project Virtual hybrid parallelism,D010,Completed,658222.51,3018812.05,Critical
PRJ2737,Project Vision-oriented neutral structure,D004,Completed,276587.34,2332258.45,High
PRJ2738,Project Horizontal logistical open architecture,D020,Completed,715377.49,2632013.71,High
PRJ2739,Project Customer-focused empowering synergy,D001,In Progress,727545.16,1021020.4,Low
PRJ2740,Project Multi-tiered 3rdgeneration capacity,D014,In Progress,793480.78,2260123.54,Medium
PRJ2741,Project Managed discrete flexibility,D006,Planning,711662.38,1212230.31,Medium
PRJ2742,Project Re-engineered mission-critical collaboration,D008,Completed,485375.83,2836531.02,High
PRJ2743,Project User-centric human-resource task-force,D012,Planning,588724.2,2799034.59,Low
PRJ2744,Project Vision-oriented contextually-based productivity,D011,Cancelled,560817.33,1924809.3,Low
PRJ2745,Project Open-architected regional functionalities,D012,Planning,202302.1,1748104.56,Medium
PRJ2746,Project Seamless client-server product,D008,In Progress,616621.98,451656.97,Low
PRJ2747,Project Synergized zero administration function,D003,Completed,667430.45,917698.24,Low
PRJ2748,Project Profit-focused maximized groupware,D014,Cancelled,540462.81,3787827.56,Low
PRJ2749,Project Innovative full-range policy,D012,Planning,541811.78,1136255.12,Low
PRJ2750,Project Front-line 5thgeneration leverage,D016,Cancelled,365487.02,2644291.88,Low
PRJ2751,Project Advanced attitude-oriented support,D010,Completed,939785.79,2863451.62,High
PRJ2752,Project Team-oriented multi-state strategy,D005,Planning,530555.22,1736697.86,Low
PRJ2753,Project Multi-tiered fault-tolerant functionalities,D018,In Progress,951678.96,244967.39,Critical
PRJ2754,Project Managed incremental encryption,D006,Completed,620838.27,2882973.37,Critical
PRJ2755,Project Up-sized solution-oriented functionalities,D008,In Progress,318556.52,445404.92,Medium
PRJ2756,Project Progressive responsive process improvement,D014,Planning,816640.08,789086.61,High
PRJ2757,Project Streamlined mission-critical budgetary management,D018,In Progress,861094.13,2147728.15,Critical
PRJ2758,Project Configurable static core,D018,Planning,698639.5,3088568.57,Critical
PRJ2759,Project Fully-configurable holistic pricing structure,D015,In Progress,634737.38,1242303.41,Medium
PRJ2760,Project Cross-platform logistical knowledge user,D005,In Progress,939261.85,1421727.09,Medium
PRJ2761,Project Grass-roots coherent intranet,D019,Completed,601900.03,2336769.71,Medium
PRJ2762,Project Multi-channeled scalable monitoring,D006,Completed,397912.86,3535184.34,High
PRJ2763,Project Multi-tiered user-facing challenge,D017,In Progress,212854.01,1696566.79,Critical
PRJ2764,Project Programmable coherent ability,D008,Planning,236650.05,1238633.05,Low
PRJ2765,Project Visionary radical open architecture,D011,Completed,336340.59,2906013.82,Medium
PRJ2766,Project Inverse value-added paradigm,D003,Completed,488627.35,4684460.29,Low
PRJ2767,Project Customizable composite solution,D013,Completed,284702.08,2189166.92,Medium
PRJ2768,Project Object-based bottom-line productivity,D011,Completed,394648.3,1186429.83,Critical
PRJ2769,Project Re-engineered tangible flexibility,D007,Completed,495624.08,3344657.88,High
PRJ2770,Project Switchable zero administration standardization,D002,Completed,765204.85,112819.29,Medium
PRJ2771,Project Persistent clear-thinking synergy,D016,Completed,933094.79,4636366.41,High
PRJ2772,Project Persistent client-driven forecast,D019,Planning,791437.08,4427057.11,Medium
PRJ2773,Project Centralized local implementation,D003,Completed,115235.38,2504147.2,High
PRJ2774,Project Intuitive 24/7 software,D012,In Progress,53952.83,3248546.35,Low
PRJ2775,Project Future-proofed asymmetric database,D015,Completed,197711.18,205001.1,Critical
PRJ2776,Project Universal well-modulated intranet,D006,Completed,443527.95,1563670.05,Low
PRJ2777,Project Realigned real-time toolset,D007,In Progress,306536.45,1134520.71,Low
PRJ2778,Project Down-sized foreground pricing structure,D007,Cancelled,587574.68,1751591.45,High
PRJ2779,Project Ameliorated incremental Internet solution,D015,Completed,647191.56,1735361.0,Low
PRJ2780,Project Cross-group national core,D012,In Progress,456309.07,2574829.84,High
PRJ2781,Project Monitored eco-centric toolset,D008,Completed,169842.21,4780936.39,Medium
PRJ2782,Project Automated radical paradigm,D003,Completed,552447.81,1810168.9,Critical
PRJ2783,Project Down-sized full-range project,D019,Completed,604357.92,3218387.02,High
PRJ2784,Project Focused asymmetric application,D015,Completed,859270.92,4581623.55,Critical
PRJ2785,Project Customizable solution-oriented protocol,D011,Completed,580112.26,432527.88,Critical
PRJ2786,Project Exclusive scalable project,D010,Planning,354039.81,3634185.8,High
PRJ2787,Project Organized fault-tolerant moderator,D010,Completed,603016.98,3277192.99,Medium
PRJ2788,Project Seamless fresh-thinking structure,D005,In Progress,101139.28,350383.85,Low
PRJ2789,Project Up-sized content-based portal,D014,In Progress,174934.03,715902.02,Critical
PRJ2790,Project Total coherent data-warehouse,D002,In Progress,402144.95,1920267.31,Medium
PRJ2791,Project Organized didactic focus group,D006,Completed,998918.02,3782849.67,Critical
PRJ2792,Project Object-based maximized application,D014,In Progress,650896.31,3329439.08,Medium
PRJ2793,Project Optimized optimal function,D015,Completed,805294.0,2820403.4,Critical
PRJ2794,Project Streamlined composite definition,D016,Completed,828976.66,4829842.61,Critical
PRJ2795,Project Innovative systemic algorithm,D013,In Progress,585735.63,3602895.63,Low
PRJ2796,Project Quality-focused actuating collaboration,D019,Completed,232743.95,3584243.24,Critical
PRJ2797,Project Decentralized client-driven migration,D010,Completed,85957.79,1501299.69,Critical
PRJ2798,Project Innovative national collaboration,D008,In Progress,279855.48,616088.18,Medium
PRJ2799,Project Cross-group optimizing software,D017,Completed,115218.86,2834373.48,Critical
PRJ2800,Project Customer-focused systemic support,D016,Completed,687983.15,1121202.33,High
PRJ2801,Project Up-sized responsive support,D011,Completed,842394.87,3069164.35,Medium
PRJ2802,Project Re-contextualized heuristic open architecture,D013,Completed,28799.43,2314348.1,Critical
PRJ2803,Project Proactive bifurcated instruction set,D018,In Progress,755617.28,1185193.66,Medium
PRJ2804,Project Up-sized content-based customer loyalty,D017,Completed,70806.26,1105374.61,High
PRJ2805,Project Progressive multi-state definition,D020,In Progress,56653.61,2135394.92,Medium
PRJ2806,Project Expanded user-facing hardware,D013,Completed,63583.05,3990952.18,Critical
PRJ2807,Project Implemented local concept,D008,In Progress,16375.89,677072.2,Medium
PRJ2808,Project Quality-focused clear-thinking frame,D017,Planning,567684.89,206821.28,Low
PRJ2809,Project Polarized explicit capability,D019,Completed,421512.0,4122062.27,Critical
PRJ2810,Project Re-engineered systematic concept,D007,Completed,778131.51,631727.16,Low
PRJ2811,Project Multi-layered 24/7 algorithm,D004,Planning,923591.22,2989220.11,Low
PRJ2812,Project Ergonomic static projection,D009,In Progress,122130.16,3844379.82,Medium
PRJ2813,Project Customizable demand-driven toolset,D006,Completed,491603.6,2163824.74,Medium
PRJ2814,Project Sharable tangible customer loyalty,D003,Completed,182601.06,2205632.41,Critical
PRJ2815,Project Reduced didactic definition,D009,In Progress,286142.61,1853317.38,High
PRJ2816,Project Mandatory next generation matrices,D019,In Progress,625892.76,4870795.32,Critical
PRJ2817,Project Triple-buffered reciprocal Local Area Network,D012,Completed,831317.75,2169835.56,Low
PRJ2818,Project Ameliorated client-server capacity,D012,In Progress,834090.36,608448.74,High
PRJ2819,Project Multi-channeled static matrix,D012,Planning,40314.83,4289641.16,Medium
PRJ2820,Project Fully-configurable context-sensitive moderator,D018,Completed,209004.29,3254830.48,High
PRJ2821,Project Centralized 5thgeneration Graphic Interface,D003,Completed,742303.23,657137.28,Medium
PRJ2822,Project Monitored radical Graphic Interface,D016,Completed,914760.55,4548271.56,High
PRJ2823,Project Reactive holistic secured line,D013,Completed,450500.71,1444797.5,Critical
PRJ2824,Project Function-based zero administration flexibility,D016,In Progress,235911.51,3250104.56,Medium
PRJ2825,Project Face-to-face explicit core,D012,Planning,847282.62,481957.53,High
PRJ2826,Project Versatile dedicated toolset,D003,Planning,137423.91,1241065.93,High
PRJ2827,Project Customer-focused well-modulated groupware,D008,Completed,635170.39,3432616.15,Low
PRJ2828,Project Networked homogeneous Local Area Network,D017,Completed,794682.92,2760647.98,Critical
PRJ2829,Project Integrated multi-state infrastructure,D012,Completed,521509.48,2430992.2,Critical
PRJ2830,Project Quality-focused regional time-frame,D001,Completed,287771.62,4577281.65,Medium
PRJ2831,Project Distributed background attitude,D001,Completed,505281.28,3911456.64,Low
PRJ2832,Project Cross-platform hybrid groupware,D016,Planning,443107.89,1619476.09,Critical
PRJ2833,Project Extended disintermediate intranet,D017,In Progress,810586.41,4068978.79,Critical
PRJ2834,Project Function-based optimal access,D011,Completed,957128.89,4061660.5,Low
PRJ2835,Project Optimized incremental instruction set,D020,Completed,180257.42,1138455.59,High
PRJ2836,Project Optimized impactful installation,D013,Completed,988183.61,1669032.57,Critical
PRJ2837,Project Adaptive demand-driven parallelism,D004,Planning,223245.11,4168486.28,Low
PRJ2838,Project Networked contextually-based help-desk,D014,Completed,629498.88,2827339.13,Low
PRJ2839,Project Reactive upward-trending model,D012,Completed,148112.09,1896926.16,Medium
PRJ2840,Project Expanded human-resource hierarchy,D016,In Progress,583279.03,4329492.86,High
PRJ2841,Project Organized empowering standardization,D003,Completed,624985.82,4455700.23,High
PRJ2842,Project Multi-lateral real-time approach,D018,Planning,994604.51,1948319.44,Low
PRJ2843,Project Enterprise-wide bi-directional help-desk,D004,Cancelled,804590.29,2314316.36,High
PRJ2844,Project Expanded solution-oriented ability,D013,Completed,300877.99,2672446.71,Medium
PRJ2845,Project Polarized well-modulated algorithm,D012,Completed,317728.25,944755.38,Low
PRJ2846,Project Multi-layered eco-centric hardware,D018,Completed,739455.91,4503346.84,Critical
PRJ2847,Project Seamless motivating knowledge user,D006,In Progress,533263.31,1532219.27,Critical
PRJ2848,Project Persistent methodical infrastructure,D006,Completed,835157.72,836006.38,Medium
PRJ2849,Project Multi-tiered exuding moderator,D006,Planning,339767.92,433329.71,Medium
PRJ2850,Project Grass-roots fresh-thinking policy,D012,Completed,499627.44,97681.89,Medium
PRJ2851,Project Synergized motivating functionalities,D016,Completed,142101.76,4274959.62,High
PRJ2852,Project Diverse discrete groupware,D012,Completed,69676.98,352471.39,Medium
PRJ2853,Project Fully-configurable explicit conglomeration,D002,Completed,404056.98,2699345.7,Medium
PRJ2854,Project User-friendly client-server matrix,D014,In Progress,965190.19,4705747.88,High
PRJ2855,Project Enhanced exuding service-desk,D016,Planning,74595.21,4311655.85,Low
PRJ2856,Project Assimilated 24hour model,D004,Cancelled,332214.61,1178900.33,High
PRJ2857,Project Ameliorated web-enabled help-desk,D006,In Progress,460735.48,461119.58,High
PRJ2858,Project Business-focused full-range challenge,D014,Completed,666393.18,4105059.73,Low
PRJ2859,Project Object-based radical focus group,D010,Completed,827928.61,2562762.88,Low
PRJ2860,Project Implemented value-added productivity,D006,Planning,250125.09,3080952.65,Critical
PRJ2861,Project Front-line needs-based functionalities,D011,Completed,331818.55,2192116.08,Critical
PRJ2862,Project Implemented human-resource hub,D003,In Progress,918327.5,1101385.21,Low
PRJ2863,Project Focused intangible parallelism,D007,In Progress,163288.99,2918922.76,High
PRJ2864,Project Polarized tertiary Graphical User Interface,D008,Completed,56444.04,3030856.67,Low
PRJ2865,Project Right-sized bi-directional approach,D014,Planning,584741.02,3803158.28,Critical
PRJ2866,Project Distributed impactful software,D018,Cancelled,458205.34,2981603.66,High
PRJ2867,Project Distributed client-server protocol,D002,Completed,631317.63,1039168.41,Medium
PRJ2868,Project Exclusive attitude-oriented process improvement,D020,In Progress,731243.22,3092895.77,Low
PRJ2869,Project Enhanced tangible portal,D007,In Progress,706345.48,728100.59,Medium
PRJ2870,Project Polarized asynchronous moratorium,D008,Planning,455110.61,92301.02,Medium
PRJ2871,Project Innovative eco-centric intranet,D003,Completed,844783.06,2429802.27,Medium
PRJ2872,Project Assimilated discrete groupware,D003,Completed,977456.18,1828640.47,Critical
PRJ2873,Project Cross-platform static conglomeration,D020,Completed,902327.78,4008188.28,Medium
PRJ2874,Project Virtual multimedia application,D005,Completed,641097.18,52974.62,High
PRJ2875,Project Front-line coherent task-force,D020,In Progress,889570.97,3324760.47,Low
PRJ2876,Project Digitized hybrid open system,D010,Completed,887581.75,1351725.19,Low
PRJ2877,Project Customizable optimal function,D003,Completed,490294.37,1810456.14,Medium
PRJ2878,Project Open-architected radical concept,D003,Cancelled,261484.63,1550817.28,Medium
PRJ2879,Project Synchronized client-server concept,D015,Completed,730337.45,1621648.5,Medium
PRJ2880,Project Multi-tiered motivating customer loyalty,D013,In Progress,782640.7,3180632.7,High
PRJ2881,Project Ergonomic dynamic contingency,D001,Completed,241107.48,2008719.79,High
PRJ2882,Project Managed multi-tasking data-warehouse,D012,Completed,451387.59,3704935.11,Medium
PRJ2883,Project Organic impactful website,D006,Completed,668234.01,3947436.56,Low
PRJ2884,Project Secured logistical contingency,D017,Planning,797373.2,4503432.05,High
PRJ2885,Project Integrated demand-driven implementation,D009,Completed,645686.01,2839302.93,Critical
PRJ2886,Project Total clear-thinking function,D017,Completed,809809.28,4226765.95,Critical
PRJ2887,Project Self-enabling national encoding,D006,Completed,426145.89,4093064.2,High
PRJ2888,Project Function-based grid-enabled architecture,D018,Completed,509187.18,4669113.69,High
PRJ2889,Project Cross-group optimal function,D007,Planning,815915.82,3441446.87,High
PRJ2890,Project Mandatory composite structure,D014,Cancelled,787581.57,809415.16,Medium
PRJ2891,Project Digitized interactive capability,D018,Planning,617437.44,3856129.57,Low
PRJ2892,Project Phased coherent adapter,D018,Planning,31437.18,3570279.33,High
PRJ2893,Project Quality-focused multi-tasking workforce,D005,In Progress,354733.27,1597335.39,High
PRJ2894,Project Focused radical policy,D004,Completed,982941.34,4929298.24,Critical
PRJ2895,Project Vision-oriented user-facing benchmark,D011,In Progress,890800.65,4590027.58,Critical
PRJ2896,Project Organic bandwidth-monitored contingency,D004,Planning,161442.89,1554238.57,High
PRJ2897,Project Digitized interactive archive,D020,Completed,629723.01,772949.42,Critical
PRJ2898,Project Versatile hybrid installation,D009,Planning,900951.16,2616289.61,High
PRJ2899,Project Cross-group directional software,D007,Planning,96563.62,2907519.53,Critical
PRJ2900,Project Diverse secondary encryption,D001,In Progress,989452.99,2686503.5,High
PRJ2901,Project Persistent motivating product,D011,Completed,779583.66,2950597.15,Medium
PRJ2902,Project Adaptive background flexibility,D004,In Progress,752422.71,2374674.95,Low
PRJ2903,Project Implemented demand-driven contingency,D013,In Progress,115851.42,2373827.94,Low
PRJ2904,Project Networked 24/7 initiative,D008,Completed,454209.39,1379467.32,Medium
PRJ2905,Project De-engineered background array,D004,Completed,642883.22,3868825.32,Medium
PRJ2906,Project Managed holistic migration,D017,Completed,225007.18,2691677.72,High
PRJ2907,Project Virtual non-volatile throughput,D001,In Progress,70342.6,2058546.26,Medium
PRJ2908,Project Adaptive non-volatile time-frame,D002,Planning,558457.07,826835.13,Low
PRJ2909,Project Implemented well-modulated attitude,D006,In Progress,499985.89,1291073.15,Medium
PRJ2910,Project Assimilated asymmetric protocol,D008,Completed,597319.3,4228817.04,Critical
PRJ2911,Project Visionary incremental open architecture,D014,Completed,774481.89,982160.38,Medium
PRJ2912,Project Object-based full-range software,D017,Completed,974622.46,691784.59,High
PRJ2913,Project Synchronized responsive encryption,D003,Completed,574331.94,642655.3,Critical
PRJ2914,Project Secured content-based moderator,D018,Cancelled,234860.86,2276129.89,Critical
PRJ2915,Project Optional real-time firmware,D012,Completed,535238.28,467326.22,Critical
PRJ2916,Project Vision-oriented solution-oriented methodology,D001,Completed,594081.41,3804620.25,High
PRJ2917,Project Automated incremental workforce,D005,Completed,814631.98,2468979.97,Medium
PRJ2918,Project Up-sized radical neural-net,D014,Completed,924779.98,2556116.9,High
PRJ2919,Project Reactive bifurcated synergy,D016,In Progress,51149.62,2499401.63,Low
PRJ2920,Project Synergized interactive pricing structure,D003,Completed,117903.94,4365672.69,Low
PRJ2921,Project Mandatory dynamic project,D004,Completed,276659.39,4802225.76,Low
PRJ2922,Project Object-based 6thgeneration middleware,D004,Completed,585218.24,639986.92,High
PRJ2923,Project Realigned contextually-based monitoring,D018,Completed,241588.33,3379171.21,Critical
PRJ2924,Project Diverse heuristic neural-net,D005,Completed,663744.49,2931431.52,High
PRJ2925,Project Optional 24hour moderator,D003,Planning,278131.34,2132836.09,Medium
PRJ2926,Project Stand-alone maximized parallelism,D009,In Progress,690036.56,377094.42,Low
PRJ2927,Project Distributed client-driven solution,D008,Completed,618630.08,113455.6,High
PRJ2928,Project Up-sized background product,D011,Completed,770934.62,1058263.62,Medium
PRJ2929,Project Sharable content-based model,D005,Cancelled,665702.89,4547024.78,High
PRJ2930,Project Quality-focused client-server info-mediaries,D015,Completed,15658.32,2219463.22,High
PRJ2931,Project Innovative national support,D013,Completed,89800.86,764800.09,Low
PRJ2932,Project De-engineered zero-defect data-warehouse,D016,Completed,924474.73,185564.75,Low
PRJ2933,Project Multi-tiered impactful moratorium,D016,Planning,787434.22,3905840.7,Critical
PRJ2934,Project Down-sized dynamic help-desk,D013,Completed,817815.28,1480760.27,High
PRJ2935,Project Streamlined asynchronous leverage,D001,Planning,883084.0,2261122.52,Critical
PRJ2936,Project Extended foreground focus group,D019,Completed,457753.99,656187.76,Low
PRJ2937,Project Customizable local functionalities,D016,Completed,287758.86,3495701.63,Critical
PRJ2938,Project Implemented local attitude,D012,In Progress,249764.03,177222.44,High
PRJ2939,Project Streamlined 6thgeneration capacity,D003,Completed,488216.94,1828677.03,Medium
PRJ2940,Project Distributed client-server collaboration,D003,In Progress,771773.05,74992.34,Low
PRJ2941,Project Front-line multimedia Graphic Interface,D004,In Progress,326577.59,241149.34,Low
PRJ2942,Project Profit-focused coherent process improvement,D005,Completed,667629.63,552414.75,Critical
PRJ2943,Project Managed didactic help-desk,D006,Planning,820422.31,1179677.39,Medium
PRJ2944,Project Devolved intermediate attitude,D011,Completed,548610.66,2088324.22,High
PRJ2945,Project Universal optimizing methodology,D015,In Progress,399926.26,1502379.79,High
PRJ2946,Project Horizontal 6thgeneration knowledge user,D002,In Progress,534411.66,1770158.34,Low
PRJ2947,Project Optimized non-volatile standardization,D013,Completed,553931.16,394587.42,High
PRJ2948,Project Exclusive client-driven toolset,D001,In Progress,23816.84,4892221.19,Critical
PRJ2949,Project Re-contextualized human-resource functionalities,D002,Completed,377714.84,4753588.44,Critical
PRJ2950,Project Mandatory zero-defect Local Area Network,D010,Completed,623390.15,1960568.11,Critical
PRJ2951,Project Synchronized needs-based encoding,D020,In Progress,521872.37,4545213.31,Medium
PRJ2952,Project Front-line impactful algorithm,D011,Completed,997514.42,3432786.28,Medium
PRJ2953,Project Advanced uniform interface,D005,Completed,522443.63,2796185.23,High
PRJ2954,Project Future-proofed 5thgeneration encryption,D008,Completed,688801.2,4896322.78,Low
PRJ2955,Project Stand-alone regional protocol,D010,Completed,143841.09,2644864.69,Critical
PRJ2956,Project Persevering asynchronous workforce,D012,In Progress,926806.75,4767227.44,Medium
PRJ2957,Project Profound transitional customer loyalty,D015,In Progress,270073.55,4889108.38,High
PRJ2958,Project Extended asynchronous moderator,D013,Completed,44377.43,4831185.85,Critical
PRJ2959,Project Inverse interactive productivity,D014,In Progress,270266.04,1941807.2,Critical
PRJ2960,Project Optimized methodical concept,D013,In Progress,621708.02,2382475.9,High
PRJ2961,Project Balanced hybrid software,D020,In Progress,226203.84,2077833.26,Critical
PRJ2962,Project Reverse-engineered fault-tolerant framework,D008,In Progress,277233.76,1279372.49,Medium
PRJ2963,Project Re-contextualized dedicated archive,D010,In Progress,226816.52,4245809.88,Critical
PRJ2964,Project Cross-platform homogeneous matrices,D016,In Progress,671154.03,3949629.82,Medium
PRJ2965,Project Quality-focused discrete portal,D014,In Progress,797032.66,263590.64,Low
PRJ2966,Project Compatible composite function,D010,In Progress,522426.55,1223122.17,Critical
PRJ2967,Project Robust tertiary capacity,D018,Completed,33012.77,4851830.27,High
PRJ2968,Project Ameliorated empowering collaboration,D018,Completed,611175.73,4396628.83,Low
PRJ2969,Project Fundamental intangible website,D015,In Progress,811784.65,4239637.47,High
PRJ2970,Project Front-line methodical solution,D007,Completed,859905.89,322649.86,Medium
PRJ2971,Project Switchable solution-oriented core,D018,Completed,378390.13,4026396.69,Medium
PRJ2972,Project Optional contextually-based capability,D001,Cancelled,675225.08,623587.05,Critical
PRJ2973,Project Innovative multimedia matrix,D009,Cancelled,298564.06,3899409.2,Critical
PRJ2974,Project Visionary local service-desk,D001,Completed,517643.67,472637.18,High
PRJ2975,Project Profit-focused multimedia moderator,D013,Cancelled,252679.7,3682771.23,High
PRJ2976,Project Monitored human-resource definition,D013,Cancelled,435258.35,1595424.75,High
PRJ2977,Project Assimilated mission-critical definition,D019,Completed,757659.76,4420092.26,Medium
PRJ2978,Project Devolved content-based structure,D016,In Progress,118365.06,2438486.77,High
PRJ2979,Project Face-to-face motivating collaboration,D012,In Progress,453308.38,3977685.84,Critical
PRJ2980,Project Decentralized background utilization,D005,In Progress,831505.7,3265531.45,Medium
PRJ2981,Project Persistent asynchronous hub,D011,Completed,716672.84,4198141.7,Low
PRJ2982,Project Quality-focused grid-enabled capability,D002,Completed,825577.17,3467719.61,High
PRJ2983,Project Object-based methodical function,D014,Planning,576854.53,464045.87,Critical
PRJ2984,Project Down-sized system-worthy migration,D012,Planning,563550.32,2879269.13,Medium
PRJ2985,Project Programmable asynchronous middleware,D015,Completed,644278.52,3198736.04,Medium
PRJ2986,Project Centralized exuding info-mediaries,D012,Completed,388157.15,1324110.84,High
PRJ2987,Project Horizontal foreground parallelism,D018,Completed,107492.81,4686246.33,Critical
PRJ2988,Project Re-engineered secondary productivity,D002,In Progress,627245.09,3398272.98,High
PRJ2989,Project Total demand-driven moratorium,D006,In Progress,279492.69,814942.76,Low
PRJ2990,Project Distributed well-modulated complexity,D011,Completed,32008.86,3256365.14,Medium
PRJ2991,Project Seamless background model,D017,Completed,410004.68,323514.1,Critical
PRJ2992,Project Organic exuding framework,D007,Completed,702126.13,3587142.35,Medium
PRJ2993,Project User-centric hybrid encryption,D005,Completed,191659.12,1308157.94,Low
PRJ2994,Project Public-key next generation emulation,D004,Cancelled,379900.24,4932045.26,Critical
PRJ2995,Project Intuitive coherent collaboration,D013,In Progress,423717.05,4926556.34,Medium
PRJ2996,Project Adaptive background portal,D001,Completed,599477.5,4475923.24,Low
PRJ2997,Project Organized contextually-based strategy,D010,Completed,424329.02,228953.24,Medium
PRJ2998,Project Organized encompassing matrix,D002,Completed,674494.92,3726458.38,Critical
PRJ2999,Project Organic context-sensitive ability,D018,Completed,60926.3,3779782.91,Medium
PRJ3000,Project Polarized didactic projection,D008,Cancelled,845858.87,4457269.79,Low
PRJ3001,Project Programmable full-range website,D009,Cancelled,140106.18,2518168.56,Medium
PRJ3002,Project Pre-emptive non-volatile implementation,D001,In Progress,132891.92,202579.63,Low
PRJ3003,Project Multi-channeled bifurcated algorithm,D008,Completed,653235.55,288237.89,Medium
PRJ3004,Project Distributed needs-based hub,D005,Completed,694382.42,2115760.03,Medium
PRJ3005,Project Total mission-critical data-warehouse,D019,Completed,716604.15,4826844.25,Low
PRJ3006,Project Stand-alone 6thgeneration project,D011,Completed,310845.7,4354965.01,High
PRJ3007,Project Focused stable service-desk,D014,In Progress,819450.4,2890731.87,High
PRJ3008,Project Cross-platform bottom-line matrix,D002,In Progress,693095.12,4305442.54,Medium
PRJ3009,Project Robust bandwidth-monitored projection,D009,Planning,919216.87,1171787.5,Medium
PRJ3010,Project Monitored 5thgeneration project,D015,In Progress,72305.15,3408351.79,Low
PRJ3011,Project Profit-focused encompassing challenge,D004,Completed,882601.72,1677168.86,High
PRJ3012,Project Self-enabling 5thgeneration structure,D017,Completed,670234.29,3577670.05,High
PRJ3013,Project Devolved dedicated standardization,D016,Planning,292660.02,1271776.53,Low
PRJ3014,Project Implemented system-worthy Graphic Interface,D012,In Progress,743330.06,4435216.5,Low
PRJ3015,Project Synchronized leadingedge success,D014,Planning,436670.04,3251146.38,Low
PRJ3016,Project Fully-configurable static artificial intelligence,D017,In Progress,864901.28,851317.36,High
PRJ3017,Project Polarized mobile focus group,D009,Completed,891647.66,4841172.51,Critical
PRJ3018,Project Profound full-range customer loyalty,D009,Completed,822721.09,1958221.64,Critical
PRJ3019,Project Advanced bandwidth-monitored task-force,D020,In Progress,669722.07,4283787.55,Low
PRJ3020,Project Function-based contextually-based matrix,D005,In Progress,34314.55,3524163.61,Critical
PRJ3021,Project Expanded homogeneous synergy,D004,Completed,549763.99,3091295.04,Critical
PRJ3022,Project Configurable executive throughput,D001,Completed,195634.57,2582198.21,Low
PRJ3023,Project Polarized solution-oriented knowledgebase,D016,Completed,94749.45,4934221.23,Low
PRJ3024,Project Face-to-face asymmetric challenge,D019,In Progress,523714.42,4937391.45,Critical
PRJ3025,Project Stand-alone well-modulated forecast,D003,Completed,671539.42,4603979.55,High
PRJ3026,Project Multi-channeled motivating collaboration,D005,Completed,126749.85,1598137.56,High
PRJ3027,Project Secured optimal architecture,D004,Completed,507714.02,4213959.84,Medium
PRJ3028,Project Phased background hierarchy,D020,In Progress,836671.2,1496492.78,Medium
PRJ3029,Project Robust local moderator,D008,Completed,929543.5,2271939.79,Low
PRJ3030,Project Intuitive fault-tolerant core,D014,Completed,929756.72,2200969.26,Critical
PRJ3031,Project Profound scalable projection,D011,Completed,552866.12,3480638.09,Critical
PRJ3032,Project Progressive neutral workforce,D015,Completed,713292.02,4084150.68,Low
PRJ3033,Project Reverse-engineered system-worthy interface,D002,Planning,161005.03,1623878.2,Medium
PRJ3034,Project Fully-configurable zero-defect utilization,D012,Completed,824538.57,1558261.65,Low
PRJ3035,Project Versatile human-resource model,D012,Completed,889277.37,4005148.64,High
PRJ3036,Project Adaptive scalable protocol,D003,Completed,107081.16,810368.69,Medium
PRJ3037,Project Synergistic methodical matrix,D004,In Progress,154358.55,4300498.85,High
PRJ3038,Project Extended directional customer loyalty,D015,Planning,260977.8,3868846.59,Low
PRJ3039,Project Persistent contextually-based functionalities,D009,Planning,205629.11,3837407.98,High
PRJ3040,Project Diverse 24hour benchmark,D006,Completed,234246.08,2412159.13,Low
PRJ3041,Project Ergonomic leadingedge Internet solution,D020,Completed,819254.74,2897783.16,Medium
PRJ3042,Project Secured 3rdgeneration paradigm,D008,Completed,725190.16,1828500.45,Low
PRJ3043,Project Right-sized bandwidth-monitored hub,D004,In Progress,379932.27,3136131.32,Low
PRJ3044,Project Networked reciprocal task-force,D018,Completed,373355.49,1097241.01,Medium
PRJ3045,Project Multi-lateral encompassing protocol,D020,Completed,665730.79,3500099.05,Low
PRJ3046,Project Right-sized radical software,D005,In Progress,835800.47,3229020.73,Low
PRJ3047,Project Distributed actuating time-frame,D007,In Progress,986259.01,2496283.63,Critical
PRJ3048,Project Public-key system-worthy solution,D018,Completed,503588.98,1798275.52,Critical
PRJ3049,Project Versatile tangible software,D001,Completed,967303.78,3541930.47,Critical
PRJ3050,Project Mandatory clear-thinking model,D020,Planning,80672.27,2533785.34,Low
PRJ3051,Project Reverse-engineered homogeneous concept,D018,Completed,192368.01,975362.42,High
PRJ3052,Project Seamless 4thgeneration synergy,D018,Completed,409578.63,179144.59,Low
PRJ3053,Project Optimized value-added project,D020,Planning,655230.39,4528136.2,Medium
PRJ3054,Project Function-based user-facing intranet,D012,In Progress,322679.11,1782373.69,Critical
PRJ3055,Project Ameliorated impactful software,D019,Planning,578540.83,773590.84,Low
PRJ3056,Project Customizable fault-tolerant artificial intelligence,D017,In Progress,13080.81,839180.62,Low
PRJ3057,Project Switchable secondary productivity,D013,In Progress,234413.49,1788090.13,High
PRJ3058,Project Operative bandwidth-monitored customer loyalty,D012,Completed,91057.04,3367010.67,Critical
PRJ3059,Project Configurable zero-defect instruction set,D020,Cancelled,208213.67,1004408.09,Low
PRJ3060,Project Diverse systematic structure,D017,Completed,616239.42,1615594.55,Medium
PRJ3061,Project Monitored analyzing website,D013,Cancelled,520865.27,2513536.25,Medium
PRJ3062,Project Proactive 24/7 time-frame,D006,Completed,159513.26,1683083.08,Low
PRJ3063,Project Digitized actuating productivity,D010,Completed,896339.24,231265.77,Low
PRJ3064,Project Focused stable website,D004,Completed,124575.4,4774202.1,Low
PRJ3065,Project Stand-alone human-resource portal,D007,Planning,937093.53,1789890.62,Medium
PRJ3066,Project Inverse fault-tolerant task-force,D012,Cancelled,970880.61,3617139.96,Critical
PRJ3067,Project Total stable customer loyalty,D017,Completed,781853.49,3403773.78,Medium
PRJ3068,Project Distributed non-volatile data-warehouse,D013,Completed,657319.16,4524971.58,Low
PRJ3069,Project Quality-focused content-based adapter,D016,Cancelled,97761.18,967654.25,Low
PRJ3070,Project Upgradable modular installation,D018,In Progress,61978.01,3755792.09,High
PRJ3071,Project Managed transitional toolset,D017,In Progress,687249.68,3418760.16,Medium
PRJ3072,Project Reverse-engineered non-volatile intranet,D006,In Progress,336438.41,1990213.83,Low
PRJ3073,Project Open-architected optimal database,D003,In Progress,609841.34,2098564.5,Critical
PRJ3074,Project Upgradable mobile intranet,D011,Planning,303692.25,3342699.69,High
PRJ3075,Project Versatile composite emulation,D019,Planning,378647.05,2880805.14,Medium
PRJ3076,Project Assimilated 24/7 service-desk,D004,Completed,682689.68,4735404.96,High
PRJ3077,Project Seamless 3rdgeneration access,D002,Cancelled,472645.52,1962144.29,High
PRJ3078,Project Advanced explicit process improvement,D020,Cancelled,300542.57,1746621.08,Low
PRJ3079,Project Customizable static standardization,D006,Completed,582816.31,3570924.72,Low
PRJ3080,Project Realigned impactful array,D020,Completed,466349.23,3185581.79,High
PRJ3081,Project Persevering asynchronous infrastructure,D008,In Progress,182502.45,1303142.42,High
PRJ3082,Project Multi-channeled stable collaboration,D014,Completed,176345.03,4382875.85,Critical
PRJ3083,Project Distributed radical concept,D013,Planning,462452.32,199509.6,Critical
PRJ3084,Project Organized content-based capacity,D018,In Progress,344197.19,1959545.74,Low
PRJ3085,Project Synergistic upward-trending Local Area Network,D011,In Progress,765503.31,1221553.87,Medium
PRJ3086,Project Sharable directional collaboration,D017,Completed,217663.65,4262546.3,Critical
PRJ3087,Project Decentralized homogeneous Graphic Interface,D009,In Progress,46324.15,1841573.97,Low
PRJ3088,Project Secured national productivity,D005,In Progress,833230.61,4627508.5,Critical
PRJ3089,Project Implemented clear-thinking superstructure,D001,In Progress,727445.87,4459601.76,High
PRJ3090,Project Customer-focused actuating focus group,D011,Completed,318394.2,3112902.04,Medium
PRJ3091,Project Compatible discrete contingency,D016,Completed,655485.63,913518.03,High
PRJ3092,Project Integrated scalable application,D015,Completed,214478.47,2651205.67,High
PRJ3093,Project Switchable modular initiative,D015,Completed,296508.44,386770.38,Low
PRJ3094,Project Down-sized contextually-based task-force,D009,Completed,318845.1,2218000.78,Critical
PRJ3095,Project Enterprise-wide multi-state access,D016,Planning,32471.8,4674527.87,Low
PRJ3096,Project Stand-alone full-range knowledge user,D010,In Progress,317543.96,816842.94,Low
PRJ3097,Project Re-engineered explicit analyzer,D011,Completed,596630.91,1454580.04,Critical
PRJ3098,Project Exclusive stable knowledge user,D012,Completed,225120.66,3960827.3,Low
PRJ3099,Project Face-to-face cohesive complexity,D012,Completed,564251.17,4877033.14,High
PRJ3100,Project Focused eco-centric strategy,D019,Planning,915525.4,2214558.01,Critical
PRJ3101,Project Profound bifurcated infrastructure,D002,Cancelled,437264.58,519404.78,Medium
PRJ3102,Project Front-line asynchronous budgetary management,D009,Completed,491586.1,1790911.42,Medium
PRJ3103,Project Total scalable Internet solution,D014,Completed,235963.32,2821402.04,Low
PRJ3104,Project Grass-roots interactive circuit,D011,Completed,302782.8,1225425.01,Critical
PRJ3105,Project Open-architected exuding Graphical User Interface,D005,Completed,385146.87,2298680.42,Low
PRJ3106,Project Multi-tiered system-worthy analyzer,D020,Planning,411263.27,157430.45,High
PRJ3107,Project Horizontal maximized service-desk,D019,In Progress,266024.87,811736.06,Medium
PRJ3108,Project Assimilated static methodology,D017,Planning,36707.75,1572719.13,Low
PRJ3109,Project Fully-configurable bi-directional capacity,D019,Completed,341032.08,2807231.07,High
PRJ3110,Project Upgradable mission-critical functionalities,D017,Completed,544644.2,4651128.86,High
PRJ3111,Project Stand-alone interactive flexibility,D017,Completed,844504.12,206025.59,High
PRJ3112,Project Focused dynamic application,D018,In Progress,943135.75,4378575.52,High
PRJ3113,Project Mandatory motivating neural-net,D005,Completed,662977.13,4497925.21,High
PRJ3114,Project Synergistic intermediate conglomeration,D016,Completed,427554.21,1084954.76,Low
PRJ3115,Project Balanced cohesive interface,D001,In Progress,404179.61,130091.27,Low
PRJ3116,Project Extended explicit algorithm,D010,Planning,286003.48,507128.46,Medium
PRJ3117,Project Profit-focused client-server standardization,D008,Completed,781020.5,1967459.48,Medium
PRJ3118,Project Centralized foreground migration,D006,In Progress,317100.36,664126.86,High
PRJ3119,Project Sharable leadingedge migration,D019,Planning,388124.67,302682.05,Critical
PRJ3120,Project Secured hybrid pricing structure,D001,Cancelled,589798.57,1957196.57,High
PRJ3121,Project Re-contextualized attitude-oriented infrastructure,D001,Completed,320162.19,2628289.15,Critical
PRJ3122,Project Customizable object-oriented intranet,D012,Completed,859286.36,1925491.78,Medium
PRJ3123,Project Focused discrete support,D007,Completed,660131.53,158346.26,Critical
PRJ3124,Project Total bottom-line time-frame,D017,Completed,483961.56,3599966.5,Low
PRJ3125,Project Configurable user-facing info-mediaries,D012,Completed,866925.76,3042580.25,High
PRJ3126,Project Operative contextually-based Graphic Interface,D017,Completed,608344.07,495431.13,High
PRJ3127,Project Future-proofed clear-thinking synergy,D019,Completed,539951.48,4792351.48,High
PRJ3128,Project Profit-focused high-level strategy,D001,Completed,879559.79,74245.43,High
PRJ3129,Project Automated zero-defect orchestration,D007,Completed,165067.51,807116.26,Critical
PRJ3130,Project Exclusive empowering artificial intelligence,D011,Planning,805887.85,3018453.25,Critical
PRJ3131,Project Front-line directional focus group,D018,Planning,775036.54,1138190.69,Low
PRJ3132,Project Business-focused 5thgeneration support,D019,In Progress,818621.43,4747322.98,Medium
PRJ3133,Project Cross-platform zero-defect encoding,D009,Completed,854133.7,3035145.33,Medium
PRJ3134,Project Object-based bandwidth-monitored orchestration,D012,Completed,176432.08,2217875.32,High
PRJ3135,Project Universal eco-centric instruction set,D007,Completed,708119.9,110467.24,Medium
PRJ3136,Project Proactive tertiary parallelism,D016,In Progress,314035.11,3956405.59,Medium
PRJ3137,Project Re-contextualized stable encoding,D016,In Progress,282598.74,3427376.68,High
PRJ3138,Project Multi-tiered user-facing alliance,D013,Completed,134211.54,4600008.28,Medium
PRJ3139,Project Proactive mobile model,D012,Completed,40239.05,3783210.21,Low
PRJ3140,Project Exclusive regional portal,D016,Planning,71513.43,4176429.74,High
PRJ3141,Project Assimilated heuristic attitude,D019,Completed,497235.57,2553173.6,Low
PRJ3142,Project Persistent client-server strategy,D016,Planning,130021.09,2915537.77,Medium
PRJ3143,Project Proactive homogeneous open architecture,D004,Completed,864234.27,3836804.39,High
PRJ3144,Project Up-sized eco-centric Local Area Network,D002,Completed,893108.62,4036022.4,Critical
PRJ3145,Project Polarized 5thgeneration attitude,D015,In Progress,430840.14,3031377.41,High
PRJ3146,Project Advanced multimedia core,D015,Planning,404533.12,4754780.66,High
PRJ3147,Project Integrated contextually-based conglomeration,D001,In Progress,364709.25,4368397.05,High
PRJ3148,Project Visionary directional product,D010,Cancelled,711393.91,377263.39,Critical
PRJ3149,Project Open-architected optimizing Internet solution,D004,Completed,587720.01,2594843.8,Low
PRJ3150,Project Face-to-face grid-enabled open system,D005,In Progress,422363.52,571494.16,Low
PRJ3151,Project Fundamental optimal forecast,D001,Completed,934389.84,1961784.92,Medium
PRJ3152,Project Reactive regional customer loyalty,D014,Completed,527581.98,1563590.88,Critical
PRJ3153,Project Fundamental optimal monitoring,D012,Completed,128987.96,955196.87,Low
PRJ3154,Project Team-oriented discrete Local Area Network,D016,Completed,427912.3,579646.08,Low
PRJ3155,Project Profound empowering Local Area Network,D004,Cancelled,317926.98,3333605.97,Critical
PRJ3156,Project Progressive mission-critical moderator,D006,In Progress,826834.75,454682.71,Critical
PRJ3157,Project Synergized uniform service-desk,D016,Planning,683474.78,2435271.39,High
PRJ3158,Project Reactive empowering utilization,D008,Completed,544969.3,1825703.99,Low
PRJ3159,Project Face-to-face regional emulation,D008,In Progress,51945.47,3569137.96,Medium
PRJ3160,Project Organic systematic instruction set,D008,Planning,167287.79,2459961.92,High
PRJ3161,Project Sharable real-time circuit,D017,In Progress,66608.55,476713.56,Critical
PRJ3162,Project Down-sized fault-tolerant implementation,D010,Planning,720944.91,228309.44,Low
PRJ3163,Project Virtual actuating system engine,D015,In Progress,145928.79,851594.35,High
PRJ3164,Project Down-sized maximized focus group,D016,Completed,497677.71,3892507.81,High
PRJ3165,Project Customer-focused modular info-mediaries,D012,In Progress,981821.56,3007706.33,Critical
PRJ3166,Project Configurable full-range hardware,D018,Completed,185841.25,2994710.57,Low
PRJ3167,Project Decentralized zero tolerance parallelism,D015,Cancelled,171638.59,1495355.23,Critical
PRJ3168,Project Triple-buffered intermediate monitoring,D020,Planning,95800.01,2370298.37,High
PRJ3169,Project Enterprise-wide static methodology,D009,In Progress,233762.54,2909698.56,Low
PRJ3170,Project Networked well-modulated hierarchy,D012,In Progress,880645.98,4498470.61,Critical
PRJ3171,Project Re-contextualized radical concept,D005,In Progress,350778.35,4546969.5,Critical
PRJ3172,Project Innovative even-keeled monitoring,D005,In Progress,171292.9,3601242.85,High
PRJ3173,Project Open-source radical function,D016,Completed,199621.8,3261059.61,Low
PRJ3174,Project De-engineered mission-critical product,D007,In Progress,746962.03,2514190.13,Medium
PRJ3175,Project Devolved explicit architecture,D013,In Progress,167141.83,1079988.87,Medium
PRJ3176,Project Robust full-range initiative,D019,In Progress,613463.62,4571334.93,High
PRJ3177,Project Persevering leadingedge definition,D018,Completed,854322.11,431136.89,Medium
PRJ3178,Project Streamlined tangible implementation,D011,Completed,83665.03,4675242.86,Medium
PRJ3179,Project Multi-tiered client-driven project,D015,In Progress,920973.1,1737558.22,Critical
PRJ3180,Project Reverse-engineered hybrid system engine,D005,Completed,840302.58,1480280.61,Low
PRJ3181,Project Persistent leadingedge superstructure,D001,Completed,742930.02,2800668.41,Low
PRJ3182,Project Business-focused solution-oriented projection,D015,Completed,221711.28,219813.29,Medium
PRJ3183,Project Progressive fresh-thinking architecture,D019,Completed,696172.08,4857779.89,Low
PRJ3184,Project Cross-platform full-range time-frame,D011,Completed,642811.05,1690829.81,Medium
PRJ3185,Project Total human-resource customer loyalty,D011,Planning,317485.68,1921308.12,Low
PRJ3186,Project Visionary intermediate help-desk,D006,Planning,235393.42,4033804.32,High
PRJ3187,Project Proactive regional contingency,D006,Completed,769914.09,755756.43,Medium
PRJ3188,Project Business-focused discrete budgetary management,D001,Planning,741086.21,3266766.12,Critical
PRJ3189,Project Enhanced radical paradigm,D014,Planning,39278.83,1365993.97,Critical
PRJ3190,Project Integrated encompassing core,D008,Completed,554324.95,3083703.6,Low
PRJ3191,Project Centralized analyzing secured line,D015,In Progress,407142.79,475854.78,High
PRJ3192,Project Stand-alone explicit definition,D018,In Progress,97639.82,4654794.19,Low
PRJ3193,Project Self-enabling content-based help-desk,D003,In Progress,609589.5,2062315.65,High
PRJ3194,Project Programmable tertiary portal,D017,Planning,422245.87,2799374.48,Medium
PRJ3195,Project Cross-platform intermediate orchestration,D016,Planning,428632.44,2448881.23,High
PRJ3196,Project Managed multi-tasking approach,D019,Completed,44881.12,1493302.36,Critical
PRJ3197,Project Function-based 24/7 frame,D018,In Progress,357877.95,995112.04,Low
PRJ3198,Project Organized empowering encryption,D012,Completed,281071.52,2512124.63,High
PRJ3199,Project Object-based encompassing productivity,D001,In Progress,686320.97,2989995.94,Critical
PRJ3200,Project Phased grid-enabled portal,D008,Completed,102985.75,3598092.43,Medium
PRJ3201,Project Switchable asynchronous ability,D007,In Progress,59560.73,1743633.34,Low
PRJ3202,Project Optional attitude-oriented open system,D004,Completed,596881.58,641396.82,Critical
PRJ3203,Project Profound grid-enabled neural-net,D010,Planning,274210.18,60921.82,Low
PRJ3204,Project Seamless bandwidth-monitored productivity,D020,Completed,676654.81,1599944.11,Low
PRJ3205,Project Progressive bifurcated support,D017,In Progress,668242.19,2120089.61,Low
PRJ3206,Project Cloned multimedia system engine,D009,Completed,954265.61,1444211.0,Low
PRJ3207,Project Devolved 24hour pricing structure,D002,Completed,963909.18,259943.7,Critical
PRJ3208,Project Object-based multi-state encryption,D014,Completed,601751.06,997050.21,Low
PRJ3209,Project Sharable 5thgeneration firmware,D015,Completed,689169.16,1045486.6,Low
PRJ3210,Project Ameliorated high-level Internet solution,D002,Cancelled,276308.13,2070102.35,Critical
PRJ3211,Project Upgradable cohesive model,D007,In Progress,685341.16,3828355.06,Low
PRJ3212,Project Versatile user-facing alliance,D009,Completed,933332.81,3749562.01,Low
PRJ3213,Project Open-architected hybrid matrix,D018,Planning,761377.13,4750091.46,Low
PRJ3214,Project Persevering actuating interface,D019,Completed,311688.95,1936447.46,Medium
PRJ3215,Project Expanded multi-tasking algorithm,D002,Planning,891594.34,2116036.92,Critical
PRJ3216,Project Open-source intangible task-force,D009,Completed,206641.24,3110108.92,Low
PRJ3217,Project Persistent leadingedge solution,D003,In Progress,188106.03,4451863.31,High
PRJ3218,Project Persistent human-resource implementation,D019,Completed,105880.86,4132935.19,Medium
PRJ3219,Project Self-enabling modular extranet,D006,Completed,403237.95,4618315.58,Medium
PRJ3220,Project Profound coherent attitude,D008,In Progress,863475.2,2453536.02,Medium
PRJ3221,Project Managed actuating system engine,D006,In Progress,980068.87,458631.86,Critical
PRJ3222,Project Grass-roots 3rdgeneration access,D015,In Progress,655515.43,2587866.68,Critical
PRJ3223,Project Devolved global matrices,D001,Cancelled,87842.48,2672958.89,Critical
PRJ3224,Project Enterprise-wide motivating neural-net,D019,In Progress,264898.94,1161908.05,Low
PRJ3225,Project Public-key 4thgeneration algorithm,D003,In Progress,802062.15,1720432.05,High
PRJ3226,Project Open-architected next generation implementation,D007,Completed,664866.5,1361190.75,High
PRJ3227,Project Profit-focused hybrid focus group,D017,In Progress,962674.7,1308885.8,High
PRJ3228,Project Universal directional synergy,D006,Completed,904924.04,4983894.38,Critical
PRJ3229,Project Customer-focused contextually-based success,D010,Completed,137608.52,647336.42,High
PRJ3230,Project Inverse zero tolerance projection,D007,In Progress,431401.45,4531239.37,Critical
PRJ3231,Project User-centric bifurcated workforce,D005,In Progress,480498.6,1065962.18,High
PRJ3232,Project Exclusive zero-defect budgetary management,D009,Planning,59793.29,1574056.33,Low
PRJ3233,Project Reverse-engineered neutral forecast,D019,Completed,414328.39,1150655.33,Medium
PRJ3234,Project Focused motivating matrix,D014,In Progress,692669.62,2669812.47,Critical
PRJ3235,Project Optional client-server core,D009,Completed,977451.73,805792.43,Low
PRJ3236,Project Integrated upward-trending info-mediaries,D013,Completed,906104.23,3408072.87,High
PRJ3237,Project Optional 5thgeneration budgetary management,D019,Completed,571800.19,3512656.9,High
PRJ3238,Project Sharable solution-oriented project,D011,In Progress,215768.64,2304855.22,Medium
PRJ3239,Project Up-sized transitional solution,D005,In Progress,236622.41,3499580.95,Medium
PRJ3240,Project Object-based systematic pricing structure,D008,In Progress,164384.04,1483582.38,Medium
PRJ3241,Project Universal 24/7 model,D010,In Progress,789384.66,3680573.09,Medium
PRJ3242,Project Configurable 24/7 archive,D007,In Progress,533308.53,4691559.66,Low
PRJ3243,Project Organic uniform budgetary management,D012,Completed,140239.99,1335425.1,Low
PRJ3244,Project Vision-oriented context-sensitive contingency,D010,Completed,990616.24,414234.56,Low
PRJ3245,Project Proactive full-range infrastructure,D013,Completed,912823.03,1769176.53,High
PRJ3246,Project Adaptive next generation hierarchy,D011,In Progress,57292.31,530837.15,Low
PRJ3247,Project Versatile local encoding,D020,In Progress,401437.82,3193242.09,Low
PRJ3248,Project Organic leadingedge paradigm,D015,Completed,54403.62,3101984.0,High
PRJ3249,Project Decentralized mission-critical hierarchy,D019,Completed,612608.92,632246.57,High
PRJ3250,Project De-engineered 6thgeneration groupware,D012,Completed,151688.4,4806492.3,High
PRJ3251,Project Synchronized fault-tolerant focus group,D004,Completed,966410.94,1240393.88,High
PRJ3252,Project Enterprise-wide explicit help-desk,D015,Completed,387296.65,4173072.55,Medium
PRJ3253,Project Team-oriented upward-trending budgetary management,D001,In Progress,398805.77,3243116.17,Critical
PRJ3254,Project Centralized even-keeled forecast,D009,Completed,16343.73,4596510.66,Medium
PRJ3255,Project Automated foreground open system,D009,Completed,674337.01,3809343.41,Medium
PRJ3256,Project Ergonomic next generation structure,D007,In Progress,304521.56,300764.76,High
PRJ3257,Project Ameliorated mission-critical hierarchy,D014,In Progress,156010.43,2137237.91,Medium
PRJ3258,Project Up-sized clear-thinking analyzer,D015,Planning,35461.94,436876.35,Medium
PRJ3259,Project Organized 6thgeneration strategy,D008,Completed,334798.44,1125955.71,Medium
PRJ3260,Project Persevering 3rdgeneration complexity,D018,Completed,767349.65,3646315.04,Critical
PRJ3261,Project Multi-layered systemic process improvement,D018,Completed,970033.88,2222040.62,Medium
PRJ3262,Project Mandatory national approach,D006,Completed,69263.38,4539348.09,High
PRJ3263,Project Proactive holistic software,D013,Planning,445704.71,2370008.06,Critical
PRJ3264,Project Public-key even-keeled focus group,D014,Completed,140158.14,309525.89,High
PRJ3265,Project Object-based bi-directional middleware,D020,Completed,341798.95,4843560.19,High
PRJ3266,Project Compatible multi-state application,D002,Completed,570407.79,2385531.97,High
PRJ3267,Project Persevering radical functionalities,D016,In Progress,31535.21,4449796.73,Critical
PRJ3268,Project Customizable systematic Graphical User Interface,D006,In Progress,576510.36,1261442.83,Critical
PRJ3269,Project Compatible interactive core,D011,In Progress,361115.09,2635600.62,Low
PRJ3270,Project User-centric interactive focus group,D002,Planning,932073.1,4893345.32,Critical
PRJ3271,Project Multi-tiered human-resource hardware,D011,Completed,227440.18,4351199.89,Low
PRJ3272,Project Open-architected uniform artificial intelligence,D008,Completed,230004.35,2596132.74,Critical
PRJ3273,Project Diverse 6thgeneration focus group,D016,In Progress,926907.08,111500.29,Critical
PRJ3274,Project Inverse uniform customer loyalty,D012,Completed,613984.47,1157311.08,Low
PRJ3275,Project Vision-oriented optimizing attitude,D013,Completed,427935.65,2568323.21,Medium
PRJ3276,Project Reverse-engineered multi-tasking paradigm,D007,In Progress,790586.9,742339.69,High
PRJ3277,Project Devolved client-driven projection,D008,Planning,844001.76,4901978.4,Medium
PRJ3278,Project Monitored dedicated budgetary management,D019,Completed,666662.29,2362987.28,Medium
PRJ3279,Project Visionary transitional solution,D011,In Progress,796121.91,1071643.98,Medium
PRJ3280,Project Programmable clear-thinking challenge,D010,Completed,690763.63,3036253.52,High
PRJ3281,Project Operative 24hour algorithm,D015,In Progress,301944.13,1852658.46,Medium
PRJ3282,Project Profound mobile core,D013,Completed,526934.43,3138950.87,Medium
PRJ3283,Project Virtual multi-state interface,D013,Planning,400645.91,3366979.69,Low
PRJ3284,Project Stand-alone coherent parallelism,D017,Planning,42316.37,2384221.19,High
PRJ3285,Project Business-focused foreground moratorium,D014,In Progress,286819.44,3808517.52,High
PRJ3286,Project Virtual leadingedge strategy,D008,Completed,192572.49,2960159.59,Low
PRJ3287,Project Devolved 24/7 hierarchy,D013,In Progress,755034.5,4020257.95,High
PRJ3288,Project Programmable bifurcated forecast,D011,Completed,105742.41,4483496.08,Low
PRJ3289,Project Secured dynamic challenge,D006,In Progress,448640.61,3564838.48,Critical
PRJ3290,Project Persevering logistical open architecture,D002,Completed,615733.53,1285999.52,Critical
PRJ3291,Project Advanced logistical capacity,D002,In Progress,135226.03,1461676.96,Medium
PRJ3292,Project User-friendly clear-thinking archive,D011,Completed,818783.6,58168.89,Medium
PRJ3293,Project Object-based even-keeled structure,D009,In Progress,890887.68,1010998.23,Critical
PRJ3294,Project Versatile attitude-oriented protocol,D010,Completed,543936.7,682707.12,High
PRJ3295,Project Multi-tiered dedicated Graphical User Interface,D008,Completed,612411.38,3657476.14,Low
PRJ3296,Project Enhanced context-sensitive software,D012,Completed,38221.48,3820142.66,Medium
PRJ3297,Project Ergonomic 6thgeneration policy,D006,Completed,663117.37,4260726.12,Low
PRJ3298,Project Public-key impactful installation,D003,Planning,313139.61,4990601.32,Critical
PRJ3299,Project Decentralized directional info-mediaries,D012,In Progress,213752.26,1926665.84,High
PRJ3300,Project Advanced background interface,D016,Cancelled,776447.71,1177088.46,High
PRJ3301,Project Customizable contextually-based capacity,D013,Completed,188056.89,2713827.05,Low
PRJ3302,Project Face-to-face systemic Local Area Network,D008,Planning,693660.82,2484346.29,High
PRJ3303,Project Diverse context-sensitive budgetary management,D016,Completed,79555.01,286129.45,Low
PRJ3304,Project Progressive eco-centric hub,D003,Completed,678990.33,1983293.49,Medium
PRJ3305,Project Pre-emptive maximized knowledgebase,D004,Completed,533321.51,746179.87,Low
PRJ3306,Project Multi-tiered explicit model,D018,Completed,327710.03,4722181.27,Medium
PRJ3307,Project Seamless explicit matrices,D012,Completed,936027.17,4211220.87,Critical
PRJ3308,Project Fully-configurable client-driven support,D015,Completed,310648.52,2641358.93,Low
PRJ3309,Project Compatible systematic orchestration,D018,Completed,773667.52,1322646.74,Medium
PRJ3310,Project Customizable disintermediate interface,D017,Completed,170849.14,1095467.56,Critical
PRJ3311,Project Synchronized intermediate orchestration,D001,In Progress,552865.79,3882781.5,Low
PRJ3312,Project Visionary heuristic contingency,D004,In Progress,972239.2,1684274.63,Medium
PRJ3313,Project Proactive intangible Graphical User Interface,D001,Completed,78098.73,2071335.7,Critical
PRJ3314,Project Robust well-modulated standardization,D016,Planning,737939.49,3303216.83,High
PRJ3315,Project Profound uniform throughput,D018,In Progress,504926.67,4742978.72,Critical
PRJ3316,Project Focused directional core,D006,Planning,923600.92,130961.12,Medium
PRJ3317,Project Expanded content-based model,D008,In Progress,946033.4,187894.57,Medium
PRJ3318,Project Exclusive homogeneous parallelism,D013,Completed,485123.91,1282561.9,Critical
PRJ3319,Project Triple-buffered local throughput,D013,In Progress,739595.37,2025966.62,High
PRJ3320,Project Triple-buffered directional synergy,D011,Completed,734724.45,4989793.62,Critical
PRJ3321,Project Open-architected content-based matrix,D009,In Progress,275532.25,4752550.78,Low
PRJ3322,Project Networked 3rdgeneration structure,D016,Completed,40082.19,3955655.76,Critical
PRJ3323,Project Triple-buffered intermediate collaboration,D012,Completed,397242.82,4254638.46,Low
PRJ3324,Project Switchable coherent productivity,D017,Completed,804850.79,4429767.91,High
PRJ3325,Project Compatible multi-tasking product,D019,Cancelled,686074.71,3700334.36,High
PRJ3326,Project Innovative methodical budgetary management,D017,Completed,598405.58,2674012.41,Low
PRJ3327,Project Configurable asynchronous conglomeration,D016,In Progress,223102.78,1235876.83,Critical
PRJ3328,Project Balanced mobile moratorium,D009,Completed,72296.24,843524.05,Low
PRJ3329,Project Front-line empowering definition,D020,Completed,925616.23,2117710.47,High
PRJ3330,Project Ameliorated contextually-based intranet,D005,In Progress,122342.54,3142914.59,Low
PRJ3331,Project Pre-emptive client-driven website,D018,In Progress,378224.17,2583020.85,Critical
PRJ3332,Project Business-focused intangible function,D018,Completed,993041.96,452910.38,Low
PRJ3333,Project Object-based human-resource archive,D018,In Progress,238846.28,3784361.77,Medium
PRJ3334,Project Reactive intangible analyzer,D003,Planning,650425.78,3340722.29,Critical
PRJ3335,Project Decentralized zero tolerance matrices,D010,In Progress,900320.34,55729.46,Medium
PRJ3336,Project Upgradable regional algorithm,D001,Planning,965756.69,295741.11,Critical
PRJ3337,Project Synergistic coherent implementation,D001,Planning,976671.19,2005297.3,High
PRJ3338,Project Synergized neutral instruction set,D008,Completed,367598.01,1181307.62,High
PRJ3339,Project Grass-roots 5thgeneration flexibility,D017,Completed,457125.28,553562.57,Low
PRJ3340,Project Front-line dedicated website,D005,In Progress,610987.48,2656022.16,High
PRJ3341,Project Right-sized neutral framework,D014,Completed,962013.36,3958521.0,Critical
PRJ3342,Project Enhanced tangible extranet,D010,In Progress,346069.85,3103156.97,High
PRJ3343,Project Expanded 6thgeneration moratorium,D011,Completed,252880.9,4201650.6,High
PRJ3344,Project Reduced cohesive methodology,D017,Completed,134890.64,3175162.39,Critical
PRJ3345,Project Decentralized empowering functionalities,D002,Completed,484672.6,4478652.96,High
PRJ3346,Project Digitized web-enabled function,D014,Completed,195708.71,1440589.95,Medium
PRJ3347,Project Cross-platform analyzing productivity,D004,In Progress,154712.04,3028904.89,High
PRJ3348,Project Ergonomic eco-centric encryption,D016,In Progress,737781.26,1661692.93,Medium
PRJ3349,Project Centralized upward-trending system engine,D002,In Progress,806727.4,1820325.39,Medium
PRJ3350,Project Robust didactic function,D008,Completed,629076.05,4246320.55,Low
PRJ3351,Project Optional homogeneous success,D017,In Progress,539627.07,1020030.64,Low
PRJ3352,Project Multi-channeled didactic challenge,D013,In Progress,645893.44,381972.5,High
PRJ3353,Project Team-oriented composite Graphic Interface,D013,Completed,494945.4,3526900.85,Low
PRJ3354,Project Decentralized homogeneous adapter,D005,In Progress,468622.22,3235282.07,High
PRJ3355,Project Right-sized stable forecast,D015,Planning,475066.12,2410378.15,High
PRJ3356,Project Horizontal executive moratorium,D017,Completed,228799.44,2082583.02,Medium
PRJ3357,Project User-friendly bandwidth-monitored model,D010,In Progress,670165.64,2285521.74,Medium
PRJ3358,Project Future-proofed fault-tolerant budgetary management,D004,Completed,352879.83,4799103.98,Medium
PRJ3359,Project Down-sized contextually-based Graphic Interface,D012,Planning,728781.24,3231045.96,Low
PRJ3360,Project Compatible national matrix,D011,Completed,104786.89,644346.42,Critical
PRJ3361,Project Re-contextualized content-based middleware,D007,Completed,216023.21,3976372.05,High
PRJ3362,Project Distributed leadingedge help-desk,D003,In Progress,671967.75,4944905.16,Critical
PRJ3363,Project Face-to-face value-added throughput,D005,Completed,786157.38,4485665.06,Critical
PRJ3364,Project Re-engineered reciprocal structure,D003,Planning,904381.21,1565435.16,Critical
PRJ3365,Project Self-enabling intermediate moratorium,D011,Completed,959923.84,1715616.68,High
PRJ3366,Project Ameliorated disintermediate instruction set,D012,Completed,785512.91,4153426.68,Low
PRJ3367,Project Grass-roots optimizing workforce,D011,Completed,111063.27,3870318.6,Medium
PRJ3368,Project Distributed reciprocal groupware,D005,Completed,336600.2,862572.79,Low
PRJ3369,Project Extended zero-defect project,D003,Completed,554534.14,3167309.64,High
PRJ3370,Project Public-key intermediate structure,D014,In Progress,873279.8,116001.35,Low
PRJ3371,Project Switchable neutral Graphic Interface,D020,Completed,882953.09,390754.27,Low
PRJ3372,Project Balanced 4thgeneration middleware,D009,Completed,661132.03,3152401.4,Low
PRJ3373,Project Networked homogeneous alliance,D009,In Progress,660646.99,2928465.65,High
PRJ3374,Project Devolved 24/7 superstructure,D004,Completed,291449.81,1794276.11,Critical
PRJ3375,Project Progressive 24/7 task-force,D001,Planning,548101.18,3384591.66,Medium
PRJ3376,Project Robust stable knowledgebase,D013,In Progress,866758.51,244161.79,Critical
PRJ3377,Project Proactive exuding pricing structure,D004,Planning,143813.62,810076.08,Medium
PRJ3378,Project User-centric local hardware,D008,Completed,807717.93,3625727.13,Low
PRJ3379,Project Face-to-face well-modulated time-frame,D013,Planning,420015.45,483839.05,Low
PRJ3380,Project Cloned high-level toolset,D010,Planning,188557.91,2053148.6,High
PRJ3381,Project Pre-emptive intangible moratorium,D017,Planning,303635.34,2299673.36,High
PRJ3382,Project Implemented discrete installation,D014,Planning,540172.71,270251.7,Low
PRJ3383,Project Visionary scalable info-mediaries,D002,In Progress,251981.61,2814277.54,Critical
PRJ3384,Project Public-key even-keeled Internet solution,D014,Planning,227274.55,2678959.95,Low
PRJ3385,Project Object-based 6thgeneration collaboration,D013,Planning,793184.15,3920015.0,Low
PRJ3386,Project Assimilated local installation,D008,Completed,982163.32,2818460.32,Critical
PRJ3387,Project Function-based asynchronous toolset,D006,Planning,374833.66,1760682.11,Critical
PRJ3388,Project Intuitive multi-state open system,D020,Completed,653750.22,2360369.49,Critical
PRJ3389,Project Switchable bandwidth-monitored capability,D008,Planning,630423.85,2481523.5,Low
PRJ3390,Project Reduced dynamic toolset,D017,In Progress,819707.01,112120.31,Low
PRJ3391,Project Innovative national matrix,D015,Planning,519004.65,122741.76,High
PRJ3392,Project Enterprise-wide asymmetric methodology,D004,Planning,291714.88,2996402.3,High
PRJ3393,Project Seamless well-modulated encoding,D002,Completed,98598.06,1990429.79,Low
PRJ3394,Project Realigned optimizing application,D009,Completed,195030.47,4333268.04,Medium
PRJ3395,Project Pre-emptive grid-enabled product,D002,Completed,645816.62,4693455.58,Medium
PRJ3396,Project Public-key motivating challenge,D014,In Progress,605050.26,378259.39,Low
PRJ3397,Project Synergistic incremental knowledgebase,D006,Planning,728162.72,2892223.54,Low
PRJ3398,Project Focused zero tolerance protocol,D011,Cancelled,616834.63,1779689.78,Low
PRJ3399,Project Cross-platform maximized model,D014,In Progress,573061.71,4902593.22,High
PRJ3400,Project Reverse-engineered content-based function,D015,Completed,82081.06,2025604.65,Low
PRJ3401,Project Open-source foreground Graphic Interface,D011,Completed,554565.95,1728258.92,Medium
PRJ3402,Project Multi-tiered explicit Graphical User Interface,D010,Completed,63042.65,634187.44,Critical
PRJ3403,Project Sharable transitional capacity,D001,In Progress,567938.51,629054.59,Low
PRJ3404,Project Switchable well-modulated workforce,D001,In Progress,444380.25,2670926.91,High
PRJ3405,Project Progressive tertiary implementation,D007,In Progress,53349.01,832599.59,Medium
PRJ3406,Project Synergistic discrete focus group,D016,Planning,693069.36,455081.5,Medium
PRJ3407,Project Operative tertiary encoding,D019,Completed,186657.95,3434318.51,High
PRJ3408,Project Stand-alone explicit architecture,D003,In Progress,486836.23,4543833.43,Low
PRJ3409,Project Compatible zero administration matrices,D013,Completed,329902.62,2202637.71,Low
PRJ3410,Project Integrated zero administration website,D008,Planning,875204.98,4687992.06,High
PRJ3411,Project Triple-buffered exuding project,D009,In Progress,898615.49,2760312.61,Low
PRJ3412,Project Multi-layered impactful array,D001,Completed,686101.25,328429.99,Critical
PRJ3413,Project Synergized heuristic moratorium,D018,Completed,378595.37,1176204.93,Critical
PRJ3414,Project Adaptive eco-centric open system,D012,In Progress,950644.7,3501297.59,Low
PRJ3415,Project Customer-focused next generation utilization,D003,Completed,555613.12,2696360.41,Medium
PRJ3416,Project Exclusive modular success,D009,Completed,217209.78,388693.77,Low
PRJ3417,Project Horizontal intermediate encoding,D016,Planning,632568.96,4034813.08,High
PRJ3418,Project Upgradable zero-defect moderator,D010,Planning,92482.59,3482072.07,Low
PRJ3419,Project Optional full-range Graphical User Interface,D002,In Progress,879576.37,2871829.34,Medium
PRJ3420,Project Right-sized actuating initiative,D017,In Progress,197844.28,2978139.05,Critical
PRJ3421,Project Horizontal responsive standardization,D003,In Progress,930209.76,878748.9,Medium
PRJ3422,Project Switchable 4thgeneration Graphic Interface,D017,Completed,210483.32,2411349.0,Low
PRJ3423,Project Vision-oriented client-driven projection,D003,Completed,624821.63,103222.39,Medium
PRJ3424,Project Persevering dedicated parallelism,D003,In Progress,138595.03,305657.7,High
PRJ3425,Project Cross-group background groupware,D020,In Progress,312734.88,4134523.34,Low
PRJ3426,Project User-centric even-keeled paradigm,D008,Completed,630086.96,302955.63,High
PRJ3427,Project Quality-focused homogeneous solution,D004,Completed,336723.95,4456986.46,Medium
PRJ3428,Project Diverse actuating time-frame,D005,Completed,111280.35,2549437.12,Critical
PRJ3429,Project Face-to-face homogeneous capability,D007,Planning,206423.45,87102.34,Critical
PRJ3430,Project Integrated human-resource Internet solution,D012,Completed,589511.88,4559272.06,Medium
PRJ3431,Project Pre-emptive user-facing project,D020,Completed,682449.91,269317.15,High
PRJ3432,Project Sharable scalable definition,D009,In Progress,138526.98,740781.09,High
PRJ3433,Project Versatile dynamic capacity,D017,Completed,456821.61,4717670.29,Medium
PRJ3434,Project Distributed multi-state secured line,D008,Planning,109127.13,842739.39,High
PRJ3435,Project Realigned explicit project,D003,Completed,114106.67,1031023.66,Critical
PRJ3436,Project Re-engineered secondary analyzer,D016,Completed,993726.47,103329.21,Low
PRJ3437,Project Triple-buffered zero administration extranet,D007,In Progress,792104.74,2883967.07,Low
PRJ3438,Project Public-key explicit toolset,D020,Completed,250857.44,1005092.55,Critical
PRJ3439,Project Digitized web-enabled model,D017,Planning,900317.42,4202157.62,High
PRJ3440,Project User-friendly incremental parallelism,D016,Planning,567084.09,181407.98,Low
PRJ3441,Project Multi-lateral 3rdgeneration core,D017,In Progress,797019.22,3948533.38,Medium
PRJ3442,Project Streamlined client-driven task-force,D003,In Progress,467638.78,4603560.59,Critical
PRJ3443,Project Phased content-based system engine,D011,Completed,633195.86,960553.07,Critical
PRJ3444,Project Cross-platform homogeneous matrices,D010,Planning,851415.83,1977445.98,Critical
PRJ3445,Project Front-line national task-force,D012,In Progress,356586.69,2405171.94,High
PRJ3446,Project User-friendly 24hour attitude,D001,Completed,34427.67,1512616.33,Medium
PRJ3447,Project Inverse leadingedge solution,D001,Completed,939475.6,1874739.48,Critical
PRJ3448,Project Monitored bi-directional analyzer,D002,Completed,70785.78,3616601.76,Low
PRJ3449,Project Reduced scalable productivity,D019,Cancelled,494998.5,2016803.34,Low
PRJ3450,Project Automated dedicated system engine,D017,Planning,80859.7,716360.46,Medium
PRJ3451,Project Extended 3rdgeneration help-desk,D003,Planning,587663.27,3678546.57,High
PRJ3452,Project Profit-focused responsive functionalities,D005,Planning,329585.54,3642511.92,Critical
PRJ3453,Project Persevering coherent installation,D016,Cancelled,754484.96,3174495.15,Critical
PRJ3454,Project Expanded systematic capacity,D003,Completed,433576.84,133982.21,Critical
PRJ3455,Project Multi-tiered web-enabled encryption,D014,Completed,818079.86,2482134.67,High
PRJ3456,Project Decentralized contextually-based task-force,D007,Planning,932888.6,4453393.12,Low
PRJ3457,Project Stand-alone contextually-based architecture,D017,In Progress,215371.42,1595685.56,Low
PRJ3458,Project Customizable client-server methodology,D003,Completed,292185.79,4525678.82,High
PRJ3459,Project Optional maximized database,D011,Completed,404515.28,3684306.68,High
PRJ3460,Project Object-based incremental functionalities,D018,Completed,720690.21,1855617.66,High
PRJ3461,Project Switchable methodical Graphic Interface,D011,Completed,769290.54,2097710.75,High
PRJ3462,Project Switchable needs-based Local Area Network,D019,Completed,859156.58,3398590.66,High
PRJ3463,Project Open-architected well-modulated complexity,D018,In Progress,286282.96,510973.86,Medium
PRJ3464,Project User-centric motivating intranet,D013,Completed,103186.57,1991911.8,Low
PRJ3465,Project Focused clear-thinking model,D009,Completed,443099.38,157207.12,Critical
PRJ3466,Project Reactive fault-tolerant workforce,D009,Completed,589821.9,4738397.98,High
PRJ3467,Project Configurable human-resource help-desk,D001,In Progress,764825.66,1008648.55,Medium
PRJ3468,Project Multi-layered even-keeled system engine,D006,In Progress,819032.38,1487502.58,Low
PRJ3469,Project Persevering regional functionalities,D011,Completed,735548.82,155460.34,Medium
PRJ3470,Project Reactive tangible database,D014,Planning,942673.83,3623361.28,High
PRJ3471,Project Progressive well-modulated encoding,D004,In Progress,395435.72,480584.75,Critical
PRJ3472,Project Team-oriented holistic customer loyalty,D003,Completed,795910.2,3792772.46,Critical
PRJ3473,Project Cross-platform value-added success,D005,In Progress,945754.17,4451918.89,High
PRJ3474,Project Operative composite process improvement,D007,Completed,496058.5,88962.76,Low
PRJ3475,Project Focused multimedia workforce,D003,Completed,584293.79,2951539.37,Medium
PRJ3476,Project Enterprise-wide motivating complexity,D002,Planning,349216.86,1418786.9,Medium
PRJ3477,Project Stand-alone exuding challenge,D020,In Progress,275832.68,4437332.41,Critical
PRJ3478,Project Intuitive non-volatile functionalities,D008,Planning,343499.8,4329381.62,Low
PRJ3479,Project Automated exuding orchestration,D008,In Progress,316126.53,4790485.38,Medium
PRJ3480,Project Robust heuristic structure,D008,Completed,903266.59,2727577.74,High
PRJ3481,Project Adaptive user-facing superstructure,D020,In Progress,284545.55,1522195.7,Critical
PRJ3482,Project Assimilated secondary contingency,D007,Cancelled,808302.62,3090125.91,Medium
PRJ3483,Project Ameliorated static neural-net,D013,In Progress,192605.58,4480725.96,Medium
PRJ3484,Project Team-oriented 24/7 algorithm,D005,Completed,37730.91,656783.78,Critical
PRJ3485,Project Configurable zero administration structure,D011,Completed,944525.04,3795721.62,High
PRJ3486,Project Enterprise-wide client-server support,D003,In Progress,214693.98,3852992.54,Critical
PRJ3487,Project Devolved bandwidth-monitored policy,D016,Completed,647983.82,1721198.51,Low
PRJ3488,Project Object-based client-driven toolset,D013,Completed,968853.5,3263694.06,Low
PRJ3489,Project De-engineered zero-defect capacity,D003,Cancelled,115125.3,480138.93,Low
PRJ3490,Project Sharable methodical throughput,D009,In Progress,944209.61,586113.47,Low
PRJ3491,Project Devolved client-driven toolset,D008,Completed,781767.42,1227598.39,Low
PRJ3492,Project Implemented analyzing definition,D015,Completed,889743.49,3558957.97,Medium
PRJ3493,Project Right-sized non-volatile Graphical User Interface,D004,In Progress,163999.21,3994853.92,High
PRJ3494,Project Universal fault-tolerant Internet solution,D001,Completed,151907.35,450205.02,Critical
PRJ3495,Project Pre-emptive human-resource support,D014,Completed,653122.53,862224.1,Low
PRJ3496,Project Down-sized human-resource superstructure,D013,Planning,202532.46,1182177.96,Low
PRJ3497,Project Team-oriented reciprocal standardization,D012,Completed,422815.29,4521939.38,High
PRJ3498,Project Vision-oriented regional challenge,D008,Completed,434113.79,2633126.6,Critical
PRJ3499,Project Networked non-volatile productivity,D002,Cancelled,169997.42,1765639.95,Low
PRJ3500,Project Cross-platform high-level help-desk,D013,Planning,831276.25,486193.09,Medium
PRJ3501,Project Enterprise-wide web-enabled archive,D014,In Progress,742524.91,4348109.93,Critical
PRJ3502,Project Enhanced scalable knowledgebase,D008,In Progress,844717.75,2882689.68,High
PRJ3503,Project Synergistic client-server open system,D019,In Progress,573194.11,4075776.55,Medium
PRJ3504,Project Robust methodical knowledge user,D005,In Progress,800848.49,516099.58,Critical
PRJ3505,Project Universal solution-oriented intranet,D015,In Progress,830973.52,487491.16,Low
PRJ3506,Project Adaptive 24/7 matrices,D005,Planning,929715.6,2220186.61,Medium
PRJ3507,Project Decentralized regional migration,D008,Completed,560418.74,3878193.14,Low
PRJ3508,Project Proactive intangible infrastructure,D016,In Progress,573584.44,4668741.39,High
PRJ3509,Project Managed directional matrices,D010,Cancelled,386731.5,1929639.05,Medium
PRJ3510,Project Ameliorated bottom-line concept,D007,In Progress,976869.97,3273834.13,Medium
PRJ3511,Project Re-contextualized static policy,D018,Completed,656816.67,879229.3,Low
PRJ3512,Project Distributed cohesive concept,D008,In Progress,838865.4,2328290.93,Low
PRJ3513,Project Upgradable value-added orchestration,D018,Completed,13058.24,4551027.97,High
PRJ3514,Project Face-to-face heuristic throughput,D011,Completed,82621.41,518355.56,Critical
PRJ3515,Project User-friendly motivating array,D004,In Progress,418988.02,4988079.1,Critical
PRJ3516,Project Self-enabling global emulation,D013,In Progress,122401.27,3135542.93,Medium
PRJ3517,Project Ameliorated bifurcated conglomeration,D003,In Progress,829420.12,915235.77,Critical
PRJ3518,Project Organic coherent ability,D003,In Progress,900269.37,1116727.3,Critical
PRJ3519,Project Programmable secondary projection,D013,Completed,47715.77,2376811.48,Medium
PRJ3520,Project Expanded mobile archive,D015,Completed,328493.18,2040363.01,Low
PRJ3521,Project Diverse logistical middleware,D019,Completed,444918.1,2479092.25,Critical
PRJ3522,Project Fundamental next generation collaboration,D007,Planning,51113.12,4468928.8,Low
PRJ3523,Project Business-focused clear-thinking archive,D017,Completed,999036.56,3496454.23,High
PRJ3524,Project Sharable clear-thinking service-desk,D020,Planning,709428.22,2081451.7,Critical
PRJ3525,Project Multi-lateral optimizing hardware,D019,Completed,842441.79,4605927.1,Low
PRJ3526,Project De-engineered multi-state middleware,D017,Completed,423203.12,4479857.47,Critical
PRJ3527,Project Multi-tiered intermediate migration,D006,Completed,756943.5,1052602.09,High
PRJ3528,Project Enterprise-wide motivating leverage,D006,Planning,897044.39,2877390.28,Low
PRJ3529,Project Synchronized impactful success,D016,Completed,661302.37,3543992.42,Low
PRJ3530,Project Centralized analyzing data-warehouse,D006,Planning,735197.85,1285352.32,High
PRJ3531,Project Pre-emptive motivating synergy,D006,Completed,433441.97,2532881.23,Medium
PRJ3532,Project Enterprise-wide even-keeled strategy,D003,In Progress,242906.18,4932136.06,Medium
PRJ3533,Project Open-architected national help-desk,D009,In Progress,219799.38,2001350.15,Critical
PRJ3534,Project Balanced well-modulated monitoring,D012,In Progress,483603.62,2691090.15,High
PRJ3535,Project Profit-focused analyzing monitoring,D007,In Progress,342371.9,4905887.59,Medium
PRJ3536,Project Up-sized interactive structure,D020,In Progress,594195.03,4986430.79,Medium
PRJ3537,Project Synergized 24/7 software,D017,In Progress,575894.9,2898330.87,Medium
PRJ3538,Project Enhanced next generation secured line,D001,In Progress,453254.07,1709947.87,Low
PRJ3539,Project Balanced executive methodology,D014,Completed,486037.47,1173356.39,Medium
PRJ3540,Project Operative maximized pricing structure,D014,Planning,174561.71,3435421.83,High
PRJ3541,Project Multi-lateral client-server adapter,D009,In Progress,427876.2,4814363.36,Low
PRJ3542,Project Advanced systemic productivity,D018,Completed,739324.5,4210239.23,High
PRJ3543,Project Robust well-modulated alliance,D019,Completed,976209.32,3594094.47,Low
PRJ3544,Project Customizable 24hour analyzer,D017,Completed,454883.37,979852.45,Critical
PRJ3545,Project Triple-buffered impactful project,D012,Completed,947454.05,4186338.28,Low
PRJ3546,Project Grass-roots demand-driven conglomeration,D001,Planning,214209.11,4179278.14,High
PRJ3547,Project Public-key impactful adapter,D008,Completed,259588.55,2113945.35,Low
PRJ3548,Project Cross-platform 4thgeneration functionalities,D014,Completed,541725.12,465786.36,Low
PRJ3549,Project Grass-roots intangible protocol,D018,Completed,597791.24,1710930.86,Low
PRJ3550,Project Front-line value-added application,D020,In Progress,787674.95,538123.83,High
PRJ3551,Project Customer-focused motivating instruction set,D008,In Progress,418123.28,4192370.27,Critical
PRJ3552,Project Optimized value-added moderator,D009,Completed,232048.33,2960873.1,Low
PRJ3553,Project Sharable intangible knowledgebase,D018,Planning,360129.14,4434546.96,High
PRJ3554,Project Synergistic web-enabled ability,D016,Planning,871437.93,4575762.19,High
PRJ3555,Project Multi-layered 5thgeneration collaboration,D011,Completed,140153.18,3517358.44,Medium
PRJ3556,Project Automated zero administration product,D010,Completed,135089.15,3186779.78,Medium
PRJ3557,Project Synergistic methodical hub,D017,Completed,74059.89,4871206.9,Low
PRJ3558,Project Persevering holistic firmware,D002,Completed,654647.23,4939780.77,High
PRJ3559,Project Triple-buffered composite interface,D008,In Progress,376435.92,440603.66,Medium
PRJ3560,Project Secured national migration,D020,Completed,496376.46,2423560.59,Medium
PRJ3561,Project Up-sized system-worthy task-force,D013,In Progress,846730.24,1437293.37,Critical
PRJ3562,Project Configurable 3rdgeneration Local Area Network,D017,Completed,350686.32,1173691.51,Low
PRJ3563,Project Object-based solution-oriented database,D006,Completed,286219.95,1190460.27,High
PRJ3564,Project Polarized zero administration architecture,D020,In Progress,32869.93,2423747.0,Low
PRJ3565,Project Quality-focused impactful system engine,D007,Completed,477521.48,4489136.44,Low
PRJ3566,Project Business-focused 5thgeneration frame,D016,In Progress,928946.87,2576739.04,Medium
PRJ3567,Project Customer-focused 5thgeneration firmware,D006,Completed,832503.58,4834483.2,High
PRJ3568,Project Virtual holistic function,D007,Cancelled,662170.31,2009954.0,Low
PRJ3569,Project Balanced neutral task-force,D011,In Progress,803112.26,4767597.63,Medium
PRJ3570,Project Open-source dedicated monitoring,D009,In Progress,423422.45,3044709.41,Critical
PRJ3571,Project Upgradable foreground functionalities,D017,Completed,311034.87,4799802.21,Low
PRJ3572,Project Fundamental multi-state definition,D019,Completed,560864.28,2911356.04,Low
PRJ3573,Project Optimized explicit software,D010,Completed,783145.22,4681043.23,Critical
PRJ3574,Project Persevering systemic utilization,D016,Planning,642835.39,1106410.16,High
PRJ3575,Project Right-sized grid-enabled initiative,D019,Cancelled,451279.54,2545353.08,Critical
PRJ3576,Project Monitored modular model,D014,In Progress,38768.49,4297166.15,Low
PRJ3577,Project Customer-focused context-sensitive concept,D014,Completed,92815.42,4660431.84,Low
PRJ3578,Project Progressive contextually-based system engine,D015,Planning,205051.75,1897956.84,Low
PRJ3579,Project Open-architected context-sensitive capability,D016,Completed,963721.99,2822369.37,Critical
PRJ3580,Project Seamless dedicated intranet,D015,In Progress,199932.39,4103758.72,Medium
PRJ3581,Project Pre-emptive intangible array,D020,Completed,828172.09,3820877.26,Critical
PRJ3582,Project Extended intangible framework,D018,Cancelled,172054.13,820077.88,Medium
PRJ3583,Project Universal holistic moratorium,D011,Completed,320364.31,3854301.45,Medium
PRJ3584,Project Open-architected mobile toolset,D010,Planning,525611.29,300688.82,High
PRJ3585,Project Operative interactive array,D005,Completed,899696.23,4383716.59,High
PRJ3586,Project Ergonomic optimal flexibility,D016,Completed,433613.7,156994.5,Medium
PRJ3587,Project Managed value-added customer loyalty,D009,Completed,848039.83,4783527.95,High
PRJ3588,Project Quality-focused full-range time-frame,D012,Completed,603436.07,4454979.41,Medium
PRJ3589,Project Reactive attitude-oriented benchmark,D016,In Progress,756775.98,1202269.14,Low
PRJ3590,Project Seamless systematic toolset,D012,Completed,846235.85,611314.32,Low
PRJ3591,Project Programmable coherent paradigm,D010,Completed,85990.82,3237444.16,High
PRJ3592,Project Automated exuding projection,D011,Planning,629334.18,1312017.82,High
PRJ3593,Project Operative maximized firmware,D014,In Progress,171063.93,2667347.36,Critical
PRJ3594,Project Fully-configurable zero administration complexity,D009,Planning,999118.9,950079.06,Medium
PRJ3595,Project Business-focused transitional framework,D017,Completed,892308.79,4769917.47,High
PRJ3596,Project Horizontal system-worthy task-force,D011,In Progress,902172.9,347339.8,High
PRJ3597,Project Progressive upward-trending toolset,D015,In Progress,808518.55,4999065.05,Medium
PRJ3598,Project Expanded 4thgeneration standardization,D007,In Progress,866533.03,2293834.03,Critical
PRJ3599,Project Synergized national utilization,D020,Completed,644029.99,3971002.23,Low
PRJ3600,Project Cloned contextually-based task-force,D009,Planning,444761.63,2132375.11,Medium
PRJ3601,Project Proactive regional parallelism,D009,Completed,199308.78,2745191.77,Medium
PRJ3602,Project Optional tertiary task-force,D017,Completed,300769.69,3948086.96,Critical
PRJ3603,Project Future-proofed dedicated array,D007,In Progress,247365.25,3572609.28,Medium
PRJ3604,Project Up-sized secondary moratorium,D001,Completed,677008.06,2941731.1,Medium
PRJ3605,Project Devolved homogeneous attitude,D016,Planning,395594.72,3394904.17,Critical
PRJ3606,Project Multi-channeled non-volatile project,D013,Planning,652736.8,1100049.47,Critical
PRJ3607,Project Re-engineered logistical flexibility,D016,Completed,406860.38,3985096.4,Critical
PRJ3608,Project Cloned 24hour info-mediaries,D010,In Progress,793045.46,4907250.44,Critical
PRJ3609,Project Self-enabling empowering forecast,D020,Planning,249421.6,4815989.36,Medium
PRJ3610,Project De-engineered value-added Graphical User Interface,D018,In Progress,455395.81,3239841.28,Medium
PRJ3611,Project Business-focused 4thgeneration application,D005,Planning,639267.92,1662229.58,Critical
PRJ3612,Project Right-sized static intranet,D008,Planning,622047.62,821094.12,Low
PRJ3613,Project Profit-focused attitude-oriented adapter,D003,Completed,492136.73,4179049.75,Low
PRJ3614,Project Decentralized methodical encoding,D019,In Progress,866636.0,4823672.88,High
PRJ3615,Project Networked regional methodology,D004,In Progress,30506.69,1848129.67,Low
PRJ3616,Project Versatile upward-trending implementation,D013,Planning,689826.22,4210940.8,Medium
PRJ3617,Project Robust 24hour productivity,D016,In Progress,135301.38,4707855.12,Low
PRJ3618,Project Open-source modular policy,D011,Planning,909431.27,3410131.63,High
PRJ3619,Project Down-sized coherent throughput,D014,Completed,651999.03,2030333.7,Low
PRJ3620,Project Proactive static leverage,D017,Completed,990970.87,3183703.62,Critical
PRJ3621,Project De-engineered eco-centric capacity,D013,Completed,897334.88,854740.41,Low
PRJ3622,Project Profound solution-oriented instruction set,D002,Completed,297915.46,1687467.82,Low
PRJ3623,Project Self-enabling dedicated monitoring,D011,Completed,510851.0,2293671.12,Low
PRJ3624,Project Assimilated solution-oriented help-desk,D020,Completed,831169.36,904778.8,Critical
PRJ3625,Project Centralized well-modulated utilization,D009,Completed,239622.25,1307450.95,Low
PRJ3626,Project Progressive zero administration approach,D003,Completed,472710.85,1774689.2,Low
PRJ3627,Project Decentralized user-facing monitoring,D018,Planning,434627.71,3145995.75,Critical
PRJ3628,Project Optimized motivating productivity,D010,Completed,981711.36,1939250.34,Low
PRJ3629,Project Organic next generation pricing structure,D007,Planning,644738.67,3031408.16,Medium
PRJ3630,Project Expanded neutral focus group,D019,In Progress,471316.67,4622219.12,Low
PRJ3631,Project Synergized 3rdgeneration Internet solution,D012,Completed,371944.23,2797988.39,High
PRJ3632,Project Expanded discrete throughput,D015,Completed,763557.24,1323415.63,Low
PRJ3633,Project Progressive multi-state moderator,D003,Cancelled,922006.95,230919.0,High
PRJ3634,Project Adaptive multi-state access,D005,Planning,660089.0,2033630.66,Critical
PRJ3635,Project Operative tertiary collaboration,D006,In Progress,378319.89,4023489.68,Medium
PRJ3636,Project Secured heuristic throughput,D020,Completed,74138.16,4677129.73,Critical
PRJ3637,Project Ameliorated web-enabled orchestration,D019,Completed,863341.6,366287.79,Critical
PRJ3638,Project Grass-roots foreground moratorium,D013,Completed,402806.86,4613193.34,Low
PRJ3639,Project Optimized object-oriented alliance,D015,Completed,304661.82,439174.34,High
PRJ3640,Project Multi-channeled incremental product,D004,In Progress,264209.01,3203333.21,High
PRJ3641,Project Intuitive context-sensitive infrastructure,D020,Completed,286864.63,4380345.81,Low
PRJ3642,Project Centralized national strategy,D011,In Progress,564011.15,1703538.79,Low
PRJ3643,Project Team-oriented actuating utilization,D001,Completed,639653.49,4823554.81,High
PRJ3644,Project Future-proofed multi-state framework,D018,Planning,165767.03,632295.09,High
PRJ3645,Project Realigned optimal workforce,D001,Planning,291765.68,3788326.88,High
PRJ3646,Project Persevering mobile secured line,D018,Completed,785876.09,4776650.56,Critical
PRJ3647,Project Reactive motivating interface,D019,Completed,897488.83,4616372.7,Medium
PRJ3648,Project Organic interactive capability,D015,In Progress,338206.63,2899410.74,Critical
PRJ3649,Project Adaptive global help-desk,D017,In Progress,580757.77,4758794.9,High
PRJ3650,Project Total impactful project,D003,Planning,635159.12,1710866.76,High
PRJ3651,Project Assimilated multi-tasking portal,D012,Planning,755157.91,4554121.89,Critical
PRJ3652,Project Enterprise-wide client-server synergy,D009,In Progress,700484.88,1450758.6,Critical
PRJ3653,Project Persevering empowering data-warehouse,D002,Completed,111935.51,4584678.92,High
PRJ3654,Project Enhanced clear-thinking application,D013,Completed,530946.83,932229.77,Medium
PRJ3655,Project Upgradable object-oriented contingency,D004,Completed,897013.48,1567663.59,High
PRJ3656,Project Streamlined even-keeled focus group,D003,Cancelled,902719.31,3178717.89,Critical
PRJ3657,Project Customer-focused empowering analyzer,D006,Planning,386531.4,2767910.32,High
PRJ3658,Project Horizontal neutral adapter,D007,Completed,505974.42,339970.37,Low
PRJ3659,Project Front-line bandwidth-monitored knowledge user,D020,Completed,183736.83,3809270.66,Low
PRJ3660,Project Progressive optimizing secured line,D005,Planning,963020.6,4035159.18,Low
PRJ3661,Project Multi-layered fresh-thinking algorithm,D007,Completed,999582.9,1109332.84,Low
PRJ3662,Project Balanced mobile framework,D013,Planning,883059.61,635054.27,Critical
PRJ3663,Project Programmable user-facing definition,D012,Planning,427497.26,2867435.51,Medium
PRJ3664,Project Implemented global budgetary management,D012,Planning,974214.58,973436.96,Critical
PRJ3665,Project Devolved optimizing hub,D003,Completed,885928.11,4574271.93,Medium
PRJ3666,Project Sharable upward-trending forecast,D016,Planning,386845.14,1963770.44,Low
PRJ3667,Project Expanded impactful frame,D019,In Progress,554205.57,2256059.67,High
PRJ3668,Project Open-source incremental success,D002,Completed,561827.07,4851253.41,Critical
PRJ3669,Project Fundamental context-sensitive customer loyalty,D012,In Progress,941836.75,3749090.07,High
PRJ3670,Project Phased mobile encoding,D013,Completed,38436.52,1256418.87,High
PRJ3671,Project Multi-lateral context-sensitive software,D013,Planning,228186.96,1002469.12,Low
PRJ3672,Project Horizontal zero tolerance middleware,D004,Completed,895900.35,2439659.52,Low
PRJ3673,Project Enterprise-wide national secured line,D019,In Progress,199399.3,4470310.27,Low
PRJ3674,Project Optional homogeneous service-desk,D004,Completed,794505.08,2438656.67,Medium
PRJ3675,Project Monitored dynamic database,D012,Completed,487193.29,4378503.95,Critical
PRJ3676,Project Cross-platform 5thgeneration strategy,D015,Planning,712388.87,376371.1,Medium
PRJ3677,Project Self-enabling foreground database,D020,In Progress,811554.78,4438465.33,Low
PRJ3678,Project Organic systemic alliance,D007,Completed,908070.77,2374693.47,Low
PRJ3679,Project Robust foreground architecture,D015,Cancelled,450010.14,3796882.83,Medium
PRJ3680,Project Synergistic bandwidth-monitored synergy,D008,Planning,329785.91,4472355.13,Low
PRJ3681,Project Organic modular protocol,D001,Planning,791877.03,4466580.07,Critical
PRJ3682,Project Inverse global core,D006,Completed,392405.24,948956.07,Low
PRJ3683,Project Adaptive 3rdgeneration function,D012,In Progress,238176.84,2865196.56,High
PRJ3684,Project Reduced zero administration utilization,D010,In Progress,362007.68,1135688.83,Medium
PRJ3685,Project Future-proofed homogeneous matrix,D014,Completed,797475.45,2689958.69,High
PRJ3686,Project Inverse exuding workforce,D012,In Progress,272303.66,332172.0,High
PRJ3687,Project Synergistic systemic migration,D009,In Progress,551801.23,551909.6,Medium
PRJ3688,Project Implemented explicit encoding,D020,Completed,877773.2,2146063.21,High
PRJ3689,Project Synergistic scalable monitoring,D019,Completed,146704.82,2296413.79,High
PRJ3690,Project Advanced radical moderator,D011,Completed,776181.8,320185.81,High
PRJ3691,Project Synergized bandwidth-monitored Local Area Network,D018,Planning,995716.53,270781.16,Critical
PRJ3692,Project Integrated real-time artificial intelligence,D018,In Progress,119689.39,4189877.25,Critical
PRJ3693,Project Polarized mobile pricing structure,D012,Completed,562036.76,1959880.32,High
PRJ3694,Project Implemented needs-based infrastructure,D011,In Progress,845468.75,2464319.89,Critical
PRJ3695,Project Synergistic exuding hierarchy,D003,In Progress,96800.93,3061903.89,Critical
PRJ3696,Project Cross-group multi-tasking process improvement,D014,Planning,771535.19,2710593.43,Low
PRJ3697,Project Function-based 24/7 neural-net,D020,Completed,52932.16,3610143.31,Critical
PRJ3698,Project Universal reciprocal monitoring,D012,Completed,746507.47,2960160.6,Critical
PRJ3699,Project Horizontal zero administration strategy,D004,Completed,434060.47,4156845.55,Low
PRJ3700,Project Grass-roots bifurcated collaboration,D019,Completed,218930.01,4513006.14,Low
PRJ3701,Project Implemented object-oriented collaboration,D007,In Progress,809951.33,388559.85,Medium
PRJ3702,Project Customizable full-range circuit,D001,Completed,904390.03,2671268.61,Low
PRJ3703,Project Versatile solution-oriented conglomeration,D009,In Progress,175252.47,2282479.3,Critical
PRJ3704,Project Fundamental maximized instruction set,D014,Completed,951382.67,4899734.48,Critical
PRJ3705,Project Object-based motivating secured line,D006,Completed,500077.93,3729352.57,Critical
PRJ3706,Project Centralized composite middleware,D017,In Progress,980464.92,3759955.58,Medium
PRJ3707,Project Integrated systemic strategy,D020,In Progress,375011.75,2652094.63,Low
PRJ3708,Project Profit-focused zero administration challenge,D001,Completed,909322.3,1010462.52,Medium
PRJ3709,Project Decentralized needs-based project,D010,In Progress,564854.13,2431980.02,Critical
PRJ3710,Project Function-based 24/7 moderator,D014,Completed,41325.59,1048754.69,Medium
PRJ3711,Project Decentralized executive success,D001,Completed,477818.76,969768.58,Medium
PRJ3712,Project Object-based heuristic contingency,D009,Planning,305482.78,3329617.25,High
PRJ3713,Project Adaptive fresh-thinking neural-net,D013,Completed,484467.44,3113987.36,Critical
PRJ3714,Project Assimilated context-sensitive intranet,D014,In Progress,391135.58,3817743.55,Low
PRJ3715,Project Persistent background pricing structure,D002,Completed,573162.75,870552.66,Medium
PRJ3716,Project Reverse-engineered stable conglomeration,D019,In Progress,522359.45,4080812.55,Low
PRJ3717,Project Future-proofed secondary throughput,D016,In Progress,911242.21,2529572.9,High
PRJ3718,Project Organic tangible success,D017,In Progress,378881.24,3062812.3,Critical
PRJ3719,Project Switchable zero administration system engine,D015,In Progress,828719.4,4027773.68,Critical
PRJ3720,Project Seamless discrete monitoring,D019,Completed,893576.72,3464819.92,Low
PRJ3721,Project Implemented local projection,D009,Planning,416463.13,2750201.68,Critical
PRJ3722,Project Business-focused 24/7 migration,D011,Completed,992560.08,907800.6,Critical
PRJ3723,Project Multi-layered context-sensitive algorithm,D006,Completed,339945.73,3374769.14,Low
PRJ3724,Project Down-sized asynchronous intranet,D001,Completed,801922.5,1574610.35,Low
PRJ3725,Project Integrated non-volatile neural-net,D004,Completed,650182.05,4947562.32,Low
PRJ3726,Project Horizontal bandwidth-monitored hub,D007,Cancelled,792299.95,1725970.3,Critical
PRJ3727,Project Expanded non-volatile initiative,D007,In Progress,530429.52,2573124.13,Medium
PRJ3728,Project Optional exuding ability,D013,Planning,256925.76,4427855.3,High
PRJ3729,Project Enhanced discrete help-desk,D004,In Progress,686698.12,2820343.01,High
PRJ3730,Project Adaptive 5thgeneration frame,D014,Completed,958179.63,1602351.63,Low
PRJ3731,Project Polarized needs-based projection,D015,Completed,979326.11,852209.59,Critical
PRJ3732,Project Ameliorated mobile software,D018,In Progress,439662.58,1596082.91,High
PRJ3733,Project Adaptive disintermediate algorithm,D001,Completed,221930.75,3728233.58,Critical
PRJ3734,Project Networked solution-oriented alliance,D009,Completed,801127.77,71639.12,Medium
PRJ3735,Project Future-proofed responsive software,D001,In Progress,166952.54,1375024.27,Critical
PRJ3736,Project Persistent optimal archive,D011,In Progress,769838.95,2900757.93,High
PRJ3737,Project Fully-configurable stable ability,D014,Completed,882728.14,257157.95,Medium
PRJ3738,Project Universal logistical architecture,D012,Planning,939391.32,4390770.82,Medium
PRJ3739,Project Diverse 24hour software,D003,Cancelled,562237.69,1434120.06,Low
PRJ3740,Project Persevering holistic process improvement,D001,In Progress,317702.61,1394878.49,Low
PRJ3741,Project Persistent radical core,D001,In Progress,569829.7,3622133.77,Low
PRJ3742,Project Multi-channeled global circuit,D011,In Progress,397831.76,806318.87,High
PRJ3743,Project Assimilated cohesive middleware,D001,In Progress,938083.55,2603750.85,Critical
PRJ3744,Project Open-architected user-facing database,D017,Completed,31979.72,4915141.75,Medium
PRJ3745,Project Future-proofed clear-thinking application,D002,Completed,642244.9,3571220.62,Medium
PRJ3746,Project Universal coherent initiative,D004,In Progress,186413.43,202537.46,Medium
PRJ3747,Project Digitized analyzing encryption,D006,Planning,200486.7,1081527.67,Medium
PRJ3748,Project Intuitive radical database,D020,Completed,866301.01,3011321.9,Low
PRJ3749,Project Exclusive needs-based algorithm,D011,Completed,514462.36,1830297.82,Medium
PRJ3750,Project Universal encompassing conglomeration,D002,Completed,930625.63,1094624.66,Critical
PRJ3751,Project De-engineered 3rdgeneration hierarchy,D010,Completed,806100.37,828322.76,High
PRJ3752,Project Optional hybrid toolset,D004,Completed,40416.88,2349974.63,Critical
PRJ3753,Project Grass-roots global collaboration,D012,Completed,248636.23,3283867.98,High
PRJ3754,Project Horizontal impactful paradigm,D017,Completed,333616.06,4948123.79,High
PRJ3755,Project Open-source grid-enabled monitoring,D014,Planning,28500.34,3080637.41,Low
PRJ3756,Project Organic asynchronous strategy,D010,Completed,690376.55,912994.0,Low
PRJ3757,Project Optimized 3rdgeneration secured line,D015,In Progress,397252.35,1928565.79,High
PRJ3758,Project Open-architected bifurcated portal,D017,Completed,238271.33,1933033.2,Critical
PRJ3759,Project Balanced bifurcated knowledgebase,D011,In Progress,282206.58,1667225.58,Critical
PRJ3760,Project Fundamental upward-trending product,D001,Completed,560008.31,4508971.08,High
PRJ3761,Project Persistent clear-thinking pricing structure,D005,In Progress,975948.62,3841288.98,Critical
PRJ3762,Project Fundamental background moderator,D014,Completed,16581.35,328185.41,High
PRJ3763,Project Right-sized uniform Graphical User Interface,D017,Completed,515042.92,2480260.49,High
PRJ3764,Project Realigned local projection,D008,Completed,445736.96,4895029.22,Medium
PRJ3765,Project Innovative incremental solution,D004,Cancelled,990893.61,3534799.88,Medium
PRJ3766,Project Adaptive attitude-oriented middleware,D011,Completed,612747.45,1173495.72,Low
PRJ3767,Project Visionary methodical open system,D016,Planning,960593.51,3962322.07,Low
PRJ3768,Project Compatible stable Graphic Interface,D001,In Progress,431972.42,348828.11,High
PRJ3769,Project Pre-emptive radical installation,D002,Completed,130041.37,3610790.21,Medium
PRJ3770,Project Object-based dynamic instruction set,D016,Completed,398703.37,1114091.0,Low
PRJ3771,Project Enterprise-wide context-sensitive groupware,D016,Completed,567324.18,1289158.9,Critical
PRJ3772,Project Upgradable systemic pricing structure,D005,Planning,725692.56,1986233.93,High
PRJ3773,Project Enterprise-wide leadingedge middleware,D005,Planning,734662.65,1574054.8,Low
PRJ3774,Project Face-to-face 3rdgeneration Local Area Network,D015,Completed,846861.47,4630387.69,Low
PRJ3775,Project Diverse 4thgeneration structure,D014,Completed,446047.81,1297188.66,Critical
PRJ3776,Project Compatible interactive definition,D017,Planning,585006.13,872683.78,High
PRJ3777,Project Organized empowering website,D009,Completed,132882.93,4627704.81,High
PRJ3778,Project Secured logistical knowledge user,D019,Completed,621499.39,4054174.41,High
PRJ3779,Project Robust 24/7 ability,D011,Completed,778516.44,1542494.71,Medium
PRJ3780,Project Innovative analyzing solution,D018,Completed,537210.31,4933092.54,High
PRJ3781,Project Re-contextualized maximized forecast,D008,In Progress,402468.69,2440830.1,Critical
PRJ3782,Project Realigned needs-based instruction set,D019,In Progress,718347.06,2950739.61,High
PRJ3783,Project Digitized 4thgeneration knowledge user,D008,Planning,29085.77,2984440.74,Medium
PRJ3784,Project Multi-lateral coherent artificial intelligence,D018,In Progress,590030.47,1504659.56,Low
PRJ3785,Project Decentralized asymmetric encoding,D013,In Progress,338740.27,1400428.89,High
PRJ3786,Project Customer-focused multi-tasking process improvement,D012,Completed,25674.34,4675400.45,Medium
PRJ3787,Project Ergonomic upward-trending throughput,D019,In Progress,700433.35,3746072.84,High
PRJ3788,Project Phased explicit database,D011,Completed,940846.94,2205976.54,Medium
PRJ3789,Project Team-oriented even-keeled concept,D005,In Progress,667629.8,1693781.53,Medium
PRJ3790,Project Inverse even-keeled superstructure,D015,Completed,85251.15,3394715.0,Medium
PRJ3791,Project Up-sized logistical task-force,D005,In Progress,445090.58,276784.76,High
PRJ3792,Project Distributed fresh-thinking knowledgebase,D010,In Progress,693591.7,1350295.31,Critical
PRJ3793,Project Upgradable background superstructure,D016,Planning,984405.83,2988379.82,Critical
PRJ3794,Project Ameliorated next generation circuit,D017,Cancelled,656555.38,2834360.14,Medium
PRJ3795,Project Diverse next generation paradigm,D001,Completed,590245.47,2190943.63,Low
PRJ3796,Project Diverse contextually-based Graphical User Interface,D006,Completed,618287.06,1237969.48,Medium
PRJ3797,Project Stand-alone hybrid utilization,D001,Completed,208327.79,574012.92,Medium
PRJ3798,Project Versatile client-driven productivity,D008,Cancelled,503658.76,126715.76,Low
PRJ3799,Project Reduced background process improvement,D009,Completed,957578.59,4984766.12,Medium
PRJ3800,Project Managed needs-based matrices,D009,In Progress,273580.99,61526.6,High
PRJ3801,Project Profound object-oriented extranet,D020,In Progress,581399.54,4379308.56,Low
PRJ3802,Project Universal heuristic system engine,D004,Completed,727293.31,4953686.34,Medium
PRJ3803,Project Managed multimedia hub,D016,Completed,88724.88,4120180.06,Low
PRJ3804,Project Horizontal user-facing process improvement,D007,Completed,800969.7,2597635.34,High
PRJ3805,Project Devolved systematic Internet solution,D003,Completed,899455.01,3058144.76,Critical
PRJ3806,Project Fundamental 5thgeneration circuit,D010,In Progress,868997.9,752095.62,High
PRJ3807,Project Total motivating conglomeration,D002,Completed,49446.29,4466174.89,Low
PRJ3808,Project Diverse value-added instruction set,D018,Completed,781483.32,2265212.25,Low
PRJ3809,Project Cross-platform full-range alliance,D007,Completed,608348.01,700128.37,High
PRJ3810,Project Reduced 24hour function,D004,Completed,242361.3,4869466.45,Critical
PRJ3811,Project Optional optimal alliance,D012,Completed,735829.47,918434.92,Critical
PRJ3812,Project Multi-lateral actuating approach,D005,Completed,481377.48,4478286.83,Critical
PRJ3813,Project User-centric mobile functionalities,D020,In Progress,357684.4,1160816.02,High
PRJ3814,Project Vision-oriented foreground service-desk,D012,Cancelled,283927.54,4958586.61,Low
PRJ3815,Project Universal optimizing matrix,D003,Completed,774383.95,2018222.08,High
PRJ3816,Project Organized optimal paradigm,D015,Completed,339572.51,2779700.68,High
PRJ3817,Project Business-focused responsive capability,D013,In Progress,795581.39,3037725.92,Low
PRJ3818,Project Fundamental eco-centric time-frame,D012,Completed,446339.82,2739993.58,High
PRJ3819,Project Horizontal full-range core,D013,Completed,311414.3,1698624.86,Medium
PRJ3820,Project Managed asynchronous analyzer,D004,Completed,626432.28,2927311.15,Critical
PRJ3821,Project Self-enabling optimal architecture,D016,Completed,150635.32,3689969.46,Medium
PRJ3822,Project Progressive bottom-line forecast,D012,In Progress,864346.39,272417.15,Low
PRJ3823,Project Triple-buffered 5thgeneration contingency,D001,Planning,885691.56,3243941.98,Low
PRJ3824,Project Cloned system-worthy Internet solution,D004,Completed,79271.34,1583654.87,Low
PRJ3825,Project Synergistic solution-oriented Local Area Network,D004,Completed,409467.48,3151677.75,Medium
PRJ3826,Project Open-source holistic portal,D019,In Progress,454488.12,4697448.14,High
PRJ3827,Project Devolved object-oriented definition,D008,In Progress,756290.9,3550869.4,Low
PRJ3828,Project Total contextually-based matrix,D003,Planning,591594.78,3005644.45,High
PRJ3829,Project Devolved exuding protocol,D019,Planning,255318.32,1465835.33,Low
PRJ3830,Project Focused human-resource circuit,D009,Completed,984996.31,2817193.43,Medium
PRJ3831,Project Mandatory zero-defect open architecture,D007,Planning,529719.57,3558282.34,Critical
PRJ3832,Project Implemented directional capability,D004,Planning,823134.35,3100478.41,Medium
PRJ3833,Project Reverse-engineered exuding array,D004,Completed,292508.92,2918954.71,Low
PRJ3834,Project Distributed multi-tasking standardization,D016,Completed,127844.39,4955076.7,Low
PRJ3835,Project Re-engineered regional open system,D006,Completed,252198.88,3783608.43,Low
PRJ3836,Project Focused demand-driven projection,D011,Planning,881438.18,2034910.78,Low
PRJ3837,Project Reactive zero administration leverage,D019,In Progress,674138.79,4823963.77,Critical
PRJ3838,Project Extended interactive hub,D002,Completed,361216.72,3045346.66,High
PRJ3839,Project Team-oriented composite collaboration,D019,Completed,327811.59,4178236.87,Critical
PRJ3840,Project Persistent bottom-line matrix,D019,Completed,916622.64,2543850.34,Low
PRJ3841,Project Assimilated full-range hub,D005,Planning,93902.39,2950735.02,Low
PRJ3842,Project Sharable zero-defect Internet solution,D012,Completed,151997.16,69120.25,Critical
PRJ3843,Project Robust local emulation,D005,Planning,280954.58,497368.8,Low
PRJ3844,Project Managed maximized array,D008,Completed,806382.06,2766594.67,High
PRJ3845,Project Face-to-face systemic encryption,D004,In Progress,651835.93,4550668.26,Low
PRJ3846,Project Configurable maximized adapter,D011,In Progress,173285.37,1284359.61,Low
PRJ3847,Project Front-line full-range extranet,D016,Planning,447454.74,2195536.66,Medium
PRJ3848,Project Expanded interactive benchmark,D004,In Progress,720107.27,2049843.74,Medium
PRJ3849,Project Compatible exuding standardization,D013,Completed,204221.07,4144812.73,Low
PRJ3850,Project Fundamental value-added algorithm,D013,Planning,817057.15,4912797.2,Medium
PRJ3851,Project Multi-lateral full-range archive,D013,Completed,854901.73,2169819.61,Medium
PRJ3852,Project Monitored background adapter,D015,Completed,779686.76,3199537.63,Medium
PRJ3853,Project Open-source background hub,D004,Completed,878471.18,450373.33,Critical
PRJ3854,Project Enhanced zero administration Local Area Network,D002,Completed,689104.14,4418114.71,Critical
PRJ3855,Project Reduced 3rdgeneration concept,D004,Planning,502189.75,1767047.52,Medium
PRJ3856,Project Multi-layered optimal alliance,D019,Planning,65343.97,2388314.66,Low
PRJ3857,Project Mandatory responsive portal,D008,Completed,239692.92,4296587.33,Critical
PRJ3858,Project Diverse client-server solution,D011,Completed,923215.19,1595269.77,Low
PRJ3859,Project Assimilated full-range knowledge user,D004,Completed,212620.29,371625.41,Low
PRJ3860,Project Decentralized non-volatile workforce,D002,In Progress,613153.98,1052210.39,Low
PRJ3861,Project Balanced bottom-line contingency,D017,Completed,668401.06,3307259.9,High
PRJ3862,Project Extended homogeneous policy,D020,Completed,525605.65,913210.46,Medium
PRJ3863,Project Customizable asymmetric process improvement,D010,Planning,105080.9,1402701.71,High
PRJ3864,Project Business-focused solution-oriented toolset,D013,Planning,284013.43,464048.3,Critical
PRJ3865,Project Synchronized national structure,D013,Planning,500202.77,1678519.21,Low
PRJ3866,Project Enterprise-wide demand-driven secured line,D013,Completed,514632.07,3592068.34,Medium
PRJ3867,Project Cross-platform 6thgeneration task-force,D018,Completed,557026.96,4813328.94,High
PRJ3868,Project Phased multimedia approach,D005,In Progress,161903.55,1123475.06,High
PRJ3869,Project Reduced high-level contingency,D012,Cancelled,81459.69,3177724.65,High
PRJ3870,Project Multi-channeled upward-trending time-frame,D006,Completed,263798.21,1660436.44,High
PRJ3871,Project Progressive radical matrices,D009,Cancelled,219189.17,672151.27,Medium
PRJ3872,Project Virtual 4thgeneration Internet solution,D001,Completed,848952.82,4592284.83,Medium
PRJ3873,Project Multi-channeled background installation,D017,Cancelled,154272.41,398615.46,Medium
PRJ3874,Project Persevering multi-state throughput,D010,Planning,407368.99,2722583.58,Medium
PRJ3875,Project Quality-focused 24hour open architecture,D020,Completed,825092.04,1745712.06,Low
PRJ3876,Project Automated bottom-line capability,D015,Completed,793488.37,4596391.11,Low
PRJ3877,Project Re-contextualized tangible Graphic Interface,D019,Completed,686651.44,1890245.74,High
PRJ3878,Project Cross-platform motivating instruction set,D020,Completed,519796.72,3694206.99,Critical
PRJ3879,Project Multi-layered exuding conglomeration,D011,Planning,516237.0,3124308.39,Medium
PRJ3880,Project Up-sized modular initiative,D005,Completed,564509.79,1379865.76,Low
PRJ3881,Project Fundamental foreground secured line,D010,Cancelled,822838.39,810242.22,High
PRJ3882,Project Versatile maximized encryption,D016,Completed,601401.52,4097498.72,High
PRJ3883,Project Enterprise-wide upward-trending neural-net,D019,Completed,380434.43,764840.9,Critical
PRJ3884,Project De-engineered global methodology,D017,In Progress,326146.47,805393.32,High
PRJ3885,Project Down-sized upward-trending toolset,D009,In Progress,540055.6,2877154.52,Critical
PRJ3886,Project Integrated explicit monitoring,D004,In Progress,166004.19,2144241.25,Low
PRJ3887,Project Self-enabling multi-state groupware,D016,In Progress,900927.59,2027855.45,High
PRJ3888,Project Fundamental 3rdgeneration workforce,D008,Completed,236869.92,4010106.62,High
PRJ3889,Project Versatile secondary hardware,D017,Completed,495649.78,3048871.08,Medium
PRJ3890,Project Visionary global implementation,D001,In Progress,271697.58,4926459.47,High
PRJ3891,Project De-engineered radical software,D007,In Progress,759281.28,3292130.96,Critical
PRJ3892,Project Re-engineered impactful architecture,D001,Completed,16024.69,2379065.41,Critical
PRJ3893,Project Up-sized impactful initiative,D011,Completed,459305.88,86743.42,Critical
PRJ3894,Project Sharable responsive moratorium,D012,Completed,353815.61,4808635.44,Low
PRJ3895,Project Persevering bi-directional pricing structure,D006,Completed,662310.93,3073836.46,High
PRJ3896,Project Ergonomic contextually-based firmware,D015,Completed,471246.54,3196187.15,High
PRJ3897,Project Enhanced mission-critical algorithm,D012,In Progress,584098.37,1828339.03,High
PRJ3898,Project Horizontal leadingedge emulation,D011,In Progress,479164.63,1790228.78,Low
PRJ3899,Project Vision-oriented grid-enabled adapter,D016,In Progress,363069.14,3892610.73,Critical
PRJ3900,Project Networked upward-trending toolset,D007,Completed,534449.25,2887814.02,Medium
PRJ3901,Project Innovative exuding matrices,D005,In Progress,944357.55,4111507.8,Critical
PRJ3902,Project Pre-emptive context-sensitive superstructure,D013,Completed,672866.06,2777132.04,High
PRJ3903,Project Innovative responsive leverage,D002,In Progress,344788.26,3735561.85,Low
PRJ3904,Project Stand-alone asymmetric model,D020,Completed,293399.53,2382412.51,Critical
PRJ3905,Project Ameliorated 5thgeneration task-force,D011,Planning,683301.78,159227.23,Low
PRJ3906,Project Right-sized maximized paradigm,D005,Completed,666116.95,633632.32,Low
PRJ3907,Project Multi-tiered uniform intranet,D007,Completed,685056.11,2469108.13,Low
PRJ3908,Project Multi-tiered radical protocol,D009,In Progress,570104.29,180898.93,Low
PRJ3909,Project Networked intermediate adapter,D017,Planning,103473.73,2025458.19,Low
PRJ3910,Project Expanded global budgetary management,D015,In Progress,155781.91,4017317.8,High
PRJ3911,Project Multi-layered analyzing firmware,D008,Planning,191769.59,4021066.99,Low
PRJ3912,Project Pre-emptive intangible definition,D006,Completed,302707.69,86299.49,High
PRJ3913,Project Ergonomic upward-trending emulation,D005,Planning,983675.68,4354863.17,Medium
PRJ3914,Project Grass-roots asynchronous projection,D003,Completed,14220.99,2198354.17,High
PRJ3915,Project Face-to-face contextually-based core,D019,Completed,685204.87,443087.03,Medium
PRJ3916,Project User-centric bi-directional task-force,D013,Completed,400710.15,377511.15,Low
PRJ3917,Project Adaptive interactive complexity,D014,Planning,288308.93,4026949.02,High
PRJ3918,Project User-friendly multi-tasking interface,D011,Completed,15179.51,2454752.85,Medium
PRJ3919,Project Front-line heuristic definition,D011,In Progress,57639.58,3568048.05,Low
PRJ3920,Project Decentralized exuding paradigm,D009,Completed,709948.71,1557871.3,Critical
PRJ3921,Project Digitized fault-tolerant pricing structure,D018,In Progress,468586.26,1028182.01,Medium
PRJ3922,Project Realigned client-driven capacity,D006,In Progress,512852.43,2025613.55,High
PRJ3923,Project User-centric hybrid contingency,D010,Completed,695172.0,3071878.33,Critical
PRJ3924,Project Virtual upward-trending superstructure,D005,Completed,136062.44,3314317.17,High
PRJ3925,Project Total regional toolset,D020,Completed,296727.36,1781738.59,High
PRJ3926,Project Right-sized radical pricing structure,D003,In Progress,153900.98,3791687.4,High
PRJ3927,Project Digitized actuating moderator,D002,In Progress,949672.53,2957654.02,High
PRJ3928,Project Configurable multimedia moratorium,D007,Completed,816917.12,4174806.07,Medium
PRJ3929,Project Quality-focused dedicated emulation,D017,Planning,483164.08,2693658.46,Medium
PRJ3930,Project Cross-platform context-sensitive middleware,D009,Completed,92018.9,1450041.68,High
PRJ3931,Project Customer-focused global interface,D020,In Progress,720259.26,2934584.21,High
PRJ3932,Project Object-based interactive matrices,D009,Completed,506119.07,4594678.82,Low
PRJ3933,Project Self-enabling stable contingency,D006,Completed,761671.62,3510292.9,Critical
PRJ3934,Project Team-oriented needs-based access,D013,In Progress,941494.49,2340390.11,High
PRJ3935,Project Up-sized context-sensitive complexity,D008,Completed,362226.51,493172.05,High
PRJ3936,Project Versatile 4thgeneration instruction set,D018,Planning,574199.23,227045.69,High
PRJ3937,Project Realigned static Local Area Network,D006,In Progress,540329.95,3376154.26,Critical
PRJ3938,Project Integrated asynchronous interface,D014,Completed,426360.36,3308726.73,Critical
PRJ3939,Project Advanced modular extranet,D006,In Progress,30442.22,2084700.59,Critical
PRJ3940,Project Focused analyzing utilization,D003,In Progress,683065.05,3881504.42,High
PRJ3941,Project Optimized 6thgeneration Graphical User Interface,D009,In Progress,420608.13,4863825.62,Critical
PRJ3942,Project Ergonomic mission-critical challenge,D009,In Progress,753464.51,3051189.6,Medium
PRJ3943,Project User-friendly incremental support,D020,Completed,995995.84,1864167.1,Critical
PRJ3944,Project Innovative demand-driven forecast,D006,In Progress,264719.93,1463453.94,High
PRJ3945,Project Reactive grid-enabled hierarchy,D013,Completed,68180.09,374488.43,High
PRJ3946,Project Optional neutral adapter,D011,Completed,137848.14,927142.98,Low
PRJ3947,Project Diverse 6thgeneration standardization,D020,Completed,530885.53,1545982.36,Low
PRJ3948,Project Synchronized reciprocal standardization,D011,In Progress,205759.95,1282364.41,High
PRJ3949,Project Reverse-engineered bi-directional focus group,D003,Planning,55402.47,1137571.99,High
PRJ3950,Project Profit-focused zero administration analyzer,D020,Completed,266810.94,4021851.46,Critical
PRJ3951,Project Function-based empowering complexity,D016,Completed,705513.52,4093286.28,Critical
PRJ3952,Project Multi-tiered motivating secured line,D019,Planning,502315.17,4583281.0,Critical
PRJ3953,Project Optimized bifurcated solution,D012,In Progress,105315.7,2312463.98,High
PRJ3954,Project De-engineered cohesive portal,D001,In Progress,998697.93,4151163.35,Medium
PRJ3955,Project Front-line dynamic circuit,D015,Completed,399912.41,4410445.07,Low
PRJ3956,Project Digitized explicit customer loyalty,D011,Completed,760499.87,404303.09,Low
PRJ3957,Project Expanded 6thgeneration extranet,D004,In Progress,265571.72,2882381.31,High
PRJ3958,Project Exclusive incremental archive,D006,Completed,352703.53,3252550.85,High
PRJ3959,Project Switchable systematic leverage,D001,In Progress,328869.3,4069200.91,Medium
PRJ3960,Project Distributed contextually-based customer loyalty,D013,In Progress,279536.95,1839547.17,Critical
PRJ3961,Project Self-enabling directional knowledge user,D016,Planning,882247.7,4225112.06,Critical
PRJ3962,Project Progressive intangible product,D007,Completed,156368.27,248091.51,High
PRJ3963,Project Visionary bottom-line projection,D002,Completed,615763.18,3200156.82,Critical
PRJ3964,Project Pre-emptive upward-trending focus group,D007,Completed,223532.61,3114425.86,Critical
PRJ3965,Project Programmable 24hour attitude,D016,Planning,439948.24,2152957.02,High
PRJ3966,Project Face-to-face zero administration framework,D017,Completed,620940.89,4833158.26,Medium
PRJ3967,Project Triple-buffered system-worthy intranet,D004,Cancelled,879426.83,86050.61,High
PRJ3968,Project Extended discrete core,D013,Completed,444373.72,2937832.21,Low
PRJ3969,Project Team-oriented exuding application,D013,Completed,462764.23,1131920.0,High
PRJ3970,Project Assimilated actuating product,D012,Completed,995815.06,2546403.99,High
PRJ3971,Project Optional dynamic encoding,D001,Completed,166684.56,4676112.71,High
PRJ3972,Project Synergized full-range neural-net,D004,Planning,447879.75,4706400.69,High
PRJ3973,Project Secured bottom-line Graphic Interface,D018,Planning,123736.1,2075335.84,Low
PRJ3974,Project Ameliorated content-based time-frame,D007,Cancelled,813838.29,1297369.25,Critical
PRJ3975,Project Reduced explicit frame,D006,Completed,958163.92,1076397.09,High
PRJ3976,Project Integrated context-sensitive support,D005,In Progress,780189.23,1956995.31,Critical
PRJ3977,Project Synergistic executive collaboration,D018,Completed,723423.5,3771614.27,Low
PRJ3978,Project Organic high-level capacity,D007,Completed,612879.71,4898020.84,High
PRJ3979,Project Customizable bottom-line firmware,D019,Completed,473209.6,1833539.71,Low
PRJ3980,Project Multi-channeled incremental middleware,D003,Planning,136995.64,3193077.29,Medium
PRJ3981,Project Intuitive maximized circuit,D001,Planning,886588.31,138739.0,Medium
PRJ3982,Project Vision-oriented multi-tasking protocol,D006,In Progress,851651.84,872207.68,High
PRJ3983,Project Digitized value-added strategy,D006,Completed,744461.88,3469323.8,Critical
PRJ3984,Project Virtual demand-driven success,D013,Completed,661691.69,898064.66,Low
PRJ3985,Project Pre-emptive discrete ability,D011,Completed,683328.93,3542028.26,High
PRJ3986,Project Progressive full-range superstructure,D007,Completed,936953.89,347831.09,Low
PRJ3987,Project Optional high-level Graphical User Interface,D009,In Progress,178322.37,4686189.96,Medium
PRJ3988,Project Networked 24hour support,D006,In Progress,524408.69,4686734.11,Medium
PRJ3989,Project Persistent interactive moratorium,D010,Completed,203705.89,1212620.96,Critical
PRJ3990,Project Cross-platform fresh-thinking encoding,D016,Completed,852141.7,416524.58,Critical
PRJ3991,Project Decentralized needs-based contingency,D015,Completed,160445.24,1632797.47,Low
PRJ3992,Project Multi-channeled bottom-line benchmark,D011,Completed,975557.25,398997.86,High
PRJ3993,Project Reverse-engineered mission-critical firmware,D011,In Progress,151349.12,4250429.04,Critical
PRJ3994,Project Pre-emptive interactive structure,D009,Completed,234422.87,2204799.1,Medium
PRJ3995,Project Streamlined multi-tasking hardware,D019,Completed,522729.77,2217660.11,Low
PRJ3996,Project Optimized real-time hardware,D016,Completed,407006.65,4057663.07,Critical
PRJ3997,Project Synergistic bandwidth-monitored solution,D006,In Progress,110021.41,2077790.32,Critical
PRJ3998,Project Fully-configurable tertiary attitude,D020,In Progress,641676.55,3438406.86,High
PRJ3999,Project Down-sized multimedia middleware,D007,In Progress,698523.4,4435137.44,Low
PRJ4000,Project Centralized incremental installation,D015,Completed,286715.91,2234036.38,High
PRJ4001,Project Integrated composite protocol,D013,Completed,578382.24,3331462.33,Medium
PRJ4002,Project Multi-lateral attitude-oriented superstructure,D009,Completed,625000.9,480541.56,Medium
PRJ4003,Project Right-sized scalable frame,D004,In Progress,372470.09,576413.27,Low
PRJ4004,Project Digitized 24/7 product,D003,Completed,418575.52,131607.92,Critical
PRJ4005,Project Decentralized neutral solution,D016,Planning,219249.82,1327288.68,Medium
PRJ4006,Project Multi-lateral explicit synergy,D014,In Progress,444320.76,1684524.85,Medium
PRJ4007,Project Intuitive 24/7 archive,D013,Cancelled,76964.09,62017.55,High
PRJ4008,Project Ameliorated leadingedge infrastructure,D010,In Progress,17151.77,4309078.85,High
PRJ4009,Project De-engineered coherent access,D002,Cancelled,247977.32,4094464.73,Critical
PRJ4010,Project Cross-group interactive info-mediaries,D009,Cancelled,136823.54,3433310.44,Critical
PRJ4011,Project Balanced content-based open architecture,D008,Planning,912754.08,3201051.26,High
PRJ4012,Project User-centric 3rdgeneration model,D012,In Progress,525070.79,525441.66,Critical
PRJ4013,Project Re-contextualized radical structure,D020,In Progress,683216.11,3596384.07,Critical
PRJ4014,Project Customizable local archive,D004,Completed,591600.27,2105173.28,Low
PRJ4015,Project Persistent national standardization,D011,Cancelled,134133.52,3342275.86,Medium
PRJ4016,Project Cross-platform transitional array,D006,Planning,508678.79,153658.2,Low
PRJ4017,Project Re-engineered object-oriented collaboration,D002,In Progress,848076.23,2675334.21,Medium
PRJ4018,Project Cloned 4thgeneration open system,D018,In Progress,852617.67,2733872.47,Medium
PRJ4019,Project Public-key transitional access,D015,In Progress,78254.05,3259074.83,Medium
PRJ4020,Project Exclusive multi-tasking policy,D016,Planning,707838.96,1068945.66,Medium
PRJ4021,Project Universal interactive policy,D016,In Progress,659924.26,4996682.77,Critical
PRJ4022,Project Expanded user-facing firmware,D001,In Progress,334972.7,4354913.26,Medium
PRJ4023,Project Proactive national knowledgebase,D012,In Progress,269480.85,1543810.2,Low
PRJ4024,Project Configurable uniform algorithm,D006,Completed,381110.06,1082792.01,Medium
PRJ4025,Project Focused logistical initiative,D014,In Progress,85276.28,1751613.53,Critical
PRJ4026,Project Front-line impactful hub,D012,Completed,678023.38,2422726.99,Low
PRJ4027,Project Synergistic cohesive moderator,D003,Completed,667028.39,4251316.81,Medium
PRJ4028,Project Distributed analyzing orchestration,D016,Completed,542566.48,4670709.71,Critical
PRJ4029,Project Networked hybrid initiative,D008,In Progress,702180.0,3552696.66,Medium
PRJ4030,Project Face-to-face secondary functionalities,D002,Completed,251185.51,3651039.0,Medium
PRJ4031,Project Exclusive 5thgeneration application,D016,Planning,268838.83,609373.4,Medium
PRJ4032,Project Persevering bi-directional paradigm,D005,Completed,740319.66,2111882.62,Low
PRJ4033,Project Diverse executive success,D001,Completed,430971.08,3644489.58,Low
PRJ4034,Project Future-proofed composite data-warehouse,D020,Completed,782238.25,4071372.75,Low
PRJ4035,Project Cloned uniform algorithm,D013,In Progress,193520.24,292139.84,Critical
PRJ4036,Project Cloned systematic flexibility,D003,In Progress,947392.36,4499896.29,High
PRJ4037,Project Expanded local application,D019,Completed,212395.32,486932.88,High
PRJ4038,Project Enhanced actuating customer loyalty,D012,Completed,476843.65,3129429.37,High
PRJ4039,Project Total homogeneous parallelism,D011,Completed,494344.35,3233743.78,Medium
PRJ4040,Project Versatile uniform throughput,D010,In Progress,294561.7,2573923.71,Medium
PRJ4041,Project Enhanced modular matrices,D007,In Progress,104919.21,1712028.95,Medium
PRJ4042,Project Profound multi-state neural-net,D003,In Progress,569204.07,1224606.91,Low
PRJ4043,Project Seamless bandwidth-monitored monitoring,D013,Completed,425507.28,342759.63,Critical
PRJ4044,Project Adaptive disintermediate analyzer,D020,Planning,315486.1,1614416.73,Medium
PRJ4045,Project Assimilated modular methodology,D001,Completed,175286.46,3325658.25,Critical
PRJ4046,Project Innovative 4thgeneration pricing structure,D004,In Progress,927306.81,4261718.45,Low
PRJ4047,Project Multi-tiered 24/7 superstructure,D017,Completed,363183.91,3572660.62,High
PRJ4048,Project Mandatory neutral conglomeration,D007,Completed,761146.66,787887.99,High
PRJ4049,Project Fully-configurable demand-driven Local Area Network,D017,In Progress,891902.88,4227360.28,Critical
PRJ4050,Project Configurable object-oriented migration,D009,In Progress,233053.23,4530857.25,High
PRJ4051,Project Innovative reciprocal circuit,D016,In Progress,954143.19,3461254.8,Medium
PRJ4052,Project Operative interactive emulation,D013,Cancelled,187108.9,3811174.98,Medium
PRJ4053,Project Organized didactic concept,D009,Completed,577935.15,1012252.07,Critical
PRJ4054,Project Persistent context-sensitive customer loyalty,D011,Completed,491879.58,1221396.97,Medium
PRJ4055,Project Automated 6thgeneration encryption,D002,Planning,866618.06,623589.4,Critical
PRJ4056,Project Public-key heuristic database,D017,In Progress,190262.23,61068.94,High
PRJ4057,Project Innovative background project,D015,Cancelled,334944.67,4535061.4,Low
PRJ4058,Project Implemented 24/7 structure,D011,Planning,468750.96,3336031.61,High
PRJ4059,Project Decentralized directional interface,D009,Planning,873428.26,4962106.72,Critical
PRJ4060,Project Quality-focused heuristic info-mediaries,D017,Planning,199940.12,3666306.55,Critical
PRJ4061,Project Decentralized foreground emulation,D006,Completed,455501.35,202764.25,Medium
PRJ4062,Project Centralized object-oriented Internet solution,D011,Completed,93284.4,1642174.14,Low
PRJ4063,Project Multi-tiered grid-enabled paradigm,D008,In Progress,980418.99,4036861.82,High
PRJ4064,Project Face-to-face next generation structure,D014,In Progress,444104.57,1708371.67,Critical
PRJ4065,Project Customer-focused tertiary customer loyalty,D005,Completed,937310.79,3497755.53,Medium
PRJ4066,Project Proactive real-time middleware,D012,Completed,346300.27,2964625.9,High
PRJ4067,Project Exclusive scalable flexibility,D011,In Progress,775227.67,4363286.16,Medium
PRJ4068,Project Business-focused impactful contingency,D012,Completed,739169.41,2560343.7,Medium
PRJ4069,Project Open-source modular workforce,D012,Planning,570523.91,2635863.8,High
PRJ4070,Project Programmable mobile firmware,D001,In Progress,445113.66,2389166.03,High
PRJ4071,Project Universal stable installation,D005,Completed,126551.6,2855751.46,Critical
PRJ4072,Project Balanced client-server matrices,D012,Planning,315339.98,2389070.17,Low
PRJ4073,Project Right-sized fault-tolerant synergy,D008,In Progress,178197.06,3924760.67,High
PRJ4074,Project Proactive fresh-thinking parallelism,D017,Completed,473565.03,1902407.3,Critical
PRJ4075,Project Sharable exuding data-warehouse,D005,Completed,474125.8,270192.21,Medium
PRJ4076,Project Inverse tangible leverage,D011,In Progress,187076.19,1568478.88,Low
PRJ4077,Project Enterprise-wide content-based knowledge user,D007,Completed,381333.77,2698061.84,Low
PRJ4078,Project Organic content-based application,D005,Completed,897706.0,3380063.59,Low
PRJ4079,Project Advanced system-worthy complexity,D009,In Progress,835454.48,3449237.65,High
PRJ4080,Project Profit-focused logistical toolset,D008,Completed,612156.24,2701474.79,Critical
PRJ4081,Project Stand-alone tangible array,D010,Completed,949266.89,1452889.6,Critical
PRJ4082,Project Programmable interactive hierarchy,D001,Completed,339906.88,3914943.08,High
PRJ4083,Project Open-source directional task-force,D009,Planning,892723.76,1390628.72,Critical
PRJ4084,Project Vision-oriented homogeneous knowledge user,D016,Completed,225447.19,3668928.11,High
PRJ4085,Project Organized bottom-line algorithm,D001,In Progress,55141.04,4809997.52,Medium
PRJ4086,Project Seamless scalable initiative,D014,Completed,710469.98,2294036.18,Medium
PRJ4087,Project Expanded methodical array,D006,Completed,635062.59,3154096.37,Medium
PRJ4088,Project Vision-oriented global methodology,D015,In Progress,835815.78,169049.79,Low
PRJ4089,Project Adaptive discrete solution,D008,Completed,831185.5,4396026.31,Low
PRJ4090,Project Compatible neutral architecture,D009,Completed,256038.51,4739442.23,High
PRJ4091,Project User-friendly static concept,D017,Completed,386460.66,269303.8,Low
PRJ4092,Project Adaptive client-driven workforce,D018,Planning,888968.39,3834425.27,Critical
PRJ4093,Project Enhanced demand-driven time-frame,D015,In Progress,121453.34,2191590.21,Critical
PRJ4094,Project Universal national matrix,D005,In Progress,752807.78,3164664.35,Medium
PRJ4095,Project Secured system-worthy capacity,D001,In Progress,847614.49,3903211.85,High
PRJ4096,Project Persistent coherent array,D017,Completed,275100.93,1841032.56,High
PRJ4097,Project Exclusive methodical pricing structure,D014,Completed,184724.84,2700501.79,Low
PRJ4098,Project Optional fresh-thinking solution,D010,Completed,878969.61,2982164.52,High
PRJ4099,Project Upgradable 5thgeneration info-mediaries,D020,In Progress,917727.29,962085.05,Medium
PRJ4100,Project User-friendly high-level software,D004,Completed,781992.07,2862821.32,Low
PRJ4101,Project Multi-tiered demand-driven ability,D010,Completed,767545.77,4658802.94,Critical
PRJ4102,Project Centralized non-volatile emulation,D010,Cancelled,891451.27,1391980.78,Low
PRJ4103,Project Ameliorated exuding capability,D005,Completed,542746.8,1507485.01,High
PRJ4104,Project Function-based upward-trending knowledgebase,D008,Cancelled,408454.02,1588227.81,Medium
PRJ4105,Project Total transitional paradigm,D003,Planning,818027.1,2924546.8,Medium
PRJ4106,Project Monitored radical utilization,D014,Completed,634792.78,2999788.25,Critical
PRJ4107,Project Operative coherent installation,D010,In Progress,819561.76,1762993.52,High
PRJ4108,Project Virtual demand-driven throughput,D015,In Progress,155538.16,562531.13,Low
PRJ4109,Project Triple-buffered discrete analyzer,D019,Planning,24108.32,786127.02,High
PRJ4110,Project Focused optimizing standardization,D016,Completed,701330.16,964416.66,Critical
PRJ4111,Project Upgradable local utilization,D009,In Progress,435606.37,3806167.87,Critical
PRJ4112,Project De-engineered intermediate open architecture,D016,Completed,429921.7,3181428.45,Critical
PRJ4113,Project Distributed regional middleware,D010,Completed,165378.65,2306853.66,High
PRJ4114,Project Proactive heuristic function,D020,In Progress,525307.17,2021375.95,High
PRJ4115,Project Reactive non-volatile access,D018,Completed,599613.75,1856930.51,Medium
PRJ4116,Project Open-architected client-driven migration,D020,In Progress,832086.53,1280207.89,High
PRJ4117,Project Persevering zero-defect open architecture,D007,Planning,798057.56,3874598.48,Medium
PRJ4118,Project Ergonomic national knowledge user,D010,Planning,607675.1,528738.65,High
PRJ4119,Project Optimized mobile open architecture,D017,Completed,371809.93,1929425.4,High
PRJ4120,Project Extended client-server methodology,D011,Completed,160250.05,70924.62,Low
PRJ4121,Project Intuitive non-volatile firmware,D005,In Progress,856753.33,4655431.02,High
PRJ4122,Project Configurable discrete pricing structure,D012,Cancelled,966348.21,1530402.5,Medium
PRJ4123,Project Optional optimal time-frame,D002,In Progress,414596.08,4477342.52,Low
PRJ4124,Project Re-engineered discrete budgetary management,D004,Completed,357827.47,315486.84,High
PRJ4125,Project Switchable high-level ability,D014,Planning,695005.81,4951143.89,Medium
PRJ4126,Project Expanded web-enabled Local Area Network,D005,Planning,344511.06,4938248.25,Medium
PRJ4127,Project Re-contextualized responsive model,D005,In Progress,456511.03,3080073.66,Low
PRJ4128,Project Triple-buffered didactic parallelism,D010,Completed,326136.45,4732008.46,Medium
PRJ4129,Project Reverse-engineered coherent intranet,D019,Completed,329133.69,2413542.32,Critical
PRJ4130,Project Cloned interactive product,D007,Completed,938982.65,809809.38,Low
PRJ4131,Project Universal explicit neural-net,D008,Completed,682529.32,473251.88,Low
PRJ4132,Project Expanded eco-centric success,D006,In Progress,631443.65,160834.61,Medium
PRJ4133,Project Seamless human-resource budgetary management,D005,Completed,368108.8,2742521.25,Low
PRJ4134,Project Phased client-server knowledge user,D013,Completed,669626.24,1242084.31,Low
PRJ4135,Project Re-contextualized grid-enabled flexibility,D018,Completed,528101.92,860497.72,High
PRJ4136,Project Universal responsive framework,D014,In Progress,95335.81,1349258.27,Low
PRJ4137,Project Front-line multimedia open system,D011,In Progress,570659.21,870244.56,High
PRJ4138,Project Operative system-worthy moratorium,D019,Completed,552257.89,4450664.79,High
PRJ4139,Project Pre-emptive multimedia superstructure,D009,In Progress,141546.56,1155813.76,High
PRJ4140,Project Networked content-based frame,D011,In Progress,614359.65,4245569.44,Low
PRJ4141,Project Seamless context-sensitive algorithm,D002,Completed,669231.56,1786444.98,Medium
PRJ4142,Project Customizable grid-enabled algorithm,D001,Completed,673023.49,2245126.53,High
PRJ4143,Project Programmable fault-tolerant product,D013,Completed,812210.15,4532205.19,Critical
PRJ4144,Project Re-engineered even-keeled moratorium,D017,Planning,91858.3,1867319.09,Critical
PRJ4145,Project De-engineered user-facing flexibility,D007,Planning,241785.26,2467450.07,Critical
PRJ4146,Project Realigned uniform encoding,D019,In Progress,238718.28,4751821.67,Low
PRJ4147,Project Grass-roots transitional project,D010,Completed,971812.89,165033.07,Medium
PRJ4148,Project Distributed systematic definition,D004,Completed,330283.13,1966829.51,Critical
PRJ4149,Project Innovative leadingedge Internet solution,D015,In Progress,942253.72,655302.67,Low
PRJ4150,Project Ameliorated incremental moratorium,D010,Completed,418772.99,3843311.62,Low
PRJ4151,Project Multi-channeled intangible website,D010,Completed,207262.98,2058614.26,Critical
PRJ4152,Project Switchable composite collaboration,D008,Completed,921025.74,4019977.83,Critical
PRJ4153,Project Face-to-face asymmetric emulation,D016,In Progress,130309.67,4124354.87,High
PRJ4154,Project Re-engineered heuristic conglomeration,D014,Completed,118082.08,1180783.87,Low
PRJ4155,Project Intuitive tangible data-warehouse,D020,Completed,824449.38,4289321.49,High
PRJ4156,Project Seamless explicit secured line,D020,Completed,627517.94,4881812.3,Low
PRJ4157,Project Open-source 3rdgeneration pricing structure,D007,Completed,356080.63,1424118.31,Critical
PRJ4158,Project Visionary dedicated portal,D014,Completed,146971.87,2589189.3,Low
PRJ4159,Project Customer-focused local attitude,D010,Completed,428042.44,1684037.89,Low
PRJ4160,Project Vision-oriented user-facing website,D015,Planning,587965.39,3763712.93,Low
PRJ4161,Project Down-sized human-resource utilization,D001,Planning,230351.1,1594876.61,Medium
PRJ4162,Project Public-key mission-critical ability,D018,In Progress,598008.57,1598179.84,Low
PRJ4163,Project Streamlined coherent interface,D001,Cancelled,247020.87,3535907.2,Critical
PRJ4164,Project Innovative impactful moderator,D004,In Progress,533722.67,2269065.7,Medium
PRJ4165,Project Streamlined methodical policy,D003,Planning,276066.51,3880725.37,High
PRJ4166,Project Balanced maximized core,D016,Cancelled,184644.74,3270786.66,Critical
PRJ4167,Project Synergistic bandwidth-monitored protocol,D003,Planning,697132.3,2238929.07,High
PRJ4168,Project Expanded cohesive open system,D020,In Progress,124876.33,2873691.0,Critical
PRJ4169,Project Profound multimedia capacity,D003,In Progress,177602.96,362305.37,Critical
PRJ4170,Project Managed fault-tolerant migration,D017,Completed,988284.1,3634690.34,Low
PRJ4171,Project Self-enabling coherent architecture,D002,Completed,859000.28,1989308.46,Medium
PRJ4172,Project Expanded 24hour utilization,D015,Completed,978271.81,3374904.65,Medium
PRJ4173,Project Cross-group empowering artificial intelligence,D005,Completed,99938.32,1205224.98,High
PRJ4174,Project Digitized contextually-based customer loyalty,D009,Completed,31467.3,284160.82,High
PRJ4175,Project Fully-configurable bandwidth-monitored utilization,D016,Completed,520183.26,2317376.93,Critical
PRJ4176,Project Operative actuating productivity,D015,Planning,376763.42,4097979.39,Medium
PRJ4177,Project Right-sized 6thgeneration Internet solution,D004,Completed,631687.2,2232643.74,Medium
PRJ4178,Project Reverse-engineered well-modulated emulation,D001,Completed,61180.75,3928911.94,Low
PRJ4179,Project Progressive methodical help-desk,D009,Planning,914348.44,524416.48,High
PRJ4180,Project Sharable actuating framework,D012,Completed,330815.48,3085958.0,Critical
PRJ4181,Project Total 24hour functionalities,D004,In Progress,228335.8,2512723.22,Low
PRJ4182,Project Proactive value-added superstructure,D020,Planning,725571.04,4951569.65,High
PRJ4183,Project Assimilated homogeneous service-desk,D003,In Progress,540610.46,3365758.58,Medium
PRJ4184,Project Progressive impactful model,D010,In Progress,473482.88,4618662.91,High
PRJ4185,Project Visionary 5thgeneration data-warehouse,D020,Completed,687706.75,1054571.29,Low
PRJ4186,Project Robust well-modulated policy,D002,In Progress,834468.44,448345.11,Low
PRJ4187,Project Self-enabling zero tolerance adapter,D003,Planning,289584.31,892679.94,Low
PRJ4188,Project Proactive bifurcated leverage,D006,In Progress,714243.49,2472013.76,Low
PRJ4189,Project Assimilated non-volatile website,D011,Completed,583021.88,3643450.2,Medium
PRJ4190,Project Profit-focused tangible archive,D017,Completed,358612.33,1193867.26,Low
PRJ4191,Project Optional foreground installation,D003,In Progress,120014.32,980148.83,Critical
PRJ4192,Project Synchronized human-resource definition,D006,Completed,594323.38,98348.42,Low
PRJ4193,Project Front-line demand-driven complexity,D012,Completed,473960.96,443464.95,Critical
PRJ4194,Project Re-engineered dedicated success,D020,Completed,578822.22,1428442.75,High
PRJ4195,Project Multi-layered zero tolerance standardization,D013,In Progress,644615.77,3467435.77,Low
PRJ4196,Project Up-sized 5thgeneration solution,D018,Completed,971536.88,3854559.67,Medium
PRJ4197,Project Exclusive zero tolerance capacity,D004,Completed,243868.26,1361086.46,Critical
PRJ4198,Project Expanded bottom-line matrices,D008,Completed,215104.95,1320126.98,Low
PRJ4199,Project De-engineered static migration,D005,Completed,849249.95,212227.56,Medium
PRJ4200,Project Secured zero tolerance architecture,D016,Completed,469622.86,1071515.4,Critical
PRJ4201,Project Realigned intangible open architecture,D001,Completed,651399.99,646051.22,Critical
PRJ4202,Project Cross-platform bi-directional customer loyalty,D019,Completed,886394.07,3978347.47,Medium
PRJ4203,Project Digitized dedicated customer loyalty,D002,Completed,787402.0,397166.29,Medium
PRJ4204,Project Balanced 4thgeneration portal,D015,Completed,150310.34,2759791.75,Medium
PRJ4205,Project Polarized real-time pricing structure,D003,In Progress,112453.02,3982761.84,High
PRJ4206,Project Cross-group even-keeled extranet,D002,In Progress,59284.05,454719.35,Critical
PRJ4207,Project Pre-emptive reciprocal process improvement,D006,In Progress,939513.52,4255365.94,Critical
PRJ4208,Project Phased reciprocal projection,D008,In Progress,494018.53,4202608.14,Medium
PRJ4209,Project Polarized stable instruction set,D005,In Progress,719277.14,1904725.91,Low
PRJ4210,Project Persistent discrete initiative,D008,In Progress,493945.69,3255480.07,Low
PRJ4211,Project Triple-buffered regional orchestration,D014,In Progress,783561.05,4241890.58,Low
PRJ4212,Project Adaptive intangible open architecture,D016,Completed,732523.72,2777706.05,Medium
PRJ4213,Project Seamless empowering neural-net,D015,In Progress,864976.28,813035.84,Low
PRJ4214,Project Cloned bi-directional definition,D018,Completed,43872.03,3099451.81,Critical
PRJ4215,Project Business-focused bottom-line firmware,D017,In Progress,498743.71,2986237.59,Low
PRJ4216,Project Optimized eco-centric flexibility,D010,Completed,407481.24,4776516.56,High
PRJ4217,Project Compatible national analyzer,D014,Cancelled,660044.46,209469.22,High
PRJ4218,Project Reduced hybrid analyzer,D015,Completed,137479.83,4264576.02,High
PRJ4219,Project Distributed tertiary knowledge user,D005,In Progress,770585.89,1343336.16,High
PRJ4220,Project Persevering content-based Graphical User Interface,D009,Completed,417336.17,1184324.41,Critical
PRJ4221,Project Proactive systematic neural-net,D013,In Progress,853074.29,394430.87,Critical
PRJ4222,Project Centralized impactful benchmark,D020,Completed,897221.69,3948710.5,Critical
PRJ4223,Project Horizontal interactive policy,D009,Completed,318613.28,2639050.86,Medium
PRJ4224,Project Up-sized intangible challenge,D019,In Progress,899799.15,4591452.52,High
PRJ4225,Project Versatile composite flexibility,D003,Completed,160131.06,2457233.19,High
PRJ4226,Project Down-sized cohesive moderator,D014,Completed,988463.82,3261187.09,High
PRJ4227,Project Business-focused optimal strategy,D011,Planning,530605.84,3917256.4,Low
PRJ4228,Project Compatible fresh-thinking architecture,D012,Completed,439575.71,1522334.33,Low
PRJ4229,Project Devolved high-level core,D012,Completed,336494.65,144106.17,Critical
PRJ4230,Project Cross-group dedicated Local Area Network,D010,Completed,517386.45,2856171.94,Low
PRJ4231,Project Fundamental even-keeled throughput,D006,In Progress,85834.61,3694075.47,Low
PRJ4232,Project Function-based bi-directional intranet,D010,Completed,842133.71,3006366.95,Critical
PRJ4233,Project Monitored impactful access,D011,Completed,916478.73,3431941.29,Medium
PRJ4234,Project Open-architected leadingedge definition,D009,In Progress,12079.69,1408144.93,Medium
PRJ4235,Project Face-to-face asynchronous superstructure,D020,In Progress,869518.13,3468290.03,Medium
PRJ4236,Project Automated web-enabled algorithm,D011,In Progress,637592.89,147421.61,High
PRJ4237,Project Right-sized transitional collaboration,D019,In Progress,690439.76,3637408.28,Critical
PRJ4238,Project Open-source local system engine,D017,Completed,876038.85,2577043.85,Low
PRJ4239,Project Switchable coherent concept,D011,Planning,650543.9,689293.12,Medium
PRJ4240,Project Synchronized zero tolerance monitoring,D020,Completed,169053.84,2417108.97,Low
PRJ4241,Project Versatile tertiary knowledge user,D016,Completed,75621.51,3548236.37,Medium
PRJ4242,Project Networked well-modulated moratorium,D014,Planning,311635.91,3279467.05,High
PRJ4243,Project Centralized encompassing workforce,D001,Completed,156193.96,1716355.2,High
PRJ4244,Project Operative 4thgeneration system engine,D011,Completed,519770.38,2414415.0,Medium
PRJ4245,Project Multi-layered value-added firmware,D011,Planning,586603.87,1975702.67,High
PRJ4246,Project Universal directional attitude,D009,In Progress,299357.15,590988.23,High
PRJ4247,Project Reactive static alliance,D014,Completed,160182.34,410720.63,Low
PRJ4248,Project Multi-tiered optimizing model,D002,Cancelled,901905.85,334940.23,High
PRJ4249,Project Up-sized fault-tolerant pricing structure,D016,In Progress,925254.71,1490978.97,Critical
PRJ4250,Project Stand-alone holistic interface,D018,In Progress,876350.7,3435350.95,Low
PRJ4251,Project Team-oriented stable architecture,D016,In Progress,856518.07,1378536.35,High
PRJ4252,Project Extended multi-tasking encoding,D016,Completed,516243.68,2676587.72,Critical
PRJ4253,Project Intuitive upward-trending leverage,D013,In Progress,465273.69,4781497.1,High
PRJ4254,Project Centralized multi-tasking synergy,D012,In Progress,206159.9,818061.83,High
PRJ4255,Project Networked contextually-based knowledge user,D014,Completed,709080.69,1621311.02,Low
PRJ4256,Project Programmable analyzing info-mediaries,D016,In Progress,27902.6,3401689.66,Low
PRJ4257,Project Function-based high-level product,D003,In Progress,124800.97,3443648.13,Medium
PRJ4258,Project Adaptive homogeneous synergy,D018,In Progress,569339.58,3592938.64,Low
PRJ4259,Project Cross-platform solution-oriented portal,D007,Completed,432961.93,3864020.71,Critical
PRJ4260,Project Persevering global firmware,D019,In Progress,667777.77,2017249.25,Critical
PRJ4261,Project Multi-lateral fresh-thinking groupware,D020,Planning,911996.18,499054.65,Critical
PRJ4262,Project Enterprise-wide explicit service-desk,D020,Cancelled,460582.88,3853705.06,Critical
PRJ4263,Project Multi-lateral next generation forecast,D015,Completed,592233.43,503495.88,High
PRJ4264,Project Intuitive grid-enabled utilization,D002,In Progress,587969.98,4119756.79,Medium
PRJ4265,Project Implemented dynamic paradigm,D014,In Progress,773953.32,3162421.09,Medium
PRJ4266,Project Front-line high-level encoding,D019,In Progress,596613.21,3505621.74,High
PRJ4267,Project Multi-lateral optimal implementation,D014,Planning,932918.79,1281956.15,Medium
PRJ4268,Project Switchable actuating database,D004,In Progress,953447.41,4263315.38,Low
PRJ4269,Project Reverse-engineered dynamic encoding,D010,In Progress,340969.6,2692894.36,Medium
PRJ4270,Project Team-oriented coherent matrix,D002,Planning,648414.27,4202773.63,Medium
PRJ4271,Project Advanced coherent installation,D012,Completed,518638.37,1443445.19,Low
PRJ4272,Project Stand-alone system-worthy projection,D012,Completed,722900.69,2729809.24,High
PRJ4273,Project Face-to-face interactive ability,D004,Planning,505907.89,77478.57,High
PRJ4274,Project Total fresh-thinking software,D008,Completed,641044.14,4735900.08,Low
PRJ4275,Project Inverse hybrid secured line,D001,Completed,891247.73,2005390.21,Low
PRJ4276,Project Persistent 6thgeneration methodology,D020,Completed,887600.37,4685383.54,High
PRJ4277,Project Synergized explicit approach,D015,Completed,315671.36,3416865.39,Critical
PRJ4278,Project Innovative uniform interface,D013,Planning,270827.77,3279403.47,High
PRJ4279,Project Open-architected disintermediate contingency,D008,Completed,856222.92,1925490.83,Low
PRJ4280,Project Function-based zero administration utilization,D014,In Progress,589682.22,3094800.93,Critical
PRJ4281,Project Cross-group tertiary superstructure,D010,Completed,440648.91,905579.91,Medium
PRJ4282,Project Optimized foreground application,D009,In Progress,702819.1,3462791.98,High
PRJ4283,Project Fully-configurable maximized system engine,D006,Completed,519831.33,774526.65,Low
PRJ4284,Project Polarized zero-defect analyzer,D009,In Progress,699284.86,4224325.49,Low
PRJ4285,Project Ameliorated interactive matrix,D014,In Progress,495880.79,1117045.03,Low
PRJ4286,Project Programmable attitude-oriented emulation,D012,In Progress,567863.59,3944012.06,Low
PRJ4287,Project Pre-emptive mobile paradigm,D010,Planning,295162.94,1552233.45,High
PRJ4288,Project Re-engineered demand-driven artificial intelligence,D010,Planning,769030.76,1736300.8,High
PRJ4289,Project Centralized web-enabled groupware,D017,Completed,587044.64,2149692.48,Medium
PRJ4290,Project Reactive radical adapter,D013,In Progress,193784.96,249177.16,Medium
PRJ4291,Project Compatible content-based intranet,D012,Completed,543499.76,2823156.98,Low
PRJ4292,Project Re-engineered modular moratorium,D018,In Progress,856802.69,4867499.58,High
PRJ4293,Project Cross-group maximized database,D002,Completed,701699.25,1617045.38,Critical
PRJ4294,Project User-centric even-keeled knowledgebase,D013,In Progress,286841.8,4372638.01,Medium
PRJ4295,Project Distributed heuristic middleware,D018,Completed,619504.36,2527710.41,Low
PRJ4296,Project Diverse eco-centric implementation,D016,Completed,815466.24,247636.84,Low
PRJ4297,Project Grass-roots fault-tolerant policy,D006,Cancelled,962308.86,1306304.41,Medium
PRJ4298,Project Self-enabling executive collaboration,D005,Planning,338857.9,3074441.66,Critical
PRJ4299,Project Grass-roots web-enabled structure,D011,In Progress,532911.33,4859711.09,Critical
PRJ4300,Project Sharable composite flexibility,D020,Completed,745093.76,2851950.7,Critical
PRJ4301,Project Ergonomic encompassing forecast,D009,Completed,615655.61,4673249.73,High
PRJ4302,Project User-centric zero administration knowledgebase,D007,Planning,48645.63,3558281.86,Critical
PRJ4303,Project Synergistic composite project,D013,Completed,597890.13,1048407.45,Low
PRJ4304,Project Synergistic motivating core,D008,In Progress,206916.47,2371106.57,Critical
PRJ4305,Project Inverse explicit structure,D018,Cancelled,206689.84,2267771.33,Medium
PRJ4306,Project Public-key leadingedge time-frame,D019,In Progress,692197.03,2182239.0,Low
PRJ4307,Project Inverse bi-directional frame,D020,In Progress,279972.4,897439.81,Critical
PRJ4308,Project Right-sized foreground extranet,D018,Completed,686120.94,1770904.81,High
PRJ4309,Project Switchable secondary array,D018,Completed,53895.31,2046968.41,Medium
PRJ4310,Project Down-sized context-sensitive implementation,D019,In Progress,471289.96,1711831.34,High
PRJ4311,Project User-friendly 6thgeneration array,D016,Completed,282728.2,783150.88,High
PRJ4312,Project Horizontal mobile alliance,D007,Completed,136832.23,3462270.81,Low
PRJ4313,Project Centralized leadingedge intranet,D020,Planning,294589.28,4089342.34,Critical
PRJ4314,Project Automated exuding throughput,D004,In Progress,190500.81,587975.88,High
PRJ4315,Project Right-sized well-modulated toolset,D006,In Progress,163726.91,3197911.41,Medium
PRJ4316,Project Realigned human-resource software,D012,In Progress,436966.82,545710.44,High
PRJ4317,Project Triple-buffered full-range policy,D003,Planning,57358.72,1808344.02,Low
PRJ4318,Project Object-based modular pricing structure,D004,Completed,443411.9,4492626.57,Medium
PRJ4319,Project Triple-buffered fault-tolerant application,D014,Completed,938709.87,3800252.84,Critical
PRJ4320,Project Centralized asymmetric success,D016,Completed,705682.17,4154739.18,Low
PRJ4321,Project Phased attitude-oriented concept,D007,Completed,534621.13,1558228.05,High
PRJ4322,Project Optional grid-enabled website,D014,In Progress,414700.98,4325268.56,High
PRJ4323,Project Multi-tiered non-volatile budgetary management,D013,Completed,556949.98,2537246.24,Medium
PRJ4324,Project Intuitive next generation parallelism,D012,Completed,432620.65,2787851.1,Critical
PRJ4325,Project Reverse-engineered 5thgeneration workforce,D020,Completed,657896.86,1087811.39,Critical
PRJ4326,Project Versatile even-keeled service-desk,D001,Completed,960352.23,312862.87,Medium
PRJ4327,Project Multi-channeled clear-thinking application,D009,Completed,967944.34,3921737.26,Critical
PRJ4328,Project Profit-focused discrete product,D007,In Progress,367873.48,3556047.01,Low
PRJ4329,Project Operative methodical help-desk,D017,Planning,78526.99,2986432.02,Critical
PRJ4330,Project Integrated executive approach,D016,In Progress,446420.91,4045861.04,Medium
PRJ4331,Project Right-sized 24/7 installation,D018,Completed,797054.13,3126105.42,High
PRJ4332,Project Reverse-engineered systemic core,D007,Completed,349797.99,813651.1,Medium
PRJ4333,Project User-centric disintermediate encryption,D009,Completed,781400.36,2947993.9,Medium
PRJ4334,Project Universal empowering portal,D010,Completed,273509.77,2078164.71,Low
PRJ4335,Project Function-based upward-trending throughput,D001,Completed,766053.84,761506.68,High
PRJ4336,Project Monitored system-worthy forecast,D014,Completed,406316.83,803320.63,High
PRJ4337,Project Realigned foreground monitoring,D003,Completed,943237.6,3841745.52,Medium
PRJ4338,Project Up-sized global budgetary management,D016,In Progress,41135.43,2170147.61,Critical
PRJ4339,Project Mandatory eco-centric info-mediaries,D019,Completed,727802.14,750679.6,High
PRJ4340,Project Persevering web-enabled collaboration,D016,In Progress,712559.06,913708.21,High
PRJ4341,Project Upgradable eco-centric Graphic Interface,D003,In Progress,596483.4,3914021.79,Medium
PRJ4342,Project Adaptive context-sensitive adapter,D009,Completed,730188.4,3416314.43,Critical
PRJ4343,Project Exclusive 5thgeneration standardization,D019,Completed,272077.15,2755705.74,Low
PRJ4344,Project Switchable responsive open system,D006,In Progress,75469.15,2734588.55,Low
PRJ4345,Project Fundamental background protocol,D003,In Progress,239920.38,471098.78,High
PRJ4346,Project Profit-focused 4thgeneration array,D001,Completed,26216.46,1595979.9,Medium
PRJ4347,Project Grass-roots empowering ability,D011,Completed,643161.95,1042560.55,Medium
PRJ4348,Project Streamlined multi-state middleware,D012,Completed,285404.96,4736916.96,Low
PRJ4349,Project Vision-oriented maximized Graphic Interface,D018,Completed,360449.88,2487478.52,Low
PRJ4350,Project Public-key attitude-oriented moratorium,D016,Planning,756452.14,2913942.4,High
PRJ4351,Project Reverse-engineered user-facing toolset,D020,Completed,577878.14,3741315.81,Critical
PRJ4352,Project Exclusive system-worthy utilization,D002,Completed,975367.09,4936223.83,High
PRJ4353,Project Multi-layered contextually-based monitoring,D011,Completed,348448.66,4771712.78,Low
PRJ4354,Project Streamlined context-sensitive groupware,D020,Completed,54427.31,1524565.47,High
PRJ4355,Project Polarized asymmetric functionalities,D017,In Progress,517142.48,4956236.26,Critical
PRJ4356,Project Business-focused methodical instruction set,D019,Completed,547141.95,2962128.51,Medium
PRJ4357,Project Inverse multimedia infrastructure,D016,Planning,323062.94,700989.79,High
PRJ4358,Project Visionary explicit hierarchy,D014,Completed,204867.82,1914151.42,High
PRJ4359,Project Switchable asymmetric adapter,D008,In Progress,737072.75,4606896.72,Medium
PRJ4360,Project Phased mission-critical algorithm,D003,In Progress,841762.78,4502180.0,Low
PRJ4361,Project Persistent client-driven encryption,D012,In Progress,806661.11,3173134.15,Medium
PRJ4362,Project Fully-configurable directional alliance,D016,Completed,822544.23,695333.89,Critical
PRJ4363,Project Total heuristic functionalities,D005,Completed,934856.86,1936730.5,Low
PRJ4364,Project Synchronized analyzing algorithm,D017,In Progress,762439.4,1310200.83,Low
PRJ4365,Project Triple-buffered uniform initiative,D005,Completed,378088.32,3121355.45,Low
PRJ4366,Project Cross-group hybrid policy,D009,Cancelled,724136.83,978760.16,High
PRJ4367,Project Centralized web-enabled attitude,D009,Completed,310852.66,3673211.93,High
PRJ4368,Project Persevering fault-tolerant flexibility,D017,In Progress,603135.35,1404073.66,Medium
PRJ4369,Project Total optimizing hierarchy,D006,In Progress,863860.02,909364.56,Medium
PRJ4370,Project Ameliorated 6thgeneration adapter,D006,Completed,727118.66,2818514.24,High
PRJ4371,Project Centralized scalable infrastructure,D020,Completed,516158.95,2403955.6,Medium
PRJ4372,Project User-centric mobile array,D004,Completed,112225.57,2177828.89,Critical
PRJ4373,Project Exclusive composite protocol,D015,Completed,756593.38,1681195.28,High
PRJ4374,Project Configurable national architecture,D010,Completed,413961.83,2129996.35,Low
PRJ4375,Project Face-to-face intangible utilization,D019,In Progress,833191.2,2757411.04,High
PRJ4376,Project Cloned holistic collaboration,D011,In Progress,280827.55,3714108.67,Critical
PRJ4377,Project Re-engineered context-sensitive info-mediaries,D019,Planning,655038.39,1200856.13,Critical
PRJ4378,Project Triple-buffered neutral definition,D004,Completed,358909.4,518000.76,High
PRJ4379,Project Multi-lateral bi-directional function,D019,In Progress,557826.07,4508444.91,High
PRJ4380,Project Automated zero administration frame,D016,In Progress,871520.02,4841292.69,Low
PRJ4381,Project Operative modular standardization,D003,Completed,139022.21,3992480.66,Low
PRJ4382,Project Enterprise-wide impactful knowledge user,D006,In Progress,814802.95,2812466.08,High
PRJ4383,Project Assimilated national secured line,D013,Completed,903134.98,1362595.03,Critical
PRJ4384,Project Down-sized coherent function,D004,Completed,369372.35,4302086.44,Critical
PRJ4385,Project Sharable real-time open system,D008,Completed,474428.64,4823277.74,Low
PRJ4386,Project Assimilated asynchronous Internet solution,D009,In Progress,517723.98,1042509.33,Low
PRJ4387,Project Optimized bifurcated hierarchy,D016,Cancelled,348928.69,844826.52,High
PRJ4388,Project Profound object-oriented matrix,D004,Planning,695776.2,1034322.02,Medium
PRJ4389,Project Seamless bi-directional service-desk,D006,In Progress,154988.17,4167236.53,Critical
PRJ4390,Project Multi-channeled content-based capacity,D019,Completed,526396.13,2100842.37,Critical
PRJ4391,Project Profound needs-based framework,D014,Planning,80491.94,3918785.44,Low
PRJ4392,Project Exclusive stable methodology,D018,In Progress,954151.58,432747.15,Medium
PRJ4393,Project Ameliorated well-modulated archive,D005,In Progress,972382.74,2499722.78,High
PRJ4394,Project Cloned user-facing architecture,D012,Completed,766106.89,1282997.18,High
PRJ4395,Project Triple-buffered transitional groupware,D004,Planning,352292.7,2226674.5,Medium
PRJ4396,Project Organic explicit monitoring,D007,In Progress,751099.72,4438034.1,Low
PRJ4397,Project Universal user-facing policy,D015,Completed,296589.96,1287924.9,Medium
PRJ4398,Project Front-line background standardization,D001,Completed,975601.56,3774742.14,High
PRJ4399,Project Future-proofed homogeneous infrastructure,D010,Completed,340049.24,3884778.64,High
PRJ4400,Project Function-based upward-trending open system,D018,In Progress,628764.62,1743746.78,Medium
PRJ4401,Project Persistent background benchmark,D020,Planning,138695.01,2386271.89,High
PRJ4402,Project Persistent composite pricing structure,D019,Planning,658256.48,718051.6,Low
PRJ4403,Project Managed logistical adapter,D013,Completed,199718.01,1513801.58,Critical
PRJ4404,Project Distributed client-driven flexibility,D012,In Progress,699622.6,1897430.19,Low
PRJ4405,Project Enterprise-wide leadingedge artificial intelligence,D002,Completed,700242.85,4648688.03,Low
PRJ4406,Project Robust real-time throughput,D020,Completed,153582.93,4855701.95,Critical
PRJ4407,Project Total tertiary algorithm,D007,Planning,327875.9,2168001.71,Low
PRJ4408,Project Visionary analyzing neural-net,D020,Planning,147508.51,55796.77,Low
PRJ4409,Project Monitored bandwidth-monitored Graphical User Interface,D018,Completed,142293.94,361688.78,Medium
PRJ4410,Project De-engineered fault-tolerant toolset,D002,Completed,958341.86,4921107.01,High
PRJ4411,Project Adaptive multimedia contingency,D001,Completed,365726.67,4962938.4,High
PRJ4412,Project Open-architected dedicated complexity,D005,Completed,279593.86,2626202.55,Medium
PRJ4413,Project Re-engineered maximized initiative,D008,Planning,904758.13,2717864.52,Critical
PRJ4414,Project Persevering demand-driven archive,D020,Completed,897274.26,747116.57,High
PRJ4415,Project Horizontal 6thgeneration product,D006,Planning,980165.5,3688536.37,High
PRJ4416,Project Stand-alone bandwidth-monitored analyzer,D011,In Progress,882837.75,4166418.3,High
PRJ4417,Project Optional responsive middleware,D010,Completed,567553.28,3310832.85,Medium
PRJ4418,Project Right-sized interactive budgetary management,D014,In Progress,163934.96,4139566.8,Medium
PRJ4419,Project Expanded dynamic workforce,D017,Completed,218725.41,3599722.85,Medium
PRJ4420,Project User-friendly 4thgeneration leverage,D020,In Progress,792448.9,2767454.96,Low
PRJ4421,Project Streamlined clear-thinking superstructure,D017,Completed,126889.77,4868369.28,Low
PRJ4422,Project Enterprise-wide web-enabled neural-net,D013,In Progress,154677.13,3044625.02,Critical
PRJ4423,Project Monitored cohesive Internet solution,D012,Planning,108255.48,4368161.34,Low
PRJ4424,Project Polarized dynamic firmware,D013,In Progress,645264.11,1042047.22,High
PRJ4425,Project Exclusive next generation strategy,D002,Cancelled,936416.96,2457646.31,Low
PRJ4426,Project Multi-channeled even-keeled utilization,D007,Completed,869650.76,251432.96,Critical
PRJ4427,Project Digitized 24hour infrastructure,D013,In Progress,287458.54,2704888.14,Medium
PRJ4428,Project Customer-focused composite ability,D013,In Progress,777330.75,4433173.9,High
PRJ4429,Project Quality-focused foreground algorithm,D010,Completed,417259.65,4346949.83,High
PRJ4430,Project Down-sized tertiary synergy,D004,Planning,722767.12,680967.89,Low
PRJ4431,Project Future-proofed leadingedge solution,D009,Cancelled,246332.12,3693989.51,Critical
PRJ4432,Project Polarized tangible service-desk,D001,Completed,861143.91,1019649.76,Critical
PRJ4433,Project Down-sized 6thgeneration open system,D004,Planning,936901.52,4377271.22,Critical
PRJ4434,Project Reduced discrete groupware,D012,In Progress,851040.45,438763.97,Low
PRJ4435,Project Innovative attitude-oriented solution,D018,Completed,923996.39,3539586.07,Low
PRJ4436,Project Organized secondary firmware,D013,Completed,827592.81,3242946.89,High
PRJ4437,Project Grass-roots motivating budgetary management,D012,Completed,749328.7,3771561.51,Medium
PRJ4438,Project Horizontal user-facing alliance,D007,Completed,208185.45,3183515.79,Medium
PRJ4439,Project Object-based background interface,D010,Completed,314796.9,3156866.34,Low
PRJ4440,Project Innovative needs-based superstructure,D008,Completed,275917.24,2832615.74,Medium
PRJ4441,Project Extended heuristic emulation,D004,Completed,382726.57,1478340.12,High
PRJ4442,Project Reduced clear-thinking Graphic Interface,D017,Completed,302940.46,1524948.15,Low
PRJ4443,Project Extended multimedia circuit,D014,Planning,384278.93,772307.04,Critical
PRJ4444,Project Universal real-time circuit,D014,Completed,571604.26,2373667.91,Medium
PRJ4445,Project Inverse maximized middleware,D006,Cancelled,708413.9,3113683.85,Medium
PRJ4446,Project Expanded zero administration info-mediaries,D015,In Progress,670925.31,4729236.9,Critical
PRJ4447,Project Phased user-facing collaboration,D015,Completed,813258.02,1162991.97,Low
PRJ4448,Project Networked maximized info-mediaries,D015,In Progress,921117.7,3633825.13,Medium
PRJ4449,Project Synchronized optimizing utilization,D020,Completed,875303.33,4319924.52,Medium
PRJ4450,Project Multi-channeled transitional forecast,D016,In Progress,115867.69,1630174.52,Low
PRJ4451,Project Open-source well-modulated approach,D016,In Progress,435141.47,1195079.45,Low
PRJ4452,Project Ameliorated high-level parallelism,D004,Completed,446266.57,1016819.79,Low
PRJ4453,Project Universal asymmetric complexity,D004,Completed,560521.02,239679.58,High
PRJ4454,Project Vision-oriented modular Graphic Interface,D017,In Progress,751069.73,4341625.82,High
PRJ4455,Project Public-key dedicated paradigm,D020,Planning,967707.66,1240301.05,High
PRJ4456,Project Total tangible superstructure,D016,Planning,21664.03,4302084.26,High
PRJ4457,Project Optional user-facing function,D014,Completed,296743.89,4209595.87,Low
PRJ4458,Project Progressive motivating productivity,D005,Completed,46218.68,230303.48,High
PRJ4459,Project Face-to-face zero tolerance encoding,D017,Completed,237899.08,4919751.8,Medium
PRJ4460,Project Synchronized impactful matrices,D017,Completed,892868.91,991409.23,Critical
PRJ4461,Project Extended bifurcated product,D016,Planning,919747.28,4631331.95,High
PRJ4462,Project Operative mobile workforce,D002,In Progress,478615.16,588911.57,Low
PRJ4463,Project Balanced even-keeled orchestration,D014,Completed,192836.66,1060445.57,Critical
PRJ4464,Project Public-key dynamic encoding,D020,In Progress,973684.53,1998006.95,Medium
PRJ4465,Project Future-proofed 5thgeneration portal,D018,Completed,662281.57,2755395.27,Medium
PRJ4466,Project Switchable context-sensitive concept,D009,Completed,177085.6,3078050.82,Critical
PRJ4467,Project Progressive heuristic data-warehouse,D010,Planning,530405.58,3459546.2,High
PRJ4468,Project Configurable zero tolerance alliance,D015,Completed,297498.53,2872345.26,Low
PRJ4469,Project Automated national superstructure,D004,Completed,852121.92,243974.28,Low
PRJ4470,Project Face-to-face dynamic extranet,D001,Planning,249415.68,2170785.92,High
PRJ4471,Project Switchable contextually-based emulation,D019,Completed,902564.1,4849471.51,Medium
PRJ4472,Project Diverse client-driven system engine,D005,Completed,647694.67,1115097.2,High
PRJ4473,Project Up-sized bifurcated function,D012,Completed,279274.9,594873.88,Low
PRJ4474,Project Innovative 24hour hardware,D012,In Progress,501351.27,3217569.4,High
PRJ4475,Project Self-enabling web-enabled concept,D014,Cancelled,794056.06,2791264.78,Medium
PRJ4476,Project De-engineered maximized superstructure,D017,Completed,511828.12,3771217.82,Medium
PRJ4477,Project Versatile bottom-line hierarchy,D020,Planning,263769.41,4433835.85,Critical
PRJ4478,Project Multi-tiered static initiative,D005,Completed,517805.4,2255581.23,Low
PRJ4479,Project Business-focused dedicated implementation,D004,In Progress,556670.75,4585838.28,Low
PRJ4480,Project Progressive systematic open system,D012,Completed,810372.9,1186491.81,High
PRJ4481,Project Optimized tangible encryption,D011,Completed,599663.29,2191641.55,Critical
PRJ4482,Project Assimilated radical groupware,D012,Completed,743379.2,3393980.85,Medium
PRJ4483,Project Public-key bifurcated structure,D015,In Progress,795002.23,3807644.37,Medium
PRJ4484,Project Robust eco-centric service-desk,D007,Completed,129753.67,1183388.13,Critical
PRJ4485,Project Fully-configurable mission-critical hardware,D013,Completed,257273.8,1926670.65,Low
PRJ4486,Project Reverse-engineered grid-enabled workforce,D001,Completed,385686.07,888442.63,Medium
PRJ4487,Project User-centric eco-centric monitoring,D007,Completed,461515.84,3820452.85,Low
PRJ4488,Project Streamlined uniform analyzer,D015,Completed,882360.63,1965664.99,Low
PRJ4489,Project Open-architected asymmetric initiative,D010,Planning,29536.62,123210.83,Low
PRJ4490,Project Vision-oriented context-sensitive service-desk,D015,Completed,93258.65,700822.42,Medium
PRJ4491,Project Integrated maximized forecast,D020,Completed,785187.07,3591114.43,Critical
PRJ4492,Project Ameliorated cohesive neural-net,D011,In Progress,435652.89,3206902.41,Medium
PRJ4493,Project Progressive zero tolerance conglomeration,D013,Completed,630539.72,3627403.53,Critical
PRJ4494,Project Virtual uniform instruction set,D006,In Progress,413631.83,2952426.25,Medium
PRJ4495,Project Customer-focused cohesive matrices,D017,Completed,734620.89,3334263.16,Medium
PRJ4496,Project Expanded demand-driven workforce,D003,Completed,118631.44,139183.67,Low
PRJ4497,Project Ergonomic intangible core,D006,Completed,407516.31,3119047.44,Medium
PRJ4498,Project Function-based reciprocal application,D009,Completed,518253.65,2819733.87,Critical
PRJ4499,Project Progressive interactive portal,D006,Planning,985468.23,138483.04,High
PRJ4500,Project Up-sized regional function,D005,In Progress,953310.47,1708929.84,Critical
PRJ4501,Project Mandatory 5thgeneration solution,D019,In Progress,793017.0,2281897.33,Medium
PRJ4502,Project Programmable leadingedge monitoring,D001,Completed,16903.73,4744747.02,Low
PRJ4503,Project Networked intangible implementation,D002,Completed,327814.6,900428.68,Medium
PRJ4504,Project Multi-layered directional moratorium,D011,Planning,324651.35,3892256.13,High
PRJ4505,Project Synchronized asynchronous software,D018,Completed,810649.37,1113971.54,Medium
PRJ4506,Project Open-source 4thgeneration circuit,D005,Completed,771903.79,4878357.59,Low
PRJ4507,Project Multi-channeled zero administration collaboration,D001,Cancelled,479144.15,3959106.98,Critical
PRJ4508,Project Horizontal 6thgeneration structure,D014,In Progress,278516.43,4427582.17,High
PRJ4509,Project Reactive uniform throughput,D010,Planning,514588.65,4510204.8,Low
PRJ4510,Project Versatile mobile flexibility,D008,In Progress,707142.05,3370721.66,High
PRJ4511,Project Universal non-volatile pricing structure,D018,Completed,714032.13,3570233.35,Low
PRJ4512,Project Stand-alone tertiary instruction set,D003,Planning,951312.44,3123822.47,Medium
PRJ4513,Project Stand-alone coherent toolset,D008,Cancelled,303214.8,3031899.64,Low
PRJ4514,Project Future-proofed interactive ability,D015,In Progress,945533.89,2160510.69,Medium
PRJ4515,Project Upgradable analyzing workforce,D001,Completed,595050.09,3648067.79,Critical
PRJ4516,Project Customizable scalable task-force,D002,In Progress,33744.03,4024810.69,Critical
PRJ4517,Project Enhanced multi-tasking projection,D007,Completed,49851.31,1351140.89,Medium
PRJ4518,Project Sharable client-driven knowledge user,D007,Completed,991981.56,2555947.99,Critical
PRJ4519,Project Sharable secondary conglomeration,D009,In Progress,564156.77,2432822.43,Critical
PRJ4520,Project Sharable 4thgeneration benchmark,D015,In Progress,394176.56,4828786.52,Low
PRJ4521,Project Multi-channeled incremental hub,D002,Completed,266294.77,2258861.1,Medium
PRJ4522,Project Optimized 4thgeneration application,D016,Completed,976209.71,3864433.03,Medium
PRJ4523,Project Proactive bottom-line neural-net,D007,Planning,68326.73,3082768.26,High
PRJ4524,Project Right-sized zero administration archive,D016,Completed,379548.84,3766141.25,High
PRJ4525,Project Optimized actuating standardization,D004,Completed,720448.92,3342145.76,Medium
PRJ4526,Project Multi-layered neutral firmware,D014,In Progress,145730.93,3172162.15,Medium
PRJ4527,Project Down-sized impactful architecture,D001,Completed,109936.09,1627976.45,High
PRJ4528,Project Progressive well-modulated database,D014,Completed,64636.79,315330.1,Critical
PRJ4529,Project Function-based client-driven system engine,D012,Planning,482448.85,280224.47,High
PRJ4530,Project Total multi-tasking algorithm,D019,Completed,248202.26,533531.16,High
PRJ4531,Project Centralized regional implementation,D010,In Progress,997971.84,267798.48,High
PRJ4532,Project Organic eco-centric migration,D015,Completed,21950.17,3046962.58,Medium
PRJ4533,Project Team-oriented hybrid hub,D008,Completed,532417.92,309318.14,Low
PRJ4534,Project Fundamental holistic moratorium,D001,In Progress,136127.32,960590.28,High
PRJ4535,Project Secured regional service-desk,D013,In Progress,457854.73,3665847.67,Critical
PRJ4536,Project Team-oriented attitude-oriented leverage,D018,Completed,415693.81,1552461.34,Low
PRJ4537,Project Universal bottom-line Graphical User Interface,D015,Completed,720317.24,2490590.31,High
PRJ4538,Project Customer-focused dedicated success,D014,In Progress,960341.61,1895585.4,Critical
PRJ4539,Project Extended contextually-based project,D010,Completed,407686.22,491507.36,High
PRJ4540,Project Implemented impactful focus group,D005,In Progress,559530.95,4042238.39,Critical
PRJ4541,Project Open-architected actuating service-desk,D013,Planning,102668.98,613301.0,High
PRJ4542,Project Secured composite Graphical User Interface,D009,Completed,971394.72,2460897.71,Medium
PRJ4543,Project Intuitive explicit policy,D006,Completed,275107.8,1930268.46,Low
PRJ4544,Project Multi-tiered disintermediate solution,D014,Planning,247840.84,2406087.17,High
PRJ4545,Project Decentralized intermediate core,D019,In Progress,509758.38,4587565.71,Medium
PRJ4546,Project Advanced hybrid implementation,D015,In Progress,560808.83,2359943.24,High
PRJ4547,Project Self-enabling upward-trending support,D004,Completed,952080.99,815296.92,Medium
PRJ4548,Project Optional explicit extranet,D006,Completed,188273.12,2835717.88,High
PRJ4549,Project Streamlined background secured line,D009,Completed,530359.31,4412676.97,Critical
PRJ4550,Project Up-sized static parallelism,D008,Completed,975345.18,3487164.74,Medium
PRJ4551,Project Operative static system engine,D015,Completed,137566.99,398635.05,Medium
PRJ4552,Project Re-engineered zero tolerance benchmark,D014,Completed,929145.69,3487842.04,Medium
PRJ4553,Project Fully-configurable uniform model,D016,In Progress,496930.45,3828342.86,Critical
PRJ4554,Project Inverse homogeneous Internet solution,D013,Completed,405017.87,4980331.39,Medium
PRJ4555,Project Realigned motivating secured line,D016,In Progress,420028.89,2688514.73,Low
PRJ4556,Project Secured national alliance,D004,Completed,490253.09,2062439.52,Low
PRJ4557,Project Seamless heuristic Internet solution,D009,Completed,189135.8,2384798.42,Critical
PRJ4558,Project Exclusive leadingedge adapter,D011,In Progress,176801.46,344741.41,Critical
PRJ4559,Project Horizontal demand-driven artificial intelligence,D020,Completed,71440.71,2299367.67,High
PRJ4560,Project Reactive systematic orchestration,D011,Completed,758634.78,2016997.86,Critical
PRJ4561,Project Re-contextualized directional utilization,D005,Completed,926765.09,2302795.61,Low
PRJ4562,Project Fundamental neutral interface,D009,In Progress,108489.82,522512.67,Medium
PRJ4563,Project Enhanced asymmetric application,D008,In Progress,109488.6,649741.66,High
PRJ4564,Project Multi-lateral directional model,D007,Planning,118085.76,3367468.61,High
PRJ4565,Project Cross-platform analyzing open system,D014,Completed,625417.09,1719166.35,Critical
PRJ4566,Project Right-sized explicit help-desk,D010,In Progress,247943.17,3846388.17,Low
PRJ4567,Project Cross-platform systemic concept,D003,Completed,594055.56,3184323.58,Critical
PRJ4568,Project Enhanced value-added projection,D003,In Progress,795373.07,670743.96,Low
PRJ4569,Project Face-to-face regional Graphic Interface,D011,Completed,459993.55,306530.39,Medium
PRJ4570,Project Digitized 24hour portal,D009,Completed,488471.39,576943.73,Low
PRJ4571,Project Balanced bifurcated access,D001,In Progress,582811.63,294374.45,Critical
PRJ4572,Project Advanced user-facing application,D020,In Progress,636684.83,1937214.15,Medium
PRJ4573,Project Compatible 3rdgeneration framework,D019,Planning,538876.56,2004066.85,High
PRJ4574,Project Advanced responsive strategy,D011,Completed,756603.53,1208144.36,High
PRJ4575,Project Visionary maximized knowledge user,D006,Completed,109421.68,950209.61,Critical
PRJ4576,Project Secured homogeneous software,D003,Planning,559440.74,3367987.08,Critical
PRJ4577,Project Optional 24/7 process improvement,D010,Completed,725987.36,2867296.97,High
PRJ4578,Project Implemented local installation,D020,In Progress,231212.18,1941055.65,High
PRJ4579,Project Multi-tiered exuding ability,D019,Planning,270548.35,1688773.7,High
PRJ4580,Project Optimized object-oriented matrices,D005,Planning,255530.1,3675787.34,Low
PRJ4581,Project Mandatory systemic approach,D009,Completed,69861.21,4646931.16,Low
PRJ4582,Project Implemented 4thgeneration definition,D010,In Progress,80780.17,4653970.72,Critical
PRJ4583,Project Persevering systemic model,D014,In Progress,158881.33,3315420.08,Low
PRJ4584,Project Cross-platform composite matrix,D014,Completed,965354.91,3005039.57,High
PRJ4585,Project Face-to-face modular help-desk,D019,Cancelled,515576.81,4154241.66,Medium
PRJ4586,Project Object-based dedicated system engine,D020,Completed,252327.99,3798914.83,Critical
PRJ4587,Project Polarized attitude-oriented Graphical User Interface,D002,Completed,921090.59,4071835.67,High
PRJ4588,Project Extended contextually-based forecast,D015,In Progress,810876.37,1246801.84,Medium
PRJ4589,Project User-centric full-range strategy,D009,Planning,74211.04,1994272.91,High
PRJ4590,Project Enhanced eco-centric open system,D002,Completed,875568.54,4853200.56,Critical
PRJ4591,Project Synergistic bi-directional artificial intelligence,D008,In Progress,864059.59,1187550.25,High
PRJ4592,Project Reduced mobile Graphic Interface,D012,In Progress,963406.25,3062744.22,Critical
PRJ4593,Project Sharable coherent knowledgebase,D013,In Progress,354930.14,625186.74,Medium
PRJ4594,Project Object-based discrete Local Area Network,D010,Planning,337465.68,1773094.57,Critical
PRJ4595,Project Proactive reciprocal access,D009,In Progress,515648.82,133654.03,Medium
PRJ4596,Project Operative homogeneous installation,D002,Completed,734660.62,522510.72,Medium
PRJ4597,Project Fundamental uniform superstructure,D014,In Progress,255304.56,3738548.22,Critical
PRJ4598,Project Reactive uniform hub,D014,In Progress,584229.01,2972055.43,Critical
PRJ4599,Project Team-oriented holistic analyzer,D020,Completed,792738.96,2802313.58,Critical
PRJ4600,Project Visionary optimal flexibility,D005,Completed,742457.69,961501.05,Critical
PRJ4601,Project Open-architected zero-defect budgetary management,D005,Completed,77916.44,1929342.03,Low
PRJ4602,Project Assimilated system-worthy project,D020,Completed,739718.56,1122953.21,Low
PRJ4603,Project Implemented background strategy,D010,Completed,86328.45,3137651.81,Critical
PRJ4604,Project Multi-layered cohesive circuit,D007,In Progress,723547.09,1532573.68,High
PRJ4605,Project Operative fault-tolerant approach,D007,Planning,482151.48,210051.0,Low
PRJ4606,Project Re-engineered radical intranet,D007,Completed,149716.23,3138200.04,Low
PRJ4607,Project Visionary composite parallelism,D013,Completed,937535.87,1951358.99,Low
PRJ4608,Project Persevering human-resource policy,D007,Completed,704328.42,1611730.82,Critical
PRJ4609,Project Polarized demand-driven help-desk,D020,Completed,740354.86,2428060.56,Medium
PRJ4610,Project Enhanced contextually-based hardware,D011,In Progress,158114.55,1434705.49,Medium
PRJ4611,Project Programmable local product,D015,In Progress,420511.39,2632552.8,Critical
PRJ4612,Project Cross-group system-worthy attitude,D007,In Progress,668626.02,3684377.83,Medium
PRJ4613,Project Expanded heuristic knowledge user,D010,Completed,595562.91,3234971.38,High
PRJ4614,Project Reactive disintermediate functionalities,D017,Planning,231418.76,4933794.17,Critical
PRJ4615,Project Cloned national contingency,D008,Completed,232282.3,1314988.89,Medium
PRJ4616,Project Self-enabling full-range array,D008,In Progress,32851.76,3581637.43,High
PRJ4617,Project Multi-lateral value-added contingency,D010,Planning,207634.63,116863.16,Medium
PRJ4618,Project Polarized object-oriented software,D014,Cancelled,823380.73,3244098.11,High
PRJ4619,Project Public-key solution-oriented Graphical User Interface,D004,Completed,891608.81,1529038.04,Critical
PRJ4620,Project Programmable next generation firmware,D001,In Progress,545387.29,3072258.59,High
PRJ4621,Project Versatile logistical focus group,D002,Planning,162605.99,1298202.71,Critical
PRJ4622,Project Innovative coherent solution,D006,Completed,314818.66,331773.8,Low
PRJ4623,Project Multi-lateral demand-driven firmware,D013,Completed,686335.71,2204394.44,High
PRJ4624,Project Mandatory high-level middleware,D011,Planning,213262.56,4447718.16,Medium
PRJ4625,Project Multi-channeled mission-critical customer loyalty,D009,Completed,163941.06,1691809.97,Critical
PRJ4626,Project Quality-focused maximized benchmark,D008,Completed,428852.94,853449.46,Low
PRJ4627,Project Quality-focused context-sensitive success,D002,In Progress,146735.91,2971475.02,High
PRJ4628,Project Balanced cohesive standardization,D016,In Progress,862330.79,4488390.81,High
PRJ4629,Project Public-key scalable definition,D018,In Progress,329503.15,1367975.13,Low
PRJ4630,Project Devolved attitude-oriented complexity,D007,Completed,873605.07,4348871.08,Medium
PRJ4631,Project Secured radical access,D020,Planning,137545.0,2788699.68,Critical
PRJ4632,Project Pre-emptive next generation installation,D007,Completed,220871.04,1850487.34,High
PRJ4633,Project Realigned national success,D014,Completed,190896.14,2476439.84,High
PRJ4634,Project Multi-channeled well-modulated definition,D009,In Progress,43168.3,3309538.78,Medium
PRJ4635,Project Triple-buffered object-oriented Graphic Interface,D011,Completed,51968.22,1947452.9,Low
PRJ4636,Project Right-sized value-added interface,D019,In Progress,749380.62,938684.7,High
PRJ4637,Project Virtual bottom-line benchmark,D015,In Progress,759716.98,2960361.96,Critical
PRJ4638,Project Integrated analyzing process improvement,D019,Completed,606646.26,1351737.56,Critical
PRJ4639,Project Upgradable global Internet solution,D007,Completed,630495.68,4029369.2,High
PRJ4640,Project Persistent non-volatile matrices,D002,Cancelled,205650.86,1346398.0,Medium
PRJ4641,Project Future-proofed transitional application,D012,Cancelled,131171.33,2391858.61,High
PRJ4642,Project Optimized 24hour budgetary management,D018,Completed,927466.0,186506.87,Medium
PRJ4643,Project Diverse object-oriented framework,D017,Completed,681375.74,1160483.08,Low
PRJ4644,Project Inverse radical initiative,D017,In Progress,685855.79,3027081.61,Critical
PRJ4645,Project Inverse encompassing project,D001,Completed,393045.81,261813.34,Low
PRJ4646,Project Open-architected radical synergy,D002,In Progress,714195.07,3033435.27,High
PRJ4647,Project Up-sized client-driven architecture,D007,Completed,464088.69,2834297.48,Low
PRJ4648,Project Total foreground migration,D007,In Progress,555042.16,1538043.33,High
PRJ4649,Project Synergized cohesive artificial intelligence,D002,Completed,778958.58,257936.34,Medium
PRJ4650,Project Multi-channeled logistical instruction set,D003,Completed,247656.58,1847880.84,Medium
PRJ4651,Project Persevering responsive system engine,D010,Completed,931248.85,1632363.02,Low
PRJ4652,Project Organic client-driven knowledge user,D010,Completed,924091.63,1958013.12,High
PRJ4653,Project Focused zero administration database,D006,In Progress,469386.24,3856839.09,Critical
PRJ4654,Project Multi-layered uniform algorithm,D009,Completed,571069.51,1989950.84,Medium
PRJ4655,Project Streamlined user-facing knowledgebase,D001,In Progress,70918.84,762321.74,Medium
PRJ4656,Project Switchable zero administration task-force,D010,Completed,662903.72,1088133.2,Critical
PRJ4657,Project Optional intermediate database,D018,In Progress,752792.45,2773773.71,Low
PRJ4658,Project Profit-focused global workforce,D018,In Progress,753288.99,3869496.02,Low
PRJ4659,Project Diverse disintermediate matrices,D010,Completed,835143.28,3281488.57,Medium
PRJ4660,Project Ameliorated context-sensitive concept,D011,Planning,472683.62,3321389.98,High
PRJ4661,Project Open-source grid-enabled monitoring,D009,In Progress,730866.16,4666542.11,Critical
PRJ4662,Project Universal uniform moratorium,D012,Completed,960818.78,4220287.69,Critical
PRJ4663,Project Sharable systematic initiative,D020,Completed,10156.48,3250356.38,Critical
PRJ4664,Project Triple-buffered user-facing leverage,D005,Completed,915141.79,2611314.9,Critical
PRJ4665,Project Future-proofed analyzing definition,D008,Cancelled,21080.01,2723872.28,High
PRJ4666,Project User-friendly human-resource functionalities,D013,Completed,104362.34,924085.1,Medium
PRJ4667,Project Universal multi-tasking parallelism,D011,Planning,621260.11,4592717.13,High
PRJ4668,Project Reduced global function,D001,In Progress,325976.63,385883.32,High
PRJ4669,Project Multi-channeled discrete workforce,D003,In Progress,199639.07,3417099.67,Medium
PRJ4670,Project Operative client-driven initiative,D010,Completed,677036.46,556905.98,High
PRJ4671,Project Grass-roots mobile Internet solution,D007,Completed,94389.43,559394.51,Medium
PRJ4672,Project Innovative intermediate firmware,D019,Completed,864637.86,669839.99,High
PRJ4673,Project Inverse methodical challenge,D006,Planning,746605.95,178964.67,Low
PRJ4674,Project Programmable heuristic array,D019,In Progress,595796.03,4295618.78,Low
PRJ4675,Project Synchronized local flexibility,D008,In Progress,680102.04,1095275.62,Low
PRJ4676,Project Universal client-server superstructure,D019,In Progress,487290.54,602213.48,Critical
PRJ4677,Project Assimilated static model,D010,Planning,265837.64,3248820.14,Critical
PRJ4678,Project Triple-buffered holistic open system,D006,Planning,806337.24,3679664.05,Critical
PRJ4679,Project Grass-roots heuristic adapter,D012,Planning,538867.6,2917430.43,Critical
PRJ4680,Project Extended maximized attitude,D002,In Progress,883241.84,3143499.63,Medium
PRJ4681,Project Synergistic bifurcated hub,D008,Cancelled,989702.38,2691871.2,Critical
PRJ4682,Project Synergized intermediate Graphical User Interface,D014,Planning,124073.99,3582161.89,Low
PRJ4683,Project Object-based coherent conglomeration,D001,Planning,51776.49,822143.25,Critical
PRJ4684,Project Open-architected human-resource frame,D008,Completed,119157.73,3313066.35,Critical
PRJ4685,Project Profound exuding core,D018,Completed,962833.13,941331.0,Low
PRJ4686,Project Stand-alone eco-centric approach,D007,In Progress,785642.01,554356.72,Low
PRJ4687,Project Balanced human-resource architecture,D007,Completed,131554.12,4703844.39,Critical
PRJ4688,Project Synergized next generation implementation,D001,Completed,307037.95,844603.69,High
PRJ4689,Project Reverse-engineered tertiary success,D013,Completed,965112.61,4663568.33,Critical
PRJ4690,Project Intuitive modular alliance,D019,Completed,173046.87,4150257.81,Medium
PRJ4691,Project Robust composite methodology,D013,Completed,459812.06,2284917.38,Medium
PRJ4692,Project Enterprise-wide web-enabled database,D005,Completed,569655.05,961851.12,High
PRJ4693,Project Vision-oriented content-based time-frame,D019,Completed,780476.11,3028933.17,Critical
PRJ4694,Project Monitored system-worthy capacity,D006,Completed,552022.99,2066484.33,Medium
PRJ4695,Project Proactive scalable alliance,D003,Completed,804001.0,4063785.98,Critical
PRJ4696,Project Monitored scalable orchestration,D004,In Progress,322017.45,3371421.27,High
PRJ4697,Project Synchronized tangible encryption,D013,Completed,262891.01,2394978.66,Low
PRJ4698,Project Enterprise-wide needs-based adapter,D014,Completed,917549.76,3195684.09,Low
PRJ4699,Project Reactive client-driven approach,D003,Completed,108226.43,1563877.46,Low
PRJ4700,Project Public-key neutral secured line,D003,Completed,49239.55,2270981.69,Medium
PRJ4701,Project Future-proofed multi-tasking hub,D016,Completed,972274.15,2816842.76,High
PRJ4702,Project Self-enabling didactic productivity,D001,Completed,465962.55,4198409.45,Low
PRJ4703,Project Proactive exuding solution,D014,Completed,12058.77,2465180.75,Critical
PRJ4704,Project Progressive impactful intranet,D018,Completed,760368.0,63708.47,Critical
PRJ4705,Project Programmable tertiary support,D008,Completed,139646.65,4039053.03,Critical
PRJ4706,Project User-friendly zero administration Graphical User Interface,D004,Planning,274258.57,4515177.06,Critical
PRJ4707,Project Focused executive capacity,D003,Completed,108721.68,1022359.54,High
PRJ4708,Project Networked mission-critical neural-net,D019,Completed,443176.26,3394802.42,Low
PRJ4709,Project Function-based empowering extranet,D006,Completed,161517.95,2385783.81,Low
PRJ4710,Project Organized 24hour benchmark,D013,Planning,965080.8,72941.04,Critical
PRJ4711,Project Vision-oriented interactive project,D012,Completed,440571.51,3874737.27,Low
PRJ4712,Project Phased tangible open system,D009,Completed,898060.64,2093300.48,High
PRJ4713,Project Customizable incremental matrices,D019,Completed,705901.17,3978464.09,Medium
PRJ4714,Project Profit-focused regional groupware,D020,Planning,142732.49,1334925.02,High
PRJ4715,Project Multi-tiered national task-force,D010,Completed,32384.95,1901755.72,High
PRJ4716,Project Balanced bi-directional time-frame,D006,Planning,372971.5,3351952.27,Low
PRJ4717,Project Reduced systematic product,D017,Completed,129869.05,1213619.67,High
PRJ4718,Project Realigned fresh-thinking hierarchy,D010,Completed,232302.53,3872159.19,Low
PRJ4719,Project Extended zero tolerance throughput,D001,Planning,463518.6,81480.0,Critical
PRJ4720,Project Right-sized hybrid policy,D017,Completed,625293.48,3748734.64,Critical
PRJ4721,Project Diverse executive hierarchy,D014,Completed,901246.23,2220432.45,Low
PRJ4722,Project Profound 3rdgeneration info-mediaries,D014,Completed,190578.83,652233.7,Low
PRJ4723,Project User-centric methodical hub,D016,Completed,840657.09,3122285.24,High
PRJ4724,Project Organic neutral leverage,D020,Completed,671710.02,3069380.06,Low
PRJ4725,Project Horizontal optimizing matrices,D003,Completed,239851.15,4800085.94,High
PRJ4726,Project Devolved empowering knowledge user,D002,Cancelled,402750.83,2988494.07,High
PRJ4727,Project Expanded zero-defect intranet,D008,Completed,979395.85,2648891.71,Critical
PRJ4728,Project Cross-platform dynamic attitude,D012,In Progress,867058.25,444405.1,High
PRJ4729,Project Enterprise-wide regional migration,D015,Planning,548534.87,3485230.23,Medium
PRJ4730,Project Ameliorated asymmetric attitude,D004,Completed,967756.95,2269275.93,Low
PRJ4731,Project Polarized tangible access,D003,Completed,712521.21,2496781.27,Low
PRJ4732,Project Expanded optimal attitude,D004,In Progress,84259.52,3035490.54,High
PRJ4733,Project Function-based background installation,D020,Completed,857077.86,338499.73,Low
PRJ4734,Project Switchable multi-state toolset,D019,In Progress,112509.78,2211268.16,Medium
PRJ4735,Project Balanced foreground portal,D005,Planning,819620.35,845303.28,Medium
PRJ4736,Project Secured regional standardization,D012,Cancelled,300989.85,747929.78,Low
PRJ4737,Project Advanced eco-centric parallelism,D014,In Progress,513380.02,272546.39,Critical
PRJ4738,Project Focused zero tolerance instruction set,D001,Completed,450537.93,2049931.21,Medium
PRJ4739,Project Persistent clear-thinking attitude,D006,Completed,411704.12,4143723.73,High
PRJ4740,Project Synergized optimizing definition,D004,In Progress,330528.32,1538251.99,Low
PRJ4741,Project Enterprise-wide asymmetric utilization,D018,Completed,278375.21,1443377.73,Low
PRJ4742,Project Optimized asymmetric complexity,D014,Completed,361300.25,1812264.6,Medium
PRJ4743,Project Automated needs-based forecast,D018,Completed,471551.8,2403440.01,Medium
PRJ4744,Project Cloned coherent access,D005,Completed,918848.7,2050995.72,Critical
PRJ4745,Project Triple-buffered executive initiative,D006,Completed,308217.12,4523248.64,High
PRJ4746,Project Decentralized intermediate groupware,D007,In Progress,26139.12,2216954.4,Medium
PRJ4747,Project Polarized demand-driven function,D014,Completed,555911.81,99447.62,High
PRJ4748,Project Stand-alone user-facing synergy,D019,In Progress,190371.52,2147871.64,Low
PRJ4749,Project Multi-channeled global emulation,D016,In Progress,370411.28,4419874.24,Low
PRJ4750,Project Face-to-face foreground array,D012,In Progress,513674.64,4868749.88,Medium
PRJ4751,Project Sharable cohesive portal,D014,Cancelled,344773.59,4919737.53,Critical
PRJ4752,Project Open-architected asymmetric model,D008,In Progress,174392.31,4458667.72,High
PRJ4753,Project Multi-lateral asymmetric budgetary management,D001,In Progress,289687.27,1581974.54,Medium
PRJ4754,Project Re-engineered next generation matrix,D012,Completed,549098.37,628484.62,Critical
PRJ4755,Project Open-architected maximized extranet,D010,In Progress,709480.37,4821813.97,Medium
PRJ4756,Project Realigned national frame,D016,In Progress,69668.87,2515972.18,Medium
PRJ4757,Project Multi-layered full-range hardware,D006,Completed,75517.61,2225340.33,Critical
PRJ4758,Project Realigned object-oriented model,D007,Completed,233588.1,2809154.53,Critical
PRJ4759,Project Sharable didactic migration,D002,Completed,66297.42,2257191.1,Medium
PRJ4760,Project Ergonomic impactful solution,D019,Planning,78922.93,4970943.54,Low
PRJ4761,Project Synergistic 24/7 intranet,D006,In Progress,339138.33,4760544.34,Medium
PRJ4762,Project Expanded dynamic toolset,D012,Planning,321079.16,4189098.64,High
PRJ4763,Project Advanced non-volatile access,D012,Cancelled,395054.22,4847193.74,Critical
PRJ4764,Project Customizable 4thgeneration help-desk,D001,Planning,571655.02,751461.79,Medium
PRJ4765,Project Open-architected impactful algorithm,D015,Completed,13945.29,942675.95,Critical
PRJ4766,Project Focused holistic knowledgebase,D018,Completed,889098.27,2566479.84,Low
PRJ4767,Project Future-proofed even-keeled throughput,D018,Completed,124894.99,1241354.87,Low
PRJ4768,Project Up-sized exuding model,D012,Completed,716274.83,1619582.07,Low
PRJ4769,Project Quality-focused bandwidth-monitored Internet solution,D009,Completed,822041.88,3302212.75,Critical
PRJ4770,Project Versatile user-facing middleware,D016,In Progress,212786.99,3803317.84,Critical
PRJ4771,Project Total zero-defect adapter,D007,Completed,419632.38,2684908.31,Critical
PRJ4772,Project Optimized 5thgeneration analyzer,D001,Completed,276024.2,3935012.41,Low
PRJ4773,Project Self-enabling regional productivity,D004,Completed,961982.1,3734341.78,Critical
PRJ4774,Project Versatile local challenge,D002,Completed,479186.2,613039.11,Medium
PRJ4775,Project Enhanced analyzing throughput,D018,Completed,175552.65,4226950.28,Low
PRJ4776,Project Synergistic 24/7 throughput,D013,Completed,353010.17,1339239.22,Medium
PRJ4777,Project Mandatory secondary projection,D009,Completed,325332.62,2151047.71,Medium
PRJ4778,Project Down-sized dynamic matrix,D010,Completed,688400.16,4780096.24,High
PRJ4779,Project Monitored actuating instruction set,D016,Completed,684470.39,241527.78,Medium
PRJ4780,Project Decentralized heuristic extranet,D020,In Progress,478016.55,3918609.77,Low
PRJ4781,Project Monitored high-level parallelism,D012,In Progress,658669.46,3689363.92,High
PRJ4782,Project Assimilated holistic leverage,D004,In Progress,155109.33,3020259.03,Low
PRJ4783,Project Ameliorated client-driven open architecture,D014,Completed,125582.99,1092756.6,High
PRJ4784,Project Assimilated real-time customer loyalty,D002,Planning,68500.14,398157.6,Medium
PRJ4785,Project Persistent didactic initiative,D015,Completed,942440.84,1569802.59,Low
PRJ4786,Project Extended optimal benchmark,D006,In Progress,466339.6,2706110.92,High
PRJ4787,Project Persevering national process improvement,D010,Completed,536115.45,3487853.1,Critical
PRJ4788,Project Robust optimal paradigm,D016,In Progress,164500.25,3289839.53,High
PRJ4789,Project Decentralized next generation project,D005,In Progress,539558.36,4121213.58,Critical
PRJ4790,Project Customer-focused clear-thinking emulation,D001,In Progress,401927.34,1250883.06,Medium
PRJ4791,Project Ameliorated scalable task-force,D019,Completed,265740.24,1787433.06,Low
PRJ4792,Project User-friendly composite flexibility,D015,Planning,639482.41,3827552.25,Low
PRJ4793,Project Ergonomic radical migration,D002,Planning,714953.11,3606247.45,Critical
PRJ4794,Project Polarized incremental emulation,D016,Completed,775905.04,3199549.27,High
PRJ4795,Project Optimized uniform product,D010,Completed,794785.38,4805130.83,Critical
PRJ4796,Project Visionary transitional encryption,D014,Planning,458998.27,912594.29,Medium
PRJ4797,Project Profit-focused reciprocal projection,D001,Completed,227315.39,4817834.35,Medium
PRJ4798,Project Open-architected upward-trending migration,D018,Completed,269551.69,4696297.48,Critical
PRJ4799,Project Mandatory encompassing Local Area Network,D013,In Progress,451985.84,93298.77,Critical
PRJ4800,Project Pre-emptive background service-desk,D011,Completed,506537.31,4394951.24,Medium
PRJ4801,Project Synchronized motivating hub,D010,Completed,591066.14,2603646.14,Low
PRJ4802,Project Progressive multi-tasking alliance,D017,Completed,597966.21,482580.01,Critical
PRJ4803,Project Exclusive impactful alliance,D004,Completed,680735.91,176556.58,Low
PRJ4804,Project Extended reciprocal concept,D009,Planning,359748.18,4979630.94,Critical
PRJ4805,Project Multi-channeled tangible superstructure,D002,Cancelled,777152.73,2616509.41,Critical
PRJ4806,Project Fundamental 24hour paradigm,D006,In Progress,170568.82,4483973.4,High
PRJ4807,Project Synergized web-enabled framework,D003,Planning,17015.17,4247914.44,Low
PRJ4808,Project Realigned motivating hierarchy,D001,Cancelled,606146.05,1132786.57,Critical
PRJ4809,Project User-friendly attitude-oriented flexibility,D019,Planning,279737.38,3862625.61,Medium
PRJ4810,Project Quality-focused multi-tasking matrices,D018,Completed,276194.1,4154297.2,High
PRJ4811,Project Team-oriented mission-critical projection,D004,Completed,326035.87,803604.38,Critical
PRJ4812,Project Total eco-centric algorithm,D005,Completed,598810.01,2804060.48,High
PRJ4813,Project Multi-tiered bifurcated process improvement,D019,In Progress,913184.15,1539169.03,Critical
PRJ4814,Project Assimilated responsive challenge,D005,Completed,138800.26,3177571.73,Critical
PRJ4815,Project Re-contextualized client-driven software,D010,Planning,776786.65,966869.61,High
PRJ4816,Project Reduced empowering collaboration,D005,In Progress,239027.1,376538.59,Low
PRJ4817,Project Object-based 24hour challenge,D018,Completed,267352.73,1327650.46,High
PRJ4818,Project Inverse intangible product,D012,Completed,641205.2,2426619.76,Critical
PRJ4819,Project Grass-roots tangible emulation,D016,Cancelled,883427.93,4870571.47,Low
PRJ4820,Project Distributed solution-oriented success,D007,In Progress,537916.28,288845.17,Medium
PRJ4821,Project Balanced even-keeled success,D012,In Progress,405312.98,4597746.17,High
PRJ4822,Project Organic background challenge,D013,Completed,349555.84,3611125.65,High
PRJ4823,Project Vision-oriented heuristic flexibility,D015,Planning,468464.63,3697144.48,Critical
PRJ4824,Project Digitized heuristic system engine,D006,Completed,393051.31,3841783.11,Low
PRJ4825,Project Persistent mobile toolset,D005,Completed,851882.21,3778937.68,High
PRJ4826,Project Inverse composite collaboration,D019,Completed,946738.35,1882035.62,Medium
PRJ4827,Project Right-sized needs-based hierarchy,D016,Completed,240420.32,4840040.85,Low
PRJ4828,Project Future-proofed bottom-line neural-net,D013,Completed,40528.53,4527864.2,Critical
PRJ4829,Project Horizontal tangible service-desk,D014,Cancelled,271706.81,2603553.18,Low
PRJ4830,Project Assimilated maximized success,D018,Planning,371089.96,2243642.16,Critical
PRJ4831,Project Persistent stable methodology,D003,Completed,963925.25,3122503.72,Low
PRJ4832,Project Profound background service-desk,D014,In Progress,734632.14,1500382.89,Low
PRJ4833,Project User-centric bi-directional secured line,D017,In Progress,567295.88,3590824.71,Low
PRJ4834,Project Re-contextualized static function,D004,Completed,254469.71,2454987.38,Medium
PRJ4835,Project Secured content-based extranet,D004,In Progress,894072.33,487725.24,Low
PRJ4836,Project Public-key composite analyzer,D001,Planning,339260.32,3446043.88,High
PRJ4837,Project Enhanced systematic utilization,D013,In Progress,179184.16,3254910.22,Low
PRJ4838,Project Digitized client-server policy,D011,Planning,987387.27,3837542.75,High
PRJ4839,Project Function-based real-time analyzer,D006,Completed,840209.08,855088.35,Low
PRJ4840,Project Cross-group non-volatile pricing structure,D006,In Progress,860394.39,1115014.18,Critical
PRJ4841,Project Monitored zero administration system engine,D003,Completed,997053.35,2400660.3,Critical
PRJ4842,Project Cross-platform leadingedge standardization,D014,In Progress,319467.74,2475597.14,Low
PRJ4843,Project Automated static middleware,D019,Cancelled,473832.53,1205944.11,Low
PRJ4844,Project Self-enabling coherent application,D019,Completed,202320.49,4262863.1,High
PRJ4845,Project Multi-channeled executive access,D014,Completed,115245.34,2030874.24,High
PRJ4846,Project Cloned intermediate benchmark,D004,In Progress,55510.05,1969674.05,Medium
PRJ4847,Project Innovative dedicated installation,D016,In Progress,239343.88,957782.32,Low
PRJ4848,Project Synchronized systemic monitoring,D003,Planning,160558.61,1987641.09,Medium
PRJ4849,Project Progressive human-resource extranet,D012,Completed,365360.81,1558291.16,Medium
PRJ4850,Project Diverse national collaboration,D006,In Progress,252200.54,4597445.03,Critical
PRJ4851,Project Synergized grid-enabled firmware,D003,In Progress,522326.34,1532063.46,Critical
PRJ4852,Project Persistent full-range middleware,D002,Completed,880840.85,133010.7,Critical
PRJ4853,Project Streamlined global parallelism,D006,Completed,529516.96,3570659.96,Medium
PRJ4854,Project Decentralized systemic archive,D017,In Progress,660748.86,3089649.9,High
PRJ4855,Project Synergized background alliance,D017,Planning,497783.33,2079566.4,Medium
PRJ4856,Project Reduced uniform contingency,D005,Completed,549723.5,3965557.29,Critical
PRJ4857,Project Re-engineered 5thgeneration contingency,D015,In Progress,535678.13,2868766.95,Critical
PRJ4858,Project Reduced 4thgeneration system engine,D002,In Progress,718522.85,817301.46,High
PRJ4859,Project Right-sized human-resource artificial intelligence,D017,Completed,728919.44,2121029.06,Low
PRJ4860,Project Intuitive solution-oriented archive,D017,Planning,521049.19,234803.95,High
PRJ4861,Project Inverse global architecture,D018,Planning,130844.98,415137.25,Medium
PRJ4862,Project Compatible national superstructure,D006,Planning,702471.96,1761512.68,Medium
PRJ4863,Project Expanded tangible circuit,D018,Planning,878060.23,4538550.24,Medium
PRJ4864,Project Visionary object-oriented Graphical User Interface,D020,Completed,594224.02,2896990.26,Critical
PRJ4865,Project Customer-focused solution-oriented middleware,D007,Completed,86801.19,3473043.76,High
PRJ4866,Project Enterprise-wide executive open system,D015,Planning,407527.51,3103586.87,Medium
PRJ4867,Project Public-key systematic access,D013,In Progress,598010.92,1443145.58,Low
PRJ4868,Project Proactive radical projection,D014,Completed,876876.56,4035965.83,Critical
PRJ4869,Project Distributed content-based alliance,D007,Completed,995041.72,99384.49,Low
PRJ4870,Project Business-focused exuding intranet,D019,In Progress,537047.81,915749.49,Medium
PRJ4871,Project Multi-lateral dynamic application,D020,Completed,900485.62,1506993.03,High
PRJ4872,Project Up-sized exuding support,D011,Completed,433968.13,4307596.99,High
PRJ4873,Project Configurable global migration,D011,In Progress,895196.37,171302.7,Medium
PRJ4874,Project Polarized reciprocal policy,D016,Completed,703326.47,4727553.6,High
PRJ4875,Project Versatile optimizing database,D020,Completed,305167.77,171053.24,Medium
PRJ4876,Project Re-contextualized asymmetric function,D004,Cancelled,425174.4,2842670.38,Critical
PRJ4877,Project De-engineered logistical approach,D006,Completed,225980.67,4681066.85,High
PRJ4878,Project Synchronized asynchronous application,D019,Completed,664580.98,3165257.9,Critical
PRJ4879,Project Phased full-range synergy,D020,Completed,559987.8,4216608.07,Medium
PRJ4880,Project Stand-alone regional core,D008,Completed,25181.98,3472251.53,Critical
PRJ4881,Project Balanced interactive approach,D018,In Progress,621094.82,1147287.48,Low
PRJ4882,Project Virtual bifurcated workforce,D008,In Progress,328592.3,979453.14,Low
PRJ4883,Project Cross-platform heuristic parallelism,D016,Completed,57882.05,4926825.46,Critical
PRJ4884,Project Mandatory impactful conglomeration,D011,Cancelled,667242.43,2583508.75,Medium
PRJ4885,Project Implemented motivating circuit,D007,Planning,411721.71,1067955.21,Medium
PRJ4886,Project Optimized user-facing artificial intelligence,D020,Completed,475748.32,4584995.9,Low
PRJ4887,Project Organic secondary throughput,D012,In Progress,326323.85,3580360.33,Critical
PRJ4888,Project Optimized actuating adapter,D012,In Progress,493931.02,4176878.52,Medium
PRJ4889,Project Optimized next generation Graphical User Interface,D014,Planning,693298.53,4653104.35,Medium
PRJ4890,Project Pre-emptive empowering encryption,D004,Completed,60432.87,4594100.02,Low
PRJ4891,Project Advanced national process improvement,D020,Completed,483239.36,1413135.99,Medium
PRJ4892,Project Extended object-oriented functionalities,D004,Completed,290885.51,2791461.61,High
PRJ4893,Project Operative scalable migration,D014,Completed,803545.56,1918983.02,High
PRJ4894,Project Multi-tiered incremental open system,D019,In Progress,354579.35,3293093.99,Critical
PRJ4895,Project Visionary value-added portal,D007,In Progress,973251.07,935340.88,Low
PRJ4896,Project Up-sized stable implementation,D008,In Progress,793540.92,905807.99,Medium
PRJ4897,Project Stand-alone next generation definition,D002,Completed,312135.31,3253749.96,Critical
PRJ4898,Project Fundamental foreground product,D016,Completed,688199.06,3729541.57,Low
PRJ4899,Project Function-based dynamic standardization,D008,Completed,262638.96,1671107.42,Critical
PRJ4900,Project Centralized logistical portal,D003,In Progress,373415.28,650190.57,High
PRJ4901,Project Exclusive intangible circuit,D012,Completed,423868.15,4801140.92,Low
PRJ4902,Project Multi-layered clear-thinking analyzer,D020,Planning,988042.21,3637066.45,Critical
PRJ4903,Project Sharable foreground toolset,D018,Completed,197038.74,4494641.17,High
PRJ4904,Project Exclusive motivating circuit,D019,Completed,792150.78,4645280.4,Low
PRJ4905,Project Robust zero administration support,D008,Planning,269707.23,3062356.33,Critical
PRJ4906,Project Focused value-added approach,D010,Cancelled,590917.2,2803729.49,Critical
PRJ4907,Project Persevering hybrid initiative,D008,Planning,609476.25,3564457.28,Medium
PRJ4908,Project Extended maximized customer loyalty,D005,Completed,632485.03,2228616.15,Critical
PRJ4909,Project Seamless eco-centric policy,D012,Completed,506138.53,1950329.77,Critical
PRJ4910,Project Networked mobile knowledge user,D018,Completed,58460.75,4718252.52,Critical
PRJ4911,Project Configurable intangible encryption,D007,Completed,912877.3,4418829.51,Medium
PRJ4912,Project Streamlined user-facing product,D007,Cancelled,155617.2,2531871.95,Medium
PRJ4913,Project Self-enabling well-modulated middleware,D007,In Progress,129993.14,3214806.87,Critical
PRJ4914,Project Secured 24hour encoding,D003,In Progress,970733.79,110948.3,Critical
PRJ4915,Project Object-based high-level secured line,D002,Planning,667654.04,2985622.79,High
PRJ4916,Project Synergistic national interface,D020,In Progress,942506.89,4388885.43,Critical
PRJ4917,Project Digitized non-volatile focus group,D016,Planning,77649.56,965175.37,Low
PRJ4918,Project Universal directional flexibility,D003,Completed,215425.61,594945.31,Medium
PRJ4919,Project De-engineered next generation methodology,D005,Completed,895065.63,2197191.75,Critical
PRJ4920,Project Quality-focused multi-tasking definition,D007,Completed,870243.21,2009199.54,Medium
PRJ4921,Project Intuitive multi-state interface,D001,In Progress,727369.75,1403137.78,Low
PRJ4922,Project Fundamental cohesive contingency,D013,Completed,268736.79,3345513.31,Medium
PRJ4923,Project Assimilated eco-centric emulation,D014,Completed,657085.05,4900916.42,Critical
PRJ4924,Project Open-architected leadingedge interface,D020,Completed,142546.07,4866071.91,Medium
PRJ4925,Project Synergistic client-driven focus group,D013,Planning,852782.46,3944588.83,Medium
PRJ4926,Project Sharable full-range groupware,D020,Completed,889290.55,1346063.1,Medium
PRJ4927,Project Reactive composite strategy,D009,Completed,746463.48,4539593.3,High
PRJ4928,Project Synergistic leadingedge artificial intelligence,D001,Completed,144179.9,4312002.58,Critical
PRJ4929,Project Digitized motivating analyzer,D010,Completed,270066.19,1576258.18,Low
PRJ4930,Project Proactive object-oriented orchestration,D006,In Progress,770530.56,171106.08,Medium
PRJ4931,Project Innovative bifurcated budgetary management,D011,Planning,446913.16,2251121.16,Critical
PRJ4932,Project Visionary disintermediate function,D007,Completed,210368.19,3284836.6,Medium
PRJ4933,Project Reduced multimedia complexity,D007,Completed,10172.96,1496889.77,Critical
PRJ4934,Project User-centric dedicated circuit,D014,Completed,610041.22,1663594.92,Critical
PRJ4935,Project Upgradable 5thgeneration neural-net,D019,Completed,780814.64,4599669.55,Medium
PRJ4936,Project Customizable cohesive flexibility,D008,Completed,367185.44,4500958.36,High
PRJ4937,Project Vision-oriented contextually-based neural-net,D011,Completed,530835.94,1500146.53,High
PRJ4938,Project Object-based 6thgeneration hierarchy,D001,Cancelled,56428.6,2959696.75,High
PRJ4939,Project Ameliorated logistical project,D013,Planning,760172.02,1837345.44,High
PRJ4940,Project Total leadingedge contingency,D004,Planning,455642.92,3731919.48,Low
PRJ4941,Project Persevering client-driven productivity,D016,Completed,445560.09,2836974.57,High
PRJ4942,Project Multi-tiered user-facing conglomeration,D014,Completed,549170.68,3351778.02,Critical
PRJ4943,Project Team-oriented intermediate task-force,D008,Completed,501846.85,366282.11,Low
PRJ4944,Project User-friendly responsive strategy,D003,Cancelled,626250.4,2881825.64,Critical
PRJ4945,Project Progressive transitional policy,D017,In Progress,35010.78,459548.53,High
PRJ4946,Project User-friendly global framework,D013,Completed,620879.74,2668482.35,Low
PRJ4947,Project Reduced intermediate capability,D008,Completed,58426.54,4837446.61,Medium
PRJ4948,Project Business-focused methodical strategy,D006,In Progress,71940.04,3611690.67,Low
PRJ4949,Project Progressive secondary attitude,D002,In Progress,542879.86,4214114.38,Medium
PRJ4950,Project Customizable methodical encoding,D005,Completed,144801.15,4942201.49,High
PRJ4951,Project Compatible web-enabled attitude,D005,In Progress,48038.58,2829538.86,Low
PRJ4952,Project Vision-oriented interactive info-mediaries,D011,Completed,617700.78,2690601.63,High
PRJ4953,Project Proactive cohesive benchmark,D010,Completed,920279.01,85532.54,Medium
PRJ4954,Project Extended zero administration analyzer,D020,Cancelled,738587.67,3505014.98,High
PRJ4955,Project Mandatory executive implementation,D006,Completed,827961.52,2045500.34,Critical
PRJ4956,Project Reduced zero tolerance policy,D005,In Progress,491491.9,1691831.13,Critical
PRJ4957,Project Function-based client-driven installation,D015,In Progress,77692.13,2457364.59,Critical
PRJ4958,Project Proactive asymmetric workforce,D011,In Progress,544580.53,4498198.1,High
PRJ4959,Project Total human-resource product,D012,Cancelled,892275.8,4047089.93,High
PRJ4960,Project Reverse-engineered secondary forecast,D017,In Progress,933533.15,335511.87,Medium
PRJ4961,Project Seamless multimedia benchmark,D016,Completed,36913.92,4422471.46,Medium
PRJ4962,Project Networked solution-oriented orchestration,D009,In Progress,157111.84,278470.12,Low
PRJ4963,Project Multi-channeled reciprocal conglomeration,D007,Completed,920895.81,4807788.89,Critical
PRJ4964,Project Digitized user-facing productivity,D006,In Progress,561530.07,1982758.72,Low
PRJ4965,Project Persistent client-driven portal,D009,In Progress,326459.52,2109723.27,Critical
PRJ4966,Project Versatile value-added definition,D012,In Progress,343676.44,4726821.96,High
PRJ4967,Project Universal intermediate customer loyalty,D015,Planning,63607.3,3502262.4,Low
PRJ4968,Project Focused reciprocal initiative,D015,Planning,942936.51,202123.79,Low
PRJ4969,Project Multi-channeled stable moratorium,D019,In Progress,37572.62,4603769.47,Medium
PRJ4970,Project Centralized homogeneous software,D019,Completed,718210.92,940006.37,Low
PRJ4971,Project Distributed leadingedge focus group,D016,In Progress,98372.09,1182435.56,Critical
PRJ4972,Project Reverse-engineered modular infrastructure,D009,Completed,946403.12,3552891.91,Critical
PRJ4973,Project Progressive systematic data-warehouse,D001,In Progress,902982.7,3441522.29,Medium
PRJ4974,Project Configurable systemic access,D010,In Progress,429786.09,4374092.06,High
PRJ4975,Project Future-proofed stable success,D002,In Progress,533604.05,3557051.28,Medium
PRJ4976,Project Re-engineered bifurcated methodology,D016,Completed,212262.58,2480464.19,Critical
PRJ4977,Project Ergonomic 24hour synergy,D003,Completed,303549.88,348840.23,High
PRJ4978,Project Cross-platform transitional structure,D008,Completed,518950.69,1630697.86,Critical
PRJ4979,Project Assimilated web-enabled matrices,D004,Completed,790370.22,4550299.77,Critical
PRJ4980,Project Future-proofed value-added hardware,D018,Completed,245781.29,2083111.59,Low
PRJ4981,Project Business-focused bifurcated infrastructure,D001,Planning,885042.54,4159070.74,Low
PRJ4982,Project Optimized local superstructure,D005,Completed,791708.66,730839.42,Low
PRJ4983,Project Persistent non-volatile neural-net,D012,In Progress,356637.68,232738.35,Critical
PRJ4984,Project Decentralized 24hour interface,D003,In Progress,463309.53,141197.87,High
PRJ4985,Project Reverse-engineered 3rdgeneration circuit,D013,Completed,494632.86,1198813.07,Low
PRJ4986,Project Distributed demand-driven info-mediaries,D007,In Progress,521474.74,146484.04,Low
PRJ4987,Project Pre-emptive fresh-thinking focus group,D012,In Progress,346440.36,3394544.56,Medium
PRJ4988,Project Extended foreground Graphic Interface,D004,In Progress,174090.92,229383.04,Critical
PRJ4989,Project Cloned executive database,D019,In Progress,93684.64,4818493.8,High
PRJ4990,Project Future-proofed transitional protocol,D002,Cancelled,156374.64,964509.24,Medium
PRJ4991,Project Persevering value-added parallelism,D011,In Progress,927545.08,2476460.07,Critical
PRJ4992,Project Diverse optimal throughput,D006,In Progress,107627.94,290605.85,Critical
PRJ4993,Project Devolved asynchronous challenge,D017,In Progress,35806.21,2720733.95,Critical
PRJ4994,Project Organized interactive structure,D018,Completed,418270.68,491919.69,High
PRJ4995,Project Universal maximized workforce,D001,Planning,935993.56,2380303.49,Medium
PRJ4996,Project Distributed well-modulated productivity,D019,Completed,634039.5,3855156.54,High
PRJ4997,Project Innovative object-oriented toolset,D004,In Progress,818464.04,583610.11,Critical
PRJ4998,Project Sharable interactive support,D014,Completed,272892.05,4180115.03,Medium
PRJ4999,Project Exclusive bifurcated matrices,D001,In Progress,611683.04,3937779.22,Critical
PRJ5000,Project Compatible leadingedge implementation,D001,In Progress,943850.42,4164269.49,Critical
