employee_id,salary,bonus,department_id,job_title,effective_date
EMP00001,114246.57,10465.98,D003,Ranger/warden,2025-10-12
EMP00002,113804.19,17539.92,D020,Cytogeneticist,2026-04-20
EMP00003,124142.34,15347.2,D003,Psychotherapist,2023-11-01
EMP00004,107606.11,11838.49,D016,Media planner,2026-06-16
EMP00005,95424.33,527.61,D003,Hydrographic surveyor,2026-05-01
EMP00006,138064.23,8431.28,D018,Health and safety adviser,2026-06-06
EMP00007,72169.06,10822.95,D007,Curator,2025-10-01
EMP00008,107079.09,14708.6,D017,Dietitian,2024-04-12
EMP00009,137956.9,26340.91,D001,"Accountant, chartered public finance",2026-05-25
EMP00010,87942.24,12206.22,D007,Plant breeder/geneticist,2024-01-03
EMP00011,96031.29,1534.75,D017,Camera operator,2026-06-27
EMP00012,88216.85,5834.76,D005,"Surveyor, building",2024-06-11
EMP00013,111630.75,3947.42,D016,Medical illustrator,2025-04-04
EMP00014,105679.18,19958.97,D017,Architect,2024-05-20
EMP00015,96704.81,8559.94,D006,Patent examiner,2024-10-27
EMP00016,96480.29,11510.94,D010,Training and development officer,2023-11-23
EMP00017,113101.28,9934.03,D017,"Doctor, hospital",2025-07-15
EMP00018,107777.13,8533.13,D020,"Therapist, nutritional",2025-05-17
EMP00019,78388.25,5404.76,D013,Software engineer,2024-03-16
EMP00020,120824.29,22157.26,D016,"Psychologist, sport and exercise",2024-11-07
EMP00021,124801.21,22892.27,D013,Exhibition designer,2025-12-10
EMP00022,82803.99,4386.69,D014,Secondary school teacher,2025-12-28
EMP00023,78299.43,9619.69,D006,Podiatrist,2024-01-08
EMP00024,141869.61,6268.39,D018,Health and safety adviser,2024-11-24
EMP00025,105375.18,18399.22,D001,Animal nutritionist,2025-09-07
EMP00026,152356.21,11674.68,D020,Biomedical engineer,2024-09-12
EMP00027,133692.36,15179.6,D017,Museum/gallery conservator,2024-06-30
EMP00028,80436.75,1769.12,D017,Quality manager,2024-01-30
EMP00029,122274.59,12505.77,D010,Counselling psychologist,2024-06-14
EMP00030,103685.32,9127.63,D020,Industrial/product designer,2023-10-11
EMP00031,112255.84,15992.16,D019,Patent examiner,2026-04-29
EMP00032,126839.68,18268.26,D019,Podiatrist,2024-05-20
EMP00033,60561.71,4985.24,D018,"Engineer, electrical",2025-01-24
EMP00034,117216.89,4839.34,D011,Television/film/video producer,2024-05-23
EMP00035,62367.94,6103.39,D002,Applications developer,2024-10-07
EMP00036,72552.68,5034.78,D006,Financial trader,2024-07-18
EMP00037,106238.44,16481.75,D007,"Designer, textile",2025-02-25
EMP00038,114651.92,12793.3,D019,Chartered loss adjuster,2025-03-21
EMP00039,162030.4,17280.93,D019,Furniture designer,2025-07-25
EMP00040,113451.05,17396.54,D012,Firefighter,2026-03-18
EMP00041,80339.85,4586.98,D014,Automotive engineer,2025-04-27
EMP00042,102097.02,14993.38,D014,"Engineer, biomedical",2023-11-14
EMP00043,98155.46,7174.2,D015,Chartered public finance accountant,2024-12-30
EMP00044,131541.9,26033.52,D015,Sport and exercise psychologist,2024-11-30
EMP00045,156139.69,11195.46,D014,Energy manager,2026-02-13
EMP00046,120211.89,22576.21,D015,Tax adviser,2023-12-04
EMP00047,153615.21,25873.32,D005,Field trials officer,2024-10-13
EMP00048,114876.75,21922.71,D011,Financial controller,2024-04-06
EMP00049,86753.2,14272.76,D001,Advertising account planner,2026-06-24
EMP00050,137709.92,18994.32,D011,Careers information officer,2026-06-20
EMP00051,90371.93,17468.07,D018,Clinical embryologist,2023-11-04
EMP00052,94760.09,10891.16,D009,Clinical research associate,2024-12-07
EMP00053,53793.0,2451.84,D009,Rural practice surveyor,2026-01-06
EMP00054,133233.17,10388.35,D020,General practice doctor,2025-10-31
EMP00055,133928.05,17020.91,D004,Advertising art director,2026-06-05
EMP00056,74901.14,2377.55,D008,Oncologist,2025-11-18
EMP00057,132092.87,14832.23,D015,Manufacturing systems engineer,2025-06-18
EMP00058,83749.27,3599.65,D018,Food technologist,2025-11-12
EMP00059,119815.72,5148.84,D011,Retail banker,2024-04-18
EMP00060,166081.41,6021.96,D018,Ship broker,2023-12-10
EMP00061,94524.26,1450.93,D006,Jewellery designer,2024-09-30
EMP00062,65032.54,11937.7,D006,Lobbyist,2024-08-01
EMP00063,65381.48,11508.69,D018,"Scientist, research (medical)",2024-07-28
EMP00064,100862.31,12320.73,D002,Research scientist (physical sciences),2023-08-19
EMP00065,110503.86,11165.5,D010,IT consultant,2024-01-08
EMP00066,90156.18,4283.29,D019,Meteorologist,2024-05-12
EMP00067,121525.56,2123.61,D001,Contracting civil engineer,2024-09-12
EMP00068,130336.89,15200.21,D004,Horticultural consultant,2024-12-05
EMP00069,125946.33,24323.39,D019,Market researcher,2024-01-10
EMP00070,96198.09,13462.07,D010,"Designer, exhibition/display",2026-08-03
EMP00071,48609.87,9156.29,D007,"Teacher, early years/pre",2024-10-08
EMP00072,103900.36,8043.18,D002,"Nurse, learning disability",2024-04-01
EMP00073,77460.78,4166.76,D017,Civil Service administrator,2025-05-20
EMP00074,74550.23,12706.39,D010,Lobbyist,2024-02-16
EMP00075,107839.17,4371.68,D001,Cabin crew,2024-08-10
EMP00076,111141.93,4260.27,D016,Health and safety inspector,2023-09-09
EMP00077,131532.72,24732.3,D005,"Engineer, automotive",2024-08-03
EMP00078,67406.47,12651.77,D020,Paramedic,2025-06-29
EMP00079,110254.37,21219.53,D011,Transport planner,2024-11-03
EMP00080,40000.0,2349.46,D001,"Programmer, systems",2023-09-21
EMP00081,104794.73,20128.44,D007,Forensic scientist,2025-08-08
EMP00082,115144.22,12702.71,D011,Logistics and distribution manager,2024-08-16
EMP00083,135765.39,16864.56,D013,"Programme researcher, broadcasting/film/video",2024-09-24
EMP00084,99294.21,13411.68,D001,"Scientist, research (medical)",2023-09-05
EMP00085,95849.09,5281.09,D016,"Engineer, mining",2023-12-02
EMP00086,110885.65,4516.41,D014,Investment analyst,2024-04-13
EMP00087,113439.58,4972.94,D016,"Buyer, industrial",2025-11-24
EMP00088,77213.32,9848.33,D014,Production manager,2024-09-04
EMP00089,121291.64,12165.32,D001,"Teacher, music",2025-03-27
EMP00090,97428.79,13531.39,D007,Sports coach,2025-06-20
EMP00091,164606.18,8055.48,D008,"Engineer, communications",2023-08-30
EMP00092,64178.31,578.34,D001,Retail banker,2025-05-01
EMP00093,75714.09,11701.74,D013,"Programmer, multimedia",2024-05-02
EMP00094,90881.01,17651.31,D004,Chartered public finance accountant,2024-07-24
EMP00095,122334.54,18334.9,D004,Financial controller,2026-04-11
EMP00096,117528.01,18185.22,D013,Land/geomatics surveyor,2025-04-19
EMP00097,121590.02,13331.87,D019,Magazine journalist,2025-01-05
EMP00098,62934.6,1818.25,D017,Occupational psychologist,2026-05-17
EMP00099,126427.44,23578.58,D020,Photographer,2025-02-15
EMP00100,73606.6,4106.81,D002,Waste management officer,2024-09-25
EMP00101,111769.02,1956.98,D018,Podiatrist,2024-02-02
EMP00102,115828.28,12369.28,D007,Firefighter,2026-03-07
EMP00103,126127.81,10312.91,D011,"Engineer, electronics",2024-01-11
EMP00104,83240.09,9071.78,D008,Special effects artist,2025-07-09
EMP00105,68386.97,11269.02,D004,"Teacher, special educational needs",2026-03-27
EMP00106,107017.37,1304.28,D010,Marine scientist,2024-02-04
EMP00107,107152.31,4304.71,D007,Soil scientist,2025-07-30
EMP00108,123668.53,5147.08,D009,Press sub,2023-09-01
EMP00109,108165.51,20160.91,D007,Fitness centre manager,2023-12-02
EMP00110,114318.78,21750.17,D010,Broadcast journalist,2023-11-07
EMP00111,72257.61,11714.25,D009,"Psychologist, forensic",2026-05-06
EMP00112,137665.93,8329.8,D015,"Social research officer, government",2025-10-19
EMP00113,126613.17,14876.35,D005,Counsellor,2025-05-19
EMP00114,94528.19,5752.5,D016,"Journalist, newspaper",2023-12-07
EMP00115,141920.36,21574.93,D009,Naval architect,2026-04-12
EMP00116,105871.54,9322.31,D002,Armed forces training and education officer,2025-06-17
EMP00117,120956.31,20672.45,D003,Community education officer,2024-10-10
EMP00118,103833.15,10210.12,D012,Tourism officer,2026-05-24
EMP00119,130276.05,22353.21,D004,Volunteer coordinator,2025-11-12
EMP00120,56339.84,10431.71,D012,Television production assistant,2026-03-17
EMP00121,104561.08,17110.48,D005,Clinical psychologist,2023-12-09
EMP00122,104237.2,7906.43,D001,Podiatrist,2025-02-21
EMP00123,131812.95,14478.14,D017,"Conservation officer, nature",2025-07-28
EMP00124,86630.22,10770.55,D016,"Geneticist, molecular",2026-07-22
EMP00125,114765.26,4605.82,D020,Photographer,2024-05-02
EMP00126,93050.18,16004.24,D004,Toxicologist,2025-06-24
EMP00127,74497.35,7524.93,D015,Information officer,2025-10-01
EMP00128,127364.3,7978.74,D010,"Psychotherapist, dance movement",2024-05-15
EMP00129,83281.87,13113.59,D003,"Pharmacist, community",2026-06-08
EMP00130,126013.39,20234.83,D008,Dispensing optician,2024-11-23
EMP00131,111578.83,9446.29,D013,"Therapist, drama",2025-05-19
EMP00132,97261.77,18161.29,D002,"Engineer, building services",2025-04-14
EMP00133,102280.57,7851.76,D007,"Nurse, learning disability",2025-06-07
EMP00134,111786.12,16196.94,D002,Software engineer,2024-10-06
EMP00135,110805.59,16605.92,D011,Herpetologist,2024-06-17
EMP00136,105606.74,17155.17,D005,"Copywriter, advertising",2026-01-25
EMP00137,127250.2,2786.85,D007,Plant breeder/geneticist,2024-08-11
EMP00138,104340.62,9042.36,D006,"Scientist, water quality",2025-03-22
EMP00139,111076.91,8724.39,D005,Medical illustrator,2026-06-08
EMP00140,111196.92,12559.97,D001,Commercial horticulturist,2023-08-26
EMP00141,94855.74,15245.43,D012,Radio producer,2026-01-21
EMP00142,100263.57,15723.28,D014,Therapeutic radiographer,2026-03-24
EMP00143,105258.25,6546.23,D014,"Programmer, systems",2024-03-13
EMP00144,79238.21,6069.79,D003,"Engineer, aeronautical",2023-08-12
EMP00145,61509.55,6233.86,D011,Politician's assistant,2024-02-25
EMP00146,141474.71,16308.57,D005,Quarry manager,2026-05-14
EMP00147,144337.78,12532.0,D013,Systems analyst,2025-12-20
EMP00148,91481.95,2267.61,D010,Trading standards officer,2023-10-22
EMP00149,84585.9,8501.66,D009,Art therapist,2024-08-11
EMP00150,163832.94,27187.91,D002,Chemical engineer,2024-05-16
EMP00151,89365.36,13196.98,D014,"Accountant, chartered management",2024-06-20
EMP00152,95289.52,9211.37,D009,"Conservator, museum/gallery",2023-12-07
EMP00153,144742.82,25853.44,D017,"Research officer, trade union",2025-06-17
EMP00154,122422.85,12750.58,D001,Camera operator,2025-02-19
EMP00155,111709.64,14144.39,D011,Training and development officer,2026-02-06
EMP00156,101993.36,14196.52,D018,Barrister,2024-01-27
EMP00157,88836.59,4605.85,D008,Web designer,2025-01-02
EMP00158,105734.44,11558.6,D016,Intelligence analyst,2026-06-17
EMP00159,121231.46,23199.6,D006,Conference centre manager,2024-07-23
EMP00160,144991.48,3002.08,D003,Acupuncturist,2025-09-02
EMP00161,134617.75,22988.71,D018,Emergency planning/management officer,2025-03-25
EMP00162,97620.47,4620.52,D014,"Solicitor, Scotland",2024-06-25
EMP00163,93367.28,4749.98,D008,"Programme researcher, broadcasting/film/video",2024-07-28
EMP00164,65825.91,12719.67,D016,"Designer, interior/spatial",2025-04-29
EMP00165,125519.71,6181.96,D016,Chiropractor,2024-06-14
EMP00166,98189.7,12468.87,D014,"Conservation officer, historic buildings",2026-03-31
EMP00167,92900.78,9462.8,D014,Company secretary,2024-07-04
EMP00168,112578.83,20733.12,D004,Medical secretary,2026-04-29
EMP00169,130445.85,2534.86,D019,Call centre manager,2023-10-18
EMP00170,84763.21,8156.19,D004,"Teacher, music",2023-08-19
EMP00171,112932.98,22358.04,D013,Architectural technologist,2024-04-01
EMP00172,62580.71,12457.31,D015,Graphic designer,2026-04-30
EMP00173,161494.81,29366.24,D018,Management consultant,2025-05-08
EMP00174,76576.76,4715.21,D010,Museum/gallery exhibitions officer,2024-01-16
EMP00175,91893.34,10332.69,D007,Dramatherapist,2026-05-03
EMP00176,91136.97,7428.01,D012,Industrial/product designer,2025-07-09
EMP00177,115479.67,18513.35,D005,Geoscientist,2025-09-24
EMP00178,99322.77,1625.46,D019,Pensions consultant,2025-06-19
EMP00179,142090.23,7913.02,D018,"Education officer, museum",2026-05-07
EMP00180,89081.92,16362.79,D003,Dentist,2025-06-27
EMP00181,72630.18,14062.76,D019,Animal technologist,2024-07-24
EMP00182,103846.34,9551.16,D018,Chief Marketing Officer,2024-06-08
EMP00183,68764.17,7854.08,D009,"Nurse, adult",2026-08-02
EMP00184,119348.71,23736.65,D007,Legal secretary,2026-04-09
EMP00185,125678.63,20495.95,D012,"Physicist, medical",2025-12-28
EMP00186,101270.08,13165.04,D008,Orthoptist,2026-06-26
EMP00187,84155.91,10240.63,D020,"Engineer, water",2025-03-25
EMP00188,49726.18,2722.94,D016,Fashion designer,2024-09-08
EMP00189,103648.98,11864.45,D008,Town planner,2023-12-15
EMP00190,119511.27,2309.54,D017,"Engineer, petroleum",2023-11-17
EMP00191,83918.26,6069.33,D018,Manufacturing engineer,2024-08-09
EMP00192,118639.79,20574.45,D004,Animator,2025-12-09
EMP00193,103675.92,12903.96,D012,"Scientist, research (maths)",2025-07-12
EMP00194,101272.98,12891.21,D017,"Designer, furniture",2026-05-08
EMP00195,111983.11,4672.1,D003,Holiday representative,2023-10-16
EMP00196,63339.78,5480.11,D014,Energy engineer,2024-04-13
EMP00197,109973.36,8261.62,D004,"Conservator, museum/gallery",2024-06-17
EMP00198,92306.48,12372.56,D015,Music therapist,2025-12-05
EMP00199,96359.35,4945.72,D014,"Conservation officer, historic buildings",2025-05-30
EMP00200,100213.19,8806.18,D012,IT trainer,2024-07-06
EMP00201,138812.36,550.99,D015,Financial adviser,2026-05-30
EMP00202,102719.51,15779.28,D019,Solicitor,2023-12-27
EMP00203,86446.34,2925.3,D016,"Chemist, analytical",2026-07-14
EMP00204,116684.31,10590.21,D017,Health and safety inspector,2024-04-06
EMP00205,125244.97,951.27,D010,"Administrator, education",2025-10-29
EMP00206,106856.93,3738.93,D015,Farm manager,2026-06-17
EMP00207,90840.49,10695.71,D014,Astronomer,2023-09-04
EMP00208,123483.15,5204.12,D010,"Research officer, trade union",2025-12-07
EMP00209,132944.68,21956.21,D001,Interior and spatial designer,2024-08-16
EMP00210,99316.75,7400.12,D006,Intelligence analyst,2024-12-26
EMP00211,95199.86,834.68,D005,"Therapist, nutritional",2024-08-22
EMP00212,146498.18,24762.49,D009,Secretary/administrator,2025-04-02
EMP00213,136598.72,3754.09,D001,Herpetologist,2025-04-30
EMP00214,100747.14,9062.05,D009,Brewing technologist,2025-03-23
EMP00215,122037.08,12403.51,D001,Graphic designer,2025-06-27
EMP00216,117493.9,7230.47,D020,"Designer, jewellery",2026-07-03
EMP00217,131685.49,6412.83,D014,"Biochemist, clinical",2026-06-07
EMP00218,125692.62,1497.7,D003,Counsellor,2026-05-04
EMP00219,95587.51,16757.39,D001,Heritage manager,2026-06-02
EMP00220,139097.65,15072.55,D001,Seismic interpreter,2026-02-25
EMP00221,63529.37,12493.48,D005,Human resources officer,2025-03-30
EMP00222,138951.46,8207.43,D007,Energy manager,2023-09-04
EMP00223,137194.33,1110.56,D020,Logistics and distribution manager,2025-12-19
EMP00224,112674.12,3436.45,D013,Artist,2023-08-15
EMP00225,75967.15,161.03,D003,Ranger/warden,2025-10-09
EMP00226,68117.59,7719.64,D015,Health service manager,2025-07-26
EMP00227,135112.46,5882.24,D019,"Merchandiser, retail",2026-06-01
EMP00228,85759.44,349.31,D011,"Administrator, education",2025-04-14
EMP00229,118155.44,9848.67,D005,Tourism officer,2025-03-19
EMP00230,88756.33,11954.38,D001,"Engineer, petroleum",2025-09-27
EMP00231,97550.71,2072.43,D017,Fine artist,2024-06-12
EMP00232,100200.62,8499.95,D006,Educational psychologist,2024-08-22
EMP00233,180967.48,14592.46,D009,"Scientist, biomedical",2025-12-18
EMP00234,55082.86,2996.25,D002,Audiological scientist,2023-08-15
EMP00235,95290.27,1205.84,D003,Television/film/video producer,2023-10-20
EMP00236,131742.0,17741.8,D005,Systems analyst,2023-12-30
EMP00237,120970.84,9842.81,D009,Translator,2023-11-26
EMP00238,102505.18,11592.85,D010,"Psychologist, occupational",2024-05-19
EMP00239,87992.56,9085.76,D009,Agricultural consultant,2025-04-21
EMP00240,138917.49,21122.9,D006,Counselling psychologist,2026-03-28
EMP00241,96471.36,2674.24,D007,Geochemist,2025-04-14
EMP00242,72339.2,12373.95,D005,Geophysicist/field seismologist,2023-11-03
EMP00243,136998.75,5191.26,D015,"Accountant, chartered management",2024-01-21
EMP00244,128090.66,5789.12,D008,Immigration officer,2024-06-20
EMP00245,98859.85,11278.82,D009,"Engineer, electrical",2026-06-18
EMP00246,117219.7,17309.18,D014,Chartered legal executive (England and Wales),2025-05-12
EMP00247,125500.97,7220.59,D016,Aeronautical engineer,2024-03-22
EMP00248,120436.88,22857.26,D008,Water quality scientist,2024-12-14
EMP00249,107375.51,11630.87,D016,"Administrator, charities/voluntary organisations",2023-08-28
EMP00250,75918.52,7358.2,D009,Psychotherapist,2026-07-31
EMP00251,107172.95,7581.64,D016,Radio broadcast assistant,2024-06-08
EMP00252,113797.97,17943.49,D018,Chief Operating Officer,2024-06-30
EMP00253,125696.81,7200.95,D001,"Surveyor, hydrographic",2025-04-09
EMP00254,112702.8,2564.62,D015,Ecologist,2024-07-19
EMP00255,120194.1,1524.0,D008,Fashion designer,2024-09-23
EMP00256,151334.27,9641.62,D013,Land/geomatics surveyor,2026-05-13
EMP00257,114904.43,21358.25,D015,Financial controller,2025-04-21
EMP00258,99530.33,12047.0,D007,"Conservation officer, nature",2025-08-06
EMP00259,117200.22,2868.63,D010,Records manager,2025-04-10
EMP00260,50816.13,2001.15,D013,Public relations officer,2024-10-28
EMP00261,67869.0,7913.26,D014,English as a second language teacher,2024-12-23
EMP00262,114126.66,12772.8,D018,Recruitment consultant,2023-11-12
EMP00263,123205.99,19942.39,D016,Press photographer,2024-02-15
EMP00264,119108.32,17647.74,D015,Marine scientist,2025-02-12
EMP00265,83808.82,6611.71,D008,Lobbyist,2026-05-31
EMP00266,73967.82,12258.22,D015,Furniture designer,2026-03-18
EMP00267,124329.58,10294.83,D016,Prison officer,2023-10-26
EMP00268,120280.4,8760.47,D020,Occupational therapist,2025-09-14
EMP00269,71418.24,1043.44,D005,Bookseller,2026-06-01
EMP00270,136764.28,4597.94,D013,Primary school teacher,2026-01-30
EMP00271,96776.71,7598.62,D011,Conference centre manager,2026-05-19
EMP00272,97670.48,14083.86,D006,"Producer, radio",2026-06-10
EMP00273,114259.81,1221.43,D013,Marketing executive,2024-08-18
EMP00274,105362.55,339.99,D008,Publishing copy,2024-11-23
EMP00275,69649.47,4851.58,D001,Equality and diversity officer,2026-06-25
EMP00276,137123.14,5030.34,D011,Leisure centre manager,2023-09-18
EMP00277,115931.72,12102.88,D017,IT sales professional,2026-02-25
EMP00278,87635.29,13917.14,D002,Insurance claims handler,2025-04-17
EMP00279,109418.98,6215.78,D009,"Surveyor, hydrographic",2024-10-29
EMP00280,110667.04,16592.08,D016,Clinical biochemist,2025-07-18
EMP00281,150104.46,2612.43,D007,Homeopath,2026-06-26
EMP00282,98213.73,3987.5,D015,Psychotherapist,2024-09-06
EMP00283,123845.83,8408.51,D007,Chief Strategy Officer,2025-10-31
EMP00284,106178.73,20991.95,D002,Education administrator,2024-02-23
EMP00285,74460.46,2689.15,D007,Neurosurgeon,2023-08-24
EMP00286,86395.51,12368.74,D017,Optometrist,2026-06-11
EMP00287,130867.69,16672.7,D020,Phytotherapist,2024-03-20
EMP00288,115330.87,17015.65,D003,Claims inspector/assessor,2026-01-21
EMP00289,117156.63,15919.74,D002,"Librarian, academic",2024-12-26
EMP00290,88188.32,5305.87,D010,Fine artist,2026-03-21
EMP00291,115873.33,22377.42,D002,Telecommunications researcher,2026-06-27
EMP00292,99904.5,2551.45,D016,"Engineer, water",2025-11-04
EMP00293,78140.85,6051.27,D008,Technical author,2025-05-17
EMP00294,136606.32,2548.47,D011,Conference centre manager,2023-11-06
EMP00295,95705.97,8451.14,D006,Training and development officer,2025-09-17
EMP00296,101806.69,13786.67,D012,Geographical information systems officer,2023-12-07
EMP00297,81629.07,3297.28,D006,Editorial assistant,2023-09-10
EMP00298,92475.23,16109.78,D004,"Psychologist, counselling",2025-03-24
EMP00299,68804.43,1305.72,D019,Arts development officer,2024-11-19
EMP00300,124176.18,10987.87,D016,Corporate treasurer,2023-09-21
EMP00301,96047.5,9319.77,D008,Broadcast presenter,2023-11-15
EMP00302,137102.38,11756.26,D006,Logistics and distribution manager,2025-04-24
EMP00303,121533.3,19089.37,D017,Barrister's clerk,2026-04-02
EMP00304,128243.74,17000.2,D011,Chief Technology Officer,2025-09-05
EMP00305,72170.91,5847.12,D005,"Engineer, maintenance (IT)",2024-05-08
EMP00306,127930.21,24527.4,D020,Forest/woodland manager,2024-07-11
EMP00307,191881.32,13812.05,D007,Environmental education officer,2026-06-14
EMP00308,109549.54,15675.07,D019,Fisheries officer,2024-02-13
EMP00309,125389.68,16924.05,D016,"Teacher, early years/pre",2024-03-21
EMP00310,96277.68,7688.41,D010,Arts administrator,2025-01-17
EMP00311,95924.75,4312.57,D010,Press sub,2025-04-01
EMP00312,173411.81,16174.4,D016,"Designer, industrial/product",2024-04-03
EMP00313,78731.39,1934.92,D012,Public house manager,2026-05-20
EMP00314,119381.74,14580.65,D013,Water engineer,2025-12-13
EMP00315,87073.0,2100.41,D005,"Solicitor, Scotland",2026-07-26
EMP00316,146868.74,21660.85,D011,Video editor,2024-04-28
EMP00317,92569.94,10170.94,D003,Lawyer,2026-07-31
EMP00318,126339.44,1292.53,D015,Retail merchandiser,2023-10-23
EMP00319,124072.4,20364.55,D017,"Education officer, community",2025-08-31
EMP00320,96058.55,8711.81,D011,Holiday representative,2026-04-05
EMP00321,100144.3,8127.27,D004,Product manager,2026-02-13
EMP00322,95862.6,11228.63,D020,Public librarian,2026-02-05
EMP00323,89194.82,10766.33,D010,Energy engineer,2024-05-09
EMP00324,110637.31,7965.36,D012,"Engineer, structural",2025-12-02
EMP00325,109498.02,11519.37,D007,Systems analyst,2023-08-06
EMP00326,87102.57,7372.6,D020,Building control surveyor,2026-07-21
EMP00327,132728.63,3420.56,D005,"Conservator, museum/gallery",2024-12-17
EMP00328,96518.14,3701.47,D001,Toxicologist,2023-09-29
EMP00329,110565.54,20725.79,D018,Trade mark attorney,2026-05-07
EMP00330,107060.25,2961.76,D001,Armed forces logistics/support/administrative officer,2023-11-11
EMP00331,73005.76,9080.52,D015,Environmental consultant,2024-04-29
EMP00332,122587.98,12778.96,D010,"Production assistant, television",2024-01-20
EMP00333,111179.42,3346.6,D019,Clinical research associate,2023-08-28
EMP00334,90707.5,368.21,D014,Tourism officer,2025-11-28
EMP00335,100067.0,16385.87,D008,Clinical molecular geneticist,2025-05-20
EMP00336,80360.56,12671.77,D014,Data scientist,2026-06-18
EMP00337,83694.95,591.64,D002,Private music teacher,2024-06-09
EMP00338,158596.79,30843.59,D006,Logistics and distribution manager,2025-07-31
EMP00339,107959.76,20466.6,D001,Tour manager,2024-02-25
EMP00340,143027.92,24009.34,D019,Financial manager,2025-12-17
EMP00341,118801.92,16049.1,D001,Tax adviser,2025-02-16
EMP00342,73460.73,4702.93,D005,Medical laboratory scientific officer,2025-10-07
EMP00343,127493.93,24139.45,D001,International aid/development worker,2023-08-16
EMP00344,108045.84,1127.96,D018,"Psychologist, counselling",2025-04-07
EMP00345,77705.08,312.29,D012,Chartered loss adjuster,2024-07-08
EMP00346,121244.64,19497.97,D014,Holiday representative,2024-01-02
EMP00347,71113.69,12357.07,D003,"Education officer, community",2023-10-12
EMP00348,136705.54,20260.46,D012,Chartered accountant,2025-06-07
EMP00349,126164.95,7005.36,D001,Chartered public finance accountant,2026-07-09
EMP00350,112506.07,18756.73,D013,"Pharmacist, community",2024-10-05
EMP00351,110975.91,233.7,D014,"Embryologist, clinical",2025-08-21
EMP00352,160162.08,6361.8,D012,"Editor, film/video",2024-06-06
EMP00353,118593.9,13325.9,D009,Analytical chemist,2025-10-06
EMP00354,107381.71,7143.07,D014,"Nurse, adult",2024-09-27
EMP00355,88385.44,8930.17,D011,"Journalist, magazine",2024-11-01
EMP00356,119398.56,20234.09,D018,"Therapist, sports",2024-10-10
EMP00357,139445.96,15170.48,D010,Chartered management accountant,2026-05-25
EMP00358,89755.24,10675.55,D008,Armed forces technical officer,2025-01-07
EMP00359,117435.78,7568.12,D001,"Accountant, chartered certified",2023-08-16
EMP00360,86298.74,7057.2,D013,Health and safety adviser,2025-01-05
EMP00361,149519.39,22421.92,D016,Food technologist,2026-03-09
EMP00362,117895.1,1881.38,D015,Energy manager,2025-05-01
EMP00363,75532.49,5203.06,D012,"Nurse, mental health",2024-12-22
EMP00364,116550.85,7410.52,D010,Food technologist,2024-11-21
EMP00365,153801.08,17454.0,D004,"Engineer, structural",2024-11-03
EMP00366,91900.1,698.66,D004,"Nurse, children's",2024-02-10
EMP00367,124728.47,20267.49,D009,"Geologist, engineering",2024-08-24
EMP00368,111648.33,21490.55,D016,Horticultural therapist,2024-10-07
EMP00369,142400.92,11347.86,D007,Food technologist,2023-08-12
EMP00370,117024.89,21480.69,D003,"Engineer, materials",2023-11-12
EMP00371,104583.43,14994.95,D004,"Designer, multimedia",2024-01-01
EMP00372,117175.01,15378.71,D003,"Surveyor, quantity",2025-10-30
EMP00373,104029.02,6377.22,D007,Personal assistant,2024-01-13
EMP00374,62447.63,1611.4,D004,Theatre stage manager,2024-07-03
EMP00375,115994.03,16483.49,D007,Chief Financial Officer,2024-07-27
EMP00376,131309.85,23008.06,D008,Forensic psychologist,2026-06-09
EMP00377,138689.2,16262.91,D011,Data processing manager,2023-12-05
EMP00378,96478.28,10845.38,D006,"Designer, graphic",2024-01-01
EMP00379,107523.53,8561.7,D004,Actor,2024-11-16
EMP00380,105301.36,19820.78,D016,Banker,2023-08-10
EMP00381,119030.12,18180.62,D016,"Psychologist, educational",2026-06-03
EMP00382,54997.53,5514.01,D008,Dealer,2024-08-20
EMP00383,118890.31,5057.99,D007,Diagnostic radiographer,2025-09-06
EMP00384,118368.59,18890.35,D008,Private music teacher,2026-04-10
EMP00385,117464.71,5977.12,D003,Occupational therapist,2025-06-25
EMP00386,101164.49,12782.87,D005,"Restaurant manager, fast food",2023-11-15
EMP00387,74839.72,11903.82,D010,Field trials officer,2025-04-22
EMP00388,96143.97,7504.9,D003,"Investment banker, operational",2024-04-13
EMP00389,83410.71,13076.87,D006,"Designer, graphic",2026-06-23
EMP00390,137622.0,147.32,D016,"Psychologist, clinical",2024-11-02
EMP00391,90037.1,4755.02,D019,Rural practice surveyor,2024-12-05
EMP00392,109648.27,19215.14,D010,Art gallery manager,2024-09-23
EMP00393,85704.53,7621.75,D020,"Runner, broadcasting/film/video",2024-01-21
EMP00394,131631.02,12055.36,D004,Product designer,2026-02-03
EMP00395,140390.16,12437.73,D011,Sports administrator,2024-12-27
EMP00396,99906.92,15735.2,D015,IT consultant,2025-06-30
EMP00397,111123.68,18584.06,D003,Race relations officer,2025-04-28
EMP00398,136566.57,21124.6,D020,Claims inspector/assessor,2025-05-13
EMP00399,117089.6,13859.96,D020,Banker,2023-08-11
EMP00400,99102.21,12938.14,D012,Town planner,2024-11-22
EMP00401,80263.75,13816.27,D017,Engineering geologist,2026-07-21
EMP00402,102410.61,12231.09,D012,Emergency planning/management officer,2025-10-28
EMP00403,99150.42,17014.39,D001,"Sound technician, broadcasting/film/video",2024-03-04
EMP00404,112051.43,5108.79,D018,Microbiologist,2026-05-06
EMP00405,123207.54,15985.32,D005,Engineering geologist,2025-01-19
EMP00406,127783.69,18498.56,D011,Archaeologist,2024-08-09
EMP00407,131759.95,661.48,D004,"Administrator, education",2025-02-17
EMP00408,179209.58,30670.25,D009,Armed forces logistics/support/administrative officer,2024-11-19
EMP00409,79357.44,8671.9,D015,Theatre stage manager,2025-10-20
EMP00410,129309.67,12735.81,D010,Armed forces logistics/support/administrative officer,2023-09-06
EMP00411,102538.55,2851.81,D017,Best boy,2024-03-14
EMP00412,137373.38,15755.89,D006,Pharmacologist,2024-10-21
EMP00413,102203.65,5773.5,D017,"Engineer, mining",2025-11-15
EMP00414,134068.77,15886.58,D001,Counselling psychologist,2024-08-13
EMP00415,129651.38,21122.93,D014,"Lighting technician, broadcasting/film/video",2025-12-18
EMP00416,119183.25,10524.64,D014,"Scientist, audiological",2025-02-07
EMP00417,105322.34,10040.46,D010,Photographer,2026-05-28
EMP00418,116887.54,8205.7,D012,Publishing copy,2023-12-08
EMP00419,146696.98,19225.99,D009,Product designer,2023-10-30
EMP00420,103859.72,6731.25,D010,Lawyer,2025-05-03
EMP00421,107096.26,16559.4,D008,Herpetologist,2024-01-13
EMP00422,92763.62,365.01,D014,Operational researcher,2026-06-03
EMP00423,124636.46,2974.2,D017,Merchant navy officer,2026-05-24
EMP00424,125313.68,9530.34,D013,Structural engineer,2025-08-29
EMP00425,95683.9,6832.39,D012,Patent attorney,2025-03-20
EMP00426,100737.13,19444.22,D012,Community arts worker,2025-09-06
EMP00427,128905.99,14599.13,D001,Quality manager,2024-12-23
EMP00428,126551.45,17892.98,D006,Diagnostic radiographer,2023-10-23
EMP00429,123881.16,7259.89,D016,Surgeon,2025-10-02
EMP00430,109330.33,18686.72,D007,Insurance broker,2024-07-24
EMP00431,130930.72,13757.78,D018,"Psychologist, counselling",2025-12-14
EMP00432,104123.5,5357.54,D014,Air broker,2025-05-16
EMP00433,53898.29,5946.23,D008,Financial controller,2023-12-01
EMP00434,153206.19,17934.23,D019,Horticultural consultant,2026-04-17
EMP00435,105658.78,12527.81,D017,Graphic designer,2024-05-21
EMP00436,114364.75,734.28,D002,"Pharmacist, community",2025-03-03
EMP00437,119355.73,17825.9,D003,"Engineer, technical sales",2024-02-07
EMP00438,158565.4,8683.85,D006,English as a second language teacher,2025-12-03
EMP00439,118643.93,21813.95,D015,Educational psychologist,2023-11-23
EMP00440,95726.56,3252.86,D014,Historic buildings inspector/conservation officer,2026-01-04
EMP00441,90268.97,482.79,D009,Multimedia specialist,2026-05-06
EMP00442,102744.24,17622.46,D012,Manufacturing systems engineer,2025-05-23
EMP00443,115767.11,21886.0,D011,Patent attorney,2025-02-24
EMP00444,108946.3,6118.0,D016,Seismic interpreter,2026-04-06
EMP00445,77524.47,795.48,D004,Higher education careers adviser,2025-07-19
EMP00446,125099.77,2645.01,D010,Bookseller,2024-07-12
EMP00447,81478.03,10522.04,D020,"Lecturer, higher education",2023-08-28
EMP00448,129782.51,5450.4,D015,Housing manager/officer,2025-03-18
EMP00449,127368.59,17424.02,D005,Paediatric nurse,2025-11-17
EMP00450,119307.8,11994.13,D005,"Engineer, control and instrumentation",2024-10-27
EMP00451,119732.3,22461.88,D006,Learning mentor,2026-03-06
EMP00452,113775.18,13008.06,D011,Community arts worker,2023-08-10
EMP00453,124883.46,6377.97,D009,"Psychologist, occupational",2025-07-26
EMP00454,130185.29,25571.8,D017,Intelligence analyst,2024-03-30
EMP00455,75682.78,7405.92,D003,"Research officer, trade union",2024-08-30
EMP00456,107209.25,10028.03,D004,"Engineer, electronics",2024-04-24
EMP00457,108311.61,20991.64,D017,Interior and spatial designer,2025-08-23
EMP00458,93727.08,17942.71,D011,Broadcast journalist,2025-12-29
EMP00459,93222.13,661.28,D018,"Scientist, biomedical",2023-08-14
EMP00460,85679.05,4328.63,D005,Medical technical officer,2024-05-04
EMP00461,66321.19,996.31,D002,Clinical cytogeneticist,2025-03-23
EMP00462,110082.27,3535.13,D016,Restaurant manager,2024-03-15
EMP00463,93995.13,16772.01,D018,Occupational hygienist,2026-02-21
EMP00464,92876.24,15169.8,D012,"Teacher, adult education",2025-02-25
EMP00465,113409.57,2080.35,D012,Nature conservation officer,2026-02-19
EMP00466,44807.7,2758.76,D012,Mechanical engineer,2026-04-03
EMP00467,94893.22,2148.55,D014,Systems developer,2026-04-15
EMP00468,110859.72,8142.51,D009,Media planner,2025-01-23
EMP00469,143530.32,26595.41,D006,TEFL teacher,2026-05-31
EMP00470,102745.27,17774.11,D011,Osteopath,2024-01-19
EMP00471,129696.62,12694.17,D017,Land,2024-07-14
EMP00472,138541.63,12709.68,D004,Paramedic,2026-01-31
EMP00473,102340.06,15864.63,D006,"Administrator, charities/voluntary organisations",2024-09-16
EMP00474,69914.89,1791.79,D002,Architectural technologist,2024-02-20
EMP00475,95127.5,6352.16,D006,Estate manager/land agent,2026-01-27
EMP00476,129083.4,25594.12,D005,English as a foreign language teacher,2025-04-21
EMP00477,139234.06,16150.15,D008,Product/process development scientist,2024-03-01
EMP00478,62189.47,496.16,D005,International aid/development worker,2024-07-16
EMP00479,97065.75,10945.9,D011,"Designer, exhibition/display",2026-03-31
EMP00480,80217.49,3313.77,D015,"Education officer, environmental",2026-06-14
EMP00481,78955.26,11053.26,D011,"Teacher, early years/pre",2025-04-08
EMP00482,108546.28,16052.78,D015,Nutritional therapist,2024-12-16
EMP00483,106679.32,3888.81,D009,Glass blower/designer,2024-02-27
EMP00484,52484.58,6115.36,D011,"Scientist, clinical (histocompatibility and immunogenetics)",2025-02-28
EMP00485,155978.97,16527.71,D003,Furniture conservator/restorer,2025-01-06
EMP00486,116073.87,18734.7,D019,Counselling psychologist,2026-01-26
EMP00487,135241.14,8695.08,D015,Chartered management accountant,2025-01-20
EMP00488,93522.16,11653.26,D006,Actuary,2025-10-21
EMP00489,114864.2,11562.89,D009,"Surveyor, rural practice",2026-02-27
EMP00490,114416.99,11593.26,D006,"Designer, jewellery",2024-04-09
EMP00491,117124.98,8119.09,D019,Educational psychologist,2025-02-03
EMP00492,94641.56,746.07,D001,Conference centre manager,2023-11-25
EMP00493,86979.11,11161.3,D012,"Journalist, magazine",2025-08-05
EMP00494,111711.15,18722.23,D006,Chief Executive Officer,2026-06-06
EMP00495,119453.32,9369.12,D017,Geochemist,2023-09-20
EMP00496,115421.02,22225.3,D001,Lexicographer,2024-01-11
EMP00497,112180.45,14970.94,D018,Manufacturing engineer,2025-11-20
EMP00498,145082.12,4721.06,D001,Quantity surveyor,2025-09-28
EMP00499,135455.15,4101.24,D009,Theatre manager,2024-05-19
EMP00500,90122.49,17846.46,D019,"Merchandiser, retail",2025-06-18
EMP00501,72357.11,2797.71,D017,"Engineer, civil (consulting)",2026-02-08
EMP00502,113118.14,15210.16,D008,Professor Emeritus,2024-02-24
EMP00503,146888.63,28465.61,D009,"Conservator, furniture",2025-11-28
EMP00504,134501.11,20518.37,D019,Event organiser,2025-01-16
EMP00505,105312.98,6488.81,D007,Radio producer,2025-12-10
EMP00506,85539.76,2421.13,D014,Occupational psychologist,2024-03-13
EMP00507,90712.46,6444.07,D017,Patent attorney,2023-12-29
EMP00508,87524.11,446.16,D003,Armed forces technical officer,2024-04-15
EMP00509,140037.64,19814.77,D003,Government social research officer,2025-07-13
EMP00510,106250.82,17685.35,D003,Building control surveyor,2025-05-14
EMP00511,87262.52,8546.05,D009,Higher education careers adviser,2024-07-03
EMP00512,140989.68,17002.76,D001,Cytogeneticist,2024-12-19
EMP00513,80160.74,1047.24,D003,"Pilot, airline",2023-10-25
EMP00514,54850.85,10753.2,D013,Information systems manager,2025-10-04
EMP00515,85948.03,8881.77,D003,"Engineer, site",2026-04-25
EMP00516,104438.43,11712.48,D017,Barista,2023-09-26
EMP00517,96064.33,3128.93,D008,Electrical engineer,2025-08-27
EMP00518,104211.99,3680.18,D019,Water engineer,2025-09-22
EMP00519,121572.01,15029.79,D017,Public house manager,2025-02-17
EMP00520,102943.38,6451.44,D012,Armed forces training and education officer,2026-03-12
EMP00521,77560.98,13782.23,D017,Sports administrator,2026-04-13
EMP00522,72490.22,1471.48,D016,Careers adviser,2025-04-10
EMP00523,109907.62,19727.24,D006,English as a second language teacher,2025-05-19
EMP00524,95394.59,15708.18,D012,"Radiographer, therapeutic",2024-01-28
EMP00525,98974.66,5151.79,D009,"Designer, fashion/clothing",2025-05-22
EMP00526,96522.19,404.53,D007,Editorial assistant,2026-05-25
EMP00527,88960.1,810.26,D009,Therapeutic radiographer,2024-05-08
EMP00528,121323.12,10979.37,D011,"Surveyor, land/geomatics",2025-12-09
EMP00529,120248.65,13159.88,D001,Customer service manager,2025-09-28
EMP00530,122826.03,18281.82,D005,Community development worker,2025-03-14
EMP00531,115380.51,21746.83,D012,"Administrator, sports",2024-03-13
EMP00532,138617.62,4458.02,D020,Water quality scientist,2024-12-15
EMP00533,153270.41,14127.82,D020,"Engineer, control and instrumentation",2024-09-02
EMP00534,40000.0,489.73,D011,Medical illustrator,2025-09-04
EMP00535,100511.28,17218.58,D019,Database administrator,2026-06-11
EMP00536,133143.83,5758.32,D014,Insurance risk surveyor,2023-11-01
EMP00537,127350.82,6307.41,D010,Energy manager,2025-05-25
EMP00538,99697.58,4863.52,D018,Trading standards officer,2024-07-26
EMP00539,88502.21,13193.91,D005,"Designer, ceramics/pottery",2024-07-01
EMP00540,80246.07,5636.15,D009,Dietitian,2024-08-05
EMP00541,105639.44,16557.59,D004,Training and development officer,2025-11-04
EMP00542,156443.95,9131.14,D019,Merchant navy officer,2025-08-08
EMP00543,117266.53,9247.03,D005,Amenity horticulturist,2026-01-08
EMP00544,104746.3,20639.08,D012,Chartered loss adjuster,2025-06-16
EMP00545,118968.29,8178.09,D014,Industrial/product designer,2025-02-28
EMP00546,127095.27,23551.81,D008,Tax inspector,2025-11-28
EMP00547,109076.43,15304.07,D018,"Nurse, mental health",2026-01-25
EMP00548,98813.57,5852.22,D013,Contracting civil engineer,2024-05-27
EMP00549,178952.42,24539.0,D007,"Surveyor, hydrographic",2024-04-27
EMP00550,96203.22,13416.04,D007,Gaffer,2023-12-27
EMP00551,74672.34,12468.06,D014,Agricultural engineer,2024-07-21
EMP00552,81745.19,12073.79,D010,Psychiatrist,2025-04-02
EMP00553,106322.91,15110.16,D016,Podiatrist,2024-09-20
EMP00554,66031.72,9962.54,D001,"Therapist, art",2026-02-27
EMP00555,112030.62,19076.12,D011,Land/geomatics surveyor,2024-07-20
EMP00556,106874.53,14659.49,D014,"Engineer, civil (consulting)",2025-05-18
EMP00557,129534.68,13080.01,D008,Toxicologist,2025-03-11
EMP00558,110789.99,14433.61,D001,Audiological scientist,2023-11-21
EMP00559,134694.5,23006.54,D019,Sports administrator,2023-10-12
EMP00560,106281.07,154.87,D006,Psychotherapist,2025-03-31
EMP00561,94300.97,814.74,D014,Solicitor,2024-09-09
EMP00562,160640.48,16352.23,D008,"Engineer, petroleum",2023-11-05
EMP00563,114991.06,3003.63,D014,Hospital pharmacist,2023-10-24
EMP00564,99098.23,5729.96,D019,Research scientist (physical sciences),2025-07-31
EMP00565,79524.27,8679.62,D008,Operational researcher,2023-08-17
EMP00566,52168.59,7137.9,D007,"Programmer, systems",2025-02-21
EMP00567,125372.56,989.16,D007,Youth worker,2026-06-11
EMP00568,128354.01,23089.3,D003,Aeronautical engineer,2025-07-03
EMP00569,115850.73,8339.28,D010,Arts administrator,2024-04-30
EMP00570,95265.08,16237.54,D011,Primary school teacher,2025-12-12
EMP00571,84961.08,734.38,D016,Risk analyst,2025-07-07
EMP00572,91359.6,8520.57,D016,"Designer, furniture",2025-05-12
EMP00573,98556.23,11517.11,D007,Insurance risk surveyor,2026-08-04
EMP00574,157437.28,25400.17,D019,Immunologist,2025-04-05
EMP00575,114552.67,13913.53,D002,Oceanographer,2023-10-01
EMP00576,54001.88,3414.09,D006,Plant breeder/geneticist,2024-02-20
EMP00577,158028.38,20645.88,D008,"Nurse, children's",2024-02-03
EMP00578,122767.29,23284.39,D020,Multimedia programmer,2024-12-11
EMP00579,100310.49,4195.73,D017,Translator,2024-06-20
EMP00580,93861.99,15060.14,D012,Insurance broker,2024-04-20
EMP00581,95492.89,9461.75,D013,"Surveyor, planning and development",2025-09-27
EMP00582,84116.58,9046.99,D005,Environmental education officer,2023-08-16
EMP00583,114155.29,14775.21,D001,Plant breeder/geneticist,2026-02-20
EMP00584,151860.91,25822.16,D016,"Accountant, chartered management",2024-06-18
EMP00585,122359.02,21861.95,D013,Systems analyst,2023-12-10
EMP00586,90018.97,13322.3,D008,Insurance broker,2024-09-11
EMP00587,81230.15,3723.81,D020,"Engineer, materials",2026-05-23
EMP00588,128352.77,18191.85,D012,"Scientist, marine",2026-02-16
EMP00589,124353.68,7106.43,D009,Osteopath,2026-01-21
EMP00590,131455.17,22084.16,D014,Risk analyst,2024-05-17
EMP00591,111459.91,18513.75,D009,"Designer, interior/spatial",2026-02-09
EMP00592,74188.19,10108.2,D015,Market researcher,2025-09-16
EMP00593,89697.67,8570.54,D003,"Administrator, sports",2025-11-16
EMP00594,117046.26,15677.23,D017,Senior tax professional/tax inspector,2026-06-02
EMP00595,106693.91,11338.16,D020,"Journalist, newspaper",2023-08-24
EMP00596,76894.77,3102.9,D001,Legal executive,2026-01-09
EMP00597,101332.74,12981.2,D019,TEFL teacher,2025-04-20
EMP00598,91748.15,12821.13,D019,"Education officer, community",2026-02-11
EMP00599,144400.88,1738.99,D020,"Lecturer, higher education",2023-08-15
EMP00600,117590.46,21222.25,D008,Physiotherapist,2025-12-29
EMP00601,130831.84,9400.49,D018,Diagnostic radiographer,2025-09-11
EMP00602,111332.6,5341.15,D015,"Teacher, English as a foreign language",2024-09-06
EMP00603,81571.05,8327.38,D008,Publishing rights manager,2024-11-03
EMP00604,95172.9,2018.79,D004,Educational psychologist,2024-06-08
EMP00605,114687.19,10172.21,D006,Multimedia programmer,2024-03-06
EMP00606,107819.44,13257.31,D007,Museum/gallery conservator,2025-01-30
EMP00607,119300.66,6850.15,D018,Systems developer,2025-05-14
EMP00608,133779.79,1046.39,D015,Dancer,2025-08-18
EMP00609,126678.3,19154.66,D017,"Engineer, materials",2025-01-09
EMP00610,153508.86,14717.46,D020,Customer service manager,2025-01-25
EMP00611,104947.02,19582.98,D018,Land,2024-10-31
EMP00612,143957.42,5018.48,D010,Product/process development scientist,2024-05-26
EMP00613,113649.36,19817.1,D014,"Designer, interior/spatial",2024-06-09
EMP00614,45871.49,2263.49,D017,Ranger/warden,2023-09-12
EMP00615,135969.5,12586.82,D007,Financial risk analyst,2024-05-22
EMP00616,113021.17,5237.05,D020,Industrial buyer,2025-05-19
EMP00617,131048.64,15511.85,D004,Passenger transport manager,2025-07-19
EMP00618,96582.7,9791.11,D009,"Sound technician, broadcasting/film/video",2023-12-15
EMP00619,105766.86,3249.02,D020,Trading standards officer,2024-02-10
EMP00620,77197.09,10520.53,D009,Diagnostic radiographer,2025-10-19
EMP00621,104046.88,14891.12,D002,Public librarian,2026-03-03
EMP00622,94764.68,4205.95,D019,Automotive engineer,2026-02-13
EMP00623,148461.79,17012.16,D020,Geophysicist/field seismologist,2026-06-17
EMP00624,82610.36,13406.25,D016,"Psychologist, sport and exercise",2025-03-23
EMP00625,81518.42,13159.29,D020,"Editor, film/video",2024-07-15
EMP00626,135784.6,4626.87,D005,"Engineer, automotive",2026-01-05
EMP00627,124531.79,1073.98,D001,Financial adviser,2024-09-15
EMP00628,112229.92,15532.49,D001,Forensic scientist,2025-05-24
EMP00629,127619.49,9443.3,D005,Food technologist,2024-07-30
EMP00630,57752.41,7569.86,D008,Planning and development surveyor,2026-07-11
EMP00631,124049.22,9968.81,D003,Pension scheme manager,2023-10-20
EMP00632,89479.3,17886.47,D007,Occupational therapist,2024-06-13
EMP00633,101812.38,10729.09,D019,Civil Service fast streamer,2025-01-05
EMP00634,146266.46,10577.47,D010,Armed forces training and education officer,2026-07-17
EMP00635,95158.72,11075.25,D001,Manufacturing engineer,2024-01-26
EMP00636,86693.76,1570.49,D009,Chiropodist,2024-09-04
EMP00637,102950.09,6924.82,D018,Hydrogeologist,2025-07-04
EMP00638,77464.97,11215.43,D004,Tour manager,2026-05-09
EMP00639,118808.09,10850.15,D012,Nature conservation officer,2025-08-24
EMP00640,138776.25,20597.81,D008,Chartered loss adjuster,2024-09-19
EMP00641,127350.41,11838.13,D004,Sports coach,2024-02-02
EMP00642,116326.81,19065.61,D015,Art therapist,2024-06-27
EMP00643,147089.55,7737.02,D018,Multimedia specialist,2024-07-07
EMP00644,62300.85,992.04,D010,Scientific laboratory technician,2023-08-26
EMP00645,149907.38,27623.98,D011,Occupational hygienist,2023-10-06
EMP00646,128529.17,20770.43,D018,Dispensing optician,2023-12-01
EMP00647,88984.35,13464.87,D010,Retail buyer,2024-02-20
EMP00648,99534.79,11884.45,D011,Stage manager,2024-09-02
EMP00649,90693.95,4171.78,D009,Nature conservation officer,2024-12-10
EMP00650,58792.95,11245.86,D011,"Scientist, product/process development",2025-02-22
EMP00651,72837.11,8771.98,D018,"Scientist, research (maths)",2026-07-03
EMP00652,125674.81,13114.4,D012,Public affairs consultant,2025-06-02
EMP00653,124158.83,7101.85,D005,Warden/ranger,2026-07-26
EMP00654,145032.72,21711.96,D008,"Doctor, general practice",2025-11-28
EMP00655,122408.72,9579.08,D007,Glass blower/designer,2024-08-13
EMP00656,108591.67,5497.04,D006,Fitness centre manager,2025-03-10
EMP00657,128359.18,16175.76,D009,Trade mark attorney,2024-01-12
EMP00658,84062.9,2233.54,D003,Forest/woodland manager,2026-07-25
EMP00659,119496.29,19164.49,D011,Advertising account executive,2026-03-19
EMP00660,50247.83,4929.76,D011,Financial trader,2025-05-04
EMP00661,100664.44,14799.19,D003,Writer,2026-04-16
EMP00662,195733.93,13488.98,D015,Media buyer,2025-07-19
EMP00663,91833.41,11424.86,D012,Charity officer,2024-04-25
EMP00664,110479.9,6325.69,D019,"Scientist, product/process development",2025-12-08
EMP00665,119830.32,1247.72,D004,Physiotherapist,2025-03-22
EMP00666,105930.39,14151.12,D008,Wellsite geologist,2023-08-11
EMP00667,124257.35,21987.12,D014,Jewellery designer,2024-03-15
EMP00668,95824.97,10476.17,D001,Pensions consultant,2026-03-29
EMP00669,49779.31,870.17,D001,Chartered legal executive (England and Wales),2024-05-08
EMP00670,80536.4,1551.91,D010,Event organiser,2024-10-17
EMP00671,85331.99,12591.93,D016,Hydrographic surveyor,2024-09-12
EMP00672,152558.84,26358.27,D005,Government social research officer,2026-01-17
EMP00673,103369.41,19010.13,D001,Art gallery manager,2026-03-12
EMP00674,131626.1,19205.78,D013,"Surveyor, mining",2025-12-25
EMP00675,118591.72,10132.23,D011,"Sound technician, broadcasting/film/video",2026-03-30
EMP00676,171628.83,13451.38,D004,Estate agent,2026-04-02
EMP00677,112808.44,6244.56,D013,Farm manager,2023-11-19
EMP00678,76894.54,10441.11,D001,Chiropractor,2023-10-11
EMP00679,127245.61,8154.97,D020,Sport and exercise psychologist,2024-07-17
EMP00680,102813.09,7401.73,D011,Firefighter,2023-10-05
EMP00681,113598.24,4681.68,D003,Sport and exercise psychologist,2024-10-13
EMP00682,141099.84,22100.2,D013,Air broker,2025-01-08
EMP00683,118698.56,21802.41,D015,Community development worker,2023-10-26
EMP00684,77231.02,4785.57,D019,Nutritional therapist,2023-09-03
EMP00685,75323.15,6276.58,D019,TEFL teacher,2024-05-31
EMP00686,84498.33,14925.7,D009,"Engineer, aeronautical",2026-01-03
EMP00687,132040.55,8785.53,D011,"Geologist, wellsite",2025-03-21
EMP00688,96818.69,5743.1,D013,"Psychotherapist, child",2024-05-12
EMP00689,103952.62,13548.03,D004,Petroleum engineer,2025-08-22
EMP00690,184365.47,26875.07,D018,Textile designer,2024-08-28
EMP00691,141596.13,591.72,D012,Broadcast journalist,2024-11-22
EMP00692,101316.67,5802.97,D012,Control and instrumentation engineer,2025-10-07
EMP00693,116233.21,2595.05,D010,"Engineer, electronics",2025-06-04
EMP00694,129603.61,1307.2,D004,"Research officer, political party",2026-04-03
EMP00695,88797.02,4168.34,D011,"Research officer, political party",2025-09-13
EMP00696,152614.09,1476.96,D013,Town planner,2024-05-28
EMP00697,61357.75,5154.77,D009,Firefighter,2024-01-26
EMP00698,102936.44,9100.2,D016,Travel agency manager,2024-10-16
EMP00699,134292.33,18413.16,D006,Structural engineer,2024-09-04
EMP00700,98374.58,17762.25,D005,"Accountant, chartered",2023-09-28
EMP00701,120668.57,24088.84,D019,"Chemist, analytical",2025-03-18
EMP00702,91905.35,11878.31,D011,"Designer, industrial/product",2026-05-06
EMP00703,75064.82,2915.63,D007,"Designer, jewellery",2024-01-26
EMP00704,146771.83,10022.7,D001,Air broker,2024-02-16
EMP00705,89879.33,13129.8,D003,Camera operator,2024-09-20
EMP00706,100842.78,13220.96,D015,Musician,2024-06-26
EMP00707,99360.07,15193.21,D001,"Engineer, structural",2025-07-09
EMP00708,77797.04,12180.74,D007,Chief Operating Officer,2024-05-12
EMP00709,99502.59,5397.65,D012,Retail banker,2026-06-12
EMP00710,83742.1,5564.25,D019,Medical technical officer,2024-09-02
EMP00711,135247.46,10710.4,D014,Education administrator,2024-12-30
EMP00712,114634.26,13011.6,D005,Airline pilot,2025-03-20
EMP00713,110034.77,3474.95,D018,Accounting technician,2025-01-25
EMP00714,66015.64,12257.66,D015,"Designer, ceramics/pottery",2025-01-05
EMP00715,91572.45,11993.7,D005,Financial adviser,2025-10-04
EMP00716,114377.95,4133.7,D005,TEFL teacher,2026-03-10
EMP00717,90321.68,8917.01,D002,Child psychotherapist,2025-09-24
EMP00718,67117.79,6225.5,D011,Medical physicist,2025-11-03
EMP00719,115568.09,14639.3,D005,"Designer, blown glass/stained glass",2024-10-22
EMP00720,99438.96,3705.14,D004,"Engineer, technical sales",2026-05-17
EMP00721,136789.2,16912.28,D015,"Buyer, industrial",2026-02-17
EMP00722,80665.37,13334.85,D013,"Engineer, broadcasting (operations)",2023-10-10
EMP00723,111676.12,7051.26,D010,Financial manager,2023-12-19
EMP00724,103013.02,15336.86,D004,Nutritional therapist,2024-06-26
EMP00725,109044.41,6296.92,D020,"Engineer, water",2023-12-05
EMP00726,108885.43,73.15,D009,Broadcast engineer,2024-09-11
EMP00727,57552.94,5289.84,D009,"Horticulturist, amenity",2024-01-15
EMP00728,50381.06,7263.68,D019,"Accountant, chartered management",2024-10-27
EMP00729,135167.07,2048.15,D003,"Therapist, horticultural",2025-02-22
EMP00730,94871.23,11211.78,D014,Surgeon,2024-07-25
EMP00731,132863.89,21103.68,D015,"Editor, film/video",2025-01-06
EMP00732,131509.94,16602.09,D017,Cartographer,2025-03-23
EMP00733,111795.76,9982.47,D016,Diplomatic Services operational officer,2023-09-24
EMP00734,93455.57,79.77,D012,Radio producer,2025-08-28
EMP00735,111735.37,15582.47,D008,Armed forces technical officer,2024-08-19
EMP00736,129306.52,19770.78,D019,"Education officer, museum",2026-03-17
EMP00737,52409.05,3218.55,D013,Financial risk analyst,2025-08-28
EMP00738,107024.29,10376.59,D005,Community education officer,2023-11-27
EMP00739,97543.04,9065.24,D005,Stage manager,2024-04-22
EMP00740,87234.78,3153.22,D020,"Therapist, nutritional",2024-04-28
EMP00741,52221.88,4719.33,D010,Physiological scientist,2026-01-21
EMP00742,104408.18,19430.29,D013,Radio broadcast assistant,2025-11-19
EMP00743,134698.77,9411.84,D016,"Embryologist, clinical",2024-03-02
EMP00744,125938.63,18590.03,D016,Animal nutritionist,2024-12-25
EMP00745,157149.48,15582.91,D015,"Clinical scientist, histocompatibility and immunogenetics",2026-03-27
EMP00746,64436.59,2942.44,D019,"Education officer, museum",2025-12-22
EMP00747,72757.0,12746.18,D006,Writer,2024-10-11
EMP00748,77514.36,7468.3,D002,Magazine features editor,2023-12-05
EMP00749,81322.32,3985.26,D016,Trade mark attorney,2025-03-28
EMP00750,99077.38,5181.79,D003,Adult nurse,2025-10-03
EMP00751,102709.72,311.74,D001,Financial risk analyst,2025-02-03
EMP00752,115632.87,361.94,D010,Chief Technology Officer,2026-01-10
EMP00753,138629.62,4455.14,D004,"Programmer, multimedia",2024-08-29
EMP00754,59484.29,11106.5,D020,"Radiographer, diagnostic",2024-08-21
EMP00755,146243.97,544.4,D004,IT consultant,2024-04-23
EMP00756,107924.44,3872.43,D011,Oceanographer,2024-11-11
EMP00757,134166.82,9521.15,D013,Teaching laboratory technician,2026-01-17
EMP00758,118971.12,8494.02,D012,"Administrator, education",2023-11-02
EMP00759,158616.5,2600.71,D016,Actor,2025-06-05
EMP00760,131559.27,16966.46,D014,"Accountant, chartered public finance",2024-04-22
EMP00761,151408.11,13812.54,D008,Civil Service fast streamer,2023-10-08
EMP00762,102442.92,1312.26,D007,Television camera operator,2026-07-15
EMP00763,59026.41,5545.72,D010,Cartographer,2026-02-22
EMP00764,104467.58,18502.2,D007,"Psychologist, educational",2025-05-20
EMP00765,148798.67,2186.54,D004,Mudlogger,2026-01-17
EMP00766,137750.35,12342.33,D002,"Lighting technician, broadcasting/film/video",2024-11-15
EMP00767,113225.53,15147.55,D014,"Engineer, petroleum",2025-01-08
EMP00768,141636.49,20715.75,D017,Ecologist,2024-11-22
EMP00769,100465.0,15942.65,D010,Hospital pharmacist,2025-07-19
EMP00770,82933.47,7747.49,D002,Insurance broker,2025-12-08
EMP00771,58056.35,7580.73,D015,Senior tax professional/tax inspector,2025-01-18
EMP00772,87403.73,1559.97,D020,Field trials officer,2023-10-16
EMP00773,126464.4,14366.3,D015,Furniture designer,2025-08-27
EMP00774,85702.03,7693.49,D020,Engineering geologist,2024-10-15
EMP00775,123112.57,13114.08,D010,"Sales professional, IT",2025-05-04
EMP00776,122137.89,12421.49,D013,Quarry manager,2026-01-06
EMP00777,165390.93,19655.84,D017,Clothing/textile technologist,2023-09-13
EMP00778,145217.23,24744.65,D014,Microbiologist,2024-08-23
EMP00779,78524.04,9485.49,D014,"Buyer, industrial",2025-08-17
EMP00780,139074.06,5883.36,D008,Intelligence analyst,2024-06-13
EMP00781,127983.2,12527.3,D019,Higher education careers adviser,2024-01-03
EMP00782,115250.93,17803.41,D008,"Research officer, government",2025-11-08
EMP00783,63442.66,6365.33,D013,Industrial buyer,2025-12-13
EMP00784,164321.99,26118.6,D005,"Presenter, broadcasting",2024-12-08
EMP00785,127408.55,14098.1,D006,Water engineer,2025-09-07
EMP00786,133001.96,23608.42,D006,Commercial art gallery manager,2026-05-15
EMP00787,101885.39,6096.91,D017,Clothing/textile technologist,2026-07-25
EMP00788,80712.38,7889.37,D017,"Psychologist, occupational",2026-02-11
EMP00789,98769.06,5864.99,D006,Barrister,2026-06-11
EMP00790,141244.18,6550.09,D017,Sub,2026-06-30
EMP00791,111247.44,1028.19,D009,Production manager,2024-05-02
EMP00792,113383.04,1440.27,D005,"Administrator, arts",2024-10-17
EMP00793,118542.08,11237.56,D011,Contracting civil engineer,2024-12-20
EMP00794,65525.67,6788.84,D006,Radiation protection practitioner,2024-11-14
EMP00795,100089.46,18240.71,D009,Counsellor,2024-04-08
EMP00796,101029.13,17999.16,D009,Site engineer,2023-09-24
EMP00797,123692.18,11061.03,D011,Electronics engineer,2025-11-20
EMP00798,142984.45,7989.24,D003,Amenity horticulturist,2026-01-15
EMP00799,131271.24,23557.34,D003,Forest/woodland manager,2025-01-14
EMP00800,77585.84,7946.86,D016,Astronomer,2025-05-26
EMP00801,123323.71,19059.3,D003,Armed forces training and education officer,2025-09-21
EMP00802,112096.88,12831.75,D011,Youth worker,2024-04-02
EMP00803,60544.28,3016.36,D015,Field seismologist,2026-07-07
EMP00804,77803.69,4234.91,D010,"Scientist, product/process development",2025-05-23
EMP00805,142089.94,12595.62,D001,Acupuncturist,2023-10-29
EMP00806,115550.37,11157.69,D005,Sports administrator,2025-01-31
EMP00807,80965.77,151.62,D001,"Engineer, drilling",2024-02-13
EMP00808,108549.53,2104.53,D016,Heritage manager,2026-07-23
EMP00809,120395.79,1162.97,D010,Tax inspector,2024-04-18
EMP00810,114717.66,22244.62,D003,Clothing/textile technologist,2026-01-17
EMP00811,121856.51,14913.71,D015,Editorial assistant,2026-07-22
EMP00812,97828.92,18664.76,D004,"Engineer, energy",2024-08-16
EMP00813,116007.32,2928.77,D006,Diplomatic Services operational officer,2025-09-26
EMP00814,72853.23,7201.0,D018,"Clinical scientist, histocompatibility and immunogenetics",2024-07-01
EMP00815,110849.99,11028.87,D020,Museum/gallery conservator,2023-11-01
EMP00816,89461.74,12586.85,D006,"Administrator, charities/voluntary organisations",2026-01-26
EMP00817,170380.43,8580.48,D020,Agricultural consultant,2025-05-30
EMP00818,95885.86,12149.16,D020,Minerals surveyor,2025-03-30
EMP00819,97641.37,5168.7,D013,Tourism officer,2023-10-13
EMP00820,77332.24,5288.62,D002,"Engineer, site",2024-02-12
EMP00821,76150.58,8369.05,D002,"Editor, magazine features",2026-01-21
EMP00822,99976.03,1637.29,D010,Geochemist,2026-03-08
EMP00823,138915.33,14702.38,D006,Call centre manager,2024-01-28
EMP00824,132110.18,16937.19,D005,Sports coach,2025-08-24
EMP00825,71242.6,12709.05,D004,Facilities manager,2025-02-14
EMP00826,153597.74,7760.3,D009,Corporate treasurer,2026-02-20
EMP00827,136436.32,9057.36,D011,Maintenance engineer,2025-10-07
EMP00828,127431.52,880.61,D004,"Embryologist, clinical",2026-04-03
EMP00829,99683.38,18221.8,D011,"Production designer, theatre/television/film",2023-10-04
EMP00830,96545.41,6535.5,D018,Music tutor,2025-03-02
EMP00831,86421.87,16427.28,D014,"Designer, multimedia",2025-12-16
EMP00832,115733.26,9537.79,D015,Media planner,2025-08-06
EMP00833,83537.09,7739.78,D015,Data scientist,2023-12-06
EMP00834,146680.77,9007.71,D017,Archivist,2025-03-07
EMP00835,61569.17,10.83,D011,"Development worker, community",2024-10-21
EMP00836,91209.49,12533.62,D014,Chartered management accountant,2026-01-30
EMP00837,119237.05,1129.81,D018,English as a second language teacher,2024-12-04
EMP00838,106043.5,5471.06,D003,Clinical research associate,2025-08-01
EMP00839,102591.52,543.5,D002,Child psychotherapist,2026-07-21
EMP00840,65432.14,12578.97,D013,Press sub,2025-02-22
EMP00841,108510.12,5696.14,D005,"Psychologist, sport and exercise",2024-06-11
EMP00842,120757.37,3542.49,D011,"Surveyor, rural practice",2025-04-29
EMP00843,124630.66,2476.47,D004,Logistics and distribution manager,2023-08-18
EMP00844,111664.06,16717.27,D010,Horticultural therapist,2025-03-04
EMP00845,105761.01,9326.48,D015,Diagnostic radiographer,2026-07-28
EMP00846,112492.26,21887.67,D010,Seismic interpreter,2025-06-26
EMP00847,93386.41,8028.21,D006,"Engineer, structural",2025-07-06
EMP00848,96891.99,11764.77,D010,Diplomatic Services operational officer,2026-06-14
EMP00849,99735.46,19509.82,D017,Nature conservation officer,2025-04-09
EMP00850,40000.0,4112.13,D018,"Research officer, political party",2026-03-05
EMP00851,93904.93,11859.14,D013,Aid worker,2026-03-07
EMP00852,71207.72,5447.5,D009,Chiropractor,2025-06-23
EMP00853,104481.32,12280.74,D019,Charity officer,2024-02-08
EMP00854,70938.57,12172.27,D003,Oncologist,2026-02-10
EMP00855,81158.3,8517.49,D016,Product designer,2023-08-23
EMP00856,114877.41,12781.07,D016,Risk analyst,2024-05-25
EMP00857,117581.75,22896.25,D014,Clinical psychologist,2026-07-21
EMP00858,110871.21,7820.43,D004,"Clinical scientist, histocompatibility and immunogenetics",2024-06-15
EMP00859,112495.99,6182.35,D012,Police officer,2026-05-25
EMP00860,108565.02,19820.07,D015,Psychotherapist,2025-03-18
EMP00861,122336.4,3622.32,D018,Software engineer,2025-05-25
EMP00862,146066.17,19962.09,D015,Paramedic,2025-05-29
EMP00863,144118.87,24451.36,D001,Control and instrumentation engineer,2025-12-25
EMP00864,106749.64,21201.13,D005,"Therapist, sports",2024-11-20
EMP00865,108530.2,4849.22,D007,Actor,2026-04-21
EMP00866,99212.86,9213.62,D006,Editorial assistant,2026-01-26
EMP00867,78771.3,9275.1,D004,IT consultant,2026-08-01
EMP00868,118845.38,15801.16,D014,Chief Operating Officer,2024-01-26
EMP00869,134630.06,3990.96,D013,"Lecturer, further education",2023-12-10
EMP00870,106729.01,4207.64,D016,Energy engineer,2024-10-12
EMP00871,92878.46,403.98,D011,"Runner, broadcasting/film/video",2025-10-30
EMP00872,105971.56,8721.09,D018,Occupational psychologist,2025-06-18
EMP00873,123794.13,17347.34,D008,Furniture conservator/restorer,2025-03-04
EMP00874,116369.48,7614.54,D012,"Doctor, general practice",2023-08-21
EMP00875,55032.15,9283.26,D004,Podiatrist,2026-05-14
EMP00876,81174.75,3910.88,D004,Probation officer,2024-01-06
EMP00877,115146.99,18139.28,D019,Facilities manager,2024-08-07
EMP00878,122407.59,11176.85,D002,"Administrator, sports",2026-04-11
EMP00879,135936.8,25293.64,D019,"Doctor, hospital",2026-04-14
EMP00880,128833.13,20116.57,D008,Dramatherapist,2025-04-26
EMP00881,157536.9,19383.15,D012,Architect,2023-11-27
EMP00882,80675.04,7059.57,D017,Volunteer coordinator,2026-07-15
EMP00883,68053.0,12957.63,D006,"Teacher, secondary school",2026-02-28
EMP00884,116523.69,22674.19,D005,Hydrographic surveyor,2026-06-19
EMP00885,112668.77,401.59,D019,Charity officer,2024-05-01
EMP00886,105136.03,9227.36,D008,Radiation protection practitioner,2026-05-25
EMP00887,163328.29,5632.44,D015,Lexicographer,2024-06-11
EMP00888,105196.49,2483.11,D006,"Engineer, manufacturing",2023-11-01
EMP00889,123728.46,2775.03,D001,Advice worker,2024-09-16
EMP00890,81184.56,2170.82,D013,Heritage manager,2023-08-23
EMP00891,117401.03,6109.13,D014,"Administrator, charities/voluntary organisations",2024-11-20
EMP00892,106569.22,10396.51,D001,Media planner,2024-06-03
EMP00893,69381.03,134.31,D001,"Engineer, civil (consulting)",2023-09-22
EMP00894,136037.34,9573.75,D008,Careers adviser,2025-07-30
EMP00895,114088.13,10862.35,D013,Translator,2023-11-03
EMP00896,109723.56,2718.2,D017,"Scientist, research (maths)",2025-06-20
EMP00897,121138.99,23115.13,D010,Health visitor,2024-08-24
EMP00898,135321.02,4588.56,D006,Cabin crew,2024-06-01
EMP00899,174973.37,32952.5,D016,"Biochemist, clinical",2024-05-25
EMP00900,86070.01,5871.67,D011,"Lighting technician, broadcasting/film/video",2023-08-22
EMP00901,111245.71,6892.15,D014,Air broker,2025-12-12
EMP00902,48767.9,7926.51,D020,Product/process development scientist,2024-01-29
EMP00903,108099.66,13736.67,D003,IT trainer,2026-07-05
EMP00904,157800.27,11280.93,D019,IT consultant,2025-03-08
EMP00905,116242.37,13889.19,D013,"Accountant, chartered",2025-02-03
EMP00906,66292.9,6144.36,D017,"Secretary, company",2024-01-14
EMP00907,122074.76,10741.3,D014,Futures trader,2023-09-23
EMP00908,98061.04,12607.31,D006,Retail banker,2025-05-09
EMP00909,59362.51,1742.72,D013,IT consultant,2026-05-23
EMP00910,123179.84,12870.76,D010,"Development worker, community",2023-08-10
EMP00911,127432.49,5573.32,D008,Sports development officer,2024-07-23
EMP00912,118235.8,16329.65,D008,"Horticulturist, amenity",2026-01-08
EMP00913,145194.84,16441.74,D006,Passenger transport manager,2023-09-11
EMP00914,97910.34,16270.72,D018,Recruitment consultant,2025-04-20
EMP00915,98616.6,3495.41,D003,Product manager,2024-01-25
EMP00916,72737.29,6502.23,D019,Biomedical engineer,2023-12-06
EMP00917,110205.65,6075.19,D007,"Exhibitions officer, museum/gallery",2024-04-29
EMP00918,40000.0,7015.79,D019,Research scientist (maths),2026-07-27
EMP00919,110996.72,11466.33,D001,Retail merchandiser,2024-10-21
EMP00920,112695.53,16292.05,D013,Fitness centre manager,2026-01-16
EMP00921,84957.59,15692.93,D003,Press photographer,2025-01-28
EMP00922,111519.73,9208.61,D018,Production engineer,2024-07-12
EMP00923,107722.56,1454.68,D014,Travel agency manager,2025-05-26
EMP00924,74799.99,10763.55,D012,Regulatory affairs officer,2024-11-02
EMP00925,95616.74,16021.11,D015,Artist,2024-09-16
EMP00926,100586.45,995.71,D001,Actor,2025-03-07
EMP00927,161607.25,24462.75,D007,"Surveyor, land/geomatics",2023-10-13
EMP00928,94825.05,3696.91,D013,Ergonomist,2026-01-19
EMP00929,102978.06,17901.07,D010,Aeronautical engineer,2025-08-13
EMP00930,115696.45,5448.87,D004,"Production assistant, television",2023-11-03
EMP00931,87469.35,10917.03,D015,"Nurse, learning disability",2026-03-26
EMP00932,83709.58,14444.81,D003,Government social research officer,2026-04-04
EMP00933,109888.32,18361.35,D016,Hospital pharmacist,2024-12-16
EMP00934,70832.03,4901.08,D001,Architect,2023-12-23
EMP00935,113523.0,15495.62,D009,"Librarian, academic",2023-11-08
EMP00936,116596.88,9479.27,D002,"Sales professional, IT",2024-04-17
EMP00937,148964.11,12272.05,D005,Exhibition designer,2024-05-17
EMP00938,116417.29,9408.84,D019,IT technical support officer,2025-01-01
EMP00939,98922.28,17870.43,D007,Land,2025-08-20
EMP00940,91561.97,1739.02,D004,Actor,2025-08-05
EMP00941,68662.78,13447.21,D007,Chartered accountant,2025-09-01
EMP00942,113457.74,12427.74,D017,Research scientist (medical),2023-08-26
EMP00943,98534.76,7564.32,D002,"Development worker, community",2024-04-23
EMP00944,40000.0,3529.96,D016,Private music teacher,2025-02-26
EMP00945,96004.83,1850.93,D008,Diplomatic Services operational officer,2025-09-15
EMP00946,134641.52,1284.06,D007,"Programme researcher, broadcasting/film/video",2026-06-27
EMP00947,77823.9,9000.3,D003,"Therapist, nutritional",2026-05-24
EMP00948,81651.08,3132.87,D020,Probation officer,2023-09-25
EMP00949,98192.81,10302.26,D009,Financial manager,2026-06-22
EMP00950,120896.95,19941.29,D006,"Copywriter, advertising",2024-07-26
EMP00951,81326.57,2490.57,D003,Sports therapist,2024-10-26
EMP00952,120176.5,17660.98,D006,"Embryologist, clinical",2023-11-09
EMP00953,110437.25,17598.36,D014,Systems analyst,2025-02-19
EMP00954,117609.13,13346.53,D004,Agricultural engineer,2024-08-29
EMP00955,135255.15,15583.86,D016,Commercial/residential surveyor,2024-08-07
EMP00956,112743.87,20092.92,D009,Sports development officer,2025-07-10
EMP00957,134865.79,24533.87,D018,Fashion designer,2025-04-06
EMP00958,120795.94,12616.68,D010,"Conservator, furniture",2026-03-30
EMP00959,163775.75,30614.12,D006,"Administrator, arts",2025-03-02
EMP00960,148977.68,16249.66,D007,Media planner,2023-09-07
EMP00961,86826.53,5835.4,D008,Clinical cytogeneticist,2024-12-31
EMP00962,67105.62,6081.29,D009,Chemical engineer,2024-11-05
EMP00963,65524.78,10199.09,D009,"Designer, industrial/product",2025-06-21
EMP00964,167472.43,23675.54,D015,Biomedical scientist,2023-12-04
EMP00965,59059.54,11362.1,D011,"Engineer, automotive",2025-07-03
EMP00966,123026.34,15255.91,D010,Freight forwarder,2026-04-02
EMP00967,90287.95,14934.48,D010,Air broker,2024-04-04
EMP00968,98341.02,9211.92,D001,Physiotherapist,2025-07-04
EMP00969,116412.9,6064.98,D003,"Engineer, building services",2025-12-01
EMP00970,132664.76,14868.6,D007,Music therapist,2024-04-27
EMP00971,103780.84,313.61,D011,"Social research officer, government",2025-08-18
EMP00972,100907.94,9162.52,D016,Airline pilot,2025-02-21
EMP00973,150360.4,9156.19,D020,"Buyer, industrial",2025-08-24
EMP00974,139701.38,2468.7,D006,Waste management officer,2024-11-19
EMP00975,146114.61,3254.67,D011,"Therapist, occupational",2025-01-23
EMP00976,107247.55,19253.33,D002,Archaeologist,2025-10-07
EMP00977,93513.05,12560.73,D012,Medical physicist,2025-10-05
EMP00978,126327.87,7767.19,D016,Air traffic controller,2024-06-15
EMP00979,121666.76,24306.21,D017,Editorial assistant,2024-12-16
EMP00980,90741.4,5925.91,D006,Immunologist,2024-08-04
EMP00981,94108.41,15398.2,D010,Architectural technologist,2024-06-17
EMP00982,73418.94,14082.63,D004,Oncologist,2025-03-17
EMP00983,103249.65,5049.36,D002,International aid/development worker,2024-04-29
EMP00984,101498.54,637.59,D015,Bonds trader,2024-01-23
EMP00985,100633.4,15994.15,D020,Brewing technologist,2023-08-24
EMP00986,110190.1,16489.19,D015,"Psychotherapist, child",2023-10-01
EMP00987,90858.76,6837.21,D011,Government social research officer,2024-05-26
EMP00988,134509.41,7618.25,D003,Public relations officer,2024-11-10
EMP00989,87823.17,1963.8,D007,Careers adviser,2025-01-24
EMP00990,133701.73,15796.04,D007,Chartered management accountant,2025-03-21
EMP00991,112482.93,12386.04,D005,Psychiatrist,2023-10-28
EMP00992,142449.85,22359.49,D013,Artist,2026-01-10
EMP00993,121730.13,22376.53,D019,"Nurse, learning disability",2026-07-30
EMP00994,84318.48,14867.32,D014,Glass blower/designer,2026-04-26
EMP00995,123603.45,1234.38,D017,"Sound technician, broadcasting/film/video",2024-05-20
EMP00996,71177.95,13779.81,D004,Management consultant,2024-09-10
EMP00997,86557.27,3108.17,D015,Printmaker,2023-08-21
EMP00998,93849.92,4234.91,D006,Tax adviser,2024-05-30
EMP00999,137610.37,8951.46,D007,Press photographer,2025-07-14
EMP01000,114498.22,4210.42,D010,"Sales professional, IT",2024-08-03
EMP01001,115764.57,16719.6,D002,"Surveyor, commercial/residential",2026-03-25
EMP01002,120320.17,5582.21,D015,"Optician, dispensing",2025-02-25
EMP01003,139296.36,4862.24,D020,"Engineer, broadcasting (operations)",2025-06-04
EMP01004,129725.22,4467.13,D019,Chartered public finance accountant,2025-04-11
EMP01005,112910.45,15370.18,D004,"Development worker, community",2023-11-02
EMP01006,98646.68,3192.3,D004,Forest/woodland manager,2024-12-29
EMP01007,93007.25,13505.67,D008,Banker,2024-01-02
EMP01008,96961.5,18526.0,D003,Product/process development scientist,2024-12-30
EMP01009,119180.16,4912.52,D016,Trade mark attorney,2025-01-11
EMP01010,115168.32,20698.22,D001,Agricultural consultant,2023-10-20
EMP01011,115916.84,14309.52,D007,Insurance account manager,2025-11-01
EMP01012,104505.01,19331.18,D002,Human resources officer,2023-11-24
EMP01013,152055.63,25706.55,D012,Speech and language therapist,2025-04-27
EMP01014,97433.66,9456.35,D007,Catering manager,2025-01-14
EMP01015,76062.88,5291.43,D008,Fine artist,2024-12-20
EMP01016,66401.77,7856.01,D010,Special effects artist,2024-09-25
EMP01017,138189.17,10100.07,D002,"Scientist, research (life sciences)",2023-11-12
EMP01018,109965.92,8120.52,D001,Community arts worker,2026-04-17
EMP01019,121219.91,3869.77,D011,Technical brewer,2024-01-24
EMP01020,79207.81,7734.89,D003,Biomedical engineer,2023-09-14
EMP01021,95400.77,14370.81,D005,Company secretary,2023-09-21
EMP01022,62108.6,9514.52,D004,Chiropodist,2025-05-30
EMP01023,103467.0,12885.05,D002,Graphic designer,2026-02-07
EMP01024,116584.58,4056.14,D007,Legal executive,2026-07-22
EMP01025,130669.6,562.07,D010,Optometrist,2023-12-08
EMP01026,112390.02,13391.22,D009,Restaurant manager,2025-10-13
EMP01027,161396.15,21680.58,D006,Operational investment banker,2026-07-17
EMP01028,76033.22,1632.31,D012,"Psychologist, forensic",2023-10-10
EMP01029,69578.7,59.77,D009,Print production planner,2026-07-01
EMP01030,121743.87,5744.9,D004,Pension scheme manager,2023-09-06
EMP01031,145429.5,9732.32,D019,Building services engineer,2024-10-12
EMP01032,77827.88,14427.79,D013,Television/film/video producer,2026-07-17
EMP01033,104860.0,12916.7,D013,Lexicographer,2024-08-21
EMP01034,133294.67,1265.87,D017,"Conservation officer, nature",2023-11-04
EMP01035,101857.37,6586.8,D003,"Geologist, wellsite",2024-05-06
EMP01036,88404.51,13261.24,D019,Systems analyst,2024-08-31
EMP01037,135178.58,18190.64,D009,Oceanographer,2024-05-14
EMP01038,79185.64,6052.8,D005,Air cabin crew,2025-03-22
EMP01039,109313.23,9467.26,D003,Chief Operating Officer,2026-02-05
EMP01040,51248.51,4959.18,D001,Radio broadcast assistant,2026-01-23
EMP01041,77675.28,13375.67,D002,Arboriculturist,2023-08-18
EMP01042,110040.58,18329.46,D013,Tax inspector,2023-10-16
EMP01043,115899.11,2403.17,D011,"Designer, ceramics/pottery",2024-04-29
EMP01044,82937.58,4458.87,D001,Chief Marketing Officer,2025-12-12
EMP01045,100044.29,6370.62,D011,"Production assistant, television",2025-05-23
EMP01046,95390.74,13380.2,D005,"Pharmacist, hospital",2023-08-13
EMP01047,122029.05,9955.12,D019,Information officer,2026-04-18
EMP01048,77244.26,14041.58,D010,Learning disability nurse,2026-05-17
EMP01049,64099.04,11891.83,D008,Cabin crew,2024-11-22
EMP01050,129726.11,7155.6,D008,Radiation protection practitioner,2026-07-27
EMP01051,69081.12,4254.02,D001,"Psychologist, prison and probation services",2025-11-09
EMP01052,95750.36,1344.16,D018,Architect,2024-07-31
EMP01053,134778.74,14924.55,D012,"Conservation officer, nature",2024-05-12
EMP01054,87293.07,7924.87,D020,"Designer, ceramics/pottery",2024-07-14
EMP01055,83391.59,12805.7,D013,"Engineer, land",2024-03-18
EMP01056,109981.37,8245.2,D001,"Surveyor, building control",2024-11-15
EMP01057,58808.23,10539.23,D011,"Accountant, chartered management",2023-09-07
EMP01058,92016.03,4393.84,D016,Food technologist,2023-12-10
EMP01059,123806.48,3206.28,D005,Maintenance engineer,2026-03-27
EMP01060,79545.57,5276.92,D002,Event organiser,2024-08-14
EMP01061,79013.7,9895.35,D010,Industrial/product designer,2024-10-01
EMP01062,84681.29,9087.46,D015,Production engineer,2025-09-19
EMP01063,123803.0,680.54,D009,Retail merchandiser,2024-04-25
EMP01064,115140.83,17279.03,D010,"Designer, textile",2026-04-29
EMP01065,58575.78,3320.88,D009,Printmaker,2025-07-23
EMP01066,126915.85,23865.92,D007,Psychiatrist,2024-02-05
EMP01067,66396.28,2425.38,D020,Copy,2025-07-30
EMP01068,90980.35,5089.89,D015,IT trainer,2024-04-01
EMP01069,151531.18,11813.05,D007,Energy manager,2024-12-27
EMP01070,139843.53,12839.86,D004,Database administrator,2026-04-06
EMP01071,103667.54,5049.05,D016,Barrister's clerk,2023-10-12
EMP01072,138417.89,18941.15,D005,Waste management officer,2026-03-08
EMP01073,141749.24,28256.96,D015,Manufacturing engineer,2023-10-31
EMP01074,130283.29,11696.57,D019,Theatre stage manager,2025-04-24
EMP01075,85466.26,14134.6,D005,"Education officer, environmental",2025-03-06
EMP01076,100727.63,17568.4,D018,Ship broker,2026-01-16
EMP01077,130246.06,7027.07,D020,"Geologist, wellsite",2026-06-28
EMP01078,114048.01,232.15,D009,"Scientist, research (physical sciences)",2024-09-25
EMP01079,93850.36,918.39,D015,"Surveyor, rural practice",2026-03-27
EMP01080,130773.14,8621.21,D002,"Surveyor, building control",2026-05-22
EMP01081,92382.24,9440.13,D003,Public relations account executive,2025-05-09
EMP01082,144710.19,20821.7,D002,Fashion designer,2023-08-27
EMP01083,71105.18,6013.81,D007,Media planner,2024-03-13
EMP01084,119880.0,21310.96,D005,Retail buyer,2025-02-04
EMP01085,109731.9,3704.54,D002,Research scientist (physical sciences),2026-01-27
EMP01086,98268.52,660.4,D010,Ecologist,2024-04-20
EMP01087,63421.86,8087.27,D018,Proofreader,2024-10-08
EMP01088,90339.09,10877.52,D019,Dramatherapist,2025-08-25
EMP01089,97902.94,13349.36,D005,Water quality scientist,2024-05-30
EMP01090,118590.92,17571.69,D005,Translator,2026-07-08
EMP01091,64684.7,5964.89,D014,Energy manager,2023-12-16
EMP01092,105084.46,18489.58,D014,"Engineer, structural",2025-01-30
EMP01093,157182.23,10066.84,D019,"Librarian, academic",2024-10-27
EMP01094,82685.93,7022.03,D005,Public house manager,2023-11-14
EMP01095,148089.74,13174.78,D002,"Administrator, sports",2025-11-30
EMP01096,110996.58,6624.89,D010,"Development worker, community",2026-04-03
EMP01097,105490.52,12862.16,D018,Freight forwarder,2024-04-14
EMP01098,151729.86,4940.85,D009,Air traffic controller,2023-10-04
EMP01099,139502.7,14167.19,D014,Video editor,2024-12-02
EMP01100,136066.55,3502.52,D018,Financial manager,2024-02-09
EMP01101,162590.77,17827.42,D017,Teaching laboratory technician,2026-01-06
EMP01102,85774.4,8367.41,D007,Retail manager,2025-05-30
EMP01103,111492.33,21782.61,D016,Oncologist,2024-12-04
EMP01104,133030.81,5188.95,D011,Pharmacologist,2024-05-26
EMP01105,53582.56,1039.29,D001,"Engineer, building services",2024-03-05
EMP01106,135380.77,21904.31,D019,Trading standards officer,2024-11-21
EMP01107,125220.65,6649.87,D002,Seismic interpreter,2025-02-03
EMP01108,151268.7,24355.67,D015,Insurance account manager,2025-01-01
EMP01109,113115.75,4344.87,D019,Music tutor,2025-05-01
EMP01110,92988.58,1902.43,D013,Historic buildings inspector/conservation officer,2025-03-10
EMP01111,99328.2,3304.05,D004,"Social research officer, government",2025-11-24
EMP01112,115981.41,6072.2,D011,Higher education lecturer,2023-11-29
EMP01113,137369.69,6278.42,D017,Geographical information systems officer,2024-04-18
EMP01114,130474.65,18410.27,D007,Control and instrumentation engineer,2025-06-26
EMP01115,151493.38,4533.7,D014,"Programme researcher, broadcasting/film/video",2025-07-22
EMP01116,149722.24,1275.29,D019,Fish farm manager,2024-07-27
EMP01117,102600.39,10396.95,D009,Textile designer,2024-04-03
EMP01118,120148.39,4138.02,D013,"Surveyor, hydrographic",2023-10-31
EMP01119,101280.39,2838.46,D013,"Exhibitions officer, museum/gallery",2023-11-05
EMP01120,80246.69,14650.61,D006,"Investment banker, operational",2024-08-01
EMP01121,118353.89,9419.4,D007,"Nurse, learning disability",2026-04-23
EMP01122,165457.79,20609.31,D017,"Loss adjuster, chartered",2024-08-06
EMP01123,94981.36,6577.74,D015,"Conservator, museum/gallery",2025-01-02
EMP01124,112414.55,5656.99,D015,Film/video editor,2025-12-07
EMP01125,109219.65,1529.51,D006,Toxicologist,2026-05-05
EMP01126,61714.73,11417.55,D008,Careers adviser,2025-09-30
EMP01127,92373.56,14135.64,D005,Surgeon,2025-12-31
EMP01128,108688.85,9087.3,D013,Surgeon,2025-03-10
EMP01129,105657.92,17671.03,D016,Pension scheme manager,2025-06-19
EMP01130,127369.6,2191.16,D017,Professor Emeritus,2024-02-10
EMP01131,58891.71,4310.47,D015,Ophthalmologist,2024-03-05
EMP01132,84589.85,11726.31,D010,Dietitian,2026-02-28
EMP01133,126509.32,18978.88,D007,"Designer, furniture",2026-05-08
EMP01134,90140.98,15510.6,D013,Public librarian,2026-04-01
EMP01135,103653.39,8767.79,D011,Fish farm manager,2025-01-30
EMP01136,124957.19,11866.29,D018,"Lecturer, further education",2023-09-06
EMP01137,150901.63,22087.15,D018,Equities trader,2026-07-25
EMP01138,95145.02,15194.19,D013,Farm manager,2026-05-06
EMP01139,133448.9,21655.37,D011,Insurance underwriter,2025-09-23
EMP01140,107250.02,10799.47,D020,"Accountant, chartered certified",2026-04-03
EMP01141,96884.15,5864.78,D020,Newspaper journalist,2023-08-12
EMP01142,44656.73,8730.39,D018,"Designer, industrial/product",2024-09-18
EMP01143,143175.7,22332.06,D001,Banker,2023-08-18
EMP01144,97441.17,14343.94,D009,Civil Service administrator,2024-01-21
EMP01145,129180.06,24820.19,D014,Paediatric nurse,2024-04-24
EMP01146,171869.1,173.89,D004,Photographer,2025-11-26
EMP01147,101555.08,11818.57,D005,"Engineer, broadcasting (operations)",2023-11-06
EMP01148,157845.71,9252.22,D009,Financial trader,2024-10-07
EMP01149,117122.53,4408.37,D007,Geophysicist/field seismologist,2025-04-17
EMP01150,109600.34,16763.63,D006,Barrister's clerk,2024-01-14
EMP01151,133450.17,6660.84,D017,Commercial horticulturist,2025-01-12
EMP01152,99348.86,16431.08,D019,Garment/textile technologist,2026-05-16
EMP01153,118095.05,17120.84,D006,Contracting civil engineer,2025-01-29
EMP01154,87744.03,6557.48,D001,Chief Executive Officer,2026-02-19
EMP01155,135610.66,14798.08,D019,Minerals surveyor,2025-06-18
EMP01156,116672.4,11749.35,D004,Occupational therapist,2023-10-07
EMP01157,104879.31,5382.6,D001,"Engineer, building services",2023-09-07
EMP01158,106256.05,14638.77,D006,Freight forwarder,2026-07-04
EMP01159,109926.51,18326.42,D005,Lobbyist,2026-07-21
EMP01160,91517.62,6517.58,D003,"Editor, film/video",2023-12-30
EMP01161,105556.93,4628.81,D004,Pathologist,2025-01-18
EMP01162,130427.04,24129.85,D017,"Engineer, mining",2026-04-16
EMP01163,119376.07,17659.37,D020,Oncologist,2026-01-05
EMP01164,145834.3,4033.74,D004,Dramatherapist,2025-11-28
EMP01165,83069.2,5760.86,D005,"Secretary, company",2023-12-22
EMP01166,132390.92,24983.41,D012,"Surveyor, commercial/residential",2025-08-09
EMP01167,103227.89,8797.56,D019,Personnel officer,2025-02-23
EMP01168,109333.32,5888.79,D005,"Education officer, environmental",2026-04-17
EMP01169,119780.53,15284.42,D013,"Engineer, water",2026-03-09
EMP01170,129813.22,1397.57,D015,"Engineer, broadcasting (operations)",2024-12-04
EMP01171,123202.52,13488.8,D018,Medical sales representative,2025-09-10
EMP01172,151176.99,6118.76,D002,Psychiatric nurse,2023-10-07
EMP01173,98270.2,17871.1,D004,Ambulance person,2023-12-20
EMP01174,113403.81,10169.34,D010,Herpetologist,2026-01-09
EMP01175,103020.69,15097.93,D009,Health and safety adviser,2025-02-07
EMP01176,90848.95,8997.12,D011,Geographical information systems officer,2025-08-05
EMP01177,131169.98,26140.12,D011,Medical physicist,2026-06-01
EMP01178,77670.7,3018.12,D018,Medical laboratory scientific officer,2025-06-17
EMP01179,148957.64,14736.82,D007,Commercial/residential surveyor,2025-10-22
EMP01180,100403.55,4297.65,D019,Information officer,2025-08-16
EMP01181,76340.52,1582.06,D001,"Engineer, electronics",2026-02-20
EMP01182,87262.38,15577.57,D013,Geoscientist,2026-01-12
EMP01183,93281.37,8063.61,D017,Horticultural therapist,2025-07-10
EMP01184,101075.2,12601.71,D018,Data processing manager,2023-09-11
EMP01185,55035.87,6346.27,D011,Chartered accountant,2025-11-08
EMP01186,136647.39,9261.75,D002,Careers adviser,2025-01-21
EMP01187,139416.17,4636.01,D019,Civil Service fast streamer,2026-03-02
EMP01188,66693.74,8047.89,D006,"Psychologist, sport and exercise",2025-11-21
EMP01189,115400.66,16252.01,D005,"Librarian, academic",2024-05-01
EMP01190,119490.98,16532.73,D015,Geochemist,2025-11-07
EMP01191,110332.36,11968.26,D002,Teaching laboratory technician,2025-11-27
EMP01192,100565.27,6364.1,D016,Geochemist,2023-11-07
EMP01193,104334.49,19748.8,D005,Hospital doctor,2025-10-09
EMP01194,59035.39,4405.64,D003,Tax inspector,2025-09-21
EMP01195,73964.2,10493.6,D011,Learning mentor,2026-07-19
EMP01196,104853.79,2056.92,D014,Purchasing manager,2026-05-05
EMP01197,96587.94,4770.23,D015,Homeopath,2023-10-19
EMP01198,129976.0,6298.22,D001,Dietitian,2024-11-23
EMP01199,110430.18,14905.83,D005,Catering manager,2023-08-30
EMP01200,125780.67,20185.31,D005,"Surveyor, building",2026-01-14
EMP01201,112715.32,22331.63,D019,Ship broker,2024-07-12
EMP01202,123471.42,14292.31,D004,Hydrographic surveyor,2025-08-04
EMP01203,113515.57,8214.18,D011,Editorial assistant,2025-07-04
EMP01204,130323.96,5007.42,D020,Hydrologist,2025-09-10
EMP01205,121206.35,10189.15,D017,Multimedia specialist,2025-12-23
EMP01206,110951.56,20856.16,D013,Field seismologist,2025-07-08
EMP01207,118854.3,8903.47,D006,Risk analyst,2024-07-04
EMP01208,107943.68,19980.27,D017,Clinical molecular geneticist,2025-08-06
EMP01209,143170.11,2718.62,D001,Medical technical officer,2025-08-26
EMP01210,74324.81,3968.32,D014,Cabin crew,2024-12-04
EMP01211,136353.91,22517.78,D010,"Designer, television/film set",2025-03-28
EMP01212,111825.65,6487.64,D016,Clinical psychologist,2025-06-09
EMP01213,82230.29,11869.94,D008,Community education officer,2026-03-26
EMP01214,142105.23,10904.94,D018,Orthoptist,2024-09-11
EMP01215,109544.38,1134.65,D004,Government social research officer,2026-03-07
EMP01216,96031.87,1318.36,D011,Recycling officer,2024-09-04
EMP01217,144095.87,22492.62,D008,Tree surgeon,2026-05-07
EMP01218,113426.96,14603.37,D004,Early years teacher,2024-12-10
EMP01219,111930.64,11860.3,D011,Food technologist,2025-03-12
EMP01220,77542.78,2808.26,D019,Naval architect,2025-07-13
EMP01221,100199.63,19460.47,D004,Homeopath,2024-10-20
EMP01222,95305.36,15734.28,D018,"Editor, magazine features",2024-09-24
EMP01223,139577.38,14117.76,D010,Theatre director,2026-02-17
EMP01224,99097.17,14081.35,D001,"Therapist, occupational",2025-10-12
EMP01225,107165.02,20092.44,D017,Retail banker,2025-03-22
EMP01226,120672.13,12551.63,D009,Private music teacher,2025-08-04
EMP01227,126295.93,19282.17,D009,Early years teacher,2024-05-14
EMP01228,136764.35,25324.54,D018,Forensic scientist,2026-03-22
EMP01229,114915.17,7637.67,D020,Prison officer,2025-10-03
EMP01230,79923.27,11857.66,D010,"Engineer, energy",2024-07-14
EMP01231,99429.59,10537.6,D019,IT trainer,2024-01-13
EMP01232,49679.04,6992.98,D014,"Engineer, site",2026-03-10
EMP01233,118324.38,20858.65,D014,Wellsite geologist,2026-03-30
EMP01234,147791.74,11890.43,D010,Water engineer,2023-12-30
EMP01235,109373.14,16460.05,D004,"Secretary, company",2023-11-02
EMP01236,131649.13,7545.58,D006,Research scientist (life sciences),2026-05-15
EMP01237,129082.05,16724.74,D016,Minerals surveyor,2025-07-12
EMP01238,153317.07,9842.1,D009,"Teacher, early years/pre",2026-07-05
EMP01239,114199.23,18210.41,D008,Commissioning editor,2025-08-01
EMP01240,98237.92,1987.4,D017,Media buyer,2026-03-19
EMP01241,159120.26,15065.28,D012,Film/video editor,2023-11-12
EMP01242,117806.28,16980.35,D004,"Accountant, chartered",2026-03-26
EMP01243,94299.15,10252.11,D003,"Biochemist, clinical",2026-07-11
EMP01244,114468.88,11605.52,D016,"Psychologist, forensic",2024-07-01
EMP01245,123854.43,9835.46,D017,Interpreter,2025-02-26
EMP01246,90104.97,10952.87,D002,Communications engineer,2024-12-29
EMP01247,76171.26,1943.76,D009,Games developer,2024-10-22
EMP01248,64591.97,400.96,D014,"Merchandiser, retail",2024-12-27
EMP01249,139367.36,8353.2,D019,Call centre manager,2023-09-13
EMP01250,62442.83,993.48,D008,Seismic interpreter,2025-09-02
EMP01251,80020.25,12443.13,D002,English as a second language teacher,2025-11-30
EMP01252,119128.33,1665.14,D008,Health physicist,2025-10-08
EMP01253,133589.67,17121.14,D018,Quantity surveyor,2024-05-10
EMP01254,74414.99,3862.56,D009,"Teacher, adult education",2023-12-19
EMP01255,95132.83,18141.7,D017,"Editor, film/video",2026-05-27
EMP01256,121696.56,201.92,D013,Farm manager,2025-05-29
EMP01257,92625.89,11262.7,D004,Art therapist,2024-07-09
EMP01258,124723.01,24417.02,D005,"Librarian, academic",2025-07-13
EMP01259,129538.05,24497.73,D004,"Psychologist, occupational",2024-02-25
EMP01260,129212.71,6596.28,D012,"Surveyor, insurance",2026-06-29
EMP01261,75780.09,5302.87,D010,Dramatherapist,2024-09-03
EMP01262,111577.63,2539.54,D012,Gaffer,2024-05-24
EMP01263,101034.05,14576.89,D009,"Journalist, broadcasting",2023-12-05
EMP01264,93682.29,7685.06,D019,"Engineer, chemical",2025-06-29
EMP01265,147183.31,25113.49,D001,Camera operator,2025-02-10
EMP01266,102867.68,17716.48,D002,Agricultural engineer,2024-11-15
EMP01267,110127.91,3687.11,D009,Retail manager,2026-02-01
EMP01268,96373.4,6023.11,D014,"Chemist, analytical",2026-06-09
EMP01269,113114.26,15458.53,D017,Counselling psychologist,2026-02-05
EMP01270,60523.95,4839.86,D013,Food technologist,2025-07-05
EMP01271,132081.05,2595.47,D012,Ophthalmologist,2025-11-30
EMP01272,51759.15,5581.43,D003,Hydrologist,2024-11-30
EMP01273,69606.51,11026.53,D012,Field trials officer,2023-11-08
EMP01274,118524.27,14427.48,D020,Purchasing manager,2026-03-12
EMP01275,78400.56,7503.3,D001,Social researcher,2026-07-04
EMP01276,114262.33,8145.54,D001,Music tutor,2024-04-04
EMP01277,109143.64,13817.18,D010,Dispensing optician,2024-03-19
EMP01278,123043.77,22809.01,D017,Insurance account manager,2024-05-17
EMP01279,85309.07,3264.56,D019,"Engineer, land",2024-04-04
EMP01280,78514.96,697.94,D020,Art gallery manager,2026-05-02
EMP01281,78120.22,7248.92,D009,Building services engineer,2024-07-01
EMP01282,113500.24,10209.93,D007,Geophysical data processor,2024-10-22
EMP01283,122236.36,8148.04,D020,Pathologist,2026-02-05
EMP01284,137665.65,16512.31,D017,"Administrator, Civil Service",2026-07-21
EMP01285,95925.45,2199.41,D018,"Physicist, medical",2023-11-24
EMP01286,87085.47,5820.44,D009,Petroleum engineer,2025-04-29
EMP01287,104805.1,9057.11,D011,Therapeutic radiographer,2024-05-02
EMP01288,100242.69,19957.21,D016,Neurosurgeon,2026-07-22
EMP01289,134309.32,21144.07,D016,Clothing/textile technologist,2025-11-05
EMP01290,96280.04,7238.18,D001,Aid worker,2024-06-04
EMP01291,152239.02,27265.47,D010,Multimedia programmer,2025-09-05
EMP01292,96241.2,6552.23,D004,"Therapist, nutritional",2023-09-23
EMP01293,131760.0,3907.44,D019,Patent attorney,2023-08-25
EMP01294,93161.41,10395.39,D011,Financial manager,2024-08-14
EMP01295,92577.09,13080.25,D014,Product designer,2024-04-10
EMP01296,121393.31,22564.04,D020,Insurance broker,2024-07-27
EMP01297,85953.61,13334.53,D002,Training and development officer,2024-06-05
EMP01298,82176.51,486.89,D009,"Civil engineer, consulting",2025-06-30
EMP01299,109267.76,6207.84,D007,Data processing manager,2026-06-30
EMP01300,100649.52,8398.43,D002,Bonds trader,2024-12-11
EMP01301,142800.81,17391.4,D001,"Scientist, physiological",2024-02-26
EMP01302,81345.09,6777.6,D018,Recycling officer,2025-04-28
EMP01303,82770.83,5742.37,D013,"Therapist, sports",2023-12-08
EMP01304,109861.15,18158.41,D009,Animator,2023-08-29
EMP01305,60724.51,5494.28,D017,Nature conservation officer,2023-09-20
EMP01306,43230.15,7220.92,D011,Lexicographer,2025-04-14
EMP01307,110917.01,16911.97,D018,Acupuncturist,2024-07-12
EMP01308,97775.88,9198.15,D010,Photographer,2024-10-02
EMP01309,119801.57,2462.94,D014,Careers adviser,2025-05-19
EMP01310,142186.08,18663.52,D019,Geographical information systems officer,2025-07-13
EMP01311,105138.56,12924.23,D003,Primary school teacher,2024-03-20
EMP01312,88318.44,8054.66,D002,Charity officer,2023-11-21
EMP01313,115084.07,15375.85,D006,Maintenance engineer,2026-04-28
EMP01314,107070.78,2564.77,D001,Television camera operator,2024-11-07
EMP01315,94607.94,8121.09,D020,Acupuncturist,2024-06-01
EMP01316,95316.09,3519.29,D019,"Civil engineer, consulting",2025-07-25
EMP01317,120216.68,20282.54,D002,Clinical cytogeneticist,2026-06-07
EMP01318,119507.91,17891.47,D005,"Development worker, international aid",2023-12-22
EMP01319,136660.48,9982.83,D010,"Investment banker, operational",2023-11-28
EMP01320,125687.2,15647.1,D012,"Accountant, chartered",2024-02-26
EMP01321,140206.51,7931.37,D002,Corporate treasurer,2024-06-13
EMP01322,135079.01,11217.49,D017,"Engineer, aeronautical",2026-07-11
EMP01323,83857.78,11280.73,D007,Ceramics designer,2026-04-16
EMP01324,133342.62,9781.62,D014,Pathologist,2026-03-29
EMP01325,131301.47,321.04,D001,Armed forces operational officer,2024-01-15
EMP01326,105085.94,9236.19,D003,Accommodation manager,2026-06-08
EMP01327,73034.8,3079.04,D001,Forest/woodland manager,2024-12-02
EMP01328,159911.22,16658.52,D006,Associate Professor,2025-07-02
EMP01329,87253.43,12242.26,D020,"Embryologist, clinical",2024-08-30
EMP01330,129218.66,19564.52,D001,Quarry manager,2026-01-06
EMP01331,106099.47,7850.78,D005,Diagnostic radiographer,2025-10-20
EMP01332,102241.63,7800.01,D013,"Surveyor, insurance",2025-12-02
EMP01333,113061.55,16757.25,D007,Web designer,2025-03-25
EMP01334,146801.68,17603.94,D002,Special educational needs teacher,2025-07-17
EMP01335,112777.78,5848.81,D016,Pathologist,2026-07-15
EMP01336,111130.45,5911.25,D015,Sales promotion account executive,2023-09-23
EMP01337,90658.21,9640.25,D016,Ergonomist,2025-03-09
EMP01338,135914.85,20228.01,D003,Contracting civil engineer,2025-08-22
EMP01339,79779.27,11972.18,D011,"Clinical scientist, histocompatibility and immunogenetics",2025-10-30
EMP01340,133628.86,9224.6,D008,Drilling engineer,2026-05-22
EMP01341,145296.72,4878.25,D010,Best boy,2024-03-10
EMP01342,101869.63,5057.32,D007,"Surveyor, building",2023-11-18
EMP01343,78207.29,6195.63,D001,"Nurse, adult",2024-09-24
EMP01344,79781.26,6500.3,D015,Cartographer,2026-07-27
EMP01345,67014.91,1899.54,D018,"Geneticist, molecular",2026-07-19
EMP01346,71167.86,13451.78,D009,Warehouse manager,2026-01-07
EMP01347,144259.94,11266.0,D003,Sports therapist,2023-10-17
EMP01348,93913.26,8824.04,D015,Hotel manager,2024-03-19
EMP01349,160837.95,7398.64,D011,Counsellor,2026-01-02
EMP01350,91677.28,11387.56,D005,Meteorologist,2025-09-14
EMP01351,74747.62,2419.24,D013,Animator,2026-02-19
EMP01352,98229.56,7059.01,D007,"Psychologist, counselling",2025-10-21
EMP01353,144550.56,19258.67,D003,Water engineer,2024-02-12
EMP01354,113851.53,1453.83,D005,Nutritional therapist,2025-06-01
EMP01355,115584.21,14221.43,D007,Museum/gallery conservator,2025-12-18
EMP01356,92435.79,592.71,D013,Waste management officer,2026-06-08
EMP01357,128799.79,24595.08,D006,Trade union research officer,2025-01-22
EMP01358,141641.4,24232.22,D015,Production manager,2025-10-17
EMP01359,125684.33,3468.64,D011,Risk analyst,2025-11-09
EMP01360,71012.19,4530.02,D010,Games developer,2026-01-24
EMP01361,69034.41,1733.23,D013,"Development worker, community",2024-05-19
EMP01362,71754.17,12379.85,D007,Amenity horticulturist,2024-04-12
EMP01363,146119.69,7750.44,D013,Biomedical engineer,2025-10-18
EMP01364,88912.49,15955.13,D009,Broadcast journalist,2025-10-21
EMP01365,71941.96,11876.16,D012,Higher education lecturer,2025-01-07
EMP01366,112208.14,20208.26,D008,Chartered accountant,2023-10-18
EMP01367,148058.95,5182.58,D012,Health physicist,2025-11-19
EMP01368,146067.62,9323.46,D009,Geophysicist/field seismologist,2024-05-31
EMP01369,97361.79,17085.47,D014,Copy,2026-01-07
EMP01370,163746.91,30465.97,D005,Furniture designer,2025-11-30
EMP01371,92300.62,10690.88,D001,"Nurse, children's",2024-10-25
EMP01372,109176.02,6198.7,D006,"Administrator, education",2026-07-31
EMP01373,82703.85,2458.09,D019,Publishing copy,2024-02-03
EMP01374,100995.27,11842.09,D016,Environmental health practitioner,2024-05-31
EMP01375,137040.41,21439.51,D020,Records manager,2025-07-16
EMP01376,82196.28,13653.61,D001,"Doctor, general practice",2024-06-01
EMP01377,80073.72,15767.55,D002,Fine artist,2023-10-10
EMP01378,93718.95,10945.45,D009,"Social research officer, government",2024-11-24
EMP01379,92120.71,15323.62,D003,Pharmacologist,2024-05-02
EMP01380,84583.03,13977.78,D004,Broadcast journalist,2026-04-16
EMP01381,104775.29,12214.21,D012,Manufacturing systems engineer,2026-02-25
EMP01382,80871.4,6627.76,D018,Technical sales engineer,2025-04-05
EMP01383,90514.44,9489.42,D011,"Merchandiser, retail",2024-07-22
EMP01384,121683.67,21323.15,D018,"Doctor, general practice",2025-02-12
EMP01385,113417.57,12073.47,D007,"Scientist, physiological",2024-01-19
EMP01386,110785.35,12977.51,D019,IT technical support officer,2025-04-17
EMP01387,97894.25,2954.26,D011,Tour manager,2023-11-14
EMP01388,78730.31,554.39,D007,Tourism officer,2023-08-08
EMP01389,135722.02,19247.07,D013,Government social research officer,2026-02-24
EMP01390,105757.1,6395.27,D016,"Programmer, multimedia",2025-02-14
EMP01391,92483.96,8550.71,D008,Jewellery designer,2024-09-19
EMP01392,42341.3,5731.36,D010,"Psychotherapist, dance movement",2025-05-07
EMP01393,116816.06,21572.74,D012,Press sub,2026-01-26
EMP01394,133736.75,24859.13,D011,"Engineer, production",2024-04-09
EMP01395,119750.74,19252.22,D016,Recruitment consultant,2025-01-15
EMP01396,58837.0,8505.03,D009,Transport planner,2026-04-24
EMP01397,106150.12,16431.7,D016,Retail manager,2023-08-18
EMP01398,143266.96,6339.05,D001,"Doctor, hospital",2025-07-11
EMP01399,131106.72,787.11,D004,"Therapist, horticultural",2023-11-05
EMP01400,112635.06,3426.4,D011,Event organiser,2025-11-05
EMP01401,83682.74,10076.14,D010,Air cabin crew,2025-08-06
EMP01402,102041.73,13174.52,D004,"Librarian, public",2026-03-09
EMP01403,70808.63,2300.76,D013,Interior and spatial designer,2026-05-02
EMP01404,152742.89,29113.68,D017,Research scientist (physical sciences),2026-04-24
EMP01405,74463.39,1124.1,D020,Purchasing manager,2024-05-09
EMP01406,69274.77,6999.42,D014,"Teacher, special educational needs",2023-09-23
EMP01407,97518.34,11892.53,D019,"Psychotherapist, child",2024-10-02
EMP01408,95431.12,12898.2,D014,Tourist information centre manager,2024-12-09
EMP01409,133281.45,8553.63,D005,Social researcher,2025-07-09
EMP01410,117975.36,8253.77,D006,"Engineer, manufacturing",2023-09-06
EMP01411,123948.35,19406.23,D007,Newspaper journalist,2026-02-14
EMP01412,87048.89,17038.06,D010,"Producer, radio",2024-03-12
EMP01413,77754.16,12256.8,D002,Politician's assistant,2026-02-01
EMP01414,151495.49,8319.34,D020,"Administrator, sports",2023-12-21
EMP01415,70904.43,1542.07,D020,"Psychotherapist, child",2026-07-08
EMP01416,166349.52,174.84,D009,Insurance underwriter,2024-01-22
EMP01417,126439.8,25218.13,D005,Chiropodist,2024-07-20
EMP01418,73595.35,6025.71,D002,Architect,2025-09-22
EMP01419,152708.28,439.95,D009,"Merchandiser, retail",2025-09-23
EMP01420,109818.86,16952.96,D005,Theatre director,2026-03-14
EMP01421,94750.82,964.86,D020,Engineering geologist,2026-05-15
EMP01422,116524.32,581.5,D019,Trade union research officer,2024-07-08
EMP01423,129918.02,10104.56,D009,Government social research officer,2024-10-06
EMP01424,84608.64,10708.55,D005,Social worker,2024-04-23
EMP01425,66740.16,9358.96,D019,"Civil engineer, contracting",2024-03-30
EMP01426,74509.03,10906.15,D002,Investment analyst,2025-09-09
EMP01427,106704.38,14103.32,D009,"Accountant, chartered management",2025-07-15
EMP01428,84178.14,14924.62,D019,Health visitor,2024-06-13
EMP01429,136850.84,9060.08,D018,Event organiser,2025-09-22
EMP01430,89929.71,14436.0,D003,"Teacher, early years/pre",2025-06-23
EMP01431,113335.59,18157.37,D015,Banker,2025-10-06
EMP01432,140082.41,17002.73,D017,Fast food restaurant manager,2024-09-02
EMP01433,128496.69,10774.37,D008,Licensed conveyancer,2025-12-19
EMP01434,52935.89,8351.13,D002,Politician's assistant,2026-04-28
EMP01435,122602.01,19964.71,D001,Agricultural engineer,2026-08-02
EMP01436,91657.06,5061.12,D003,Contracting civil engineer,2026-05-22
EMP01437,105013.19,1385.3,D008,Set designer,2024-10-19
EMP01438,137535.86,11983.47,D020,Market researcher,2023-11-25
EMP01439,102834.39,9611.38,D005,Structural engineer,2026-07-25
EMP01440,106273.19,1696.91,D018,Outdoor activities/education manager,2023-11-11
EMP01441,119085.33,1907.37,D005,Water engineer,2025-04-22
EMP01442,112716.93,231.07,D004,Music therapist,2023-12-06
EMP01443,74760.96,2175.45,D001,"Physicist, medical",2024-10-13
EMP01444,108805.99,12796.59,D020,"Administrator, local government",2024-10-26
EMP01445,125376.92,20477.29,D012,Waste management officer,2024-11-18
EMP01446,73677.93,8435.18,D008,Personnel officer,2024-06-06
EMP01447,97531.59,3738.55,D015,"Engineer, mining",2024-12-25
EMP01448,109163.42,11405.0,D019,Marketing executive,2024-03-21
EMP01449,169175.17,32462.6,D014,Information systems manager,2026-07-31
EMP01450,127808.46,14764.16,D007,Psychotherapist,2024-12-26
EMP01451,102343.19,8187.59,D004,"Nurse, learning disability",2023-09-11
EMP01452,121582.74,19863.05,D008,Adult guidance worker,2024-07-13
EMP01453,120606.37,3510.09,D005,"Radiographer, diagnostic",2024-03-18
EMP01454,149209.92,1429.4,D008,"Journalist, newspaper",2025-07-03
EMP01455,113392.38,14819.26,D016,Ceramics designer,2024-06-17
EMP01456,127517.05,7819.37,D009,Dramatherapist,2026-06-14
EMP01457,162632.06,43.07,D018,Chartered loss adjuster,2025-09-24
EMP01458,131476.0,16986.72,D012,Barista,2024-01-17
EMP01459,81563.72,15617.8,D007,Chartered management accountant,2023-11-07
EMP01460,122093.63,4736.63,D020,"Restaurant manager, fast food",2024-06-28
EMP01461,90461.96,3461.77,D015,Horticultural therapist,2026-03-17
EMP01462,40983.48,7439.5,D001,"Conservation officer, nature",2026-03-18
EMP01463,85873.83,16957.74,D003,Neurosurgeon,2023-10-14
EMP01464,113051.35,19017.03,D016,Diagnostic radiographer,2023-09-13
EMP01465,111130.03,3876.14,D009,"Copywriter, advertising",2024-09-01
EMP01466,135294.39,1280.78,D007,Museum education officer,2025-11-29
EMP01467,66781.88,2249.46,D014,Insurance risk surveyor,2025-01-10
EMP01468,89039.64,6385.89,D012,Higher education lecturer,2023-12-14
EMP01469,98211.61,15171.63,D017,Civil Service administrator,2025-06-30
EMP01470,139351.94,18252.06,D019,Secretary/administrator,2025-06-24
EMP01471,103093.9,15433.02,D003,Advice worker,2025-01-23
EMP01472,147924.94,7939.35,D008,"Conservator, furniture",2024-05-23
EMP01473,152415.34,27467.05,D013,Health physicist,2023-12-07
EMP01474,133340.68,19391.49,D006,Location manager,2024-03-27
EMP01475,86924.39,7137.09,D009,Television floor manager,2024-02-15
EMP01476,79707.42,4638.72,D005,Hospital doctor,2024-11-07
EMP01477,123127.43,11788.72,D019,"Biochemist, clinical",2024-10-06
EMP01478,109086.8,9063.44,D019,Retail banker,2025-01-14
EMP01479,103481.15,9572.03,D018,Magazine journalist,2024-04-25
EMP01480,141470.93,8030.12,D016,Training and development officer,2025-03-28
EMP01481,68052.52,7326.33,D012,Facilities manager,2026-02-16
EMP01482,94910.34,11282.35,D020,IT technical support officer,2026-06-26
EMP01483,97358.49,16456.55,D019,"Optician, dispensing",2023-10-09
EMP01484,115753.87,17920.3,D015,Midwife,2024-09-05
EMP01485,85963.91,4224.17,D008,Financial adviser,2026-05-09
EMP01486,109731.73,18319.13,D012,Legal secretary,2026-07-14
EMP01487,128132.14,2484.97,D016,"Designer, industrial/product",2025-01-02
EMP01488,63176.31,5158.83,D010,Health and safety inspector,2024-10-29
EMP01489,99040.53,14754.93,D006,Financial risk analyst,2024-02-01
EMP01490,129847.48,21755.69,D005,"Psychotherapist, dance movement",2024-11-24
EMP01491,130814.88,20226.92,D006,Professor Emeritus,2023-10-01
EMP01492,96740.29,6576.72,D016,Therapeutic radiographer,2024-08-01
EMP01493,102307.61,8614.88,D007,Lawyer,2024-07-09
EMP01494,132792.62,4874.59,D017,Applications developer,2026-04-03
EMP01495,40000.0,6151.64,D018,Product manager,2023-11-21
EMP01496,120380.36,7794.4,D002,Pensions consultant,2026-01-21
EMP01497,126043.08,19835.47,D015,Medical laboratory scientific officer,2023-11-18
EMP01498,89900.16,632.63,D008,IT trainer,2025-10-19
EMP01499,84582.21,4701.28,D014,Proofreader,2026-01-25
EMP01500,88252.73,7377.45,D017,Environmental health practitioner,2025-10-27
EMP01501,75938.18,6206.35,D004,"Radiographer, diagnostic",2025-07-22
EMP01502,114157.74,6999.61,D011,Forensic psychologist,2026-07-22
EMP01503,78647.89,7127.81,D015,"Surveyor, minerals",2024-12-22
EMP01504,42146.89,3056.91,D014,Manufacturing engineer,2025-03-10
EMP01505,69180.51,8505.33,D001,"Designer, fashion/clothing",2023-11-07
EMP01506,114195.27,6104.98,D013,Lawyer,2026-02-17
EMP01507,105202.54,9482.98,D007,Call centre manager,2024-09-13
EMP01508,135034.91,2071.48,D014,"Doctor, hospital",2025-09-02
EMP01509,104531.18,6313.4,D015,"Doctor, hospital",2025-01-20
EMP01510,100491.24,2791.37,D016,Lawyer,2024-06-14
EMP01511,107745.78,14364.62,D012,Structural engineer,2025-04-19
EMP01512,126211.37,7357.22,D015,Horticultural therapist,2025-06-11
EMP01513,126178.09,13130.73,D019,Personnel officer,2025-11-25
EMP01514,73997.51,2270.18,D014,"Programmer, systems",2024-10-03
EMP01515,126593.66,15392.15,D004,"Therapist, drama",2025-04-26
EMP01516,102697.75,15582.99,D007,Arts development officer,2024-09-14
EMP01517,88537.02,9416.04,D006,Charity fundraiser,2024-04-03
EMP01518,83387.03,9685.54,D002,Regulatory affairs officer,2024-02-14
EMP01519,102547.01,7265.43,D018,"Journalist, broadcasting",2026-03-20
EMP01520,97240.12,18718.49,D015,"Doctor, general practice",2024-03-02
EMP01521,110065.37,12202.27,D018,"Designer, industrial/product",2025-05-27
EMP01522,79204.2,11741.21,D003,Quantity surveyor,2023-12-31
EMP01523,129498.18,25804.29,D002,Theme park manager,2024-07-05
EMP01524,102144.26,12171.66,D001,Economist,2023-12-10
EMP01525,117353.25,1242.99,D020,Wellsite geologist,2026-01-29
EMP01526,90294.62,5066.04,D011,Graphic designer,2026-08-04
EMP01527,40249.48,2077.92,D008,"Surveyor, quantity",2024-11-17
EMP01528,71112.53,1109.65,D009,Phytotherapist,2024-07-19
EMP01529,142923.95,19932.15,D014,Land,2023-08-08
EMP01530,114346.41,1278.81,D003,"Designer, television/film set",2025-07-11
EMP01531,132503.15,6836.03,D009,"Engineer, manufacturing systems",2026-02-27
EMP01532,103619.06,2662.24,D004,Occupational psychologist,2026-01-24
EMP01533,142462.23,2492.11,D005,Research scientist (maths),2024-04-02
EMP01534,57081.72,2085.53,D004,Forest/woodland manager,2023-08-20
EMP01535,90560.51,3305.12,D015,Television/film/video producer,2024-03-21
EMP01536,86673.69,10937.68,D005,"Surveyor, rural practice",2023-12-02
EMP01537,64411.24,1880.69,D016,Warehouse manager,2026-05-09
EMP01538,139035.02,24761.48,D007,Astronomer,2026-06-10
EMP01539,41843.18,3808.53,D002,Curator,2025-09-09
EMP01540,84528.43,12646.41,D002,Best boy,2024-05-23
EMP01541,95295.79,8693.88,D001,Environmental manager,2024-02-15
EMP01542,117144.07,22069.22,D001,"Scientist, forensic",2026-07-19
EMP01543,125399.46,15009.82,D017,"Librarian, academic",2026-02-16
EMP01544,91541.58,7737.69,D020,Geophysical data processor,2025-02-01
EMP01545,106802.58,13758.54,D004,Applications developer,2026-04-23
EMP01546,60835.15,6373.23,D004,Primary school teacher,2024-02-18
EMP01547,125624.53,17467.13,D001,Academic librarian,2025-11-11
EMP01548,124530.78,13904.37,D001,Barrister's clerk,2026-04-12
EMP01549,100006.22,4353.79,D013,"Surveyor, minerals",2025-09-08
EMP01550,132350.94,3800.35,D013,Garment/textile technologist,2024-09-23
EMP01551,107198.37,5561.73,D009,Chartered public finance accountant,2024-07-15
EMP01552,65514.3,7151.38,D020,"Lighting technician, broadcasting/film/video",2026-07-26
EMP01553,103702.56,16168.42,D020,"Teacher, English as a foreign language",2023-11-21
EMP01554,82275.11,6440.51,D002,Charity fundraiser,2023-11-30
EMP01555,129588.14,18883.9,D019,"Conservation officer, historic buildings",2025-03-15
EMP01556,67620.96,4102.49,D008,Heritage manager,2024-08-24
EMP01557,127582.84,6420.79,D011,Customer service manager,2024-06-14
EMP01558,102669.98,12796.08,D011,Patent examiner,2024-08-16
EMP01559,57956.81,6642.6,D020,"Surveyor, rural practice",2025-06-14
EMP01560,110139.57,12476.03,D009,IT consultant,2025-11-28
EMP01561,88397.23,1065.79,D001,"Psychotherapist, dance movement",2024-10-04
EMP01562,119877.74,7457.64,D018,IT consultant,2025-12-07
EMP01563,108031.14,10226.27,D004,Environmental consultant,2026-04-11
EMP01564,115930.35,3176.14,D007,Speech and language therapist,2024-04-25
EMP01565,113688.08,20966.71,D004,"Librarian, public",2026-03-20
EMP01566,117387.1,866.33,D019,Broadcast presenter,2024-12-11
EMP01567,102480.95,6933.49,D001,"Engineer, drilling",2025-12-27
EMP01568,124707.09,11230.17,D008,Translator,2024-06-08
EMP01569,99607.45,2515.41,D004,Race relations officer,2025-01-14
EMP01570,91204.82,128.4,D003,Mining engineer,2024-02-25
EMP01571,77929.71,3260.74,D017,Firefighter,2026-07-11
EMP01572,93837.11,15314.76,D004,"Lecturer, further education",2025-10-21
EMP01573,145887.85,12028.48,D018,"Designer, multimedia",2025-02-01
EMP01574,148692.36,22743.3,D020,Volunteer coordinator,2026-07-09
EMP01575,130389.63,12049.89,D005,Higher education careers adviser,2024-10-09
EMP01576,119683.44,11125.23,D002,Pensions consultant,2023-08-10
EMP01577,69386.46,12722.5,D009,Building services engineer,2025-05-29
EMP01578,97620.55,13073.94,D014,Insurance underwriter,2024-08-10
EMP01579,104588.27,18252.98,D003,"Conservator, furniture",2025-01-20
EMP01580,103561.01,5562.46,D004,Politician's assistant,2024-03-18
EMP01581,122404.37,14884.82,D017,Diplomatic Services operational officer,2025-12-28
EMP01582,75323.12,7037.17,D010,Advertising copywriter,2024-11-03
EMP01583,106981.7,18371.99,D006,Geoscientist,2024-11-19
EMP01584,93509.85,542.96,D019,Barrister's clerk,2024-01-20
EMP01585,83283.81,5439.33,D010,Sales promotion account executive,2026-05-31
EMP01586,126970.64,3490.75,D014,Manufacturing systems engineer,2025-04-18
EMP01587,122805.46,8901.67,D007,Counsellor,2023-08-10
EMP01588,74817.3,8288.64,D019,Advertising copywriter,2024-02-28
EMP01589,102543.69,16039.85,D005,Occupational therapist,2024-06-27
EMP01590,123427.07,20781.24,D001,Financial trader,2024-06-27
EMP01591,78880.43,8538.99,D016,"Engineer, energy",2025-12-18
EMP01592,91549.97,5397.52,D010,General practice doctor,2025-06-09
EMP01593,89849.05,9041.43,D015,Orthoptist,2023-08-12
EMP01594,155346.97,17794.9,D009,Camera operator,2024-11-17
EMP01595,93757.18,17028.96,D016,Broadcast presenter,2026-01-17
EMP01596,143048.35,19748.7,D005,Secretary/administrator,2025-01-28
EMP01597,134568.4,21477.33,D001,Tour manager,2025-10-15
EMP01598,53148.45,9516.23,D010,Research scientist (physical sciences),2026-02-13
EMP01599,77951.66,11463.78,D020,Secondary school teacher,2024-03-27
EMP01600,102600.97,5576.85,D006,Research scientist (life sciences),2026-03-04
EMP01601,131059.89,21329.49,D011,Energy engineer,2023-12-10
EMP01602,108849.74,18856.08,D018,"Production assistant, radio",2024-03-20
EMP01603,104381.55,648.56,D003,Cytogeneticist,2023-09-05
EMP01604,84903.17,14954.72,D002,"Scientist, research (life sciences)",2024-01-02
EMP01605,73023.96,11487.14,D020,Editorial assistant,2024-09-04
EMP01606,97401.13,6102.43,D016,Museum/gallery exhibitions officer,2024-02-25
EMP01607,139536.07,3100.57,D017,Magazine journalist,2024-05-15
EMP01608,110695.09,3569.99,D015,Toxicologist,2024-11-23
EMP01609,99286.13,8969.86,D008,Energy engineer,2024-08-04
EMP01610,128945.04,22603.56,D007,Engineering geologist,2026-07-24
EMP01611,120214.42,18231.98,D009,"Runner, broadcasting/film/video",2025-09-20
EMP01612,108339.07,6861.78,D020,Architectural technologist,2024-08-25
EMP01613,126404.81,5443.79,D016,Historic buildings inspector/conservation officer,2025-12-17
EMP01614,123319.53,14468.41,D016,"Civil engineer, consulting",2025-02-13
EMP01615,76426.49,5051.99,D019,Video editor,2025-02-06
EMP01616,79336.25,8937.93,D004,Brewing technologist,2025-02-20
EMP01617,94886.81,949.87,D012,Quarry manager,2025-09-13
EMP01618,83006.25,4333.85,D010,Chartered certified accountant,2026-01-26
EMP01619,93493.27,14825.23,D010,Music tutor,2024-05-02
EMP01620,63213.44,10250.81,D015,Art therapist,2024-10-18
EMP01621,114836.49,3663.66,D014,Financial trader,2024-10-30
EMP01622,78741.76,6760.24,D010,"Engineer, electrical",2024-02-20
EMP01623,100930.41,17851.75,D007,Exercise physiologist,2026-01-27
EMP01624,114585.41,8372.96,D006,"Biochemist, clinical",2025-06-08
EMP01625,134527.11,26376.19,D014,Retail merchandiser,2024-09-03
EMP01626,134408.21,24992.28,D016,Midwife,2025-04-30
EMP01627,49349.95,2096.76,D003,"Horticulturist, amenity",2026-07-26
EMP01628,93811.89,17565.55,D002,Herbalist,2026-06-10
EMP01629,134260.6,4720.75,D008,Chartered legal executive (England and Wales),2024-02-08
EMP01630,104266.66,20316.58,D016,Seismic interpreter,2023-09-18
EMP01631,143222.65,13939.95,D001,Illustrator,2024-01-08
EMP01632,88608.36,7602.7,D010,Fisheries officer,2026-03-11
EMP01633,158461.38,3862.11,D020,Personnel officer,2023-11-15
EMP01634,48875.02,447.53,D005,Planning and development surveyor,2025-11-12
EMP01635,88361.59,546.76,D013,Audiological scientist,2026-05-27
EMP01636,60695.87,10225.21,D019,"Education officer, community",2024-07-17
EMP01637,152031.32,17210.05,D010,"Administrator, sports",2026-04-19
EMP01638,125821.06,14032.41,D014,Trade union research officer,2025-03-15
EMP01639,101232.58,13174.72,D020,"Engineer, civil (contracting)",2025-12-15
EMP01640,129862.91,20597.27,D007,Chartered loss adjuster,2025-10-01
EMP01641,151520.05,8916.43,D010,Environmental education officer,2025-08-12
EMP01642,66890.41,9478.19,D014,Public affairs consultant,2024-12-16
EMP01643,79035.81,4551.31,D006,Surgeon,2024-12-25
EMP01644,94970.85,8300.87,D007,"Sound technician, broadcasting/film/video",2025-02-27
EMP01645,82248.26,14257.15,D006,Art therapist,2025-10-30
EMP01646,93701.69,14938.15,D010,"Designer, interior/spatial",2025-12-02
EMP01647,150878.35,14014.23,D012,Broadcast engineer,2026-03-06
EMP01648,123517.81,23494.36,D003,Ambulance person,2023-09-17
EMP01649,136869.07,8555.57,D007,Telecommunications researcher,2023-12-03
EMP01650,98603.06,16608.07,D016,Financial adviser,2023-12-05
EMP01651,62652.51,2406.12,D013,Pathologist,2025-04-15
EMP01652,91696.81,16973.28,D014,"Radiographer, diagnostic",2025-07-14
EMP01653,133373.3,9276.62,D009,Patent attorney,2025-03-23
EMP01654,100082.51,5011.34,D008,Research scientist (physical sciences),2026-04-20
EMP01655,75245.16,7989.32,D012,"Programmer, systems",2024-03-27
EMP01656,79295.21,9533.3,D015,"Psychologist, educational",2025-07-23
EMP01657,88513.49,9330.71,D013,"Programme researcher, broadcasting/film/video",2025-09-07
EMP01658,115826.19,10377.1,D009,Film/video editor,2024-11-25
EMP01659,99825.41,19266.88,D010,Pension scheme manager,2023-09-21
EMP01660,87198.4,7075.99,D007,"Lighting technician, broadcasting/film/video",2024-10-24
EMP01661,149178.27,5946.09,D002,"Programmer, multimedia",2024-10-29
EMP01662,91239.43,13268.17,D009,Multimedia programmer,2023-08-21
EMP01663,109451.09,2077.66,D018,Insurance risk surveyor,2023-11-04
EMP01664,81938.15,8268.74,D016,Marketing executive,2025-10-03
EMP01665,148893.48,18473.28,D019,Magazine features editor,2025-03-31
EMP01666,133991.67,18090.66,D012,Hydrogeologist,2024-11-11
EMP01667,111337.4,9547.59,D004,Lawyer,2025-01-18
EMP01668,81181.65,6369.86,D001,Waste management officer,2025-07-27
EMP01669,87265.86,9662.92,D019,Barrister,2024-10-06
EMP01670,46580.8,3704.1,D015,"Engineer, manufacturing",2023-11-26
EMP01671,90701.68,8957.79,D002,Fitness centre manager,2024-03-30
EMP01672,61782.16,11938.68,D016,Retail merchandiser,2025-05-13
EMP01673,96486.59,882.15,D014,Clinical psychologist,2026-07-09
EMP01674,135491.08,25092.72,D003,Visual merchandiser,2026-01-24
EMP01675,137858.12,15709.34,D016,Lawyer,2024-01-22
EMP01676,113950.7,9990.19,D016,Fitness centre manager,2024-06-26
EMP01677,127562.1,1895.26,D016,"Engineer, drilling",2025-12-01
EMP01678,94483.38,8363.14,D010,Materials engineer,2025-07-19
EMP01679,107427.32,2809.73,D018,Clinical psychologist,2024-01-17
EMP01680,107967.85,11237.28,D012,Clinical cytogeneticist,2024-06-10
EMP01681,140454.72,1844.68,D012,Arts administrator,2024-06-07
EMP01682,81736.05,14748.56,D012,Counselling psychologist,2025-02-21
EMP01683,102738.53,9780.59,D001,Museum/gallery curator,2024-07-20
EMP01684,96524.85,17357.83,D004,"Engineer, energy",2024-01-07
EMP01685,120705.59,3363.1,D017,"Teacher, secondary school",2026-06-23
EMP01686,59674.04,10263.18,D003,International aid/development worker,2023-10-25
EMP01687,126731.96,2383.11,D005,Meteorologist,2026-07-07
EMP01688,87632.26,3109.65,D004,"Engineer, land",2024-09-03
EMP01689,57800.88,5299.98,D015,Farm manager,2023-09-30
EMP01690,98014.92,13507.39,D016,Artist,2026-04-25
EMP01691,96707.03,15827.11,D008,Soil scientist,2024-11-28
EMP01692,73170.27,7725.09,D018,Water engineer,2024-04-26
EMP01693,81385.9,8785.69,D009,Control and instrumentation engineer,2026-01-22
EMP01694,88423.82,6201.43,D016,"Engineer, agricultural",2024-04-04
EMP01695,112356.68,10042.24,D013,Fisheries officer,2024-12-08
EMP01696,124474.61,14697.12,D015,Energy engineer,2024-05-19
EMP01697,54815.76,5225.06,D017,Charity fundraiser,2024-03-12
EMP01698,114710.1,2664.97,D020,"Engineer, land",2026-01-18
EMP01699,99005.45,13355.04,D018,Medical sales representative,2024-03-06
EMP01700,118784.68,8498.59,D012,Building control surveyor,2024-01-27
EMP01701,82712.16,11741.08,D020,Insurance risk surveyor,2025-07-16
EMP01702,89704.35,16042.87,D018,"Scientist, product/process development",2024-12-03
EMP01703,109476.29,21191.84,D020,International aid/development worker,2026-02-28
EMP01704,78508.17,5010.43,D004,Legal secretary,2024-11-03
EMP01705,101877.67,12131.87,D002,Air cabin crew,2024-01-22
EMP01706,157883.7,13187.87,D016,"Psychologist, forensic",2026-02-03
EMP01707,77388.09,3763.12,D004,Advice worker,2025-02-27
EMP01708,100857.44,9110.86,D014,Customer service manager,2024-02-06
EMP01709,86718.51,3446.65,D011,Mudlogger,2026-02-23
EMP01710,132043.57,25195.86,D001,Fitness centre manager,2024-05-05
EMP01711,125937.33,16773.96,D012,Adult guidance worker,2025-02-23
EMP01712,99927.25,1828.6,D007,Podiatrist,2023-09-29
EMP01713,116334.22,14380.53,D013,Corporate investment banker,2023-10-25
EMP01714,109513.26,10451.61,D011,"Pharmacist, hospital",2024-08-24
EMP01715,73494.79,3500.92,D019,"Administrator, education",2024-03-19
EMP01716,148367.46,19271.09,D013,Musician,2026-07-07
EMP01717,142427.32,14845.39,D007,Printmaker,2024-12-28
EMP01718,56108.84,7778.05,D017,Herbalist,2026-04-21
EMP01719,118816.1,14900.13,D001,Claims inspector/assessor,2025-08-06
EMP01720,101870.89,17863.59,D017,IT consultant,2024-02-29
EMP01721,101301.08,16276.77,D012,Community pharmacist,2024-05-18
EMP01722,119972.16,6752.81,D006,Human resources officer,2024-11-03
EMP01723,83278.19,15692.48,D014,Information officer,2024-08-04
EMP01724,113325.36,8226.0,D010,"Runner, broadcasting/film/video",2025-01-31
EMP01725,72473.22,4217.19,D003,Publishing rights manager,2024-07-18
EMP01726,85286.63,162.87,D005,Press sub,2024-10-01
EMP01727,76489.97,4398.34,D013,"Designer, graphic",2026-06-10
EMP01728,115950.83,8409.45,D010,Clinical biochemist,2026-02-19
EMP01729,129881.28,24005.26,D004,Petroleum engineer,2026-02-08
EMP01730,90466.18,7121.65,D019,Higher education lecturer,2024-09-13
EMP01731,122555.9,20550.73,D005,"Surveyor, planning and development",2025-02-26
EMP01732,112058.55,7980.24,D016,Financial risk analyst,2025-11-12
EMP01733,114175.12,6518.34,D018,Freight forwarder,2026-06-11
EMP01734,96174.61,15398.24,D018,Copy,2024-10-08
EMP01735,85877.15,6952.44,D003,Professor Emeritus,2025-11-22
EMP01736,163613.82,5911.4,D009,Technical sales engineer,2025-05-23
EMP01737,117325.65,8742.51,D006,Professor Emeritus,2023-11-09
EMP01738,75190.1,4819.22,D019,Fisheries officer,2025-03-10
EMP01739,95317.69,15818.66,D005,Audiological scientist,2024-05-15
EMP01740,144439.56,3749.48,D018,Ecologist,2024-08-01
EMP01741,125049.41,3443.48,D001,Television production assistant,2025-06-30
EMP01742,100309.06,4630.62,D014,Herbalist,2025-09-18
EMP01743,138521.75,23176.68,D004,Astronomer,2024-08-21
EMP01744,124524.85,19844.38,D001,Press sub,2024-10-02
EMP01745,115299.65,19089.44,D010,Tax adviser,2023-12-06
EMP01746,103942.04,4635.81,D012,Land,2025-09-24
EMP01747,76357.04,1077.37,D009,Purchasing manager,2026-05-10
EMP01748,157212.61,17072.97,D015,Dispensing optician,2025-02-06
EMP01749,96436.61,4228.79,D002,Location manager,2025-06-13
EMP01750,87022.38,12622.16,D009,Diplomatic Services operational officer,2025-08-13
EMP01751,84588.01,10937.73,D016,Analytical chemist,2025-08-25
EMP01752,114755.05,13719.37,D008,"Designer, industrial/product",2025-07-12
EMP01753,70508.22,10556.03,D016,Estate manager/land agent,2025-08-01
EMP01754,84008.01,5156.14,D012,Media planner,2024-10-02
EMP01755,126557.48,19869.57,D001,"Runner, broadcasting/film/video",2026-03-10
EMP01756,123226.61,7073.0,D003,Water quality scientist,2025-10-26
EMP01757,113803.87,5891.34,D019,"Engineer, maintenance",2026-07-13
EMP01758,78042.76,876.53,D019,Professor Emeritus,2025-07-31
EMP01759,112323.41,19163.0,D017,"Psychologist, counselling",2025-11-28
EMP01760,119834.98,2473.13,D017,Clinical research associate,2024-10-09
EMP01761,124127.79,20383.66,D006,"Designer, multimedia",2025-05-30
EMP01762,95653.43,16529.81,D008,Minerals surveyor,2024-10-13
EMP01763,141584.72,24292.01,D003,Sports coach,2024-09-16
EMP01764,120913.64,10883.01,D001,"Education officer, community",2024-06-30
EMP01765,137522.69,2530.14,D019,Software engineer,2024-06-21
EMP01766,133721.2,16527.03,D004,"Geneticist, molecular",2023-08-30
EMP01767,141215.48,9120.84,D008,Set designer,2023-08-29
EMP01768,138603.72,25165.0,D007,"Surveyor, land/geomatics",2024-06-27
EMP01769,147634.02,17656.46,D009,Toxicologist,2025-01-25
EMP01770,103141.18,1381.84,D016,Chartered accountant,2026-01-11
EMP01771,86206.59,6595.76,D020,"Therapist, art",2025-02-28
EMP01772,81613.0,9931.34,D008,Theme park manager,2024-04-15
EMP01773,130590.07,22992.36,D016,Hydrologist,2025-04-29
EMP01774,87345.39,10060.29,D012,Toxicologist,2025-02-20
EMP01775,104011.89,16713.55,D007,Materials engineer,2024-11-25
EMP01776,114707.07,5825.67,D001,Charity fundraiser,2025-07-04
EMP01777,98792.07,9877.32,D001,Music tutor,2024-11-25
EMP01778,127950.09,21018.6,D020,"Lecturer, further education",2024-09-18
EMP01779,121224.44,20116.93,D006,Television floor manager,2025-06-30
EMP01780,137813.51,6554.8,D015,Broadcast engineer,2026-05-15
EMP01781,73377.07,1437.4,D001,Television production assistant,2024-04-24
EMP01782,150358.93,19541.45,D008,Health and safety adviser,2024-05-28
EMP01783,71839.22,9835.98,D014,Interior and spatial designer,2026-03-03
EMP01784,88216.75,4255.83,D018,"Nurse, mental health",2023-11-18
EMP01785,118278.67,4899.21,D016,Hospital doctor,2025-03-01
EMP01786,66323.26,1051.45,D015,Hydrogeologist,2023-12-13
EMP01787,138960.2,25913.9,D003,Podiatrist,2025-09-24
EMP01788,82853.2,7225.57,D010,Food technologist,2024-09-19
EMP01789,97849.91,8408.04,D015,IT technical support officer,2024-06-21
EMP01790,125020.35,6174.35,D015,Cytogeneticist,2025-01-06
EMP01791,85024.2,14641.0,D010,Field seismologist,2025-09-18
EMP01792,68065.79,5391.62,D012,Television/film/video producer,2024-12-30
EMP01793,97923.68,9255.42,D015,Accounting technician,2024-02-13
EMP01794,136621.19,22610.68,D010,Air traffic controller,2024-03-27
EMP01795,92045.88,2247.77,D016,Further education lecturer,2026-06-05
EMP01796,72483.58,11009.44,D003,"Buyer, industrial",2023-11-08
EMP01797,114325.38,2095.99,D014,Metallurgist,2025-06-21
EMP01798,109869.4,11772.69,D001,"Doctor, general practice",2025-03-30
EMP01799,115991.22,14059.19,D009,Immunologist,2025-03-31
EMP01800,103596.27,12674.4,D017,"Designer, furniture",2024-04-15
EMP01801,98774.84,11418.45,D017,Secondary school teacher,2023-08-08
EMP01802,84048.02,7192.34,D018,Mining engineer,2025-12-06
EMP01803,78949.92,8180.43,D009,Research scientist (life sciences),2025-10-16
EMP01804,110340.18,21295.43,D017,Solicitor,2026-01-25
EMP01805,111181.41,19654.33,D015,Medical secretary,2024-06-06
EMP01806,107769.36,98.9,D017,Lawyer,2025-09-17
EMP01807,113435.3,3071.14,D012,Freight forwarder,2025-09-12
EMP01808,136262.28,6043.05,D013,"Research officer, political party",2024-09-15
EMP01809,88317.15,2430.45,D017,Acupuncturist,2024-11-07
EMP01810,116908.28,6739.64,D008,Broadcast presenter,2023-08-13
EMP01811,123002.88,10192.58,D016,Retail buyer,2025-08-01
EMP01812,118623.48,22879.63,D003,Theatre stage manager,2024-08-26
EMP01813,97775.83,11856.04,D013,"Psychotherapist, dance movement",2024-06-16
EMP01814,60184.04,10986.04,D016,Ranger/warden,2024-11-07
EMP01815,116249.63,11655.78,D017,Tour manager,2025-05-07
EMP01816,104930.08,14783.01,D001,Logistics and distribution manager,2024-11-06
EMP01817,102180.21,18789.57,D001,Armed forces technical officer,2024-01-16
EMP01818,108720.03,294.85,D002,Company secretary,2024-12-15
EMP01819,132637.7,22520.74,D011,Illustrator,2025-03-29
EMP01820,144615.81,4664.34,D016,Mining engineer,2023-10-21
EMP01821,155148.33,24619.46,D005,Production engineer,2024-10-12
EMP01822,125685.52,7937.47,D019,Armed forces logistics/support/administrative officer,2024-03-23
EMP01823,133132.24,20133.35,D003,Warden/ranger,2026-03-07
EMP01824,114196.12,14288.16,D012,Estate agent,2024-06-02
EMP01825,118168.11,278.34,D011,Pharmacologist,2025-05-12
EMP01826,127853.17,11667.28,D012,Recruitment consultant,2025-02-27
EMP01827,91632.3,13789.61,D018,Customer service manager,2025-06-15
EMP01828,130346.12,21022.4,D010,Lobbyist,2025-02-21
EMP01829,124761.21,24454.21,D013,Armed forces operational officer,2023-12-22
EMP01830,103229.79,1883.19,D014,"Conservation officer, historic buildings",2025-11-25
EMP01831,119825.41,1919.99,D016,Retail manager,2025-01-08
EMP01832,153868.93,22554.37,D004,Air broker,2023-12-06
EMP01833,115505.59,209.55,D013,Barista,2026-08-01
EMP01834,106171.21,5191.76,D019,Insurance claims handler,2024-06-30
EMP01835,107189.65,20513.25,D008,Camera operator,2024-06-08
EMP01836,74958.07,6814.16,D016,"Psychologist, clinical",2024-10-21
EMP01837,47907.72,4471.8,D006,Radio broadcast assistant,2024-02-23
EMP01838,68129.05,7952.83,D006,Amenity horticulturist,2025-06-09
EMP01839,123230.2,2936.38,D003,Research scientist (life sciences),2026-05-09
EMP01840,68712.03,6562.93,D016,Financial controller,2024-01-04
EMP01841,77272.64,15147.5,D014,Geophysicist/field seismologist,2025-01-19
EMP01842,152827.43,2986.35,D015,Pharmacologist,2024-02-16
EMP01843,123668.42,13115.76,D013,Archivist,2024-04-16
EMP01844,129118.28,17829.37,D015,Fish farm manager,2023-11-26
EMP01845,83594.27,10644.83,D001,Claims inspector/assessor,2026-07-06
EMP01846,147352.28,17101.6,D015,Patent attorney,2024-02-03
EMP01847,117280.47,17524.14,D012,Chief Technology Officer,2023-08-05
EMP01848,106484.16,19367.05,D004,Environmental consultant,2026-02-06
EMP01849,118652.38,4379.99,D016,Hydrogeologist,2025-12-22
EMP01850,122134.44,13201.0,D020,"Administrator, charities/voluntary organisations",2024-11-17
EMP01851,109932.65,16153.82,D013,Ranger/warden,2023-10-23
EMP01852,103476.23,9898.57,D011,Theatre manager,2026-04-21
EMP01853,119522.73,14669.51,D016,Waste management officer,2024-11-24
EMP01854,89087.83,200.3,D006,Conference centre manager,2024-09-01
EMP01855,67104.65,11546.38,D014,Chartered loss adjuster,2024-05-19
EMP01856,119252.14,19658.91,D018,Musician,2024-05-02
EMP01857,98708.93,5926.68,D014,"Geologist, wellsite",2026-03-11
EMP01858,126857.65,9087.51,D008,Maintenance engineer,2023-12-10
EMP01859,128570.1,13540.59,D004,Quarry manager,2026-02-23
EMP01860,116623.33,1571.22,D009,Jewellery designer,2024-02-26
EMP01861,73676.9,1480.59,D006,"Editor, film/video",2024-06-17
EMP01862,102259.16,2312.21,D007,Ranger/warden,2023-12-05
EMP01863,145148.82,16001.36,D011,Location manager,2025-02-14
EMP01864,121776.61,6251.13,D017,Homeopath,2025-06-04
EMP01865,92258.6,8166.08,D016,Editorial assistant,2024-04-06
EMP01866,93719.59,13950.7,D018,Retail buyer,2026-05-16
EMP01867,136593.06,8936.9,D004,"Engineer, drilling",2026-05-31
EMP01868,116039.5,15774.76,D011,Comptroller,2024-06-22
EMP01869,115146.24,20228.94,D017,"Surveyor, planning and development",2026-03-10
EMP01870,92463.58,442.0,D005,Office manager,2026-03-27
EMP01871,85558.51,9091.78,D020,Recruitment consultant,2025-09-25
EMP01872,137415.69,21632.29,D017,Retail buyer,2026-03-17
EMP01873,124326.95,5914.23,D020,Lexicographer,2025-04-17
EMP01874,108097.38,6374.61,D002,Chemical engineer,2024-03-15
EMP01875,44805.16,3511.95,D007,Marine scientist,2024-03-06
EMP01876,100807.26,11743.69,D003,Associate Professor,2023-12-22
EMP01877,108505.88,13848.79,D015,Pharmacologist,2025-09-22
EMP01878,118959.71,22078.29,D020,"Nurse, adult",2026-08-03
EMP01879,74645.03,1656.67,D008,"Scientist, research (life sciences)",2025-12-15
EMP01880,163723.66,6018.61,D003,Rural practice surveyor,2023-11-08
EMP01881,112166.57,14526.08,D004,Building control surveyor,2025-07-23
EMP01882,129017.17,14953.07,D019,"Loss adjuster, chartered",2023-12-20
EMP01883,104339.1,36.99,D010,Mechanical engineer,2024-04-13
EMP01884,43549.7,213.07,D014,Psychotherapist,2024-12-10
EMP01885,77844.94,9749.13,D003,Clinical molecular geneticist,2025-04-15
EMP01886,93994.04,11291.95,D011,"Journalist, broadcasting",2026-05-26
EMP01887,135946.51,6963.27,D012,Medical sales representative,2024-02-08
EMP01888,66344.53,12054.88,D007,Pathologist,2026-02-25
EMP01889,113704.24,9461.93,D001,Pension scheme manager,2025-09-13
EMP01890,101127.2,9528.08,D018,Catering manager,2024-09-14
EMP01891,108980.35,10257.71,D020,"Pharmacist, community",2023-09-07
EMP01892,109003.35,1984.83,D017,Patent examiner,2024-10-06
EMP01893,121407.83,3282.92,D006,"Surveyor, minerals",2025-01-02
EMP01894,99729.14,13317.54,D017,Television floor manager,2024-11-28
EMP01895,94310.35,5552.9,D020,Illustrator,2024-08-05
EMP01896,130258.56,9298.41,D014,Armed forces logistics/support/administrative officer,2026-01-13
EMP01897,104468.75,12325.71,D015,Systems developer,2025-10-25
EMP01898,147588.15,9542.12,D006,Film/video editor,2024-12-15
EMP01899,79735.37,9164.2,D010,Petroleum engineer,2026-04-10
EMP01900,82879.77,10894.61,D016,Field trials officer,2024-02-05
EMP01901,130066.96,2075.64,D010,Network engineer,2023-10-02
EMP01902,40000.0,2180.42,D008,Fitness centre manager,2026-03-25
EMP01903,63519.09,3593.28,D016,Orthoptist,2026-04-24
EMP01904,86086.94,10316.86,D013,"Administrator, education",2026-05-03
EMP01905,138813.51,15994.42,D004,Licensed conveyancer,2026-03-03
EMP01906,98590.11,9007.31,D007,"Teacher, adult education",2023-12-05
EMP01907,79302.5,10189.5,D017,Metallurgist,2023-10-09
EMP01908,155274.74,18752.63,D010,Interior and spatial designer,2023-11-26
EMP01909,106432.13,19418.68,D013,Communications engineer,2026-05-17
EMP01910,100293.71,9613.08,D004,Patent attorney,2025-03-07
EMP01911,99224.61,9586.88,D020,Commercial horticulturist,2023-08-08
EMP01912,102921.42,18963.61,D005,Building surveyor,2025-11-21
EMP01913,88093.44,14349.67,D001,English as a foreign language teacher,2024-02-13
EMP01914,83993.68,12453.05,D020,"Engineer, maintenance (IT)",2025-05-25
EMP01915,109914.68,16720.09,D012,Theatre manager,2023-10-17
EMP01916,94730.51,12415.37,D006,"Lecturer, higher education",2026-02-15
EMP01917,40000.0,1137.59,D002,Pathologist,2025-04-22
EMP01918,145187.37,1218.73,D017,Emergency planning/management officer,2024-06-25
EMP01919,125485.89,17274.81,D016,"Embryologist, clinical",2025-09-07
EMP01920,124822.57,18116.9,D020,"Conservator, museum/gallery",2024-08-14
EMP01921,145243.95,18928.77,D005,Games developer,2024-07-10
EMP01922,103096.72,9945.04,D001,Meteorologist,2023-11-22
EMP01923,97146.85,816.88,D013,Cabin crew,2023-09-24
EMP01924,61283.23,7905.07,D019,Sales promotion account executive,2026-05-15
EMP01925,116195.03,21639.77,D013,Database administrator,2026-07-21
EMP01926,75528.02,7339.16,D002,Midwife,2026-07-08
EMP01927,119635.78,1744.56,D007,Nutritional therapist,2023-12-11
EMP01928,116065.34,454.7,D004,Training and development officer,2024-05-05
EMP01929,86372.61,12884.9,D008,Operations geologist,2024-01-07
EMP01930,92928.62,16978.3,D018,Broadcast engineer,2023-10-07
EMP01931,55744.75,5897.19,D007,"Therapist, horticultural",2025-11-15
EMP01932,109745.55,7880.77,D019,"Conservation officer, historic buildings",2023-10-04
EMP01933,107649.67,1392.34,D008,Ceramics designer,2026-04-22
EMP01934,153351.16,26351.41,D005,Dance movement psychotherapist,2024-03-24
EMP01935,115984.72,3258.41,D001,"Pilot, airline",2026-03-23
EMP01936,101586.95,8539.23,D007,Tax inspector,2025-01-28
EMP01937,136177.17,21983.93,D014,"Production designer, theatre/television/film",2024-09-04
EMP01938,139515.86,24106.71,D013,Insurance underwriter,2024-07-19
EMP01939,154241.23,19256.18,D011,"Surveyor, insurance",2025-09-02
EMP01940,93885.17,14081.37,D014,Network engineer,2026-01-25
EMP01941,105196.91,9751.75,D001,TEFL teacher,2024-04-01
EMP01942,114083.17,19716.95,D013,"Radiographer, diagnostic",2024-03-07
EMP01943,105883.27,20543.95,D001,Surgeon,2026-06-05
EMP01944,75154.54,3351.95,D014,Industrial buyer,2024-01-11
EMP01945,119245.83,16816.01,D004,Secondary school teacher,2024-04-06
EMP01946,112880.92,10171.21,D016,Race relations officer,2024-10-17
EMP01947,144329.86,7892.36,D016,"Teacher, English as a foreign language",2026-02-18
EMP01948,84440.88,11091.14,D016,"Runner, broadcasting/film/video",2024-10-06
EMP01949,81738.63,11850.86,D012,Training and development officer,2025-05-17
EMP01950,135871.8,5551.14,D015,Osteopath,2024-06-04
EMP01951,116247.54,9000.62,D010,"Engineer, civil (consulting)",2025-08-22
EMP01952,115699.68,13442.66,D012,Chartered certified accountant,2026-07-02
EMP01953,115060.13,15895.51,D007,"Teacher, music",2025-10-26
EMP01954,159782.42,16902.91,D016,"Physicist, medical",2024-01-12
EMP01955,130630.3,726.34,D002,Environmental manager,2026-07-19
EMP01956,125371.88,5709.9,D016,Barrister,2026-05-01
EMP01957,110040.16,6562.53,D005,"Loss adjuster, chartered",2025-10-12
EMP01958,124789.64,6806.03,D012,"Designer, television/film set",2025-08-24
EMP01959,110868.66,1396.3,D005,"Research officer, trade union",2025-08-18
EMP01960,131754.66,14822.0,D018,Arts development officer,2026-04-16
EMP01961,105438.28,9922.84,D014,Gaffer,2024-09-18
EMP01962,82673.47,10504.12,D008,"Engineer, energy",2024-08-12
EMP01963,112653.23,14163.6,D010,Neurosurgeon,2024-03-29
EMP01964,147746.42,14240.44,D003,"Teacher, English as a foreign language",2024-10-05
EMP01965,86201.56,1038.77,D001,"Education officer, museum",2026-06-30
EMP01966,119379.77,15609.77,D015,Education administrator,2026-03-17
EMP01967,78292.71,510.89,D009,"Loss adjuster, chartered",2026-06-26
EMP01968,95829.11,6302.79,D007,"Surveyor, quantity",2026-07-07
EMP01969,138315.61,14699.15,D005,Careers information officer,2025-12-24
EMP01970,97653.53,10702.56,D017,"Pharmacist, hospital",2026-04-16
EMP01971,87976.76,8600.29,D018,Fitness centre manager,2025-02-09
EMP01972,128683.58,1349.56,D018,Contracting civil engineer,2026-01-05
EMP01973,139696.83,11767.37,D003,Farm manager,2026-05-14
EMP01974,159911.35,18784.92,D017,"Accountant, chartered management",2026-02-10
EMP01975,131181.27,23488.87,D007,Community arts worker,2024-07-27
EMP01976,91254.49,12772.46,D002,Contractor,2026-08-04
EMP01977,128499.68,2220.54,D004,Radiation protection practitioner,2025-07-23
EMP01978,104774.67,17366.51,D014,Herbalist,2026-02-06
EMP01979,89199.0,17407.2,D015,"Optician, dispensing",2025-05-21
EMP01980,140111.36,20903.74,D006,Theatre director,2025-05-29
EMP01981,83834.39,5226.16,D002,Administrator,2026-03-14
EMP01982,113807.32,21624.97,D015,Clinical psychologist,2023-12-06
EMP01983,84264.85,3555.57,D002,Ranger/warden,2024-09-18
EMP01984,136087.71,19911.23,D019,Newspaper journalist,2026-07-16
EMP01985,156785.52,14538.72,D009,"Engineer, electronics",2023-08-23
EMP01986,94204.38,16766.62,D012,Clinical cytogeneticist,2023-08-08
EMP01987,137230.88,21762.57,D003,Trading standards officer,2023-11-20
EMP01988,132204.35,18394.3,D015,Chemical engineer,2025-02-03
EMP01989,82647.74,13246.23,D015,"Teacher, English as a foreign language",2024-04-12
EMP01990,146079.87,8960.59,D004,Retail buyer,2024-05-26
EMP01991,107787.61,13169.54,D001,"Physicist, medical",2023-08-11
EMP01992,84848.12,691.23,D001,Financial planner,2025-09-20
EMP01993,91858.37,1725.8,D004,"Psychologist, prison and probation services",2024-11-20
EMP01994,91203.45,7461.19,D014,Adult guidance worker,2024-06-11
EMP01995,130927.62,17802.46,D002,"Scientist, research (physical sciences)",2023-09-18
EMP01996,81760.11,2344.72,D005,Medical laboratory scientific officer,2025-11-29
EMP01997,126400.82,23750.62,D013,Logistics and distribution manager,2023-09-20
EMP01998,145842.38,27935.22,D003,Equities trader,2025-05-25
EMP01999,123240.35,22643.32,D018,Network engineer,2024-09-14
EMP02000,143712.93,12330.11,D006,"Accountant, chartered management",2024-07-13
EMP02001,137077.85,6221.96,D018,Petroleum engineer,2025-10-04
EMP02002,88189.52,10525.54,D020,Dealer,2026-03-20
EMP02003,76151.98,4733.83,D016,Early years teacher,2026-03-22
EMP02004,82597.98,13323.31,D020,"Engineer, automotive",2024-05-02
EMP02005,73490.34,462.29,D001,"Administrator, charities/voluntary organisations",2024-05-11
EMP02006,127504.25,10592.24,D005,Patent attorney,2025-11-17
EMP02007,68777.05,2376.07,D015,Energy engineer,2024-07-17
EMP02008,105283.8,3969.69,D009,Magazine features editor,2024-09-25
EMP02009,100422.02,17961.42,D015,Pensions consultant,2024-01-19
EMP02010,114269.67,17051.17,D001,"Psychotherapist, dance movement",2025-06-08
EMP02011,81253.18,10080.67,D011,"Engineer, maintenance",2024-12-09
EMP02012,98487.01,18033.89,D020,Manufacturing engineer,2025-01-06
EMP02013,58752.97,2951.79,D010,Recycling officer,2024-02-23
EMP02014,125135.84,13219.3,D002,"Programme researcher, broadcasting/film/video",2025-05-12
EMP02015,99607.77,15265.59,D010,Midwife,2023-11-09
EMP02016,63893.88,11410.66,D016,"Nurse, adult",2025-11-05
EMP02017,99151.4,13576.72,D007,Web designer,2025-07-07
EMP02018,94266.49,12066.74,D012,Horticultural consultant,2023-10-23
EMP02019,72654.37,3013.19,D017,Dietitian,2025-12-30
EMP02020,108814.14,12840.73,D018,Translator,2024-10-24
EMP02021,119799.36,865.46,D001,"Scientist, research (life sciences)",2026-02-15
EMP02022,89541.98,12666.46,D011,Insurance broker,2026-04-17
EMP02023,101853.71,5447.82,D012,Bookseller,2026-07-13
EMP02024,118881.48,19133.6,D006,Accommodation manager,2025-02-02
EMP02025,67134.07,2729.68,D002,Hydrogeologist,2025-12-04
EMP02026,121064.17,1526.86,D015,Actuary,2024-04-14
EMP02027,90653.26,12102.84,D011,Animal technologist,2025-03-16
EMP02028,113167.39,18694.74,D020,"Engineer, water",2024-11-12
EMP02029,114692.06,1635.07,D006,"Designer, jewellery",2024-05-10
EMP02030,101498.64,17533.66,D011,"Psychotherapist, child",2024-03-25
EMP02031,129879.5,18234.4,D018,"Engineer, electronics",2025-06-19
EMP02032,128374.49,21774.24,D016,Adult nurse,2023-10-12
EMP02033,102335.25,18523.05,D014,Engineering geologist,2024-05-27
EMP02034,59842.24,7627.35,D016,Conference centre manager,2025-02-25
EMP02035,104127.26,10424.62,D016,Insurance account manager,2025-03-30
EMP02036,121550.19,13086.27,D020,"Scientist, research (physical sciences)",2025-11-03
EMP02037,88018.62,12201.43,D005,Ecologist,2025-05-21
EMP02038,96129.68,460.28,D016,"Producer, television/film/video",2024-05-15
EMP02039,129755.76,19131.46,D017,Industrial buyer,2024-09-03
EMP02040,99170.03,8658.35,D017,Museum/gallery curator,2025-01-10
EMP02041,79594.85,12582.54,D014,"Engineer, maintenance",2024-01-12
EMP02042,79654.16,2981.03,D019,"Journalist, broadcasting",2025-06-23
EMP02043,104359.43,12547.54,D010,Conference centre manager,2024-02-04
EMP02044,74977.35,10574.71,D013,Estate manager/land agent,2023-10-21
EMP02045,96104.19,13748.42,D007,Licensed conveyancer,2024-12-16
EMP02046,84308.75,14543.52,D004,Patent attorney,2025-04-02
EMP02047,168118.51,21578.51,D005,Catering manager,2025-02-14
EMP02048,139114.79,16630.63,D002,Commercial art gallery manager,2023-11-06
EMP02049,139875.15,1223.67,D001,"Surveyor, hydrographic",2026-02-12
EMP02050,130042.16,12950.77,D003,"Scientist, biomedical",2024-01-02
EMP02051,134930.89,23728.89,D011,Dentist,2024-05-22
EMP02052,118984.11,11995.64,D003,"Administrator, Civil Service",2025-02-03
EMP02053,81595.16,15177.9,D018,Financial manager,2024-08-06
EMP02054,112180.62,4072.1,D008,"Sound technician, broadcasting/film/video",2024-07-03
EMP02055,51668.69,2429.73,D009,"Accountant, chartered certified",2023-08-08
EMP02056,108289.07,12789.86,D007,"Pilot, airline",2026-02-09
EMP02057,89733.72,16798.81,D019,Television floor manager,2025-10-16
EMP02058,84244.6,769.64,D015,Landscape architect,2023-09-11
EMP02059,99331.01,6974.12,D002,Risk analyst,2023-12-23
EMP02060,142001.13,2816.26,D004,Passenger transport manager,2026-07-23
EMP02061,163390.67,3547.33,D009,Corporate treasurer,2025-08-01
EMP02062,122802.21,16400.12,D017,Broadcast engineer,2025-04-10
EMP02063,94956.72,4409.2,D002,"Surveyor, planning and development",2024-04-22
EMP02064,91379.5,964.33,D005,"Lecturer, higher education",2024-12-16
EMP02065,108572.13,7277.6,D010,"Engineer, communications",2025-05-05
EMP02066,95882.87,12920.37,D017,Bonds trader,2026-04-06
EMP02067,108582.29,5851.74,D008,"Civil engineer, contracting",2023-12-09
EMP02068,129251.96,17105.99,D013,Chief Marketing Officer,2023-11-16
EMP02069,161044.82,31059.04,D001,"Development worker, community",2023-12-05
EMP02070,95928.75,10783.55,D008,Retail buyer,2024-08-11
EMP02071,176905.05,20916.01,D019,Careers information officer,2024-06-22
EMP02072,117978.55,16697.9,D018,"Psychologist, prison and probation services",2023-11-27
EMP02073,126043.82,3009.84,D011,Radio producer,2025-12-31
EMP02074,64618.66,558.86,D009,Toxicologist,2023-09-07
EMP02075,134737.63,11660.2,D017,Air traffic controller,2023-09-26
EMP02076,125550.91,21784.89,D001,"Engineer, manufacturing systems",2025-08-21
EMP02077,82760.77,3227.76,D005,"Nurse, adult",2025-06-21
EMP02078,98338.45,8696.33,D011,Photographer,2024-05-30
EMP02079,145474.43,13444.99,D003,Musician,2026-01-11
EMP02080,98779.64,184.17,D018,"Nurse, learning disability",2025-08-16
EMP02081,159251.72,31306.28,D007,Estate manager/land agent,2024-11-14
EMP02082,108862.39,6349.08,D010,"Nurse, children's",2024-09-06
EMP02083,111852.35,10999.96,D003,Warehouse manager,2024-08-01
EMP02084,79471.43,9078.08,D001,Industrial buyer,2025-03-21
EMP02085,107164.28,5574.04,D017,Quantity surveyor,2026-07-09
EMP02086,49638.84,6065.65,D002,Economist,2026-04-30
EMP02087,120888.57,11373.17,D006,"Runner, broadcasting/film/video",2026-03-10
EMP02088,121934.47,21933.02,D019,"Buyer, retail",2023-12-29
EMP02089,86055.04,3126.18,D018,Fine artist,2026-07-12
EMP02090,77231.94,8779.0,D006,"Designer, interior/spatial",2025-03-26
EMP02091,104355.03,6513.58,D009,Patent examiner,2025-03-24
EMP02092,103910.98,3446.45,D018,"Journalist, newspaper",2026-06-24
EMP02093,142425.86,16005.18,D005,Television camera operator,2023-11-07
EMP02094,116208.92,6446.66,D013,"Scientist, biomedical",2025-04-15
EMP02095,90994.81,6328.57,D015,Health service manager,2026-02-14
EMP02096,65549.55,7809.57,D017,Legal secretary,2024-03-28
EMP02097,75161.94,1723.49,D010,Administrator,2025-10-02
EMP02098,87138.29,15388.53,D018,"Engineer, automotive",2025-12-15
EMP02099,98407.66,7734.17,D009,"Engineer, control and instrumentation",2024-05-11
EMP02100,60111.83,9212.06,D014,Regulatory affairs officer,2024-09-06
EMP02101,104687.69,8204.3,D017,Tree surgeon,2023-09-07
EMP02102,115809.72,5417.18,D001,Artist,2026-04-06
EMP02103,107523.56,4207.62,D016,Early years teacher,2024-08-04
EMP02104,115876.3,2044.65,D006,Tourist information centre manager,2026-07-24
EMP02105,91041.1,4681.73,D004,Health physicist,2024-09-16
EMP02106,80978.29,1462.42,D012,Airline pilot,2024-08-13
EMP02107,96630.84,10571.72,D007,Equality and diversity officer,2023-12-04
EMP02108,91363.69,247.61,D020,Recycling officer,2026-02-19
EMP02109,140853.98,7367.64,D008,Media planner,2024-09-09
EMP02110,149160.99,28547.35,D008,Engineering geologist,2025-05-16
EMP02111,40000.0,6588.85,D010,Location manager,2024-11-06
EMP02112,77181.74,8511.57,D016,"Engineer, civil (consulting)",2024-06-07
EMP02113,87121.39,12062.28,D011,Clinical cytogeneticist,2025-12-06
EMP02114,134242.43,26149.96,D001,"Engineer, control and instrumentation",2025-04-23
EMP02115,61301.53,9098.87,D020,"Designer, furniture",2025-09-02
EMP02116,78020.18,7103.27,D009,Fitness centre manager,2025-03-15
EMP02117,99545.52,5508.29,D019,Lobbyist,2024-03-21
EMP02118,117204.13,19218.45,D019,Computer games developer,2026-04-01
EMP02119,71573.41,10300.04,D007,Product/process development scientist,2026-06-14
EMP02120,169522.56,8296.39,D013,Landscape architect,2023-08-21
EMP02121,122256.31,18942.96,D006,Patent examiner,2024-12-12
EMP02122,95680.05,17959.36,D016,Production engineer,2025-11-19
EMP02123,67586.96,13041.4,D012,Chief Technology Officer,2026-01-09
EMP02124,90177.95,16471.08,D009,Television floor manager,2025-06-26
EMP02125,136108.43,9002.11,D020,"Lighting technician, broadcasting/film/video",2023-11-14
EMP02126,147372.54,21743.49,D002,Art gallery manager,2025-12-21
EMP02127,143200.6,27042.05,D003,Fisheries officer,2023-08-18
EMP02128,125095.83,24676.18,D002,Audiological scientist,2024-03-18
EMP02129,108299.92,15085.34,D005,Merchant navy officer,2023-08-24
EMP02130,132989.85,18910.35,D005,Operational researcher,2023-12-05
EMP02131,102735.42,8953.11,D006,Retail banker,2023-10-13
EMP02132,90502.93,8270.82,D020,"Programme researcher, broadcasting/film/video",2024-06-06
EMP02133,72853.14,14520.12,D008,"Surveyor, building control",2024-01-27
EMP02134,108538.4,6035.96,D010,Biomedical engineer,2024-02-21
EMP02135,133367.18,19206.95,D014,"Programmer, multimedia",2024-08-12
EMP02136,99473.71,2967.78,D001,Broadcast engineer,2025-03-19
EMP02137,135985.81,12112.95,D016,Comptroller,2024-12-04
EMP02138,149242.88,23685.33,D007,Occupational therapist,2025-08-12
EMP02139,104362.21,6991.8,D008,Landscape architect,2023-12-22
EMP02140,108237.56,16971.52,D020,"Designer, blown glass/stained glass",2024-12-18
EMP02141,77029.69,8659.23,D002,Herpetologist,2024-05-11
EMP02142,98705.71,4072.62,D019,Writer,2023-11-01
EMP02143,86897.24,10804.61,D013,"Horticulturist, commercial",2025-10-25
EMP02144,123334.44,7065.97,D012,Special educational needs teacher,2024-03-18
EMP02145,156365.85,9531.55,D004,Trade mark attorney,2026-01-25
EMP02146,141203.38,800.56,D010,Building surveyor,2023-08-20
EMP02147,150349.51,907.76,D012,"Restaurant manager, fast food",2025-03-02
EMP02148,154263.08,21701.08,D012,Market researcher,2025-09-17
EMP02149,106748.79,8701.03,D011,"Designer, jewellery",2024-07-29
EMP02150,122603.57,725.54,D020,Tour manager,2026-07-18
EMP02151,133651.98,22120.27,D007,Risk analyst,2025-12-25
EMP02152,128421.75,18680.41,D004,Field seismologist,2025-01-23
EMP02153,59397.08,5128.93,D019,"Runner, broadcasting/film/video",2026-03-19
EMP02154,165118.28,24472.92,D009,Retail buyer,2024-08-06
EMP02155,97118.03,3047.03,D008,"Doctor, general practice",2024-02-29
EMP02156,62446.24,9526.2,D019,"Accountant, chartered management",2023-11-30
EMP02157,127644.59,15320.5,D007,"Buyer, retail",2023-12-07
EMP02158,132912.51,8404.68,D019,Land,2025-03-03
EMP02159,121755.81,20486.93,D006,Community arts worker,2024-08-07
EMP02160,98863.39,7018.94,D007,Health and safety inspector,2023-09-05
EMP02161,139706.78,10750.74,D009,Theatre manager,2026-03-17
EMP02162,94346.09,8487.75,D012,"Psychologist, sport and exercise",2025-02-23
EMP02163,75871.66,7918.85,D002,Private music teacher,2025-06-23
EMP02164,149194.2,10925.42,D007,Research scientist (maths),2026-04-19
EMP02165,105236.89,21011.53,D020,Patent attorney,2026-02-03
EMP02166,106239.74,18004.27,D004,"Geologist, wellsite",2023-08-22
EMP02167,73806.19,875.64,D016,"Teacher, special educational needs",2023-08-25
EMP02168,135220.21,1755.63,D006,Chartered public finance accountant,2025-03-25
EMP02169,102267.59,19457.52,D006,Financial trader,2023-09-18
EMP02170,119248.06,2247.67,D019,Office manager,2024-07-27
EMP02171,96158.0,17348.62,D009,Chartered accountant,2024-06-01
EMP02172,70766.41,9636.3,D017,Osteopath,2024-07-25
EMP02173,108498.19,18837.6,D017,Management consultant,2025-06-13
EMP02174,149865.2,22962.15,D008,Prison officer,2025-03-30
EMP02175,126742.5,14550.85,D010,Patent attorney,2026-04-19
EMP02176,72191.97,12616.7,D019,Logistics and distribution manager,2025-04-21
EMP02177,100375.35,8176.68,D011,"Copywriter, advertising",2024-02-17
EMP02178,54558.32,10524.62,D006,Rural practice surveyor,2025-01-27
EMP02179,101283.48,14958.54,D016,Dietitian,2025-04-05
EMP02180,85897.61,5276.74,D011,Contractor,2026-07-21
EMP02181,119397.34,12607.25,D013,Naval architect,2023-12-25
EMP02182,112746.48,1947.96,D008,Clinical embryologist,2024-08-26
EMP02183,116677.44,9429.27,D001,Tax inspector,2025-05-04
EMP02184,135362.43,17199.25,D018,Land,2026-05-31
EMP02185,87854.89,4246.86,D019,Geophysical data processor,2024-08-19
EMP02186,125211.0,20316.36,D012,"Surveyor, rural practice",2026-04-22
EMP02187,147491.42,11117.54,D004,Aeronautical engineer,2025-11-01
EMP02188,107253.86,15028.92,D015,"Conservator, museum/gallery",2024-03-30
EMP02189,95662.7,17353.32,D017,"Surveyor, quantity",2025-04-09
EMP02190,101442.97,6216.45,D003,Industrial/product designer,2026-02-07
EMP02191,158036.28,22639.37,D012,"Surveyor, planning and development",2025-07-15
EMP02192,109134.18,4026.87,D004,General practice doctor,2023-10-29
EMP02193,113681.77,12368.82,D012,Telecommunications researcher,2025-09-23
EMP02194,113690.67,14384.43,D015,Housing manager/officer,2025-10-14
EMP02195,108709.1,15203.09,D013,Energy manager,2026-07-06
EMP02196,90606.17,6008.19,D002,Furniture conservator/restorer,2026-05-03
EMP02197,78729.63,833.71,D006,IT consultant,2024-05-22
EMP02198,103070.25,5426.72,D008,Proofreader,2024-07-01
EMP02199,100917.74,9864.14,D001,Quantity surveyor,2024-07-13
EMP02200,104457.77,12965.44,D015,Outdoor activities/education manager,2026-07-07
EMP02201,146557.12,763.06,D005,Nutritional therapist,2024-05-18
EMP02202,69904.02,203.87,D012,Camera operator,2026-04-16
EMP02203,82641.36,1691.75,D016,Field seismologist,2025-05-15
EMP02204,125099.31,8992.92,D007,Special effects artist,2024-01-12
EMP02205,117683.9,19224.73,D012,Social worker,2025-03-15
EMP02206,128842.21,22996.07,D016,Press sub,2026-03-21
EMP02207,104056.96,12107.13,D003,Lobbyist,2024-05-16
EMP02208,110323.02,21144.11,D005,"Librarian, public",2025-11-02
EMP02209,103053.53,16431.5,D008,"Administrator, sports",2026-04-15
EMP02210,116301.05,410.91,D006,Analytical chemist,2024-06-13
EMP02211,124955.24,23274.09,D010,Television floor manager,2024-04-26
EMP02212,53565.54,1194.02,D008,Chemical engineer,2024-04-26
EMP02213,118367.16,1121.99,D016,Mental health nurse,2026-01-25
EMP02214,127010.48,8460.28,D020,"Therapist, music",2024-02-20
EMP02215,104118.69,18211.44,D010,Logistics and distribution manager,2025-07-10
EMP02216,96543.56,16463.0,D004,Office manager,2024-08-12
EMP02217,130483.48,23414.83,D017,"Producer, radio",2023-12-03
EMP02218,148795.99,11761.18,D010,"Scientist, biomedical",2024-01-21
EMP02219,83174.2,2562.14,D018,Emergency planning/management officer,2024-03-29
EMP02220,78683.67,14121.42,D008,Curator,2024-04-19
EMP02221,97828.52,3538.75,D001,"Engineer, manufacturing",2025-05-07
EMP02222,99198.17,2888.74,D018,"Surveyor, rural practice",2024-04-05
EMP02223,98621.35,9807.99,D004,Medical sales representative,2025-10-22
EMP02224,116235.34,7059.44,D012,"Therapist, art",2024-10-31
EMP02225,104956.1,8791.44,D005,Emergency planning/management officer,2024-06-30
EMP02226,89697.28,17263.69,D008,Music therapist,2026-06-03
EMP02227,97695.82,8219.15,D004,"Administrator, local government",2024-07-05
EMP02228,106695.71,9429.81,D018,Commercial horticulturist,2026-02-15
EMP02229,146171.38,2212.14,D009,TEFL teacher,2026-06-29
EMP02230,136542.3,19851.3,D014,Higher education careers adviser,2025-12-01
EMP02231,127462.65,1362.52,D009,Chartered loss adjuster,2024-06-05
EMP02232,132436.16,6398.09,D007,"Designer, exhibition/display",2025-08-27
EMP02233,145923.08,8078.04,D006,Psychiatric nurse,2024-03-15
EMP02234,100336.86,19488.82,D010,Airline pilot,2024-07-27
EMP02235,108404.72,10681.1,D016,Pathologist,2023-09-22
EMP02236,82914.48,8175.21,D004,Music therapist,2025-04-30
EMP02237,121834.75,4436.89,D018,Claims inspector/assessor,2025-07-31
EMP02238,128914.51,510.38,D003,"Surveyor, planning and development",2025-05-03
EMP02239,96497.24,14972.39,D017,Land,2026-05-15
EMP02240,115124.04,7783.94,D006,Event organiser,2023-12-05
EMP02241,137234.5,18673.05,D006,Outdoor activities/education manager,2024-09-29
EMP02242,151649.27,14334.17,D019,Animal nutritionist,2026-01-10
EMP02243,123540.39,3172.46,D010,Set designer,2026-01-23
EMP02244,110071.81,17070.55,D020,"Research officer, government",2025-07-28
EMP02245,74890.73,14159.48,D016,Social researcher,2026-07-05
EMP02246,141849.23,22966.28,D016,Architectural technologist,2024-09-21
EMP02247,134103.74,12429.82,D019,Primary school teacher,2026-07-06
EMP02248,155037.43,29961.96,D004,Copy,2023-10-21
EMP02249,142537.28,12617.86,D002,Academic librarian,2025-02-28
EMP02250,153563.13,21946.5,D016,Counselling psychologist,2023-09-02
EMP02251,40000.0,5850.12,D002,Air cabin crew,2025-09-13
EMP02252,92211.8,10140.08,D008,Environmental health practitioner,2023-09-02
EMP02253,118953.62,11023.47,D008,"Engineer, site",2024-03-18
EMP02254,94759.73,17554.57,D004,Statistician,2025-05-19
EMP02255,99685.95,2471.19,D009,Stage manager,2023-12-15
EMP02256,150814.31,15917.5,D020,Chiropodist,2024-06-15
EMP02257,141834.03,5375.95,D020,Broadcast engineer,2024-07-04
EMP02258,107073.45,8712.64,D008,"Designer, industrial/product",2026-06-17
EMP02259,53755.63,8202.45,D001,"Administrator, arts",2025-10-09
EMP02260,51164.07,6993.8,D019,Technical brewer,2025-07-23
EMP02261,62047.78,6610.11,D010,Waste management officer,2025-08-01
EMP02262,113949.78,7397.75,D014,Physiotherapist,2026-06-14
EMP02263,130007.87,8105.3,D012,Occupational hygienist,2024-07-01
EMP02264,79312.57,2837.41,D011,Publishing rights manager,2025-10-10
EMP02265,84802.14,10640.13,D003,Phytotherapist,2024-03-08
EMP02266,115494.82,3273.51,D008,English as a second language teacher,2026-01-02
EMP02267,123160.02,4992.97,D017,Probation officer,2024-07-14
EMP02268,107928.41,21349.54,D001,"Development worker, community",2023-10-10
EMP02269,105212.99,79.37,D019,Adult guidance worker,2024-01-22
EMP02270,127485.0,23237.55,D014,"Engineer, communications",2024-03-22
EMP02271,99958.0,6469.14,D005,"Producer, radio",2023-11-24
EMP02272,85527.05,12765.43,D010,Environmental health practitioner,2024-05-05
EMP02273,105668.34,20409.96,D020,Hotel manager,2023-08-06
EMP02274,76043.51,9981.56,D012,Fitness centre manager,2024-02-28
EMP02275,87362.48,9374.5,D012,Retail manager,2026-02-15
EMP02276,126878.85,4249.32,D008,Environmental manager,2026-05-25
EMP02277,90341.35,14273.84,D005,Mining engineer,2026-05-04
EMP02278,94911.44,11258.9,D016,Medical illustrator,2023-09-24
EMP02279,89645.86,17126.36,D011,Petroleum engineer,2025-08-30
EMP02280,139858.93,9625.77,D016,Radiation protection practitioner,2025-11-14
EMP02281,102751.29,9279.86,D010,Academic librarian,2024-02-27
EMP02282,137980.02,22357.13,D007,Psychiatrist,2024-01-09
EMP02283,158016.56,4674.13,D015,Chiropractor,2026-06-08
EMP02284,117403.31,6207.88,D019,TEFL teacher,2026-04-09
EMP02285,70216.12,12015.26,D017,"Accountant, chartered",2025-12-25
EMP02286,133364.28,5606.01,D018,"Loss adjuster, chartered",2024-01-30
EMP02287,130425.23,23570.96,D006,"Optician, dispensing",2024-05-25
EMP02288,92457.96,16736.09,D011,"Journalist, magazine",2024-09-02
EMP02289,160181.33,11141.74,D016,Recycling officer,2026-05-08
EMP02290,120352.19,14711.6,D001,Historic buildings inspector/conservation officer,2023-12-01
EMP02291,89003.44,1780.0,D006,"Engineer, biomedical",2025-02-27
EMP02292,114480.75,6481.67,D002,Theme park manager,2024-11-29
EMP02293,79298.75,12891.67,D019,Orthoptist,2024-07-02
EMP02294,85290.82,10706.46,D005,Records manager,2023-09-13
EMP02295,105152.33,16846.79,D019,Purchasing manager,2024-03-08
EMP02296,130959.99,25643.31,D008,Analytical chemist,2026-05-14
EMP02297,101219.12,11178.28,D014,"Investment banker, corporate",2024-06-24
EMP02298,133327.94,18588.33,D005,Gaffer,2024-10-17
EMP02299,134446.22,11019.71,D012,"Nurse, adult",2025-12-12
EMP02300,69715.89,8359.83,D017,"Production designer, theatre/television/film",2026-07-16
EMP02301,168900.9,27675.54,D019,"Engineer, drilling",2024-09-23
EMP02302,121672.99,7689.84,D002,Tourist information centre manager,2026-05-07
EMP02303,97300.62,1081.19,D006,Financial planner,2024-09-27
EMP02304,121243.34,6813.37,D008,Call centre manager,2025-05-12
EMP02305,92856.6,6670.49,D017,"Nurse, children's",2024-07-22
EMP02306,79605.12,6468.74,D018,Food technologist,2025-01-26
EMP02307,96472.75,1747.63,D020,"Therapist, speech and language",2025-09-20
EMP02308,93705.53,7242.55,D004,"Accountant, chartered public finance",2024-07-21
EMP02309,125512.97,11186.26,D019,Therapeutic radiographer,2025-10-23
EMP02310,119216.61,4488.77,D014,Licensed conveyancer,2026-02-10
EMP02311,89891.85,14063.12,D017,Geoscientist,2026-01-28
EMP02312,99294.7,127.94,D009,"Physicist, medical",2024-11-20
EMP02313,114999.27,16176.88,D010,Stage manager,2024-09-17
EMP02314,129610.97,23249.77,D018,Site engineer,2023-10-03
EMP02315,93826.87,12520.04,D004,Research scientist (life sciences),2024-08-17
EMP02316,120553.51,7621.72,D007,Financial adviser,2025-08-15
EMP02317,84042.69,13182.93,D009,Arts administrator,2024-04-03
EMP02318,138222.77,13478.54,D006,Manufacturing systems engineer,2024-10-18
EMP02319,81543.66,13451.52,D017,"Scientist, forensic",2023-09-19
EMP02320,54210.47,5930.86,D003,Retail buyer,2023-09-23
EMP02321,141239.14,14108.76,D018,"Pilot, airline",2024-06-19
EMP02322,144362.72,17996.68,D019,"Social research officer, government",2024-05-24
EMP02323,132260.3,25137.38,D008,Company secretary,2025-07-27
EMP02324,131077.59,7811.83,D007,Barrister,2025-11-21
EMP02325,118999.45,18768.18,D012,"Designer, multimedia",2026-03-30
EMP02326,118579.44,1018.88,D006,Lawyer,2025-10-26
EMP02327,119682.7,16275.35,D020,"Engineer, petroleum",2025-08-09
EMP02328,115733.93,4383.03,D010,Chief Marketing Officer,2026-05-29
EMP02329,75970.01,10894.87,D004,Copy,2025-07-14
EMP02330,104367.6,8328.17,D011,Theme park manager,2024-10-23
EMP02331,93068.41,13960.17,D018,"Editor, commissioning",2023-11-10
EMP02332,99425.57,16180.75,D013,"Pharmacist, hospital",2023-08-12
EMP02333,161857.64,27018.84,D014,Personnel officer,2026-03-15
EMP02334,77057.22,10643.95,D006,Conference centre manager,2025-07-15
EMP02335,132305.39,20738.08,D009,Interpreter,2024-11-16
EMP02336,85655.07,16850.01,D001,Glass blower/designer,2023-09-11
EMP02337,73579.46,10000.38,D005,Research scientist (life sciences),2023-11-30
EMP02338,107462.37,21397.6,D017,Rural practice surveyor,2026-06-08
EMP02339,70009.8,10776.23,D004,Art therapist,2025-02-23
EMP02340,84582.74,7204.3,D004,Amenity horticulturist,2024-11-22
EMP02341,89984.05,4891.7,D019,"Surveyor, rural practice",2026-05-11
EMP02342,128239.35,2419.16,D013,Land,2025-03-25
EMP02343,155559.33,5060.54,D012,"Scientist, clinical (histocompatibility and immunogenetics)",2026-07-28
EMP02344,110892.96,20220.22,D014,Arts development officer,2025-05-20
EMP02345,72025.91,1403.58,D003,Information officer,2024-01-15
EMP02346,113052.52,12200.63,D014,"Administrator, education",2026-03-01
EMP02347,134045.03,18275.9,D013,Chemical engineer,2025-01-28
EMP02348,74665.74,7426.31,D007,Hospital doctor,2025-05-30
EMP02349,107745.92,20124.73,D013,Nature conservation officer,2025-11-07
EMP02350,130968.86,24796.01,D009,Community education officer,2024-02-20
EMP02351,104698.78,1335.4,D014,Interpreter,2023-09-17
EMP02352,86765.59,10216.87,D015,Translator,2025-11-06
EMP02353,121152.6,19454.28,D019,"Psychologist, sport and exercise",2025-03-10
EMP02354,92953.69,9053.79,D018,"Administrator, Civil Service",2025-07-23
EMP02355,156133.17,8540.22,D009,Architect,2024-01-18
EMP02356,72254.43,14421.03,D002,Agricultural engineer,2025-07-05
EMP02357,125097.9,5014.67,D019,Building services engineer,2024-10-27
EMP02358,75050.09,52.14,D001,TEFL teacher,2026-07-15
EMP02359,92924.14,7262.92,D016,Automotive engineer,2025-08-30
EMP02360,129599.54,11045.89,D003,Animal nutritionist,2025-03-20
EMP02361,136128.91,14217.04,D007,"Production designer, theatre/television/film",2026-07-03
EMP02362,147471.21,28869.75,D020,"Engineer, manufacturing systems",2025-01-29
EMP02363,141070.8,10968.66,D011,"Scientist, physiological",2026-02-04
EMP02364,114617.54,18596.12,D013,Risk manager,2025-09-05
EMP02365,128039.25,6620.52,D015,IT consultant,2023-08-30
EMP02366,104451.28,19489.25,D014,Furniture designer,2025-12-17
EMP02367,115478.48,6253.1,D014,"Nurse, children's",2024-03-06
EMP02368,104529.29,17271.27,D008,Prison officer,2025-11-06
EMP02369,162884.79,9302.54,D006,Exhibition designer,2024-02-03
EMP02370,71533.7,6854.78,D017,Insurance broker,2024-03-10
EMP02371,148548.44,29648.4,D011,Research scientist (maths),2024-05-10
EMP02372,112852.6,21123.97,D020,Heritage manager,2026-02-18
EMP02373,106285.54,19935.33,D001,Financial planner,2023-11-26
EMP02374,102786.84,4935.96,D001,Operational investment banker,2024-08-01
EMP02375,125845.73,15657.24,D015,"Teacher, primary school",2026-03-22
EMP02376,109525.03,15508.01,D003,Exhibition designer,2025-09-02
EMP02377,120029.76,23612.7,D017,"Teacher, secondary school",2026-04-10
EMP02378,89603.55,144.83,D017,Amenity horticulturist,2025-08-29
EMP02379,53661.27,2628.07,D014,"Surveyor, building",2024-09-29
EMP02380,79329.98,2297.66,D020,Trade mark attorney,2023-09-21
EMP02381,72276.43,8108.37,D005,Health and safety adviser,2025-01-21
EMP02382,93770.25,13565.44,D018,Civil Service fast streamer,2025-07-03
EMP02383,124272.29,7010.6,D005,"Engineer, materials",2025-04-07
EMP02384,94457.11,18394.38,D006,Clinical biochemist,2026-07-28
EMP02385,142519.53,27400.2,D001,"Teacher, special educational needs",2026-06-10
EMP02386,92483.8,16902.78,D001,Set designer,2024-01-31
EMP02387,142720.0,25357.75,D003,"Investment banker, corporate",2025-05-15
EMP02388,127720.06,17091.63,D006,Teaching laboratory technician,2025-06-09
EMP02389,92162.77,17849.18,D020,Multimedia specialist,2023-10-29
EMP02390,104814.28,12816.32,D013,Research scientist (medical),2024-01-19
EMP02391,132558.07,6439.24,D014,Broadcast journalist,2026-04-29
EMP02392,128749.99,4157.33,D011,"Scientist, research (physical sciences)",2026-04-02
EMP02393,122647.45,11681.43,D002,English as a foreign language teacher,2025-01-14
EMP02394,101929.12,19020.56,D009,Customer service manager,2024-01-06
EMP02395,114294.81,5957.78,D003,Clinical embryologist,2024-12-30
EMP02396,107260.2,13336.72,D013,"Engineer, control and instrumentation",2025-02-12
EMP02397,99342.53,5990.24,D014,"Administrator, Civil Service",2024-03-17
EMP02398,77710.42,306.19,D008,Maintenance engineer,2025-02-20
EMP02399,93245.5,11268.13,D007,Hospital doctor,2023-09-02
EMP02400,99824.04,4556.55,D019,Comptroller,2026-03-15
EMP02401,147796.82,22700.34,D006,Special educational needs teacher,2024-01-29
EMP02402,138068.62,23026.57,D003,Forensic scientist,2024-05-18
EMP02403,122966.13,263.04,D018,Economist,2026-03-26
EMP02404,136980.57,25723.89,D011,Mechanical engineer,2025-04-28
EMP02405,85673.19,736.52,D020,Broadcast journalist,2026-01-16
EMP02406,69050.92,13526.35,D009,Civil Service administrator,2025-02-24
EMP02407,123861.25,7399.19,D020,Chartered legal executive (England and Wales),2025-03-25
EMP02408,129377.68,23179.39,D017,Television floor manager,2025-01-24
EMP02409,133443.08,22383.51,D013,Architectural technologist,2026-01-25
EMP02410,84191.42,9066.81,D016,"Engineer, chemical",2024-01-04
EMP02411,91739.88,16801.98,D002,Manufacturing engineer,2024-12-20
EMP02412,126861.23,14926.35,D003,Tourist information centre manager,2026-04-19
EMP02413,149476.79,3318.09,D014,Hydrologist,2025-02-12
EMP02414,128741.86,10787.36,D001,"Administrator, education",2024-03-03
EMP02415,150893.31,13197.04,D004,Technical brewer,2025-10-16
EMP02416,123010.18,21180.05,D003,Hospital doctor,2024-07-28
EMP02417,121184.15,12443.51,D005,Dietitian,2024-10-29
EMP02418,137794.9,13923.79,D010,Technical brewer,2025-12-14
EMP02419,132364.93,6320.71,D004,Heritage manager,2025-01-14
EMP02420,83812.38,11158.31,D006,Biomedical scientist,2024-06-12
EMP02421,100773.85,19853.12,D016,"Education officer, community",2024-11-27
EMP02422,183485.66,15744.91,D012,Interior and spatial designer,2025-05-14
EMP02423,113744.85,17228.89,D014,Systems analyst,2026-07-25
EMP02424,82078.07,16023.43,D003,"Production assistant, radio",2026-04-25
EMP02425,98305.6,17419.73,D016,Wellsite geologist,2023-08-28
EMP02426,73504.65,12637.36,D011,Theme park manager,2024-04-28
EMP02427,89436.94,15042.24,D004,Animator,2023-12-20
EMP02428,134311.92,16452.55,D010,Estate agent,2024-12-19
EMP02429,81220.36,16056.35,D004,Corporate treasurer,2026-03-14
EMP02430,115381.8,17483.23,D019,Fine artist,2023-12-18
EMP02431,147629.51,27647.91,D001,"Surveyor, insurance",2023-08-12
EMP02432,62329.82,2055.59,D017,Special effects artist,2024-12-09
EMP02433,91894.73,854.68,D015,Product/process development scientist,2024-03-16
EMP02434,123011.5,3683.91,D007,Personal assistant,2025-03-18
EMP02435,95513.53,7151.02,D017,Psychotherapist,2026-04-01
EMP02436,99656.93,1031.18,D001,Neurosurgeon,2025-04-09
EMP02437,136008.31,17781.71,D007,Planning and development surveyor,2024-12-02
EMP02438,90133.79,794.59,D020,Animator,2024-12-04
EMP02439,108534.23,6124.82,D012,Naval architect,2025-05-25
EMP02440,86313.47,396.8,D014,Diagnostic radiographer,2023-09-08
EMP02441,127743.04,18611.62,D006,"Scientist, research (physical sciences)",2025-12-24
EMP02442,84314.18,2752.39,D016,Technical brewer,2024-05-25
EMP02443,101785.94,4344.9,D019,IT consultant,2026-07-26
EMP02444,151545.37,13300.64,D008,Building services engineer,2026-04-02
EMP02445,103435.24,5558.71,D002,"Engineer, drilling",2024-05-08
EMP02446,106709.6,21048.48,D002,Insurance claims handler,2025-03-29
EMP02447,68464.91,3001.52,D003,Adult guidance worker,2026-03-31
EMP02448,138770.37,13007.84,D020,"Engineer, petroleum",2026-05-27
EMP02449,53500.0,10139.68,D008,"Surveyor, rural practice",2026-03-06
EMP02450,102157.97,6533.74,D013,Veterinary surgeon,2026-05-11
EMP02451,87899.72,11688.8,D011,"Psychotherapist, dance movement",2023-10-20
EMP02452,110280.97,1156.99,D008,Statistician,2024-01-13
EMP02453,115175.31,12214.77,D020,Engineering geologist,2023-12-05
EMP02454,117196.27,19489.51,D012,"Social research officer, government",2024-11-17
EMP02455,104608.24,14573.87,D019,"Psychologist, clinical",2025-10-23
EMP02456,152203.67,13657.18,D008,Historic buildings inspector/conservation officer,2025-08-06
EMP02457,106742.96,18695.74,D016,Horticultural therapist,2026-02-20
EMP02458,123530.94,752.98,D019,"Engineer, broadcasting (operations)",2025-04-24
EMP02459,128154.22,21484.38,D009,Advertising art director,2025-08-09
EMP02460,101371.21,10876.94,D015,"Secretary, company",2024-07-24
EMP02461,85521.32,12385.23,D018,Chiropodist,2024-12-07
EMP02462,84668.46,16084.0,D009,"Sales professional, IT",2026-07-05
EMP02463,115231.87,10125.7,D006,"Engineer, chemical",2026-03-12
EMP02464,137402.01,5564.95,D010,Orthoptist,2025-12-21
EMP02465,126887.59,15355.31,D006,Field trials officer,2025-05-15
EMP02466,130403.95,4615.36,D009,"Designer, multimedia",2024-12-17
EMP02467,92786.29,8650.84,D008,"Teacher, adult education",2024-11-08
EMP02468,147527.89,10351.82,D010,"Engineer, energy",2024-04-01
EMP02469,79875.88,10088.35,D005,Youth worker,2026-08-04
EMP02470,83734.11,10518.0,D009,Product/process development scientist,2025-05-31
EMP02471,130933.83,21200.86,D017,Actuary,2023-09-24
EMP02472,84139.42,4279.64,D015,Education administrator,2024-07-15
EMP02473,75507.17,13094.69,D008,Musician,2024-12-25
EMP02474,72823.33,11537.98,D007,Museum/gallery exhibitions officer,2025-10-24
EMP02475,128817.85,4751.92,D012,Financial manager,2025-09-01
EMP02476,96204.24,11798.19,D009,"Sales professional, IT",2024-06-22
EMP02477,99019.12,13102.57,D012,Dietitian,2026-05-20
EMP02478,117920.22,5303.14,D005,"Accountant, chartered management",2025-12-12
EMP02479,86252.73,16247.98,D015,Public house manager,2023-09-08
EMP02480,81948.2,10765.93,D011,Community education officer,2026-04-29
EMP02481,141159.39,5933.53,D016,Magazine features editor,2024-11-06
EMP02482,99405.36,17854.37,D012,Insurance broker,2025-02-04
EMP02483,87725.0,1112.46,D019,"Surveyor, land/geomatics",2023-11-20
EMP02484,121743.11,3426.86,D008,Cartographer,2025-05-31
EMP02485,133287.88,22674.63,D001,Structural engineer,2025-08-23
EMP02486,67590.58,2481.27,D003,"Journalist, magazine",2026-04-23
EMP02487,108888.05,11477.5,D013,Commercial/residential surveyor,2024-01-10
EMP02488,81710.9,16160.37,D018,Environmental education officer,2024-10-19
EMP02489,103633.8,20714.56,D017,Environmental health practitioner,2025-03-03
EMP02490,93677.28,6070.2,D015,Civil Service fast streamer,2025-05-04
EMP02491,84975.64,11376.56,D008,Careers adviser,2024-08-01
EMP02492,107341.46,6824.56,D001,"Psychotherapist, dance movement",2025-04-18
EMP02493,152174.29,30132.73,D010,Sales executive,2023-09-07
EMP02494,133761.18,19837.36,D018,Patent examiner,2024-01-25
EMP02495,109556.61,9804.51,D010,Banker,2023-08-10
EMP02496,136450.78,26413.81,D004,Licensed conveyancer,2023-10-04
EMP02497,126810.64,9709.31,D002,Primary school teacher,2024-11-17
EMP02498,148962.91,10253.24,D017,"Production assistant, radio",2024-12-13
EMP02499,107364.53,18192.26,D010,"Optician, dispensing",2024-08-20
EMP02500,103251.97,16107.45,D017,Production manager,2025-02-04
EMP02501,110883.03,4979.11,D001,"Research officer, political party",2025-10-24
EMP02502,137877.19,15688.55,D016,Building surveyor,2025-03-27
EMP02503,119179.95,10854.19,D013,"Therapist, horticultural",2026-02-03
EMP02504,106836.45,1138.25,D012,Copy,2025-01-07
EMP02505,147066.7,20140.3,D004,"Surveyor, land/geomatics",2026-06-15
EMP02506,145822.56,17208.99,D006,Sub,2023-11-09
EMP02507,73822.87,94.57,D002,Training and development officer,2025-01-17
EMP02508,96043.94,4511.33,D010,Control and instrumentation engineer,2026-06-09
EMP02509,72784.76,5376.25,D007,Analytical chemist,2023-08-18
EMP02510,112583.16,7329.05,D001,Estate agent,2025-11-05
EMP02511,83384.33,6134.46,D012,Barrister's clerk,2023-11-11
EMP02512,156587.85,25409.16,D014,"Designer, furniture",2025-03-02
EMP02513,107809.06,5309.87,D006,Set designer,2026-05-12
EMP02514,97897.25,211.99,D014,"Producer, radio",2026-07-24
EMP02515,93326.76,4530.92,D012,IT consultant,2024-09-04
EMP02516,120852.19,16308.01,D017,Primary school teacher,2026-06-25
EMP02517,94127.71,4107.91,D018,Geophysicist/field seismologist,2024-03-05
EMP02518,105927.23,4151.79,D002,Analytical chemist,2026-05-18
EMP02519,158010.69,28100.08,D020,Materials engineer,2026-04-17
EMP02520,139121.25,10150.1,D019,Retail manager,2024-12-10
EMP02521,113374.28,14888.73,D007,Electronics engineer,2024-10-18
EMP02522,81296.05,4064.74,D015,Field seismologist,2024-07-24
EMP02523,134794.39,23620.55,D001,"Administrator, Civil Service",2026-06-30
EMP02524,116395.02,9280.44,D015,"Engineer, manufacturing systems",2023-08-08
EMP02525,82838.11,1950.82,D006,Pensions consultant,2024-08-09
EMP02526,79920.14,12032.35,D012,"Administrator, Civil Service",2024-02-14
EMP02527,104726.26,11453.37,D007,Multimedia specialist,2023-10-07
EMP02528,122508.45,17663.6,D003,Primary school teacher,2026-01-08
EMP02529,108899.89,17622.49,D002,Records manager,2025-08-23
EMP02530,86332.04,6310.29,D010,Senior tax professional/tax inspector,2026-02-10
EMP02531,99762.23,11992.89,D018,Race relations officer,2023-11-11
EMP02532,121664.81,4749.18,D001,Clinical psychologist,2026-07-26
EMP02533,96231.78,17248.2,D008,"Therapist, music",2025-08-11
EMP02534,85287.59,12969.94,D005,"Doctor, general practice",2024-01-24
EMP02535,80746.91,5985.06,D009,Geographical information systems officer,2024-09-15
EMP02536,115070.13,16043.7,D007,"Therapist, speech and language",2024-01-11
EMP02537,132282.46,19838.2,D014,Public house manager,2024-04-22
EMP02538,152777.26,26945.23,D004,Economist,2024-04-30
EMP02539,91440.51,11525.33,D010,Multimedia specialist,2023-08-13
EMP02540,159103.3,7241.41,D007,Jewellery designer,2025-12-21
EMP02541,72476.82,2512.89,D013,Licensed conveyancer,2024-02-03
EMP02542,110241.82,572.88,D020,"Psychologist, occupational",2025-04-23
EMP02543,129176.1,4142.88,D004,Bonds trader,2025-01-24
EMP02544,120329.06,15747.45,D006,Energy engineer,2026-06-10
EMP02545,76658.87,12905.86,D009,Ophthalmologist,2023-08-15
EMP02546,40315.36,1015.83,D019,Herbalist,2024-04-04
EMP02547,100989.98,6609.59,D001,Technical author,2024-10-26
EMP02548,107513.72,3615.65,D019,Patent examiner,2025-05-25
EMP02549,91393.62,1159.91,D010,Publishing rights manager,2024-02-27
EMP02550,100529.54,8371.27,D020,Further education lecturer,2024-05-14
EMP02551,89419.53,8785.87,D015,Medical physicist,2024-01-29
EMP02552,98524.29,6402.07,D018,Chief of Staff,2025-03-28
EMP02553,132562.35,9975.62,D010,Insurance broker,2024-12-05
EMP02554,152594.11,15118.95,D012,Interpreter,2025-01-27
EMP02555,132242.41,784.52,D009,Estate manager/land agent,2026-03-03
EMP02556,84618.79,2944.18,D014,Production manager,2024-04-10
EMP02557,97079.46,19405.13,D007,Market researcher,2024-11-04
EMP02558,104955.17,5067.18,D007,"Editor, film/video",2024-02-16
EMP02559,106749.25,11898.84,D003,Marine scientist,2024-12-02
EMP02560,117074.99,17158.8,D014,"Producer, radio",2026-06-21
EMP02561,137816.7,13183.78,D018,Hydrologist,2025-05-03
EMP02562,125197.03,20213.64,D020,Human resources officer,2024-04-10
EMP02563,58166.01,6556.63,D005,"Scientist, marine",2023-08-12
EMP02564,104766.12,665.04,D016,Ship broker,2025-04-21
EMP02565,111481.35,17830.04,D011,Dancer,2024-06-22
EMP02566,116269.12,20934.5,D009,IT trainer,2024-09-24
EMP02567,75961.29,9623.65,D008,Corporate treasurer,2025-09-07
EMP02568,111584.37,11795.74,D001,Personnel officer,2023-09-07
EMP02569,77729.75,1033.36,D005,Trade mark attorney,2025-11-27
EMP02570,101119.49,17551.25,D012,"Teacher, secondary school",2023-08-21
EMP02571,122549.94,966.7,D020,Art therapist,2024-10-08
EMP02572,81584.08,3946.79,D019,"Clinical scientist, histocompatibility and immunogenetics",2025-06-12
EMP02573,55102.03,6319.64,D003,"Scientist, research (life sciences)",2024-04-03
EMP02574,136262.61,16352.91,D003,Medical secretary,2024-05-22
EMP02575,149556.56,20781.74,D020,Civil Service administrator,2025-08-14
EMP02576,111171.76,14206.27,D017,"Civil engineer, contracting",2026-02-27
EMP02577,118358.16,284.87,D013,Clinical research associate,2025-05-17
EMP02578,84360.19,9654.44,D020,International aid/development worker,2025-12-02
EMP02579,119886.26,1439.4,D008,Police officer,2026-03-31
EMP02580,108901.1,9600.35,D015,Publishing copy,2023-09-16
EMP02581,75319.64,12100.35,D004,Fisheries officer,2024-07-25
EMP02582,83243.1,5039.98,D005,Exhibition designer,2023-10-25
EMP02583,71006.07,13770.43,D019,Speech and language therapist,2024-07-29
EMP02584,116166.67,18607.72,D002,Local government officer,2025-02-10
EMP02585,119403.01,7234.68,D014,Cabin crew,2023-08-18
EMP02586,75943.73,3158.06,D004,IT consultant,2026-02-12
EMP02587,113064.88,14873.27,D017,Psychiatric nurse,2026-04-07
EMP02588,153130.67,16156.89,D018,Phytotherapist,2026-07-07
EMP02589,121596.82,13183.45,D014,Historic buildings inspector/conservation officer,2024-12-16
EMP02590,66022.2,13054.73,D013,Petroleum engineer,2024-04-15
EMP02591,111313.76,6809.64,D010,"Research officer, trade union",2025-06-18
EMP02592,92810.85,5274.81,D006,Animator,2026-04-12
EMP02593,136087.55,20961.92,D016,"Merchandiser, retail",2026-01-10
EMP02594,95981.42,2659.43,D009,Best boy,2026-05-27
EMP02595,102213.64,9450.03,D014,Patent attorney,2023-10-14
EMP02596,73298.38,6236.77,D002,Ship broker,2025-01-22
EMP02597,96917.84,15757.55,D011,Acupuncturist,2024-11-03
EMP02598,142430.29,22496.86,D013,Transport planner,2024-04-08
EMP02599,119883.56,1373.54,D013,Sport and exercise psychologist,2024-03-12
EMP02600,113543.65,3344.96,D002,"Engineer, electrical",2025-06-30
EMP02601,156716.26,3213.32,D007,Retail merchandiser,2026-01-09
EMP02602,122119.09,7696.44,D014,"Engineer, manufacturing systems",2026-01-11
EMP02603,109802.47,13518.69,D004,Broadcast journalist,2026-06-16
EMP02604,76020.82,1670.87,D017,Television floor manager,2025-02-23
EMP02605,134014.35,20356.31,D010,Environmental health practitioner,2024-11-15
EMP02606,85614.87,8185.66,D005,Futures trader,2025-11-01
EMP02607,87960.28,2517.28,D005,Politician's assistant,2024-03-23
EMP02608,131368.92,1715.47,D001,Jewellery designer,2024-07-19
EMP02609,118221.27,8322.53,D003,Best boy,2023-12-17
EMP02610,97338.4,11878.11,D008,"Editor, film/video",2024-09-13
EMP02611,106047.76,8688.3,D008,Radio producer,2023-08-19
EMP02612,129877.18,12048.82,D015,IT consultant,2025-03-29
EMP02613,106507.41,1149.62,D009,Sales executive,2024-04-17
EMP02614,121580.78,20548.1,D001,Phytotherapist,2026-07-29
EMP02615,84751.73,8155.09,D018,Arts development officer,2024-05-04
EMP02616,126745.83,2599.17,D012,Fish farm manager,2024-11-17
EMP02617,79938.17,2627.68,D008,Hydrographic surveyor,2023-12-03
EMP02618,147801.6,2489.68,D002,Local government officer,2023-09-20
EMP02619,84581.35,9023.67,D012,Mudlogger,2025-04-20
EMP02620,94298.32,10100.07,D013,"Engineer, electrical",2024-09-16
EMP02621,93014.21,4069.97,D013,Financial adviser,2024-05-07
EMP02622,126227.69,571.64,D013,"Engineer, maintenance",2024-04-05
EMP02623,89712.21,5645.26,D012,"Sound technician, broadcasting/film/video",2024-09-23
EMP02624,108439.99,16135.88,D002,Technical brewer,2024-03-16
EMP02625,117448.91,3807.23,D010,Dentist,2025-03-01
EMP02626,135264.93,207.54,D003,Financial risk analyst,2024-12-08
EMP02627,113873.3,4277.99,D006,Hydrologist,2025-11-28
EMP02628,103373.17,11108.02,D007,Youth worker,2024-09-20
EMP02629,89008.38,2279.12,D010,Media buyer,2023-10-16
EMP02630,122805.58,2971.6,D012,Corporate investment banker,2026-07-21
EMP02631,109290.84,13180.18,D004,Health promotion specialist,2026-05-21
EMP02632,93327.72,3503.91,D014,IT sales professional,2024-06-07
EMP02633,94150.3,11450.29,D015,Production engineer,2025-05-20
EMP02634,98533.74,18561.92,D006,Astronomer,2026-03-16
EMP02635,129361.97,4340.8,D017,"Librarian, academic",2023-09-26
EMP02636,53793.49,1673.61,D018,Camera operator,2024-01-31
EMP02637,121124.51,9922.61,D004,Investment analyst,2026-05-24
EMP02638,71976.2,9220.41,D015,Leisure centre manager,2024-03-01
EMP02639,89199.07,10998.4,D005,"Psychotherapist, dance movement",2025-03-27
EMP02640,134979.13,10800.82,D002,Set designer,2025-09-23
EMP02641,85818.97,8984.48,D009,Contracting civil engineer,2024-11-02
EMP02642,77330.95,7752.54,D012,Operational researcher,2026-07-15
EMP02643,89868.87,5357.84,D005,"Engineer, agricultural",2025-11-09
EMP02644,128910.1,25615.13,D009,Social worker,2024-02-13
EMP02645,146448.31,6326.9,D010,Speech and language therapist,2025-05-12
EMP02646,67492.97,4445.11,D007,Actor,2026-04-25
EMP02647,142336.14,4688.79,D016,"Engineer, electrical",2023-11-18
EMP02648,128648.44,23853.26,D020,Dietitian,2025-03-29
EMP02649,107778.49,3531.56,D019,Geophysical data processor,2026-05-21
EMP02650,113568.78,8671.15,D011,Dance movement psychotherapist,2024-03-18
EMP02651,95590.91,129.79,D005,"Psychologist, forensic",2023-09-23
EMP02652,95497.54,11779.47,D002,Chartered management accountant,2026-02-11
EMP02653,97865.34,11574.42,D010,Multimedia programmer,2024-04-16
EMP02654,70308.67,1637.22,D003,Clinical molecular geneticist,2026-06-30
EMP02655,94927.37,14549.79,D004,"Scientist, water quality",2026-07-25
EMP02656,96692.23,17597.16,D006,Newspaper journalist,2024-01-05
EMP02657,132841.51,9534.54,D004,"Designer, multimedia",2026-05-10
EMP02658,122172.31,22544.28,D019,Sales promotion account executive,2025-07-04
EMP02659,104222.04,17748.71,D014,Multimedia programmer,2025-07-13
EMP02660,144028.53,27261.99,D013,TEFL teacher,2025-02-01
EMP02661,101193.31,2492.68,D002,"Psychologist, counselling",2025-10-14
EMP02662,155230.51,2617.93,D015,Fitness centre manager,2023-12-04
EMP02663,140207.0,25469.74,D010,Quarry manager,2026-02-16
EMP02664,98132.51,7827.84,D007,Pensions consultant,2024-10-07
EMP02665,69678.2,12764.38,D008,Education administrator,2026-06-06
EMP02666,109859.81,9246.71,D019,"Engineer, structural",2024-02-06
EMP02667,87487.96,15878.39,D018,"Psychotherapist, child",2025-02-25
EMP02668,104282.5,17453.54,D013,Agricultural consultant,2025-12-12
EMP02669,71590.37,4404.83,D007,"Engineer, manufacturing systems",2023-08-20
EMP02670,139461.19,22422.67,D012,"Surveyor, commercial/residential",2025-05-19
EMP02671,154799.05,8040.64,D008,Local government officer,2025-02-10
EMP02672,136170.14,12184.27,D001,Health promotion specialist,2026-06-08
EMP02673,103282.08,18375.5,D015,"Psychotherapist, child",2023-11-11
EMP02674,47664.71,4689.44,D005,"Surveyor, minerals",2026-06-21
EMP02675,50042.95,8239.47,D017,"Producer, radio",2024-07-02
EMP02676,124755.22,773.62,D016,Electrical engineer,2023-08-17
EMP02677,52854.89,6393.03,D019,Patent attorney,2026-02-02
EMP02678,146072.16,4163.1,D007,Secretary/administrator,2024-11-23
EMP02679,49870.7,7243.83,D018,Chief Operating Officer,2023-10-20
EMP02680,77761.19,3230.5,D009,"Teacher, English as a foreign language",2025-04-27
EMP02681,119880.58,10534.59,D008,Energy engineer,2025-01-12
EMP02682,82334.03,10968.81,D017,Community education officer,2024-10-03
EMP02683,135997.19,7622.53,D005,Tree surgeon,2024-09-26
EMP02684,85308.84,13356.79,D014,"Designer, fashion/clothing",2023-12-27
EMP02685,121944.9,9251.29,D003,Editorial assistant,2023-08-28
EMP02686,102925.13,8074.0,D004,"Teacher, music",2025-09-03
EMP02687,100671.86,19698.62,D018,Health visitor,2024-12-19
EMP02688,94057.2,4242.67,D001,Chemical engineer,2026-03-30
EMP02689,67568.74,1766.47,D020,Economist,2023-11-02
EMP02690,107414.16,19470.93,D002,Environmental health practitioner,2023-10-31
EMP02691,104796.09,16037.98,D020,Corporate treasurer,2025-06-08
EMP02692,125430.77,23121.19,D013,"Sales professional, IT",2026-03-08
EMP02693,111370.4,19683.79,D013,Academic librarian,2023-12-21
EMP02694,111901.78,6182.92,D008,"Nurse, children's",2025-04-15
EMP02695,118353.61,15000.81,D008,Electrical engineer,2024-03-23
EMP02696,99209.3,2380.79,D016,Magazine features editor,2024-07-27
EMP02697,128581.55,22395.69,D013,Financial adviser,2024-12-04
EMP02698,90399.11,3378.03,D019,TEFL teacher,2026-02-26
EMP02699,91642.43,11883.17,D013,Fitness centre manager,2025-05-26
EMP02700,104781.04,4789.01,D018,Chief of Staff,2024-09-12
EMP02701,70102.04,6913.33,D004,Retail banker,2024-09-16
EMP02702,148491.44,15867.38,D004,Media planner,2024-06-11
EMP02703,110012.78,12615.59,D012,Haematologist,2025-05-09
EMP02704,93889.96,2473.99,D014,Licensed conveyancer,2026-02-07
EMP02705,124869.13,2987.48,D010,Mental health nurse,2023-09-10
EMP02706,150000.26,752.11,D008,Health physicist,2024-11-01
EMP02707,115442.68,22068.44,D011,Bonds trader,2024-12-31
EMP02708,112239.44,3715.38,D012,"Solicitor, Scotland",2025-11-16
EMP02709,67250.74,2322.08,D006,Video editor,2024-02-03
EMP02710,103741.47,14417.72,D006,"Development worker, international aid",2026-03-17
EMP02711,87162.1,12323.4,D020,"Investment banker, corporate",2025-03-27
EMP02712,82994.29,13469.94,D001,Solicitor,2025-08-16
EMP02713,90044.14,11913.07,D007,Senior tax professional/tax inspector,2024-11-10
EMP02714,137974.71,23189.41,D015,Field trials officer,2026-05-06
EMP02715,112722.91,17308.41,D020,Chartered certified accountant,2024-03-13
EMP02716,61201.65,6709.34,D001,Games developer,2023-10-19
EMP02717,111495.59,49.3,D003,"Accountant, chartered certified",2024-04-11
EMP02718,136746.74,5515.7,D018,Arts development officer,2025-05-31
EMP02719,111218.63,7903.12,D006,Exhibition designer,2024-02-04
EMP02720,133512.82,23380.34,D020,"Loss adjuster, chartered",2025-05-05
EMP02721,112611.9,14070.18,D005,Operational investment banker,2024-02-26
EMP02722,105281.32,10969.93,D014,Equality and diversity officer,2024-03-13
EMP02723,61230.07,10523.59,D001,Air broker,2025-10-07
EMP02724,112535.54,10640.52,D019,"Engineer, electrical",2023-12-26
EMP02725,134707.45,8769.0,D010,"Designer, interior/spatial",2025-02-04
EMP02726,149282.86,12448.49,D008,Risk analyst,2024-11-25
EMP02727,118801.16,887.74,D002,Dentist,2025-01-31
EMP02728,122353.21,2216.2,D003,Plant breeder/geneticist,2025-06-21
EMP02729,138632.11,16891.41,D006,Public relations officer,2026-06-01
EMP02730,114357.26,8987.84,D003,"Engineer, aeronautical",2024-11-12
EMP02731,51155.96,9432.55,D004,"Journalist, newspaper",2025-09-30
EMP02732,90453.89,7689.37,D001,Immunologist,2025-07-17
EMP02733,87777.24,17353.7,D010,Video editor,2024-08-25
EMP02734,127289.69,710.36,D006,Acupuncturist,2025-11-27
EMP02735,124723.97,9166.71,D007,Insurance account manager,2024-09-13
EMP02736,112452.15,2656.33,D015,Product manager,2024-11-28
EMP02737,102613.83,7089.94,D018,TEFL teacher,2025-05-04
EMP02738,51611.56,1962.03,D017,Sports coach,2026-02-16
EMP02739,148182.6,14680.36,D018,Museum/gallery conservator,2023-10-22
EMP02740,163551.6,30855.51,D014,Media buyer,2025-08-02
EMP02741,140243.9,9319.5,D010,Probation officer,2023-09-18
EMP02742,140307.29,20918.07,D002,Chiropodist,2026-07-22
EMP02743,88798.61,2669.11,D003,Physiological scientist,2024-02-26
EMP02744,160247.16,12891.11,D018,Retail manager,2024-07-14
EMP02745,88684.89,15289.51,D006,Television/film/video producer,2025-01-23
EMP02746,120165.88,23967.61,D012,Press sub,2026-01-17
EMP02747,115173.61,808.88,D016,Corporate treasurer,2024-12-12
EMP02748,94248.62,6917.86,D020,Chief Executive Officer,2024-09-24
EMP02749,151193.75,25448.89,D010,"Engineer, broadcasting (operations)",2025-09-06
EMP02750,68828.07,4000.99,D005,Data scientist,2023-11-26
EMP02751,40000.0,7061.24,D005,Medical technical officer,2024-10-15
EMP02752,119197.2,4589.14,D007,Best boy,2025-08-06
EMP02753,117112.39,17267.65,D015,"Scientist, water quality",2026-05-26
EMP02754,151489.11,23530.04,D001,Pensions consultant,2025-08-29
EMP02755,118299.88,5498.51,D016,Drilling engineer,2024-10-22
EMP02756,92553.37,11807.1,D014,"Solicitor, Scotland",2024-07-17
EMP02757,116851.57,17901.68,D008,Orthoptist,2026-01-16
EMP02758,64523.49,8270.31,D007,Software engineer,2024-03-14
EMP02759,114615.94,16267.76,D009,Interior and spatial designer,2026-05-18
EMP02760,138725.81,16813.27,D006,Nature conservation officer,2023-12-04
EMP02761,101402.99,10450.28,D005,"Horticulturist, commercial",2025-11-01
EMP02762,125053.81,5550.12,D001,"Engineer, materials",2023-12-28
EMP02763,92446.07,7881.58,D001,Hydrogeologist,2024-03-13
EMP02764,97919.0,6541.19,D006,Primary school teacher,2025-07-13
EMP02765,111011.11,5490.21,D005,Nature conservation officer,2024-02-05
EMP02766,103061.72,7532.93,D002,Arts administrator,2026-04-21
EMP02767,116276.42,13678.16,D018,"Scientist, research (physical sciences)",2026-05-23
EMP02768,134180.72,12608.47,D018,Solicitor,2025-09-10
EMP02769,91676.55,9005.66,D005,Economist,2024-03-09
EMP02770,163425.37,10334.14,D016,"Engineer, materials",2024-12-25
EMP02771,129567.77,5513.24,D015,Advertising account planner,2023-10-04
EMP02772,117222.36,3255.6,D008,Technical author,2024-07-11
EMP02773,104473.48,7229.12,D004,"Doctor, hospital",2026-01-25
EMP02774,139157.79,18035.57,D018,Medical illustrator,2025-09-16
EMP02775,78634.21,3080.02,D011,Sport and exercise psychologist,2024-03-27
EMP02776,86757.17,15765.06,D015,Print production planner,2023-10-01
EMP02777,128599.99,14503.21,D009,"Editor, film/video",2024-02-26
EMP02778,97691.01,16503.64,D002,"Scientist, research (life sciences)",2023-09-20
EMP02779,147353.83,28993.89,D011,"Therapist, sports",2024-07-18
EMP02780,130711.53,16164.0,D002,Horticultural consultant,2026-07-03
EMP02781,79716.84,1872.83,D019,Nutritional therapist,2024-05-16
EMP02782,81427.11,13122.26,D014,"Psychologist, sport and exercise",2026-01-30
EMP02783,100463.95,19146.86,D009,"Engineer, production",2026-07-28
EMP02784,95646.54,4845.35,D020,"Nurse, learning disability",2024-12-31
EMP02785,101970.81,9993.85,D004,"Engineer, manufacturing systems",2025-01-16
EMP02786,101370.66,15636.79,D018,Careers adviser,2026-04-23
EMP02787,74337.36,13416.35,D020,Occupational psychologist,2023-10-27
EMP02788,133850.99,10534.7,D002,"Engineer, electrical",2023-08-31
EMP02789,125298.57,24759.05,D002,Financial planner,2024-09-05
EMP02790,88686.02,6191.25,D015,"Administrator, sports",2025-04-03
EMP02791,79792.75,6309.75,D012,"Surveyor, building",2025-01-15
EMP02792,104368.53,2120.33,D017,Hospital doctor,2026-04-11
EMP02793,107768.18,1649.04,D011,Naval architect,2024-10-23
EMP02794,67544.41,11205.39,D008,Architectural technologist,2025-09-06
EMP02795,81131.75,2606.83,D007,"Civil engineer, contracting",2023-09-01
EMP02796,124718.96,21212.35,D014,"Psychotherapist, child",2026-05-15
EMP02797,98727.9,5730.67,D003,"Designer, industrial/product",2024-04-28
EMP02798,78054.9,14467.5,D001,"Nurse, mental health",2025-04-16
EMP02799,144776.01,13761.59,D005,"Designer, blown glass/stained glass",2026-06-03
EMP02800,94947.64,4229.35,D010,"Scientist, audiological",2025-03-19
EMP02801,88667.7,8862.12,D005,"Administrator, education",2026-01-19
EMP02802,147811.5,11319.64,D012,Fashion designer,2025-07-22
EMP02803,89136.87,10337.91,D020,"Engineer, maintenance (IT)",2026-06-13
EMP02804,146695.08,16179.82,D016,Ophthalmologist,2025-07-20
EMP02805,125054.09,18514.39,D020,Insurance underwriter,2025-07-31
EMP02806,114981.85,12612.84,D002,Transport planner,2024-01-07
EMP02807,102366.02,17712.28,D001,Artist,2025-05-28
EMP02808,144341.74,1220.39,D017,"Scientist, biomedical",2026-03-06
EMP02809,121918.6,14132.87,D020,Herpetologist,2025-02-10
EMP02810,85447.22,2493.44,D006,Restaurant manager,2024-03-08
EMP02811,83909.13,9175.11,D010,Herbalist,2023-08-13
EMP02812,76070.07,11021.14,D008,"Teacher, English as a foreign language",2023-10-25
EMP02813,125911.06,21459.47,D018,Catering manager,2025-01-01
EMP02814,107841.93,10140.79,D005,Chemical engineer,2023-09-21
EMP02815,56028.92,6720.22,D003,Police officer,2026-07-07
EMP02816,118385.24,4473.57,D014,Film/video editor,2025-12-07
EMP02817,73719.41,8187.08,D020,Forest/woodland manager,2023-11-24
EMP02818,75851.84,2232.75,D001,Environmental education officer,2026-06-07
EMP02819,78485.38,11919.7,D012,Animal nutritionist,2025-09-10
EMP02820,135589.86,17818.95,D020,Estate manager/land agent,2025-09-17
EMP02821,108241.96,20621.34,D002,Chief of Staff,2024-02-12
EMP02822,136354.73,23607.78,D003,"Biochemist, clinical",2026-05-14
EMP02823,56024.59,7039.08,D013,Chief Technology Officer,2024-03-24
EMP02824,84740.74,14159.3,D006,Network engineer,2025-04-08
EMP02825,94946.73,4176.26,D016,Paramedic,2025-10-10
EMP02826,150054.93,9075.38,D007,Farm manager,2024-06-30
EMP02827,107036.57,19149.3,D013,Mining engineer,2025-07-10
EMP02828,112385.34,10372.02,D009,Plant breeder/geneticist,2024-10-24
EMP02829,117796.35,374.01,D013,Editorial assistant,2024-03-01
EMP02830,111752.9,15223.83,D020,Cytogeneticist,2024-06-13
EMP02831,157999.82,7155.84,D014,"Scientist, research (physical sciences)",2026-06-06
EMP02832,71255.9,11930.31,D005,Graphic designer,2025-01-23
EMP02833,146604.24,25490.78,D011,Medical laboratory scientific officer,2024-09-09
EMP02834,79524.81,10092.79,D016,"Investment banker, corporate",2024-12-18
EMP02835,75870.71,5233.47,D005,Information officer,2024-11-12
EMP02836,136567.06,2347.3,D014,"Buyer, industrial",2024-07-26
EMP02837,59257.51,11625.68,D002,Horticultural therapist,2026-03-24
EMP02838,183053.63,32043.32,D014,"Accountant, chartered",2023-08-07
EMP02839,130564.29,25151.61,D004,"Social research officer, government",2025-12-25
EMP02840,123830.24,13822.1,D017,Learning disability nurse,2025-07-02
EMP02841,99930.53,8462.42,D007,Professor Emeritus,2025-11-13
EMP02842,155625.24,25974.92,D018,Warden/ranger,2025-12-15
EMP02843,61866.88,9766.34,D019,Multimedia specialist,2025-09-05
EMP02844,101963.87,13405.78,D018,"Designer, blown glass/stained glass",2023-08-11
EMP02845,93419.06,6970.69,D005,"Designer, textile",2023-08-14
EMP02846,138107.94,23203.89,D003,"Teacher, special educational needs",2025-08-09
EMP02847,94623.33,5327.95,D005,Management consultant,2026-03-24
EMP02848,116194.01,13697.95,D003,Call centre manager,2025-03-29
EMP02849,152492.02,30340.69,D012,Civil Service administrator,2025-06-23
EMP02850,89873.07,17957.79,D015,Accommodation manager,2024-05-01
EMP02851,107872.92,9531.12,D002,Sales promotion account executive,2025-10-11
EMP02852,142236.87,13885.67,D019,Insurance underwriter,2024-07-30
EMP02853,71205.65,7896.03,D002,Secretary/administrator,2023-11-04
EMP02854,64630.75,9601.48,D007,Physiotherapist,2024-04-20
EMP02855,74453.02,13775.0,D008,Cartographer,2024-07-17
EMP02856,126338.82,4877.89,D009,Animator,2025-11-03
EMP02857,105083.17,1968.22,D004,Museum/gallery exhibitions officer,2024-10-06
EMP02858,90437.82,1430.04,D002,Patent examiner,2025-02-09
EMP02859,128783.44,22451.31,D005,Armed forces logistics/support/administrative officer,2024-07-04
EMP02860,75580.17,5853.74,D007,Best boy,2025-06-24
EMP02861,92785.4,739.93,D003,"Education officer, museum",2026-05-10
EMP02862,40000.0,4795.2,D008,Neurosurgeon,2025-05-09
EMP02863,77520.52,6617.77,D016,Accounting technician,2025-07-24
EMP02864,101531.79,5668.26,D001,Housing manager/officer,2025-09-04
EMP02865,60700.22,131.88,D019,Personal assistant,2023-08-21
EMP02866,79061.92,7310.61,D007,"Therapist, art",2024-09-14
EMP02867,89115.73,11901.85,D012,Adult nurse,2023-10-21
EMP02868,141686.12,18315.3,D007,Civil Service administrator,2024-09-13
EMP02869,116251.9,19014.66,D011,Private music teacher,2025-09-24
EMP02870,120809.75,1973.82,D017,Garment/textile technologist,2025-01-15
EMP02871,119013.35,3644.13,D009,Video editor,2026-05-20
EMP02872,87472.57,400.03,D005,Legal executive,2026-02-10
EMP02873,125973.36,1137.68,D014,"Engineer, communications",2025-09-30
EMP02874,134880.08,11207.37,D014,Sales promotion account executive,2024-12-07
EMP02875,81096.69,3447.5,D004,Claims inspector/assessor,2024-03-07
EMP02876,74543.67,4469.85,D006,Museum education officer,2025-09-08
EMP02877,71963.28,11120.36,D007,Contractor,2025-06-07
EMP02878,127260.93,16226.69,D009,Insurance underwriter,2023-08-27
EMP02879,103132.77,1677.79,D009,Health physicist,2025-01-07
EMP02880,130720.4,15134.12,D009,"Buyer, industrial",2024-07-21
EMP02881,108458.48,4294.84,D017,Aeronautical engineer,2024-07-15
EMP02882,79909.26,1214.38,D002,Pension scheme manager,2023-09-26
EMP02883,89588.47,17269.33,D001,Neurosurgeon,2025-03-27
EMP02884,146575.86,27727.26,D017,Regulatory affairs officer,2024-03-27
EMP02885,120656.27,17003.56,D004,Sports administrator,2023-12-23
EMP02886,66260.54,5930.35,D006,Sport and exercise psychologist,2025-11-04
EMP02887,93652.93,14947.19,D010,Holiday representative,2026-06-14
EMP02888,102000.65,17629.67,D020,IT consultant,2026-02-10
EMP02889,117789.1,22813.39,D008,"Psychotherapist, dance movement",2026-05-07
EMP02890,124782.92,20986.84,D006,Environmental consultant,2026-01-17
EMP02891,90610.87,15737.82,D020,Data scientist,2025-09-23
EMP02892,102280.91,10370.59,D004,Call centre manager,2024-06-30
EMP02893,112204.54,10852.17,D020,Planning and development surveyor,2025-08-04
EMP02894,68377.48,37.87,D002,Magazine journalist,2025-12-21
EMP02895,124804.47,13381.15,D003,Banker,2024-09-23
EMP02896,108899.14,2507.92,D017,"Editor, film/video",2023-12-20
EMP02897,109428.0,11232.32,D008,Graphic designer,2024-04-28
EMP02898,81643.97,3893.93,D015,"Designer, ceramics/pottery",2026-04-05
EMP02899,125080.34,2133.58,D009,"Engineer, mining",2023-12-10
EMP02900,119949.89,7975.88,D013,"Scientist, water quality",2025-07-02
EMP02901,89013.33,8781.79,D012,"Teacher, music",2025-03-12
EMP02902,138601.73,24598.76,D009,"Engineer, broadcasting (operations)",2026-05-02
EMP02903,89009.3,3924.65,D007,Logistics and distribution manager,2025-10-31
EMP02904,165873.99,14439.25,D020,Geographical information systems officer,2024-08-17
EMP02905,84203.6,2067.38,D017,Forest/woodland manager,2026-03-09
EMP02906,134283.64,4026.12,D010,"Administrator, education",2026-03-04
EMP02907,138856.32,4620.0,D002,Psychiatrist,2024-08-25
EMP02908,125521.75,7866.1,D011,Camera operator,2026-01-15
EMP02909,110965.49,3386.13,D001,Broadcast journalist,2023-08-15
EMP02910,103543.94,10558.89,D012,"Administrator, local government",2026-05-13
EMP02911,124410.66,4974.71,D013,"Psychologist, forensic",2026-01-03
EMP02912,145917.17,25214.51,D008,Dramatherapist,2024-04-28
EMP02913,89357.15,13756.55,D020,Warehouse manager,2024-06-15
EMP02914,151412.78,19898.53,D008,"Scientist, clinical (histocompatibility and immunogenetics)",2025-04-22
EMP02915,76024.21,12770.39,D013,Minerals surveyor,2025-08-06
EMP02916,64472.27,5623.12,D003,Aeronautical engineer,2026-06-15
EMP02917,109576.22,907.82,D015,Dispensing optician,2026-06-11
EMP02918,95867.84,5065.59,D018,Financial planner,2023-12-04
EMP02919,99339.45,13379.28,D005,Agricultural engineer,2024-08-05
EMP02920,144971.89,23147.94,D014,Logistics and distribution manager,2025-07-01
EMP02921,106967.44,3042.39,D012,Airline pilot,2025-06-02
EMP02922,76855.52,11552.01,D005,"Physicist, medical",2025-01-17
EMP02923,100999.5,20010.02,D004,Politician's assistant,2026-03-31
EMP02924,113879.91,7184.74,D019,"Producer, television/film/video",2025-10-18
EMP02925,94820.71,12526.72,D013,Chief Marketing Officer,2023-10-17
EMP02926,101535.0,11088.17,D015,Forensic psychologist,2024-01-18
EMP02927,73529.97,567.29,D019,"Sound technician, broadcasting/film/video",2025-10-21
EMP02928,94346.41,4483.74,D008,"Librarian, academic",2026-02-15
EMP02929,89366.98,11434.02,D015,Facilities manager,2024-09-24
EMP02930,74155.75,11050.39,D008,Environmental education officer,2025-12-26
EMP02931,83069.39,9443.76,D004,"Engineer, civil (contracting)",2023-11-15
EMP02932,114716.18,16489.31,D003,Community development worker,2024-07-06
EMP02933,53593.19,730.34,D012,Restaurant manager,2023-09-22
EMP02934,88652.14,9966.7,D015,Catering manager,2026-07-09
EMP02935,127159.47,20128.1,D014,Forest/woodland manager,2024-08-10
EMP02936,155129.68,3470.27,D001,"Programmer, applications",2024-02-02
EMP02937,121116.18,10555.96,D007,"Teacher, special educational needs",2025-09-20
EMP02938,103425.24,3764.34,D009,Investment analyst,2026-01-27
EMP02939,134933.54,4413.22,D014,Marketing executive,2023-11-04
EMP02940,41790.04,4180.89,D001,Freight forwarder,2026-03-27
EMP02941,131030.53,7339.02,D010,Brewing technologist,2026-05-10
EMP02942,98032.04,19174.22,D020,"Doctor, hospital",2024-10-26
EMP02943,110128.67,13289.54,D014,"Surveyor, quantity",2023-11-06
EMP02944,118921.62,23569.91,D010,Sub,2024-08-13
EMP02945,126125.33,5894.98,D014,Diagnostic radiographer,2023-09-03
EMP02946,129053.5,18372.13,D001,"Horticulturist, commercial",2025-10-30
EMP02947,117154.99,19453.38,D005,Technical sales engineer,2026-05-12
EMP02948,86406.41,1126.73,D019,"Editor, magazine features",2026-06-30
EMP02949,69458.23,5713.08,D012,"Designer, graphic",2023-08-06
EMP02950,113073.82,7150.88,D010,"Accountant, chartered public finance",2025-05-26
EMP02951,92433.4,3348.07,D008,Education administrator,2024-05-22
EMP02952,114671.42,19897.44,D005,"Runner, broadcasting/film/video",2024-06-03
EMP02953,153501.93,28171.38,D012,Stage manager,2025-04-30
EMP02954,88320.3,14770.79,D014,Building surveyor,2026-05-13
EMP02955,114865.66,3879.91,D011,Marketing executive,2025-01-08
EMP02956,105066.76,11954.46,D016,"Education officer, community",2026-02-14
EMP02957,108967.34,13761.43,D003,Art gallery manager,2024-06-05
EMP02958,88883.89,3328.68,D002,Sales executive,2025-03-16
EMP02959,129155.45,14124.59,D018,Theatre director,2025-04-15
EMP02960,96898.52,5561.67,D017,Manufacturing systems engineer,2026-05-27
EMP02961,72447.34,11532.23,D017,Corporate treasurer,2024-01-06
EMP02962,106843.94,14648.09,D002,Clinical psychologist,2024-02-08
EMP02963,82317.62,10217.76,D012,Prison officer,2024-08-21
EMP02964,137508.12,24806.74,D015,"Nurse, children's",2023-12-07
EMP02965,132868.82,9494.41,D001,Sports development officer,2024-08-02
EMP02966,156357.06,23452.25,D016,"Accountant, chartered certified",2024-02-03
EMP02967,96017.21,18407.18,D019,Community arts worker,2024-09-26
EMP02968,95614.9,8479.65,D002,"Designer, industrial/product",2025-11-27
EMP02969,115788.75,13684.14,D001,Pensions consultant,2026-04-21
EMP02970,131935.87,21294.37,D012,Training and development officer,2025-07-23
EMP02971,104668.31,13190.77,D009,Planning and development surveyor,2025-11-23
EMP02972,131360.97,5494.66,D014,Dietitian,2026-01-03
EMP02973,96479.87,2584.73,D003,"Lecturer, higher education",2024-10-30
EMP02974,103156.83,12790.07,D006,Armed forces technical officer,2025-06-08
EMP02975,113800.41,656.96,D015,Land,2024-06-18
EMP02976,72743.65,437.16,D006,Barista,2026-07-26
EMP02977,89295.34,1821.45,D011,Publishing rights manager,2024-08-02
EMP02978,60869.6,6216.9,D012,Estate agent,2024-01-17
EMP02979,122930.28,9718.23,D002,Copy,2026-01-12
EMP02980,144218.96,12631.12,D001,Health promotion specialist,2025-04-19
EMP02981,71058.03,12949.16,D001,Tourism officer,2025-07-20
EMP02982,99393.87,10787.86,D017,Biomedical scientist,2024-01-06
EMP02983,84821.96,8085.45,D005,Exhibition designer,2025-07-23
EMP02984,137644.97,26019.6,D006,Tourist information centre manager,2025-07-04
EMP02985,97393.75,9528.14,D005,Hotel manager,2026-06-18
EMP02986,123522.51,9912.08,D005,Field trials officer,2023-09-12
EMP02987,84526.83,613.98,D006,Audiological scientist,2023-10-15
EMP02988,80070.33,15118.73,D011,Fine artist,2023-12-22
EMP02989,58143.0,1716.93,D001,Dispensing optician,2025-11-25
EMP02990,79209.87,7473.93,D019,Medical secretary,2026-01-06
EMP02991,108069.3,17221.75,D020,Armed forces technical officer,2024-03-10
EMP02992,95604.99,18278.51,D011,Dispensing optician,2025-05-03
EMP02993,88963.88,5290.4,D019,"Radiographer, therapeutic",2025-10-19
EMP02994,146177.71,26947.83,D005,Fitness centre manager,2025-07-16
EMP02995,147463.26,18624.48,D017,Tourism officer,2025-08-03
EMP02996,126524.02,21566.26,D003,Occupational psychologist,2023-09-18
EMP02997,91963.4,6418.47,D010,"Designer, blown glass/stained glass",2024-10-22
EMP02998,86822.19,1581.55,D017,Film/video editor,2024-04-20
EMP02999,82085.05,10713.78,D001,"Surveyor, mining",2025-09-16
EMP03000,102680.75,1006.5,D013,Event organiser,2024-11-11
EMP03001,105164.91,25.22,D002,Risk analyst,2025-12-23
EMP03002,111305.06,6590.12,D004,Herbalist,2024-05-27
EMP03003,134212.62,8619.63,D001,Hotel manager,2024-03-14
EMP03004,82781.08,5021.96,D007,Art gallery manager,2024-02-07
EMP03005,98948.84,15734.8,D009,Exhibition designer,2024-12-21
EMP03006,124733.53,12130.81,D006,Race relations officer,2024-11-23
EMP03007,114806.1,5033.36,D002,"Nurse, learning disability",2024-08-17
EMP03008,120238.49,15915.9,D005,Marine scientist,2026-01-10
EMP03009,80779.86,8944.07,D020,Furniture designer,2025-12-15
EMP03010,93331.74,7149.66,D004,"Engineer, materials",2026-03-06
EMP03011,134381.42,6534.79,D007,"Therapist, occupational",2023-09-25
EMP03012,120568.62,20727.05,D019,Television/film/video producer,2025-01-25
EMP03013,78474.01,4917.69,D019,"Therapist, drama",2025-01-31
EMP03014,104658.96,11286.99,D016,Geographical information systems officer,2026-04-21
EMP03015,122024.11,3637.03,D009,"Designer, fashion/clothing",2025-04-11
EMP03016,81246.72,1942.82,D014,"Surveyor, planning and development",2026-06-10
EMP03017,92163.14,17387.37,D003,Market researcher,2024-04-23
EMP03018,127471.78,11862.05,D004,"Scientist, water quality",2025-11-02
EMP03019,113882.79,9556.7,D007,Advertising account executive,2025-01-28
EMP03020,98070.2,5294.89,D006,"Engineer, aeronautical",2025-10-10
EMP03021,108613.31,4252.29,D019,Equality and diversity officer,2023-12-04
EMP03022,45917.63,5488.8,D001,Agricultural engineer,2024-12-24
EMP03023,118023.78,2825.64,D002,"Scientist, research (medical)",2026-05-03
EMP03024,139344.78,16000.73,D019,Paediatric nurse,2024-11-16
EMP03025,112192.46,7255.03,D001,Forest/woodland manager,2024-11-03
EMP03026,98316.25,374.24,D007,Chief Operating Officer,2026-05-14
EMP03027,73730.22,4417.73,D007,Holiday representative,2024-04-12
EMP03028,121481.18,16962.96,D008,"Surveyor, commercial/residential",2023-12-07
EMP03029,133329.1,17592.39,D016,Paramedic,2026-01-16
EMP03030,111643.75,5475.25,D013,Financial trader,2026-04-12
EMP03031,112102.68,16084.02,D016,"Conservation officer, historic buildings",2026-06-18
EMP03032,137380.82,16707.01,D012,Therapeutic radiographer,2025-12-01
EMP03033,90850.88,13802.83,D020,Armed forces training and education officer,2023-09-25
EMP03034,88605.06,17543.08,D001,"Scientist, biomedical",2024-07-08
EMP03035,96699.78,7709.38,D012,"Investment banker, operational",2026-03-15
EMP03036,129422.23,14515.83,D015,Advertising account planner,2024-07-30
EMP03037,143302.62,5163.24,D008,Learning mentor,2024-07-19
EMP03038,96765.94,1386.65,D009,Barista,2025-10-20
EMP03039,115582.92,13413.52,D011,Glass blower/designer,2026-05-24
EMP03040,140995.46,25778.4,D003,Sales promotion account executive,2024-03-14
EMP03041,116700.75,14120.21,D006,Research scientist (life sciences),2026-07-03
EMP03042,106058.37,11619.58,D019,Claims inspector/assessor,2023-11-25
EMP03043,106869.35,16639.75,D010,"Lecturer, higher education",2024-04-27
EMP03044,97165.66,14536.63,D004,Television/film/video producer,2025-04-14
EMP03045,143560.55,27685.43,D020,Air broker,2023-12-13
EMP03046,119322.35,17706.99,D015,International aid/development worker,2024-04-21
EMP03047,114081.64,20538.86,D013,Commercial/residential surveyor,2024-09-29
EMP03048,113024.15,13117.46,D013,"Surveyor, hydrographic",2025-08-02
EMP03049,139194.95,11846.7,D017,Comptroller,2026-01-27
EMP03050,72747.42,9447.4,D017,"Engineer, mining",2026-06-25
EMP03051,73266.1,1374.31,D003,"Psychologist, prison and probation services",2025-11-30
EMP03052,133239.55,11339.83,D009,Ranger/warden,2025-10-14
EMP03053,98295.57,14499.33,D012,"Doctor, hospital",2024-08-16
EMP03054,68600.91,6777.47,D018,Civil Service fast streamer,2025-09-03
EMP03055,119230.57,18567.33,D001,Barrister's clerk,2024-09-25
EMP03056,129797.23,4124.44,D020,Volunteer coordinator,2026-06-16
EMP03057,44572.31,812.47,D019,Associate Professor,2023-11-28
EMP03058,129101.63,6873.49,D015,Radiation protection practitioner,2025-12-24
EMP03059,119398.89,20855.57,D006,Forensic scientist,2024-09-06
EMP03060,62141.63,12385.74,D015,Homeopath,2025-03-07
EMP03061,84901.08,9674.93,D016,Furniture designer,2024-06-21
EMP03062,158807.1,8277.56,D019,"Psychotherapist, dance movement",2026-01-12
EMP03063,127826.54,18471.62,D010,"Teacher, primary school",2025-01-01
EMP03064,149939.66,24741.9,D015,Exhibition designer,2025-05-04
EMP03065,108493.65,7639.45,D015,Tax inspector,2023-11-08
EMP03066,120531.31,16656.88,D018,Clinical biochemist,2025-03-13
EMP03067,156857.41,19613.68,D012,Building surveyor,2026-04-27
EMP03068,138729.68,3734.97,D017,Public affairs consultant,2024-01-29
EMP03069,105664.19,20918.31,D007,Company secretary,2026-04-09
EMP03070,102011.66,12795.06,D018,Radio producer,2026-05-01
EMP03071,109561.19,8488.23,D014,Food technologist,2024-11-07
EMP03072,98418.46,9932.18,D019,Administrator,2025-05-14
EMP03073,109874.4,15746.1,D007,Air traffic controller,2025-09-26
EMP03074,88721.34,7795.36,D020,"Engineer, control and instrumentation",2025-06-20
EMP03075,100369.23,7290.38,D014,Furniture conservator/restorer,2026-04-24
EMP03076,119433.11,8070.55,D009,Marketing executive,2026-02-17
EMP03077,114670.27,10264.23,D012,"Nurse, mental health",2026-03-10
EMP03078,123240.52,13116.1,D020,"Secretary, company",2023-08-24
EMP03079,76427.26,9656.04,D011,Retail merchandiser,2024-08-27
EMP03080,93550.32,13925.02,D003,Health and safety inspector,2026-04-21
EMP03081,108921.49,15080.03,D002,Senior tax professional/tax inspector,2023-10-06
EMP03082,81720.8,12018.51,D013,Occupational hygienist,2025-05-07
EMP03083,101401.9,159.78,D014,Landscape architect,2024-12-11
EMP03084,128811.84,3767.15,D006,"Radiographer, therapeutic",2024-07-26
EMP03085,119047.86,16603.83,D007,"Engineer, manufacturing",2023-08-14
EMP03086,91285.22,4500.75,D002,Quality manager,2026-02-01
EMP03087,101059.21,3796.08,D014,Hospital doctor,2024-09-16
EMP03088,84728.46,12648.19,D015,Health physicist,2023-09-19
EMP03089,116471.49,2921.22,D016,Tour manager,2023-12-09
EMP03090,122739.09,16211.99,D005,Multimedia specialist,2024-10-04
EMP03091,89700.67,7464.65,D006,Ophthalmologist,2025-09-19
EMP03092,100528.62,1745.24,D015,Multimedia programmer,2024-10-19
EMP03093,124095.67,10258.94,D007,"Accountant, chartered public finance",2026-03-02
EMP03094,79633.64,141.71,D011,Probation officer,2025-06-19
EMP03095,105718.47,16072.99,D010,Control and instrumentation engineer,2026-06-23
EMP03096,122959.21,13285.68,D015,English as a foreign language teacher,2025-05-06
EMP03097,158984.96,4756.15,D009,"Nurse, mental health",2026-05-02
EMP03098,106706.12,1713.54,D018,Multimedia specialist,2025-10-02
EMP03099,128298.86,10954.3,D020,Barrister,2026-07-10
EMP03100,115001.37,16643.43,D003,"Horticulturist, commercial",2025-04-05
EMP03101,100103.2,10802.24,D001,"Psychotherapist, dance movement",2024-04-30
EMP03102,121391.44,21477.58,D008,General practice doctor,2026-05-06
EMP03103,97603.43,1086.37,D019,Civil Service administrator,2024-06-01
EMP03104,63695.97,11062.76,D010,Data scientist,2024-11-15
EMP03105,80522.84,832.54,D009,Accounting technician,2025-02-15
EMP03106,99740.75,5818.41,D002,"Surveyor, insurance",2023-09-14
EMP03107,106302.79,4396.03,D006,Claims inspector/assessor,2026-02-24
EMP03108,79108.53,9664.45,D020,Speech and language therapist,2026-01-12
EMP03109,80172.77,6631.29,D007,Accommodation manager,2023-12-19
EMP03110,105210.57,8766.0,D002,"Engineer, automotive",2024-03-16
EMP03111,124362.99,4581.27,D002,Press photographer,2024-07-12
EMP03112,120803.79,20861.8,D016,"Scientist, forensic",2025-05-26
EMP03113,137302.09,13702.15,D018,"Therapist, music",2025-09-10
EMP03114,81642.09,11401.98,D004,"Engineer, materials",2024-09-01
EMP03115,123555.98,22438.85,D010,Retail banker,2023-11-01
EMP03116,73930.49,14355.35,D016,"Designer, exhibition/display",2024-08-15
EMP03117,127781.14,22697.35,D014,Market researcher,2024-05-22
EMP03118,70086.34,11532.68,D018,Consulting civil engineer,2026-01-05
EMP03119,87935.54,15236.38,D005,"Social research officer, government",2025-02-26
EMP03120,95817.72,2818.0,D020,Textile designer,2023-09-05
EMP03121,76085.13,8214.03,D001,Herbalist,2026-08-03
EMP03122,119855.42,19214.37,D013,"Accountant, chartered management",2024-02-28
EMP03123,134427.36,621.04,D020,Information officer,2025-09-30
EMP03124,145572.02,5466.55,D004,"Engineer, technical sales",2025-05-04
EMP03125,132591.29,25597.08,D010,Telecommunications researcher,2025-03-22
EMP03126,81198.71,455.69,D020,Fine artist,2023-11-24
EMP03127,117500.34,17668.96,D012,Medical sales representative,2024-12-04
EMP03128,120600.3,7611.9,D001,Commercial horticulturist,2025-10-07
EMP03129,96921.22,10505.61,D004,Operational investment banker,2025-08-30
EMP03130,76948.26,6110.5,D006,Adult nurse,2024-11-08
EMP03131,99211.23,5598.28,D014,"Copywriter, advertising",2026-04-30
EMP03132,109442.55,7930.75,D013,Occupational hygienist,2025-06-10
EMP03133,131633.36,7333.54,D010,Translator,2023-08-14
EMP03134,91627.23,17316.76,D014,Land/geomatics surveyor,2025-02-28
EMP03135,92902.44,2098.0,D006,Radiation protection practitioner,2026-07-26
EMP03136,130054.71,2897.73,D019,Prison officer,2024-05-04
EMP03137,102721.26,17914.49,D014,Midwife,2025-09-03
EMP03138,148037.52,16050.63,D015,Consulting civil engineer,2024-08-29
EMP03139,88412.96,16632.17,D003,Planning and development surveyor,2025-02-24
EMP03140,113685.48,11326.45,D011,Personal assistant,2026-01-27
EMP03141,103413.46,1214.35,D015,"Surveyor, mining",2024-01-15
EMP03142,88857.13,1953.03,D017,Horticultural consultant,2025-12-20
EMP03143,104881.91,4763.17,D007,"Surveyor, land/geomatics",2024-07-24
EMP03144,83202.52,7433.59,D008,Arts development officer,2023-12-18
EMP03145,121238.26,6258.36,D002,"Engineer, water",2026-07-10
EMP03146,140707.0,10094.06,D003,Child psychotherapist,2026-07-27
EMP03147,126182.67,6696.05,D002,Physiotherapist,2024-01-27
EMP03148,79660.18,5431.06,D010,"Engineer, chemical",2025-12-27
EMP03149,134781.67,7750.48,D015,Office manager,2025-09-20
EMP03150,116248.99,20326.92,D009,"Psychotherapist, dance movement",2025-09-11
EMP03151,136134.99,6692.92,D018,"Scientist, research (medical)",2025-01-23
EMP03152,99603.73,18565.7,D018,Building control surveyor,2025-03-19
EMP03153,47347.98,3655.33,D011,Psychiatric nurse,2024-12-21
EMP03154,93315.64,16755.62,D010,International aid/development worker,2023-11-27
EMP03155,124162.28,4702.52,D020,Dealer,2023-09-15
EMP03156,150137.05,21136.96,D012,Games developer,2025-06-15
EMP03157,102225.77,10998.85,D004,Surgeon,2026-01-24
EMP03158,112812.28,9104.94,D013,Broadcast engineer,2026-02-12
EMP03159,86858.39,2256.76,D007,Fish farm manager,2024-10-15
EMP03160,126742.71,2832.87,D013,Lexicographer,2024-04-15
EMP03161,104220.53,17839.25,D012,Financial planner,2025-08-05
EMP03162,56530.06,5238.75,D013,Ranger/warden,2025-05-31
EMP03163,136137.1,14781.87,D001,Musician,2024-08-03
EMP03164,88346.79,1679.14,D005,"Geologist, wellsite",2023-11-12
EMP03165,72795.27,12674.68,D009,"Designer, graphic",2026-03-16
EMP03166,110232.09,15453.87,D011,Travel agency manager,2025-10-24
EMP03167,98107.02,6864.43,D017,"Scientist, biomedical",2025-11-17
EMP03168,79299.08,15630.21,D003,Event organiser,2024-05-04
EMP03169,102442.31,3847.33,D015,Video editor,2024-08-27
EMP03170,111015.76,89.99,D020,English as a second language teacher,2025-04-21
EMP03171,103128.16,12181.25,D014,"Administrator, arts",2023-09-06
EMP03172,79123.11,14608.47,D007,"Engineer, manufacturing systems",2024-07-12
EMP03173,129863.76,17066.18,D008,Materials engineer,2024-07-13
EMP03174,142188.26,24251.13,D016,Financial adviser,2025-08-21
EMP03175,85772.23,4107.89,D019,Tour manager,2024-02-04
EMP03176,112707.04,13967.26,D010,Medical technical officer,2025-11-29
EMP03177,106304.81,11056.8,D010,Control and instrumentation engineer,2026-04-26
EMP03178,138421.66,2873.22,D014,Occupational psychologist,2024-05-07
EMP03179,87520.9,10394.78,D018,Architectural technologist,2023-08-12
EMP03180,101817.11,1071.09,D005,"Scientist, research (maths)",2024-10-16
EMP03181,117676.94,7341.59,D008,Soil scientist,2025-02-02
EMP03182,71844.38,29.26,D016,Logistics and distribution manager,2024-09-06
EMP03183,128341.16,4580.75,D009,Emergency planning/management officer,2025-10-10
EMP03184,64717.76,6533.89,D007,"Education officer, community",2025-01-03
EMP03185,104958.62,15085.29,D017,Tourism officer,2026-02-11
EMP03186,123122.89,10541.22,D004,"Surveyor, land/geomatics",2024-02-04
EMP03187,98726.81,3750.69,D016,Psychotherapist,2026-06-16
EMP03188,96949.57,6655.55,D004,Fast food restaurant manager,2024-11-01
EMP03189,118580.83,5675.44,D020,Horticultural therapist,2025-08-13
EMP03190,110475.33,19072.94,D006,Air traffic controller,2024-07-06
EMP03191,158998.19,9888.56,D019,Chief Financial Officer,2024-12-30
EMP03192,122480.41,13763.32,D005,Chartered accountant,2024-11-24
EMP03193,70394.42,3576.22,D001,Forest/woodland manager,2025-08-03
EMP03194,96257.52,2585.73,D010,Water quality scientist,2025-01-31
EMP03195,99989.73,14370.26,D002,Town planner,2025-05-10
EMP03196,105811.37,4569.7,D014,Records manager,2023-08-05
EMP03197,120533.22,10510.19,D006,Industrial buyer,2024-08-22
EMP03198,81153.36,13165.35,D006,"Programmer, applications",2026-01-02
EMP03199,81729.67,2072.85,D005,Land/geomatics surveyor,2026-04-09
EMP03200,122045.73,5291.94,D012,Glass blower/designer,2025-06-06
EMP03201,63166.93,12539.72,D017,Recruitment consultant,2026-06-25
EMP03202,117891.23,11985.75,D020,"Engineer, drilling",2025-10-31
EMP03203,84164.32,10638.89,D017,"Production assistant, television",2026-07-29
EMP03204,121566.11,17854.19,D011,"Psychologist, educational",2024-03-01
EMP03205,136042.41,5631.92,D012,Animator,2026-04-10
EMP03206,90003.58,5678.91,D019,Health and safety adviser,2024-02-28
EMP03207,172517.37,21548.4,D014,Theatre stage manager,2025-05-06
EMP03208,65248.35,833.56,D013,Warden/ranger,2026-07-28
EMP03209,94674.95,8286.68,D010,Archaeologist,2025-11-13
EMP03210,40000.0,5498.92,D016,Teaching laboratory technician,2024-01-14
EMP03211,123059.11,19533.7,D001,Pensions consultant,2024-05-23
EMP03212,129770.94,19725.15,D011,Proofreader,2024-04-06
EMP03213,85078.36,4042.39,D018,"Social research officer, government",2024-11-04
EMP03214,134356.67,15673.12,D005,Broadcast journalist,2025-07-23
EMP03215,117715.19,14356.95,D011,Toxicologist,2024-07-24
EMP03216,104878.01,6557.92,D008,Insurance claims handler,2023-12-13
EMP03217,61081.13,607.91,D012,Medical sales representative,2026-07-29
EMP03218,110854.69,14548.35,D009,Neurosurgeon,2025-11-15
EMP03219,117414.44,345.98,D003,Legal secretary,2025-03-09
EMP03220,104564.71,2884.26,D002,"Teacher, special educational needs",2026-03-26
EMP03221,73648.85,218.99,D013,Quality manager,2024-05-13
EMP03222,131331.8,14607.88,D019,"Production designer, theatre/television/film",2025-05-22
EMP03223,111450.43,16126.17,D014,"Exhibitions officer, museum/gallery",2024-02-04
EMP03224,59916.77,2483.62,D013,Travel agency manager,2026-03-04
EMP03225,126519.07,9394.97,D009,Musician,2026-01-21
EMP03226,91421.61,2009.3,D020,Chief Marketing Officer,2025-02-17
EMP03227,90052.62,12495.39,D004,Ambulance person,2026-07-12
EMP03228,125691.92,1382.64,D003,"Engineer, control and instrumentation",2025-09-27
EMP03229,147518.23,21691.02,D014,Fitness centre manager,2026-05-05
EMP03230,130093.38,14793.27,D003,Advertising art director,2023-08-15
EMP03231,119022.94,2525.01,D010,Lobbyist,2025-02-17
EMP03232,100314.97,6221.96,D003,"Psychotherapist, dance movement",2024-09-03
EMP03233,123119.4,14821.86,D017,"Engineer, land",2024-10-31
EMP03234,105918.1,11942.78,D014,Operational investment banker,2025-04-30
EMP03235,53541.76,6710.7,D013,Special educational needs teacher,2025-01-28
EMP03236,57062.98,8092.17,D005,Telecommunications researcher,2024-02-29
EMP03237,179745.79,2035.82,D020,Chief Operating Officer,2026-04-21
EMP03238,108580.48,4439.57,D005,Arts development officer,2025-03-10
EMP03239,110463.39,16933.53,D020,"Scientist, physiological",2025-05-04
EMP03240,127897.44,12475.18,D002,Advertising account planner,2025-12-24
EMP03241,135159.89,23315.32,D004,Hospital doctor,2024-03-03
EMP03242,72601.75,9718.61,D006,Clinical molecular geneticist,2025-01-18
EMP03243,66041.9,1671.86,D007,Research scientist (maths),2025-09-24
EMP03244,106711.24,14567.99,D001,Interior and spatial designer,2025-12-04
EMP03245,122915.2,5360.95,D017,"Pilot, airline",2024-05-25
EMP03246,100554.86,15110.05,D006,Health physicist,2025-05-03
EMP03247,118444.48,11714.7,D015,"Engineer, site",2025-08-18
EMP03248,120817.22,5671.01,D007,Ambulance person,2025-06-21
EMP03249,84584.34,4865.61,D003,Public relations account executive,2026-05-19
EMP03250,115466.88,2216.84,D005,"Designer, television/film set",2024-07-20
EMP03251,126090.9,24444.25,D006,Civil Service administrator,2024-08-05
EMP03252,40788.47,5193.77,D012,Retail buyer,2023-11-23
EMP03253,83211.59,6000.9,D009,Risk manager,2024-05-10
EMP03254,88038.41,6583.56,D019,"Programmer, multimedia",2025-01-19
EMP03255,102001.75,3232.96,D017,Professor Emeritus,2023-12-15
EMP03256,54561.21,7418.45,D005,Broadcast journalist,2025-03-09
EMP03257,93484.05,17035.17,D017,Photographer,2026-08-03
EMP03258,120976.9,20451.57,D020,Technical author,2023-09-12
EMP03259,155824.44,28590.74,D006,Theatre stage manager,2023-10-05
EMP03260,126054.67,4891.17,D020,Chiropractor,2025-06-22
EMP03261,77360.08,221.86,D006,Naval architect,2026-04-06
EMP03262,131309.62,11609.86,D017,IT consultant,2025-12-02
EMP03263,138227.07,23173.7,D003,Risk manager,2024-12-18
EMP03264,83173.16,2268.15,D012,"Psychologist, counselling",2024-02-10
EMP03265,59463.63,6580.83,D010,"Education officer, community",2026-05-09
EMP03266,40000.0,2925.21,D020,Exhibition designer,2023-11-22
EMP03267,132324.16,22256.11,D002,Paediatric nurse,2024-07-19
EMP03268,113288.46,16456.27,D014,Firefighter,2024-05-21
EMP03269,72473.52,1988.93,D016,Insurance account manager,2023-08-22
EMP03270,127351.43,18856.14,D015,Building control surveyor,2025-11-01
EMP03271,119398.14,10183.84,D011,Commissioning editor,2024-03-14
EMP03272,119546.08,12048.74,D002,Ambulance person,2023-08-20
EMP03273,124005.54,4410.52,D011,"Geneticist, molecular",2025-06-04
EMP03274,82472.16,15838.54,D004,Soil scientist,2026-03-01
EMP03275,102186.5,15700.02,D015,Learning disability nurse,2025-02-21
EMP03276,71364.19,9333.29,D009,Printmaker,2024-06-11
EMP03277,99431.07,13676.85,D015,"Surveyor, commercial/residential",2024-01-05
EMP03278,79996.59,7027.18,D001,Personnel officer,2026-07-27
EMP03279,148477.28,28036.0,D014,"Production assistant, television",2026-01-26
EMP03280,123544.42,16567.55,D012,Clinical psychologist,2026-03-19
EMP03281,74502.26,9739.35,D009,Dance movement psychotherapist,2026-07-31
EMP03282,123096.49,21330.58,D012,Musician,2024-05-13
EMP03283,114880.39,6028.22,D010,Land,2026-07-16
EMP03284,49996.95,9790.24,D018,Publishing rights manager,2024-09-08
EMP03285,105036.85,19119.13,D010,"Designer, jewellery",2025-07-25
EMP03286,88800.33,309.1,D013,Stage manager,2024-08-24
EMP03287,95805.96,7936.15,D020,Broadcast engineer,2026-03-29
EMP03288,117657.94,1955.69,D007,Surgeon,2023-08-23
EMP03289,106272.88,6645.56,D013,Cytogeneticist,2025-07-31
EMP03290,89218.55,11315.64,D007,Theatre director,2023-10-26
EMP03291,96707.59,18650.43,D001,Commercial/residential surveyor,2025-08-19
EMP03292,132417.65,13974.39,D002,Dietitian,2023-09-28
EMP03293,127186.69,2529.4,D005,Recycling officer,2026-07-07
EMP03294,183403.87,11947.06,D009,"Surveyor, planning and development",2025-07-01
EMP03295,92423.53,3836.23,D002,Youth worker,2026-07-18
EMP03296,103213.46,12818.92,D017,"Social research officer, government",2024-08-16
EMP03297,124880.77,19664.82,D013,Sales executive,2024-04-04
EMP03298,92950.1,3587.54,D006,Medical technical officer,2024-08-05
EMP03299,135200.01,16326.78,D002,"Development worker, international aid",2026-04-09
EMP03300,108737.17,14280.3,D002,Further education lecturer,2026-07-26
EMP03301,96367.95,7814.08,D018,Technical brewer,2026-04-24
EMP03302,52252.7,7228.53,D019,Television floor manager,2025-02-14
EMP03303,78888.63,5729.23,D008,Bonds trader,2025-02-11
EMP03304,93653.5,12729.41,D020,Ophthalmologist,2025-03-03
EMP03305,89865.57,6548.97,D016,Agricultural engineer,2023-10-03
EMP03306,121187.53,14451.77,D011,Senior tax professional/tax inspector,2025-01-22
EMP03307,110639.48,3454.8,D012,"Horticulturist, commercial",2024-09-27
EMP03308,123658.04,3054.92,D003,Chiropodist,2025-04-20
EMP03309,82709.9,15871.08,D006,Magazine features editor,2025-05-19
EMP03310,115845.8,426.27,D013,"Surveyor, minerals",2024-05-12
EMP03311,120175.53,20100.56,D004,"Lecturer, higher education",2026-04-18
EMP03312,184710.92,16353.37,D015,Mental health nurse,2024-06-11
EMP03313,87197.1,8713.07,D003,"Engineer, automotive",2026-08-04
EMP03314,156567.24,27637.68,D002,"Psychologist, occupational",2026-06-10
EMP03315,48372.59,3754.28,D016,Ergonomist,2024-04-28
EMP03316,129098.4,23745.88,D008,Biomedical engineer,2026-07-05
EMP03317,146714.96,11958.96,D009,Health physicist,2024-03-09
EMP03318,108125.81,21113.47,D011,"Engineer, site",2025-05-11
EMP03319,127623.92,5004.61,D011,"Programmer, applications",2024-04-28
EMP03320,113901.91,9199.88,D012,Pension scheme manager,2025-11-04
EMP03321,53298.78,1141.48,D011,"Engineer, electronics",2024-03-07
EMP03322,121486.93,24036.25,D018,Community pharmacist,2026-07-19
EMP03323,114681.92,271.84,D003,Senior tax professional/tax inspector,2026-05-28
EMP03324,120429.46,9157.57,D018,IT sales professional,2025-09-14
EMP03325,97423.39,13144.93,D003,"Merchandiser, retail",2024-04-22
EMP03326,92852.92,9465.51,D002,Systems developer,2024-12-11
EMP03327,110379.72,1034.94,D007,Operations geologist,2026-07-11
EMP03328,151552.93,26756.36,D007,"Research officer, political party",2026-03-23
EMP03329,102714.97,8365.79,D008,Advertising copywriter,2024-06-19
EMP03330,97845.52,19248.41,D017,"Research officer, government",2024-08-26
EMP03331,138618.49,14040.29,D014,Community pharmacist,2023-09-26
EMP03332,62787.64,6244.65,D018,"Presenter, broadcasting",2023-09-02
EMP03333,93409.91,7816.68,D002,Writer,2023-09-19
EMP03334,113702.52,1882.69,D016,Freight forwarder,2025-12-23
EMP03335,101607.53,12577.45,D008,Freight forwarder,2024-07-26
EMP03336,163335.77,29673.62,D017,Sports development officer,2023-12-08
EMP03337,142416.26,21705.09,D011,Chief of Staff,2024-09-29
EMP03338,100288.77,3865.31,D002,Geoscientist,2025-04-11
EMP03339,85412.6,10918.21,D009,Industrial/product designer,2024-08-05
EMP03340,121498.13,15614.81,D008,"Accountant, chartered",2026-01-25
EMP03341,140775.61,18017.83,D015,"Accountant, chartered management",2023-09-09
EMP03342,109548.7,15654.09,D019,Barrister's clerk,2024-10-08
EMP03343,91275.53,493.8,D014,Glass blower/designer,2026-04-25
EMP03344,114946.73,8919.16,D002,Animator,2024-01-13
EMP03345,114507.76,12922.22,D018,"Producer, television/film/video",2024-09-09
EMP03346,125450.16,3869.55,D009,Merchant navy officer,2026-07-19
EMP03347,99327.83,964.51,D001,Paediatric nurse,2024-08-08
EMP03348,128167.66,3850.85,D004,Armed forces technical officer,2024-03-17
EMP03349,95626.76,9424.02,D002,Database administrator,2024-06-22
EMP03350,105211.95,30.96,D005,Field trials officer,2025-05-27
EMP03351,106755.44,15483.8,D008,Community education officer,2023-09-07
EMP03352,157642.62,15352.16,D019,Arts development officer,2024-09-21
EMP03353,89282.77,16517.22,D020,"Pharmacist, hospital",2024-06-30
EMP03354,102144.82,12656.79,D015,Insurance underwriter,2025-06-11
EMP03355,153986.04,26803.9,D009,Architect,2025-03-09
EMP03356,94858.67,15996.31,D017,"Producer, television/film/video",2023-11-22
EMP03357,82928.3,3835.97,D003,Training and development officer,2024-11-04
EMP03358,104350.08,12930.39,D020,"Radiographer, diagnostic",2024-11-23
EMP03359,154030.29,12152.08,D020,"Designer, interior/spatial",2023-08-24
EMP03360,116164.92,3730.07,D001,Television/film/video producer,2025-01-25
EMP03361,130142.83,22849.38,D010,Paediatric nurse,2026-07-27
EMP03362,146550.82,8537.94,D011,"Scientist, research (physical sciences)",2026-07-11
EMP03363,94688.33,362.39,D002,"Designer, television/film set",2025-12-27
EMP03364,140109.69,3739.17,D006,"Editor, commissioning",2026-04-29
EMP03365,114918.21,9534.56,D013,"Surveyor, planning and development",2024-11-01
EMP03366,103166.14,11916.86,D005,Retail manager,2024-10-26
EMP03367,112773.26,22145.29,D011,Lawyer,2026-05-30
EMP03368,118819.82,3856.68,D018,Industrial/product designer,2024-07-11
EMP03369,114345.61,1798.32,D009,"Designer, exhibition/display",2024-04-20
EMP03370,66473.32,1436.95,D012,Professor Emeritus,2023-09-12
EMP03371,122141.64,13016.78,D017,"Engineer, maintenance",2024-04-12
EMP03372,92818.61,18556.18,D010,"Geologist, engineering",2023-10-27
EMP03373,111602.68,1453.18,D014,Further education lecturer,2024-10-22
EMP03374,105477.82,3884.08,D020,Theatre stage manager,2023-09-17
EMP03375,119236.46,866.38,D006,"Radiographer, diagnostic",2023-11-06
EMP03376,131230.42,21553.69,D018,Teaching laboratory technician,2025-02-04
EMP03377,102625.23,13129.11,D011,Tour manager,2026-04-29
EMP03378,97137.79,8532.55,D019,Database administrator,2023-09-16
EMP03379,86810.11,4993.89,D001,Minerals surveyor,2024-06-28
EMP03380,101488.74,15589.97,D016,Colour technologist,2025-06-27
EMP03381,107683.74,10044.64,D004,"Therapist, occupational",2024-09-07
EMP03382,170413.26,2123.87,D004,Quantity surveyor,2024-09-18
EMP03383,80120.0,3345.07,D019,"Engineer, broadcasting (operations)",2025-06-22
EMP03384,106190.61,17046.05,D020,Paediatric nurse,2024-12-11
EMP03385,130701.67,5510.35,D015,Orthoptist,2026-04-20
EMP03386,102216.54,6555.7,D006,IT technical support officer,2025-03-27
EMP03387,112259.1,7051.54,D004,Health and safety adviser,2025-06-18
EMP03388,100467.55,14254.42,D007,Product designer,2025-10-24
EMP03389,79547.23,4230.56,D016,Medical technical officer,2025-01-23
EMP03390,146142.04,8140.4,D012,Rural practice surveyor,2024-06-08
EMP03391,88475.97,13744.63,D019,"Psychologist, clinical",2024-05-13
EMP03392,100819.73,18454.52,D011,"Surveyor, minerals",2025-01-14
EMP03393,132126.58,23964.61,D010,Financial planner,2026-05-01
EMP03394,132291.93,234.05,D001,Radio broadcast assistant,2025-03-25
EMP03395,94122.77,753.64,D017,Broadcast engineer,2024-11-01
EMP03396,114249.47,679.5,D011,Best boy,2026-07-16
EMP03397,86572.96,15251.11,D004,IT trainer,2024-03-22
EMP03398,107815.65,3691.45,D002,Emergency planning/management officer,2025-03-30
EMP03399,103896.17,15183.47,D005,Theatre manager,2024-02-22
EMP03400,117982.88,8906.58,D001,Customer service manager,2025-10-09
EMP03401,86096.54,1858.99,D014,Marine scientist,2024-04-24
EMP03402,116968.02,17088.14,D013,Therapeutic radiographer,2026-02-28
EMP03403,141360.25,20443.43,D003,Automotive engineer,2024-09-25
EMP03404,106641.73,7063.11,D010,Planning and development surveyor,2026-05-12
EMP03405,135069.63,17764.34,D018,Research scientist (life sciences),2025-09-21
EMP03406,163463.93,25096.83,D009,Psychiatric nurse,2026-06-15
EMP03407,148137.6,6311.36,D011,Community arts worker,2024-03-03
EMP03408,125719.98,4238.78,D020,"Surveyor, insurance",2025-08-04
EMP03409,89627.28,4718.79,D001,Jewellery designer,2026-06-07
EMP03410,84740.07,2119.54,D004,"Engineer, broadcasting (operations)",2025-02-08
EMP03411,112763.62,6277.58,D012,Oncologist,2026-05-11
EMP03412,88874.96,2572.28,D008,"Accountant, chartered",2023-12-18
EMP03413,119540.22,23095.96,D014,Clinical biochemist,2024-04-04
EMP03414,101892.77,6654.81,D004,Public relations officer,2025-01-12
EMP03415,112802.52,16536.26,D020,Horticultural consultant,2024-12-23
EMP03416,154667.59,14611.7,D018,Environmental manager,2025-07-22
EMP03417,124242.93,9878.89,D017,Advertising account planner,2024-09-05
EMP03418,150795.09,28959.34,D017,Furniture designer,2025-07-31
EMP03419,100076.85,13565.0,D019,"Biochemist, clinical",2024-12-04
EMP03420,106727.41,5685.03,D008,"Designer, industrial/product",2025-07-24
EMP03421,118444.49,11887.93,D003,Maintenance engineer,2023-10-09
EMP03422,137639.52,5062.34,D012,Multimedia programmer,2024-02-10
EMP03423,101284.36,8437.7,D016,Barrister's clerk,2024-08-19
EMP03424,139830.9,19635.05,D001,Armed forces training and education officer,2024-04-12
EMP03425,58900.81,5635.62,D020,Hospital doctor,2024-01-04
EMP03426,93340.99,8107.23,D006,Community arts worker,2025-10-28
EMP03427,112498.76,20473.61,D016,"Engineer, control and instrumentation",2025-03-19
EMP03428,96855.18,9141.2,D002,Child psychotherapist,2023-09-20
EMP03429,158638.87,11690.48,D020,Osteopath,2024-07-05
EMP03430,64601.4,5456.0,D009,Occupational psychologist,2025-06-21
EMP03431,122435.55,1723.31,D013,"Research officer, trade union",2025-11-20
EMP03432,108964.63,13641.1,D006,"Psychologist, occupational",2024-05-12
EMP03433,91015.9,2207.11,D010,Management consultant,2024-03-04
EMP03434,118274.61,5044.74,D019,Data scientist,2024-10-21
EMP03435,85201.01,3934.39,D009,Quantity surveyor,2025-12-07
EMP03436,136657.03,14985.24,D008,Academic librarian,2024-10-04
EMP03437,101848.57,10293.32,D009,Primary school teacher,2025-03-24
EMP03438,98352.15,1610.69,D007,Clinical psychologist,2026-06-28
EMP03439,124837.43,7438.41,D015,"Designer, furniture",2024-09-19
EMP03440,64388.44,7384.29,D016,Product/process development scientist,2025-08-12
EMP03441,127907.77,22785.87,D017,Teaching laboratory technician,2023-09-10
EMP03442,129407.8,6753.06,D002,Psychotherapist,2024-09-10
EMP03443,121015.13,22360.67,D009,"Civil engineer, contracting",2025-09-06
EMP03444,122789.54,18502.32,D011,Print production planner,2025-08-09
EMP03445,66687.24,2976.3,D014,Planning and development surveyor,2026-03-30
EMP03446,112685.48,1506.97,D002,"Engineer, production",2026-03-09
EMP03447,147733.85,29426.78,D007,"Journalist, magazine",2025-04-07
EMP03448,86704.04,13386.56,D016,Acupuncturist,2024-10-18
EMP03449,89162.56,6968.31,D011,Paediatric nurse,2023-08-22
EMP03450,85084.06,14324.37,D003,Hotel manager,2025-11-25
EMP03451,110039.85,3658.82,D001,"Editor, magazine features",2024-03-10
EMP03452,126781.94,20281.32,D020,Proofreader,2024-03-12
EMP03453,72896.99,7441.53,D006,"Designer, industrial/product",2025-11-10
EMP03454,98419.8,12155.24,D013,"Teacher, early years/pre",2024-02-02
EMP03455,166554.33,32160.98,D006,Translator,2025-10-11
EMP03456,59314.54,279.22,D019,Aeronautical engineer,2024-07-13
EMP03457,70560.94,5740.82,D017,Hospital pharmacist,2025-05-24
EMP03458,101288.26,2514.55,D018,"Engineer, materials",2024-03-13
EMP03459,78308.46,7975.96,D011,Science writer,2024-12-04
EMP03460,98167.46,5425.43,D009,Sports development officer,2024-10-04
EMP03461,113505.76,13437.2,D015,Chiropractor,2026-07-03
EMP03462,152242.54,12881.18,D007,"Radiographer, therapeutic",2023-09-14
EMP03463,130928.12,13469.57,D006,Optometrist,2023-11-24
EMP03464,119942.56,9416.34,D004,"Psychologist, clinical",2023-12-31
EMP03465,82590.97,7115.22,D005,Occupational therapist,2023-10-20
EMP03466,123960.31,6040.66,D004,Control and instrumentation engineer,2023-10-31
EMP03467,58958.78,7134.51,D004,Diplomatic Services operational officer,2023-11-12
EMP03468,80218.04,3904.16,D003,Primary school teacher,2026-06-09
EMP03469,99829.0,18074.59,D018,Animal nutritionist,2024-03-13
EMP03470,128766.72,19249.37,D007,Cytogeneticist,2024-12-25
EMP03471,132386.97,10062.42,D009,Magazine features editor,2024-08-10
EMP03472,107990.86,1393.48,D005,Insurance underwriter,2023-12-05
EMP03473,150598.7,21657.19,D016,Fine artist,2025-04-14
EMP03474,133957.12,3830.02,D019,Building surveyor,2026-05-23
EMP03475,149309.55,18466.65,D015,Occupational hygienist,2023-11-16
EMP03476,113882.72,19656.03,D007,Exhibition designer,2024-02-22
EMP03477,100174.08,14232.5,D011,"Teacher, special educational needs",2025-06-14
EMP03478,137447.0,21334.08,D015,Broadcast engineer,2025-06-08
EMP03479,75447.58,1386.22,D017,"Investment banker, operational",2024-01-28
EMP03480,165421.32,31532.79,D010,"Sales professional, IT",2026-03-16
EMP03481,40000.0,3559.89,D018,Insurance broker,2025-11-20
EMP03482,129236.04,22219.86,D008,"Pharmacist, community",2024-10-15
EMP03483,104891.47,19896.73,D010,Government social research officer,2024-07-02
EMP03484,47834.16,617.9,D001,Radiation protection practitioner,2024-09-05
EMP03485,100989.03,9853.51,D006,Computer games developer,2024-05-27
EMP03486,97172.17,2739.12,D007,Legal executive,2024-12-10
EMP03487,138296.99,2150.17,D020,Personal assistant,2024-09-13
EMP03488,134277.98,4353.04,D007,Audiological scientist,2024-03-20
EMP03489,117046.67,13068.01,D015,Heritage manager,2026-04-19
EMP03490,130404.65,22165.33,D003,Music tutor,2026-03-04
EMP03491,96577.58,12850.24,D008,"Psychologist, sport and exercise",2024-05-04
EMP03492,113103.1,5150.22,D014,Science writer,2025-05-17
EMP03493,95709.64,1839.3,D018,"Designer, industrial/product",2023-09-01
EMP03494,97427.02,9697.5,D010,Armed forces operational officer,2026-05-16
EMP03495,109835.67,7876.12,D019,"Engineer, energy",2025-03-15
EMP03496,113055.09,1124.82,D008,Press photographer,2025-06-15
EMP03497,105313.23,5472.71,D010,Web designer,2026-06-27
EMP03498,91631.41,10307.59,D018,Advertising art director,2023-08-21
EMP03499,107586.62,8260.7,D017,"Nurse, adult",2025-10-28
EMP03500,138892.79,2865.35,D001,Clinical cytogeneticist,2025-10-19
EMP03501,86213.3,14224.29,D019,IT consultant,2024-05-01
EMP03502,69852.3,3520.08,D004,Make,2025-09-27
EMP03503,81628.12,13172.92,D005,Amenity horticulturist,2023-11-14
EMP03504,91392.42,8680.36,D014,Electrical engineer,2026-01-13
EMP03505,91710.1,16135.49,D016,"Nurse, learning disability",2024-09-28
EMP03506,143184.0,5878.96,D016,Bookseller,2023-10-22
EMP03507,135084.4,22705.96,D015,Field seismologist,2025-08-01
EMP03508,75828.45,1046.55,D019,Furniture designer,2025-01-09
EMP03509,157140.01,20477.3,D011,Air traffic controller,2025-04-29
EMP03510,115813.93,18262.08,D001,Youth worker,2024-01-01
EMP03511,124917.86,1453.01,D001,Public affairs consultant,2025-06-15
EMP03512,120465.97,21023.13,D011,Equities trader,2025-05-04
EMP03513,130777.3,2282.36,D016,Chief Financial Officer,2026-04-20
EMP03514,59195.6,10256.07,D009,Control and instrumentation engineer,2026-04-25
EMP03515,93714.1,14824.05,D013,"Designer, fashion/clothing",2023-12-03
EMP03516,105213.07,5609.31,D020,Automotive engineer,2026-05-30
EMP03517,123718.82,20597.9,D016,Podiatrist,2024-11-22
EMP03518,88306.66,2924.65,D009,Music tutor,2025-07-17
EMP03519,96892.58,966.62,D017,Print production planner,2024-06-28
EMP03520,167550.09,18285.0,D002,"Presenter, broadcasting",2024-11-11
EMP03521,143503.61,20010.88,D002,"Optician, dispensing",2026-06-16
EMP03522,156697.95,9634.75,D003,IT trainer,2025-08-02
EMP03523,118951.3,2724.36,D003,Historic buildings inspector/conservation officer,2026-01-25
EMP03524,81949.95,11661.8,D017,"Accountant, chartered management",2026-01-22
EMP03525,83025.08,13152.4,D018,"Journalist, broadcasting",2025-01-06
EMP03526,84545.66,5172.2,D014,Facilities manager,2024-08-03
EMP03527,137928.64,24594.96,D001,Editorial assistant,2025-10-18
EMP03528,85448.73,13364.16,D004,Health physicist,2024-05-28
EMP03529,109346.31,12160.2,D002,"Designer, graphic",2025-05-22
EMP03530,95401.85,5058.13,D007,Clothing/textile technologist,2026-03-03
EMP03531,84569.58,4645.3,D020,Paramedic,2023-10-14
EMP03532,60720.7,7504.16,D019,Systems analyst,2024-05-09
EMP03533,98785.31,19247.43,D006,Health physicist,2025-01-13
EMP03534,95548.12,8173.01,D006,Environmental consultant,2024-01-10
EMP03535,159518.33,21835.48,D013,"Lecturer, higher education",2023-12-21
EMP03536,69039.8,5607.3,D001,Environmental manager,2024-01-03
EMP03537,117352.83,9542.33,D012,Dietitian,2023-12-16
EMP03538,121712.42,20440.38,D019,"Restaurant manager, fast food",2025-03-03
EMP03539,92911.92,2632.85,D004,Politician's assistant,2026-06-27
EMP03540,107550.83,10308.34,D007,"Buyer, retail",2024-07-25
EMP03541,106610.27,12514.05,D011,"Psychologist, prison and probation services",2025-08-27
EMP03542,146852.76,23044.27,D020,Statistician,2025-09-17
EMP03543,106076.88,19453.79,D012,"Administrator, charities/voluntary organisations",2024-07-05
EMP03544,83876.62,13061.03,D005,Medical secretary,2023-11-23
EMP03545,93479.01,14019.83,D014,"Surveyor, building",2024-03-28
EMP03546,150231.81,9478.53,D016,Broadcast journalist,2023-11-30
EMP03547,112685.53,20818.16,D002,Film/video editor,2026-01-24
EMP03548,111960.69,14712.02,D005,"Scientist, physiological",2024-05-17
EMP03549,112675.72,14252.34,D003,Ambulance person,2024-05-10
EMP03550,102276.81,6856.74,D012,Learning mentor,2023-11-21
EMP03551,129150.53,21694.18,D017,Production manager,2026-02-26
EMP03552,115291.59,19103.07,D002,Environmental manager,2025-09-03
EMP03553,52555.14,5549.77,D015,"Embryologist, clinical",2025-03-28
EMP03554,144728.08,24750.37,D010,Commercial art gallery manager,2024-10-15
EMP03555,129085.08,5035.49,D008,Environmental health practitioner,2026-03-25
EMP03556,128957.32,2025.97,D019,Multimedia specialist,2026-07-26
EMP03557,134366.32,7967.91,D011,"Producer, radio",2024-06-30
EMP03558,100855.19,12708.6,D013,"Surveyor, insurance",2025-09-13
EMP03559,105791.68,12720.83,D020,"Surveyor, minerals",2025-11-04
EMP03560,102495.46,5140.53,D016,Musician,2024-04-20
EMP03561,129305.24,25583.09,D011,Housing manager/officer,2024-06-27
EMP03562,108179.69,10599.01,D010,Marketing executive,2025-02-20
EMP03563,89433.81,9489.52,D009,Learning mentor,2025-09-20
EMP03564,94725.98,3037.82,D001,Microbiologist,2025-06-22
EMP03565,125198.01,843.1,D012,Contracting civil engineer,2024-10-07
EMP03566,153924.74,24714.75,D003,Osteopath,2025-09-19
EMP03567,82120.23,6261.68,D009,Clinical molecular geneticist,2025-02-08
EMP03568,98691.04,19415.76,D001,International aid/development worker,2023-09-10
EMP03569,102872.62,13049.89,D004,Communications engineer,2024-05-08
EMP03570,106153.96,18520.87,D017,Air traffic controller,2025-03-25
EMP03571,104099.05,14493.96,D018,Prison officer,2026-02-03
EMP03572,128510.27,12195.99,D018,"Administrator, arts",2025-05-16
EMP03573,103564.94,1207.82,D015,Magazine features editor,2025-12-02
EMP03574,117767.62,15603.37,D006,Medical secretary,2024-04-15
EMP03575,116017.9,18895.3,D015,Research scientist (medical),2023-08-13
EMP03576,108014.64,18414.09,D019,Actuary,2024-05-10
EMP03577,114919.44,16106.95,D005,Medical physicist,2026-01-09
EMP03578,99190.72,3503.6,D011,"Designer, graphic",2024-08-19
EMP03579,116129.8,15834.36,D004,Writer,2026-01-25
EMP03580,115061.04,6240.69,D016,Midwife,2026-07-17
EMP03581,62493.95,8829.13,D018,Animal technologist,2024-11-27
EMP03582,45204.09,3342.75,D014,"Surveyor, planning and development",2025-12-21
EMP03583,50601.49,2253.37,D001,Oceanographer,2023-10-13
EMP03584,118269.25,768.08,D002,Ship broker,2024-01-13
EMP03585,101803.93,700.3,D016,"Research officer, government",2025-09-08
EMP03586,108176.15,18936.47,D011,"Geologist, engineering",2024-07-22
EMP03587,88514.88,15852.59,D007,Horticultural consultant,2024-07-07
EMP03588,105611.86,19278.97,D004,Chief Executive Officer,2026-05-17
EMP03589,100250.36,4515.43,D016,Computer games developer,2024-05-06
EMP03590,92839.74,16370.28,D011,"Engineer, aeronautical",2023-12-22
EMP03591,90217.66,10776.13,D020,Lobbyist,2024-08-15
EMP03592,130289.26,11783.4,D005,Theatre director,2024-08-22
EMP03593,78257.62,15107.97,D006,Television floor manager,2024-01-07
EMP03594,108794.27,12841.2,D004,Sports coach,2025-12-10
EMP03595,90534.38,634.81,D016,Theme park manager,2026-07-12
EMP03596,93699.71,15190.67,D016,Politician's assistant,2024-11-07
EMP03597,111777.11,5426.58,D020,Early years teacher,2024-05-03
EMP03598,123476.02,24529.86,D014,"Investment banker, corporate",2025-09-06
EMP03599,81052.86,2818.66,D012,"Surveyor, mining",2025-12-04
EMP03600,136340.58,11476.77,D019,Occupational psychologist,2025-12-16
EMP03601,131844.11,5610.9,D010,"Therapist, speech and language",2025-11-27
EMP03602,98878.83,6999.96,D003,Dentist,2023-11-09
EMP03603,72854.52,2107.59,D012,Oceanographer,2026-07-07
EMP03604,71303.44,1680.17,D006,Fine artist,2025-05-01
EMP03605,111013.04,15821.3,D003,Interior and spatial designer,2024-03-24
EMP03606,122081.87,6086.87,D012,Plant breeder/geneticist,2025-03-07
EMP03607,116797.21,1357.24,D001,Agricultural consultant,2025-07-01
EMP03608,94170.17,14628.53,D017,Animal nutritionist,2025-01-27
EMP03609,107965.42,10290.65,D019,Music therapist,2025-03-06
EMP03610,73226.73,2194.77,D004,"Embryologist, clinical",2024-01-29
EMP03611,130688.29,13654.42,D006,"Lecturer, higher education",2023-12-20
EMP03612,95534.41,7134.59,D008,Logistics and distribution manager,2023-11-02
EMP03613,69642.22,12001.61,D012,Biomedical scientist,2025-06-18
EMP03614,101252.59,1943.61,D011,Medical secretary,2023-09-19
EMP03615,140105.13,3777.85,D015,Chartered loss adjuster,2025-06-24
EMP03616,132804.18,2487.75,D010,Radiation protection practitioner,2024-04-28
EMP03617,88605.8,11743.07,D018,Theatre manager,2025-09-01
EMP03618,96296.24,13612.15,D002,Product manager,2025-06-25
EMP03619,120459.12,14184.11,D009,Medical laboratory scientific officer,2026-02-23
EMP03620,107412.76,15916.4,D005,Call centre manager,2023-09-30
EMP03621,90677.69,16618.89,D007,Textile designer,2026-03-15
EMP03622,63046.74,8410.75,D010,"Engineer, control and instrumentation",2023-12-23
EMP03623,107866.03,2268.69,D002,Public relations officer,2024-03-21
EMP03624,136455.62,7708.38,D012,"Scientist, research (life sciences)",2026-07-22
EMP03625,114783.91,11465.08,D018,Fitness centre manager,2023-09-16
EMP03626,143775.2,23013.67,D011,Theatre stage manager,2024-08-06
EMP03627,111189.99,12901.12,D009,"Lecturer, higher education",2025-05-08
EMP03628,116255.45,14236.86,D015,Engineering geologist,2025-04-07
EMP03629,100000.87,19496.48,D017,Broadcast engineer,2024-05-25
EMP03630,102886.26,2670.74,D018,Drilling engineer,2025-12-17
EMP03631,77588.08,3089.76,D015,"Programme researcher, broadcasting/film/video",2026-06-04
EMP03632,149693.79,12786.13,D019,"Engineer, civil (consulting)",2026-04-30
EMP03633,153320.74,9624.16,D012,"Geologist, engineering",2023-12-18
EMP03634,112754.66,6022.02,D017,Food technologist,2026-07-23
EMP03635,117065.0,17752.58,D018,"Lecturer, higher education",2024-08-18
EMP03636,127577.41,6250.06,D011,Senior tax professional/tax inspector,2024-02-04
EMP03637,134056.31,14449.42,D007,Advertising account planner,2026-07-13
EMP03638,149154.36,25095.66,D011,Brewing technologist,2025-02-10
EMP03639,108879.54,12771.12,D010,"Research officer, government",2024-08-13
EMP03640,117330.65,14708.71,D015,Pharmacologist,2026-01-09
EMP03641,101552.32,18300.8,D006,"Designer, jewellery",2026-03-11
EMP03642,86430.84,8192.41,D008,Clinical research associate,2026-02-03
EMP03643,112771.08,9198.82,D007,"Engineer, civil (consulting)",2024-08-19
EMP03644,116133.52,7878.12,D004,Geophysical data processor,2025-11-27
EMP03645,66253.54,3269.9,D011,Pension scheme manager,2025-04-11
EMP03646,131332.38,17593.16,D015,Chartered public finance accountant,2025-05-30
EMP03647,159899.89,27242.44,D014,Occupational psychologist,2026-04-04
EMP03648,111782.63,12618.32,D017,Health and safety inspector,2024-03-08
EMP03649,110531.92,6081.48,D017,Mudlogger,2025-04-23
EMP03650,124562.97,7021.74,D003,Camera operator,2023-10-18
EMP03651,129821.89,25328.81,D019,IT consultant,2024-07-09
EMP03652,95234.53,9266.7,D003,Database administrator,2025-12-07
EMP03653,81721.03,7923.22,D006,Plant breeder/geneticist,2023-08-26
EMP03654,96563.96,6420.76,D007,Legal executive,2024-10-02
EMP03655,88320.28,6202.58,D014,Fish farm manager,2026-02-11
EMP03656,120787.8,21542.54,D013,Dentist,2025-06-15
EMP03657,98556.94,14247.77,D003,Counsellor,2026-06-15
EMP03658,88178.23,3338.47,D013,Conference centre manager,2025-10-11
EMP03659,96031.1,1349.43,D004,Games developer,2024-04-01
EMP03660,75899.42,13426.59,D015,"Production assistant, television",2026-01-19
EMP03661,113410.88,6572.42,D005,Archaeologist,2024-10-15
EMP03662,109389.22,3844.94,D006,"Sales professional, IT",2024-01-20
EMP03663,119514.05,4538.0,D014,Chief of Staff,2025-09-11
EMP03664,66738.58,1088.39,D003,"Accountant, chartered",2025-09-11
EMP03665,95456.15,13438.87,D011,Clinical biochemist,2025-10-24
EMP03666,116779.6,21455.42,D017,Geophysicist/field seismologist,2026-05-12
EMP03667,89046.39,13589.27,D013,"Secretary, company",2025-02-24
EMP03668,109623.01,15701.11,D014,Clinical cytogeneticist,2024-10-15
EMP03669,116706.17,15256.57,D017,Diplomatic Services operational officer,2025-08-17
EMP03670,110903.84,19791.66,D015,Television floor manager,2026-04-04
EMP03671,119980.76,11047.89,D014,Probation officer,2026-03-18
EMP03672,103685.12,15942.42,D010,"Buyer, industrial",2025-10-13
EMP03673,146319.61,23923.42,D019,Warden/ranger,2025-05-21
EMP03674,85107.01,6644.39,D004,"Surveyor, insurance",2024-10-13
EMP03675,77769.32,14872.28,D001,Social worker,2024-08-15
EMP03676,123063.2,9539.24,D002,Government social research officer,2024-04-29
EMP03677,163878.47,21967.89,D002,Armed forces logistics/support/administrative officer,2024-07-10
EMP03678,125692.81,24589.9,D020,"Surveyor, building control",2023-12-08
EMP03679,92799.91,12250.96,D008,Tourist information centre manager,2024-07-20
EMP03680,102435.13,18852.51,D001,Food technologist,2025-06-24
EMP03681,113768.44,21355.88,D004,Fine artist,2024-05-08
EMP03682,114105.83,3536.59,D013,Product/process development scientist,2024-01-03
EMP03683,151952.2,16112.2,D016,Immigration officer,2026-07-21
EMP03684,100622.44,8523.91,D008,"Surveyor, building",2024-12-23
EMP03685,79463.01,13160.92,D019,Communications engineer,2025-03-07
EMP03686,112452.76,18185.16,D002,Copy,2024-02-19
EMP03687,88325.42,13650.32,D020,Operational investment banker,2026-05-21
EMP03688,91443.66,3399.02,D018,"Scientist, biomedical",2025-11-23
EMP03689,167226.82,9645.68,D016,Clinical molecular geneticist,2024-09-16
EMP03690,98643.16,9743.65,D004,Ranger/warden,2025-06-26
EMP03691,143262.11,14709.33,D015,Tourist information centre manager,2026-04-01
EMP03692,97421.28,11888.07,D016,Fisheries officer,2024-01-12
EMP03693,98227.49,7027.35,D018,Actuary,2024-07-25
EMP03694,85827.21,15913.49,D006,"Administrator, education",2023-11-05
EMP03695,122424.28,22103.09,D006,"Scientist, research (life sciences)",2026-06-25
EMP03696,110571.3,20904.71,D002,Adult nurse,2025-10-04
EMP03697,136448.03,22952.39,D008,Jewellery designer,2023-10-31
EMP03698,79837.43,8707.93,D003,"Scientist, biomedical",2024-01-13
EMP03699,100821.46,8820.25,D003,Special educational needs teacher,2024-10-04
EMP03700,85031.07,8130.3,D015,"Therapist, drama",2026-07-20
EMP03701,110989.35,11540.55,D018,Translator,2025-03-13
EMP03702,95099.62,9745.35,D017,"Administrator, charities/voluntary organisations",2025-03-10
EMP03703,96459.44,16931.98,D002,Landscape architect,2024-05-18
EMP03704,129651.67,6648.2,D019,Rural practice surveyor,2026-05-12
EMP03705,94961.98,2863.54,D006,Architectural technologist,2024-01-25
EMP03706,166892.12,13332.33,D003,Sports coach,2026-02-28
EMP03707,130292.43,17149.75,D007,Community arts worker,2025-09-12
EMP03708,141635.62,4227.55,D002,"Geologist, wellsite",2024-05-23
EMP03709,110729.04,6578.99,D004,"Administrator, sports",2026-05-13
EMP03710,140592.96,1294.41,D019,"Engineer, automotive",2024-02-22
EMP03711,103186.81,18346.41,D013,"Engineer, technical sales",2025-05-07
EMP03712,96138.43,6488.85,D008,Heritage manager,2024-07-27
EMP03713,112567.16,6726.55,D002,Agricultural consultant,2025-07-26
EMP03714,85173.89,10599.96,D018,"Librarian, public",2024-07-25
EMP03715,132317.11,10235.61,D003,Analytical chemist,2026-07-02
EMP03716,97015.11,6031.73,D004,Surgeon,2026-07-12
EMP03717,89083.07,7409.23,D005,"Clinical scientist, histocompatibility and immunogenetics",2024-08-05
EMP03718,81909.68,6735.63,D016,Art therapist,2024-04-29
EMP03719,83105.58,248.2,D004,"Librarian, academic",2023-11-12
EMP03720,148532.2,15976.52,D010,Mudlogger,2024-11-07
EMP03721,64720.76,11564.05,D018,Environmental consultant,2024-12-28
EMP03722,116903.46,16273.22,D008,Licensed conveyancer,2026-01-03
EMP03723,95788.17,7247.88,D013,"Scientist, marine",2026-02-22
EMP03724,77014.05,6026.24,D019,Podiatrist,2024-08-01
EMP03725,150819.77,24530.97,D005,"Therapist, art",2024-11-13
EMP03726,108497.34,7596.13,D009,Therapeutic radiographer,2025-11-05
EMP03727,126483.91,15701.86,D010,Applications developer,2025-09-16
EMP03728,63879.34,9279.82,D015,Educational psychologist,2024-06-19
EMP03729,98079.29,11011.15,D008,Claims inspector/assessor,2024-11-09
EMP03730,137025.58,9031.31,D011,Fashion designer,2025-12-30
EMP03731,90473.23,177.83,D014,Broadcast presenter,2025-04-23
EMP03732,74438.85,7164.79,D014,Chief Strategy Officer,2024-07-11
EMP03733,117036.78,6148.31,D015,Paediatric nurse,2026-04-15
EMP03734,99685.23,36.17,D014,Patent examiner,2024-07-10
EMP03735,96654.33,15107.98,D007,"Teacher, adult education",2025-03-31
EMP03736,104635.03,9479.19,D017,Immunologist,2026-06-12
EMP03737,96834.76,17474.94,D007,Personal assistant,2026-04-08
EMP03738,157837.19,4443.19,D013,Advertising copywriter,2023-11-27
EMP03739,155688.42,12961.37,D008,"Copywriter, advertising",2025-05-12
EMP03740,103731.02,4768.66,D005,Cabin crew,2026-03-19
EMP03741,84904.17,4615.46,D008,"Designer, multimedia",2023-10-15
EMP03742,140758.51,11559.42,D009,Horticultural therapist,2025-10-18
EMP03743,139034.45,16604.94,D009,Planning and development surveyor,2026-06-30
EMP03744,119189.79,1718.12,D013,Product/process development scientist,2026-02-15
EMP03745,119540.87,1310.69,D016,"Pharmacist, hospital",2025-06-03
EMP03746,129356.09,23340.43,D005,Further education lecturer,2025-05-25
EMP03747,56569.78,1101.57,D003,Cytogeneticist,2025-01-25
EMP03748,115689.88,14974.73,D011,Risk analyst,2024-08-08
EMP03749,168710.53,16357.55,D002,Colour technologist,2025-05-11
EMP03750,147306.82,19266.82,D001,Database administrator,2025-12-14
EMP03751,106330.36,2787.6,D002,"Loss adjuster, chartered",2026-04-28
EMP03752,83580.7,11086.68,D003,Systems developer,2026-03-14
EMP03753,55407.02,2090.45,D012,"Scientist, research (physical sciences)",2024-08-09
EMP03754,101914.74,18662.87,D016,Energy manager,2023-08-31
EMP03755,99090.14,15802.03,D005,Occupational psychologist,2024-10-18
EMP03756,129129.98,633.37,D001,"Designer, interior/spatial",2024-05-22
EMP03757,103304.36,1944.51,D010,Arts development officer,2023-09-24
EMP03758,122961.66,14362.98,D005,"Programmer, systems",2025-10-29
EMP03759,117235.64,5220.57,D017,"Geologist, engineering",2025-03-29
EMP03760,76181.65,11145.66,D010,Wellsite geologist,2026-01-20
EMP03761,122787.61,4372.33,D008,Sales executive,2026-05-30
EMP03762,83738.44,11489.8,D013,"Surveyor, minerals",2026-01-18
EMP03763,101249.81,4673.27,D001,General practice doctor,2025-04-20
EMP03764,129032.83,6143.35,D012,Television/film/video producer,2024-09-13
EMP03765,125451.86,1799.57,D014,IT sales professional,2025-02-17
EMP03766,117474.56,19048.22,D008,Tour manager,2026-06-07
EMP03767,112888.39,19555.6,D017,Cabin crew,2025-05-26
EMP03768,87243.41,5485.45,D019,Drilling engineer,2025-01-05
EMP03769,129315.91,15986.13,D019,Neurosurgeon,2026-05-16
EMP03770,97398.16,17681.56,D016,"Accountant, chartered management",2025-01-13
EMP03771,113501.24,22128.23,D019,Technical sales engineer,2024-04-08
EMP03772,85066.55,11116.99,D005,Database administrator,2025-09-21
EMP03773,100672.01,15641.54,D003,Academic librarian,2025-08-17
EMP03774,66717.32,4661.44,D005,Financial risk analyst,2023-11-19
EMP03775,96789.91,6436.66,D001,Environmental manager,2023-08-19
EMP03776,132263.06,8204.73,D019,Careers information officer,2024-04-24
EMP03777,92639.3,2722.83,D019,Futures trader,2026-03-26
EMP03778,150398.19,5039.19,D008,Police officer,2024-07-31
EMP03779,93043.5,14223.49,D019,Merchant navy officer,2025-05-14
EMP03780,100134.62,12379.06,D008,Pensions consultant,2023-10-27
EMP03781,122388.57,5468.56,D004,Manufacturing systems engineer,2023-10-03
EMP03782,86810.88,9718.92,D020,Research scientist (life sciences),2023-11-18
EMP03783,151781.97,7923.41,D015,Communications engineer,2026-04-30
EMP03784,47361.76,4562.54,D015,Personnel officer,2024-10-19
EMP03785,116345.03,4014.08,D002,"Nurse, adult",2024-11-26
EMP03786,118347.99,15313.29,D018,Manufacturing systems engineer,2026-06-19
EMP03787,139980.42,5408.89,D012,Recycling officer,2024-09-30
EMP03788,125003.52,6592.09,D004,Science writer,2026-04-26
EMP03789,114627.15,15832.1,D001,Chief Operating Officer,2024-10-01
EMP03790,123907.29,14687.08,D020,"Engineer, mining",2026-03-08
EMP03791,102932.13,16037.65,D018,Advice worker,2026-08-02
EMP03792,74916.71,3492.96,D016,Higher education lecturer,2024-04-24
EMP03793,93269.84,5439.56,D016,"Teacher, special educational needs",2023-12-28
EMP03794,131495.22,23532.5,D001,Youth worker,2025-01-18
EMP03795,120712.2,2464.7,D002,Location manager,2024-03-23
EMP03796,110329.35,16809.09,D001,Barista,2024-01-12
EMP03797,106326.94,20281.58,D017,Immunologist,2024-08-12
EMP03798,62223.21,9914.17,D007,Farm manager,2025-11-01
EMP03799,91728.35,18181.38,D005,Retail banker,2023-09-06
EMP03800,95627.47,4548.74,D014,"Teacher, early years/pre",2026-04-07
EMP03801,118488.77,21739.5,D010,Occupational hygienist,2025-05-12
EMP03802,135561.37,18664.08,D007,Horticultural therapist,2024-07-16
EMP03803,140443.73,2640.33,D001,Chiropodist,2025-03-18
EMP03804,132343.75,26197.0,D012,Occupational therapist,2024-08-09
EMP03805,46190.72,8133.41,D019,Geoscientist,2026-05-17
EMP03806,73971.5,3609.09,D012,Management consultant,2023-09-05
EMP03807,100067.17,16273.81,D015,Archaeologist,2025-03-03
EMP03808,115913.31,5700.58,D010,Seismic interpreter,2024-04-04
EMP03809,92643.65,9349.21,D005,Musician,2023-09-08
EMP03810,126720.9,16215.4,D001,Cytogeneticist,2024-04-06
EMP03811,129715.5,21285.96,D001,"Surveyor, rural practice",2026-06-13
EMP03812,56234.59,5103.61,D007,IT trainer,2025-08-31
EMP03813,108552.51,7604.81,D016,Energy manager,2024-06-13
EMP03814,94565.49,16182.38,D016,"Conservator, furniture",2024-01-21
EMP03815,133439.78,22279.09,D011,Conference centre manager,2025-04-07
EMP03816,140925.06,13170.13,D018,Equities trader,2023-12-14
EMP03817,113016.04,15471.26,D020,Advice worker,2025-09-01
EMP03818,120710.92,18950.25,D008,Public house manager,2026-02-13
EMP03819,70734.67,13604.71,D003,Data scientist,2026-05-18
EMP03820,99733.07,4251.17,D011,Geoscientist,2024-09-26
EMP03821,80692.71,3863.9,D008,Sub,2024-02-20
EMP03822,115706.39,8544.95,D012,Records manager,2024-12-06
EMP03823,123941.65,929.18,D003,Musician,2025-03-05
EMP03824,144299.62,24168.09,D007,Forest/woodland manager,2026-08-02
EMP03825,70439.97,11865.14,D016,Chief Marketing Officer,2026-05-12
EMP03826,87758.32,8107.6,D012,Electronics engineer,2024-04-04
EMP03827,123551.5,16627.85,D011,Patent attorney,2025-12-15
EMP03828,125636.22,3205.62,D008,Child psychotherapist,2024-10-12
EMP03829,99827.58,935.69,D010,"Engineer, water",2026-08-02
EMP03830,121182.44,10876.16,D020,"Teacher, adult education",2024-02-08
EMP03831,122295.46,19803.65,D014,Medical physicist,2024-02-16
EMP03832,81728.3,2136.94,D007,Medical laboratory scientific officer,2023-10-21
EMP03833,123639.54,21982.05,D020,Recruitment consultant,2024-06-07
EMP03834,152978.16,28070.39,D005,Food technologist,2023-11-27
EMP03835,100676.64,6594.13,D013,IT sales professional,2025-11-04
EMP03836,154785.03,4448.19,D014,Sport and exercise psychologist,2024-06-20
EMP03837,99176.96,10869.22,D018,Occupational psychologist,2026-02-16
EMP03838,136732.49,13221.91,D003,Commissioning editor,2025-10-22
EMP03839,131496.82,9347.37,D014,Retail merchandiser,2023-09-15
EMP03840,137131.3,22131.61,D015,"Administrator, Civil Service",2025-01-03
EMP03841,73026.9,3523.82,D003,IT trainer,2026-05-28
EMP03842,105281.17,3605.09,D016,Retail merchandiser,2025-01-23
EMP03843,106567.41,14935.17,D013,"Engineer, communications",2024-12-02
EMP03844,129539.98,5536.47,D016,Technical author,2023-12-15
EMP03845,46403.12,2754.79,D014,Financial trader,2024-09-09
EMP03846,74755.85,7444.57,D005,Insurance underwriter,2026-01-06
EMP03847,97663.86,6394.01,D005,Animator,2025-04-14
EMP03848,75434.53,120.64,D003,"Scientist, marine",2025-02-02
EMP03849,131002.78,13328.26,D010,English as a foreign language teacher,2026-03-06
EMP03850,123192.5,15801.61,D017,"Merchandiser, retail",2025-11-07
EMP03851,88707.43,12307.79,D019,Geoscientist,2023-11-23
EMP03852,93522.91,2391.85,D010,Health promotion specialist,2024-12-27
EMP03853,99298.88,5232.2,D009,Counsellor,2025-09-01
EMP03854,87941.47,6639.27,D002,Public relations account executive,2023-08-17
EMP03855,88047.29,2065.88,D005,"Scientist, biomedical",2025-10-05
EMP03856,129349.11,3518.6,D010,Set designer,2024-11-27
EMP03857,103607.24,2147.7,D020,Manufacturing engineer,2025-10-23
EMP03858,94572.38,7819.8,D008,Systems analyst,2024-01-18
EMP03859,130291.05,6574.57,D002,Sports administrator,2024-11-13
EMP03860,127939.16,20558.72,D001,"Sales professional, IT",2024-02-16
EMP03861,99055.03,3421.34,D005,Company secretary,2023-08-31
EMP03862,132446.68,7494.73,D002,Theme park manager,2024-08-20
EMP03863,143078.98,8194.53,D007,Drilling engineer,2024-03-31
EMP03864,140813.4,24133.27,D006,"Administrator, local government",2024-10-09
EMP03865,102021.79,11216.77,D001,Police officer,2025-11-16
EMP03866,134370.18,11171.33,D015,Veterinary surgeon,2025-02-17
EMP03867,71806.58,6430.66,D018,Music therapist,2026-04-25
EMP03868,120348.09,23706.31,D019,Microbiologist,2026-08-02
EMP03869,93413.64,3427.79,D009,Museum/gallery curator,2024-10-29
EMP03870,114466.66,20764.18,D017,Video editor,2024-02-12
EMP03871,98982.48,6056.51,D017,"Engineer, building services",2023-08-10
EMP03872,142060.5,16243.15,D013,"Editor, magazine features",2026-07-12
EMP03873,98024.51,8317.35,D009,Metallurgist,2024-01-08
EMP03874,118894.01,17028.7,D009,"Therapist, sports",2026-07-23
EMP03875,93626.48,1568.03,D007,Patent examiner,2023-11-30
EMP03876,89366.64,15729.59,D018,Curator,2025-07-24
EMP03877,159692.6,1045.32,D001,Proofreader,2025-02-05
EMP03878,139370.79,8736.44,D007,Press photographer,2023-11-27
EMP03879,70181.73,6037.42,D014,"Development worker, community",2025-01-14
EMP03880,111306.56,627.77,D001,Corporate treasurer,2026-02-28
EMP03881,88153.23,11257.74,D016,Film/video editor,2024-06-21
EMP03882,131863.51,25266.23,D002,Patent examiner,2025-12-01
EMP03883,127713.37,13783.98,D013,Solicitor,2025-05-28
EMP03884,107537.32,12632.23,D003,Fashion designer,2025-03-19
EMP03885,51572.5,4186.21,D013,Charity fundraiser,2025-09-09
EMP03886,108846.22,1421.97,D020,Ecologist,2024-02-03
EMP03887,120419.36,11273.74,D009,"Psychotherapist, dance movement",2023-11-01
EMP03888,122736.17,23623.27,D020,"Librarian, public",2024-08-25
EMP03889,134967.41,18037.51,D010,Exercise physiologist,2024-09-02
EMP03890,88681.23,3455.25,D020,Forest/woodland manager,2024-07-08
EMP03891,97963.71,15288.12,D012,Community education officer,2023-12-03
EMP03892,145147.2,13586.02,D001,Site engineer,2025-10-22
EMP03893,98331.32,608.45,D002,"Engineer, land",2025-09-21
EMP03894,142219.02,9294.7,D003,Video editor,2024-01-26
EMP03895,126068.86,2882.96,D005,Training and development officer,2026-02-11
EMP03896,113485.04,9561.85,D009,Local government officer,2024-12-16
EMP03897,120006.78,7602.88,D006,"Librarian, academic",2023-11-16
EMP03898,148465.36,17633.14,D001,"Psychotherapist, dance movement",2025-04-18
EMP03899,127503.66,7946.12,D018,"Surveyor, mining",2023-09-30
EMP03900,111203.34,10527.22,D004,Amenity horticulturist,2025-11-26
EMP03901,87542.48,16073.66,D009,"Designer, multimedia",2023-10-20
EMP03902,68173.06,10336.44,D017,Contractor,2025-11-16
EMP03903,125437.94,10725.14,D006,"Scientist, audiological",2025-01-17
EMP03904,94355.89,17373.67,D009,Adult nurse,2025-02-16
EMP03905,92438.61,17878.43,D016,Chartered management accountant,2026-06-02
EMP03906,132332.8,6313.98,D014,"Programme researcher, broadcasting/film/video",2024-04-21
EMP03907,83316.12,6402.85,D011,Research scientist (medical),2026-03-18
EMP03908,113915.63,18663.98,D013,Catering manager,2023-11-24
EMP03909,102069.32,1418.74,D005,Aid worker,2026-03-20
EMP03910,127162.81,4117.03,D020,Petroleum engineer,2025-09-03
EMP03911,120349.53,20782.41,D010,"Conservator, furniture",2026-05-06
EMP03912,69752.65,3628.12,D001,"Surveyor, rural practice",2025-06-19
EMP03913,80250.11,7231.22,D017,Housing manager/officer,2026-03-29
EMP03914,100701.55,5671.42,D011,Medical laboratory scientific officer,2023-12-31
EMP03915,95560.34,11942.89,D001,Adult nurse,2025-06-30
EMP03916,117151.4,8047.23,D019,Contracting civil engineer,2023-11-12
EMP03917,106524.5,6079.67,D017,Nature conservation officer,2025-06-29
EMP03918,117866.78,17508.53,D011,"Teacher, music",2023-09-08
EMP03919,149460.35,9662.74,D016,Historic buildings inspector/conservation officer,2026-04-24
EMP03920,69866.72,97.4,D008,"Geologist, engineering",2025-10-13
EMP03921,141492.25,12558.2,D008,"Programme researcher, broadcasting/film/video",2024-04-16
EMP03922,92719.84,8765.9,D012,Environmental health practitioner,2026-01-26
EMP03923,92029.21,503.63,D005,Medical sales representative,2024-09-21
EMP03924,105984.39,15479.77,D015,"Engineer, production",2025-04-05
EMP03925,140468.89,22347.0,D017,Health physicist,2023-10-17
EMP03926,129781.8,13410.74,D015,Chief of Staff,2024-06-16
EMP03927,96217.51,17140.99,D001,Herbalist,2024-12-08
EMP03928,138998.75,10276.57,D008,Fine artist,2023-09-29
EMP03929,82684.16,10856.93,D008,Wellsite geologist,2023-11-04
EMP03930,76736.47,3348.85,D016,"Buyer, industrial",2024-06-20
EMP03931,122105.43,9229.67,D012,Airline pilot,2025-11-26
EMP03932,103045.67,20454.57,D006,"Engineer, water",2025-04-05
EMP03933,100688.84,14600.85,D013,Electronics engineer,2025-04-26
EMP03934,147631.97,20342.81,D016,Field trials officer,2024-03-13
EMP03935,112904.48,7794.5,D006,Community pharmacist,2026-04-25
EMP03936,117203.21,11873.43,D019,Seismic interpreter,2025-05-07
EMP03937,116051.67,22661.44,D003,Plant breeder/geneticist,2026-05-27
EMP03938,140663.55,1358.12,D015,Physiotherapist,2024-01-01
EMP03939,90598.11,10482.69,D010,Psychotherapist,2024-08-28
EMP03940,65772.3,10393.76,D011,"Teacher, primary school",2025-04-03
EMP03941,134711.41,8754.3,D014,Arts administrator,2024-07-09
EMP03942,146630.26,20776.03,D020,Photographer,2023-09-20
EMP03943,93086.62,4102.37,D015,"Pharmacist, hospital",2026-02-12
EMP03944,150905.86,24353.34,D016,"Radiographer, therapeutic",2024-05-17
EMP03945,97103.35,7341.45,D003,Furniture designer,2025-09-11
EMP03946,102765.33,12010.63,D013,"Psychotherapist, dance movement",2024-12-01
EMP03947,124785.83,4766.14,D002,Race relations officer,2023-10-08
EMP03948,151545.56,3516.17,D016,Copy,2023-08-26
EMP03949,85424.02,1443.95,D020,Arts development officer,2026-06-16
EMP03950,122125.39,15039.19,D015,Chief Strategy Officer,2024-02-08
EMP03951,55255.78,10406.68,D016,Cartographer,2024-01-01
EMP03952,80045.73,14383.34,D003,"Biochemist, clinical",2025-08-23
EMP03953,62139.88,9869.78,D003,Hotel manager,2026-07-30
EMP03954,136946.88,1700.59,D014,Accommodation manager,2024-11-23
EMP03955,113858.05,8846.05,D015,Structural engineer,2025-04-11
EMP03956,116342.44,18305.98,D002,Event organiser,2026-04-24
EMP03957,93809.87,17889.59,D006,Sales executive,2024-03-22
EMP03958,81844.84,7097.22,D019,Fitness centre manager,2025-03-05
EMP03959,110041.23,13457.38,D001,Fine artist,2025-06-25
EMP03960,92826.87,9514.52,D013,Psychotherapist,2024-08-29
EMP03961,90742.43,11001.87,D017,"Surveyor, insurance",2023-11-12
EMP03962,140427.49,27077.74,D009,Early years teacher,2026-03-12
EMP03963,103268.03,9728.09,D008,"Nurse, mental health",2026-07-12
EMP03964,55736.39,4815.41,D003,Adult nurse,2023-09-18
EMP03965,127213.91,16697.39,D017,Chartered accountant,2023-11-26
EMP03966,83746.83,12329.52,D010,Sports coach,2025-03-19
EMP03967,159175.34,4737.34,D008,Product manager,2023-11-22
EMP03968,93166.99,17423.39,D007,"Psychotherapist, child",2023-12-16
EMP03969,104398.0,10558.07,D003,Publishing copy,2023-10-26
EMP03970,126886.28,13263.31,D006,Web designer,2025-01-20
EMP03971,108636.82,16274.28,D002,Logistics and distribution manager,2024-12-01
EMP03972,122395.49,15591.66,D010,Environmental education officer,2024-02-20
EMP03973,113879.04,14666.78,D020,Emergency planning/management officer,2024-04-05
EMP03974,99797.39,16832.09,D020,Heritage manager,2024-08-05
EMP03975,157408.92,20183.34,D010,Curator,2024-08-18
EMP03976,153757.27,29758.01,D006,Contracting civil engineer,2024-02-17
EMP03977,116366.04,19872.73,D018,"Journalist, broadcasting",2023-10-02
EMP03978,79544.08,14294.2,D019,"Engineer, mining",2024-01-17
EMP03979,122779.95,6493.0,D010,"Therapist, art",2024-03-30
EMP03980,136133.68,1436.76,D014,Equities trader,2026-07-11
EMP03981,83512.98,12128.46,D016,Warden/ranger,2025-01-18
EMP03982,117370.74,22868.66,D007,"Conservation officer, nature",2025-01-30
EMP03983,140743.3,25513.16,D007,Contractor,2026-05-14
EMP03984,116453.22,8067.07,D008,"Geneticist, molecular",2025-02-19
EMP03985,117382.01,17170.72,D020,"Conservation officer, historic buildings",2026-07-03
EMP03986,146617.01,19569.29,D018,Media buyer,2026-01-03
EMP03987,149771.76,6175.56,D003,"Research officer, government",2026-05-02
EMP03988,94914.81,14905.51,D012,Publishing rights manager,2026-03-23
EMP03989,71808.86,13623.39,D018,"Production designer, theatre/television/film",2023-08-07
EMP03990,89470.57,6493.15,D016,"Education officer, community",2026-07-02
EMP03991,148059.76,8663.58,D005,"Programmer, applications",2025-01-30
EMP03992,96028.69,2437.86,D020,"Programmer, multimedia",2026-02-04
EMP03993,113499.62,14273.96,D005,Forensic psychologist,2024-03-07
EMP03994,94686.67,13435.81,D018,Medical illustrator,2024-08-15
EMP03995,106387.62,613.43,D017,Product designer,2026-05-26
EMP03996,125778.25,17884.64,D002,"Librarian, academic",2025-07-12
EMP03997,94593.59,7824.83,D008,Art therapist,2023-12-24
EMP03998,141016.11,12049.76,D001,"Development worker, international aid",2024-11-17
EMP03999,110157.15,388.18,D018,Clinical biochemist,2025-03-28
EMP04000,104628.84,20374.49,D020,"Scientist, research (life sciences)",2024-07-05
EMP04001,76850.26,338.27,D012,Secondary school teacher,2026-03-29
EMP04002,112446.9,4523.59,D005,Local government officer,2024-12-25
EMP04003,144318.8,11623.45,D005,"Embryologist, clinical",2025-05-27
EMP04004,61324.39,7616.24,D006,Chief Financial Officer,2024-11-29
EMP04005,115200.33,11410.59,D002,Chiropodist,2025-01-29
EMP04006,169206.28,24772.56,D017,Herbalist,2023-10-27
EMP04007,117421.03,16643.11,D017,Secondary school teacher,2026-01-08
EMP04008,109491.15,19587.19,D015,Insurance broker,2025-05-28
EMP04009,72915.04,3843.78,D001,Podiatrist,2026-02-21
EMP04010,100665.6,1211.31,D015,Animal nutritionist,2024-03-03
EMP04011,124283.85,6982.93,D001,Ergonomist,2024-06-09
EMP04012,142132.4,27612.25,D013,Multimedia specialist,2024-04-12
EMP04013,111796.21,2968.24,D007,Energy manager,2026-06-24
EMP04014,97293.95,1431.98,D014,Set designer,2025-05-09
EMP04015,127339.68,12844.88,D012,Event organiser,2023-11-30
EMP04016,94188.44,7866.87,D010,Television floor manager,2025-04-07
EMP04017,94387.04,12463.04,D003,Occupational hygienist,2023-10-28
EMP04018,146465.93,19890.45,D019,Social researcher,2024-09-12
EMP04019,112860.09,2766.42,D004,Records manager,2025-01-29
EMP04020,89741.52,2489.46,D010,Special effects artist,2025-08-27
EMP04021,104713.48,17541.98,D002,Risk analyst,2025-04-18
EMP04022,155981.83,2669.44,D009,Human resources officer,2026-01-05
EMP04023,85929.25,14096.56,D010,"Editor, commissioning",2023-08-05
EMP04024,124307.7,16436.44,D016,"Administrator, sports",2023-12-29
EMP04025,131833.51,4778.13,D011,Higher education lecturer,2023-12-26
EMP04026,78364.9,7418.42,D010,"Psychologist, counselling",2025-03-12
EMP04027,78788.42,10728.1,D006,Learning disability nurse,2024-11-29
EMP04028,108376.55,5819.72,D008,Theatre manager,2024-01-05
EMP04029,103095.78,2408.24,D012,"Surveyor, minerals",2025-05-14
EMP04030,45382.75,891.43,D018,Fine artist,2023-12-25
EMP04031,96411.56,6770.22,D006,"Merchandiser, retail",2024-04-15
EMP04032,98705.31,18380.43,D009,Retail manager,2023-12-11
EMP04033,115868.48,5879.83,D005,"Therapist, music",2025-09-29
EMP04034,96400.49,6085.38,D008,Insurance risk surveyor,2024-03-16
EMP04035,91266.09,147.34,D016,Product manager,2024-09-16
EMP04036,127000.42,12504.42,D001,Public relations officer,2025-09-15
EMP04037,94280.5,11421.95,D014,Banker,2025-11-25
EMP04038,107500.76,5384.84,D007,Music therapist,2023-12-13
EMP04039,114532.48,14882.14,D007,Technical author,2024-02-23
EMP04040,87315.14,15420.69,D020,Financial risk analyst,2024-09-01
EMP04041,83915.34,8736.93,D017,Theme park manager,2023-12-05
EMP04042,69301.58,655.14,D006,"Editor, film/video",2024-08-22
EMP04043,109753.13,7325.84,D001,Secondary school teacher,2024-11-08
EMP04044,103157.58,15120.14,D012,"Librarian, public",2026-04-17
EMP04045,139390.31,17909.86,D020,Financial controller,2024-09-20
EMP04046,134749.9,25358.13,D002,"Conservator, furniture",2026-07-03
EMP04047,118052.81,10635.66,D016,Audiological scientist,2024-09-06
EMP04048,101917.28,4145.17,D011,Dealer,2026-05-15
EMP04049,119459.18,6569.31,D015,Investment analyst,2024-07-09
EMP04050,119177.54,6015.08,D018,Insurance claims handler,2024-06-26
EMP04051,64119.6,12052.2,D018,Orthoptist,2024-04-09
EMP04052,127585.04,9942.49,D009,Ceramics designer,2026-06-21
EMP04053,90629.11,3783.88,D011,Personnel officer,2025-03-17
EMP04054,79282.69,15409.87,D015,Public relations account executive,2024-02-20
EMP04055,143711.46,21547.67,D011,"Therapist, drama",2026-01-23
EMP04056,107224.6,19628.58,D008,Horticultural consultant,2026-01-14
EMP04057,118450.74,6362.04,D001,Paramedic,2025-12-13
EMP04058,93996.65,18303.58,D020,"Producer, television/film/video",2026-02-11
EMP04059,99486.78,10480.95,D012,Production manager,2026-01-20
EMP04060,75549.57,10520.76,D010,"Scientist, water quality",2025-05-17
EMP04061,94735.4,6595.76,D006,Broadcast journalist,2024-01-16
EMP04062,134414.0,14572.99,D019,"Scientist, product/process development",2023-10-04
EMP04063,165009.65,20136.46,D004,"Teacher, early years/pre",2026-04-11
EMP04064,143655.76,12838.75,D001,"Scientist, forensic",2025-05-04
EMP04065,99415.35,17830.03,D005,Politician's assistant,2025-09-28
EMP04066,89133.98,13682.86,D011,"Engineer, structural",2026-07-05
EMP04067,111495.53,1636.72,D007,Patent examiner,2023-09-03
EMP04068,110180.99,15930.33,D018,Careers information officer,2026-05-22
EMP04069,101279.83,19210.57,D013,Equality and diversity officer,2024-12-10
EMP04070,111183.63,17917.34,D003,"Teacher, secondary school",2026-01-02
EMP04071,133332.74,6702.84,D014,"Journalist, magazine",2025-03-13
EMP04072,151639.15,11978.42,D002,Water engineer,2026-03-12
EMP04073,166251.03,378.73,D019,Horticultural therapist,2023-11-06
EMP04074,76348.21,1430.5,D005,Land,2024-12-21
EMP04075,84475.23,2026.69,D006,Textile designer,2026-05-11
EMP04076,93457.86,14154.24,D013,Control and instrumentation engineer,2026-01-19
EMP04077,164845.33,1690.16,D002,Bookseller,2024-06-25
EMP04078,90997.79,12851.0,D003,Colour technologist,2026-07-13
EMP04079,123538.18,4655.03,D003,"Surveyor, minerals",2023-12-03
EMP04080,95465.45,6795.09,D014,Legal executive,2024-12-31
EMP04081,157327.97,14060.91,D005,Primary school teacher,2024-03-08
EMP04082,116667.06,15149.41,D007,Early years teacher,2024-08-29
EMP04083,127210.71,24407.99,D012,Event organiser,2025-12-31
EMP04084,86006.6,12262.09,D012,Learning mentor,2026-05-22
EMP04085,121652.31,19677.96,D018,Arts development officer,2024-06-23
EMP04086,115007.28,19535.45,D019,Chartered loss adjuster,2025-08-01
EMP04087,104986.64,10197.64,D020,Water engineer,2023-11-20
EMP04088,88720.01,4859.94,D020,Health visitor,2025-06-23
EMP04089,79968.29,9784.73,D017,Psychiatrist,2026-03-07
EMP04090,84520.08,1596.92,D020,"Engineer, production",2025-12-22
EMP04091,105831.84,9608.39,D019,"Research officer, trade union",2026-03-27
EMP04092,121138.99,10398.74,D009,Ranger/warden,2025-12-16
EMP04093,96577.71,9239.69,D010,"Teacher, English as a foreign language",2025-04-08
EMP04094,109261.63,15470.31,D010,"Pharmacist, hospital",2024-11-08
EMP04095,82064.94,14736.12,D009,"Copywriter, advertising",2023-10-20
EMP04096,64844.87,9795.78,D003,Oncologist,2025-01-24
EMP04097,116218.71,19414.31,D013,"Engineer, chemical",2026-05-15
EMP04098,125204.35,10522.41,D010,Risk analyst,2024-04-07
EMP04099,127501.42,14515.52,D003,Television production assistant,2025-07-21
EMP04100,98944.52,15590.44,D009,Museum education officer,2025-04-27
EMP04101,115528.44,1255.03,D018,Manufacturing engineer,2026-05-21
EMP04102,140775.44,23495.79,D016,"Horticulturist, commercial",2026-05-17
EMP04103,97125.11,9717.91,D004,"Surveyor, quantity",2024-04-20
EMP04104,116439.3,11943.39,D012,Writer,2025-12-16
EMP04105,97146.13,6677.28,D005,"Research officer, political party",2025-08-13
EMP04106,139293.79,25425.7,D011,"Psychologist, forensic",2026-04-05
EMP04107,103999.1,2197.87,D001,"Teacher, early years/pre",2024-11-27
EMP04108,106644.3,13068.55,D019,Chartered certified accountant,2025-12-17
EMP04109,80970.41,8677.0,D014,Quality manager,2024-01-24
EMP04110,109008.32,187.85,D005,"Surveyor, building",2026-07-24
EMP04111,98498.2,18479.5,D018,"Designer, exhibition/display",2025-09-15
EMP04112,91320.44,11268.88,D011,Control and instrumentation engineer,2025-03-14
EMP04113,122884.74,1687.28,D005,Advertising account planner,2024-05-07
EMP04114,79266.31,9783.11,D014,Armed forces operational officer,2025-11-23
EMP04115,121490.84,23508.25,D002,Statistician,2024-04-30
EMP04116,113074.27,2261.84,D002,Community pharmacist,2025-02-22
EMP04117,106105.49,5857.53,D018,Advice worker,2026-07-02
EMP04118,94672.71,9318.72,D001,Air traffic controller,2025-12-06
EMP04119,99758.1,6346.29,D001,Chief Strategy Officer,2026-06-16
EMP04120,151974.87,1121.45,D010,Freight forwarder,2024-02-02
EMP04121,129382.59,5256.67,D010,"Editor, magazine features",2024-10-17
EMP04122,101627.76,1480.64,D002,Retail merchandiser,2024-10-20
EMP04123,147116.98,1680.12,D013,Orthoptist,2026-06-16
EMP04124,72934.61,5583.32,D019,Pension scheme manager,2025-05-27
EMP04125,158476.54,17431.05,D012,"Therapist, occupational",2025-06-16
EMP04126,94961.05,13015.25,D004,Barrister,2026-03-06
EMP04127,96118.62,13763.31,D007,Nutritional therapist,2026-04-15
EMP04128,142520.75,23388.85,D015,"Education officer, environmental",2024-06-28
EMP04129,124759.03,7379.48,D006,IT consultant,2025-01-06
EMP04130,126838.43,8574.14,D020,Chartered certified accountant,2026-04-27
EMP04131,152051.06,16078.13,D014,IT technical support officer,2023-09-27
EMP04132,145607.52,1543.12,D001,Records manager,2024-05-02
EMP04133,139883.17,17330.71,D002,Jewellery designer,2026-04-18
EMP04134,82227.93,10743.82,D004,Theatre director,2026-06-03
EMP04135,123246.76,10863.64,D016,"Librarian, public",2025-02-08
EMP04136,135563.57,6152.25,D012,Clinical cytogeneticist,2025-07-28
EMP04137,91661.04,2084.54,D020,Forensic scientist,2025-10-10
EMP04138,47456.66,7209.91,D016,Television floor manager,2026-05-04
EMP04139,173899.72,13629.63,D018,Archivist,2024-05-11
EMP04140,123846.29,24253.43,D013,Systems analyst,2025-08-17
EMP04141,106623.26,18666.63,D001,Occupational therapist,2023-10-25
EMP04142,63076.24,10529.21,D017,"Producer, television/film/video",2026-05-04
EMP04143,162994.69,25089.98,D010,Chief Technology Officer,2024-02-12
EMP04144,130032.81,5325.8,D008,"Administrator, education",2023-10-10
EMP04145,97057.01,539.15,D019,Sales promotion account executive,2024-02-20
EMP04146,82704.42,10148.59,D007,Actuary,2024-02-05
EMP04147,140417.71,5658.1,D015,Accommodation manager,2026-01-10
EMP04148,103029.83,19556.66,D010,Geochemist,2025-12-30
EMP04149,79131.53,2782.14,D019,Manufacturing engineer,2025-08-18
EMP04150,88219.63,6453.88,D011,"Scientist, biomedical",2023-09-08
EMP04151,99298.25,12411.36,D009,Radio broadcast assistant,2026-04-28
EMP04152,112075.31,9621.97,D005,"Education officer, museum",2024-12-25
EMP04153,90782.84,8995.69,D018,Government social research officer,2025-03-16
EMP04154,114513.36,3723.07,D007,"Designer, graphic",2026-05-19
EMP04155,114256.33,17545.97,D012,Ecologist,2025-10-23
EMP04156,101438.1,9455.42,D006,Radio broadcast assistant,2025-12-25
EMP04157,96801.5,17720.72,D002,Hospital doctor,2023-11-28
EMP04158,94383.5,18155.01,D014,Theme park manager,2025-09-06
EMP04159,88583.83,6350.99,D003,"Nurse, mental health",2024-01-07
EMP04160,91910.95,15095.24,D004,Pharmacologist,2024-07-04
EMP04161,91631.92,17839.93,D012,Magazine journalist,2024-02-04
EMP04162,124105.83,14762.18,D009,"Conservation officer, historic buildings",2024-11-13
EMP04163,129883.89,21778.08,D011,Water quality scientist,2024-08-11
EMP04164,131611.78,19663.43,D002,Human resources officer,2025-06-24
EMP04165,102901.61,8830.53,D014,"Scientist, clinical (histocompatibility and immunogenetics)",2025-04-17
EMP04166,155233.62,8689.69,D002,"Engineer, civil (contracting)",2025-09-05
EMP04167,94399.75,4159.66,D012,Armed forces operational officer,2024-12-31
EMP04168,94632.22,15966.14,D020,Location manager,2024-06-01
EMP04169,95545.62,15988.3,D006,Colour technologist,2026-06-20
EMP04170,109364.84,3618.86,D013,"Programmer, multimedia",2025-03-03
EMP04171,99226.85,10431.75,D012,Company secretary,2025-04-08
EMP04172,100977.05,194.18,D016,Theatre director,2023-08-23
EMP04173,109164.24,10166.33,D020,"Psychologist, forensic",2024-05-04
EMP04174,103860.61,16375.33,D014,"Designer, furniture",2026-06-28
EMP04175,158551.49,17164.46,D019,Learning disability nurse,2025-07-30
EMP04176,141989.82,1425.98,D013,Bonds trader,2026-01-19
EMP04177,147584.76,19338.26,D003,Education administrator,2024-03-25
EMP04178,114827.07,21703.21,D001,"Engineer, water",2023-09-15
EMP04179,88426.32,12959.15,D014,Furniture conservator/restorer,2025-05-22
EMP04180,114873.76,822.98,D017,"Engineer, land",2023-12-19
EMP04181,150391.99,5254.87,D012,Farm manager,2025-05-29
EMP04182,55660.49,2067.28,D010,Land,2023-08-21
EMP04183,90653.6,2495.61,D016,Exhibition designer,2024-08-13
EMP04184,107392.11,20389.03,D008,Podiatrist,2023-11-08
EMP04185,126863.53,15023.69,D019,"Psychologist, educational",2025-12-20
EMP04186,123579.26,1511.06,D018,Midwife,2025-10-29
EMP04187,128896.79,5166.4,D012,Product/process development scientist,2026-02-06
EMP04188,120332.2,20810.51,D011,Radio broadcast assistant,2025-08-27
EMP04189,81774.02,5793.59,D009,Research scientist (medical),2023-11-13
EMP04190,71526.43,11526.18,D017,"Producer, radio",2025-01-23
EMP04191,102653.8,16721.34,D009,"Engineer, petroleum",2025-10-06
EMP04192,123366.13,2357.23,D002,Fitness centre manager,2025-07-02
EMP04193,88873.37,6692.24,D007,"Conservator, furniture",2026-05-25
EMP04194,95406.67,1076.82,D003,Network engineer,2023-10-08
EMP04195,90572.94,8576.8,D015,"Lecturer, higher education",2023-10-06
EMP04196,100691.94,10728.82,D019,Ship broker,2023-08-27
EMP04197,109860.83,20149.0,D019,Race relations officer,2025-10-25
EMP04198,132074.95,25725.8,D019,IT trainer,2024-04-25
EMP04199,104864.26,16432.91,D017,Art therapist,2025-11-01
EMP04200,105831.65,6548.42,D008,"Engineer, maintenance",2023-11-15
EMP04201,88045.68,3344.67,D013,Building control surveyor,2025-09-20
EMP04202,65664.51,3568.25,D014,Acupuncturist,2024-02-20
EMP04203,129193.15,22574.18,D005,Hydrographic surveyor,2026-05-08
EMP04204,109641.54,13142.58,D001,Therapeutic radiographer,2024-11-10
EMP04205,114316.99,383.52,D015,Primary school teacher,2026-06-29
EMP04206,107204.36,14601.04,D006,Tour manager,2025-08-02
EMP04207,115859.86,17966.69,D019,Chief Executive Officer,2025-01-24
EMP04208,71627.86,75.32,D003,Furniture conservator/restorer,2026-07-01
EMP04209,126847.17,6017.44,D004,Accommodation manager,2024-09-03
EMP04210,67444.16,8889.47,D009,"Psychotherapist, dance movement",2023-12-02
EMP04211,95234.36,1369.77,D014,Publishing rights manager,2025-05-03
EMP04212,108380.09,17660.25,D015,Cabin crew,2024-02-08
EMP04213,94352.76,11370.37,D005,"Education officer, environmental",2026-06-30
EMP04214,132747.78,2553.55,D007,"Sales professional, IT",2024-03-18
EMP04215,107771.01,1804.3,D004,Air traffic controller,2025-06-14
EMP04216,121963.63,9148.29,D010,Passenger transport manager,2024-03-11
EMP04217,103006.38,13154.76,D002,Chartered certified accountant,2024-07-20
EMP04218,84794.43,5348.27,D015,Technical author,2025-08-11
EMP04219,127881.56,23696.21,D015,"Therapist, occupational",2026-06-29
EMP04220,110232.31,4812.47,D019,Animal technologist,2024-11-05
EMP04221,86208.68,609.74,D017,Quarry manager,2025-01-10
EMP04222,125896.86,21987.14,D002,"Geneticist, molecular",2024-07-01
EMP04223,147912.21,14161.79,D004,"Nurse, mental health",2026-02-10
EMP04224,89951.43,4257.89,D010,"Nurse, learning disability",2025-10-09
EMP04225,131286.66,11282.63,D020,Passenger transport manager,2025-02-26
EMP04226,106828.59,51.26,D017,Trade mark attorney,2026-01-22
EMP04227,99541.78,18608.85,D019,Research scientist (medical),2026-03-20
EMP04228,111978.34,7578.15,D012,Government social research officer,2023-08-08
EMP04229,84521.71,9594.37,D011,Public relations account executive,2025-08-03
EMP04230,104894.53,214.81,D008,"Designer, blown glass/stained glass",2024-01-12
EMP04231,71282.19,13901.21,D015,Chemical engineer,2024-04-09
EMP04232,79127.2,6315.74,D008,Psychiatric nurse,2024-11-14
EMP04233,124709.91,9203.45,D020,Communications engineer,2024-12-03
EMP04234,79564.31,3437.55,D018,"Doctor, hospital",2025-07-04
EMP04235,100555.19,7776.91,D007,Horticultural consultant,2024-07-16
EMP04236,84000.02,13298.59,D004,Event organiser,2024-05-30
EMP04237,99359.7,17097.24,D017,"Merchandiser, retail",2026-07-05
EMP04238,144878.26,23279.45,D013,Newspaper journalist,2023-09-30
EMP04239,155373.84,2103.59,D001,Pharmacologist,2026-05-22
EMP04240,105762.01,14905.4,D020,"Restaurant manager, fast food",2025-07-15
EMP04241,92392.73,18135.14,D013,Financial risk analyst,2024-12-06
EMP04242,47722.09,3497.21,D011,Arts administrator,2025-05-08
EMP04243,135358.08,3640.79,D010,Engineering geologist,2026-06-06
EMP04244,94505.78,10937.67,D011,"Designer, exhibition/display",2025-10-17
EMP04245,101033.64,3535.36,D009,Magazine features editor,2023-09-19
EMP04246,116015.22,20606.65,D020,"Engineer, chemical",2025-09-01
EMP04247,91519.84,6025.85,D003,Naval architect,2024-12-02
EMP04248,85479.01,15325.12,D008,"Teacher, primary school",2025-05-29
EMP04249,81603.46,3246.89,D005,Meteorologist,2025-12-31
EMP04250,72243.34,10848.8,D012,Cytogeneticist,2024-09-21
EMP04251,95650.93,18848.43,D007,Medical laboratory scientific officer,2024-11-03
EMP04252,66240.3,928.26,D004,"Journalist, magazine",2024-06-05
EMP04253,59787.57,5137.12,D004,Ship broker,2025-10-02
EMP04254,101502.98,6475.25,D005,Product designer,2025-08-09
EMP04255,89085.51,13236.75,D010,Museum education officer,2024-10-21
EMP04256,100102.0,13017.75,D003,Recruitment consultant,2024-09-12
EMP04257,114990.52,21395.84,D003,"Engineer, maintenance",2025-01-03
EMP04258,79600.86,6303.53,D001,IT consultant,2024-02-18
EMP04259,124927.87,19668.64,D020,Administrator,2026-01-06
EMP04260,102471.56,10727.16,D018,Public relations account executive,2024-10-08
EMP04261,145497.65,518.11,D016,"Surveyor, minerals",2024-09-12
EMP04262,117731.49,13123.51,D013,Chief Financial Officer,2025-01-10
EMP04263,156477.41,19328.87,D005,Automotive engineer,2025-03-16
EMP04264,154223.89,15675.48,D018,Restaurant manager,2025-03-17
EMP04265,111782.54,13179.76,D020,"Editor, commissioning",2024-08-02
EMP04266,111636.03,8173.95,D012,"Scientist, research (medical)",2026-01-22
EMP04267,111595.53,2786.55,D015,Environmental manager,2025-07-15
EMP04268,118183.6,20429.54,D006,"Therapist, nutritional",2026-03-31
EMP04269,40000.0,7890.8,D020,Human resources officer,2024-08-05
EMP04270,64723.45,6558.25,D013,"Psychologist, clinical",2025-07-04
EMP04271,74269.79,14483.67,D001,Nature conservation officer,2026-01-06
EMP04272,124781.19,20957.1,D019,"Geologist, wellsite",2025-07-04
EMP04273,136009.68,20200.67,D019,Pathologist,2026-04-27
EMP04274,148179.56,2394.37,D008,Building surveyor,2026-05-02
EMP04275,72870.87,3489.05,D012,"Education officer, museum",2026-01-28
EMP04276,111939.24,10747.27,D007,Multimedia specialist,2024-04-08
EMP04277,93250.58,11304.12,D005,Chartered management accountant,2023-12-16
EMP04278,106709.42,2451.05,D019,Gaffer,2026-03-31
EMP04279,89378.57,16329.37,D014,Travel agency manager,2024-04-11
EMP04280,112053.16,19937.84,D009,Translator,2025-01-11
EMP04281,172609.37,8425.45,D019,"Engineer, energy",2024-01-02
EMP04282,145252.4,18179.81,D006,Ophthalmologist,2024-11-28
EMP04283,120927.75,15833.95,D018,Fast food restaurant manager,2024-08-19
EMP04284,149692.91,8451.26,D006,Clinical biochemist,2023-12-22
EMP04285,74006.2,5007.82,D020,"Teacher, primary school",2023-11-27
EMP04286,123293.09,19492.44,D004,Nutritional therapist,2025-05-22
EMP04287,135022.17,10825.21,D009,"Editor, commissioning",2023-11-16
EMP04288,137356.3,26249.6,D002,Prison officer,2024-01-22
EMP04289,123301.81,14510.56,D003,"Lecturer, further education",2025-10-11
EMP04290,51816.67,3447.51,D004,"Nurse, mental health",2024-12-25
EMP04291,102790.43,8348.91,D004,Hydrogeologist,2024-12-22
EMP04292,78434.84,14081.22,D010,Freight forwarder,2025-09-09
EMP04293,98465.43,816.63,D003,Environmental health practitioner,2025-02-06
EMP04294,163411.43,10106.92,D007,Telecommunications researcher,2025-09-06
EMP04295,88610.66,15443.47,D008,Arboriculturist,2025-03-21
EMP04296,80368.0,3455.18,D011,Television production assistant,2023-12-18
EMP04297,56489.82,5258.78,D012,"Investment banker, operational",2026-02-23
EMP04298,117848.55,13905.15,D014,Bonds trader,2025-01-26
EMP04299,147167.79,15859.71,D014,Trade union research officer,2025-03-12
EMP04300,117320.8,7162.18,D003,Legal secretary,2025-07-13
EMP04301,116366.55,11112.12,D002,"Nurse, learning disability",2023-12-22
EMP04302,83103.67,5525.32,D015,Oncologist,2025-09-30
EMP04303,125164.74,161.63,D019,"Engineer, water",2025-07-06
EMP04304,114501.79,3047.08,D002,"Administrator, sports",2024-12-09
EMP04305,129928.35,2354.37,D003,Biomedical engineer,2026-04-22
EMP04306,88967.36,3164.22,D013,"Nurse, mental health",2023-11-07
EMP04307,130932.0,6863.9,D013,"Engineer, control and instrumentation",2024-12-17
EMP04308,138866.32,4987.57,D016,Newspaper journalist,2023-11-09
EMP04309,148296.17,8738.2,D004,Dance movement psychotherapist,2025-07-09
EMP04310,122725.15,16675.38,D007,Commercial/residential surveyor,2025-10-07
EMP04311,157055.88,21424.47,D008,Audiological scientist,2025-12-27
EMP04312,134509.36,1604.71,D006,Mechanical engineer,2023-12-26
EMP04313,115007.28,917.19,D006,Careers adviser,2025-11-22
EMP04314,118336.76,4659.88,D008,Neurosurgeon,2024-03-21
EMP04315,102391.49,10112.03,D007,Futures trader,2024-04-22
EMP04316,118010.82,1043.28,D005,Banker,2026-01-24
EMP04317,122486.42,22971.74,D014,Product designer,2026-04-27
EMP04318,134123.08,6417.59,D016,"Sales professional, IT",2024-07-23
EMP04319,102359.01,13919.97,D017,"Psychologist, counselling",2023-10-27
EMP04320,82747.31,961.22,D016,Automotive engineer,2025-03-09
EMP04321,133463.08,19721.65,D017,Hydrologist,2026-06-10
EMP04322,76796.72,5465.52,D014,Retail banker,2026-03-13
EMP04323,120428.13,7474.02,D014,Clinical cytogeneticist,2023-09-04
EMP04324,103249.93,12706.54,D015,Chemical engineer,2024-01-17
EMP04325,136890.74,26514.08,D015,"Engineer, energy",2024-11-01
EMP04326,65671.1,4089.95,D019,Medical physicist,2025-12-15
EMP04327,145200.92,5305.66,D019,"Engineer, building services",2025-10-11
EMP04328,161131.22,23552.69,D014,Publishing copy,2026-01-17
EMP04329,106190.77,17762.67,D018,Fine artist,2025-10-07
EMP04330,95735.43,11636.64,D017,Trade mark attorney,2024-06-03
EMP04331,94452.31,4301.85,D012,Pathologist,2024-08-03
EMP04332,67392.62,8313.81,D012,Medical sales representative,2024-11-26
EMP04333,117193.19,10709.94,D014,"Designer, jewellery",2025-01-07
EMP04334,113567.43,20656.99,D017,Radiation protection practitioner,2024-12-01
EMP04335,101581.78,17996.41,D018,"Development worker, community",2024-08-04
EMP04336,80156.5,4186.24,D015,"Therapist, nutritional",2025-04-09
EMP04337,104008.28,6548.26,D020,Investment analyst,2024-11-11
EMP04338,83315.58,8638.5,D012,Telecommunications researcher,2025-12-09
EMP04339,101596.7,11509.03,D004,Sport and exercise psychologist,2026-02-05
EMP04340,129539.07,6361.26,D009,"Nurse, children's",2023-10-19
EMP04341,118034.74,21871.87,D006,Prison officer,2024-02-08
EMP04342,98065.24,8146.13,D020,Psychiatrist,2025-02-01
EMP04343,70295.53,3445.15,D005,"Psychotherapist, child",2026-07-20
EMP04344,124944.95,12144.38,D012,"Biochemist, clinical",2024-01-19
EMP04345,120450.86,22518.1,D007,"Lecturer, higher education",2025-02-20
EMP04346,80888.23,12509.21,D007,Media planner,2024-07-15
EMP04347,115300.15,21831.55,D013,Hydrogeologist,2024-03-31
EMP04348,121556.23,8889.14,D008,"Scientist, forensic",2024-10-17
EMP04349,77333.32,957.09,D013,"Therapist, drama",2024-05-04
EMP04350,165303.76,17440.39,D019,Television/film/video producer,2025-02-08
EMP04351,93259.18,9962.44,D019,Animator,2026-01-29
EMP04352,92682.7,15283.9,D020,Public relations account executive,2023-12-29
EMP04353,124545.97,9508.5,D016,Chartered public finance accountant,2025-02-25
EMP04354,168646.97,26545.67,D001,"Education officer, environmental",2023-12-09
EMP04355,138982.12,4629.02,D013,Theatre manager,2025-04-04
EMP04356,62422.51,6522.72,D015,Trade union research officer,2024-07-11
EMP04357,102558.13,15665.09,D011,Music tutor,2024-06-25
EMP04358,90874.51,13691.88,D015,Transport planner,2025-04-11
EMP04359,79859.66,8063.83,D001,Tourist information centre manager,2025-10-14
EMP04360,115960.76,2457.51,D004,Chief Operating Officer,2024-04-06
EMP04361,59192.41,3302.47,D002,"Journalist, magazine",2024-11-29
EMP04362,134079.44,25732.85,D002,"Horticulturist, commercial",2025-08-16
EMP04363,119527.87,3451.9,D017,Stage manager,2024-12-28
EMP04364,117419.51,1583.12,D007,"Education officer, museum",2025-01-27
EMP04365,110772.74,12309.24,D001,Purchasing manager,2025-11-13
EMP04366,104901.38,1328.53,D012,Acupuncturist,2025-08-03
EMP04367,108108.96,18520.3,D009,Artist,2025-02-27
EMP04368,113874.43,7558.57,D017,Conference centre manager,2023-10-17
EMP04369,106188.65,2188.29,D006,"Teacher, secondary school",2024-05-22
EMP04370,108906.83,12731.45,D015,Firefighter,2025-03-24
EMP04371,107473.45,11756.82,D016,"Engineer, water",2024-09-16
EMP04372,77409.11,9821.09,D011,Civil Service fast streamer,2024-02-27
EMP04373,91503.72,2394.0,D014,"Engineer, petroleum",2025-04-23
EMP04374,89839.5,16030.09,D006,"Conservation officer, historic buildings",2025-04-26
EMP04375,64406.33,5913.86,D001,"Nurse, adult",2023-10-19
EMP04376,94871.96,10871.42,D013,Sales executive,2024-09-10
EMP04377,113381.65,17433.29,D011,"Teacher, music",2024-12-03
EMP04378,137693.11,3358.04,D008,"Engineer, broadcasting (operations)",2024-01-16
EMP04379,89041.0,11688.47,D019,Public affairs consultant,2024-05-30
EMP04380,93936.19,11956.69,D004,Garment/textile technologist,2024-02-19
EMP04381,65218.6,4421.76,D007,Petroleum engineer,2026-01-27
EMP04382,135099.57,16007.75,D006,Advertising account planner,2024-03-16
EMP04383,106642.97,14750.0,D017,"Designer, graphic",2025-03-23
EMP04384,109099.01,13382.83,D019,Bonds trader,2024-04-12
EMP04385,70486.36,2332.16,D010,Fisheries officer,2024-05-19
EMP04386,95929.87,17816.21,D011,Politician's assistant,2026-03-15
EMP04387,173259.85,6205.4,D012,Sports administrator,2024-03-03
EMP04388,84340.36,6123.76,D004,Social worker,2024-10-01
EMP04389,125878.65,1865.99,D001,Holiday representative,2026-01-27
EMP04390,67725.68,10140.17,D002,Call centre manager,2025-08-11
EMP04391,79441.27,3059.16,D001,Media buyer,2026-05-15
EMP04392,123913.0,19663.03,D010,Restaurant manager,2025-06-02
EMP04393,124754.7,21605.25,D015,Race relations officer,2024-09-04
EMP04394,78723.09,2619.57,D013,Charity officer,2023-12-22
EMP04395,154240.65,19332.06,D003,Control and instrumentation engineer,2026-01-11
EMP04396,101994.95,306.37,D017,Translator,2024-09-21
EMP04397,138434.22,17738.09,D003,Broadcast journalist,2024-07-22
EMP04398,113248.24,18230.74,D012,Secondary school teacher,2024-10-15
EMP04399,70383.22,4526.33,D004,Geographical information systems officer,2024-08-04
EMP04400,114637.46,7163.32,D012,Drilling engineer,2023-12-10
EMP04401,84714.65,15013.64,D006,Minerals surveyor,2023-10-18
EMP04402,72378.11,13953.0,D001,Biomedical scientist,2026-02-25
EMP04403,108280.72,20571.85,D017,Therapeutic radiographer,2023-10-08
EMP04404,47137.42,6138.26,D013,Manufacturing engineer,2024-03-16
EMP04405,71557.26,1314.94,D010,Patent attorney,2026-02-23
EMP04406,80283.46,8848.54,D011,Chartered certified accountant,2024-07-16
EMP04407,103819.22,14041.52,D005,Public librarian,2026-01-16
EMP04408,130030.12,6750.46,D001,Press photographer,2023-12-21
EMP04409,81741.04,6397.4,D017,Medical sales representative,2026-03-21
EMP04410,80079.63,3380.03,D010,Legal secretary,2025-12-29
EMP04411,87928.53,9894.28,D018,"Surveyor, insurance",2024-10-28
EMP04412,161103.62,3251.48,D005,Tourism officer,2024-09-02
EMP04413,56503.54,1155.1,D013,"Designer, graphic",2023-10-26
EMP04414,66716.21,10406.8,D015,"Designer, fashion/clothing",2025-12-15
EMP04415,106825.3,7545.11,D016,English as a second language teacher,2025-01-03
EMP04416,150882.85,1937.63,D006,"Merchandiser, retail",2026-05-09
EMP04417,102681.41,13268.42,D014,Medical illustrator,2023-12-20
EMP04418,125828.37,10644.47,D017,"Conservation officer, nature",2023-11-10
EMP04419,110544.3,16178.18,D009,Sports coach,2025-06-28
EMP04420,132867.33,7659.83,D014,IT trainer,2023-10-18
EMP04421,51548.36,2106.03,D016,"Surveyor, commercial/residential",2026-07-08
EMP04422,69099.68,5021.0,D007,Recycling officer,2026-01-22
EMP04423,129619.47,18613.8,D015,Agricultural engineer,2024-08-27
EMP04424,67310.67,1091.36,D015,Press sub,2025-01-20
EMP04425,98864.6,66.03,D011,"Engineer, broadcasting (operations)",2026-01-25
EMP04426,51416.11,7474.71,D010,"Accountant, chartered public finance",2024-07-15
EMP04427,61153.12,2055.47,D016,Dentist,2024-06-28
EMP04428,95087.02,2788.16,D014,Data scientist,2026-03-07
EMP04429,123625.44,7831.92,D015,Sports development officer,2024-02-03
EMP04430,99309.74,15349.59,D020,"Editor, film/video",2025-09-24
EMP04431,59610.14,6466.62,D002,Translator,2025-06-15
EMP04432,67347.52,11407.79,D018,Environmental health practitioner,2025-09-13
EMP04433,144282.43,28676.81,D013,Fashion designer,2023-10-07
EMP04434,123169.8,14621.97,D017,Marketing executive,2024-12-22
EMP04435,61529.47,7748.14,D012,Cytogeneticist,2024-05-20
EMP04436,107282.82,6821.77,D012,Speech and language therapist,2024-03-11
EMP04437,89920.04,13276.5,D015,Print production planner,2026-02-08
EMP04438,96023.55,17323.73,D012,Secretary/administrator,2026-03-13
EMP04439,128918.57,22562.27,D005,Video editor,2026-03-09
EMP04440,114442.03,13899.38,D006,Research scientist (medical),2025-01-26
EMP04441,73430.7,4834.48,D002,Civil Service administrator,2024-10-13
EMP04442,136649.4,7414.05,D005,Minerals surveyor,2025-02-15
EMP04443,93892.7,14337.67,D005,"Engineer, biomedical",2025-01-06
EMP04444,71195.54,6205.49,D006,Make,2026-02-23
EMP04445,81906.6,13944.13,D003,"Therapist, sports",2024-06-17
EMP04446,72943.06,3269.65,D019,Outdoor activities/education manager,2026-06-10
EMP04447,88164.84,790.37,D015,Hydrologist,2024-08-03
EMP04448,150262.73,28086.64,D016,Radio producer,2026-07-17
EMP04449,73230.84,11242.52,D018,"Designer, graphic",2024-02-06
EMP04450,113874.3,17978.55,D009,Paediatric nurse,2025-10-02
EMP04451,104397.28,12130.04,D003,Secondary school teacher,2026-05-01
EMP04452,147894.66,485.28,D001,Insurance claims handler,2025-06-17
EMP04453,122460.83,20368.01,D017,Research scientist (physical sciences),2026-05-22
EMP04454,126292.43,17808.01,D007,Geographical information systems officer,2024-12-08
EMP04455,110590.28,14856.29,D012,Passenger transport manager,2026-03-18
EMP04456,53887.39,8714.98,D001,Health and safety inspector,2025-04-15
EMP04457,119483.99,21781.19,D005,Media buyer,2024-03-29
EMP04458,71862.0,12321.69,D020,IT sales professional,2024-03-05
EMP04459,80548.75,11982.29,D019,Analytical chemist,2026-07-03
EMP04460,159574.5,4649.24,D004,"Programme researcher, broadcasting/film/video",2025-02-15
EMP04461,155001.5,25697.3,D004,Dentist,2023-11-09
EMP04462,127567.36,7253.93,D005,"Scientist, product/process development",2024-09-17
EMP04463,100041.04,11149.64,D017,Financial trader,2023-11-02
EMP04464,112366.98,2281.54,D017,"Civil engineer, contracting",2025-12-28
EMP04465,125718.75,2857.53,D011,Administrator,2024-02-21
EMP04466,97305.84,4964.71,D009,Community education officer,2026-03-13
EMP04467,71009.46,9303.74,D003,Statistician,2023-09-22
EMP04468,95712.43,895.66,D018,Manufacturing engineer,2023-12-22
EMP04469,110323.71,18522.01,D015,Artist,2025-12-13
EMP04470,70403.23,13933.68,D002,Secondary school teacher,2026-02-08
EMP04471,115960.15,5543.57,D018,Sports coach,2026-01-02
EMP04472,118949.75,7097.74,D017,Artist,2024-07-26
EMP04473,82534.96,14352.99,D019,"Solicitor, Scotland",2024-10-26
EMP04474,106285.32,6553.51,D007,Quantity surveyor,2023-08-16
EMP04475,108094.51,15075.0,D005,Interpreter,2025-01-14
EMP04476,103329.06,18286.67,D020,Operational researcher,2025-12-16
EMP04477,115778.46,20420.38,D009,Insurance claims handler,2026-02-21
EMP04478,86095.71,9731.03,D014,Make,2025-09-01
EMP04479,103297.37,19567.37,D006,Agricultural engineer,2024-07-09
EMP04480,131686.93,3948.59,D003,Lexicographer,2024-12-02
EMP04481,147677.87,1476.35,D006,Special effects artist,2026-04-21
EMP04482,115417.08,15643.33,D015,Clinical psychologist,2023-10-30
EMP04483,116694.66,15314.84,D011,"Administrator, charities/voluntary organisations",2025-01-21
EMP04484,83018.6,9764.72,D019,IT consultant,2023-08-26
EMP04485,108542.25,11097.29,D020,Senior tax professional/tax inspector,2024-12-09
EMP04486,90124.96,8629.18,D009,Administrator,2025-10-29
EMP04487,126171.09,8570.14,D002,Clinical embryologist,2024-04-03
EMP04488,131015.57,16620.38,D001,Accommodation manager,2023-10-24
EMP04489,65869.26,3700.97,D005,"Surveyor, planning and development",2024-04-14
EMP04490,100936.66,16902.26,D019,"Surveyor, commercial/residential",2023-11-23
EMP04491,85793.3,4662.22,D010,Petroleum engineer,2023-12-18
EMP04492,121662.2,2416.64,D006,"Radiographer, therapeutic",2024-09-01
EMP04493,76141.18,4780.31,D009,"Therapist, music",2025-12-14
EMP04494,97494.47,13309.31,D009,Regulatory affairs officer,2024-06-18
EMP04495,115746.57,11552.73,D004,Gaffer,2025-10-20
EMP04496,125016.08,18283.35,D020,Forensic scientist,2024-12-25
EMP04497,59391.59,6810.23,D008,Restaurant manager,2026-04-24
EMP04498,83805.9,13590.43,D003,"Presenter, broadcasting",2026-03-10
EMP04499,118376.74,23659.72,D005,Cartographer,2023-09-03
EMP04500,114666.88,17185.49,D011,Theatre stage manager,2025-02-09
EMP04501,71611.29,6604.06,D010,"Engineer, petroleum",2026-07-19
EMP04502,80961.2,5626.68,D013,Product manager,2024-10-22
EMP04503,75626.07,9234.05,D017,Ship broker,2024-11-13
EMP04504,91213.49,15872.55,D002,Sports therapist,2024-02-21
EMP04505,112016.47,11469.05,D001,Physiotherapist,2024-12-03
EMP04506,96865.25,17912.61,D007,Mudlogger,2024-05-23
EMP04507,148701.89,3424.37,D018,"Engineer, biomedical",2025-08-12
EMP04508,111177.52,2729.33,D008,Music tutor,2024-02-02
EMP04509,113768.01,120.19,D002,Hotel manager,2026-03-09
EMP04510,106354.61,5527.9,D012,Network engineer,2025-07-12
EMP04511,90510.36,17693.27,D013,Lawyer,2026-06-01
EMP04512,121591.41,11071.19,D012,Financial manager,2026-06-13
EMP04513,111746.82,13493.13,D011,English as a foreign language teacher,2025-11-13
EMP04514,107596.89,13296.16,D004,Facilities manager,2023-08-16
EMP04515,85613.6,3712.85,D007,Hydrologist,2025-09-23
EMP04516,130290.82,17931.33,D018,"Producer, radio",2025-09-29
EMP04517,133721.61,11252.35,D017,Probation officer,2025-12-02
EMP04518,140491.44,10085.53,D005,Health and safety inspector,2025-09-03
EMP04519,55785.43,6382.52,D006,"Teacher, secondary school",2025-06-28
EMP04520,107764.84,13597.6,D011,Osteopath,2026-06-27
EMP04521,82135.14,2639.07,D008,Estate manager/land agent,2024-12-14
EMP04522,97621.75,12546.0,D007,"Engineer, civil (contracting)",2023-09-17
EMP04523,93931.93,13597.51,D020,Quantity surveyor,2025-10-27
EMP04524,122219.58,14223.65,D010,Technical brewer,2025-10-16
EMP04525,87965.74,14650.33,D020,Data scientist,2026-01-11
EMP04526,115538.82,18144.47,D014,"Designer, furniture",2023-08-09
EMP04527,119176.89,16468.41,D013,Planning and development surveyor,2024-10-27
EMP04528,121198.57,19129.81,D001,"Doctor, hospital",2026-03-18
EMP04529,115160.85,13963.24,D001,Retail buyer,2024-08-06
EMP04530,83793.13,1315.65,D005,Colour technologist,2026-04-29
EMP04531,126904.49,7314.3,D018,Warden/ranger,2026-02-22
EMP04532,129053.62,5647.99,D011,Cabin crew,2025-06-30
EMP04533,102095.27,18789.56,D002,Location manager,2025-06-28
EMP04534,160483.59,27492.33,D009,Academic librarian,2024-11-30
EMP04535,153226.2,19770.52,D016,"Education officer, community",2024-01-08
EMP04536,72740.32,3867.68,D001,Engineering geologist,2025-10-16
EMP04537,89699.43,11675.79,D014,Radio producer,2024-04-04
EMP04538,75163.83,7222.73,D003,Horticultural therapist,2025-03-05
EMP04539,140604.82,17385.46,D007,"Engineer, maintenance",2026-01-27
EMP04540,127839.34,823.56,D013,Stage manager,2025-06-06
EMP04541,146780.64,4634.02,D001,Research scientist (physical sciences),2024-01-26
EMP04542,157207.6,26746.94,D015,Financial risk analyst,2024-01-09
EMP04543,106947.39,21242.18,D020,Homeopath,2025-10-15
EMP04544,87969.19,5156.1,D008,Intelligence analyst,2025-07-08
EMP04545,115736.99,19825.11,D014,Arts administrator,2026-01-10
EMP04546,64662.14,4883.71,D011,IT trainer,2025-06-15
EMP04547,116113.95,13815.1,D005,"Development worker, international aid",2024-04-15
EMP04548,94040.07,10379.0,D013,Commercial art gallery manager,2024-03-26
EMP04549,88250.07,10798.42,D004,Tourism officer,2024-10-06
EMP04550,129897.27,11002.19,D008,Horticultural consultant,2024-12-22
EMP04551,85665.92,181.98,D006,Actuary,2024-09-20
EMP04552,46492.88,6436.31,D003,IT consultant,2024-12-18
EMP04553,56388.28,1834.09,D010,"Accountant, chartered certified",2025-09-01
EMP04554,122184.04,19266.74,D005,Forensic psychologist,2025-10-23
EMP04555,86132.75,16198.99,D004,Public librarian,2026-06-18
EMP04556,82360.53,15813.22,D013,"Conservator, furniture",2023-11-09
EMP04557,163000.41,7322.9,D012,Pension scheme manager,2024-05-12
EMP04558,126545.67,14914.33,D013,Aid worker,2024-11-28
EMP04559,115740.33,15004.43,D006,Purchasing manager,2024-11-02
EMP04560,107937.72,12611.25,D008,"Surveyor, rural practice",2026-03-17
EMP04561,118491.35,3589.89,D001,Physiotherapist,2024-10-31
EMP04562,92588.53,903.45,D017,"Development worker, community",2024-04-30
EMP04563,70705.89,9264.48,D005,"Therapist, nutritional",2026-01-20
EMP04564,127970.29,12039.49,D016,Call centre manager,2025-12-09
EMP04565,118065.01,21393.16,D006,Geophysicist/field seismologist,2024-01-11
EMP04566,110467.31,5843.11,D018,Marine scientist,2026-01-13
EMP04567,119655.63,18090.81,D015,Theatre manager,2026-04-21
EMP04568,55016.16,4164.97,D004,"Radiographer, therapeutic",2026-05-21
EMP04569,105998.22,2694.26,D003,"Production designer, theatre/television/film",2024-09-04
EMP04570,122616.34,8114.62,D012,Fashion designer,2026-02-22
EMP04571,137094.2,1568.66,D016,Outdoor activities/education manager,2025-03-18
EMP04572,133948.19,16717.72,D018,Multimedia programmer,2024-09-26
EMP04573,106646.55,225.95,D011,"Administrator, sports",2023-11-07
EMP04574,119638.27,23295.28,D008,"Teacher, music",2024-03-02
EMP04575,111358.68,18177.76,D006,Site engineer,2026-03-07
EMP04576,112670.39,3015.16,D011,Investment analyst,2025-03-02
EMP04577,95689.06,15126.46,D001,Telecommunications researcher,2025-09-13
EMP04578,154819.9,27149.82,D004,Colour technologist,2024-06-14
EMP04579,104247.52,13222.94,D014,Training and development officer,2023-10-19
EMP04580,127463.4,2688.46,D006,"Surveyor, hydrographic",2025-04-18
EMP04581,109947.58,7828.36,D013,Chief Financial Officer,2026-04-03
EMP04582,97564.77,1636.55,D013,Print production planner,2024-01-19
EMP04583,133158.33,403.79,D010,Hydrogeologist,2023-10-26
EMP04584,97548.33,4504.93,D005,Radio producer,2025-07-20
EMP04585,112192.43,15550.82,D014,Exhibition designer,2025-09-29
EMP04586,80401.02,5261.51,D010,Neurosurgeon,2023-08-12
EMP04587,80466.97,14026.23,D007,Press photographer,2023-08-19
EMP04588,106916.92,19117.51,D012,Medical sales representative,2026-07-15
EMP04589,111938.82,21476.83,D019,"Engineer, energy",2025-04-07
EMP04590,137555.86,15015.69,D015,Visual merchandiser,2024-04-28
EMP04591,84570.51,5630.57,D010,Prison officer,2025-04-28
EMP04592,79570.5,12055.35,D008,Seismic interpreter,2025-06-30
EMP04593,106800.99,10398.57,D001,Secretary/administrator,2025-02-28
EMP04594,111734.34,22004.48,D017,Maintenance engineer,2025-05-29
EMP04595,113223.75,13313.51,D019,"Scientist, research (physical sciences)",2024-07-05
EMP04596,89326.18,16352.16,D003,"Production designer, theatre/television/film",2023-08-21
EMP04597,128575.96,4557.01,D009,Hydrographic surveyor,2024-12-23
EMP04598,118344.79,13688.39,D012,Risk manager,2024-07-29
EMP04599,93773.39,3053.12,D018,"Therapist, nutritional",2025-02-25
EMP04600,106138.81,14225.22,D016,Logistics and distribution manager,2025-11-20
EMP04601,121118.75,10544.48,D012,Medical illustrator,2026-02-24
EMP04602,130174.44,15608.46,D014,Production manager,2024-11-28
EMP04603,63784.23,95.22,D004,Commercial horticulturist,2024-12-20
EMP04604,81333.74,11710.61,D019,Financial risk analyst,2026-06-30
EMP04605,100074.82,753.28,D009,"Clinical scientist, histocompatibility and immunogenetics",2026-03-17
EMP04606,135482.19,8171.3,D005,Veterinary surgeon,2026-07-23
EMP04607,167172.48,21013.66,D013,Social worker,2023-10-03
EMP04608,131919.93,12988.46,D002,Forensic scientist,2026-05-24
EMP04609,102309.53,17606.4,D008,Garment/textile technologist,2025-09-15
EMP04610,112402.78,19355.88,D008,"Geneticist, molecular",2023-09-13
EMP04611,90968.05,9362.68,D011,Tourist information centre manager,2025-12-14
EMP04612,67596.93,10980.6,D008,Newspaper journalist,2026-06-01
EMP04613,81036.61,15457.96,D006,Bookseller,2026-03-16
EMP04614,152627.87,14121.26,D014,"Presenter, broadcasting",2024-08-09
EMP04615,109034.87,3360.14,D003,Financial manager,2026-01-22
EMP04616,141034.62,14697.06,D004,Systems analyst,2023-08-06
EMP04617,151802.86,20011.61,D008,IT consultant,2024-06-17
EMP04618,111514.95,17330.63,D008,"Education officer, community",2025-09-01
EMP04619,55208.97,6419.57,D010,"Librarian, academic",2025-08-17
EMP04620,103481.75,14204.92,D012,Quality manager,2025-11-08
EMP04621,142808.47,23987.02,D017,Fitness centre manager,2025-07-03
EMP04622,104462.4,10119.79,D011,Publishing rights manager,2025-06-18
EMP04623,138990.45,13881.26,D003,Publishing rights manager,2025-01-10
EMP04624,114312.27,990.98,D010,Radiation protection practitioner,2025-02-12
EMP04625,169031.38,5606.01,D016,Health physicist,2024-12-28
EMP04626,40000.0,6140.77,D006,Fast food restaurant manager,2026-08-02
EMP04627,117108.21,9325.76,D006,Print production planner,2025-08-25
EMP04628,57416.97,5537.51,D002,"Designer, industrial/product",2026-05-15
EMP04629,136260.73,12856.87,D003,Cartographer,2023-10-23
EMP04630,74765.11,7105.96,D010,Curator,2023-11-13
EMP04631,113395.14,17082.05,D006,Environmental education officer,2024-07-26
EMP04632,80590.29,9600.63,D002,"Runner, broadcasting/film/video",2025-05-13
EMP04633,111584.45,20241.98,D018,Graphic designer,2023-09-19
EMP04634,153068.79,29300.26,D020,"Scientist, biomedical",2024-02-24
EMP04635,125193.27,6448.94,D003,"Programmer, applications",2024-01-15
EMP04636,141545.95,4390.17,D019,"Producer, television/film/video",2023-10-29
EMP04637,131626.08,6321.16,D013,Merchant navy officer,2023-08-16
EMP04638,148438.27,14931.82,D003,Music therapist,2024-11-24
EMP04639,135263.51,19428.2,D005,"Buyer, industrial",2023-10-06
EMP04640,105063.51,20183.54,D007,Web designer,2024-01-04
EMP04641,111607.58,10167.52,D014,Ceramics designer,2025-03-12
EMP04642,159506.67,25021.63,D008,Sports therapist,2025-03-04
EMP04643,87147.6,12753.01,D006,"Surveyor, quantity",2025-04-09
EMP04644,105305.77,7152.08,D001,"Scientist, physiological",2025-05-22
EMP04645,90983.99,13473.64,D017,"Psychotherapist, child",2025-06-21
EMP04646,132900.74,12449.5,D004,Learning mentor,2026-03-10
EMP04647,58128.41,4396.41,D018,Midwife,2026-01-14
EMP04648,134481.73,6972.97,D006,"Research officer, government",2023-08-14
EMP04649,97518.88,12517.52,D018,"Therapist, drama",2026-03-05
EMP04650,89977.41,9355.57,D018,Soil scientist,2025-02-11
EMP04651,117310.21,1420.54,D015,Environmental consultant,2023-11-05
EMP04652,116766.56,22682.05,D012,Computer games developer,2025-01-30
EMP04653,58582.85,1423.89,D004,"Embryologist, clinical",2024-07-19
EMP04654,116796.58,20653.98,D015,"Therapist, music",2024-12-15
EMP04655,120338.68,8619.11,D010,Architect,2024-11-22
EMP04656,108493.78,12681.87,D002,Air cabin crew,2024-06-23
EMP04657,90296.54,3300.03,D007,Best boy,2025-08-30
EMP04658,134898.2,11822.41,D017,Jewellery designer,2024-07-12
EMP04659,87149.5,8707.99,D017,Theme park manager,2024-04-10
EMP04660,40000.0,3150.84,D015,"Administrator, charities/voluntary organisations",2024-11-12
EMP04661,157103.72,9328.85,D012,IT consultant,2025-11-11
EMP04662,113581.6,6.82,D005,Historic buildings inspector/conservation officer,2024-10-27
EMP04663,123728.79,7352.04,D009,Make,2025-09-29
EMP04664,127470.89,17435.75,D010,Clothing/textile technologist,2024-01-19
EMP04665,89216.21,1159.09,D007,Primary school teacher,2025-07-06
EMP04666,98910.94,7416.19,D001,Event organiser,2024-08-02
EMP04667,88533.51,17543.61,D019,Museum education officer,2026-05-14
EMP04668,112077.08,15051.4,D001,IT technical support officer,2024-09-08
EMP04669,101981.98,5804.94,D011,Statistician,2023-12-31
EMP04670,46669.15,1902.57,D019,Medical sales representative,2026-06-15
EMP04671,77251.86,2404.32,D005,Higher education careers adviser,2023-12-21
EMP04672,135430.47,11950.96,D017,Amenity horticulturist,2025-04-16
EMP04673,130874.03,7366.5,D006,IT trainer,2026-04-08
EMP04674,139389.97,4014.59,D006,Tax adviser,2025-10-14
EMP04675,128653.82,13983.18,D015,Broadcast engineer,2025-05-07
EMP04676,144905.03,18606.85,D002,"Teacher, music",2024-08-09
EMP04677,123382.21,7679.67,D003,Environmental manager,2024-11-14
EMP04678,152774.85,27909.72,D019,Health and safety inspector,2025-12-02
EMP04679,56917.73,1320.31,D011,Immunologist,2026-01-21
EMP04680,123316.25,21730.76,D007,Electrical engineer,2026-06-04
EMP04681,109199.33,9736.98,D002,Horticultural therapist,2025-04-01
EMP04682,78619.38,3970.48,D011,Osteopath,2024-09-06
EMP04683,83797.57,6342.26,D019,Comptroller,2025-03-03
EMP04684,163453.94,6129.12,D011,"Psychotherapist, child",2024-08-21
EMP04685,93636.24,15463.82,D007,"Civil engineer, contracting",2026-07-12
EMP04686,98851.22,8644.12,D018,Contractor,2023-08-30
EMP04687,124070.08,6272.65,D015,Emergency planning/management officer,2024-12-03
EMP04688,125769.42,24415.01,D005,Travel agency manager,2024-10-05
EMP04689,93945.68,17186.66,D013,Facilities manager,2024-05-11
EMP04690,134166.78,2318.79,D018,Fine artist,2026-04-25
EMP04691,119137.61,9596.15,D005,Automotive engineer,2025-04-16
EMP04692,83421.79,7032.14,D018,Optometrist,2025-04-02
EMP04693,122274.9,49.53,D007,Legal secretary,2024-05-02
EMP04694,101283.57,10059.86,D008,Fast food restaurant manager,2024-10-09
EMP04695,125317.6,20716.19,D013,"Engineer, electrical",2024-05-18
EMP04696,89319.76,8911.2,D011,Meteorologist,2024-12-10
EMP04697,150760.62,2213.08,D007,"Engineer, broadcasting (operations)",2023-11-23
EMP04698,59298.48,10557.3,D014,"Merchandiser, retail",2023-08-14
EMP04699,161573.44,961.45,D004,Video editor,2025-11-14
EMP04700,93779.62,13532.71,D012,Public house manager,2025-02-11
EMP04701,105362.18,1938.33,D012,Interior and spatial designer,2024-07-14
EMP04702,71009.15,9041.85,D019,Textile designer,2024-09-12
EMP04703,130281.58,22479.13,D006,Special educational needs teacher,2023-10-22
EMP04704,86548.76,8043.67,D015,Advertising account planner,2025-08-13
EMP04705,99610.87,13142.75,D008,"Teacher, English as a foreign language",2026-06-02
EMP04706,132402.79,25858.09,D003,Occupational hygienist,2025-12-14
EMP04707,123054.71,13772.54,D015,"Designer, graphic",2025-01-27
EMP04708,139268.38,20993.4,D012,Retail manager,2024-03-30
EMP04709,103617.79,15325.68,D012,Electronics engineer,2023-08-05
EMP04710,118027.8,21826.97,D006,Communications engineer,2024-04-26
EMP04711,122383.73,14625.58,D005,"Therapist, music",2024-09-10
EMP04712,117824.45,12123.34,D015,Operations geologist,2025-07-03
EMP04713,96319.69,15733.79,D007,Academic librarian,2025-03-30
EMP04714,99359.15,7879.31,D001,"Scientist, water quality",2024-10-11
EMP04715,93616.87,15769.88,D019,Recruitment consultant,2025-03-08
EMP04716,132972.11,4882.93,D007,"Surveyor, minerals",2025-06-28
EMP04717,124274.48,9952.65,D003,Records manager,2023-08-16
EMP04718,124000.33,19780.63,D015,"Journalist, magazine",2025-11-26
EMP04719,70284.13,5372.54,D003,"Psychotherapist, dance movement",2024-01-23
EMP04720,68409.98,9430.83,D016,Retail merchandiser,2024-12-14
EMP04721,93856.28,12985.87,D012,Sub,2026-06-30
EMP04722,130044.38,13332.76,D005,Dancer,2024-11-30
EMP04723,139703.81,15301.59,D001,Publishing copy,2024-12-05
EMP04724,119806.22,1318.21,D007,Energy manager,2023-10-29
EMP04725,107438.81,14040.15,D015,"Psychologist, occupational",2026-04-22
EMP04726,123000.96,17309.09,D009,"Physicist, medical",2025-03-19
EMP04727,83745.72,5869.2,D009,Firefighter,2025-07-16
EMP04728,99368.76,9270.14,D004,Art gallery manager,2025-04-28
EMP04729,60175.58,6992.29,D018,Theatre stage manager,2026-07-01
EMP04730,83688.34,11832.63,D016,"Psychotherapist, child",2026-04-03
EMP04731,76796.39,2260.82,D016,"Programmer, applications",2023-09-16
EMP04732,59921.96,3920.82,D006,English as a foreign language teacher,2024-02-25
EMP04733,98360.4,14571.4,D013,Telecommunications researcher,2024-12-27
EMP04734,107958.13,7365.87,D016,"Scientist, biomedical",2025-04-27
EMP04735,85333.98,5672.92,D012,Firefighter,2024-01-25
EMP04736,71180.36,2428.62,D003,Press sub,2024-08-30
EMP04737,88931.66,8403.9,D001,Musician,2024-09-19
EMP04738,82472.29,8647.12,D004,Paramedic,2026-07-08
EMP04739,139734.08,26478.2,D006,Aid worker,2025-09-04
EMP04740,117838.78,2731.13,D011,"Teacher, adult education",2026-04-25
EMP04741,158874.51,12523.31,D007,Restaurant manager,2025-02-12
EMP04742,129402.37,9899.09,D020,"Teacher, early years/pre",2025-08-09
EMP04743,118369.02,10857.74,D005,Research scientist (physical sciences),2025-06-06
EMP04744,102680.67,9777.39,D018,Retail manager,2024-05-13
EMP04745,107956.51,4205.8,D012,"Journalist, magazine",2024-06-14
EMP04746,101537.79,13903.35,D018,Legal executive,2026-01-06
EMP04747,84339.59,7598.08,D020,"Administrator, arts",2025-08-13
EMP04748,110351.35,6008.4,D010,Automotive engineer,2025-04-12
EMP04749,56883.3,1262.19,D011,"Horticulturist, commercial",2026-07-11
EMP04750,95964.52,1433.97,D010,Health physicist,2026-05-23
EMP04751,87352.56,11937.73,D004,Medical physicist,2024-10-31
EMP04752,60262.81,5143.19,D010,Armed forces training and education officer,2023-10-20
EMP04753,119343.99,2564.13,D007,"Producer, radio",2024-01-21
EMP04754,76743.06,5982.19,D020,Counselling psychologist,2023-08-23
EMP04755,116942.01,19738.22,D013,Tourist information centre manager,2026-01-16
EMP04756,153003.02,14789.59,D015,Office manager,2025-04-02
EMP04757,125751.27,17429.85,D006,"Designer, graphic",2026-05-13
EMP04758,84383.55,15998.01,D012,Travel agency manager,2024-10-13
EMP04759,137363.42,2471.73,D008,Aid worker,2026-06-15
EMP04760,63222.47,3495.39,D020,Ceramics designer,2024-05-28
EMP04761,105496.28,1894.11,D012,Adult guidance worker,2025-07-22
EMP04762,121449.82,9977.77,D016,Private music teacher,2025-05-03
EMP04763,116534.06,16625.7,D012,Veterinary surgeon,2024-07-21
EMP04764,122475.48,21842.9,D019,Exercise physiologist,2024-05-03
EMP04765,117463.5,11080.08,D007,"Education officer, environmental",2026-05-29
EMP04766,112852.2,20680.3,D005,Data scientist,2023-11-09
EMP04767,122717.9,16055.68,D017,Ophthalmologist,2024-11-30
EMP04768,85039.98,9204.72,D008,Market researcher,2023-09-27
EMP04769,69621.81,12188.85,D016,Data scientist,2025-10-28
EMP04770,66542.55,2559.4,D002,"Production assistant, radio",2024-06-09
EMP04771,90004.56,8.86,D001,"Scientist, forensic",2025-12-06
EMP04772,73722.01,892.18,D011,"Designer, interior/spatial",2024-07-05
EMP04773,145709.98,24956.91,D013,Location manager,2023-10-14
EMP04774,68688.9,11698.85,D005,Horticultural consultant,2026-06-19
EMP04775,134581.04,19175.5,D019,Nature conservation officer,2025-10-24
EMP04776,114921.29,2347.29,D010,Field seismologist,2024-09-26
EMP04777,94075.96,824.77,D011,"Administrator, sports",2025-06-13
EMP04778,143058.51,17120.18,D020,Learning mentor,2025-02-07
EMP04779,112029.13,7123.66,D010,Wellsite geologist,2024-07-31
EMP04780,108249.04,17785.21,D008,Industrial buyer,2024-12-04
EMP04781,185472.43,16604.31,D001,Careers information officer,2023-12-02
EMP04782,135284.89,23258.15,D003,Make,2026-03-03
EMP04783,84372.8,4278.22,D016,"Physicist, medical",2025-10-19
EMP04784,96263.64,2738.98,D019,Restaurant manager,2026-07-17
EMP04785,80884.68,4771.97,D002,Community arts worker,2025-03-21
EMP04786,160150.28,24896.1,D009,Broadcast journalist,2026-01-15
EMP04787,118938.15,16136.37,D004,Proofreader,2026-02-16
EMP04788,108612.18,5296.2,D019,Private music teacher,2023-09-08
EMP04789,115045.63,12988.0,D006,IT consultant,2025-06-07
EMP04790,74554.94,4234.78,D002,"Engineer, electronics",2026-07-16
EMP04791,139904.2,9925.82,D008,Television/film/video producer,2025-11-13
EMP04792,101439.82,13438.34,D015,Structural engineer,2024-05-24
EMP04793,91367.69,11356.88,D016,Private music teacher,2025-03-21
EMP04794,123316.97,5323.46,D011,"Development worker, international aid",2023-11-18
EMP04795,123125.46,9860.89,D013,Health physicist,2024-06-03
EMP04796,69391.09,4773.54,D014,Interpreter,2025-01-29
EMP04797,134187.49,17655.1,D007,Surgeon,2024-07-08
EMP04798,160665.05,12738.77,D002,Chemical engineer,2024-05-12
EMP04799,142548.42,20154.33,D003,Therapeutic radiographer,2025-06-02
EMP04800,106058.31,11544.73,D007,Surgeon,2025-09-09
EMP04801,131751.68,10032.39,D020,Psychiatrist,2024-08-24
EMP04802,106575.37,1607.06,D014,Animal nutritionist,2024-03-16
EMP04803,99710.16,8587.98,D013,Risk manager,2024-04-04
EMP04804,104519.01,11668.12,D011,"Restaurant manager, fast food",2024-08-02
EMP04805,82044.59,3946.45,D003,Industrial buyer,2025-06-23
EMP04806,112978.48,3889.35,D018,Actor,2024-05-07
EMP04807,133263.59,17397.78,D012,"Research officer, trade union",2025-09-19
EMP04808,135166.23,18624.71,D001,Landscape architect,2024-12-26
EMP04809,80734.53,10904.25,D003,International aid/development worker,2024-05-26
EMP04810,121190.76,6235.54,D012,"Engineer, control and instrumentation",2025-05-29
EMP04811,95655.43,1082.71,D017,Statistician,2024-04-11
EMP04812,129913.96,24998.08,D006,"Accountant, chartered",2024-05-11
EMP04813,159911.5,11430.88,D018,Medical sales representative,2024-09-12
EMP04814,53591.25,7641.55,D016,"Engineer, building services",2025-01-23
EMP04815,90586.79,8901.08,D004,"Nurse, children's",2026-01-05
EMP04816,96678.68,12704.81,D017,Lexicographer,2025-09-29
EMP04817,87601.77,12457.63,D005,Water engineer,2025-12-29
EMP04818,118459.54,23678.15,D007,Publishing rights manager,2026-02-12
EMP04819,92916.48,8168.21,D001,Curator,2024-04-11
EMP04820,74667.82,6532.91,D015,Press sub,2025-02-04
EMP04821,130395.1,9032.32,D014,"Scientist, research (maths)",2025-04-07
EMP04822,108394.62,17271.15,D007,"Engineer, water",2025-02-11
EMP04823,148835.56,12421.52,D013,Water quality scientist,2026-03-20
EMP04824,142802.83,3872.65,D005,Metallurgist,2024-05-28
EMP04825,135187.96,6636.29,D017,Analytical chemist,2025-10-08
EMP04826,109356.59,7854.62,D020,Professor Emeritus,2025-04-27
EMP04827,118326.51,20061.76,D001,Aeronautical engineer,2025-02-12
EMP04828,118445.38,3132.48,D014,Magazine journalist,2025-03-25
EMP04829,94042.22,3383.12,D020,Charity fundraiser,2025-04-24
EMP04830,109556.08,20757.68,D003,Energy manager,2023-08-13
EMP04831,108126.58,13607.22,D015,Armed forces technical officer,2024-08-14
EMP04832,113199.06,12508.99,D017,Osteopath,2025-11-06
EMP04833,78456.98,4744.04,D016,Trading standards officer,2025-07-25
EMP04834,99048.87,15697.76,D014,Pathologist,2026-05-24
EMP04835,137587.14,738.59,D005,"Production assistant, radio",2024-12-29
EMP04836,82843.14,7986.1,D010,"Education officer, environmental",2025-07-25
EMP04837,130885.12,9781.93,D019,Bookseller,2025-01-08
EMP04838,71147.67,5858.33,D017,"Conservation officer, historic buildings",2026-03-13
EMP04839,111090.32,18413.64,D007,Social researcher,2024-08-18
EMP04840,88112.75,12242.0,D005,Clinical biochemist,2024-02-26
EMP04841,70791.5,11114.13,D008,"Investment banker, corporate",2025-02-11
EMP04842,107177.84,2795.2,D009,Network engineer,2023-11-28
EMP04843,103272.36,19114.54,D013,Sports development officer,2026-07-03
EMP04844,90574.98,16964.39,D005,Financial manager,2023-10-13
EMP04845,121975.16,8717.15,D008,Surgeon,2025-06-29
EMP04846,150118.88,441.9,D003,"Production assistant, television",2024-10-07
EMP04847,86501.62,5342.7,D010,Air broker,2024-04-29
EMP04848,174286.12,14209.73,D016,"Education officer, museum",2025-04-17
EMP04849,98716.05,6958.65,D013,Radio broadcast assistant,2025-04-25
EMP04850,104063.92,3720.03,D008,"Scientist, research (life sciences)",2025-10-23
EMP04851,104793.42,2241.14,D003,"Lecturer, further education",2023-12-06
EMP04852,149245.48,10886.43,D013,Environmental manager,2024-03-10
EMP04853,146502.81,9915.74,D003,"Production assistant, television",2024-11-08
EMP04854,162588.86,12442.66,D019,"Teacher, adult education",2026-02-04
EMP04855,107189.53,4642.93,D011,"Surveyor, hydrographic",2023-10-06
EMP04856,198444.29,30870.08,D018,"Designer, furniture",2024-10-25
EMP04857,124745.19,10447.69,D014,Clinical research associate,2025-10-10
EMP04858,104079.03,4704.91,D003,Homeopath,2025-05-29
EMP04859,111850.84,4853.82,D009,"Teacher, secondary school",2026-04-11
EMP04860,94996.58,6412.85,D019,"Doctor, hospital",2026-04-14
EMP04861,104906.35,19249.69,D013,Insurance claims handler,2024-11-02
EMP04862,133206.47,16246.13,D009,Chartered accountant,2026-06-15
EMP04863,80357.7,3609.09,D014,Environmental health practitioner,2026-03-23
EMP04864,67916.83,3684.55,D008,Public librarian,2024-06-30
EMP04865,73853.06,7818.81,D012,"Civil engineer, contracting",2026-08-04
EMP04866,133174.71,6897.4,D008,Quality manager,2024-04-27
EMP04867,99742.27,1481.96,D016,Financial controller,2025-10-13
EMP04868,121156.16,228.15,D002,"Accountant, chartered",2024-07-24
EMP04869,116159.35,20257.31,D014,Physiological scientist,2024-09-28
EMP04870,88857.16,16137.51,D019,"Engineer, agricultural",2025-05-02
EMP04871,94826.12,6173.89,D009,Systems developer,2024-10-18
EMP04872,170047.82,32959.26,D012,Animal technologist,2023-09-15
EMP04873,74414.92,6802.56,D011,Seismic interpreter,2024-02-28
EMP04874,97524.96,18834.48,D001,Meteorologist,2025-05-29
EMP04875,96888.83,4928.89,D006,Set designer,2026-07-19
EMP04876,109235.48,10849.98,D013,"Engineer, structural",2026-05-15
EMP04877,97049.83,5426.54,D008,Analytical chemist,2025-02-08
EMP04878,132363.61,7628.11,D013,Orthoptist,2024-02-17
EMP04879,89274.78,15568.7,D009,"Surveyor, land/geomatics",2023-12-18
EMP04880,144180.69,4945.39,D019,Games developer,2024-10-03
EMP04881,110415.5,15455.06,D012,Retail banker,2025-07-12
EMP04882,126134.18,23736.36,D016,"Engineer, energy",2024-08-21
EMP04883,57965.72,4454.91,D015,"Physicist, medical",2026-07-08
EMP04884,143649.81,9013.71,D005,"Scientist, clinical (histocompatibility and immunogenetics)",2024-09-08
EMP04885,132075.84,912.82,D012,Community pharmacist,2026-02-08
EMP04886,116706.54,22254.88,D013,Pharmacologist,2026-03-17
EMP04887,116241.51,20440.43,D003,Probation officer,2024-07-27
EMP04888,47518.02,9005.35,D015,"Designer, television/film set",2026-08-03
EMP04889,115943.96,22042.42,D020,"Engineer, civil (contracting)",2026-05-03
EMP04890,100008.49,7673.27,D002,Social worker,2024-05-20
EMP04891,108253.73,3908.37,D020,Nutritional therapist,2025-05-24
EMP04892,95667.12,12171.68,D007,"Physicist, medical",2025-11-21
EMP04893,116417.84,20968.27,D001,Legal secretary,2025-12-09
EMP04894,111528.38,9285.02,D009,Patent attorney,2024-02-22
EMP04895,110448.26,8265.81,D007,Armed forces training and education officer,2023-09-17
EMP04896,88445.45,7613.72,D017,Oceanographer,2026-08-02
EMP04897,124680.81,14795.42,D004,Public relations officer,2024-10-24
EMP04898,117287.54,1359.57,D018,Quarry manager,2025-06-10
EMP04899,146245.19,9500.63,D001,Meteorologist,2026-03-09
EMP04900,108293.76,11480.07,D005,Maintenance engineer,2026-06-10
EMP04901,126954.74,11763.98,D015,"Surveyor, rural practice",2024-09-10
EMP04902,134429.68,22326.24,D002,Market researcher,2026-04-26
EMP04903,85285.39,2524.1,D004,"Production assistant, radio",2024-09-23
EMP04904,109555.28,17933.88,D020,Financial planner,2025-02-27
EMP04905,81711.0,3648.22,D015,"Journalist, newspaper",2023-11-10
EMP04906,142743.93,565.45,D003,Horticultural therapist,2025-05-27
EMP04907,97247.05,14463.34,D007,Chiropodist,2025-04-15
EMP04908,100897.5,15158.18,D004,"Accountant, chartered certified",2025-01-15
EMP04909,80318.45,3874.39,D004,"Investment banker, operational",2024-02-16
EMP04910,108986.9,5796.78,D011,Private music teacher,2025-01-22
EMP04911,119803.58,17021.19,D001,Quarry manager,2024-10-09
EMP04912,109100.91,8097.19,D004,"Conservator, furniture",2026-03-21
EMP04913,80254.49,3519.19,D005,Manufacturing systems engineer,2024-06-17
EMP04914,92988.91,17873.42,D008,"Administrator, charities/voluntary organisations",2025-11-02
EMP04915,120599.69,21469.14,D003,Hospital doctor,2023-08-17
EMP04916,90252.61,10728.64,D001,Archaeologist,2025-01-26
EMP04917,131094.22,1193.19,D008,Editorial assistant,2026-07-06
EMP04918,94837.54,13728.12,D002,Land/geomatics surveyor,2025-07-12
EMP04919,61735.6,12098.93,D015,Site engineer,2023-12-04
EMP04920,96238.01,2965.22,D017,Volunteer coordinator,2025-10-18
EMP04921,49419.98,1202.1,D012,Retail buyer,2024-10-05
EMP04922,87276.95,4228.28,D006,Sports therapist,2026-07-26
EMP04923,148720.73,14459.11,D001,Bookseller,2026-02-14
EMP04924,90779.59,8056.26,D002,Agricultural engineer,2023-11-14
EMP04925,93201.46,4109.89,D004,"Sound technician, broadcasting/film/video",2025-02-23
EMP04926,56560.44,7523.3,D002,IT consultant,2024-05-08
EMP04927,124371.06,1722.0,D002,"Journalist, magazine",2024-12-19
EMP04928,100301.82,10403.11,D003,Seismic interpreter,2024-10-23
EMP04929,93865.87,5060.2,D002,Product/process development scientist,2024-01-20
EMP04930,116198.67,11848.44,D019,Dentist,2026-06-03
EMP04931,108028.63,15350.96,D013,"Engineer, mining",2025-06-22
EMP04932,121140.03,16327.33,D004,"Lighting technician, broadcasting/film/video",2024-01-25
EMP04933,89816.03,14796.18,D019,Radio producer,2023-08-26
EMP04934,133606.77,14162.89,D005,Retail manager,2025-05-18
EMP04935,109418.19,15577.23,D012,"Horticulturist, amenity",2024-11-09
EMP04936,118970.96,8655.33,D008,Media buyer,2023-10-26
EMP04937,100491.04,5683.2,D007,Public house manager,2023-11-28
EMP04938,102113.05,15364.29,D001,Database administrator,2024-04-23
EMP04939,135715.45,11455.18,D008,Armed forces training and education officer,2024-03-23
EMP04940,137483.81,2260.26,D001,Secretary/administrator,2023-11-29
EMP04941,103713.46,8171.08,D013,Advertising art director,2026-02-15
EMP04942,112933.54,1977.81,D010,"Designer, ceramics/pottery",2025-12-09
EMP04943,96467.34,13712.87,D012,Homeopath,2024-05-02
EMP04944,126775.17,879.67,D007,Clothing/textile technologist,2025-02-23
EMP04945,118901.3,16453.16,D012,"Administrator, sports",2024-05-31
EMP04946,102991.75,7423.05,D012,Historic buildings inspector/conservation officer,2024-11-16
EMP04947,90542.54,10624.67,D003,Chartered certified accountant,2023-11-02
EMP04948,145627.57,20029.67,D002,Merchant navy officer,2025-01-05
EMP04949,96402.8,8582.81,D013,Barrister's clerk,2026-06-04
EMP04950,64604.66,5801.67,D011,"Psychologist, sport and exercise",2026-04-28
EMP04951,108669.82,15707.95,D002,Immunologist,2025-04-11
EMP04952,115936.0,16970.29,D015,TEFL teacher,2026-05-09
EMP04953,109044.69,15728.34,D005,Financial risk analyst,2024-02-08
EMP04954,89417.94,1810.55,D002,Commercial horticulturist,2025-07-29
EMP04955,79694.55,2987.12,D006,"Optician, dispensing",2023-12-03
EMP04956,96786.99,10780.64,D018,Museum education officer,2025-02-16
EMP04957,112646.17,14871.17,D014,"Administrator, education",2024-12-13
EMP04958,68055.11,12488.03,D016,"Scientist, research (medical)",2026-02-19
EMP04959,75120.0,9922.65,D013,Commissioning editor,2026-02-16
EMP04960,99754.89,10524.12,D015,Phytotherapist,2023-10-19
EMP04961,87816.19,17024.82,D008,Colour technologist,2026-02-24
EMP04962,104499.53,12994.41,D020,Chartered legal executive (England and Wales),2025-07-27
EMP04963,87634.82,7127.25,D010,Lobbyist,2025-09-12
EMP04964,105753.94,6475.9,D017,Medical technical officer,2025-01-31
EMP04965,134407.27,16482.56,D010,Museum/gallery exhibitions officer,2025-12-12
EMP04966,114502.5,19049.84,D019,Press sub,2025-02-05
EMP04967,132933.16,26153.81,D013,Chartered public finance accountant,2025-04-01
EMP04968,100628.84,700.61,D001,Exercise physiologist,2024-05-05
EMP04969,84546.42,16103.67,D008,Higher education careers adviser,2026-03-10
EMP04970,123219.03,20975.17,D020,Adult guidance worker,2025-05-13
EMP04971,99133.14,1146.62,D012,Health and safety adviser,2025-04-23
EMP04972,87616.62,5040.94,D010,Prison officer,2025-01-31
EMP04973,107726.51,21096.84,D001,Market researcher,2024-01-02
EMP04974,106291.36,19913.47,D003,Armed forces technical officer,2026-05-14
EMP04975,127327.52,7740.25,D017,Archivist,2024-03-27
EMP04976,138257.72,14639.56,D006,Architectural technologist,2024-05-23
EMP04977,120904.63,19687.77,D016,Insurance underwriter,2024-05-04
EMP04978,88213.75,1233.63,D007,Legal executive,2025-10-06
EMP04979,94426.31,11568.22,D001,Sub,2026-01-23
EMP04980,110176.3,7293.3,D018,Illustrator,2025-01-01
EMP04981,110223.32,14413.5,D012,Analytical chemist,2025-07-11
EMP04982,87508.6,2320.57,D011,"Surveyor, building",2026-03-05
EMP04983,82205.55,9.25,D010,Theatre manager,2025-05-12
EMP04984,129170.72,8070.93,D006,Corporate investment banker,2026-02-05
EMP04985,156952.59,177.94,D017,"Conservator, furniture",2025-02-06
EMP04986,128463.78,15100.29,D011,Purchasing manager,2026-07-24
EMP04987,112130.08,15640.79,D005,Advice worker,2026-02-10
EMP04988,92752.53,12418.66,D006,"Optician, dispensing",2025-07-05
EMP04989,122910.07,21090.56,D019,"Teacher, English as a foreign language",2023-09-19
EMP04990,66032.99,2291.65,D005,Writer,2026-04-21
EMP04991,95224.26,16186.62,D007,Applications developer,2023-08-16
EMP04992,98168.49,18419.94,D012,Music tutor,2025-10-11
EMP04993,79628.74,12753.21,D019,Insurance claims handler,2023-11-17
EMP04994,137565.05,7846.52,D011,Training and development officer,2025-10-17
EMP04995,82141.24,9492.25,D005,Insurance account manager,2024-02-13
EMP04996,99107.82,2435.6,D019,Youth worker,2025-03-02
EMP04997,68147.27,4654.02,D009,Financial controller,2025-10-01
EMP04998,110807.3,6454.19,D011,Learning mentor,2023-09-06
EMP04999,90061.3,15496.8,D008,Press sub,2024-07-10
EMP05000,140942.6,9005.6,D017,Magazine features editor,2025-09-02
EMP05001,86403.51,10302.94,D004,Risk manager,2024-04-22
EMP05002,95067.67,7454.03,D012,Architect,2025-12-23
EMP05003,129514.49,19030.82,D018,Equality and diversity officer,2024-06-16
EMP05004,123810.24,19311.72,D004,"Nurse, mental health",2025-05-02
EMP05005,119243.83,16567.16,D009,"Engineer, mining",2024-03-21
EMP05006,132824.54,10233.75,D006,"Surveyor, planning and development",2025-12-13
EMP05007,107544.99,15450.23,D006,"Engineer, water",2024-03-20
EMP05008,72944.15,7148.88,D011,Operations geologist,2024-09-08
EMP05009,121089.38,2371.71,D018,"Horticulturist, commercial",2024-07-06
EMP05010,129201.33,1965.3,D010,"Radiographer, therapeutic",2024-08-03
EMP05011,100606.02,9928.49,D018,Counselling psychologist,2024-03-30
EMP05012,145514.58,17665.78,D008,"Development worker, international aid",2026-05-04
EMP05013,130694.85,9235.85,D015,Industrial buyer,2025-02-14
EMP05014,64150.21,668.75,D020,Medical laboratory scientific officer,2023-12-14
EMP05015,86178.5,13879.2,D015,"Journalist, magazine",2025-08-22
EMP05016,127315.23,1374.57,D004,"Sales professional, IT",2026-07-13
EMP05017,146937.17,23019.67,D001,Chief Strategy Officer,2026-05-22
EMP05018,119251.51,22722.44,D009,Radio producer,2026-05-05
EMP05019,91225.71,4361.05,D010,Arboriculturist,2024-11-14
EMP05020,96678.49,16010.46,D003,"Scientist, research (physical sciences)",2026-01-10
EMP05021,167436.75,6890.57,D015,Environmental consultant,2025-08-15
EMP05022,115151.32,19666.78,D006,Fashion designer,2026-07-29
EMP05023,116185.37,223.15,D016,Magazine journalist,2026-02-23
EMP05024,159817.11,7707.78,D007,Bookseller,2023-11-24
EMP05025,88853.8,17481.64,D016,Housing manager/officer,2025-07-20
EMP05026,62676.59,3171.09,D005,Educational psychologist,2024-02-12
EMP05027,135663.61,4374.05,D008,Gaffer,2025-06-25
EMP05028,108733.24,21020.16,D006,Glass blower/designer,2024-01-25
EMP05029,131680.07,24819.1,D003,Video editor,2023-09-19
EMP05030,107163.95,17258.3,D014,Optometrist,2023-10-03
EMP05031,110241.56,1807.7,D018,Operational investment banker,2025-04-19
EMP05032,106573.72,2943.97,D011,Firefighter,2023-10-29
EMP05033,113596.26,4778.61,D020,Translator,2026-01-04
EMP05034,160965.25,14203.54,D009,Animal technologist,2025-09-26
EMP05035,127099.08,18956.43,D013,Architect,2026-07-18
EMP05036,119628.41,18292.0,D007,Animal nutritionist,2023-12-26
EMP05037,100078.29,3667.69,D011,Gaffer,2025-07-09
EMP05038,64800.01,10868.07,D005,Marketing executive,2026-05-02
EMP05039,86133.59,831.53,D018,"Engineer, mining",2025-12-19
EMP05040,102674.06,4622.5,D020,"Therapist, art",2026-06-10
EMP05041,132108.86,24719.78,D002,Sports therapist,2024-08-23
EMP05042,68612.62,9244.6,D012,Adult nurse,2024-08-04
EMP05043,132208.18,26127.29,D002,Government social research officer,2026-02-22
EMP05044,98509.72,4486.63,D002,Statistician,2023-12-03
EMP05045,64037.22,11961.09,D009,Speech and language therapist,2026-01-17
EMP05046,81234.94,10878.16,D007,Pensions consultant,2025-05-05
EMP05047,96734.77,12671.17,D012,Research scientist (life sciences),2024-10-08
EMP05048,92724.41,10564.3,D017,Diagnostic radiographer,2024-11-26
EMP05049,120989.48,21904.22,D005,Interpreter,2025-06-17
EMP05050,104411.4,15052.66,D019,Civil Service administrator,2026-06-27
EMP05051,102514.76,10702.1,D013,Illustrator,2025-12-26
EMP05052,92198.16,15398.47,D017,Administrator,2024-05-13
EMP05053,108634.98,519.51,D013,Teaching laboratory technician,2025-11-11
EMP05054,122710.15,13150.14,D006,Mudlogger,2025-02-20
EMP05055,132083.3,123.33,D017,Clinical molecular geneticist,2025-05-02
EMP05056,47595.85,1822.92,D020,Primary school teacher,2023-08-30
EMP05057,101528.44,14832.14,D020,Arts development officer,2024-05-19
EMP05058,176213.38,23865.27,D006,Systems analyst,2024-06-16
EMP05059,138057.28,19420.64,D013,TEFL teacher,2026-02-23
EMP05060,68103.78,2118.15,D002,Retail buyer,2025-04-02
EMP05061,120626.46,13552.18,D017,Product/process development scientist,2024-03-30
EMP05062,92285.44,2553.42,D012,"Engineer, materials",2024-06-28
EMP05063,88199.87,6238.19,D009,"Buyer, retail",2023-08-16
EMP05064,116855.25,23079.24,D013,Research scientist (medical),2024-08-23
EMP05065,93296.74,11906.53,D019,"Administrator, education",2024-05-02
EMP05066,109331.7,16988.76,D020,Therapeutic radiographer,2025-09-19
EMP05067,89673.23,15313.39,D008,Retail banker,2023-09-13
EMP05068,91684.13,2482.12,D004,Commercial art gallery manager,2025-03-28
EMP05069,73271.1,8758.47,D003,Occupational therapist,2023-11-05
EMP05070,144123.66,21827.98,D004,Optometrist,2024-12-19
EMP05071,156024.57,4138.76,D001,"Social research officer, government",2023-08-08
EMP05072,135765.96,21820.61,D005,"Surveyor, mining",2024-03-18
EMP05073,115606.98,14344.21,D020,"Civil engineer, contracting",2024-08-04
EMP05074,103571.07,4616.79,D018,Environmental health practitioner,2023-09-24
EMP05075,140912.51,11470.79,D006,Adult nurse,2026-03-01
EMP05076,78506.68,4287.48,D009,Event organiser,2026-05-28
EMP05077,72571.0,3829.47,D008,Sports administrator,2025-04-24
EMP05078,150214.11,6246.52,D005,Hospital pharmacist,2026-06-04
EMP05079,126660.25,2093.67,D018,Museum education officer,2025-05-30
EMP05080,118321.93,20879.55,D006,Toxicologist,2024-03-16
EMP05081,135392.57,19327.77,D020,Clinical embryologist,2024-07-26
EMP05082,62428.5,2814.52,D003,Education administrator,2024-08-17
EMP05083,151393.74,6681.17,D012,Stage manager,2023-11-06
EMP05084,110054.44,18241.74,D002,Chief Operating Officer,2025-04-29
EMP05085,93865.71,102.07,D015,Medical sales representative,2024-07-24
EMP05086,127959.5,9911.04,D013,Audiological scientist,2024-09-14
EMP05087,117366.36,18678.07,D002,Chiropractor,2024-05-17
EMP05088,124953.63,2595.11,D019,Museum/gallery curator,2023-11-27
EMP05089,120139.29,5501.59,D003,Forensic psychologist,2024-08-14
EMP05090,109054.0,1097.68,D011,"Journalist, magazine",2025-05-02
EMP05091,102575.16,16418.05,D014,Games developer,2024-01-20
EMP05092,86818.57,12118.9,D001,Osteopath,2024-05-23
EMP05093,129769.21,16149.86,D017,Musician,2026-07-04
EMP05094,81786.45,5331.68,D020,"Designer, exhibition/display",2026-06-05
EMP05095,153874.7,25790.79,D003,Merchant navy officer,2025-06-04
EMP05096,124889.05,20297.2,D018,Print production planner,2025-07-25
EMP05097,116728.24,2527.81,D009,Exhibition designer,2024-05-15
EMP05098,102838.06,7239.53,D001,Clinical research associate,2025-01-14
EMP05099,112551.72,4993.06,D008,"Designer, fashion/clothing",2023-12-18
EMP05100,161675.72,6186.45,D012,Magazine journalist,2025-10-24
EMP05101,106290.4,8404.48,D008,English as a foreign language teacher,2024-07-25
EMP05102,111747.67,8095.78,D020,"Pharmacist, community",2025-10-18
EMP05103,115096.31,1107.24,D004,Clinical cytogeneticist,2026-01-22
EMP05104,140740.99,21533.52,D005,Conference centre manager,2025-07-18
EMP05105,122867.46,14098.65,D017,Prison officer,2024-09-15
EMP05106,134261.56,23286.57,D009,Operational researcher,2023-08-26
EMP05107,119442.31,12312.03,D005,"Therapist, horticultural",2024-08-23
EMP05108,108021.52,385.0,D003,"Restaurant manager, fast food",2025-12-13
EMP05109,108098.16,18874.93,D007,Production manager,2025-07-09
EMP05110,122679.22,15059.38,D002,Nutritional therapist,2024-04-17
EMP05111,126125.61,14929.08,D002,Drilling engineer,2026-03-25
EMP05112,116033.88,8221.09,D003,"Designer, television/film set",2026-01-26
EMP05113,114028.27,22185.2,D002,Television/film/video producer,2024-12-19
EMP05114,87798.86,3896.04,D016,Marine scientist,2025-07-26
EMP05115,113267.17,16026.34,D010,Research scientist (physical sciences),2025-06-04
EMP05116,106601.23,969.56,D007,Television/film/video producer,2026-01-15
EMP05117,96128.22,9908.05,D011,Insurance broker,2026-06-27
EMP05118,90000.75,5127.02,D004,Records manager,2023-08-25
EMP05119,125658.34,16602.4,D001,Health service manager,2023-11-29
EMP05120,97852.58,9666.62,D001,Medical physicist,2026-07-05
EMP05121,126713.32,521.53,D018,Applications developer,2026-06-17
EMP05122,156884.48,12941.16,D008,"Surveyor, building control",2024-01-12
EMP05123,128528.44,1029.03,D003,Best boy,2026-04-06
EMP05124,123055.43,14614.98,D009,"Surveyor, rural practice",2026-04-02
EMP05125,120590.44,448.47,D011,Risk analyst,2023-11-05
EMP05126,131578.87,21342.07,D011,Warehouse manager,2024-09-26
EMP05127,140076.64,7938.77,D010,Production engineer,2025-07-10
EMP05128,137831.32,24600.55,D008,Communications engineer,2025-05-16
EMP05129,116654.95,3523.26,D007,"Psychologist, prison and probation services",2025-04-15
EMP05130,114062.55,1686.8,D018,Exhibition designer,2024-08-09
EMP05131,111354.05,6813.9,D009,English as a second language teacher,2026-03-29
EMP05132,146254.46,9795.41,D004,Chartered public finance accountant,2024-05-23
EMP05133,82810.74,16492.91,D015,Legal secretary,2024-08-19
EMP05134,43085.85,1019.18,D015,Research scientist (life sciences),2025-07-10
EMP05135,135822.97,19271.86,D019,Chief Marketing Officer,2024-05-10
EMP05136,141166.82,26982.94,D013,Photographer,2024-01-30
EMP05137,97805.54,1257.11,D004,Animator,2025-04-25
EMP05138,122044.13,13960.25,D017,Health physicist,2025-01-12
EMP05139,86948.98,1724.06,D009,Drilling engineer,2025-08-12
EMP05140,111832.96,3354.99,D020,Museum/gallery exhibitions officer,2024-06-14
EMP05141,108412.8,180.01,D005,Charity fundraiser,2025-05-07
EMP05142,123906.92,12971.03,D016,Geochemist,2024-10-22
EMP05143,93972.82,5876.62,D014,Forensic psychologist,2025-06-10
EMP05144,98749.55,15151.6,D002,Product/process development scientist,2024-03-06
EMP05145,110618.43,14466.96,D009,Chartered loss adjuster,2024-06-25
EMP05146,125201.73,9951.02,D020,Pensions consultant,2025-04-06
EMP05147,101258.69,8465.98,D006,Learning mentor,2026-02-07
EMP05148,82459.74,5620.07,D019,Animator,2026-02-10
EMP05149,141706.3,18551.39,D011,Geochemist,2023-09-04
EMP05150,125791.19,5875.26,D013,Garment/textile technologist,2025-02-12
EMP05151,140464.92,3688.62,D005,Civil Service fast streamer,2024-08-06
EMP05152,125049.16,20897.9,D009,Merchant navy officer,2024-11-12
EMP05153,85911.14,5188.16,D017,Electrical engineer,2026-02-23
EMP05154,135265.93,14120.96,D013,Planning and development surveyor,2025-02-11
EMP05155,138736.47,3269.36,D006,Games developer,2024-07-08
EMP05156,146852.22,2674.73,D007,Herpetologist,2024-08-03
EMP05157,105333.03,6730.17,D018,Location manager,2025-09-04
EMP05158,138007.56,21315.45,D010,"Restaurant manager, fast food",2024-03-05
EMP05159,143143.8,14237.41,D004,Customer service manager,2025-09-15
EMP05160,131528.23,16879.21,D018,Tour manager,2025-04-10
EMP05161,88325.37,5245.32,D008,Patent examiner,2024-11-28
EMP05162,131213.67,777.4,D013,"Therapist, occupational",2026-01-06
EMP05163,127954.01,601.68,D006,Higher education lecturer,2025-12-23
EMP05164,93774.85,7605.45,D019,"Merchandiser, retail",2026-04-02
EMP05165,127455.19,11360.99,D016,Furniture designer,2025-01-29
EMP05166,92444.61,2254.6,D006,Chartered legal executive (England and Wales),2023-12-30
EMP05167,91846.4,2204.2,D010,"Teacher, secondary school",2025-03-14
EMP05168,82758.73,6674.24,D015,Colour technologist,2026-02-26
EMP05169,104937.95,15681.04,D012,English as a foreign language teacher,2026-04-15
EMP05170,86879.96,10918.18,D010,"Psychologist, educational",2024-05-16
EMP05171,107189.6,20753.04,D008,"Surveyor, insurance",2025-05-12
EMP05172,97758.52,7815.81,D008,Armed forces operational officer,2023-10-24
EMP05173,111638.66,13352.28,D011,Forest/woodland manager,2026-04-24
EMP05174,145192.36,4024.19,D005,"Therapist, nutritional",2026-01-05
EMP05175,146158.28,10380.89,D005,Risk manager,2026-01-13
EMP05176,56437.39,6282.93,D019,Radio producer,2024-09-15
EMP05177,41239.27,2889.21,D009,Phytotherapist,2025-06-19
EMP05178,103895.18,1381.62,D006,Control and instrumentation engineer,2024-07-08
EMP05179,163824.68,19794.46,D020,Advertising art director,2025-01-25
EMP05180,117325.04,4673.84,D012,Toxicologist,2024-08-20
EMP05181,129727.15,9212.77,D013,Energy engineer,2025-03-10
EMP05182,83137.8,2091.24,D018,Sports development officer,2024-05-28
EMP05183,140657.42,24822.86,D008,"Engineer, agricultural",2024-10-21
EMP05184,108151.11,438.63,D001,"Producer, radio",2025-12-19
EMP05185,102817.65,5229.64,D019,Fine artist,2024-02-17
EMP05186,89219.26,9285.73,D009,"Therapist, music",2025-08-03
EMP05187,120862.16,636.18,D009,"Nurse, children's",2025-05-28
EMP05188,124412.02,9859.26,D017,"Journalist, magazine",2024-04-02
EMP05189,109673.1,15696.13,D018,"Development worker, international aid",2024-01-06
EMP05190,93817.18,1531.64,D008,Insurance underwriter,2025-05-23
EMP05191,147388.26,24613.79,D016,Early years teacher,2024-04-03
EMP05192,137968.7,19625.26,D008,Public relations officer,2025-12-30
EMP05193,102850.29,18228.39,D004,Pension scheme manager,2025-01-06
EMP05194,140841.94,20754.84,D004,"Accountant, chartered",2026-06-14
EMP05195,145553.67,6337.92,D010,"Radiographer, diagnostic",2025-09-11
EMP05196,139324.44,6648.66,D018,Herbalist,2025-06-12
EMP05197,114074.05,16973.55,D007,Community arts worker,2023-09-23
EMP05198,103851.25,9185.72,D013,Insurance risk surveyor,2024-02-26
EMP05199,113297.77,20643.0,D018,Press sub,2026-07-24
EMP05200,112823.02,19973.58,D019,Games developer,2025-07-18
EMP05201,40000.0,1987.43,D018,Geophysicist/field seismologist,2026-03-22
EMP05202,117091.16,16595.38,D002,"Accountant, chartered certified",2024-09-16
EMP05203,92174.91,17733.01,D001,"Doctor, hospital",2024-03-10
EMP05204,103005.03,11974.64,D020,"Presenter, broadcasting",2025-06-05
EMP05205,89685.6,13514.43,D004,Community pharmacist,2025-01-24
EMP05206,121417.06,19251.98,D012,Energy manager,2024-01-17
EMP05207,126887.3,8217.36,D002,Management consultant,2026-03-17
EMP05208,94055.5,14789.01,D015,"Engineer, aeronautical",2026-01-07
EMP05209,64044.8,4338.15,D019,Heritage manager,2025-10-24
EMP05210,120832.96,23247.76,D001,"Designer, fashion/clothing",2025-04-16
EMP05211,72814.41,3908.24,D013,"Journalist, magazine",2023-10-22
EMP05212,66113.7,12675.81,D011,Manufacturing engineer,2025-12-23
EMP05213,105975.02,15445.18,D006,Licensed conveyancer,2024-11-29
EMP05214,135019.72,2780.81,D008,Musician,2024-10-28
EMP05215,110077.25,20491.93,D010,Chartered legal executive (England and Wales),2024-01-30
EMP05216,114093.92,5200.09,D003,"Surveyor, hydrographic",2026-07-06
EMP05217,82600.58,13217.99,D003,"Engineer, civil (consulting)",2025-02-22
EMP05218,150502.48,15097.93,D008,Customer service manager,2026-08-04
EMP05219,129834.55,13021.11,D009,Planning and development surveyor,2026-05-21
EMP05220,114697.42,8771.6,D006,"Designer, ceramics/pottery",2025-08-08
EMP05221,86104.78,1850.09,D015,Chartered management accountant,2026-05-11
EMP05222,78946.3,9532.02,D001,"Engineer, maintenance (IT)",2024-04-28
EMP05223,112136.41,9627.85,D019,"Social research officer, government",2024-08-26
EMP05224,140503.44,8620.57,D011,Freight forwarder,2025-03-12
EMP05225,117426.34,6803.67,D006,Community education officer,2024-08-27
EMP05226,89042.98,14112.73,D012,Media buyer,2024-12-29
EMP05227,89623.22,17753.81,D005,Local government officer,2024-04-22
EMP05228,115387.07,6161.9,D006,"Buyer, industrial",2023-10-08
EMP05229,104992.65,6906.97,D019,Acupuncturist,2026-04-14
EMP05230,96376.41,7404.26,D015,Teaching laboratory technician,2024-01-11
EMP05231,99472.77,3865.2,D001,Management consultant,2025-07-10
EMP05232,84969.42,15724.74,D009,Government social research officer,2023-09-05
EMP05233,100512.42,16947.23,D014,Consulting civil engineer,2023-11-19
EMP05234,70578.18,10726.85,D016,Medical illustrator,2024-12-04
EMP05235,105425.62,20734.86,D017,Counsellor,2025-08-02
EMP05236,126221.81,16592.63,D012,Quarry manager,2024-10-30
EMP05237,136387.1,19060.93,D018,"Librarian, academic",2025-04-05
EMP05238,84250.0,6811.36,D015,Accounting technician,2025-12-10
EMP05239,119463.44,8590.43,D003,Mental health nurse,2026-03-13
EMP05240,105647.01,18979.21,D008,Operational investment banker,2025-01-01
EMP05241,130962.2,9702.09,D008,Special educational needs teacher,2024-06-23
EMP05242,83379.41,9309.72,D011,Retail manager,2024-02-24
EMP05243,121488.28,22375.88,D002,Biomedical engineer,2026-02-12
EMP05244,43271.49,708.61,D015,"Sales professional, IT",2024-05-15
EMP05245,133236.31,15088.67,D016,Graphic designer,2025-06-11
EMP05246,139728.06,5496.09,D011,Secondary school teacher,2025-12-29
EMP05247,112321.97,10600.73,D004,Drilling engineer,2024-03-01
EMP05248,90562.01,11734.42,D008,"Administrator, Civil Service",2024-08-22
EMP05249,124295.8,11185.32,D005,Print production planner,2024-10-06
EMP05250,117481.34,15137.43,D015,"Designer, graphic",2024-02-22
EMP05251,138686.75,22643.9,D020,Public affairs consultant,2023-12-10
EMP05252,163991.07,17167.71,D002,Building surveyor,2025-07-23
EMP05253,113150.95,999.15,D018,Dentist,2025-11-06
EMP05254,93358.42,13540.63,D007,"Nurse, adult",2024-06-01
EMP05255,101664.15,19369.48,D001,Emergency planning/management officer,2026-07-31
EMP05256,94626.19,17347.95,D005,"Engineer, land",2026-05-17
EMP05257,142786.67,61.99,D007,Information systems manager,2024-01-16
EMP05258,103066.3,8100.63,D013,Amenity horticulturist,2023-09-05
EMP05259,138253.78,18372.95,D019,Educational psychologist,2025-06-09
EMP05260,102694.14,9040.65,D015,Water engineer,2026-03-16
EMP05261,86585.4,10704.93,D013,"Engineer, mining",2024-02-10
EMP05262,103690.83,2243.44,D003,Records manager,2025-05-06
EMP05263,103869.44,6583.72,D007,Senior tax professional/tax inspector,2023-12-15
EMP05264,91318.68,5850.62,D013,Civil Service fast streamer,2026-05-14
EMP05265,141303.76,21152.64,D018,Fish farm manager,2024-05-19
EMP05266,118766.77,9463.39,D017,"Designer, blown glass/stained glass",2025-09-03
EMP05267,92811.78,5127.76,D012,Optometrist,2024-06-19
EMP05268,90636.39,13034.77,D017,"Psychotherapist, dance movement",2025-05-13
EMP05269,115050.78,5721.62,D004,"Designer, interior/spatial",2023-10-16
EMP05270,143960.37,20265.69,D019,Production engineer,2025-12-06
EMP05271,108769.4,3341.25,D005,Firefighter,2023-10-31
EMP05272,146358.7,27825.76,D003,Financial planner,2023-08-22
EMP05273,80529.22,6961.09,D011,"Designer, fashion/clothing",2025-03-05
EMP05274,125508.55,12640.81,D015,Outdoor activities/education manager,2024-04-24
EMP05275,108830.19,20296.9,D013,Comptroller,2025-08-13
EMP05276,75466.99,5654.93,D003,"Production assistant, radio",2025-11-15
EMP05277,71007.0,11548.89,D010,Product manager,2025-05-02
EMP05278,93737.57,810.39,D003,"Pilot, airline",2026-05-11
EMP05279,107056.27,6935.93,D014,Print production planner,2024-08-13
EMP05280,117547.89,20909.36,D004,"Horticulturist, amenity",2024-06-07
EMP05281,111266.48,11258.05,D019,Politician's assistant,2024-03-20
EMP05282,92212.39,1334.19,D019,Volunteer coordinator,2024-07-25
EMP05283,110304.65,9787.24,D005,Legal executive,2023-09-02
EMP05284,53803.35,2929.01,D003,Risk manager,2025-12-20
EMP05285,133950.59,9323.56,D019,Rural practice surveyor,2026-01-18
EMP05286,123264.93,12989.97,D003,Community pharmacist,2025-05-26
EMP05287,107244.25,6663.27,D006,Telecommunications researcher,2024-11-11
EMP05288,119667.21,9899.6,D018,"Horticulturist, commercial",2026-07-02
EMP05289,156578.77,14578.11,D001,Musician,2025-03-29
EMP05290,49337.62,9138.88,D006,Soil scientist,2024-03-10
EMP05291,58081.66,5112.84,D010,Product manager,2024-08-19
EMP05292,88477.75,591.8,D006,"Programmer, systems",2026-01-13
EMP05293,82667.83,11054.98,D019,Hospital pharmacist,2025-01-22
EMP05294,76456.13,4370.3,D015,Television production assistant,2024-07-30
EMP05295,89976.23,15909.8,D002,Dentist,2025-05-13
EMP05296,122442.12,22058.9,D003,"Teacher, special educational needs",2025-02-15
EMP05297,77637.42,12242.15,D012,Horticultural consultant,2025-06-23
EMP05298,86258.89,16783.54,D013,"Geologist, wellsite",2024-05-19
EMP05299,162927.85,28194.61,D007,Training and development officer,2025-07-11
EMP05300,107831.37,20346.34,D001,Tree surgeon,2024-12-15
EMP05301,90714.94,10813.12,D011,"Engineer, biomedical",2024-02-26
EMP05302,108140.24,16550.6,D020,"Buyer, industrial",2024-07-09
EMP05303,155827.04,9638.56,D005,"Engineer, drilling",2025-06-01
EMP05304,101032.5,15357.14,D003,Pensions consultant,2026-05-02
EMP05305,75413.85,6081.04,D014,Records manager,2025-08-14
EMP05306,142064.42,26706.23,D013,Logistics and distribution manager,2024-05-12
EMP05307,102824.38,16556.3,D014,"Research officer, trade union",2025-03-28
EMP05308,85621.64,10671.5,D002,"Designer, graphic",2025-11-22
EMP05309,129465.51,14824.83,D006,Operational researcher,2026-05-01
EMP05310,98378.08,1121.96,D004,Osteopath,2023-09-27
EMP05311,115961.24,9605.89,D011,Retail merchandiser,2025-11-02
EMP05312,119908.76,13685.74,D002,Gaffer,2024-11-03
EMP05313,101982.58,12495.03,D016,Trade mark attorney,2024-12-07
EMP05314,68314.52,2979.35,D001,"Accountant, chartered management",2025-04-15
EMP05315,108932.19,20384.58,D017,Lawyer,2024-06-22
EMP05316,117192.93,18117.49,D016,Event organiser,2024-04-16
EMP05317,52705.05,9814.9,D018,Ophthalmologist,2023-10-03
EMP05318,122877.04,5630.88,D014,"Pharmacist, hospital",2024-01-21
EMP05319,93625.73,4419.83,D016,Print production planner,2024-10-06
EMP05320,118895.41,7399.4,D016,Retail banker,2025-03-30
EMP05321,101360.48,19533.7,D007,"Engineer, manufacturing systems",2025-10-26
EMP05322,110395.28,14395.37,D001,"Embryologist, clinical",2023-09-16
EMP05323,113649.53,17006.76,D012,Ambulance person,2025-05-26
EMP05324,185976.61,22714.53,D004,"Engineer, aeronautical",2024-07-11
EMP05325,137330.18,7741.55,D006,Call centre manager,2024-07-08
EMP05326,122981.22,23716.58,D016,Occupational psychologist,2024-10-14
EMP05327,133639.85,15781.66,D019,Community pharmacist,2026-05-09
EMP05328,89629.29,3147.41,D018,"Engineer, maintenance",2026-03-30
EMP05329,120298.98,15328.97,D020,Clinical biochemist,2026-02-07
EMP05330,86336.1,10180.62,D020,Radio broadcast assistant,2023-08-08
EMP05331,86297.85,1370.9,D015,"Production assistant, television",2024-11-24
EMP05332,99838.03,1754.25,D016,"Therapist, speech and language",2026-01-29
EMP05333,54336.69,6895.37,D013,"Administrator, local government",2023-11-15
EMP05334,98414.56,15280.27,D012,Licensed conveyancer,2025-02-14
EMP05335,94256.82,17486.25,D014,Financial planner,2026-07-28
EMP05336,116741.28,18178.01,D009,Immigration officer,2025-10-26
EMP05337,81538.23,10379.05,D002,Architectural technologist,2025-10-05
EMP05338,60564.63,464.3,D005,"Engineer, maintenance (IT)",2025-12-15
EMP05339,106428.71,16146.66,D014,"Surveyor, building",2025-11-01
EMP05340,108664.83,6973.81,D007,"Social research officer, government",2026-05-11
EMP05341,113114.98,20419.38,D019,Environmental consultant,2024-04-18
EMP05342,139308.9,24900.83,D003,Energy engineer,2024-05-15
EMP05343,135661.84,5529.22,D004,"Engineer, communications",2025-10-16
EMP05344,122875.37,356.95,D018,"Civil engineer, consulting",2023-11-06
EMP05345,87249.17,1095.18,D004,"Investment banker, operational",2024-12-02
EMP05346,114393.92,3289.11,D018,Chief Operating Officer,2023-12-11
EMP05347,94651.08,14719.65,D006,Science writer,2025-06-11
EMP05348,88216.73,14601.15,D005,"Administrator, sports",2025-12-02
EMP05349,139550.47,11181.9,D010,Civil Service fast streamer,2025-11-03
EMP05350,143454.1,19680.6,D011,Occupational therapist,2023-10-22
EMP05351,128730.05,21973.22,D011,Operational researcher,2024-06-15
EMP05352,150140.16,63.04,D007,Health service manager,2023-10-14
EMP05353,42319.04,7412.15,D016,"Sound technician, broadcasting/film/video",2025-02-06
EMP05354,115006.03,12745.88,D009,"Administrator, arts",2024-05-23
EMP05355,88990.64,5873.03,D012,"Designer, industrial/product",2025-07-04
EMP05356,146175.72,7505.02,D020,Fisheries officer,2024-05-20
EMP05357,62988.61,7935.55,D011,Pharmacologist,2026-05-30
EMP05358,61877.55,3118.48,D020,Control and instrumentation engineer,2023-12-29
EMP05359,85041.87,13567.92,D013,Soil scientist,2026-02-03
EMP05360,105397.79,15819.99,D004,Barrister,2024-02-15
EMP05361,97791.39,18542.53,D016,Communications engineer,2023-12-07
EMP05362,124772.25,15266.4,D020,"Therapist, speech and language",2023-10-06
EMP05363,84100.79,12879.03,D015,Environmental education officer,2023-08-22
EMP05364,79824.93,11613.34,D004,"Restaurant manager, fast food",2025-10-16
EMP05365,64411.84,461.69,D001,Seismic interpreter,2025-12-01
EMP05366,83596.39,1890.35,D008,Volunteer coordinator,2024-07-08
EMP05367,109789.4,14487.13,D017,Medical secretary,2025-07-17
EMP05368,86406.68,9000.11,D013,"Engineer, biomedical",2025-06-22
EMP05369,48037.87,4057.07,D014,Building surveyor,2023-10-10
EMP05370,81552.38,1025.26,D016,Clinical molecular geneticist,2026-03-13
EMP05371,139935.48,15825.36,D020,Manufacturing systems engineer,2024-05-29
EMP05372,121705.79,5265.3,D004,Health and safety adviser,2026-03-06
EMP05373,59343.39,3833.87,D001,Financial adviser,2023-08-09
EMP05374,51330.92,4572.44,D008,"Surveyor, quantity",2025-04-26
EMP05375,117333.52,9793.4,D016,Radio broadcast assistant,2025-03-31
EMP05376,89383.73,12525.06,D018,Sport and exercise psychologist,2023-12-05
EMP05377,81944.87,844.63,D011,Chief Marketing Officer,2025-01-05
EMP05378,123032.21,3819.91,D017,Media buyer,2024-04-08
EMP05379,108937.01,18494.08,D015,Radio producer,2026-02-18
EMP05380,80768.87,1414.96,D010,Financial trader,2024-01-22
EMP05381,118469.28,16113.98,D002,Gaffer,2026-05-09
EMP05382,124039.32,23472.94,D005,Chartered legal executive (England and Wales),2025-03-26
EMP05383,105453.37,9521.57,D004,"Investment banker, corporate",2024-06-07
EMP05384,133590.06,6338.52,D005,TEFL teacher,2024-12-12
EMP05385,95334.55,11439.08,D018,Chartered accountant,2023-08-24
EMP05386,100898.69,15044.43,D014,Advertising copywriter,2025-10-09
EMP05387,97422.43,13380.57,D012,Multimedia programmer,2023-12-11
EMP05388,153244.27,23754.46,D017,Physiological scientist,2025-08-01
EMP05389,103147.33,15666.36,D004,"Administrator, charities/voluntary organisations",2025-05-21
EMP05390,131735.22,13558.17,D019,"Restaurant manager, fast food",2023-09-28
EMP05391,106510.0,6032.45,D013,Petroleum engineer,2023-08-07
EMP05392,108545.66,17895.04,D001,"Education officer, museum",2024-06-12
EMP05393,154931.85,7908.64,D013,Fashion designer,2024-04-28
EMP05394,65953.67,12817.03,D009,Museum/gallery conservator,2024-12-18
EMP05395,128477.45,9087.98,D016,Manufacturing engineer,2026-07-07
EMP05396,129261.41,14468.19,D017,Best boy,2025-01-01
EMP05397,118032.84,1304.53,D020,Horticultural consultant,2025-07-31
EMP05398,94036.82,15593.98,D010,Occupational psychologist,2024-01-18
EMP05399,82975.09,16451.2,D006,Applications developer,2024-08-04
EMP05400,79511.19,1544.81,D006,Counsellor,2026-06-10
EMP05401,105710.66,18609.98,D001,Paediatric nurse,2024-11-10
EMP05402,86678.42,13134.3,D014,Ecologist,2025-10-03
EMP05403,80697.53,6518.77,D003,Customer service manager,2024-04-02
EMP05404,115695.68,22376.24,D004,Insurance risk surveyor,2024-07-12
EMP05405,133114.01,13936.92,D010,"Research officer, trade union",2024-08-20
EMP05406,119252.5,19274.97,D001,Sub,2024-10-17
EMP05407,76073.71,1802.47,D003,Trade union research officer,2024-06-26
EMP05408,110625.94,7572.52,D017,"Conservator, museum/gallery",2024-05-20
EMP05409,127433.14,5801.04,D018,Dance movement psychotherapist,2023-11-09
EMP05410,92724.92,13083.75,D017,Legal secretary,2024-08-29
EMP05411,142379.25,19114.0,D006,Civil Service fast streamer,2025-02-05
EMP05412,117443.13,8236.35,D002,Statistician,2024-08-28
EMP05413,158450.55,25578.83,D016,Dancer,2024-01-11
EMP05414,140913.72,17177.54,D011,Physiological scientist,2025-01-16
EMP05415,106877.02,13090.87,D012,Child psychotherapist,2025-09-10
EMP05416,101145.03,19611.26,D018,Financial risk analyst,2024-01-09
EMP05417,112804.66,8680.17,D004,Leisure centre manager,2024-03-04
EMP05418,110694.56,5276.93,D016,Armed forces logistics/support/administrative officer,2025-05-18
EMP05419,77805.92,1221.36,D004,Pathologist,2026-02-06
EMP05420,111972.31,19851.36,D015,Comptroller,2026-06-21
EMP05421,55544.58,6989.66,D010,Bookseller,2024-10-04
EMP05422,132474.06,532.96,D003,Best boy,2023-08-25
EMP05423,155619.87,6113.54,D014,Senior tax professional/tax inspector,2025-06-12
EMP05424,101467.72,13214.59,D009,Horticultural consultant,2026-04-07
EMP05425,109694.21,10928.76,D001,Amenity horticulturist,2023-12-19
EMP05426,124257.01,16652.69,D020,Careers adviser,2026-07-11
EMP05427,97249.25,7795.34,D004,IT trainer,2025-03-23
EMP05428,101385.23,1971.71,D009,Quantity surveyor,2025-03-02
EMP05429,81961.63,2562.29,D005,Visual merchandiser,2025-03-18
EMP05430,85111.2,11562.19,D012,Television camera operator,2024-12-04
EMP05431,84300.57,10592.39,D015,Research scientist (maths),2025-03-05
EMP05432,108039.47,3999.88,D019,Adult nurse,2026-06-27
EMP05433,123870.7,13400.66,D005,Nutritional therapist,2026-08-01
EMP05434,81478.27,9374.15,D020,Copy,2023-08-10
EMP05435,102143.92,1184.48,D001,Volunteer coordinator,2024-03-14
EMP05436,130404.52,24278.52,D007,"Scientist, research (physical sciences)",2024-12-01
EMP05437,91184.64,14878.42,D014,Bonds trader,2025-01-12
EMP05438,103850.46,2148.3,D006,Applications developer,2026-07-25
EMP05439,124510.62,18817.69,D007,"Surveyor, rural practice",2024-09-13
EMP05440,80588.11,4720.62,D017,Veterinary surgeon,2025-01-19
EMP05441,123418.64,1685.85,D012,Purchasing manager,2025-10-28
EMP05442,61856.59,1011.31,D015,Manufacturing systems engineer,2024-03-05
EMP05443,120240.97,383.62,D016,Educational psychologist,2025-08-15
EMP05444,141132.73,27604.3,D005,"Pharmacist, hospital",2023-09-13
EMP05445,80429.91,14133.67,D004,Set designer,2026-04-18
EMP05446,121843.98,15307.17,D009,Occupational hygienist,2024-05-22
EMP05447,124589.0,7094.24,D007,Personal assistant,2025-02-01
EMP05448,88547.74,3120.92,D009,Minerals surveyor,2023-08-25
EMP05449,101644.48,18361.79,D017,Artist,2024-10-31
EMP05450,127535.0,16526.1,D003,"Social research officer, government",2024-07-24
EMP05451,115347.02,12999.74,D018,"Engineer, site",2025-03-08
EMP05452,122402.25,20853.01,D002,Personal assistant,2024-05-22
EMP05453,81516.53,3342.63,D003,Sub,2023-09-13
EMP05454,173926.82,11791.94,D016,Chief Financial Officer,2025-12-24
EMP05455,73445.69,6420.58,D001,"Nurse, adult",2025-02-22
EMP05456,104571.46,2094.01,D019,"Surveyor, hydrographic",2024-09-03
EMP05457,146389.64,21577.94,D009,"Development worker, community",2025-04-21
EMP05458,113821.33,4840.75,D014,Clothing/textile technologist,2026-06-22
EMP05459,80522.22,5855.66,D006,Horticultural therapist,2023-10-15
EMP05460,109329.7,9368.01,D006,Architectural technologist,2025-02-28
EMP05461,105174.75,4074.12,D011,Probation officer,2023-09-27
EMP05462,111861.03,9762.05,D008,Equities trader,2025-02-17
EMP05463,129974.89,4953.26,D012,Public affairs consultant,2025-06-13
EMP05464,123382.08,6033.07,D010,"Engineer, building services",2025-08-20
EMP05465,146630.67,8616.48,D010,Audiological scientist,2025-11-17
EMP05466,96592.15,8726.47,D002,Secondary school teacher,2025-02-26
EMP05467,87110.22,10877.51,D005,Professor Emeritus,2026-02-12
EMP05468,117609.43,21451.92,D013,Charity fundraiser,2024-07-02
EMP05469,54280.38,6001.17,D003,Health visitor,2023-11-19
EMP05470,129018.09,762.79,D014,"Engineer, civil (consulting)",2024-02-06
EMP05471,90653.04,1693.34,D015,Technical sales engineer,2024-03-23
EMP05472,126635.6,9288.49,D010,Adult nurse,2025-08-25
EMP05473,89350.37,3208.3,D002,"Engineer, broadcasting (operations)",2024-11-08
EMP05474,142621.55,2844.72,D013,Water engineer,2026-05-07
EMP05475,95959.9,9262.17,D006,Administrator,2026-05-24
EMP05476,119177.16,19684.58,D004,Toxicologist,2025-03-29
EMP05477,71329.35,9318.06,D013,"Designer, fashion/clothing",2023-10-30
EMP05478,146556.33,13526.21,D007,Agricultural engineer,2025-08-16
EMP05479,92297.32,11733.37,D016,Associate Professor,2025-12-29
EMP05480,123507.59,15607.87,D006,Licensed conveyancer,2026-03-02
EMP05481,153906.65,14486.73,D001,"Nurse, adult",2023-09-20
EMP05482,92739.81,17419.17,D015,"Editor, film/video",2026-03-09
EMP05483,117402.67,17442.11,D013,Occupational therapist,2024-09-09
EMP05484,130788.76,1784.38,D011,Archaeologist,2026-06-30
EMP05485,97346.5,7527.75,D014,Race relations officer,2025-05-05
EMP05486,64871.57,3738.65,D003,Actor,2024-11-14
EMP05487,151095.79,24615.4,D019,"Editor, film/video",2025-07-26
EMP05488,98356.55,18233.69,D015,Higher education careers adviser,2025-06-19
EMP05489,79552.39,1970.32,D005,"Research officer, government",2026-05-18
EMP05490,95874.03,19165.18,D012,Higher education lecturer,2025-12-22
EMP05491,92225.29,1059.61,D007,Scientific laboratory technician,2026-05-21
EMP05492,102162.78,5568.22,D004,"Journalist, newspaper",2023-08-11
EMP05493,137629.51,10127.69,D002,"Production assistant, radio",2024-07-17
EMP05494,88961.91,10439.93,D012,Youth worker,2024-04-16
EMP05495,108950.99,3865.25,D009,"Scientist, research (medical)",2026-03-13
EMP05496,80497.01,12412.94,D001,Social researcher,2025-01-09
EMP05497,106063.55,15145.72,D004,Senior tax professional/tax inspector,2024-03-20
EMP05498,138931.49,15197.2,D002,Warden/ranger,2025-12-31
EMP05499,98560.75,4731.67,D001,Dramatherapist,2024-11-08
EMP05500,139243.62,1674.56,D005,Biomedical scientist,2025-10-01
EMP05501,106618.8,3001.07,D003,Exercise physiologist,2024-07-25
EMP05502,132279.55,21013.66,D012,Dispensing optician,2025-03-31
EMP05503,100367.21,3172.11,D009,"Psychologist, clinical",2024-06-11
EMP05504,111584.62,2171.23,D007,Estate agent,2026-04-02
EMP05505,65115.46,1553.43,D016,Site engineer,2026-01-05
EMP05506,88870.44,17248.47,D009,Commercial/residential surveyor,2025-08-19
EMP05507,81729.0,14978.76,D008,Lawyer,2024-02-17
EMP05508,135369.19,25504.76,D009,Ecologist,2023-10-05
EMP05509,143243.59,5858.47,D005,"Designer, ceramics/pottery",2025-06-14
EMP05510,126395.74,13160.33,D018,"Therapist, occupational",2023-10-25
EMP05511,143921.61,24539.94,D018,"Engineer, maintenance (IT)",2026-08-04
EMP05512,92332.25,16236.44,D012,Early years teacher,2025-03-11
EMP05513,110652.97,1167.79,D007,Control and instrumentation engineer,2024-04-30
EMP05514,81005.3,10062.09,D015,"Teacher, special educational needs",2024-10-11
EMP05515,92996.14,13062.74,D014,Professor Emeritus,2025-07-03
EMP05516,146133.85,25464.82,D002,Ecologist,2025-03-01
EMP05517,87145.29,4120.53,D005,Land,2024-10-06
EMP05518,43312.08,6625.17,D008,Furniture conservator/restorer,2025-05-05
EMP05519,79048.82,6021.89,D001,Applications developer,2024-08-16
EMP05520,70765.07,9982.56,D017,Clinical research associate,2024-04-30
EMP05521,136388.26,24527.57,D011,Housing manager/officer,2024-05-05
EMP05522,60635.49,3502.03,D010,"Therapist, drama",2026-06-13
EMP05523,101052.29,4638.63,D017,Fish farm manager,2025-02-05
EMP05524,162265.56,12812.59,D002,Statistician,2023-11-29
EMP05525,131789.4,26101.53,D016,Hotel manager,2025-07-22
EMP05526,110460.34,9959.03,D002,Recruitment consultant,2026-06-21
EMP05527,128647.55,15114.78,D013,Mental health nurse,2025-02-03
EMP05528,135202.47,13966.42,D006,"Horticulturist, amenity",2023-11-23
EMP05529,133726.82,5709.06,D001,Farm manager,2026-04-14
EMP05530,134673.46,25740.26,D019,Chartered certified accountant,2025-01-27
EMP05531,107106.74,7327.98,D019,Risk manager,2023-11-14
EMP05532,92213.89,15284.99,D006,Software engineer,2026-02-06
EMP05533,114678.08,1700.41,D017,Operational investment banker,2025-01-04
EMP05534,116432.7,15188.69,D004,Insurance risk surveyor,2023-09-28
EMP05535,102959.1,8548.7,D012,Media planner,2024-04-23
EMP05536,103049.29,8781.56,D005,Tourism officer,2025-07-06
EMP05537,145024.01,5860.65,D019,"Geologist, wellsite",2026-01-03
EMP05538,159466.3,12574.68,D017,"Programme researcher, broadcasting/film/video",2024-01-16
EMP05539,114118.61,15326.87,D011,Sports coach,2024-01-18
EMP05540,93973.14,12835.98,D006,Associate Professor,2025-04-29
EMP05541,116688.39,12826.85,D010,Barista,2025-02-20
EMP05542,117777.3,16112.15,D016,Public relations officer,2024-06-19
EMP05543,132071.58,14576.94,D009,"Teacher, secondary school",2026-05-10
EMP05544,104016.24,16859.14,D013,Early years teacher,2025-12-11
EMP05545,150629.27,19099.51,D011,Geophysicist/field seismologist,2025-02-10
EMP05546,96047.84,4657.81,D015,Phytotherapist,2026-03-09
EMP05547,85188.52,1143.52,D014,"Engineer, technical sales",2026-04-20
EMP05548,125119.85,24151.04,D019,Office manager,2026-04-29
EMP05549,118774.78,5315.62,D003,Paediatric nurse,2025-03-29
EMP05550,94745.69,1826.84,D013,Tour manager,2026-02-09
EMP05551,148041.71,32.33,D020,"Scientist, research (medical)",2023-09-14
EMP05552,109624.66,5694.03,D009,Financial controller,2026-03-25
EMP05553,129747.98,3252.98,D011,Purchasing manager,2024-04-08
EMP05554,117530.48,13802.95,D005,Maintenance engineer,2023-11-12
EMP05555,147000.88,27729.75,D010,Media buyer,2025-08-08
EMP05556,83263.04,15804.27,D007,Medical secretary,2024-07-01
EMP05557,86009.92,3671.82,D012,Adult guidance worker,2023-11-16
EMP05558,90989.79,2745.85,D006,Health service manager,2023-08-12
EMP05559,127088.55,6883.43,D001,Legal secretary,2025-01-25
EMP05560,94366.64,2238.92,D006,Sport and exercise psychologist,2025-08-10
EMP05561,100502.35,10796.72,D012,Financial planner,2025-03-18
EMP05562,94502.24,14340.47,D013,"Solicitor, Scotland",2024-04-25
EMP05563,151739.37,2700.79,D018,"Research officer, government",2025-08-17
EMP05564,107021.83,6641.32,D003,Media planner,2025-03-08
EMP05565,118934.64,16622.32,D005,Arboriculturist,2024-11-07
EMP05566,80845.78,5943.07,D010,"Administrator, Civil Service",2025-08-10
EMP05567,104582.05,9491.06,D004,Restaurant manager,2025-06-24
EMP05568,109426.12,2866.15,D006,"Psychologist, forensic",2026-05-11
EMP05569,109904.5,8119.64,D018,Ambulance person,2024-11-02
EMP05570,75733.0,1631.7,D013,Warehouse manager,2024-11-19
EMP05571,72597.73,7054.1,D011,Television camera operator,2024-06-17
EMP05572,135062.05,6524.28,D020,Audiological scientist,2026-05-30
EMP05573,127578.97,5610.46,D005,Emergency planning/management officer,2025-08-17
EMP05574,124089.6,19951.87,D001,Commercial art gallery manager,2023-10-01
EMP05575,119889.16,23567.94,D010,"Producer, radio",2024-07-08
EMP05576,49328.06,2646.56,D003,Dance movement psychotherapist,2026-02-02
EMP05577,90134.21,5698.28,D013,Chief of Staff,2024-06-26
EMP05578,99294.32,9603.94,D015,Careers adviser,2024-11-01
EMP05579,119917.35,5650.58,D019,Ergonomist,2025-08-27
EMP05580,132366.9,2293.36,D015,Medical laboratory scientific officer,2024-12-31
EMP05581,95351.05,16584.21,D008,Theatre manager,2026-06-03
EMP05582,67569.38,11226.85,D007,"Restaurant manager, fast food",2024-05-17
EMP05583,105271.49,11850.21,D014,"Accountant, chartered",2023-10-22
EMP05584,137861.13,4087.23,D014,Heritage manager,2025-05-08
EMP05585,116406.5,14847.09,D017,"Engineer, automotive",2024-11-07
EMP05586,119582.48,19226.19,D004,"Engineer, manufacturing systems",2026-05-08
EMP05587,134381.14,11059.59,D010,Fast food restaurant manager,2025-10-14
EMP05588,87280.2,7729.22,D002,Clinical molecular geneticist,2024-01-26
EMP05589,108372.43,9394.52,D001,Minerals surveyor,2024-10-13
EMP05590,73068.7,6025.06,D020,Petroleum engineer,2026-02-01
EMP05591,144831.68,566.03,D014,Telecommunications researcher,2023-09-08
EMP05592,113638.14,16940.43,D005,Petroleum engineer,2024-06-27
EMP05593,121134.74,12258.11,D012,"Geneticist, molecular",2026-08-01
EMP05594,72383.23,3394.22,D008,Adult nurse,2023-12-25
EMP05595,95930.16,12522.96,D001,Commercial art gallery manager,2024-04-12
EMP05596,114338.37,11798.38,D001,Art therapist,2025-11-21
EMP05597,69694.6,9228.5,D003,Charity officer,2025-12-29
EMP05598,84450.65,4636.61,D007,Insurance underwriter,2025-05-29
EMP05599,80894.86,3288.99,D005,"Optician, dispensing",2024-09-12
EMP05600,123865.72,9297.25,D014,Airline pilot,2025-05-23
EMP05601,55492.54,1153.01,D010,Chemical engineer,2023-12-27
EMP05602,110356.96,13663.73,D010,Waste management officer,2025-08-02
EMP05603,101112.21,13259.96,D008,"Engineer, communications",2024-11-03
EMP05604,89439.82,15982.19,D012,"Engineer, manufacturing",2026-02-03
EMP05605,134790.09,10324.63,D018,"Journalist, newspaper",2025-10-25
EMP05606,104144.23,14076.43,D019,Electronics engineer,2024-11-27
EMP05607,180059.04,11700.9,D002,Actor,2024-01-11
EMP05608,130094.08,3485.64,D011,"Presenter, broadcasting",2026-03-13
EMP05609,131630.29,4616.98,D017,Dietitian,2026-06-18
EMP05610,94028.7,3439.52,D008,Ecologist,2024-03-02
EMP05611,102616.99,5001.76,D020,Music therapist,2026-03-07
EMP05612,133255.08,2173.67,D007,Audiological scientist,2026-05-05
EMP05613,124097.18,6099.02,D013,Tax adviser,2026-01-04
EMP05614,127146.16,15831.56,D003,"Engineer, maintenance (IT)",2026-02-14
EMP05615,84390.37,1489.42,D014,Careers adviser,2024-10-10
EMP05616,117779.7,7468.15,D020,Network engineer,2024-12-27
EMP05617,118542.61,19397.3,D003,Health and safety adviser,2025-04-23
EMP05618,120342.21,21284.91,D014,"Conservator, furniture",2025-12-12
EMP05619,89792.32,3313.09,D013,Nature conservation officer,2024-05-10
EMP05620,49267.73,744.51,D014,Oceanographer,2025-08-16
EMP05621,61750.7,469.97,D004,Ergonomist,2026-02-15
EMP05622,112402.85,22145.44,D019,Exercise physiologist,2024-04-30
EMP05623,64430.61,8722.05,D019,Commercial horticulturist,2024-02-13
EMP05624,134328.48,2266.38,D020,Museum education officer,2024-07-28
EMP05625,104728.86,8210.45,D015,Chief Marketing Officer,2024-07-27
EMP05626,73958.28,10590.83,D014,"Horticulturist, commercial",2025-01-17
EMP05627,131906.3,21684.44,D011,Associate Professor,2023-09-18
EMP05628,97955.7,11412.94,D006,Stage manager,2023-09-13
EMP05629,49168.86,315.86,D006,"Designer, furniture",2024-11-27
EMP05630,151753.14,21764.69,D011,Energy manager,2024-12-25
EMP05631,119828.52,20671.52,D018,Civil Service fast streamer,2024-06-25
EMP05632,83718.25,14418.02,D006,Actor,2026-02-26
EMP05633,118543.27,18896.97,D014,Bonds trader,2026-01-21
EMP05634,125240.1,24771.27,D010,Public relations officer,2023-10-17
EMP05635,124339.69,15938.9,D010,Chartered certified accountant,2024-01-19
EMP05636,91590.38,12273.64,D002,"Production assistant, radio",2024-06-17
EMP05637,127669.14,8598.02,D011,Community arts worker,2023-10-21
EMP05638,155593.85,23719.92,D004,Town planner,2024-05-02
EMP05639,134912.47,24971.87,D017,Television floor manager,2024-04-24
EMP05640,63867.21,11562.32,D018,Hotel manager,2025-02-11
EMP05641,106335.36,13728.92,D008,Investment analyst,2025-07-19
EMP05642,98926.28,8441.73,D001,"Psychologist, occupational",2026-05-22
EMP05643,56707.96,5560.2,D008,Fitness centre manager,2025-08-13
EMP05644,111848.85,16436.65,D009,Armed forces training and education officer,2025-05-11
EMP05645,116974.43,15540.78,D001,"Lecturer, higher education",2024-08-30
EMP05646,142088.33,1264.56,D008,Clinical molecular geneticist,2024-10-18
EMP05647,157847.94,20648.28,D006,Trade mark attorney,2024-04-12
EMP05648,108855.02,8781.78,D013,"Teacher, primary school",2025-11-13
EMP05649,113866.82,13598.43,D014,Medical illustrator,2025-01-04
EMP05650,155197.18,26936.91,D010,Air cabin crew,2024-07-04
EMP05651,57656.06,10254.03,D005,"Surveyor, building",2025-08-13
EMP05652,136352.89,22799.99,D001,"Buyer, retail",2024-07-22
EMP05653,142857.62,26413.96,D003,"Therapist, sports",2026-07-07
EMP05654,137752.26,26239.87,D005,"Administrator, arts",2024-06-01
EMP05655,129529.8,18908.27,D011,"Accountant, chartered public finance",2024-09-10
EMP05656,94594.39,7694.07,D020,Learning mentor,2024-02-09
EMP05657,67190.73,9945.61,D019,Passenger transport manager,2025-03-31
EMP05658,97697.18,16845.76,D019,Prison officer,2024-04-29
EMP05659,150346.46,23526.94,D014,"Exhibitions officer, museum/gallery",2025-02-04
EMP05660,116330.96,3300.59,D012,Materials engineer,2023-11-12
EMP05661,90959.8,10660.83,D014,"Designer, industrial/product",2025-12-19
EMP05662,120877.27,10686.24,D015,Pensions consultant,2026-07-12
EMP05663,170979.47,6918.2,D001,Equities trader,2024-04-11
EMP05664,109324.4,17863.47,D018,Medical sales representative,2024-09-29
EMP05665,98820.38,3254.92,D005,"Therapist, sports",2024-12-29
EMP05666,128975.3,25109.29,D006,"Merchandiser, retail",2024-04-29
EMP05667,126105.97,18547.6,D019,Chartered loss adjuster,2024-02-06
EMP05668,95798.05,11851.25,D010,Public house manager,2025-08-28
EMP05669,76090.52,4168.21,D001,Podiatrist,2026-01-29
EMP05670,105365.33,18128.17,D016,Field trials officer,2025-03-07
EMP05671,69612.57,5250.79,D012,Medical illustrator,2024-12-19
EMP05672,47031.96,5951.36,D011,"Education officer, environmental",2025-07-11
EMP05673,96970.77,1390.34,D005,"Geneticist, molecular",2024-01-13
EMP05674,125168.73,4789.68,D013,Clinical molecular geneticist,2026-03-22
EMP05675,96907.02,18331.36,D008,Film/video editor,2024-12-11
EMP05676,81114.59,8340.17,D017,Air broker,2024-02-26
EMP05677,105791.77,19917.79,D009,Dealer,2025-03-13
EMP05678,117931.88,11744.32,D014,Electronics engineer,2026-01-18
EMP05679,79427.39,4216.06,D020,Secretary/administrator,2023-09-30
EMP05680,99635.38,8570.54,D008,Mudlogger,2025-10-29
EMP05681,91298.5,5502.14,D010,Quality manager,2024-03-09
EMP05682,96105.2,19142.14,D020,Chief Technology Officer,2024-03-01
EMP05683,84634.46,16732.74,D011,Audiological scientist,2024-03-15
EMP05684,90048.8,7388.02,D011,Occupational psychologist,2025-02-05
EMP05685,100495.83,5688.8,D007,Patent examiner,2026-07-23
EMP05686,95993.46,6557.29,D017,"Journalist, newspaper",2023-11-08
EMP05687,98881.86,1558.68,D008,Pharmacologist,2026-07-27
EMP05688,115976.52,14401.94,D011,Advertising copywriter,2024-09-28
EMP05689,143451.5,6736.09,D015,Dispensing optician,2025-02-07
EMP05690,119910.31,22578.39,D018,Hospital pharmacist,2025-12-08
EMP05691,133905.02,13236.84,D010,Television camera operator,2025-06-14
EMP05692,110087.6,3430.19,D002,Diplomatic Services operational officer,2025-09-09
EMP05693,90319.64,9281.67,D017,"Engineer, automotive",2023-10-02
EMP05694,132938.26,7946.76,D003,Medical technical officer,2024-08-02
EMP05695,120306.46,9780.98,D009,Product designer,2025-06-19
EMP05696,104317.16,3262.12,D012,Printmaker,2023-12-16
EMP05697,127481.86,19965.84,D015,"Producer, radio",2024-08-27
EMP05698,121166.07,14149.68,D006,Holiday representative,2026-03-15
EMP05699,126258.97,23297.1,D019,Ceramics designer,2026-02-23
EMP05700,126634.07,13201.11,D010,Illustrator,2025-04-26
EMP05701,145438.38,936.05,D019,TEFL teacher,2025-12-16
EMP05702,136958.06,11033.63,D002,Armed forces logistics/support/administrative officer,2025-04-07
EMP05703,96844.3,5778.69,D007,Mental health nurse,2026-04-08
EMP05704,73474.1,1042.19,D008,Public affairs consultant,2025-12-13
EMP05705,122217.85,6297.11,D001,Chartered certified accountant,2024-09-27
EMP05706,126842.9,22944.21,D018,Research scientist (physical sciences),2025-04-02
EMP05707,157842.64,7011.8,D003,Leisure centre manager,2026-01-14
EMP05708,96394.06,14858.17,D004,"Engineer, agricultural",2025-02-24
EMP05709,133079.4,16734.06,D016,Dentist,2025-11-20
EMP05710,86909.2,4879.4,D008,"Conservation officer, historic buildings",2026-03-04
EMP05711,126490.1,3244.02,D020,Research scientist (life sciences),2023-09-07
EMP05712,132721.64,14787.22,D013,Waste management officer,2025-12-24
EMP05713,84463.88,6047.51,D020,"Research officer, political party",2026-03-17
EMP05714,102830.73,15909.6,D013,Magazine features editor,2025-08-12
EMP05715,108216.0,20223.63,D016,"Development worker, community",2026-02-07
EMP05716,83333.68,7700.23,D017,"Nurse, mental health",2023-12-26
EMP05717,146195.84,2778.03,D008,Community development worker,2025-06-08
EMP05718,142850.76,18475.6,D013,Interpreter,2025-06-25
EMP05719,146432.72,621.56,D004,Secretary/administrator,2026-04-13
EMP05720,109401.01,21113.37,D006,"Psychologist, forensic",2026-01-01
EMP05721,104054.47,4420.2,D007,"Scientist, research (medical)",2024-06-29
EMP05722,85193.43,745.82,D012,"Scientist, research (physical sciences)",2023-09-17
EMP05723,113552.68,10145.31,D008,"Therapist, nutritional",2024-02-15
EMP05724,122313.25,1458.53,D011,Commercial art gallery manager,2024-03-14
EMP05725,68995.56,11759.32,D002,Oncologist,2025-12-13
EMP05726,107042.22,15338.84,D002,"Surveyor, building",2024-01-31
EMP05727,104171.5,2937.13,D010,Fisheries officer,2025-12-14
EMP05728,184755.86,1334.81,D002,Child psychotherapist,2025-11-21
EMP05729,111612.59,10516.55,D002,Publishing rights manager,2026-07-02
EMP05730,137118.52,243.9,D014,Claims inspector/assessor,2025-09-26
EMP05731,77476.99,9948.05,D020,Investment analyst,2026-06-03
EMP05732,84894.84,15490.33,D004,Clothing/textile technologist,2026-04-11
EMP05733,105990.24,1559.18,D007,Chief Financial Officer,2026-03-14
EMP05734,111166.53,1838.82,D007,Broadcast engineer,2023-08-26
EMP05735,92378.77,17882.53,D014,Further education lecturer,2023-11-04
EMP05736,79719.42,6044.25,D001,"Designer, textile",2023-12-02
EMP05737,129430.34,14448.79,D018,General practice doctor,2026-02-26
EMP05738,84954.92,5675.56,D014,Commercial art gallery manager,2023-10-06
EMP05739,66890.99,10056.78,D012,"Designer, graphic",2023-12-02
EMP05740,83044.32,4238.75,D011,"Horticulturist, commercial",2024-09-08
EMP05741,99792.8,15008.94,D014,"Restaurant manager, fast food",2025-02-26
EMP05742,117558.01,13955.76,D001,Insurance underwriter,2024-02-21
EMP05743,124550.43,15583.53,D004,Medical sales representative,2023-10-28
EMP05744,99974.66,13485.66,D008,Industrial/product designer,2024-01-07
EMP05745,102664.38,5895.75,D014,Pension scheme manager,2024-08-22
EMP05746,132045.4,2413.95,D008,Printmaker,2023-09-18
EMP05747,142738.6,21739.31,D014,"Engineer, water",2024-08-22
EMP05748,88755.61,2251.54,D012,Cabin crew,2024-12-15
EMP05749,112444.6,4705.72,D016,"Engineer, electronics",2025-12-03
EMP05750,135463.21,25268.81,D015,"Producer, radio",2025-12-23
EMP05751,106606.31,14387.09,D003,Cabin crew,2023-09-16
EMP05752,102806.24,14743.09,D006,"Psychotherapist, dance movement",2023-12-22
EMP05753,121373.97,20892.59,D018,"Geneticist, molecular",2026-04-01
EMP05754,155461.74,10942.27,D005,Chief Executive Officer,2024-04-15
EMP05755,107997.64,14950.28,D003,"Teacher, secondary school",2024-10-12
EMP05756,120261.71,18633.6,D020,Academic librarian,2025-10-18
EMP05757,90361.67,1547.49,D015,Outdoor activities/education manager,2024-08-08
EMP05758,129691.04,9177.58,D016,Operational investment banker,2025-07-04
EMP05759,91050.01,11673.27,D006,"Therapist, speech and language",2026-06-20
EMP05760,112071.79,16275.5,D011,IT sales professional,2023-12-26
EMP05761,115460.92,3178.28,D002,Insurance claims handler,2025-03-30
EMP05762,112668.26,9783.71,D008,"Investment banker, corporate",2024-11-30
EMP05763,124771.23,24178.93,D011,Astronomer,2025-12-01
EMP05764,113539.04,18030.46,D007,Special effects artist,2024-06-03
EMP05765,129665.14,11316.95,D019,Management consultant,2024-09-06
EMP05766,113703.45,16438.12,D010,Publishing copy,2023-09-20
EMP05767,85209.56,11071.0,D010,"Accountant, chartered public finance",2025-07-25
EMP05768,92176.44,5746.44,D008,"Engineer, agricultural",2026-03-19
EMP05769,79667.56,4027.56,D016,Forest/woodland manager,2024-03-15
EMP05770,105145.0,15846.68,D006,Actor,2025-12-19
EMP05771,80092.57,1309.4,D005,Community education officer,2024-07-27
EMP05772,99689.61,7521.15,D017,Chemical engineer,2024-09-16
EMP05773,123450.36,5073.69,D004,"Research officer, government",2025-09-03
EMP05774,106825.65,17248.11,D004,Operational researcher,2025-10-31
EMP05775,89651.61,11857.09,D010,Chartered public finance accountant,2023-12-25
EMP05776,106232.82,12127.52,D014,"Psychologist, clinical",2026-01-02
EMP05777,95249.47,6172.05,D002,Air cabin crew,2024-11-24
EMP05778,121819.29,7074.54,D012,Naval architect,2025-09-02
EMP05779,82297.44,10462.41,D008,Civil Service administrator,2025-04-26
EMP05780,128142.21,3799.28,D016,"Engineer, maintenance",2024-06-28
EMP05781,180869.55,20976.26,D016,Animator,2026-07-15
EMP05782,69048.27,4908.89,D012,Clothing/textile technologist,2025-07-27
EMP05783,135358.55,14565.68,D007,Civil Service administrator,2025-07-26
EMP05784,124430.96,9359.38,D015,Comptroller,2025-07-29
EMP05785,94127.46,15282.64,D005,Production engineer,2026-02-05
EMP05786,131770.15,7788.38,D020,"Engineer, production",2024-09-24
EMP05787,97554.98,3163.07,D007,Site engineer,2025-07-27
EMP05788,146219.08,7457.61,D006,Environmental consultant,2025-02-18
EMP05789,90126.9,121.16,D005,Chemical engineer,2026-02-01
EMP05790,104558.51,6206.73,D016,"Scientist, research (maths)",2024-10-29
EMP05791,135549.28,19000.81,D005,Chartered loss adjuster,2025-12-03
EMP05792,80763.22,12347.26,D017,"Programme researcher, broadcasting/film/video",2025-12-18
EMP05793,162255.55,22656.15,D004,"Designer, textile",2025-01-04
EMP05794,164810.78,29790.9,D013,Air traffic controller,2024-02-10
EMP05795,109245.6,11305.6,D020,Financial risk analyst,2025-12-11
EMP05796,104638.52,3705.58,D003,"Investment banker, corporate",2026-05-22
EMP05797,102302.51,1010.45,D006,"Psychotherapist, dance movement",2026-04-30
EMP05798,113006.85,1297.89,D015,Theatre manager,2025-08-19
EMP05799,153081.89,3905.07,D008,Museum/gallery conservator,2026-06-13
EMP05800,100886.78,2516.23,D015,Materials engineer,2025-05-26
EMP05801,89198.4,2591.76,D014,"Pharmacist, hospital",2024-03-15
EMP05802,62619.64,3427.08,D017,Futures trader,2025-02-16
EMP05803,91219.94,16175.68,D007,"Administrator, charities/voluntary organisations",2025-06-16
EMP05804,91769.63,2074.99,D006,Airline pilot,2026-02-10
EMP05805,69871.44,9820.0,D007,Bonds trader,2023-08-18
EMP05806,113661.81,14735.24,D006,"Teacher, early years/pre",2024-02-20
EMP05807,57479.28,11087.41,D016,Bonds trader,2026-04-28
EMP05808,97086.42,8117.27,D016,Investment analyst,2026-03-14
EMP05809,131663.76,24467.36,D003,Horticultural therapist,2025-12-16
EMP05810,101177.73,4805.73,D007,"Conservation officer, nature",2025-12-06
EMP05811,118014.7,17400.27,D010,Oceanographer,2025-07-26
EMP05812,112185.11,1945.5,D003,Barista,2025-06-13
EMP05813,99312.98,10414.88,D005,Primary school teacher,2025-08-28
EMP05814,54577.73,2970.61,D017,Surgeon,2024-11-20
EMP05815,126211.23,7279.84,D020,Database administrator,2023-08-30
EMP05816,99491.25,5586.12,D002,Horticultural therapist,2023-12-04
EMP05817,143165.3,562.63,D015,Cabin crew,2025-05-11
EMP05818,130039.15,3163.85,D007,Community education officer,2024-04-18
EMP05819,126640.26,15397.63,D001,"Pharmacist, community",2025-03-21
EMP05820,142934.66,6071.11,D010,Health service manager,2024-10-19
EMP05821,120768.57,19424.17,D006,"Engineer, land",2025-03-07
EMP05822,120968.69,16229.15,D003,Geoscientist,2026-04-14
EMP05823,83210.2,9235.86,D010,Drilling engineer,2025-10-28
EMP05824,97516.86,2118.1,D012,Immunologist,2025-04-25
EMP05825,103468.58,17415.9,D014,Building control surveyor,2026-03-16
EMP05826,137184.65,10539.89,D005,Community education officer,2025-04-06
EMP05827,78258.16,8915.76,D006,Forensic scientist,2026-02-26
EMP05828,94488.51,15438.76,D013,Public librarian,2023-09-18
EMP05829,63250.72,3937.91,D010,Investment analyst,2024-09-05
EMP05830,92370.49,6951.68,D005,"Horticulturist, amenity",2025-08-06
EMP05831,98583.47,1740.85,D011,Occupational hygienist,2023-12-11
EMP05832,53478.13,4204.56,D012,Press photographer,2024-02-10
EMP05833,109060.17,1039.52,D010,Cytogeneticist,2025-06-25
EMP05834,106841.31,19601.25,D019,Haematologist,2025-11-26
EMP05835,76388.1,8056.43,D003,"Secretary, company",2025-08-04
EMP05836,103161.94,5764.53,D011,Dancer,2024-01-12
EMP05837,166330.64,26338.71,D008,Computer games developer,2024-12-21
EMP05838,93479.08,13046.09,D018,Estate manager/land agent,2024-10-15
EMP05839,91417.04,9575.57,D011,Biomedical engineer,2023-08-08
EMP05840,122935.19,20180.84,D012,"Physicist, medical",2024-02-11
EMP05841,98318.09,1411.1,D001,Hospital doctor,2026-02-10
EMP05842,159722.28,27829.49,D002,Computer games developer,2024-11-01
EMP05843,120698.25,12647.19,D004,"Buyer, retail",2025-02-26
EMP05844,75619.4,11287.05,D005,Cartographer,2026-05-15
EMP05845,121665.32,11371.08,D013,"Pharmacist, hospital",2026-01-30
EMP05846,104445.66,8794.08,D011,Sales promotion account executive,2025-11-08
EMP05847,105018.38,18166.26,D003,Games developer,2025-12-28
EMP05848,55134.13,9443.03,D017,Office manager,2025-04-10
EMP05849,145026.19,843.2,D006,Automotive engineer,2025-09-05
EMP05850,103685.61,10623.03,D013,Environmental manager,2024-05-10
EMP05851,126436.83,19184.63,D003,"Scientist, marine",2024-01-24
EMP05852,55849.27,1855.35,D005,"Therapist, speech and language",2024-05-16
EMP05853,74290.33,6974.5,D013,Magazine features editor,2025-01-28
EMP05854,126651.56,13989.16,D001,Chief Technology Officer,2025-11-23
EMP05855,130690.66,4015.87,D018,Lexicographer,2026-01-09
EMP05856,136563.44,11373.32,D016,Visual merchandiser,2025-04-03
EMP05857,118121.79,10768.55,D004,Database administrator,2026-04-27
EMP05858,40000.0,1152.89,D003,Field seismologist,2024-08-24
EMP05859,106684.27,15040.22,D004,Health promotion specialist,2025-05-05
EMP05860,40000.0,3601.96,D008,"Pharmacist, hospital",2025-06-12
EMP05861,114791.08,17421.77,D018,"Nurse, adult",2024-06-01
EMP05862,71599.05,13334.84,D005,"Investment banker, operational",2024-09-04
EMP05863,100608.23,9537.05,D016,Data processing manager,2024-12-19
EMP05864,57679.68,684.3,D003,Bookseller,2025-04-23
EMP05865,113868.92,569.25,D008,Research scientist (life sciences),2025-12-17
EMP05866,106654.81,379.52,D004,Historic buildings inspector/conservation officer,2026-07-23
EMP05867,110147.28,1858.99,D005,Photographer,2025-03-06
EMP05868,68375.72,8392.31,D014,Furniture designer,2026-04-07
EMP05869,51855.47,7738.32,D018,"Journalist, broadcasting",2025-11-11
EMP05870,69882.76,8610.67,D019,Emergency planning/management officer,2023-12-09
EMP05871,90657.21,5621.99,D012,Facilities manager,2024-09-15
EMP05872,141804.23,8718.55,D002,Chief Technology Officer,2025-11-10
EMP05873,100430.46,12783.5,D015,Police officer,2024-12-09
EMP05874,146178.73,4024.92,D005,Geophysicist/field seismologist,2025-12-28
EMP05875,130050.85,3917.49,D015,Telecommunications researcher,2024-06-18
EMP05876,127419.04,1623.34,D016,International aid/development worker,2024-07-12
EMP05877,102906.52,15302.7,D008,Acupuncturist,2026-04-23
EMP05878,53533.49,3969.84,D009,Planning and development surveyor,2025-10-10
EMP05879,129211.5,22403.77,D017,Analytical chemist,2024-02-24
EMP05880,120066.23,10867.24,D010,Jewellery designer,2026-01-09
EMP05881,119281.59,22902.01,D006,Holiday representative,2025-05-08
EMP05882,93775.23,15483.29,D002,"Civil engineer, contracting",2026-03-30
EMP05883,123252.99,15001.82,D018,Chief Operating Officer,2026-04-17
EMP05884,112325.09,11879.69,D010,"Engineer, production",2023-11-13
EMP05885,120211.67,2898.1,D015,Publishing copy,2025-09-28
EMP05886,130395.32,20885.16,D006,Civil Service administrator,2025-07-25
EMP05887,111943.42,10033.64,D012,Environmental manager,2024-11-22
EMP05888,95517.85,12641.81,D011,Horticultural therapist,2025-04-06
EMP05889,145016.09,23644.26,D019,"Physicist, medical",2024-03-24
EMP05890,62683.74,6983.01,D011,Financial controller,2024-05-10
EMP05891,96728.96,17957.8,D013,Civil Service fast streamer,2025-04-23
EMP05892,62901.64,7219.93,D019,"Administrator, charities/voluntary organisations",2024-01-06
EMP05893,130576.63,8398.66,D003,Research scientist (maths),2024-02-19
EMP05894,69815.75,6653.86,D018,Speech and language therapist,2026-02-15
EMP05895,119598.6,5098.5,D001,"Therapist, sports",2024-10-13
EMP05896,83709.88,10547.24,D015,Armed forces technical officer,2023-10-20
EMP05897,107034.44,7458.18,D020,Radio broadcast assistant,2024-04-24
EMP05898,82651.3,9741.06,D002,Social worker,2023-10-14
EMP05899,115564.91,14620.55,D002,Phytotherapist,2026-03-29
EMP05900,101495.93,1072.78,D019,Technical author,2024-01-02
EMP05901,128615.97,4146.83,D011,IT sales professional,2025-09-26
EMP05902,78025.41,254.72,D019,Production manager,2024-01-26
EMP05903,101209.24,2183.49,D019,Mining engineer,2024-06-30
EMP05904,113318.8,2479.35,D013,Astronomer,2024-05-08
EMP05905,131092.8,21819.6,D003,Clinical research associate,2024-03-18
EMP05906,136701.34,19783.24,D013,"Surveyor, hydrographic",2024-04-18
EMP05907,99397.32,6370.14,D019,Secretary/administrator,2026-05-09
EMP05908,120058.65,9198.49,D002,Ergonomist,2025-11-08
EMP05909,62012.78,7714.7,D015,"Administrator, education",2025-01-13
EMP05910,102092.53,836.27,D003,Graphic designer,2026-02-11
EMP05911,76966.05,10779.95,D006,Clinical biochemist,2024-02-13
EMP05912,40000.0,1480.63,D005,IT trainer,2025-03-06
EMP05913,156851.51,10501.28,D004,Health physicist,2023-11-26
EMP05914,95828.31,1941.53,D012,Herpetologist,2026-08-03
EMP05915,99000.55,10104.93,D009,Records manager,2024-12-02
EMP05916,85438.25,12982.54,D015,Information officer,2024-05-09
EMP05917,149727.16,8103.02,D019,Research scientist (physical sciences),2023-10-25
EMP05918,113113.72,22511.6,D013,Financial adviser,2023-11-27
EMP05919,138861.42,15462.24,D010,Field seismologist,2025-12-26
EMP05920,141084.66,16677.09,D015,"Geologist, engineering",2025-06-22
EMP05921,54158.25,4673.22,D006,Environmental health practitioner,2023-09-06
EMP05922,89930.34,4301.59,D010,Meteorologist,2024-01-28
EMP05923,86585.92,15904.01,D003,Transport planner,2025-07-05
EMP05924,102000.91,15560.85,D016,"Psychotherapist, child",2023-11-06
EMP05925,142952.92,7327.13,D011,Fish farm manager,2023-09-13
EMP05926,147783.44,21865.57,D010,Podiatrist,2026-02-28
EMP05927,122052.04,12435.41,D020,Toxicologist,2025-02-06
EMP05928,40000.0,4301.36,D003,Purchasing manager,2023-10-08
EMP05929,126977.72,10008.63,D015,Animal nutritionist,2026-04-12
EMP05930,135597.63,11843.76,D015,Chief Marketing Officer,2024-05-01
EMP05931,95284.88,15605.76,D004,Physiological scientist,2025-03-28
EMP05932,97013.04,817.79,D007,Retail buyer,2024-07-19
EMP05933,118577.03,19791.45,D001,Media buyer,2026-02-01
EMP05934,169017.55,26078.16,D019,"Designer, furniture",2023-08-12
EMP05935,98624.58,9884.57,D012,Medical laboratory scientific officer,2024-05-14
EMP05936,98871.04,14406.79,D014,Financial controller,2025-08-17
EMP05937,141501.95,21711.4,D005,Camera operator,2025-09-25
EMP05938,106692.7,419.49,D009,Radio broadcast assistant,2024-10-21
EMP05939,99295.98,2450.91,D012,IT consultant,2024-07-17
EMP05940,87894.41,12742.62,D008,Art therapist,2026-08-04
EMP05941,70199.71,3595.75,D012,Forest/woodland manager,2025-06-22
EMP05942,124053.19,19006.99,D019,"Accountant, chartered management",2026-05-04
EMP05943,105686.85,20200.77,D011,"Surveyor, rural practice",2025-08-01
EMP05944,106142.03,1740.65,D018,"Engineer, site",2025-04-01
EMP05945,103493.99,8020.39,D011,Public relations account executive,2026-05-13
EMP05946,111679.14,2726.92,D007,Adult nurse,2025-06-23
EMP05947,110102.18,430.39,D008,Charity fundraiser,2026-02-01
EMP05948,93561.27,5861.6,D014,Commercial art gallery manager,2024-09-04
EMP05949,143857.62,28420.79,D016,"Scientist, marine",2026-04-05
EMP05950,134742.58,26228.44,D015,Land,2024-06-12
EMP05951,136172.13,6555.22,D004,Wellsite geologist,2023-09-09
EMP05952,109185.05,12565.85,D016,Occupational therapist,2023-08-06
EMP05953,110317.47,15078.07,D016,"Surveyor, hydrographic",2023-11-29
EMP05954,161209.56,13177.59,D017,"Teacher, primary school",2025-11-09
EMP05955,99041.12,13344.14,D009,Product/process development scientist,2023-08-15
EMP05956,104877.78,19372.68,D002,Geophysical data processor,2025-08-08
EMP05957,140141.49,11723.5,D007,Adult nurse,2024-11-10
EMP05958,87917.83,13149.06,D016,Web designer,2024-10-02
EMP05959,146312.88,7484.58,D007,Mechanical engineer,2024-11-12
EMP05960,115110.08,18670.8,D020,"Doctor, general practice",2025-12-06
EMP05961,117843.7,16992.81,D005,Systems analyst,2024-10-25
EMP05962,109525.3,8959.17,D007,Advertising art director,2025-05-03
EMP05963,106483.98,9201.28,D013,Land,2023-11-17
EMP05964,121762.44,3630.36,D002,Manufacturing systems engineer,2023-12-24
EMP05965,128857.18,5595.7,D013,Amenity horticulturist,2025-08-27
EMP05966,76521.6,6259.58,D003,Tour manager,2025-10-06
EMP05967,123970.94,2212.67,D009,Maintenance engineer,2023-08-17
EMP05968,148620.18,9097.74,D005,Radiation protection practitioner,2026-06-17
EMP05969,108915.36,21757.77,D005,"Teacher, English as a foreign language",2025-04-20
EMP05970,80165.57,14943.66,D017,"Designer, ceramics/pottery",2023-09-26
EMP05971,107012.52,6760.08,D017,Retail buyer,2025-09-26
EMP05972,97242.24,7532.3,D017,Broadcast journalist,2025-08-31
EMP05973,130752.57,1230.93,D020,Set designer,2026-03-23
EMP05974,159525.5,30928.62,D005,"Geologist, engineering",2024-05-30
EMP05975,54862.29,10899.52,D011,Product manager,2025-08-13
EMP05976,116040.18,6476.09,D019,"Designer, ceramics/pottery",2023-12-09
EMP05977,123014.51,5200.97,D013,Newspaper journalist,2026-05-25
EMP05978,129893.53,23124.91,D010,Occupational therapist,2025-07-24
EMP05979,103821.17,9177.42,D016,Risk analyst,2024-10-17
EMP05980,96496.53,16739.43,D005,Artist,2025-08-04
EMP05981,60676.01,8479.62,D002,Occupational psychologist,2024-06-19
EMP05982,81068.39,1544.76,D010,"Engineer, land",2025-07-21
EMP05983,128114.05,13625.2,D019,Trading standards officer,2025-10-16
EMP05984,118352.53,306.61,D015,Trading standards officer,2024-10-27
EMP05985,73894.48,5477.1,D019,Drilling engineer,2024-11-01
EMP05986,139380.55,1557.57,D018,Holiday representative,2024-05-30
EMP05987,81953.19,491.62,D003,Camera operator,2025-05-30
EMP05988,111419.97,18959.65,D013,Physiological scientist,2025-06-08
EMP05989,110911.84,5289.78,D015,Chief of Staff,2025-06-28
EMP05990,116245.22,3686.32,D003,Chemical engineer,2023-08-11
EMP05991,98089.56,1635.42,D001,"Therapist, speech and language",2024-04-15
EMP05992,111652.18,10335.1,D009,Logistics and distribution manager,2026-04-15
EMP05993,140453.73,15541.88,D002,Geophysical data processor,2026-06-29
EMP05994,106488.49,16688.06,D013,Animal technologist,2025-04-09
EMP05995,111363.32,18786.05,D020,Museum/gallery curator,2024-09-19
EMP05996,125487.72,9302.18,D003,"Editor, film/video",2026-07-20
EMP05997,107185.7,457.88,D002,Ranger/warden,2025-04-24
EMP05998,142902.97,3781.59,D020,Scientific laboratory technician,2026-01-29
EMP05999,100088.34,16244.69,D009,Veterinary surgeon,2024-11-21
EMP06000,133486.9,10283.67,D012,Agricultural engineer,2026-03-23
EMP06001,111022.42,20727.57,D002,"Sales professional, IT",2025-09-24
EMP06002,101041.17,15725.15,D019,Site engineer,2026-01-03
EMP06003,128342.33,21773.35,D013,Audiological scientist,2024-01-23
EMP06004,96427.8,3246.0,D013,"Nurse, mental health",2026-03-13
EMP06005,135064.95,25346.65,D013,Retail buyer,2024-05-15
EMP06006,135368.38,5704.13,D020,"Engineer, drilling",2024-03-20
EMP06007,114911.46,11206.8,D002,Chartered public finance accountant,2025-11-21
EMP06008,113114.15,21889.43,D019,Community education officer,2025-07-06
EMP06009,116515.68,8399.26,D005,Dealer,2025-12-27
EMP06010,115893.03,8790.36,D005,Commercial/residential surveyor,2025-04-16
EMP06011,84512.75,397.82,D019,Psychiatrist,2024-11-04
EMP06012,109927.15,6970.52,D020,Television floor manager,2026-05-26
EMP06013,138362.02,6258.94,D011,Learning mentor,2026-01-24
EMP06014,102460.23,13771.17,D011,Toxicologist,2024-12-23
EMP06015,96499.51,7295.26,D009,Corporate treasurer,2024-02-11
EMP06016,96286.67,10153.71,D016,"Surveyor, building",2024-04-01
EMP06017,63576.5,6729.65,D010,Database administrator,2024-01-06
EMP06018,123040.31,18783.75,D008,"Designer, multimedia",2024-11-14
EMP06019,93363.4,7293.03,D012,"Engineer, manufacturing systems",2025-03-31
EMP06020,114515.89,5393.92,D009,Financial controller,2024-03-18
EMP06021,130252.46,6649.1,D006,Ceramics designer,2024-06-13
EMP06022,81201.75,9423.45,D014,Electrical engineer,2023-08-06
EMP06023,102526.88,1027.36,D014,Landscape architect,2024-03-13
EMP06024,111461.43,13342.01,D009,Newspaper journalist,2026-02-12
EMP06025,118208.8,2873.75,D002,"Radiographer, diagnostic",2026-05-12
EMP06026,40000.0,738.05,D001,Research scientist (physical sciences),2025-02-01
EMP06027,86830.33,2111.05,D016,"Copywriter, advertising",2025-10-11
EMP06028,130423.93,3527.26,D001,Logistics and distribution manager,2026-05-31
EMP06029,101496.48,9111.2,D020,"Accountant, chartered",2026-05-24
EMP06030,104464.45,7325.59,D011,"Engineer, site",2023-10-08
EMP06031,97458.74,18676.93,D004,"Scientist, physiological",2026-03-24
EMP06032,102364.36,15899.64,D013,Local government officer,2024-08-08
EMP06033,119320.7,20368.41,D018,"Pilot, airline",2026-01-30
EMP06034,55357.18,5423.53,D003,Community pharmacist,2026-07-25
EMP06035,98368.49,13009.52,D001,Photographer,2026-06-23
EMP06036,130246.46,8929.08,D014,Economist,2026-03-05
EMP06037,105835.46,10081.52,D010,Psychiatrist,2025-10-08
EMP06038,117002.62,3042.46,D010,Commercial art gallery manager,2024-02-26
EMP06039,115061.09,14281.08,D010,Games developer,2025-09-25
EMP06040,85867.66,3101.34,D017,Chief Executive Officer,2024-08-31
EMP06041,76096.46,8974.22,D016,Energy manager,2025-09-11
EMP06042,99970.81,3571.34,D002,Health promotion specialist,2026-01-06
EMP06043,89327.84,15535.3,D006,Ecologist,2024-11-23
EMP06044,162432.06,17017.99,D006,Research scientist (maths),2025-06-24
EMP06045,119287.63,19117.04,D018,"Research officer, trade union",2025-07-11
EMP06046,89005.29,10195.98,D013,Energy engineer,2025-05-04
EMP06047,104691.45,7820.97,D008,Cytogeneticist,2023-11-06
EMP06048,97347.66,14607.14,D010,"Engineer, drilling",2025-12-29
EMP06049,89182.98,17777.7,D005,Interpreter,2025-07-23
EMP06050,127767.99,10484.74,D002,Regulatory affairs officer,2025-11-26
EMP06051,95455.83,9101.97,D020,"Exhibitions officer, museum/gallery",2025-04-16
EMP06052,98795.89,168.04,D008,Recruitment consultant,2026-03-13
EMP06053,125758.09,18032.92,D020,Forest/woodland manager,2025-08-28
EMP06054,107656.19,901.91,D006,Education administrator,2025-03-25
EMP06055,124174.04,7241.11,D014,Chiropractor,2023-10-05
EMP06056,103968.47,16600.04,D020,Insurance broker,2025-02-04
EMP06057,87811.87,254.1,D004,Dentist,2026-07-02
EMP06058,82344.7,935.34,D020,"Administrator, charities/voluntary organisations",2024-05-28
EMP06059,58993.6,11198.92,D006,Transport planner,2023-12-15
EMP06060,141367.44,11910.04,D012,Forensic psychologist,2026-04-28
EMP06061,139279.1,14890.41,D011,Electrical engineer,2024-12-15
EMP06062,131261.07,10266.91,D012,Animal nutritionist,2025-09-10
EMP06063,124035.2,14197.75,D020,Print production planner,2024-11-25
EMP06064,99957.74,17883.12,D010,"Therapist, music",2026-02-21
EMP06065,148146.72,19289.01,D006,Field trials officer,2025-08-27
EMP06066,111810.11,20196.54,D017,Quarry manager,2024-05-27
EMP06067,69888.29,8957.79,D009,Games developer,2026-06-13
EMP06068,102533.46,12157.01,D007,Clinical research associate,2023-11-29
EMP06069,110138.64,20130.31,D011,Merchant navy officer,2024-10-21
EMP06070,96943.71,10295.94,D004,Rural practice surveyor,2024-01-10
EMP06071,105630.03,20802.0,D017,"Programmer, applications",2025-10-21
EMP06072,97786.26,11787.43,D004,Brewing technologist,2024-09-03
EMP06073,106537.67,20309.32,D010,Waste management officer,2024-01-17
EMP06074,102368.39,9332.27,D003,Warehouse manager,2024-04-27
EMP06075,127374.66,13629.45,D011,Holiday representative,2026-07-21
EMP06076,139488.59,10888.52,D005,Customer service manager,2024-03-29
EMP06077,128460.04,14754.07,D016,"Lighting technician, broadcasting/film/video",2025-09-18
EMP06078,85319.74,6144.95,D016,Arts administrator,2025-12-30
EMP06079,74662.19,10092.67,D020,Landscape architect,2024-12-14
EMP06080,111574.23,19150.29,D014,Tax adviser,2025-08-03
EMP06081,131010.46,23908.18,D006,Copy,2026-01-23
EMP06082,86961.79,5516.97,D011,Landscape architect,2024-01-26
EMP06083,100594.07,7506.06,D005,Equities trader,2024-01-07
EMP06084,132117.25,17186.07,D017,"Accountant, chartered",2026-04-18
EMP06085,145108.94,16145.0,D015,"Teacher, special educational needs",2026-05-25
EMP06086,94128.63,16712.73,D007,Medical physicist,2023-09-26
EMP06087,118536.74,20124.48,D012,Mechanical engineer,2026-03-18
EMP06088,91236.4,2153.32,D003,Sports development officer,2025-02-13
EMP06089,109120.15,13040.38,D011,Regulatory affairs officer,2025-03-03
EMP06090,76082.77,10443.92,D010,"Research officer, trade union",2025-10-18
EMP06091,118446.09,6479.47,D009,Translator,2024-07-24
EMP06092,92465.75,11467.25,D010,Training and development officer,2023-10-29
EMP06093,123228.07,1700.19,D014,Environmental manager,2024-12-10
EMP06094,75308.56,248.66,D008,Nutritional therapist,2025-11-07
EMP06095,114776.9,7536.71,D008,Hotel manager,2025-07-14
EMP06096,103569.52,4120.12,D012,"Education officer, environmental",2024-02-19
EMP06097,73290.12,14311.52,D011,Records manager,2025-04-29
EMP06098,63507.86,11031.67,D020,"Engineer, materials",2023-09-12
EMP06099,156987.82,12133.19,D004,Psychiatrist,2025-01-12
EMP06100,106770.46,8001.96,D014,Textile designer,2023-12-15
EMP06101,68493.6,3408.64,D001,Magazine features editor,2023-10-12
EMP06102,93800.53,18544.76,D017,Professor Emeritus,2024-09-12
EMP06103,109638.64,17242.82,D006,Database administrator,2025-08-25
EMP06104,148959.69,24245.99,D004,Environmental education officer,2024-04-20
EMP06105,109191.5,20162.95,D004,"Scientist, research (life sciences)",2025-06-22
EMP06106,87402.27,2210.96,D016,Child psychotherapist,2023-11-11
EMP06107,119884.31,7131.71,D019,"Pharmacist, hospital",2023-12-31
EMP06108,117050.01,13678.01,D010,Building surveyor,2024-03-07
EMP06109,91203.34,9499.1,D018,Conference centre manager,2024-06-24
EMP06110,131005.54,26064.49,D008,Television floor manager,2025-09-15
EMP06111,88612.67,16485.61,D006,Database administrator,2024-12-02
EMP06112,135336.69,15334.85,D007,Chartered certified accountant,2025-04-06
EMP06113,156120.91,12078.77,D018,Film/video editor,2026-03-29
EMP06114,147836.71,16301.21,D016,IT sales professional,2025-06-26
EMP06115,93368.39,6494.24,D007,Civil Service administrator,2024-08-28
EMP06116,118955.02,17094.32,D006,"Civil engineer, consulting",2024-06-05
EMP06117,92154.46,16255.59,D004,"Buyer, retail",2026-06-01
EMP06118,52555.37,1326.03,D007,Film/video editor,2024-12-16
EMP06119,90493.3,1577.21,D011,"Engineer, maintenance (IT)",2026-06-23
EMP06120,58947.59,8140.89,D020,Arts administrator,2026-03-03
EMP06121,107253.2,20859.9,D003,Clinical biochemist,2025-02-11
EMP06122,108119.23,14853.25,D012,Air traffic controller,2024-07-14
EMP06123,104615.55,12586.21,D009,Public relations officer,2024-01-16
EMP06124,84542.66,3831.43,D013,Land/geomatics surveyor,2024-10-15
EMP06125,123279.78,6255.57,D015,Emergency planning/management officer,2026-05-18
EMP06126,73272.65,6266.04,D018,Microbiologist,2026-03-30
EMP06127,83408.92,14100.46,D011,Armed forces operational officer,2026-03-23
EMP06128,113397.42,21770.46,D012,"Editor, magazine features",2025-10-05
EMP06129,58791.32,4389.04,D008,Gaffer,2025-05-14
EMP06130,124878.36,16314.55,D002,Ophthalmologist,2024-01-20
EMP06131,144617.54,6875.65,D013,Technical author,2023-10-23
EMP06132,56233.94,561.02,D010,Health promotion specialist,2025-12-11
EMP06133,112792.81,5502.48,D003,"Scientist, water quality",2023-08-29
EMP06134,90346.7,17968.33,D013,Homeopath,2024-07-12
EMP06135,84585.46,14260.15,D018,Civil Service administrator,2026-04-12
EMP06136,107634.3,7586.17,D019,"Doctor, hospital",2023-08-28
EMP06137,107438.53,1013.49,D010,"Engineer, mining",2025-01-19
EMP06138,143199.55,16387.69,D011,Corporate treasurer,2023-10-27
EMP06139,106029.98,6832.76,D003,Computer games developer,2024-04-06
EMP06140,110626.13,2159.39,D003,"Education officer, community",2025-03-12
EMP06141,140161.84,15857.72,D020,Estate agent,2026-07-06
EMP06142,121721.1,344.68,D019,"Doctor, hospital",2026-03-02
EMP06143,121361.38,9531.44,D009,Analytical chemist,2024-07-30
EMP06144,86007.12,2574.85,D001,"Surveyor, insurance",2025-01-23
EMP06145,139848.75,22797.48,D005,Radio broadcast assistant,2023-12-27
EMP06146,94683.76,3775.13,D019,Fisheries officer,2025-05-08
EMP06147,105245.77,12259.29,D002,"Scientist, research (physical sciences)",2025-07-12
EMP06148,115747.47,11629.84,D013,IT technical support officer,2024-01-31
EMP06149,157648.6,13853.76,D016,Public relations account executive,2025-04-11
EMP06150,86743.83,10201.82,D017,Barrister's clerk,2026-04-07
EMP06151,142248.76,2298.7,D003,Teaching laboratory technician,2024-02-07
EMP06152,117779.4,3524.06,D004,Industrial buyer,2024-12-28
EMP06153,104458.45,19176.2,D018,"Engineer, maintenance (IT)",2025-01-30
EMP06154,92156.22,3050.16,D010,Television/film/video producer,2024-06-04
EMP06155,128011.65,606.79,D008,Civil Service fast streamer,2025-11-07
EMP06156,111807.42,17418.47,D001,Fish farm manager,2026-05-29
EMP06157,68534.23,5601.16,D015,Quantity surveyor,2025-08-03
EMP06158,96916.05,11202.28,D007,"Administrator, charities/voluntary organisations",2023-08-15
EMP06159,118001.8,13407.16,D016,Secretary/administrator,2025-11-07
EMP06160,101324.45,10643.02,D012,Manufacturing engineer,2025-01-07
EMP06161,105485.46,4443.07,D019,"Surveyor, planning and development",2025-12-21
EMP06162,87481.63,4715.13,D006,Printmaker,2023-10-13
EMP06163,136251.95,15154.52,D004,"Scientist, physiological",2024-07-30
EMP06164,129918.51,15227.94,D014,"Engineer, land",2024-10-27
EMP06165,116677.36,18587.23,D003,Quantity surveyor,2023-08-28
EMP06166,104348.28,10353.28,D008,Waste management officer,2024-04-27
EMP06167,159394.72,27498.51,D020,"Doctor, general practice",2026-06-25
EMP06168,90357.32,3629.98,D005,Community pharmacist,2024-04-26
EMP06169,137812.05,1886.54,D001,Equality and diversity officer,2023-09-20
EMP06170,82775.43,15267.95,D020,Clinical research associate,2025-07-08
EMP06171,101545.79,14192.02,D011,Photographer,2024-08-08
EMP06172,79906.77,10090.8,D017,"Surveyor, building",2023-09-20
EMP06173,125600.95,12476.19,D002,Electronics engineer,2025-05-13
EMP06174,94248.8,140.46,D008,Counselling psychologist,2025-09-13
EMP06175,135232.83,10604.38,D017,Mining engineer,2024-02-18
EMP06176,98719.12,9922.85,D005,Audiological scientist,2025-05-28
EMP06177,141265.1,18615.75,D018,"Scientist, clinical (histocompatibility and immunogenetics)",2026-06-16
EMP06178,87081.42,5626.1,D019,Accounting technician,2025-06-25
EMP06179,97488.66,13034.81,D004,Waste management officer,2025-05-17
EMP06180,109592.46,8104.77,D017,"Therapist, occupational",2023-09-03
EMP06181,149881.77,22546.86,D010,"Engineer, manufacturing systems",2026-06-19
EMP06182,100560.61,17201.24,D020,Product manager,2026-07-22
EMP06183,59449.15,10061.83,D005,Broadcast journalist,2024-10-01
EMP06184,127966.64,14999.47,D011,Microbiologist,2026-07-12
EMP06185,99582.49,7380.43,D016,Clinical biochemist,2024-01-04
EMP06186,111110.71,259.93,D007,Exhibition designer,2025-07-07
EMP06187,87555.5,11891.55,D019,Cabin crew,2024-07-21
EMP06188,136036.71,13944.59,D020,"Production assistant, radio",2023-12-19
EMP06189,111726.02,1650.65,D015,Speech and language therapist,2025-08-27
EMP06190,113698.53,21784.57,D003,Illustrator,2025-11-22
EMP06191,143353.83,26419.42,D010,Geophysicist/field seismologist,2026-03-06
EMP06192,118509.69,21877.26,D005,"Therapist, sports",2024-05-01
EMP06193,105616.63,985.04,D001,Sport and exercise psychologist,2025-09-16
EMP06194,116693.83,19661.94,D008,"Surveyor, land/geomatics",2024-08-20
EMP06195,59758.74,5918.69,D002,Fine artist,2024-12-07
EMP06196,119346.25,22205.61,D006,"Sound technician, broadcasting/film/video",2024-10-06
EMP06197,148503.04,5631.46,D013,"Accountant, chartered certified",2025-08-24
EMP06198,153050.47,21927.91,D001,"Engineer, civil (consulting)",2025-06-13
EMP06199,150148.83,26541.41,D020,"Producer, radio",2025-04-06
EMP06200,96225.44,10563.59,D015,Health physicist,2025-01-20
EMP06201,81816.64,10443.15,D012,Primary school teacher,2023-10-24
EMP06202,94411.61,17129.97,D003,Exercise physiologist,2026-05-18
EMP06203,90339.82,16398.75,D020,Speech and language therapist,2026-06-10
EMP06204,80786.01,9689.58,D018,Community pharmacist,2023-12-08
EMP06205,78996.46,3631.3,D013,Chief Operating Officer,2024-08-20
EMP06206,102988.05,3377.93,D018,Environmental health practitioner,2024-01-04
EMP06207,91315.74,2598.39,D002,"Engineer, manufacturing",2023-10-14
EMP06208,117174.52,6268.96,D001,Product designer,2024-10-18
EMP06209,150640.84,13957.34,D014,"Biochemist, clinical",2025-03-10
EMP06210,104501.0,9018.05,D004,Fitness centre manager,2026-06-14
EMP06211,119643.9,11935.69,D018,"Teacher, special educational needs",2023-11-02
EMP06212,100316.78,8292.63,D014,Geographical information systems officer,2023-11-16
EMP06213,103243.77,6981.19,D002,Occupational hygienist,2026-02-19
EMP06214,115052.81,5073.71,D002,"Doctor, general practice",2025-05-16
EMP06215,77971.92,2495.02,D001,Information officer,2024-11-30
EMP06216,77089.8,10682.04,D017,Medical technical officer,2025-01-27
EMP06217,102299.47,12106.46,D013,Intelligence analyst,2026-03-02
EMP06218,124978.19,22350.37,D017,Insurance account manager,2024-03-24
EMP06219,137124.67,16595.86,D014,Airline pilot,2026-01-15
EMP06220,70482.43,1669.29,D019,Printmaker,2023-08-27
EMP06221,100221.48,10784.36,D009,Ranger/warden,2024-08-09
EMP06222,168304.65,19438.1,D016,"Administrator, local government",2025-01-02
EMP06223,133441.25,1866.78,D017,"Administrator, local government",2024-12-31
EMP06224,159977.54,29561.87,D012,IT sales professional,2024-11-12
EMP06225,131366.16,11514.12,D009,"Exhibitions officer, museum/gallery",2024-08-12
EMP06226,98043.18,9547.73,D004,Market researcher,2026-02-28
EMP06227,107179.15,968.46,D018,IT technical support officer,2024-09-29
EMP06228,143190.18,25289.57,D020,"Runner, broadcasting/film/video",2023-08-14
EMP06229,98042.3,18101.2,D012,"Scientist, physiological",2024-05-26
EMP06230,130584.47,21677.65,D014,"Conservator, furniture",2023-09-21
EMP06231,88117.53,2162.43,D011,"Engineer, energy",2024-02-01
EMP06232,82420.89,16472.85,D005,"Geneticist, molecular",2026-04-04
EMP06233,101398.22,17597.58,D013,Sub,2023-08-05
EMP06234,136759.94,4545.8,D010,Chiropractor,2025-04-24
EMP06235,91061.26,1790.99,D004,Company secretary,2023-10-04
EMP06236,110024.7,10230.46,D017,Sales promotion account executive,2025-07-10
EMP06237,88801.25,527.87,D009,Air broker,2026-05-12
EMP06238,137764.07,26545.82,D017,"Surveyor, building control",2025-05-12
EMP06239,107824.49,3630.57,D004,Editorial assistant,2024-05-05
EMP06240,96152.86,14570.52,D005,Systems analyst,2023-11-14
EMP06241,149975.56,7520.21,D012,Exhibition designer,2025-05-30
EMP06242,107367.02,18828.1,D004,"Scientist, forensic",2024-02-21
EMP06243,102714.49,1852.56,D003,IT technical support officer,2024-01-22
EMP06244,144642.37,17715.31,D002,Barrister,2023-10-31
EMP06245,109108.53,9504.89,D006,Copy,2025-02-12
EMP06246,111246.38,10104.48,D005,Social researcher,2024-06-14
EMP06247,120757.45,2504.55,D001,Health visitor,2023-09-17
EMP06248,124707.82,1119.8,D008,Regulatory affairs officer,2025-08-05
EMP06249,40000.0,477.29,D008,Quarry manager,2025-04-12
EMP06250,104748.96,13639.01,D016,"Therapist, art",2023-08-09
EMP06251,105017.15,4031.8,D003,Surgeon,2024-05-21
EMP06252,87415.55,7087.03,D014,Diagnostic radiographer,2024-08-31
EMP06253,88787.63,11369.05,D013,"Librarian, public",2025-04-03
EMP06254,90504.69,12912.95,D014,"Scientist, biomedical",2024-06-04
EMP06255,105494.17,12624.35,D017,"Radiographer, diagnostic",2024-03-24
EMP06256,71636.44,13324.35,D017,Manufacturing systems engineer,2024-08-13
EMP06257,111998.23,7296.59,D011,English as a foreign language teacher,2025-10-29
EMP06258,111008.35,1208.04,D007,"Psychologist, forensic",2025-10-28
EMP06259,106776.42,10384.52,D006,Building control surveyor,2025-11-20
EMP06260,73877.5,4599.51,D006,Meteorologist,2026-02-13
EMP06261,75208.6,11905.65,D007,Physiological scientist,2024-10-16
EMP06262,162351.87,24331.94,D020,Hospital pharmacist,2025-09-25
EMP06263,66710.13,7919.85,D003,Chiropodist,2026-05-22
EMP06264,113118.52,11754.39,D013,IT sales professional,2023-08-29
EMP06265,109658.16,11436.73,D008,Farm manager,2025-04-09
EMP06266,99303.35,6916.16,D012,"Engineer, technical sales",2024-08-15
EMP06267,107532.48,11786.06,D018,Analytical chemist,2024-08-30
EMP06268,95793.96,734.5,D007,Product designer,2026-05-10
EMP06269,139698.81,9349.62,D019,"Administrator, sports",2024-08-03
EMP06270,97532.56,13836.79,D011,Museum/gallery curator,2025-01-02
EMP06271,105391.51,13089.77,D006,Paediatric nurse,2025-02-12
EMP06272,117005.83,13363.35,D004,Pension scheme manager,2025-06-19
EMP06273,115364.99,18665.66,D010,"Research officer, political party",2025-03-12
EMP06274,144889.17,8833.87,D006,"Biochemist, clinical",2024-03-07
EMP06275,87732.32,4665.57,D020,Operational investment banker,2024-09-24
EMP06276,110520.07,10583.66,D016,"Engineer, production",2024-03-16
EMP06277,76088.4,9398.26,D014,"Exhibitions officer, museum/gallery",2024-07-02
EMP06278,86966.92,14447.85,D005,Chemical engineer,2025-01-02
EMP06279,125871.05,24868.95,D017,Chiropodist,2024-07-29
EMP06280,120770.3,21841.75,D004,"Teacher, primary school",2025-10-06
EMP06281,102488.01,15823.84,D007,Broadcast presenter,2025-02-20
EMP06282,153291.91,6253.83,D011,Plant breeder/geneticist,2026-03-11
EMP06283,93750.48,17314.15,D001,Chief Financial Officer,2026-06-26
EMP06284,169736.42,24421.25,D004,Civil Service administrator,2024-01-31
EMP06285,100151.06,5981.62,D008,Therapeutic radiographer,2026-07-18
EMP06286,47110.19,6292.85,D012,Learning mentor,2026-03-23
EMP06287,117655.03,8519.71,D005,Leisure centre manager,2024-06-30
EMP06288,106087.06,7282.48,D012,English as a second language teacher,2026-01-17
EMP06289,112782.12,12684.84,D007,Agricultural engineer,2023-11-22
EMP06290,108109.49,13402.48,D016,"Therapist, nutritional",2025-03-21
EMP06291,100036.49,9274.61,D015,Financial risk analyst,2025-04-21
EMP06292,96446.42,1612.48,D016,Recruitment consultant,2025-05-22
EMP06293,88882.51,9101.08,D001,"Engineer, land",2024-07-19
EMP06294,96463.76,680.78,D012,Clothing/textile technologist,2025-12-25
EMP06295,139067.73,20935.12,D007,Energy manager,2024-10-30
EMP06296,79109.58,12605.65,D015,Freight forwarder,2023-09-17
EMP06297,86140.11,6010.52,D015,Barista,2025-08-11
EMP06298,97285.08,2741.74,D009,Event organiser,2025-03-25
EMP06299,91205.61,2499.45,D004,Ranger/warden,2023-12-04
EMP06300,93709.21,9851.9,D002,"Research officer, government",2023-08-17
EMP06301,49660.1,6677.26,D013,Writer,2024-09-19
EMP06302,126431.59,2661.55,D002,Careers adviser,2025-11-17
EMP06303,111794.34,14375.0,D020,"Psychologist, prison and probation services",2026-03-23
EMP06304,136709.01,6855.47,D004,Actuary,2026-03-24
EMP06305,123767.31,14871.31,D015,"Engineer, structural",2025-09-14
EMP06306,109619.38,21803.54,D009,"Radiographer, diagnostic",2026-04-10
EMP06307,70430.89,862.37,D011,"Teacher, music",2025-07-18
EMP06308,81635.86,10155.74,D013,"Engineer, mining",2026-07-01
EMP06309,136962.23,14378.21,D010,Air broker,2025-06-26
EMP06310,109472.3,12367.25,D010,Patent examiner,2025-05-11
EMP06311,96864.15,2755.17,D004,Chief Strategy Officer,2026-05-01
EMP06312,121856.62,19829.1,D011,Solicitor,2024-05-24
EMP06313,76749.58,10010.34,D006,Telecommunications researcher,2025-02-03
EMP06314,118843.95,8079.53,D008,"Copywriter, advertising",2025-08-21
EMP06315,87665.98,1280.96,D009,Arts development officer,2025-10-28
EMP06316,94018.03,1444.87,D009,"Administrator, education",2025-07-16
EMP06317,139668.74,2281.67,D020,Historic buildings inspector/conservation officer,2024-10-17
EMP06318,94590.17,17768.1,D018,Metallurgist,2026-01-11
EMP06319,106637.81,15318.32,D010,"Scientist, forensic",2025-02-14
EMP06320,113428.13,22074.1,D008,"Conservation officer, nature",2024-08-07
EMP06321,82314.36,358.69,D011,Armed forces technical officer,2024-03-11
EMP06322,132323.62,1051.4,D014,Publishing rights manager,2024-07-09
EMP06323,90849.92,16319.98,D011,Cytogeneticist,2025-09-07
EMP06324,138208.58,16359.41,D005,Chief Operating Officer,2025-08-21
EMP06325,111548.09,8117.79,D003,"Nurse, adult",2025-05-21
EMP06326,79058.4,11741.71,D013,"Education officer, environmental",2024-02-02
EMP06327,101347.71,8653.78,D007,Geophysicist/field seismologist,2023-12-22
EMP06328,140145.35,27940.19,D013,"Production assistant, radio",2026-04-21
EMP06329,90422.03,3160.0,D010,Hydrogeologist,2026-07-04
EMP06330,122999.56,827.21,D018,Conference centre manager,2024-05-19
EMP06331,100511.39,7049.29,D007,Hydrogeologist,2024-09-25
EMP06332,101651.2,12765.45,D015,Plant breeder/geneticist,2024-10-10
EMP06333,119031.3,7932.4,D019,"Surveyor, land/geomatics",2025-01-06
EMP06334,86864.52,16605.16,D013,Geophysicist/field seismologist,2024-08-14
EMP06335,168183.44,4908.61,D011,Purchasing manager,2025-06-22
EMP06336,114133.85,4497.86,D017,Financial planner,2023-09-13
EMP06337,109615.87,1051.54,D018,Data processing manager,2026-03-17
EMP06338,120605.33,4331.75,D005,Media buyer,2024-10-25
EMP06339,151087.73,12763.33,D008,IT sales professional,2024-11-03
EMP06340,126826.19,19006.57,D017,"Biochemist, clinical",2025-10-10
EMP06341,126138.39,17396.95,D002,Photographer,2024-05-25
EMP06342,97911.7,3812.64,D002,Land/geomatics surveyor,2023-10-07
EMP06343,149213.8,12731.58,D007,Contractor,2025-10-16
EMP06344,107369.39,4213.29,D006,Teaching laboratory technician,2026-06-26
EMP06345,100646.62,12362.11,D017,Trading standards officer,2023-12-03
EMP06346,139198.77,9887.21,D019,Aeronautical engineer,2025-05-14
EMP06347,132080.57,11833.37,D002,Legal executive,2026-04-23
EMP06348,94427.63,7314.8,D016,English as a foreign language teacher,2026-05-23
EMP06349,106514.24,5739.64,D001,Music tutor,2024-11-03
EMP06350,82860.32,8696.83,D012,Prison officer,2025-08-27
EMP06351,115351.36,7178.78,D013,Communications engineer,2025-06-15
EMP06352,113383.76,14496.95,D016,"Conservation officer, nature",2025-08-21
EMP06353,124162.9,7140.6,D008,Aeronautical engineer,2026-01-01
EMP06354,158826.15,20354.13,D004,"Production designer, theatre/television/film",2024-03-08
EMP06355,91384.58,13120.75,D001,"Designer, interior/spatial",2025-09-29
EMP06356,113219.67,11783.2,D009,Animal nutritionist,2025-01-12
EMP06357,84244.81,70.5,D009,Wellsite geologist,2024-09-11
EMP06358,112047.77,84.44,D020,Location manager,2026-02-24
EMP06359,104430.15,289.32,D001,Publishing rights manager,2024-01-24
EMP06360,111199.04,13988.51,D009,Sports therapist,2025-01-13
EMP06361,113937.57,9866.22,D016,Trade union research officer,2025-11-26
EMP06362,103563.89,8727.94,D010,Advice worker,2025-10-11
EMP06363,123734.08,3963.05,D005,Facilities manager,2025-06-27
EMP06364,108506.55,17459.1,D020,Interior and spatial designer,2024-11-24
EMP06365,116037.15,21138.6,D018,IT sales professional,2023-09-06
EMP06366,89865.32,6846.63,D011,"Administrator, arts",2024-03-26
EMP06367,127248.43,20160.37,D006,Soil scientist,2026-05-23
EMP06368,55141.38,7832.58,D016,Child psychotherapist,2024-05-13
EMP06369,85623.84,5100.67,D016,"Teacher, adult education",2025-12-10
EMP06370,114544.25,13111.09,D012,Trade mark attorney,2024-11-05
EMP06371,125696.13,2943.13,D004,Patent examiner,2023-08-20
EMP06372,62274.63,4877.37,D016,"Solicitor, Scotland",2025-08-04
EMP06373,95832.9,10097.0,D010,General practice doctor,2023-11-14
EMP06374,132373.18,676.27,D008,Health physicist,2026-03-18
EMP06375,98668.76,19080.64,D019,IT technical support officer,2026-06-10
EMP06376,114403.03,17129.02,D016,"Presenter, broadcasting",2024-02-15
EMP06377,119670.31,23637.44,D006,"Journalist, newspaper",2024-03-26
EMP06378,101160.09,5789.63,D020,Product manager,2025-11-29
EMP06379,97752.92,11085.15,D001,Solicitor,2025-06-14
EMP06380,46693.22,8731.35,D013,Cartographer,2024-05-04
EMP06381,132891.93,9481.55,D006,Product manager,2025-06-19
EMP06382,88729.85,7879.84,D010,General practice doctor,2024-09-01
EMP06383,53325.37,6899.1,D005,Hospital pharmacist,2025-03-25
EMP06384,163743.22,22609.57,D003,Electrical engineer,2024-01-15
EMP06385,98822.06,4974.12,D016,Analytical chemist,2026-01-03
EMP06386,67093.28,1754.25,D020,International aid/development worker,2025-06-29
EMP06387,101704.28,14063.12,D014,Gaffer,2023-11-19
EMP06388,95277.05,7374.97,D004,Automotive engineer,2024-08-02
EMP06389,95761.68,4213.86,D020,Medical illustrator,2025-12-12
EMP06390,130863.64,15647.47,D003,Chartered accountant,2024-05-14
EMP06391,136272.49,9442.93,D001,Merchant navy officer,2024-06-11
EMP06392,115420.88,16477.14,D017,"Journalist, magazine",2024-01-21
EMP06393,106096.37,8593.46,D001,Personnel officer,2025-06-02
EMP06394,141744.23,1757.29,D008,Radio broadcast assistant,2024-11-18
EMP06395,99386.75,10412.56,D003,Health visitor,2024-05-09
EMP06396,87788.33,3488.82,D011,Acupuncturist,2026-04-30
EMP06397,113957.0,20220.92,D020,"Surveyor, rural practice",2024-10-18
EMP06398,73211.97,3367.77,D016,Ecologist,2024-02-07
EMP06399,125191.49,23214.11,D012,Art therapist,2026-02-24
EMP06400,154737.74,26935.29,D002,Commercial horticulturist,2024-10-13
EMP06401,104895.7,4570.91,D011,"Nurse, mental health",2025-06-14
EMP06402,114235.15,21735.23,D018,Research scientist (physical sciences),2024-08-05
EMP06403,119513.52,13404.24,D001,Interpreter,2024-05-12
EMP06404,105665.72,255.08,D015,Tourist information centre manager,2024-05-25
EMP06405,143704.29,24010.16,D011,"Therapist, speech and language",2026-01-19
EMP06406,109001.07,19877.67,D002,Financial manager,2024-01-08
EMP06407,149591.58,1252.32,D011,Animal technologist,2025-10-29
EMP06408,108642.96,11848.14,D014,Aeronautical engineer,2025-07-08
EMP06409,166016.32,20212.92,D018,Building surveyor,2025-05-23
EMP06410,123934.09,6237.54,D017,Environmental manager,2024-04-14
EMP06411,118263.72,3829.42,D006,Furniture designer,2024-05-30
EMP06412,147741.12,13404.71,D007,Careers information officer,2026-05-25
EMP06413,91532.46,139.88,D006,Immunologist,2025-10-27
EMP06414,116597.69,22019.3,D015,Analytical chemist,2025-10-29
EMP06415,65631.73,7185.83,D004,Magazine journalist,2025-06-24
EMP06416,108669.26,743.87,D004,Solicitor,2026-04-30
EMP06417,90837.56,15951.11,D014,Associate Professor,2023-11-08
EMP06418,106022.36,17733.7,D001,Naval architect,2025-05-27
EMP06419,105948.29,1668.31,D008,Quality manager,2025-01-21
EMP06420,89248.63,1087.64,D006,Advertising account executive,2026-04-16
EMP06421,104014.47,4015.59,D013,"Teacher, English as a foreign language",2024-08-26
EMP06422,117366.44,7612.62,D010,Building surveyor,2026-02-24
EMP06423,129491.53,8736.9,D020,Forest/woodland manager,2025-05-08
EMP06424,72805.03,3702.73,D006,Glass blower/designer,2024-08-20
EMP06425,88043.64,15189.55,D017,Police officer,2025-08-24
EMP06426,100169.77,7841.35,D004,Mechanical engineer,2026-06-17
EMP06427,132367.18,18035.91,D017,Insurance broker,2025-08-08
EMP06428,98291.02,17107.5,D011,"Scientist, physiological",2025-10-21
EMP06429,89864.57,2152.15,D011,Furniture designer,2023-10-23
EMP06430,122553.31,9868.6,D020,"Accountant, chartered public finance",2023-12-25
EMP06431,99571.09,14933.07,D007,Artist,2025-09-08
EMP06432,142624.98,13806.07,D012,"Administrator, Civil Service",2025-09-11
EMP06433,123041.07,20582.62,D009,Architect,2024-01-09
EMP06434,89835.32,1738.78,D006,Hospital doctor,2025-06-05
EMP06435,148864.95,14063.7,D019,Applications developer,2024-02-13
EMP06436,104508.38,4152.76,D007,Advice worker,2024-01-15
EMP06437,95789.41,1888.73,D015,"Horticulturist, commercial",2023-09-01
EMP06438,109114.85,3760.6,D019,Passenger transport manager,2023-12-22
EMP06439,63255.31,8277.31,D019,Forest/woodland manager,2025-07-14
EMP06440,120104.12,15845.36,D004,Mechanical engineer,2026-01-13
EMP06441,121439.55,19694.45,D001,Food technologist,2024-09-30
EMP06442,142057.0,1327.32,D002,Youth worker,2024-09-05
EMP06443,131747.29,14009.82,D009,"Psychologist, counselling",2026-08-04
EMP06444,134761.27,21440.91,D016,Musician,2023-11-16
EMP06445,86010.18,14693.97,D009,Seismic interpreter,2024-05-02
EMP06446,101272.97,11636.1,D011,"Engineer, mining",2024-06-06
EMP06447,57980.05,334.41,D005,Hotel manager,2023-12-11
EMP06448,97036.31,5579.75,D017,Social worker,2024-07-10
EMP06449,92957.26,5336.84,D016,Prison officer,2025-04-03
EMP06450,139690.57,2336.62,D014,Make,2025-02-11
EMP06451,121419.9,1141.51,D014,"Doctor, hospital",2024-01-26
EMP06452,101795.89,1765.14,D016,Media planner,2024-03-24
EMP06453,154080.72,1501.43,D004,Optometrist,2026-04-02
EMP06454,82010.14,8725.78,D011,Advertising account executive,2025-09-25
EMP06455,136873.6,21177.85,D006,Herbalist,2024-07-01
EMP06456,86469.04,5299.51,D004,Structural engineer,2025-07-20
EMP06457,94614.31,2253.51,D010,Telecommunications researcher,2024-01-10
EMP06458,79911.83,12406.25,D013,Trade union research officer,2024-11-05
EMP06459,119689.73,6965.34,D006,Curator,2025-11-08
EMP06460,82557.18,911.25,D013,Herbalist,2026-01-18
EMP06461,96082.01,3204.49,D019,Occupational hygienist,2024-01-13
EMP06462,82516.91,3782.07,D012,"Physicist, medical",2024-09-18
EMP06463,122197.69,22168.45,D016,Contractor,2025-09-18
EMP06464,133008.4,6109.19,D016,Interpreter,2025-06-18
EMP06465,67265.69,5065.79,D001,"Producer, radio",2025-02-16
EMP06466,78862.97,5481.64,D011,"Pharmacist, hospital",2024-10-23
EMP06467,99572.03,19620.28,D019,Best boy,2025-12-16
EMP06468,116770.28,18986.23,D015,Charity officer,2025-10-27
EMP06469,127089.0,7751.45,D019,"Engineer, automotive",2024-09-15
EMP06470,70058.33,6631.88,D014,Set designer,2024-10-18
EMP06471,120442.95,9416.3,D005,Archaeologist,2026-02-08
EMP06472,99673.95,9656.6,D003,"Psychotherapist, dance movement",2024-01-24
EMP06473,131686.28,5253.11,D014,Town planner,2024-01-07
EMP06474,129283.18,23589.28,D008,Learning disability nurse,2025-06-24
EMP06475,154193.29,18869.87,D012,Cartographer,2024-02-02
EMP06476,159333.55,2787.28,D017,Chartered public finance accountant,2025-07-06
EMP06477,93722.44,7607.39,D017,"Runner, broadcasting/film/video",2024-07-02
EMP06478,81898.54,4155.62,D012,Clinical research associate,2025-04-03
EMP06479,124104.1,24787.94,D010,"Doctor, hospital",2023-11-01
EMP06480,117449.86,9991.43,D017,Clinical biochemist,2024-11-04
EMP06481,52301.24,8182.78,D005,Music tutor,2025-09-15
EMP06482,113861.79,22667.33,D013,Manufacturing engineer,2026-03-15
EMP06483,126087.84,7834.66,D002,"Editor, film/video",2025-10-18
EMP06484,120231.73,12199.87,D007,Microbiologist,2025-10-25
EMP06485,96492.65,8548.35,D007,Best boy,2024-01-24
EMP06486,142807.26,11842.23,D011,"Surveyor, hydrographic",2025-08-18
EMP06487,151524.08,9770.59,D013,Commercial/residential surveyor,2024-11-12
EMP06488,113177.57,11699.42,D017,Mental health nurse,2023-09-01
EMP06489,114498.3,19198.74,D003,Systems developer,2024-07-12
EMP06490,137700.04,13262.56,D011,Landscape architect,2023-09-14
EMP06491,124724.61,13980.94,D009,Town planner,2024-12-28
EMP06492,87003.23,9497.71,D004,Advice worker,2024-10-21
EMP06493,66294.1,5230.72,D011,Insurance account manager,2025-08-23
EMP06494,100286.3,5621.29,D017,Financial adviser,2023-08-11
EMP06495,103281.56,3760.55,D004,Clinical embryologist,2026-05-05
EMP06496,189614.48,36395.54,D006,Lexicographer,2025-09-13
EMP06497,91368.19,10919.11,D020,Advertising copywriter,2025-10-03
EMP06498,139454.17,7556.11,D019,Print production planner,2025-01-30
EMP06499,82977.61,10958.5,D007,Building services engineer,2026-03-24
EMP06500,94944.46,5970.98,D009,Research scientist (medical),2026-07-04
EMP06501,140720.37,10527.72,D017,Furniture conservator/restorer,2026-01-22
EMP06502,119870.19,19085.63,D008,Building services engineer,2026-01-16
EMP06503,127972.87,19966.98,D014,Police officer,2025-08-04
EMP06504,124173.56,13066.7,D005,Haematologist,2024-03-24
EMP06505,81199.84,14594.38,D003,Quarry manager,2025-05-01
EMP06506,151206.0,7122.99,D015,Radio broadcast assistant,2026-07-03
EMP06507,82687.02,13643.94,D002,Naval architect,2026-07-09
EMP06508,100646.49,10757.94,D011,Energy engineer,2024-05-24
EMP06509,69993.34,645.19,D016,Chiropractor,2024-05-20
EMP06510,80082.23,2059.97,D019,Archaeologist,2026-02-24
EMP06511,106342.02,6303.61,D020,Estate manager/land agent,2024-10-01
EMP06512,83465.19,14844.17,D015,"Designer, graphic",2023-09-11
EMP06513,131448.44,13151.24,D009,Firefighter,2025-06-19
EMP06514,93112.67,15619.52,D013,Community development worker,2023-10-06
EMP06515,114348.17,15471.05,D003,Television production assistant,2024-01-21
EMP06516,120067.19,20764.62,D016,Proofreader,2026-05-22
EMP06517,100600.51,14467.93,D007,Operational investment banker,2024-09-05
EMP06518,117863.15,12891.58,D015,Public house manager,2023-08-23
EMP06519,108089.72,7007.05,D017,Barrister,2024-01-10
EMP06520,116210.06,1698.77,D016,"Designer, textile",2025-05-03
EMP06521,109067.19,5757.52,D012,Medical illustrator,2023-08-06
EMP06522,131202.38,17560.08,D012,Information systems manager,2024-11-24
EMP06523,110718.17,18273.73,D012,Mining engineer,2026-04-11
EMP06524,97163.92,8772.39,D020,Chiropodist,2024-06-21
EMP06525,110026.52,9051.94,D013,Patent attorney,2025-03-14
EMP06526,71542.31,1679.64,D005,"Sales professional, IT",2024-02-12
EMP06527,149477.28,4836.37,D020,Forest/woodland manager,2026-07-08
EMP06528,164210.83,26848.05,D007,"Horticulturist, commercial",2023-08-21
EMP06529,104208.08,12751.78,D009,Health physicist,2026-07-26
EMP06530,66255.36,11158.96,D015,Museum education officer,2023-11-21
EMP06531,64931.98,11672.82,D014,"Therapist, horticultural",2024-05-26
EMP06532,155789.58,11985.47,D020,Personnel officer,2025-01-20
EMP06533,108016.1,17189.46,D012,Heritage manager,2026-06-10
EMP06534,49648.56,342.54,D007,Medical secretary,2024-02-17
EMP06535,102532.51,3406.35,D016,Risk analyst,2024-01-02
EMP06536,133509.18,22782.98,D002,Training and development officer,2025-03-19
EMP06537,152202.0,4259.05,D008,Education administrator,2026-02-17
EMP06538,113327.81,13252.53,D017,Food technologist,2026-07-28
EMP06539,116221.98,2956.62,D012,Insurance account manager,2025-07-01
EMP06540,117355.05,5250.51,D020,Chartered accountant,2025-07-05
EMP06541,96866.83,6268.37,D004,Special effects artist,2025-10-07
EMP06542,66004.57,257.33,D008,Estate agent,2024-05-02
EMP06543,77795.14,6938.64,D020,Electrical engineer,2023-08-24
EMP06544,104818.27,13180.77,D013,Rural practice surveyor,2026-06-01
EMP06545,104032.27,20069.03,D002,Broadcast engineer,2025-01-21
EMP06546,118335.38,10025.28,D007,Chartered management accountant,2024-02-24
EMP06547,90660.86,134.23,D012,Financial controller,2025-11-08
EMP06548,124170.76,13741.3,D019,"Producer, radio",2023-12-02
EMP06549,123984.18,3096.63,D011,Conference centre manager,2024-09-18
EMP06550,105571.58,5424.01,D011,Glass blower/designer,2024-10-23
EMP06551,89619.94,5536.62,D017,Health promotion specialist,2024-11-27
EMP06552,94438.58,3969.8,D017,"Research officer, government",2026-03-18
EMP06553,117753.69,90.55,D001,"Therapist, nutritional",2024-07-30
EMP06554,105167.21,3391.55,D014,"Designer, graphic",2026-05-13
EMP06555,121006.41,22132.81,D002,Technical sales engineer,2025-08-21
EMP06556,90460.87,11287.19,D019,"Programmer, systems",2026-06-16
EMP06557,94693.22,8567.58,D014,"Journalist, broadcasting",2025-05-06
EMP06558,65819.33,517.39,D011,"Teacher, special educational needs",2026-02-24
EMP06559,120814.98,7444.25,D003,Chief Executive Officer,2024-09-21
EMP06560,111310.95,13615.55,D016,Geographical information systems officer,2024-01-19
EMP06561,93594.02,14532.74,D002,Hydrographic surveyor,2026-05-07
EMP06562,106988.98,3078.74,D018,Senior tax professional/tax inspector,2023-10-01
EMP06563,133790.21,24522.8,D016,Teaching laboratory technician,2025-02-15
EMP06564,95246.7,906.01,D008,Information officer,2025-08-18
EMP06565,114916.57,14080.06,D008,Advertising account planner,2024-11-03
EMP06566,137825.9,15112.78,D008,"Accountant, chartered public finance",2026-02-19
EMP06567,58179.56,6545.47,D004,"Teacher, special educational needs",2024-08-29
EMP06568,72820.66,1334.31,D015,Insurance broker,2024-12-02
EMP06569,125682.2,16680.57,D012,Music tutor,2025-03-10
EMP06570,122067.27,15914.99,D001,"Librarian, academic",2024-02-26
EMP06571,60365.28,7252.47,D007,Sport and exercise psychologist,2025-05-05
EMP06572,117448.88,20500.24,D020,Freight forwarder,2026-03-07
EMP06573,59527.65,9381.07,D007,Ophthalmologist,2025-03-20
EMP06574,124436.38,8861.1,D008,Farm manager,2026-03-29
EMP06575,102654.83,9679.57,D020,TEFL teacher,2023-09-22
EMP06576,119418.11,12827.09,D010,"Designer, fashion/clothing",2026-07-25
EMP06577,118314.51,20705.17,D009,Horticultural consultant,2024-04-16
EMP06578,120058.45,16179.26,D019,"Surveyor, minerals",2024-06-03
EMP06579,131108.07,1325.09,D015,Retail manager,2025-09-30
EMP06580,144955.76,13458.39,D014,"Research officer, trade union",2025-06-26
EMP06581,123188.21,23686.26,D014,"Surveyor, minerals",2023-12-09
EMP06582,119769.09,12634.71,D007,Adult nurse,2025-07-23
EMP06583,101479.29,19539.63,D005,Publishing rights manager,2026-06-09
EMP06584,151575.41,17187.97,D018,Financial planner,2026-07-04
EMP06585,116954.14,17267.16,D004,Purchasing manager,2025-10-22
EMP06586,58460.26,3760.84,D010,Occupational psychologist,2025-07-26
EMP06587,122245.46,22539.03,D012,Publishing rights manager,2025-10-01
EMP06588,98130.45,1919.82,D001,Personal assistant,2025-01-31
EMP06589,170832.47,11477.51,D005,Forest/woodland manager,2023-10-10
EMP06590,106987.17,9385.39,D014,"Teacher, music",2026-03-15
EMP06591,98692.04,12023.61,D005,"Psychotherapist, dance movement",2025-07-26
EMP06592,105778.33,12070.09,D002,"Engineer, land",2025-09-15
EMP06593,132268.55,18556.15,D001,Production manager,2025-11-24
EMP06594,93127.17,15323.34,D018,Set designer,2025-08-11
EMP06595,97265.44,5678.95,D015,Armed forces technical officer,2026-05-03
EMP06596,139899.4,7755.06,D010,IT technical support officer,2026-03-30
EMP06597,89929.0,9130.63,D008,Fish farm manager,2024-02-14
EMP06598,95899.13,5601.48,D015,Graphic designer,2024-03-02
EMP06599,64454.83,9125.22,D001,Data scientist,2026-05-23
EMP06600,118914.95,21745.25,D016,Make,2024-07-07
EMP06601,94603.27,15703.25,D008,Clinical research associate,2025-05-10
EMP06602,93505.41,13190.81,D001,"Surveyor, quantity",2025-09-22
EMP06603,124194.55,8364.81,D016,Chiropodist,2024-01-11
EMP06604,120344.35,11581.13,D005,Soil scientist,2024-05-08
EMP06605,88220.51,8401.08,D008,"Programme researcher, broadcasting/film/video",2025-08-29
EMP06606,103520.88,7608.61,D007,Community education officer,2024-02-24
EMP06607,99344.26,72.43,D020,Pharmacologist,2024-01-23
EMP06608,133839.68,1423.98,D007,Computer games developer,2024-04-22
EMP06609,146245.98,6169.95,D007,Solicitor,2024-12-02
EMP06610,93197.08,14884.86,D006,"Teacher, music",2023-11-14
EMP06611,103950.72,7893.57,D014,Product manager,2023-08-20
EMP06612,116387.22,17707.8,D001,Information officer,2024-05-22
EMP06613,89283.34,16222.39,D011,Private music teacher,2026-05-15
EMP06614,122067.57,13282.24,D005,"Presenter, broadcasting",2025-12-01
EMP06615,175436.72,8169.83,D002,"Programmer, systems",2024-06-09
EMP06616,102334.22,12477.91,D001,Podiatrist,2024-09-04
EMP06617,102840.39,5940.23,D012,"Physicist, medical",2025-03-06
EMP06618,67778.72,13541.78,D004,Office manager,2025-12-30
EMP06619,79030.65,721.42,D010,Barista,2024-05-21
EMP06620,121670.95,18314.37,D010,Tree surgeon,2024-12-28
EMP06621,110406.32,13555.87,D004,Ceramics designer,2024-09-17
EMP06622,160132.28,11340.88,D012,Theatre stage manager,2024-02-09
EMP06623,71666.93,975.91,D009,Community arts worker,2023-11-13
EMP06624,88768.0,6705.94,D002,Tourist information centre manager,2025-01-15
EMP06625,90585.52,6458.34,D004,Energy manager,2025-09-02
EMP06626,107412.69,14865.46,D011,Medical sales representative,2024-11-16
EMP06627,97693.03,17038.54,D001,"Development worker, community",2026-02-11
EMP06628,118614.13,19805.95,D003,Museum/gallery conservator,2025-03-13
EMP06629,110955.1,20267.52,D008,Forensic scientist,2025-06-02
EMP06630,134286.28,16706.91,D014,Computer games developer,2024-03-13
EMP06631,70316.79,9031.75,D018,"Lighting technician, broadcasting/film/video",2023-08-27
EMP06632,40000.0,2360.04,D008,Technical author,2024-07-13
EMP06633,76396.94,3963.36,D009,Tree surgeon,2024-05-14
EMP06634,95487.78,7764.98,D016,"Engineer, materials",2024-03-15
EMP06635,70933.18,2669.96,D020,"Clinical scientist, histocompatibility and immunogenetics",2024-08-06
EMP06636,95583.17,4699.52,D012,"Production assistant, radio",2024-11-20
EMP06637,102917.24,4401.26,D015,"Presenter, broadcasting",2026-03-31
EMP06638,119736.65,663.02,D004,TEFL teacher,2023-11-25
EMP06639,99656.23,8078.01,D007,Research scientist (maths),2023-09-28
EMP06640,104812.08,20594.89,D010,"Administrator, local government",2025-04-10
EMP06641,139964.12,19055.48,D011,Set designer,2026-02-26
EMP06642,76338.59,14267.36,D018,Marine scientist,2025-09-01
EMP06643,98859.86,17151.73,D017,Petroleum engineer,2023-08-14
EMP06644,55867.23,10336.82,D017,Product/process development scientist,2024-02-15
EMP06645,85535.22,7377.39,D004,"Investment banker, operational",2025-11-03
EMP06646,95419.38,5194.81,D017,"Teacher, special educational needs",2025-01-10
EMP06647,141603.04,3652.06,D015,Commercial horticulturist,2025-04-05
EMP06648,75459.2,6743.49,D017,Agricultural engineer,2023-08-15
EMP06649,69431.19,10908.43,D012,Minerals surveyor,2025-08-21
EMP06650,155298.4,14834.31,D008,Press photographer,2023-09-03
EMP06651,56194.21,3451.31,D003,"Engineer, petroleum",2023-10-18
EMP06652,96325.55,18545.66,D016,"Therapist, art",2025-01-15
EMP06653,90387.97,11135.12,D010,Pathologist,2024-09-01
EMP06654,108958.36,1738.02,D019,Radio producer,2023-08-16
EMP06655,75645.31,7117.57,D012,Armed forces training and education officer,2024-08-20
EMP06656,127476.59,4425.56,D015,Immunologist,2024-12-23
EMP06657,94923.82,7446.73,D015,Health physicist,2025-08-09
EMP06658,108348.77,15587.71,D008,Product designer,2025-12-27
EMP06659,118406.02,12545.31,D019,Publishing rights manager,2024-03-10
EMP06660,87519.67,9457.86,D020,Quarry manager,2026-04-19
EMP06661,67323.64,8360.2,D010,Clinical psychologist,2025-12-01
EMP06662,124940.58,18672.49,D020,Glass blower/designer,2026-07-20
EMP06663,98438.75,10887.38,D008,Analytical chemist,2025-10-21
EMP06664,97072.7,7452.16,D016,Marine scientist,2025-11-25
EMP06665,76392.11,718.49,D001,"Production designer, theatre/television/film",2025-01-17
EMP06666,144102.59,2008.44,D010,Psychotherapist,2023-09-28
EMP06667,128863.14,21599.94,D003,Automotive engineer,2025-09-21
EMP06668,118523.42,8013.7,D006,Control and instrumentation engineer,2026-03-08
EMP06669,114205.5,9802.5,D007,Medical sales representative,2025-05-18
EMP06670,104600.09,11711.92,D001,Adult nurse,2024-10-01
EMP06671,49119.33,1926.26,D001,Chartered certified accountant,2024-04-23
EMP06672,135055.38,23225.1,D013,Media buyer,2024-06-15
EMP06673,142310.22,21723.2,D008,"Merchandiser, retail",2025-09-09
EMP06674,90485.5,3610.7,D017,Herbalist,2024-12-10
EMP06675,119726.93,2686.43,D008,Furniture conservator/restorer,2025-06-20
EMP06676,118304.66,19536.39,D010,Waste management officer,2025-01-02
EMP06677,66618.16,7059.73,D011,Herbalist,2024-02-08
EMP06678,96906.77,7699.61,D006,Animal technologist,2024-08-30
EMP06679,96103.36,7635.16,D007,Web designer,2025-04-10
EMP06680,109988.51,17314.09,D010,Writer,2025-01-16
EMP06681,132908.11,19097.16,D008,Solicitor,2025-10-15
EMP06682,100457.92,12077.11,D012,IT sales professional,2025-10-15
EMP06683,79883.15,15311.01,D017,Proofreader,2023-12-10
EMP06684,119083.15,14345.48,D005,Jewellery designer,2023-08-22
EMP06685,105856.36,18901.96,D020,Consulting civil engineer,2023-10-20
EMP06686,113244.05,17055.7,D001,Metallurgist,2024-08-17
EMP06687,132176.55,21395.38,D007,Neurosurgeon,2025-11-12
EMP06688,52282.0,5095.74,D003,"Engineer, technical sales",2024-05-17
EMP06689,130888.58,2113.11,D020,Recycling officer,2026-07-24
EMP06690,104942.64,3300.03,D006,Further education lecturer,2025-01-02
EMP06691,135358.94,7190.13,D007,"Geologist, engineering",2025-06-08
EMP06692,136445.6,5821.75,D013,Stage manager,2025-05-31
EMP06693,113700.68,3013.16,D012,Geophysical data processor,2026-03-03
EMP06694,103142.66,9963.16,D012,Marketing executive,2024-10-22
EMP06695,153255.26,26584.55,D017,Legal secretary,2025-03-12
EMP06696,140053.21,2512.31,D001,Legal secretary,2024-01-19
EMP06697,104423.62,13021.02,D010,Public librarian,2026-04-14
EMP06698,108807.56,14099.93,D010,Newspaper journalist,2023-08-27
EMP06699,110712.93,7890.39,D006,Outdoor activities/education manager,2025-12-16
EMP06700,90792.78,14691.27,D012,"Engineer, materials",2025-03-13
EMP06701,49495.78,289.3,D002,Financial controller,2024-01-03
EMP06702,130131.63,7911.43,D017,Lexicographer,2024-01-16
EMP06703,91641.09,16449.52,D003,Glass blower/designer,2026-05-08
EMP06704,157531.71,19734.98,D020,Educational psychologist,2025-04-18
EMP06705,104311.33,4367.61,D010,"Accountant, chartered certified",2025-09-24
EMP06706,165806.68,22332.45,D005,"Lecturer, further education",2023-10-12
EMP06707,106619.13,6203.01,D019,Aid worker,2026-01-08
EMP06708,120813.7,2000.57,D011,Systems analyst,2026-01-03
EMP06709,109783.21,2998.64,D006,Licensed conveyancer,2025-09-12
EMP06710,91825.95,16524.41,D014,"Engineer, structural",2024-11-12
EMP06711,98708.02,9074.12,D007,Administrator,2026-08-04
EMP06712,64498.98,840.83,D008,"Production assistant, television",2026-05-10
EMP06713,109639.61,12657.98,D017,"Designer, multimedia",2025-09-30
EMP06714,99651.39,166.21,D009,"Psychotherapist, dance movement",2026-07-14
EMP06715,120938.33,17026.86,D005,"Psychotherapist, dance movement",2025-10-15
EMP06716,58604.07,9413.08,D010,"Conservator, furniture",2024-04-12
EMP06717,126986.46,24388.62,D002,"Secretary, company",2025-09-03
EMP06718,80442.37,5452.62,D009,Customer service manager,2025-03-20
EMP06719,107801.69,1367.84,D019,Public relations officer,2026-01-08
EMP06720,97107.43,6214.18,D003,Neurosurgeon,2023-12-20
EMP06721,71517.97,6450.09,D019,"Teacher, music",2025-12-03
EMP06722,111442.99,19352.48,D006,"Journalist, newspaper",2025-06-04
EMP06723,153604.11,13995.34,D018,"Runner, broadcasting/film/video",2024-02-08
EMP06724,105652.88,3989.08,D017,"Surveyor, commercial/residential",2025-08-19
EMP06725,80717.67,4552.55,D016,Research scientist (medical),2026-05-26
EMP06726,91046.09,6897.82,D005,Best boy,2026-05-12
EMP06727,91620.14,8194.55,D005,"Surveyor, building control",2023-10-23
EMP06728,81447.82,2047.11,D011,Television camera operator,2026-05-30
EMP06729,79601.1,5757.89,D002,Government social research officer,2026-01-09
EMP06730,144138.99,19791.95,D002,"Designer, industrial/product",2026-01-05
EMP06731,95006.25,4135.35,D006,Physiological scientist,2024-06-01
EMP06732,96262.49,13930.85,D004,Operational researcher,2024-05-20
EMP06733,85056.97,5401.1,D007,Advice worker,2024-07-26
EMP06734,142717.4,2883.16,D013,Farm manager,2024-08-20
EMP06735,105668.23,7333.97,D006,Outdoor activities/education manager,2024-01-02
EMP06736,110430.17,4251.68,D002,Pharmacologist,2026-05-14
EMP06737,130496.81,6618.35,D014,Travel agency manager,2026-03-04
EMP06738,96956.66,5923.15,D016,"Sound technician, broadcasting/film/video",2026-07-07
EMP06739,118249.35,22959.0,D007,Airline pilot,2025-02-17
EMP06740,115765.29,16625.76,D013,"Embryologist, clinical",2024-02-13
EMP06741,114884.16,11259.33,D020,"Psychologist, forensic",2024-04-26
EMP06742,136358.88,26891.22,D002,"Presenter, broadcasting",2024-01-15
EMP06743,131228.48,4155.49,D019,Information officer,2025-04-13
EMP06744,94518.92,304.52,D005,"Geneticist, molecular",2025-07-11
EMP06745,57454.78,364.26,D013,"Sound technician, broadcasting/film/video",2025-07-24
EMP06746,97967.23,13310.84,D009,Drilling engineer,2023-10-07
EMP06747,163726.76,9490.24,D013,Tourism officer,2024-10-15
EMP06748,118440.26,5952.76,D007,Higher education lecturer,2026-06-14
EMP06749,116855.84,6974.31,D009,"Engineer, chemical",2023-08-06
EMP06750,97284.29,7328.03,D009,Media planner,2025-09-01
EMP06751,70429.32,1266.05,D008,Armed forces training and education officer,2023-11-04
EMP06752,98053.82,11527.47,D007,Banker,2024-04-14
EMP06753,82588.46,12209.72,D020,Race relations officer,2025-07-30
EMP06754,112160.59,5549.49,D004,Toxicologist,2024-10-06
EMP06755,93511.64,15480.98,D018,Occupational therapist,2024-02-09
EMP06756,103965.66,16917.62,D014,"Civil engineer, contracting",2025-11-03
EMP06757,110351.36,19037.43,D007,Podiatrist,2026-05-20
EMP06758,96355.84,7731.36,D004,Marine scientist,2024-12-13
EMP06759,83880.4,7607.71,D009,Environmental manager,2023-09-16
EMP06760,90212.7,7931.24,D016,Purchasing manager,2024-12-30
EMP06761,77381.84,5283.05,D017,Research scientist (life sciences),2025-01-19
EMP06762,70629.84,8110.39,D012,"Psychologist, sport and exercise",2024-06-23
EMP06763,89330.19,11762.46,D008,Secondary school teacher,2023-11-18
EMP06764,99430.61,3136.4,D008,Furniture conservator/restorer,2026-02-21
EMP06765,110656.11,12482.97,D005,Corporate treasurer,2025-03-02
EMP06766,112895.64,9398.24,D006,Health physicist,2024-08-03
EMP06767,78833.76,4878.61,D004,Recycling officer,2025-03-05
EMP06768,77861.16,11483.38,D011,Claims inspector/assessor,2023-12-12
EMP06769,56240.89,527.24,D004,Petroleum engineer,2025-08-21
EMP06770,103843.75,2149.12,D012,Holiday representative,2025-10-01
EMP06771,87559.34,6200.02,D008,"Surveyor, rural practice",2025-05-13
EMP06772,100963.48,8779.41,D018,Bookseller,2024-10-01
EMP06773,115282.6,1827.64,D005,Theatre director,2025-05-16
EMP06774,101382.65,6724.15,D019,Clinical research associate,2025-05-02
EMP06775,137073.87,7408.76,D009,Neurosurgeon,2024-01-17
EMP06776,111367.05,7919.12,D012,"Engineer, automotive",2024-10-05
EMP06777,114262.32,8508.29,D015,Phytotherapist,2026-07-01
EMP06778,135533.14,933.2,D011,Television camera operator,2025-05-29
EMP06779,133591.34,7035.19,D006,"Lecturer, further education",2024-02-06
EMP06780,94592.36,1241.47,D008,Advertising copywriter,2023-09-01
EMP06781,98172.97,17873.24,D016,Public affairs consultant,2025-01-17
EMP06782,113479.91,4702.89,D018,Early years teacher,2025-07-22
EMP06783,103901.13,18781.77,D016,Lobbyist,2024-04-26
EMP06784,105764.63,21011.25,D019,Training and development officer,2025-03-31
EMP06785,105640.76,17702.02,D002,"Editor, commissioning",2025-06-07
EMP06786,133925.42,14868.45,D012,Local government officer,2025-06-19
EMP06787,137309.76,25163.32,D006,Animal technologist,2026-05-21
EMP06788,116927.29,22189.87,D006,Child psychotherapist,2023-09-24
EMP06789,127483.43,10865.69,D003,Network engineer,2025-03-03
EMP06790,91561.1,4513.09,D010,Trading standards officer,2026-05-20
EMP06791,103843.98,13441.39,D018,"Buyer, retail",2026-01-30
EMP06792,127173.73,11180.84,D004,Magazine journalist,2024-11-19
EMP06793,99994.55,10703.81,D003,Physiotherapist,2025-08-19
EMP06794,111861.12,16202.68,D008,Video editor,2024-01-18
EMP06795,128977.61,10026.47,D004,Publishing copy,2026-06-05
EMP06796,98385.02,16510.93,D004,Senior tax professional/tax inspector,2026-02-20
EMP06797,108411.17,4578.55,D006,Biomedical engineer,2026-02-26
EMP06798,103289.75,3934.13,D016,Quantity surveyor,2026-06-03
EMP06799,95671.14,14233.06,D015,Sales executive,2025-11-28
EMP06800,101850.62,18127.37,D008,Curator,2024-03-15
EMP06801,132181.45,9218.55,D020,"Engineer, manufacturing",2023-08-23
EMP06802,93319.72,10541.1,D014,Astronomer,2025-02-02
EMP06803,106797.93,11729.32,D001,Purchasing manager,2024-11-22
EMP06804,120432.98,18410.62,D005,Armed forces training and education officer,2026-03-06
EMP06805,85447.55,1816.65,D020,Advertising art director,2024-06-01
EMP06806,138767.03,22474.95,D004,"Scientist, research (physical sciences)",2023-09-28
EMP06807,86391.89,2835.41,D011,Biomedical scientist,2023-08-14
EMP06808,89165.6,10096.48,D010,"Engineer, chemical",2025-04-18
EMP06809,100136.67,10231.49,D004,"Engineer, structural",2023-10-19
EMP06810,97688.3,3883.81,D008,Insurance account manager,2025-05-05
EMP06811,80788.81,10218.11,D018,TEFL teacher,2024-05-10
EMP06812,124469.03,979.97,D018,Adult nurse,2024-01-27
EMP06813,154372.78,23855.29,D014,Counsellor,2026-06-06
EMP06814,89336.56,6860.29,D020,"Engineer, manufacturing",2025-12-01
EMP06815,63037.07,4840.96,D002,Quantity surveyor,2024-07-03
EMP06816,92168.31,9736.5,D013,Hydrographic surveyor,2025-08-03
EMP06817,105039.65,9798.67,D006,Exhibition designer,2025-07-04
EMP06818,112870.91,20771.75,D015,"Editor, magazine features",2025-12-19
EMP06819,69040.49,5772.64,D009,Podiatrist,2024-10-15
EMP06820,107319.97,10185.98,D020,"Teacher, secondary school",2024-12-21
EMP06821,122043.96,4237.25,D002,Economist,2026-01-02
EMP06822,131449.62,13983.78,D003,Health promotion specialist,2025-06-13
EMP06823,117725.52,17215.51,D003,Youth worker,2025-09-15
EMP06824,85129.17,12584.87,D020,Herbalist,2025-08-06
EMP06825,90973.71,10180.73,D002,Chief Technology Officer,2024-12-12
EMP06826,129344.59,16026.61,D016,Sub,2025-10-03
EMP06827,91602.93,1701.66,D010,"Accountant, chartered certified",2025-05-29
EMP06828,131754.77,25376.3,D019,Chemical engineer,2023-10-08
EMP06829,107657.86,9122.25,D007,Museum education officer,2024-05-21
EMP06830,82730.59,1368.62,D007,Technical brewer,2024-11-02
EMP06831,88847.99,1187.8,D019,Management consultant,2026-04-18
EMP06832,99413.63,13637.16,D019,Tree surgeon,2025-09-26
EMP06833,138765.3,224.81,D017,Video editor,2024-06-11
EMP06834,114165.13,20234.14,D018,Commercial/residential surveyor,2024-01-12
EMP06835,135127.5,10302.44,D017,Commercial/residential surveyor,2024-04-19
EMP06836,107642.35,13429.69,D016,Ecologist,2025-11-28
EMP06837,134062.47,26390.6,D004,"Teacher, primary school",2024-10-02
EMP06838,150693.56,26908.47,D004,Hydrologist,2025-07-04
EMP06839,109769.75,12811.76,D014,Petroleum engineer,2023-12-04
EMP06840,123712.38,653.55,D010,General practice doctor,2025-12-27
EMP06841,83196.46,3898.67,D003,Archaeologist,2023-11-24
EMP06842,109711.78,1187.04,D015,Firefighter,2023-08-19
EMP06843,132241.73,13423.26,D018,Broadcast journalist,2026-01-15
EMP06844,102028.99,14750.23,D009,Clinical biochemist,2025-03-04
EMP06845,151249.3,17384.94,D012,Special effects artist,2023-11-27
EMP06846,95788.22,11297.48,D006,"Designer, furniture",2025-03-24
EMP06847,120266.79,6656.05,D004,Surgeon,2025-11-12
EMP06848,103287.59,10342.86,D011,"Psychologist, counselling",2025-03-07
EMP06849,131480.08,8916.76,D010,Tour manager,2024-08-24
EMP06850,73496.11,7282.79,D018,Chief Marketing Officer,2023-10-22
EMP06851,129217.46,16215.89,D019,General practice doctor,2024-11-14
EMP06852,124912.71,19054.51,D013,"Presenter, broadcasting",2025-03-04
EMP06853,91913.41,12347.8,D015,Marketing executive,2023-12-03
EMP06854,83422.82,16484.99,D017,Therapeutic radiographer,2025-03-02
EMP06855,57949.06,2753.37,D010,Magazine journalist,2023-12-04
EMP06856,61771.16,10976.8,D006,Chief Operating Officer,2026-05-24
EMP06857,121685.56,5649.65,D012,Charity fundraiser,2025-09-22
EMP06858,151156.87,20276.31,D003,Dance movement psychotherapist,2026-03-01
EMP06859,104711.86,18197.76,D002,Air broker,2025-07-24
EMP06860,109661.93,9580.24,D017,Energy engineer,2023-08-06
EMP06861,118526.12,22671.86,D006,Exercise physiologist,2024-02-23
EMP06862,177899.52,35361.64,D020,"Surveyor, quantity",2024-02-15
EMP06863,116219.23,8219.29,D012,Barrister's clerk,2025-01-26
EMP06864,101822.16,1165.38,D015,Mental health nurse,2025-08-19
EMP06865,105082.84,11324.64,D011,Toxicologist,2023-09-11
EMP06866,92812.3,7556.08,D009,Musician,2024-01-27
EMP06867,145088.53,14287.48,D006,Podiatrist,2024-05-07
EMP06868,136941.62,14501.93,D008,Police officer,2025-08-24
EMP06869,126045.34,21618.29,D014,TEFL teacher,2024-08-12
EMP06870,104041.43,3028.83,D005,Forensic scientist,2024-12-08
EMP06871,63553.91,5836.73,D010,"Designer, exhibition/display",2024-06-27
EMP06872,68324.14,10368.64,D014,"Engineer, water",2023-11-13
EMP06873,139386.69,7856.58,D003,"Teacher, secondary school",2026-03-29
EMP06874,119022.22,20181.81,D014,Horticultural therapist,2024-02-29
EMP06875,99594.16,6917.34,D005,Energy engineer,2025-03-27
EMP06876,140438.21,27652.59,D009,"Surveyor, insurance",2026-04-28
EMP06877,118219.65,16229.51,D002,"Engineer, maintenance (IT)",2024-06-14
EMP06878,117330.12,12147.62,D008,Race relations officer,2024-08-10
EMP06879,120653.38,14974.1,D010,Marketing executive,2024-04-27
EMP06880,103338.07,2202.52,D004,Historic buildings inspector/conservation officer,2025-07-07
EMP06881,132958.21,7529.05,D002,"Designer, interior/spatial",2023-11-04
EMP06882,92748.72,15004.79,D011,Senior tax professional/tax inspector,2026-03-26
EMP06883,128901.27,13577.24,D015,"Restaurant manager, fast food",2023-12-21
EMP06884,105324.1,5535.64,D020,Hydrologist,2024-04-21
EMP06885,119431.32,19229.78,D019,Musician,2024-07-02
EMP06886,82612.74,14207.82,D007,Financial manager,2026-05-23
EMP06887,129168.32,11495.74,D004,Public relations account executive,2024-11-24
EMP06888,122479.57,495.71,D018,Quality manager,2024-02-27
EMP06889,94621.54,467.81,D016,Financial controller,2025-11-16
EMP06890,115069.64,16260.89,D008,Information officer,2025-08-12
EMP06891,86315.78,12592.21,D008,Statistician,2026-01-09
EMP06892,83057.14,7017.39,D002,"Journalist, broadcasting",2026-03-16
EMP06893,81561.9,10177.18,D010,Astronomer,2024-01-15
EMP06894,103595.11,16377.05,D006,Financial planner,2025-03-14
EMP06895,119713.08,622.07,D009,Acupuncturist,2025-09-28
EMP06896,86441.32,7030.56,D018,Editorial assistant,2024-03-24
EMP06897,97456.98,9248.58,D007,"Production assistant, radio",2024-01-28
EMP06898,140192.65,15142.77,D019,Public relations officer,2025-08-13
EMP06899,97212.6,11668.65,D011,Copy,2024-01-01
EMP06900,128748.6,15511.62,D005,Cartographer,2024-04-27
EMP06901,120222.32,9729.4,D003,Professor Emeritus,2024-12-16
EMP06902,108472.97,8270.18,D008,Teaching laboratory technician,2025-01-19
EMP06903,93977.87,18297.36,D012,"Engineer, energy",2024-06-11
EMP06904,69383.13,5013.35,D002,Cabin crew,2023-12-30
EMP06905,142802.11,25116.57,D001,Oncologist,2025-07-07
EMP06906,118273.49,5961.27,D006,"Designer, interior/spatial",2025-11-18
EMP06907,121663.42,2220.74,D017,Materials engineer,2026-05-17
EMP06908,109730.01,10392.11,D005,Armed forces training and education officer,2023-09-01
EMP06909,139266.63,26524.48,D017,Landscape architect,2026-07-31
EMP06910,137113.43,24622.43,D015,Management consultant,2024-10-15
EMP06911,82557.92,4915.21,D007,"Engineer, civil (consulting)",2026-04-20
EMP06912,131212.95,167.72,D004,"Designer, industrial/product",2023-08-31
EMP06913,108654.7,5446.32,D002,Photographer,2024-02-13
EMP06914,117106.31,6068.29,D004,"Producer, radio",2026-06-04
EMP06915,105499.82,17421.55,D002,Waste management officer,2025-05-11
EMP06916,90132.89,1865.85,D013,Trading standards officer,2026-05-20
EMP06917,73313.92,547.65,D009,Dancer,2025-04-19
EMP06918,90762.27,13761.24,D017,Health physicist,2025-03-23
EMP06919,98584.47,12197.96,D003,Industrial/product designer,2023-09-01
EMP06920,154666.75,26457.77,D008,Sales promotion account executive,2025-12-01
EMP06921,134063.45,10710.97,D012,Financial trader,2025-06-08
EMP06922,108355.78,21351.03,D013,"Psychologist, prison and probation services",2023-10-11
EMP06923,78667.52,13577.23,D014,Cytogeneticist,2026-04-08
EMP06924,111275.16,19344.77,D014,Nutritional therapist,2024-04-27
EMP06925,54720.92,5223.02,D010,"Surveyor, insurance",2024-01-29
EMP06926,141092.07,10158.8,D009,"Psychologist, clinical",2026-06-28
EMP06927,129851.11,13329.31,D012,Ranger/warden,2023-12-11
EMP06928,89977.48,12005.33,D006,Theme park manager,2024-08-05
EMP06929,87090.62,15899.14,D017,Financial adviser,2025-04-08
EMP06930,107024.14,18590.58,D006,"Sales professional, IT",2025-09-10
EMP06931,69655.5,11157.62,D001,Secretary/administrator,2024-07-25
EMP06932,171656.01,16074.25,D011,"Teacher, early years/pre",2025-07-01
EMP06933,93476.91,3988.04,D001,"Geologist, wellsite",2025-06-13
EMP06934,59442.41,8919.27,D008,"Therapist, music",2025-04-07
EMP06935,84905.94,1802.81,D016,Cartographer,2023-09-03
EMP06936,130653.45,10327.6,D004,Dramatherapist,2026-01-11
EMP06937,92620.79,17204.01,D015,Secretary/administrator,2024-07-21
EMP06938,83654.11,60.07,D013,Press photographer,2023-12-10
EMP06939,111457.34,5295.86,D009,Probation officer,2024-02-01
EMP06940,111328.92,18215.8,D001,Diagnostic radiographer,2026-07-30
EMP06941,129268.05,22559.54,D017,Risk manager,2026-05-11
EMP06942,126084.08,20949.07,D010,Ranger/warden,2025-03-24
EMP06943,76731.2,6218.74,D004,Quantity surveyor,2023-10-02
EMP06944,92233.88,14339.37,D005,Furniture designer,2025-10-22
EMP06945,135686.9,13326.41,D017,Research scientist (medical),2024-06-05
EMP06946,120859.8,21238.89,D018,Solicitor,2024-09-19
EMP06947,92652.83,2945.54,D011,Music therapist,2024-02-03
EMP06948,102854.47,597.84,D001,Warehouse manager,2025-02-21
EMP06949,119791.96,16095.92,D003,Charity officer,2024-12-29
EMP06950,85609.94,7803.55,D013,Associate Professor,2026-07-29
EMP06951,110431.99,7860.39,D012,Hospital pharmacist,2024-01-31
EMP06952,99774.59,5182.23,D017,Adult nurse,2024-02-22
EMP06953,85138.66,12842.31,D006,Probation officer,2023-11-08
EMP06954,137935.26,25095.1,D019,Museum education officer,2024-03-16
EMP06955,105569.64,13659.17,D015,Diagnostic radiographer,2026-07-24
EMP06956,89701.41,1201.21,D010,"Therapist, speech and language",2024-08-01
EMP06957,118492.05,19463.75,D020,Multimedia programmer,2024-01-27
EMP06958,144718.37,6220.03,D017,Web designer,2025-09-14
EMP06959,107471.59,19986.24,D013,Museum/gallery curator,2026-07-12
EMP06960,102566.83,5258.81,D003,Interior and spatial designer,2025-05-14
EMP06961,95253.94,12008.81,D015,"Education officer, museum",2026-07-12
EMP06962,80954.41,8027.14,D004,Herbalist,2025-01-04
EMP06963,110582.31,4305.4,D001,Chiropodist,2026-04-15
EMP06964,123508.01,19651.27,D019,Investment analyst,2024-03-14
EMP06965,99178.85,2044.49,D004,"Radiographer, diagnostic",2025-09-25
EMP06966,122866.66,11029.59,D002,English as a second language teacher,2025-03-10
EMP06967,102487.27,11008.54,D004,Cabin crew,2024-09-16
EMP06968,104205.59,20829.3,D005,"Scientist, audiological",2023-10-11
EMP06969,77400.1,2281.49,D012,Arts administrator,2023-12-02
EMP06970,106422.57,5995.19,D008,Counsellor,2024-01-02
EMP06971,153953.41,16334.26,D004,Adult nurse,2024-03-15
EMP06972,142562.35,21552.22,D003,Higher education lecturer,2025-08-29
EMP06973,92195.52,3561.93,D019,Advertising account planner,2023-08-05
EMP06974,100836.23,16575.18,D020,"Geneticist, molecular",2024-03-02
EMP06975,100385.34,12135.42,D010,Careers adviser,2026-04-22
EMP06976,91797.39,2451.9,D003,Actuary,2025-07-30
EMP06977,91064.76,9443.08,D003,Psychiatrist,2025-04-11
EMP06978,94696.65,7331.13,D018,"Civil engineer, consulting",2024-06-04
EMP06979,87296.21,9303.22,D018,Tax adviser,2024-04-14
EMP06980,105513.16,1736.11,D005,Broadcast presenter,2023-11-23
EMP06981,61944.71,181.86,D016,Contractor,2024-02-23
EMP06982,82225.8,9308.86,D013,"Therapist, nutritional",2024-06-23
EMP06983,136075.04,8725.17,D020,Health service manager,2024-12-22
EMP06984,99308.17,18013.48,D015,Fisheries officer,2025-05-29
EMP06985,112745.28,5468.98,D020,Fish farm manager,2023-12-02
EMP06986,135979.92,8675.49,D016,"Programmer, multimedia",2025-10-29
EMP06987,53666.53,6423.57,D005,Banker,2026-06-22
EMP06988,144850.89,25171.56,D009,Education administrator,2024-11-30
EMP06989,91215.45,7791.28,D006,"Pharmacist, hospital",2024-02-12
EMP06990,112500.95,19870.28,D008,Medical sales representative,2024-06-23
EMP06991,63800.72,604.1,D006,Primary school teacher,2023-12-23
EMP06992,87345.94,6568.41,D007,Seismic interpreter,2023-10-12
EMP06993,104711.44,10259.64,D014,Chiropodist,2023-12-31
EMP06994,153320.46,13319.54,D020,"Horticulturist, amenity",2026-08-01
EMP06995,108993.2,20307.24,D009,Web designer,2024-08-18
EMP06996,116704.44,20792.33,D010,Occupational hygienist,2026-03-22
EMP06997,101065.06,10416.45,D018,Environmental education officer,2024-04-04
EMP06998,133214.27,19563.72,D011,Materials engineer,2025-12-13
EMP06999,148418.86,25622.73,D020,"Investment banker, corporate",2024-12-20
EMP07000,93140.81,17019.91,D014,Air traffic controller,2026-07-31
EMP07001,120893.89,5247.54,D013,Careers information officer,2023-10-07
EMP07002,114989.42,1808.74,D012,Television floor manager,2024-07-16
EMP07003,135981.06,22844.5,D004,"Engineer, manufacturing systems",2026-03-11
EMP07004,85796.79,7132.07,D009,Merchant navy officer,2023-08-20
EMP07005,86058.22,943.03,D002,"Engineer, manufacturing systems",2024-06-01
EMP07006,108405.66,2752.07,D008,Biomedical scientist,2024-04-30
EMP07007,70402.49,1772.02,D019,Cartographer,2026-06-08
EMP07008,102371.33,8217.41,D015,Airline pilot,2026-04-16
EMP07009,151451.99,11885.88,D007,Clothing/textile technologist,2026-03-31
EMP07010,119152.13,12621.89,D018,Jewellery designer,2024-09-28
EMP07011,175871.98,12824.33,D004,Sales promotion account executive,2025-02-15
EMP07012,130193.61,15008.0,D018,Immigration officer,2026-07-02
EMP07013,108981.92,10114.58,D013,Merchant navy officer,2025-05-25
EMP07014,95238.99,18655.56,D004,Occupational hygienist,2026-01-24
EMP07015,103450.08,13232.45,D006,Probation officer,2025-02-15
EMP07016,117668.66,6897.39,D014,Equality and diversity officer,2024-01-01
EMP07017,107886.4,17630.08,D009,"Chemist, analytical",2025-11-19
EMP07018,89862.61,9007.95,D001,English as a foreign language teacher,2023-12-04
EMP07019,136459.74,23259.75,D008,Publishing rights manager,2023-08-25
EMP07020,55092.63,4971.28,D015,Barista,2025-03-06
EMP07021,118318.27,5944.43,D014,Armed forces training and education officer,2025-03-08
EMP07022,85214.45,8935.4,D019,Brewing technologist,2025-05-30
EMP07023,93607.42,6090.03,D004,"Psychologist, clinical",2026-01-28
EMP07024,110555.33,19232.21,D018,Haematologist,2024-07-25
EMP07025,90721.74,1618.52,D002,Tax adviser,2024-02-17
EMP07026,95855.29,19061.32,D007,"Engineer, aeronautical",2024-04-01
EMP07027,52305.42,6113.16,D009,Chief Executive Officer,2024-09-24
EMP07028,132924.48,8129.31,D009,"Production designer, theatre/television/film",2025-11-15
EMP07029,117050.44,15192.9,D003,Media buyer,2023-08-14
EMP07030,95955.06,3926.74,D007,Patent examiner,2024-11-01
EMP07031,108933.52,14847.32,D016,Air broker,2026-05-25
EMP07032,123356.27,11372.02,D002,Restaurant manager,2024-04-01
EMP07033,135281.05,13865.83,D019,"Exhibitions officer, museum/gallery",2024-02-14
EMP07034,109650.31,5729.07,D003,Accounting technician,2025-12-08
EMP07035,55724.43,8214.58,D009,Electrical engineer,2024-03-27
EMP07036,73042.7,8880.57,D012,Civil Service administrator,2025-05-19
EMP07037,105098.44,2453.37,D010,"Producer, television/film/video",2026-06-09
EMP07038,120062.79,3623.87,D010,"Engineer, production",2023-11-10
EMP07039,130121.83,8517.69,D002,Professor Emeritus,2026-04-12
EMP07040,66097.48,4650.42,D005,"Engineer, production",2025-08-25
EMP07041,80756.35,15245.97,D009,Fashion designer,2024-06-13
EMP07042,130729.1,7425.02,D019,"Therapist, nutritional",2025-06-29
EMP07043,134569.7,22298.61,D011,Quarry manager,2024-10-25
EMP07044,110734.15,18883.54,D012,Armed forces operational officer,2026-04-18
EMP07045,68223.12,10987.98,D017,Charity officer,2026-07-23
EMP07046,68140.62,1939.94,D018,"Accountant, chartered public finance",2025-05-21
EMP07047,97816.62,4989.59,D010,Chief Technology Officer,2026-03-26
EMP07048,138962.88,13081.92,D016,Horticultural consultant,2026-02-11
EMP07049,103793.33,15374.11,D013,Systems developer,2025-04-04
EMP07050,88202.48,8411.81,D013,Dramatherapist,2025-05-08
EMP07051,94025.64,8003.07,D006,Patent attorney,2026-07-15
EMP07052,108738.27,3769.31,D010,"Designer, graphic",2024-10-15
EMP07053,98276.91,17153.29,D019,Camera operator,2025-09-09
EMP07054,78990.18,1481.52,D007,Structural engineer,2024-01-04
EMP07055,123601.84,16792.31,D017,Warehouse manager,2024-09-26
EMP07056,114393.71,8681.65,D001,"Designer, industrial/product",2025-07-13
EMP07057,140375.23,10168.86,D009,"Designer, jewellery",2025-05-09
EMP07058,97413.5,5234.79,D008,Games developer,2025-04-11
EMP07059,127459.52,8507.69,D019,"Administrator, local government",2026-08-03
EMP07060,107551.86,5710.34,D019,Academic librarian,2025-06-03
EMP07061,106944.64,20168.42,D020,Pathologist,2025-11-07
EMP07062,146047.0,26540.59,D014,Careers adviser,2026-02-07
EMP07063,75166.28,8978.39,D005,"Engineer, manufacturing",2024-02-18
EMP07064,98538.55,17804.21,D020,"Scientist, research (physical sciences)",2025-05-03
EMP07065,100294.89,7489.58,D003,Museum/gallery curator,2024-12-20
EMP07066,165030.93,5589.79,D005,"Lecturer, higher education",2024-08-09
EMP07067,87686.79,13895.43,D008,Geophysicist/field seismologist,2023-11-25
EMP07068,124014.04,3693.78,D018,"Therapist, horticultural",2026-06-13
EMP07069,125196.82,14983.95,D017,Physiological scientist,2025-05-30
EMP07070,136087.16,5799.98,D011,Operational researcher,2023-12-16
EMP07071,71250.34,8396.6,D006,Astronomer,2024-11-05
EMP07072,121595.78,11668.74,D002,Dramatherapist,2025-08-25
EMP07073,113822.06,19531.68,D013,Intelligence analyst,2026-04-06
EMP07074,95185.07,11538.64,D015,Chartered certified accountant,2026-01-02
EMP07075,103288.78,14326.17,D011,Geoscientist,2024-11-01
EMP07076,114868.1,15300.3,D014,Fisheries officer,2023-09-30
EMP07077,137498.24,3208.65,D014,Licensed conveyancer,2024-10-12
EMP07078,92261.43,3679.83,D019,Special effects artist,2025-03-01
EMP07079,141515.63,18218.82,D016,Architectural technologist,2024-08-18
EMP07080,96773.34,18830.31,D015,Health and safety inspector,2026-08-01
EMP07081,110338.48,5051.11,D016,Public affairs consultant,2025-02-20
EMP07082,83392.27,14008.41,D014,Charity officer,2025-07-14
EMP07083,74545.29,9284.93,D007,Bonds trader,2023-08-10
EMP07084,111619.01,11125.16,D016,"Surveyor, hydrographic",2025-04-17
EMP07085,161841.66,23854.68,D008,Airline pilot,2026-02-28
EMP07086,111571.27,8885.64,D008,Amenity horticulturist,2025-04-13
EMP07087,127118.84,2195.57,D019,Immunologist,2026-05-24
EMP07088,88231.48,5219.96,D016,"Librarian, academic",2024-03-05
EMP07089,98229.57,2035.23,D014,Associate Professor,2024-04-21
EMP07090,115496.13,7275.44,D011,Charity fundraiser,2025-01-04
EMP07091,135683.52,19061.57,D017,Interpreter,2023-12-06
EMP07092,163319.22,17082.92,D012,Financial manager,2024-03-02
EMP07093,101310.9,10720.15,D013,Building control surveyor,2026-03-02
EMP07094,174148.71,15666.26,D010,"Clinical scientist, histocompatibility and immunogenetics",2026-06-18
EMP07095,134448.18,844.79,D012,"Teacher, music",2026-03-28
EMP07096,98489.48,5300.41,D008,Land,2025-03-10
EMP07097,104108.33,6758.51,D006,Tree surgeon,2025-11-13
EMP07098,138518.12,19988.19,D020,Optometrist,2025-06-01
EMP07099,107691.69,6947.55,D007,Barrister,2025-09-15
EMP07100,120122.53,2799.48,D007,Dentist,2026-04-19
EMP07101,118659.78,862.79,D015,Race relations officer,2024-01-09
EMP07102,82156.72,10236.22,D012,"Optician, dispensing",2025-09-16
EMP07103,91887.79,10317.4,D005,Tourism officer,2024-11-29
EMP07104,100036.05,17124.43,D001,"Engineer, aeronautical",2025-11-05
EMP07105,144839.57,662.23,D005,Graphic designer,2024-08-15
EMP07106,40000.0,6972.59,D020,"Research officer, trade union",2025-01-09
EMP07107,96853.1,13242.32,D002,Radio producer,2024-11-12
EMP07108,104614.75,19920.56,D005,Training and development officer,2026-03-10
EMP07109,40000.0,1340.17,D006,Press sub,2024-03-09
EMP07110,112899.22,5786.9,D017,Pensions consultant,2025-05-01
EMP07111,98111.74,9067.07,D010,Artist,2025-03-17
EMP07112,68702.93,7517.94,D017,Land,2025-06-26
EMP07113,126398.65,16455.39,D019,Furniture conservator/restorer,2025-12-06
EMP07114,98208.17,2087.59,D002,Retail buyer,2025-05-01
EMP07115,92499.84,18399.57,D013,Learning mentor,2025-04-15
EMP07116,96545.11,1862.64,D014,Mudlogger,2025-02-13
EMP07117,92191.85,9286.59,D018,Dealer,2024-03-12
EMP07118,116580.34,20765.3,D007,Investment analyst,2025-12-23
EMP07119,151769.42,7593.2,D015,Public house manager,2024-12-16
EMP07120,97921.25,12834.39,D005,Maintenance engineer,2024-11-27
EMP07121,85839.86,2120.17,D006,Actuary,2025-06-12
EMP07122,103090.88,19919.13,D019,Government social research officer,2024-03-02
EMP07123,68128.11,4605.51,D001,"Doctor, general practice",2026-02-28
EMP07124,108887.59,10342.2,D008,Editorial assistant,2024-10-02
EMP07125,132451.64,22744.31,D013,Insurance claims handler,2024-03-13
EMP07126,109943.91,17949.67,D014,Oncologist,2023-09-04
EMP07127,109571.98,18506.54,D001,Games developer,2025-10-14
EMP07128,148848.3,9972.4,D005,Barista,2023-10-26
EMP07129,136104.96,22808.87,D020,Naval architect,2024-07-11
EMP07130,116964.07,17640.91,D001,Therapeutic radiographer,2025-03-12
EMP07131,153462.98,23081.45,D015,General practice doctor,2024-08-17
EMP07132,106806.16,16875.64,D016,"Restaurant manager, fast food",2026-05-27
EMP07133,98599.07,5333.65,D012,Patent examiner,2026-03-30
EMP07134,67341.01,8665.47,D002,Clinical molecular geneticist,2025-02-28
EMP07135,114943.29,188.4,D019,Regulatory affairs officer,2026-06-05
EMP07136,105409.22,6429.12,D010,Leisure centre manager,2025-07-18
EMP07137,87793.38,12777.76,D015,Further education lecturer,2024-12-12
EMP07138,148235.74,28498.71,D002,Claims inspector/assessor,2026-06-23
EMP07139,76691.63,13972.47,D014,"Scientist, marine",2025-02-23
EMP07140,67694.34,13000.96,D020,"Designer, jewellery",2025-05-10
EMP07141,75534.93,13006.06,D008,Research scientist (physical sciences),2023-08-28
EMP07142,154109.1,5298.02,D019,Research scientist (physical sciences),2024-12-25
EMP07143,111974.74,13203.27,D004,Clinical embryologist,2025-11-15
EMP07144,72143.93,9900.27,D016,Commercial art gallery manager,2024-02-29
EMP07145,83526.99,4554.06,D015,Hydrologist,2026-03-28
EMP07146,117386.83,16547.76,D015,"Surveyor, planning and development",2024-05-17
EMP07147,84060.45,13838.75,D007,"Surveyor, insurance",2024-11-22
EMP07148,143835.95,27320.11,D009,Chief Strategy Officer,2023-12-14
EMP07149,92545.13,6121.88,D004,Museum/gallery exhibitions officer,2025-08-14
EMP07150,136498.43,22006.77,D016,Automotive engineer,2024-03-07
EMP07151,116778.88,20675.48,D012,"Merchandiser, retail",2023-08-16
EMP07152,80886.04,8199.07,D006,"Surveyor, commercial/residential",2024-10-04
EMP07153,123054.08,8118.93,D018,Advertising art director,2023-11-03
EMP07154,107258.02,4626.95,D019,Call centre manager,2026-02-24
EMP07155,94980.76,13282.51,D010,Tax inspector,2024-08-03
EMP07156,152731.47,25515.57,D010,Restaurant manager,2025-02-18
EMP07157,102954.41,17451.52,D002,Lawyer,2025-10-05
EMP07158,64545.04,1683.92,D013,Manufacturing systems engineer,2026-01-19
EMP07159,115987.16,13923.0,D018,Recruitment consultant,2026-05-25
EMP07160,98512.05,5045.38,D010,Archivist,2024-01-02
EMP07161,145207.37,9023.29,D011,"Surveyor, hydrographic",2025-11-17
EMP07162,114271.68,5508.31,D012,"Doctor, hospital",2025-09-05
EMP07163,131600.51,23337.28,D010,Operational investment banker,2023-11-19
EMP07164,70722.44,4784.62,D001,Regulatory affairs officer,2024-04-21
EMP07165,104660.04,3512.14,D004,Sports therapist,2024-09-15
EMP07166,140580.49,14066.41,D005,Museum/gallery curator,2024-12-30
EMP07167,93658.65,11490.75,D012,"Journalist, magazine",2024-05-31
EMP07168,78825.99,1568.5,D020,Armed forces training and education officer,2026-01-11
EMP07169,87130.01,10809.09,D001,Garment/textile technologist,2024-11-03
EMP07170,100520.37,14452.95,D018,Geoscientist,2024-04-20
EMP07171,164200.13,29196.76,D005,Horticultural consultant,2023-11-21
EMP07172,113015.03,20579.26,D014,"Chemist, analytical",2023-11-23
EMP07173,113956.32,10083.86,D015,Hydrographic surveyor,2026-01-30
EMP07174,92543.01,10337.31,D004,Health promotion specialist,2024-04-25
EMP07175,73147.02,1860.22,D019,"Copywriter, advertising",2025-11-08
EMP07176,131699.92,18598.9,D012,Gaffer,2024-11-04
EMP07177,86764.49,11594.7,D001,Dance movement psychotherapist,2026-01-27
EMP07178,131353.54,7077.94,D016,Ophthalmologist,2023-08-14
EMP07179,82770.19,2529.09,D013,"Research officer, political party",2025-08-31
EMP07180,142202.19,24078.11,D006,Advertising account executive,2026-06-13
EMP07181,86595.24,10718.48,D010,Senior tax professional/tax inspector,2025-12-29
EMP07182,130917.17,5724.84,D006,Solicitor,2023-12-03
EMP07183,83311.19,13284.08,D012,"Biochemist, clinical",2026-01-12
EMP07184,119021.74,21578.59,D006,Logistics and distribution manager,2024-12-09
EMP07185,60427.51,11720.41,D010,Armed forces logistics/support/administrative officer,2026-06-12
EMP07186,110955.87,13444.08,D007,Bookseller,2025-12-04
EMP07187,129038.29,21012.24,D020,Land/geomatics surveyor,2025-03-31
EMP07188,104127.9,19151.44,D007,Community pharmacist,2026-04-16
EMP07189,89036.15,9413.56,D001,Ergonomist,2026-04-06
EMP07190,93586.17,3847.41,D010,Primary school teacher,2024-08-24
EMP07191,119784.96,733.03,D015,Science writer,2025-05-23
EMP07192,82905.76,10271.21,D005,Pathologist,2023-08-06
EMP07193,95181.79,18357.3,D019,"Editor, film/video",2026-07-06
EMP07194,44097.49,8419.14,D013,Paediatric nurse,2024-05-02
EMP07195,110875.83,9277.71,D007,"Sales professional, IT",2025-10-22
EMP07196,136478.56,25380.45,D020,Forensic psychologist,2023-10-28
EMP07197,128910.09,16871.0,D013,Waste management officer,2023-12-02
EMP07198,101387.67,10273.76,D006,"Producer, radio",2024-04-16
EMP07199,79863.24,660.24,D001,Armed forces logistics/support/administrative officer,2024-01-06
EMP07200,125122.65,13237.47,D005,Hospital doctor,2025-09-16
EMP07201,106824.08,5073.41,D002,Customer service manager,2024-07-10
EMP07202,86267.32,3525.2,D015,Forest/woodland manager,2024-05-24
EMP07203,148426.36,11399.71,D010,Biomedical scientist,2024-08-08
EMP07204,79848.62,9123.74,D003,Paediatric nurse,2024-12-21
EMP07205,160461.79,16074.56,D013,"Surveyor, quantity",2024-10-14
EMP07206,107460.37,14659.99,D017,Risk analyst,2024-02-11
EMP07207,146115.19,3178.95,D006,Commercial horticulturist,2026-06-16
EMP07208,98127.95,4831.22,D003,Hospital pharmacist,2024-05-08
EMP07209,154464.89,26843.6,D004,Dealer,2025-01-29
EMP07210,85893.62,12197.54,D006,"Accountant, chartered public finance",2026-01-07
EMP07211,96719.88,16897.76,D012,"Producer, television/film/video",2024-05-18
EMP07212,68659.55,10708.31,D011,Museum/gallery exhibitions officer,2024-08-04
EMP07213,97104.72,8245.24,D005,Solicitor,2026-04-24
EMP07214,118335.96,11149.18,D012,Careers information officer,2026-07-20
EMP07215,109227.14,7220.29,D001,Print production planner,2026-06-13
EMP07216,50414.35,1818.74,D005,Administrator,2024-03-18
EMP07217,143219.98,28198.17,D014,Armed forces operational officer,2026-02-27
EMP07218,96367.28,15524.74,D002,"Pilot, airline",2024-02-16
EMP07219,111346.17,20350.12,D003,Social researcher,2024-05-27
EMP07220,115130.24,18316.97,D018,Careers adviser,2025-08-25
EMP07221,48023.02,4409.39,D004,Geochemist,2025-06-17
EMP07222,118078.52,3074.33,D008,English as a second language teacher,2025-03-10
EMP07223,85477.31,2587.14,D007,Physiological scientist,2026-04-13
EMP07224,57299.47,1346.44,D001,Media buyer,2026-05-15
EMP07225,114969.47,18585.51,D018,Technical author,2024-08-14
EMP07226,109866.25,5316.84,D013,Public house manager,2024-12-29
EMP07227,97067.49,16908.12,D013,"Designer, exhibition/display",2024-12-06
EMP07228,109040.69,21702.53,D012,Equities trader,2026-06-21
EMP07229,138640.4,7791.41,D006,"Therapist, occupational",2024-10-21
EMP07230,133736.37,15781.32,D001,"Psychologist, sport and exercise",2025-01-26
EMP07231,172120.47,3684.58,D010,"Nurse, adult",2025-06-27
EMP07232,111337.94,5120.85,D015,Paediatric nurse,2025-09-29
EMP07233,118976.9,1683.65,D012,Civil Service fast streamer,2026-01-03
EMP07234,142610.09,28242.25,D017,Art gallery manager,2024-11-23
EMP07235,110032.84,11073.71,D002,Intelligence analyst,2023-10-01
EMP07236,100690.58,13232.4,D009,Food technologist,2024-07-12
EMP07237,97500.92,7653.3,D002,Community development worker,2024-04-22
EMP07238,125072.77,3043.36,D020,Psychiatric nurse,2026-02-26
EMP07239,115628.7,12200.53,D002,Charity officer,2025-12-25
EMP07240,84384.31,4209.09,D019,IT trainer,2026-01-10
EMP07241,96674.73,17518.88,D008,Applications developer,2023-09-05
EMP07242,130451.84,8671.94,D007,Air cabin crew,2025-08-10
EMP07243,102503.34,15126.38,D008,"Research officer, trade union",2026-02-05
EMP07244,119514.86,18539.84,D003,Podiatrist,2025-04-28
EMP07245,126035.4,5599.27,D004,"Administrator, education",2025-06-16
EMP07246,60685.67,11771.98,D010,Catering manager,2024-09-29
EMP07247,98712.67,7515.19,D005,"Programmer, systems",2024-03-04
EMP07248,117731.67,4276.03,D019,Magazine features editor,2024-11-28
EMP07249,91450.66,9125.6,D011,Clinical psychologist,2025-04-24
EMP07250,96725.33,12519.66,D014,Software engineer,2024-05-21
EMP07251,83797.25,5552.67,D016,Accounting technician,2025-03-01
EMP07252,82396.38,579.2,D005,"Accountant, chartered public finance",2025-03-04
EMP07253,78663.4,11708.62,D010,"Production assistant, radio",2025-08-08
EMP07254,129640.8,2233.29,D010,Public librarian,2024-09-28
EMP07255,189873.33,13987.43,D005,Surgeon,2023-11-13
EMP07256,137456.09,18080.97,D011,Fitness centre manager,2024-08-17
EMP07257,148437.48,534.74,D016,Editorial assistant,2025-12-11
EMP07258,131186.1,19145.38,D007,"Runner, broadcasting/film/video",2024-04-22
EMP07259,108579.03,19339.68,D015,Herpetologist,2026-04-17
EMP07260,92678.11,10153.99,D008,Mental health nurse,2026-07-16
EMP07261,116030.85,6098.81,D019,Medical laboratory scientific officer,2024-03-16
EMP07262,99315.59,13191.21,D011,"Programmer, multimedia",2025-02-26
EMP07263,123106.82,9101.67,D017,Press sub,2024-11-17
EMP07264,141402.26,5958.05,D016,"Civil engineer, contracting",2026-08-04
EMP07265,114447.3,18018.72,D003,Senior tax professional/tax inspector,2023-11-10
EMP07266,110731.12,1721.65,D014,Phytotherapist,2025-05-30
EMP07267,83268.42,14440.3,D015,Radiation protection practitioner,2024-03-19
EMP07268,106849.26,15552.33,D010,Race relations officer,2023-08-11
EMP07269,130221.35,10816.39,D016,Armed forces technical officer,2024-12-07
EMP07270,81808.28,14735.28,D019,Police officer,2025-08-25
EMP07271,119380.79,2874.23,D012,Phytotherapist,2024-12-25
EMP07272,56739.55,2199.51,D020,Ranger/warden,2024-11-27
EMP07273,113011.04,4995.92,D001,"Conservator, museum/gallery",2025-03-13
EMP07274,103196.98,10404.56,D006,Chief Executive Officer,2025-06-23
EMP07275,135365.25,15501.44,D007,Trade mark attorney,2025-07-15
EMP07276,119407.94,8554.84,D005,"Designer, jewellery",2026-04-10
EMP07277,119750.11,20708.08,D012,"Editor, film/video",2024-08-05
EMP07278,130051.32,5154.8,D016,Surgeon,2025-07-28
EMP07279,110257.94,9422.81,D005,"Exhibitions officer, museum/gallery",2025-12-05
EMP07280,149708.08,14456.18,D008,Hydrographic surveyor,2024-09-07
EMP07281,50800.65,461.17,D011,Theatre director,2025-09-03
EMP07282,136318.45,26696.13,D012,Commercial/residential surveyor,2024-03-25
EMP07283,72352.63,13837.49,D005,Futures trader,2025-03-18
EMP07284,140045.2,21005.27,D009,"Engineer, land",2025-05-03
EMP07285,87855.68,13824.49,D005,Administrator,2023-11-06
EMP07286,136102.98,26986.59,D011,"Therapist, drama",2024-05-13
EMP07287,130990.53,13166.43,D003,Dentist,2023-08-21
EMP07288,136959.54,24240.81,D012,Clinical psychologist,2025-04-16
EMP07289,87342.5,16874.45,D015,Medical laboratory scientific officer,2025-10-15
EMP07290,122511.52,18163.68,D018,"Designer, interior/spatial",2023-09-22
EMP07291,114600.74,9236.8,D015,Production manager,2024-05-06
EMP07292,140590.4,4058.03,D016,"Editor, commissioning",2023-08-20
EMP07293,97561.18,9092.87,D006,Medical physicist,2025-01-26
EMP07294,122492.35,4262.91,D005,Writer,2025-09-28
EMP07295,100641.89,2761.87,D011,Radio producer,2023-12-13
EMP07296,108005.18,10247.32,D014,Social researcher,2023-11-01
EMP07297,106874.16,12199.74,D001,Environmental education officer,2025-06-01
EMP07298,77578.26,11875.56,D013,"Engineer, building services",2023-12-20
EMP07299,91049.56,976.46,D019,"Pharmacist, hospital",2024-02-18
EMP07300,161267.2,6157.62,D003,"Psychologist, educational",2025-04-07
EMP07301,104915.94,15334.1,D010,Health visitor,2023-11-01
EMP07302,94399.55,14752.84,D017,Audiological scientist,2024-06-27
EMP07303,121785.4,4014.93,D009,"Scientist, research (physical sciences)",2026-06-23
EMP07304,143444.13,10898.34,D003,Technical author,2024-07-02
EMP07305,113682.64,16278.71,D013,"Civil engineer, consulting",2025-02-13
EMP07306,93552.8,15862.76,D011,"Doctor, hospital",2025-06-27
EMP07307,123329.37,14566.2,D003,Armed forces technical officer,2026-07-02
EMP07308,142811.39,27786.08,D015,Location manager,2023-10-17
EMP07309,124156.03,21860.69,D001,"Therapist, horticultural",2024-05-13
EMP07310,92475.66,11354.06,D001,Television/film/video producer,2025-08-16
EMP07311,78987.7,10019.34,D019,"Geologist, wellsite",2026-07-08
EMP07312,117153.74,6496.62,D005,Historic buildings inspector/conservation officer,2024-11-10
EMP07313,80285.28,10365.77,D005,"Psychologist, occupational",2024-07-29
EMP07314,104929.1,6438.55,D013,"Nurse, adult",2025-02-06
EMP07315,166132.59,13760.37,D003,"Therapist, art",2026-06-07
EMP07316,55367.88,6588.94,D003,"Social research officer, government",2025-01-23
EMP07317,95877.8,11035.19,D015,"Solicitor, Scotland",2024-10-02
EMP07318,92711.45,599.36,D018,Air cabin crew,2024-07-25
EMP07319,85796.04,15975.69,D018,Chemical engineer,2025-07-04
EMP07320,82332.69,4348.32,D001,"Editor, commissioning",2024-09-08
EMP07321,107959.01,16434.71,D015,Diagnostic radiographer,2024-07-15
EMP07322,197956.87,28910.17,D005,"Lighting technician, broadcasting/film/video",2026-03-12
EMP07323,103763.61,9155.01,D013,Ophthalmologist,2023-08-29
EMP07324,154070.08,5526.1,D001,"Conservation officer, nature",2026-05-24
EMP07325,100754.42,18195.96,D007,"Biochemist, clinical",2025-01-30
EMP07326,142149.09,12916.31,D018,Ship broker,2026-01-17
EMP07327,129026.76,16895.14,D004,"Engineer, technical sales",2024-04-26
EMP07328,121093.0,20129.53,D004,Patent examiner,2026-02-10
EMP07329,114683.18,4980.56,D005,Chief Operating Officer,2023-08-19
EMP07330,116353.02,15281.29,D016,"Administrator, education",2024-12-27
EMP07331,122025.5,21341.27,D004,"Surveyor, land/geomatics",2024-05-12
EMP07332,124679.82,16352.17,D003,"Solicitor, Scotland",2024-08-19
EMP07333,94509.64,13736.57,D005,Arboriculturist,2024-01-31
EMP07334,69018.85,9031.89,D007,Database administrator,2025-08-10
EMP07335,136681.8,20235.56,D002,Materials engineer,2025-06-03
EMP07336,100994.59,2628.98,D001,Recycling officer,2024-02-03
EMP07337,125208.45,1105.36,D011,Arboriculturist,2023-12-04
EMP07338,135974.64,9764.21,D009,Building control surveyor,2025-12-09
EMP07339,115271.75,14134.22,D007,Operations geologist,2025-02-20
EMP07340,40000.0,1193.74,D016,Dispensing optician,2026-02-25
EMP07341,105911.51,5432.27,D017,Art gallery manager,2024-01-24
EMP07342,117360.95,21324.49,D011,Occupational therapist,2024-05-25
EMP07343,142499.46,16353.12,D007,Financial adviser,2024-11-10
EMP07344,119697.08,17210.99,D017,"Programmer, systems",2025-04-26
EMP07345,111054.94,15656.19,D010,Biomedical engineer,2024-12-23
EMP07346,110653.9,11920.57,D016,Equities trader,2023-12-10
EMP07347,140790.29,1554.82,D018,Meteorologist,2025-03-23
EMP07348,89824.13,17436.34,D020,Leisure centre manager,2026-07-02
EMP07349,155189.21,17777.14,D012,Water engineer,2026-06-05
EMP07350,91045.88,4349.27,D018,Management consultant,2023-09-12
EMP07351,107272.12,1912.84,D005,Writer,2023-10-06
EMP07352,105889.67,14167.0,D002,Claims inspector/assessor,2025-09-15
EMP07353,121235.77,22759.44,D001,"Investment banker, corporate",2023-09-19
EMP07354,163700.19,23984.14,D011,Community pharmacist,2026-02-19
EMP07355,143481.72,1206.65,D010,"Nurse, adult",2024-09-02
EMP07356,132879.99,20675.78,D008,Primary school teacher,2026-05-23
EMP07357,123515.68,7905.77,D009,Multimedia specialist,2025-05-26
EMP07358,114817.78,5684.21,D005,Camera operator,2025-08-15
EMP07359,131286.03,18303.15,D008,Press photographer,2024-05-09
EMP07360,130787.83,4523.91,D014,Patent attorney,2025-03-20
EMP07361,145516.53,14691.94,D006,"Designer, blown glass/stained glass",2025-09-01
EMP07362,107310.89,5004.21,D007,"Teacher, primary school",2025-12-08
EMP07363,127984.38,19906.53,D010,"Optician, dispensing",2023-08-28
EMP07364,81591.62,8240.52,D005,"Loss adjuster, chartered",2023-10-01
EMP07365,82520.62,9968.23,D018,Special educational needs teacher,2026-07-17
EMP07366,154538.74,17564.36,D009,Occupational psychologist,2026-05-13
EMP07367,81499.76,10920.39,D013,"Engineer, automotive",2024-04-04
EMP07368,144973.01,27927.46,D012,Nature conservation officer,2026-04-28
EMP07369,61956.82,2284.53,D020,Audiological scientist,2026-02-13
EMP07370,120459.82,8200.83,D012,Consulting civil engineer,2025-09-17
EMP07371,79392.58,13560.51,D010,Media buyer,2025-07-12
EMP07372,82685.42,1895.1,D015,Financial planner,2024-05-03
EMP07373,75733.48,7518.37,D010,Mining engineer,2024-03-19
EMP07374,109531.58,11144.91,D017,Scientific laboratory technician,2026-03-11
EMP07375,102058.82,99.37,D001,Ranger/warden,2025-12-19
EMP07376,79824.75,15538.85,D006,Emergency planning/management officer,2023-10-05
EMP07377,114813.36,16320.37,D020,Cytogeneticist,2025-06-25
EMP07378,107339.85,18461.89,D009,"Biochemist, clinical",2025-01-08
EMP07379,107174.21,18911.84,D007,Water engineer,2024-08-22
EMP07380,99779.76,12477.8,D013,Data scientist,2024-03-01
EMP07381,104762.73,5204.57,D014,"Editor, magazine features",2024-04-19
EMP07382,93326.29,10265.6,D010,"Journalist, newspaper",2024-11-26
EMP07383,142009.68,19986.76,D001,Health and safety adviser,2024-02-10
EMP07384,74244.96,9312.18,D012,Media buyer,2025-02-17
EMP07385,40000.0,5130.59,D003,Armed forces training and education officer,2024-07-27
EMP07386,117515.1,13071.09,D003,Stage manager,2026-05-25
EMP07387,110523.75,9961.13,D008,Advertising account planner,2026-06-29
EMP07388,97285.92,17995.13,D009,Naval architect,2023-08-24
EMP07389,98694.94,7008.61,D020,Volunteer coordinator,2024-10-17
EMP07390,131338.47,21255.1,D014,"Geologist, wellsite",2024-07-02
EMP07391,131233.78,7229.4,D017,Adult nurse,2025-06-24
EMP07392,116357.18,22779.69,D006,Video editor,2026-03-20
EMP07393,68928.12,4068.82,D018,Print production planner,2026-07-24
EMP07394,142689.85,27505.52,D004,"Surveyor, land/geomatics",2025-08-14
EMP07395,107792.98,4408.1,D011,"Psychologist, educational",2023-10-28
EMP07396,112955.77,11678.66,D017,"Engineer, energy",2025-05-22
EMP07397,59797.53,3169.51,D013,"Surveyor, land/geomatics",2026-01-25
EMP07398,110865.78,16865.55,D016,Research scientist (medical),2024-02-24
EMP07399,124810.06,18317.55,D002,Chief Strategy Officer,2024-02-17
EMP07400,85795.87,8730.6,D005,Social worker,2026-07-03
EMP07401,58318.83,3185.12,D003,"Engineer, communications",2023-12-28
EMP07402,109674.22,4363.67,D008,Holiday representative,2026-01-23
EMP07403,117219.82,2471.64,D011,Commercial/residential surveyor,2024-11-14
EMP07404,137684.31,6395.92,D002,Banker,2025-09-18
EMP07405,83766.34,12234.85,D015,Arts development officer,2024-06-23
EMP07406,101823.45,5932.34,D011,"Accountant, chartered management",2023-10-15
EMP07407,105208.11,15007.05,D005,Press sub,2026-02-19
EMP07408,121899.36,20225.02,D018,Neurosurgeon,2024-06-27
EMP07409,102526.83,11325.86,D020,IT trainer,2026-05-27
EMP07410,109408.17,6796.58,D012,"Solicitor, Scotland",2025-08-28
EMP07411,105171.67,14318.67,D004,"Horticulturist, commercial",2025-03-01
EMP07412,94244.95,10460.71,D014,"Scientist, biomedical",2026-07-26
EMP07413,146308.75,27020.06,D018,Holiday representative,2026-04-18
EMP07414,80712.19,15656.04,D012,Financial adviser,2025-02-24
EMP07415,121866.8,10270.1,D003,"Surveyor, rural practice",2026-01-04
EMP07416,101961.52,1761.63,D017,Exercise physiologist,2024-06-23
EMP07417,67504.72,7762.13,D005,Aid worker,2024-04-11
EMP07418,138281.46,18725.24,D003,"Accountant, chartered public finance",2026-06-11
EMP07419,92280.57,11746.17,D013,Health and safety inspector,2024-02-27
EMP07420,118176.39,22796.42,D004,Planning and development surveyor,2026-04-14
EMP07421,107543.39,12475.56,D008,Biomedical engineer,2025-07-11
EMP07422,92997.23,12460.68,D020,Equality and diversity officer,2023-11-01
EMP07423,110375.79,13863.63,D009,Intelligence analyst,2024-12-04
EMP07424,119564.27,22640.68,D020,Patent examiner,2023-11-24
EMP07425,80744.49,14976.83,D018,Accommodation manager,2024-07-02
EMP07426,128610.0,3221.31,D014,"Social research officer, government",2025-07-01
EMP07427,108049.48,20326.64,D002,Transport planner,2024-12-05
EMP07428,124626.15,4807.06,D002,Research scientist (maths),2025-02-28
EMP07429,114242.48,803.02,D007,Arboriculturist,2024-07-11
EMP07430,106513.99,4396.73,D007,Music tutor,2023-12-25
EMP07431,147532.72,13563.88,D018,Health and safety adviser,2026-02-04
EMP07432,114325.53,19940.87,D018,Systems analyst,2025-09-20
EMP07433,130917.89,21511.67,D005,Financial risk analyst,2026-06-02
EMP07434,107273.78,5144.44,D008,"Psychotherapist, dance movement",2023-09-07
EMP07435,142372.74,9407.67,D015,Microbiologist,2024-12-18
EMP07436,63324.68,273.29,D012,Youth worker,2024-06-17
EMP07437,104606.44,60.95,D012,"Accountant, chartered public finance",2023-10-08
EMP07438,124542.46,14808.7,D014,Higher education careers adviser,2024-12-24
EMP07439,61115.17,10401.53,D007,Heritage manager,2023-10-08
EMP07440,123103.06,15182.99,D008,"Psychologist, sport and exercise",2025-07-02
EMP07441,80832.89,8208.17,D016,Tree surgeon,2024-07-01
EMP07442,107338.74,1541.83,D009,Arts development officer,2024-10-09
EMP07443,75473.09,13578.21,D007,International aid/development worker,2024-07-12
EMP07444,129097.01,6221.97,D016,"Surveyor, building",2023-10-05
EMP07445,123778.24,19027.17,D016,Financial manager,2025-01-28
EMP07446,81046.18,5198.79,D015,Barrister,2024-10-14
EMP07447,95067.72,8141.28,D012,General practice doctor,2025-06-25
EMP07448,117725.17,13513.2,D017,"Psychotherapist, dance movement",2024-04-04
EMP07449,48110.88,3500.32,D017,"Administrator, local government",2025-08-23
EMP07450,68392.27,5824.59,D004,Computer games developer,2026-07-01
EMP07451,89429.1,2458.91,D020,Records manager,2026-05-10
EMP07452,93956.62,13529.67,D003,Senior tax professional/tax inspector,2023-09-15
EMP07453,68828.16,8000.1,D019,Technical author,2025-11-26
EMP07454,151900.08,30229.21,D003,Aeronautical engineer,2025-12-08
EMP07455,103761.42,5084.51,D013,"Designer, jewellery",2025-01-01
EMP07456,129691.97,17751.3,D009,"Programmer, applications",2026-01-03
EMP07457,149420.33,12365.94,D005,"Physicist, medical",2024-01-06
EMP07458,148147.5,4753.46,D017,General practice doctor,2025-11-16
EMP07459,81269.09,2814.5,D013,"Merchandiser, retail",2025-11-15
EMP07460,94525.31,9181.63,D014,Clothing/textile technologist,2025-07-24
EMP07461,98054.88,6613.72,D019,Emergency planning/management officer,2024-02-08
EMP07462,51553.05,5081.73,D005,"Accountant, chartered management",2024-07-14
EMP07463,116697.89,6994.8,D003,Art gallery manager,2026-06-07
EMP07464,102843.31,19725.41,D001,IT sales professional,2026-03-15
EMP07465,109812.71,6890.31,D006,Arts administrator,2026-01-12
EMP07466,105362.04,8160.57,D013,Commissioning editor,2024-03-11
EMP07467,92572.21,158.62,D006,Youth worker,2025-04-02
EMP07468,104522.0,7154.34,D004,Sports administrator,2024-08-14
EMP07469,102278.07,9516.98,D007,Land,2025-02-16
EMP07470,53581.14,6858.15,D002,Recycling officer,2024-01-01
EMP07471,133701.96,21578.81,D009,Land/geomatics surveyor,2024-01-09
EMP07472,114256.71,1599.3,D019,Hydrogeologist,2025-09-23
EMP07473,139029.42,3781.08,D007,Race relations officer,2025-09-20
EMP07474,112331.5,19969.53,D003,"Engineer, manufacturing systems",2025-07-23
EMP07475,144136.24,23917.46,D010,Special effects artist,2025-06-09
EMP07476,116103.76,1730.8,D016,Rural practice surveyor,2026-06-22
EMP07477,100986.27,2004.74,D014,Academic librarian,2026-05-03
EMP07478,99923.52,8891.59,D020,Special educational needs teacher,2026-07-07
EMP07479,65937.03,8830.01,D006,Heritage manager,2024-12-22
EMP07480,137759.19,22003.35,D020,Education administrator,2025-08-20
EMP07481,145984.03,3310.49,D018,Radio producer,2024-10-29
EMP07482,120748.82,4270.8,D010,Information systems manager,2026-03-20
EMP07483,107183.64,1694.13,D002,Aeronautical engineer,2026-03-28
EMP07484,107323.67,4742.8,D016,Museum/gallery exhibitions officer,2025-12-19
EMP07485,105737.36,5107.97,D014,"Designer, jewellery",2025-05-12
EMP07486,120707.59,2381.31,D003,"Sales professional, IT",2025-10-14
EMP07487,115358.51,19635.03,D007,"Development worker, international aid",2024-03-08
EMP07488,143721.05,5341.18,D015,Retail banker,2026-04-03
EMP07489,86598.3,16652.85,D013,"Journalist, magazine",2025-06-10
EMP07490,126260.86,1354.86,D009,"Accountant, chartered",2023-08-27
EMP07491,84641.31,16489.78,D014,"Producer, television/film/video",2026-03-28
EMP07492,130771.36,16066.11,D012,"Development worker, community",2023-11-04
EMP07493,70397.38,3433.72,D014,Local government officer,2024-06-20
EMP07494,125594.54,3225.06,D013,International aid/development worker,2025-07-08
EMP07495,50959.98,2898.54,D011,Environmental manager,2025-10-19
EMP07496,109718.81,8616.13,D020,Educational psychologist,2025-10-08
EMP07497,84787.93,585.44,D018,"Administrator, Civil Service",2026-07-24
EMP07498,125813.45,11490.54,D003,Metallurgist,2025-04-05
EMP07499,113805.89,5230.54,D015,Counselling psychologist,2025-05-21
EMP07500,96476.17,1011.5,D004,Software engineer,2024-09-22
EMP07501,116921.69,19988.97,D003,Media planner,2024-06-06
EMP07502,111235.46,7856.19,D009,"Buyer, industrial",2025-03-04
EMP07503,130886.96,4508.38,D017,IT consultant,2026-01-06
EMP07504,66253.68,9395.83,D008,Merchant navy officer,2025-03-27
EMP07505,121647.57,7405.41,D004,Banker,2024-01-12
EMP07506,86940.89,4558.22,D019,Commercial horticulturist,2023-11-11
EMP07507,93306.63,10645.69,D016,Energy engineer,2024-07-21
EMP07508,66226.7,5561.69,D007,Landscape architect,2023-12-14
EMP07509,126968.8,23191.36,D003,"Designer, graphic",2024-01-10
EMP07510,78181.19,7089.07,D017,Forensic psychologist,2025-10-12
EMP07511,125335.08,22120.86,D009,Psychotherapist,2024-12-08
EMP07512,134147.16,25635.55,D009,Catering manager,2023-09-06
EMP07513,81496.31,690.0,D003,Chief Executive Officer,2024-12-31
EMP07514,187199.39,22581.7,D017,Primary school teacher,2023-10-19
EMP07515,104263.19,18883.3,D010,Surgeon,2026-03-31
EMP07516,85835.66,14724.02,D001,"Sales professional, IT",2026-05-15
EMP07517,101520.51,3450.48,D004,Public relations account executive,2023-08-12
EMP07518,100495.41,5750.09,D007,Location manager,2025-06-14
EMP07519,96959.67,4955.53,D013,"Administrator, Civil Service",2026-06-15
EMP07520,78790.64,9069.66,D015,Medical illustrator,2024-12-19
EMP07521,69564.9,2667.73,D001,Community education officer,2024-05-25
EMP07522,107249.12,18917.58,D004,"Engineer, manufacturing",2025-11-11
EMP07523,129622.15,9260.52,D005,Writer,2024-11-12
EMP07524,75890.08,13623.06,D005,Community arts worker,2026-05-18
EMP07525,110523.14,14487.54,D014,Set designer,2024-03-24
EMP07526,100315.33,9710.25,D009,"Geologist, engineering",2024-01-29
EMP07527,131689.94,3117.05,D007,Chartered loss adjuster,2025-06-17
EMP07528,78959.14,8683.03,D011,Scientific laboratory technician,2025-08-16
EMP07529,141261.87,25882.51,D012,Agricultural consultant,2026-01-09
EMP07530,136385.87,416.8,D005,Mechanical engineer,2024-09-05
EMP07531,79952.21,585.33,D016,Chief Executive Officer,2025-04-15
EMP07532,83055.33,9528.12,D015,Horticultural consultant,2025-06-27
EMP07533,94886.32,10108.48,D006,"Civil engineer, consulting",2026-08-04
EMP07534,79433.13,11055.04,D012,Conference centre manager,2024-12-23
EMP07535,122770.18,6875.87,D020,Advertising copywriter,2025-09-08
EMP07536,108987.44,4806.9,D007,"Accountant, chartered certified",2025-10-30
EMP07537,78786.48,14560.31,D004,"Research officer, government",2025-01-16
EMP07538,138563.89,7400.07,D009,Further education lecturer,2024-03-22
EMP07539,131640.46,2350.17,D006,Architectural technologist,2026-03-26
EMP07540,143032.23,1571.42,D012,Haematologist,2025-01-04
EMP07541,108535.2,8679.96,D010,Midwife,2025-09-08
EMP07542,137557.23,21392.71,D018,Broadcast journalist,2025-09-12
EMP07543,113656.88,18211.28,D013,Learning disability nurse,2025-09-18
EMP07544,84244.7,6225.37,D012,Phytotherapist,2024-11-02
EMP07545,103022.49,17995.11,D012,Telecommunications researcher,2026-04-17
EMP07546,143582.91,5583.14,D006,Trade mark attorney,2026-01-07
EMP07547,130838.97,16278.65,D011,"Engineer, petroleum",2024-02-27
EMP07548,92478.62,473.65,D007,"Engineer, technical sales",2025-04-13
EMP07549,83922.67,11051.44,D013,"Designer, exhibition/display",2026-06-21
EMP07550,86384.9,10081.19,D003,Public librarian,2025-10-02
EMP07551,137166.16,13448.14,D002,Optometrist,2024-02-13
EMP07552,112294.23,5908.6,D003,Dance movement psychotherapist,2023-11-29
EMP07553,139606.88,4743.95,D012,Museum/gallery exhibitions officer,2024-04-23
EMP07554,60801.41,2545.32,D009,"Surveyor, planning and development",2026-02-28
EMP07555,124452.4,6211.75,D006,"Teacher, music",2024-11-27
EMP07556,107556.16,7176.04,D012,Television production assistant,2026-01-31
EMP07557,128545.93,16111.9,D015,Geochemist,2025-09-04
EMP07558,112368.14,4219.21,D015,Product/process development scientist,2026-07-25
EMP07559,67194.96,5679.19,D005,Equities trader,2024-11-04
EMP07560,108193.93,1287.9,D010,Sales promotion account executive,2023-09-09
EMP07561,89833.51,1178.75,D001,"Psychologist, occupational",2025-09-10
EMP07562,73778.83,13072.72,D005,Veterinary surgeon,2026-07-29
EMP07563,101928.19,19508.5,D014,"Engineer, electrical",2025-05-25
EMP07564,106846.99,3498.15,D013,Archivist,2026-04-15
EMP07565,114899.08,5166.4,D009,Tax adviser,2025-04-19
EMP07566,105013.74,984.53,D019,Dentist,2023-11-10
EMP07567,165845.78,26447.93,D018,Merchant navy officer,2025-05-04
EMP07568,83400.2,13818.11,D007,"Editor, magazine features",2024-02-02
EMP07569,127762.36,14792.53,D018,"Engineer, electronics",2023-08-24
EMP07570,103320.2,13106.19,D004,Toxicologist,2026-04-04
EMP07571,90413.21,13088.19,D001,Art therapist,2024-08-02
EMP07572,137108.92,9665.38,D004,Mining engineer,2023-10-01
EMP07573,113104.72,12158.16,D003,Arts development officer,2024-05-29
EMP07574,71811.28,4786.53,D005,Medical technical officer,2025-07-31
EMP07575,104636.8,18255.27,D012,Passenger transport manager,2025-02-23
EMP07576,133749.61,12165.16,D005,"Engineer, civil (contracting)",2024-11-07
EMP07577,96628.13,6935.38,D004,Paramedic,2025-02-06
EMP07578,82016.56,9001.82,D002,Armed forces technical officer,2024-09-25
EMP07579,130624.71,1485.1,D017,Print production planner,2024-04-01
EMP07580,86299.4,1885.7,D014,Catering manager,2025-07-21
EMP07581,86519.67,16284.67,D009,Database administrator,2025-10-18
EMP07582,122968.48,5654.29,D001,Illustrator,2026-01-28
EMP07583,140421.33,12578.99,D009,Community pharmacist,2024-05-29
EMP07584,95881.87,323.55,D001,"Engineer, electronics",2024-08-17
EMP07585,71713.35,12644.53,D002,Publishing rights manager,2025-06-06
EMP07586,79166.87,9454.19,D009,"Engineer, land",2024-01-29
EMP07587,85657.91,1259.91,D007,Travel agency manager,2025-08-13
EMP07588,50902.18,1875.22,D006,Human resources officer,2024-12-03
EMP07589,76712.36,3285.73,D010,Warden/ranger,2026-01-18
EMP07590,113376.98,518.41,D014,Chartered legal executive (England and Wales),2024-10-03
EMP07591,114092.82,13113.35,D013,"Copywriter, advertising",2025-12-09
EMP07592,61167.84,6858.75,D013,Intelligence analyst,2024-03-10
EMP07593,104963.35,3447.15,D001,Social worker,2023-10-22
EMP07594,86823.86,12317.07,D007,Building control surveyor,2023-09-04
EMP07595,107206.81,12276.47,D012,Tax inspector,2025-03-11
EMP07596,50538.28,3647.51,D016,Environmental education officer,2026-06-30
EMP07597,44261.37,3741.8,D006,Planning and development surveyor,2025-12-12
EMP07598,100687.77,3229.26,D009,Neurosurgeon,2024-12-11
EMP07599,137148.92,2577.04,D002,Technical sales engineer,2023-12-03
EMP07600,152945.26,2049.16,D012,Holiday representative,2023-10-10
EMP07601,111744.25,45.16,D014,Energy manager,2026-07-08
EMP07602,130440.71,13243.69,D014,Plant breeder/geneticist,2024-10-03
EMP07603,109248.92,8277.21,D004,Human resources officer,2024-11-20
EMP07604,60408.26,4558.92,D016,"Engineer, maintenance (IT)",2026-01-28
EMP07605,135193.68,14336.61,D018,Physiotherapist,2024-01-02
EMP07606,99082.84,10070.94,D009,Maintenance engineer,2023-12-02
EMP07607,112970.31,12295.64,D013,"Engineer, broadcasting (operations)",2024-02-11
EMP07608,111072.33,15027.31,D015,Chartered accountant,2024-10-09
EMP07609,127944.65,19202.9,D001,Information officer,2024-07-16
EMP07610,124719.46,3337.8,D014,International aid/development worker,2024-03-17
EMP07611,149679.92,21947.92,D003,"Therapist, occupational",2024-05-17
EMP07612,88910.94,3366.92,D001,Health service manager,2023-09-04
EMP07613,91402.32,17572.98,D020,Microbiologist,2026-03-08
EMP07614,122942.32,17636.36,D005,Petroleum engineer,2023-11-21
EMP07615,91579.62,5308.27,D004,Sub,2026-06-11
EMP07616,73780.51,5657.17,D008,Commercial/residential surveyor,2025-07-21
EMP07617,113375.58,12418.27,D008,Mental health nurse,2026-05-25
EMP07618,107290.91,18806.37,D003,Ambulance person,2025-06-13
EMP07619,154155.19,28380.24,D013,Speech and language therapist,2025-12-28
EMP07620,111718.0,9747.75,D012,Television production assistant,2025-10-15
EMP07621,121370.18,5169.76,D005,IT consultant,2024-01-09
EMP07622,62589.64,11801.33,D006,Clinical embryologist,2025-03-12
EMP07623,97334.85,16179.65,D020,Hospital doctor,2026-04-15
EMP07624,108749.83,11922.45,D007,Museum/gallery curator,2024-08-20
EMP07625,96115.34,2133.88,D008,"Exhibitions officer, museum/gallery",2026-07-18
EMP07626,148208.86,29640.71,D011,Clinical cytogeneticist,2023-09-16
EMP07627,87746.45,15874.75,D012,"Social research officer, government",2024-08-14
EMP07628,90166.89,2731.32,D013,Product/process development scientist,2023-12-29
EMP07629,48787.37,4656.43,D011,Waste management officer,2026-07-13
EMP07630,143934.23,14421.44,D018,Statistician,2024-05-13
EMP07631,142798.41,25291.95,D006,Technical sales engineer,2024-10-12
EMP07632,133821.69,19620.63,D016,Quality manager,2023-10-12
EMP07633,145408.06,25188.75,D002,Paediatric nurse,2025-09-17
EMP07634,114951.2,13167.53,D009,Estate agent,2026-02-19
EMP07635,135242.46,9189.03,D015,Film/video editor,2025-04-29
EMP07636,99223.87,6849.49,D004,Armed forces training and education officer,2025-09-02
EMP07637,109979.65,17769.76,D002,"Conservation officer, historic buildings",2025-10-30
EMP07638,40000.0,4728.32,D003,"Engineer, civil (contracting)",2023-08-23
EMP07639,118980.55,2727.53,D018,Actuary,2024-08-27
EMP07640,102006.95,16467.72,D008,Health visitor,2024-06-06
EMP07641,127684.61,25054.64,D004,"Designer, furniture",2026-06-28
EMP07642,105381.04,11769.25,D018,"Engineer, materials",2025-04-03
EMP07643,129274.95,21300.32,D005,Financial adviser,2023-12-15
EMP07644,113101.86,19648.71,D007,Environmental education officer,2024-01-04
EMP07645,68054.76,7871.54,D003,"Scientist, marine",2026-05-15
EMP07646,103820.03,14574.23,D009,"Scientist, water quality",2025-09-11
EMP07647,134198.61,15217.7,D012,Film/video editor,2025-10-27
EMP07648,109688.75,2962.12,D014,Civil Service administrator,2024-03-11
EMP07649,69918.82,9442.33,D019,"Teacher, early years/pre",2026-04-25
EMP07650,119711.16,19547.45,D017,Nature conservation officer,2024-05-06
EMP07651,108496.77,14147.06,D020,"Accountant, chartered management",2026-06-02
EMP07652,79844.27,7562.77,D006,Dance movement psychotherapist,2024-11-25
EMP07653,103244.02,16557.52,D002,"Journalist, broadcasting",2025-04-27
EMP07654,145568.14,28447.46,D013,Aid worker,2025-03-06
EMP07655,166423.23,10281.33,D009,Tree surgeon,2026-05-29
EMP07656,150207.61,9506.53,D014,"Designer, exhibition/display",2026-03-28
EMP07657,86106.04,15802.4,D009,Research scientist (life sciences),2023-11-10
EMP07658,118744.17,22631.0,D003,"Administrator, sports",2026-08-02
EMP07659,134727.16,7909.75,D010,Further education lecturer,2026-05-18
EMP07660,97738.09,17558.7,D012,"Accountant, chartered public finance",2025-11-26
EMP07661,84789.66,12244.96,D020,Aeronautical engineer,2026-02-24
EMP07662,87446.83,3256.37,D019,Insurance claims handler,2025-05-23
EMP07663,99074.57,17370.15,D012,Financial trader,2025-11-03
EMP07664,80162.39,13302.5,D013,Sports coach,2025-04-12
EMP07665,85767.19,6255.37,D001,"Presenter, broadcasting",2026-04-04
EMP07666,86602.06,17039.62,D015,Museum education officer,2026-01-03
EMP07667,98069.44,15276.84,D008,"Pilot, airline",2024-07-09
EMP07668,136307.09,4971.74,D007,"Scientist, biomedical",2025-02-24
EMP07669,131354.44,17358.23,D007,Immunologist,2026-01-21
EMP07670,107563.8,11972.56,D020,"Psychologist, sport and exercise",2025-02-17
EMP07671,117137.86,10827.9,D017,Architect,2025-06-20
EMP07672,120042.62,7492.64,D001,Restaurant manager,2026-05-05
EMP07673,143147.21,4281.57,D004,"Designer, ceramics/pottery",2026-06-25
EMP07674,120621.79,1704.92,D016,Neurosurgeon,2024-02-18
EMP07675,110989.8,4842.96,D019,Archivist,2025-04-08
EMP07676,62671.8,8149.76,D011,"Designer, multimedia",2026-03-05
EMP07677,127144.5,18754.93,D001,"Psychologist, forensic",2024-01-30
EMP07678,95869.4,13954.46,D001,International aid/development worker,2024-01-04
EMP07679,133652.37,12677.59,D015,Publishing rights manager,2025-03-04
EMP07680,115365.21,10718.24,D004,Risk manager,2023-09-14
EMP07681,105099.82,17357.79,D011,Trading standards officer,2024-04-04
EMP07682,89451.37,3784.0,D005,Personal assistant,2024-01-29
EMP07683,117344.26,11527.78,D017,Physiological scientist,2024-02-19
EMP07684,111464.13,20150.73,D019,"Engineer, electrical",2024-02-22
EMP07685,94737.03,4856.16,D006,Patent attorney,2024-03-10
EMP07686,134085.97,7762.76,D020,Retail manager,2024-09-19
EMP07687,130869.0,3757.24,D012,Air cabin crew,2024-09-01
EMP07688,121495.35,16542.25,D003,Marketing executive,2026-04-22
EMP07689,109958.89,509.04,D019,"Engineer, land",2025-09-12
EMP07690,119559.47,9202.83,D016,"Radiographer, diagnostic",2024-12-21
EMP07691,181026.52,634.64,D003,"Engineer, biomedical",2023-10-14
EMP07692,71088.85,1591.45,D015,Senior tax professional/tax inspector,2025-03-15
EMP07693,119470.49,4992.25,D013,Barrister,2026-04-23
EMP07694,115527.01,1957.45,D019,"Surveyor, building control",2023-12-07
EMP07695,114891.32,21350.41,D016,Secondary school teacher,2024-11-27
EMP07696,94455.54,146.98,D013,Data processing manager,2025-07-18
EMP07697,92074.23,241.83,D017,"Engineer, drilling",2026-01-02
EMP07698,156030.88,4839.78,D001,Energy manager,2025-08-20
EMP07699,107384.06,19499.4,D008,Armed forces logistics/support/administrative officer,2024-09-04
EMP07700,104474.48,10262.93,D001,"Surveyor, rural practice",2024-05-31
EMP07701,126727.16,1411.91,D019,Psychiatrist,2023-11-14
EMP07702,84357.24,3548.54,D012,Air traffic controller,2024-06-28
EMP07703,111316.52,6844.85,D004,Chief Financial Officer,2025-08-23
EMP07704,82834.54,8407.76,D017,Transport planner,2025-03-06
EMP07705,61934.84,11249.49,D016,Telecommunications researcher,2025-10-26
EMP07706,93797.88,8128.52,D002,Special effects artist,2026-01-18
EMP07707,108919.58,11165.71,D019,"Doctor, general practice",2026-01-29
EMP07708,125997.47,5533.58,D006,Hospital pharmacist,2026-04-05
EMP07709,141294.94,8388.59,D013,"Psychologist, forensic",2026-01-18
EMP07710,140587.18,27432.81,D007,Restaurant manager,2025-06-13
EMP07711,87978.27,4096.78,D010,Arts administrator,2025-11-04
EMP07712,99960.97,15014.1,D006,"Psychologist, prison and probation services",2025-03-28
EMP07713,86523.87,13674.34,D002,Medical illustrator,2025-11-05
EMP07714,90780.52,2926.15,D013,Child psychotherapist,2024-01-06
EMP07715,125642.26,24351.53,D012,"Scientist, research (physical sciences)",2023-08-27
EMP07716,101725.86,839.64,D020,Occupational hygienist,2026-06-12
EMP07717,95966.6,9467.66,D014,Corporate investment banker,2026-06-27
EMP07718,122233.87,3145.33,D006,Civil Service administrator,2026-03-31
EMP07719,108618.44,8758.24,D017,"Accountant, chartered certified",2025-07-11
EMP07720,80550.82,14488.22,D015,"Surveyor, quantity",2023-10-22
EMP07721,94574.36,16426.69,D002,"Runner, broadcasting/film/video",2024-01-28
EMP07722,130385.03,1504.24,D019,Patent attorney,2024-06-25
EMP07723,96854.78,4536.41,D015,Emergency planning/management officer,2024-11-22
EMP07724,98003.59,559.05,D019,Operations geologist,2025-08-27
EMP07725,138838.96,11629.26,D015,Psychiatrist,2025-11-09
EMP07726,55683.15,9277.95,D004,"Secretary, company",2025-06-30
EMP07727,83441.38,12483.97,D019,Ecologist,2025-06-23
EMP07728,117263.94,1267.15,D009,Risk analyst,2024-02-13
EMP07729,94558.96,16841.38,D014,Broadcast journalist,2023-09-14
EMP07730,132116.43,1214.69,D007,Pharmacologist,2025-03-11
EMP07731,128206.24,9505.24,D020,Sport and exercise psychologist,2024-06-07
EMP07732,134115.13,4579.6,D003,"Teacher, secondary school",2025-10-11
EMP07733,98390.84,18578.72,D012,Naval architect,2025-10-30
EMP07734,89418.39,3628.98,D015,"Administrator, arts",2024-09-05
EMP07735,112023.92,6041.56,D005,"Administrator, education",2024-05-18
EMP07736,153711.72,9377.36,D006,Multimedia specialist,2023-08-28
EMP07737,104426.24,5474.11,D007,Oceanographer,2025-11-07
EMP07738,128148.49,22985.08,D009,Retail merchandiser,2024-12-16
EMP07739,113630.91,14345.52,D019,"Scientist, research (physical sciences)",2023-09-10
EMP07740,110206.86,922.17,D020,Biomedical scientist,2024-10-23
EMP07741,99319.48,12418.19,D008,"Designer, jewellery",2026-02-02
EMP07742,108183.95,17925.21,D007,"Radiographer, therapeutic",2026-03-23
EMP07743,80485.45,9637.72,D003,Theatre stage manager,2024-04-08
EMP07744,68926.28,559.55,D006,Art gallery manager,2025-03-27
EMP07745,104612.7,1086.92,D018,Insurance underwriter,2024-02-04
EMP07746,146975.05,2182.31,D004,"Development worker, community",2024-01-22
EMP07747,100018.05,8319.2,D004,Merchant navy officer,2024-12-30
EMP07748,132205.15,14892.98,D015,Dramatherapist,2026-01-31
EMP07749,124633.93,23784.44,D001,Sport and exercise psychologist,2024-08-06
EMP07750,96407.9,18696.76,D015,Geographical information systems officer,2026-08-01
EMP07751,114788.95,10519.57,D006,Multimedia programmer,2024-07-15
EMP07752,128746.4,17857.41,D013,IT trainer,2024-09-08
EMP07753,103567.03,16561.34,D007,Retail manager,2024-09-24
EMP07754,60234.03,5427.3,D017,Advice worker,2026-04-22
EMP07755,68559.35,1871.84,D020,"Pharmacist, hospital",2026-02-11
EMP07756,109436.98,13147.86,D002,Sports coach,2023-11-29
EMP07757,94991.92,3670.33,D012,Cabin crew,2025-05-19
EMP07758,128758.79,8151.03,D008,"Production assistant, television",2024-11-15
EMP07759,134965.94,16920.41,D009,"Therapist, speech and language",2026-07-02
EMP07760,46895.44,3468.22,D001,Contractor,2025-08-23
EMP07761,93643.14,14490.87,D008,"Designer, graphic",2024-09-11
EMP07762,84858.34,15435.9,D005,Higher education lecturer,2024-12-21
EMP07763,137048.73,25564.35,D012,Chiropractor,2025-08-21
EMP07764,64444.48,11165.22,D001,Tree surgeon,2025-11-13
EMP07765,84471.62,11953.46,D006,Travel agency manager,2024-03-31
EMP07766,83307.77,3889.9,D020,"Programmer, multimedia",2026-06-06
EMP07767,103236.19,20056.73,D015,Trade union research officer,2023-09-16
EMP07768,123006.17,5850.36,D014,Probation officer,2023-12-05
EMP07769,109813.31,17271.2,D019,Actuary,2024-07-01
EMP07770,122640.33,21461.15,D009,"Engineer, water",2024-09-03
EMP07771,86457.03,12044.56,D015,Community pharmacist,2025-04-15
EMP07772,126654.46,7242.44,D003,Architectural technologist,2026-03-06
EMP07773,112291.64,19893.46,D017,"Surveyor, hydrographic",2023-08-30
EMP07774,91319.52,2912.3,D004,Biomedical engineer,2025-04-15
EMP07775,106091.9,20102.45,D015,Set designer,2024-08-04
EMP07776,130553.3,3935.5,D015,"Engineer, petroleum",2025-05-01
EMP07777,133383.53,3460.0,D019,"Geneticist, molecular",2024-06-08
EMP07778,116464.1,22792.8,D010,"Surveyor, land/geomatics",2024-05-18
EMP07779,71645.75,7125.43,D013,"Accountant, chartered management",2023-12-08
EMP07780,98365.31,17438.98,D011,Waste management officer,2024-06-10
EMP07781,71149.34,7534.37,D001,Sports coach,2024-11-06
EMP07782,103807.94,11415.41,D007,Logistics and distribution manager,2024-12-11
EMP07783,97489.36,2980.78,D005,Further education lecturer,2026-04-24
EMP07784,106893.98,16672.62,D010,Furniture designer,2026-01-13
EMP07785,126435.51,8977.3,D014,Set designer,2026-07-26
EMP07786,75611.24,6668.36,D005,"Programmer, applications",2026-05-20
EMP07787,64107.69,2662.81,D018,Structural engineer,2023-12-26
EMP07788,89399.38,10792.64,D001,"Teacher, secondary school",2024-02-16
EMP07789,85368.19,7905.72,D013,Armed forces operational officer,2024-04-29
EMP07790,86523.64,15134.15,D002,Glass blower/designer,2023-11-02
EMP07791,87897.0,13430.41,D017,"Social research officer, government",2024-06-24
EMP07792,71547.86,11508.7,D008,Fine artist,2025-04-05
EMP07793,120397.14,17644.8,D007,"Engineer, automotive",2024-05-21
EMP07794,55223.12,3664.08,D008,Freight forwarder,2025-04-03
EMP07795,98083.94,14053.09,D009,Pension scheme manager,2023-10-19
EMP07796,106790.5,3668.63,D007,"Investment banker, corporate",2026-07-23
EMP07797,91573.38,2295.28,D001,"Solicitor, Scotland",2025-12-05
EMP07798,92583.75,16666.74,D007,Multimedia programmer,2025-11-19
EMP07799,119583.56,8634.82,D020,"Programmer, systems",2024-05-31
EMP07800,145896.35,13905.91,D003,Control and instrumentation engineer,2024-04-08
EMP07801,112378.37,21746.4,D014,Naval architect,2026-05-30
EMP07802,145156.45,27034.89,D015,Best boy,2024-03-18
EMP07803,109230.37,1203.46,D007,"Education officer, museum",2025-11-25
EMP07804,100376.79,8318.84,D016,Chiropodist,2024-08-12
EMP07805,83360.79,11695.06,D008,"Engineer, technical sales",2025-09-12
EMP07806,83273.35,7690.59,D009,Building control surveyor,2026-06-27
EMP07807,131936.24,15254.5,D001,Retail merchandiser,2025-12-26
EMP07808,152769.11,9916.55,D020,Air traffic controller,2025-07-15
EMP07809,54053.9,1276.86,D009,"Pharmacist, hospital",2025-02-27
EMP07810,94413.9,16361.37,D007,"Pharmacist, hospital",2024-04-23
EMP07811,80890.23,9934.86,D003,Patent examiner,2023-12-03
EMP07812,40000.0,5273.94,D003,Human resources officer,2025-10-29
EMP07813,129910.55,7461.13,D006,Banker,2024-07-10
EMP07814,103277.18,9537.94,D014,IT consultant,2024-06-03
EMP07815,115823.66,415.81,D010,Trading standards officer,2025-09-11
EMP07816,125033.25,17477.32,D007,Technical brewer,2025-08-03
EMP07817,109219.85,3835.79,D010,Publishing copy,2025-02-14
EMP07818,86727.62,4944.56,D020,Immunologist,2025-07-11
EMP07819,127010.29,13385.02,D005,Environmental education officer,2025-10-20
EMP07820,125662.33,1878.57,D019,Aeronautical engineer,2025-12-05
EMP07821,113770.26,13868.81,D008,Set designer,2023-10-22
EMP07822,92386.48,7958.23,D008,Research scientist (physical sciences),2023-09-05
EMP07823,144047.15,22238.56,D012,"Surveyor, commercial/residential",2026-07-16
EMP07824,82495.87,6661.33,D001,Actuary,2024-09-05
EMP07825,110900.0,12651.53,D020,"Engineer, mining",2026-04-12
EMP07826,111693.81,12477.96,D018,"Producer, television/film/video",2024-04-27
EMP07827,124128.43,8219.38,D020,"Scientist, research (physical sciences)",2024-09-16
EMP07828,97255.01,16591.55,D012,Early years teacher,2025-06-30
EMP07829,96070.54,9191.02,D007,"Lecturer, higher education",2026-08-04
EMP07830,159925.49,5405.0,D002,Financial adviser,2025-11-13
EMP07831,102331.99,12411.55,D004,Print production planner,2025-03-07
EMP07832,87633.01,9457.27,D018,Clinical biochemist,2025-07-03
EMP07833,118318.9,20941.37,D007,Computer games developer,2025-02-04
EMP07834,95029.23,1843.61,D015,Personal assistant,2025-04-14
EMP07835,114290.42,4067.66,D014,Secondary school teacher,2026-04-16
EMP07836,124105.11,24154.1,D020,"Secretary, company",2024-02-15
EMP07837,97805.05,1507.07,D002,Research scientist (maths),2024-07-02
EMP07838,106357.67,19575.23,D016,Advice worker,2025-10-09
EMP07839,100693.59,4170.85,D010,Holiday representative,2025-05-15
EMP07840,55338.17,4244.79,D003,Catering manager,2024-09-16
EMP07841,107119.42,17498.32,D007,"Lecturer, further education",2023-09-20
EMP07842,119984.41,2536.76,D012,IT consultant,2026-02-17
EMP07843,160843.9,17773.15,D003,"Radiographer, therapeutic",2024-05-10
EMP07844,77192.2,7441.79,D013,"Sound technician, broadcasting/film/video",2025-11-24
EMP07845,75191.99,548.51,D013,Chief Technology Officer,2025-01-02
EMP07846,78851.53,1490.06,D010,Farm manager,2024-07-26
EMP07847,97986.61,1720.59,D009,Printmaker,2024-03-10
EMP07848,112130.13,18911.35,D004,"Engineer, control and instrumentation",2025-11-21
EMP07849,151905.92,10297.67,D014,Careers adviser,2024-05-13
EMP07850,100137.55,11699.02,D008,Herpetologist,2025-12-31
EMP07851,88295.87,2788.0,D018,Diplomatic Services operational officer,2024-09-30
EMP07852,84795.15,14335.4,D011,Communications engineer,2025-08-06
EMP07853,107238.33,16829.27,D016,Purchasing manager,2023-12-03
EMP07854,108317.41,4545.96,D005,Lexicographer,2024-12-01
EMP07855,116075.94,16917.21,D004,Network engineer,2026-04-01
EMP07856,97509.27,6838.01,D007,"Copywriter, advertising",2026-01-13
EMP07857,142202.21,7268.49,D008,Geophysicist/field seismologist,2024-04-18
EMP07858,113066.1,21759.54,D019,Quarry manager,2025-09-07
EMP07859,137265.46,6765.21,D001,"Therapist, music",2025-11-24
EMP07860,122821.74,2239.45,D008,Town planner,2026-01-13
EMP07861,62612.48,10374.15,D009,Health and safety adviser,2025-07-26
EMP07862,137651.99,18271.01,D012,Forensic psychologist,2023-09-26
EMP07863,111604.07,16667.86,D004,Fine artist,2025-08-04
EMP07864,69320.36,6657.05,D020,"Engineer, chemical",2024-08-18
EMP07865,71747.47,11214.5,D007,Clinical psychologist,2025-07-16
EMP07866,108448.19,6376.78,D010,Research scientist (maths),2025-08-27
EMP07867,147466.38,27510.6,D009,Sport and exercise psychologist,2023-12-14
EMP07868,124864.38,14511.81,D014,"Designer, interior/spatial",2025-03-28
EMP07869,163684.58,32433.58,D019,"Production assistant, television",2024-04-29
EMP07870,57280.21,1881.74,D015,Equities trader,2025-05-12
EMP07871,119153.87,13865.51,D013,Arboriculturist,2024-07-03
EMP07872,80982.31,4552.03,D009,Management consultant,2025-11-01
EMP07873,81169.29,10791.32,D009,Warehouse manager,2024-09-07
EMP07874,62208.81,7225.42,D002,Purchasing manager,2026-06-10
EMP07875,156954.19,28137.47,D002,Osteopath,2024-07-09
EMP07876,85834.99,6970.26,D018,"Presenter, broadcasting",2024-07-14
EMP07877,89115.88,7041.96,D013,Control and instrumentation engineer,2025-11-11
EMP07878,141988.56,16953.75,D014,Ambulance person,2024-03-05
EMP07879,112966.13,21688.25,D013,"Secretary, company",2025-05-31
EMP07880,70795.5,2091.81,D006,Insurance broker,2024-10-14
EMP07881,62788.12,2083.5,D016,"Administrator, education",2026-05-10
EMP07882,108675.64,5464.69,D009,Prison officer,2024-09-04
EMP07883,110799.87,2722.61,D018,"Scientist, research (life sciences)",2023-10-31
EMP07884,56002.34,4829.99,D001,Graphic designer,2024-01-23
EMP07885,100558.85,12592.32,D002,Oncologist,2026-03-22
EMP07886,118326.38,3908.47,D011,Forensic scientist,2025-12-27
EMP07887,134481.81,20922.5,D010,"Administrator, Civil Service",2024-01-25
EMP07888,100013.23,16624.35,D010,Colour technologist,2023-09-03
EMP07889,130474.04,2728.43,D013,Learning mentor,2024-07-03
EMP07890,114270.71,8765.47,D012,Private music teacher,2024-06-01
EMP07891,97209.77,6132.52,D012,"Production assistant, radio",2024-09-21
EMP07892,131336.0,24788.05,D010,Hospital pharmacist,2025-07-26
EMP07893,88622.35,6431.16,D020,Optometrist,2024-07-07
EMP07894,140385.54,4614.63,D006,Nature conservation officer,2025-10-07
EMP07895,119744.21,16688.19,D020,Corporate treasurer,2025-12-13
EMP07896,101203.93,16716.95,D019,Commercial horticulturist,2025-02-02
EMP07897,145681.69,2995.33,D014,Tourism officer,2025-10-26
EMP07898,115080.54,3280.39,D006,Volunteer coordinator,2025-03-06
EMP07899,121320.79,517.1,D010,"Radiographer, diagnostic",2024-10-16
EMP07900,148805.75,19759.95,D012,Sales promotion account executive,2024-12-31
EMP07901,118320.76,15034.63,D020,Investment analyst,2025-06-28
EMP07902,106539.13,17008.26,D011,Physiotherapist,2024-08-27
EMP07903,106319.36,11696.65,D013,Lobbyist,2024-04-17
EMP07904,121244.75,12630.02,D002,Comptroller,2024-04-15
EMP07905,122963.83,22863.74,D009,Interpreter,2025-01-05
EMP07906,92189.02,16422.5,D020,Lobbyist,2025-06-09
EMP07907,92748.72,18462.61,D004,Hydrologist,2025-03-05
EMP07908,136276.24,26535.95,D020,Dealer,2025-03-06
EMP07909,101437.59,11195.93,D004,General practice doctor,2024-12-04
EMP07910,93286.24,7462.46,D018,"Lecturer, higher education",2024-01-30
EMP07911,88817.94,14736.3,D004,"Surveyor, planning and development",2024-09-07
EMP07912,72892.08,7750.41,D001,"Pharmacist, hospital",2025-01-12
EMP07913,126251.65,12755.25,D018,Operational investment banker,2026-01-07
EMP07914,74748.01,5952.72,D018,"Programme researcher, broadcasting/film/video",2023-12-01
EMP07915,118697.41,3445.54,D016,Ecologist,2023-08-26
EMP07916,99198.36,12061.96,D018,Travel agency manager,2025-07-21
EMP07917,108986.39,14447.63,D004,"Editor, magazine features",2024-01-03
EMP07918,93885.34,8337.26,D011,"Teacher, primary school",2026-02-19
EMP07919,151604.63,19825.53,D010,Training and development officer,2025-12-12
EMP07920,97042.33,8131.65,D020,Automotive engineer,2025-03-15
EMP07921,135069.01,12260.88,D016,"Psychologist, educational",2024-06-12
EMP07922,131841.39,20217.56,D006,"Designer, television/film set",2025-09-25
EMP07923,126687.27,11148.07,D014,Control and instrumentation engineer,2026-07-30
EMP07924,145587.03,6539.46,D018,Petroleum engineer,2024-10-23
EMP07925,125410.4,5784.03,D007,Public house manager,2023-12-03
EMP07926,143604.31,12626.04,D019,Warden/ranger,2025-10-02
EMP07927,117422.72,14927.18,D003,Geoscientist,2024-03-24
EMP07928,138856.19,12598.85,D012,Armed forces logistics/support/administrative officer,2024-03-24
EMP07929,117552.56,1614.28,D014,Police officer,2025-05-10
EMP07930,113062.17,19574.12,D006,Aeronautical engineer,2024-01-05
EMP07931,132771.65,825.09,D007,Child psychotherapist,2025-11-21
EMP07932,94421.48,18199.78,D015,Interior and spatial designer,2024-04-16
EMP07933,103429.37,11215.98,D008,Gaffer,2024-01-30
EMP07934,113252.42,17345.07,D018,Civil Service administrator,2026-03-01
EMP07935,76522.54,14115.59,D007,Estate agent,2024-07-20
EMP07936,119002.63,18368.94,D009,"Scientist, forensic",2025-02-18
EMP07937,70081.74,11128.3,D009,"Development worker, community",2026-04-20
EMP07938,98130.6,5241.35,D013,Primary school teacher,2025-05-08
EMP07939,125998.02,13435.36,D014,"Exhibitions officer, museum/gallery",2023-12-22
EMP07940,80812.36,8433.84,D003,"Surveyor, hydrographic",2025-06-13
EMP07941,121493.33,21980.94,D013,Optometrist,2025-03-05
EMP07942,137759.55,18760.26,D020,Soil scientist,2023-09-18
EMP07943,107076.79,11252.69,D004,Secondary school teacher,2023-08-31
EMP07944,103858.73,20057.57,D020,Engineering geologist,2025-07-19
EMP07945,83582.68,14180.79,D010,Fast food restaurant manager,2024-09-30
EMP07946,126415.83,24321.19,D003,Warden/ranger,2024-12-29
EMP07947,100189.01,16033.33,D014,Control and instrumentation engineer,2025-09-18
EMP07948,110691.4,11425.24,D012,"Engineer, electrical",2025-03-23
EMP07949,111814.76,18953.22,D003,Software engineer,2025-05-16
EMP07950,69959.01,11349.01,D020,Trading standards officer,2023-12-29
EMP07951,60896.19,4393.92,D009,"Scientist, water quality",2025-06-06
EMP07952,130393.27,20858.18,D008,Newspaper journalist,2025-04-26
EMP07953,144573.86,24426.57,D020,Corporate investment banker,2025-12-11
EMP07954,129175.3,22130.29,D001,"Designer, fashion/clothing",2025-02-27
EMP07955,129391.43,9276.61,D008,Materials engineer,2023-09-06
EMP07956,108042.9,12996.07,D010,Forensic psychologist,2023-12-27
EMP07957,140111.36,14507.75,D003,Pharmacologist,2023-09-23
EMP07958,91509.8,9331.82,D015,Retail banker,2025-04-30
EMP07959,112668.63,1628.01,D014,"Pharmacist, community",2026-01-23
EMP07960,97892.02,4296.88,D002,"Embryologist, clinical",2025-04-09
EMP07961,130913.69,1861.12,D011,"Surveyor, quantity",2025-05-17
EMP07962,63596.72,11281.12,D008,Passenger transport manager,2026-03-19
EMP07963,116087.98,20698.83,D005,Plant breeder/geneticist,2025-02-15
EMP07964,53441.29,4526.7,D014,Chartered legal executive (England and Wales),2025-09-13
EMP07965,118411.76,9089.7,D005,Best boy,2024-02-11
EMP07966,106828.49,6958.11,D004,Ergonomist,2024-02-03
EMP07967,131247.97,12250.7,D007,Media planner,2024-01-29
EMP07968,84884.31,5525.81,D013,Operational investment banker,2024-11-01
EMP07969,116806.42,5464.53,D007,Microbiologist,2024-06-17
EMP07970,101021.85,212.16,D019,Research scientist (medical),2025-12-29
EMP07971,156892.52,6379.12,D018,Geophysical data processor,2026-04-18
EMP07972,131880.54,11807.13,D007,"Surveyor, building",2025-06-02
EMP07973,93528.73,5547.53,D014,Associate Professor,2023-09-13
EMP07974,87770.64,13891.84,D002,"Surveyor, land/geomatics",2024-07-18
EMP07975,117357.24,2827.73,D003,Insurance underwriter,2024-06-22
EMP07976,113513.95,19491.56,D015,"Engineer, control and instrumentation",2024-01-05
EMP07977,124799.44,6882.83,D018,Recycling officer,2025-10-21
EMP07978,104481.05,18098.43,D017,Cartographer,2026-04-24
EMP07979,123178.4,23570.24,D009,Industrial/product designer,2026-03-05
EMP07980,126033.66,13141.92,D008,TEFL teacher,2024-08-01
EMP07981,151231.43,25840.67,D017,"Designer, multimedia",2024-11-12
EMP07982,110587.43,4038.43,D011,Paediatric nurse,2024-09-04
EMP07983,107824.73,12844.42,D007,Dancer,2023-08-09
EMP07984,101117.75,17383.19,D013,Quarry manager,2024-01-26
EMP07985,90693.22,17250.03,D003,Exhibition designer,2023-09-19
EMP07986,104555.26,15790.79,D003,Medical secretary,2025-12-28
EMP07987,92694.03,17558.92,D004,"Accountant, chartered management",2023-11-29
EMP07988,91693.07,9120.02,D015,Oceanographer,2025-09-28
EMP07989,102453.49,5940.84,D013,Ambulance person,2025-10-26
EMP07990,128171.96,6987.98,D005,Associate Professor,2023-09-26
EMP07991,88981.73,6584.97,D014,Careers adviser,2025-05-26
EMP07992,68692.75,5538.27,D015,Database administrator,2025-12-24
EMP07993,129189.72,4669.83,D013,Phytotherapist,2026-03-27
EMP07994,152729.27,23336.69,D020,Passenger transport manager,2024-03-26
EMP07995,140295.68,8470.12,D002,Higher education lecturer,2023-11-10
EMP07996,116475.54,11082.52,D015,Newspaper journalist,2024-05-08
EMP07997,160250.63,6188.29,D014,Animator,2026-07-25
EMP07998,97873.88,9568.68,D003,Textile designer,2025-06-24
EMP07999,47334.45,7078.18,D014,Politician's assistant,2025-01-12
EMP08000,76993.27,6301.93,D017,Call centre manager,2026-04-12
EMP08001,161429.64,28741.0,D004,Higher education careers adviser,2025-08-11
EMP08002,144768.78,2745.85,D008,Trade union research officer,2026-02-25
EMP08003,113594.48,9122.61,D003,Animator,2025-03-05
EMP08004,76784.55,8350.83,D009,Tax adviser,2025-09-02
EMP08005,91554.43,12574.51,D006,Charity officer,2024-12-11
EMP08006,122923.69,7044.07,D003,Accounting technician,2023-09-14
EMP08007,123632.08,19382.03,D018,Art gallery manager,2024-02-11
EMP08008,95992.12,14155.34,D017,"Therapist, speech and language",2024-05-13
EMP08009,114891.42,20820.38,D012,Claims inspector/assessor,2024-06-26
EMP08010,124400.75,9555.99,D006,Planning and development surveyor,2023-10-23
EMP08011,125925.22,2347.83,D013,"Nurse, children's",2024-07-02
EMP08012,85696.66,6473.98,D010,Market researcher,2024-06-27
EMP08013,73172.24,14058.71,D006,"Therapist, horticultural",2025-10-11
EMP08014,151283.69,7718.03,D018,IT trainer,2026-05-05
EMP08015,114110.14,11186.63,D010,Insurance broker,2025-03-11
EMP08016,83256.87,6702.28,D002,"Librarian, academic",2026-07-19
EMP08017,111542.09,8496.72,D017,Insurance risk surveyor,2023-09-04
EMP08018,110306.85,16265.87,D019,Fish farm manager,2025-08-01
EMP08019,122027.5,19592.74,D019,Arboriculturist,2024-08-01
EMP08020,159275.71,14268.76,D006,Audiological scientist,2025-03-06
EMP08021,121877.64,646.99,D013,Chief Operating Officer,2026-02-19
EMP08022,96032.97,5777.58,D001,Public relations account executive,2026-01-06
EMP08023,93862.41,13063.1,D018,"Scientist, physiological",2025-10-20
EMP08024,99208.0,5807.15,D009,Geophysical data processor,2025-08-01
EMP08025,101764.84,8537.13,D020,Office manager,2025-04-07
EMP08026,149149.46,17097.86,D003,"Conservator, furniture",2023-08-29
EMP08027,67996.68,5479.88,D008,Recycling officer,2025-09-28
EMP08028,105027.98,20396.66,D006,Hydrogeologist,2026-07-15
EMP08029,103420.95,7384.87,D010,"Designer, graphic",2025-01-17
EMP08030,102653.64,10574.7,D009,"Accountant, chartered management",2023-11-19
EMP08031,128615.59,2556.42,D003,International aid/development worker,2026-08-03
EMP08032,85544.81,4146.1,D002,"Education officer, community",2023-09-21
EMP08033,121696.58,21204.52,D020,"Conservator, furniture",2025-06-19
EMP08034,104870.3,10755.46,D010,"Librarian, public",2025-10-30
EMP08035,97424.76,519.02,D008,Statistician,2026-03-16
EMP08036,114951.8,10345.14,D010,"Teacher, English as a foreign language",2026-04-21
EMP08037,80596.19,11443.76,D010,Risk manager,2025-01-04
EMP08038,100514.67,19553.55,D001,"Programmer, systems",2025-11-22
EMP08039,94827.09,11990.23,D007,"Engineer, civil (consulting)",2023-10-30
EMP08040,87328.62,6312.23,D017,Banker,2024-10-16
EMP08041,141433.36,14282.99,D008,Restaurant manager,2023-12-16
EMP08042,99977.67,5896.52,D019,"Engineer, civil (contracting)",2025-11-27
EMP08043,97127.3,15137.27,D014,"Designer, industrial/product",2024-12-23
EMP08044,128193.21,8983.08,D016,Clinical embryologist,2026-05-06
EMP08045,96794.75,13917.89,D002,Paramedic,2026-03-08
EMP08046,82951.45,1537.92,D006,Occupational psychologist,2024-12-01
EMP08047,106923.12,383.42,D016,Midwife,2023-08-17
EMP08048,97951.76,17432.67,D016,Office manager,2025-03-21
EMP08049,101293.62,8671.39,D011,"Teacher, early years/pre",2024-01-14
EMP08050,160383.5,28835.12,D020,Claims inspector/assessor,2024-05-22
EMP08051,108162.4,19716.33,D014,Armed forces technical officer,2024-07-07
EMP08052,98167.99,6890.04,D005,Product/process development scientist,2025-09-08
EMP08053,105490.28,20824.34,D012,Barrister's clerk,2024-01-06
EMP08054,103623.79,14398.2,D016,Ship broker,2025-05-15
EMP08055,84135.68,9794.33,D009,Operations geologist,2023-08-31
EMP08056,110024.55,1455.11,D005,Brewing technologist,2026-04-04
EMP08057,102393.44,15989.18,D003,Commercial/residential surveyor,2024-06-16
EMP08058,116579.1,14396.55,D020,"Research officer, trade union",2026-04-08
EMP08059,58805.73,8257.44,D016,Chief Financial Officer,2025-11-04
EMP08060,107187.63,9304.31,D005,"Engineer, production",2024-11-18
EMP08061,101045.84,10678.66,D003,Forensic psychologist,2025-01-24
EMP08062,135740.27,22797.48,D013,Academic librarian,2024-02-14
EMP08063,97326.46,18884.14,D020,Data processing manager,2025-10-17
EMP08064,61723.11,9262.14,D017,Materials engineer,2024-12-02
EMP08065,105823.25,16871.15,D007,Analytical chemist,2026-01-21
EMP08066,57442.53,6538.64,D013,Advertising copywriter,2025-09-26
EMP08067,80737.08,15200.77,D008,Optometrist,2024-01-30
EMP08068,100617.67,11472.21,D017,Geophysicist/field seismologist,2025-04-27
EMP08069,108010.02,9638.57,D013,"Editor, commissioning",2026-07-17
EMP08070,96663.27,15409.59,D013,Data scientist,2025-09-24
EMP08071,115705.16,10047.53,D008,Proofreader,2026-02-04
EMP08072,142624.2,8482.13,D017,Petroleum engineer,2024-04-27
EMP08073,79081.01,11664.98,D008,Furniture designer,2025-01-13
EMP08074,85978.11,6406.34,D003,Financial trader,2024-03-01
EMP08075,76811.64,3729.8,D013,Insurance claims handler,2025-07-30
EMP08076,103446.99,1171.02,D013,Teaching laboratory technician,2024-12-10
EMP08077,40000.0,2163.68,D001,Information officer,2025-07-03
EMP08078,113922.64,16550.19,D015,Patent attorney,2024-09-28
EMP08079,136049.95,11673.91,D011,Lexicographer,2026-04-26
EMP08080,72947.84,8640.86,D003,Counselling psychologist,2026-08-01
EMP08081,138117.67,19696.8,D013,Plant breeder/geneticist,2026-06-03
EMP08082,95567.35,4865.67,D006,Market researcher,2024-08-07
EMP08083,43636.76,8469.96,D019,"Biochemist, clinical",2024-12-18
EMP08084,108662.48,6588.73,D015,IT consultant,2024-08-29
EMP08085,135551.8,26629.35,D019,"Engineer, automotive",2025-03-24
EMP08086,88888.44,8103.09,D005,Higher education careers adviser,2024-09-05
EMP08087,95772.44,15102.86,D012,Restaurant manager,2025-11-27
EMP08088,114149.19,13520.66,D019,Recycling officer,2025-01-07
EMP08089,80018.12,8650.27,D019,General practice doctor,2024-12-06
EMP08090,117431.34,22198.9,D013,Cartographer,2024-11-18
EMP08091,136673.26,5362.46,D005,Ceramics designer,2024-01-27
EMP08092,100545.91,16609.5,D002,Paramedic,2025-05-04
EMP08093,130991.04,22193.28,D010,"Administrator, local government",2025-10-12
EMP08094,84855.2,11412.57,D003,"Designer, graphic",2025-12-06
EMP08095,65679.45,12534.89,D004,Rural practice surveyor,2023-11-25
EMP08096,128493.23,9752.24,D019,Midwife,2025-12-13
EMP08097,154208.39,26167.53,D005,"Teacher, primary school",2023-08-29
EMP08098,87707.93,7036.48,D010,Management consultant,2024-07-31
EMP08099,163886.19,3494.89,D010,"Engineer, agricultural",2026-06-18
EMP08100,130576.48,405.56,D019,Stage manager,2024-10-25
EMP08101,67298.52,5104.61,D017,Soil scientist,2024-06-01
EMP08102,68670.99,10903.56,D018,Research scientist (physical sciences),2026-07-17
EMP08103,120267.45,17878.43,D018,Lobbyist,2025-05-24
EMP08104,96859.26,933.77,D014,Mechanical engineer,2023-10-11
EMP08105,92329.39,11799.5,D017,Tour manager,2026-06-15
EMP08106,110614.79,21649.31,D002,"Surveyor, mining",2024-05-20
EMP08107,102785.5,4635.81,D015,"Research officer, political party",2024-08-12
EMP08108,143472.94,22896.86,D020,Investment analyst,2023-09-22
EMP08109,94635.9,8786.55,D019,"Surveyor, rural practice",2026-01-01
EMP08110,137066.32,17553.77,D015,"Embryologist, clinical",2024-06-05
EMP08111,122911.84,19274.64,D014,Barrister's clerk,2024-08-17
EMP08112,108194.87,18244.27,D020,Gaffer,2024-10-22
EMP08113,107684.29,9913.63,D012,Building control surveyor,2024-08-22
EMP08114,84614.2,13904.04,D002,Local government officer,2026-02-13
EMP08115,140256.65,885.91,D005,IT trainer,2025-08-02
EMP08116,127702.94,3633.08,D016,"Development worker, community",2026-03-04
EMP08117,126597.31,14061.48,D017,Senior tax professional/tax inspector,2024-01-13
EMP08118,68863.43,4158.28,D001,"Development worker, international aid",2023-08-30
EMP08119,99627.38,18491.5,D009,Estate agent,2024-11-08
EMP08120,69979.66,13317.47,D013,Artist,2024-08-17
EMP08121,72675.96,12295.7,D005,Child psychotherapist,2026-01-29
EMP08122,99071.97,16639.83,D004,Oceanographer,2025-09-03
EMP08123,80515.13,10303.78,D005,Graphic designer,2026-04-11
EMP08124,123392.39,9355.75,D006,Exercise physiologist,2026-06-10
EMP08125,74595.19,9799.16,D016,Advertising account planner,2024-04-15
EMP08126,119003.69,10086.27,D003,Fine artist,2025-07-26
EMP08127,116691.19,12512.53,D005,Contractor,2026-01-21
EMP08128,158662.01,31414.83,D008,Toxicologist,2023-08-28
EMP08129,107407.62,14427.75,D016,"Research officer, trade union",2025-11-08
EMP08130,112145.88,17750.52,D006,"Programmer, systems",2025-11-01
EMP08131,95229.51,9231.8,D007,Health promotion specialist,2026-03-05
EMP08132,67476.67,2171.84,D001,Hospital pharmacist,2023-08-31
EMP08133,96267.44,4588.36,D013,Holiday representative,2023-12-08
EMP08134,98803.96,16855.21,D004,Ergonomist,2023-12-29
EMP08135,59281.52,8888.76,D003,Estate agent,2024-11-01
EMP08136,84193.48,5978.0,D013,Dance movement psychotherapist,2026-03-06
EMP08137,50491.12,8988.86,D019,"Therapist, horticultural",2024-10-26
EMP08138,102906.5,6996.95,D002,Insurance broker,2025-12-30
EMP08139,103897.17,11585.39,D004,Location manager,2025-03-31
EMP08140,104917.08,10395.79,D018,"Programmer, multimedia",2024-06-17
EMP08141,155495.7,21569.86,D007,"Scientist, water quality",2025-02-04
EMP08142,94004.61,6337.55,D015,Phytotherapist,2026-07-16
EMP08143,108341.23,17985.41,D015,Research scientist (physical sciences),2026-02-15
EMP08144,103267.81,2898.85,D011,Heritage manager,2025-05-28
EMP08145,75250.6,13148.81,D014,Audiological scientist,2024-03-23
EMP08146,58578.34,9951.26,D005,Hotel manager,2025-04-24
EMP08147,120021.21,11941.44,D001,Public house manager,2025-04-10
EMP08148,162478.79,26366.84,D009,"Programme researcher, broadcasting/film/video",2026-02-16
EMP08149,125839.44,16837.21,D012,"Conservation officer, nature",2026-05-19
EMP08150,118514.8,5875.86,D001,Garment/textile technologist,2024-04-10
EMP08151,118108.21,23398.85,D011,"Nurse, learning disability",2026-07-11
EMP08152,132358.07,22384.34,D010,Graphic designer,2023-08-15
EMP08153,115149.56,7048.18,D017,Web designer,2026-07-17
EMP08154,69513.27,5597.73,D013,Quarry manager,2025-03-27
EMP08155,93307.65,13867.46,D007,Dealer,2025-04-13
EMP08156,56061.1,3847.99,D006,"Sales professional, IT",2024-08-01
EMP08157,95945.47,3000.95,D012,"Engineer, mining",2024-12-06
EMP08158,116460.78,6793.52,D018,Hotel manager,2025-05-16
EMP08159,152371.44,24639.33,D002,"Civil engineer, contracting",2025-12-06
EMP08160,106426.86,1769.98,D016,"Surveyor, quantity",2026-05-31
EMP08161,108974.43,8431.66,D001,Administrator,2024-07-30
EMP08162,81004.85,9734.44,D020,Outdoor activities/education manager,2025-02-24
EMP08163,119194.6,9853.07,D012,"Production designer, theatre/television/film",2025-11-13
EMP08164,97966.94,14281.88,D007,Cabin crew,2026-05-05
EMP08165,126526.58,20990.42,D020,Advertising copywriter,2024-07-16
EMP08166,98812.79,6372.03,D014,Ambulance person,2024-06-22
EMP08167,115025.44,2542.67,D002,"Therapist, occupational",2025-06-04
EMP08168,105614.33,4527.07,D006,"Teacher, primary school",2025-05-07
EMP08169,71166.66,4008.61,D005,Private music teacher,2026-01-04
EMP08170,56824.27,6196.04,D018,"Surveyor, land/geomatics",2024-11-28
EMP08171,101201.53,15843.53,D011,"Horticulturist, amenity",2025-06-20
EMP08172,122142.47,17045.34,D013,"Horticulturist, amenity",2024-12-08
EMP08173,110349.98,6602.53,D014,Early years teacher,2026-02-16
EMP08174,87581.81,6932.78,D009,Visual merchandiser,2023-11-20
EMP08175,144998.21,14406.86,D014,Rural practice surveyor,2024-11-29
EMP08176,110514.13,12100.2,D005,Diagnostic radiographer,2025-06-20
EMP08177,140299.23,10450.82,D002,Technical sales engineer,2025-07-06
EMP08178,87358.86,11970.65,D003,"Teacher, early years/pre",2024-06-02
EMP08179,81535.3,12555.67,D007,Firefighter,2024-10-19
EMP08180,104330.07,14489.69,D005,Brewing technologist,2024-08-01
EMP08181,118992.8,6345.76,D002,Museum education officer,2026-05-18
EMP08182,112353.37,9099.15,D005,Futures trader,2025-06-18
EMP08183,124561.54,4424.33,D016,"Conservator, museum/gallery",2024-08-13
EMP08184,80078.31,9269.62,D003,Community development worker,2023-12-02
EMP08185,46929.76,4888.03,D013,"Conservation officer, historic buildings",2024-12-07
EMP08186,96958.73,5953.57,D016,Retail buyer,2024-12-14
EMP08187,98409.84,15596.98,D011,Computer games developer,2026-01-29
EMP08188,105779.13,16720.65,D019,Pharmacologist,2024-06-25
EMP08189,115097.32,5113.56,D005,Market researcher,2024-06-16
EMP08190,107280.27,16819.68,D017,Risk manager,2025-12-10
EMP08191,151528.02,13744.24,D020,Magazine journalist,2025-02-21
EMP08192,159991.97,9351.15,D005,Trade mark attorney,2025-07-23
EMP08193,101009.73,3089.04,D016,"Psychotherapist, dance movement",2026-02-28
EMP08194,121944.41,15083.67,D004,Arts administrator,2024-09-26
EMP08195,134521.36,25560.85,D009,Education administrator,2025-05-01
EMP08196,99640.31,18404.89,D020,Higher education careers adviser,2025-06-09
EMP08197,109451.86,8334.53,D020,"Scientist, clinical (histocompatibility and immunogenetics)",2024-11-29
EMP08198,104583.19,14083.73,D002,"Therapist, drama",2024-06-22
EMP08199,117988.48,11136.97,D003,Building surveyor,2025-01-18
EMP08200,141004.98,3239.21,D010,Accommodation manager,2024-05-27
EMP08201,82974.24,360.27,D003,"Lighting technician, broadcasting/film/video",2025-04-14
EMP08202,118684.55,1112.57,D014,Medical physicist,2026-08-01
EMP08203,103194.63,10208.72,D001,"Psychotherapist, child",2024-11-26
EMP08204,116883.85,14012.63,D020,"Surveyor, rural practice",2023-10-07
EMP08205,84054.2,16288.18,D018,"Teacher, primary school",2025-07-18
EMP08206,148918.69,8139.78,D016,Tax inspector,2026-06-10
EMP08207,103404.15,563.96,D013,Chartered management accountant,2025-07-09
EMP08208,95814.43,16916.38,D002,Medical illustrator,2025-10-27
EMP08209,103828.61,17410.86,D004,Seismic interpreter,2024-12-29
EMP08210,125858.81,20513.69,D020,Games developer,2023-08-18
EMP08211,61088.06,1670.76,D015,Estate manager/land agent,2024-11-18
EMP08212,123194.72,8339.59,D008,"Geneticist, molecular",2024-02-10
EMP08213,79609.47,2470.51,D006,Make,2025-04-26
EMP08214,105178.26,10327.29,D017,Multimedia specialist,2024-12-18
EMP08215,117825.68,17834.79,D018,Maintenance engineer,2026-03-24
EMP08216,137232.11,2791.45,D004,Commercial horticulturist,2024-08-23
EMP08217,141164.33,1833.41,D008,Data processing manager,2024-02-18
EMP08218,106088.83,14447.45,D015,Environmental health practitioner,2025-07-31
EMP08219,92193.87,6357.86,D014,Historic buildings inspector/conservation officer,2025-09-13
EMP08220,100802.5,2193.61,D011,"Engineer, energy",2025-04-08
EMP08221,77883.87,1106.34,D001,Geochemist,2025-05-20
EMP08222,114792.46,18467.32,D005,Haematologist,2024-06-15
EMP08223,84982.69,9806.83,D018,Banker,2024-11-12
EMP08224,140307.58,11920.39,D003,"Psychologist, sport and exercise",2024-11-30
EMP08225,140543.26,18015.23,D002,Aid worker,2023-12-29
EMP08226,175280.22,8472.27,D010,"Scientist, audiological",2024-11-09
EMP08227,118802.8,21104.74,D012,Advertising account planner,2026-02-23
EMP08228,119750.76,21276.93,D001,Patent examiner,2024-02-05
EMP08229,128900.43,7466.91,D016,"Engineer, technical sales",2023-10-30
EMP08230,117834.02,21410.67,D006,Building services engineer,2025-03-03
EMP08231,100523.35,7862.79,D009,Film/video editor,2026-01-11
EMP08232,105171.8,11650.24,D002,"Therapist, art",2026-06-08
EMP08233,70238.17,4157.44,D018,Land/geomatics surveyor,2024-04-28
EMP08234,105273.8,15718.7,D018,Travel agency manager,2025-08-23
EMP08235,44282.81,2885.46,D005,"Horticulturist, commercial",2024-02-05
EMP08236,131065.56,592.93,D011,Field trials officer,2025-05-20
EMP08237,84884.5,9413.16,D002,IT trainer,2025-02-28
EMP08238,114939.65,5144.6,D002,"Production assistant, television",2023-11-17
EMP08239,145352.82,9382.84,D013,"Solicitor, Scotland",2026-04-05
EMP08240,83813.64,2665.6,D004,Geophysical data processor,2025-11-08
EMP08241,116877.15,15367.42,D016,"Journalist, magazine",2026-01-28
EMP08242,158349.25,8628.42,D006,Water quality scientist,2025-08-23
EMP08243,109439.39,5121.7,D009,Advertising art director,2025-01-26
EMP08244,139803.77,22351.34,D017,Public house manager,2024-12-08
EMP08245,112824.74,12450.82,D013,"Engineer, manufacturing systems",2026-01-15
EMP08246,104120.27,1221.74,D009,Community pharmacist,2024-08-16
EMP08247,74640.0,640.88,D007,"Designer, furniture",2023-08-07
EMP08248,152312.3,10635.05,D007,"Scientist, research (medical)",2025-12-16
EMP08249,93548.65,14823.62,D020,"Development worker, community",2026-06-30
EMP08250,125003.3,14231.69,D001,"Buyer, retail",2025-02-07
EMP08251,126958.97,19740.55,D001,Chiropractor,2024-01-05
EMP08252,87217.64,1710.9,D019,Building surveyor,2025-02-09
EMP08253,105859.56,11558.01,D011,"Education officer, environmental",2026-04-12
EMP08254,68307.4,2355.72,D020,"Nurse, learning disability",2025-09-06
EMP08255,124912.14,16846.57,D002,Insurance account manager,2026-06-30
EMP08256,51026.27,3739.46,D020,"Designer, blown glass/stained glass",2026-07-13
EMP08257,147711.6,6636.19,D011,Chief Marketing Officer,2025-01-12
EMP08258,133731.98,10584.06,D010,Sales promotion account executive,2024-07-19
EMP08259,71004.63,4195.22,D016,Careers information officer,2024-02-05
EMP08260,152772.21,3461.96,D020,IT consultant,2026-01-14
EMP08261,120210.75,14672.02,D006,Furniture conservator/restorer,2024-04-30
EMP08262,106944.16,12962.31,D018,Garment/textile technologist,2024-01-30
EMP08263,142353.98,13737.58,D017,Research scientist (life sciences),2025-06-06
EMP08264,114875.51,21697.33,D020,Surgeon,2023-12-28
EMP08265,160850.25,28692.38,D004,Risk analyst,2023-12-03
EMP08266,94853.99,14598.57,D005,Television production assistant,2025-06-18
EMP08267,99096.9,18634.9,D012,"Engineer, water",2025-06-14
EMP08268,131282.27,16592.49,D009,"Psychologist, forensic",2024-08-13
EMP08269,111792.79,4096.26,D010,"Programmer, applications",2025-12-20
EMP08270,129985.66,1901.53,D005,Associate Professor,2024-09-26
EMP08271,76274.06,11310.12,D018,Ranger/warden,2026-01-05
EMP08272,88334.32,6849.68,D018,Barrister,2025-12-04
EMP08273,164011.97,17281.27,D002,Merchant navy officer,2023-09-20
EMP08274,67929.07,2199.67,D013,Air broker,2023-09-29
EMP08275,47678.01,9443.82,D002,"Producer, radio",2024-12-30
EMP08276,104702.18,8102.67,D010,Agricultural consultant,2026-01-18
EMP08277,139599.11,21343.24,D016,Wellsite geologist,2024-03-23
EMP08278,147542.37,8782.2,D015,Metallurgist,2024-10-16
EMP08279,117598.63,7556.97,D011,Advertising account planner,2023-12-21
EMP08280,93548.2,3037.61,D013,Operational investment banker,2024-12-31
EMP08281,130907.14,11865.76,D019,"Conservator, furniture",2024-07-24
EMP08282,106866.36,2284.08,D016,Musician,2025-02-18
EMP08283,143572.99,26656.36,D019,"Engineer, water",2023-11-21
EMP08284,147731.26,24883.39,D019,Electrical engineer,2025-04-04
EMP08285,137450.33,10692.85,D019,"Producer, radio",2024-10-22
EMP08286,143556.8,23637.57,D015,Ophthalmologist,2024-11-20
EMP08287,95808.23,9037.36,D020,Editorial assistant,2026-02-03
EMP08288,81471.64,3667.59,D012,Freight forwarder,2023-08-05
EMP08289,119157.81,9298.7,D008,"Engineer, electrical",2026-05-05
EMP08290,149697.21,4823.54,D020,"Conservator, furniture",2025-08-11
EMP08291,119170.9,3316.99,D019,Physiotherapist,2026-01-13
EMP08292,129930.09,16229.45,D016,"Lecturer, higher education",2024-12-06
EMP08293,107324.91,12259.83,D003,Production manager,2026-05-09
EMP08294,94193.16,13649.51,D009,"Designer, ceramics/pottery",2026-03-05
EMP08295,106867.48,19073.1,D001,"Accountant, chartered certified",2024-03-25
EMP08296,75763.1,12706.27,D010,Research scientist (life sciences),2025-07-16
EMP08297,111416.58,21027.58,D014,Trading standards officer,2025-11-03
EMP08298,87581.62,17258.71,D008,"Scientist, water quality",2025-07-17
EMP08299,122149.84,2120.61,D001,Associate Professor,2024-09-14
EMP08300,93063.43,6715.75,D006,Freight forwarder,2025-02-24
EMP08301,45712.85,583.69,D002,Recycling officer,2025-04-10
EMP08302,112888.02,21398.46,D005,Architect,2023-12-20
EMP08303,161322.97,29436.26,D003,Quarry manager,2023-12-19
EMP08304,88162.59,6133.4,D011,Scientific laboratory technician,2023-12-30
EMP08305,131248.83,5986.93,D001,Wellsite geologist,2024-08-08
EMP08306,126592.48,9153.12,D009,Financial controller,2023-08-16
EMP08307,117492.64,12827.59,D015,Prison officer,2024-05-21
EMP08308,134482.62,20382.71,D009,Trade mark attorney,2024-04-15
EMP08309,111620.31,8163.9,D001,"Scientist, forensic",2023-09-10
EMP08310,115100.73,638.22,D020,Research scientist (physical sciences),2025-10-17
EMP08311,54611.3,5529.86,D002,"Research officer, trade union",2025-01-08
EMP08312,135265.6,25551.88,D006,Land/geomatics surveyor,2024-06-02
EMP08313,117357.08,6698.42,D005,"Designer, textile",2026-02-27
EMP08314,63657.43,532.74,D019,"Engineer, aeronautical",2024-04-20
EMP08315,120377.79,19583.41,D018,Web designer,2026-05-04
EMP08316,81339.89,9212.99,D017,Theme park manager,2025-12-26
EMP08317,128400.54,21760.06,D011,Wellsite geologist,2023-09-25
EMP08318,124594.15,23211.14,D016,"Presenter, broadcasting",2024-02-12
EMP08319,135811.03,24749.12,D006,"Engineer, broadcasting (operations)",2024-07-01
EMP08320,144913.95,12222.54,D011,Neurosurgeon,2024-07-11
EMP08321,83550.36,11718.59,D009,Systems developer,2025-06-28
EMP08322,84838.39,7436.45,D002,Clinical embryologist,2023-12-14
EMP08323,115092.17,18382.09,D015,"Scientist, physiological",2024-04-14
EMP08324,110608.79,18570.88,D014,Hydrologist,2025-05-10
EMP08325,96158.93,5508.96,D018,Medical illustrator,2023-11-21
EMP08326,111112.51,12984.94,D005,Health and safety inspector,2026-06-28
EMP08327,87673.23,3661.73,D001,"Geologist, wellsite",2025-02-17
EMP08328,126693.11,8216.16,D017,Clinical cytogeneticist,2024-10-25
EMP08329,143676.47,10289.22,D007,Theatre director,2025-05-24
EMP08330,116153.77,11762.22,D018,Sports administrator,2025-03-19
EMP08331,75680.1,777.69,D010,Environmental manager,2025-11-07
EMP08332,67194.94,1562.63,D006,"Runner, broadcasting/film/video",2025-11-08
EMP08333,80384.11,15397.42,D003,Medical laboratory scientific officer,2024-12-16
EMP08334,149795.34,25777.12,D019,Production manager,2024-01-20
EMP08335,145568.7,8589.39,D014,"Teacher, adult education",2025-11-15
EMP08336,76158.25,3533.5,D004,"Designer, exhibition/display",2025-04-04
EMP08337,93767.94,17808.61,D001,Secretary/administrator,2026-02-25
EMP08338,134191.17,10323.93,D004,Diagnostic radiographer,2024-08-31
EMP08339,101410.24,17981.68,D010,Office manager,2023-10-29
EMP08340,100920.58,7338.32,D016,Data processing manager,2026-07-01
EMP08341,107358.54,2180.25,D002,Trade union research officer,2024-08-09
EMP08342,94822.59,7118.57,D002,Adult nurse,2024-03-09
EMP08343,127412.64,19779.37,D018,Chiropractor,2024-03-17
EMP08344,120825.88,10707.99,D018,Personnel officer,2025-04-16
EMP08345,104112.57,17452.2,D014,Management consultant,2025-04-09
EMP08346,96037.88,11725.12,D003,Civil Service fast streamer,2024-03-30
EMP08347,83529.56,12279.63,D017,Interpreter,2024-09-27
EMP08348,105252.84,9498.9,D015,Toxicologist,2024-06-08
EMP08349,105271.85,5321.04,D014,Technical brewer,2025-07-28
EMP08350,115763.46,1829.79,D012,Interior and spatial designer,2026-03-07
EMP08351,120690.02,20159.82,D015,Diagnostic radiographer,2026-05-09
EMP08352,126051.77,20940.35,D018,Race relations officer,2026-05-18
EMP08353,99122.28,2983.73,D004,Herpetologist,2026-04-04
EMP08354,88106.88,9317.3,D013,Product manager,2026-04-28
EMP08355,117452.37,1240.71,D013,Speech and language therapist,2024-11-27
EMP08356,99655.8,17161.34,D008,"Research officer, political party",2026-04-22
EMP08357,140845.33,1681.45,D013,Child psychotherapist,2025-06-27
EMP08358,100780.83,9354.32,D006,Media planner,2023-08-07
EMP08359,40000.0,1012.86,D004,Learning disability nurse,2025-06-20
EMP08360,145307.75,9546.94,D008,Environmental manager,2023-11-06
EMP08361,118476.24,23594.33,D013,"Engineer, automotive",2025-08-27
EMP08362,89712.2,9339.84,D009,"Engineer, energy",2023-08-24
EMP08363,122204.14,14635.03,D014,Building services engineer,2024-01-21
EMP08364,56734.82,5307.57,D008,Product designer,2026-07-10
EMP08365,142491.27,12997.91,D004,"Teacher, secondary school",2025-08-09
EMP08366,135050.68,17085.55,D009,Estate agent,2026-05-20
EMP08367,99468.52,7684.37,D019,Building services engineer,2024-06-05
EMP08368,92596.08,13970.96,D005,"Engineer, production",2023-09-24
EMP08369,95206.74,9989.83,D013,Hydrogeologist,2025-05-05
EMP08370,61031.41,6338.41,D006,"Research officer, trade union",2025-03-07
EMP08371,99623.92,1801.98,D015,Landscape architect,2025-10-22
EMP08372,88237.54,5826.45,D013,Music therapist,2025-08-19
EMP08373,108450.58,12877.76,D010,Bonds trader,2026-05-21
EMP08374,110511.79,4560.48,D012,Warehouse manager,2026-04-04
EMP08375,76576.6,10633.34,D017,Pharmacologist,2024-07-15
EMP08376,104211.08,9493.32,D012,Chief of Staff,2025-08-12
EMP08377,76832.39,1539.35,D007,"Psychologist, forensic",2026-06-27
EMP08378,145380.4,4644.52,D012,Museum education officer,2024-11-27
EMP08379,89144.17,835.06,D002,Media planner,2025-10-25
EMP08380,117647.28,5357.06,D005,Arts administrator,2025-08-20
EMP08381,131061.54,8791.67,D003,Curator,2024-05-29
EMP08382,131436.19,23475.63,D016,"Clinical scientist, histocompatibility and immunogenetics",2024-11-11
EMP08383,78218.67,14253.66,D011,Advertising account planner,2025-06-19
EMP08384,95031.53,5433.28,D011,Advertising account planner,2025-01-15
EMP08385,103332.13,4150.39,D014,Armed forces logistics/support/administrative officer,2024-10-29
EMP08386,119761.15,13561.49,D017,Dramatherapist,2025-02-22
EMP08387,137615.82,2459.77,D018,Research scientist (physical sciences),2024-07-02
EMP08388,100727.69,11047.62,D005,Seismic interpreter,2023-08-05
EMP08389,108596.32,20291.44,D002,Photographer,2025-09-28
EMP08390,83247.32,9947.6,D019,Insurance account manager,2024-02-20
EMP08391,113265.51,2021.09,D007,Tree surgeon,2026-07-15
EMP08392,113078.1,7249.82,D008,"Surveyor, quantity",2024-02-08
EMP08393,107366.16,13601.46,D006,Marketing executive,2025-07-02
EMP08394,91561.22,334.27,D006,"Scientist, research (maths)",2025-12-09
EMP08395,134591.99,14829.94,D010,"Psychologist, forensic",2026-02-17
EMP08396,140778.88,851.01,D010,Banker,2025-04-21
EMP08397,91371.1,14228.6,D007,"Accountant, chartered public finance",2024-07-04
EMP08398,135644.61,17583.84,D014,Make,2023-10-12
EMP08399,83387.49,1850.67,D010,Community arts worker,2024-05-30
EMP08400,102444.83,9698.6,D004,Comptroller,2025-11-30
EMP08401,139614.95,5825.12,D019,"Journalist, magazine",2025-01-04
EMP08402,79885.95,8225.35,D014,Ergonomist,2024-04-27
EMP08403,115958.07,1563.22,D015,Scientific laboratory technician,2023-10-20
EMP08404,109292.94,20469.73,D002,Astronomer,2024-05-21
EMP08405,86632.04,13750.43,D020,"Pharmacist, community",2023-08-25
EMP08406,91030.4,16208.22,D012,"Engineer, automotive",2025-08-12
EMP08407,95104.16,5580.51,D015,Chief of Staff,2025-05-12
EMP08408,69607.26,8380.4,D020,Visual merchandiser,2024-08-28
EMP08409,58569.25,8536.14,D011,"Accountant, chartered",2025-02-16
EMP08410,85719.35,4959.4,D011,Lawyer,2023-10-20
EMP08411,156261.55,25082.6,D005,"Engineer, structural",2026-05-19
EMP08412,102108.53,4572.26,D003,Research scientist (life sciences),2023-08-19
EMP08413,103234.88,14580.9,D017,Music therapist,2025-07-18
EMP08414,98257.49,1177.64,D011,"Therapist, sports",2023-08-29
EMP08415,156217.14,16792.46,D012,"Engineer, manufacturing",2024-01-22
EMP08416,40000.0,525.87,D014,"Doctor, hospital",2025-04-14
EMP08417,99218.79,19497.51,D007,"Surveyor, commercial/residential",2025-06-07
EMP08418,93635.16,9677.81,D003,"Psychologist, sport and exercise",2023-09-03
EMP08419,166346.67,3736.54,D018,Teaching laboratory technician,2024-03-27
EMP08420,172021.52,21813.75,D016,Diplomatic Services operational officer,2025-08-04
EMP08421,87082.32,11688.57,D014,Research scientist (medical),2024-09-04
EMP08422,104942.28,14550.46,D020,Historic buildings inspector/conservation officer,2024-04-10
EMP08423,142319.5,7757.53,D011,Musician,2023-08-05
EMP08424,131186.05,631.07,D014,"Embryologist, clinical",2025-03-31
EMP08425,96227.47,14986.24,D016,Editorial assistant,2026-03-26
EMP08426,96885.67,12578.16,D009,Nutritional therapist,2025-03-13
EMP08427,103991.21,3028.83,D004,"Scientist, biomedical",2023-10-17
EMP08428,96214.9,13481.36,D017,Tree surgeon,2023-08-20
EMP08429,79303.87,3001.95,D010,Publishing copy,2025-02-28
EMP08430,80426.74,14129.21,D006,Investment analyst,2023-08-18
EMP08431,112233.43,6508.55,D015,"Engineer, broadcasting (operations)",2024-03-19
EMP08432,93132.98,18005.43,D018,Chartered management accountant,2025-05-07
EMP08433,103811.05,9938.54,D013,Camera operator,2023-11-05
EMP08434,84051.76,13424.25,D005,Magazine features editor,2026-01-20
EMP08435,102650.69,3434.39,D004,"Development worker, community",2023-10-16
EMP08436,145368.69,8724.64,D007,Gaffer,2025-12-24
EMP08437,82157.16,7734.73,D008,"Engineer, maintenance",2024-01-05
EMP08438,65205.99,3170.06,D020,Solicitor,2025-10-16
EMP08439,137821.68,18466.37,D020,Regulatory affairs officer,2024-09-01
EMP08440,88498.44,7378.69,D006,Contractor,2025-10-11
EMP08441,57503.44,10630.84,D004,Agricultural engineer,2025-07-06
EMP08442,107395.5,21344.71,D020,"Producer, television/film/video",2024-04-23
EMP08443,112690.01,2835.27,D020,"Journalist, broadcasting",2025-01-04
EMP08444,121985.76,19950.58,D005,Product designer,2024-08-21
EMP08445,115655.35,5684.12,D017,Toxicologist,2024-12-30
EMP08446,141203.87,22426.37,D017,"Engineer, automotive",2026-07-12
EMP08447,166914.06,26199.1,D020,Chief Strategy Officer,2024-04-04
EMP08448,105731.91,3763.6,D011,Insurance claims handler,2024-01-27
EMP08449,52025.5,8111.32,D011,Hydrographic surveyor,2026-07-15
EMP08450,85549.53,1804.95,D019,Food technologist,2025-09-23
EMP08451,84499.94,9488.92,D010,Transport planner,2025-03-21
EMP08452,96113.11,8648.12,D001,"Geologist, wellsite",2025-02-03
EMP08453,137525.27,13470.76,D010,Colour technologist,2024-05-31
EMP08454,104903.24,11224.3,D002,"Therapist, horticultural",2025-09-27
EMP08455,106241.08,10719.94,D013,Systems analyst,2023-12-03
EMP08456,147578.23,5211.88,D003,Mining engineer,2024-09-30
EMP08457,113329.21,2718.31,D016,Geophysicist/field seismologist,2024-08-05
EMP08458,113092.2,365.41,D012,Interpreter,2023-11-10
EMP08459,109365.21,600.63,D016,"Teacher, special educational needs",2025-06-23
EMP08460,130842.33,25458.49,D009,Music tutor,2025-08-28
EMP08461,128247.66,4853.58,D001,"Editor, commissioning",2025-02-21
EMP08462,93790.16,12450.36,D005,General practice doctor,2025-05-15
EMP08463,142668.79,13201.36,D002,"Engineer, electrical",2023-12-13
EMP08464,136427.94,18024.01,D018,Surgeon,2025-11-26
EMP08465,126126.54,22768.34,D016,Health physicist,2024-11-16
EMP08466,129460.17,3721.15,D004,Accounting technician,2026-02-10
EMP08467,138455.33,26108.07,D003,"Teacher, special educational needs",2026-03-06
EMP08468,87552.79,8120.75,D004,Counsellor,2024-11-17
EMP08469,110363.66,21230.65,D009,"Research officer, government",2024-07-07
EMP08470,133379.23,16362.22,D004,Product manager,2025-11-26
EMP08471,123334.7,23822.8,D010,Cabin crew,2024-06-30
EMP08472,100934.35,20128.53,D007,Marine scientist,2024-04-03
EMP08473,116258.53,5834.5,D007,"Production designer, theatre/television/film",2025-07-11
EMP08474,130690.86,5277.77,D009,Estate manager/land agent,2024-05-14
EMP08475,126977.87,8076.54,D011,Patent attorney,2023-12-22
EMP08476,78879.69,10626.53,D012,"Secretary, company",2025-07-27
EMP08477,86607.73,1406.22,D014,Learning disability nurse,2025-05-08
EMP08478,92547.17,18115.59,D008,"Accountant, chartered public finance",2024-10-17
EMP08479,103307.35,18862.49,D012,"Producer, television/film/video",2025-08-06
EMP08480,120679.86,5990.5,D014,Barrister's clerk,2026-06-10
EMP08481,40000.0,6354.03,D003,IT sales professional,2025-04-15
EMP08482,135583.72,10359.22,D008,Clinical molecular geneticist,2025-10-26
EMP08483,139394.41,10884.66,D001,Special educational needs teacher,2024-08-16
EMP08484,83501.28,13862.2,D009,"Designer, furniture",2024-07-22
EMP08485,91381.41,13414.5,D010,Magazine journalist,2023-09-07
EMP08486,119381.24,22890.73,D019,Chartered management accountant,2024-11-05
EMP08487,82813.31,7812.05,D006,Commissioning editor,2025-07-15
EMP08488,96537.91,407.31,D011,Airline pilot,2023-11-14
EMP08489,137511.54,2402.25,D009,"Engineer, agricultural",2023-11-12
EMP08490,83775.97,2506.04,D005,Chartered public finance accountant,2024-10-02
EMP08491,105713.98,19559.78,D002,Ship broker,2024-02-18
EMP08492,139968.5,11489.45,D004,Politician's assistant,2024-12-21
EMP08493,113727.51,18335.52,D015,Production manager,2024-11-14
EMP08494,120808.96,9235.09,D012,"Conservator, furniture",2024-01-16
EMP08495,146585.09,18711.05,D018,Advertising account executive,2025-08-28
EMP08496,126537.54,4759.53,D010,Publishing rights manager,2026-06-24
EMP08497,95213.36,6406.01,D016,Marine scientist,2025-05-14
EMP08498,94907.72,13127.34,D009,Technical sales engineer,2025-01-12
EMP08499,123227.14,21450.18,D013,Civil Service fast streamer,2025-10-12
EMP08500,91948.25,361.68,D019,Graphic designer,2026-06-06
EMP08501,111896.79,4007.24,D013,Health physicist,2025-08-28
EMP08502,78287.56,10209.56,D007,Midwife,2023-10-28
EMP08503,124824.79,10422.72,D018,Patent examiner,2024-05-16
EMP08504,119891.14,22054.93,D018,"Pilot, airline",2025-03-31
EMP08505,81277.58,2479.86,D014,Careers adviser,2025-09-14
EMP08506,104277.05,1388.22,D013,Water quality scientist,2025-06-10
EMP08507,95498.4,12702.89,D015,Orthoptist,2025-06-10
EMP08508,105531.8,7586.68,D013,Operational researcher,2024-12-20
EMP08509,99833.95,11096.36,D004,Psychiatric nurse,2024-09-30
EMP08510,111746.1,11047.77,D003,Mudlogger,2023-12-09
EMP08511,91688.91,95.71,D004,Acupuncturist,2023-08-05
EMP08512,125223.03,17162.31,D005,Chief Executive Officer,2025-06-14
EMP08513,81739.45,2368.45,D011,Learning mentor,2025-10-07
EMP08514,109146.48,18574.38,D013,Audiological scientist,2026-02-25
EMP08515,148514.23,26185.83,D002,Geophysicist/field seismologist,2025-05-09
EMP08516,134422.56,23247.95,D008,Farm manager,2024-08-30
EMP08517,104139.23,18830.85,D008,Glass blower/designer,2026-06-07
EMP08518,106311.32,13931.51,D011,Accommodation manager,2025-10-04
EMP08519,152059.18,870.48,D016,Ceramics designer,2025-12-09
EMP08520,89685.68,4798.86,D019,Accommodation manager,2026-07-28
EMP08521,100956.29,11053.92,D012,Electrical engineer,2026-04-07
EMP08522,78682.81,8798.59,D001,"Nurse, children's",2024-08-18
EMP08523,64256.9,4788.92,D002,Meteorologist,2024-11-05
EMP08524,84741.26,10509.46,D001,"Lighting technician, broadcasting/film/video",2024-01-17
EMP08525,77817.19,1985.18,D007,Professor Emeritus,2024-12-01
EMP08526,151275.71,20022.85,D014,Multimedia specialist,2024-11-26
EMP08527,74757.97,13869.76,D014,Industrial buyer,2025-04-05
EMP08528,79058.33,1797.44,D005,"Psychologist, clinical",2026-03-14
EMP08529,88282.36,4052.23,D003,Metallurgist,2024-01-27
EMP08530,134765.74,24337.9,D002,Personnel officer,2023-09-15
EMP08531,119245.44,14376.02,D011,Nutritional therapist,2025-06-10
EMP08532,139995.78,2625.06,D017,Medical laboratory scientific officer,2025-09-01
EMP08533,124623.7,993.56,D007,"Programmer, systems",2024-03-11
EMP08534,99022.68,5675.67,D003,"Engineer, automotive",2026-07-07
EMP08535,78065.18,12963.05,D001,Corporate treasurer,2024-10-21
EMP08536,163661.87,19991.71,D010,Theatre stage manager,2025-12-09
EMP08537,137740.23,10178.88,D007,Publishing rights manager,2025-01-14
EMP08538,73167.28,7483.69,D005,Quantity surveyor,2024-05-06
EMP08539,178670.07,25198.87,D011,Illustrator,2026-06-12
EMP08540,123314.67,9478.66,D016,Charity officer,2025-05-31
EMP08541,102500.78,8997.27,D009,Barrister's clerk,2024-08-26
EMP08542,117542.41,20743.76,D013,Leisure centre manager,2025-07-12
EMP08543,129602.48,20229.21,D011,"Accountant, chartered",2023-10-19
EMP08544,136874.13,4848.32,D008,Police officer,2025-09-02
EMP08545,120759.66,16831.81,D009,"Scientist, product/process development",2026-02-04
EMP08546,112896.48,21019.4,D010,"Journalist, broadcasting",2024-10-10
EMP08547,123739.69,17651.6,D019,Volunteer coordinator,2026-04-03
EMP08548,116808.01,22331.53,D019,Advertising art director,2024-03-26
EMP08549,152559.03,14551.96,D013,"Designer, blown glass/stained glass",2025-03-17
EMP08550,99637.41,8324.97,D015,Financial controller,2024-11-20
EMP08551,128645.98,3350.34,D009,Financial planner,2025-01-05
EMP08552,80321.3,3716.21,D002,Audiological scientist,2024-10-13
EMP08553,52227.52,6525.8,D020,Veterinary surgeon,2026-03-20
EMP08554,130845.51,15921.4,D001,Human resources officer,2024-08-02
EMP08555,127089.3,8659.36,D005,Physiological scientist,2025-09-17
EMP08556,69189.72,12851.81,D019,Electronics engineer,2026-01-24
EMP08557,115305.18,8502.58,D004,Commercial/residential surveyor,2024-06-12
EMP08558,143031.89,25846.56,D003,Insurance risk surveyor,2026-03-20
EMP08559,52233.42,9479.02,D007,Radio producer,2024-03-18
EMP08560,79681.92,4312.03,D015,Advice worker,2024-01-08
EMP08561,119128.48,7698.56,D016,Personal assistant,2025-04-30
EMP08562,66534.1,5693.17,D006,Chief Technology Officer,2024-11-16
EMP08563,111821.73,10630.5,D017,Mining engineer,2026-06-27
EMP08564,91344.34,11654.18,D009,"Lecturer, higher education",2026-03-09
EMP08565,109674.91,16548.11,D001,English as a second language teacher,2026-07-20
EMP08566,92484.41,3639.12,D004,"Psychologist, counselling",2024-07-16
EMP08567,72084.36,6092.18,D008,English as a second language teacher,2025-04-14
EMP08568,64838.7,6438.94,D020,"Administrator, charities/voluntary organisations",2026-05-26
EMP08569,84686.46,3067.93,D017,IT technical support officer,2026-05-10
EMP08570,126061.89,16247.85,D019,"Engineer, electronics",2024-01-24
EMP08571,163853.16,2505.13,D008,Housing manager/officer,2025-07-30
EMP08572,100050.16,3500.13,D008,"Development worker, international aid",2024-07-15
EMP08573,113603.1,21204.72,D017,Speech and language therapist,2026-01-13
EMP08574,135221.57,7418.4,D013,"Therapist, occupational",2024-08-08
EMP08575,115506.53,21759.56,D010,Academic librarian,2025-05-25
EMP08576,106831.63,20846.31,D001,Recycling officer,2025-04-11
EMP08577,112893.22,18804.84,D018,"Secretary, company",2026-02-14
EMP08578,105701.55,4408.0,D003,Building control surveyor,2025-11-10
EMP08579,123185.29,3598.31,D005,Pensions consultant,2025-02-24
EMP08580,81802.26,16191.64,D010,Database administrator,2025-07-22
EMP08581,139866.6,17904.31,D010,Technical sales engineer,2026-03-25
EMP08582,125098.56,22698.62,D009,"Engineer, electrical",2023-09-30
EMP08583,83312.43,6479.61,D017,Biomedical engineer,2025-01-04
EMP08584,125759.77,9713.83,D003,Teaching laboratory technician,2024-10-04
EMP08585,126045.34,8454.64,D003,Multimedia programmer,2024-01-08
EMP08586,89853.16,13022.09,D015,Clinical research associate,2025-05-14
EMP08587,125217.89,19987.27,D004,Management consultant,2024-04-15
EMP08588,123690.7,15239.34,D012,Banker,2023-08-26
EMP08589,117201.92,3141.33,D016,Quality manager,2024-07-31
EMP08590,99909.92,17556.18,D012,Clinical research associate,2024-08-31
EMP08591,101849.48,14881.95,D006,Arts administrator,2023-10-09
EMP08592,87823.18,170.2,D015,Podiatrist,2025-06-25
EMP08593,101102.41,13941.53,D014,Occupational therapist,2026-03-20
EMP08594,131353.86,25305.95,D011,Community development worker,2024-12-04
EMP08595,70753.08,4258.64,D006,Occupational psychologist,2026-03-18
EMP08596,61411.42,7502.0,D006,Trade mark attorney,2024-12-05
EMP08597,84602.35,9434.48,D016,Audiological scientist,2026-01-08
EMP08598,103395.92,3110.6,D011,English as a second language teacher,2025-06-21
EMP08599,122549.62,9278.72,D010,Police officer,2025-04-14
EMP08600,93052.41,16950.76,D001,Psychiatric nurse,2024-07-22
EMP08601,162712.03,19722.77,D014,Barrister,2023-11-14
EMP08602,128259.04,25383.27,D011,Learning disability nurse,2025-05-15
EMP08603,166848.32,26338.57,D001,Technical author,2025-10-05
EMP08604,58908.76,5980.76,D006,Barrister's clerk,2025-02-24
EMP08605,139556.81,15713.98,D001,Geophysical data processor,2024-09-20
EMP08606,106050.64,10947.15,D002,Commissioning editor,2025-05-04
EMP08607,57316.87,3748.63,D014,Communications engineer,2024-04-11
EMP08608,111640.07,11557.55,D020,Psychiatrist,2024-07-19
EMP08609,49136.09,7053.35,D011,"Teacher, secondary school",2026-01-29
EMP08610,104235.92,19396.67,D002,"Psychotherapist, child",2024-08-01
EMP08611,124523.72,21953.38,D001,Probation officer,2024-03-05
EMP08612,109580.49,3386.23,D006,Transport planner,2024-06-23
EMP08613,102043.5,11509.58,D002,Plant breeder/geneticist,2024-02-19
EMP08614,97228.28,78.36,D010,"Engineer, electrical",2023-09-04
EMP08615,134486.78,15266.62,D014,Civil Service administrator,2026-07-08
EMP08616,67569.54,11493.25,D013,"Therapist, music",2024-02-10
EMP08617,94313.97,15178.59,D001,Teaching laboratory technician,2024-10-28
EMP08618,75338.54,11609.66,D003,Higher education careers adviser,2025-11-29
EMP08619,102588.4,10734.36,D016,Passenger transport manager,2024-10-05
EMP08620,144400.74,25120.19,D001,Probation officer,2024-10-21
EMP08621,140533.11,16381.27,D003,Amenity horticulturist,2026-04-30
EMP08622,124998.71,13077.25,D007,Tax inspector,2024-11-16
EMP08623,96211.41,5103.56,D019,Wellsite geologist,2025-04-24
EMP08624,153982.71,16317.47,D011,Naval architect,2024-05-25
EMP08625,127236.51,9571.96,D008,Art therapist,2024-04-26
EMP08626,91984.24,9390.82,D005,Stage manager,2026-03-22
EMP08627,167438.14,4885.83,D019,"Psychologist, clinical",2025-02-08
EMP08628,108871.31,6233.31,D011,Geoscientist,2024-07-10
EMP08629,130765.88,21698.47,D007,Warden/ranger,2024-06-25
EMP08630,110716.63,6615.96,D017,Petroleum engineer,2025-04-14
EMP08631,114631.29,6043.85,D013,Broadcast presenter,2024-03-19
EMP08632,97739.44,10554.94,D011,Database administrator,2025-03-16
EMP08633,97390.6,5689.14,D019,Dealer,2025-09-24
EMP08634,60048.92,31.93,D020,Trade union research officer,2024-05-27
EMP08635,77602.39,439.0,D009,Sales promotion account executive,2026-01-02
EMP08636,123742.78,24469.72,D013,English as a foreign language teacher,2024-02-20
EMP08637,100758.48,13042.89,D008,Adult nurse,2025-11-02
EMP08638,91571.33,10730.14,D009,Scientific laboratory technician,2026-02-04
EMP08639,111015.15,3624.07,D016,Recruitment consultant,2025-05-01
EMP08640,104474.57,10196.9,D011,Special educational needs teacher,2024-03-18
EMP08641,105706.54,15058.98,D013,"Scientist, forensic",2024-04-27
EMP08642,124127.04,620.76,D019,Insurance risk surveyor,2025-03-04
EMP08643,74421.79,2791.6,D020,"Psychotherapist, child",2026-03-29
EMP08644,143907.31,11878.67,D016,Production manager,2026-06-19
EMP08645,129109.2,9619.78,D011,"Surveyor, quantity",2024-04-19
EMP08646,138475.73,21662.95,D008,"Solicitor, Scotland",2024-08-25
EMP08647,129703.42,22587.32,D006,Rural practice surveyor,2025-08-04
EMP08648,97077.04,19316.28,D015,Retail merchandiser,2024-07-21
EMP08649,66820.3,8474.33,D004,"Designer, ceramics/pottery",2024-05-20
EMP08650,96009.91,1954.54,D010,Furniture conservator/restorer,2024-08-19
EMP08651,128797.35,16637.93,D006,"Engineer, technical sales",2025-10-14
EMP08652,82693.63,14271.72,D010,"Programmer, applications",2026-05-02
EMP08653,107411.5,7665.47,D010,Magazine features editor,2025-12-06
EMP08654,84426.83,5684.32,D011,Wellsite geologist,2026-06-02
EMP08655,93046.99,5594.45,D019,Operational researcher,2025-08-14
EMP08656,115738.57,16890.08,D020,Set designer,2024-04-10
EMP08657,133630.16,6279.46,D003,"Nurse, children's",2023-11-02
EMP08658,89021.66,7138.5,D017,Soil scientist,2026-04-08
EMP08659,113956.9,12594.99,D002,Plant breeder/geneticist,2026-07-02
EMP08660,102202.36,8005.61,D005,"Editor, film/video",2025-04-19
EMP08661,86344.08,892.1,D006,Product manager,2025-03-19
EMP08662,64576.25,3904.09,D014,Forensic scientist,2025-10-19
EMP08663,106262.55,9520.02,D019,Retail buyer,2024-03-16
EMP08664,110357.75,19332.92,D016,"Embryologist, clinical",2025-03-27
EMP08665,138152.53,17037.35,D018,Facilities manager,2026-02-26
EMP08666,108305.42,314.75,D002,"Administrator, charities/voluntary organisations",2024-04-14
EMP08667,113011.5,22291.35,D010,Animal technologist,2023-11-28
EMP08668,65134.22,5412.38,D010,"Teacher, early years/pre",2023-09-13
EMP08669,125268.55,19206.1,D015,Printmaker,2025-05-19
EMP08670,103875.69,525.81,D009,Bookseller,2024-02-05
EMP08671,119519.69,17595.82,D008,"Journalist, broadcasting",2024-11-03
EMP08672,130745.08,562.39,D005,Furniture designer,2026-03-17
EMP08673,128554.9,15939.26,D017,Ranger/warden,2024-10-15
EMP08674,111979.1,19507.25,D011,Learning mentor,2024-03-23
EMP08675,102078.73,9213.54,D014,Therapeutic radiographer,2024-05-18
EMP08676,100560.62,9830.14,D017,Marine scientist,2024-02-28
EMP08677,137124.08,15523.11,D019,"Administrator, sports",2024-02-18
EMP08678,51565.22,2975.46,D002,Commercial art gallery manager,2025-05-23
EMP08679,82629.79,5611.09,D011,"Engineer, broadcasting (operations)",2023-08-24
EMP08680,145655.35,20001.38,D004,"Engineer, technical sales",2025-04-28
EMP08681,96195.66,8740.82,D004,Music tutor,2025-08-02
EMP08682,105146.45,4846.65,D009,Production manager,2024-06-24
EMP08683,118460.44,23245.03,D015,"Designer, blown glass/stained glass",2026-05-03
EMP08684,95023.6,6432.55,D018,Chartered loss adjuster,2025-01-25
EMP08685,131021.09,25407.78,D015,Brewing technologist,2024-12-14
EMP08686,71626.66,2984.33,D017,Land,2024-08-19
EMP08687,86844.37,12629.06,D017,Museum/gallery exhibitions officer,2023-12-02
EMP08688,66585.59,9690.47,D007,Product designer,2024-10-15
EMP08689,124360.48,18700.28,D002,"Scientist, research (maths)",2026-06-23
EMP08690,174236.88,2185.57,D011,Brewing technologist,2024-02-26
EMP08691,97396.8,18068.34,D015,Health and safety inspector,2025-06-13
EMP08692,104798.81,9942.98,D002,Adult nurse,2024-05-10
EMP08693,61693.61,11725.49,D001,Social worker,2025-01-05
EMP08694,93232.34,9354.51,D018,"Designer, jewellery",2025-08-26
EMP08695,148376.48,11953.82,D009,Social researcher,2025-05-24
EMP08696,133001.05,23874.75,D011,"Education officer, environmental",2024-09-23
EMP08697,103523.91,963.65,D008,Hospital doctor,2023-12-29
EMP08698,40000.0,536.53,D020,"Optician, dispensing",2024-12-26
EMP08699,113873.43,15106.91,D009,Insurance account manager,2025-05-16
EMP08700,129697.54,11023.35,D005,Transport planner,2024-11-08
EMP08701,142536.96,25558.47,D013,Commissioning editor,2023-09-10
EMP08702,129281.42,10472.86,D015,Film/video editor,2024-02-06
EMP08703,73257.71,7955.28,D010,"Production assistant, television",2026-06-11
EMP08704,109907.83,13150.12,D017,Cartographer,2025-07-21
EMP08705,92087.14,2722.37,D003,Petroleum engineer,2025-10-19
EMP08706,61562.32,11888.86,D003,"Journalist, magazine",2023-10-22
EMP08707,144065.3,27068.28,D016,Banker,2023-12-12
EMP08708,93935.98,8158.35,D014,Tax inspector,2024-09-14
EMP08709,106701.91,990.51,D009,Health promotion specialist,2023-12-14
EMP08710,135214.08,4345.55,D003,Diplomatic Services operational officer,2026-01-17
EMP08711,60663.74,6277.77,D002,"Engineer, technical sales",2024-11-05
EMP08712,117469.53,9048.2,D005,Claims inspector/assessor,2024-11-30
EMP08713,121773.15,9156.58,D008,Midwife,2023-10-22
EMP08714,169260.88,4429.57,D014,"Teacher, early years/pre",2025-12-01
EMP08715,108834.01,13873.58,D004,Osteopath,2024-02-10
EMP08716,123355.22,2093.49,D010,Fashion designer,2024-08-07
EMP08717,91250.06,255.99,D004,"Psychotherapist, child",2026-06-11
EMP08718,91244.8,1812.86,D019,Solicitor,2023-11-22
EMP08719,138466.1,21855.35,D013,Chartered certified accountant,2025-01-17
EMP08720,94939.74,6243.5,D007,Environmental health practitioner,2026-07-28
EMP08721,162019.86,26383.39,D012,Commercial/residential surveyor,2024-11-12
EMP08722,82857.79,83.87,D008,Tree surgeon,2026-01-31
EMP08723,148027.68,3088.52,D001,Biomedical scientist,2025-09-10
EMP08724,106511.64,11899.13,D006,Medical sales representative,2026-05-21
EMP08725,107122.14,16645.33,D003,Claims inspector/assessor,2024-09-07
EMP08726,162718.32,7397.25,D013,Science writer,2024-08-05
EMP08727,80739.5,10282.21,D019,Cabin crew,2024-10-03
EMP08728,149068.75,28183.21,D014,Financial controller,2024-11-25
EMP08729,88985.43,8229.38,D016,Museum/gallery curator,2025-06-01
EMP08730,86808.09,5280.82,D018,Telecommunications researcher,2025-02-05
EMP08731,114556.67,22450.86,D012,Advice worker,2024-03-07
EMP08732,134549.56,11104.15,D003,Agricultural engineer,2024-04-10
EMP08733,118132.55,1215.11,D014,Health and safety adviser,2024-07-29
EMP08734,109366.43,4059.91,D014,Printmaker,2024-01-24
EMP08735,131855.83,19850.7,D017,"Therapist, music",2024-09-08
EMP08736,118734.66,21023.05,D013,Art therapist,2026-03-09
EMP08737,84741.84,2722.75,D007,Industrial buyer,2025-01-10
EMP08738,97834.1,3099.7,D020,Podiatrist,2026-07-30
EMP08739,117368.13,22274.64,D016,Industrial/product designer,2023-08-11
EMP08740,87145.23,15280.41,D014,Herbalist,2025-09-19
EMP08741,99028.13,11834.66,D010,"Therapist, sports",2025-02-26
EMP08742,89853.14,7153.33,D012,Garment/textile technologist,2023-12-12
EMP08743,97521.85,4505.08,D003,Best boy,2026-07-29
EMP08744,98908.13,12795.06,D007,"Loss adjuster, chartered",2025-05-21
EMP08745,88694.25,15325.52,D002,Sports coach,2025-01-10
EMP08746,72372.22,3746.78,D017,Bookseller,2026-02-11
EMP08747,119812.62,10050.33,D011,Land/geomatics surveyor,2023-09-18
EMP08748,131380.06,16100.56,D018,Chief Technology Officer,2026-04-12
EMP08749,109473.07,13532.54,D019,Trade union research officer,2025-06-04
EMP08750,72814.12,11756.88,D011,Environmental health practitioner,2023-12-06
EMP08751,120402.66,8444.04,D020,Warehouse manager,2025-04-21
EMP08752,93732.46,13898.57,D017,Freight forwarder,2025-10-22
EMP08753,116571.43,11407.71,D009,"Designer, furniture",2025-10-02
EMP08754,56843.55,7354.99,D011,"Research officer, trade union",2025-04-12
EMP08755,81837.62,15074.27,D009,"Surveyor, minerals",2024-02-02
EMP08756,112802.66,14777.52,D012,Systems analyst,2024-03-30
EMP08757,94013.92,1617.96,D006,Chief Financial Officer,2025-10-05
EMP08758,101367.02,16845.8,D004,"Buyer, industrial",2026-01-14
EMP08759,69835.48,13028.51,D014,Writer,2026-05-03
EMP08760,47692.82,4578.93,D002,"Designer, multimedia",2024-01-29
EMP08761,135283.98,17990.69,D018,Politician's assistant,2024-12-15
EMP08762,91522.82,12377.34,D009,Social researcher,2026-02-12
EMP08763,95041.5,17928.37,D015,"Therapist, occupational",2026-04-11
EMP08764,96452.84,11017.13,D007,Audiological scientist,2025-03-22
EMP08765,151290.59,17780.87,D003,Advertising art director,2024-07-26
EMP08766,92888.89,11877.53,D017,Youth worker,2026-04-30
EMP08767,83027.74,1304.8,D020,"Restaurant manager, fast food",2023-09-02
EMP08768,111191.01,3901.1,D004,Physiological scientist,2026-07-13
EMP08769,96847.7,10981.59,D001,Arts administrator,2024-11-13
EMP08770,131211.57,8518.26,D016,"Pharmacist, hospital",2026-01-10
EMP08771,109855.11,21095.26,D003,"Scientist, research (medical)",2024-08-02
EMP08772,141924.28,8893.59,D017,"Buyer, industrial",2024-05-19
EMP08773,78976.88,8862.84,D004,"Horticulturist, amenity",2026-01-09
EMP08774,69997.01,12782.14,D014,Insurance account manager,2026-07-04
EMP08775,124412.04,17407.68,D007,Catering manager,2025-09-10
EMP08776,80690.28,5303.58,D012,"Pilot, airline",2023-08-30
EMP08777,157181.5,24562.43,D003,Physiological scientist,2025-07-16
EMP08778,123673.91,19525.93,D004,Neurosurgeon,2024-10-17
EMP08779,147676.77,15651.89,D004,Chief Operating Officer,2026-03-16
EMP08780,144469.32,18780.81,D013,"Civil engineer, contracting",2024-12-03
EMP08781,85769.37,10279.37,D010,Publishing rights manager,2023-11-20
EMP08782,106501.37,11020.52,D006,"Psychologist, prison and probation services",2024-11-26
EMP08783,88523.15,3944.46,D015,"Designer, blown glass/stained glass",2023-09-21
EMP08784,63573.76,11538.33,D007,Transport planner,2024-10-01
EMP08785,98950.22,9152.44,D012,Health physicist,2024-03-06
EMP08786,124562.94,3372.22,D001,"Development worker, community",2024-02-11
EMP08787,110476.08,769.65,D008,"Accountant, chartered",2026-05-03
EMP08788,162024.09,1092.29,D003,Outdoor activities/education manager,2024-05-02
EMP08789,65793.25,1727.69,D004,"Psychotherapist, child",2025-03-23
EMP08790,146581.03,28575.35,D009,Arts administrator,2024-02-05
EMP08791,108460.77,18290.41,D009,"Surveyor, hydrographic",2024-10-28
EMP08792,77176.52,15394.65,D013,Air traffic controller,2024-11-05
EMP08793,94574.71,18899.14,D018,"Lighting technician, broadcasting/film/video",2026-07-30
EMP08794,115292.73,13887.92,D018,"Scientist, physiological",2025-08-17
EMP08795,115418.56,4105.35,D010,Local government officer,2023-11-05
EMP08796,107448.53,15278.92,D007,"Surveyor, building",2025-08-27
EMP08797,110979.19,10529.14,D002,"Designer, exhibition/display",2024-08-21
EMP08798,123503.29,23160.74,D003,Health service manager,2024-12-23
EMP08799,75910.38,9591.23,D012,"Administrator, arts",2025-12-22
EMP08800,108038.92,20229.38,D007,Freight forwarder,2025-09-17
EMP08801,109674.95,19787.36,D012,Youth worker,2023-11-07
EMP08802,91235.87,10263.65,D011,Quantity surveyor,2026-01-12
EMP08803,115622.27,13841.88,D002,Radio producer,2023-10-12
EMP08804,159049.68,24693.11,D006,Theme park manager,2024-08-03
EMP08805,95211.79,7821.42,D008,IT trainer,2025-12-19
EMP08806,132016.23,11025.97,D020,Radio broadcast assistant,2025-07-03
EMP08807,89940.27,6107.22,D013,"Editor, commissioning",2026-06-20
EMP08808,99937.92,4646.33,D006,Higher education careers adviser,2024-05-14
EMP08809,119520.44,22805.3,D002,Accounting technician,2023-10-12
EMP08810,119940.83,6176.84,D015,Analytical chemist,2025-07-06
EMP08811,111590.95,3685.17,D012,Exercise physiologist,2025-10-20
EMP08812,72232.63,10679.08,D018,Barrister's clerk,2026-02-09
EMP08813,143123.43,9178.19,D016,"Engineer, civil (consulting)",2025-03-06
EMP08814,127878.59,656.34,D007,Charity officer,2026-03-26
EMP08815,133242.99,2004.89,D012,Medical secretary,2024-05-13
EMP08816,59886.04,3068.32,D013,Bookseller,2023-09-10
EMP08817,94473.87,16447.32,D005,"Scientist, product/process development",2025-08-28
EMP08818,53630.53,1041.86,D011,Patent attorney,2026-07-25
EMP08819,89444.31,1830.59,D020,Chief Executive Officer,2024-01-01
EMP08820,60411.15,11662.25,D011,Product/process development scientist,2025-10-25
EMP08821,96888.95,18290.46,D011,"Loss adjuster, chartered",2024-07-24
EMP08822,108817.43,16327.62,D015,Theme park manager,2025-12-28
EMP08823,118919.47,17105.07,D009,"Surveyor, insurance",2025-11-28
EMP08824,90284.9,14428.93,D001,Transport planner,2025-08-14
EMP08825,88838.52,1459.81,D001,"Presenter, broadcasting",2026-03-19
EMP08826,114880.21,752.86,D012,"Editor, magazine features",2023-10-12
EMP08827,108079.06,12407.47,D019,"Designer, blown glass/stained glass",2025-12-13
EMP08828,91998.51,6888.89,D012,Insurance claims handler,2026-01-26
EMP08829,112874.91,346.59,D014,Tree surgeon,2025-04-29
EMP08830,71206.43,1627.37,D020,Industrial buyer,2025-04-21
EMP08831,142416.89,26818.08,D015,Psychotherapist,2025-08-12
EMP08832,122037.22,4086.01,D009,Personnel officer,2025-09-09
EMP08833,124700.07,23698.13,D011,"Geneticist, molecular",2025-01-03
EMP08834,64779.46,6361.48,D019,Chiropodist,2025-03-16
EMP08835,84854.29,16668.48,D005,Travel agency manager,2025-03-01
EMP08836,94350.84,5645.28,D016,Geophysicist/field seismologist,2024-01-28
EMP08837,75253.2,7205.0,D017,Theme park manager,2025-10-14
EMP08838,75101.73,8802.64,D018,Logistics and distribution manager,2026-06-30
EMP08839,122521.13,7780.24,D009,Risk manager,2025-01-24
EMP08840,129880.16,13685.31,D003,"Engineer, mining",2024-02-18
EMP08841,101139.2,16601.08,D007,"Education officer, community",2026-05-21
EMP08842,121824.02,4246.56,D019,Medical laboratory scientific officer,2023-08-24
EMP08843,113530.62,3767.94,D004,Call centre manager,2024-02-24
EMP08844,134135.41,20228.44,D009,Tour manager,2026-03-11
EMP08845,103739.94,9051.52,D007,"Teacher, primary school",2024-09-17
EMP08846,93109.54,15009.39,D016,Applications developer,2026-05-12
EMP08847,93205.31,7596.74,D005,Charity fundraiser,2024-01-17
EMP08848,121493.94,3921.67,D003,Administrator,2023-12-21
EMP08849,103462.54,4270.74,D012,Copy,2025-07-08
EMP08850,95362.48,4030.05,D016,Operations geologist,2024-07-18
EMP08851,121271.48,17764.97,D012,Exhibition designer,2025-10-04
EMP08852,91080.77,14477.95,D003,"Engineer, petroleum",2026-05-14
EMP08853,129870.77,3979.74,D013,Garment/textile technologist,2025-09-23
EMP08854,68035.34,10400.09,D013,Writer,2024-08-18
EMP08855,128997.51,19103.33,D001,Contractor,2023-09-03
EMP08856,126422.37,22718.96,D016,Dance movement psychotherapist,2026-04-09
EMP08857,148149.37,11367.32,D015,Probation officer,2024-08-10
EMP08858,94950.12,13645.72,D002,"Radiographer, diagnostic",2026-03-31
EMP08859,130720.36,17919.91,D008,Public librarian,2024-02-04
EMP08860,86887.73,8917.73,D005,Automotive engineer,2024-12-06
EMP08861,81847.52,12346.9,D019,Ship broker,2026-06-17
EMP08862,113790.24,13098.77,D007,Land,2026-02-12
EMP08863,106378.09,12747.45,D006,Technical brewer,2025-12-29
EMP08864,93713.52,6260.83,D007,Information officer,2025-06-23
EMP08865,55286.27,7370.68,D016,Diagnostic radiographer,2026-03-07
EMP08866,143743.96,9605.08,D011,"Pharmacist, hospital",2025-12-11
EMP08867,80663.75,3094.41,D020,Risk manager,2026-02-28
EMP08868,85481.4,11861.2,D016,Drilling engineer,2025-03-11
EMP08869,127969.43,18453.39,D001,Farm manager,2024-01-07
EMP08870,102585.45,6474.69,D001,Warehouse manager,2025-12-13
EMP08871,92773.28,7064.12,D011,Media planner,2026-07-10
EMP08872,107915.18,15450.25,D013,Metallurgist,2026-02-10
EMP08873,138050.45,5395.23,D009,"Geneticist, molecular",2025-11-27
EMP08874,107054.09,10321.07,D015,"Engineer, civil (contracting)",2026-01-15
EMP08875,81428.53,7255.62,D014,Health physicist,2025-07-02
EMP08876,131103.38,16124.51,D018,Furniture conservator/restorer,2025-05-05
EMP08877,108444.68,20063.44,D009,Solicitor,2023-10-29
EMP08878,66061.36,5110.82,D010,"Education officer, environmental",2023-08-24
EMP08879,118728.23,6388.47,D013,"Chemist, analytical",2024-08-01
EMP08880,98454.41,18270.33,D014,Financial adviser,2025-07-23
EMP08881,102417.44,17416.76,D010,"Scientist, research (medical)",2025-03-20
EMP08882,102109.6,4975.07,D007,"Accountant, chartered management",2024-09-30
EMP08883,86445.24,6625.01,D013,Commercial/residential surveyor,2025-09-24
EMP08884,101009.42,4843.52,D007,Community arts worker,2023-08-27
EMP08885,102975.09,2137.59,D008,Intelligence analyst,2025-12-31
EMP08886,111965.96,17153.01,D002,"Librarian, academic",2024-02-04
EMP08887,83780.48,2347.16,D019,Publishing rights manager,2026-03-16
EMP08888,158601.59,7515.34,D007,"Optician, dispensing",2025-03-08
EMP08889,84560.77,4630.39,D012,Town planner,2025-01-04
EMP08890,140421.14,22273.35,D003,Health and safety inspector,2024-11-04
EMP08891,86835.69,6591.0,D015,Chiropodist,2023-08-24
EMP08892,64554.95,7436.59,D017,Metallurgist,2023-12-17
EMP08893,106938.93,3225.25,D003,"Civil engineer, contracting",2024-01-26
EMP08894,112289.88,18086.89,D020,"Engineer, materials",2026-03-24
EMP08895,130822.74,20786.96,D013,Writer,2024-02-11
EMP08896,75915.49,11513.11,D011,Sports administrator,2025-03-28
EMP08897,87806.1,2521.75,D010,Medical laboratory scientific officer,2025-03-26
EMP08898,93771.69,14522.6,D018,"Merchandiser, retail",2025-12-27
EMP08899,177720.55,20529.71,D012,Fish farm manager,2024-06-05
EMP08900,135654.92,27129.25,D009,"Designer, graphic",2024-12-12
EMP08901,110768.76,13411.8,D012,"Engineer, energy",2026-01-29
EMP08902,80248.39,11825.15,D012,"Psychotherapist, dance movement",2025-11-02
EMP08903,147655.32,16837.75,D020,Medical illustrator,2024-08-02
EMP08904,144078.7,6759.06,D008,"Administrator, education",2025-03-12
EMP08905,139023.67,13761.51,D004,Retail merchandiser,2025-02-23
EMP08906,58199.1,8698.24,D004,"Engineer, structural",2026-05-22
EMP08907,109152.09,6377.51,D010,Travel agency manager,2026-05-08
EMP08908,129828.9,5222.83,D003,"Research officer, trade union",2024-06-22
EMP08909,91614.13,12665.01,D009,Financial manager,2024-07-06
EMP08910,94682.81,11835.81,D007,Commercial/residential surveyor,2024-05-03
EMP08911,129674.15,22403.78,D017,"Psychologist, counselling",2025-06-22
EMP08912,146479.01,628.96,D019,IT consultant,2024-07-12
EMP08913,91778.81,350.18,D016,Dietitian,2025-09-26
EMP08914,163024.12,14650.73,D002,IT consultant,2024-02-22
EMP08915,89646.42,10997.29,D020,Dealer,2025-07-12
EMP08916,122196.92,2911.85,D005,English as a second language teacher,2023-09-05
EMP08917,91436.61,9685.4,D006,Data processing manager,2025-11-12
EMP08918,129805.35,24827.84,D001,Health promotion specialist,2025-11-11
EMP08919,115283.32,2235.83,D016,Farm manager,2025-02-25
EMP08920,56652.3,8327.88,D015,Food technologist,2024-03-12
EMP08921,112216.36,96.93,D014,Dance movement psychotherapist,2024-04-27
EMP08922,100725.71,7678.44,D014,Chief Operating Officer,2023-11-06
EMP08923,125138.01,4604.11,D015,"Engineer, energy",2026-06-18
EMP08924,90653.26,13555.26,D019,"Teacher, adult education",2023-11-22
EMP08925,99174.1,6915.32,D009,Magazine journalist,2026-03-21
EMP08926,114525.94,7208.1,D013,Radiation protection practitioner,2025-09-17
EMP08927,103219.35,480.5,D005,Teaching laboratory technician,2023-09-13
EMP08928,133214.76,13550.35,D007,Podiatrist,2025-06-05
EMP08929,103803.82,5794.19,D009,"Journalist, magazine",2025-10-02
EMP08930,106675.29,15737.44,D017,Press sub,2024-10-03
EMP08931,96281.32,8818.62,D012,Diagnostic radiographer,2025-10-24
EMP08932,62979.51,12120.8,D011,Structural engineer,2024-05-26
EMP08933,122679.88,6586.94,D006,Accounting technician,2023-11-26
EMP08934,113046.69,22082.27,D008,Recycling officer,2025-09-29
EMP08935,88228.17,17088.59,D015,"Engineer, civil (consulting)",2024-03-20
EMP08936,90719.25,16677.0,D003,Environmental health practitioner,2024-10-10
EMP08937,97477.26,17133.77,D009,Midwife,2025-02-03
EMP08938,154794.12,20789.84,D005,Advertising account executive,2024-05-24
EMP08939,77479.07,4887.83,D013,"Administrator, charities/voluntary organisations",2023-12-01
EMP08940,129602.74,13413.69,D019,Petroleum engineer,2024-05-16
EMP08941,88882.18,1778.73,D020,Futures trader,2025-09-04
EMP08942,72110.06,7015.91,D011,"Journalist, magazine",2023-11-12
EMP08943,100660.38,10920.95,D014,"Journalist, magazine",2024-10-07
EMP08944,127547.95,7746.13,D003,"Scientist, research (medical)",2025-09-05
EMP08945,119763.0,2.57,D012,Armed forces operational officer,2023-09-26
EMP08946,95988.7,9867.22,D010,Industrial/product designer,2024-08-27
EMP08947,121116.29,20017.97,D007,"Scientist, marine",2024-03-24
EMP08948,88736.48,10969.52,D018,"Doctor, hospital",2024-12-26
EMP08949,166190.78,26432.88,D010,Video editor,2025-05-04
EMP08950,109898.76,17785.96,D019,"Horticulturist, commercial",2026-06-16
EMP08951,79684.17,13208.84,D019,Architectural technologist,2026-02-18
EMP08952,122058.81,12033.4,D003,Publishing copy,2024-03-16
EMP08953,102516.78,11107.69,D007,Special educational needs teacher,2025-05-27
EMP08954,117823.05,16196.96,D017,"Designer, jewellery",2024-12-03
EMP08955,183813.74,23637.14,D010,"Scientist, physiological",2026-03-18
EMP08956,69059.34,6416.0,D019,Museum education officer,2024-03-14
EMP08957,82447.4,9264.14,D005,"Embryologist, clinical",2024-02-09
EMP08958,83087.07,8774.51,D006,Medical secretary,2023-09-22
EMP08959,113738.37,8517.15,D003,"Loss adjuster, chartered",2023-09-22
EMP08960,106599.3,8971.59,D020,"Scientist, research (maths)",2023-10-28
EMP08961,118657.59,21988.81,D015,Prison officer,2026-02-17
EMP08962,131642.27,11411.59,D012,Education administrator,2025-08-20
EMP08963,107040.61,638.69,D005,Technical author,2026-03-18
EMP08964,112109.8,3031.44,D010,Energy engineer,2024-06-21
EMP08965,91354.95,17192.59,D001,Production engineer,2025-01-15
EMP08966,139401.69,15544.72,D008,Advice worker,2023-11-15
EMP08967,117246.39,13625.94,D020,Phytotherapist,2024-06-12
EMP08968,173062.3,15582.39,D011,"Designer, industrial/product",2024-03-04
EMP08969,117668.53,22536.61,D010,Media planner,2025-05-15
EMP08970,138699.14,26037.83,D011,Risk manager,2026-07-17
EMP08971,108952.37,10917.14,D008,"Psychologist, educational",2024-10-02
EMP08972,95112.24,1783.41,D006,"Engineer, water",2023-08-19
EMP08973,117515.79,21824.73,D008,Museum/gallery conservator,2026-02-10
EMP08974,124993.93,23855.38,D002,Advertising account executive,2023-08-09
EMP08975,109933.14,6112.73,D001,"Scientist, research (physical sciences)",2025-01-15
EMP08976,58513.66,5766.4,D014,Best boy,2024-07-07
EMP08977,117089.7,20332.07,D003,Mental health nurse,2026-02-15
EMP08978,165619.33,9839.79,D003,Management consultant,2024-09-28
EMP08979,117990.21,21513.52,D006,Solicitor,2024-08-08
EMP08980,113317.68,19182.64,D008,Contracting civil engineer,2025-12-03
EMP08981,107101.46,5921.36,D020,Copy,2024-12-15
EMP08982,106744.99,12135.05,D017,Personal assistant,2025-01-06
EMP08983,113238.75,1837.01,D013,Cytogeneticist,2025-10-05
EMP08984,118253.75,15446.75,D005,"Engineer, electrical",2025-11-03
EMP08985,121516.5,2401.86,D012,Charity fundraiser,2023-12-18
EMP08986,111175.51,508.65,D009,Osteopath,2025-10-31
EMP08987,100867.04,16651.06,D001,Psychiatrist,2024-02-13
EMP08988,84237.03,7981.33,D010,Midwife,2025-07-25
EMP08989,134523.75,6652.73,D017,Advertising account planner,2025-01-24
EMP08990,110217.8,14862.42,D005,Bonds trader,2024-05-08
EMP08991,100134.2,8027.19,D015,Chartered accountant,2024-12-06
EMP08992,104127.98,3999.13,D011,Merchant navy officer,2025-01-06
EMP08993,150773.6,18590.2,D006,"Engineer, civil (consulting)",2025-07-24
EMP08994,148951.27,4172.02,D002,Control and instrumentation engineer,2023-12-01
EMP08995,100544.74,11254.59,D013,"Production assistant, television",2024-03-15
EMP08996,102524.93,5189.88,D011,Agricultural consultant,2025-07-17
EMP08997,128507.91,10242.26,D014,"Engineer, structural",2025-09-24
EMP08998,140374.48,27573.75,D004,Hydrologist,2026-06-19
EMP08999,84829.47,9851.39,D001,Chief of Staff,2025-01-07
EMP09000,71644.62,10728.42,D001,Higher education lecturer,2025-11-15
EMP09001,112013.1,258.19,D012,"Producer, radio",2024-06-17
EMP09002,108643.07,1146.76,D017,Publishing rights manager,2026-01-13
EMP09003,58928.66,1325.53,D016,Leisure centre manager,2023-10-16
EMP09004,121417.17,744.29,D001,Museum education officer,2025-02-12
EMP09005,59232.07,7618.03,D016,Sport and exercise psychologist,2026-06-07
EMP09006,143081.98,4032.65,D019,Sales executive,2024-08-08
EMP09007,111943.55,3715.08,D001,"Pharmacist, community",2025-11-09
EMP09008,128913.26,21126.56,D011,"Engineer, mining",2024-01-29
EMP09009,114969.38,19332.8,D010,Ranger/warden,2026-04-16
EMP09010,111191.69,4210.9,D020,Chartered public finance accountant,2025-04-15
EMP09011,87565.66,15245.5,D018,Fast food restaurant manager,2024-03-08
EMP09012,70231.88,2334.97,D007,Printmaker,2024-11-09
EMP09013,102531.79,17900.67,D009,Therapeutic radiographer,2024-11-06
EMP09014,134517.73,25863.38,D002,Theatre manager,2024-10-02
EMP09015,87830.23,17292.87,D014,Soil scientist,2026-03-21
EMP09016,94663.04,2637.98,D007,Public house manager,2026-05-28
EMP09017,173549.57,17401.58,D002,Actuary,2024-05-17
EMP09018,119169.0,2079.79,D005,"Scientist, water quality",2025-04-01
EMP09019,118892.97,9889.87,D009,Airline pilot,2026-04-26
EMP09020,104508.26,18539.85,D009,Learning mentor,2025-09-12
EMP09021,124306.04,22326.49,D009,Fish farm manager,2024-10-04
EMP09022,110243.15,12754.84,D010,Risk manager,2024-09-24
EMP09023,113293.92,7208.55,D008,Educational psychologist,2025-05-25
EMP09024,89172.44,10825.04,D002,"Solicitor, Scotland",2024-04-14
EMP09025,86649.46,10079.69,D001,Television production assistant,2026-05-26
EMP09026,95346.09,4821.89,D018,Statistician,2024-11-06
EMP09027,116278.42,9589.93,D003,Call centre manager,2024-10-20
EMP09028,103456.37,977.81,D012,"Editor, commissioning",2025-08-14
EMP09029,84418.35,15860.11,D011,Dealer,2023-08-09
EMP09030,129144.59,10003.88,D004,Environmental health practitioner,2024-11-06
EMP09031,117992.52,8961.45,D011,Veterinary surgeon,2026-04-02
EMP09032,105486.74,3407.62,D003,Newspaper journalist,2023-12-31
EMP09033,156397.4,24215.95,D010,Lawyer,2024-05-29
EMP09034,103809.96,15900.59,D014,Production manager,2023-12-22
EMP09035,127049.16,13743.15,D013,Medical physicist,2023-11-30
EMP09036,123342.16,14073.67,D009,"Engineer, broadcasting (operations)",2024-10-25
EMP09037,81209.39,13907.5,D015,"Radiographer, therapeutic",2026-06-13
EMP09038,98901.41,6594.9,D017,Neurosurgeon,2023-11-08
EMP09039,123326.43,15540.13,D005,Geophysicist/field seismologist,2023-12-19
EMP09040,87783.43,16900.84,D011,Homeopath,2026-07-24
EMP09041,99774.06,15099.78,D002,Learning mentor,2025-03-02
EMP09042,113520.16,1205.71,D019,Clothing/textile technologist,2025-11-09
EMP09043,93495.0,15750.19,D020,"Designer, interior/spatial",2025-02-11
EMP09044,56999.1,11144.84,D013,Land,2024-04-22
EMP09045,151585.85,11106.93,D009,Music therapist,2024-10-15
EMP09046,123411.65,14093.14,D008,"Designer, fashion/clothing",2025-09-05
EMP09047,84740.06,12966.57,D018,"Doctor, general practice",2024-05-19
EMP09048,87361.08,13182.44,D013,"Designer, ceramics/pottery",2025-11-14
EMP09049,112791.17,20821.93,D011,"Administrator, charities/voluntary organisations",2025-01-19
EMP09050,105481.08,8343.45,D009,Special educational needs teacher,2025-08-18
EMP09051,134089.19,10131.29,D015,"Engineer, land",2025-11-21
EMP09052,93217.08,5131.54,D005,Health visitor,2025-02-21
EMP09053,86843.15,16427.95,D002,Orthoptist,2023-09-24
EMP09054,128014.11,16426.36,D013,Furniture conservator/restorer,2023-10-22
EMP09055,122414.96,14658.25,D007,Geophysical data processor,2024-08-28
EMP09056,91298.68,12546.19,D019,"Conservator, museum/gallery",2026-05-07
EMP09057,116641.99,4725.02,D015,Theatre stage manager,2023-08-12
EMP09058,85303.18,11581.84,D004,Systems developer,2024-08-23
EMP09059,147244.31,12783.03,D020,Nature conservation officer,2024-05-20
EMP09060,67257.22,3017.77,D014,Community development worker,2024-02-18
EMP09061,74938.77,2119.01,D006,"Engineer, manufacturing systems",2024-05-04
EMP09062,83211.31,3499.22,D020,"Scientist, marine",2024-10-21
EMP09063,95402.44,1101.45,D020,Barista,2025-11-12
EMP09064,175279.83,4272.73,D002,Product/process development scientist,2024-12-18
EMP09065,103474.15,6196.64,D020,Cabin crew,2026-05-15
EMP09066,134981.49,8815.96,D009,"Surveyor, land/geomatics",2025-09-09
EMP09067,124848.73,12530.06,D011,Mudlogger,2024-01-28
EMP09068,80792.58,7323.31,D001,Armed forces operational officer,2025-02-24
EMP09069,108973.65,12431.75,D002,Podiatrist,2026-03-30
EMP09070,113525.48,17030.53,D009,"Teacher, early years/pre",2025-02-22
EMP09071,92827.53,12035.78,D013,"Therapist, drama",2024-02-21
EMP09072,88940.22,965.69,D017,"Engineer, electrical",2025-01-18
EMP09073,123272.04,3758.93,D016,Trade union research officer,2023-10-21
EMP09074,79467.87,13387.52,D017,Tour manager,2024-02-10
EMP09075,137662.71,739.0,D014,General practice doctor,2024-04-05
EMP09076,93914.01,16521.74,D019,"Librarian, public",2026-05-25
EMP09077,101576.99,4933.07,D002,Cabin crew,2025-09-15
EMP09078,120516.88,15354.95,D017,Animator,2024-10-22
EMP09079,84570.16,14160.45,D018,Music tutor,2024-04-28
EMP09080,146382.71,6739.59,D002,Seismic interpreter,2025-03-04
EMP09081,137469.96,12834.74,D008,"Engineer, communications",2024-08-05
EMP09082,129016.14,17304.04,D007,"Scientist, physiological",2025-11-21
EMP09083,97308.54,19424.71,D003,"Designer, blown glass/stained glass",2025-12-06
EMP09084,103706.49,4082.82,D009,Warehouse manager,2023-11-01
EMP09085,98342.73,9295.76,D007,Counsellor,2024-05-15
EMP09086,117774.62,3047.02,D015,Building services engineer,2025-03-07
EMP09087,146551.79,19701.79,D002,Museum/gallery curator,2023-10-24
EMP09088,83055.5,12883.57,D013,Dancer,2024-05-21
EMP09089,61628.72,2003.08,D007,Television floor manager,2025-08-30
EMP09090,125926.78,3251.81,D019,"Scientist, clinical (histocompatibility and immunogenetics)",2025-03-26
EMP09091,105548.54,7282.14,D020,Multimedia programmer,2026-03-03
EMP09092,123783.4,705.22,D006,"Administrator, local government",2025-04-06
EMP09093,150418.53,3583.24,D002,Information officer,2025-11-15
EMP09094,72411.7,13762.89,D001,Electrical engineer,2025-09-18
EMP09095,69171.3,13396.77,D010,Radio producer,2024-03-26
EMP09096,121967.46,23254.65,D004,"Runner, broadcasting/film/video",2025-01-05
EMP09097,69008.81,12764.69,D001,Midwife,2024-09-30
EMP09098,95847.29,4532.49,D018,Research scientist (life sciences),2026-04-16
EMP09099,136352.84,11492.36,D018,Claims inspector/assessor,2023-08-09
EMP09100,126737.17,4082.59,D017,Barista,2026-02-02
EMP09101,100752.01,6889.72,D018,Financial trader,2025-10-23
EMP09102,102811.39,2040.44,D011,"Pharmacist, community",2025-11-15
EMP09103,83877.03,2710.23,D010,"Engineer, aeronautical",2026-04-15
EMP09104,83852.98,4813.96,D002,"Administrator, charities/voluntary organisations",2024-11-08
EMP09105,139808.68,9047.7,D009,Media buyer,2026-02-21
EMP09106,106996.35,16260.63,D005,Mudlogger,2023-11-22
EMP09107,98573.93,5234.82,D011,"Therapist, sports",2025-01-10
EMP09108,114672.81,16229.49,D004,"Lecturer, further education",2024-08-10
EMP09109,153703.64,7539.21,D018,Pathologist,2024-02-10
EMP09110,155160.11,20894.94,D014,"Editor, commissioning",2024-08-11
EMP09111,98198.14,1152.06,D004,Interpreter,2026-02-05
EMP09112,113102.74,16105.75,D007,Animal nutritionist,2023-10-12
EMP09113,84408.02,5608.16,D009,Television camera operator,2025-10-06
EMP09114,81557.42,12306.37,D020,Music therapist,2025-07-04
EMP09115,118348.84,12896.19,D002,Visual merchandiser,2024-02-12
EMP09116,101923.73,2372.69,D017,Hydrologist,2025-08-22
EMP09117,115277.44,21976.11,D001,"Buyer, retail",2025-01-31
EMP09118,100009.77,7798.95,D008,Counselling psychologist,2024-02-03
EMP09119,133864.15,20594.72,D013,"Engineer, site",2023-09-09
EMP09120,78912.16,1552.77,D003,"Investment banker, operational",2026-05-21
EMP09121,97475.64,11556.57,D010,Dispensing optician,2026-03-16
EMP09122,69328.91,8983.57,D015,Sports development officer,2026-03-02
EMP09123,69751.6,6655.06,D016,Seismic interpreter,2025-06-29
EMP09124,140805.7,13546.97,D001,Sports coach,2024-10-18
EMP09125,130558.89,6116.21,D006,Volunteer coordinator,2024-08-27
EMP09126,85047.77,1412.92,D008,Television floor manager,2025-01-19
EMP09127,127711.01,20393.23,D014,Accommodation manager,2025-01-27
EMP09128,93129.13,17173.77,D006,Sports therapist,2025-06-23
EMP09129,136149.62,26457.2,D005,"Scientist, audiological",2025-10-07
EMP09130,130614.12,6598.86,D008,"Scientist, physiological",2025-02-22
EMP09131,96608.2,9569.38,D011,Music therapist,2026-04-21
EMP09132,128871.19,18375.01,D016,Airline pilot,2024-08-18
EMP09133,121379.98,4013.19,D019,"Scientist, water quality",2025-04-07
EMP09134,109830.13,17868.84,D013,Broadcast presenter,2026-07-04
EMP09135,48793.65,1205.35,D007,"Chemist, analytical",2024-07-08
EMP09136,109541.46,3021.57,D007,"Accountant, chartered certified",2025-09-09
EMP09137,99841.17,19685.12,D007,Psychiatrist,2025-02-24
EMP09138,108386.69,12011.23,D002,Child psychotherapist,2024-12-24
EMP09139,103144.28,9393.21,D018,Heritage manager,2024-11-10
EMP09140,87838.67,1509.54,D001,"Therapist, occupational",2024-11-20
EMP09141,132388.89,16166.04,D014,Ecologist,2024-01-12
EMP09142,113095.34,7703.96,D016,"Engineer, energy",2026-07-21
EMP09143,98560.67,18282.21,D004,Office manager,2024-06-05
EMP09144,119290.49,1886.25,D018,Agricultural engineer,2026-01-27
EMP09145,185959.7,21805.38,D010,Financial risk analyst,2024-03-20
EMP09146,86907.76,13992.87,D019,Patent attorney,2026-06-08
EMP09147,116306.39,19734.58,D011,Sales promotion account executive,2025-01-04
EMP09148,97779.68,16870.01,D015,Air traffic controller,2023-08-31
EMP09149,136660.15,24161.35,D017,"Runner, broadcasting/film/video",2023-10-20
EMP09150,130002.86,19159.41,D016,"Lecturer, further education",2026-06-20
EMP09151,149113.82,15042.12,D015,"Surveyor, insurance",2024-12-02
EMP09152,99467.38,12901.53,D005,Risk analyst,2025-02-17
EMP09153,103736.56,5670.55,D007,Historic buildings inspector/conservation officer,2023-11-03
EMP09154,102525.32,2958.73,D017,Games developer,2024-03-20
EMP09155,68008.42,826.68,D001,Glass blower/designer,2025-08-26
EMP09156,79175.81,4865.0,D013,"Engineer, manufacturing systems",2025-04-24
EMP09157,88462.67,6033.16,D015,Ranger/warden,2026-06-07
EMP09158,118077.13,3031.97,D006,Contractor,2026-05-08
EMP09159,160900.2,1150.62,D007,"Clinical scientist, histocompatibility and immunogenetics",2023-12-03
EMP09160,92597.41,1361.95,D014,"Engineer, civil (contracting)",2023-10-11
EMP09161,79287.29,7184.62,D012,Early years teacher,2025-09-27
EMP09162,96731.17,1385.72,D002,Plant breeder/geneticist,2023-10-23
EMP09163,88972.96,5141.61,D008,"Research officer, trade union",2024-06-01
EMP09164,102535.44,10688.52,D014,Research scientist (life sciences),2024-05-29
EMP09165,89602.37,10854.92,D019,Pension scheme manager,2026-02-11
EMP09166,104625.08,9126.88,D011,"Engineer, petroleum",2023-11-14
EMP09167,126869.49,24639.58,D020,"Surveyor, land/geomatics",2026-07-18
EMP09168,149908.41,25591.68,D008,Environmental manager,2026-02-05
EMP09169,130913.03,15774.69,D018,"Buyer, industrial",2024-06-27
EMP09170,143232.55,5549.23,D020,Theatre manager,2025-10-06
EMP09171,110750.88,13822.51,D005,Call centre manager,2025-10-14
EMP09172,141081.86,1185.02,D008,Retail merchandiser,2025-04-07
EMP09173,130405.11,1260.5,D017,Automotive engineer,2023-09-28
EMP09174,71053.98,8401.55,D003,Industrial buyer,2024-02-11
EMP09175,45587.83,7094.69,D008,"Exhibitions officer, museum/gallery",2024-03-15
EMP09176,81505.33,13316.8,D006,Science writer,2024-11-05
EMP09177,72077.96,2083.48,D001,Human resources officer,2025-05-05
EMP09178,98341.51,6011.39,D004,Financial adviser,2026-01-16
EMP09179,138880.75,7535.64,D018,Armed forces training and education officer,2025-02-12
EMP09180,96884.42,3928.88,D013,"Therapist, art",2025-08-01
EMP09181,127204.09,21517.11,D008,"Psychotherapist, child",2024-11-29
EMP09182,78654.64,9583.83,D009,"Teacher, early years/pre",2024-04-02
EMP09183,122855.68,10529.78,D011,Ranger/warden,2023-09-01
EMP09184,142518.76,12063.25,D008,Landscape architect,2025-08-02
EMP09185,100032.27,12637.43,D006,Mining engineer,2023-12-07
EMP09186,118611.15,3205.34,D009,Science writer,2025-03-18
EMP09187,150678.31,4422.43,D020,Games developer,2025-04-22
EMP09188,125335.4,21358.22,D015,"Editor, commissioning",2023-12-10
EMP09189,103297.04,13191.42,D017,Commercial/residential surveyor,2024-07-16
EMP09190,80856.7,4190.65,D003,"Surveyor, building control",2024-05-29
EMP09191,83416.54,5836.72,D003,Community development worker,2024-02-09
EMP09192,107524.87,15628.49,D017,"Surveyor, commercial/residential",2024-07-06
EMP09193,114315.6,14924.47,D007,Amenity horticulturist,2024-06-24
EMP09194,139239.02,11223.32,D003,Brewing technologist,2023-08-15
EMP09195,98951.98,18350.92,D010,Secondary school teacher,2024-04-20
EMP09196,75037.42,12934.58,D020,Public house manager,2025-06-03
EMP09197,120995.82,4342.83,D010,Health promotion specialist,2025-10-09
EMP09198,93415.08,15280.12,D015,"Psychologist, counselling",2024-01-01
EMP09199,93464.22,4034.61,D020,Dietitian,2026-02-24
EMP09200,141647.44,19447.65,D017,"Therapist, sports",2023-10-05
EMP09201,124436.87,961.76,D017,"Chemist, analytical",2026-04-26
EMP09202,130178.01,16347.34,D004,Estate agent,2024-03-01
EMP09203,76928.62,13676.37,D007,Civil Service fast streamer,2024-08-25
EMP09204,92409.93,13871.38,D014,Community education officer,2024-01-02
EMP09205,139081.12,7876.95,D001,"Designer, jewellery",2023-10-21
EMP09206,149858.76,17985.06,D020,Nature conservation officer,2023-10-30
EMP09207,93410.98,7381.81,D016,Marketing executive,2024-08-12
EMP09208,113352.91,17850.39,D019,Water engineer,2024-11-16
EMP09209,86787.27,14617.37,D015,Prison officer,2026-02-13
EMP09210,134692.74,12357.18,D002,Insurance broker,2025-05-28
EMP09211,65260.0,7467.8,D002,Naval architect,2026-06-03
EMP09212,75954.21,11139.69,D017,Actor,2026-07-30
EMP09213,87567.19,16030.74,D006,"Engineer, water",2026-03-23
EMP09214,163626.3,8896.59,D008,Barista,2024-04-25
EMP09215,116168.6,1340.14,D009,"Conservator, museum/gallery",2025-02-20
EMP09216,105250.41,104.02,D005,"Engineer, petroleum",2025-09-02
EMP09217,146930.52,772.66,D002,Clinical biochemist,2026-05-02
EMP09218,74466.17,6048.01,D003,Contracting civil engineer,2025-06-07
EMP09219,92310.13,889.38,D013,Building surveyor,2025-01-21
EMP09220,97152.8,17223.02,D014,Recruitment consultant,2024-01-10
EMP09221,158964.65,27569.41,D019,"Secretary, company",2024-08-03
EMP09222,88707.82,11814.0,D015,Clothing/textile technologist,2024-01-03
EMP09223,101613.31,9228.24,D015,Product/process development scientist,2025-07-13
EMP09224,102676.43,16995.84,D007,Adult guidance worker,2024-01-22
EMP09225,122862.97,1649.76,D001,Insurance account manager,2024-11-22
EMP09226,105569.0,20386.43,D020,"Editor, film/video",2025-10-24
EMP09227,75292.24,2753.59,D016,Financial risk analyst,2023-08-22
EMP09228,117395.63,7942.99,D002,Counselling psychologist,2024-10-30
EMP09229,89412.89,5936.89,D006,"Research officer, political party",2024-07-29
EMP09230,138341.13,27047.64,D013,International aid/development worker,2026-02-04
EMP09231,59633.72,5244.47,D003,Secondary school teacher,2025-03-07
EMP09232,127573.05,1056.03,D016,Sport and exercise psychologist,2024-02-14
EMP09233,88989.32,2934.87,D016,Structural engineer,2026-03-29
EMP09234,108914.5,4741.02,D008,Chief Executive Officer,2023-10-19
EMP09235,90036.14,6909.13,D007,Cartographer,2023-11-02
EMP09236,153324.53,15916.38,D009,Site engineer,2025-08-03
EMP09237,117323.68,14855.08,D016,"Investment banker, corporate",2025-07-04
EMP09238,83682.14,1655.99,D008,Tree surgeon,2023-10-21
EMP09239,113854.74,18437.56,D020,Dietitian,2024-07-02
EMP09240,137669.26,22137.62,D012,Aeronautical engineer,2024-07-07
EMP09241,137886.82,26894.41,D015,Patent examiner,2024-07-30
EMP09242,81024.49,10700.79,D020,Engineering geologist,2023-12-30
EMP09243,78301.01,4647.7,D008,Aeronautical engineer,2026-06-24
EMP09244,94465.14,16712.31,D017,Games developer,2024-06-27
EMP09245,111351.61,14439.51,D008,Commercial horticulturist,2024-06-28
EMP09246,85991.8,1363.33,D017,Museum/gallery curator,2024-06-19
EMP09247,61910.78,12208.04,D014,Local government officer,2026-08-02
EMP09248,72026.6,9884.54,D008,"Conservator, furniture",2026-05-06
EMP09249,93939.65,9685.5,D012,Professor Emeritus,2025-01-11
EMP09250,76381.88,5481.32,D015,Diplomatic Services operational officer,2024-07-30
EMP09251,94888.53,3337.32,D019,Occupational hygienist,2025-08-20
EMP09252,70325.16,4248.99,D013,Chartered public finance accountant,2025-02-05
EMP09253,84867.66,4348.73,D001,Surgeon,2024-08-12
EMP09254,80870.23,8802.82,D019,Tax adviser,2025-12-02
EMP09255,105080.66,6420.55,D018,"Civil engineer, contracting",2024-05-29
EMP09256,105787.54,3997.53,D008,Acupuncturist,2025-06-17
EMP09257,109932.52,16576.22,D009,"Teacher, special educational needs",2023-08-08
EMP09258,137770.46,8074.14,D011,Local government officer,2024-08-09
EMP09259,101376.32,10668.07,D004,Equality and diversity officer,2025-02-20
EMP09260,72371.17,12543.19,D010,Chief Strategy Officer,2025-09-02
EMP09261,112456.51,9930.06,D018,Archivist,2024-05-29
EMP09262,90442.41,15467.75,D019,Advertising account executive,2025-07-12
EMP09263,111724.2,12807.19,D010,Building control surveyor,2025-10-03
EMP09264,104324.01,11404.96,D007,Psychiatric nurse,2024-01-06
EMP09265,130211.77,6555.51,D006,Town planner,2025-02-27
EMP09266,94760.41,6076.73,D002,"Education officer, community",2026-05-09
EMP09267,100152.54,9181.56,D015,Jewellery designer,2026-04-14
EMP09268,127624.38,15858.93,D007,Bonds trader,2025-03-12
EMP09269,144553.09,23272.66,D014,Equality and diversity officer,2023-12-14
EMP09270,104379.76,7346.76,D009,Occupational psychologist,2025-04-28
EMP09271,146502.62,28202.53,D017,"Doctor, general practice",2025-09-03
EMP09272,107318.65,8242.04,D001,"Designer, furniture",2023-10-16
EMP09273,74918.57,1543.46,D005,"Engineer, broadcasting (operations)",2025-06-20
EMP09274,95646.91,7576.77,D013,Speech and language therapist,2024-09-30
EMP09275,122748.9,19026.37,D020,Adult nurse,2023-09-24
EMP09276,92074.18,9991.3,D011,Cabin crew,2024-08-03
EMP09277,69515.69,7809.55,D013,"Engineer, structural",2026-04-25
EMP09278,89020.54,16181.43,D013,"Production assistant, radio",2024-05-04
EMP09279,114677.16,20850.07,D018,Ambulance person,2025-11-06
EMP09280,78131.37,10568.19,D005,"Editor, commissioning",2025-09-01
EMP09281,106999.2,20136.88,D003,Air traffic controller,2024-01-13
EMP09282,122443.23,22698.26,D006,Systems developer,2026-07-12
EMP09283,100409.86,15784.81,D008,"Surveyor, minerals",2024-09-23
EMP09284,80643.11,13854.48,D011,"Chemist, analytical",2026-04-25
EMP09285,73207.16,14436.51,D010,"Therapist, speech and language",2026-07-05
EMP09286,60008.1,10688.58,D016,Insurance underwriter,2024-08-10
EMP09287,68715.42,8245.42,D015,"Accountant, chartered public finance",2026-02-18
EMP09288,138586.46,14371.27,D007,Cabin crew,2025-09-27
EMP09289,110115.85,7743.15,D019,Health and safety inspector,2024-01-28
EMP09290,69756.66,5844.77,D012,Network engineer,2025-08-01
EMP09291,84829.63,15619.73,D008,Warden/ranger,2025-12-12
EMP09292,110723.31,8135.08,D002,Naval architect,2025-08-10
EMP09293,117933.52,21.57,D020,Charity fundraiser,2025-06-14
EMP09294,75949.09,850.72,D014,Fashion designer,2025-12-03
EMP09295,141056.76,18869.6,D002,Operational researcher,2023-10-21
EMP09296,128101.53,12555.13,D003,Animal technologist,2025-12-11
EMP09297,95442.76,15979.16,D013,"Psychologist, occupational",2024-08-04
EMP09298,124186.06,8693.29,D019,Research scientist (life sciences),2024-03-08
EMP09299,81590.4,11445.6,D006,Customer service manager,2025-06-08
EMP09300,146687.54,27548.11,D019,Recycling officer,2024-02-21
EMP09301,111930.89,9231.04,D019,"Designer, graphic",2025-05-12
EMP09302,108047.3,18230.43,D002,Animator,2024-10-05
EMP09303,131268.79,751.87,D006,Heritage manager,2024-12-23
EMP09304,129440.57,18524.5,D005,Medical sales representative,2023-08-24
EMP09305,96265.4,19092.44,D013,Art therapist,2026-03-18
EMP09306,71132.05,6414.14,D020,"Teacher, music",2024-10-16
EMP09307,122880.71,15573.95,D009,Structural engineer,2026-03-26
EMP09308,79528.9,14955.98,D010,Actor,2026-02-09
EMP09309,149211.32,14542.15,D009,Politician's assistant,2024-04-02
EMP09310,137466.3,26842.4,D004,"Engineer, energy",2024-09-24
EMP09311,127330.37,14991.66,D020,Make,2024-02-22
EMP09312,143464.31,10561.53,D002,Estate manager/land agent,2026-06-07
EMP09313,72905.56,9792.67,D011,Financial adviser,2024-07-25
EMP09314,110520.76,15810.73,D014,"Engineer, maintenance",2026-04-19
EMP09315,119251.83,16742.95,D018,Medical laboratory scientific officer,2024-07-09
EMP09316,133374.11,2919.07,D020,Aid worker,2023-08-07
EMP09317,82095.22,1819.16,D003,Clinical research associate,2026-06-17
EMP09318,83224.44,15842.77,D012,Operational investment banker,2024-05-11
EMP09319,107567.55,16853.52,D017,"Embryologist, clinical",2023-11-21
EMP09320,98065.89,6777.4,D020,"Pharmacist, community",2024-11-25
EMP09321,108832.6,17880.2,D007,Consulting civil engineer,2026-04-02
EMP09322,124836.23,21547.64,D018,"Journalist, magazine",2025-04-01
EMP09323,79662.81,2872.16,D013,Broadcast journalist,2023-10-24
EMP09324,81055.74,12279.66,D015,Animal technologist,2026-06-03
EMP09325,134867.12,7831.15,D006,Insurance underwriter,2023-12-22
EMP09326,85876.1,3492.92,D010,Technical author,2023-12-01
EMP09327,132192.5,15736.3,D017,Glass blower/designer,2023-11-17
EMP09328,104034.82,19345.43,D007,Multimedia programmer,2025-09-18
EMP09329,75999.64,8370.07,D016,Communications engineer,2024-07-03
EMP09330,140091.42,4393.99,D011,Radio producer,2024-08-31
EMP09331,106257.44,6895.95,D010,Financial risk analyst,2025-06-25
EMP09332,76652.62,9826.4,D016,Animal technologist,2024-07-01
EMP09333,121944.76,21435.58,D002,Medical laboratory scientific officer,2024-08-27
EMP09334,132972.73,6420.86,D006,Cabin crew,2026-05-28
EMP09335,140068.75,26669.55,D004,Lexicographer,2025-02-21
EMP09336,74002.38,14676.64,D007,Chiropodist,2025-01-14
EMP09337,108253.26,14793.38,D016,"Engineer, maintenance",2025-10-14
EMP09338,89630.63,15193.77,D013,Environmental consultant,2025-12-30
EMP09339,142364.49,11553.23,D018,Comptroller,2025-12-23
EMP09340,107551.78,2625.67,D016,Air traffic controller,2023-08-23
EMP09341,111412.87,9551.57,D002,"Therapist, art",2024-02-12
EMP09342,62283.87,2525.6,D004,Occupational hygienist,2024-11-14
EMP09343,118116.28,22466.07,D011,Probation officer,2025-12-13
EMP09344,93205.73,15629.9,D011,"Engineer, electrical",2026-01-09
EMP09345,85240.58,1016.52,D002,Automotive engineer,2024-06-22
EMP09346,150567.95,25965.91,D011,Theatre director,2024-05-20
EMP09347,86284.63,9772.38,D015,Dealer,2024-04-15
EMP09348,173154.83,20447.78,D014,Hospital doctor,2024-03-23
EMP09349,94344.98,6145.57,D007,Academic librarian,2024-04-17
EMP09350,152059.23,4174.9,D004,Purchasing manager,2025-01-01
EMP09351,112220.32,4931.06,D015,Insurance broker,2023-10-25
EMP09352,83628.04,3249.93,D012,Chief Financial Officer,2025-05-10
EMP09353,127295.23,14182.53,D006,"Engineer, drilling",2026-06-18
EMP09354,149936.47,23729.05,D002,Lexicographer,2025-08-22
EMP09355,92268.39,15605.6,D007,Tax adviser,2026-04-01
EMP09356,115161.85,6437.41,D010,Personnel officer,2026-05-29
EMP09357,96366.92,16106.72,D006,Patent examiner,2024-03-18
EMP09358,87205.66,16941.43,D014,Leisure centre manager,2025-10-04
EMP09359,73782.82,6668.78,D013,Field trials officer,2023-10-22
EMP09360,126620.19,19447.24,D002,Fast food restaurant manager,2026-04-22
EMP09361,155436.25,15247.86,D020,"Surveyor, quantity",2025-06-21
EMP09362,114384.19,6209.22,D001,Arts administrator,2023-10-14
EMP09363,71738.87,2703.41,D015,Environmental education officer,2024-03-11
EMP09364,55836.33,446.26,D013,Music tutor,2025-05-25
EMP09365,65139.83,11259.62,D003,Equality and diversity officer,2023-08-27
EMP09366,121271.02,22651.6,D004,"Scientist, forensic",2024-06-18
EMP09367,117472.28,20070.46,D019,Medical illustrator,2024-07-15
EMP09368,128376.68,13575.35,D009,Quarry manager,2024-01-11
EMP09369,84939.2,7309.66,D017,Health physicist,2024-06-30
EMP09370,108702.49,8228.03,D017,"Engineer, control and instrumentation",2026-02-21
EMP09371,110470.17,11381.16,D013,Environmental consultant,2025-03-10
EMP09372,105131.02,17110.53,D011,Trade union research officer,2025-02-13
EMP09373,105571.59,16012.47,D012,Chiropractor,2025-04-24
EMP09374,153174.22,29724.72,D013,Theatre stage manager,2024-10-09
EMP09375,147678.2,26603.53,D003,IT consultant,2025-01-28
EMP09376,107326.72,4867.5,D010,Retail merchandiser,2025-11-07
EMP09377,103465.95,14260.22,D013,Advertising account executive,2026-06-29
EMP09378,98365.59,16330.65,D013,"Administrator, arts",2026-01-25
EMP09379,122927.77,14400.17,D008,Air broker,2023-08-29
EMP09380,90824.06,17866.32,D003,Sub,2024-03-12
EMP09381,124514.07,1280.35,D019,Hydrogeologist,2023-08-07
EMP09382,113081.48,11938.9,D009,"Civil engineer, consulting",2023-09-01
EMP09383,122925.41,291.83,D009,"Nurse, children's",2025-01-25
EMP09384,104013.7,18425.29,D015,Curator,2024-08-10
EMP09385,146421.85,11729.54,D016,Multimedia programmer,2024-09-17
EMP09386,104762.06,1667.84,D003,Ranger/warden,2024-11-27
EMP09387,120940.67,19674.27,D019,Media planner,2025-04-21
EMP09388,124610.51,2273.53,D009,Armed forces logistics/support/administrative officer,2025-12-15
EMP09389,121307.46,633.52,D001,Chief Executive Officer,2025-07-22
EMP09390,102298.17,19194.02,D004,Insurance claims handler,2023-12-18
EMP09391,80345.6,4813.52,D007,Planning and development surveyor,2024-08-18
EMP09392,128490.6,17460.43,D018,"Scientist, physiological",2026-07-28
EMP09393,124675.27,9895.19,D008,Financial adviser,2024-03-09
EMP09394,123583.01,17362.18,D002,Community development worker,2025-04-10
EMP09395,160550.18,28279.86,D020,"Geologist, wellsite",2024-06-03
EMP09396,128745.27,15815.88,D001,"Nurse, adult",2023-12-08
EMP09397,91761.16,6332.12,D001,Medical laboratory scientific officer,2025-01-24
EMP09398,160229.59,23139.23,D014,"Accountant, chartered public finance",2025-02-17
EMP09399,58507.58,10040.38,D001,Adult nurse,2026-03-22
EMP09400,86171.69,5639.63,D010,Equality and diversity officer,2025-01-18
EMP09401,100855.63,10222.53,D008,Technical brewer,2025-10-28
EMP09402,137070.57,25219.84,D018,Freight forwarder,2026-06-23
EMP09403,103217.65,2990.32,D014,Metallurgist,2023-10-31
EMP09404,139105.72,20423.55,D012,Media planner,2024-02-21
EMP09405,87852.25,12391.49,D011,Sales promotion account executive,2023-09-17
EMP09406,75485.67,5796.92,D002,Horticultural therapist,2024-03-13
EMP09407,91804.5,3798.46,D015,Network engineer,2025-04-21
EMP09408,166720.93,6200.97,D003,Holiday representative,2025-04-16
EMP09409,86577.88,16662.13,D014,"Designer, television/film set",2025-01-31
EMP09410,140542.25,17585.55,D015,Barrister's clerk,2025-09-06
EMP09411,112265.95,6309.37,D012,Chief Technology Officer,2025-06-29
EMP09412,110865.0,2026.93,D012,Retail buyer,2025-11-30
EMP09413,88461.04,11938.7,D003,Claims inspector/assessor,2024-05-07
EMP09414,121237.16,12105.26,D017,"Therapist, sports",2026-02-07
EMP09415,115908.41,17012.78,D008,Advertising art director,2025-03-08
EMP09416,119587.27,13632.07,D016,Counselling psychologist,2025-02-19
EMP09417,111635.18,7852.49,D020,"Engineer, production",2025-04-03
EMP09418,115297.52,19090.59,D018,"Doctor, general practice",2025-09-22
EMP09419,101677.95,5795.01,D012,"Accountant, chartered",2026-06-03
EMP09420,73992.6,11492.08,D012,Chief of Staff,2025-09-13
EMP09421,106478.37,5448.63,D018,Mining engineer,2026-03-06
EMP09422,95174.77,16788.1,D019,Magazine features editor,2024-03-17
EMP09423,79214.13,8378.02,D016,Civil Service fast streamer,2025-08-12
EMP09424,118140.97,9227.86,D008,Tourism officer,2025-04-19
EMP09425,122762.92,22958.61,D013,"Scientist, research (maths)",2024-11-22
EMP09426,120640.61,17053.2,D018,Sports development officer,2025-02-21
EMP09427,72757.88,12667.65,D003,Trade mark attorney,2026-03-02
EMP09428,104897.93,19407.43,D003,Actor,2024-05-15
EMP09429,70004.02,7314.97,D007,"Optician, dispensing",2023-10-17
EMP09430,113996.85,1009.35,D011,"Administrator, sports",2025-05-31
EMP09431,108713.02,8134.59,D002,"Therapist, music",2024-05-18
EMP09432,81613.63,7734.67,D006,Clinical research associate,2024-06-07
EMP09433,155299.35,25190.51,D015,"Radiographer, therapeutic",2024-09-10
EMP09434,93144.11,1784.32,D005,Magazine journalist,2023-10-31
EMP09435,100032.36,5006.57,D007,Amenity horticulturist,2026-02-23
EMP09436,97592.55,17975.86,D014,"Programmer, multimedia",2025-09-02
EMP09437,108397.49,5780.27,D004,Lobbyist,2025-04-01
EMP09438,99481.61,10891.74,D002,Communications engineer,2025-02-22
EMP09439,123338.95,22335.24,D005,Technical sales engineer,2026-01-14
EMP09440,111159.17,17820.47,D015,"Designer, television/film set",2024-04-12
EMP09441,117747.13,2922.48,D012,Newspaper journalist,2026-07-06
EMP09442,84539.64,4840.15,D018,"Psychologist, clinical",2025-04-06
EMP09443,78529.99,14767.81,D016,Public librarian,2024-03-19
EMP09444,154032.2,9174.98,D019,Manufacturing systems engineer,2025-07-31
EMP09445,130517.42,12369.57,D011,Advertising art director,2025-08-27
EMP09446,108858.42,11289.35,D009,Health visitor,2023-11-09
EMP09447,135004.72,26546.73,D008,Oncologist,2024-09-29
EMP09448,92505.04,15306.16,D001,Chief Marketing Officer,2026-03-14
EMP09449,75348.91,8876.12,D004,"Nurse, adult",2025-07-08
EMP09450,121847.4,24315.0,D018,"Designer, jewellery",2025-07-20
EMP09451,84943.25,1103.74,D002,Dance movement psychotherapist,2025-11-29
EMP09452,111992.47,19712.77,D003,"Scientist, biomedical",2024-06-05
EMP09453,77848.25,8423.11,D005,Herpetologist,2026-06-07
EMP09454,122764.37,1778.34,D016,"Engineer, building services",2026-03-03
EMP09455,97869.19,1454.4,D017,Trade mark attorney,2023-12-04
EMP09456,86455.19,9598.68,D018,Plant breeder/geneticist,2025-12-29
EMP09457,74121.11,13979.69,D004,Logistics and distribution manager,2025-07-21
EMP09458,63498.91,2992.14,D014,"Physicist, medical",2024-08-01
EMP09459,110176.63,14089.17,D001,Soil scientist,2024-06-03
EMP09460,70313.69,7069.68,D004,"Surveyor, insurance",2026-01-18
EMP09461,141046.97,1953.04,D011,Restaurant manager,2025-12-26
EMP09462,114398.52,9445.12,D004,"Development worker, international aid",2024-11-27
EMP09463,115732.26,16014.09,D006,Administrator,2026-07-28
EMP09464,174812.96,12897.35,D015,Curator,2023-10-05
EMP09465,91185.95,14553.37,D010,"Accountant, chartered certified",2025-06-01
EMP09466,81667.46,12894.58,D001,Furniture designer,2024-05-05
EMP09467,101672.52,4279.7,D017,"Surveyor, commercial/residential",2025-01-29
EMP09468,75002.95,913.37,D001,"Radiographer, diagnostic",2026-01-06
EMP09469,110575.82,19966.25,D016,Catering manager,2023-09-30
EMP09470,115297.88,2581.07,D003,Air traffic controller,2026-01-11
EMP09471,187959.82,2541.02,D003,Ergonomist,2025-02-08
EMP09472,121341.52,17615.81,D010,Music therapist,2025-10-06
EMP09473,63563.15,7241.4,D020,"Librarian, academic",2024-02-08
EMP09474,139745.5,20021.8,D003,Ergonomist,2024-06-28
EMP09475,86825.42,13488.58,D013,Higher education careers adviser,2025-04-07
EMP09476,75497.29,12312.87,D007,Ranger/warden,2025-08-03
EMP09477,103110.91,11823.18,D009,Mudlogger,2024-10-09
EMP09478,110390.78,19281.47,D017,Hotel manager,2025-06-27
EMP09479,70538.89,5510.57,D015,Chartered management accountant,2025-12-15
EMP09480,169250.5,10941.85,D012,Forensic psychologist,2024-07-29
EMP09481,116844.79,4348.77,D008,"Horticulturist, amenity",2024-07-03
EMP09482,85028.98,776.22,D003,Customer service manager,2025-10-08
EMP09483,145068.51,7646.96,D010,"Psychotherapist, child",2023-11-07
EMP09484,115753.18,3202.01,D010,Colour technologist,2024-12-23
EMP09485,122154.56,13438.1,D017,Television floor manager,2025-05-11
EMP09486,103898.73,1795.18,D006,Primary school teacher,2024-11-08
EMP09487,139533.89,26673.09,D014,Hotel manager,2024-06-19
EMP09488,85002.32,10228.87,D001,Leisure centre manager,2024-12-23
EMP09489,73888.4,1995.48,D006,Engineering geologist,2025-06-13
EMP09490,133580.69,12546.96,D018,Bonds trader,2025-05-31
EMP09491,114020.67,617.87,D001,Housing manager/officer,2025-09-13
EMP09492,139071.33,5528.27,D015,Medical physicist,2025-11-13
EMP09493,86305.48,12796.53,D020,Telecommunications researcher,2024-11-21
EMP09494,82583.02,5133.32,D018,"Merchandiser, retail",2026-07-24
EMP09495,122160.29,10373.03,D017,Marine scientist,2025-10-05
EMP09496,157874.82,7969.58,D010,"Administrator, local government",2023-10-28
EMP09497,95624.47,1047.28,D006,"Surveyor, minerals",2024-03-08
EMP09498,113945.39,3345.26,D013,Arts development officer,2025-07-10
EMP09499,130627.61,22731.16,D020,Artist,2025-11-15
EMP09500,133325.53,385.35,D016,Dance movement psychotherapist,2026-05-28
EMP09501,112336.15,7601.91,D016,Waste management officer,2026-06-22
EMP09502,139476.08,21019.88,D005,Adult nurse,2026-05-02
EMP09503,127110.22,24607.82,D013,Physiological scientist,2024-07-31
EMP09504,118045.05,21606.08,D007,Television floor manager,2025-12-21
EMP09505,139619.05,14413.71,D012,Maintenance engineer,2025-03-12
EMP09506,114316.92,1504.05,D016,Industrial/product designer,2023-10-08
EMP09507,128891.11,5261.88,D008,"Psychotherapist, dance movement",2025-02-25
EMP09508,125437.69,24136.48,D007,"Engineer, building services",2023-09-07
EMP09509,142556.84,13984.21,D011,International aid/development worker,2023-08-10
EMP09510,114157.82,17050.17,D008,Photographer,2024-08-14
EMP09511,100895.61,2419.63,D002,Forest/woodland manager,2023-12-03
EMP09512,72462.1,9443.62,D008,Control and instrumentation engineer,2025-10-02
EMP09513,136059.42,24455.87,D011,"Production assistant, radio",2024-09-17
EMP09514,101328.44,11211.81,D020,Corporate treasurer,2023-08-06
EMP09515,81370.95,15037.31,D020,"Therapist, horticultural",2024-02-04
EMP09516,97680.9,18217.76,D005,Forest/woodland manager,2024-08-28
EMP09517,134281.92,544.19,D002,"Engineer, electronics",2023-12-11
EMP09518,112067.12,10763.17,D017,Passenger transport manager,2024-01-13
EMP09519,97634.28,2970.68,D001,Chief Financial Officer,2026-07-17
EMP09520,84204.26,3692.11,D012,Applications developer,2023-12-29
EMP09521,103044.37,13744.73,D007,Travel agency manager,2025-12-23
EMP09522,94070.57,16960.85,D002,Agricultural consultant,2023-12-09
EMP09523,98866.08,12110.68,D010,Systems developer,2026-06-26
EMP09524,132958.8,23961.31,D020,"Scientist, research (life sciences)",2024-04-07
EMP09525,97540.91,8607.14,D016,"Designer, jewellery",2025-04-18
EMP09526,54439.07,2866.09,D010,Games developer,2025-11-20
EMP09527,136388.58,13914.88,D008,Jewellery designer,2023-08-19
EMP09528,133592.8,2359.58,D012,Barista,2024-02-28
EMP09529,110087.56,8484.96,D004,"Scientist, research (maths)",2025-07-31
EMP09530,135562.03,12175.04,D006,Commercial horticulturist,2026-07-06
EMP09531,81334.73,10104.7,D020,"Geneticist, molecular",2025-06-11
EMP09532,84034.92,9350.45,D011,Planning and development surveyor,2024-09-11
EMP09533,82885.66,3983.28,D015,Human resources officer,2024-09-10
EMP09534,142051.24,11038.34,D010,Private music teacher,2026-04-14
EMP09535,119601.5,6069.57,D006,Architectural technologist,2025-07-19
EMP09536,152394.13,140.86,D014,Dentist,2024-03-13
EMP09537,155484.92,21645.04,D005,"Engineer, civil (consulting)",2026-04-15
EMP09538,127995.16,5768.5,D017,Personal assistant,2024-03-11
EMP09539,129553.66,10800.46,D015,Accounting technician,2024-10-07
EMP09540,97817.52,10054.65,D005,Printmaker,2025-01-14
EMP09541,112293.71,14490.72,D017,Hotel manager,2025-06-19
EMP09542,153740.6,17001.59,D005,"Clinical scientist, histocompatibility and immunogenetics",2024-02-29
EMP09543,142846.59,534.7,D019,Regulatory affairs officer,2025-06-03
EMP09544,129275.98,20472.96,D009,Barrister's clerk,2025-08-02
EMP09545,107692.33,14612.15,D010,Phytotherapist,2024-09-11
EMP09546,64394.35,1237.37,D004,"Administrator, Civil Service",2025-01-29
EMP09547,78051.2,10672.53,D016,Diplomatic Services operational officer,2026-07-27
EMP09548,93303.72,7166.02,D016,Early years teacher,2025-02-09
EMP09549,59573.57,531.85,D013,Medical laboratory scientific officer,2026-05-01
EMP09550,103620.25,1054.84,D005,"Doctor, general practice",2024-12-19
EMP09551,80827.45,12059.5,D003,Legal executive,2025-08-27
EMP09552,118465.42,12874.51,D013,IT trainer,2023-09-04
EMP09553,57319.88,10056.05,D009,"Engineer, electrical",2024-06-18
EMP09554,102263.95,14990.41,D016,Catering manager,2024-02-16
EMP09555,115126.59,5885.08,D011,Emergency planning/management officer,2025-12-23
EMP09556,105153.55,5578.66,D014,Forest/woodland manager,2025-11-19
EMP09557,91767.73,13521.25,D007,Chief Financial Officer,2025-12-24
EMP09558,94149.9,8907.56,D004,"Production assistant, television",2025-04-20
EMP09559,119662.75,20269.83,D019,"Pharmacist, community",2023-10-13
EMP09560,120689.0,17281.58,D013,Electronics engineer,2023-09-30
EMP09561,138395.85,16302.92,D008,"Embryologist, clinical",2024-04-06
EMP09562,124498.81,15754.11,D009,Sports coach,2026-05-31
EMP09563,133346.8,1865.06,D018,Air broker,2025-09-14
EMP09564,160204.69,10526.45,D018,Teaching laboratory technician,2024-05-30
EMP09565,95459.38,16202.29,D001,Logistics and distribution manager,2023-11-15
EMP09566,151592.68,7427.75,D002,Hydrographic surveyor,2023-10-19
EMP09567,122527.5,5798.71,D020,Broadcast presenter,2023-09-16
EMP09568,61221.6,6887.63,D009,Regulatory affairs officer,2026-01-10
EMP09569,93276.89,15413.61,D009,Merchant navy officer,2023-12-04
EMP09570,112920.59,22489.13,D004,Geographical information systems officer,2024-06-18
EMP09571,84447.24,4797.46,D019,Ambulance person,2024-09-25
EMP09572,126810.5,24833.36,D017,Chief Operating Officer,2025-10-23
EMP09573,132370.92,9200.97,D015,Network engineer,2025-10-01
EMP09574,134247.63,9563.49,D010,Firefighter,2023-09-13
EMP09575,106096.48,20815.85,D006,"Production assistant, radio",2024-11-04
EMP09576,64787.26,5532.92,D008,Visual merchandiser,2026-06-19
EMP09577,100959.38,17530.37,D002,Animator,2025-08-02
EMP09578,125710.47,14590.6,D004,Make,2024-07-31
EMP09579,100673.35,8315.25,D018,Stage manager,2024-06-29
EMP09580,118904.83,15135.69,D017,"Geologist, wellsite",2025-02-07
EMP09581,107848.79,10105.51,D018,"Surveyor, building",2023-09-16
EMP09582,124816.86,15047.51,D009,"Development worker, international aid",2026-01-23
EMP09583,98339.34,13235.75,D013,Surgeon,2024-12-06
EMP09584,138069.14,12852.53,D007,Clothing/textile technologist,2023-10-08
EMP09585,142626.78,19685.76,D015,Product designer,2024-08-02
EMP09586,75648.45,14498.49,D005,Emergency planning/management officer,2024-08-10
EMP09587,82785.01,4611.57,D010,Visual merchandiser,2025-07-02
EMP09588,127376.57,1133.52,D008,"Engineer, energy",2024-07-04
EMP09589,93822.34,9755.39,D008,"Engineer, mining",2025-10-27
EMP09590,110829.63,7258.02,D001,Tree surgeon,2023-09-24
EMP09591,94360.39,7322.29,D002,"Optician, dispensing",2025-05-09
EMP09592,85541.75,3128.99,D014,Water engineer,2024-04-30
EMP09593,72128.9,1252.4,D019,"Civil engineer, contracting",2023-08-13
EMP09594,113693.94,4114.16,D014,Agricultural engineer,2026-06-17
EMP09595,99193.84,4994.67,D004,Speech and language therapist,2024-01-22
EMP09596,143552.53,5600.06,D018,"Development worker, community",2025-04-12
EMP09597,44583.55,4867.89,D015,Textile designer,2026-06-24
EMP09598,108681.08,5592.61,D004,Pharmacologist,2024-05-24
EMP09599,103752.08,7093.9,D017,Manufacturing systems engineer,2024-12-10
EMP09600,79343.91,320.75,D001,Politician's assistant,2025-09-11
EMP09601,84853.83,10507.44,D002,Clinical embryologist,2025-05-31
EMP09602,99414.68,1507.31,D019,Copy,2024-05-23
EMP09603,94120.65,16097.87,D001,"Biochemist, clinical",2023-10-15
EMP09604,108837.04,11407.46,D014,Museum/gallery exhibitions officer,2024-05-31
EMP09605,130904.94,20478.87,D015,Higher education careers adviser,2024-11-28
EMP09606,65586.36,10377.91,D002,Nature conservation officer,2025-06-28
EMP09607,109466.75,12991.9,D013,Health physicist,2023-10-28
EMP09608,84577.71,11943.08,D015,Osteopath,2025-10-10
EMP09609,125396.91,18682.7,D020,Quantity surveyor,2025-11-22
EMP09610,99629.52,5283.97,D019,Mudlogger,2024-09-22
EMP09611,124979.23,14962.56,D005,Futures trader,2024-08-07
EMP09612,66109.05,2619.51,D013,"Psychologist, educational",2024-05-07
EMP09613,62953.9,690.08,D011,"Surveyor, building control",2024-11-26
EMP09614,68672.2,12009.01,D017,Market researcher,2025-06-27
EMP09615,94250.87,17184.17,D005,Museum/gallery exhibitions officer,2024-01-27
EMP09616,174231.66,7334.78,D018,"Doctor, general practice",2026-04-09
EMP09617,150849.94,10655.51,D008,Lawyer,2025-08-09
EMP09618,122554.95,24295.8,D015,Art gallery manager,2024-04-14
EMP09619,131140.41,3705.92,D008,"Surveyor, building control",2026-01-02
EMP09620,77783.88,14269.52,D015,Games developer,2024-08-21
EMP09621,117445.36,8313.94,D010,Manufacturing engineer,2025-12-23
EMP09622,147255.07,27398.96,D012,Barrister,2024-06-08
EMP09623,128389.51,8520.63,D014,Careers adviser,2023-11-08
EMP09624,131312.13,9226.69,D003,Information officer,2025-07-13
EMP09625,102404.31,5230.34,D011,Firefighter,2025-04-16
EMP09626,98557.58,4232.05,D011,"Teacher, secondary school",2023-12-27
EMP09627,92770.52,565.39,D010,Telecommunications researcher,2025-12-12
EMP09628,91968.24,18335.61,D003,Systems analyst,2025-09-08
EMP09629,83590.42,12192.65,D019,"Designer, fashion/clothing",2024-09-14
EMP09630,115196.08,10010.94,D012,Market researcher,2024-08-03
EMP09631,91976.5,4215.21,D008,Psychotherapist,2024-11-02
EMP09632,96151.11,18026.36,D005,"Administrator, local government",2025-05-28
EMP09633,131804.4,5326.57,D003,Telecommunications researcher,2024-09-12
EMP09634,114390.78,7225.76,D019,Technical sales engineer,2025-10-03
EMP09635,67459.54,1608.75,D005,"Doctor, hospital",2025-04-30
EMP09636,99634.17,172.56,D007,"Scientist, audiological",2026-03-11
EMP09637,127888.98,15046.5,D001,Podiatrist,2024-02-28
EMP09638,141933.38,20781.6,D015,Communications engineer,2024-10-12
EMP09639,131369.42,6926.27,D016,Actuary,2025-07-08
EMP09640,99324.24,19130.01,D001,Cytogeneticist,2024-11-01
EMP09641,114080.11,4708.36,D004,"Scientist, research (life sciences)",2026-01-02
EMP09642,117849.52,8711.71,D010,Local government officer,2025-11-03
EMP09643,120267.31,1760.03,D001,"Lecturer, higher education",2024-02-29
EMP09644,63166.94,11443.1,D003,Clinical biochemist,2024-05-29
EMP09645,93940.51,799.77,D018,Fitness centre manager,2025-03-20
EMP09646,105083.36,15367.91,D001,Field trials officer,2026-03-13
EMP09647,120535.77,11685.45,D011,Seismic interpreter,2023-08-27
EMP09648,110466.85,7793.18,D006,"Designer, ceramics/pottery",2023-08-09
EMP09649,103019.02,6513.72,D005,IT trainer,2026-07-08
EMP09650,97974.43,15319.37,D005,"Lecturer, further education",2025-06-02
EMP09651,82330.61,10698.81,D002,Counsellor,2025-07-19
EMP09652,127381.76,16598.71,D007,"Administrator, arts",2023-08-06
EMP09653,153497.74,9313.5,D017,Fine artist,2023-10-30
EMP09654,89342.58,2975.63,D005,Electronics engineer,2025-08-07
EMP09655,83045.51,11948.94,D015,Special educational needs teacher,2024-06-16
EMP09656,81754.91,9510.51,D011,Outdoor activities/education manager,2026-07-07
EMP09657,115624.36,9139.42,D013,Leisure centre manager,2023-09-11
EMP09658,83729.22,2196.75,D011,"Surveyor, rural practice",2026-01-02
EMP09659,107898.92,2099.02,D010,Commercial/residential surveyor,2025-05-31
EMP09660,128058.72,2688.3,D020,Software engineer,2024-07-17
EMP09661,135289.21,11969.58,D006,Community education officer,2024-05-10
EMP09662,135687.51,5393.35,D019,"Surveyor, quantity",2026-07-29
EMP09663,92437.89,2902.25,D014,Seismic interpreter,2025-07-06
EMP09664,104051.97,19990.85,D003,Animal technologist,2025-12-07
EMP09665,155143.78,5833.03,D020,Magazine journalist,2026-06-14
EMP09666,104745.26,1832.18,D011,Electronics engineer,2024-11-20
EMP09667,96498.86,19056.19,D012,Senior tax professional/tax inspector,2023-09-19
EMP09668,118682.87,3010.8,D011,"Engineer, land",2025-08-10
EMP09669,102113.75,15733.45,D005,Trade union research officer,2026-05-24
EMP09670,88586.4,10052.29,D008,Archivist,2026-03-27
EMP09671,129849.62,11502.71,D014,Lexicographer,2024-01-22
EMP09672,123319.04,16017.87,D009,"Engineer, broadcasting (operations)",2025-08-26
EMP09673,118231.52,21922.37,D013,"Administrator, local government",2025-01-07
EMP09674,98463.01,13929.76,D013,Police officer,2024-07-06
EMP09675,123987.39,2380.09,D015,Records manager,2025-10-09
EMP09676,96843.8,16592.92,D012,English as a foreign language teacher,2023-08-15
EMP09677,79529.09,6050.21,D005,"Administrator, local government",2025-07-05
EMP09678,105049.97,14227.08,D019,Special educational needs teacher,2025-11-24
EMP09679,128764.67,17051.84,D008,Equality and diversity officer,2024-03-29
EMP09680,119759.01,16365.2,D016,Astronomer,2023-12-21
EMP09681,110094.46,7059.52,D016,Ergonomist,2025-03-27
EMP09682,156366.63,16506.13,D014,"Surveyor, planning and development",2024-06-26
EMP09683,63436.95,3143.28,D013,Secretary/administrator,2025-09-07
EMP09684,101128.3,5233.85,D011,Horticultural consultant,2025-04-26
EMP09685,129537.43,21221.16,D012,Advertising account executive,2024-08-04
EMP09686,108176.34,5908.21,D017,Civil Service fast streamer,2023-08-20
EMP09687,83724.05,9969.75,D015,Plant breeder/geneticist,2025-05-26
EMP09688,118232.47,2531.79,D012,Public relations officer,2025-02-09
EMP09689,114927.83,21011.5,D005,"Psychologist, forensic",2025-07-03
EMP09690,86919.76,2836.66,D012,Operational investment banker,2023-12-01
EMP09691,87910.43,13981.51,D014,"Therapist, drama",2024-08-02
EMP09692,104167.16,4362.08,D010,Curator,2024-02-09
EMP09693,116118.75,21249.19,D015,Bookseller,2025-01-02
EMP09694,115191.75,12783.36,D009,Television camera operator,2024-12-12
EMP09695,121530.43,14081.3,D005,Community education officer,2025-10-25
EMP09696,73733.8,1472.74,D010,Adult guidance worker,2024-03-16
EMP09697,102350.62,16977.15,D011,Land/geomatics surveyor,2024-11-20
EMP09698,79181.12,4815.8,D016,"Administrator, Civil Service",2025-12-29
EMP09699,85758.41,4589.11,D005,Recruitment consultant,2025-03-29
EMP09700,69566.43,2191.01,D006,Chiropractor,2023-08-28
EMP09701,155830.37,12138.17,D010,Technical sales engineer,2025-06-08
EMP09702,63387.67,5974.87,D005,Proofreader,2025-07-02
EMP09703,126659.76,20080.25,D020,Animal nutritionist,2025-11-28
EMP09704,107599.62,8904.11,D002,Town planner,2025-08-19
EMP09705,84286.38,8291.11,D017,Manufacturing systems engineer,2023-09-20
EMP09706,141576.57,7798.3,D013,Radio producer,2024-05-19
EMP09707,77153.33,5547.62,D003,Hospital doctor,2025-03-28
EMP09708,117805.99,3030.29,D019,Information officer,2024-05-20
EMP09709,68823.32,295.92,D003,Magazine features editor,2024-03-06
EMP09710,93032.9,1210.21,D011,Health physicist,2024-03-27
EMP09711,135315.25,21117.2,D008,Agricultural consultant,2026-07-02
EMP09712,100389.21,17106.83,D015,Press photographer,2025-11-18
EMP09713,103243.38,10549.5,D001,"Therapist, art",2024-01-09
EMP09714,111887.0,17686.59,D018,Commercial horticulturist,2025-07-28
EMP09715,118742.63,7122.22,D005,Insurance broker,2024-10-03
EMP09716,163384.28,1963.21,D009,Firefighter,2026-04-03
EMP09717,153513.12,10145.33,D014,"Sales professional, IT",2026-01-10
EMP09718,162995.92,8733.39,D017,"Programme researcher, broadcasting/film/video",2024-08-19
EMP09719,90873.39,10727.23,D017,Politician's assistant,2024-07-28
EMP09720,79099.47,1745.15,D009,Public affairs consultant,2026-07-04
EMP09721,93675.76,3224.13,D004,"Engineer, maintenance (IT)",2025-04-25
EMP09722,99279.7,5272.26,D020,Sub,2025-02-23
EMP09723,82880.97,383.01,D009,Industrial/product designer,2024-06-10
EMP09724,118842.85,11353.94,D002,Financial trader,2024-04-15
EMP09725,119869.28,14149.45,D007,Commercial horticulturist,2024-12-08
EMP09726,128771.22,10981.57,D015,"Investment banker, corporate",2025-08-08
EMP09727,74356.32,4978.9,D001,Microbiologist,2023-12-15
EMP09728,119133.78,11155.02,D012,Patent attorney,2024-09-07
EMP09729,176846.26,4190.98,D008,Research scientist (life sciences),2026-06-03
EMP09730,54845.56,4097.08,D019,Photographer,2023-11-20
EMP09731,143352.62,5148.34,D010,Translator,2026-02-04
EMP09732,122552.37,5021.81,D004,International aid/development worker,2026-07-15
EMP09733,140694.12,11826.56,D011,Tour manager,2025-01-22
EMP09734,92745.82,1187.13,D004,"Psychologist, clinical",2024-09-10
EMP09735,101552.73,2716.22,D017,"Development worker, community",2025-02-04
EMP09736,134788.02,2274.81,D003,"Surveyor, quantity",2025-04-20
EMP09737,136710.41,595.93,D005,Multimedia programmer,2025-04-04
EMP09738,98663.18,18743.47,D010,Education administrator,2026-06-08
EMP09739,131191.77,24995.56,D002,Osteopath,2024-05-29
EMP09740,99014.28,16441.01,D002,Ergonomist,2024-11-21
EMP09741,81655.06,15392.03,D015,"Development worker, international aid",2025-08-29
EMP09742,85992.59,793.35,D005,Publishing copy,2023-12-17
EMP09743,142962.59,4643.36,D019,Engineering geologist,2026-04-11
EMP09744,126767.84,16997.12,D017,Diplomatic Services operational officer,2026-03-10
EMP09745,68521.5,10412.4,D019,"Geneticist, molecular",2025-05-05
EMP09746,112775.45,10497.81,D018,Estate agent,2024-06-12
EMP09747,113887.84,22589.28,D006,Records manager,2023-10-23
EMP09748,110483.93,9273.3,D001,Archivist,2023-12-31
EMP09749,100870.24,7513.46,D016,"Engineer, aeronautical",2024-09-20
EMP09750,141496.94,13283.58,D013,Warden/ranger,2024-11-15
EMP09751,150087.52,21667.54,D016,Careers information officer,2024-07-19
EMP09752,98764.45,6159.88,D019,"Teacher, English as a foreign language",2025-10-10
EMP09753,139792.61,1482.76,D005,Architect,2024-06-16
EMP09754,165178.81,15328.45,D005,"Journalist, newspaper",2023-12-26
EMP09755,111653.59,8507.64,D001,Osteopath,2023-11-06
EMP09756,101732.62,4138.27,D002,"Optician, dispensing",2025-06-12
EMP09757,126483.95,1434.87,D016,IT sales professional,2026-02-14
EMP09758,105432.65,14056.93,D002,Clinical embryologist,2026-04-26
EMP09759,116094.67,242.76,D012,Geochemist,2026-03-19
EMP09760,73819.11,1984.24,D018,Biomedical scientist,2025-01-05
EMP09761,79122.63,10504.04,D003,Facilities manager,2024-05-30
EMP09762,95842.23,3802.77,D014,Insurance account manager,2026-04-06
EMP09763,138854.35,1096.33,D007,"Engineer, aeronautical",2025-05-27
EMP09764,85902.99,14650.3,D012,Advertising art director,2024-07-19
EMP09765,132452.04,10360.31,D013,"Production assistant, radio",2025-01-23
EMP09766,90688.92,2146.33,D002,Occupational psychologist,2023-12-30
EMP09767,105897.35,13751.66,D001,"Scientist, marine",2024-05-24
EMP09768,86206.63,15016.79,D001,Exercise physiologist,2025-03-09
EMP09769,106809.27,9615.48,D011,Dealer,2026-03-31
EMP09770,79966.24,14546.74,D001,Technical brewer,2025-09-23
EMP09771,114154.06,17965.21,D018,"Runner, broadcasting/film/video",2024-02-01
EMP09772,144582.28,26698.22,D003,"Producer, radio",2025-09-22
EMP09773,102306.15,9380.39,D002,Music tutor,2026-03-20
EMP09774,52341.21,4529.04,D007,Sports development officer,2026-02-03
EMP09775,135782.43,20173.6,D011,Chartered certified accountant,2025-06-22
EMP09776,105750.68,20094.07,D009,Plant breeder/geneticist,2026-01-09
EMP09777,107096.14,10453.61,D006,Analytical chemist,2025-09-22
EMP09778,103883.08,18179.54,D002,Manufacturing systems engineer,2025-07-29
EMP09779,131890.62,19992.37,D019,Chartered legal executive (England and Wales),2025-06-26
EMP09780,83794.23,2285.56,D002,Television production assistant,2026-05-23
EMP09781,81697.45,4745.85,D012,"Civil engineer, contracting",2025-05-07
EMP09782,96551.23,9968.27,D020,Public affairs consultant,2023-09-17
EMP09783,95490.87,3373.93,D009,Actor,2024-11-04
EMP09784,147510.31,7763.67,D005,"Designer, jewellery",2023-10-13
EMP09785,147339.56,21936.61,D015,"Geologist, wellsite",2023-10-12
EMP09786,127356.13,21419.91,D020,Electronics engineer,2024-09-25
EMP09787,103910.22,253.91,D005,Field seismologist,2026-03-01
EMP09788,106384.68,11716.45,D020,Phytotherapist,2024-04-21
EMP09789,113970.49,12031.98,D002,Financial adviser,2025-09-19
EMP09790,100044.34,2111.56,D016,Private music teacher,2026-03-02
EMP09791,131420.13,15343.77,D020,Fitness centre manager,2026-02-10
EMP09792,121194.74,5253.77,D017,"Engineer, structural",2026-03-18
EMP09793,102660.56,11947.37,D005,"Psychologist, counselling",2026-03-10
EMP09794,109714.7,18844.05,D019,Fisheries officer,2024-03-21
EMP09795,131370.25,21480.41,D020,"Social research officer, government",2023-12-16
EMP09796,138630.38,12363.06,D010,Armed forces technical officer,2025-09-29
EMP09797,111384.24,11214.08,D009,Broadcast engineer,2023-09-06
EMP09798,89168.04,4966.17,D020,Engineering geologist,2024-09-05
EMP09799,151633.42,11242.84,D012,Call centre manager,2023-11-04
EMP09800,101856.15,8517.96,D015,Secondary school teacher,2024-10-03
EMP09801,115294.48,8494.38,D019,General practice doctor,2025-08-16
EMP09802,167789.97,28278.64,D019,"Engineer, automotive",2024-04-19
EMP09803,77302.18,13925.08,D020,Holiday representative,2024-11-14
EMP09804,111062.85,10387.69,D016,Cabin crew,2025-02-08
EMP09805,141765.58,24189.69,D018,Emergency planning/management officer,2023-11-27
EMP09806,123021.41,3121.82,D012,Local government officer,2024-10-11
EMP09807,110085.65,12324.26,D004,Race relations officer,2024-05-20
EMP09808,123330.08,8454.56,D011,Communications engineer,2024-06-12
EMP09809,108229.99,7150.44,D007,Press sub,2023-11-22
EMP09810,87879.42,17004.95,D010,"Surveyor, planning and development",2023-12-17
EMP09811,93957.02,4604.86,D008,Customer service manager,2025-01-27
EMP09812,113774.41,7252.67,D009,Patent attorney,2025-07-22
EMP09813,78209.36,12413.4,D003,Company secretary,2024-04-17
EMP09814,123056.7,8940.32,D011,Bookseller,2026-02-06
EMP09815,76368.45,12879.85,D002,Clinical embryologist,2025-05-27
EMP09816,118813.47,3746.63,D012,Historic buildings inspector/conservation officer,2025-04-13
EMP09817,98413.55,7377.29,D002,"Psychologist, clinical",2024-03-24
EMP09818,77492.49,2474.18,D009,Museum/gallery curator,2024-10-22
EMP09819,116650.1,2853.94,D010,"Doctor, hospital",2026-07-03
EMP09820,141477.67,10608.08,D009,Agricultural consultant,2023-12-27
EMP09821,111546.72,4729.28,D016,"Producer, television/film/video",2024-06-17
EMP09822,106582.2,9711.87,D009,"Engineer, energy",2025-10-28
EMP09823,124032.51,22403.68,D012,Freight forwarder,2024-06-25
EMP09824,91702.06,10771.2,D004,"Psychologist, clinical",2023-08-05
EMP09825,91875.58,16396.18,D004,Solicitor,2025-12-14
EMP09826,82959.0,9726.6,D011,Race relations officer,2026-07-01
EMP09827,129542.53,21242.12,D017,Estate manager/land agent,2026-08-03
EMP09828,109584.81,8708.92,D001,Local government officer,2024-06-10
EMP09829,107890.54,19178.31,D011,Insurance underwriter,2025-10-26
EMP09830,100218.73,15140.69,D007,Community arts worker,2024-05-05
EMP09831,103856.14,6406.38,D004,Health visitor,2025-03-25
EMP09832,118053.0,10795.69,D013,Jewellery designer,2025-11-29
EMP09833,141029.7,2221.21,D013,Magazine journalist,2026-02-14
EMP09834,110648.29,11216.22,D018,Pensions consultant,2024-03-08
EMP09835,142575.74,20797.27,D006,Industrial/product designer,2025-12-10
EMP09836,111182.3,7426.13,D002,Production engineer,2024-11-09
EMP09837,104348.78,6637.79,D012,"Engineer, biomedical",2026-04-25
EMP09838,95966.41,5552.9,D015,Bonds trader,2025-03-11
EMP09839,114751.57,6136.45,D019,Chief Technology Officer,2023-12-29
EMP09840,116758.28,11164.13,D009,Occupational hygienist,2024-05-05
EMP09841,137895.37,14070.4,D017,Science writer,2025-05-27
EMP09842,99897.39,5387.27,D006,"Social research officer, government",2023-12-01
EMP09843,134056.33,17782.48,D018,"Journalist, newspaper",2024-03-09
EMP09844,155550.76,2851.94,D010,"Therapist, drama",2026-03-01
EMP09845,132164.48,2145.56,D006,"Editor, commissioning",2026-06-29
EMP09846,157767.91,24790.97,D005,Ophthalmologist,2024-05-12
EMP09847,123815.3,2141.31,D012,Operational researcher,2025-04-14
EMP09848,86655.25,5612.19,D004,Exercise physiologist,2025-11-06
EMP09849,98725.25,14895.83,D007,Public librarian,2024-02-21
EMP09850,92704.49,8348.02,D013,Advertising account executive,2024-11-07
EMP09851,127397.97,1316.72,D005,"Administrator, education",2025-03-14
EMP09852,87708.76,16187.39,D010,Sports administrator,2026-04-25
EMP09853,100391.89,5957.51,D007,"Scientist, research (medical)",2026-07-17
EMP09854,78849.14,2766.78,D017,Trade mark attorney,2024-04-29
EMP09855,115678.22,13433.53,D010,"Geologist, wellsite",2025-12-20
EMP09856,87543.73,6199.47,D018,Environmental health practitioner,2026-01-26
EMP09857,128984.21,11763.25,D013,Sports therapist,2024-05-17
EMP09858,122846.97,8947.44,D011,"Engineer, broadcasting (operations)",2025-09-11
EMP09859,144619.94,27302.79,D010,Armed forces technical officer,2025-10-26
EMP09860,83903.21,10151.74,D016,Company secretary,2026-07-17
EMP09861,156878.58,16765.71,D019,Hydrogeologist,2024-09-02
EMP09862,114644.28,3934.57,D014,Sports development officer,2025-09-03
EMP09863,129171.53,9850.92,D003,Medical secretary,2024-01-29
EMP09864,149777.87,2418.41,D003,Public relations account executive,2024-12-20
EMP09865,120771.51,21004.9,D013,"Runner, broadcasting/film/video",2024-10-20
EMP09866,94765.43,17361.35,D009,Civil Service administrator,2025-05-04
EMP09867,84233.7,10088.44,D009,Ophthalmologist,2024-06-08
EMP09868,95568.67,19055.24,D012,Midwife,2025-03-21
EMP09869,96378.13,12683.14,D015,Police officer,2026-05-31
EMP09870,125187.42,19982.54,D011,Administrator,2023-08-25
EMP09871,116099.16,8996.87,D010,"Scientist, physiological",2024-01-04
EMP09872,93670.85,6687.38,D001,Senior tax professional/tax inspector,2023-10-26
EMP09873,94051.84,10685.66,D012,Art gallery manager,2026-05-21
EMP09874,44818.85,2093.23,D005,"Geneticist, molecular",2026-05-30
EMP09875,152119.36,7942.31,D009,Broadcast presenter,2026-07-10
EMP09876,99828.99,7927.2,D010,Rural practice surveyor,2025-04-29
EMP09877,99672.75,8807.11,D002,Web designer,2025-12-11
EMP09878,121280.54,22469.43,D007,Applications developer,2025-06-29
EMP09879,53663.66,6891.17,D019,"Conservation officer, nature",2024-07-26
EMP09880,92393.47,17874.02,D016,Herbalist,2024-02-26
EMP09881,113710.3,18067.92,D012,Higher education careers adviser,2024-02-25
EMP09882,116830.7,18300.47,D010,Operational investment banker,2024-09-26
EMP09883,48706.19,8809.89,D018,Electrical engineer,2023-09-09
EMP09884,117852.59,4476.59,D013,"Surveyor, commercial/residential",2026-01-21
EMP09885,96565.5,1965.63,D006,Secretary/administrator,2023-11-30
EMP09886,112216.39,6884.89,D019,"Doctor, hospital",2026-05-15
EMP09887,105777.0,8505.88,D001,Podiatrist,2026-03-18
EMP09888,106123.4,18481.49,D017,Brewing technologist,2024-09-18
EMP09889,88005.91,1153.22,D010,"Psychologist, sport and exercise",2023-09-18
EMP09890,89583.35,8963.85,D009,"Engineer, land",2024-02-06
EMP09891,119181.02,22028.76,D001,Garment/textile technologist,2025-04-03
EMP09892,111804.5,12448.16,D015,Multimedia programmer,2023-11-29
EMP09893,96474.35,10735.82,D009,Analytical chemist,2026-05-06
EMP09894,70185.0,7418.0,D019,Sports administrator,2026-02-06
EMP09895,136056.91,24054.6,D019,"Programmer, systems",2024-06-08
EMP09896,128124.7,9981.55,D010,"Engineer, water",2026-04-13
EMP09897,67847.85,2474.73,D019,Politician's assistant,2026-08-02
EMP09898,118392.1,10917.94,D010,"Engineer, drilling",2023-10-06
EMP09899,71410.77,3698.59,D018,Careers information officer,2023-11-04
EMP09900,77990.23,48.42,D007,Garment/textile technologist,2024-02-03
EMP09901,85289.04,9956.97,D019,"Surveyor, rural practice",2025-01-25
EMP09902,157860.78,27990.82,D007,"Engineer, broadcasting (operations)",2025-06-18
EMP09903,118701.23,16039.99,D011,Chief Financial Officer,2025-10-05
EMP09904,111347.77,15115.62,D015,"Scientist, clinical (histocompatibility and immunogenetics)",2025-11-20
EMP09905,109807.53,2837.32,D004,Chartered certified accountant,2024-12-19
EMP09906,62771.92,2689.31,D011,Energy manager,2024-11-02
EMP09907,134135.36,18729.78,D011,Production engineer,2026-06-26
EMP09908,119688.62,20997.96,D012,Contracting civil engineer,2025-05-10
EMP09909,116012.03,1276.39,D002,"Designer, blown glass/stained glass",2026-04-28
EMP09910,65074.22,9584.72,D018,Theme park manager,2026-04-24
EMP09911,119217.21,8066.83,D018,"Engineer, drilling",2026-05-06
EMP09912,118825.45,11374.3,D020,"Scientist, product/process development",2026-07-22
EMP09913,134789.25,19085.1,D009,Actor,2025-06-12
EMP09914,113835.03,4960.97,D011,Industrial/product designer,2025-08-24
EMP09915,106413.95,18468.42,D004,"Librarian, academic",2024-02-17
EMP09916,112855.44,6276.51,D018,Accounting technician,2024-07-07
EMP09917,103799.38,14216.36,D010,Estate manager/land agent,2024-04-30
EMP09918,85072.08,11194.52,D003,"Accountant, chartered certified",2025-07-04
EMP09919,57363.6,2342.41,D005,"Scientist, water quality",2025-08-24
EMP09920,111454.02,11657.25,D005,Event organiser,2026-06-20
EMP09921,133304.3,3140.51,D017,Health and safety inspector,2026-01-24
EMP09922,71769.83,12233.13,D020,Tax inspector,2025-11-07
EMP09923,56654.32,1355.51,D019,Clinical research associate,2023-10-15
EMP09924,126314.38,3357.5,D007,Catering manager,2025-05-19
EMP09925,110109.68,5745.06,D009,Operational investment banker,2024-09-17
EMP09926,82573.75,2168.28,D019,Historic buildings inspector/conservation officer,2025-07-02
EMP09927,75813.88,4166.23,D014,Recruitment consultant,2023-10-13
EMP09928,55385.59,7838.68,D016,Passenger transport manager,2026-03-18
EMP09929,112021.4,1502.98,D010,Freight forwarder,2023-08-22
EMP09930,133309.48,12818.1,D001,Telecommunications researcher,2026-06-21
EMP09931,117410.55,1328.27,D008,Electrical engineer,2024-10-10
EMP09932,55507.33,9336.52,D016,Publishing rights manager,2025-10-28
EMP09933,79940.45,7528.4,D012,"Engineer, civil (consulting)",2024-03-18
EMP09934,91275.98,731.18,D002,"Surveyor, mining",2026-03-14
EMP09935,82664.94,4257.51,D008,Optometrist,2025-04-26
EMP09936,93826.66,17409.43,D017,"Surveyor, building control",2023-10-06
EMP09937,69790.1,13665.86,D008,Chief Operating Officer,2024-12-07
EMP09938,126652.59,10277.04,D019,"Engineer, electronics",2025-09-03
EMP09939,103642.84,20686.23,D018,Facilities manager,2025-07-04
EMP09940,92194.69,1844.45,D002,Public relations officer,2025-03-18
EMP09941,89357.99,4806.97,D019,"Conservator, museum/gallery",2024-09-14
EMP09942,117566.41,1894.14,D011,"Designer, television/film set",2024-07-11
EMP09943,120809.19,18250.63,D018,Ranger/warden,2025-05-05
EMP09944,134948.46,17151.93,D006,"Surveyor, insurance",2025-05-22
EMP09945,165615.25,18038.21,D004,"Civil engineer, contracting",2026-03-28
EMP09946,150403.71,11326.95,D012,"Surveyor, insurance",2024-10-02
EMP09947,141648.7,20950.33,D006,Cabin crew,2024-06-14
EMP09948,157451.16,15223.85,D001,Medical physicist,2024-04-04
EMP09949,148952.54,29177.42,D020,Location manager,2025-12-23
EMP09950,110382.03,10273.3,D002,"Engineer, maintenance (IT)",2024-07-28
EMP09951,64880.59,1015.4,D020,TEFL teacher,2026-01-24
EMP09952,95739.55,14444.28,D013,Electrical engineer,2026-04-14
EMP09953,109779.16,9876.04,D018,Medical sales representative,2025-01-26
EMP09954,109211.04,8971.82,D011,Retail manager,2026-02-01
EMP09955,126339.16,346.38,D005,Social researcher,2025-12-01
EMP09956,112758.27,21065.73,D008,Fisheries officer,2025-04-14
EMP09957,113097.82,13875.57,D013,Analytical chemist,2023-12-14
EMP09958,74243.71,6187.78,D017,Economist,2024-12-30
EMP09959,69709.64,6900.27,D020,Chartered management accountant,2026-05-13
EMP09960,106790.83,14710.43,D009,"Engineer, communications",2024-06-15
EMP09961,107312.63,4133.34,D012,Occupational therapist,2024-06-26
EMP09962,83317.57,5074.28,D014,"Radiographer, therapeutic",2024-06-23
EMP09963,102173.67,14263.77,D014,Biomedical scientist,2024-07-01
EMP09964,101849.12,17694.14,D009,Orthoptist,2026-03-22
EMP09965,110947.28,17287.71,D002,Arts development officer,2025-12-15
EMP09966,110647.87,19797.53,D002,Field trials officer,2024-08-05
EMP09967,87056.39,12229.35,D004,Financial risk analyst,2025-03-20
EMP09968,121493.42,23009.55,D013,Retail manager,2024-10-24
EMP09969,117875.08,5014.68,D014,Insurance risk surveyor,2024-12-23
EMP09970,81394.7,15881.03,D007,"Buyer, industrial",2025-11-14
EMP09971,106879.19,20180.01,D008,Public librarian,2026-01-07
EMP09972,110541.57,13097.55,D009,"Scientist, research (life sciences)",2024-02-24
EMP09973,97584.9,12577.8,D017,"Programme researcher, broadcasting/film/video",2025-08-28
EMP09974,124444.6,3415.75,D008,Operations geologist,2025-05-24
EMP09975,126058.89,7078.64,D003,"Administrator, Civil Service",2023-09-06
EMP09976,147449.91,7198.32,D011,"Designer, fashion/clothing",2025-10-24
EMP09977,110349.41,7760.24,D009,Sales promotion account executive,2026-06-30
EMP09978,113146.89,5518.36,D019,"Research officer, government",2025-03-23
EMP09979,85554.65,3302.65,D001,Insurance claims handler,2023-10-09
EMP09980,77479.35,3922.02,D019,"Therapist, sports",2026-06-06
EMP09981,75724.28,4251.33,D001,"Administrator, education",2024-09-09
EMP09982,125406.81,24243.61,D020,Public house manager,2024-02-10
EMP09983,100398.34,6943.93,D001,"Designer, jewellery",2025-06-26
EMP09984,114885.22,11284.25,D016,Patent attorney,2023-10-22
EMP09985,128525.46,7762.74,D013,Fitness centre manager,2025-07-25
EMP09986,105821.57,6472.48,D002,Set designer,2025-03-13
EMP09987,81087.07,3821.53,D014,Sales executive,2026-01-03
EMP09988,81775.62,7979.61,D020,Building services engineer,2024-03-28
EMP09989,82784.85,4805.83,D002,"Accountant, chartered certified",2026-04-23
EMP09990,139889.36,12341.67,D005,Lexicographer,2026-03-17
EMP09991,114420.36,5950.71,D004,Airline pilot,2023-09-26
EMP09992,113745.22,17218.27,D013,Fish farm manager,2024-04-03
EMP09993,117020.1,14352.12,D016,Theatre manager,2025-11-07
EMP09994,78485.03,9855.75,D009,Chartered management accountant,2025-07-07
EMP09995,121262.61,13460.46,D018,Pensions consultant,2024-07-21
EMP09996,91229.92,4629.82,D001,Quarry manager,2023-09-06
EMP09997,89590.01,373.87,D013,Software engineer,2025-03-26
EMP09998,116018.96,22852.98,D006,Cabin crew,2024-12-26
EMP09999,135341.87,23971.94,D006,Early years teacher,2026-03-17
EMP10000,91579.05,9178.55,D010,Set designer,2024-07-23
