source_skill_id,target_skill_id,relationship_type
SK0037,SK0007,Alternative
SK0176,SK0269,Alternative
SK0284,SK0004,Related
SK0081,SK0138,Advanced
SK0114,SK0231,Alternative
SK0040,SK0088,Related
SK0224,SK0017,Advanced
SK0115,SK0052,Advanced
SK0186,SK0134,Alternative
SK0056,SK0211,Related
SK0040,SK0219,Advanced
SK0040,SK0205,Advanced
SK0237,SK0211,Prerequisite
SK0289,SK0277,Prerequisite
SK0262,SK0024,Alternative
SK0216,SK0004,Prerequisite
SK0147,SK0152,Related
SK0168,SK0259,Alternative
SK0092,SK0168,Alternative
SK0059,SK0176,Prerequisite
SK0059,SK0291,Advanced
SK0169,SK0056,Related
SK0269,SK0108,Related
SK0045,SK0296,Related
SK0181,SK0141,Alternative
SK0170,SK0155,Related
SK0191,SK0262,Advanced
SK0155,SK0273,Advanced
SK0188,SK0232,Prerequisite
SK0007,SK0241,Related
SK0133,SK0258,Alternative
SK0235,SK0249,Prerequisite
SK0045,SK0077,Advanced
SK0249,SK0180,Related
SK0031,SK0066,Advanced
SK0023,SK0171,Prerequisite
SK0160,SK0022,Advanced
SK0158,SK0107,Related
SK0039,SK0227,Related
SK0082,SK0216,Prerequisite
SK0258,SK0069,Related
SK0206,SK0084,Advanced
SK0077,SK0103,Advanced
SK0012,SK0039,Alternative
SK0295,SK0013,Alternative
SK0224,SK0297,Alternative
SK0013,SK0181,Advanced
SK0046,SK0268,Advanced
SK0155,SK0013,Prerequisite
SK0113,SK0120,Alternative
SK0233,SK0057,Advanced
SK0017,SK0040,Prerequisite
SK0223,SK0128,Advanced
SK0188,SK0173,Prerequisite
SK0163,SK0035,Alternative
SK0074,SK0259,Alternative
SK0233,SK0005,Alternative
SK0224,SK0218,Advanced
SK0060,SK0011,Advanced
SK0222,SK0117,Prerequisite
SK0037,SK0184,Related
SK0278,SK0116,Related
SK0196,SK0162,Alternative
SK0242,SK0067,Related
SK0219,SK0200,Alternative
SK0192,SK0031,Prerequisite
SK0017,SK0075,Related
SK0012,SK0237,Related
SK0193,SK0066,Alternative
SK0022,SK0070,Prerequisite
SK0120,SK0297,Related
SK0210,SK0020,Related
SK0270,SK0226,Related
SK0192,SK0199,Prerequisite
SK0175,SK0039,Prerequisite
SK0285,SK0145,Related
SK0204,SK0045,Alternative
SK0164,SK0091,Alternative
SK0251,SK0238,Related
SK0227,SK0070,Prerequisite
SK0007,SK0166,Related
SK0029,SK0130,Prerequisite
SK0033,SK0214,Related
SK0134,SK0089,Prerequisite
SK0079,SK0252,Advanced
SK0058,SK0072,Alternative
SK0026,SK0165,Advanced
SK0226,SK0049,Alternative
SK0285,SK0052,Prerequisite
SK0004,SK0289,Advanced
SK0099,SK0278,Alternative
SK0039,SK0114,Related
SK0271,SK0239,Prerequisite
SK0285,SK0133,Prerequisite
SK0157,SK0274,Related
SK0075,SK0166,Related
SK0288,SK0293,Alternative
SK0130,SK0243,Prerequisite
SK0175,SK0138,Alternative
SK0084,SK0079,Related
SK0022,SK0170,Prerequisite
SK0027,SK0123,Related
SK0195,SK0176,Alternative
SK0236,SK0300,Alternative
SK0092,SK0082,Alternative
SK0021,SK0087,Prerequisite
SK0084,SK0225,Related
SK0262,SK0016,Related
SK0147,SK0163,Alternative
SK0257,SK0098,Alternative
SK0058,SK0156,Alternative
SK0015,SK0002,Alternative
SK0162,SK0169,Advanced
SK0163,SK0092,Advanced
SK0281,SK0181,Advanced
SK0280,SK0231,Alternative
SK0012,SK0148,Alternative
SK0274,SK0280,Related
SK0271,SK0189,Prerequisite
SK0208,SK0128,Related
SK0027,SK0007,Advanced
SK0072,SK0047,Related
SK0060,SK0053,Alternative
SK0145,SK0187,Advanced
SK0093,SK0038,Advanced
SK0008,SK0226,Prerequisite
SK0079,SK0053,Prerequisite
SK0027,SK0224,Advanced
SK0174,SK0154,Advanced
SK0050,SK0048,Related
SK0199,SK0147,Advanced
SK0181,SK0064,Alternative
SK0024,SK0182,Related
SK0046,SK0125,Alternative
SK0015,SK0179,Alternative
SK0153,SK0039,Alternative
SK0222,SK0260,Advanced
SK0206,SK0003,Prerequisite
SK0273,SK0064,Prerequisite
SK0236,SK0029,Alternative
SK0228,SK0011,Advanced
SK0009,SK0097,Related
SK0166,SK0203,Alternative
SK0214,SK0021,Related
SK0117,SK0039,Related
SK0072,SK0223,Advanced
SK0064,SK0102,Advanced
SK0205,SK0046,Prerequisite
SK0209,SK0066,Prerequisite
SK0072,SK0091,Advanced
SK0277,SK0164,Alternative
SK0274,SK0111,Prerequisite
SK0095,SK0123,Related
SK0166,SK0193,Alternative
SK0032,SK0099,Related
SK0011,SK0291,Advanced
SK0217,SK0159,Related
SK0289,SK0103,Alternative
SK0102,SK0281,Advanced
SK0267,SK0043,Alternative
SK0214,SK0084,Related
SK0179,SK0191,Alternative
SK0088,SK0051,Advanced
SK0041,SK0210,Related
SK0076,SK0126,Related
SK0046,SK0069,Prerequisite
SK0160,SK0265,Prerequisite
SK0080,SK0258,Alternative
SK0086,SK0188,Prerequisite
SK0092,SK0230,Prerequisite
SK0148,SK0189,Prerequisite
SK0161,SK0010,Prerequisite
SK0202,SK0114,Advanced
SK0242,SK0076,Advanced
SK0002,SK0164,Prerequisite
SK0225,SK0085,Alternative
SK0289,SK0049,Advanced
SK0233,SK0177,Prerequisite
SK0077,SK0218,Advanced
SK0116,SK0189,Related
SK0154,SK0230,Advanced
SK0103,SK0255,Advanced
SK0194,SK0236,Alternative
SK0166,SK0026,Advanced
SK0090,SK0072,Alternative
SK0174,SK0261,Related
SK0122,SK0254,Prerequisite
SK0143,SK0271,Alternative
SK0106,SK0123,Advanced
SK0123,SK0144,Advanced
SK0009,SK0257,Alternative
SK0262,SK0144,Related
SK0073,SK0259,Prerequisite
SK0223,SK0047,Advanced
SK0041,SK0013,Related
SK0204,SK0208,Prerequisite
SK0264,SK0235,Prerequisite
SK0178,SK0149,Advanced
SK0084,SK0155,Alternative
SK0111,SK0166,Advanced
SK0251,SK0090,Advanced
SK0007,SK0186,Advanced
SK0084,SK0174,Related
SK0208,SK0217,Alternative
SK0022,SK0264,Related
SK0003,SK0097,Advanced
SK0127,SK0117,Alternative
SK0297,SK0199,Prerequisite
SK0188,SK0021,Alternative
SK0014,SK0200,Advanced
SK0012,SK0248,Alternative
SK0087,SK0276,Prerequisite
SK0012,SK0264,Prerequisite
SK0025,SK0058,Alternative
SK0243,SK0031,Prerequisite
SK0122,SK0249,Related
SK0147,SK0093,Alternative
SK0055,SK0265,Prerequisite
SK0238,SK0271,Prerequisite
SK0173,SK0094,Alternative
SK0221,SK0154,Related
SK0119,SK0285,Alternative
SK0183,SK0080,Prerequisite
SK0288,SK0292,Alternative
SK0300,SK0084,Prerequisite
SK0082,SK0037,Advanced
SK0211,SK0232,Alternative
SK0150,SK0093,Alternative
SK0037,SK0102,Prerequisite
SK0059,SK0166,Prerequisite
SK0131,SK0159,Prerequisite
SK0202,SK0014,Prerequisite
SK0243,SK0225,Alternative
SK0035,SK0073,Prerequisite
SK0093,SK0249,Alternative
SK0207,SK0091,Related
SK0213,SK0216,Alternative
SK0159,SK0090,Prerequisite
SK0024,SK0029,Prerequisite
SK0293,SK0220,Related
SK0004,SK0215,Alternative
SK0220,SK0221,Related
SK0020,SK0042,Alternative
SK0152,SK0135,Prerequisite
SK0050,SK0042,Alternative
SK0177,SK0164,Prerequisite
SK0096,SK0283,Prerequisite
SK0105,SK0058,Advanced
SK0250,SK0025,Advanced
SK0117,SK0073,Alternative
SK0228,SK0129,Prerequisite
SK0066,SK0087,Related
SK0262,SK0153,Prerequisite
SK0295,SK0182,Related
SK0243,SK0125,Alternative
SK0186,SK0067,Alternative
SK0246,SK0006,Related
SK0268,SK0053,Prerequisite
SK0131,SK0066,Alternative
SK0237,SK0082,Prerequisite
SK0018,SK0087,Related
SK0040,SK0002,Advanced
SK0021,SK0204,Advanced
SK0225,SK0150,Advanced
SK0282,SK0293,Related
SK0008,SK0103,Prerequisite
SK0100,SK0024,Alternative
SK0240,SK0212,Related
SK0087,SK0065,Advanced
SK0298,SK0209,Prerequisite
SK0014,SK0251,Alternative
SK0002,SK0117,Alternative
SK0293,SK0116,Related
SK0041,SK0237,Related
SK0111,SK0105,Alternative
SK0014,SK0259,Alternative
SK0231,SK0046,Advanced
SK0084,SK0216,Alternative
SK0130,SK0024,Related
SK0231,SK0035,Prerequisite
SK0145,SK0024,Advanced
SK0066,SK0016,Alternative
SK0163,SK0059,Prerequisite
SK0229,SK0243,Advanced
SK0261,SK0207,Related
SK0164,SK0271,Alternative
SK0287,SK0249,Related
SK0010,SK0267,Alternative
SK0195,SK0193,Advanced
SK0118,SK0218,Alternative
SK0270,SK0115,Prerequisite
SK0080,SK0068,Related
SK0093,SK0299,Prerequisite
SK0266,SK0075,Related
SK0257,SK0103,Related
SK0133,SK0297,Alternative
SK0276,SK0178,Advanced
SK0264,SK0215,Advanced
SK0171,SK0039,Prerequisite
SK0001,SK0259,Alternative
SK0064,SK0204,Advanced
SK0284,SK0007,Related
SK0121,SK0049,Related
SK0107,SK0026,Alternative
SK0175,SK0161,Prerequisite
SK0204,SK0176,Alternative
SK0165,SK0079,Prerequisite
SK0120,SK0002,Alternative
SK0044,SK0132,Related
SK0156,SK0276,Alternative
SK0207,SK0117,Advanced
SK0108,SK0164,Advanced
SK0251,SK0288,Alternative
SK0130,SK0028,Prerequisite
SK0293,SK0001,Prerequisite
SK0020,SK0188,Related
SK0282,SK0056,Related
SK0285,SK0035,Prerequisite
SK0001,SK0112,Alternative
SK0119,SK0286,Related
SK0035,SK0036,Prerequisite
SK0198,SK0217,Prerequisite
SK0245,SK0080,Alternative
SK0059,SK0083,Advanced
SK0161,SK0065,Prerequisite
SK0179,SK0128,Related
SK0206,SK0022,Alternative
SK0012,SK0216,Alternative
SK0276,SK0107,Alternative
SK0181,SK0109,Advanced
SK0242,SK0181,Advanced
SK0216,SK0164,Related
SK0251,SK0068,Related
SK0299,SK0292,Alternative
SK0126,SK0180,Related
SK0217,SK0181,Prerequisite
SK0285,SK0169,Advanced
SK0185,SK0022,Alternative
SK0039,SK0066,Alternative
SK0223,SK0021,Prerequisite
SK0184,SK0100,Prerequisite
SK0178,SK0300,Prerequisite
SK0294,SK0103,Prerequisite
SK0151,SK0047,Alternative
SK0126,SK0039,Advanced
SK0234,SK0285,Advanced
SK0008,SK0090,Prerequisite
SK0129,SK0085,Related
SK0264,SK0273,Alternative
SK0157,SK0188,Advanced
SK0005,SK0159,Prerequisite
SK0086,SK0243,Related
SK0175,SK0073,Related
SK0290,SK0049,Prerequisite
SK0193,SK0101,Alternative
SK0119,SK0002,Advanced
SK0218,SK0244,Related
SK0114,SK0176,Advanced
SK0145,SK0238,Advanced
SK0026,SK0059,Related
SK0136,SK0099,Prerequisite
SK0232,SK0002,Related
SK0076,SK0243,Related
SK0289,SK0297,Alternative
SK0001,SK0211,Advanced
SK0147,SK0123,Prerequisite
SK0287,SK0229,Advanced
SK0142,SK0082,Related
SK0053,SK0144,Prerequisite
SK0069,SK0140,Prerequisite
SK0090,SK0029,Prerequisite
SK0220,SK0270,Prerequisite
SK0192,SK0247,Alternative
SK0063,SK0012,Prerequisite
SK0073,SK0106,Related
SK0161,SK0032,Alternative
SK0169,SK0074,Related
SK0089,SK0171,Related
SK0176,SK0069,Advanced
SK0269,SK0137,Prerequisite
SK0073,SK0100,Prerequisite
SK0245,SK0146,Related
SK0077,SK0009,Prerequisite
SK0159,SK0062,Alternative
SK0098,SK0185,Advanced
SK0102,SK0029,Prerequisite
SK0132,SK0114,Prerequisite
SK0102,SK0143,Alternative
SK0019,SK0120,Advanced
SK0082,SK0170,Alternative
SK0279,SK0157,Related
SK0129,SK0260,Related
SK0089,SK0082,Prerequisite
SK0213,SK0242,Advanced
SK0143,SK0172,Related
SK0065,SK0231,Alternative
SK0076,SK0208,Related
SK0199,SK0075,Related
SK0143,SK0270,Alternative
SK0093,SK0114,Prerequisite
SK0224,SK0062,Advanced
SK0291,SK0102,Prerequisite
SK0102,SK0210,Alternative
SK0267,SK0255,Related
SK0110,SK0020,Advanced
SK0265,SK0058,Prerequisite
SK0003,SK0112,Alternative
SK0085,SK0196,Related
SK0282,SK0092,Related
SK0117,SK0052,Prerequisite
SK0221,SK0293,Alternative
SK0154,SK0008,Related
SK0153,SK0300,Related
SK0012,SK0098,Advanced
SK0133,SK0236,Related
SK0293,SK0069,Prerequisite
SK0300,SK0045,Alternative
SK0228,SK0137,Alternative
SK0271,SK0234,Advanced
SK0043,SK0032,Alternative
SK0021,SK0289,Prerequisite
SK0107,SK0126,Related
SK0117,SK0067,Advanced
SK0124,SK0030,Alternative
SK0281,SK0114,Advanced
SK0292,SK0204,Advanced
SK0203,SK0029,Alternative
SK0051,SK0131,Advanced
SK0271,SK0185,Alternative
SK0277,SK0253,Prerequisite
SK0141,SK0286,Alternative
SK0275,SK0062,Related
SK0290,SK0003,Alternative
SK0052,SK0068,Related
SK0027,SK0025,Advanced
SK0157,SK0179,Alternative
SK0239,SK0141,Related
SK0156,SK0231,Alternative
SK0291,SK0300,Alternative
SK0136,SK0163,Alternative
SK0144,SK0130,Prerequisite
SK0106,SK0246,Related
SK0158,SK0297,Prerequisite
SK0146,SK0172,Prerequisite
SK0002,SK0064,Related
SK0077,SK0031,Alternative
SK0132,SK0047,Prerequisite
SK0090,SK0130,Prerequisite
SK0263,SK0110,Prerequisite
SK0108,SK0069,Alternative
SK0074,SK0058,Prerequisite
SK0039,SK0106,Advanced
SK0159,SK0300,Related
SK0071,SK0256,Advanced
SK0241,SK0171,Alternative
SK0298,SK0162,Prerequisite
SK0036,SK0286,Related
SK0084,SK0071,Prerequisite
SK0263,SK0255,Alternative
SK0172,SK0055,Related
SK0173,SK0003,Advanced
SK0047,SK0026,Related
SK0141,SK0126,Prerequisite
SK0118,SK0053,Related
SK0277,SK0198,Alternative
SK0214,SK0299,Alternative
SK0220,SK0188,Related
SK0026,SK0186,Alternative
SK0009,SK0298,Alternative
SK0271,SK0204,Alternative
SK0010,SK0011,Advanced
SK0121,SK0146,Prerequisite
SK0125,SK0085,Alternative
SK0170,SK0100,Related
SK0072,SK0104,Alternative
SK0152,SK0046,Advanced
SK0208,SK0044,Related
SK0049,SK0278,Prerequisite
SK0154,SK0181,Related
SK0293,SK0187,Related
SK0068,SK0114,Related
SK0050,SK0255,Related
SK0152,SK0030,Alternative
SK0019,SK0264,Prerequisite
SK0100,SK0098,Alternative
SK0060,SK0115,Advanced
SK0167,SK0276,Advanced
SK0202,SK0281,Related
SK0146,SK0275,Alternative
SK0164,SK0261,Alternative
SK0242,SK0207,Prerequisite
SK0069,SK0211,Prerequisite
SK0175,SK0215,Prerequisite
SK0049,SK0040,Alternative
SK0108,SK0026,Prerequisite
SK0226,SK0027,Prerequisite
SK0161,SK0190,Prerequisite
SK0119,SK0083,Related
SK0149,SK0170,Advanced
SK0150,SK0167,Advanced
SK0293,SK0188,Alternative
SK0143,SK0169,Alternative
SK0160,SK0289,Related
SK0011,SK0229,Advanced
SK0138,SK0097,Prerequisite
SK0078,SK0016,Prerequisite
SK0077,SK0279,Alternative
SK0254,SK0135,Advanced
SK0258,SK0026,Alternative
SK0291,SK0012,Alternative
SK0263,SK0072,Prerequisite
SK0085,SK0133,Prerequisite
SK0146,SK0106,Advanced
SK0042,SK0220,Alternative
SK0125,SK0177,Related
SK0167,SK0282,Advanced
SK0241,SK0133,Alternative
SK0280,SK0022,Advanced
SK0188,SK0269,Advanced
SK0019,SK0161,Advanced
SK0068,SK0107,Related
SK0218,SK0279,Related
SK0102,SK0235,Prerequisite
SK0042,SK0018,Prerequisite
SK0288,SK0242,Alternative
SK0167,SK0117,Advanced
SK0109,SK0286,Alternative
SK0036,SK0282,Prerequisite
SK0232,SK0144,Related
SK0229,SK0205,Prerequisite
SK0164,SK0039,Alternative
SK0073,SK0154,Prerequisite
SK0136,SK0176,Alternative
SK0070,SK0241,Alternative
SK0196,SK0134,Alternative
SK0269,SK0046,Alternative
SK0049,SK0050,Prerequisite
SK0130,SK0166,Alternative
SK0005,SK0106,Alternative
SK0027,SK0216,Advanced
SK0160,SK0146,Alternative
SK0149,SK0072,Prerequisite
SK0230,SK0247,Related
SK0200,SK0186,Related
SK0050,SK0070,Alternative
SK0067,SK0150,Related
SK0300,SK0246,Related
SK0058,SK0262,Prerequisite
SK0259,SK0026,Advanced
SK0130,SK0140,Related
SK0215,SK0099,Related
SK0172,SK0278,Advanced
SK0258,SK0051,Advanced
SK0102,SK0151,Related
SK0209,SK0104,Alternative
SK0291,SK0089,Related
SK0286,SK0141,Alternative
SK0116,SK0213,Alternative
SK0264,SK0233,Alternative
SK0150,SK0183,Advanced
SK0300,SK0251,Related
SK0036,SK0009,Related
SK0287,SK0079,Prerequisite
SK0208,SK0052,Advanced
SK0106,SK0269,Prerequisite
SK0158,SK0226,Prerequisite
SK0121,SK0051,Alternative
SK0055,SK0186,Advanced
SK0012,SK0034,Prerequisite
SK0145,SK0291,Related
SK0136,SK0230,Prerequisite
SK0003,SK0131,Advanced
SK0144,SK0120,Related
SK0030,SK0247,Related
SK0237,SK0192,Related
SK0279,SK0210,Alternative
SK0115,SK0103,Related
SK0104,SK0133,Alternative
SK0118,SK0139,Alternative
SK0005,SK0121,Prerequisite
SK0248,SK0094,Prerequisite
SK0121,SK0129,Related
SK0286,SK0091,Advanced
SK0149,SK0092,Related
SK0084,SK0063,Prerequisite
SK0231,SK0029,Related
SK0288,SK0210,Prerequisite
SK0161,SK0012,Related
SK0272,SK0297,Advanced
SK0038,SK0130,Related
SK0226,SK0293,Advanced
SK0142,SK0173,Advanced
SK0292,SK0208,Related
SK0151,SK0024,Advanced
SK0114,SK0099,Advanced
SK0237,SK0139,Prerequisite
SK0066,SK0174,Prerequisite
SK0258,SK0029,Advanced
SK0249,SK0143,Alternative
SK0180,SK0042,Related
SK0190,SK0299,Advanced
SK0154,SK0208,Related
SK0196,SK0192,Prerequisite
SK0262,SK0160,Related
SK0143,SK0064,Advanced
SK0101,SK0243,Advanced
SK0244,SK0258,Advanced
SK0012,SK0152,Advanced
SK0239,SK0215,Alternative
SK0049,SK0166,Alternative
SK0042,SK0031,Alternative
SK0166,SK0232,Advanced
SK0082,SK0282,Alternative
SK0291,SK0029,Related
SK0158,SK0195,Advanced
SK0216,SK0256,Prerequisite
SK0158,SK0281,Advanced
SK0134,SK0294,Related
SK0067,SK0087,Alternative
SK0007,SK0149,Advanced
SK0014,SK0249,Alternative
SK0073,SK0283,Advanced
SK0163,SK0198,Related
SK0066,SK0044,Advanced
SK0130,SK0028,Alternative
SK0206,SK0017,Alternative
SK0276,SK0127,Related
SK0256,SK0168,Advanced
SK0266,SK0244,Prerequisite
SK0025,SK0076,Advanced
SK0281,SK0231,Related
SK0253,SK0204,Prerequisite
SK0289,SK0248,Related
SK0164,SK0214,Advanced
SK0095,SK0215,Prerequisite
SK0270,SK0158,Related
SK0110,SK0069,Alternative
SK0238,SK0085,Prerequisite
SK0025,SK0267,Prerequisite
SK0141,SK0069,Related
SK0117,SK0099,Alternative
SK0025,SK0216,Prerequisite
SK0079,SK0161,Related
SK0068,SK0094,Prerequisite
SK0173,SK0174,Prerequisite
SK0012,SK0165,Prerequisite
SK0288,SK0115,Alternative
SK0128,SK0220,Advanced
SK0096,SK0031,Advanced
SK0092,SK0011,Alternative
SK0141,SK0130,Alternative
SK0031,SK0105,Related
SK0020,SK0027,Prerequisite
SK0146,SK0227,Alternative
SK0160,SK0002,Related
SK0043,SK0101,Advanced
SK0254,SK0021,Advanced
SK0130,SK0058,Advanced
SK0060,SK0180,Advanced
SK0151,SK0020,Related
SK0287,SK0255,Prerequisite
SK0005,SK0038,Related
SK0266,SK0148,Prerequisite
SK0130,SK0025,Advanced
SK0267,SK0121,Alternative
SK0178,SK0026,Alternative
SK0253,SK0169,Alternative
SK0056,SK0225,Prerequisite
SK0083,SK0001,Advanced
SK0099,SK0261,Related
SK0149,SK0013,Alternative
SK0156,SK0048,Prerequisite
SK0190,SK0291,Alternative
SK0263,SK0094,Related
SK0080,SK0261,Advanced
SK0252,SK0278,Related
SK0097,SK0205,Advanced
SK0260,SK0185,Advanced
SK0260,SK0175,Advanced
SK0103,SK0069,Alternative
SK0040,SK0104,Related
SK0273,SK0246,Alternative
SK0101,SK0161,Related
SK0221,SK0200,Prerequisite
SK0124,SK0216,Prerequisite
SK0231,SK0212,Related
SK0178,SK0016,Related
SK0063,SK0205,Related
SK0116,SK0039,Related
SK0191,SK0089,Advanced
SK0062,SK0256,Alternative
SK0256,SK0254,Advanced
SK0007,SK0216,Alternative
SK0155,SK0172,Alternative
SK0092,SK0137,Alternative
SK0014,SK0178,Advanced
SK0229,SK0077,Related
SK0086,SK0188,Advanced
SK0133,SK0015,Advanced
SK0183,SK0292,Alternative
SK0062,SK0214,Prerequisite
SK0219,SK0208,Prerequisite
SK0246,SK0169,Advanced
SK0230,SK0280,Alternative
SK0079,SK0146,Advanced
SK0149,SK0263,Advanced
SK0138,SK0004,Related
SK0065,SK0090,Alternative
SK0013,SK0060,Prerequisite
SK0213,SK0016,Prerequisite
SK0242,SK0227,Prerequisite
SK0213,SK0029,Advanced
SK0181,SK0151,Alternative
SK0173,SK0245,Related
SK0160,SK0270,Prerequisite
SK0164,SK0079,Alternative
SK0188,SK0289,Prerequisite
SK0191,SK0153,Related
SK0256,SK0277,Alternative
SK0183,SK0279,Advanced
SK0117,SK0057,Advanced
SK0282,SK0186,Prerequisite
SK0196,SK0093,Prerequisite
SK0034,SK0276,Alternative
SK0052,SK0158,Related
SK0112,SK0275,Prerequisite
SK0252,SK0181,Alternative
SK0082,SK0077,Related
SK0232,SK0151,Prerequisite
SK0227,SK0238,Prerequisite
SK0233,SK0289,Alternative
SK0221,SK0231,Prerequisite
SK0042,SK0018,Advanced
SK0021,SK0073,Related
SK0042,SK0189,Related
SK0113,SK0017,Advanced
SK0105,SK0019,Alternative
SK0192,SK0219,Advanced
SK0017,SK0120,Advanced
SK0120,SK0101,Related
SK0129,SK0034,Alternative
SK0130,SK0084,Prerequisite
SK0060,SK0196,Advanced
SK0048,SK0202,Advanced
SK0029,SK0011,Alternative
SK0097,SK0218,Advanced
SK0010,SK0253,Alternative
SK0242,SK0222,Prerequisite
SK0232,SK0080,Alternative
SK0277,SK0007,Prerequisite
SK0284,SK0272,Alternative
SK0203,SK0227,Advanced
SK0247,SK0016,Prerequisite
SK0290,SK0012,Advanced
SK0264,SK0291,Prerequisite
SK0214,SK0241,Alternative
SK0200,SK0021,Alternative
SK0079,SK0178,Alternative
SK0173,SK0228,Related
SK0069,SK0273,Related
SK0087,SK0288,Prerequisite
SK0101,SK0297,Related
SK0008,SK0134,Alternative
SK0200,SK0283,Related
SK0087,SK0153,Related
SK0043,SK0066,Advanced
SK0109,SK0137,Prerequisite
SK0152,SK0092,Prerequisite
SK0017,SK0259,Prerequisite
SK0133,SK0103,Related
SK0148,SK0055,Alternative
SK0277,SK0257,Advanced
SK0232,SK0101,Prerequisite
SK0228,SK0198,Related
SK0139,SK0226,Alternative
SK0211,SK0237,Advanced
SK0028,SK0026,Advanced
SK0051,SK0121,Prerequisite
SK0261,SK0182,Prerequisite
SK0261,SK0199,Alternative
SK0008,SK0255,Related
SK0138,SK0122,Alternative
SK0038,SK0031,Prerequisite
SK0111,SK0285,Alternative
SK0220,SK0106,Related
SK0223,SK0224,Advanced
SK0136,SK0273,Advanced
SK0256,SK0232,Advanced
SK0049,SK0256,Advanced
SK0292,SK0024,Prerequisite
SK0078,SK0109,Prerequisite
SK0105,SK0191,Related
SK0169,SK0025,Related
SK0217,SK0187,Related
SK0119,SK0288,Related
SK0190,SK0116,Alternative
SK0255,SK0037,Related
SK0266,SK0282,Advanced
SK0149,SK0137,Advanced
SK0164,SK0227,Advanced
SK0140,SK0182,Alternative
SK0258,SK0086,Related
SK0269,SK0053,Advanced
SK0181,SK0235,Advanced
SK0160,SK0267,Advanced
SK0288,SK0287,Advanced
SK0288,SK0100,Prerequisite
SK0226,SK0087,Related
SK0011,SK0015,Related
SK0010,SK0101,Alternative
SK0271,SK0165,Prerequisite
SK0273,SK0029,Alternative
SK0183,SK0114,Advanced
SK0153,SK0107,Alternative
SK0124,SK0130,Advanced
SK0114,SK0084,Advanced
SK0278,SK0271,Related
SK0213,SK0244,Related
SK0172,SK0214,Related
SK0288,SK0166,Related
SK0174,SK0279,Related
SK0113,SK0059,Prerequisite
SK0122,SK0090,Related
SK0032,SK0194,Alternative
SK0222,SK0123,Advanced
SK0119,SK0136,Related
SK0039,SK0139,Prerequisite
SK0268,SK0229,Alternative
SK0233,SK0274,Alternative
SK0018,SK0050,Advanced
SK0149,SK0118,Alternative
SK0149,SK0202,Alternative
SK0126,SK0191,Alternative
SK0238,SK0181,Alternative
SK0135,SK0078,Prerequisite
SK0151,SK0075,Advanced
SK0236,SK0295,Related
SK0224,SK0281,Alternative
SK0203,SK0021,Prerequisite
SK0256,SK0171,Advanced
SK0086,SK0015,Related
SK0150,SK0211,Advanced
SK0235,SK0048,Prerequisite
SK0022,SK0086,Prerequisite
SK0285,SK0149,Prerequisite
SK0269,SK0188,Alternative
SK0258,SK0151,Prerequisite
SK0029,SK0141,Related
SK0213,SK0069,Alternative
SK0283,SK0260,Advanced
SK0050,SK0009,Related
SK0095,SK0121,Alternative
SK0088,SK0101,Prerequisite
SK0044,SK0149,Advanced
SK0278,SK0146,Prerequisite
SK0171,SK0243,Related
SK0189,SK0241,Related
SK0184,SK0043,Alternative
SK0003,SK0095,Related
SK0191,SK0226,Advanced
SK0118,SK0006,Alternative
SK0019,SK0214,Advanced
SK0023,SK0206,Prerequisite
SK0030,SK0067,Advanced
SK0295,SK0100,Advanced
SK0108,SK0012,Related
SK0281,SK0237,Prerequisite
SK0128,SK0258,Related
SK0229,SK0135,Prerequisite
SK0111,SK0222,Prerequisite
SK0136,SK0156,Advanced
SK0186,SK0142,Related
SK0144,SK0158,Advanced
SK0072,SK0262,Advanced
SK0129,SK0283,Advanced
SK0261,SK0229,Prerequisite
SK0003,SK0280,Related
SK0104,SK0290,Related
SK0224,SK0168,Advanced
SK0010,SK0047,Prerequisite
SK0231,SK0203,Related
SK0219,SK0214,Alternative
SK0066,SK0246,Related
SK0112,SK0024,Advanced
SK0013,SK0274,Alternative
SK0086,SK0044,Prerequisite
SK0234,SK0156,Alternative
SK0090,SK0199,Alternative
SK0054,SK0162,Advanced
SK0012,SK0234,Related
SK0209,SK0163,Prerequisite
SK0014,SK0116,Alternative
SK0121,SK0093,Advanced
SK0020,SK0042,Related
SK0075,SK0284,Alternative
SK0243,SK0210,Advanced
SK0223,SK0206,Advanced
SK0070,SK0220,Advanced
SK0211,SK0280,Prerequisite
SK0101,SK0136,Related
SK0186,SK0106,Alternative
SK0132,SK0118,Related
SK0111,SK0237,Related
SK0132,SK0100,Alternative
SK0020,SK0261,Related
SK0024,SK0286,Prerequisite
SK0227,SK0103,Alternative
SK0154,SK0063,Alternative
SK0293,SK0175,Advanced
SK0230,SK0282,Related
SK0202,SK0293,Alternative
SK0038,SK0226,Alternative
SK0260,SK0007,Prerequisite
SK0188,SK0127,Advanced
SK0057,SK0092,Alternative
SK0020,SK0190,Prerequisite
SK0273,SK0053,Alternative
SK0119,SK0242,Alternative
SK0071,SK0132,Alternative
SK0004,SK0112,Prerequisite
SK0221,SK0007,Related
SK0014,SK0230,Alternative
SK0003,SK0156,Alternative
SK0216,SK0197,Related
SK0229,SK0223,Alternative
SK0186,SK0250,Advanced
SK0055,SK0083,Alternative
SK0254,SK0240,Advanced
SK0024,SK0263,Related
SK0162,SK0189,Prerequisite
SK0158,SK0290,Related
SK0082,SK0058,Alternative
SK0159,SK0009,Advanced
SK0188,SK0115,Prerequisite
SK0060,SK0210,Alternative
SK0211,SK0041,Prerequisite
SK0152,SK0173,Prerequisite
SK0109,SK0234,Alternative
SK0076,SK0281,Related
SK0030,SK0078,Alternative
SK0117,SK0108,Alternative
SK0192,SK0281,Related
SK0019,SK0039,Advanced
SK0173,SK0119,Alternative
SK0228,SK0027,Prerequisite
SK0183,SK0104,Alternative
SK0113,SK0074,Alternative
SK0183,SK0191,Prerequisite
SK0146,SK0147,Related
SK0116,SK0255,Advanced
SK0113,SK0284,Advanced
SK0251,SK0213,Prerequisite
SK0251,SK0123,Related
SK0118,SK0206,Alternative
SK0161,SK0240,Alternative
SK0198,SK0286,Alternative
SK0260,SK0022,Alternative
SK0148,SK0259,Alternative
SK0240,SK0105,Prerequisite
SK0047,SK0258,Alternative
SK0198,SK0204,Alternative
SK0047,SK0262,Related
SK0078,SK0107,Alternative
SK0124,SK0251,Advanced
SK0075,SK0221,Prerequisite
SK0137,SK0222,Prerequisite
SK0090,SK0258,Prerequisite
SK0061,SK0201,Advanced
SK0138,SK0258,Alternative
SK0050,SK0225,Prerequisite
SK0259,SK0202,Advanced
SK0107,SK0226,Related
SK0113,SK0236,Alternative
SK0254,SK0183,Advanced
SK0118,SK0200,Alternative
SK0198,SK0246,Related
SK0051,SK0111,Advanced
SK0245,SK0006,Alternative
SK0035,SK0236,Advanced
SK0069,SK0127,Prerequisite
SK0049,SK0104,Alternative
SK0074,SK0237,Advanced
SK0192,SK0155,Prerequisite
SK0261,SK0257,Related
SK0070,SK0235,Alternative
SK0090,SK0289,Alternative
SK0260,SK0040,Related
SK0126,SK0288,Prerequisite
SK0231,SK0197,Related
SK0295,SK0273,Alternative
SK0129,SK0264,Advanced
SK0280,SK0057,Prerequisite
SK0100,SK0298,Prerequisite
SK0297,SK0098,Prerequisite
SK0182,SK0137,Related
SK0174,SK0087,Related
SK0188,SK0242,Advanced
SK0057,SK0199,Advanced
SK0031,SK0084,Prerequisite
SK0084,SK0242,Advanced
SK0152,SK0281,Related
SK0036,SK0252,Advanced
SK0213,SK0190,Related
SK0106,SK0152,Advanced
SK0220,SK0278,Alternative
SK0163,SK0139,Related
SK0220,SK0176,Alternative
SK0270,SK0008,Related
SK0120,SK0295,Advanced
SK0182,SK0235,Alternative
SK0106,SK0163,Advanced
SK0217,SK0049,Related
SK0205,SK0038,Alternative
SK0070,SK0136,Prerequisite
SK0044,SK0219,Advanced
SK0228,SK0296,Related
SK0184,SK0034,Alternative
SK0107,SK0079,Advanced
SK0084,SK0236,Alternative
SK0250,SK0273,Advanced
SK0021,SK0161,Advanced
SK0196,SK0175,Advanced
SK0178,SK0221,Alternative
SK0007,SK0009,Alternative
SK0070,SK0289,Advanced
SK0127,SK0113,Prerequisite
SK0160,SK0205,Prerequisite
SK0248,SK0186,Prerequisite
SK0203,SK0197,Related
SK0148,SK0266,Prerequisite
SK0143,SK0262,Alternative
SK0199,SK0248,Prerequisite
SK0154,SK0115,Alternative
SK0142,SK0121,Related
SK0165,SK0141,Alternative
SK0021,SK0065,Alternative
SK0082,SK0276,Alternative
SK0069,SK0239,Prerequisite
SK0131,SK0010,Advanced
SK0087,SK0233,Alternative
SK0218,SK0195,Prerequisite
SK0161,SK0012,Prerequisite
SK0178,SK0177,Prerequisite
SK0117,SK0177,Advanced
SK0196,SK0217,Advanced
SK0086,SK0011,Advanced
SK0289,SK0118,Advanced
SK0081,SK0164,Related
SK0152,SK0039,Advanced
SK0061,SK0053,Advanced
SK0061,SK0218,Advanced
SK0028,SK0206,Alternative
SK0043,SK0056,Alternative
SK0169,SK0118,Advanced
SK0086,SK0253,Related
SK0177,SK0286,Alternative
SK0017,SK0268,Prerequisite
SK0098,SK0291,Alternative
SK0198,SK0180,Prerequisite
SK0098,SK0235,Alternative
SK0065,SK0196,Advanced
SK0005,SK0080,Alternative
SK0002,SK0135,Advanced
SK0112,SK0225,Alternative
SK0057,SK0058,Prerequisite
SK0066,SK0093,Prerequisite
SK0098,SK0192,Alternative
SK0144,SK0103,Advanced
SK0125,SK0007,Prerequisite
SK0167,SK0128,Related
SK0086,SK0055,Advanced
SK0076,SK0231,Alternative
SK0294,SK0062,Advanced
SK0059,SK0240,Related
SK0138,SK0090,Related
SK0099,SK0232,Prerequisite
SK0192,SK0233,Related
SK0243,SK0292,Advanced
SK0049,SK0152,Prerequisite
SK0032,SK0145,Related
SK0277,SK0130,Prerequisite
SK0020,SK0141,Prerequisite
SK0154,SK0093,Alternative
SK0068,SK0114,Prerequisite
SK0214,SK0284,Prerequisite
SK0232,SK0223,Advanced
SK0213,SK0232,Advanced
SK0079,SK0033,Related
SK0214,SK0276,Advanced
SK0116,SK0170,Prerequisite
SK0092,SK0140,Alternative
SK0270,SK0201,Prerequisite
SK0168,SK0023,Prerequisite
SK0058,SK0224,Alternative
SK0284,SK0270,Related
SK0026,SK0153,Prerequisite
SK0066,SK0085,Prerequisite
SK0248,SK0109,Related
SK0254,SK0031,Prerequisite
SK0044,SK0229,Prerequisite
SK0097,SK0240,Advanced
SK0042,SK0141,Related
SK0227,SK0156,Prerequisite
SK0262,SK0299,Prerequisite
SK0167,SK0099,Alternative
SK0279,SK0047,Alternative
SK0089,SK0067,Alternative
SK0178,SK0062,Prerequisite
SK0197,SK0109,Prerequisite
SK0267,SK0167,Alternative
SK0268,SK0037,Advanced
SK0074,SK0119,Advanced
SK0008,SK0086,Advanced
SK0297,SK0052,Advanced
SK0164,SK0091,Related
SK0085,SK0289,Alternative
SK0072,SK0298,Prerequisite
SK0055,SK0204,Alternative
SK0047,SK0238,Advanced
SK0238,SK0155,Prerequisite
SK0104,SK0240,Related
SK0210,SK0136,Alternative
SK0042,SK0064,Prerequisite
SK0268,SK0123,Prerequisite
SK0263,SK0254,Advanced
SK0259,SK0114,Advanced
SK0283,SK0020,Alternative
SK0114,SK0016,Related
SK0040,SK0145,Prerequisite
SK0220,SK0208,Advanced
SK0129,SK0019,Alternative
SK0008,SK0166,Advanced
SK0101,SK0038,Alternative
SK0176,SK0181,Advanced
SK0107,SK0105,Related
SK0101,SK0100,Prerequisite
SK0260,SK0090,Advanced
SK0246,SK0300,Prerequisite
SK0275,SK0079,Alternative
SK0032,SK0073,Related
SK0137,SK0176,Prerequisite
SK0012,SK0096,Advanced
SK0016,SK0103,Prerequisite
SK0129,SK0224,Prerequisite
SK0063,SK0006,Alternative
SK0109,SK0122,Related
SK0021,SK0236,Related
SK0158,SK0116,Prerequisite
SK0269,SK0163,Prerequisite
SK0162,SK0226,Alternative
SK0260,SK0230,Prerequisite
SK0102,SK0182,Alternative
SK0223,SK0249,Related
SK0059,SK0210,Related
SK0247,SK0144,Alternative
SK0128,SK0096,Prerequisite
SK0283,SK0244,Related
SK0025,SK0086,Advanced
SK0131,SK0184,Alternative
SK0196,SK0121,Related
SK0281,SK0092,Related
SK0154,SK0070,Related
SK0227,SK0279,Advanced
SK0189,SK0137,Advanced
SK0265,SK0187,Prerequisite
SK0134,SK0221,Alternative
SK0211,SK0046,Prerequisite
SK0060,SK0278,Advanced
SK0213,SK0192,Alternative
SK0216,SK0008,Prerequisite
SK0226,SK0276,Prerequisite
SK0131,SK0179,Prerequisite
SK0076,SK0039,Advanced
SK0286,SK0293,Related
SK0277,SK0178,Alternative
SK0156,SK0162,Advanced
SK0248,SK0104,Alternative
SK0218,SK0161,Advanced
SK0190,SK0287,Prerequisite
SK0163,SK0123,Prerequisite
SK0180,SK0054,Related
SK0041,SK0242,Alternative
SK0075,SK0113,Related
SK0279,SK0023,Related
SK0176,SK0046,Alternative
SK0150,SK0135,Advanced
SK0273,SK0118,Related
SK0108,SK0189,Advanced
SK0139,SK0131,Prerequisite
SK0271,SK0212,Related
SK0289,SK0113,Prerequisite
SK0212,SK0044,Prerequisite
SK0272,SK0128,Advanced
SK0066,SK0158,Alternative
SK0248,SK0273,Related
SK0156,SK0045,Advanced
SK0047,SK0108,Alternative
SK0201,SK0219,Prerequisite
SK0148,SK0177,Related
SK0124,SK0228,Prerequisite
SK0001,SK0191,Prerequisite
SK0247,SK0160,Related
SK0128,SK0267,Alternative
SK0191,SK0190,Alternative
SK0067,SK0175,Related
SK0004,SK0290,Related
SK0294,SK0145,Advanced
SK0143,SK0232,Advanced
SK0191,SK0204,Prerequisite
SK0021,SK0213,Related
SK0227,SK0040,Alternative
SK0117,SK0275,Prerequisite
SK0142,SK0082,Prerequisite
SK0039,SK0181,Prerequisite
SK0252,SK0083,Prerequisite
SK0207,SK0262,Alternative
SK0210,SK0272,Prerequisite
SK0115,SK0200,Related
SK0225,SK0240,Advanced
SK0134,SK0180,Alternative
SK0251,SK0171,Related
SK0219,SK0295,Related
SK0091,SK0177,Related
SK0046,SK0237,Advanced
SK0038,SK0138,Advanced
SK0142,SK0129,Advanced
SK0100,SK0049,Related
SK0190,SK0164,Advanced
SK0035,SK0277,Prerequisite
SK0147,SK0293,Advanced
SK0030,SK0116,Alternative
SK0084,SK0024,Related
SK0281,SK0025,Related
SK0270,SK0127,Prerequisite
SK0154,SK0234,Advanced
SK0102,SK0209,Advanced
SK0215,SK0093,Alternative
SK0150,SK0094,Prerequisite
SK0083,SK0225,Alternative
SK0110,SK0280,Alternative
SK0275,SK0011,Related
SK0201,SK0012,Related
SK0284,SK0035,Advanced
SK0173,SK0228,Advanced
SK0206,SK0220,Alternative
SK0063,SK0141,Advanced
SK0073,SK0023,Alternative
SK0251,SK0083,Advanced
SK0124,SK0229,Advanced
SK0121,SK0080,Related
SK0275,SK0290,Related
SK0120,SK0159,Related
SK0164,SK0128,Related
SK0286,SK0190,Prerequisite
SK0265,SK0031,Related
SK0161,SK0015,Prerequisite
SK0089,SK0075,Related
SK0142,SK0034,Advanced
SK0203,SK0196,Alternative
SK0227,SK0029,Advanced
SK0222,SK0194,Advanced
SK0041,SK0016,Prerequisite
SK0196,SK0077,Related
SK0068,SK0293,Alternative
SK0264,SK0081,Alternative
SK0002,SK0124,Related
SK0125,SK0019,Prerequisite
SK0110,SK0102,Prerequisite
SK0086,SK0077,Prerequisite
SK0120,SK0229,Alternative
SK0127,SK0297,Prerequisite
SK0255,SK0203,Prerequisite
SK0183,SK0061,Alternative
SK0016,SK0026,Alternative
SK0062,SK0071,Advanced
SK0158,SK0103,Alternative
SK0268,SK0157,Related
SK0035,SK0194,Alternative
SK0267,SK0275,Alternative
SK0064,SK0186,Prerequisite
SK0050,SK0113,Advanced
SK0255,SK0165,Prerequisite
SK0149,SK0061,Advanced
SK0276,SK0092,Prerequisite
SK0172,SK0286,Related
SK0201,SK0153,Prerequisite
SK0035,SK0225,Prerequisite
SK0216,SK0127,Related
SK0065,SK0193,Related
SK0008,SK0115,Alternative
SK0076,SK0262,Prerequisite
SK0174,SK0018,Related
SK0047,SK0010,Related
SK0015,SK0092,Alternative
SK0147,SK0139,Advanced
SK0026,SK0052,Related
SK0093,SK0195,Related
SK0232,SK0206,Prerequisite
SK0021,SK0287,Alternative
SK0038,SK0093,Prerequisite
SK0276,SK0145,Advanced
SK0157,SK0086,Alternative
SK0179,SK0153,Prerequisite
SK0132,SK0002,Related
SK0028,SK0260,Related
SK0260,SK0164,Alternative
SK0076,SK0006,Related
SK0067,SK0149,Prerequisite
SK0194,SK0205,Alternative
SK0162,SK0118,Related
SK0257,SK0089,Related
SK0072,SK0154,Advanced
SK0087,SK0167,Advanced
SK0262,SK0161,Alternative
SK0214,SK0270,Advanced
SK0153,SK0056,Prerequisite
SK0210,SK0228,Related
SK0061,SK0149,Related
SK0268,SK0046,Related
SK0262,SK0144,Alternative
SK0218,SK0238,Alternative
SK0283,SK0272,Advanced
SK0136,SK0120,Related
SK0093,SK0220,Related
SK0109,SK0008,Related
SK0241,SK0275,Related
SK0142,SK0066,Related
SK0291,SK0079,Prerequisite
SK0237,SK0086,Related
SK0177,SK0124,Prerequisite
SK0141,SK0202,Related
SK0189,SK0150,Alternative
SK0049,SK0046,Alternative
SK0190,SK0113,Prerequisite
SK0136,SK0091,Related
SK0043,SK0141,Alternative
SK0295,SK0218,Related
SK0245,SK0077,Related
SK0192,SK0152,Alternative
SK0106,SK0239,Related
SK0233,SK0115,Advanced
SK0265,SK0094,Related
SK0037,SK0048,Alternative
SK0041,SK0191,Alternative
SK0017,SK0012,Prerequisite
SK0277,SK0156,Advanced
SK0059,SK0172,Alternative
SK0183,SK0296,Advanced
SK0041,SK0177,Related
SK0039,SK0057,Alternative
SK0192,SK0203,Prerequisite
SK0267,SK0185,Alternative
SK0147,SK0121,Prerequisite
SK0127,SK0226,Advanced
SK0046,SK0202,Prerequisite
SK0045,SK0216,Related
SK0001,SK0043,Related
SK0168,SK0023,Related
SK0108,SK0155,Alternative
SK0019,SK0186,Related
SK0072,SK0249,Related
SK0109,SK0237,Alternative
SK0268,SK0293,Advanced
SK0240,SK0134,Related
SK0090,SK0022,Related
SK0103,SK0088,Alternative
SK0250,SK0153,Advanced
SK0008,SK0125,Advanced
SK0153,SK0079,Advanced
SK0174,SK0051,Alternative
SK0158,SK0216,Prerequisite
SK0215,SK0176,Prerequisite
SK0177,SK0253,Related
SK0175,SK0246,Related
SK0146,SK0227,Related
SK0161,SK0106,Prerequisite
SK0127,SK0193,Alternative
SK0082,SK0036,Related
SK0147,SK0204,Alternative
SK0239,SK0267,Related
SK0084,SK0268,Alternative
SK0113,SK0170,Alternative
SK0225,SK0039,Prerequisite
SK0243,SK0139,Alternative
SK0143,SK0292,Advanced
SK0041,SK0052,Prerequisite
SK0258,SK0287,Related
SK0285,SK0289,Prerequisite
SK0105,SK0141,Advanced
SK0202,SK0146,Advanced
SK0266,SK0184,Alternative
SK0210,SK0152,Advanced
SK0051,SK0201,Advanced
SK0118,SK0128,Advanced
SK0201,SK0287,Advanced
SK0039,SK0253,Related
SK0028,SK0266,Related
SK0259,SK0188,Prerequisite
SK0084,SK0230,Alternative
SK0155,SK0271,Related
SK0117,SK0259,Advanced
SK0002,SK0299,Alternative
SK0093,SK0198,Related
SK0166,SK0056,Prerequisite
SK0296,SK0203,Advanced
SK0258,SK0271,Alternative
SK0081,SK0109,Related
SK0268,SK0116,Alternative
SK0235,SK0092,Related
SK0213,SK0138,Prerequisite
SK0062,SK0057,Advanced
SK0127,SK0071,Advanced
SK0223,SK0082,Advanced
SK0279,SK0105,Alternative
SK0294,SK0088,Related
SK0284,SK0002,Prerequisite
SK0277,SK0084,Prerequisite
SK0107,SK0043,Prerequisite
SK0146,SK0154,Alternative
SK0099,SK0094,Alternative
SK0073,SK0298,Alternative
SK0122,SK0133,Advanced
SK0030,SK0065,Prerequisite
SK0188,SK0290,Advanced
SK0288,SK0257,Prerequisite
SK0195,SK0213,Prerequisite
SK0156,SK0148,Related
SK0172,SK0061,Prerequisite
SK0041,SK0149,Alternative
SK0063,SK0088,Alternative
SK0023,SK0278,Alternative
SK0075,SK0082,Related
SK0048,SK0129,Related
SK0160,SK0286,Advanced
SK0118,SK0280,Prerequisite
SK0100,SK0270,Prerequisite
SK0167,SK0292,Alternative
SK0290,SK0203,Alternative
SK0156,SK0024,Alternative
SK0007,SK0208,Alternative
SK0196,SK0280,Alternative
SK0056,SK0205,Alternative
SK0193,SK0152,Prerequisite
SK0148,SK0194,Alternative
SK0275,SK0238,Prerequisite
SK0157,SK0075,Alternative
SK0202,SK0163,Advanced
SK0126,SK0299,Advanced
SK0294,SK0029,Prerequisite
SK0064,SK0165,Related
SK0176,SK0186,Advanced
SK0116,SK0054,Advanced
SK0204,SK0295,Related
SK0031,SK0042,Advanced
SK0113,SK0285,Alternative
SK0067,SK0138,Related
SK0075,SK0187,Advanced
SK0045,SK0204,Related
SK0260,SK0042,Alternative
SK0154,SK0288,Advanced
SK0155,SK0026,Prerequisite
SK0234,SK0056,Advanced
SK0051,SK0253,Advanced
SK0262,SK0122,Alternative
SK0125,SK0106,Prerequisite
SK0245,SK0130,Prerequisite
SK0030,SK0158,Prerequisite
SK0122,SK0231,Alternative
SK0125,SK0091,Alternative
SK0037,SK0022,Alternative
SK0170,SK0290,Alternative
SK0124,SK0110,Alternative
SK0035,SK0049,Prerequisite
SK0087,SK0129,Related
SK0134,SK0073,Alternative
SK0196,SK0053,Related
SK0274,SK0168,Advanced
SK0201,SK0045,Advanced
SK0285,SK0105,Alternative
SK0077,SK0150,Advanced
SK0059,SK0146,Related
SK0126,SK0204,Advanced
SK0109,SK0299,Advanced
SK0224,SK0167,Related
SK0278,SK0201,Advanced
SK0068,SK0134,Alternative
SK0069,SK0211,Related
SK0165,SK0048,Related
SK0162,SK0126,Prerequisite
SK0042,SK0239,Prerequisite
SK0109,SK0007,Related
SK0051,SK0272,Related
SK0250,SK0037,Prerequisite
SK0021,SK0211,Alternative
SK0300,SK0165,Advanced
SK0139,SK0125,Advanced
SK0092,SK0192,Advanced
SK0280,SK0218,Related
SK0125,SK0214,Alternative
SK0111,SK0062,Prerequisite
SK0139,SK0161,Alternative
SK0273,SK0066,Alternative
SK0099,SK0286,Advanced
SK0252,SK0239,Prerequisite
SK0104,SK0020,Alternative
SK0214,SK0188,Prerequisite
SK0249,SK0082,Related
SK0152,SK0202,Advanced
SK0250,SK0132,Prerequisite
SK0275,SK0037,Related
SK0165,SK0132,Related
SK0008,SK0077,Related
SK0284,SK0089,Alternative
SK0005,SK0253,Alternative
SK0145,SK0194,Advanced
SK0101,SK0176,Advanced
SK0164,SK0033,Related
SK0147,SK0058,Advanced
SK0064,SK0201,Alternative
SK0091,SK0028,Advanced
SK0117,SK0035,Prerequisite
SK0267,SK0125,Alternative
SK0173,SK0042,Related
SK0047,SK0085,Related
SK0140,SK0188,Advanced
SK0246,SK0111,Alternative
SK0149,SK0271,Related
SK0246,SK0105,Related
SK0005,SK0041,Alternative
SK0184,SK0215,Alternative
SK0020,SK0071,Related
SK0046,SK0056,Advanced
SK0012,SK0236,Advanced
SK0070,SK0281,Advanced
SK0017,SK0105,Prerequisite
SK0147,SK0162,Alternative
SK0154,SK0191,Related
SK0108,SK0009,Prerequisite
SK0236,SK0060,Advanced
SK0070,SK0225,Prerequisite
SK0183,SK0188,Related
SK0250,SK0070,Related
SK0228,SK0293,Alternative
SK0102,SK0287,Advanced
SK0075,SK0169,Advanced
SK0216,SK0062,Prerequisite
SK0203,SK0014,Advanced
SK0192,SK0164,Prerequisite
SK0249,SK0245,Related
SK0242,SK0008,Related
SK0179,SK0154,Related
SK0219,SK0036,Related
SK0082,SK0048,Related
SK0092,SK0085,Prerequisite
SK0175,SK0028,Related
SK0239,SK0196,Prerequisite
SK0260,SK0208,Related
SK0163,SK0204,Prerequisite
SK0048,SK0104,Prerequisite
SK0116,SK0230,Prerequisite
SK0225,SK0101,Advanced
SK0147,SK0029,Prerequisite
SK0063,SK0127,Prerequisite
SK0294,SK0010,Related
SK0013,SK0106,Prerequisite
SK0189,SK0167,Prerequisite
SK0287,SK0257,Alternative
SK0208,SK0295,Advanced
SK0114,SK0277,Alternative
SK0022,SK0065,Related
SK0214,SK0271,Advanced
SK0171,SK0188,Advanced
SK0054,SK0138,Alternative
SK0298,SK0105,Advanced
SK0126,SK0034,Alternative
SK0277,SK0110,Prerequisite
SK0204,SK0033,Alternative
SK0194,SK0231,Advanced
SK0169,SK0266,Advanced
SK0152,SK0182,Related
SK0035,SK0065,Related
SK0184,SK0001,Related
SK0286,SK0133,Related
SK0057,SK0080,Advanced
SK0222,SK0271,Related
SK0163,SK0241,Alternative
SK0019,SK0028,Prerequisite
SK0264,SK0223,Advanced
SK0282,SK0023,Related
SK0113,SK0109,Advanced
SK0030,SK0107,Related
SK0135,SK0145,Advanced
SK0067,SK0139,Related
SK0065,SK0284,Prerequisite
SK0292,SK0298,Related
SK0025,SK0099,Alternative
SK0037,SK0123,Advanced
SK0001,SK0287,Advanced
SK0037,SK0081,Alternative
SK0141,SK0010,Alternative
SK0232,SK0008,Prerequisite
SK0136,SK0205,Advanced
SK0188,SK0197,Prerequisite
SK0128,SK0198,Advanced
SK0201,SK0030,Advanced
SK0127,SK0020,Prerequisite
SK0257,SK0048,Advanced
SK0164,SK0130,Advanced
SK0035,SK0293,Prerequisite
SK0194,SK0132,Related
SK0191,SK0054,Prerequisite
SK0104,SK0281,Advanced
SK0023,SK0265,Alternative
SK0265,SK0215,Related
SK0260,SK0043,Related
SK0075,SK0074,Alternative
SK0072,SK0278,Related
SK0259,SK0242,Prerequisite
SK0188,SK0130,Related
SK0173,SK0194,Related
SK0290,SK0032,Related
SK0045,SK0106,Advanced
SK0061,SK0204,Alternative
SK0083,SK0001,Prerequisite
SK0123,SK0245,Alternative
SK0016,SK0072,Alternative
SK0066,SK0015,Prerequisite
SK0145,SK0053,Advanced
SK0162,SK0008,Related
SK0234,SK0046,Advanced
SK0144,SK0114,Advanced
SK0188,SK0147,Related
SK0013,SK0166,Alternative
SK0184,SK0139,Related
SK0111,SK0117,Prerequisite
SK0290,SK0299,Related
SK0295,SK0276,Alternative
SK0215,SK0277,Advanced
SK0120,SK0178,Advanced
SK0055,SK0154,Related
SK0027,SK0201,Prerequisite
SK0118,SK0115,Alternative
SK0221,SK0159,Advanced
SK0231,SK0042,Related
SK0053,SK0247,Prerequisite
SK0295,SK0068,Prerequisite
SK0233,SK0196,Advanced
SK0158,SK0090,Advanced
SK0269,SK0111,Alternative
SK0021,SK0145,Prerequisite
SK0053,SK0275,Alternative
SK0275,SK0179,Prerequisite
SK0281,SK0241,Prerequisite
SK0214,SK0153,Related
SK0031,SK0104,Advanced
SK0183,SK0075,Prerequisite
SK0023,SK0128,Alternative
SK0032,SK0199,Advanced
SK0074,SK0154,Alternative
SK0010,SK0056,Advanced
SK0054,SK0278,Advanced
SK0052,SK0019,Prerequisite
SK0148,SK0159,Related
SK0160,SK0026,Prerequisite
SK0014,SK0169,Advanced
SK0178,SK0023,Prerequisite
SK0053,SK0047,Prerequisite
SK0022,SK0013,Advanced
SK0030,SK0217,Advanced
SK0191,SK0194,Prerequisite
SK0260,SK0144,Prerequisite
SK0205,SK0073,Prerequisite
SK0059,SK0156,Alternative
SK0264,SK0077,Prerequisite
SK0012,SK0169,Alternative
SK0119,SK0287,Related
SK0290,SK0085,Alternative
SK0248,SK0182,Prerequisite
SK0127,SK0297,Related
SK0075,SK0112,Alternative
SK0204,SK0230,Alternative
SK0049,SK0096,Advanced
SK0079,SK0168,Related
SK0241,SK0156,Advanced
SK0154,SK0105,Related
SK0274,SK0193,Alternative
SK0096,SK0132,Advanced
SK0214,SK0138,Prerequisite
SK0294,SK0270,Alternative
SK0209,SK0038,Related
SK0088,SK0045,Related
SK0264,SK0163,Advanced
SK0157,SK0253,Advanced
SK0156,SK0169,Related
SK0139,SK0285,Alternative
SK0121,SK0274,Advanced
SK0065,SK0020,Prerequisite
SK0107,SK0239,Related
SK0147,SK0270,Prerequisite
SK0137,SK0031,Related
SK0162,SK0104,Prerequisite
SK0100,SK0170,Alternative
SK0141,SK0186,Related
SK0083,SK0128,Alternative
SK0177,SK0210,Advanced
SK0198,SK0281,Related
SK0112,SK0253,Alternative
SK0056,SK0019,Prerequisite
SK0179,SK0200,Alternative
SK0186,SK0220,Related
SK0218,SK0136,Alternative
SK0217,SK0223,Prerequisite
SK0120,SK0003,Prerequisite
SK0175,SK0236,Prerequisite
SK0023,SK0228,Advanced
SK0213,SK0142,Related
SK0235,SK0009,Prerequisite
SK0013,SK0190,Advanced
SK0101,SK0165,Prerequisite
SK0024,SK0139,Alternative
SK0011,SK0276,Related
SK0273,SK0291,Alternative
SK0281,SK0053,Advanced
SK0094,SK0175,Alternative
SK0201,SK0110,Alternative
SK0021,SK0203,Prerequisite
SK0211,SK0136,Alternative
SK0140,SK0004,Prerequisite
SK0293,SK0155,Prerequisite
SK0298,SK0172,Related
SK0101,SK0047,Advanced
SK0028,SK0094,Advanced
SK0041,SK0048,Advanced
SK0146,SK0240,Prerequisite
SK0256,SK0213,Advanced
SK0227,SK0139,Prerequisite
SK0236,SK0205,Related
SK0013,SK0073,Advanced
SK0210,SK0004,Prerequisite
SK0229,SK0076,Advanced
SK0100,SK0077,Advanced
SK0031,SK0256,Related
SK0016,SK0102,Alternative
SK0137,SK0106,Advanced
SK0166,SK0039,Related
SK0100,SK0275,Advanced
SK0109,SK0088,Advanced
SK0173,SK0211,Advanced
SK0237,SK0077,Advanced
SK0162,SK0077,Alternative
SK0216,SK0028,Alternative
SK0264,SK0245,Advanced
SK0263,SK0066,Advanced
SK0292,SK0266,Related
SK0274,SK0205,Related
SK0003,SK0058,Prerequisite
SK0028,SK0201,Alternative
SK0149,SK0225,Advanced
SK0028,SK0142,Alternative
SK0065,SK0084,Related
SK0021,SK0143,Alternative
SK0252,SK0033,Alternative
SK0235,SK0152,Advanced
SK0227,SK0158,Advanced
SK0013,SK0141,Related
SK0049,SK0251,Advanced
SK0118,SK0112,Related
SK0054,SK0144,Related
SK0138,SK0209,Prerequisite
SK0053,SK0224,Prerequisite
SK0044,SK0043,Prerequisite
SK0053,SK0264,Alternative
SK0074,SK0244,Prerequisite
SK0046,SK0003,Advanced
SK0013,SK0125,Advanced
SK0165,SK0268,Prerequisite
SK0102,SK0084,Alternative
SK0280,SK0016,Related
SK0258,SK0059,Alternative
SK0138,SK0177,Alternative
SK0163,SK0063,Related
SK0111,SK0049,Related
SK0102,SK0246,Related
SK0017,SK0289,Advanced
SK0268,SK0286,Related
SK0182,SK0015,Related
SK0024,SK0255,Alternative
SK0029,SK0092,Alternative
SK0171,SK0279,Prerequisite
SK0228,SK0206,Alternative
SK0188,SK0094,Related
SK0230,SK0225,Advanced
SK0119,SK0199,Alternative
SK0156,SK0271,Alternative
SK0272,SK0234,Related
SK0175,SK0046,Alternative
SK0104,SK0064,Alternative
SK0092,SK0230,Related
SK0186,SK0249,Alternative
SK0283,SK0246,Advanced
SK0181,SK0075,Prerequisite
SK0170,SK0157,Alternative
SK0187,SK0223,Advanced
SK0175,SK0190,Alternative
SK0222,SK0052,Prerequisite
SK0233,SK0088,Related
SK0162,SK0066,Prerequisite
SK0134,SK0150,Alternative
SK0224,SK0020,Prerequisite
SK0153,SK0033,Prerequisite
SK0033,SK0281,Related
SK0055,SK0046,Alternative
SK0007,SK0073,Prerequisite
SK0244,SK0133,Prerequisite
SK0126,SK0055,Related
SK0012,SK0061,Advanced
SK0016,SK0008,Alternative
SK0208,SK0272,Advanced
SK0043,SK0246,Advanced
SK0135,SK0176,Related
SK0228,SK0116,Related
SK0111,SK0271,Alternative
SK0160,SK0193,Advanced
SK0264,SK0150,Prerequisite
SK0225,SK0131,Advanced
SK0217,SK0102,Related
SK0045,SK0270,Prerequisite
SK0214,SK0292,Prerequisite
SK0132,SK0067,Prerequisite
SK0104,SK0010,Advanced
SK0195,SK0049,Related
SK0157,SK0111,Alternative
SK0098,SK0219,Related
SK0226,SK0057,Alternative
SK0205,SK0283,Alternative
SK0079,SK0113,Related
SK0124,SK0133,Related
SK0218,SK0071,Alternative
SK0004,SK0083,Alternative
SK0090,SK0057,Prerequisite
SK0104,SK0271,Related
SK0119,SK0111,Related
SK0133,SK0076,Prerequisite
SK0096,SK0158,Related
SK0143,SK0020,Prerequisite
SK0288,SK0131,Prerequisite
SK0028,SK0122,Related
SK0278,SK0041,Advanced
SK0233,SK0167,Alternative
SK0017,SK0130,Related
SK0059,SK0023,Advanced
SK0090,SK0279,Prerequisite
SK0199,SK0251,Advanced
SK0026,SK0009,Related
SK0025,SK0013,Related
SK0267,SK0052,Advanced
SK0181,SK0209,Related
SK0068,SK0038,Alternative
SK0049,SK0100,Advanced
SK0175,SK0193,Prerequisite
SK0052,SK0191,Advanced
SK0102,SK0051,Advanced
SK0216,SK0141,Advanced
SK0188,SK0168,Advanced
SK0057,SK0109,Prerequisite
SK0047,SK0207,Prerequisite
SK0159,SK0300,Prerequisite
SK0174,SK0110,Advanced
SK0242,SK0196,Alternative
SK0282,SK0152,Alternative
SK0241,SK0243,Prerequisite
SK0005,SK0128,Alternative
SK0084,SK0105,Alternative
SK0248,SK0010,Alternative
SK0054,SK0148,Alternative
SK0161,SK0140,Alternative
SK0226,SK0190,Related
SK0015,SK0094,Prerequisite
SK0224,SK0229,Advanced
SK0061,SK0063,Alternative
SK0122,SK0025,Related
SK0277,SK0268,Advanced
SK0046,SK0281,Related
SK0294,SK0011,Alternative
SK0062,SK0201,Alternative
SK0086,SK0126,Alternative
SK0210,SK0190,Alternative
SK0078,SK0089,Advanced
SK0202,SK0116,Advanced
SK0223,SK0177,Related
SK0222,SK0014,Prerequisite
SK0003,SK0257,Alternative
SK0006,SK0209,Related
SK0093,SK0281,Related
SK0008,SK0105,Related
SK0235,SK0147,Alternative
SK0108,SK0279,Alternative
SK0161,SK0009,Related
SK0209,SK0118,Alternative
SK0240,SK0094,Related
SK0050,SK0144,Advanced
SK0011,SK0289,Alternative
SK0156,SK0014,Advanced
SK0070,SK0257,Prerequisite
SK0169,SK0186,Alternative
SK0272,SK0207,Prerequisite
SK0068,SK0172,Related
SK0252,SK0270,Alternative
SK0048,SK0221,Alternative
SK0184,SK0152,Alternative
SK0187,SK0111,Prerequisite
SK0090,SK0183,Prerequisite
SK0139,SK0072,Related
SK0089,SK0283,Advanced
SK0274,SK0074,Advanced
SK0019,SK0215,Prerequisite
SK0154,SK0023,Alternative
SK0260,SK0068,Advanced
SK0108,SK0093,Advanced
SK0285,SK0063,Prerequisite
SK0059,SK0224,Related
SK0125,SK0225,Prerequisite
SK0273,SK0103,Prerequisite
SK0107,SK0215,Alternative
SK0299,SK0192,Prerequisite
SK0245,SK0160,Alternative
SK0247,SK0207,Related
SK0008,SK0269,Alternative
SK0141,SK0194,Related
SK0008,SK0152,Related
SK0094,SK0237,Related
SK0039,SK0088,Prerequisite
SK0081,SK0011,Alternative
SK0084,SK0214,Prerequisite
SK0088,SK0015,Related
SK0242,SK0266,Advanced
SK0093,SK0297,Prerequisite
SK0086,SK0073,Advanced
SK0044,SK0052,Related
SK0137,SK0128,Advanced
SK0074,SK0028,Advanced
SK0036,SK0065,Related
SK0101,SK0017,Advanced
SK0156,SK0138,Prerequisite
SK0255,SK0229,Advanced
SK0171,SK0254,Alternative
SK0216,SK0210,Prerequisite
SK0170,SK0294,Advanced
SK0252,SK0231,Alternative
SK0055,SK0241,Alternative
SK0091,SK0070,Alternative
SK0278,SK0104,Advanced
SK0101,SK0204,Related
SK0155,SK0053,Alternative
SK0141,SK0054,Related
SK0173,SK0276,Prerequisite
SK0010,SK0031,Related
SK0228,SK0135,Related
SK0265,SK0058,Related
SK0248,SK0105,Related
SK0247,SK0266,Related
SK0155,SK0010,Prerequisite
SK0034,SK0253,Prerequisite
SK0129,SK0295,Related
SK0160,SK0156,Related
SK0089,SK0158,Alternative
SK0093,SK0037,Prerequisite
SK0241,SK0119,Advanced
SK0117,SK0067,Prerequisite
SK0094,SK0242,Advanced
SK0163,SK0299,Alternative
SK0099,SK0213,Related
SK0113,SK0101,Alternative
SK0091,SK0056,Related
SK0206,SK0239,Prerequisite
SK0017,SK0231,Related
SK0274,SK0092,Advanced
SK0173,SK0279,Advanced
SK0116,SK0109,Alternative
SK0181,SK0168,Prerequisite
SK0091,SK0300,Advanced
SK0082,SK0218,Alternative
SK0114,SK0222,Prerequisite
SK0257,SK0161,Prerequisite
SK0058,SK0016,Alternative
SK0154,SK0278,Advanced
SK0116,SK0057,Advanced
SK0266,SK0062,Alternative
SK0203,SK0242,Advanced
SK0041,SK0090,Alternative
SK0105,SK0072,Advanced
SK0193,SK0030,Advanced
SK0278,SK0288,Alternative
SK0237,SK0086,Alternative
SK0221,SK0234,Advanced
SK0068,SK0235,Alternative
SK0197,SK0265,Advanced
SK0256,SK0287,Related
SK0139,SK0269,Prerequisite
SK0149,SK0186,Prerequisite
SK0099,SK0131,Advanced
SK0076,SK0291,Prerequisite
SK0282,SK0277,Advanced
SK0109,SK0180,Alternative
SK0188,SK0290,Related
SK0199,SK0163,Prerequisite
SK0154,SK0271,Prerequisite
SK0040,SK0096,Alternative
SK0133,SK0262,Related
SK0132,SK0288,Related
SK0279,SK0083,Related
SK0084,SK0225,Alternative
SK0242,SK0223,Prerequisite
SK0116,SK0118,Prerequisite
SK0109,SK0192,Related
SK0221,SK0079,Alternative
SK0041,SK0078,Alternative
SK0112,SK0107,Related
SK0103,SK0271,Alternative
SK0046,SK0244,Related
SK0271,SK0073,Related
SK0195,SK0026,Related
SK0280,SK0210,Advanced
SK0283,SK0092,Related
SK0040,SK0125,Alternative
SK0189,SK0073,Advanced
SK0164,SK0123,Prerequisite
SK0024,SK0184,Prerequisite
SK0024,SK0187,Alternative
SK0004,SK0198,Alternative
SK0290,SK0078,Alternative
SK0181,SK0186,Alternative
SK0248,SK0253,Advanced
SK0116,SK0013,Alternative
SK0279,SK0299,Related
SK0069,SK0076,Prerequisite
SK0254,SK0051,Alternative
SK0181,SK0275,Related
SK0169,SK0149,Alternative
SK0249,SK0219,Related
SK0188,SK0122,Advanced
SK0054,SK0211,Prerequisite
SK0138,SK0280,Prerequisite
SK0168,SK0026,Advanced
SK0103,SK0173,Related
SK0085,SK0156,Alternative
SK0212,SK0238,Related
SK0003,SK0082,Prerequisite
SK0179,SK0273,Advanced
SK0038,SK0068,Advanced
SK0239,SK0044,Related
SK0169,SK0061,Related
SK0030,SK0123,Advanced
SK0190,SK0196,Prerequisite
SK0025,SK0111,Alternative
SK0112,SK0258,Alternative
SK0206,SK0089,Related
SK0185,SK0198,Advanced
SK0047,SK0282,Advanced
SK0228,SK0200,Advanced
SK0039,SK0099,Prerequisite
SK0016,SK0027,Related
SK0022,SK0089,Related
SK0213,SK0146,Related
SK0149,SK0182,Prerequisite
SK0241,SK0257,Related
SK0272,SK0189,Alternative
SK0287,SK0196,Related
SK0202,SK0297,Related
SK0032,SK0165,Prerequisite
SK0162,SK0271,Alternative
SK0255,SK0008,Alternative
SK0254,SK0038,Advanced
SK0009,SK0114,Advanced
SK0139,SK0056,Alternative
SK0010,SK0138,Related
SK0214,SK0102,Related
SK0273,SK0177,Related
SK0048,SK0169,Prerequisite
SK0111,SK0286,Related
SK0153,SK0261,Prerequisite
SK0123,SK0223,Alternative
SK0102,SK0199,Related
SK0241,SK0211,Related
SK0191,SK0287,Advanced
SK0217,SK0180,Alternative
SK0051,SK0250,Related
SK0292,SK0231,Prerequisite
SK0081,SK0023,Alternative
SK0088,SK0048,Advanced
SK0194,SK0109,Alternative
SK0104,SK0296,Prerequisite
SK0271,SK0006,Advanced
SK0096,SK0038,Prerequisite
SK0198,SK0169,Alternative
SK0001,SK0283,Advanced
SK0167,SK0203,Prerequisite
SK0126,SK0273,Alternative
SK0081,SK0244,Prerequisite
SK0251,SK0047,Related
SK0169,SK0249,Alternative
SK0073,SK0079,Advanced
SK0141,SK0110,Advanced
SK0070,SK0013,Related
SK0262,SK0090,Prerequisite
SK0245,SK0280,Prerequisite
SK0003,SK0221,Advanced
SK0063,SK0073,Prerequisite
SK0049,SK0234,Alternative
SK0076,SK0260,Alternative
SK0175,SK0113,Advanced
SK0109,SK0046,Alternative
SK0183,SK0274,Advanced
SK0192,SK0043,Prerequisite
SK0065,SK0208,Prerequisite
SK0271,SK0103,Prerequisite
SK0100,SK0124,Related
SK0032,SK0010,Advanced
SK0128,SK0187,Alternative
SK0043,SK0031,Prerequisite
SK0078,SK0156,Related
SK0289,SK0060,Alternative
SK0270,SK0249,Alternative
SK0162,SK0270,Alternative
SK0189,SK0217,Prerequisite
SK0247,SK0002,Alternative
SK0216,SK0024,Advanced
SK0168,SK0206,Related
SK0193,SK0199,Alternative
SK0283,SK0114,Alternative
SK0013,SK0280,Advanced
SK0240,SK0155,Alternative
SK0147,SK0165,Prerequisite
SK0204,SK0222,Prerequisite
SK0080,SK0091,Prerequisite
SK0043,SK0167,Alternative
SK0089,SK0207,Related
SK0148,SK0282,Related
SK0095,SK0065,Alternative
SK0151,SK0004,Related
SK0002,SK0157,Related
SK0022,SK0249,Alternative
SK0007,SK0257,Prerequisite
SK0206,SK0235,Alternative
SK0114,SK0074,Prerequisite
SK0272,SK0187,Prerequisite
SK0083,SK0062,Related
SK0179,SK0164,Related
SK0210,SK0056,Prerequisite
SK0124,SK0111,Prerequisite
SK0113,SK0218,Related
SK0012,SK0240,Advanced
SK0126,SK0021,Prerequisite
SK0053,SK0141,Prerequisite
SK0283,SK0265,Prerequisite
SK0140,SK0139,Related
SK0097,SK0070,Alternative
SK0005,SK0118,Prerequisite
SK0057,SK0198,Prerequisite
SK0069,SK0205,Prerequisite
SK0118,SK0214,Alternative
SK0059,SK0056,Alternative
SK0033,SK0287,Prerequisite
SK0050,SK0293,Prerequisite
SK0019,SK0175,Advanced
SK0214,SK0128,Alternative
SK0197,SK0292,Advanced
SK0047,SK0288,Prerequisite
SK0167,SK0226,Prerequisite
SK0289,SK0064,Prerequisite
SK0141,SK0048,Prerequisite
SK0084,SK0202,Related
SK0182,SK0060,Related
SK0079,SK0257,Related
SK0215,SK0065,Advanced
SK0014,SK0239,Alternative
SK0215,SK0289,Prerequisite
SK0128,SK0038,Alternative
SK0248,SK0025,Related
SK0029,SK0059,Prerequisite
SK0280,SK0297,Prerequisite
SK0202,SK0158,Advanced
SK0218,SK0048,Advanced
SK0062,SK0056,Related
SK0157,SK0065,Alternative
SK0202,SK0268,Related
SK0017,SK0069,Advanced
SK0006,SK0216,Advanced
SK0058,SK0089,Prerequisite
SK0169,SK0281,Alternative
SK0082,SK0257,Alternative
SK0219,SK0160,Prerequisite
SK0177,SK0234,Alternative
SK0204,SK0131,Related
SK0071,SK0049,Related
SK0266,SK0147,Advanced
SK0098,SK0002,Related
SK0291,SK0145,Alternative
SK0208,SK0061,Prerequisite
SK0002,SK0273,Advanced
SK0124,SK0049,Prerequisite
SK0280,SK0131,Advanced
SK0074,SK0043,Advanced
SK0166,SK0057,Prerequisite
SK0022,SK0050,Related
SK0154,SK0178,Related
SK0295,SK0293,Related
SK0219,SK0046,Related
SK0157,SK0170,Prerequisite
SK0230,SK0271,Alternative
SK0020,SK0139,Advanced
SK0041,SK0247,Prerequisite
SK0108,SK0230,Related
SK0084,SK0280,Prerequisite
SK0290,SK0125,Advanced
SK0134,SK0192,Prerequisite
SK0207,SK0080,Prerequisite
SK0283,SK0094,Alternative
SK0266,SK0226,Prerequisite
SK0073,SK0065,Alternative
SK0048,SK0088,Advanced
SK0233,SK0088,Prerequisite
SK0100,SK0201,Prerequisite
SK0059,SK0214,Related
SK0258,SK0204,Prerequisite
SK0065,SK0089,Related
SK0083,SK0061,Related
SK0154,SK0271,Related
SK0266,SK0094,Advanced
SK0079,SK0027,Alternative
SK0150,SK0214,Related
SK0048,SK0074,Prerequisite
SK0248,SK0061,Prerequisite
SK0278,SK0186,Related
SK0098,SK0031,Related
SK0025,SK0219,Prerequisite
SK0284,SK0012,Related
SK0068,SK0032,Alternative
SK0007,SK0160,Alternative
SK0137,SK0237,Advanced
SK0164,SK0227,Related
SK0083,SK0181,Advanced
SK0138,SK0046,Advanced
SK0073,SK0080,Advanced
SK0237,SK0135,Related
SK0046,SK0260,Advanced
SK0106,SK0247,Alternative
SK0288,SK0159,Advanced
SK0262,SK0203,Alternative
SK0176,SK0112,Alternative
SK0166,SK0292,Related
SK0145,SK0119,Advanced
SK0283,SK0017,Related
SK0054,SK0227,Alternative
SK0178,SK0117,Prerequisite
SK0244,SK0043,Advanced
SK0127,SK0115,Related
SK0271,SK0283,Prerequisite
SK0132,SK0037,Advanced
SK0093,SK0113,Advanced
SK0073,SK0035,Related
SK0248,SK0132,Prerequisite
SK0273,SK0228,Related
SK0043,SK0147,Advanced
SK0041,SK0122,Advanced
SK0170,SK0081,Alternative
SK0212,SK0173,Advanced
SK0168,SK0154,Advanced
SK0039,SK0150,Prerequisite
SK0245,SK0058,Prerequisite
SK0151,SK0063,Alternative
SK0111,SK0156,Alternative
SK0047,SK0168,Alternative
SK0063,SK0166,Related
SK0225,SK0085,Related
SK0069,SK0137,Alternative
SK0299,SK0189,Related
SK0290,SK0002,Advanced
SK0296,SK0106,Alternative
SK0203,SK0072,Alternative
SK0061,SK0126,Related
SK0161,SK0170,Prerequisite
SK0016,SK0205,Alternative
SK0094,SK0195,Related
SK0138,SK0158,Related
SK0038,SK0141,Prerequisite
SK0127,SK0275,Alternative
SK0275,SK0007,Prerequisite
SK0164,SK0054,Advanced
SK0077,SK0104,Prerequisite
SK0174,SK0061,Prerequisite
SK0091,SK0087,Related
SK0238,SK0258,Prerequisite
SK0264,SK0178,Advanced
SK0179,SK0242,Related
SK0209,SK0203,Advanced
SK0073,SK0031,Prerequisite
SK0107,SK0289,Advanced
SK0295,SK0080,Advanced
SK0284,SK0011,Prerequisite
SK0182,SK0254,Prerequisite
SK0037,SK0287,Related
SK0137,SK0176,Related
SK0056,SK0126,Alternative
SK0187,SK0047,Related
SK0258,SK0206,Prerequisite
SK0058,SK0107,Advanced
SK0123,SK0275,Advanced
SK0188,SK0123,Related
SK0230,SK0134,Related
SK0168,SK0107,Prerequisite
SK0114,SK0050,Advanced
SK0252,SK0095,Alternative
SK0107,SK0268,Alternative
SK0037,SK0023,Related
SK0092,SK0054,Alternative
SK0018,SK0254,Prerequisite
SK0063,SK0235,Alternative
SK0150,SK0059,Related
SK0139,SK0164,Prerequisite
SK0186,SK0259,Advanced
SK0185,SK0216,Prerequisite
SK0205,SK0183,Related
SK0260,SK0057,Related
SK0214,SK0145,Alternative
SK0256,SK0090,Alternative
SK0135,SK0045,Advanced
SK0061,SK0257,Advanced
SK0088,SK0021,Related
SK0207,SK0021,Related
SK0129,SK0052,Related
SK0003,SK0171,Advanced
SK0121,SK0113,Advanced
SK0102,SK0300,Related
SK0038,SK0160,Prerequisite
SK0133,SK0266,Prerequisite
SK0202,SK0232,Related
SK0021,SK0068,Prerequisite
SK0242,SK0028,Advanced
SK0109,SK0116,Alternative
SK0084,SK0051,Prerequisite
SK0083,SK0181,Alternative
SK0291,SK0260,Prerequisite
SK0069,SK0079,Advanced
SK0129,SK0273,Prerequisite
SK0196,SK0108,Prerequisite
SK0140,SK0074,Related
SK0283,SK0175,Alternative
SK0234,SK0184,Alternative
SK0153,SK0274,Advanced
SK0277,SK0129,Alternative
SK0061,SK0291,Related
SK0052,SK0186,Related
SK0153,SK0059,Alternative
SK0237,SK0001,Prerequisite
SK0032,SK0131,Alternative
SK0055,SK0067,Prerequisite
SK0036,SK0293,Alternative
SK0110,SK0285,Prerequisite
SK0177,SK0089,Related
SK0295,SK0100,Alternative
SK0097,SK0189,Advanced
SK0213,SK0241,Prerequisite
SK0137,SK0270,Related
SK0006,SK0219,Advanced
SK0109,SK0176,Related
SK0035,SK0233,Prerequisite
SK0039,SK0151,Alternative
SK0150,SK0277,Related
SK0118,SK0229,Alternative
SK0261,SK0171,Alternative
SK0087,SK0223,Related
SK0076,SK0213,Related
SK0214,SK0282,Related
SK0285,SK0041,Alternative
SK0239,SK0122,Advanced
SK0165,SK0227,Prerequisite
SK0087,SK0294,Advanced
SK0141,SK0088,Alternative
SK0160,SK0267,Related
SK0046,SK0029,Related
SK0112,SK0247,Prerequisite
SK0045,SK0244,Prerequisite
SK0247,SK0061,Advanced
SK0104,SK0147,Advanced
SK0085,SK0174,Prerequisite
SK0134,SK0278,Alternative
SK0108,SK0142,Advanced
SK0018,SK0044,Related
SK0094,SK0144,Related
SK0150,SK0055,Alternative
SK0246,SK0161,Prerequisite
SK0289,SK0285,Advanced
SK0209,SK0198,Related
SK0126,SK0159,Prerequisite
SK0235,SK0080,Advanced
SK0122,SK0031,Alternative
SK0138,SK0112,Related
SK0115,SK0046,Alternative
SK0162,SK0205,Alternative
SK0201,SK0052,Alternative
SK0234,SK0138,Advanced
SK0028,SK0074,Alternative
SK0011,SK0041,Advanced
SK0206,SK0077,Advanced
SK0167,SK0187,Alternative
SK0247,SK0052,Alternative
SK0047,SK0087,Prerequisite
SK0246,SK0109,Related
SK0127,SK0225,Prerequisite
SK0147,SK0248,Related
SK0118,SK0069,Related
SK0152,SK0120,Prerequisite
SK0072,SK0067,Prerequisite
SK0137,SK0061,Related
SK0175,SK0191,Related
SK0289,SK0189,Related
SK0019,SK0151,Advanced
SK0195,SK0286,Related
SK0175,SK0096,Alternative
SK0141,SK0263,Alternative
SK0246,SK0097,Alternative
SK0093,SK0113,Prerequisite
SK0239,SK0125,Prerequisite
SK0205,SK0132,Prerequisite
SK0048,SK0121,Related
SK0245,SK0197,Alternative
SK0295,SK0294,Related
SK0128,SK0122,Advanced
SK0017,SK0260,Prerequisite
SK0071,SK0039,Advanced
SK0269,SK0054,Alternative
SK0282,SK0161,Advanced
SK0007,SK0289,Prerequisite
SK0103,SK0200,Related
SK0193,SK0276,Advanced
SK0241,SK0016,Alternative
SK0062,SK0173,Alternative
SK0017,SK0248,Alternative
SK0171,SK0218,Related
SK0025,SK0087,Alternative
SK0251,SK0082,Prerequisite
SK0253,SK0062,Prerequisite
SK0207,SK0287,Alternative
SK0029,SK0042,Advanced
SK0117,SK0012,Alternative
SK0282,SK0234,Prerequisite
SK0144,SK0131,Prerequisite
SK0025,SK0115,Prerequisite
SK0156,SK0218,Advanced
SK0073,SK0137,Advanced
SK0120,SK0106,Advanced
SK0093,SK0179,Prerequisite
SK0086,SK0016,Related
SK0118,SK0242,Alternative
SK0233,SK0226,Alternative
SK0199,SK0242,Prerequisite
SK0206,SK0141,Advanced
SK0147,SK0199,Related
SK0271,SK0112,Related
SK0139,SK0127,Advanced
SK0181,SK0021,Alternative
SK0030,SK0147,Alternative
SK0057,SK0089,Related
SK0232,SK0203,Related
SK0146,SK0085,Advanced
SK0048,SK0167,Alternative
SK0194,SK0072,Related
SK0224,SK0298,Alternative
SK0136,SK0009,Related
SK0022,SK0281,Advanced
SK0006,SK0258,Alternative
SK0204,SK0275,Related
SK0239,SK0238,Related
SK0185,SK0020,Related
SK0292,SK0233,Related
SK0220,SK0221,Advanced
SK0116,SK0017,Alternative
SK0049,SK0089,Alternative
SK0173,SK0196,Prerequisite
SK0082,SK0084,Alternative
SK0045,SK0087,Prerequisite
SK0020,SK0154,Related
SK0221,SK0228,Advanced
SK0123,SK0264,Advanced
SK0234,SK0223,Related
SK0221,SK0121,Prerequisite
SK0003,SK0173,Related
SK0182,SK0004,Advanced
SK0206,SK0128,Advanced
SK0040,SK0110,Alternative
SK0059,SK0037,Prerequisite
SK0062,SK0071,Alternative
SK0132,SK0289,Advanced
SK0060,SK0031,Advanced
SK0122,SK0268,Alternative
SK0107,SK0011,Alternative
SK0096,SK0032,Advanced
SK0235,SK0057,Alternative
SK0062,SK0166,Alternative
SK0256,SK0188,Prerequisite
SK0049,SK0019,Advanced
SK0159,SK0116,Related
SK0124,SK0184,Prerequisite
SK0207,SK0270,Related
SK0048,SK0033,Alternative
SK0136,SK0010,Alternative
SK0201,SK0080,Related
SK0250,SK0192,Alternative
SK0295,SK0190,Alternative
SK0209,SK0068,Prerequisite
SK0211,SK0125,Related
SK0192,SK0059,Prerequisite
SK0044,SK0097,Related
SK0029,SK0275,Prerequisite
SK0059,SK0149,Advanced
SK0071,SK0278,Advanced
SK0092,SK0265,Related
SK0265,SK0009,Advanced
SK0220,SK0283,Prerequisite
SK0215,SK0273,Related
SK0277,SK0008,Advanced
SK0064,SK0208,Advanced
SK0292,SK0125,Related
SK0245,SK0123,Advanced
SK0062,SK0033,Advanced
SK0170,SK0001,Related
SK0269,SK0204,Advanced
SK0267,SK0006,Advanced
SK0054,SK0297,Advanced
SK0016,SK0005,Advanced
SK0008,SK0080,Alternative
SK0104,SK0274,Related
SK0059,SK0177,Alternative
SK0040,SK0136,Alternative
SK0237,SK0025,Prerequisite
SK0094,SK0183,Alternative
SK0222,SK0168,Alternative
SK0204,SK0178,Prerequisite
SK0138,SK0095,Advanced
SK0300,SK0033,Advanced
SK0207,SK0111,Alternative
SK0081,SK0146,Prerequisite
SK0218,SK0231,Advanced
SK0002,SK0272,Prerequisite
SK0178,SK0038,Related
SK0279,SK0135,Related
SK0146,SK0235,Related
SK0224,SK0160,Related
SK0062,SK0038,Alternative
SK0294,SK0150,Related
SK0239,SK0029,Related
SK0195,SK0144,Prerequisite
SK0166,SK0076,Advanced
SK0222,SK0145,Prerequisite
SK0061,SK0229,Alternative
SK0129,SK0064,Related
SK0173,SK0269,Advanced
SK0156,SK0184,Advanced
SK0110,SK0261,Related
SK0269,SK0268,Related
SK0278,SK0169,Alternative
SK0207,SK0227,Related
SK0279,SK0033,Related
SK0204,SK0214,Related
SK0161,SK0050,Related
SK0028,SK0210,Advanced
SK0257,SK0029,Alternative
SK0165,SK0039,Related
SK0063,SK0100,Related
SK0022,SK0173,Advanced
SK0070,SK0017,Prerequisite
SK0096,SK0056,Related
SK0163,SK0226,Advanced
SK0079,SK0046,Advanced
SK0005,SK0067,Prerequisite
SK0120,SK0197,Alternative
SK0178,SK0142,Alternative
SK0176,SK0023,Alternative
SK0217,SK0094,Related
SK0056,SK0242,Alternative
SK0187,SK0237,Related
SK0232,SK0054,Related
SK0255,SK0138,Advanced
SK0104,SK0272,Alternative
SK0077,SK0041,Alternative
SK0230,SK0098,Alternative
SK0258,SK0183,Related
SK0264,SK0128,Related
SK0182,SK0229,Alternative
SK0256,SK0086,Related
SK0038,SK0256,Related
SK0176,SK0209,Prerequisite
SK0027,SK0215,Prerequisite
SK0276,SK0100,Alternative
SK0140,SK0049,Alternative
SK0299,SK0201,Prerequisite
SK0287,SK0258,Related
SK0091,SK0178,Related
SK0061,SK0245,Advanced
SK0163,SK0123,Alternative
SK0143,SK0171,Alternative
SK0253,SK0136,Alternative
SK0269,SK0059,Advanced
SK0291,SK0193,Advanced
SK0187,SK0268,Related
SK0086,SK0095,Prerequisite
SK0166,SK0125,Prerequisite
SK0114,SK0041,Related
SK0183,SK0254,Prerequisite
SK0207,SK0007,Advanced
SK0256,SK0216,Advanced
SK0235,SK0069,Alternative
SK0003,SK0069,Prerequisite
SK0208,SK0081,Advanced
SK0197,SK0030,Alternative
SK0125,SK0073,Prerequisite
SK0138,SK0262,Prerequisite
SK0025,SK0089,Advanced
SK0068,SK0208,Alternative
SK0061,SK0213,Alternative
SK0029,SK0266,Advanced
SK0019,SK0293,Advanced
SK0171,SK0207,Advanced
SK0074,SK0077,Prerequisite
SK0061,SK0288,Advanced
SK0153,SK0047,Advanced
SK0276,SK0110,Related
SK0048,SK0200,Advanced
SK0211,SK0210,Advanced
SK0139,SK0154,Prerequisite
SK0110,SK0010,Alternative
SK0183,SK0157,Prerequisite
SK0028,SK0261,Related
SK0197,SK0077,Advanced
SK0191,SK0257,Advanced
SK0149,SK0067,Advanced
SK0268,SK0228,Advanced
SK0050,SK0163,Advanced
SK0246,SK0015,Related
SK0113,SK0232,Advanced
SK0170,SK0195,Advanced
SK0166,SK0030,Advanced
SK0014,SK0296,Related
SK0203,SK0220,Advanced
SK0288,SK0147,Related
SK0189,SK0259,Prerequisite
SK0155,SK0292,Advanced
SK0055,SK0299,Alternative
SK0182,SK0143,Related
SK0210,SK0235,Prerequisite
SK0075,SK0115,Related
SK0277,SK0090,Related
SK0133,SK0208,Prerequisite
SK0059,SK0164,Advanced
SK0182,SK0084,Advanced
SK0064,SK0077,Related
SK0260,SK0161,Prerequisite
SK0193,SK0005,Advanced
SK0143,SK0078,Related
SK0104,SK0091,Alternative
SK0214,SK0087,Prerequisite
SK0242,SK0270,Alternative
SK0093,SK0175,Related
SK0142,SK0054,Prerequisite
SK0112,SK0211,Advanced
SK0059,SK0095,Advanced
SK0043,SK0223,Related
SK0207,SK0009,Advanced
SK0268,SK0053,Advanced
SK0296,SK0077,Alternative
SK0020,SK0112,Prerequisite
SK0222,SK0165,Alternative
SK0166,SK0279,Advanced
SK0131,SK0027,Prerequisite
SK0156,SK0070,Prerequisite
SK0184,SK0218,Related
SK0090,SK0189,Alternative
SK0094,SK0124,Prerequisite
SK0013,SK0019,Advanced
SK0293,SK0257,Prerequisite
SK0230,SK0296,Prerequisite
SK0292,SK0022,Related
SK0026,SK0040,Advanced
SK0075,SK0038,Advanced
SK0299,SK0048,Alternative
SK0148,SK0075,Prerequisite
SK0008,SK0209,Advanced
SK0029,SK0183,Advanced
SK0296,SK0107,Prerequisite
SK0209,SK0188,Related
SK0128,SK0264,Alternative
SK0116,SK0086,Alternative
SK0144,SK0137,Related
SK0235,SK0095,Prerequisite
SK0007,SK0245,Alternative
SK0045,SK0090,Related
SK0239,SK0059,Related
SK0155,SK0028,Related
SK0181,SK0072,Alternative
SK0215,SK0270,Alternative
SK0088,SK0024,Alternative
SK0256,SK0112,Alternative
SK0073,SK0300,Advanced
SK0179,SK0056,Related
SK0212,SK0223,Advanced
SK0293,SK0120,Related
SK0234,SK0179,Alternative
SK0239,SK0288,Alternative
SK0223,SK0281,Advanced
SK0119,SK0189,Prerequisite
SK0264,SK0066,Alternative
SK0207,SK0298,Prerequisite
SK0095,SK0249,Related
SK0222,SK0076,Advanced
SK0276,SK0137,Prerequisite
SK0231,SK0164,Prerequisite
SK0119,SK0233,Alternative
SK0268,SK0255,Prerequisite
SK0273,SK0294,Prerequisite
SK0064,SK0170,Related
SK0298,SK0174,Advanced
SK0011,SK0018,Alternative
SK0098,SK0070,Alternative
SK0071,SK0116,Prerequisite
SK0058,SK0080,Related
SK0290,SK0015,Prerequisite
SK0251,SK0176,Prerequisite
SK0276,SK0269,Alternative
SK0050,SK0119,Prerequisite
SK0216,SK0299,Prerequisite
SK0052,SK0188,Related
SK0271,SK0057,Alternative
SK0084,SK0199,Advanced
SK0293,SK0017,Related
SK0126,SK0288,Related
SK0296,SK0055,Related
SK0072,SK0269,Alternative
SK0296,SK0087,Prerequisite
SK0236,SK0029,Advanced
SK0056,SK0022,Alternative
SK0192,SK0048,Related
SK0093,SK0005,Alternative
SK0056,SK0250,Prerequisite
SK0060,SK0163,Advanced
SK0138,SK0202,Advanced
SK0039,SK0101,Prerequisite
SK0028,SK0071,Alternative
SK0049,SK0163,Related
SK0125,SK0173,Prerequisite
SK0036,SK0138,Advanced
SK0101,SK0066,Prerequisite
SK0282,SK0198,Advanced
SK0086,SK0228,Related
SK0004,SK0281,Related
SK0223,SK0172,Prerequisite
SK0166,SK0040,Prerequisite
SK0278,SK0007,Prerequisite
SK0130,SK0174,Advanced
SK0031,SK0151,Related
SK0011,SK0211,Related
SK0096,SK0086,Advanced
SK0190,SK0253,Prerequisite
SK0192,SK0021,Alternative
SK0266,SK0257,Prerequisite
SK0128,SK0033,Alternative
SK0238,SK0260,Alternative
SK0112,SK0234,Advanced
SK0145,SK0003,Related
SK0065,SK0227,Related
SK0247,SK0284,Related
SK0223,SK0070,Related
SK0106,SK0254,Advanced
SK0181,SK0144,Alternative
SK0184,SK0024,Related
SK0226,SK0234,Alternative
SK0265,SK0175,Advanced
SK0278,SK0159,Prerequisite
SK0089,SK0286,Advanced
SK0176,SK0018,Related
SK0018,SK0044,Prerequisite
SK0106,SK0155,Advanced
SK0271,SK0231,Advanced
SK0167,SK0225,Alternative
SK0013,SK0217,Advanced
SK0032,SK0056,Prerequisite
SK0040,SK0031,Advanced
SK0148,SK0059,Related
SK0218,SK0235,Alternative
SK0219,SK0107,Prerequisite
SK0082,SK0191,Prerequisite
SK0208,SK0018,Advanced
SK0201,SK0226,Related
SK0038,SK0167,Alternative
SK0211,SK0071,Prerequisite
SK0249,SK0054,Alternative
SK0227,SK0245,Advanced
SK0048,SK0076,Related
SK0018,SK0035,Advanced
SK0295,SK0267,Alternative
SK0196,SK0300,Advanced
SK0187,SK0121,Alternative
SK0224,SK0025,Prerequisite
SK0229,SK0160,Prerequisite
SK0077,SK0084,Advanced
SK0188,SK0114,Prerequisite
SK0270,SK0223,Alternative
SK0095,SK0166,Prerequisite
SK0132,SK0191,Related
SK0039,SK0175,Related
SK0072,SK0001,Advanced
SK0281,SK0229,Advanced
SK0160,SK0086,Advanced
SK0187,SK0062,Advanced
SK0191,SK0206,Alternative
SK0120,SK0105,Alternative
SK0220,SK0291,Related
SK0053,SK0250,Alternative
SK0222,SK0013,Prerequisite
SK0131,SK0163,Related
SK0237,SK0043,Advanced
SK0246,SK0111,Advanced
SK0226,SK0205,Alternative
SK0208,SK0256,Related
SK0096,SK0144,Alternative
SK0200,SK0146,Alternative
SK0247,SK0164,Alternative
SK0072,SK0169,Related
SK0185,SK0298,Advanced
SK0006,SK0233,Prerequisite
SK0206,SK0271,Advanced
SK0032,SK0060,Related
SK0099,SK0296,Advanced
SK0256,SK0235,Advanced
SK0187,SK0165,Prerequisite
SK0076,SK0194,Advanced
SK0177,SK0234,Advanced
SK0287,SK0183,Advanced
SK0255,SK0232,Alternative
SK0190,SK0107,Related
SK0127,SK0223,Related
SK0287,SK0080,Prerequisite
SK0254,SK0234,Alternative
SK0213,SK0184,Alternative
SK0250,SK0185,Advanced
SK0084,SK0134,Related
SK0013,SK0220,Prerequisite
SK0045,SK0288,Alternative
SK0127,SK0202,Advanced
SK0114,SK0146,Prerequisite
SK0276,SK0127,Alternative
SK0205,SK0135,Prerequisite
SK0273,SK0114,Alternative
SK0058,SK0264,Prerequisite
SK0219,SK0064,Alternative
SK0109,SK0135,Alternative
SK0279,SK0041,Prerequisite
SK0174,SK0296,Alternative
SK0264,SK0003,Alternative
SK0111,SK0194,Alternative
SK0187,SK0110,Prerequisite
SK0269,SK0221,Prerequisite
SK0229,SK0004,Alternative
SK0156,SK0244,Alternative
SK0189,SK0166,Prerequisite
SK0272,SK0026,Advanced
SK0002,SK0017,Alternative
SK0246,SK0216,Advanced
SK0210,SK0092,Prerequisite
SK0286,SK0031,Alternative
SK0013,SK0205,Advanced
SK0096,SK0207,Prerequisite
SK0221,SK0107,Advanced
SK0238,SK0146,Related
SK0094,SK0101,Prerequisite
SK0269,SK0241,Related
SK0171,SK0247,Prerequisite
SK0094,SK0163,Prerequisite
SK0149,SK0173,Alternative
SK0112,SK0035,Related
SK0055,SK0284,Related
SK0116,SK0021,Related
SK0143,SK0163,Prerequisite
SK0201,SK0097,Related
SK0180,SK0055,Related
SK0202,SK0127,Alternative
SK0053,SK0193,Advanced
SK0180,SK0243,Advanced
SK0137,SK0088,Related
SK0182,SK0215,Related
SK0001,SK0092,Related
SK0044,SK0235,Related
SK0227,SK0184,Advanced
SK0098,SK0038,Alternative
SK0208,SK0139,Prerequisite
SK0265,SK0195,Related
SK0288,SK0015,Related
SK0271,SK0257,Advanced
SK0140,SK0135,Related
SK0237,SK0001,Alternative
SK0072,SK0049,Alternative
SK0155,SK0096,Related
SK0190,SK0201,Advanced
SK0268,SK0026,Related
SK0107,SK0235,Related
SK0232,SK0244,Advanced
SK0042,SK0051,Alternative
SK0190,SK0081,Prerequisite
SK0139,SK0036,Related
SK0103,SK0067,Alternative
SK0171,SK0129,Related
SK0273,SK0155,Prerequisite
SK0221,SK0245,Advanced
SK0213,SK0111,Alternative
SK0056,SK0168,Prerequisite
SK0102,SK0142,Related
SK0192,SK0197,Prerequisite
SK0200,SK0109,Alternative
SK0233,SK0079,Advanced
SK0227,SK0161,Related
SK0139,SK0019,Advanced
SK0149,SK0127,Advanced
SK0115,SK0205,Prerequisite
SK0063,SK0029,Prerequisite
SK0104,SK0207,Alternative
SK0156,SK0280,Alternative
SK0273,SK0151,Advanced
SK0006,SK0240,Alternative
SK0147,SK0266,Advanced
SK0184,SK0182,Related
SK0028,SK0105,Advanced
SK0038,SK0236,Alternative
SK0119,SK0173,Alternative
SK0293,SK0158,Advanced
SK0244,SK0172,Prerequisite
SK0068,SK0157,Advanced
SK0214,SK0258,Advanced
SK0218,SK0164,Prerequisite
SK0177,SK0147,Related
SK0299,SK0154,Prerequisite
SK0164,SK0038,Alternative
SK0058,SK0131,Prerequisite
SK0269,SK0255,Alternative
SK0058,SK0208,Alternative
SK0288,SK0095,Advanced
SK0105,SK0171,Advanced
SK0228,SK0250,Related
SK0247,SK0190,Alternative
SK0188,SK0199,Advanced
SK0083,SK0221,Alternative
SK0186,SK0024,Related
SK0252,SK0244,Alternative
SK0238,SK0128,Related
SK0184,SK0093,Related
SK0284,SK0300,Related
SK0210,SK0133,Advanced
SK0296,SK0055,Prerequisite
SK0097,SK0158,Prerequisite
SK0208,SK0029,Advanced
SK0137,SK0211,Alternative
SK0184,SK0154,Advanced
SK0076,SK0293,Alternative
SK0287,SK0222,Related
SK0142,SK0115,Advanced
SK0237,SK0158,Prerequisite
SK0025,SK0259,Alternative
SK0290,SK0251,Advanced
SK0067,SK0122,Advanced
SK0250,SK0299,Alternative
SK0118,SK0263,Related
SK0073,SK0049,Related
SK0282,SK0297,Related
SK0010,SK0077,Related
SK0211,SK0127,Alternative
SK0152,SK0197,Prerequisite
SK0005,SK0221,Advanced
SK0195,SK0091,Advanced
SK0283,SK0008,Related
SK0113,SK0032,Alternative
SK0271,SK0269,Prerequisite
SK0163,SK0191,Prerequisite
SK0105,SK0163,Advanced
SK0181,SK0061,Related
SK0044,SK0264,Advanced
SK0282,SK0285,Advanced
SK0175,SK0095,Prerequisite
SK0162,SK0041,Alternative
SK0140,SK0149,Prerequisite
SK0132,SK0204,Advanced
SK0087,SK0267,Related
SK0176,SK0002,Related
SK0183,SK0178,Alternative
SK0129,SK0194,Alternative
SK0246,SK0196,Alternative
SK0089,SK0249,Advanced
SK0066,SK0212,Advanced
SK0158,SK0153,Alternative
SK0149,SK0158,Related
SK0116,SK0139,Related
SK0214,SK0221,Related
SK0294,SK0273,Advanced
SK0253,SK0154,Prerequisite
SK0143,SK0249,Related
SK0250,SK0279,Related
SK0025,SK0276,Related
SK0277,SK0002,Alternative
SK0070,SK0088,Advanced
SK0113,SK0287,Alternative
SK0112,SK0130,Alternative
SK0091,SK0078,Prerequisite
SK0018,SK0260,Alternative
SK0149,SK0241,Prerequisite
SK0227,SK0141,Alternative
SK0214,SK0228,Related
SK0151,SK0163,Advanced
SK0192,SK0236,Alternative
SK0040,SK0128,Prerequisite
SK0242,SK0200,Advanced
SK0138,SK0031,Prerequisite
SK0180,SK0138,Related
SK0203,SK0234,Advanced
SK0061,SK0202,Related
SK0192,SK0279,Alternative
SK0005,SK0131,Alternative
SK0237,SK0148,Prerequisite
SK0181,SK0029,Prerequisite
SK0037,SK0162,Related
SK0056,SK0061,Prerequisite
SK0237,SK0125,Related
SK0197,SK0071,Related
SK0073,SK0243,Related
SK0059,SK0249,Prerequisite
SK0240,SK0221,Advanced
SK0002,SK0021,Related
SK0188,SK0082,Advanced
SK0030,SK0010,Alternative
SK0267,SK0012,Prerequisite
SK0108,SK0263,Prerequisite
SK0090,SK0145,Advanced
SK0205,SK0192,Alternative
SK0220,SK0250,Alternative
SK0094,SK0114,Related
SK0103,SK0026,Prerequisite
SK0223,SK0271,Alternative
SK0186,SK0033,Alternative
SK0184,SK0062,Related
SK0162,SK0229,Related
SK0247,SK0095,Advanced
SK0031,SK0035,Prerequisite
SK0052,SK0193,Alternative
SK0278,SK0249,Prerequisite
SK0040,SK0083,Advanced
SK0101,SK0025,Prerequisite
SK0111,SK0057,Prerequisite
SK0249,SK0032,Alternative
SK0191,SK0012,Prerequisite
SK0182,SK0092,Related
SK0209,SK0001,Alternative
SK0022,SK0136,Related
SK0166,SK0196,Advanced
SK0099,SK0133,Advanced
SK0208,SK0086,Prerequisite
SK0008,SK0295,Prerequisite
SK0190,SK0279,Related
SK0175,SK0180,Related
SK0273,SK0004,Related
SK0017,SK0126,Advanced
SK0090,SK0175,Related
SK0141,SK0251,Alternative
SK0145,SK0021,Alternative
SK0166,SK0105,Advanced
SK0078,SK0066,Related
SK0262,SK0263,Related
SK0163,SK0049,Prerequisite
SK0014,SK0016,Alternative
SK0239,SK0145,Advanced
SK0072,SK0250,Related
SK0143,SK0075,Prerequisite
SK0283,SK0290,Advanced
SK0269,SK0282,Advanced
SK0241,SK0066,Alternative
SK0245,SK0125,Related
SK0163,SK0087,Advanced
SK0060,SK0041,Prerequisite
SK0006,SK0186,Prerequisite
SK0197,SK0266,Advanced
SK0058,SK0271,Prerequisite
SK0217,SK0042,Advanced
SK0026,SK0093,Prerequisite
SK0005,SK0185,Advanced
SK0020,SK0215,Advanced
SK0198,SK0017,Advanced
SK0059,SK0265,Prerequisite
SK0242,SK0114,Advanced
SK0146,SK0292,Alternative
SK0273,SK0292,Advanced
SK0249,SK0048,Related
SK0014,SK0097,Related
SK0013,SK0095,Alternative
SK0044,SK0074,Advanced
SK0019,SK0068,Related
SK0063,SK0246,Advanced
SK0239,SK0077,Related
SK0100,SK0208,Prerequisite
SK0163,SK0254,Prerequisite
SK0122,SK0221,Alternative
SK0044,SK0262,Alternative
SK0145,SK0259,Advanced
SK0050,SK0074,Alternative
SK0065,SK0125,Advanced
SK0288,SK0188,Prerequisite
SK0164,SK0254,Prerequisite
SK0141,SK0235,Related
SK0128,SK0250,Advanced
SK0239,SK0072,Prerequisite
SK0296,SK0235,Prerequisite
SK0187,SK0156,Advanced
SK0208,SK0115,Related
SK0220,SK0228,Related
SK0190,SK0245,Related
SK0284,SK0014,Related
SK0237,SK0016,Prerequisite
SK0194,SK0042,Advanced
SK0287,SK0110,Advanced
SK0259,SK0278,Prerequisite
SK0246,SK0019,Prerequisite
SK0136,SK0066,Prerequisite
SK0280,SK0167,Alternative
SK0271,SK0073,Advanced
SK0171,SK0112,Advanced
SK0159,SK0274,Advanced
SK0201,SK0085,Related
SK0045,SK0139,Prerequisite
SK0264,SK0039,Prerequisite
SK0071,SK0105,Prerequisite
SK0103,SK0281,Alternative
SK0125,SK0123,Advanced
SK0286,SK0218,Prerequisite
SK0230,SK0061,Alternative
SK0146,SK0100,Prerequisite
SK0197,SK0204,Related
SK0221,SK0258,Advanced
SK0060,SK0005,Alternative
SK0098,SK0197,Prerequisite
SK0171,SK0180,Advanced
SK0173,SK0133,Alternative
SK0151,SK0253,Advanced
SK0122,SK0265,Advanced
SK0108,SK0093,Related
SK0004,SK0150,Advanced
SK0093,SK0138,Alternative
SK0006,SK0208,Advanced
SK0288,SK0125,Alternative
SK0106,SK0234,Advanced
SK0146,SK0061,Prerequisite
SK0271,SK0266,Related
SK0096,SK0134,Prerequisite
SK0229,SK0113,Related
SK0202,SK0191,Alternative
SK0212,SK0187,Related
SK0006,SK0089,Advanced
SK0112,SK0187,Advanced
SK0106,SK0132,Prerequisite
SK0139,SK0123,Related
SK0096,SK0288,Alternative
SK0297,SK0179,Advanced
SK0214,SK0180,Alternative
SK0291,SK0099,Advanced
SK0022,SK0034,Advanced
SK0193,SK0070,Advanced
SK0150,SK0171,Prerequisite
SK0247,SK0272,Prerequisite
SK0267,SK0059,Advanced
SK0251,SK0181,Advanced
SK0003,SK0019,Advanced
SK0076,SK0226,Alternative
SK0087,SK0095,Advanced
SK0270,SK0297,Advanced
SK0225,SK0081,Related
SK0018,SK0175,Related
SK0113,SK0222,Related
SK0251,SK0103,Related
SK0233,SK0054,Advanced
SK0279,SK0183,Related
SK0202,SK0068,Alternative
SK0083,SK0028,Alternative
SK0125,SK0274,Related
SK0175,SK0282,Prerequisite
SK0069,SK0119,Alternative
SK0047,SK0134,Alternative
SK0256,SK0129,Related
SK0215,SK0008,Related
SK0030,SK0051,Advanced
SK0237,SK0175,Related
SK0248,SK0183,Related
SK0025,SK0192,Advanced
SK0074,SK0249,Alternative
SK0206,SK0235,Related
SK0094,SK0083,Advanced
SK0127,SK0093,Related
SK0025,SK0268,Prerequisite
SK0116,SK0120,Prerequisite
SK0048,SK0071,Related
SK0226,SK0017,Alternative
SK0266,SK0253,Prerequisite
SK0099,SK0122,Advanced
SK0011,SK0010,Related
SK0085,SK0287,Advanced
SK0214,SK0273,Prerequisite
SK0173,SK0293,Alternative
SK0209,SK0210,Advanced
SK0064,SK0218,Prerequisite
SK0258,SK0241,Prerequisite
SK0121,SK0200,Prerequisite
SK0298,SK0216,Advanced
SK0054,SK0205,Prerequisite
SK0272,SK0216,Related
SK0241,SK0080,Prerequisite
SK0243,SK0267,Related
SK0018,SK0035,Alternative
SK0187,SK0289,Related
SK0144,SK0018,Alternative
SK0262,SK0165,Alternative
SK0239,SK0013,Related
SK0298,SK0202,Alternative
SK0076,SK0229,Related
SK0188,SK0001,Advanced
SK0246,SK0217,Alternative
SK0130,SK0034,Related
SK0283,SK0266,Alternative
SK0079,SK0128,Prerequisite
SK0072,SK0212,Related
SK0191,SK0080,Alternative
SK0063,SK0165,Alternative
SK0012,SK0252,Advanced
SK0141,SK0012,Related
SK0254,SK0212,Prerequisite
SK0043,SK0282,Advanced
SK0017,SK0112,Alternative
SK0063,SK0211,Alternative
SK0253,SK0239,Advanced
SK0292,SK0268,Prerequisite
SK0008,SK0298,Alternative
SK0090,SK0058,Alternative
SK0208,SK0034,Related
SK0292,SK0263,Advanced
SK0284,SK0035,Alternative
SK0118,SK0271,Prerequisite
SK0175,SK0227,Related
SK0076,SK0025,Advanced
SK0101,SK0234,Prerequisite
SK0151,SK0059,Alternative
SK0270,SK0251,Advanced
SK0071,SK0086,Advanced
SK0180,SK0251,Prerequisite
SK0124,SK0180,Advanced
SK0293,SK0207,Prerequisite
SK0285,SK0149,Alternative
SK0195,SK0071,Related
SK0228,SK0121,Prerequisite
SK0275,SK0253,Related
SK0106,SK0093,Advanced
SK0021,SK0256,Prerequisite
SK0064,SK0254,Alternative
SK0165,SK0288,Prerequisite
SK0027,SK0059,Prerequisite
SK0285,SK0069,Prerequisite
SK0148,SK0086,Related
SK0281,SK0274,Related
SK0224,SK0081,Advanced
SK0272,SK0114,Advanced
SK0146,SK0184,Advanced
SK0030,SK0280,Prerequisite
SK0045,SK0054,Related
SK0275,SK0197,Related
SK0034,SK0293,Related
SK0141,SK0293,Related
SK0221,SK0291,Advanced
SK0022,SK0180,Prerequisite
SK0180,SK0222,Related
SK0231,SK0274,Alternative
SK0038,SK0244,Prerequisite
SK0070,SK0154,Alternative
SK0116,SK0273,Prerequisite
SK0239,SK0135,Prerequisite
SK0148,SK0008,Prerequisite
SK0009,SK0128,Alternative
SK0288,SK0056,Related
SK0050,SK0126,Related
SK0005,SK0159,Alternative
SK0126,SK0059,Related
SK0075,SK0058,Advanced
SK0165,SK0140,Related
SK0278,SK0176,Advanced
SK0300,SK0108,Advanced
SK0290,SK0211,Advanced
SK0077,SK0074,Alternative
SK0298,SK0167,Related
SK0137,SK0233,Related
SK0106,SK0182,Alternative
SK0095,SK0122,Alternative
SK0135,SK0203,Related
SK0068,SK0029,Alternative
SK0147,SK0202,Alternative
SK0159,SK0093,Advanced
SK0163,SK0176,Alternative
SK0189,SK0211,Advanced
SK0095,SK0184,Prerequisite
SK0181,SK0095,Advanced
SK0288,SK0273,Advanced
SK0187,SK0137,Alternative
SK0138,SK0237,Related
SK0130,SK0265,Prerequisite
SK0194,SK0135,Prerequisite
SK0273,SK0144,Prerequisite
SK0144,SK0019,Related
SK0016,SK0231,Prerequisite
SK0245,SK0134,Prerequisite
SK0107,SK0114,Related
SK0088,SK0139,Prerequisite
SK0129,SK0125,Alternative
SK0004,SK0204,Alternative
SK0095,SK0061,Advanced
SK0209,SK0250,Advanced
SK0225,SK0298,Advanced
SK0047,SK0013,Alternative
SK0181,SK0255,Alternative
SK0106,SK0085,Alternative
SK0199,SK0020,Advanced
SK0106,SK0050,Advanced
SK0280,SK0164,Advanced
SK0260,SK0092,Advanced
SK0108,SK0088,Advanced
SK0019,SK0069,Advanced
SK0296,SK0037,Alternative
SK0171,SK0253,Related
SK0195,SK0252,Related
SK0012,SK0140,Advanced
SK0195,SK0168,Related
SK0283,SK0054,Related
SK0182,SK0178,Alternative
SK0144,SK0297,Advanced
SK0182,SK0106,Advanced
SK0030,SK0137,Related
SK0084,SK0190,Advanced
SK0166,SK0128,Advanced
SK0284,SK0047,Advanced
SK0281,SK0005,Advanced
SK0096,SK0257,Related
SK0266,SK0300,Prerequisite
SK0298,SK0150,Related
SK0296,SK0294,Alternative
SK0225,SK0243,Prerequisite
SK0042,SK0275,Prerequisite
SK0246,SK0208,Prerequisite
SK0237,SK0195,Alternative
SK0022,SK0170,Related
SK0185,SK0082,Alternative
SK0242,SK0154,Related
SK0283,SK0141,Related
SK0041,SK0146,Related
SK0162,SK0122,Prerequisite
SK0160,SK0252,Related
SK0012,SK0058,Alternative
SK0073,SK0063,Alternative
SK0076,SK0280,Prerequisite
SK0201,SK0072,Related
SK0010,SK0009,Related
SK0226,SK0094,Advanced
SK0176,SK0152,Prerequisite
SK0276,SK0040,Alternative
SK0039,SK0062,Alternative
SK0060,SK0254,Related
SK0066,SK0069,Alternative
SK0124,SK0245,Related
SK0164,SK0170,Related
SK0159,SK0178,Advanced
SK0057,SK0189,Prerequisite
SK0078,SK0260,Related
SK0285,SK0017,Related
SK0015,SK0057,Advanced
SK0012,SK0218,Related
SK0101,SK0107,Prerequisite
SK0156,SK0173,Prerequisite
SK0125,SK0219,Alternative
SK0280,SK0247,Prerequisite
SK0110,SK0218,Alternative
SK0146,SK0031,Prerequisite
SK0216,SK0047,Alternative
SK0162,SK0134,Related
SK0128,SK0108,Advanced
SK0150,SK0072,Advanced
SK0036,SK0108,Advanced
SK0173,SK0272,Related
SK0022,SK0171,Advanced
SK0206,SK0116,Prerequisite
SK0127,SK0074,Alternative
SK0217,SK0256,Related
SK0096,SK0081,Advanced
SK0164,SK0268,Prerequisite
SK0148,SK0128,Prerequisite
SK0018,SK0235,Related
SK0294,SK0041,Related
SK0195,SK0181,Advanced
SK0151,SK0157,Alternative
SK0123,SK0059,Advanced
SK0187,SK0249,Advanced
SK0149,SK0192,Related
SK0104,SK0024,Advanced
SK0243,SK0080,Advanced
SK0231,SK0134,Alternative
SK0206,SK0213,Prerequisite
SK0198,SK0166,Prerequisite
SK0087,SK0071,Alternative
SK0142,SK0214,Prerequisite
SK0199,SK0065,Advanced
SK0046,SK0221,Alternative
SK0288,SK0286,Alternative
SK0015,SK0185,Related
SK0044,SK0207,Prerequisite
SK0169,SK0099,Related
SK0044,SK0242,Advanced
SK0098,SK0158,Alternative
SK0261,SK0098,Advanced
SK0109,SK0042,Prerequisite
SK0283,SK0139,Related
SK0104,SK0283,Prerequisite
SK0256,SK0227,Advanced
SK0206,SK0072,Related
SK0043,SK0243,Prerequisite
SK0245,SK0018,Advanced
SK0287,SK0077,Prerequisite
SK0273,SK0045,Alternative
SK0083,SK0140,Related
SK0110,SK0177,Related
SK0190,SK0222,Related
SK0288,SK0092,Alternative
SK0251,SK0022,Related
SK0212,SK0172,Alternative
SK0291,SK0092,Related
SK0133,SK0192,Prerequisite
SK0201,SK0077,Prerequisite
SK0285,SK0281,Prerequisite
SK0095,SK0179,Prerequisite
SK0278,SK0238,Alternative
SK0219,SK0135,Advanced
SK0089,SK0280,Advanced
SK0072,SK0019,Prerequisite
SK0247,SK0083,Advanced
SK0129,SK0228,Advanced
SK0212,SK0265,Related
SK0096,SK0112,Alternative
SK0075,SK0251,Prerequisite
SK0054,SK0164,Advanced
SK0054,SK0168,Advanced
SK0218,SK0221,Prerequisite
SK0016,SK0191,Related
SK0099,SK0170,Prerequisite
SK0020,SK0045,Related
SK0046,SK0014,Advanced
SK0193,SK0231,Alternative
SK0058,SK0157,Related
SK0111,SK0134,Related
SK0129,SK0037,Prerequisite
SK0194,SK0053,Advanced
SK0008,SK0018,Alternative
SK0029,SK0038,Prerequisite
SK0112,SK0187,Prerequisite
SK0161,SK0196,Alternative
SK0131,SK0243,Advanced
SK0188,SK0300,Alternative
SK0163,SK0035,Prerequisite
SK0197,SK0215,Prerequisite
SK0204,SK0219,Related
SK0212,SK0090,Alternative
SK0109,SK0252,Alternative
SK0276,SK0008,Alternative
SK0073,SK0256,Prerequisite
SK0167,SK0208,Advanced
SK0260,SK0131,Prerequisite
SK0243,SK0224,Related
SK0275,SK0197,Prerequisite
SK0102,SK0142,Prerequisite
SK0173,SK0252,Prerequisite
SK0171,SK0096,Related
SK0141,SK0026,Alternative
SK0188,SK0111,Advanced
SK0086,SK0123,Advanced
SK0111,SK0168,Alternative
SK0043,SK0051,Alternative
SK0211,SK0005,Related
SK0200,SK0077,Prerequisite
SK0298,SK0160,Alternative
SK0240,SK0208,Advanced
SK0115,SK0257,Related
SK0026,SK0205,Advanced
SK0299,SK0255,Prerequisite
SK0077,SK0011,Related
SK0137,SK0008,Advanced
SK0020,SK0032,Advanced
SK0211,SK0028,Prerequisite
SK0240,SK0206,Related
SK0039,SK0228,Alternative
SK0268,SK0128,Alternative
SK0207,SK0255,Advanced
SK0267,SK0212,Prerequisite
SK0154,SK0239,Advanced
SK0042,SK0207,Prerequisite
SK0011,SK0283,Alternative
SK0294,SK0245,Advanced
SK0098,SK0045,Advanced
SK0275,SK0105,Prerequisite
SK0230,SK0281,Related
SK0220,SK0234,Prerequisite
SK0065,SK0189,Related
SK0232,SK0044,Alternative
SK0052,SK0225,Advanced
SK0263,SK0142,Advanced
SK0267,SK0136,Prerequisite
SK0154,SK0176,Prerequisite
SK0140,SK0142,Alternative
SK0051,SK0080,Alternative
SK0117,SK0082,Related
SK0046,SK0135,Alternative
SK0088,SK0207,Alternative
SK0208,SK0177,Alternative
SK0269,SK0243,Alternative
SK0089,SK0055,Related
SK0118,SK0141,Alternative
SK0054,SK0056,Related
SK0116,SK0015,Prerequisite
SK0118,SK0185,Advanced
SK0260,SK0088,Prerequisite
SK0075,SK0097,Alternative
SK0007,SK0144,Advanced
SK0122,SK0008,Alternative
SK0011,SK0215,Alternative
SK0215,SK0173,Prerequisite
SK0279,SK0223,Alternative
SK0028,SK0040,Prerequisite
SK0235,SK0182,Alternative
SK0026,SK0270,Related
SK0054,SK0187,Advanced
SK0029,SK0245,Prerequisite
SK0164,SK0231,Prerequisite
SK0270,SK0155,Advanced
SK0035,SK0175,Prerequisite
SK0286,SK0115,Advanced
SK0273,SK0300,Related
SK0208,SK0018,Alternative
SK0238,SK0272,Related
SK0093,SK0012,Alternative
SK0173,SK0192,Advanced
SK0079,SK0232,Related
SK0110,SK0093,Alternative
SK0217,SK0218,Advanced
SK0106,SK0278,Alternative
SK0047,SK0029,Prerequisite
SK0181,SK0077,Prerequisite
SK0064,SK0009,Advanced
SK0246,SK0024,Alternative
SK0244,SK0015,Prerequisite
SK0087,SK0164,Related
SK0217,SK0013,Alternative
SK0007,SK0172,Alternative
SK0278,SK0200,Prerequisite
SK0210,SK0076,Prerequisite
SK0169,SK0164,Advanced
SK0138,SK0061,Alternative
SK0230,SK0245,Related
SK0161,SK0155,Prerequisite
SK0001,SK0257,Alternative
SK0236,SK0244,Prerequisite
SK0188,SK0162,Advanced
SK0004,SK0068,Alternative
SK0132,SK0277,Alternative
SK0260,SK0259,Related
SK0001,SK0095,Prerequisite
SK0071,SK0246,Advanced
SK0189,SK0123,Advanced
SK0291,SK0187,Alternative
SK0008,SK0262,Advanced
SK0253,SK0273,Related
SK0292,SK0060,Alternative
SK0244,SK0125,Advanced
SK0123,SK0051,Related
SK0299,SK0178,Related
SK0283,SK0139,Prerequisite
SK0032,SK0170,Alternative
SK0146,SK0039,Prerequisite
SK0156,SK0069,Related
SK0016,SK0236,Prerequisite
SK0047,SK0048,Prerequisite
SK0251,SK0057,Advanced
SK0187,SK0277,Prerequisite
SK0031,SK0099,Related
SK0260,SK0015,Prerequisite
SK0017,SK0179,Alternative
SK0039,SK0062,Advanced
SK0039,SK0119,Related
SK0132,SK0037,Prerequisite
SK0030,SK0134,Alternative
SK0158,SK0026,Related
SK0278,SK0008,Prerequisite
SK0203,SK0004,Advanced
SK0066,SK0021,Prerequisite
SK0108,SK0149,Related
SK0268,SK0025,Related
SK0222,SK0143,Related
SK0292,SK0245,Alternative
SK0018,SK0043,Prerequisite
SK0090,SK0293,Prerequisite
SK0181,SK0185,Prerequisite
SK0255,SK0042,Advanced
SK0253,SK0092,Alternative
SK0257,SK0053,Alternative
SK0087,SK0084,Advanced
SK0090,SK0034,Alternative
SK0237,SK0076,Advanced
SK0070,SK0197,Related
SK0044,SK0286,Related
SK0200,SK0088,Alternative
SK0152,SK0235,Related
SK0086,SK0232,Related
SK0019,SK0007,Related
SK0101,SK0292,Prerequisite
SK0095,SK0038,Related
SK0254,SK0052,Prerequisite
SK0030,SK0143,Advanced
SK0249,SK0221,Advanced
SK0033,SK0240,Advanced
SK0229,SK0143,Advanced
SK0012,SK0049,Advanced
SK0118,SK0277,Related
SK0246,SK0014,Related
SK0247,SK0298,Advanced
SK0029,SK0015,Advanced
SK0161,SK0234,Prerequisite
SK0235,SK0063,Alternative
SK0190,SK0196,Related
SK0117,SK0027,Alternative
SK0271,SK0093,Advanced
SK0258,SK0105,Advanced
SK0180,SK0052,Advanced
SK0172,SK0181,Alternative
SK0274,SK0057,Prerequisite
SK0259,SK0120,Advanced
SK0135,SK0043,Prerequisite
SK0171,SK0135,Prerequisite
SK0210,SK0260,Related
SK0236,SK0197,Alternative
SK0186,SK0133,Advanced
SK0095,SK0255,Prerequisite
SK0011,SK0220,Alternative
SK0068,SK0041,Alternative
SK0210,SK0255,Advanced
SK0196,SK0002,Related
SK0098,SK0195,Related
SK0093,SK0242,Prerequisite
SK0022,SK0149,Related
SK0172,SK0198,Related
SK0134,SK0299,Related
SK0025,SK0245,Alternative
SK0185,SK0108,Advanced
SK0085,SK0212,Alternative
SK0055,SK0156,Alternative
SK0251,SK0026,Advanced
SK0144,SK0082,Alternative
SK0167,SK0083,Prerequisite
SK0224,SK0131,Prerequisite
SK0220,SK0100,Alternative
SK0179,SK0256,Related
SK0119,SK0049,Alternative
SK0265,SK0063,Related
SK0150,SK0290,Alternative
SK0215,SK0105,Prerequisite
SK0197,SK0105,Related
SK0042,SK0015,Prerequisite
SK0053,SK0175,Alternative
SK0251,SK0259,Advanced
SK0295,SK0211,Related
SK0271,SK0259,Related
SK0123,SK0102,Alternative
SK0266,SK0260,Alternative
SK0029,SK0159,Related
SK0035,SK0045,Advanced
SK0006,SK0251,Alternative
SK0111,SK0165,Alternative
SK0294,SK0193,Alternative
SK0077,SK0009,Advanced
SK0147,SK0065,Related
SK0067,SK0282,Prerequisite
SK0008,SK0181,Alternative
SK0122,SK0282,Advanced
SK0175,SK0279,Related
SK0179,SK0030,Related
SK0085,SK0266,Advanced
SK0045,SK0217,Alternative
SK0136,SK0105,Prerequisite
SK0016,SK0184,Alternative
SK0195,SK0148,Related
SK0009,SK0105,Prerequisite
SK0015,SK0047,Alternative
SK0102,SK0087,Prerequisite
SK0226,SK0129,Advanced
SK0278,SK0258,Alternative
SK0113,SK0147,Related
SK0001,SK0072,Related
SK0266,SK0140,Prerequisite
SK0208,SK0027,Advanced
SK0110,SK0029,Alternative
SK0200,SK0271,Advanced
SK0012,SK0174,Advanced
SK0188,SK0253,Prerequisite
SK0154,SK0060,Prerequisite
SK0279,SK0107,Alternative
SK0171,SK0220,Related
SK0134,SK0259,Alternative
SK0025,SK0146,Advanced
SK0018,SK0052,Prerequisite
SK0190,SK0060,Advanced
SK0141,SK0034,Prerequisite
SK0043,SK0096,Related
SK0284,SK0089,Advanced
SK0146,SK0231,Prerequisite
SK0092,SK0275,Alternative
SK0179,SK0246,Alternative
SK0056,SK0111,Alternative
SK0155,SK0234,Advanced
SK0160,SK0278,Prerequisite
SK0111,SK0166,Prerequisite
SK0137,SK0128,Prerequisite
SK0232,SK0237,Advanced
SK0220,SK0291,Prerequisite
SK0249,SK0128,Advanced
SK0006,SK0195,Related
SK0280,SK0143,Related
SK0094,SK0111,Alternative
SK0269,SK0090,Advanced
SK0197,SK0251,Prerequisite
SK0025,SK0280,Related
SK0148,SK0224,Advanced
SK0118,SK0101,Prerequisite
SK0066,SK0132,Alternative
SK0175,SK0013,Advanced
SK0076,SK0098,Advanced
SK0114,SK0120,Advanced
SK0111,SK0293,Prerequisite
SK0249,SK0199,Related
SK0203,SK0001,Related
SK0147,SK0060,Advanced
SK0035,SK0250,Advanced
SK0026,SK0140,Prerequisite
SK0238,SK0149,Alternative
SK0014,SK0044,Advanced
SK0045,SK0186,Advanced
SK0216,SK0108,Alternative
SK0233,SK0044,Advanced
SK0193,SK0078,Related
SK0051,SK0226,Advanced
SK0214,SK0162,Related
SK0151,SK0281,Prerequisite
SK0275,SK0253,Prerequisite
SK0076,SK0132,Related
SK0220,SK0144,Related
SK0187,SK0266,Alternative
SK0289,SK0109,Related
SK0028,SK0194,Related
SK0180,SK0035,Advanced
SK0253,SK0275,Alternative
SK0126,SK0187,Related
SK0177,SK0243,Related
SK0037,SK0264,Related
SK0099,SK0010,Advanced
SK0098,SK0166,Advanced
SK0127,SK0029,Advanced
SK0168,SK0271,Prerequisite
SK0080,SK0087,Advanced
SK0294,SK0023,Related
SK0126,SK0210,Advanced
SK0150,SK0046,Advanced
SK0016,SK0028,Alternative
SK0028,SK0026,Related
SK0173,SK0266,Advanced
SK0046,SK0175,Prerequisite
SK0236,SK0004,Alternative
SK0214,SK0067,Advanced
SK0085,SK0135,Alternative
SK0282,SK0055,Alternative
SK0232,SK0031,Prerequisite
SK0085,SK0074,Prerequisite
SK0065,SK0019,Prerequisite
SK0134,SK0156,Related
SK0151,SK0156,Alternative
SK0115,SK0147,Advanced
SK0064,SK0087,Prerequisite
SK0158,SK0020,Prerequisite
SK0077,SK0269,Alternative
SK0146,SK0043,Alternative
SK0225,SK0028,Alternative
SK0103,SK0260,Advanced
SK0088,SK0022,Related
SK0168,SK0101,Related
SK0170,SK0039,Prerequisite
SK0135,SK0290,Related
SK0050,SK0300,Advanced
SK0134,SK0170,Related
SK0137,SK0296,Advanced
SK0109,SK0156,Alternative
SK0287,SK0074,Advanced
SK0021,SK0090,Alternative
SK0090,SK0067,Prerequisite
SK0296,SK0236,Advanced
SK0112,SK0200,Advanced
SK0077,SK0227,Related
SK0177,SK0233,Advanced
SK0101,SK0086,Alternative
SK0246,SK0102,Advanced
SK0117,SK0214,Prerequisite
SK0092,SK0108,Prerequisite
SK0028,SK0165,Advanced
SK0025,SK0091,Related
SK0058,SK0192,Advanced
SK0297,SK0086,Advanced
SK0134,SK0222,Related
SK0249,SK0101,Prerequisite
SK0038,SK0226,Advanced
SK0075,SK0060,Related
SK0142,SK0250,Alternative
SK0168,SK0048,Alternative
SK0259,SK0117,Related
SK0225,SK0227,Prerequisite
SK0152,SK0033,Related
SK0019,SK0044,Prerequisite
SK0146,SK0165,Alternative
SK0241,SK0292,Advanced
SK0237,SK0287,Related
SK0035,SK0225,Alternative
SK0190,SK0286,Advanced
SK0001,SK0204,Alternative
SK0153,SK0172,Related
SK0126,SK0012,Related
SK0226,SK0121,Advanced
SK0221,SK0244,Related
SK0211,SK0152,Alternative
SK0025,SK0152,Advanced
SK0016,SK0188,Advanced
SK0182,SK0013,Alternative
SK0129,SK0091,Prerequisite
SK0042,SK0200,Advanced
SK0236,SK0074,Prerequisite
SK0034,SK0256,Alternative
SK0045,SK0276,Alternative
SK0134,SK0071,Advanced
SK0021,SK0078,Related
SK0122,SK0284,Advanced
SK0070,SK0130,Related
SK0048,SK0043,Prerequisite
SK0039,SK0008,Related
SK0287,SK0013,Advanced
SK0010,SK0213,Related
SK0030,SK0111,Alternative
SK0244,SK0291,Prerequisite
SK0274,SK0023,Alternative
SK0088,SK0254,Alternative
SK0244,SK0015,Alternative
SK0015,SK0130,Alternative
SK0004,SK0061,Related
SK0191,SK0115,Alternative
SK0168,SK0067,Related
SK0009,SK0249,Alternative
SK0109,SK0175,Advanced
SK0137,SK0002,Alternative
SK0154,SK0172,Advanced
SK0209,SK0284,Related
SK0272,SK0054,Prerequisite
SK0143,SK0067,Related
SK0099,SK0102,Prerequisite
SK0069,SK0120,Prerequisite
SK0247,SK0191,Alternative
SK0261,SK0047,Prerequisite
SK0276,SK0222,Related
SK0079,SK0021,Alternative
SK0146,SK0158,Prerequisite
SK0111,SK0159,Related
SK0258,SK0235,Prerequisite
SK0093,SK0150,Prerequisite
SK0013,SK0257,Alternative
SK0260,SK0165,Alternative
SK0109,SK0077,Related
SK0189,SK0085,Alternative
SK0095,SK0046,Alternative
SK0105,SK0047,Advanced
SK0008,SK0213,Advanced
SK0067,SK0059,Related
SK0191,SK0054,Alternative
SK0256,SK0012,Related
SK0009,SK0192,Advanced
SK0117,SK0006,Advanced
SK0267,SK0144,Advanced
SK0298,SK0073,Alternative
SK0164,SK0174,Prerequisite
SK0141,SK0232,Alternative
SK0268,SK0270,Related
SK0037,SK0222,Advanced
SK0074,SK0052,Prerequisite
SK0073,SK0116,Related
SK0199,SK0026,Advanced
SK0130,SK0053,Related
SK0246,SK0029,Prerequisite
SK0060,SK0019,Advanced
SK0103,SK0117,Related
SK0296,SK0106,Prerequisite
SK0151,SK0227,Alternative
SK0157,SK0186,Prerequisite
SK0206,SK0261,Related
SK0179,SK0016,Prerequisite
SK0197,SK0273,Advanced
SK0223,SK0160,Prerequisite
SK0089,SK0250,Related
SK0287,SK0224,Advanced
SK0276,SK0256,Prerequisite
SK0236,SK0180,Prerequisite
SK0183,SK0020,Advanced
SK0209,SK0112,Alternative
SK0130,SK0120,Alternative
SK0153,SK0194,Advanced
SK0013,SK0111,Prerequisite
SK0122,SK0210,Alternative
SK0220,SK0001,Advanced
SK0106,SK0058,Related
SK0070,SK0093,Prerequisite
SK0195,SK0221,Related
SK0186,SK0211,Prerequisite
SK0099,SK0232,Alternative
SK0082,SK0262,Related
SK0075,SK0103,Related
SK0192,SK0050,Advanced
SK0214,SK0110,Alternative
SK0144,SK0088,Alternative
SK0216,SK0020,Prerequisite
SK0015,SK0014,Advanced
SK0217,SK0133,Advanced
SK0035,SK0296,Prerequisite
SK0183,SK0034,Related
SK0270,SK0208,Prerequisite
SK0100,SK0199,Prerequisite
SK0007,SK0080,Prerequisite
SK0030,SK0071,Advanced
SK0144,SK0155,Prerequisite
SK0111,SK0078,Prerequisite
SK0232,SK0078,Prerequisite
SK0179,SK0172,Alternative
SK0072,SK0289,Related
SK0210,SK0033,Related
SK0220,SK0300,Related
SK0080,SK0276,Related
SK0083,SK0007,Advanced
SK0042,SK0160,Advanced
SK0273,SK0240,Prerequisite
SK0191,SK0024,Advanced
SK0173,SK0214,Related
SK0007,SK0070,Alternative
SK0155,SK0216,Prerequisite
SK0010,SK0104,Prerequisite
SK0034,SK0215,Related
SK0036,SK0054,Related
SK0006,SK0294,Related
SK0215,SK0203,Advanced
SK0134,SK0288,Prerequisite
SK0285,SK0045,Related
SK0126,SK0198,Alternative
SK0174,SK0216,Prerequisite
SK0152,SK0184,Prerequisite
SK0026,SK0027,Advanced
SK0115,SK0166,Prerequisite
SK0284,SK0274,Related
SK0166,SK0104,Alternative
SK0189,SK0245,Prerequisite
SK0078,SK0169,Prerequisite
SK0090,SK0116,Advanced
SK0176,SK0141,Related
SK0021,SK0125,Alternative
SK0054,SK0025,Related
SK0184,SK0194,Prerequisite
SK0222,SK0100,Prerequisite
SK0179,SK0005,Alternative
SK0276,SK0019,Prerequisite
SK0112,SK0170,Alternative
SK0224,SK0274,Alternative
SK0214,SK0254,Related
SK0059,SK0121,Alternative
SK0109,SK0032,Prerequisite
SK0157,SK0149,Advanced
SK0191,SK0266,Advanced
SK0200,SK0037,Prerequisite
SK0196,SK0177,Advanced
SK0035,SK0013,Advanced
SK0246,SK0183,Alternative
SK0237,SK0145,Advanced
SK0104,SK0265,Advanced
SK0007,SK0088,Advanced
SK0283,SK0046,Related
SK0001,SK0119,Prerequisite
SK0219,SK0019,Alternative
SK0230,SK0220,Advanced
SK0172,SK0233,Prerequisite
SK0087,SK0094,Advanced
SK0041,SK0251,Related
SK0123,SK0250,Related
SK0298,SK0282,Advanced
SK0178,SK0232,Advanced
SK0063,SK0046,Advanced
SK0165,SK0046,Related
SK0187,SK0014,Related
SK0209,SK0085,Prerequisite
SK0227,SK0003,Alternative
SK0048,SK0028,Alternative
SK0224,SK0157,Related
SK0003,SK0175,Alternative
SK0175,SK0114,Advanced
SK0099,SK0250,Prerequisite
SK0116,SK0059,Related
SK0270,SK0203,Related
SK0253,SK0239,Alternative
SK0095,SK0234,Advanced
SK0273,SK0095,Prerequisite
SK0024,SK0141,Alternative
SK0116,SK0113,Related
SK0151,SK0109,Related
SK0050,SK0289,Alternative
SK0206,SK0097,Advanced
SK0079,SK0016,Prerequisite
SK0070,SK0044,Prerequisite
SK0027,SK0230,Prerequisite
SK0271,SK0108,Prerequisite
SK0050,SK0217,Advanced
SK0292,SK0260,Related
SK0247,SK0196,Related
SK0264,SK0095,Prerequisite
SK0079,SK0056,Prerequisite
SK0190,SK0032,Prerequisite
SK0047,SK0231,Alternative
SK0189,SK0009,Alternative
SK0256,SK0191,Related
SK0222,SK0200,Related
SK0241,SK0161,Prerequisite
SK0269,SK0087,Alternative
SK0001,SK0021,Advanced
SK0034,SK0076,Alternative
SK0079,SK0141,Related
SK0236,SK0126,Alternative
SK0098,SK0251,Related
SK0082,SK0084,Prerequisite
SK0192,SK0048,Advanced
SK0253,SK0078,Prerequisite
SK0038,SK0030,Prerequisite
SK0014,SK0285,Advanced
SK0209,SK0136,Advanced
SK0089,SK0140,Advanced
SK0056,SK0041,Related
SK0094,SK0282,Prerequisite
SK0093,SK0050,Related
SK0085,SK0258,Advanced
SK0245,SK0270,Related
SK0022,SK0134,Advanced
SK0291,SK0234,Alternative
SK0122,SK0104,Prerequisite
SK0128,SK0254,Prerequisite
SK0113,SK0095,Prerequisite
SK0273,SK0217,Related
SK0130,SK0061,Prerequisite
SK0132,SK0268,Advanced
SK0085,SK0241,Alternative
SK0081,SK0013,Prerequisite
SK0069,SK0147,Related
SK0148,SK0240,Alternative
SK0016,SK0089,Prerequisite
SK0105,SK0095,Prerequisite
SK0165,SK0293,Alternative
SK0201,SK0025,Prerequisite
SK0197,SK0272,Related
SK0185,SK0166,Advanced
SK0265,SK0250,Advanced
SK0100,SK0087,Alternative
SK0214,SK0142,Advanced
SK0278,SK0134,Prerequisite
SK0162,SK0279,Prerequisite
SK0157,SK0126,Related
SK0251,SK0141,Advanced
SK0097,SK0103,Alternative
SK0018,SK0226,Prerequisite
SK0097,SK0063,Alternative
SK0001,SK0294,Prerequisite
SK0216,SK0254,Prerequisite
SK0132,SK0180,Related
SK0260,SK0040,Advanced
SK0125,SK0264,Related
SK0082,SK0189,Advanced
SK0283,SK0008,Alternative
SK0171,SK0104,Advanced
SK0059,SK0225,Alternative
SK0032,SK0034,Prerequisite
SK0161,SK0236,Alternative
SK0284,SK0228,Alternative
SK0106,SK0188,Prerequisite
SK0105,SK0022,Alternative
SK0228,SK0040,Alternative
SK0070,SK0179,Prerequisite
SK0290,SK0086,Prerequisite
SK0087,SK0133,Advanced
SK0056,SK0013,Prerequisite
SK0113,SK0028,Prerequisite
SK0013,SK0084,Alternative
SK0018,SK0280,Related
SK0182,SK0263,Related
SK0113,SK0166,Advanced
SK0229,SK0293,Advanced
SK0171,SK0068,Related
SK0295,SK0226,Related
SK0189,SK0170,Prerequisite
SK0079,SK0086,Alternative
SK0146,SK0133,Prerequisite
SK0182,SK0178,Advanced
SK0286,SK0252,Related
SK0250,SK0015,Advanced
SK0196,SK0223,Prerequisite
SK0071,SK0201,Advanced
SK0248,SK0107,Advanced
SK0146,SK0250,Alternative
SK0106,SK0089,Advanced
SK0263,SK0125,Prerequisite
SK0296,SK0113,Alternative
SK0070,SK0137,Advanced
SK0193,SK0247,Prerequisite
SK0068,SK0166,Related
SK0052,SK0150,Alternative
SK0285,SK0068,Advanced
SK0009,SK0221,Advanced
SK0251,SK0271,Alternative
SK0298,SK0020,Prerequisite
SK0184,SK0289,Advanced
SK0179,SK0100,Prerequisite
SK0198,SK0252,Alternative
SK0128,SK0077,Advanced
SK0020,SK0135,Related
SK0065,SK0173,Related
SK0182,SK0201,Related
SK0241,SK0217,Alternative
SK0024,SK0208,Advanced
SK0083,SK0074,Alternative
SK0185,SK0011,Advanced
SK0099,SK0287,Related
SK0062,SK0256,Related
SK0286,SK0012,Prerequisite
SK0022,SK0078,Alternative
SK0126,SK0096,Prerequisite
SK0042,SK0273,Related
SK0098,SK0179,Related
SK0031,SK0064,Alternative
SK0158,SK0132,Advanced
SK0112,SK0272,Related
SK0247,SK0109,Prerequisite
SK0122,SK0273,Prerequisite
SK0273,SK0168,Prerequisite
SK0294,SK0180,Alternative
SK0207,SK0058,Alternative
SK0110,SK0079,Alternative
SK0278,SK0061,Alternative
SK0056,SK0121,Prerequisite
SK0057,SK0207,Prerequisite
SK0291,SK0034,Alternative
SK0114,SK0070,Alternative
SK0198,SK0017,Prerequisite
SK0179,SK0020,Alternative
SK0219,SK0069,Alternative
SK0277,SK0215,Alternative
SK0016,SK0161,Alternative
SK0061,SK0102,Related
SK0054,SK0206,Alternative
SK0168,SK0145,Prerequisite
SK0026,SK0057,Prerequisite
SK0065,SK0083,Prerequisite
SK0100,SK0269,Prerequisite
SK0074,SK0187,Alternative
SK0192,SK0006,Related
SK0171,SK0110,Advanced
SK0273,SK0138,Advanced
SK0187,SK0051,Advanced
SK0023,SK0051,Advanced
SK0181,SK0087,Prerequisite
SK0108,SK0068,Alternative
SK0162,SK0084,Alternative
SK0206,SK0042,Advanced
SK0078,SK0219,Advanced
SK0016,SK0057,Related
SK0096,SK0226,Related
SK0147,SK0196,Related
SK0002,SK0248,Prerequisite
SK0010,SK0166,Alternative
SK0125,SK0062,Prerequisite
SK0081,SK0263,Prerequisite
SK0140,SK0112,Alternative
SK0150,SK0253,Related
SK0288,SK0199,Alternative
SK0129,SK0178,Advanced
SK0239,SK0026,Related
SK0058,SK0246,Alternative
SK0198,SK0019,Prerequisite
SK0211,SK0265,Alternative
SK0045,SK0020,Related
SK0097,SK0106,Advanced
SK0279,SK0237,Prerequisite
SK0023,SK0246,Advanced
SK0044,SK0081,Advanced
SK0027,SK0150,Prerequisite
SK0282,SK0010,Alternative
SK0097,SK0224,Alternative
SK0036,SK0264,Advanced
SK0109,SK0149,Alternative
SK0055,SK0278,Related
SK0192,SK0274,Advanced
SK0219,SK0194,Advanced
SK0185,SK0172,Advanced
SK0069,SK0265,Related
SK0130,SK0026,Advanced
SK0055,SK0026,Alternative
SK0097,SK0034,Alternative
SK0087,SK0264,Alternative
SK0294,SK0138,Alternative
SK0119,SK0183,Advanced
SK0208,SK0242,Related
SK0154,SK0054,Prerequisite
SK0035,SK0168,Alternative
SK0079,SK0119,Prerequisite
SK0067,SK0143,Prerequisite
SK0034,SK0081,Advanced
SK0097,SK0245,Alternative
SK0169,SK0062,Alternative
SK0169,SK0046,Alternative
SK0151,SK0087,Prerequisite
SK0071,SK0099,Alternative
SK0003,SK0295,Alternative
SK0032,SK0053,Related
SK0287,SK0192,Advanced
SK0082,SK0080,Alternative
SK0043,SK0016,Alternative
SK0105,SK0194,Advanced
SK0001,SK0141,Advanced
SK0061,SK0108,Prerequisite
SK0270,SK0265,Prerequisite
SK0180,SK0290,Prerequisite
SK0224,SK0209,Advanced
SK0006,SK0165,Related
SK0103,SK0152,Alternative
SK0010,SK0290,Advanced
SK0071,SK0268,Related
SK0090,SK0151,Advanced
SK0226,SK0207,Related
SK0158,SK0255,Advanced
SK0228,SK0141,Advanced
SK0126,SK0096,Related
SK0209,SK0227,Related
SK0097,SK0193,Related
SK0074,SK0118,Related
SK0115,SK0005,Related
SK0191,SK0243,Related
SK0170,SK0021,Related
SK0204,SK0152,Related
SK0056,SK0128,Advanced
SK0208,SK0124,Related
SK0032,SK0277,Advanced
SK0015,SK0152,Advanced
SK0062,SK0111,Prerequisite
SK0155,SK0116,Prerequisite
SK0284,SK0188,Related
SK0209,SK0057,Related
SK0187,SK0251,Prerequisite
SK0130,SK0150,Prerequisite
SK0127,SK0162,Alternative
SK0292,SK0120,Alternative
SK0114,SK0070,Related
SK0199,SK0099,Alternative
SK0013,SK0167,Prerequisite
SK0271,SK0298,Related
SK0089,SK0151,Advanced
SK0215,SK0002,Advanced
SK0278,SK0152,Prerequisite
SK0203,SK0065,Alternative
SK0074,SK0069,Advanced
SK0025,SK0121,Alternative
SK0101,SK0109,Advanced
SK0176,SK0247,Alternative
SK0117,SK0093,Advanced
SK0166,SK0268,Advanced
SK0041,SK0103,Related
SK0120,SK0112,Related
SK0097,SK0062,Prerequisite
SK0145,SK0300,Advanced
SK0216,SK0136,Alternative
SK0229,SK0055,Advanced
SK0130,SK0108,Alternative
SK0137,SK0258,Alternative
SK0273,SK0253,Advanced
SK0117,SK0222,Alternative
SK0094,SK0167,Prerequisite
SK0168,SK0160,Related
SK0203,SK0166,Alternative
SK0149,SK0205,Advanced
SK0183,SK0267,Related
SK0152,SK0138,Prerequisite
SK0074,SK0248,Alternative
SK0274,SK0055,Alternative
SK0042,SK0209,Related
SK0212,SK0017,Alternative
SK0101,SK0068,Advanced
SK0045,SK0133,Related
SK0082,SK0188,Related
SK0017,SK0138,Alternative
SK0073,SK0174,Prerequisite
SK0014,SK0097,Prerequisite
SK0157,SK0171,Prerequisite
SK0223,SK0154,Prerequisite
SK0132,SK0183,Related
SK0047,SK0242,Related
SK0107,SK0285,Alternative
SK0108,SK0027,Prerequisite
SK0265,SK0060,Prerequisite
SK0205,SK0202,Alternative
SK0079,SK0250,Alternative
SK0155,SK0069,Alternative
SK0271,SK0021,Advanced
SK0247,SK0152,Alternative
SK0019,SK0102,Alternative
SK0026,SK0095,Advanced
SK0217,SK0229,Prerequisite
SK0154,SK0125,Related
SK0154,SK0258,Prerequisite
SK0174,SK0236,Related
SK0092,SK0162,Related
SK0181,SK0042,Alternative
SK0131,SK0276,Alternative
SK0298,SK0068,Advanced
SK0275,SK0173,Prerequisite
SK0273,SK0125,Prerequisite
SK0076,SK0170,Related
SK0177,SK0047,Alternative
SK0184,SK0261,Alternative
SK0131,SK0217,Prerequisite
SK0049,SK0124,Advanced
SK0055,SK0293,Alternative
SK0154,SK0162,Advanced
SK0200,SK0201,Prerequisite
SK0118,SK0275,Prerequisite
SK0263,SK0206,Advanced
SK0046,SK0040,Alternative
SK0189,SK0273,Prerequisite
SK0129,SK0188,Related
SK0049,SK0093,Prerequisite
SK0025,SK0042,Alternative
SK0266,SK0107,Related
SK0118,SK0065,Prerequisite
SK0144,SK0135,Alternative
SK0200,SK0024,Alternative
SK0157,SK0028,Prerequisite
SK0134,SK0062,Alternative
SK0148,SK0273,Advanced
SK0071,SK0229,Related
SK0233,SK0020,Advanced
SK0299,SK0003,Prerequisite
SK0154,SK0218,Advanced
SK0090,SK0136,Prerequisite
SK0199,SK0003,Prerequisite
SK0161,SK0193,Alternative
SK0026,SK0073,Alternative
SK0121,SK0118,Prerequisite
SK0212,SK0154,Related
SK0063,SK0209,Related
SK0068,SK0034,Related
SK0253,SK0137,Advanced
SK0002,SK0120,Prerequisite
SK0108,SK0115,Alternative
SK0286,SK0013,Advanced
SK0049,SK0069,Advanced
SK0140,SK0257,Alternative
SK0218,SK0089,Prerequisite
SK0044,SK0047,Advanced
SK0269,SK0260,Prerequisite
SK0078,SK0228,Prerequisite
SK0216,SK0180,Prerequisite
SK0098,SK0010,Alternative
SK0236,SK0284,Prerequisite
SK0282,SK0126,Advanced
SK0149,SK0134,Alternative
SK0066,SK0155,Alternative
SK0234,SK0248,Advanced
SK0087,SK0140,Alternative
SK0079,SK0176,Advanced
SK0205,SK0174,Related
SK0279,SK0074,Advanced
SK0254,SK0143,Alternative
SK0130,SK0292,Advanced
SK0084,SK0112,Related
SK0276,SK0206,Prerequisite
SK0187,SK0131,Prerequisite
SK0046,SK0110,Prerequisite
SK0183,SK0067,Alternative
SK0268,SK0086,Related
SK0296,SK0275,Advanced
SK0100,SK0227,Advanced
SK0078,SK0010,Advanced
SK0272,SK0288,Advanced
SK0162,SK0112,Alternative
SK0044,SK0024,Alternative
SK0238,SK0291,Related
SK0134,SK0168,Advanced
SK0192,SK0109,Prerequisite
SK0278,SK0190,Alternative
SK0018,SK0196,Related
SK0012,SK0033,Related
SK0180,SK0205,Alternative
SK0123,SK0182,Prerequisite
SK0246,SK0147,Prerequisite
SK0222,SK0268,Advanced
SK0051,SK0011,Alternative
SK0071,SK0070,Prerequisite
SK0048,SK0256,Alternative
SK0019,SK0219,Related
SK0262,SK0297,Related
SK0084,SK0259,Related
SK0155,SK0003,Alternative
SK0053,SK0084,Advanced
SK0107,SK0156,Advanced
SK0135,SK0151,Prerequisite
SK0069,SK0176,Alternative
SK0011,SK0195,Advanced
SK0143,SK0107,Alternative
SK0192,SK0134,Advanced
SK0069,SK0276,Related
SK0023,SK0155,Related
SK0181,SK0277,Prerequisite
SK0293,SK0236,Related
SK0009,SK0240,Advanced
SK0271,SK0013,Prerequisite
SK0093,SK0035,Prerequisite
SK0017,SK0047,Related
SK0154,SK0214,Alternative
SK0149,SK0146,Related
SK0267,SK0159,Related
SK0106,SK0125,Prerequisite
SK0035,SK0110,Related
SK0119,SK0037,Advanced
SK0014,SK0277,Prerequisite
SK0266,SK0232,Alternative
SK0140,SK0124,Advanced
SK0294,SK0279,Alternative
SK0119,SK0111,Advanced
SK0238,SK0124,Alternative
SK0034,SK0030,Related
SK0169,SK0115,Advanced
SK0010,SK0090,Prerequisite
SK0122,SK0212,Prerequisite
SK0145,SK0038,Alternative
SK0223,SK0083,Alternative
SK0257,SK0027,Alternative
SK0268,SK0217,Advanced
SK0004,SK0215,Prerequisite
SK0106,SK0221,Related
SK0085,SK0015,Advanced
SK0214,SK0259,Alternative
SK0121,SK0266,Prerequisite
SK0132,SK0120,Alternative
SK0197,SK0128,Related
SK0019,SK0211,Related
SK0130,SK0011,Prerequisite
SK0012,SK0176,Advanced
SK0081,SK0133,Related
SK0262,SK0014,Related
SK0125,SK0050,Related
SK0267,SK0072,Related
SK0140,SK0069,Alternative
SK0002,SK0016,Alternative
SK0008,SK0056,Advanced
SK0250,SK0105,Prerequisite
SK0139,SK0132,Prerequisite
SK0124,SK0048,Prerequisite
SK0228,SK0248,Related
SK0010,SK0273,Alternative
SK0212,SK0111,Alternative
SK0112,SK0038,Advanced
SK0008,SK0240,Prerequisite
SK0292,SK0121,Alternative
SK0253,SK0048,Advanced
SK0014,SK0010,Prerequisite
SK0240,SK0233,Related
SK0242,SK0036,Alternative
SK0149,SK0004,Alternative
SK0236,SK0044,Prerequisite
SK0167,SK0056,Related
SK0216,SK0255,Alternative
SK0135,SK0228,Prerequisite
SK0129,SK0114,Advanced
SK0294,SK0237,Alternative
SK0246,SK0174,Related
SK0189,SK0255,Advanced
SK0044,SK0277,Prerequisite
SK0086,SK0069,Related
SK0044,SK0230,Advanced
SK0145,SK0067,Alternative
SK0051,SK0036,Related
SK0242,SK0159,Prerequisite
SK0294,SK0149,Related
SK0051,SK0027,Alternative
SK0266,SK0072,Prerequisite
SK0120,SK0248,Alternative
SK0200,SK0101,Advanced
SK0248,SK0190,Related
SK0070,SK0096,Alternative
SK0057,SK0282,Advanced
SK0039,SK0278,Prerequisite
SK0289,SK0017,Prerequisite
SK0018,SK0263,Advanced
SK0220,SK0107,Advanced
SK0244,SK0068,Prerequisite
SK0298,SK0128,Alternative
SK0283,SK0293,Advanced
SK0074,SK0294,Alternative
SK0110,SK0096,Prerequisite
SK0180,SK0001,Alternative
SK0032,SK0298,Alternative
SK0234,SK0180,Advanced
SK0282,SK0181,Alternative
SK0025,SK0235,Alternative
SK0279,SK0008,Alternative
SK0057,SK0146,Prerequisite
SK0180,SK0091,Related
SK0232,SK0272,Prerequisite
SK0287,SK0005,Prerequisite
SK0064,SK0082,Related
SK0232,SK0219,Related
SK0213,SK0081,Advanced
SK0258,SK0070,Prerequisite
SK0018,SK0115,Alternative
SK0175,SK0263,Advanced
SK0229,SK0142,Advanced
SK0226,SK0207,Prerequisite
SK0084,SK0111,Alternative
SK0291,SK0112,Related
SK0246,SK0043,Related
SK0254,SK0128,Prerequisite
SK0088,SK0185,Alternative
SK0072,SK0229,Prerequisite
SK0030,SK0221,Prerequisite
SK0172,SK0117,Prerequisite
SK0177,SK0070,Alternative
SK0139,SK0070,Prerequisite
SK0194,SK0110,Advanced
SK0186,SK0132,Alternative
SK0218,SK0056,Advanced
SK0164,SK0089,Alternative
SK0161,SK0137,Advanced
SK0013,SK0131,Alternative
SK0296,SK0218,Related
SK0089,SK0176,Prerequisite
SK0042,SK0171,Prerequisite
SK0210,SK0100,Alternative
SK0229,SK0129,Advanced
SK0275,SK0057,Related
SK0279,SK0181,Advanced
SK0251,SK0246,Prerequisite
SK0208,SK0144,Prerequisite
SK0140,SK0051,Advanced
SK0280,SK0218,Alternative
SK0034,SK0104,Alternative
SK0018,SK0055,Advanced
SK0057,SK0257,Prerequisite
SK0112,SK0156,Advanced
SK0005,SK0053,Prerequisite
SK0182,SK0187,Advanced
SK0013,SK0150,Alternative
SK0285,SK0264,Related
SK0259,SK0250,Prerequisite
SK0090,SK0298,Related
SK0104,SK0211,Alternative
SK0186,SK0025,Advanced
SK0250,SK0294,Alternative
SK0255,SK0152,Related
SK0076,SK0024,Alternative
SK0108,SK0252,Alternative
SK0156,SK0060,Advanced
SK0082,SK0066,Related
SK0077,SK0053,Related
SK0258,SK0106,Related
SK0127,SK0096,Prerequisite
SK0282,SK0176,Alternative
SK0088,SK0039,Related
SK0204,SK0168,Alternative
SK0016,SK0042,Advanced
SK0151,SK0104,Advanced
SK0254,SK0204,Prerequisite
SK0188,SK0008,Prerequisite
SK0032,SK0282,Advanced
SK0271,SK0043,Related
SK0005,SK0110,Advanced
SK0169,SK0210,Alternative
SK0181,SK0237,Prerequisite
SK0178,SK0049,Prerequisite
SK0143,SK0115,Advanced
SK0248,SK0155,Related
SK0127,SK0137,Related
SK0263,SK0167,Alternative
SK0040,SK0199,Prerequisite
SK0255,SK0071,Advanced
SK0143,SK0007,Advanced
SK0240,SK0200,Prerequisite
SK0228,SK0067,Advanced
SK0198,SK0138,Prerequisite
SK0065,SK0242,Related
SK0011,SK0213,Related
SK0108,SK0181,Advanced
SK0026,SK0254,Related
SK0151,SK0101,Related
SK0221,SK0087,Alternative
SK0237,SK0185,Prerequisite
SK0237,SK0091,Prerequisite
SK0219,SK0248,Advanced
SK0151,SK0214,Prerequisite
SK0123,SK0249,Alternative
SK0144,SK0126,Advanced
SK0189,SK0004,Advanced
SK0255,SK0088,Prerequisite
SK0068,SK0151,Related
SK0104,SK0176,Related
SK0159,SK0211,Related
SK0300,SK0259,Related
SK0090,SK0091,Alternative
SK0256,SK0259,Advanced
SK0220,SK0191,Related
SK0009,SK0081,Alternative
SK0012,SK0138,Advanced
SK0244,SK0126,Prerequisite
SK0182,SK0230,Prerequisite
SK0284,SK0020,Alternative
SK0099,SK0049,Advanced
SK0197,SK0135,Related
SK0226,SK0029,Advanced
SK0103,SK0048,Related
SK0106,SK0269,Alternative
SK0058,SK0003,Related
SK0078,SK0258,Alternative
SK0075,SK0016,Advanced
SK0042,SK0094,Advanced
SK0181,SK0134,Related
SK0033,SK0133,Advanced
SK0071,SK0032,Related
SK0056,SK0269,Advanced
SK0105,SK0025,Prerequisite
SK0200,SK0059,Related
SK0101,SK0213,Alternative
SK0256,SK0156,Prerequisite
SK0074,SK0276,Alternative
SK0171,SK0210,Advanced
SK0143,SK0057,Prerequisite
SK0166,SK0185,Advanced
SK0261,SK0054,Related
SK0221,SK0209,Alternative
SK0083,SK0293,Advanced
SK0182,SK0252,Alternative
SK0010,SK0112,Alternative
SK0004,SK0006,Advanced
SK0292,SK0191,Related
SK0281,SK0279,Alternative
SK0215,SK0013,Advanced
SK0098,SK0044,Related
SK0101,SK0105,Advanced
SK0009,SK0160,Related
SK0061,SK0154,Alternative
SK0146,SK0242,Prerequisite
SK0063,SK0181,Advanced
SK0121,SK0014,Alternative
SK0226,SK0180,Advanced
SK0105,SK0292,Advanced
SK0260,SK0264,Related
SK0255,SK0168,Advanced
SK0207,SK0214,Related
SK0028,SK0150,Alternative
SK0170,SK0016,Advanced
SK0076,SK0091,Alternative
SK0069,SK0253,Alternative
SK0234,SK0060,Advanced
SK0001,SK0266,Prerequisite
SK0167,SK0031,Related
SK0218,SK0021,Prerequisite
SK0273,SK0219,Advanced
SK0251,SK0081,Advanced
SK0174,SK0289,Alternative
SK0170,SK0031,Related
SK0246,SK0234,Advanced
SK0090,SK0036,Advanced
SK0049,SK0132,Related
SK0294,SK0132,Related
SK0150,SK0009,Alternative
SK0132,SK0030,Prerequisite
SK0059,SK0115,Related
SK0199,SK0004,Advanced
SK0215,SK0237,Related
SK0049,SK0023,Advanced
SK0232,SK0016,Alternative
SK0247,SK0022,Prerequisite
SK0239,SK0072,Alternative
SK0168,SK0230,Related
SK0048,SK0107,Advanced
SK0051,SK0208,Related
SK0299,SK0208,Related
SK0098,SK0263,Related
SK0216,SK0051,Related
SK0177,SK0065,Prerequisite
SK0080,SK0265,Advanced
SK0185,SK0175,Related
SK0027,SK0152,Advanced
SK0195,SK0266,Prerequisite
SK0214,SK0163,Advanced
SK0114,SK0238,Advanced
SK0242,SK0199,Prerequisite
SK0124,SK0016,Related
SK0076,SK0296,Advanced
SK0196,SK0276,Alternative
SK0044,SK0239,Advanced
SK0186,SK0069,Related
SK0246,SK0006,Alternative
SK0084,SK0220,Related
SK0207,SK0254,Advanced
SK0151,SK0295,Prerequisite
SK0156,SK0107,Related
SK0016,SK0295,Related
SK0165,SK0118,Prerequisite
SK0145,SK0168,Advanced
SK0037,SK0251,Related
SK0045,SK0082,Advanced
SK0206,SK0054,Advanced
SK0062,SK0240,Advanced
SK0019,SK0012,Prerequisite
SK0300,SK0209,Advanced
SK0007,SK0165,Advanced
SK0249,SK0294,Alternative
SK0117,SK0007,Alternative
SK0068,SK0078,Alternative
SK0034,SK0065,Related
SK0194,SK0102,Related
SK0055,SK0300,Alternative
SK0266,SK0287,Prerequisite
SK0297,SK0077,Alternative
SK0231,SK0048,Related
SK0010,SK0255,Related
SK0128,SK0082,Prerequisite
SK0179,SK0209,Advanced
SK0193,SK0209,Prerequisite
SK0092,SK0084,Advanced
SK0231,SK0010,Related
SK0078,SK0029,Related
SK0085,SK0116,Alternative
SK0030,SK0269,Related
SK0213,SK0047,Advanced
SK0049,SK0091,Prerequisite
SK0265,SK0053,Alternative
SK0145,SK0218,Advanced
SK0069,SK0077,Prerequisite
SK0058,SK0204,Prerequisite
SK0185,SK0044,Prerequisite
SK0062,SK0156,Related
SK0296,SK0002,Prerequisite
SK0166,SK0057,Related
SK0171,SK0290,Prerequisite
SK0063,SK0058,Prerequisite
SK0147,SK0254,Related
SK0161,SK0180,Related
SK0141,SK0157,Advanced
SK0097,SK0035,Prerequisite
SK0221,SK0075,Related
SK0043,SK0289,Advanced
SK0292,SK0075,Advanced
SK0108,SK0078,Related
SK0266,SK0255,Prerequisite
SK0095,SK0265,Advanced
SK0262,SK0067,Prerequisite
SK0071,SK0221,Prerequisite
SK0219,SK0164,Advanced
SK0021,SK0220,Related
SK0092,SK0172,Prerequisite
SK0127,SK0254,Alternative
SK0080,SK0210,Related
SK0238,SK0188,Advanced
SK0182,SK0191,Alternative
SK0025,SK0215,Prerequisite
SK0156,SK0086,Related
SK0120,SK0296,Related
SK0277,SK0019,Prerequisite
SK0018,SK0047,Related
SK0198,SK0065,Alternative
SK0057,SK0146,Related
SK0093,SK0286,Advanced
SK0019,SK0066,Advanced
SK0193,SK0005,Alternative
SK0237,SK0093,Related
SK0277,SK0094,Alternative
SK0227,SK0106,Related
SK0233,SK0133,Prerequisite
SK0040,SK0079,Advanced
SK0153,SK0212,Prerequisite
SK0127,SK0008,Related
SK0237,SK0159,Prerequisite
SK0055,SK0268,Alternative
SK0172,SK0149,Alternative
SK0109,SK0091,Related
SK0184,SK0236,Advanced
SK0198,SK0289,Alternative
SK0087,SK0168,Advanced
SK0201,SK0193,Related
SK0275,SK0187,Advanced
SK0211,SK0271,Related
SK0118,SK0114,Prerequisite
SK0191,SK0011,Related
SK0042,SK0055,Prerequisite
SK0042,SK0258,Related
SK0276,SK0065,Alternative
SK0017,SK0172,Alternative
SK0258,SK0150,Related
SK0063,SK0146,Related
SK0062,SK0209,Related
SK0100,SK0286,Advanced
SK0019,SK0010,Alternative
SK0017,SK0227,Related
SK0246,SK0186,Advanced
SK0251,SK0062,Related
SK0081,SK0085,Prerequisite
SK0039,SK0134,Related
SK0036,SK0297,Prerequisite
SK0197,SK0171,Advanced
SK0158,SK0213,Advanced
SK0204,SK0018,Alternative
SK0196,SK0060,Related
SK0216,SK0088,Advanced
SK0285,SK0027,Alternative
SK0196,SK0068,Related
SK0152,SK0278,Advanced
SK0014,SK0040,Prerequisite
SK0146,SK0109,Advanced
SK0057,SK0074,Prerequisite
SK0211,SK0066,Alternative
SK0268,SK0168,Alternative
SK0210,SK0262,Related
SK0017,SK0274,Related
SK0286,SK0237,Related
SK0203,SK0215,Alternative
SK0099,SK0286,Prerequisite
SK0279,SK0149,Related
SK0209,SK0107,Related
SK0129,SK0141,Alternative
SK0288,SK0076,Prerequisite
SK0252,SK0009,Advanced
SK0265,SK0196,Related
SK0271,SK0295,Advanced
SK0188,SK0280,Advanced
SK0214,SK0118,Related
SK0283,SK0290,Alternative
SK0211,SK0061,Related
SK0076,SK0051,Prerequisite
SK0148,SK0052,Prerequisite
SK0213,SK0122,Related
SK0109,SK0167,Advanced
SK0129,SK0008,Prerequisite
SK0010,SK0045,Prerequisite
SK0047,SK0245,Related
SK0096,SK0284,Related
SK0103,SK0107,Alternative
SK0146,SK0027,Related
SK0027,SK0193,Related
SK0220,SK0062,Prerequisite
SK0018,SK0062,Prerequisite
SK0167,SK0282,Prerequisite
SK0082,SK0121,Advanced
SK0072,SK0280,Prerequisite
SK0254,SK0039,Prerequisite
SK0162,SK0277,Related
SK0038,SK0094,Alternative
SK0201,SK0115,Prerequisite
SK0200,SK0176,Alternative
SK0255,SK0121,Prerequisite
SK0179,SK0013,Prerequisite
SK0035,SK0163,Alternative
SK0082,SK0275,Related
SK0220,SK0176,Prerequisite
SK0158,SK0173,Alternative
SK0004,SK0275,Prerequisite
SK0167,SK0064,Advanced
SK0204,SK0101,Advanced
SK0194,SK0066,Advanced
SK0235,SK0045,Advanced
SK0206,SK0087,Related
SK0150,SK0067,Advanced
SK0159,SK0259,Alternative
SK0279,SK0205,Prerequisite
SK0166,SK0178,Alternative
SK0068,SK0280,Advanced
SK0088,SK0017,Related
SK0217,SK0296,Advanced
SK0001,SK0202,Advanced
SK0135,SK0172,Related
SK0185,SK0262,Related
SK0140,SK0194,Related
SK0106,SK0149,Related
SK0133,SK0035,Related
SK0108,SK0029,Related
SK0178,SK0263,Prerequisite
SK0298,SK0221,Advanced
SK0146,SK0053,Advanced
SK0074,SK0279,Related
SK0108,SK0076,Alternative
SK0122,SK0176,Related
SK0017,SK0010,Prerequisite
SK0196,SK0117,Alternative
SK0297,SK0280,Prerequisite
SK0252,SK0218,Alternative
SK0119,SK0175,Alternative
SK0162,SK0234,Related
SK0198,SK0252,Prerequisite
SK0045,SK0295,Alternative
SK0179,SK0006,Prerequisite
SK0044,SK0021,Related
SK0078,SK0036,Related
SK0178,SK0233,Related
SK0003,SK0216,Advanced
SK0214,SK0206,Alternative
SK0074,SK0044,Advanced
SK0051,SK0091,Related
SK0067,SK0093,Alternative
SK0093,SK0083,Alternative
SK0176,SK0282,Prerequisite
SK0145,SK0021,Related
